"pcp-dstat 6.2.0 CSV Output"
"Author:","PCP team <pcp@groups.io> and Dag Wieers <dag@wieers.com>",,,,"URL:","https://pcp.io/ and http://dag.wieers.com/home-made/dstat/"
"Host:","ubuntu",,,,"User:","ubuntu"
"Cmdline:","dstat -tcmndrylpg --tcp --output /tmp/devstack_logs/dstat-csv.log",,,,"Date:","17 Jun 2026 02:28:38 UTC"
"system","total usage",,,,,"memory usage",,,,"net/total",,"dsk/total",,"io/total",,"system",,"load avg",,,"procs",,,"paging",,"tcp sockets",,,,
"time","total usage:usr","total usage:sys","total usage:idl","total usage:wai","total usage:stl","used","free","buf","cach","net/total:recv","net/total:send","dsk/total:read","dsk/total:writ","read","writ","int","csw","1m","5m","15m","run","blk","new","in","out","lis","act","syn","tim","clo"
17-06 02:28:38,,992212,1424884,168580,5222124,,,,,,,1.900,1.020,0.550,2,0,,,,10,6,0,17,0
17-06 02:28:39,21.542,21.041,55.858,0,0,1006124,1410572,168592,5222432,42582.401,13577.273,0,1827.536,0,66.128,6005,4710,1.900,1.020,0.550,2,0,414.803,0,0,10,6,0,17,0
17-06 02:28:40,26.740,21.742,49.982,0.750,0,1018160,1397728,168692,5223448,25166.995,14738.726,0,2375.150,0,129.954,6560,6181,1.900,1.020,0.550,2,0,392.859,0,0,10,5,0,17,1
17-06 02:28:41,35.961,16.982,45.201,0.749,0,1017340,1371248,168980,5248592,172117.525,7453.968,0,2745.042,0,71.922,5621,5616,1.900,1.020,0.550,1,0,230.751,0,0,10,4,0,17,2
17-06 02:28:42,37.707,15.482,44.200,0.499,0,1150112,1213680,169984,5393844,5567.642,1456.337,0,1590.184,0,41.952,6415,15773,1.900,1.020,0.550,2,0,161.815,0,0,11,6,0,18,2
17-06 02:28:43,38.825,11.272,48.093,0.501,0,1159152,1183756,170428,5412612,5109.857,1623.131,0,1450.799,0,57.110,4088,2515,1.900,1.040,0.550,2,0,112.216,0,0,11,6,0,18,2
17-06 02:28:44,37.026,12.008,48.033,1.251,0,1188692,1136220,171580,5426596,4431.057,648.447,32.022,5647.897,2.001,205.142,4399,3464,1.900,1.040,0.550,2,0,118.081,0,0,11,6,0,19,2
17-06 02:28:45,43.202,6.493,48.696,0.499,0,1238736,1054780,172644,5453832,4105.431,809.100,0,3396.221,0,68.923,3101,1835,1.900,1.040,0.550,2,0,0,0,0,11,6,0,19,2
17-06 02:28:46,38.186,6.739,46.922,6.240,0,1267368,1033000,173676,5445296,4000.340,964.394,0,20569.752,0,1280.867,7494,11168,1.900,1.040,0.550,1,3,11.980,0,0,11,6,0,19,0
17-06 02:28:47,28.835,8.274,46.638,13.540,0,1272044,1020436,174608,5452040,10617.394,4153.281,0,52418.994,0,4266.616,15036,29730,1.900,1.040,0.550,2,1,99.294,0,0,11,7,0,19,0
17-06 02:28:48,41.411,9.729,45.652,1.497,0,1227496,1058144,174872,5457544,4430.453,1628.491,0,8617.431,0,524.869,10457,16652,1.910,1.050,0.560,3,0,88.809,0,0,11,4,0,19,0
17-06 02:28:49,43.074,9.516,46.330,0.250,0,1276680,1007708,174908,5458548,4165.169,1502.586,0,3309.697,0,159.274,11464,18815,1.910,1.050,0.560,2,0,13.022,0,0,11,4,0,19,0
17-06 02:28:50,43.157,7.733,47.647,0,0,1188960,1103564,174928,5451240,4490.302,1616.509,0,2873.793,0,54.881,6453,8348,1.910,1.050,0.560,2,0,25.944,0,0,11,4,0,19,0
17-06 02:28:51,43.343,8.268,47.352,0.752,0,1248080,1044356,174968,5451272,4424.516,1461.143,0,6686.381,0,395.851,3693,3312,1.910,1.050,0.560,2,0,26.056,0,0,11,4,0,19,0
17-06 02:28:52,27.239,3.748,68.222,0.250,0,1254200,1038304,174968,5451268,4618.115,1619.339,0,275.887,0,11.995,2316,1551,1.910,1.050,0.560,1,0,49.980,0,0,11,4,0,19,0
17-06 02:28:53,10.489,17.481,70.176,0,0,1192580,1099884,174968,5451296,4633.082,1456.454,0,3.996,0,0.999,4762,3265,1.840,1.050,0.560,1,0,266.717,0,0,11,4,0,19,0
17-06 02:28:54,8.262,21.281,67.848,0,0,1169708,1122556,174968,5451484,4806.962,1622.350,0,32.046,0,8.012,5337,3726,1.840,1.050,0.560,1,0,304.441,0,0,11,4,0,19,0
17-06 02:28:55,17.710,16.712,65.101,0,0,1158124,1134088,174968,5451920,4848.914,1616.305,0,949.828,0,113.740,6309,7581,1.840,1.050,0.560,1,0,229.475,0,0,11,4,0,19,0
17-06 02:28:56,39.576,14.528,45.337,0,0,1191084,1101104,174968,5451980,5247.110,1623.127,0,15549.961,0,73.141,4183,2894,1.840,1.050,0.560,2,0,131.253,0,0,11,5,0,19,0
17-06 02:28:57,47.163,3.494,48.161,0.499,0,1253536,1038104,174976,5452520,5449.945,1617.017,0,1113.945,0,33.937,2908,1484,1.840,1.050,0.560,2,0,0,0,0,11,5,0,19,0
17-06 02:28:58,43.248,9.500,46.248,0,0,1277864,1011732,174980,5454520,4397.828,1457.943,0,823.968,0,61.998,3578,3640,1.850,1.070,0.570,2,0,0,0,0,11,5,0,19,0
17-06 02:28:59,5.995,8.493,83.935,0,0,1283820,1005444,174980,5454848,4968.155,1618.747,0,811.372,0,32.974,2837,2629,1.850,1.070,0.570,0,0,117.909,0,0,11,4,0,19,0
17-06 02:29:00,16.276,5.008,76.620,0,0,1330724,958536,174984,5454848,5436.525,1622.544,0,0,0,0,1893,1559,1.850,1.070,0.570,1,0,22.035,0,0,11,4,0,17,0
17-06 02:29:01,22.220,4.244,72.151,0,0,1362192,927068,174984,5454848,6172.536,1456.003,0,20364.075,0,384.473,2210,1483,1.850,1.070,0.570,2,0,0.999,0,0,11,4,0,17,0
17-06 02:29:02,22.504,2.500,72.013,1.250,0,1388752,900420,175032,5455092,4954.902,594.108,0,1860.339,0,174.032,3308,4216,1.850,1.070,0.570,1,0,1.000,0,0,11,10,0,17,0
17-06 02:29:03,20.304,5.765,71.941,0.752,0,1353452,935696,175052,5455096,5959.849,1407.744,0,3007.999,0,169.451,2754,2522,1.780,1.060,0.570,1,0,42.112,0,0,11,4,0,19,0
17-06 02:29:04,20.702,2.245,76.075,0,0,1360196,928684,175052,5455280,6314.440,3565.778,0,363.163,0,6.984,1822,1346,1.780,1.060,0.570,1,0,0,0,0,11,5,0,15,0
17-06 02:29:05,20.015,3.002,75.558,0.500,0,1375640,912612,175096,5455648,8695.663,4344.329,268.206,1505.153,66.051,89.068,2642,2722,1.780,1.060,0.570,1,0,2.002,0,0,11,27,0,15,0
17-06 02:29:06,20.241,5.997,72.718,0,0,1372756,915472,175100,5455664,9562.729,5393.591,0,31413.971,0,154.931,2969,2379,1.780,1.060,0.570,1,0,43.980,0,0,11,28,0,16,0
17-06 02:29:07,20.005,2.751,76.019,0,0,1425584,862640,175100,5455668,6982.741,3478.868,0,2260.564,0,14.003,1728,1211,1.780,1.060,0.570,0,0,0,0,0,11,29,0,16,0
17-06 02:29:08,17.029,5.509,76.380,0,0,1395952,892256,175100,5455684,9871.828,6530.131,0,4.007,0,1.002,2611,2058,1.720,1.060,0.580,1,0,58.099,0,0,11,28,0,17,0
17-06 02:29:09,38.122,11.212,49.334,0,0,1422872,865324,175100,5455696,4696.195,1590.647,0,51.826,0,3.987,3280,1924,1.720,1.060,0.580,2,0,97.671,0,0,11,28,0,17,0
17-06 02:29:10,32.580,5.012,61.652,0,0,1470228,817948,175104,5455712,15138.252,12170.950,0,673.658,0,4.010,3506,3345,1.720,1.060,0.580,2,0,0,0,0,11,30,0,17,0
17-06 02:29:11,38.751,15.501,43.502,0.250,0,1390504,897424,175116,5455928,13541.472,9684.338,0,12188.425,0,150.005,6761,8055,1.720,1.060,0.580,6,0,358.012,0,0,11,28,0,18,0
17-06 02:29:12,77.515,20.504,0,0,0,1621308,666592,175116,5455952,4860.938,1662.321,0,368.071,0,12.002,5048,3468,1.720,1.060,0.580,6,0,227.044,0,0,11,28,0,16,0
17-06 02:29:13,80.599,10.763,5.256,0,0,1814752,473124,175116,5455972,21921.878,19315.683,0,0,0,0,5480,3936,2.060,1.150,0.610,6,0,0,0,0,11,33,0,16,0
17-06 02:29:14,81.491,9.499,8.249,0.250,0,1791888,495736,175116,5456224,33740.238,29447.716,0,935.896,0,69.992,9079,13877,2.060,1.150,0.610,5,0,50.994,0,0,11,28,0,22,0
17-06 02:29:15,36.966,11.739,50.703,0,0,1546664,740944,175120,5456236,5043.317,1684.436,0,159.852,0,13.987,3756,2948,2.060,1.150,0.610,2,0,259.759,0,0,11,28,0,22,0
17-06 02:29:16,18.491,2.749,77.713,0,0,1551436,736164,175124,5456240,9311.534,5527.349,0,183.912,0,9.995,1984,1670,2.060,1.150,0.610,2,0,0,0,0,11,29,0,22,0
17-06 02:29:17,16.478,7.740,73.902,0.250,0,1519172,768392,175132,5456252,8316.975,4643.844,0,87555.937,0,577.235,4066,4531,2.060,1.150,0.610,2,0,67.910,0,0,11,28,0,23,0
17-06 02:29:18,22.027,3.755,73.841,0,0.250,1527440,760120,175132,5456256,4972.095,1567.922,0,0,0,0,1750,1169,1.980,1.140,0.610,2,0,0,0,0,11,28,0,23,0
17-06 02:29:19,14.984,2.497,81.413,0,0,1505588,781952,175132,5456276,11975.182,8533.866,0,123.867,0,14.984,2763,3234,1.980,1.140,0.610,5,0,0,0,0,11,28,0,24,0
17-06 02:29:20,11.498,17.748,68.241,0,0,1394348,893180,175140,5456280,4637.383,1457.806,0,947.874,0,54.993,4695,3307,1.980,1.140,0.610,3,0,262.965,0,0,11,28,0,24,0
17-06 02:29:21,12.285,28.079,58.916,0.251,0,1391672,895828,175140,5456308,5372.157,1624.583,0,152.430,0,14.040,5980,4496,1.980,1.140,0.610,3,0,507.432,0,0,11,28,0,24,0
17-06 02:29:22,77.498,21.499,0.750,0,0,1588504,698960,175140,5456328,4637.854,1457.954,0,291.991,0,16.999,5024,3160,1.980,1.140,0.610,5,0,269.992,0,0,11,28,0,24,0
17-06 02:29:23,81.857,10.232,7.737,0,0,1738760,548540,175140,5456492,27451.182,24754.879,0,0,0,0,5958,5857,2.140,1.190,0.630,4,0,0,0,0,11,33,0,24,0
17-06 02:29:24,76.877,9.015,12.771,0,0,1707596,579516,175156,5456664,32936.562,27655.814,0,633.049,0,78.129,9893,14449,2.140,1.190,0.630,5,0,58.096,0,0,11,28,0,25,0
17-06 02:29:25,79.256,20.752,0,0,0.250,1599436,687612,175204,5456680,4864.368,1714.130,0,3460.262,0,192.015,5556,4362,2.140,1.190,0.630,6,0,252.019,0,0,11,28,0,25,0
17-06 02:29:26,83.499,12.000,3.750,0,0,1796020,490880,175204,5456828,20333.703,17450.746,0,2043.970,0,109.998,5695,4746,2.140,1.190,0.630,5,0,0,0,0,11,33,0,25,0
17-06 02:29:27,75.198,10.743,12.991,0.250,0,1803976,482704,175204,5457048,42747.355,37221.187,0,1738.794,0,78.945,9465,13837,2.140,1.190,0.630,3,0,49.965,0,0,11,32,0,27,0
17-06 02:29:28,59.969,14.992,23.987,0,0,1500868,785600,175208,5457228,16146.555,12594.413,0,279.854,0,24.987,6257,7552,2.210,1.220,0.640,2,0,247.870,0,0,11,28,0,30,0
17-06 02:29:29,39.703,5.244,54.436,0,0,1526724,759736,175208,5457236,8958.500,5930.050,0,183.785,0,15.981,2874,1701,2.210,1.220,0.640,3,0,0,0,0,11,30,0,27,0
17-06 02:29:30,36.546,5.257,57.823,0.250,0,1483732,802688,175212,5457268,18465.425,14374.235,0,208.264,0,18.023,5383,6290,2.210,1.220,0.640,3,0,33.042,0,0,11,29,0,28,0
17-06 02:29:31,56.310,20.522,22.524,0,0,1468676,817716,175212,5457296,6590.010,2808.988,0,1625.729,0,127.135,4891,3558,2.210,1.220,0.640,3,0,346.368,0,0,11,28,0,29,0
17-06 02:29:32,52.687,6.492,39.702,0,0,1560576,725800,175212,5457312,18597.700,15216.754,0,371.554,0,10.987,4468,3602,2.210,1.220,0.640,2,0,0,0,0,11,31,0,29,0
17-06 02:29:33,54.821,15.019,29.288,0.250,0,1484388,801768,175220,5457524,20182.958,16169.796,0,456.587,0,51.066,7870,10039,2.270,1.250,0.650,5,0,258.332,0,0,11,28,0,28,0
17-06 02:29:34,87.497,12.250,0.250,0,0,1635504,650648,175224,5457524,4992.810,1795.932,0,243.991,0,18.999,4952,2096,2.270,1.250,0.650,3,0,0,0,0,11,28,1,28,0
17-06 02:29:35,53.744,6.749,38.496,0,0,1651884,634056,175232,5457728,37990.791,33636.273,0,243.973,0,20.998,8850,11561,2.270,1.250,0.650,3,0,0,0,0,11,31,0,29,0
17-06 02:29:36,69.065,17.453,12.217,0.249,0,1552220,733632,175236,5457780,12958.239,9299.055,0,1695.452,0,151.593,6580,6794,2.270,1.250,0.650,3,0,325.128,0,0,11,28,0,31,0
17-06 02:29:37,53.880,7.769,37.591,0,0,1617244,668592,175236,5457796,16218.167,12991.374,0,5072.250,0,317.767,4254,2788,2.270,1.250,0.650,3,0,0,0,0,11,31,0,28,0
17-06 02:29:38,52.267,8.003,38.512,0,0,1567796,717912,175240,5457980,23022.275,18824.949,0,232.073,0,26.008,7552,9833,2.170,1.250,0.660,4,0,99.031,0,0,11,28,0,30,0
17-06 02:29:39,57.506,17.252,25.002,0,0.250,1572348,713344,175240,5457996,4134.402,1134.110,0,260.025,0,15.001,4402,2446,2.170,1.250,0.660,3,0,200.019,0,0,11,28,0,30,0
17-06 02:29:40,49.609,5.734,43.376,0,0,1632100,653544,175248,5458032,23029.401,20339.064,0,203.421,0,10.969,5513,5778,2.170,1.250,0.660,1,0,0,0,0,11,31,0,30,0
17-06 02:29:41,56.505,18.252,24.502,0,0,1521928,763372,175260,5458360,15495.428,10292.948,0,896.083,0,62.006,6753,7170,2.170,1.250,0.660,3,0,288.027,0,0,11,28,0,33,0
17-06 02:29:42,58.121,10.021,30.564,0,0,1619392,665888,175260,5458300,14364.955,10079.018,0,232.485,0,10.021,5047,7536,2.170,1.250,0.660,6,0,36.075,0,0,11,31,0,34,0
17-06 02:29:43,55.287,6.004,37.775,0.250,0,1537580,747504,175268,5458564,23348.671,18565.461,0,380.255,0,39.026,7790,9312,2,1.230,0.650,3,0,44.030,0,0,11,28,0,36,0
17-06 02:29:44,61.993,13.249,24.247,0,0,1569512,715564,175268,5458572,4999.434,1457.835,0,191.978,0,8.999,4095,1977,2,1.230,0.650,3,0,67.992,0,0,11,28,0,36,0
17-06 02:29:45,47.222,5.996,45.973,0.250,0,1607972,677060,175272,5458608,23799.938,20522.874,0,143.915,0,7.995,5758,6250,2,1.230,0.650,2,0,0,0,0,11,31,0,33,0
17-06 02:29:46,59.037,21.764,18.512,0,0,1487192,797744,175300,5458676,11766.471,8273.253,0,948.602,0,84.053,6743,7137,2,1.230,0.650,7,0,422.268,0,0,11,28,0,35,0
17-06 02:29:47,79.252,20.751,0,0,0,1637340,647556,175300,5458712,4760.144,1620.049,0,232.007,0,14.000,5393,4468,2,1.230,0.650,8,0,420.013,0,0,11,28,0,35,0
17-06 02:29:48,77.501,21.500,0.750,0,0,1802444,482276,175304,5458884,23982.213,21924.194,0,156.001,0,7.000,6078,5562,2.400,1.320,0.690,5,0,347.003,0,0,11,32,1,35,0
17-06 02:29:49,76.493,19.748,2.750,0,0,1841952,442496,175304,5459148,42745.263,38121.667,0,1051.908,0,77.993,8434,11176,2.400,1.320,0.690,6,0,380.967,0,0,11,29,0,36,0
17-06 02:29:50,79.760,20.002,0.250,0,0,1596108,688284,175312,5459192,11049.367,8301.027,0,252.031,0,24.003,5827,4987,2.400,1.320,0.690,5,0,284.035,0,0,11,28,0,36,0
17-06 02:29:51,83.707,11.211,4.733,0,0,1726092,558276,175312,5459216,15727.925,13005.459,0,147.484,0,7.972,5572,3869,2.400,1.320,0.690,4,0,0.997,0,0,11,31,0,36,0
17-06 02:29:52,65.226,12.042,22.578,0,0,1702316,581836,175312,5459432,41532.641,36605.601,0,2231.718,0,95.330,8731,13149,2.400,1.320,0.690,5,0,133.462,0,0,11,31,0,38,0
17-06 02:29:53,44.964,17.985,36.470,0,0,1531856,752248,175312,5459476,15343.586,11670.558,0,15.987,0,3.997,6459,6670,2.450,1.350,0.700,1,0,352.715,0,0,11,28,0,41,0
17-06 02:29:54,10.008,26.021,62.300,0,0,1504672,779380,175312,5459528,3763.012,1080.865,0,16.013,0,4.003,5701,4041,2.450,1.350,0.700,2,0,440.352,0,0,11,28,0,41,0
17-06 02:29:55,63.247,30.999,5.500,0,0,1550820,733184,175312,5459572,3971.819,971.956,0,31.999,0,8.000,5624,4663,2.450,1.350,0.700,4,0,675.969,0,0,11,28,0,41,0
17-06 02:29:56,67.592,8.480,22.946,0,0.249,1666908,617048,175320,5459604,21590.401,19444.431,0,343.196,0,23.944,5197,4916,2.450,1.350,0.700,2,0,0,0,0,11,32,0,41,0
17-06 02:29:57,67.643,14.030,18.539,0.251,0,1579900,703840,175336,5459800,21990.642,16472.939,0,821.743,0,78.166,7347,9602,2.450,1.350,0.700,5,0,195.414,0,0,11,28,0,45,0
17-06 02:29:58,78.521,14.254,6.502,0,0,1613500,670224,175340,5459812,9882.586,6945.818,0,1144.299,0,10.003,4739,2527,2.570,1.390,0.720,4,0,73.019,0,0,11,30,0,45,0
17-06 02:29:59,64.737,7.719,26.144,0,0,1661732,621788,175340,5460012,32263.025,28201.514,0,151.385,0,7.968,7780,10944,2.570,1.390,0.720,2,0,0,0,0,11,32,0,45,0
17-06 02:30:00,51.155,5.266,42.127,0.251,0,1661468,621788,175356,5460252,37908.659,32960.693,0,377.141,0,31.094,12411,18185,2.570,1.390,0.720,2,0,0,0,0,11,31,0,45,0
17-06 02:30:01,76.565,15.763,7.506,0,0,1509988,773200,175360,5460312,17328.614,11199.445,0,416.351,0,45.038,6798,8076,2.570,1.390,0.720,4,0,123.104,0,0,11,28,0,45,0
17-06 02:30:02,77.172,10.489,11.738,0,0,1641472,641708,175360,5460320,17804.038,13262.619,0,171.827,0,10.989,4859,2577,2.570,1.390,0.720,2,0,0,0,0,11,32,0,45,0
17-06 02:30:03,56.290,7.005,35.525,0.250,0,1649288,633644,175364,5460560,41951.609,35470.034,0,208.147,0,13.009,10849,16716,2.600,1.420,0.730,3,0,0,0,0,11,32,0,45,0
17-06 02:30:04,59.772,10.504,28.761,0,0,1536660,746016,175364,5460804,39025.305,32695.985,0,156.057,0,8.003,11557,16989,2.600,1.420,0.730,5,0,144.053,0,0,11,28,0,49,0
17-06 02:30:05,83.837,15.220,0.499,0,0,1570060,712592,175364,5460792,5301.677,1682.723,0,123.759,0,7.984,4884,2178,2.600,1.420,0.730,4,0,117.771,0,0,11,28,0,49,0
17-06 02:30:06,67.890,7.766,24.300,0.251,0,1641848,640612,175376,5460972,30321.327,25688.804,0,284.585,0,27.056,6499,7570,2.600,1.420,0.730,3,0,2.004,0,0,11,36,0,47,0
17-06 02:30:07,62.997,9.500,26.499,0,0,1610140,672080,175376,5461204,35500.274,29776.552,0,623.970,0,55.997,10405,15545,2.600,1.420,0.730,4,0,67.997,0,0,11,32,0,49,0
17-06 02:30:08,84.474,14.246,1.000,0,0,1584012,698196,175380,5461212,6425.016,3422.943,0,247.923,0,13.996,4973,2311,2.800,1.480,0.750,3,0,59.981,0,0,11,33,0,49,0
17-06 02:30:09,66.418,6.991,25.469,0,0,1626008,656156,175384,5461244,23356.165,19611.788,0,247.694,0,28.964,5533,5440,2.800,1.480,0.750,4,0,7.990,0,0,11,34,0,51,0
17-06 02:30:10,67.629,14.973,17.219,0,0,1722800,559148,175388,5461456,28803.569,24395.440,0,610.909,0,37.932,7686,11997,2.800,1.480,0.750,6,0,111.800,0,0,11,34,0,49,0
17-06 02:30:11,70.707,15.044,13.540,0,0,1627192,654704,175388,5461504,23002.298,18594.401,0,0,0,0,5660,6173,2.800,1.480,0.750,4,0,148.434,0,0,11,34,0,51,0
17-06 02:30:12,72.873,10.731,15.972,0,0,1613208,668632,175388,5461556,21193.186,17572.476,0,0,0,0,6748,7286,2.800,1.480,0.750,3,0,85.851,0,0,11,34,0,53,0
17-06 02:30:13,83.546,8.505,8.254,0,0,1697960,583708,175388,5461724,17134.333,12962.060,0,932.508,0,26.014,5441,5230,2.730,1.490,0.760,5,0,0,0,0,11,33,0,55,0
17-06 02:30:14,69.674,13.485,15.982,0,0,1690856,590764,175396,5461764,19125.004,16595.781,0,87.903,0,4.995,5432,6195,2.730,1.490,0.760,4,0,67.925,0,0,11,34,0,54,0
17-06 02:30:15,57.583,10.766,31.045,0.250,0,1629116,652308,175412,5461940,23230.546,18350.499,0,356.515,0,38.055,5693,6526,2.730,1.490,0.760,3,0,138.200,0,0,11,33,0,57,0
17-06 02:30:16,61.573,14.017,24.279,0,0,1598816,682600,175416,5461944,5875.961,2284.707,0,212.251,0,21.025,4555,2937,2.730,1.490,0.760,4,0,120.142,0,0,11,32,0,58,0
17-06 02:30:17,50.934,6.741,41.696,0,0,1638520,642836,175416,5462004,19544.816,16495.745,0,179.768,0,13.982,4216,3936,2.730,1.490,0.760,2,0,0,0,0,11,35,0,58,0
17-06 02:30:18,54.268,10.504,34.261,0.250,0,1571940,709220,175420,5462192,23147.746,18006.025,0,656.220,0,37.012,6824,8957,2.670,1.500,0.770,3,0,119.040,0,0,11,32,0,54,0
17-06 02:30:19,60.120,11.725,26.942,0,0,1577464,703688,175420,5462200,6826.201,3416.593,0,0,0,0,3994,1821,2.670,1.500,0.770,2,0,62.864,0,0,11,33,0,54,0
17-06 02:30:20,50.353,6.513,42.587,0,0,1614892,666180,175424,5462272,23323.579,19451.680,0,160.327,0,9.018,5491,6684,2.670,1.500,0.770,4,0,0,0,0,11,34,0,55,0
17-06 02:30:21,39.972,10.992,46.967,0.250,0,1499176,781720,175424,5462444,16290.570,12064.535,0,447.686,0,41.971,6275,7621,2.670,1.500,0.770,2,0,153.892,0,0,11,32,0,57,0
17-06 02:30:22,40.196,8.489,50.682,0,0,1506964,773920,175432,5462448,6548.260,3419.436,0,103.861,0,5.992,3345,1901,2.670,1.500,0.770,1,0,67.909,0,0,11,33,0,56,0
17-06 02:30:23,36.532,4.254,58.551,0,0,1528912,751948,175432,5462468,17342.169,13557.859,0,4019.516,0,157.137,4003,3883,2.540,1.490,0.770,1,0,0,0,0,11,33,0,57,0
17-06 02:30:24,36.481,12.993,49.724,0,0,1474468,806324,175436,5462532,9022.318,5244.279,0,371.807,0,26.986,5343,5181,2.540,1.490,0.770,2,0,137.928,0,0,11,32,0,58,0
17-06 02:30:25,38.349,5.264,55.894,0.251,0,1560288,720488,175440,5462544,11003.288,8014.604,0,132.340,0,11.028,3229,2481,2.540,1.490,0.770,1,0,0,0,0,11,34,0,58,0
17-06 02:30:26,33.892,7.975,57.069,0,0,1525940,754676,175444,5462700,15716.128,11254.287,0,195.380,0,22.927,4884,5071,2.540,1.490,0.770,2,0,59.810,0,0,11,33,0,58,0
17-06 02:30:27,40.324,5.761,53.097,0,0,1504296,776308,175444,5462708,10860.826,7485.665,0,236.432,0,23.042,3247,2539,2.540,1.490,0.770,2,0,5.009,0,0,11,33,0,59,0
17-06 02:30:28,37.757,4.001,56.760,0,0,1537252,743312,175448,5462736,16489.942,13040.326,0,660.118,0,10.002,4395,4656,2.420,1.480,0.770,3,0,0,0,0,11,33,0,60,0
17-06 02:30:29,40.008,7.001,53.010,0.250,0,1471432,809088,175456,5462772,10328.963,7280.384,0,328.062,0,31.006,4364,4352,2.420,1.480,0.770,4,0,48.009,0,0,11,32,0,61,0
17-06 02:30:30,39.230,5.247,53.722,0.500,0,1539748,740608,175484,5462908,11615.957,8144.763,0,1962.979,0,126.934,3581,3363,2.420,1.480,0.770,3,0,0,0,0,11,33,0,55,0
17-06 02:30:31,32.042,6.008,61.581,0,0,1501944,778376,175484,5462944,18981.856,15318.058,0,112.147,0,12.016,5281,6494,2.420,1.480,0.770,2,0,69.090,0,0,11,33,0,56,0
17-06 02:30:32,22.243,11.246,65.479,0.250,0,1484260,795988,175484,5463012,6208.995,2303.256,0,235.924,0,23.992,3821,3553,2.420,1.480,0.770,1,0,213.931,0,0,11,32,0,57,0
17-06 02:30:33,19.453,1.995,77.812,0,0,1474344,805896,175484,5463016,10591.430,6635.979,0,403.027,0,52.872,1949,1617,2.300,1.470,0.770,2,0,0,0,0,11,33,0,57,0
17-06 02:30:34,17.499,1.750,78.745,0.250,0,1464816,815400,175488,5463036,10960.236,7122.504,0,239.983,0,19.999,3268,3943,2.300,1.470,0.770,2,0,0,0,0,11,32,0,56,0
17-06 02:30:35,9.776,20.054,69.185,0,0,1400108,880100,175488,5463044,3092.256,324.867,0,140.375,0,15.040,4667,3073,2.300,1.470,0.770,1,0,284.760,0,0,11,32,0,56,0
17-06 02:30:36,20.698,3.990,74.562,0,0,1433628,846576,175488,5463048,6224.342,3092.221,0,0,0,0,1732,1151,2.300,1.470,0.770,0,0,0,0,0,11,33,0,56,0
17-06 02:30:37,17.505,2.251,79.021,0,0,1427248,852936,175488,5463068,12526.343,8751.335,0,260.069,0,17.005,3517,4243,2.300,1.470,0.770,1,0,0,0,0,11,33,0,56,0
17-06 02:30:38,20.006,5.502,73.271,0,0,1442852,837324,175492,5463072,5214.529,2211.649,0,124.036,0,9.003,2320,1685,2.200,1.470,0.770,1,0,46.013,0,0,11,32,0,52,0
17-06 02:30:39,19.284,2.755,76.887,0.250,0,1449020,831132,175504,5463084,9357.651,6393.377,0,188.335,0,16.029,2129,1983,2.200,1.470,0.770,1,0,0,0,0,11,33,0,52,0
17-06 02:30:40,20.198,2.244,75.805,0,0,1442344,837620,175520,5463252,13666.804,10159.835,0,526.644,0,36.905,4818,6244,2.200,1.470,0.770,1,0,0,0,0,11,32,0,52,0
17-06 02:30:41,10.767,19.281,68.609,0,0,1372052,907792,175520,5463368,5185.253,1622.582,0,4.006,0,1.002,4715,3000,2.200,1.470,0.770,1,0,263.419,0,0,11,32,0,52,0
17-06 02:30:42,15.264,23.522,59.054,0.500,0,1392144,887592,175536,5463456,5224.810,1621.493,0,272.251,0,18.017,5607,4173,2.200,1.470,0.770,3,0,370.341,0,0,11,32,0,54,0
17-06 02:30:43,48.144,8.980,42.407,0,0,1517000,762004,175588,5464032,6631.455,1562.573,0,363.203,0,15.965,3719,12540,2.180,1.470,0.780,2,0,29.934,0,0,11,32,0,51,0
17-06 02:30:44,39.614,7.271,44.378,7.772,0.251,1548652,723792,176336,5469232,5712.477,1570.530,0,18228.578,0,1744.030,10192,16679,2.180,1.470,0.780,2,0,89.257,0,0,11,36,0,51,0
17-06 02:30:45,37.724,7.994,40.972,10.992,0,1499080,769692,177488,5471612,4796.688,1618.882,0,48186.731,0,4234.077,15956,31563,2.180,1.470,0.780,4,1,81.943,0,0,11,36,0,51,0
17-06 02:30:46,44.403,7.733,46.648,0.998,0,1505088,763584,177564,5471636,4686.745,1616.463,0,16659.548,0,1029.747,5377,6749,2.180,1.470,0.780,3,0,6.985,0,0,11,32,0,51,0
17-06 02:30:47,42.598,5.262,46.607,3.759,0,1508080,760308,177684,5471800,4750.890,1623.722,0,6398.667,0,1019.337,7733,11852,2.180,1.470,0.780,3,0,2.005,0,0,11,34,0,47,0
17-06 02:30:48,38.022,9.756,44.776,5.503,0,1443956,823884,177860,5472156,4682.704,1620.936,0,17862.316,0,2049.183,11252,19143,2.250,1.500,0.790,2,0,65.038,0,0,11,32,0,47,0
17-06 02:30:49,22.932,4.487,71.290,0.499,0,1447212,820608,177864,5472168,4085.955,1495.591,0,4048.067,0,322.051,2235,1893,2.250,1.500,0.790,2,0,35.894,0,0,11,32,0,47,0
17-06 02:30:50,22.292,4.258,73.137,0.250,0,1482572,785268,177872,5472168,4328.110,1623.041,0,897.682,0,58.109,2049,1757,2.250,1.500,0.790,1,0,2.004,0,0,11,32,0,47,0
17-06 02:30:51,22.460,3.494,72.370,0.749,0,1510408,757368,177904,5472196,4614.717,1563.194,0,7135.193,0,383.312,2492,2741,2.250,1.500,0.790,1,0,0.998,0,0,11,32,0,46,0
17-06 02:30:52,22.757,3.251,73.522,0,0.250,1469348,798428,177904,5472196,4739.443,1512.461,0,0,0,0,1816,1258,2.250,1.500,0.790,2,0,1.000,0,0,11,32,0,46,0
17-06 02:30:53,21.739,3.998,73.712,0,0,1491080,776696,177904,5472196,4699.550,1565.184,0,0,0,0,1790,1142,2.150,1.490,0.790,2,0,1.999,0,0,11,32,0,46,0
17-06 02:30:54,22.747,3.250,72.989,0,0,1444916,822812,177908,5472240,4617.310,1511.774,0,95.986,0,1.000,1775,1152,2.150,1.490,0.790,2,0,1.000,0,0,11,32,0,46,0
17-06 02:30:55,22.254,3.751,73.512,0,0,1511696,756032,177908,5472240,4400.716,1176.191,0,0,0,0,1820,1200,2.150,1.490,0.790,2,0,2.000,0,0,11,32,0,41,0
17-06 02:30:56,23.495,2.749,73.234,0,0,1483208,784432,177916,5472316,4408.020,971.784,0,215.952,0,2.999,1759,1147,2.150,1.490,0.790,3,0,1.000,0,0,11,32,0,41,0
17-06 02:30:57,22.505,3.001,73.267,0,0,1506048,761592,177916,5472316,4597.041,1296.294,0,92.021,0,6.001,1896,1411,2.150,1.490,0.790,2,0,0,0,0,11,32,0,41,0
17-06 02:30:58,22.256,4.251,73.519,0.250,0,1520776,746848,177928,5472316,4703.212,1242.320,0,432.111,0,34.009,1960,1489,2.060,1.480,0.790,2,0,2.001,0,0,11,32,0,41,0
17-06 02:30:59,23.500,2.500,73.251,0,0,1468976,798560,177928,5472404,4652.053,1512.017,0,212.002,0,4.000,1706,1056,2.060,1.480,0.790,2,0,1.000,0,0,11,32,0,37,0
17-06 02:31:00,21.753,3.500,73.509,0,0,1445316,822188,177936,5472428,4606.587,1566.200,0,0,0,0,1852,1274,2.060,1.480,0.790,1,0,1.000,0,0,11,32,0,37,0
17-06 02:31:01,22.246,4.249,73.485,0,0,1451608,815892,177936,5472428,6555.675,1619.673,0,0,0,0,1874,1273,2.060,1.480,0.790,2,0,2.999,0,0,11,32,0,37,0
17-06 02:31:02,23.248,2.250,73.495,0,0,1476688,790792,177936,5472448,6359.569,1619.890,0,4.000,0,1.000,1709,1077,2.060,1.480,0.790,2,0,0,0,0,11,32,0,37,0
17-06 02:31:03,21.763,4.503,73.543,0,0,1444852,822604,177944,5472464,5703.303,1620.939,0,152.088,0,2.001,1833,1316,1.970,1.470,0.790,2,0,1.001,0,0,11,32,0,37,0
17-06 02:31:04,22.242,3.249,73.723,0,0,1436648,830784,177944,5472488,4858.211,1619.404,0,279.897,0,61.977,1765,1191,1.970,1.470,0.790,2,0,1.000,0,0,11,32,0,37,0
17-06 02:31:05,22.747,3.500,73.240,0,0,1471788,795636,177944,5472492,5579.243,1619.780,0,0,0,0,1822,1120,1.970,1.470,0.790,2,0,2.000,0,0,11,32,0,37,0
17-06 02:31:06,18.042,8.520,72.921,0,0,1429768,837480,177952,5472636,5550.044,1623.816,0,0,0,0,3052,2033,1.970,1.470,0.790,2,0,114.269,0,0,11,32,0,37,0
17-06 02:31:07,8.003,22.008,67.776,0,0,1417464,849748,177952,5472668,5388.046,1566.595,0,860.327,0,14.005,5744,4167,1.970,1.470,0.790,2,0,385.146,0,0,11,32,0,31,0
17-06 02:31:08,8.247,20.742,69.472,0,0,1395768,871384,177964,5472708,4770.046,1511.381,0,963.605,0,38.984,5562,4095,1.890,1.470,0.800,1,0,330.864,0,0,11,32,0,31,0
17-06 02:31:09,7.997,21.493,68.476,0,0,1395340,871788,177964,5472732,4918.305,1619.442,0,235.919,0,1.999,5546,3865,1.890,1.470,0.800,2,0,345.881,0,0,11,32,0,31,0
17-06 02:31:10,12.505,15.005,71.026,0,0,1410164,856964,177964,5472732,4039.479,1458.534,0,444.163,0,84.031,4023,2825,1.890,1.470,0.800,1,0,193.071,0,0,11,32,0,31,0
17-06 02:31:11,22.449,4.989,72.087,0,0,1440632,826464,177964,5472732,3471.127,754.289,0,0,0,0,2020,1379,1.890,1.470,0.800,1,0,8.980,0,0,11,32,0,27,0
17-06 02:31:12,23.250,2.250,73.500,0,0,1415876,851204,177964,5472748,4216.018,1392.006,0,16.000,0,1.000,1757,1124,1.890,1.470,0.800,1,0,1.000,0,0,11,32,0,27,0
17-06 02:31:13,22.758,3.501,73.526,0,0,1479820,787276,177964,5472728,4347.512,1620.564,0,124.043,0,2.001,1742,1246,1.820,1.460,0.800,1,0,0,0,0,11,32,0,27,0
17-06 02:31:14,22.751,3.250,73.252,0,0,1505048,762028,177964,5472748,4544.106,1458.034,0,2088.049,0,12.000,1756,1135,1.820,1.460,0.800,1,0,2.000,0,0,11,32,0,27,0
17-06 02:31:15,21.492,4.498,73.471,0,0,1464740,802348,177964,5472736,4530.234,1511.411,0,7.997,0,1.999,1800,1299,1.820,1.460,0.800,1,0,1.000,0,0,11,32,0,21,0
17-06 02:31:16,22.745,2.999,73.485,0,0,1512616,754460,177964,5472748,4676.033,1079.777,0,11.998,0,1.000,1771,1139,1.820,1.460,0.800,1,0,2.000,0,0,11,32,0,21,0
17-06 02:31:17,22.821,2.508,73.728,0,0,1494656,772436,177964,5472732,5133.871,1462.521,0,184.571,0,12.037,1874,1460,1.820,1.460,0.800,1,0,1.003,0,0,11,32,0,21,0
17-06 02:31:18,21.205,4.740,73.592,0.249,0.249,1552956,714132,177968,5472732,5148.966,1616.536,0,295.367,0,21.953,1905,1380,1.750,1.450,0.800,1,0,1.996,0,0,11,32,0,21,0
17-06 02:31:19,23.292,2.755,73.384,0,0,1471532,795532,177968,5472756,4646.460,1460.659,0,24.044,0,1.002,1688,975,1.750,1.450,0.800,1,0,1.002,0,0,11,32,0,16,0
17-06 02:31:20,22.239,3.248,73.963,0,0,1495180,771896,177968,5472744,4977.478,1619.180,0,3.998,0,0.999,1821,1260,1.750,1.450,0.800,1,0,0,0,0,11,32,0,16,0
17-06 02:31:21,22.251,3.250,73.503,0,0,1519884,747180,177968,5472756,5367.235,1620.071,0,16.001,0,2.000,1825,1102,1.750,1.450,0.800,1,0,3.000,0,0,11,32,0,16,0
17-06 02:31:22,21.460,3.993,73.363,0,0,1496620,770472,177968,5472728,5375.951,1563.078,0,0,0,0,1840,1269,1.750,1.450,0.800,1,0,0.998,0,0,11,32,0,16,0
17-06 02:31:23,22.243,3.499,73.227,0,0,1544112,722972,177976,5472728,4618.565,1619.497,0,39.988,0,1.999,1753,1082,1.690,1.440,0.800,2,0,1.999,0,0,11,32,0,16,0
17-06 02:31:24,23.254,2.500,73.511,0,0,1495468,771676,177976,5472668,4472.678,1554.236,0,28.004,0,1.000,1756,1120,1.690,1.440,0.800,1,0,1.000,0,0,11,32,0,12,0
17-06 02:31:25,22.748,3.500,73.495,0,0,1520412,746728,177976,5472672,4341.689,1551.889,0,423.970,0,64.995,1804,1116,1.690,1.440,0.800,1,0,2.000,0,0,11,32,0,12,0
17-06 02:31:26,23.261,2.251,73.286,0,0,1534940,732112,177976,5472760,4032.964,1134.553,0,380.185,0,65.032,1702,1008,1.690,1.440,0.800,1,0,0,0,0,11,32,0,12,0
17-06 02:31:27,21.753,4.501,73.260,0,0,1482088,784976,177976,5472748,3656.507,810.112,0,124.017,0,10.001,1963,1597,1.690,1.440,0.800,1,0,1.000,0,0,11,32,0,12,0
17-06 02:31:28,22.495,3.499,72.735,0.250,0,1470328,796744,177976,5472740,3373.308,647.867,0,403.917,0,29.994,1938,1521,1.640,1.440,0.800,1,0,1.000,0,0,11,32,0,9,0
17-06 02:31:29,22.242,4.248,73.224,0,0,1520600,746472,177976,5472740,4634.345,1349.518,0,0,0,0,1821,1223,1.640,1.440,0.800,1,0,1.999,0,0,11,32,0,9,0
17-06 02:31:30,21.997,3.749,73.489,0,0,1464288,802788,177976,5472736,5039.260,1619.762,0,123.982,0,3.999,1840,1270,1.640,1.440,0.800,1,0,1.000,0,0,11,32,0,9,0
17-06 02:31:31,22.743,3.249,73.476,0,0,1485968,781080,177976,5472764,5133.326,1457.525,0,23.992,0,1.000,1850,1220,1.640,1.440,0.800,1,0,1.999,0,0,11,32,0,9,0
17-06 02:31:32,22.509,3.251,73.279,0,0,1478636,788424,177976,5472752,5222.084,1620.647,0,12.005,0,3.001,1828,1261,1.640,1.440,0.800,1,0,0,0,0,11,32,0,5,0
17-06 02:31:33,23.504,2.750,73.263,0,0,1512780,754260,177976,5472772,4638.797,1458.251,0,96.017,0,4.001,1843,1236,1.590,1.430,0.800,1,0,2.000,0,0,11,32,0,5,0
17-06 02:31:34,8.258,22.772,66.814,0.500,0,1451000,815956,177980,5472816,4864.676,1621.559,0,2670.567,0,122.117,5524,4133,1.590,1.430,0.800,1,0,338.325,0,0,11,32,0,5,0
17-06 02:31:35,15.981,11.486,71.415,0,0,1446000,820940,177980,5472832,4914.162,1618.078,0,63.924,0,2.996,3175,2220,1.590,1.430,0.800,1,0,121.855,0,0,11,32,0,5,0
17-06 02:31:36,24.251,2.000,73.502,0,0,1466508,800248,177980,5473012,4595.097,1458.031,0,0,0,0,1685,1030,1.590,1.430,0.800,1,0,0,0,0,11,32,0,4,0
17-06 02:31:37,21.508,3.751,73.279,0,0,1450272,816396,177980,5473076,5402.110,1620.633,0,196.077,0,12.005,2026,1432,1.590,1.430,0.800,1,0,9.004,0,0,11,32,0,4,0
17-06 02:31:38,22.993,3.249,73.479,0,0,1463260,803408,177980,5473076,5038.549,1619.534,0,355.898,0,22.993,1795,1239,1.540,1.420,0.810,1,0,0,0,0,11,32,0,4,0
17-06 02:31:39,12.744,18.241,67.467,0,0,1430444,836088,177980,5473212,4797.659,1619.210,39.980,91.955,1.999,5.997,4370,2972,1.540,1.420,0.810,3,0,265.870,0,0,11,32,0,4,0
17-06 02:31:40,8.016,21.794,68.638,0,0,1415880,850632,177980,5473232,4669.362,1623.254,0,252.506,0,8.016,5158,3557,1.540,1.420,0.810,2,0,306.615,0,0,11,32,0,3,0
17-06 02:31:41,8.011,22.031,68.096,0,0,1401328,865160,177980,5473252,5124.227,1622.288,0,204.288,0,3.004,5686,4056,1.540,1.420,0.810,1,0,368.520,0,0,11,32,0,3,0
17-06 02:31:42,8.229,22.691,67.825,0,0,1393764,872676,177980,5473280,5583.591,1454.247,0,3.990,0,0.997,5648,4020,1.540,1.420,0.810,2,0,375.032,0,0,11,32,0,3,0
17-06 02:31:43,13.029,23.553,61.637,0,0,1387244,879168,177980,5473308,6314.082,1623.621,0,970.164,0,11.025,6411,11947,1.580,1.430,0.810,1,0,471.051,0,0,11,32,0,4,0
17-06 02:31:44,9.000,22.001,67.502,0.500,0,1378540,887776,177984,5473404,6660.227,1620.055,0,916.031,0,13.000,5491,3872,1.580,1.430,0.810,1,0,346.012,0,0,11,32,0,1,0
17-06 02:31:45,7.732,22.697,67.840,0,0,1379900,886480,177984,5473336,5088.029,1616.197,0,790.141,0,8.979,5426,3759,1.580,1.430,0.810,4,0,348.181,0,0,11,32,0,1,0
17-06 02:31:46,7.758,21.523,68.823,0,0,1374328,892032,177984,5473356,5140.470,1459.553,0,380.405,0,5.005,5173,3524,1.580,1.430,0.810,2,0,296.315,0,0,11,32,0,1,0
17-06 02:31:47,7.756,21.017,69.055,0,0,1370224,896116,177984,5473376,4683.705,1621.283,0,140.111,0,5.004,5051,3414,1.580,1.430,0.810,1,0,286.226,0,0,11,32,0,1,0
17-06 02:31:48,8.247,20.993,69.226,0,0,1367896,898424,177984,5473396,4396.458,1457.489,0,139.951,0,4.998,5081,3432,1.530,1.420,0.810,2,0,292.897,0,0,11,32,0,1,0
17-06 02:31:49,8.493,21.982,67.695,0,0,1357604,908688,177984,5473420,5035.926,1660.657,0,283.770,0,10.991,5137,3421,1.530,1.420,0.810,2,0,301.756,0,0,11,32,0,1,0
17-06 02:31:50,8.513,23.285,67.351,0,0,1353032,913248,177984,5473432,4524.798,1460.194,0,40.060,0,10.015,5362,3656,1.530,1.420,0.810,1,0,331.498,0,0,11,32,0,1,0
17-06 02:31:51,8.481,20.455,68.848,0,0,1315224,950980,178000,5473460,5091.773,1562.555,0,11.974,0,2.993,5371,3846,1.530,1.420,0.810,1,0,333.265,0,0,11,32,0,1,0
17-06 02:31:52,23.050,30.065,45.347,0,0,1362364,903784,178016,5473500,4295.231,1028.210,0,448.965,0,23.050,6397,5206,1.530,1.420,0.810,4,0,555.193,0,0,11,34,0,3,0
17-06 02:31:53,60.779,17.258,22.011,0,0,1534304,731464,178084,5473808,4848.346,1608.779,0,712.345,0,47.023,4622,3230,1.650,1.450,0.830,4,0,227.110,0,0,11,32,0,7,0
17-06 02:31:54,55.757,11.751,25.503,5.751,0,1628620,628240,178560,5481208,4546.568,1566.196,372.046,16802.100,3.000,1134.142,8325,11790,1.650,1.450,0.830,4,1,52.006,0,0,11,38,0,7,0
17-06 02:31:55,31.464,11.737,39.455,14.983,0.250,1572044,675108,179340,5489696,4646.741,1510.291,0,75270.810,0,5398.890,20171,39227,1.650,1.450,0.830,4,0,153.826,0,0,11,36,0,8,0
17-06 02:31:56,42.493,10.998,28.995,13.998,0,1633200,603540,179860,5499244,5296.129,1619.733,0,85921.863,0,6137.990,19557,41060,1.650,1.450,0.830,1,1,74.988,0,0,11,36,0,8,0
17-06 02:31:57,39.538,8.758,36.285,12.762,0,1651336,576856,180128,5507204,12974.478,9760.387,0,72393.622,0,5553.341,19556,38378,1.650,1.450,0.830,2,1,36.035,0,0,11,37,0,8,0
17-06 02:31:58,37.641,22.435,28.418,9.223,0,1581376,640692,180436,5513196,6370.545,2747.042,295.145,34037.396,3.988,2665.279,14809,26184,1.840,1.490,0.840,10,1,394.856,0,0,11,34,0,9,0
17-06 02:31:59,44.845,21.295,22.798,9.771,0,1610236,605724,180756,5518268,6312.414,3593.636,933.985,65416.008,15.032,4467.493,18460,35335,1.840,1.490,0.840,2,1,176.375,0,0,11,35,0,9,0
17-06 02:32:00,34.735,11.995,39.233,10.995,0,1615104,597376,181016,5521400,14671.770,10437.568,667.716,50646.493,11.995,4020.293,18401,34510,1.840,1.490,0.840,3,1,142.939,0,0,11,35,0,9,0
17-06 02:32:01,31.266,6.253,47.524,12.006,0,1609160,599456,181116,5525052,15037.487,10120.039,0,43413.615,0,3738.862,17207,32595,1.840,1.490,0.840,1,1,49.024,0,0,11,34,0,9,0
17-06 02:32:02,35.234,9.745,40.481,11.495,0,1614640,593508,181224,5525396,5757.314,1703.205,0,42040.387,0,3817.219,15694,28460,1.840,1.490,0.840,3,0,53.975,0,0,11,34,0,9,0
17-06 02:32:03,30.020,7.505,46.531,12.508,0,1618620,588388,181496,5526236,13361.041,8410.691,0,57570.957,0,4765.224,17562,35361,2.090,1.550,0.870,3,1,39.026,0,0,11,35,0,9,0
17-06 02:32:04,34.275,6.505,47.284,9.757,0,1610272,594676,181624,5528124,15649.214,11656.353,0,33532.029,0,3117.234,15632,29416,2.090,1.550,0.870,3,0,36.026,0,0,11,35,0,9,0
17-06 02:32:05,37.245,9.999,42.994,7.999,0,1574856,628304,181720,5529768,7650.995,4239.443,0,39974.750,0,3287.568,13966,26290,2.090,1.550,0.870,7,0,115.985,0,0,11,36,0,10,0
17-06 02:32:06,30.753,7.751,45.754,12.251,0,1610536,589036,181740,5533244,7709.727,6412.604,0,54705.155,0,4379.413,15445,31058,2.090,1.550,0.870,0,1,54.005,0,0,11,37,0,10,0
17-06 02:32:07,30.001,8.000,47.002,12.250,0,1601324,595240,181864,5536044,15395.547,8754.311,0,52281.859,0,4436.158,19023,36487,2.090,1.550,0.870,5,0,54.002,0,0,11,37,0,10,0
17-06 02:32:08,32.500,8.500,44.250,11.500,0.250,1505168,688260,182008,5538932,12315.035,8859.025,0,58100.164,0,4674.013,19847,37585,2.080,1.560,0.870,1,1,128.000,0,0,11,36,0,10,0
17-06 02:32:09,35.496,9.749,39.245,11.749,0,1574392,618204,182092,5539624,4499.475,1619.811,0,45934.639,0,4231.506,16711,31816,2.080,1.560,0.870,4,0,36.996,0,0,11,36,0,10,0
17-06 02:32:10,30.753,8.751,46.004,11.751,0,1597280,599276,182116,5535636,11994.011,9639.813,0,57924.883,0,4880.411,18759,36803,2.080,1.560,0.870,1,0,15.001,0,0,11,37,0,10,0
17-06 02:32:11,35.229,6.746,46.972,8.495,0,1594192,600808,182148,5537128,16083.518,12284.757,0,35642.986,0,2846.322,14324,26597,2.080,1.560,0.870,1,0,33.980,0,0,11,35,0,11,0
17-06 02:32:12,30.190,16.467,52.146,0.250,0,1454684,740264,182152,5537176,7106.820,2778.456,0,1145.714,0,58.883,4486,3433,2.080,1.560,0.870,1,0,266.468,0,0,11,32,0,12,0
17-06 02:32:13,17.982,2.497,77.171,0,0,1487964,706980,182152,5537180,10124.604,6753.066,0,3000.919,0,208.786,1919,1830,2,1.550,0.870,2,0,0,0,0,11,33,0,12,0
17-06 02:32:14,19.515,5.254,74.058,0.751,0,1426484,768196,182152,5537444,9519.418,5370.184,0,4899.818,0,244.190,3746,4132,2,1.550,0.870,2,0,34.027,0,0,11,32,0,13,0
17-06 02:32:15,22.003,3.251,73.512,0,0,1479320,715360,182152,5537444,4886.768,1620.255,0,136.021,0,1.000,1689,1072,2,1.550,0.870,2,0,0,0,0,11,32,0,13,0
17-06 02:32:16,16.253,2.000,81.015,0,0,1483420,711168,182152,5537536,12168.188,8223.479,0,176.032,0,17.003,2310,2516,2,1.550,0.870,1,0,0,0,0,11,32,0,14,0
17-06 02:32:17,19.249,7.000,72.746,0,0,1476300,718284,182152,5537540,5125.708,1619.908,0,151.991,0,9.999,2394,1618,2,1.550,0.870,1,0,59.997,0,0,11,32,0,14,0
17-06 02:32:18,18.243,2.749,78.471,0,0,1498692,695884,182152,5537548,11185.843,7330.276,0,35.987,0,3.999,1964,1605,1.840,1.520,0.870,1,0,0,0,0,11,33,0,14,0
17-06 02:32:19,19.294,4.761,75.170,0.251,0,1459140,735280,182152,5537704,10164.936,6340.306,0,100.226,0,9.020,3788,4117,1.840,1.520,0.870,1,0,43.097,0,0,11,32,0,15,0
17-06 02:32:20,22.695,3.242,73.074,0,0,1492804,701612,182152,5537708,4608.923,1616.116,0,171.588,0,12.969,1815,1259,1.840,1.520,0.870,2,0,0,0,0,11,32,0,15,0
17-06 02:32:21,16.252,2.250,80.010,0,0,1488916,705480,182152,5537728,14830.859,11209.405,0,160.020,0,11.001,3062,3488,1.840,1.520,0.870,0,0,1.000,0,0,11,33,0,15,0
17-06 02:32:22,13.027,12.526,73.149,0.251,0,1445240,749112,182152,5537772,7464.224,2915.947,0,116.237,0,13.027,4100,3283,1.840,1.520,0.870,1,0,180.368,0,0,11,32,0,16,0
17-06 02:32:23,8.259,22.024,67.825,0,0,1436840,757388,182152,5537896,5063.587,1501.657,0,248.274,0,13.014,5390,3607,1.850,1.530,0.870,1,0,338.373,0,0,11,32,0,16,0
17-06 02:32:24,47.889,20.203,30.429,0.249,0,1523076,670928,182172,5538100,4669.173,1616.252,0,694.390,0,55.870,5398,4165,1.850,1.530,0.870,3,0,279.352,0,0,11,32,0,22,0
17-06 02:32:25,64.461,10.993,24.235,0,0,1708700,483072,182244,5540088,2804.311,255.846,0,299.819,0,13.992,3587,1455,1.850,1.530,0.870,3,0,1.999,0,0,11,32,0,22,0
17-06 02:32:26,66.942,8.775,24.069,0,0,1812036,375748,182380,5543440,4746.610,1341.847,0,10317.583,0,180.518,4035,1982,1.850,1.530,0.870,4,0,6.017,0,0,11,32,0,22,0
17-06 02:32:27,34.480,7.246,41.976,13.742,0,1811252,365248,182504,5554172,4917.218,1619.084,0,57167.662,0,4166.643,18765,34930,1.850,1.530,0.870,0,2,185.895,0,0,11,38,0,22,0
17-06 02:32:28,26.224,9.241,45.704,15.484,0,1807444,358192,182604,5564596,4693.301,1456.542,0,99788.082,0,7156.834,25361,50497,2.180,1.610,0.900,4,2,221.778,0,0,11,38,0,22,0
17-06 02:32:29,22.007,8.503,49.767,17.506,0,1807148,351388,182648,5571436,4741.602,1620.548,0,85849.012,0,6464.185,22643,44365,2.180,1.610,0.900,6,1,129.044,0,0,11,38,0,22,0
17-06 02:32:30,37.792,13.014,33.036,13.014,0,1726268,421728,182748,5581504,4657.123,1513.665,0,74441.887,0,5308.840,20054,39721,2.180,1.610,0.900,4,0,222.244,0,0,11,36,0,22,0
17-06 02:32:31,44.502,9.251,30.252,13.251,0,1777796,361448,182784,5589892,4873.271,1566.087,0,63091.509,0,4499.250,18171,33803,2.180,1.610,0.900,1,2,62.003,0,0,11,36,0,22,0
17-06 02:32:32,37.478,11.993,32.481,16.240,0,1820404,308780,182812,5599496,5068.966,1511.096,0,101223.412,0,6869.888,21620,45758,2.180,1.610,0.900,4,1,37.977,0,0,11,36,0,22,0
17-06 02:32:33,39.252,10.501,35.002,13.501,0,1769736,355156,182832,5603652,4716.283,1296.078,0,61247.681,0,4663.280,18651,35145,2.490,1.680,0.930,4,1,159.010,0,0,11,36,0,22,0
17-06 02:32:34,34.253,10.001,47.755,4.750,0,1473960,650076,182836,5604476,4910.464,1350.128,0,33495.166,0,2302.218,9752,16612,2.490,1.680,0.930,1,0,202.019,0,0,11,32,0,22,0
17-06 02:32:35,18.207,8.230,72.577,0,0,1468728,655288,182836,5604492,4760.667,1508.409,0,758.195,0,40.903,2572,1789,2.490,1.680,0.930,1,0,71.829,0,0,11,32,0,22,0
17-06 02:32:36,23.242,2.999,71.975,0.750,0,1514632,609384,182836,5604492,5175.223,1619.444,0,5917.968,0,351.879,2570,2927,2.490,1.680,0.930,1,0,0,0,0,11,32,0,22,0
17-06 02:32:37,24.745,2.000,72.734,0.250,0,1537728,586280,182836,5604500,4748.982,1619.653,0,115.975,0,9.998,2314,1889,2.490,1.680,0.930,1,0,2.000,0,0,11,38,0,22,0
17-06 02:32:38,20.514,5.754,73.050,0,0,1501728,622280,182836,5604500,4803.320,1621.121,0,76.053,0,7.005,2219,1441,2.450,1.680,0.940,1,0,28.019,0,0,11,32,0,22,0
17-06 02:32:39,22.498,3.000,73.742,0,0,1556276,567732,182836,5604500,4379.534,1619.828,0,243.974,0,51.994,1728,1107,2.450,1.680,0.940,1,0,0,0,0,11,32,0,22,0
17-06 02:32:40,24.241,1.749,72.972,0.250,0,1565420,558580,182836,5604508,4898.090,1619.368,0,107.958,0,11.995,1932,1482,2.450,1.680,0.940,2,0,1.999,0,0,11,34,0,22,0
17-06 02:32:41,13.287,32.592,52.899,0,0.251,1477792,646164,182840,5604548,4876.756,1570.430,0,501.414,0,25.071,6231,5095,2.450,1.680,0.940,2,0,661.867,0,0,11,32,0,22,0
17-06 02:32:42,10.742,32.227,55.460,0,0,1469572,654348,182840,5604584,5815.833,1618.840,0,243.825,0,23.983,6733,5550,2.450,1.680,0.940,2,0,732.475,0,0,11,32,0,22,0
17-06 02:32:43,12.749,23.998,61.245,0,0.250,1442948,680900,182840,5604652,6059.501,1619.867,0,123.990,0,10.999,6077,12755,2.570,1.720,0.950,1,0,432.964,0,0,11,32,0,23,0
17-06 02:32:44,7.003,20.758,70.279,0,0,1445592,678204,182840,5604684,5194.115,1512.616,0,8.003,0,2.001,5192,3578,2.570,1.720,0.950,1,0,295.120,0,0,11,32,0,23,0
17-06 02:32:45,9.998,20.246,67.736,0,0,1426372,697396,182840,5604712,4918.957,1619.657,0,619.869,0,122.974,5422,3463,2.570,1.720,0.950,1,0,274.942,0,0,11,32,0,22,0
17-06 02:32:46,15.743,19.491,63.472,0,0,1428328,695380,182840,5605152,4920.829,1565.309,0,271.880,0,6.997,5913,6299,2.570,1.720,0.950,1,0,245.891,0,0,11,32,0,22,0
17-06 02:32:47,37.752,11.500,49.502,0,0,1496028,627568,182844,5605292,4652.191,1512.062,0,40.002,0,1.000,3786,2663,2.570,1.720,0.950,2,0,131.005,0,0,11,33,0,22,0
17-06 02:32:48,45.752,4.500,48.752,0,0,1592856,530712,182844,5605316,4380.148,1620.055,0,184.006,0,2.000,2656,1200,2.530,1.730,0.960,3,0,0,0,0,11,33,0,22,0
17-06 02:32:49,48.763,6.002,45.012,0,0,1646312,475880,182908,5606332,4519.217,1500.404,0,724.195,0,54.015,3862,3030,2.530,1.730,0.960,2,0,19.005,0,0,11,49,0,22,0
17-06 02:32:50,25.256,14.004,58.765,0,0,1671092,447916,182924,5609380,4511.139,1620.409,0,700.177,0,42.011,7296,10692,2.530,1.730,0.960,1,0,168.042,0,0,11,48,0,22,0
17-06 02:32:51,17.964,14.970,65.868,0,0,1681560,437348,182924,5609392,4406.187,1455.090,0,267.465,0,14.970,6890,8563,2.530,1.730,0.960,1,0,295.409,0,0,11,48,0,22,0
17-06 02:32:52,2.250,2.500,94.259,0,0,1681572,437348,182924,5609400,4500.425,1620.153,0,148.014,0,10.001,1464,1712,2.530,1.730,0.960,0,0,29.003,0,0,11,48,0,22,0
17-06 02:32:53,1.000,0.750,97.468,0,0,1681572,437348,182924,5609400,5086.319,1607.469,0,107.964,0,12.996,805,1113,2.320,1.700,0.950,0,0,2.999,0,0,11,48,0,22,0
17-06 02:32:54,0.250,1.000,97.273,0.250,0,1681536,437348,182924,5609436,4593.093,1512.360,0,36.009,0,4.001,846,992,2.320,1.700,0.950,0,0,3.001,0,0,11,48,0,16,0
17-06 02:32:55,0.750,0.250,98.459,0.250,0,1681532,437348,182924,5609436,4664.053,1565.346,0,4210.242,0,334.860,711,923,2.320,1.700,0.950,0,0,1.000,0,0,11,48,0,16,0
17-06 02:32:56,9.503,10.003,78.272,0,0,1642272,476480,182924,5609996,4850.370,1512.427,0,4.001,0,1.000,4306,4844,2.320,1.700,0.950,1,0,200.056,0,0,11,48,0,16,0
17-06 02:32:57,15.540,14.287,70.180,0,0,1657768,460992,182924,5609568,4872.516,1624.172,0,2602.685,0,22.057,5211,6150,2.320,1.700,0.950,0,0,198.510,0,0,11,48,0,16,0
17-06 02:32:58,12.745,22.741,63.475,0,0,1697824,420840,182924,5610064,5093.997,1857.270,0,3.998,0,1.000,6737,6910,2.220,1.690,0.950,1,0,398.843,0,0,12,48,0,14,0
17-06 02:32:59,26.461,11.483,61.161,0.250,0,1697736,420968,182924,5609600,4972.733,1617.636,0,443.352,0,28.958,4830,5530,2.220,1.690,0.950,3,0,153.775,0,0,12,64,0,14,0
17-06 02:33:00,5.259,8.514,84.389,0.250,0,1698452,420216,182924,5609644,4613.594,1568.582,0,376.620,0,22.036,3020,3051,2.220,1.690,0.950,1,0,186.307,0,0,12,64,0,14,0
17-06 02:33:01,18.708,15.465,64.605,0,0,1690380,428256,182924,5609668,5975.616,1508.621,0,331.258,0,23.946,6353,8120,2.220,1.690,0.950,1,0,202.546,0,0,14,64,0,14,0
17-06 02:33:02,8.016,19.289,71.144,0,0,1700368,418236,182924,5609704,6733.636,1623.287,0,1695.433,0,96.195,5261,3902,2.220,1.690,0.950,1,0,325.659,0,0,14,66,0,14,0
17-06 02:33:03,8.502,21.756,68.018,0,0,1681892,436552,182924,5609864,6361.640,1746.450,0,40.010,0,10.003,5438,3718,2.120,1.680,0.950,4,0,320.083,0,0,14,66,0,14,0
17-06 02:33:04,17.913,15.425,65.432,0,0,1686184,432240,182924,5609872,4717.089,1612.170,0,7.961,0,1.990,5937,7366,2.120,1.680,0.950,3,0,190.077,0,0,14,66,0,14,0
17-06 02:33:05,27.844,25.586,45.904,0,0,1745452,372916,182932,5609924,4936.586,1625.461,0,136.458,0,7.024,6244,4584,2.120,1.680,0.950,3,0,395.328,0,0,14,66,0,14,0
17-06 02:33:06,28.465,25.718,44.695,0,0,1809944,308184,182968,5610092,5368.418,1456.215,0,263.677,0,2.996,6062,4316,2.120,1.680,0.950,2,0,451.447,0,0,14,66,0,13,0
17-06 02:33:07,29.559,25.050,44.088,0,0,1894820,221872,183012,5611392,4929.891,1623.257,0,537.078,0,10.020,7319,8543,2.120,1.680,0.950,2,0,485.975,0,0,14,70,0,15,0
17-06 02:33:08,35.744,21.247,41.493,0,0,1930520,186104,183012,5611864,4711.230,1601.738,0,23.996,0,5.999,6071,7561,3.150,1.900,1.030,4,0,315.948,0,0,14,70,0,15,0
17-06 02:33:09,55.290,26.019,18.764,0,0,2001736,186468,174912,5549720,4044.931,1242.901,24.017,12.009,4.003,3.002,5151,4356,3.150,1.900,1.030,4,0,392.284,0,0,14,70,0,15,0
17-06 02:33:10,57.466,23.633,17.663,0,0,2101480,148728,168772,5495588,2113.563,322.408,199.017,1074.693,4.975,22.887,6203,8801,3.150,1.900,1.030,4,0,321.413,0,0,14,70,0,15,0
17-06 02:33:11,72.021,23.338,5.270,0,0,2195156,145748,168300,5406860,4923.516,1688.349,1112.183,1517.708,62.234,75.283,5612,4830,3.150,1.900,1.030,5,0,345.299,0,0,14,70,1,15,0
17-06 02:33:12,73.692,22.232,2.748,0.749,0,2337476,151564,168808,5261732,4556.390,1692.659,715.433,1902.493,75.940,39.968,7055,7448,3.150,1.900,1.030,5,0,350.722,0,0,14,74,1,15,0
17-06 02:33:13,60.161,25.568,10.027,3.259,0,2460668,146632,168452,5146216,4873.018,1698.538,60.161,23574.980,6.016,1558.163,13220,21761,3.300,1.950,1.050,4,2,300.804,0,0,14,74,1,15,0
17-06 02:33:14,65.926,24.223,6.992,1.748,0,2555640,120608,168568,5079324,4333.116,1530.275,879.009,16713.162,29.966,1440.377,12166,23303,3.300,1.950,1.050,4,0,417.529,0,0,14,76,1,12,0
17-06 02:33:15,73.226,20.993,5.248,0,0,2635020,188964,168572,4934364,4858.403,1693.443,471.845,1183.611,9.997,60.980,8125,15057,3.300,1.950,1.050,6,0,203.933,0,0,14,86,1,20,0
17-06 02:33:16,56.539,25.267,16.511,0.500,0,2723264,169404,168580,4867036,4538.109,1533.050,16.011,9702.648,4.003,575.394,8557,10469,3.300,1.950,1.050,3,0,526.361,0,0,14,91,1,26,0
17-06 02:33:17,36.523,22.514,40.776,0,0,2766008,196292,168584,4798832,5343.352,1621.017,4.003,4210.642,1.001,58.036,7177,7561,3.300,1.950,1.050,3,0,386.242,0,0,14,91,1,27,0
17-06 02:33:18,57.345,15.458,25.930,0.249,0,2875608,153832,168672,4733684,5026.407,1779.189,3215.305,5896.056,37.898,304.177,6163,7108,3.360,1.980,1.070,3,0,188.490,0,0,14,94,1,26,0
17-06 02:33:19,49.583,11.269,38.314,0.250,0,2998712,168560,168696,4599124,5649.467,1622.719,8.013,753.262,2.003,46.077,5367,8284,3.360,1.980,1.070,1,0,29.049,0,0,14,99,1,30,0
17-06 02:33:20,7.986,19.966,69.879,0,0,3007744,159496,168696,4599156,5151.102,1617.206,0,826.572,0,50.912,5484,3989,3.360,1.980,1.070,1,0,293.493,0,0,14,99,1,30,0
17-06 02:33:21,8.266,21.040,69.130,1.002,0,3020096,147116,168700,4599180,5367.105,1623.056,4.008,2128.006,1.002,131.247,5413,4152,3.360,1.980,1.070,2,0,269.507,0,0,14,99,1,30,0
17-06 02:33:22,7.999,19.997,69.738,0.250,0,3017948,149220,168700,4599208,5237.134,1573.740,0,3051.495,0,147.976,5317,4001,3.360,1.980,1.070,1,0,270.955,0,0,14,99,1,28,0
17-06 02:33:23,14.729,12.233,71.150,0,0,3044244,189300,168700,4533940,5332.494,1617.723,3.994,331.533,0.999,4.993,3477,2351,3.090,1.950,1.060,1,0,137.806,0,0,14,99,1,28,0
17-06 02:33:24,18.484,2.997,77.185,0,0,3090068,143436,168704,4533976,10806.859,7326.803,35.970,55.953,2.997,0.999,1873,1536,3.090,1.950,1.060,1,0,0,0,0,14,100,1,28,0
17-06 02:33:25,23.728,2.748,72.684,0.250,0,3036064,197400,168704,4534016,22688.416,19157.619,23.978,311.717,2.997,26.976,2574,2304,3.090,1.950,1.060,1,0,2.997,0,0,14,103,1,29,0
17-06 02:33:26,22.580,7.276,69.748,0.251,0,3074944,158504,168704,4534032,5440.327,1720.111,0,164.585,0,19.068,2642,1942,3.090,1.950,1.060,1,0,63.225,0,0,14,107,1,23,0
17-06 02:33:27,18.694,2.991,76.523,0.249,0,3104376,129060,168704,4534044,11670.330,8070.026,3.988,279.171,0.997,34.896,2362,2359,3.090,1.950,1.060,1,0,2.991,0,0,14,114,1,24,1
17-06 02:33:28,25.526,5.506,66.317,1.251,0,3108216,123292,168720,4535928,4436.505,1567.592,1409.431,1533.557,66.067,202.205,5109,7131,2.920,1.930,1.060,0,1,3.003,0,0,14,117,1,24,0
17-06 02:33:29,41.094,8.018,48.360,1.002,0,3194880,171656,168720,4404808,5369.265,2588.914,96.220,1254.866,8.018,143.327,5229,6198,2.920,1.930,1.060,3,0,5.011,0,0,14,122,1,26,0
17-06 02:33:30,19.196,10.221,69.056,0,0,3165616,200892,168720,4404836,3103.287,161.546,0,1272.427,0,81.770,3279,2905,2.920,1.930,1.060,1,0,111.686,0,0,14,122,1,26,0
17-06 02:33:31,19.786,2.755,77.142,0.501,0.250,3204332,162096,168720,4404916,11405.974,7388.587,68.125,440.811,5.009,34.063,2162,2147,2.920,1.930,1.060,2,0,2.004,0,0,14,123,1,26,0
17-06 02:33:32,19.461,2.994,75.350,0.749,0,3207308,159072,168720,4404960,7600.877,4183.676,0,1045.919,0,91.817,3212,3912,2.920,1.930,1.060,1,0,0,0,0,14,123,1,26,0
17-06 02:33:33,33.729,11.243,52.967,0.250,0,3248788,183404,168728,4340764,6793.733,2812.234,0,1455.086,0,127.920,5468,5334,2.850,1.940,1.070,2,0,94.940,0,0,14,124,1,27,0
17-06 02:33:34,43.082,8.767,48.342,0,0,3324844,172396,168728,4277284,4947.467,1460.795,0,452.867,0,28.054,2844,1707,2.850,1.940,1.070,2,0,5.010,0,0,14,124,1,27,0
17-06 02:33:35,24.034,3.255,71.601,0.250,0,3272516,224584,168728,4277424,28791.439,24760.778,0,332.467,0,20.028,2347,1706,2.850,1.940,1.070,3,0,14.020,0,0,14,124,1,28,0
17-06 02:33:36,20.479,5.245,72.926,0,0,3329956,167128,168728,4277440,5069.879,1456.529,0,295.701,0,12.987,2203,1591,2.850,1.940,1.070,1,0,40.959,0,0,14,124,1,28,0
17-06 02:33:37,19.997,2.250,76.739,0,0,3350512,146560,168728,4277452,28495.027,24854.535,3.999,7954.891,1.000,597.917,2561,1681,2.850,1.940,1.070,1,0,1.000,0,0,14,126,1,29,0
17-06 02:33:38,20.222,6.990,72.150,0.499,0,3334636,162436,168728,4277464,4751.446,1455.992,0,3271.487,0,332.541,2647,1931,2.700,1.920,1.070,1,0,50.930,0,0,14,126,1,29,0
17-06 02:33:39,25.248,4.500,68.495,0.250,0,3351320,145484,168728,4277732,11240.141,7995.389,7.999,383.971,2.000,41.997,4002,4828,2.700,1.920,1.070,1,0,7.999,0,0,14,129,1,30,0
17-06 02:33:40,18.752,9.251,69.757,0.750,0,3345612,151148,168728,4277776,6258.621,2768.275,0,2316.230,0,189.019,4096,4620,2.700,1.920,1.070,1,0,82.008,0,0,14,128,1,31,0
17-06 02:33:41,19.776,3.755,75.599,0,0,3385296,171948,168728,4218388,6975.171,3590.721,0,112.147,0,13.017,1906,1485,2.700,1.920,1.070,0,0,1.001,0,0,14,129,1,31,0
17-06 02:33:42,18.744,5.748,74.474,0,0,3326744,230480,168728,4218408,27624.433,22848.087,0,0,0,0,2656,1921,2.700,1.920,1.070,3,0,54.981,0,0,14,128,1,32,0
17-06 02:33:43,27.217,6.742,65.671,0,0,3390956,166228,168728,4218432,6153.606,1859.765,23.971,175.789,1.998,0.999,2859,8995,2.560,1.900,1.060,1,0,35.957,0,0,14,128,2,33,0
17-06 02:33:44,17.044,3.258,76.950,1.253,0,3389260,167688,168728,4218668,11710.438,7888.504,8.021,1163.023,2.005,168.438,3782,5559,2.560,1.900,1.060,2,1,1.003,0,0,14,130,1,33,0
17-06 02:33:45,28.419,4.487,63.568,1.496,0,3389204,167564,168728,4218848,6166.334,2851.830,63.817,8276.289,3.989,503.557,6205,9422,2.560,1.900,1.060,2,0,0,0,0,14,129,1,35,0
17-06 02:33:46,20.069,7.275,71.998,0.502,0,3392656,164108,168728,4218852,4954.084,1625.606,0,614.118,0,39.135,2641,2221,2.560,1.900,1.060,1,0,53.183,0,0,14,129,1,35,0
17-06 02:33:47,17.975,2.247,78.140,0,0,3402432,154312,168728,4218872,12276.712,9748.273,3.994,391.449,0.999,24.965,2067,1794,2.560,1.900,1.060,0,0,0,0,0,14,130,1,34,0
17-06 02:33:48,22.024,3.504,73.079,0.751,0,3397980,158724,168728,4218912,6888.443,3629.922,0,2758.981,0,209.226,3968,5252,2.440,1.890,1.060,3,0,0,0,0,14,130,1,34,0
17-06 02:33:49,35.737,6.498,55.729,0.250,0,3400672,155788,168728,4219156,4968.156,2527.062,0,919.659,0,105.961,6188,8038,2.440,1.890,1.060,2,0,1.999,0,0,14,133,1,35,0
17-06 02:33:50,21.448,6.983,70.080,0.249,0,3387148,169292,168736,4219168,3848.658,1454.470,3.990,490.809,0.998,37.908,3024,2860,2.440,1.890,1.060,1,0,76.814,0,0,14,133,1,35,0
17-06 02:33:51,16.493,2.249,80.218,0,0,3405952,150480,168736,4219176,12107.205,9676.167,0,307.878,0,15.994,1807,1538,2.440,1.890,1.060,2,0,1.000,0,0,14,134,1,35,0
17-06 02:33:52,17.037,11.024,69.402,0.752,0,3389468,166928,168736,4219212,7057.501,3026.648,0,3724.180,0,272.599,4856,5466,2.440,1.890,1.060,1,0,147.324,0,0,14,133,1,36,0
17-06 02:33:53,21.982,3.497,73.191,0,0,3388064,168332,168736,4219212,4686.197,1660.652,0,399.676,0,1.998,1753,1185,2.320,1.870,1.060,1,0,0,0,0,14,133,1,36,0
17-06 02:33:54,15.996,2.749,80.478,0,0,3388820,167504,168736,4219284,16234.477,13074.357,7.998,131.963,1.999,13.996,2293,2277,2.320,1.870,1.060,1,0,0,0,0,14,134,1,36,0
17-06 02:33:55,28.729,5.996,62.954,0.999,0,3389964,166272,168744,4219364,4622.589,1618.806,0,1219.101,0,155.885,6917,10106,2.320,1.870,1.060,1,0,0,0,0,14,134,1,36,0
17-06 02:33:56,34.602,8.274,55.162,0.501,0,3393476,162052,168760,4220056,6462.009,3056.992,425.251,1014.986,70.207,97.286,8745,13070,2.320,1.870,1.060,5,0,3.009,0,0,14,133,1,37,0
17-06 02:33:57,29.657,15.950,51.837,0.748,0,3342876,212476,168760,4220152,5472.827,2183.150,0,1467.396,0,130.590,7978,10140,2.320,1.870,1.060,1,0,285.105,0,0,14,133,1,37,0
17-06 02:33:58,19.001,3.250,75.004,0.500,0.250,3398044,157300,168760,4220160,7260.433,4003.239,0,5416.323,0,320.019,2383,2742,2.220,1.860,1.060,2,0,0,0,0,14,134,1,37,0
17-06 02:33:59,19.041,8.769,71.154,0,0,3377616,177696,168772,4220180,9563.740,6601.315,12.026,240.522,3.007,13.028,3323,2397,2.220,1.860,1.060,1,0,98.213,0,0,14,133,1,38,0
17-06 02:34:00,8.497,18.994,69.477,0.250,0,3354044,201248,168772,4220204,3800.753,1133.628,0,623.795,0,25.991,5113,3763,2.220,1.860,1.060,2,0,260.914,0,0,14,133,1,38,0
17-06 02:34:01,9.745,21.740,66.718,0.250,0.250,3319660,235476,168772,4220804,6571.853,1457.302,0,415.801,0,27.987,5673,4311,2.220,1.860,1.060,4,0,280.865,0,0,14,133,1,38,0
17-06 02:34:02,22.239,16.742,59.221,0,0,3314164,240960,168772,4220376,6296.958,1619.218,0,3730.198,0,342.834,6159,7565,2.220,1.860,1.060,3,0,203.901,0,0,14,133,1,38,0
17-06 02:34:03,30.537,23.028,45.305,0,0,3383196,171876,168772,4220428,6728.166,1692.054,16.019,404.491,1.001,24.029,5812,4086,2.200,1.860,1.070,3,0,338.411,0,0,14,133,1,38,0
17-06 02:34:04,24.254,21.754,51.759,0.250,0,3397548,157024,168784,4220888,5068.921,1620.294,32.006,616.112,2.000,46.008,6247,5633,2.200,1.860,1.070,1,0,345.063,0,0,14,139,1,38,0
17-06 02:34:05,36.292,19.773,43.050,0,0.250,3478136,150328,168792,4148148,5346.211,1621.884,12.014,348.405,3.003,24.028,9198,16448,2.200,1.860,1.070,4,0,225.262,0,0,16,145,1,38,0
17-06 02:34:06,48.258,29.104,21.393,0.249,0,3599800,141308,168792,4037608,5389.959,1611.913,103.481,210.942,5.970,11.940,6400,5149,2.200,1.860,1.070,3,0,486.559,0,0,16,145,1,38,0
17-06 02:34:07,56.780,23.365,19.094,0.251,0,3691104,146408,168792,3942060,4884.102,1718.480,28.139,679.352,4.020,36.179,7096,7667,2.200,1.860,1.070,5,0,347.716,0,0,16,161,1,36,0
17-06 02:34:08,30.479,21.235,47.717,0,0,3743424,140420,168792,3896632,4796.713,1618.891,3.997,1111.238,0.999,102.929,6501,10000,2.180,1.860,1.070,5,0,273.812,0,0,16,161,1,36,0
17-06 02:34:09,33.424,24.694,40.408,0,0,3793228,142208,168792,3845560,4739.198,1616.316,79.818,223.491,2.993,12.970,14290,4524,2.180,1.860,1.070,3,0,377.140,0,0,16,161,1,36,0
17-06 02:34:10,15.749,21.999,61.246,0.250,0,3802928,187756,168796,3791644,3859.775,1457.915,11.999,307.982,3.000,24.999,5551,4240,2.180,1.860,1.070,2,0,313.982,0,0,17,161,1,36,0
17-06 02:34:11,14.495,19.243,63.477,0,0,3822664,168008,168796,3792108,4455.378,1763.358,0,355.870,0,28.989,6523,6881,2.180,1.860,1.070,3,0,282.897,0,0,17,161,1,36,0
17-06 02:34:12,24.052,22.047,52.613,0,0,3850092,195980,168796,3737676,4898.534,1739.741,4.009,160.345,1.002,10.022,5350,4325,2.180,1.860,1.070,3,0,313.675,0,0,17,161,1,36,0
17-06 02:34:13,31.002,23.502,44.753,0,0,3908572,137124,168800,3738404,4158.281,1532.104,4.000,192.013,1.000,16.001,6056,5030,2.170,1.870,1.080,7,0,367.025,0,0,17,163,1,36,0
17-06 02:34:14,31.026,17.014,50.542,0.250,0,3954604,119644,168800,3710180,4563.761,1695.397,4.003,2474.039,1.001,15.012,6137,7816,2.170,1.870,1.080,2,0,234.193,0,0,17,173,1,36,0
17-06 02:34:15,37.467,29.724,30.972,0.250,0,4064284,149848,168812,3573552,4496.001,1692.494,75.932,707.371,9.991,56.949,9126,12919,2.170,1.870,1.080,2,0,506.549,0,0,17,179,1,36,0
17-06 02:34:16,28.216,26.219,43.448,0.499,0,4125392,152224,168812,3511256,4769.332,1530.181,15.981,695.174,3.995,47.943,10661,13721,2.170,1.870,1.080,3,0,459.454,0,0,17,185,1,28,0
17-06 02:34:17,19.795,20.046,58.635,0,0,4141596,135944,168812,3511300,5139.800,1551.562,4.009,809.859,1.002,51.117,5839,4748,2.170,1.870,1.080,5,0,350.805,0,0,17,201,1,28,0
17-06 02:34:18,14.247,18.246,65.736,0.250,0,4143744,133780,168812,3511664,4858.942,1693.631,0,15120.707,0,841.817,6670,6297,2.310,1.900,1.100,4,0,254.944,0,0,17,201,1,28,0
17-06 02:34:19,29.701,15.724,52.664,0,0,4219724,121368,168812,3449080,4810.106,1455.611,327.463,495.187,4.992,27.954,4690,4624,2.310,1.900,1.100,3,0,182.700,0,0,17,201,1,28,0
17-06 02:34:20,44.728,9.995,44.728,0,0,4333632,128844,168816,3329736,4677.723,1619.212,663.677,231.887,13.993,27.986,3231,2190,2.310,1.900,1.100,6,0,1.000,0,0,17,201,1,17,0
17-06 02:34:21,35.780,8.757,54.545,0.250,0,4414932,197880,168820,3183544,4598.805,1459.207,96.080,460.381,8.007,43.036,3313,2727,2.310,1.900,1.100,2,0,13.011,0,0,17,210,1,17,0
17-06 02:34:22,29.015,13.757,56.280,0,0,4316280,296464,168828,3183604,4520.413,1500.801,20.011,208.111,2.001,15.008,4235,3315,2.310,1.900,1.100,3,0,225.120,0,0,17,209,1,18,0
17-06 02:34:23,35.953,28.713,33.706,0.749,0,4423984,186116,168840,3186256,4212.533,1530.014,1873.568,215.720,29.961,13.982,6406,5888,2.370,1.920,1.110,3,0,457.406,0,0,17,209,1,18,0
17-06 02:34:24,39.208,22.476,36.710,0,0,4440480,167720,168844,3188224,12279.702,9529.680,0,1290.602,0,29.968,6612,8046,2.370,1.920,1.110,2,0,356.614,0,0,17,218,1,18,0
17-06 02:34:25,59.564,20.272,19.521,0,0,4470220,136508,168848,3190044,5294.691,2387.566,104.112,504.542,9.010,25.027,5694,6843,2.370,1.920,1.110,4,0,227.244,0,0,17,218,1,19,0
17-06 02:34:26,67.426,14.734,16.732,0.250,0,4605152,121740,168868,3073436,10635.280,7418.825,1829.983,575.366,46.948,31.965,5017,4002,2.370,1.920,1.110,4,0,20.977,0,0,17,225,1,19,0
17-06 02:34:27,64.218,11.539,18.814,4.766,0,4578000,216200,168944,3008372,10477.648,6877.399,6405.794,2380.098,471.605,155.529,6403,8063,2.370,1.920,1.110,3,0,33.113,0,0,17,226,1,25,0
17-06 02:34:28,37.731,26.237,34.732,0,0,4638396,153380,168952,3010776,4677.608,1779.090,0,8775.513,0,27.986,6951,6856,2.420,1.940,1.120,3,0,423.783,0,0,17,225,1,23,0
17-06 02:34:29,29.731,22.235,45.720,0,0,4659840,142436,168956,3000624,13867.939,11511.478,79.948,2914.096,2.998,36.976,7155,8935,2.420,1.940,1.120,5,0,327.786,0,0,17,226,1,23,0
17-06 02:34:30,54.787,25.517,19.763,0.250,0,4657032,144456,168956,3001328,6359.326,2663.812,116.079,772.525,9.006,58.039,6749,7585,2.420,1.940,1.120,3,0,371.253,0,0,17,229,1,24,0
17-06 02:34:31,53.812,26.906,17.439,0.249,0,4751484,140776,168972,2913324,10568.110,7285.568,1016.452,761.342,42.850,46.837,6611,8546,2.420,1.940,1.120,3,0,397.612,0,0,17,230,1,24,0
17-06 02:34:32,56.882,24.056,18.793,0.501,0,4748732,163072,168980,2893528,10400.057,6797.724,332.770,950.198,22.051,64.148,8701,12823,2.420,1.940,1.120,4,0,310.719,0,0,17,233,1,26,0
17-06 02:34:33,57.069,29.786,13.266,0,0,4853612,156848,168984,2797136,6897.363,3632.404,84.102,392.476,5.006,25.030,6749,7953,2.550,1.970,1.130,3,0,489.594,0,0,17,236,1,26,0
17-06 02:34:34,50.420,21.216,25.459,0,0,4866632,177044,168996,2764748,14228.294,10392.415,1154.158,1090.260,38.938,66.893,12364,20810,2.550,1.970,1.130,4,0,220.648,0,0,17,241,1,29,0
17-06 02:34:35,62.831,14.018,22.529,0,0,4969596,142236,168996,2698276,4385.685,1622.103,0,616.799,0,19.025,4453,2624,2.550,1.970,1.130,4,0,75.097,0,0,17,241,1,29,0
17-06 02:34:36,56.200,8.243,34.719,0.749,0,5056712,134960,169004,2620404,18854.268,15140.564,1190.943,7673.191,73.934,985.126,5512,3700,2.550,1.970,1.130,5,0,6.994,0,0,17,244,1,29,0
17-06 02:34:37,57.564,11.513,28.782,0.751,0,5053384,180452,169012,2579240,10742.925,7018.791,1257.396,9014.006,31.034,437.486,6640,8103,2.550,1.970,1.130,5,1,24.027,0,0,17,250,1,32,0
17-06 02:34:38,51.731,22.991,24.491,0.750,0,5073396,156676,169136,2582832,7432.240,4439.352,4086.483,1534.430,64.976,76.971,6761,6278,2.580,1.990,1.140,3,0,332.876,0,0,17,252,1,33,0
17-06 02:34:39,45.539,28.024,25.522,0,0,5037392,192572,169140,2582904,14482.347,10369.841,1024.874,1845.573,8.007,199.170,6833,5968,2.580,1.990,1.140,5,0,470.401,0,0,17,251,1,34,0
17-06 02:34:40,63.439,21.479,13.737,0,0,5091468,138024,169140,2583800,6894.407,3101.035,751.282,1082.964,20.980,60.942,7114,9352,2.580,1.990,1.140,7,0,209.799,0,0,18,256,1,32,0
17-06 02:34:41,71.965,18.991,8.246,0.750,0,5210168,131360,169144,2475684,14274.154,10906.769,1303.375,2122.982,50.976,240.884,6969,7684,2.580,1.990,1.140,5,0,128.938,0,0,18,258,1,35,0
17-06 02:34:42,83.664,13.986,1.748,0.749,0,5243228,147036,169160,2428860,5814.006,1618.332,3168.733,963.007,138.857,42.956,5792,4356,2.580,1.990,1.140,4,0,20.978,0,0,18,262,1,35,0
17-06 02:34:43,63.808,19.518,15.514,0.250,0,5306456,155840,169184,2359060,14225.024,10117.263,792.726,868.795,23.021,71.065,8080,19541,2.620,2.010,1.150,3,0,256.235,0,0,18,267,1,38,0
17-06 02:34:44,39.178,9.732,49.659,0.250,0,5293564,168576,169184,2359184,13236.650,5580.734,766.590,9430.652,5.989,69.871,3920,3140,2.620,2.010,1.150,2,0,14.972,0,0,18,268,1,37,0
17-06 02:34:45,40.126,8.276,49.907,0.502,0,5354648,124016,169184,2343444,6165079.895,61621.878,561.767,3141.885,7.022,40.126,5933,4180,2.620,2.010,1.150,3,0,6.019,0,0,18,272,1,37,0
17-06 02:34:46,41.626,20.190,35.644,0.499,0,5303704,163592,169184,2355144,10394624.783,83602.322,3046.937,801.616,31.905,69.792,9167,6583,2.620,2.010,1.150,2,0,268.202,0,0,18,270,1,38,0
17-06 02:34:47,44.434,7.489,47.179,0,0,5414920,129348,169184,2280400,6827.792,4619.094,0,451.325,0,43.934,3583,2549,2.620,2.010,1.150,0,0,2.996,0,0,18,276,1,38,0
17-06 02:34:48,33.348,4.263,60.930,0.501,0,5416292,127884,169184,2280480,22859.360,18811.432,32.095,7887.242,2.006,977.882,5362,6043,2.490,1.990,1.150,2,0,0,0,0,18,280,1,39,0
17-06 02:34:49,25.739,5.997,65.222,0.500,0,5417428,126244,169184,2280984,412596.887,16387643.805,479.796,2239.050,25.989,60.974,4574,3081,2.490,1.990,1.150,1,0,5.997,0,0,18,278,1,40,0
17-06 02:34:50,32.180,4.490,60.868,0.249,0,5431004,133924,169192,2260652,7678430.117,39498.260,15.965,694.492,0.998,57.874,7329,7489,2.490,1.990,1.150,1,0,0.998,0,0,18,284,1,40,0
17-06 02:34:51,22.585,18.068,57.717,0.251,0,5281920,266724,169192,2276888,8866369.513,88428.110,80.302,17397.339,6.023,109.411,8527,7714,2.490,1.990,1.150,1,0,291.093,0,0,18,280,1,44,0
17-06 02:34:52,17.211,10.476,70.838,0.249,0,5323620,224976,169192,2276920,4729.168,1616.298,0,339.223,0,20.952,3909,3441,2.490,1.990,1.150,1,0,212.513,0,0,18,280,1,42,0
17-06 02:34:53,20.022,7.008,72.079,0,0,5342608,205976,169192,2276932,5115.588,1621.772,0,360.394,0,21.023,2856,2030,2.370,1.970,1.150,1,0,73.080,0,0,18,280,1,42,0
17-06 02:34:54,8.479,19.700,69.824,0.499,0,5334500,214024,169192,2276992,4787.954,1615.935,0,1851.342,0,94.762,5244,4100,2.370,1.970,1.150,2,0,262.340,0,0,18,280,1,42,0
17-06 02:34:55,8.534,20.330,68.519,0,0,5319392,229084,169192,2277040,4582.017,1409.543,12.047,192.758,1.004,19.075,5246,3940,2.370,1.970,1.150,1,0,271.066,0,0,18,280,1,42,0
17-06 02:34:56,5.481,4.983,87.696,0,0,5310608,237848,169192,2277060,4316.049,1130.085,15.945,99.655,0.997,10.962,2185,2111,2.370,1.970,1.150,2,0,64.776,0,0,18,284,1,42,0
17-06 02:34:57,17.736,3.997,76.939,0.250,0,5339632,208776,169192,2277108,3183.492,485.617,47.962,83.934,1.998,11.991,1983,1751,2.370,1.970,1.150,1,0,8.993,0,0,18,284,1,41,0
17-06 02:34:58,19.257,2.501,78.027,0,0,5360876,187520,169192,2277120,13051.448,9449.220,0,0,0,0,2035,1600,2.180,1.940,1.140,1,0,0,0,0,18,286,1,41,0
17-06 02:34:59,15.809,12.045,70.513,0,0,5318520,229632,169196,2277356,5749.452,2509.363,72.270,88.330,6.022,6.022,4054,3141,2.180,1.940,1.140,1,0,131.491,0,0,18,288,1,42,0
17-06 02:35:00,12.737,16.233,68.679,0.250,0.250,5304484,243384,169196,2277624,5334.466,1688.249,31.967,499.482,1.998,45.952,5068,4077,2.180,1.940,1.140,2,0,159.834,0,0,18,288,1,42,0
17-06 02:35:01,14.264,18.518,65.062,0.500,0,5306560,241116,169196,2277816,6521.203,1459.388,4.004,564.537,1.001,58.055,5600,4716,2.180,1.940,1.140,1,0,178.169,0,0,18,294,1,41,0
17-06 02:35:02,14.454,13.457,70.028,0,0,5300316,247288,169196,2277872,6220.243,1614.871,3.987,143.544,0.997,10.965,4153,3006,2.180,1.940,1.140,2,0,138.560,0,0,18,294,1,41,0
17-06 02:35:03,21.997,3.999,72.240,0,0,5343928,203676,169196,2277872,5671.197,1511.786,0,151.978,0,10.998,2041,1622,2.080,1.930,1.140,2,0,1.000,0,0,18,294,1,41,0
17-06 02:35:04,24.049,3.257,71.897,0.251,0,5398020,149184,169196,2278272,5096.387,1569.198,388.792,444.907,12.025,39.080,2544,2311,2.080,1.930,1.140,2,0,4.008,0,0,18,298,1,41,0
17-06 02:35:05,24.247,3.000,71.240,0.250,0,5312080,235104,169196,2278288,4979.326,1619.781,0,2855.613,0,148.980,2480,2425,2.080,1.930,1.140,2,0,4.999,0,0,18,294,1,41,0
17-06 02:35:06,23.229,2.997,71.934,0,0,5341564,205592,169196,2278316,5471.957,1618.508,23.978,147.864,3.996,13.987,2027,1688,2.080,1.930,1.140,2,0,0,0,0,18,294,1,41,0
17-06 02:35:07,17.747,3.999,77.486,0,0,5370572,176576,169196,2278324,12122.802,9043.361,0,63.988,0,6.999,2313,2091,2.080,1.930,1.140,0,0,4.999,0,0,18,297,1,42,0
17-06 02:35:08,17.497,1.500,79.485,0,0,5375296,171836,169196,2278340,16363.961,12935.598,0,7.999,0,2.000,2191,1900,2.080,1.930,1.150,1,0,1.000,0,0,18,300,1,43,0
17-06 02:35:09,23.245,5.249,70.735,0.500,0,5305616,241512,169196,2278344,4619.007,1661.643,0,3383.273,0,463.900,2330,1741,2.080,1.930,1.150,1,0,14.997,0,0,18,294,1,43,0
17-06 02:35:10,24.757,2.501,71.770,0,0,5332120,214828,169196,2278528,4441.220,1620.445,48.013,1068.293,2.001,126.035,2151,1686,2.080,1.930,1.150,1,0,0,0,0,18,294,1,43,0
17-06 02:35:11,12.787,17.049,68.448,0.501,0,5304876,242020,169204,2278572,4951.342,1698.921,393.139,786.278,5.015,40.116,5403,4622,2.080,1.930,1.150,2,0,304.883,0,0,18,294,1,43,0
17-06 02:35:12,12.474,15.718,70.105,0.249,0,5322596,224200,169208,2278700,4849.977,1690.507,27.942,147.695,4.990,8.981,4862,3842,2.080,1.930,1.150,1,0,285.410,0,0,18,294,1,43,0
17-06 02:35:13,18.770,3.504,76.583,0,0,5338364,208376,169240,2278708,9345.069,3035.270,0,184.198,0,8.009,2108,1690,1.990,1.910,1.150,1,0,33.036,0,0,18,295,1,43,0
17-06 02:35:14,21.737,2.748,73.957,0,0,5315040,224684,169856,2284960,7528.641,3468.991,7.995,1011.414,1.999,22.987,2069,1677,1.990,1.910,1.150,1,0,2.998,0,0,18,294,1,43,0
17-06 02:35:15,23.263,7.004,68.038,0.250,0,5317404,221052,169888,2286164,4880.725,1532.856,0,980.548,0,26.015,10164,18480,1.990,1.910,1.150,2,0,13.007,0,0,18,294,1,43,0
17-06 02:35:16,19.764,5.004,73.052,0.250,0,5332664,205544,169944,2286356,11630.210,4704.321,16.011,580.410,3.002,29.020,9267,17118,1.990,1.910,1.150,2,0,13.009,0,0,18,295,1,43,0
17-06 02:35:17,21.411,5.477,71.701,0.498,0,5337184,200000,170072,2287220,4678.498,1517.674,3.983,1083.484,0.996,33.859,2395,2009,1.990,1.910,1.150,2,0,7.967,0,0,18,294,1,43,1
17-06 02:35:18,11.271,17.533,69.131,0,0,5282940,261108,170072,2280404,5332.101,1847.500,0,404.767,0,16.030,5010,3778,1.910,1.900,1.150,2,0,268.509,0,0,18,294,1,43,0
17-06 02:35:19,21.988,4.747,72.460,0,0,5337672,206376,170072,2280404,5415.017,1499.174,0,0,0,0,2033,1611,1.910,1.900,1.150,1,0,0,0,0,18,294,1,43,0
17-06 02:35:20,19.053,1.755,77.464,0,0,5350004,193796,170072,2280652,13790.031,10379.626,48.133,16144.524,2.006,34.094,2299,2167,1.910,1.900,1.150,3,0,0,0,0,18,298,1,44,0
17-06 02:35:21,19.730,9.491,69.182,0,0.250,5328476,215288,170072,2280688,6710.362,3056.976,15.984,507.498,0.999,43.957,3809,3246,1.910,1.900,1.150,2,0,116.884,0,0,18,296,1,46,0
17-06 02:35:22,19.496,2.999,76.483,0,0,5335284,208476,170072,2280692,7216.393,4078.092,0,147.967,0,9.998,1905,1574,1.910,1.900,1.150,1,0,0,0,0,18,297,1,46,0
17-06 02:35:23,19.198,7.231,72.554,0,0,5310740,233008,170072,2280704,11266.636,7742.134,0,119.677,0,7.978,2826,2185,1.920,1.900,1.150,2,0,69.812,0,0,18,296,1,47,0
17-06 02:35:24,22.276,3.254,73.335,0,0,5362476,181272,170072,2280704,5415.264,2309.672,0,0,0,0,1933,1407,1.920,1.900,1.150,0,0,0,0,0,18,297,1,47,0
17-06 02:35:25,17.290,3.508,77.930,0.251,0,5312752,230836,170072,2280864,17298.029,13829.002,16.037,1643.804,1.002,276.640,2465,1972,1.920,1.900,1.150,2,0,22.051,0,0,18,296,1,46,0
17-06 02:35:26,22.682,5.234,71.037,0,0,5334552,209032,170072,2280868,4926.204,1708.867,0,75.772,0,6.979,2538,2054,1.920,1.900,1.150,1,0,33.898,0,0,18,296,1,46,0
17-06 02:35:27,17.990,1.749,78.457,0,0,5350372,193192,170072,2280888,15197.583,11900.409,0,0,0,0,2169,1803,1.920,1.900,1.150,3,0,0,0,0,18,296,1,49,0
17-06 02:35:28,20.508,6.753,71.779,0,0,5342124,201436,170072,2280892,4821.939,1620.652,0,0,0,0,2394,1780,1.840,1.880,1.150,2,0,32.013,0,0,18,296,1,49,0
17-06 02:35:29,19.026,2.253,77.605,0,0.250,5362288,181260,170072,2280904,11767.963,9431.794,0,0,0,0,2096,1799,1.840,1.880,1.150,0,0,2.003,0,0,18,297,1,43,0
17-06 02:35:30,19.225,7.241,71.907,0.250,0,5289360,254112,170072,2280980,8578.957,4691.961,31.959,519.332,1.997,54.929,3680,3970,1.840,1.880,1.150,3,0,49.936,0,0,18,296,1,44,0
17-06 02:35:31,23.024,3.754,72.074,0.250,0,5319792,223660,170072,2281000,7118.281,4083.176,0,468.479,0,47.048,2937,3043,1.840,1.880,1.150,1,0,3.003,0,0,18,297,1,44,0
17-06 02:35:32,20.255,5.251,73.018,0.250,0,5292316,251128,170072,2281008,12813.214,9296.331,0,204.051,0,12.003,2775,2314,1.840,1.880,1.150,1,0,32.008,0,0,18,296,1,47,0
17-06 02:35:33,20.496,2.999,75.737,0.250,0,5350884,192552,170072,2281016,6401.896,3585.382,0,151.974,0,9.998,1897,1469,1.780,1.870,1.150,0,0,0,0,0,18,297,1,42,0
17-06 02:35:34,17.483,1.998,79.175,0,0,5345224,198196,170072,2281032,14469.253,10654.877,0,319.696,0,31.970,2604,2694,1.780,1.870,1.150,1,0,0,0,0,18,296,1,43,0
17-06 02:35:35,6.503,11.005,79.037,1.501,0,5314728,227464,170620,2281712,9400.378,4017.871,1124.524,208.097,251.117,16.007,3782,3365,1.780,1.870,1.150,0,0,180.084,0,0,18,298,1,43,0
17-06 02:35:36,3.761,7.772,87.497,0.251,0,5309492,232648,170624,2281760,15702.411,3296.323,0,348.987,0,23.065,2786,2520,1.780,1.870,1.150,0,0,125.355,0,0,18,296,2,44,0
17-06 02:35:37,4.246,6.744,87.676,0,0,5312972,229160,170624,2281768,11158.591,4834.923,0,547.538,0,24.979,2514,2345,1.780,1.870,1.150,1,0,85.928,0,0,18,296,1,37,0
17-06 02:35:38,15.474,10.981,71.628,0.250,0,5335352,199788,170636,2288700,4731.965,1617.254,243.586,163.722,14.975,12.978,3549,2841,1.710,1.850,1.150,1,0,127.783,0,0,18,296,1,37,0
17-06 02:35:39,20.236,2.748,75.447,0.250,0,5324924,205760,170720,2292976,8740.814,2728.069,0,815.423,0,9.993,2109,1738,1.710,1.850,1.150,1,0,15.989,0,0,18,297,1,37,0
17-06 02:35:40,18.232,3.497,77.176,0.500,0,5320816,205656,170804,2297072,11905.554,4906.283,31.969,3896.254,0.999,383.631,2549,2548,1.710,1.850,1.150,1,0,14.986,0,0,18,296,1,37,0
17-06 02:35:41,10.506,18.261,67.291,1.251,0,5258276,265476,170940,2299624,3283.020,324.199,1444.889,4358.682,24.015,255.157,5948,5336,1.710,1.850,1.150,1,0,291.179,0,0,18,296,1,37,0
17-06 02:35:42,23.000,4.000,72.500,0,0,5329340,194412,170940,2299624,5154.027,1134.006,0,160.001,0,11.000,2078,1632,1.710,1.850,1.150,3,0,0,0,0,18,296,1,31,0
17-06 02:35:43,18.328,3.264,77.328,0,0,5306740,216996,170940,2299640,30060.401,25060.210,0,112.477,0,8.034,2281,1930,1.660,1.840,1.150,3,0,21.089,0,0,18,296,1,33,0
17-06 02:35:44,26.387,6.721,65.718,0,0,5355280,168436,170940,2299660,5693.548,1451.765,0,227.025,0,30.867,3274,13231,1.660,1.840,1.150,1,0,61.735,0,0,18,296,1,34,0
17-06 02:35:45,18.025,2.754,77.357,0.501,0,5372184,150900,170940,2300296,14318.787,10392.361,496.686,192.266,29.040,20.028,2526,2491,1.660,1.840,1.150,1,0,0,0,0,18,296,1,36,0
17-06 02:35:46,21.989,4.997,71.964,0,0,5332712,190372,170940,2300296,5294.318,1689.144,0,359.818,0,26.986,2451,2154,1.660,1.840,1.150,1,0,13.993,0,0,18,296,1,32,0
17-06 02:35:47,16.733,2.997,79.171,0,0,5354456,168624,170940,2300300,10573.421,7797.199,0,0,0,0,1858,1527,1.660,1.840,1.150,0,0,0,0,0,18,297,1,32,0
17-06 02:35:48,24.277,5.506,66.823,1.502,0,5326120,194632,170948,2302620,7357.053,3140.437,2194.402,3071.362,90.099,269.295,6150,8839,2.400,1.990,1.200,1,0,6.007,0,0,18,296,1,33,0
17-06 02:35:49,23.013,3.752,72.292,0.500,0,5368528,152224,170948,2302620,4100.361,1458.840,0,336.194,0,27.016,2251,1908,2.400,1.990,1.200,1,0,0,0,0,18,296,1,33,0
17-06 02:35:50,16.280,2.505,79.397,0,0,5366104,154584,170948,2302684,14208.250,11305.888,32.059,532.985,1.002,65.120,2918,3206,2.400,1.990,1.200,2,0,0,0,0,18,297,1,28,0
17-06 02:35:51,20.717,8.986,67.641,1.248,0,5327872,192644,170948,2302856,6476.589,2841.432,127.795,5079.834,5.990,242.610,5170,6382,2.400,1.990,1.200,2,0,76.876,0,0,18,296,1,29,0
17-06 02:35:52,8.517,22.794,66.379,0.250,0,5325156,195340,170952,2302872,5170.080,1623.165,0,1382.696,0,65.127,5771,4466,2.400,1.990,1.200,1,0,377.736,0,0,18,296,1,29,0
17-06 02:35:53,8.003,23.258,66.522,0,0,5316636,203840,170952,2302892,5239.728,1458.481,0,336.111,0,26.009,5495,3987,2.370,1.990,1.200,2,0,339.112,0,0,18,296,1,29,0
17-06 02:35:54,8.446,23.102,65.332,0.248,0,5313996,206432,170952,2302940,5186.836,1609.708,0,1184.427,0,70.549,5725,4285,2.370,1.990,1.200,2,0,343.802,0,0,18,296,1,25,0
17-06 02:35:55,7.797,23.391,66.902,0,0,5311824,208584,170952,2302960,5010.142,1629.805,0,132.799,0,17.103,5822,4483,2.370,1.990,1.200,1,0,394.373,0,0,18,296,1,25,0
17-06 02:35:56,8.238,22.967,66.654,0.250,0,5305732,214652,170952,2302984,5169.574,1617.676,0,2168.884,0,332.522,6022,4580,2.370,1.990,1.200,2,0,384.448,0,0,18,296,1,25,0
17-06 02:35:57,8.517,23.047,67.388,0,0,5292392,227968,170952,2303008,4809.820,1623.314,0,36.074,0,9.018,5844,4436,2.370,1.990,1.200,1,0,400.818,0,0,18,296,1,25,0
17-06 02:35:58,8.741,21.976,66.678,0,0,5285316,235024,170952,2303028,5454.140,1618.261,0,23.974,0,5.994,5737,4186,2.260,1.970,1.200,1,0,369.603,0,0,18,296,1,25,0
17-06 02:35:59,7.745,22.235,67.955,0,0,5288512,231804,170952,2303052,4694.881,1457.032,0,67.955,0,8.994,5553,4053,2.260,1.970,1.200,2,0,339.774,0,0,18,296,1,25,0
17-06 02:36:00,10.008,22.517,66.050,0.250,0,5283976,236180,170952,2303212,4683.544,1663.258,0,740.560,0,49.037,6070,5059,2.260,1.970,1.200,1,0,372.282,0,0,18,296,1,25,0
17-06 02:36:01,8.750,22.751,65.752,0.250,0,5276652,243472,170952,2303244,5855.213,1458.053,0,456.017,0,40.001,6004,5000,2.260,1.970,1.200,1,0,342.012,0,0,18,296,1,25,0
17-06 02:36:02,14.720,12.225,71.105,0.249,0,5284008,351316,170960,2199284,6466.856,1686.572,3.992,223.546,0.998,11.976,3646,2863,2.260,1.970,1.200,1,1,133.728,0,0,18,296,1,24,0
17-06 02:36:03,22.975,3.746,72.672,0,0,5296664,328176,171296,2209432,6610.926,1456.442,0,2385.448,0,11.987,2208,1738,2.160,1.960,1.200,2,0,2.997,0,0,18,296,1,24,0
17-06 02:36:04,16.263,2.002,79.811,0.500,0,5311092,312192,171296,2210988,16448.659,7468.748,568.437,1493.149,27.021,40.031,2026,1834,2.160,1.960,1.200,2,0,16.012,0,0,18,297,1,24,0
17-06 02:36:05,13.275,1.503,82.907,1.002,0,5311692,310612,171296,2211956,26565.405,14980.424,504.958,1751.323,54.103,54.103,1772,1692,2.160,1.960,1.200,3,0,0,0,0,18,297,1,24,0
17-06 02:36:06,16.496,1.250,80.230,1.000,0,5333172,287716,171296,2213364,20969.693,12378.867,1183.700,1347.659,57.985,39.990,1810,1613,2.160,1.960,1.200,0,0,0,0,0,18,297,1,24,0
17-06 02:36:07,16.480,1.498,80.652,0.749,0,5338528,280832,171296,2214880,21601.745,11470.059,1178.568,1382.320,53.934,41.949,1898,1730,2.160,1.960,1.200,1,0,1.998,0,0,18,297,1,24,0
17-06 02:36:08,17.007,2.251,78.281,1.250,0,5331900,257364,171296,2244968,16331.479,9072.599,12472.948,1172.465,141.056,37.015,1985,1717,1.990,1.930,1.190,1,0,1.000,0,0,18,297,1,24,0
17-06 02:36:09,22.984,2.748,72.700,0.500,0,5336376,237496,171296,2260132,4694.771,1582.911,0,1307.101,0,59.959,2187,1920,1.990,1.930,1.190,1,0,0,0,0,18,297,1,24,0
17-06 02:36:10,25.066,2.757,70.687,0.501,0,5336896,221140,171296,2275672,3589.492,1082.863,0,1941.133,0,69.183,2590,2478,1.990,1.930,1.190,3,0,0,0,0,18,297,1,22,0
17-06 02:36:11,23.693,3.741,69.832,1.496,0,5344108,191920,171544,2297260,4566.034,1689.941,0,22936.914,0,498.802,3312,3608,1.990,1.930,1.190,2,0,0.998,0,0,18,297,1,22,0
17-06 02:36:12,23.256,4.001,70.767,1.000,0,5348292,170764,171836,2313652,4381.081,1694.418,0,2872.709,0,238.059,2627,2356,1.990,1.930,1.190,1,0,6.001,0,0,18,297,1,22,0
17-06 02:36:13,23.006,2.751,72.270,0.500,0,5348716,146080,172636,2336816,4381.185,1694.458,0,2672.723,0,97.026,2396,2259,1.910,1.910,1.190,2,0,0,0,0,18,297,1,22,0
17-06 02:36:14,22.707,4.491,72.113,0,0,5366436,145728,172680,2319372,4399.634,1810.557,0,239.545,0,8.983,2202,1697,1.910,1.910,1.190,2,0,18.964,0,0,18,296,1,22,0
17-06 02:36:15,19.499,4.500,74.996,0.250,0,5375872,130144,172800,2325352,11581.428,4742.766,0,1779.912,0,40.998,2567,2283,1.910,1.910,1.190,3,0,19.999,0,0,18,296,1,22,0
17-06 02:36:16,40.897,11.291,45.664,0,0,5397896,125348,172824,2308228,4986.930,1591.723,513.848,562.021,4.014,14.051,11081,18782,1.910,1.910,1.190,3,0,20.072,0,0,18,296,1,22,0
17-06 02:36:17,31.466,9.490,57.439,0,0,5356612,166468,172832,2308384,5154.511,1618.277,511.455,87.906,3.996,0.999,10498,17791,1.910,1.910,1.190,2,0,16.982,0,0,18,296,1,22,0
17-06 02:36:18,20.535,5.509,72.374,0.501,0,5307556,222928,172836,2301056,5048.653,1696.908,0,2079.564,0,29.050,2287,1759,1.840,1.890,1.190,2,0,12.021,0,0,18,296,1,22,0
17-06 02:36:19,23.200,5.488,69.101,0,0,5314280,216192,172836,2301068,5088.993,1616.504,3.991,0,0.998,0,9898,17697,1.840,1.890,1.190,1,0,50.890,0,0,18,296,1,22,0
17-06 02:36:20,21.535,4.758,73.120,0,0,5333888,196540,172836,2301112,9290.305,2962.881,16.026,809.333,1.002,32.053,2760,2537,1.840,1.890,1.190,0,1,35.058,0,0,18,297,1,22,0
17-06 02:36:21,21.758,3.751,72.528,0.750,0,5339884,184220,172836,2307360,7330.831,3236.250,0,1872.723,0,66.025,2550,2463,1.840,1.890,1.190,1,0,5.002,0,0,18,296,1,22,0
17-06 02:36:22,21.503,6.751,70.260,0,0,5356096,166844,172836,2308508,5220.713,1620.221,0,88.012,0,1.000,9528,17202,1.840,1.890,1.190,1,0,13.002,0,0,18,296,1,22,0
17-06 02:36:23,21.408,6.970,69.202,0,0,5368832,154000,172852,2308600,4618.100,1525.427,0,1055.452,0,188.189,9949,17520,1.770,1.880,1.190,1,0,18.918,0,0,18,296,1,19,0
17-06 02:36:24,23.059,5.013,70.933,0,0,5333796,196544,172876,2301120,4631.932,1624.184,0,1122.893,0,33.085,2584,2102,1.770,1.880,1.190,1,0,23.059,0,0,18,296,1,19,0
17-06 02:36:25,22.936,6.981,68.559,0,0,5319228,211084,172876,2301148,4325.962,1453.954,0,99.722,0,6.981,3607,3150,1.770,1.880,1.190,1,0,96.731,0,0,18,296,1,19,0
17-06 02:36:26,26.282,4.255,68.833,0,0,5317704,201980,172912,2311620,5027.028,1553.863,0,1105.325,0,23.028,2786,2565,1.770,1.880,1.190,3,0,5.006,0,0,18,296,1,19,0
17-06 02:36:27,15.011,2.001,81.309,0.250,0,5316968,201980,172928,2312320,18514.413,7292.283,4.003,828.600,1.001,16.012,1917,1662,1.770,1.880,1.190,1,0,16.012,0,0,18,297,1,17,0
17-06 02:36:28,13.984,1.998,82.407,0.749,0,5329740,188740,173032,2312660,25948.790,14932.191,0,1606.192,0,50.943,1834,1689,1.710,1.860,1.190,1,1,0,0,0,18,297,1,17,0
17-06 02:36:29,5.257,1.001,92.381,0.501,0,5327284,190892,173128,2312864,65826.253,8925.644,0,1101.561,0,48.068,1361,1576,1.710,1.860,1.190,0,0,0,0,0,18,298,1,17,0
17-06 02:36:30,13.522,1.502,82.634,0.751,0,5335232,182576,173248,2313112,106126.659,11227.266,16.026,1722.803,1.002,92.150,2234,2517,1.710,1.860,1.190,3,0,0,0,0,18,298,1,17,0
17-06 02:36:31,16.475,1.997,79.378,0.998,0,5331348,186056,173384,2313372,22709.991,12944.046,0,1641.470,0,74.885,2300,2509,1.710,1.860,1.190,1,0,0.998,0,0,18,298,1,13,0
17-06 02:36:32,11.992,1.249,85.190,0.250,0,5342664,174212,173440,2313828,315993.799,13366.559,0,939.337,0,26.981,1837,1633,1.710,1.860,1.190,1,0,0,0,0,18,298,1,13,0
17-06 02:36:33,8.262,2.003,86.374,1.252,0,5342424,173708,173844,2314148,129309.090,22375.027,32.046,2864.100,5.007,134.192,1939,2134,1.650,1.850,1.190,2,0,0,0,0,18,298,1,13,0
17-06 02:36:34,14.961,1.496,82.037,0.748,0,5343032,172448,174032,2314604,38406.450,15069.938,103.731,2250.168,5.984,95.752,1971,2004,1.650,1.850,1.190,2,0,0,0,0,18,298,1,13,0
17-06 02:36:35,4.757,3.255,89.130,0.250,0,5348052,152808,174064,2329144,3385093.178,54623.717,0,1754.561,0,13.019,3917,2944,1.650,1.850,1.190,1,0,2.003,0,0,18,298,1,9,0
17-06 02:36:36,6.003,3.002,87.800,0.500,0,5341516,142552,174120,2345808,8647148.049,85516.667,0,4998.845,0,33.019,4774,3398,1.650,1.850,1.190,1,0,2.001,0,0,18,298,1,9,0
17-06 02:36:37,10.994,3.748,81.708,0.750,0.250,5338972,123364,174280,2367296,6576399.071,64595.683,163.915,24783.217,3.998,144.925,4308,3529,1.650,1.850,1.190,1,0,0.999,0,0,18,298,1,9,0
17-06 02:36:38,22.273,3.504,72.575,1.001,0,5339228,119212,177136,2368116,5105.247,1621.667,0,4388.511,0,97.100,2435,2192,1.600,1.840,1.190,1,0,1.001,0,0,18,298,1,9,0
17-06 02:36:39,22.745,3.749,71.983,0.250,0,5344968,127916,177972,2352960,5056.803,1457.655,0,2443.422,0,225.947,2351,1990,1.600,1.840,1.190,1,0,0,0,0,18,298,1,7,0
17-06 02:36:40,23.986,3.248,71.708,0.250,0,5347100,119624,178372,2358592,5616.746,1619.062,0,1063.384,0,35.979,2518,2222,1.600,1.840,1.190,1,0,0,0,0,18,298,1,7,0
17-06 02:36:41,22.023,8.259,67.821,1.001,0,5349428,141516,179348,2334212,5482.717,1621.691,0,79234.622,0,730.762,3543,3812,1.600,1.840,1.190,1,0,1.001,0,0,18,298,1,7,0
17-06 02:36:42,22.460,4.492,70.124,0.749,0,5348808,125084,180248,2350080,5707.741,1455.384,0,66795.940,0,563.986,3644,4031,1.600,1.840,1.190,1,0,0,0,0,18,298,1,7,0
17-06 02:36:43,23.020,3.503,72.313,0.250,0,5353180,121660,181576,2347376,5764.990,1621.403,0,516.447,0,24.021,2188,1735,1.550,1.820,1.180,1,0,0,0,0,18,298,1,7,0
17-06 02:36:44,28.502,5.250,64.505,0.250,0,5350688,129316,182308,2341316,6198.506,1458.119,0,2464.201,0,45.004,3320,13343,1.550,1.820,1.180,1,0,36.003,0,0,18,298,1,8,0
17-06 02:36:45,23.746,4.499,70.489,0.750,0,5377604,149344,183256,2292624,5841.103,1751.731,0,3023.536,0,120.981,2930,3041,1.550,1.820,1.180,1,0,0,0,0,18,296,1,8,2
17-06 02:36:46,23.272,4.254,71.566,0.250,0,5317196,210840,183260,2291548,5692.277,1675.553,0,816.757,0,29.027,2560,2264,1.550,1.820,1.180,1,0,19.018,0,0,18,296,1,8,0
17-06 02:36:47,19.253,5.751,73.262,0.750,0.250,5308668,213344,183500,2297288,11403.869,4743.777,0,98504.140,0,1027.168,4226,4599,1.550,1.820,1.180,1,0,19.003,0,0,18,296,1,3,0
17-06 02:36:48,23.003,5.251,69.258,0,0,5366780,153408,183564,2298832,4740.554,1620.189,0,420.049,0,8.001,10029,18477,1.590,1.830,1.190,1,0,14.002,0,0,18,296,1,3,0
17-06 02:36:49,22.761,6.503,70.035,0.250,0,5363880,156180,183576,2298952,4340.156,1458.725,0,2885.433,0,137.068,8808,16124,1.590,1.830,1.190,2,0,5.002,0,0,18,296,1,3,0
17-06 02:36:50,19.481,6.744,71.931,0.250,0,5358912,161008,183580,2299052,2837.281,539.483,0,715.315,0,27.973,2408,2129,1.590,1.830,1.190,3,0,14.986,0,0,18,296,1,3,0
17-06 02:36:51,22.260,4.252,72.033,0.500,0,5301204,226296,183580,2291680,4318.975,1080.494,4.002,1108.507,1.000,45.021,2465,2317,1.590,1.830,1.190,3,0,7.003,0,0,18,296,1,1,0
17-06 02:36:52,21.260,4.002,73.034,1.000,0,5306340,216972,183580,2295868,5060.371,1458.684,1728.810,0,160.075,0,2439,2304,1.590,1.830,1.190,2,0,0,0,0,18,297,1,1,0
17-06 02:36:53,25.501,4.750,66.253,1.000,0,5306984,215460,183580,2296736,5100.250,1620.080,528.026,3248.159,32.002,215.011,7340,10697,1.940,1.890,1.210,1,0,1.000,0,0,18,299,1,8,0
17-06 02:36:54,17.457,13.716,65.838,1.496,0,5303268,218516,183580,2297396,5087.445,1616.012,510.740,2178.624,23.941,178.559,5838,6205,1.940,1.890,1.210,1,0,166.589,0,0,18,298,1,8,0
17-06 02:36:55,9.744,18.488,68.456,0.500,0.250,5304112,216776,183580,2298292,5336.602,1618.969,859.453,303.807,8.994,17.989,5182,3824,1.940,1.890,1.210,1,0,260.834,0,0,18,300,1,8,0
17-06 02:36:56,10.996,6.498,70.477,9.497,0.250,5278904,232316,183592,2307948,5543.199,2634.144,9660.861,4062.680,1638.468,179.942,4295,6051,1.940,1.890,1.210,0,0,25.992,0,0,18,299,1,10,0
17-06 02:36:57,1.252,0.751,97.376,0,0,5273484,237736,183592,2307948,24836.164,3401.405,0,96.124,0,10.013,944,1343,1.940,1.890,1.210,0,0,0,0,0,18,299,1,10,0
17-06 02:36:58,5.499,4.749,88.489,0,0,5238300,271988,183608,2308848,721659.537,13698.245,115.985,547.930,4.999,11.998,2362,2226,1.860,1.880,1.210,0,0,34.996,0,0,18,298,1,10,0
17-06 02:36:59,0.500,1.000,97.254,0,0,5229612,280676,183608,2308848,4666.175,1566.059,0,2316.087,0,373.014,1061,1349,1.860,1.880,1.210,0,0,0,0,0,18,298,1,10,0
17-06 02:37:00,1.250,1.250,96.530,0.250,0,5226144,284144,183608,2308848,4893.544,1512.477,0,432.136,0,23.007,1189,1775,1.860,1.880,1.210,0,0,0,0,0,18,298,1,10,0
17-06 02:37:01,1.249,0.500,96.435,0.500,0,5223140,287148,183608,2308848,5833.048,1702.846,0,223.848,0,29.980,1427,2217,1.860,1.880,1.210,0,0,0.999,0,0,18,298,1,10,0
17-06 02:37:02,1.001,0.500,97.801,0,0,5220288,289996,183608,2308852,6485.393,1620.848,0,4.002,0,1.001,985,1337,1.860,1.880,1.210,0,0,0,0,0,18,298,1,10,0
17-06 02:37:03,1.000,0.500,97.483,0.250,0,5217788,292496,183608,2308852,5339.090,1661.717,0,63.989,0,8.998,932,1336,1.710,1.850,1.210,1,0,0,0,0,18,298,1,10,0
17-06 02:37:04,1.499,0.750,96.452,0.250,0,5215580,294676,183608,2308880,5097.462,1619.194,15.992,711.646,1.000,62.969,1380,2122,1.710,1.850,1.210,0,0,0,0,0,18,298,1,10,0
17-06 02:37:05,1.250,0.500,97.002,0,0,5213672,296584,183608,2308880,4998.085,1458.025,0,0,0,0,875,1259,1.710,1.850,1.210,0,0,0,0,0,18,298,1,10,0
17-06 02:37:06,1.000,1.000,97.537,0,0,5212000,298256,183608,2308880,5599.124,1620.615,0,0,0,0,889,1250,1.710,1.850,1.210,0,0,0,0,0,18,298,1,10,0
17-06 02:37:07,1.503,0.251,97.205,0,0,5210520,299732,183608,2308884,4888.284,1461.074,0,0,0,0,1064,1463,1.710,1.850,1.210,0,0,2.004,0,0,18,298,1,10,0
17-06 02:37:08,1.246,0.249,97.170,0,0,5209732,300520,183608,2308884,4963.156,1614.521,0,3.986,0,0.997,856,1227,1.580,1.820,1.200,0,0,0,0,0,18,298,1,10,0
17-06 02:37:09,1.000,3.999,94.233,0,0,5210692,299560,183608,2308884,4637.163,1457.737,0,27.995,0,2.000,1005,1234,1.580,1.820,1.200,0,0,0,0,0,18,298,1,10,0
17-06 02:37:10,1.500,0.750,97.268,0,0,5210692,299560,183608,2308884,4320.779,1620.292,0,60.011,0,9.002,966,1343,1.580,1.820,1.200,0,0,0,0,0,18,298,1,10,0
17-06 02:37:11,2.000,1.000,95.231,0.250,0,5202412,307832,183608,2308892,4834.014,1531.687,0,151.969,0,20.996,1317,1865,1.580,1.820,1.200,0,0,1.000,0,0,18,298,1,10,0
17-06 02:37:12,1.502,2.253,94.871,0,0,5204168,306076,183608,2308892,4625.905,1696.165,0,17918.875,0,300.383,1982,2497,1.580,1.820,1.200,0,0,6.008,0,0,18,298,1,10,0
17-06 02:37:13,1.249,0.250,97.458,0,0,5204168,306076,183608,2308892,4875.912,1531.344,0,0,0,0,871,1218,1.450,1.790,1.190,0,0,0,0,0,18,298,1,10,0
17-06 02:37:14,0.999,0.999,96.645,0.250,0,5204384,305852,183608,2308900,4632.974,1530.340,0,663.280,0,31.965,1216,1820,1.450,1.790,1.190,0,0,0,0,0,18,298,1,10,0
17-06 02:37:15,2.749,2.249,93.970,0,0,5214448,295784,183608,2308904,4354.591,1369.557,0,83.973,0,11.996,1454,1874,1.450,1.790,1.190,1,0,1.999,0,0,18,298,1,10,0
17-06 02:37:16,19.769,6.256,72.569,0,0,5263316,246912,183608,2308908,4765.517,1479.402,512.486,100.095,4.004,13.012,2454,2065,1.450,1.790,1.190,2,0,6.006,0,0,18,298,1,10,0
17-06 02:37:17,12.013,6.507,80.339,0,0,5266564,243652,183608,2308920,5165.710,1621.793,512.567,74270.089,4.004,832.921,3581,3769,1.450,1.790,1.190,1,0,4.004,0,0,18,298,1,10,0
17-06 02:37:18,2.502,5.254,90.825,0,0,5255652,254652,183608,2309108,5044.142,1695.392,180.148,1329.091,9.007,24.020,1991,2036,1.330,1.760,1.190,1,0,79.065,0,0,18,298,1,10,0
17-06 02:37:19,8.747,21.492,67.474,0,0,5262272,248012,183608,2309128,4770.158,1511.416,0,0,0,0,5989,4574,1.330,1.760,1.190,1,0,394.848,0,0,18,298,1,10,0
17-06 02:37:20,8.019,19.547,70.170,0.251,0,5262588,247672,183608,2309152,4496.894,1569.803,0,1078.613,0,215.522,5871,4582,1.330,1.760,1.190,1,0,367.891,0,0,18,298,1,10,0
17-06 02:37:21,8.250,19.750,68.999,0.750,0,5261320,248788,183608,2309304,4936.954,1619.985,0,3531.967,0,168.998,6742,6221,1.330,1.760,1.190,1,0,444.996,0,0,18,298,1,10,0
17-06 02:37:22,8.964,21.913,67.481,0.249,0,5262500,247572,183612,2309336,4780.918,1687.266,7.968,2764.964,1.992,27.889,6446,5525,1.330,1.760,1.190,2,0,493.032,0,0,18,298,1,10,0
17-06 02:37:23,7.749,19.497,69.490,0,0,5262472,247556,183612,2309380,4679.320,1619.765,19.997,271.960,1.000,3.999,5784,4544,1.310,1.740,1.180,1,0,386.944,0,0,18,298,1,10,0
17-06 02:37:24,19.026,5.508,74.103,0.250,0,5275812,231244,183764,2312184,5294.334,2299.185,2956.095,400.555,58.080,30.042,3374,2994,1.310,1.740,1.180,0,0,54.075,0,0,18,299,1,10,0
17-06 02:37:25,1.501,1.001,96.308,0,0,5274192,232824,183764,2312224,39325.623,2569.544,0,88.053,0,6.004,1060,1372,1.310,1.740,1.180,0,0,0,0,0,18,299,1,10,0
17-06 02:37:26,1.995,0.748,95.521,0.249,0,5266016,240820,183764,2312404,200555.234,5881.929,0,103.752,0,10.974,1253,1512,1.310,1.740,1.180,1,0,0,0,0,18,299,1,10,0
17-06 02:37:27,4.001,2.501,92.781,0,0,5259924,246464,183764,2312852,467787.867,12994.330,0,0,0,0,1987,2157,1.310,1.740,1.180,0,0,3.001,0,0,18,299,1,10,0
17-06 02:37:28,4.515,1.505,92.301,0,0,5257856,247884,183772,2313492,670068.308,18943.810,4.013,156.511,1.003,6.020,2290,2163,1.200,1.720,1.180,0,0,2.007,0,0,18,299,1,12,0
17-06 02:37:29,3.495,1.498,92.611,0,0,5255800,249128,183772,2314304,853098.428,26415.472,0,2256.623,0,19.970,2500,2513,1.200,1.720,1.180,1,0,0.999,0,0,18,299,1,12,0
17-06 02:37:30,1.999,0.500,95.940,0,0,5254756,250136,183772,2314340,44406.042,2324.536,0,151.904,0,13.991,1262,1725,1.200,1.720,1.180,0,0,0,0,0,18,299,1,12,0
17-06 02:37:31,2.496,1.498,94.363,0.499,0,5254572,250136,183772,2314524,192392.631,5723.718,0,295.572,0,31.954,1735,2343,1.200,1.720,1.180,0,0,0.999,0,0,18,299,1,12,0
17-06 02:37:32,1.750,1.000,96.020,0,0,5254224,250136,183772,2314872,380408.473,9908.044,0,136.028,0,10.002,1439,1592,1.200,1.720,1.180,0,0,0,0,0,18,299,1,12,0
17-06 02:37:33,2.000,1.250,95.247,0,0,5253544,250136,183780,2315544,718220.433,17326.456,8.000,2203.931,2.000,16.999,1623,1837,1.190,1.700,1.180,0,0,0,0,0,18,299,1,12,0
17-06 02:37:34,1.501,1.001,95.835,0.250,0,5253376,250136,183780,2315712,144627.732,3447.068,32.029,968.862,1.001,60.053,1379,1902,1.190,1.700,1.180,0,0,0,0,0,18,299,1,12,0
17-06 02:37:35,1.500,0.750,96.508,0,0,5253184,250256,183780,2315784,73850.963,3101.250,0,1076.087,0,203.016,1170,1428,1.190,1.700,1.180,0,0,0,0,0,18,299,1,12,0
17-06 02:37:36,1.001,0.500,97.063,0,0,5252976,250256,183780,2315992,216688.879,3932.539,0,224.145,0,3.002,1037,1307,1.190,1.700,1.180,0,0,0,0,0,18,299,1,12,0
17-06 02:37:37,1.998,0.749,96.393,0,0,5252872,250032,183780,2316320,341654.413,4321.199,0,327.636,0,1.998,1171,1508,1.190,1.700,1.180,1,0,0,0,0,18,299,1,12,0
17-06 02:37:38,3.249,1.250,94.223,0.250,0,5246916,255700,183784,2316604,295003.933,6106.281,3.999,495.860,1.000,11.997,1242,1467,1.090,1.670,1.170,1,0,0,0,0,18,298,1,13,0
17-06 02:37:39,12.248,13.248,69.990,2.250,0,5296504,183240,184288,2338684,4411.381,1511.788,3015.577,23920.641,55.992,737.896,5971,7112,1.090,1.670,1.170,1,0,95.987,0,0,18,298,1,13,0
17-06 02:37:40,11.279,13.785,69.175,3.760,0,5288520,182436,184880,2345808,4597.619,1569.968,28.071,14344.251,4.010,1520.843,7508,9744,1.090,1.670,1.170,1,0,107.271,0,0,18,298,1,13,0
17-06 02:37:41,23.524,7.758,66.317,1.251,0,5298420,171472,184928,2346740,5002.066,1621.642,0,1709.732,0,105.106,3865,3280,1.090,1.670,1.170,1,0,37.038,0,0,18,298,1,13,0
17-06 02:37:42,23.745,8.498,66.237,0.500,0,5303236,165660,184964,2347528,5398.962,1619.689,0,1499.712,0,89.983,3617,2823,1.090,1.670,1.170,1,0,33.993,0,0,18,298,1,13,0
17-06 02:37:43,23.261,6.503,68.532,0.500,0,5297780,168084,185192,2349932,6963.292,1620.766,0,1376.651,0,60.028,3320,2849,1.160,1.680,1.180,1,0,24.011,0,0,18,298,1,13,0
17-06 02:37:44,27.650,8.718,62.274,0.498,0,5265844,195868,185284,2353068,5918.488,1614.133,95.652,1179.712,15.942,62.772,4506,10277,1.160,1.680,1.180,1,0,51.812,0,0,18,298,1,13,0
17-06 02:37:45,15.531,11.022,70.141,1.503,0,5321276,149052,185432,2344288,5110.261,1623.259,609.223,5619.283,55.111,115.231,4148,4782,1.160,1.680,1.180,1,0,34.068,0,0,18,298,1,13,0
17-06 02:37:46,15.498,12.499,70.743,0,0,5331212,136212,185444,2344352,4774.534,1457.858,235.977,3375.671,11.999,149.985,3263,2646,1.160,1.680,1.180,1,0,55.995,0,0,18,298,1,13,0
17-06 02:37:47,23.754,2.750,72.262,0,0,5369572,120712,185472,2321996,3264.528,398.064,32.005,0,8.001,0,1974,1384,1.160,1.680,1.180,2,0,4.001,0,0,18,298,1,13,0
17-06 02:37:48,2.998,2.498,92.693,0.250,0,5290236,252588,185476,2270716,3845.637,1187.270,23.985,3837.642,2.998,224.862,1644,1804,1.070,1.650,1.170,0,0,15.990,0,0,18,298,1,13,0
17-06 02:37:49,1.747,0.499,96.853,0,0,5261344,281480,185476,2270716,4179.644,1563.622,0,0,0,0,948,1299,1.070,1.650,1.170,0,0,0,0,0,18,298,1,13,0
17-06 02:37:50,1.750,0.500,96.991,0,0,5250324,292500,185476,2270716,4411.598,1511.862,0,4.000,0,1.000,902,1269,1.070,1.650,1.170,0,0,0,0,0,18,298,1,13,0
17-06 02:37:51,2.002,0.751,95.840,0.250,0,5246760,296172,185476,2270720,4627.366,1567.479,0,144.136,0,22.021,1227,1771,1.070,1.650,1.170,1,0,1.001,0,0,18,298,1,13,0
17-06 02:37:52,1.499,0.999,96.423,0,0,5243616,299316,185476,2270720,4588.316,1510.787,0,179.856,0,10.991,1117,1441,1.070,1.650,1.170,0,0,0,0,0,18,298,1,13,0
17-06 02:37:53,1.500,0.500,97.735,0,0,5240864,302068,185476,2270720,4605.286,1565.757,0,35.994,0,3.999,937,1274,0.980,1.620,1.160,0,0,0,0,0,18,298,1,12,0
17-06 02:37:54,2.003,1.503,94.660,0.250,0,5238288,304476,185476,2270888,3473.871,649.097,0,488.826,0,37.063,1404,1903,0.980,1.620,1.160,0,0,0,0,0,18,298,1,12,0
17-06 02:37:55,1.252,1.002,96.936,0,0,5236176,306584,185476,2270892,4558.752,1352.597,0,136.262,0,11.021,990,1319,0.980,1.620,1.160,0,0,0,0,0,18,298,1,12,0
17-06 02:37:56,1.999,0.250,97.220,0.250,0,5234328,308428,185476,2270896,5415.355,1619.508,0,59.982,0,6.998,1031,1391,0.980,1.620,1.160,0,0,0,0,0,18,298,1,12,0
17-06 02:37:57,0.999,0.750,97.186,0,0,5232848,309908,185476,2270896,4976.701,1618.927,0,0,0,0,989,1333,0.980,1.620,1.160,0,0,0,0,0,18,298,1,4,0
17-06 02:37:58,0.997,0.748,97.256,0,0,5231304,311452,185476,2270896,5045.328,1454.347,0,19.950,0,1.995,905,1293,0.910,1.600,1.160,1,0,0,0,0,18,298,1,4,0
17-06 02:37:59,1.250,0,97.737,0,0,5230068,312688,185476,2270896,5039.346,1619.790,0,39.995,0,2.000,893,1281,0.910,1.600,1.160,0,0,0,0,0,18,298,1,4,0
17-06 02:38:00,2.005,0.752,96.254,0.251,0,5229116,313640,185476,2270896,4812.685,1624.281,0,296.782,0,25.066,1201,1716,0.910,1.600,1.160,0,0,0,0,0,18,298,1,4,0
17-06 02:38:01,2.752,1.001,95.583,0.250,0,5229148,313640,185476,2270912,5661.937,1663.450,0,188.164,0,27.024,1467,2136,0.910,1.600,1.160,0,0,1.001,0,0,18,298,1,4,0
17-06 02:38:02,1.746,0.499,96.273,0,0,5229880,312908,185476,2270912,5028.133,1616.185,0,754.220,0,159.623,1112,1403,0.910,1.600,1.160,0,0,0,0,0,18,298,1,4,0
17-06 02:38:03,1.001,0.751,97.574,0,0,5229956,312832,185476,2270912,5944.493,1621.225,0,0,0,0,902,1198,0.830,1.570,1.150,0,0,0,0,0,18,298,1,4,0
17-06 02:38:04,0.998,0.250,97.059,0,0,5228908,313880,185476,2270912,5092.004,1616.826,0,343.326,0,22.955,1064,1474,0.830,1.570,1.150,0,0,0,0,0,18,298,1,4,0
17-06 02:38:05,1.250,0.500,97.779,0,0,5228908,313880,185476,2270912,5221.566,1620.486,0,0,0,0,906,1265,0.830,1.570,1.150,0,0,0,0,0,18,298,1,4,0
17-06 02:38:06,0.751,0.500,97.573,0,0,5228908,313880,185476,2270912,5318.979,1459.091,0,0,0,0,845,1237,0.830,1.570,1.150,0,0,0,0,0,18,298,1,4,0
17-06 02:38:07,1.500,0.750,96.726,0,0,5229128,313656,185476,2270916,4918.781,1619.599,0,0,0,0,1106,1505,0.830,1.570,1.150,0,0,2.000,0,0,18,298,1,4,0
17-06 02:38:08,1.250,0.500,97.516,0,0,5229128,313656,185476,2270916,4338.720,1458.242,0,4.001,0,1.000,876,1241,0.770,1.540,1.140,0,0,0,0,0,18,298,1,4,0
17-06 02:38:09,1.000,0.750,96.783,0,0,5229128,313656,185476,2270916,4261.450,1690.575,0,28.010,0,2.001,873,1235,0.770,1.540,1.140,0,0,0,0,0,18,298,1,4,0
17-06 02:38:10,1.997,0.749,95.620,0,0,5229124,313656,185476,2270920,4451.962,1497.968,0,111.848,0,14.980,1006,1409,0.770,1.540,1.140,4,0,0,0,0,18,298,1,4,0
17-06 02:38:11,2.508,1.505,94.537,0.251,0,5229616,313164,185476,2270916,5132.578,1624.932,0,405.230,0,41.125,1693,2420,0.770,1.540,1.140,0,0,4.012,0,0,18,298,0,4,0
17-06 02:38:12,1.999,1.250,95.226,0,0.250,5230592,312188,185476,2270916,5010.742,1511.621,0,67.983,0,2.999,1182,1409,0.770,1.540,1.140,1,0,5.998,0,0,18,298,0,4,0
17-06 02:38:13,1.249,0.750,97.698,0,0,5228084,314696,185476,2270916,4543.573,1565.164,0,0,0,0,881,1207,0.700,1.520,1.140,0,0,0,0,0,18,298,0,4,0
17-06 02:38:14,0.750,1.250,96.721,0.250,0,5228332,314444,185476,2270920,5098.456,1619.509,0,5150.440,0,52.984,1106,1490,0.700,1.520,1.140,1,0,0,0,0,18,298,0,4,0
17-06 02:38:15,2.752,1.751,93.824,0,0,5230344,312432,185476,2270920,4701.699,1459.148,0,248.195,0,23.018,1454,1843,0.700,1.520,1.140,2,0,2.002,0,0,18,298,0,4,0
17-06 02:38:16,20.203,5.737,72.081,0.249,0,5280944,261828,185476,2270924,5464.215,1616.218,510.805,95.776,3.991,14.965,2505,2072,0.700,1.520,1.140,1,0,5.986,0,0,18,298,0,4,0
17-06 02:38:17,11.260,3.753,84.072,0,0,5274192,268576,185476,2270928,4942.240,1459.252,512.440,1108.951,4.003,220.189,1889,1628,0.700,1.520,1.140,0,0,4.003,0,0,18,298,0,4,0
17-06 02:38:18,11.765,3.505,80.354,2.754,0,5288552,251844,185836,2272940,7742.026,3994.173,2355.050,432.560,505.655,15.019,2371,2775,0.730,1.510,1.140,2,0,5.006,0,0,18,299,0,4,0
17-06 02:38:19,16.207,4.488,77.794,0.748,0,5274240,266108,185836,2272988,14190.465,10786.469,31.916,52425.330,1.995,98.739,2910,2971,0.730,1.510,1.140,2,0,4.987,0,0,18,299,0,6,0
17-06 02:38:20,15.506,4.502,78.032,1.000,0,5289560,250488,185840,2273284,15139.195,11907.873,28.011,2593.061,3.001,191.078,3159,3653,0.730,1.510,1.140,1,0,5.002,0,0,18,299,0,8,0
17-06 02:38:21,14.998,3.750,78.742,0,0,5279836,260196,185840,2273300,15870.293,11825.728,0,251.973,0,25.997,2862,2986,0.730,1.510,1.140,1,0,5.999,0,0,18,299,0,9,0
17-06 02:38:22,14.514,3.503,80.828,0,0,5276352,263504,185840,2273476,18612.938,14842.304,28.027,132.127,2.002,16.015,2566,2667,0.730,1.510,1.140,2,0,5.005,0,0,18,299,0,10,0
17-06 02:38:23,13.257,4.002,81.794,0.500,0.250,5274456,265252,185844,2273620,16974.049,13685.296,0,116.062,0,14.007,2452,2484,0.750,1.500,1.140,1,0,5.003,0,0,18,300,0,11,0
17-06 02:38:24,52.152,8.023,38.362,0,0.251,4910052,629640,185844,2273636,7421.684,4178.207,4.012,1187.469,1.003,115.337,4313,2915,0.750,1.500,1.140,3,0,23.067,0,0,18,274,0,17,0
17-06 02:38:25,64.311,14.650,19.368,0.745,0,4968180,571700,185844,2273652,5015.731,1609.007,3.973,218.507,0.993,21.851,4699,3122,0.750,1.500,1.140,5,0,7.946,0,0,18,259,0,18,0
17-06 02:38:26,89.115,11.328,0,0,0,5012328,527404,185844,2273848,5156.559,1725.902,0,1010.972,0,71.493,5094,2915,0.750,1.500,1.140,5,0,9.062,0,0,18,255,0,18,0
17-06 02:38:27,86.023,11.968,0.997,0.249,0,5131036,405916,185872,2276600,4966.906,1615.740,893.644,849.760,55.853,34.908,5837,7458,0.750,1.500,1.140,3,1,4.987,0,0,18,265,0,20,0
17-06 02:38:28,59.196,10.990,28.973,0.500,0,5262768,272116,185872,2278668,49122.013,18175.355,123.887,8468.245,10.990,1055.034,9552,15411,0.930,1.530,1.150,2,0,1.998,0,0,18,276,0,30,0
17-06 02:38:29,7.251,2.750,88.014,0.500,0,5275020,259808,185872,2278724,22326.676,5404.890,0,364.060,0,39.006,3105,4280,0.930,1.530,1.150,1,0,3.000,0,0,18,279,0,28,0
17-06 02:38:30,4.750,1.500,91.991,0,0,5275008,259808,185872,2278736,4397.576,1457.859,0,267.974,0,28.997,1781,2241,0.930,1.530,1.150,0,0,2.000,0,0,18,279,0,30,0
17-06 02:38:31,4.496,0.999,92.667,0.250,0,5274372,260432,185872,2278748,5172.344,1618.543,0,571.486,0,43.960,1908,2703,0.930,1.530,1.150,0,0,1.998,0,0,18,279,0,30,0
17-06 02:38:32,1.001,0.250,97.314,0,0,5274368,260432,185872,2278752,4761.119,1458.956,0,1360.891,0,10.007,927,1349,0.930,1.530,1.150,0,0,0,0,0,18,279,0,30,0
17-06 02:38:33,1.249,0.500,96.669,0,0,5274368,260432,185872,2278752,5035.800,1618.650,0,575.520,0,13.988,1013,1347,0.860,1.500,1.140,0,0,0,0,0,18,279,0,30,0
17-06 02:38:34,2.000,1.000,96.514,0.500,0,5274368,260432,185872,2278752,4698.692,1458.215,0,744.110,0,55.008,1130,1677,0.860,1.500,1.140,0,0,0,0,0,18,279,0,30,0
17-06 02:38:35,1.001,0.500,96.832,0.250,0,5274368,260432,185872,2278752,4341.691,1459.241,0,100.085,0,10.009,885,1301,0.860,1.500,1.140,1,0,0,0,0,18,279,0,30,0
17-06 02:38:36,1.248,0.499,96.844,0,0,5274368,260432,185872,2278752,4767.326,1455.657,0,3.994,0,0.998,871,1255,0.860,1.500,1.140,0,0,0,0,0,18,279,0,30,0
17-06 02:38:37,1.751,0.750,96.289,0,0,5274368,260432,185872,2278752,4459.795,1458.587,0,0,0,0,1025,1328,0.860,1.500,1.140,0,0,0,0,0,18,279,0,30,0
17-06 02:38:38,1.250,0.500,96.522,0,0,5274344,260432,185872,2278776,4579.027,1458.327,16.004,380.085,1.000,31.007,1190,1777,0.790,1.470,1.130,0,0,0,0,0,18,279,0,30,0
17-06 02:38:39,9.512,1.502,86.609,0.501,0,5275108,259424,185872,2279020,4283.383,1459.835,212.267,472.594,17.021,68.086,2916,4141,0.790,1.470,1.130,0,0,0,0,0,18,279,0,30,0
17-06 02:38:40,2.995,0.998,93.593,0.250,0,5275100,259424,185872,2279028,4789.957,1455.556,0,279.531,0,25.956,1431,1994,0.790,1.470,1.130,0,0,0,0,0,18,279,0,30,0
17-06 02:38:41,2.001,1.001,95.805,0.500,0,5275100,259424,185872,2279028,5310.072,1620.938,0,236.137,0,23.013,1270,1758,0.790,1.470,1.130,0,0,1.001,0,0,18,279,0,30,0
17-06 02:38:42,1.500,1.000,96.229,0,0,5275096,259424,185872,2279032,5296.855,1457.685,0,691.850,0,47.990,1221,1631,0.790,1.470,1.130,0,0,0,0,0,18,279,0,29,0
17-06 02:38:43,1.001,0.500,97.827,0,0,5275096,259424,185872,2279032,7097.559,1753.373,0,0,0,0,924,1220,0.720,1.450,1.130,0,0,0,0,0,18,279,0,29,0
17-06 02:38:44,6.498,3.998,88.217,0,0,5293392,241128,185872,2279032,5589.887,1751.338,0,7.997,0,1.999,2267,6225,0.720,1.450,1.130,0,0,35.986,0,0,18,279,0,30,0
17-06 02:38:45,1.999,0.750,95.947,0.500,0,5289860,244660,185872,2279032,5337.026,1619.098,0,283.842,0,24.986,1126,1648,0.720,1.450,1.130,1,0,0,0,0,18,279,0,30,0
17-06 02:38:46,1.502,0.250,96.910,0.250,0,5288660,245860,185872,2279032,5065.364,1622.679,0,76.126,0,12.020,1104,1678,0.720,1.450,1.130,0,0,0,0,0,18,279,0,29,0
17-06 02:38:47,1.997,0.999,95.623,0,0,5286728,247788,185872,2279036,4494.052,1617.859,0,83.889,0,11.984,1287,1805,0.720,1.450,1.130,1,0,0.999,0,0,18,279,0,29,0
17-06 02:38:48,1.500,0.500,96.492,0,0,5285036,249472,185872,2279044,4559.642,1619.873,0,4875.617,0,620.951,1578,1743,0.660,1.430,1.120,0,0,0,0,0,18,279,0,29,0
17-06 02:38:49,2.253,1.001,95.135,0.501,0,5283488,251016,185872,2279048,4448.303,1622.299,0,420.596,0,52.074,1562,2322,0.660,1.430,1.120,0,0,0,0,0,18,279,0,29,0
17-06 02:38:50,1.248,0.499,97.331,0,0,5282032,252472,185872,2279048,4570.052,1455.469,0,23.958,0,3.993,1029,1563,0.660,1.430,1.120,1,0,0,0,0,18,279,0,29,0
17-06 02:38:51,1.500,0.750,96.239,0,0,5280976,253524,185872,2279052,5176.397,1619.811,0,91.989,0,11.999,1103,1652,0.660,1.430,1.120,1,0,1.000,0,0,18,279,0,29,0
17-06 02:38:52,1.503,0.501,96.944,0.501,0,5279844,254652,185872,2279056,4827.657,1460.922,0,761.523,0,51.102,1089,1565,0.660,1.430,1.120,0,0,0,0,0,18,279,0,29,0
17-06 02:38:53,0.999,0.499,97.129,0,0,5279508,254988,185872,2279056,4734.115,1617.989,0,0,0,0,868,1242,0.610,1.400,1.110,0,0,0,0,0,18,279,0,29,0
17-06 02:38:54,1.250,1.500,96.270,0,0,5279468,254988,185872,2279096,4698.990,1458.307,0,0,0,0,971,1288,0.610,1.400,1.110,0,0,0,0,0,18,279,0,29,0
17-06 02:38:55,1.999,0.500,96.718,0,0,5279468,254988,185872,2279096,4918.355,1619.458,0,503.831,0,73.975,1025,1445,0.610,1.400,1.110,2,0,0,0,0,18,279,0,29,0
17-06 02:38:56,13.549,9.032,76.023,0.502,0,5267064,266856,186012,2279476,5330.131,1702.109,493.772,2412.659,31.112,113.407,3165,3126,0.610,1.400,1.110,3,0,71.256,0,0,18,275,0,31,0
17-06 02:38:57,37.127,4.485,57.310,0,0,4958256,575780,186012,2279456,5142.915,1786.067,55.815,0,0.997,0,2879,1709,0.610,1.400,1.110,2,0,7.974,0,0,18,275,0,31,0
17-06 02:38:58,22.034,4.256,72.360,0,0,5015660,518192,186012,2279640,4705.179,1822.781,0,0,0,0,2121,1592,0.640,1.390,1.110,2,0,0,0,0,18,275,0,31,0
17-06 02:38:59,23.540,6.511,68.367,0.501,0,5061964,470972,186012,2280576,5090.715,1905.262,72.123,613.050,6.010,43.074,4243,6011,0.640,1.390,1.110,4,0,17.029,0,0,18,279,0,33,0
17-06 02:39:00,22.243,5.748,70.476,0.250,0,5177136,355792,186012,2280584,5218.244,1661.441,0,455.847,0,35.988,2663,2511,0.640,1.390,1.110,2,0,5.998,0,0,18,279,0,33,0
17-06 02:39:01,25.421,3.240,70.531,0,0,5206320,326604,186012,2280588,6078.121,1453.485,0,227.294,0,31.901,2479,2310,0.640,1.390,1.110,2,0,1.994,0,0,18,279,0,33,0
17-06 02:39:02,5.496,2.248,90.686,0.250,0,5211120,321616,186012,2280776,6955.076,1758.755,0,131.907,0,8.994,1364,1533,0.640,1.390,1.110,0,0,0.999,0,0,18,279,0,33,0
17-06 02:39:03,1.252,0.501,97.129,0,0,5204000,328736,186012,2280776,7091.407,1622.152,0,388.515,0,1.001,928,1275,0.590,1.370,1.110,0,0,0,0,0,18,279,0,33,0
17-06 02:39:04,1.000,0.500,96.952,0,0,5197828,334908,186012,2280776,5217.439,1619.205,0,351.827,0,22.989,993,1375,0.590,1.370,1.110,0,0,0,0,0,18,279,0,33,0
17-06 02:39:05,1.249,0.749,97.393,0,0,5190280,342456,186012,2280776,5453.998,1618.219,0,183.798,0,0.999,925,1270,0.590,1.370,1.110,0,0,0,0,0,18,279,0,33,0
17-06 02:39:06,1.500,0.250,97.274,0,0,5185820,346916,186012,2280776,5556.390,1548.387,0,0,0,0,959,1303,0.590,1.370,1.110,0,0,0,0,0,18,279,0,33,0
17-06 02:39:07,1.002,0.751,97.171,0,0.250,5181916,350816,186012,2280780,5229.213,1622.859,0,0,0,0,944,1333,0.590,1.370,1.110,0,0,0,0,0,18,279,0,33,0
17-06 02:39:08,0.749,0.749,97.669,0,0,5178504,354228,186012,2280780,4915.947,1618.666,0,3.997,0,0.999,934,1321,0.540,1.350,1.100,0,0,0,0,0,18,279,0,33,0
17-06 02:39:09,1.749,0.500,95.443,0.500,0,5175560,357168,186012,2280784,5096.949,1619.031,0,5144.920,0,670.599,1845,2343,0.540,1.350,1.100,1,0,0,0,0,18,279,0,33,0
17-06 02:39:10,1.500,0.500,96.774,0,0,5172948,359780,186012,2280784,4981.215,1620.395,0,128.031,0,18.004,1142,1643,0.540,1.350,1.100,0,0,0,0,0,18,279,0,33,0
17-06 02:39:11,1.752,1.001,96.342,0.250,0,5171612,361116,186012,2280784,4881.671,1803.726,0,128.123,0,18.017,1265,1780,0.540,1.350,1.100,0,0,1.001,0,0,18,279,0,33,0
17-06 02:39:12,1.500,1.750,94.981,0,0,5170196,362532,186012,2280784,4936.997,1457.704,0,391.920,0,28.994,1194,1505,0.540,1.350,1.100,0,0,5.999,0,0,18,279,0,33,0
17-06 02:39:13,0.749,0.250,97.134,0,0,5170036,362692,186012,2280784,4434.702,1618.067,0,0,0,0,955,1274,0.580,1.340,1.100,0,0,0,0,0,18,279,0,33,0
17-06 02:39:14,1.499,1.250,96.968,0,0,5170036,362692,186012,2280784,4840.380,1721.424,0,3.999,0,1.000,1016,1324,0.580,1.340,1.100,0,0,1.000,0,0,18,279,0,33,0
17-06 02:39:15,2.007,0.502,96.108,0.251,0,5170032,362692,186012,2280788,4757.729,1626.059,0,333.242,0,27.101,1298,1816,0.580,1.340,1.100,1,0,0,0,0,18,279,0,33,0
17-06 02:39:16,2.243,0.997,95.970,0,0,5170024,362692,186012,2280796,5060.243,1543.499,0,99.709,0,11.965,1283,1733,0.580,1.340,1.100,0,0,0,0,0,18,279,0,33,0
17-06 02:39:17,1.501,0.500,97.090,0,0,5170020,362692,186012,2280800,4882.539,1459.357,0,36.034,0,3.003,1054,1468,0.580,1.340,1.100,0,0,0,0,0,18,279,0,33,0
17-06 02:39:18,0.749,0.749,96.931,0,0,5170020,362692,186012,2280800,4916.518,1618.853,0,195.861,0,14.989,986,1378,0.530,1.320,1.090,0,0,0,0,0,18,279,0,33,0
17-06 02:39:19,2.509,1.003,95.574,0.753,0,5170020,362692,186012,2280800,4774.195,1547.248,0,469.593,0,47.160,1579,2232,0.530,1.320,1.090,0,0,0,0,0,18,279,0,33,0
17-06 02:39:20,0.998,0.998,97.022,0,0,5170012,362692,186012,2280808,4387.669,1454.575,0,43.897,0,6.984,1104,1603,0.530,1.320,1.090,0,0,0,0,0,18,279,0,33,0
17-06 02:39:21,2.745,0.499,95.069,0.250,0,5170004,362692,186012,2280816,5047.365,1616.914,0,199.619,0,24.952,1418,1984,0.530,1.320,1.090,0,0,1.996,0,0,18,279,0,33,0
17-06 02:39:22,2.499,1.000,94.728,0.250,0,5169976,362692,186012,2280844,4886.880,1499.656,27.994,347.920,2.999,20.995,1322,1801,0.530,1.320,1.090,1,0,2.000,0,0,18,279,0,33,0
17-06 02:39:23,1.002,0.751,97.442,0,0,5169976,362692,186012,2280844,4929.690,1623.191,0,0,0,0,959,1320,0.490,1.300,1.090,1,0,0,0,0,18,279,0,27,0
17-06 02:39:24,1.999,1.000,95.713,0,0.250,5169972,362692,186012,2280848,4276.341,1457.435,0,103.960,0,9.996,1166,1530,0.490,1.300,1.090,1,0,1.000,0,0,18,279,0,27,0
17-06 02:39:25,2.749,1.500,94.482,0,0,5170704,361936,186012,2280872,4499.153,1619.695,0,247.953,0,48.991,1349,1808,0.490,1.300,1.090,0,0,2.999,0,0,18,279,0,27,0
17-06 02:39:26,4.505,1.001,93.097,0,0,5170564,361936,186012,2281012,5486.687,1715.779,80.083,160.166,5.005,20.021,1689,2188,0.490,1.300,1.090,1,0,2.002,0,0,18,279,0,27,0
17-06 02:39:27,5.004,10.007,84.313,0.250,0,5178364,354036,186012,2281112,5594.178,1711.278,4.003,84.063,1.001,9.007,3440,3241,0.490,1.300,1.090,1,0,184.138,0,0,18,279,0,18,0
17-06 02:39:28,16.752,10.001,71.757,0,0,5233032,299352,186012,2281128,5160.474,1760.162,0,4.000,0,1.000,3464,2825,0.530,1.290,1.090,1,0,127.012,0,0,18,279,0,18,0
17-06 02:39:29,19.275,3.254,75.848,0.250,0,5268212,264136,186012,2281164,10597.642,7540.707,32.041,616.794,2.003,56.072,2752,2949,0.530,1.290,1.090,2,0,0,0,0,18,280,0,18,0
17-06 02:39:30,20.428,3.986,72.994,0.498,0,5268260,263660,186012,2281592,8983.460,5712.942,346.782,924.753,22.920,115.594,5506,7842,0.530,1.290,1.090,1,0,0.997,0,0,18,280,0,20,0
17-06 02:39:31,41.837,9.520,47.098,0.752,0,5309408,222416,186016,2281684,6177.916,2829.916,48.101,929.944,3.006,106.222,4501,4565,0.530,1.290,1.090,2,0,31.065,0,0,18,279,0,8,0
17-06 02:39:32,33.287,5.256,59.816,0.250,0,5368444,163196,186024,2281860,42943.641,38789.032,128.142,3371.741,6.007,186.207,3600,3861,0.530,1.290,1.090,2,0,0,0,0,18,281,0,16,0
17-06 02:39:33,7.740,2.996,88.139,0,0,5369588,162048,186024,2281864,4596.190,1719.826,0,0,0,0,1582,1646,0.490,1.270,1.080,0,0,34.956,0,0,18,279,0,18,0
17-06 02:39:34,1.000,0.750,97.261,0,0,5361716,169924,186024,2281864,2862.332,246.029,0,164.019,0,1.000,836,1277,0.490,1.270,1.080,0,0,0,0,0,18,279,0,18,0
17-06 02:39:35,1.247,0.499,96.300,0.499,0,5354828,176812,186024,2281864,4149.394,1454.982,0,3680.367,0,471.023,1209,1759,0.490,1.270,1.080,0,0,0,0,0,18,279,0,18,0
17-06 02:39:36,1.000,1.250,96.516,0.250,0,5344872,186768,186024,2281864,4795.785,1296.212,0,388.064,0,60.010,1053,1437,0.490,1.270,1.080,2,0,2.000,0,0,18,279,0,18,0
17-06 02:39:37,1.753,0.751,97.161,0,0,5337628,194012,186024,2281864,3107.144,162.269,0,36.060,0,4.007,923,1316,0.490,1.270,1.080,0,0,0,0,0,18,279,0,18,0
17-06 02:39:38,1.251,0.500,97.074,0,0,5328148,203492,186024,2281864,5464.144,1621.230,0,4.003,0,1.001,921,1274,0.450,1.250,1.070,0,0,0,0,0,18,279,0,18,0
17-06 02:39:39,1.994,0.498,95.194,0.249,0,5321416,210224,186024,2281864,4180.559,1130.366,0,414.667,0,41.865,1479,2220,0.450,1.250,1.070,1,0,0,0,0,18,279,0,18,0
17-06 02:39:40,1.751,0.750,96.530,0,0,5315452,216188,186024,2281864,3064.963,324.102,0,80.025,0,12.004,1089,1675,0.450,1.250,1.070,0,0,0,0,0,18,279,0,18,0
17-06 02:39:41,2.251,1.001,94.300,0.500,0,5308940,222540,186024,2282024,4939.638,1620.866,16.009,436.233,1.001,56.030,1624,2412,0.450,1.250,1.070,0,0,2.001,0,0,18,279,0,18,0
17-06 02:39:42,1.251,1.000,96.791,0.250,0,5304580,226896,186024,2282028,4655.992,594.254,0,96.041,0,9.004,1007,1387,0.450,1.250,1.070,0,0,0,0,0,18,279,0,18,0
17-06 02:39:43,1.502,0.501,97.114,0,0,5300676,230796,186024,2282032,4749.584,1405.653,0,4.005,0,1.001,906,1239,0.410,1.230,1.070,0,0,0,0,0,18,279,0,18,0
17-06 02:39:44,6.260,4.006,88.894,0,0,5286188,245284,186024,2282048,4433.171,1568.537,0,8.013,0,2.003,2030,7805,0.410,1.230,1.070,0,0,36.058,0,0,18,279,0,19,0
17-06 02:39:45,1.744,0.747,95.894,0.498,0,5281708,249760,186024,2282036,5463.734,1877.038,0,816.970,0,61.771,1286,1925,0.410,1.230,1.070,0,0,0,0,0,18,279,0,19,0
17-06 02:39:46,1.250,0.500,96.526,0,0,5280372,251096,186024,2282036,4998.324,1620.429,0,84.022,0,14.004,1091,1625,0.410,1.230,1.070,0,0,0,0,0,18,279,0,19,0
17-06 02:39:47,1.250,0.500,97.730,0,0,5279200,252268,186024,2282036,4711.057,1511.697,0,0,0,0,938,1268,0.410,1.230,1.070,0,0,0,0,0,18,279,0,18,0
17-06 02:39:48,1.000,0.750,96.961,0,0,5278704,252764,186024,2282036,4738.100,1619.351,0,191.923,0,14.994,968,1357,0.380,1.210,1.060,0,0,0,0,0,18,279,0,18,0
17-06 02:39:49,2.251,0.500,94.795,0.250,0,5278956,252512,186024,2282036,4562.153,1620.765,0,392.185,0,41.019,1513,2215,0.380,1.210,1.060,1,0,0,0,0,18,279,0,18,0
17-06 02:39:50,2.255,1.002,97.220,0.251,0,5278704,252764,186024,2282036,4389.928,1665.767,0,84.190,0,13.029,1080,1652,0.380,1.210,1.060,0,0,0,0,0,18,279,0,18,0
17-06 02:39:51,1.252,0.501,95.878,0,0,5278692,252764,186024,2282048,5123.849,1622.168,0,272.364,0,33.044,1451,2211,0.380,1.210,1.060,0,0,1.001,0,0,18,279,0,18,0
17-06 02:39:52,1.248,0.499,97.064,0,0,5278692,252764,186024,2282048,4611.183,1616.908,0,0,0,0,898,1273,0.380,1.210,1.060,0,0,0,0,0,18,279,0,18,0
17-06 02:39:53,1.751,0.500,97.534,0,0,5278692,252764,186024,2282048,4547.608,1566.554,0,0,0,0,957,1324,0.350,1.190,1.060,0,0,0,0,0,18,279,0,18,0
17-06 02:39:54,0.751,0.751,97.080,0,0,5278908,252512,186024,2282084,4864.023,1621.341,0,4.003,0,1.001,1010,1368,0.350,1.190,1.060,0,0,0,0,0,18,279,0,18,0
17-06 02:39:55,1.000,0.250,97.713,0.250,0,5278908,252512,186024,2282084,5070.100,1511.434,0,551.793,0,39.985,1023,1469,0.350,1.190,1.060,0,0,0,0,0,18,279,0,18,0
17-06 02:39:56,0.748,0.499,96.766,0.249,0,5279128,252288,186024,2282088,5763.067,1616.093,0,1061.434,0,221.465,1125,1340,0.350,1.190,1.060,0,0,0,0,0,18,279,0,18,0
17-06 02:39:57,1.500,0.500,97.483,0,0,5279128,252288,186024,2282088,4447.215,1187.790,0,7.999,0,1.000,868,1253,0.350,1.190,1.060,0,0,0,0,0,18,279,0,18,0
17-06 02:39:58,1.003,0.502,97.322,0,0,5279128,252288,186024,2282088,4805.877,1354.475,0,0,0,0,962,1303,0.320,1.170,1.050,0,0,0,0,0,18,279,0,18,0
17-06 02:39:59,1.748,0.999,95.623,0.250,0,5279124,252288,186024,2282092,4733.729,1617.857,0,411.455,0,41.944,1497,2217,0.320,1.170,1.050,1,0,1.997,0,0,18,279,0,18,0
17-06 02:40:00,1.747,0.499,95.579,0,0,5279124,252288,186024,2282092,5372.363,1718.917,0,231.585,0,26.952,1307,1954,0.320,1.170,1.050,0,0,0,0,0,18,279,0,14,0
17-06 02:40:01,2.250,1.250,94.001,0.500,0,5281132,250276,186028,2282096,5777.059,1620.017,64.001,312.003,8.000,42.000,1818,2567,0.320,1.170,1.050,0,0,3.000,0,0,18,279,0,14,0
17-06 02:40:02,0.750,0.500,97.222,0,0,5281064,250276,186028,2282160,7155.957,1457.584,0,115.967,0,8.997,996,1379,0.320,1.170,1.050,0,0,0,0,0,18,279,0,14,0
17-06 02:40:03,2.250,2.500,94.753,0.500,0,5282056,249276,186028,2282168,6120.180,1620.048,0,180.005,0,12.000,1296,1526,0.290,1.150,1.040,1,0,18.001,0,0,18,279,0,14,0
17-06 02:40:04,1.251,0.751,96.835,0,0,5282056,249276,186028,2282168,5012.394,1599.402,0,532.467,0,37.032,1029,1432,0.290,1.150,1.040,0,0,0,0,0,18,279,0,14,0
17-06 02:40:05,1.249,0.500,97.182,0,0,5282056,249276,186028,2282168,5396.244,1660.844,0,0,0,0,908,1234,0.290,1.150,1.040,0,0,0,0,0,18,279,0,14,0
17-06 02:40:06,1.250,0.500,97.483,0,0,5282056,249276,186028,2282168,5614.015,1499.737,0,19.996,0,2.000,893,1256,0.290,1.150,1.040,0,0,0,0,0,18,279,0,14,0
17-06 02:40:07,1.250,0.750,96.754,0,0,5282056,249276,186028,2282168,4242.173,756.031,0,720.029,0,156.006,943,1297,0.290,1.150,1.040,0,0,0,0,0,18,279,0,14,0
17-06 02:40:08,1.250,0.750,97.247,0,0,5282056,249276,186028,2282168,4889.844,1403.955,0,4.000,0,1.000,928,1297,0.270,1.130,1.040,0,0,0,0,0,18,279,0,14,0
17-06 02:40:09,2.254,1.002,94.901,0.250,0,5282048,249276,186028,2282176,5194.244,1622.575,0,436.693,0,42.067,1444,2099,0.270,1.130,1.040,1,0,0,0,0,18,279,0,14,0
17-06 02:40:10,2.001,0.500,95.819,0.250,0,5282040,249276,186028,2282184,4649.356,1621.170,0,208.150,0,30.022,1234,1783,0.270,1.130,1.040,2,0,0,0,0,18,279,0,14,0
17-06 02:40:11,2.001,1.000,95.789,0,0,5282032,249276,186028,2282192,4939.015,1662.678,0,188.077,0,26.011,1450,2107,0.270,1.130,1.040,0,0,1.000,0,0,18,279,0,14,0
17-06 02:40:12,1.249,1.499,95.427,0.250,0,5281780,249528,186028,2282192,4842.290,1564.801,0,107.917,0,7.994,1125,1405,0.270,1.130,1.040,0,0,5.995,0,0,18,279,0,14,0
17-06 02:40:13,1.251,0.751,97.578,0,0,5281780,249528,186028,2282192,5010.027,1621.303,0,0,0,0,923,1271,0.250,1.110,1.030,0,0,0,0,0,18,279,0,14,0
17-06 02:40:14,1.000,0.500,97.468,0,0,5281780,249528,186028,2282192,4436.554,1511.507,0,359.883,0,23.992,981,1392,0.250,1.110,1.030,0,0,0,0,0,18,279,0,14,0
17-06 02:40:15,3.991,0.499,93.795,0,0,5281760,249528,186028,2282212,16547.888,4496.188,0,271.408,0,23.948,1643,2083,0.250,1.110,1.030,0,0,0,0,0,18,279,0,14,0
17-06 02:40:16,1.503,0.752,96.450,0.251,0,5281756,249528,186028,2282216,5438.296,1623.372,0,96.200,0,12.025,1228,1763,0.250,1.110,1.030,0,0,0,0,0,18,279,0,14,0
17-06 02:40:17,1.000,0.750,97.276,0,0,5281756,249528,186028,2282216,4399.189,1458.394,0,0,0,0,900,1286,0.250,1.110,1.030,0,0,0,0,0,18,279,0,14,0
17-06 02:40:18,1.497,0.250,96.814,0.250,0,5281756,249528,186028,2282216,5150.089,1616.888,0,191.631,0,14.971,975,1366,0.230,1.090,1.030,0,0,0,0,0,18,279,0,14,0
17-06 02:40:19,1.754,1.503,94.948,0.501,0,5281756,249528,186028,2282216,4527.419,1461.039,0,2585.378,0,135.281,1696,2517,0.230,1.090,1.030,1,0,0,0,0,18,279,0,14,0
17-06 02:40:20,2.502,0.751,95.334,0.500,0,5281752,249528,186028,2282220,5284.673,1621.434,0,364.322,0,41.036,1486,2166,0.230,1.090,1.030,1,0,0,0,0,18,279,0,14,0
17-06 02:40:21,1.744,0.996,96.150,0,0,5281748,249528,186028,2282224,4588.280,1452.706,0,103.622,0,13.949,1230,1763,0.230,1.090,1.030,0,0,0.996,0,0,18,279,0,14,0
17-06 02:40:22,1.250,0.500,97.011,0,0,5281748,249528,186028,2282224,4518.525,1458.169,0,104.012,0,7.001,907,1325,0.230,1.090,1.030,0,0,0,0,0,18,279,0,14,0
17-06 02:40:23,10.746,4.748,82.971,0,0,5307556,223716,186028,2282228,6613.722,3825.683,0,823.716,0,174.940,2100,1880,0.290,1.090,1.030,3,0,36.987,0,0,18,280,0,14,0
17-06 02:40:24,14.544,2.006,82.749,0,0,5315068,215904,186028,2282536,10734.241,7215.673,4.012,337.012,1.003,19.057,2523,3130,0.290,1.090,1.030,0,0,2.006,0,0,18,284,0,14,0
17-06 02:40:25,10.008,17.514,70.806,0.250,0,5294060,236884,186028,2282564,7050.624,4384.497,0,96.077,0,10.008,5706,4799,0.290,1.090,1.030,3,0,380.303,0,0,18,283,0,15,0
17-06 02:40:26,18.232,10.489,70.429,0,0,5335584,195312,186028,2282612,16835.132,2815.179,0,283.716,0,10.989,3630,3385,0.290,1.090,1.030,1,0,121.878,0,0,18,283,0,17,0
17-06 02:40:27,28.986,5.997,62.969,0.250,0,5392284,138388,186032,2282832,4663.719,1565.234,171.916,519.746,10.995,12.994,3480,3730,0.290,1.090,1.030,4,0,3.998,0,0,18,283,0,19,0
17-06 02:40:28,22.209,3.244,71.617,2.495,0,5404220,135692,185996,2273612,4743.172,1922.422,2587.185,4100.368,272.493,353.342,2714,2478,0.350,1.090,1.030,1,0,0.998,0,0,18,281,0,19,2
17-06 02:40:29,22.995,4.999,70.235,0.250,0,5401064,137612,186032,2274760,4379.057,1661.642,579.875,879.811,45.990,33.993,2801,2747,0.350,1.090,1.030,3,0,2.999,0,0,18,281,0,19,2
17-06 02:40:30,25.318,4.261,67.430,0.752,0.251,5410504,127812,186032,2275120,4879.033,1690.516,36.096,1279.418,3.008,131.351,6403,8759,0.350,1.090,1.030,2,0,0,0,0,18,282,0,20,2
17-06 02:40:31,24.996,4.999,67.990,1.250,0,5419812,217808,185348,2177876,4866.318,1523.786,787.890,867.878,51.993,109.985,5129,6817,0.350,1.090,1.030,1,1,1.000,0,0,18,287,0,21,2
17-06 02:40:32,16.209,2.992,78.053,0.997,0,5429492,207756,185348,2178248,6090.653,2563.541,159.598,953.597,9.975,136.656,3787,5202,0.350,1.090,1.030,0,0,0.997,0,0,18,288,0,14,2
17-06 02:40:33,14.504,2.501,80.271,1.000,0,5434040,202772,185348,2178684,7153.828,2970.759,192.049,2420.618,11.003,215.055,4118,5759,0.560,1.120,1.040,0,0,0,0,0,18,288,0,14,2
17-06 02:40:34,6.012,1.252,91.678,0.751,0,5434484,202268,185348,2178744,5752.191,2087.060,32.062,1286.503,2.004,87.170,2086,2896,0.560,1.120,1.040,3,0,0,0,0,18,288,0,14,2
17-06 02:40:35,5.489,1.247,91.314,0.249,0,5435152,201512,185352,2178828,10561.532,2990.920,31.935,890.191,1.996,88.819,2187,3135,0.560,1.120,1.040,1,0,0,0,0,18,289,0,15,2
17-06 02:40:36,24.832,5.518,65.466,2.508,0,5435440,200252,185352,2179800,5374.699,1625.352,626.062,7255.894,38.126,614.022,9058,14325,0.560,1.120,1.040,1,0,1.003,0,0,18,291,0,14,2
17-06 02:40:37,26.709,4.992,65.151,1.747,0,5437352,197988,185356,2180148,4972.428,1617.537,15.976,2835.682,0.998,282.570,7414,10922,0.560,1.120,1.040,2,0,0,0,0,18,290,0,17,2
17-06 02:40:38,4.502,1.000,93.043,0.250,0,5437592,197736,185360,2180156,5740.648,2403.109,0,1216.561,0,88.041,1826,2592,0.520,1.100,1.030,1,0,0,0,0,18,292,0,17,2
17-06 02:40:39,8.986,1.498,86.615,0.998,0,5437768,197484,185364,2180228,11312.402,3454.626,0,1645.440,0,171.733,3249,4689,0.520,1.100,1.030,1,0,0,0,0,18,290,0,17,2
17-06 02:40:40,22.568,3.009,71.465,1.003,0,5437536,197484,185364,2180460,4391.193,1462.394,16.048,2026.087,1.003,194.585,5453,7865,0.520,1.100,1.030,2,1,0,0,0,18,291,0,17,2
17-06 02:40:41,25.001,4.750,66.253,2.000,0,5438456,196224,185368,2180796,4877.243,1620.081,0,7572.378,0,561.028,8280,12640,0.520,1.100,1.030,1,0,1.000,0,0,18,290,0,17,2
17-06 02:40:42,14.438,3.485,77.915,1.245,0,5438612,195972,185368,2180892,6627.528,2227.431,0,2377.785,0,236.982,4833,7086,0.520,1.100,1.030,0,0,0,0,0,18,290,0,18,2
17-06 02:40:43,12.544,2.509,82.541,1.004,0,5439168,195216,185368,2181092,5882.728,2191.723,0,1304.597,0,128.453,3343,4340,0.550,1.100,1.030,1,0,0,0,0,18,290,0,20,2
17-06 02:40:44,7.256,1.751,88.069,0.751,0,5437644,196696,185368,2181136,5542.354,1459.146,0,6477.088,0,821.645,2904,3895,0.550,1.100,1.030,4,0,1.001,0,0,18,290,0,20,2
17-06 02:40:45,11.719,3.989,82.030,0.249,0,5440768,193428,185368,2181264,5525.207,2554.162,79.786,961.426,2.992,112.698,3402,8167,0.550,1.100,1.030,0,0,34.907,0,0,18,290,0,21,2
17-06 02:40:46,19.255,3.251,75.770,1.000,0,5441056,192672,185368,2181732,11842.111,3364.884,148.039,1480.389,8.002,143.038,4437,5532,0.550,1.100,1.030,0,0,0,0,0,18,290,0,22,2
17-06 02:40:47,7.489,1.248,87.874,0.749,0,5441144,192420,185368,2181896,10006.676,3389.149,0,1294.148,0,144.793,2827,4112,0.550,1.100,1.030,0,0,0.999,0,0,18,290,0,22,2
17-06 02:40:48,8.027,1.756,88.551,1.003,0,5441108,192420,185368,2181932,6785.037,1885.401,0,1184.020,0,119.405,2570,3642,0.510,1.080,1.020,1,0,0,0,0,18,290,0,22,2
17-06 02:40:49,7.495,1.249,89.446,0.250,0,5441084,192420,185368,2181956,9331.369,2563.453,0,819.505,0,78.952,2221,3003,0.510,1.080,1.020,5,0,0,0,0,18,293,0,22,2
17-06 02:40:50,25.000,5.000,65.499,2.000,0,5441036,192168,185368,2182256,4559.916,1619.970,0,2987.945,0,312.994,7718,11767,0.510,1.080,1.020,2,0,0,0,0,18,293,0,22,2
17-06 02:40:51,24.287,5.508,65.349,1.753,0,5441220,191664,185368,2182576,5006.599,1622.463,0,8520.933,0,583.886,8383,12770,0.510,1.080,1.020,1,0,1.002,0,0,18,293,0,24,2
17-06 02:40:52,24.977,4.995,65.940,1.998,0,5441404,191160,185372,2182892,5275.235,1618.538,0,3013.278,0,342.690,7935,12360,0.510,1.080,1.020,1,0,0,0,0,18,293,0,24,2
17-06 02:40:53,17.219,3.993,74.863,0.499,0,5442312,190152,185372,2182992,4851.126,1617.042,0,1217.772,0,119.781,5629,7984,0.710,1.110,1.040,0,0,0.998,0,0,18,294,0,24,2
17-06 02:40:54,3.994,1.747,92.858,0.499,0,5442256,190152,185372,2183048,4718.767,1563.603,0,223.657,0,11.982,1566,1792,0.710,1.110,1.040,0,0,0,0,0,18,294,0,24,2
17-06 02:40:55,3.757,1.002,94.926,0.250,0,5442468,189900,185372,2183088,4734.763,1568.904,0,200.371,0,12.022,1454,1716,0.710,1.110,1.040,1,0,0,0,0,18,294,0,24,2
17-06 02:40:56,15.507,3.502,77.536,1.000,0,5442536,189648,185372,2183304,5465.565,1566.735,0,1416.665,0,195.092,5418,7967,0.710,1.110,1.040,2,0,0,0,0,18,294,0,24,2
17-06 02:40:57,26.223,5.245,65.431,1.498,0,5442928,188892,185372,2183668,5464.270,1618.303,0,2597.276,0,321.663,8529,13048,0.710,1.110,1.040,1,0,0,0,0,18,294,0,24,2
17-06 02:40:58,23.292,5.009,68.373,1.503,0,5445068,186372,185372,2184048,5109.201,1622.923,272.491,1855.341,16.029,198.357,6962,9647,0.730,1.110,1.040,5,0,0,0,0,18,294,0,24,2
17-06 02:40:59,4.745,1.748,88.914,1.748,0,5446408,184860,185376,2184216,4098.053,1240.805,0,9366.979,0,536.483,3185,5200,0.730,1.110,1.040,1,1,1.998,0,0,18,293,0,24,2
17-06 02:41:00,14.714,2.993,79.554,1.496,0,5450848,180312,185376,2184324,4644.554,1716.769,0,8499.055,0,952.652,4564,6312,0.730,1.110,1.040,0,0,0,0,0,18,293,0,27,2
17-06 02:41:01,10.505,3.001,84.041,1.000,0,5454088,176964,185376,2184432,7963.883,2501.220,64.031,1044.509,4.002,145.071,3313,4627,0.730,1.110,1.040,0,0,1.000,0,0,18,293,0,28,2
17-06 02:41:02,5.498,1.749,90.223,0.250,0,5454176,176712,185376,2184596,5304.427,1025.696,0,1343.602,0,99.970,2220,3066,0.730,1.110,1.040,0,0,0,0,0,18,294,0,28,2
17-06 02:41:03,20.048,2.757,75.682,0.752,0,5465632,165192,185376,2184660,7154.231,2246.411,0,870.096,0,110.266,3855,4896,0.910,1.140,1.050,1,0,0,0,0,18,294,0,33,2
17-06 02:41:04,10.475,1.746,84.297,0.998,0.249,5465448,165192,185376,2184844,11681.831,3397.807,0,1464.469,0,167.596,3112,4230,0.910,1.140,1.050,0,0,0,0,0,18,293,0,34,2
17-06 02:41:05,10.267,1.753,86.139,0.751,0,5462160,168392,185376,2184932,6162.955,1924.108,0,1438.323,0,162.262,3062,4257,0.910,1.140,1.050,0,0,0,0,0,18,293,0,35,2
17-06 02:41:06,12.481,2.247,82.623,0.998,0,5466140,164360,185376,2184984,6673.731,2372.350,0,1298.003,0,163.748,3248,4412,0.910,1.140,1.050,0,0,0,0,0,18,293,0,37,2
17-06 02:41:07,7.524,2.006,87.530,1.756,0,5466536,163856,185376,2185092,10703.269,2592.300,16.051,6428.583,1.003,400.282,3078,4403,0.910,1.140,1.050,3,0,0,0,0,18,294,0,37,2
17-06 02:41:08,6.228,1.744,89.682,0.747,0,5466608,163604,185376,2185272,4980.314,1452.841,0,817.098,0,104.628,2496,3487,0.840,1.120,1.040,0,0,0,0,0,18,293,0,37,2
17-06 02:41:09,14.530,2.255,80.667,1.253,0,5470548,159572,185376,2185364,5990.429,2429.040,0,1671.468,0,215.447,4045,5771,0.840,1.120,1.040,1,0,0,0,0,18,293,0,41,2
17-06 02:41:10,15.251,3.250,79.504,0.750,0,5471600,158312,185376,2185572,4752.216,2520.115,0,920.042,0,121.005,3496,4815,0.840,1.120,1.040,0,0,0,0,0,18,293,0,46,2
17-06 02:41:11,6.262,1.252,91.171,0.250,0,5472092,157812,185376,2185580,5675.614,1689.159,0,937.754,0,98.184,2123,2986,0.840,1.120,1.040,1,0,1.002,0,0,18,294,0,47,2
17-06 02:41:12,4.483,1.992,90.655,0.747,0,5473112,156572,185376,2185800,4901.356,1655.702,187.288,737.196,11.955,64.754,2133,2760,0.840,1.120,1.040,0,0,5.977,0,0,18,293,0,47,2
17-06 02:41:13,5.000,1.750,91.492,0.250,0,5473096,156572,185376,2185816,4919.569,1759.846,0,731.936,0,64.994,1939,2591,0.770,1.100,1.030,0,0,0,0,0,18,293,0,47,2
17-06 02:41:14,4.251,1.500,92.768,0.250,0,5473072,156572,185376,2185840,4560.892,1620.317,0,400.078,0,41.008,1775,2445,0.770,1.100,1.030,0,0,0,0,0,18,293,0,47,2
17-06 02:41:15,7.499,1.500,89.492,0.750,0,5471620,157976,185376,2185888,16384.502,4211.615,0,4439.594,0,565.948,2704,3302,0.770,1.100,1.030,0,0,0,0,0,18,293,0,47,2
17-06 02:41:16,12.254,1.250,83.280,1.000,0,5471552,157976,185376,2185956,8055.927,3397.234,0,1340.487,0,186.068,3525,4992,0.770,1.100,1.030,0,0,0,0,0,18,293,0,49,2
17-06 02:41:17,7.763,2.003,89.151,0.250,0,5471392,157976,185376,2186116,6572.157,2484.217,0,917.558,0,74.126,2273,2948,0.770,1.100,1.030,4,0,0,0,0,18,294,0,52,2
17-06 02:41:18,6.001,1.500,89.265,1.250,0.250,5471592,157724,185376,2186168,6130.009,1686.277,0,1572.259,0,179.029,2580,3974,0.710,1.090,1.030,1,0,0,0,0,18,293,0,53,2
17-06 02:41:19,15.973,2.745,78.865,1.248,0,5471460,157724,185376,2186300,12632.332,3916.283,31.945,2132.342,0.998,259.555,4574,6484,0.710,1.090,1.030,1,0,0,0,0,18,293,0,57,2
17-06 02:41:20,9.500,2.500,83.999,2.250,0,5473212,155708,185380,2186560,4859.927,1619.976,0,7943.881,0,525.992,4209,6659,0.710,1.090,1.030,0,0,0,0,0,18,293,0,57,2
17-06 02:41:21,8.533,2.008,87.587,0.753,0,5473868,154952,185380,2186660,4895.859,1626.264,16.062,1349.197,1.004,144.557,2711,3939,0.710,1.090,1.030,2,0,1.004,0,0,18,292,0,60,2
17-06 02:41:22,8.240,1.498,88.388,0.499,0,5478860,149912,185380,2186708,6150.175,2419.921,0,763.029,0,79.898,2355,3295,0.710,1.090,1.030,0,0,0,0,0,18,293,0,61,2
17-06 02:41:23,9.739,1.498,86.899,0.999,0,5482600,146132,185380,2186748,6083.946,2485.119,0,1030.805,0,138.839,2811,3954,0.650,1.070,1.020,2,0,0,0,0,18,293,0,62,2
17-06 02:41:24,11.235,1.997,84.637,0.499,0,5485172,143360,185380,2186948,5305.893,1918.430,0,898.796,0,104.860,2936,3910,0.650,1.070,1.020,0,0,0,0,0,18,293,0,64,2
17-06 02:41:25,10.529,1.755,85.989,0,0,5485884,142604,185380,2186992,5550.432,2088.808,0,722.007,0,69.192,2636,3291,0.650,1.070,1.020,4,0,0,0,0,18,293,0,67,2
17-06 02:41:26,5.502,1.000,91.533,1.000,0,5486584,141860,185380,2187036,10506.777,2930.053,0,1072.385,0,120.043,2177,3064,0.650,1.070,1.020,3,0,1.000,0,0,18,294,0,66,2
17-06 02:41:27,26.255,6.251,63.263,2.250,0,5488644,139368,185380,2187468,4939.007,1458.297,0,3212.655,0,422.086,8816,13928,0.650,1.070,1.020,2,0,3.001,0,0,18,294,0,66,2
17-06 02:41:28,27.123,5.474,63.203,1.493,0,5489500,138108,185380,2187872,5016.448,1612.430,63.701,7329.587,1.991,564.350,8947,13837,0.760,1.080,1.030,2,0,1.991,0,0,18,294,0,69,2
17-06 02:41:29,15.571,2.763,78.861,1.005,0,5490028,137352,185380,2188100,5033.027,1464.701,0,3194.616,0,274.255,5175,7633,0.760,1.080,1.030,0,0,0,0,0,18,293,0,71,2
17-06 02:41:30,14.228,2.746,79.627,0.998,0,5491472,135812,185380,2188196,4984.316,2521.114,15.975,7029.164,0.998,875.650,4189,5513,0.760,1.080,1.030,0,0,0,0,0,18,293,0,70,2
17-06 02:41:31,5.489,1.746,90.811,0.998,0,5491692,135560,185380,2188228,6030.448,1520.835,0,2814.143,0,137.713,2357,3412,0.760,1.080,1.030,2,0,0.998,0,0,18,294,0,71,2
17-06 02:41:32,5.747,1.249,90.198,0.750,0,5491900,135308,185380,2188272,5193.982,1376.200,0,1411.180,0,159.907,2504,3672,0.760,1.080,1.030,0,0,0,0,0,18,293,0,71,2
17-06 02:41:33,14.273,2.254,81.133,1.252,0,5491644,135308,185380,2188528,5706.320,1978.231,16.026,1919.135,1.002,196.321,3929,5582,0.940,1.120,1.040,1,0,0,0,0,18,293,0,76,2
17-06 02:41:34,11.533,2.256,83.988,0.752,0,5491600,135308,185380,2188572,6324.953,2088.929,0,1536.361,0,171.487,3118,4162,0.940,1.120,1.040,0,1,0,0,0,18,293,0,74,2
17-06 02:41:35,5.729,1.743,88.171,1.993,0,5491428,135308,185384,2188740,10630.274,2985.842,0,5977.661,0,387.552,2707,4066,0.940,1.120,1.040,2,0,0,0,0,18,294,0,75,2
17-06 02:41:36,26.351,5.772,64.245,2.510,0,5491696,134804,185388,2188972,5389.578,1572.002,0,3665.997,0,416.591,8484,13060,0.940,1.120,1.040,0,1,1.004,0,0,18,294,0,75,2
17-06 02:41:37,23.477,5.245,67.185,0.749,0,5491636,134552,185392,2189280,4941.239,1618.441,0,1954.117,0,221.786,6850,10035,0.940,1.120,1.040,1,0,0,0,0,18,294,0,77,2
17-06 02:41:38,23.962,3.994,67.394,1.747,0,5492092,133792,185396,2189580,5058.009,1617.445,0,2244.454,0,246.610,7436,10690,0.950,1.110,1.040,3,0,0,0,0,18,294,0,72,2
17-06 02:41:39,25.743,5.499,63.983,2.499,0,5491968,133540,185396,2189956,5158.629,1619.570,0,3683.021,0,453.879,8497,13293,0.950,1.110,1.040,3,0,0,0,0,18,294,0,72,2
17-06 02:41:40,24.808,4.761,66.655,1.503,0.251,5492196,133036,185396,2190232,4943.505,1515.527,0,7677.869,0,501.166,7921,12110,0.950,1.110,1.040,3,0,0,0,0,18,295,0,73,2
17-06 02:41:41,24.244,4.499,66.985,1.500,0,5492644,132280,185396,2190540,5061.830,1685.610,0,2219.487,0,278.936,7453,11065,0.950,1.110,1.040,4,0,1.000,0,0,18,294,0,74,2
17-06 02:41:42,25.506,4.751,65.264,1.500,0,5492792,131776,185396,2190896,6241.348,1620.350,0,3732.806,0,399.086,7944,12499,0.950,1.110,1.040,1,0,0,0,0,18,294,0,75,2
17-06 02:41:43,22.444,4.987,69.825,1.247,0,5494036,130264,185396,2191164,5362.560,1292.760,0,1823.430,0,197.505,6756,9747,1.030,1.130,1.040,0,0,0,0,0,18,293,0,76,2
17-06 02:41:44,5.514,1.504,91.990,0.752,0,5494264,130012,185396,2191188,4834.597,1245.245,0,1207.145,0,100.261,1822,2788,1.030,1.130,1.040,2,0,0,0,0,18,294,0,76,2
17-06 02:41:45,8.717,6.974,80.694,0.996,0,5518000,168720,185124,2129644,4620.451,1452.483,3.985,6060.980,0.996,375.574,3763,14205,1.030,1.130,1.040,0,0,35.864,0,0,18,293,0,77,2
17-06 02:41:46,14.743,2.749,79.714,1.249,0,5506308,180316,185124,2129740,6693.990,2576.841,0,8056.377,0,1025.539,4347,5670,1.030,1.130,1.040,0,0,0,0,0,18,293,0,75,2
17-06 02:41:47,17.065,2.259,79.552,0.251,0,5506348,180092,185124,2129924,5875.324,1928.327,0,1666.331,0,69.263,3250,3934,1.030,1.130,1.040,1,0,0,0,0,18,293,0,81,2
17-06 02:41:48,4.241,0.748,91.806,0.499,0,5506272,180108,185124,2129984,10681.420,2990.678,0,2107.545,0,169.641,2297,3473,0.950,1.110,1.040,1,0,0,0,0,18,293,0,81,2
17-06 02:41:49,5.500,2.250,90.255,1.250,0,5506228,180108,185132,2130020,9768.559,2835.162,0,1028.059,0,109.006,2495,3628,0.950,1.110,1.040,3,0,0,0,0,18,293,0,82,2
17-06 02:41:50,12.279,2.255,82.947,0.752,0,5506364,179856,185132,2130136,4450.548,1623.848,0,1423.373,0,153.363,3711,5081,0.950,1.110,1.040,1,0,0,0,0,18,293,0,83,2
17-06 02:41:51,13.938,2.240,80.391,0.747,0,5507160,178852,185136,2130340,6147.547,2404.263,0,1401.740,0,160.284,3463,4809,0.950,1.110,1.040,1,0,0.996,0,0,18,293,0,87,2
17-06 02:41:52,6.021,1.254,91.073,0.502,0,5507152,178852,185136,2130348,4997.708,1625.760,0,1111.940,0,91.324,1855,2496,0.950,1.110,1.040,1,0,0,0,0,18,294,0,88,2
17-06 02:41:53,12.717,2.743,81.289,1.247,0,5507284,178628,185140,2130436,5605.431,2408.739,0,1767.406,0,216.437,3516,5022,0.870,1.090,1.030,1,0,0,0,0,18,293,0,92,2
17-06 02:41:54,7.002,1.501,89.781,0.250,0,5507232,178628,185140,2130488,4741.612,1620.551,0,852.290,0,75.026,2252,2939,0.870,1.090,1.030,0,0,0,0,0,18,293,0,91,2
17-06 02:41:55,7.507,1.501,89.088,0.250,0,5507288,178404,185140,2130656,4624.579,1621.606,0,864.856,0,79.078,2340,3050,0.870,1.090,1.030,0,0,0,0,0,18,293,0,92,2
17-06 02:41:56,9.014,1.252,88.141,0.501,0,5507268,178404,185140,2130676,5551.884,1688.702,0,576.923,0,40.064,1816,2141,0.870,1.090,1.030,1,0,0,0,0,18,294,0,98,2
17-06 02:41:57,12.246,1.999,81.473,1.749,0.250,5507192,178404,185140,2130752,12949.742,3921.711,0,7393.569,0,553.818,4411,6725,0.870,1.090,1.030,1,0,0,0,0,18,293,0,99,2
17-06 02:41:58,19.755,5.001,71.270,1.750,0,5506908,178404,185140,2131036,5341.468,1620.445,0,2060.566,0,258.071,6330,9499,0.960,1.110,1.040,2,0,0,0,0,18,294,0,102,2
17-06 02:41:59,26.256,4.501,64.014,2.000,0,5506668,178404,185144,2131272,4999.082,1458.316,0,3116.675,0,375.081,8207,12597,0.960,1.110,1.040,4,0,2.000,0,0,18,294,0,102,2
17-06 02:42:00,24.416,4.485,68.017,1.246,0,5506636,178152,185148,2131552,4783.584,1614.459,0,2941.904,0,276.053,7395,10736,0.960,1.110,1.040,0,0,0,0,0,18,293,0,104,2
17-06 02:42:01,4.506,1.502,91.364,0.501,0,5506864,177900,185148,2131576,6144.649,1622.019,0,1473.835,0,109.136,2227,3271,0.960,1.110,1.040,1,0,1.001,0,0,18,294,0,104,2
17-06 02:42:02,11.736,2.747,82.651,1.748,0,5506896,177648,185148,2131796,7510.968,2577.900,15.981,7107.454,0.999,494.406,4111,6514,0.960,1.110,1.040,0,0,0,0,0,18,293,0,103,2
17-06 02:42:03,7.273,1.505,89.285,0.251,0,5506864,177648,185148,2131828,7764.799,1625.191,0,850.717,0,75.240,2190,2799,0.890,1.090,1.030,1,0,0,0,0,18,294,0,105,2
17-06 02:42:04,11.958,1.993,84.702,0.498,0,5507040,177424,185148,2131876,11569.250,3723.883,0,1143.971,0,98.653,2864,3787,0.890,1.090,1.030,0,0,0,0,0,18,293,0,109,2
17-06 02:42:05,4.749,0.750,92.483,0.500,0,5507020,177424,185148,2131896,6928.750,2036.633,0,703.873,0,63.988,1724,2380,0.890,1.090,1.030,0,0,0,0,0,18,293,0,110,2
17-06 02:42:06,14.254,2.501,82.025,0.500,0,5506108,178156,185148,2132076,6712.068,1921.592,0,6313.945,0,789.243,3286,3863,0.890,1.090,1.030,1,1,0,0,0,18,293,0,116,2
17-06 02:42:07,4.766,1.505,92.056,0.502,0,5506072,178156,185148,2132112,10739.749,3049.150,0,850.832,0,85.284,2072,2816,0.890,1.090,1.030,1,0,0,0,0,18,292,0,108,2
17-06 02:42:08,7.741,1.498,88.893,0.250,0,5505612,177904,185148,2132824,9588.446,3178.170,679.182,607.268,14.982,42.948,2193,2795,0.810,1.070,1.030,0,0,0,0,0,18,293,0,109,2
17-06 02:42:09,8.483,1.747,86.330,0.998,0,5505576,177904,185148,2132860,11111.148,3056.988,0,1321.401,0,164.676,3139,4305,0.810,1.070,1.030,2,0,0,0,0,18,293,0,110,2
17-06 02:42:10,18.330,4.520,73.821,1.507,0,5505300,177904,185148,2133136,4296.670,1464.363,0,1980.606,0,246.069,5907,8842,0.810,1.070,1.030,1,1,0,0,0,18,294,0,110,2
17-06 02:42:11,26.140,5.975,62.488,2.739,0,5505416,177400,185148,2133524,4856.648,1613.240,0,9372.723,0,777.741,9504,15585,0.810,1.070,1.030,2,0,0.996,0,0,18,294,0,103,2
17-06 02:42:12,24.272,5.505,66.560,1.501,0,5506428,175140,185148,2134772,4888.433,1567.421,1109.006,3451.130,14.013,291.264,7404,10669,0.810,1.070,1.030,0,0,6.005,0,0,18,293,0,103,2
17-06 02:42:13,2.501,0.750,95.046,0.250,0,5506428,175140,185148,2134772,4932.407,1620.791,0,672.328,0,40.020,1467,1968,0.750,1.050,1.020,0,1,0,0,0,18,294,0,103,2
17-06 02:42:14,9.986,1.997,85.130,0.749,0,5506212,175140,185152,2134984,10407.358,2831.017,0,1262.224,0,123.826,3265,4494,0.750,1.050,1.020,0,0,0,0,0,18,293,0,105,2
17-06 02:42:15,20.741,4.748,71.717,1.249,0,5505936,175140,185152,2135260,16660.390,4372.003,0,2087.047,0,262.880,6618,9599,0.750,1.050,1.020,1,0,0,0,0,18,294,0,107,2
17-06 02:42:16,26.366,5.022,64.282,2.260,0,5505312,175140,185152,2135884,5320.312,1627.129,0,4375.170,0,439.928,8285,12601,0.750,1.050,1.020,4,0,1.004,0,0,18,293,1,108,2
17-06 02:42:17,24.404,5.230,67.486,0.747,0,5506680,173404,185152,2136252,5080.109,1613.682,0,1677.432,0,149.415,6651,9091,0.750,1.050,1.020,2,0,0,0,0,18,294,0,110,2
17-06 02:42:18,9.770,2.255,83.172,2.004,0,5506620,173404,185152,2136312,6703.892,2611.412,0,8225.045,0,594.231,4325,6981,0.690,1.030,1.010,0,0,0,0,0,18,293,0,111,2
17-06 02:42:19,14.967,3.243,77.831,1.746,0,5507000,172900,185152,2136436,6246.434,2599.355,0,1840.004,0,227.506,4308,6135,0.690,1.030,1.010,1,0,0,0,0,18,293,0,103,2
17-06 02:42:20,13.772,3.005,81.628,1.002,0,5507152,172648,185156,2136532,4851.626,2434.827,0,1558.450,0,189.298,3613,5261,0.690,1.030,1.010,0,0,0,0,0,18,293,0,104,2
17-06 02:42:21,6.259,1.502,90.125,0.250,0,5507128,172648,185156,2136556,5913.188,1688.338,0,7117.856,0,891.234,2630,3529,0.690,1.030,1.010,4,0,1.001,0,0,18,294,0,104,2
17-06 02:42:22,9.473,2.493,84.758,1.246,0.249,5507480,172144,185156,2136708,6002.891,2599.591,0,1770.952,0,202.423,3532,5202,0.690,1.030,1.010,0,0,0,0,0,18,293,0,105,2
17-06 02:42:23,17.251,2.000,79.256,0.500,0,5507240,172144,185156,2136948,11665.938,3340.268,0,1028.083,0,104.008,3807,4638,0.710,1.030,1.010,1,0,0,0,0,18,293,0,99,2
17-06 02:42:24,8.015,1.753,88.663,0.501,0,5507072,172144,185156,2137116,5965.972,2152.960,0,1338.462,0,127.234,2665,3760,0.710,1.030,1.010,1,0,0,0,0,18,293,0,99,2
17-06 02:42:25,6.246,0.999,90.439,0.749,0,5507292,171892,185156,2137148,10776.683,2833.076,0,1015.311,0,82.944,2420,3222,0.710,1.030,1.010,1,0,0,0,0,18,294,0,99,2
17-06 02:42:26,7.495,2.748,86.939,1.499,0,5507484,171640,185156,2137208,11843.730,3443.595,0,6703.319,0,483.662,3575,5616,0.710,1.030,1.010,0,0,0,0,0,18,293,0,99,2
17-06 02:42:27,10.006,2.001,85.551,1.001,0,5507424,171640,185156,2137268,11852.051,3408.028,0,1336.795,0,154.092,3283,4594,0.710,1.030,1.010,1,0,0,0,0,18,293,0,94,2
17-06 02:42:28,19.228,3.995,73.916,0.999,0,5507500,171388,185156,2137444,4406.995,1240.591,0,1861.885,0,221.748,6161,9135,0.740,1.030,1.010,8,0,0.999,0,0,18,294,0,94,2
17-06 02:42:29,27.036,6.258,62.583,1.502,0,5511960,166360,185160,2138008,3740.975,757.007,0,3420.549,0,409.545,8838,13754,0.740,1.030,1.010,2,0,3.004,0,0,18,294,0,94,2
17-06 02:42:30,27.241,4.249,64.978,1.749,0,5511788,166136,185160,2138404,4396.513,1457.507,95.968,2607.119,4.998,281.905,7895,11325,0.740,1.030,1.010,2,0,1.999,0,0,18,294,0,97,2
17-06 02:42:31,24.320,5.265,66.441,1.254,0,5511684,165884,185164,2138756,4668.390,1462.194,0,3393.734,0,350.004,7642,10779,0.740,1.030,1.010,1,0,1.003,0,0,18,295,0,92,2
17-06 02:42:32,25.973,5.744,62.186,2.997,0,5511320,165884,185164,2139120,4914.947,1618.336,0,10369.340,0,872.103,9286,15260,0.740,1.030,1.010,1,0,0,0,0,18,294,0,93,2
17-06 02:42:33,23.769,5.004,69.056,1.001,0,5511808,165128,185164,2139388,4641.787,1459.190,0,2073.692,0,175.143,7192,10328,0.760,1.030,1.010,2,0,0,0,0,18,294,0,97,2
17-06 02:42:34,13.455,2.741,80.480,1.495,0,5511972,164876,185164,2139476,5898.248,2396.973,0,3651.771,0,214.282,4317,6301,0.760,1.030,1.010,0,0,0,0,0,18,293,0,99,2
17-06 02:42:35,6.747,1.499,88.962,0.250,0,5512052,164624,185164,2139648,5968.439,2501.927,0,1667.285,0,171.926,2780,4069,0.760,1.030,1.010,0,0,0,0,0,18,293,0,91,2
17-06 02:42:36,9.749,2.250,86.237,1.000,0,5511960,164624,185164,2139740,6461.052,2503.633,0,2147.685,0,163.976,3231,4583,0.760,1.030,1.010,0,0,0,0,0,18,293,0,91,2
17-06 02:42:37,6.002,1.501,90.281,0.750,0,5509884,166668,185164,2139772,4741.653,2017.704,0,7618.657,0,930.324,2377,2784,0.760,1.030,1.010,0,0,0,0,0,18,293,0,92,2
17-06 02:42:38,3.012,1.506,92.611,1.004,0,5509872,166668,185164,2139784,5875.910,1529.965,0,5762.468,0,377.472,2359,3925,0.700,1.010,1.010,1,0,0,0,0,18,294,0,92,2
17-06 02:42:39,8.715,1.494,86.906,0.747,0,5509800,166668,185164,2139856,5887.690,2494.126,0,1394.479,0,151.401,3145,4574,0.700,1.010,1.010,1,0,0,0,0,18,293,0,88,2
17-06 02:42:40,7.003,2.251,88.533,1.000,0,5509880,166416,185168,2140024,5997.222,2083.772,0,1084.402,0,109.040,2924,4011,0.700,1.010,1.010,0,0,0,0,0,18,293,0,89,2
17-06 02:42:41,8.507,1.501,87.068,0.751,0,5510300,165912,185176,2140100,6112.785,2505.961,0,1313.028,0,162.127,3202,4587,0.700,1.010,1.010,0,0,1.001,0,0,18,293,0,89,2
17-06 02:42:42,7.753,1.751,88.029,1.000,0,5510128,165912,185176,2140272,6983.277,2149.701,0,1156.377,0,126.041,2684,3685,0.700,1.010,1.010,0,0,0,0,0,18,293,0,89,2
17-06 02:42:43,7.765,1.252,89.419,0.250,0,5510064,165912,185176,2140336,5782.922,2442.613,0,1057.998,0,110.208,2379,3302,0.640,1,1,0,0,0,0,0,18,293,0,85,2
17-06 02:42:44,2.749,0.750,94.954,0.750,0,5510060,165912,185176,2140340,6675.752,1685.180,0,715.652,0,65.968,1502,2196,0.640,1,1,1,0,0,0,0,18,293,0,85,2
17-06 02:42:45,10.748,4.999,81.737,1.000,0,5522244,153600,185176,2140468,6014.060,2082.675,67.989,1247.805,1.000,128.980,3808,8900,0.640,1,1,0,0,35.994,0,0,18,293,0,87,2
17-06 02:42:46,11.497,2.499,83.729,0.500,0,5522248,153348,185176,2140716,5970.504,2082.478,0,1575.605,0,169.957,3827,5428,0.640,1,1,0,0,0,0,0,18,293,0,87,2
17-06 02:42:47,8.498,1.999,86.976,1.000,0,5522192,153348,185176,2140772,11093.899,3297.078,0,1487.584,0,167.953,3081,4469,0.640,1,1,0,0,1.000,0,0,18,293,0,87,2
17-06 02:42:48,10.969,2.742,82.268,1.496,0,5522148,153348,185176,2140816,5085.688,1615.454,3.989,6058.949,0.997,418.821,4532,6915,0.590,0.980,0.990,3,0,0,0,0,18,294,0,77,2
17-06 02:42:49,27.094,5.770,62.718,2.509,0,5520672,154420,185176,2141220,4593.991,1463.093,0,4098.266,0,442.540,8473,13349,0.590,0.980,0.990,3,0,1.003,0,0,18,294,0,78,2
17-06 02:42:50,23.750,5.000,67.999,0.750,0,5521412,153412,185176,2141488,4679.937,1619.978,0,1863.975,0,178.998,7187,10114,0.590,0.980,0.990,1,0,0,0,0,18,295,0,80,2
17-06 02:42:51,11.733,2.996,82.133,1.248,0,5516276,158492,185176,2141576,4109.141,1455.924,15.977,2600.292,0.999,259.630,3927,5984,0.590,0.980,0.990,0,0,2.996,0,0,18,293,0,81,2
17-06 02:42:52,16.509,4.252,75.290,1.751,0,5520028,147180,185180,2149132,4562.444,1690.906,8.004,2905.556,2.001,352.189,5045,6994,0.590,0.980,0.990,1,0,2.001,0,0,18,293,0,77,2
17-06 02:42:53,4.983,2.242,90.696,0.498,0,5503916,163288,185180,2149136,4383.301,1453.127,0,6290.904,0,767.426,2163,2368,0.620,0.980,1,1,0,0,0,0,18,294,0,77,2
17-06 02:42:54,24.378,5.529,64.840,3.016,0,5504168,162536,185184,2149632,4431.266,1465.695,4.021,8158.837,1.005,666.499,8508,13472,0.620,0.980,1,1,0,0,0,0,18,294,0,77,2
17-06 02:42:55,25.651,4.981,66.245,1.245,0,5505128,161276,185184,2149932,4482.714,1613.777,0,3837.203,0,328.732,7650,11268,0.620,0.980,1,1,0,0,0,0,18,294,0,77,2
17-06 02:42:56,24.585,4.516,68.236,0.753,0,5506196,159908,185184,2150232,4791.603,1463.070,32.111,1850.412,1.003,173.602,6867,9934,0.620,0.980,1,2,0,0,0,0,18,295,0,70,2
17-06 02:42:57,25.240,5.248,64.224,2.249,0,5506160,159656,185184,2150520,4876.046,1457.416,0,3394.640,0,412.835,8264,12624,0.620,0.980,1,4,0,0,0,0,18,294,0,71,2
17-06 02:42:58,24.704,4.991,67.873,0.998,0,5507272,158144,185184,2150920,5308.106,1575.064,0,1916.428,0,176.671,7040,10046,0.650,0.980,1,0,0,0,0,0,18,294,0,71,2
17-06 02:42:59,4.251,1.500,92.776,0.250,0,5507512,157892,185184,2150932,3016.840,486.135,0,1220.340,0,85.024,1949,2676,0.650,0.980,1,1,0,2.001,0,0,18,294,0,71,2
17-06 02:43:00,26.071,5.515,63.673,3.008,0,5507428,157640,185184,2151268,4933.428,1624.421,0,8386.827,0,728.984,9131,14373,0.650,0.980,1,0,1,0,0,0,18,294,0,60,2
17-06 02:43:01,25.637,3.982,65.711,1.245,0,5507372,157392,185184,2151572,6468.523,1612.899,0,2779.762,0,260.852,8112,12248,0.650,0.980,1,1,0,0.996,0,0,18,294,0,61,2
17-06 02:43:02,24.320,4.513,67.445,1.755,0,5507576,156888,185184,2151872,6920.021,1624.701,0,3237.366,0,391.132,7850,11706,0.650,0.980,1,0,1,0,0,0,18,294,0,64,2
17-06 02:43:03,26.548,5.210,62.772,2.233,0,5507388,156636,185184,2152312,5781.980,1673.261,0,4001.535,0,480.343,8486,13215,0.680,0.980,1,3,0,0,0,0,18,294,0,65,2
17-06 02:43:04,24.437,5.290,66.761,1.763,0.252,5507076,156636,185184,2152624,5391.234,1632.486,0,9738.484,0,596.563,7863,11714,0.680,0.980,1,1,0,0,0,0,18,294,0,56,2
17-06 02:43:05,25.007,4.251,69.020,0.750,0,5507304,156132,185184,2152900,5161.532,1620.481,0,1664.494,0,186.055,7508,10758,0.680,0.980,1,3,0,0,0,0,18,294,0,57,2
17-06 02:43:06,9.717,2.242,84.459,0.997,0.249,5507220,155880,185184,2153236,6972.986,2563.173,0,1546.673,0,177.389,3455,4986,0.680,0.980,1,0,0,0,0,0,18,293,0,59,2
17-06 02:43:07,7.774,1.505,88.277,0.752,0,5507036,155880,185184,2153420,12016.685,3470.885,0,1901.965,0,141.444,2796,4036,0.680,0.980,1,1,0,0,0,0,18,293,0,59,2
17-06 02:43:08,12.501,3.500,81.257,1.250,0,5507424,155380,185184,2153532,6518.545,2452.205,0,10692.894,0,222.019,3801,5166,0.790,1,1,0,0,0,0,0,18,293,0,52,2
17-06 02:43:09,10.737,2.247,85.145,0.999,0,5507356,155380,185184,2153600,5153.670,1618.013,15.980,1502.155,0.999,141.826,3276,4697,0.790,1,1,2,0,0,0,0,18,294,0,53,2
17-06 02:43:10,12.480,1.747,82.617,1.248,0,5507636,154876,185184,2153824,5789.662,2264.348,0,2376.168,0,299.517,4150,6117,0.790,1,1,0,0,0,0,0,18,293,0,53,2
17-06 02:43:11,7.274,1.756,88.545,0.753,0,5507576,154876,185184,2153884,10931.426,2658.860,0,1083.611,0,79.264,2562,3355,0.790,1,1,1,0,1.003,0,0,18,294,0,54,2
17-06 02:43:12,22.923,6.727,65.031,2.492,0,5508440,153868,185188,2154024,4443.031,1494.963,0,8818.291,0,739.509,8567,13468,0.790,1,1,1,0,5.980,0,0,18,294,0,51,2
17-06 02:43:13,25.588,6.523,63.219,2.509,0,5508324,153616,185188,2154392,5063.501,1691.848,0,4082.109,0,492.703,8639,13108,1.280,1.100,1.030,2,0,0,0,0,18,294,0,51,2
17-06 02:43:14,24.224,4.495,66.428,1.498,0,5508276,153364,185188,2154692,4692.937,1456.429,0,2221.603,0,227.754,7456,10766,1.280,1.100,1.030,1,0,0,0,0,18,294,0,52,2
17-06 02:43:15,22.693,5.486,68.330,1.746,0,5508720,152608,185188,2155004,17562.251,5153.163,31.920,5889.329,0.998,472.822,6819,9904,1.280,1.100,1.030,0,0,0,0,0,18,293,0,54,2
17-06 02:43:16,9.000,1.750,86.249,0.500,0,5510008,150844,185188,2155480,5296.919,1619.975,439.993,1767.973,15.000,134.998,2916,4131,1.280,1.100,1.030,1,0,0,0,0,18,294,0,49,2
17-06 02:43:17,11.497,2.499,82.979,1.250,0,5510564,150088,185188,2155680,12067.985,3351.163,0,1751.562,0,183.954,3671,5437,1.280,1.100,1.030,1,0,0,0,0,18,293,0,49,2
17-06 02:43:18,17.797,3.760,75.198,1.755,0.251,5510472,150088,185188,2155772,5177.625,1407.704,0,2245.910,0,278.733,5984,8927,1.260,1.100,1.030,1,0,0,0,0,18,294,0,49,2
17-06 02:43:19,25.760,5.252,63.774,1.751,0,5510132,150088,185188,2156112,4857.864,1134.435,0,4605.768,0,490.188,8157,12348,1.260,1.100,1.030,2,0,0,0,0,18,294,0,50,2
17-06 02:43:20,24.447,4.740,67.105,0.998,0,5510624,149332,185188,2156376,5328.518,1616.517,0,2283.080,0,197.574,7165,10238,1.260,1.100,1.030,1,0,0,0,0,18,295,0,46,2
17-06 02:43:21,11.768,2.754,81.872,2.003,0,5512704,147064,185188,2156560,6767.089,2627.918,0,3148.694,0,314.469,4312,6382,1.260,1.100,1.030,0,0,1.001,0,0,18,293,0,47,2
17-06 02:43:22,12.268,2.754,81.619,1.252,0,5513504,146056,185188,2156768,15884.237,4726.915,0,6000.779,0,401.587,3868,5446,1.260,1.100,1.030,5,0,0,0,0,18,293,0,47,2
17-06 02:43:23,10.712,1.495,84.452,0.249,0,5513424,146056,185192,2156844,15921.833,4599.773,0,777.258,0,84.701,3153,4054,1.320,1.110,1.040,1,0,0,0,0,18,293,0,47,2
17-06 02:43:24,8.499,2.250,88.236,1.000,0,5514392,145048,185192,2156884,15702.449,4424.281,0,743.879,0,71.988,2426,2904,1.320,1.110,1.040,1,0,0,0,0,18,294,0,46,2
17-06 02:43:25,13.503,1.750,82.769,0.500,0,5514844,144544,185192,2156936,11271.595,3460.797,0,2528.582,0,131.030,3195,4068,1.320,1.110,1.040,1,0,0,0,0,18,293,0,46,2
17-06 02:43:26,17.498,3.250,76.493,1.250,0,5514608,144544,185192,2157172,5120.500,1713.833,15.998,1935.811,1.000,215.979,5534,8091,1.320,1.110,1.040,4,0,0,0,0,18,294,0,46,2
17-06 02:43:27,26.092,5.770,64.227,1.756,0,5514904,143788,185196,2157624,4827.073,1625.750,0,4800.981,0,465.647,8582,13034,1.320,1.110,1.040,2,0,0,0,0,18,294,0,46,2
17-06 02:43:28,23.717,5.742,67.655,0.999,0,5516832,141560,185204,2157916,4925.114,1617.738,0,2736.174,0,293.590,7722,11534,1.290,1.110,1.040,6,0,0.999,0,0,18,293,0,47,2
17-06 02:43:29,8.511,2.253,85.358,1.502,0,5521252,137064,185204,2157992,5761.286,2478.134,0,11538.593,0,592.750,4002,6234,1.290,1.110,1.040,0,0,3.004,0,0,18,293,0,49,2
17-06 02:43:30,11.720,2.244,83.287,1.247,0,5521304,136812,185204,2158192,10908.118,3001.328,0,2006.870,0,187.521,3807,5289,1.290,1.110,1.040,0,0,1.995,0,0,18,293,0,50,2
17-06 02:43:31,10.755,2.001,84.542,0.750,0,5521492,136560,185204,2158256,11913.984,3353.684,0,1436.722,0,146.073,3507,4732,1.290,1.110,1.040,0,0,1.001,0,0,18,293,0,50,2
17-06 02:43:32,13.528,3.758,80.414,0.752,0,5521248,136560,185204,2158500,5156.533,1569.205,32.065,1358.775,1.002,142.291,4425,6489,1.290,1.110,1.040,2,0,0,0,0,18,294,0,50,3
17-06 02:43:33,25.974,6.244,62.438,2.747,0,5520892,136560,185208,2158852,4393.665,1596.425,0,4911.155,0,559.448,8426,13367,1.350,1.120,1.040,1,0,0,0,0,18,293,0,42,2
17-06 02:43:34,23.254,5.001,68.512,0.750,0,5522388,134796,185208,2159120,4412.771,1512.264,0,2008.351,0,178.031,7339,10365,1.350,1.120,1.040,2,0,0,0,0,18,294,0,42,2
17-06 02:43:35,13.754,3.001,79.521,2.001,0,5522404,134544,185212,2159352,5697.470,2922.754,0,6493.676,0,488.126,4575,6925,1.350,1.120,1.040,0,0,0,0,0,18,293,0,44,2
17-06 02:43:36,10.467,1.994,84.980,0.748,0,5522344,134544,185212,2159412,11736.779,3287.574,0,1244.055,0,126.599,3070,4130,1.350,1.120,1.040,0,0,0.997,0,0,18,293,0,44,2
17-06 02:43:37,11.257,2.001,83.805,0.500,0,5522296,134544,185212,2159460,4761.132,1458.960,0,1272.837,0,117.077,3790,5334,1.350,1.120,1.040,3,0,0,0,0,18,294,0,39,3
17-06 02:43:38,25.834,6.020,63.707,2.508,0,5521948,134544,185216,2159804,4773.494,1462.748,0,4309.989,0,487.583,8016,12539,1.560,1.170,1.060,3,0,0,0,0,18,294,0,39,2
17-06 02:43:39,25.997,5.249,65.742,1.000,0,5522896,133032,185216,2160368,4517.427,1457.815,0,6047.233,0,516.934,7611,10966,1.560,1.170,1.060,2,0,0,0,0,18,294,0,40,2
17-06 02:43:40,25.030,5.006,65.077,1.752,0,5522708,133032,185216,2160552,4623.479,1459.730,0,3159.744,0,348.413,7832,11710,1.560,1.170,1.060,3,0,0,0,0,18,294,0,40,2
17-06 02:43:41,24.878,5.971,64.684,1.990,0,5522788,132780,185216,2160724,5032.411,1612.123,0,3797.445,0,384.123,8181,12102,1.560,1.170,1.060,1,0,0.995,0,0,18,294,0,37,2
17-06 02:43:42,24.111,5.023,67.059,2.260,0,5523064,132024,185216,2161204,6088.079,1627.506,0,8298.272,0,611.822,7945,12237,1.560,1.170,1.060,3,0,0,0,0,18,292,0,40,2
17-06 02:43:43,6.727,1.993,89.192,0.747,0,5523268,131772,185216,2161252,7374.497,2572.105,0,2359.839,0,136.528,2540,3794,1.440,1.150,1.050,0,0,0,0,0,18,293,0,41,2
17-06 02:43:44,11.735,1.498,84.145,0.749,0,5523200,131016,185216,2162076,6742.556,2515.849,0,1378.274,0,150.811,2876,3724,1.440,1.150,1.050,1,0,0,0,0,18,293,0,42,2
17-06 02:43:45,16.547,5.516,75.964,0.752,0,5542496,162856,183796,2113388,6445.127,2100.909,0,1608.524,0,169.477,4606,13086,1.440,1.150,1.050,0,0,36.102,0,0,18,293,0,42,2
17-06 02:43:46,7.254,1.501,89.298,1.001,0,5545120,160044,183812,2113560,6341.388,2431.299,0,1384.740,0,146.078,2626,3840,1.440,1.150,1.050,0,0,0,0,0,18,293,0,42,2
17-06 02:43:47,4.501,1.500,92.024,0.250,0,5545092,160044,183848,2113552,10100.679,2650.703,0,1148.305,0,117.031,2281,3304,1.440,1.150,1.050,1,0,0,0,0,18,294,0,42,2
17-06 02:43:48,25.511,5.752,64.027,2.501,0,5544892,159820,183912,2113912,4802.024,1620.683,0,4293.810,0,501.211,8623,13519,1.400,1.150,1.050,1,0,0,0,0,18,294,0,42,2
17-06 02:43:49,25.873,4.976,64.931,2.239,0,5544928,159596,183924,2114088,3972.508,1504.617,0,8144.039,0,597.070,8783,13347,1.400,1.150,1.050,2,0,0,0,0,18,294,0,41,2
17-06 02:43:50,25.380,4.774,66.842,1.005,0,5544624,159596,183928,2114388,4462.857,1628.340,16.082,2066.584,1.005,250.282,7245,10345,1.400,1.150,1.050,1,0,0,0,0,18,291,0,45,2
17-06 02:43:51,4.993,1.498,90.878,1.248,0,5544840,159348,183928,2114420,5271.913,2230.002,0,3319.538,0,138.813,2595,3955,1.400,1.150,1.050,2,0,0.999,0,0,18,294,0,45,2
17-06 02:43:52,9.245,1.999,86.200,0.250,0,5544688,159348,183928,2114572,11588.262,3134.178,0,1439.163,0,142.917,3039,4218,1.400,1.150,1.050,0,0,0,0,0,18,293,0,46,2
17-06 02:43:53,20.280,4.006,72.607,1.502,0,5544516,159348,183932,2114740,4612.824,1568.320,0,2315.425,0,266.394,6597,9712,1.370,1.150,1.050,1,0,0,0,0,18,294,0,43,2
17-06 02:43:54,26.003,6.751,61.506,3.000,0,5544280,159124,183952,2115180,4772.461,1554.150,4.000,10609.024,1.000,841.081,8811,13775,1.370,1.150,1.050,2,0,1.000,0,0,18,294,0,44,2
17-06 02:43:55,25.489,5.747,65.221,1.999,0,5543916,159124,183984,2115512,4498.014,1619.285,0,8680.168,0,641.717,8498,13386,1.370,1.150,1.050,5,0,0,0,0,18,294,0,44,2
17-06 02:43:56,21.935,4.238,69.047,1.246,0,5543416,159124,184012,2115984,4892.610,2365.044,0,2105.806,0,243.284,6648,9671,1.370,1.150,1.050,0,0,0,0,0,18,293,0,46,2
17-06 02:43:57,8.531,1.756,87.814,1.254,0,5543408,159124,184012,2116012,5668.291,1692.057,0,1946.970,0,167.600,3025,4341,1.370,1.150,1.050,1,0,0,0,0,18,293,0,46,2
17-06 02:43:58,2.500,1.250,93.997,0,0,5543376,159124,184012,2116044,10615.621,2888.897,0,819.971,0,66.998,1713,2363,1.260,1.130,1.050,1,0,0,0,0,18,294,0,46,2
17-06 02:43:59,10.487,2.497,84.648,1.248,0,5543304,159124,184012,2116116,11531.090,3401.896,0,1673.981,0,175.788,3491,5008,1.260,1.130,1.050,0,0,1.998,0,0,18,293,0,47,2
17-06 02:44:00,20.273,3.754,72.080,1.502,0,5543016,159124,184024,2116392,4370.854,1567.741,0,2110.344,0,222.247,5828,7940,1.260,1.130,1.050,1,0,0,0,0,18,294,0,47,2
17-06 02:44:01,25.666,4.236,67.031,1.246,0,5543164,158876,184024,2116492,6164.880,1572.867,0,2320.427,0,251.180,5962,8136,1.260,1.130,1.050,1,0,0.997,0,0,18,294,0,46,2
17-06 02:44:02,24.574,5.517,64.443,2.257,0.251,5542860,158876,184028,2116792,5356.044,1624.867,0,8509.490,0,657.971,7861,11864,1.260,1.130,1.050,1,0,0,0,0,18,294,0,47,2
17-06 02:44:03,23.183,5.235,68.302,0.997,0.249,5542592,158876,184028,2117060,6401.430,1615.314,0,2058.030,0,200.419,7048,9832,1.240,1.130,1.050,4,0,0,0,0,18,294,0,48,2
17-06 02:44:04,25.070,4.763,66.936,1.755,0,5542556,158624,184032,2117344,5294.731,1624.520,0,2494.941,0,307.857,7648,11116,1.240,1.130,1.050,2,0,0,0,0,18,294,0,48,2
17-06 02:44:05,26.217,4.994,64.170,1.998,0,5542716,158120,184036,2117684,5333.383,1617.992,0,3224.000,0,359.554,8192,12690,1.240,1.130,1.050,2,0,0,0,0,18,294,0,43,2
17-06 02:44:06,25.042,3.756,68.114,0.501,0,5543544,157140,184040,2117832,5426.042,1622.704,0,2972.954,0,169.282,6499,9058,1.240,1.130,1.050,1,0,0,0,0,18,294,0,43,2
17-06 02:44:07,25.522,5.505,63.554,2.752,0,5535732,164624,184048,2118152,4994.266,1621.385,0,8819.534,0,755.645,9257,15052,1.240,1.130,1.050,1,0,0,0,0,18,294,0,44,2
17-06 02:44:08,24.470,4.744,67.666,1.248,0,5535760,164280,184064,2118452,4720.155,1606.011,0,2560.829,0,238.704,6692,9504,1.300,1.140,1.050,3,0,0,0,0,18,294,0,44,2
17-06 02:44:09,24.707,4.991,66.385,1.497,0,5535712,164028,184072,2118744,4178.764,1563.293,0,7854.399,0,467.191,7970,11244,1.300,1.140,1.050,2,0,0,0,0,18,294,0,42,2
17-06 02:44:10,27.322,6.266,63.166,2.507,0,5535728,163776,184076,2118976,4387.551,1570.134,0,4295.308,0,512.349,8983,13948,1.300,1.140,1.050,4,0,0,0,0,18,294,0,42,2
17-06 02:44:11,24.695,4.989,66.351,1.247,0,5534024,165008,184076,2119448,4387.180,1616.382,0,9135.551,0,629.591,8111,12883,1.300,1.140,1.050,2,0,0.998,0,0,18,295,0,44,2
17-06 02:44:12,12.489,3.497,80.682,1.499,0,5544940,153964,184080,2119572,5964.950,2567.826,15.986,2573.821,0.999,251.787,4284,6254,1.300,1.140,1.050,0,0,5.995,0,0,18,293,0,46,2
17-06 02:44:13,12.237,2.497,82.911,0.999,0,5536660,162028,184080,2119788,5354.234,2567.236,0,1482.404,0,169.817,3595,5068,1.360,1.150,1.060,1,0,0,0,0,18,293,0,47,2
17-06 02:44:14,12.269,2.003,83.627,0.501,0,5536808,161804,184084,2119860,4476.782,2345.553,0,1810.743,0,133.202,3040,4103,1.360,1.150,1.060,0,0,0,0,0,18,293,0,48,2
17-06 02:44:15,7.990,1.748,88.393,0.499,0,5536640,161804,184084,2120028,17494.757,4434.615,0,990.797,0,89.891,2696,3500,1.360,1.150,1.060,4,0,0,0,0,18,294,0,48,2
17-06 02:44:16,10.507,2.752,84.309,1.251,0,5536548,161804,184088,2120116,6179.319,2336.633,0,2129.488,0,234.164,3500,5037,1.360,1.150,1.060,0,0,0,0,0,18,293,0,49,2
17-06 02:44:17,14.758,2.251,80.293,1.251,0,5537676,160544,184108,2120228,21360.462,6979.745,0,2057.104,0,233.125,4340,5964,1.360,1.150,1.060,0,0,0,0,0,18,294,0,49,2
17-06 02:44:18,7.758,1.502,87.844,0.751,0,5537484,160544,184108,2120420,12083.922,3355.588,0,1465.567,0,144.154,2898,4035,1.250,1.140,1.050,0,0,0,0,0,18,294,0,47,2
17-06 02:44:19,8.723,2.243,84.491,1.745,0,5537416,160544,184128,2120468,10069.079,3222.105,0,7094.214,0,484.512,4104,6266,1.250,1.140,1.050,0,0,0,0,0,18,294,0,47,2
17-06 02:44:20,8.784,1.757,87.086,0.753,0,5537384,160544,184128,2120500,6287.260,1638.322,0,1156.462,0,124.480,3477,5078,1.250,1.140,1.050,4,1,0,0,0,18,295,0,47,2
17-06 02:44:21,26.003,5.751,64.008,2.250,0,5537020,160544,184160,2120832,4669.608,1512.197,0,4552.593,0,431.056,8062,12647,1.250,1.140,1.050,3,0,1.000,0,0,18,295,0,48,2
17-06 02:44:22,23.762,5.253,67.285,1.251,0,5537652,159564,184168,2121172,4792.501,1392.727,32.017,2397.251,2.001,242.126,7839,11377,1.250,1.140,1.050,2,0,1.001,0,0,18,295,0,45,2
17-06 02:44:23,25.903,4.981,64.758,2.242,0,5538444,158568,184172,2121356,3985.113,1075.980,0,7782.925,0,637.618,8463,13512,1.230,1.130,1.050,1,0,0,0,0,18,295,0,45,2
17-06 02:44:24,24.577,5.267,66.208,2.006,0,5538372,158316,184172,2121680,4606.482,1516.768,0,2949.272,0,304.959,7633,11641,1.230,1.130,1.050,1,0,0,0,0,18,295,0,45,2
17-06 02:44:25,17.216,3.493,76.349,1.248,0,5538888,157560,184176,2121916,5574.988,2512.038,0,2578.906,0,281.444,5283,7799,1.230,1.130,1.050,3,0,0,0,0,18,294,0,47,2
17-06 02:44:26,7.487,1.997,87.601,1.248,0,5539068,157308,184188,2121976,6401.086,2597.571,0,2156.324,0,202.654,2886,4129,1.230,1.130,1.050,0,0,0.998,0,0,18,294,0,46,2
17-06 02:44:27,10.015,2.253,85.126,0.751,0,5539120,157056,184192,2122172,5223.748,1568.326,0,1494.216,0,146.217,3251,4445,1.230,1.130,1.050,2,0,1.001,0,0,18,295,0,46,2
17-06 02:44:28,6.761,1.503,89.650,0.751,0.250,5539296,156816,184196,2122232,6205.394,2086.495,0,1678.812,0,150.252,2781,3986,1.130,1.110,1.050,3,0,0,0,0,18,294,0,46,2
17-06 02:44:29,10.471,2.992,83.769,0.748,0,5542188,153808,184200,2122344,11467.311,3450.465,0,1830.940,0,177.509,3581,4880,1.130,1.110,1.050,1,0,2.992,0,0,18,294,0,46,2
17-06 02:44:30,22.325,4.766,69.733,2.007,0,5541724,153808,184228,2122780,4701.742,1691.664,0,13055.713,0,846.835,7453,11656,1.130,1.110,1.050,1,0,2.007,0,0,18,295,0,44,2
17-06 02:44:31,26.103,5.469,64.636,1.740,0,5542376,152828,184248,2123088,4670.673,1610.920,0,3504.248,0,285.391,7900,11842,1.130,1.110,1.050,1,0,1.989,0,0,18,295,0,44,2
17-06 02:44:32,24.890,4.525,67.631,1.257,0,5542280,152576,184272,2123412,4893.542,1695.543,0,2646.897,0,273.540,8304,12401,1.130,1.110,1.050,1,0,0,0,0,18,295,0,44,2
17-06 02:44:33,12.244,3.249,82.463,1.249,0,5542424,152324,184304,2123496,5959.322,2563.848,0,2386.927,0,249.888,4273,6330,1.040,1.100,1.040,0,0,0,0,0,18,294,0,45,2
17-06 02:44:34,8.469,1.245,87.927,0.498,0,5542480,152072,184324,2123672,10302.196,3220.184,0,2052.469,0,191.298,2788,3951,1.040,1.100,1.040,1,0,0,0,0,18,294,0,46,2
17-06 02:44:35,14.314,2.511,80.360,1.005,0,5542348,152072,184348,2123780,6184.733,1693.594,0,1892.486,0,207.932,5087,7879,1.040,1.100,1.040,1,1,0,0,0,18,295,0,46,2
17-06 02:44:36,25.236,4.747,64.465,2.499,0,5541936,152072,184400,2124140,4952.285,1457.201,0,9234.937,0,740.594,9145,14516,1.040,1.100,1.040,1,1,1.999,0,0,18,295,0,46,2
17-06 02:44:37,15.484,2.997,78.168,1.249,0,5541668,152072,184436,2124372,5953.744,2563.307,0,3644.171,0,297.687,5186,7683,1.040,1.100,1.040,0,0,0,0,0,18,294,0,47,2
17-06 02:44:38,6.253,1.001,90.297,1.001,0,5541820,151848,184456,2124424,5834.062,1965.031,0,1384.727,0,151.079,2561,3667,1.040,1.090,1.040,1,0,0,0,0,18,294,0,45,2
17-06 02:44:39,7.750,1.750,88.504,0.750,0,5542028,151596,184456,2124468,5803.273,2342.110,0,1404.066,0,149.007,2973,4216,1.040,1.090,1.040,0,0,0,0,0,18,294,0,45,2
17-06 02:44:40,6.981,0.997,88.504,0.748,0,5542240,151344,184456,2124508,5643.341,2311.586,0,5568.548,0,487.647,2808,3967,1.040,1.090,1.040,0,0,0,0,0,18,294,0,45,2
17-06 02:44:41,5.001,1.750,91.525,0.750,0,5542208,151344,184456,2124540,6005.662,1975.547,0,1292.358,0,120.033,2213,3283,1.040,1.090,1.040,0,0,1.000,0,0,18,294,0,45,2
17-06 02:44:42,6.013,1.754,89.943,1.002,0,5542168,151344,184456,2124580,12405.622,3015.471,0,1186.546,0,108.232,2466,3465,1.040,1.090,1.040,2,0,0,0,0,18,295,0,44,2
17-06 02:44:43,10.722,2.244,84.278,0.997,0,5542060,151344,184460,2124684,7352.620,2452.536,0,1575.846,0,173.543,3496,5017,0.950,1.070,1.030,0,0,0,0,0,18,294,0,46,2
17-06 02:44:44,6.772,2.007,89.296,0.752,0,5541952,151344,184460,2124792,6398.188,2458.140,0,1974.539,0,156.518,2556,3599,0.950,1.070,1.030,0,0,0,0,0,18,294,0,46,2
17-06 02:44:45,15.006,5.752,76.032,1.251,0,5575820,155864,183844,2090012,6119.570,2364.993,0,1800.756,0,202.085,4285,6733,0.950,1.070,1.030,2,0,34.014,0,0,18,294,0,48,2
17-06 02:44:46,10.501,3.750,82.755,1.750,0,5576020,155532,183860,2088020,8552.549,3017.194,0,6956.447,0,442.028,3940,7199,0.950,1.070,1.030,1,0,2.000,0,0,18,294,0,43,2
17-06 02:44:47,4.484,0.997,92.428,0.249,0,5566984,164548,183864,2088036,17625.597,4439.534,0,645.750,0,58.795,1846,2397,0.950,1.070,1.030,0,0,0.997,0,0,18,294,0,43,2
17-06 02:44:48,2.499,1.000,94.217,0,0,5567008,164512,183868,2088044,8894.869,3226.864,0,415.854,0,24.991,1280,1619,0.880,1.060,1.030,0,0,0,0,0,18,294,0,43,2
17-06 02:44:49,6.262,1.002,90.677,0.751,0,5566800,164692,183868,2088072,8877.338,3353.550,0,953.863,0,103.202,2360,3372,0.880,1.060,1.030,1,0,0,0,0,18,294,0,43,2
17-06 02:44:50,4.491,1.497,92.063,0.998,0,5566748,164720,183872,2088092,11050.556,3056.792,0,982.006,0,106.783,2172,3159,0.880,1.060,1.030,1,0,0,0,0,18,295,0,39,2
17-06 02:44:51,8.753,2.001,86.779,0.750,0,5566676,164720,183880,2088156,12010.015,3461.157,0,1352.452,0,157.053,3369,4737,0.880,1.060,1.030,0,0,1.000,0,0,18,294,0,39,2
17-06 02:44:52,21.319,5.016,71.229,1.003,0,5566232,164720,183880,2088600,4454.343,1625.233,0,2006.461,0,241.779,6502,9660,0.880,1.060,1.030,1,1,0,0,0,18,295,0,40,2
17-06 02:44:53,19.192,3.988,73.277,1.246,0,5565416,165072,183884,2089060,6121.350,2558.206,0,2364.795,0,273.168,6046,9009,0.890,1.060,1.030,0,0,0,0,0,18,294,0,41,2
17-06 02:44:54,10.282,1.505,85.516,0.752,0,5565292,165072,183892,2089176,5148.036,1558.856,0,1681.237,0,136.425,3187,4446,0.890,1.060,1.030,5,0,0,0,0,18,295,0,41,2
17-06 02:44:55,7.477,1.745,88.730,0.997,0,5565236,165072,183896,2089228,11450.095,3395.648,0,1798.517,0,156.523,2870,4186,0.890,1.060,1.030,0,0,0,0,0,18,294,0,37,2
17-06 02:44:56,23.280,4.756,68.837,1.502,0,5564908,165072,183908,2089544,5183.588,1622.061,0,2763.512,0,298.379,7390,11387,0.890,1.060,1.030,1,0,1.001,0,0,18,295,0,38,2
17-06 02:44:57,24.247,5.249,66.991,1.750,0,5564624,165072,183916,2089820,4591.411,1511.806,0,7838.995,0,506.935,8135,12338,0.890,1.060,1.030,3,0,0,0,0,18,295,0,39,2
17-06 02:44:58,14.730,2.996,79.643,0.999,0,5564396,165072,183920,2090044,6357.432,2508.619,0,1893.448,0,215.709,4878,7217,0.810,1.040,1.020,0,0,0,0,0,18,294,0,41,2
17-06 02:44:59,10.000,2.250,84.499,1.250,0,5564260,165072,183924,2090176,4397.965,1457.988,16.000,1851.985,1.000,200.998,3941,5755,0.810,1.040,1.020,0,0,2.000,0,0,18,295,0,39,2
17-06 02:45:00,12.035,2.006,82.742,1.504,0,5564152,165072,183924,2090284,11592.855,3470.134,0,2459.182,0,295.864,4454,6542,0.810,1.040,1.020,0,0,0,0,0,18,294,0,39,2
17-06 02:45:01,11.006,3.002,82.799,1.001,0,5564096,164824,183932,2090580,6664.922,2471.455,68.040,6419.778,11.006,450.265,3617,4981,0.810,1.040,1.020,1,0,4.002,0,0,18,294,0,40,2
17-06 02:45:02,8.256,1.501,88.062,0.751,0,5564036,164824,183940,2090632,6576.620,1513.063,0,2761.940,0,137.096,2768,3850,0.810,1.040,1.020,4,0,0,0,0,18,295,0,41,2
17-06 02:45:03,4.729,1.493,91.591,0.996,0,5563944,164824,183948,2090716,12873.491,3456.559,0,1318.112,0,117.475,2404,3447,0.750,1.020,1.020,1,0,0,0,0,18,294,0,39,2
17-06 02:45:04,24.349,5.271,65.517,3.012,0,5563604,164824,183960,2091044,4731.289,1518.190,0,9052.909,0,725.960,8650,13711,0.750,1.020,1.020,2,0,0,0,0,18,295,0,40,2
17-06 02:45:05,25.737,5.247,63.719,2.499,0,5563204,164824,183992,2091412,4843.634,1565.236,0,3922.084,0,482.764,8981,14310,0.750,1.020,1.020,1,0,0,0,0,18,295,0,41,2
17-06 02:45:06,23.726,4.995,68.429,0.499,0,5562912,164824,183992,2091704,5503.328,1510.443,0,2117.817,0,201.792,7998,11871,0.750,1.020,1.020,1,0,0,0,0,18,294,0,44,2
17-06 02:45:07,15.211,2.244,78.797,1.995,0,5562780,164824,183996,2091832,6172.138,2509.550,0,3008.269,0,305.216,5037,7673,0.750,1.020,1.020,0,0,0,0,0,18,294,0,42,2
17-06 02:45:08,9.773,2.506,85.449,2.005,0,5562688,164824,184000,2091920,5232.159,1623.773,0,7232.808,0,490.139,4055,6315,1.010,1.070,1.030,0,0,0,0,0,18,295,0,42,2
17-06 02:45:09,12.008,2.001,82.807,1.501,0,5562460,164824,184008,2092140,11807.157,3462.392,0,2541.756,0,285.197,4205,6107,1.010,1.070,1.030,0,0,0,0,0,18,294,0,42,2
17-06 02:45:10,10.732,2.745,83.363,0.998,0,5562352,164824,184016,2092240,6189.801,2608.701,0,1413.671,0,142.765,3368,4766,1.010,1.070,1.030,1,0,0,0,0,18,294,0,44,2
17-06 02:45:11,8.769,1.754,87.695,0.251,0,5562284,164836,184024,2092288,5068.266,1623.609,0,1274.834,0,126.281,2636,3759,1.010,1.070,1.030,0,1,1.002,0,0,18,295,0,40,2
17-06 02:45:12,5.238,1.995,90.036,0.998,0,5562108,164836,184024,2092464,11830.883,3451.796,0,1608.178,0,161.616,2740,4022,1.010,1.070,1.030,0,0,5.986,0,0,18,294,0,40,2
17-06 02:45:13,23.977,4.746,67.437,1.998,0,5562024,164584,184036,2092788,4661.618,1564.529,31.970,3280.916,0.999,387.636,8118,12223,1.170,1.100,1.040,1,0,0,0,0,18,295,0,42,2
17-06 02:45:14,26.100,5.521,63.744,2.510,0,5562008,164344,184044,2093020,4563.500,1572.028,0,8380.135,0,712.733,9406,15401,1.170,1.100,1.040,1,0,0,0,0,18,295,0,42,2
17-06 02:45:15,25.255,5.001,66.763,1.250,0,5561664,164092,184056,2093604,16427.259,4320.857,0,4576.908,0,313.062,8698,13041,1.170,1.100,1.040,2,0,0,0,0,18,294,0,36,2
17-06 02:45:16,14.690,2.988,78.929,1.494,0,5561772,163868,184072,2093704,6072.332,2560.598,0,7951.697,0,605.540,4975,7281,1.170,1.100,1.040,0,0,0,0,0,18,294,0,38,2
17-06 02:45:17,10.248,1.500,85.480,1.000,0,5561580,163868,184080,2093888,5070.826,1457.662,0,1875.566,0,178.959,3457,4981,1.170,1.100,1.040,3,0,0,0,0,18,295,0,38,2
17-06 02:45:18,11.250,1.750,84.501,1.250,0,5561480,163868,184096,2093972,12391.192,3526.055,0,3072.048,0,235.004,3827,5461,1.320,1.130,1.050,0,0,0,0,0,18,294,0,38,2
17-06 02:45:19,11.268,2.254,83.886,1.002,0,5561852,163392,184104,2094068,6478.515,2412.916,0,1566.543,0,162.263,3493,5003,1.320,1.130,1.050,1,0,0,0,0,18,294,0,37,2
17-06 02:45:20,8.016,1.503,88.177,1.002,0,5561668,163392,184104,2094252,5208.426,1912.829,0,1699.402,0,157.315,2908,4282,1.320,1.130,1.050,1,0,0,0,0,18,294,0,38,2
17-06 02:45:21,4.999,2.000,90.982,0.750,0,5561620,163392,184112,2094292,12165.650,3008.419,0,1575.696,0,143.972,2534,3735,1.320,1.130,1.050,1,0,1.000,0,0,18,295,0,38,2
17-06 02:45:22,24.526,6.006,64.820,2.753,0,5561420,163392,184116,2094488,5063.471,1501.622,0,8345.016,0,678.733,8811,13895,1.320,1.130,1.050,1,0,0,0,0,18,295,0,38,2
17-06 02:45:23,24.971,4.994,64.675,2.497,0,5561372,162916,184148,2094980,4526.782,1510.259,0,3599.851,0,419.516,8592,13495,1.290,1.130,1.050,4,0,0,0,0,18,295,0,37,2
17-06 02:45:24,18.992,3.498,74.467,1.000,0,5562208,161908,184160,2095140,5643.476,2507.878,15.993,2662.809,1.000,282.873,5882,8744,1.290,1.130,1.050,1,0,0,0,0,18,294,0,42,2
17-06 02:45:25,11.468,2.244,82.770,1.247,0,5561964,161908,184168,2095376,4397.779,2328.529,0,2078.225,0,178.504,3351,4542,1.290,1.130,1.050,1,0,0,0,0,18,294,0,43,2
17-06 02:45:26,7.020,1.504,90.505,0.752,0,5561932,161908,184172,2095404,9487.697,2634.413,0,1351.804,0,106.299,2379,3125,1.290,1.130,1.050,0,1,0,0,0,18,295,0,43,2
17-06 02:45:27,5.493,1.998,87.891,1.748,0,5561840,161908,184184,2095484,12034.013,3455.696,0,6555.835,0,447.443,3320,5236,1.290,1.130,1.050,0,0,0,0,0,18,294,0,42,2
17-06 02:45:28,8.763,2.003,86.879,0.751,0,5562036,161668,184184,2095528,11816.579,3465.155,0,1890.813,0,135.201,3160,4379,1.190,1.110,1.050,1,0,1.001,0,0,18,294,0,42,2
17-06 02:45:29,23.229,5.495,68.188,1.748,0,5566460,156904,184200,2095852,4735.666,1618.519,0,2537.678,0,307.718,7642,11305,1.190,1.110,1.050,1,0,2.997,0,0,18,295,0,42,2
17-06 02:45:30,26.278,6.006,64.318,1.251,0,5610408,145640,183384,2064476,6512.849,2638.775,92.097,4188.405,7.007,381.401,7686,11519,1.190,1.110,1.050,3,0,2.002,0,0,18,294,0,45,2
17-06 02:45:31,9.752,2.500,85.766,0.750,0,5612496,143492,183396,2064524,6559.186,2029.367,0,1284.232,0,116.021,3031,4225,1.190,1.110,1.050,4,0,1.000,0,0,18,294,0,44,2
17-06 02:45:32,10.007,2.502,85.560,0.751,0.250,5612256,143492,183420,2064740,10877.638,2945.068,16.011,1473.034,1.001,152.107,3844,5766,1.190,1.110,1.050,1,0,1.001,0,0,18,295,0,44,2
17-06 02:45:33,24.738,4.748,66.717,1.749,0,5612248,143268,183444,2064948,4903.608,1565.237,0,4265.919,0,430.790,8126,12500,1.170,1.110,1.050,2,1,0,0,0,18,295,0,47,2
17-06 02:45:34,7.739,1.748,85.628,2.496,0,5612308,143016,183452,2065132,6197.203,2623.276,0,8036.592,0,529.249,3712,5870,1.170,1.110,1.050,0,0,0,0,0,18,294,0,49,2
17-06 02:45:35,14.758,3.252,80.044,1.001,0,5612068,143016,183464,2065360,6033.330,2562.414,0,2037.124,0,235.130,4267,5927,1.170,1.110,1.050,0,0,0,0,0,18,294,0,49,2
17-06 02:45:36,7.750,1.250,89.005,1.000,0,5612000,143016,183476,2065416,6098.335,2430.134,0,1296.071,0,129.007,2762,3857,1.170,1.110,1.050,0,0,0,0,0,18,294,0,50,2
17-06 02:45:37,7.249,1.500,87.736,1.250,0,5612360,142540,183496,2065512,14015.784,3877.387,0,7038.887,0,471.925,2952,4087,1.170,1.110,1.050,0,0,0,0,0,18,294,0,50,2
17-06 02:45:38,7.013,2.004,89.414,0.751,0,5612156,142540,183500,2065712,8254.098,2236.090,0,1230.250,0,115.211,2620,3735,1.080,1.090,1.040,2,0,0,0,0,18,293,0,51,2
17-06 02:45:39,6.988,1.997,89.351,0.250,0,5612104,142540,183512,2065752,5862.220,2448.914,0,1757.069,0,122.795,2563,3696,1.080,1.090,1.040,0,0,0,0,0,18,294,0,51,2
17-06 02:45:40,12.754,2.001,82.025,1.000,0,5612016,142540,183516,2065836,11381.525,3846.191,0,1572.487,0,162.050,3654,4946,1.080,1.090,1.040,0,0,0,0,0,18,294,0,51,2
17-06 02:45:41,3.248,0.999,94.698,0.500,0,5612008,142540,183516,2065844,5138.182,1808.008,0,723.603,0,50.972,1550,2112,1.080,1.090,1.040,0,0,0.999,0,0,18,294,0,51,2
17-06 02:45:42,15.998,3.000,77.491,1.250,0.250,5612020,142288,183524,2066076,7516.124,2020.764,0,1771.793,0,197.977,4573,6461,1.080,1.090,1.040,0,0,0,0,0,18,294,0,52,2
17-06 02:45:43,9.011,2.002,87.102,0.751,0,5611972,142288,183536,2066112,5740.754,1093.286,0,1545.819,0,165.194,2829,3876,0.990,1.070,1.030,3,0,0,0,0,18,295,0,52,2
17-06 02:45:44,4.235,0.747,92.181,0.747,0,5611916,142288,183536,2066168,11572.894,2963.729,0,1195.856,0,108.624,2214,3175,0.990,1.070,1.030,0,0,0,0,0,18,294,0,50,2
17-06 02:45:45,8.745,2.249,84.956,2.249,0,5611820,142288,183544,2066256,11648.904,3134.360,0,7620.013,0,529.723,3914,5969,0.990,1.070,1.030,0,0,0,0,0,18,294,0,50,2
17-06 02:45:46,11.258,6.504,80.304,0.250,0,5624732,190204,181992,2006992,9731.552,3412.297,0,1096.738,0,73.049,3298,9748,0.990,1.070,1.030,1,0,36.024,0,0,18,294,0,51,2
17-06 02:45:47,6.274,2.008,91.348,0.251,0,5610668,204216,181996,2007040,11795.997,2845.856,0,481.838,0,65.249,2068,2687,0.990,1.070,1.030,0,0,0,0,0,18,294,0,51,2
17-06 02:45:48,16.201,2.991,77.018,1.246,0.249,5611508,203220,182012,2007180,5084.715,1680.947,0,1694.905,0,196.410,5079,7263,0.990,1.070,1.030,2,0,0,0,0,18,295,0,47,2
17-06 02:45:49,25.299,5.260,66.630,1.002,0,5612516,200476,182048,2008880,4653.056,1526.972,0,2552.968,0,269.525,7539,11334,0.990,1.070,1.030,2,0,0,0,0,18,295,0,47,2
17-06 02:45:50,25.460,4.742,65.646,1.498,0,5613152,198740,182056,2009972,4492.889,1617.440,0,3218.905,0,295.532,7590,11341,0.990,1.070,1.030,2,0,0,0,0,18,295,0,48,2
17-06 02:45:51,10.252,3.000,83.763,1.750,0.250,5613296,198488,182080,2010056,5995.896,2403.359,0,3424.512,0,316.047,3767,5860,0.990,1.070,1.030,0,0,1.000,0,0,18,294,0,49,2
17-06 02:45:52,13.234,3.246,79.903,1.748,0,5613056,198488,182108,2010268,6012.668,2561.876,0,6412.181,0,479.415,4460,6709,0.990,1.070,1.030,0,0,0,0,0,18,294,0,49,2
17-06 02:45:53,12.258,2.252,83.556,0.751,0,5613228,198236,182120,2010336,4697.162,2500.683,0,1284.865,0,125.084,3139,4346,1.070,1.090,1.040,0,0,0,0,0,18,294,0,50,2
17-06 02:45:54,9.259,1.752,86.834,0.500,0,5614148,197228,182124,2010416,5893.675,1729.665,0,888.856,0,73.070,2421,3070,1.070,1.090,1.040,1,0,0,0,0,18,294,0,51,2
17-06 02:45:55,24.682,3.989,69.310,0,0,5623940,187148,182124,2010704,4547.518,1615.566,0,662.182,0,28.921,3844,3819,1.070,1.090,1.040,1,0,0,0,0,18,294,0,52,2
17-06 02:45:56,11.512,2.002,84.341,0.501,0,5624976,185888,182124,2010928,11828.831,3463.757,0,1353.468,0,143.155,3318,4422,1.070,1.090,1.040,0,0,0,0,0,18,294,0,48,2
17-06 02:45:57,8.002,1.500,87.771,0.750,0,5624904,185888,182132,2010992,11561.805,3460.840,0,1272.309,0,133.032,2985,4154,1.070,1.090,1.040,1,0,0,0,0,18,294,0,48,2
17-06 02:45:58,7.749,1.500,88.742,1.000,0,5625100,185636,182144,2011036,11977.865,3459.672,0,1335.873,0,141.987,2808,4107,1.150,1.100,1.040,0,0,0,0,0,18,294,0,48,2
17-06 02:45:59,13.048,2.509,82.555,0.753,0,5625252,185384,182164,2011116,4474.519,1463.403,0,1609.944,0,180.667,4504,6670,1.150,1.100,1.040,5,0,2.007,0,0,18,295,0,49,2
17-06 02:46:00,25.705,4.991,64.888,1.997,0,5626204,183884,182192,2011620,4791.694,1617.197,0,3501.929,0,343.405,7564,11214,1.150,1.100,1.040,2,0,0.998,0,0,18,295,0,47,2
17-06 02:46:01,9.743,1.749,84.943,1.249,0,5626612,183384,182208,2011696,7615.857,2509.306,0,2390.386,0,223.849,3463,5128,1.150,1.100,1.040,0,0,0.999,0,0,18,294,0,48,2
17-06 02:46:02,22.979,3.497,70.437,0.999,0,5625268,184472,182220,2011940,5814.772,1618.545,47.957,12676.602,2.997,753.323,6507,8987,1.150,1.100,1.040,1,0,0,0,0,18,298,0,51,2
17-06 02:46:03,24.828,4.765,68.215,0.502,0,5626756,182708,182236,2012200,6277.760,1462.604,128.404,1352.256,7.022,140.442,6628,8657,1.140,1.100,1.040,1,0,2.006,0,0,18,300,0,70,2
17-06 02:46:04,25.246,3.749,67.741,0.750,0,5628476,180692,182244,2012488,5405.243,1685.764,0,1191.833,0,114.984,6536,8534,1.140,1.100,1.040,3,0,1.000,0,0,18,298,0,81,2
17-06 02:46:05,23.478,3.746,70.183,0.749,0,5628944,179936,182244,2012776,10509.938,3228.909,0,2405.697,0,153.853,4845,5855,1.140,1.100,1.040,0,0,0,0,0,18,297,0,84,2
17-06 02:46:06,8.731,2.245,87.064,0.499,0,5628908,179936,182244,2012812,6597.891,1520.748,0,1197.439,0,129.723,3036,4474,1.140,1.100,1.040,1,0,0,0,0,18,298,0,84,2
17-06 02:46:07,26.305,4.760,65.387,2.004,0,5629612,178956,182248,2013084,4407.243,1461.064,0,6621.888,0,723.517,7029,9908,1.140,1.100,1.040,1,0,0,0,0,18,298,0,84,2
17-06 02:46:08,16.692,3.737,76.483,0.997,0,5629732,178704,182256,2013208,5879.449,2565.034,0,2678.637,0,275.039,4994,7244,1.040,1.080,1.040,0,0,0,0,0,18,297,0,79,2
17-06 02:46:09,8.022,1.755,86.985,1.253,0,5629784,178452,182276,2013388,5644.247,2354.360,0,1640.431,0,182.493,3034,4552,1.040,1.080,1.040,0,0,0,0,0,18,297,0,80,2
17-06 02:46:10,7.509,2.003,87.109,1.502,0,5629716,178452,182300,2013432,5690.118,2393.995,0,5362.709,0,380.476,3169,4934,1.040,1.080,1.040,0,0,0,0,0,18,297,0,80,2
17-06 02:46:11,6.742,1.748,89.144,1.249,0,5629892,178200,182304,2013504,4039.178,1049.747,0,1961.658,0,183.781,2770,4290,1.040,1.080,1.040,0,0,0.999,0,0,18,297,0,80,2
17-06 02:46:12,4.503,2.251,91.306,0,0,5631380,176692,182308,2013520,4058.499,1296.799,0,676.417,0,35.022,1888,2394,1.040,1.080,1.040,2,0,6.004,0,0,18,298,0,81,2
17-06 02:46:13,12.461,2.243,82.494,0.498,0,5632592,175180,182316,2013812,5816.957,2076.559,0,1116.537,0,99.691,3300,4464,0.960,1.060,1.030,1,0,0,0,0,18,297,0,83,2
17-06 02:46:14,11.535,1.505,85.511,0.752,0,5632552,175180,182324,2013844,5973.209,2089.369,0,1139.474,0,105.321,2485,3194,0.960,1.060,1.030,0,0,0,0,0,18,297,0,83,2
17-06 02:46:15,7.500,1.500,87.502,0.500,0,5632364,175180,182332,2014024,18303.324,4837.086,0,1148.020,0,113.002,2778,3705,0.960,1.060,1.030,0,0,0,0,0,18,297,0,83,2
17-06 02:46:16,6.751,1.000,90.517,0.750,0,5632340,175180,182332,2014048,6513.188,2083.380,0,1308.239,0,82.015,2213,3101,0.960,1.060,1.030,1,0,0,0,0,18,297,0,79,2
17-06 02:46:17,4.993,1.747,91.617,0.250,0,5632544,174928,182348,2014080,11323.527,3124.455,0,978.576,0,91.866,2195,3128,0.960,1.060,1.030,1,0,0,0,0,18,297,0,79,3
17-06 02:46:18,25.548,5.260,66.124,1.753,0,5633212,173920,182356,2014412,5169.656,1623.032,0,3706.924,0,394.737,8442,13023,0.960,1.060,1.030,1,0,0,0,0,18,296,0,80,3
17-06 02:46:19,15.229,2.746,78.143,1.498,0,5633716,173164,182364,2014656,6011.757,2574.470,0,2904.018,0,287.606,4612,6748,0.960,1.060,1.030,0,0,0,0,0,18,296,0,81,3
17-06 02:46:20,7.501,2.000,88.010,0.750,0,5633652,173164,182364,2014720,6289.715,2353.267,0,1992.226,0,210.024,3012,4496,0.960,1.060,1.030,2,0,0,0,0,18,296,0,81,3
17-06 02:46:21,7.490,1.498,87.634,1.248,0,5633604,173164,182364,2014768,6083.919,2080.237,0,5660.482,0,381.493,3112,4752,0.960,1.060,1.030,1,0,0.999,0,0,18,296,0,80,3
17-06 02:46:22,6.487,1.497,89.568,0.748,0,5633444,173164,182368,2014924,5781.260,1959.022,0,1193.576,0,107.781,2367,3338,0.960,1.060,1.030,2,0,0,0,0,18,296,0,80,3
17-06 02:46:23,6.778,1.255,91.624,0.251,0,5633644,172912,182376,2014968,10747.820,3009.269,0,1056.307,0,81.332,2377,3328,0.890,1.050,1.030,3,0,0,0,0,18,297,0,80,3
17-06 02:46:24,25.975,3.746,66.935,1.499,0,5623924,182480,182384,2015112,4513.597,1456.579,0,3464.621,0,328.679,5990,8794,0.890,1.050,1.030,2,0,0,0,0,18,296,0,80,3
17-06 02:46:25,10.246,2.749,85.465,0,0,5455332,351244,182408,2014916,6999.143,267472.830,231.905,851.652,12.995,40.983,1987,1847,0.890,1.050,1.030,1,0,13.994,0,0,18,296,0,75,3
17-06 02:46:26,1.249,0.500,96.446,0.250,0,5454752,351700,182408,2015040,4712.342,1457.178,0,643.637,0,35.980,1012,1475,0.890,1.050,1.030,0,0,0,0,0,18,296,0,75,3
17-06 02:46:27,1.250,1.250,96.505,0.500,0,5454748,351700,182412,2015040,4578.226,1458.072,0,2372.117,0,126.006,1297,2065,0.890,1.050,1.030,1,0,0,0,0,18,296,0,75,3
17-06 02:46:28,1.251,0.250,96.613,0,0,5454492,351956,182412,2015040,4505.267,1621.896,0,4721.520,0,391.458,1094,1434,0.810,1.030,1.020,0,0,0,0,0,18,296,0,75,3
17-06 02:46:29,2.499,1.000,95.220,0.250,0,5454488,351956,182412,2015044,4456.576,1457.534,0,435.861,0,43.986,1534,2271,0.810,1.030,1.020,0,0,0,0,0,18,296,0,73,3
17-06 02:46:30,3.000,1.250,94.012,0.500,0,5454484,351956,182420,2015040,4980.641,1620.208,0,576.074,0,55.007,1657,2346,0.810,1.030,1.020,2,0,1.000,0,0,18,296,0,73,3
17-06 02:46:31,4.500,1.250,92.752,0,0,5455700,350708,182420,2015072,5391.099,1524.028,0,332.006,0,35.001,1836,2599,0.810,1.030,1.020,0,0,4.000,0,0,18,296,0,73,3
17-06 02:46:32,4.252,1.250,93.034,0.250,0,5455784,350484,182420,2015212,4861.787,1620.596,0,280.103,0,23.008,1673,2206,0.810,1.030,1.020,0,0,2.001,0,0,18,296,0,75,3
17-06 02:46:33,1.497,0.748,97.034,0,0,5455784,350484,182420,2015212,5348.108,1616.406,0,175.610,0,10.976,1016,1384,0.750,1.010,1.010,0,0,0,0,0,18,296,0,71,3
17-06 02:46:34,2.005,0.501,95.510,0.752,0,5455760,350484,182424,2015232,5234.245,1624.421,0,545.485,0,58.158,1388,2035,0.750,1.010,1.010,0,0,0,0,0,18,296,0,71,3
17-06 02:46:35,1.000,0.750,97.247,0,0,5455760,350484,182424,2015232,5399.852,1619.956,0,51.999,0,5.000,976,1344,0.750,1.010,1.010,0,0,0,0,0,18,296,0,71,3
17-06 02:46:36,1.251,0.501,97.616,0,0,5455760,350484,182424,2015232,5363.356,1621.922,0,820.973,0,1.001,874,1257,0.750,1.010,1.010,0,0,0,0,0,18,296,0,71,3
17-06 02:46:37,0.997,0.249,97.001,0,0,5455760,350484,182424,2015232,4727.857,1615.850,0,263.324,0,49.872,904,1315,0.750,1.010,1.010,0,0,0,0,0,18,296,0,63,3
17-06 02:46:38,1.501,0.750,97.288,0,0,5455760,350484,182424,2015232,4971.967,1524.603,0,0,0,0,916,1289,0.690,0.990,1.010,0,0,0,0,0,18,296,0,63,3
17-06 02:46:39,2.248,0.250,96.152,0,0,5455760,350484,182424,2015232,5000.890,1618.346,0,419.571,0,41.957,1498,2283,0.690,0.990,1.010,0,0,0,0,0,18,296,0,63,3
17-06 02:46:40,2.505,0.752,95.445,0.251,0,5455744,350484,182436,2015236,5537.310,1623.316,0,332.680,0,33.068,1352,1971,0.690,0.990,1.010,0,0,0,0,0,18,296,0,63,3
17-06 02:46:41,1.999,1.000,95.713,0,0,5455740,350484,182436,2015240,4995.046,1619.367,0,155.939,0,25.990,1230,1826,0.690,0.990,1.010,0,0,1.000,0,0,18,296,0,61,3
17-06 02:46:42,1.251,0.501,96.602,0.250,0,5455736,350484,182440,2015240,6204.545,1459.540,0,224.237,0,17.018,1098,1536,0.690,0.990,1.010,0,0,0,0,0,18,296,0,61,3
17-06 02:46:43,1.500,0.500,96.983,0,0,5455736,350484,182440,2015240,5459.053,1619.719,0,31.994,0,3.999,975,1380,0.630,0.980,1,1,0,0,0,0,18,296,0,61,3
17-06 02:46:44,1.499,0.749,96.160,0.500,0,5455712,350484,182456,2015248,6252.135,1456.634,0,3228.971,0,162.847,1504,2291,0.630,0.980,1,0,0,0,0,0,18,296,0,61,3
17-06 02:46:45,1.751,1.001,96.053,0,0,5455704,350484,182460,2015252,5222.860,1620.888,0,376.206,0,33.018,1244,1863,0.630,0.980,1,0,0,0,0,0,18,296,0,60,3
17-06 02:46:46,7.497,4.249,87.220,0.250,0,5443936,362244,182460,2015260,4329.535,713.758,0,283.904,0,23.992,2386,7004,0.630,0.980,1,0,0,35.988,0,0,18,296,0,61,3
17-06 02:46:47,2.250,0.750,94.980,0,0,5443936,362244,182460,2015260,3629.237,809.830,0,251.947,0,23.995,1320,1932,0.630,0.980,1,0,0,1.000,0,0,18,296,0,61,3
17-06 02:46:48,1.000,0.750,97.517,0,0,5443936,362244,182460,2015260,4698.828,1458.257,0,32.006,0,4.001,992,1409,0.580,0.960,1,0,0,0,0,0,18,296,0,61,3
17-06 02:46:49,2.501,0.500,95.539,0.250,0,5443936,362244,182460,2015260,3681.501,1134.462,0,1044.426,0,169.069,1508,2161,0.580,0.960,1,0,0,0,0,0,18,296,0,60,3
17-06 02:46:50,1.246,0.748,96.182,0.249,0,5443928,362244,182468,2015260,4556.917,1560.834,0,275.089,0,25.914,1174,1763,0.580,0.960,1,0,0,0,0,0,18,296,0,60,3
17-06 02:46:51,2.002,0.500,95.828,0,0.250,5443928,362244,182468,2015260,4924.984,1501.214,0,108.087,0,16.013,1190,1779,0.580,0.960,1,0,0,1.001,0,0,18,296,0,60,3
17-06 02:46:52,1.499,0.500,97.197,0,0,5443928,362244,182468,2015260,4615.469,1511.171,0,259.858,0,12.993,969,1436,0.580,0.960,1,0,0,0,0,0,18,296,0,60,3
17-06 02:46:53,1.003,0.752,97.254,0,0,5443924,362244,182468,2015264,4999.051,1732.523,0,44.115,0,4.010,1011,1400,0.540,0.940,0.990,0,0,0,0,0,18,296,0,56,3
17-06 02:46:54,1.750,1.000,95.986,0,0,5443884,362244,182468,2015304,4559.319,1619.758,0,87.987,0,8.999,1256,1790,0.540,0.940,0.990,0,0,0,0,0,18,296,0,56,3
17-06 02:46:55,0.999,0.500,96.421,0.999,0,5443876,362244,182472,2015308,4074.646,917.245,0,355.707,0,28.976,1067,1572,0.540,0.940,0.990,0,0,0,0,0,18,296,0,56,3
17-06 02:46:56,9.515,3.255,86.641,0,0,5454848,351152,182492,2015408,274065.174,3187.189,8.013,48.078,2.003,7.011,1687,1682,0.540,0.940,0.990,1,0,8.013,0,0,18,296,0,56,3
17-06 02:46:57,10.505,4.752,82.789,0,0,5462856,342988,182516,2015540,283713.963,9232.359,228.108,168.079,11.005,6.003,2629,2118,0.540,0.940,0.990,0,0,36.017,0,0,18,296,0,55,3
17-06 02:46:58,16.984,6.494,74.678,0,0,5477068,321076,182528,2023212,145010.028,1164.876,155.850,3.996,3.996,0.999,2476,1890,0.570,0.950,0.990,1,0,22.978,0,0,18,296,0,55,3
