"pcp-dstat 6.2.0 CSV Output"
"Author:","PCP team <pcp@groups.io> and Dag Wieers <dag@wieers.com>",,,,"URL:","https://pcp.io/ and http://dag.wieers.com/home-made/dstat/"
"Host:","ubuntu",,,,"User:","ubuntu"
"Cmdline:","dstat -tcmndrylpg --tcp --output /tmp/devstack_logs/dstat-csv.log",,,,"Date:","29 Jun 2026 19:58:44 UTC"
"system","total usage",,,,,"memory usage",,,,"net/total",,"dsk/total",,"io/total",,"system",,"load avg",,,"procs",,,"paging",,"tcp sockets",,,,
"time","total usage:usr","total usage:sys","total usage:idl","total usage:wai","total usage:stl","used","free","buf","cach","net/total:recv","net/total:send","dsk/total:read","dsk/total:writ","read","writ","int","csw","1m","5m","15m","run","blk","new","in","out","lis","act","syn","tim","clo"
29-06 19:58:44,,1004936,1412336,167584,5222536,,,,,,,1.190,0.870,0.480,2,0,,,,10,6,0,19,0
29-06 19:58:45,23.263,21.262,53.029,0.500,0,1020564,1396108,167704,5222964,26634.637,16051.822,0,3093.700,0,112.062,6999,6367,1.330,0.910,0.490,1,0,585.322,0,0,10,6,0,19,0
29-06 19:58:46,27.252,19.001,52.504,0.500,0,1011036,1404752,167876,5223548,43655.070,14193.998,0,2104.148,0,72.005,6715,6591,1.330,0.910,0.490,2,0,372.026,0,0,10,6,0,19,0
29-06 19:58:47,33.689,13.725,50.908,0.499,0,1119016,1273780,168116,5370056,184161.809,12273.794,0,1944.482,0,51.906,6610,7971,1.330,0.910,0.490,1,0,166.698,0,0,11,5,0,18,1
29-06 19:58:48,25.007,4.751,68.268,0.500,0,1138064,1237928,169048,5383372,4349.158,1200.319,0,1192.317,0,54.014,2712,2396,1.330,0.910,0.490,3,0,66.018,0,0,11,6,0,18,2
29-06 19:58:49,40.021,11.006,48.525,0.500,0,1134768,1222436,169488,5399740,4948.545,1662.855,0,3057.572,0,57.029,4451,2970,1.330,0.910,0.490,3,0,180.093,0,0,11,8,0,18,2
29-06 19:58:50,42.658,7.983,46.899,1.746,0,1189724,1139260,170540,5424048,4174.986,1454.859,31.931,4374.555,1.996,148.679,3900,2952,1.390,0.930,0.500,3,0,40.912,0,0,11,6,0,20,2
29-06 19:58:51,44.766,5.002,48.518,0.750,0,1233480,1063364,171848,5451368,4527.643,1620.588,4.001,4069.477,1.000,94.034,3249,2133,1.390,0.930,0.500,3,0,0,0,0,11,6,0,20,2
29-06 19:58:52,34.580,6.264,45.104,12.028,0,1260484,1035016,173508,5449628,5273.173,2104.859,0,40264.949,0,2804.474,13686,24297,1.390,0.930,0.500,2,0,57.132,0,0,11,6,0,20,0
29-06 19:58:53,33.964,8.990,47.699,7.492,0,1253984,1038972,173860,5451752,11300.932,4490.205,0,35458.134,0,2768.044,10567,18543,1.390,0.930,0.500,2,0,135.855,0,0,11,5,0,20,0
29-06 19:58:54,44.801,7.258,47.304,0.250,0,1309384,976044,174008,5458140,5254.017,1808.071,0,5161.911,0,65.075,5730,7293,1.390,0.930,0.500,3,0,8.009,0,0,11,4,0,20,0
29-06 19:58:55,44.260,8.002,45.010,0.750,0,1291604,992520,174092,5459156,5461.217,1662.371,0,10542.350,0,563.126,12558,21366,1.440,0.940,0.510,3,0,23.005,0,0,11,4,0,20,0
29-06 19:58:56,42.654,9.229,47.143,0.249,0,1303164,988864,174108,5451952,5373.849,1562.467,0,1672.219,0,84.808,9038,13871,1.440,0.940,0.510,2,0,14.966,0,0,11,4,0,20,0
29-06 19:58:57,42.814,8.012,48.573,0.250,0,1259744,1032412,174108,5451884,5771.636,1568.347,0,412.617,0,21.031,3563,2138,1.440,0.940,0.510,3,0,107.160,0,0,11,4,0,20,0
29-06 19:58:58,12.254,22.258,65.273,0,0,1180520,1111672,174108,5451912,5041.786,1620.574,0,44.016,0,10.004,6359,5179,1.440,0.940,0.510,1,0,520.184,0,0,11,4,0,20,0
29-06 19:58:59,16.974,16.226,65.651,0,0,1161168,1130844,174108,5452060,5511.694,1617.562,0,75.886,0,4.992,6519,8572,1.440,0.940,0.510,1,0,252.619,0,0,11,4,0,20,0
29-06 19:59:00,44.742,9.748,45.242,0,0,1258872,1033112,174108,5452548,5279.037,1619.704,0,0,0,0,3687,2389,1.480,0.960,0.520,2,0,126.977,0,0,11,5,0,20,0
29-06 19:59:01,45.512,4.751,48.762,0,0,1294408,997132,174108,5452992,5351.371,1620.415,0,420.108,0,33.008,2684,1244,1.480,0.960,0.520,2,0,0,0,0,11,5,0,20,0
29-06 19:59:02,40.055,9.513,50.069,0,0,1308388,980648,174152,5455392,5184.147,1622.236,0,1990.744,0,129.178,3509,4099,1.480,0.960,0.520,2,0,65.090,0,0,11,4,0,21,0
29-06 19:59:03,4.740,4.491,89.315,0.249,0,1303364,985644,174164,5455408,5853.869,1562.762,0,810.321,0,45.905,2106,2301,1.480,0.960,0.520,1,0,77.839,0,0,11,4,0,21,0
29-06 19:59:04,21.538,4.508,72.879,0,0.250,1370372,918636,174164,5455408,5742.167,1514.682,0,14774.159,0,94.167,1944,1592,1.480,0.960,0.520,2,0,0,0,0,11,4,0,21,0
29-06 19:59:05,23.981,1.249,74.192,0,0,1393068,895744,174164,5455604,5695.531,1618.730,0,3153.526,0,64.949,1770,1111,1.440,0.960,0.520,1,0,0,0,0,11,4,0,21,0
29-06 19:59:06,21.478,5.245,70.929,1.748,0,1337148,951548,174224,5455660,5232.729,1456.533,0,4511.455,0,398.598,4344,5770,1.440,0.960,0.520,1,0,42.957,0,0,11,4,0,23,0
29-06 19:59:07,23.248,2.500,73.493,0,0,1390400,898124,174224,5455832,5060.490,1403.859,0,0,0,0,1712,1042,1.440,0.960,0.520,1,0,0,0,0,11,4,0,23,0
29-06 19:59:08,18.999,3.000,77.497,0,0,1400516,887928,174228,5455856,8886.617,5321.770,0,1435.938,0,68.997,2381,2433,1.440,0.960,0.520,1,0,1.000,0,0,11,17,0,23,0
29-06 19:59:09,18.501,4.750,75.003,0.750,0,1334536,953384,174268,5456232,9259.332,5967.214,268.010,1404.050,66.002,84.003,2738,2383,1.440,0.960,0.520,1,0,45.002,0,0,11,28,0,24,0
29-06 19:59:10,21.245,3.749,74.234,0,0,1407468,880556,174268,5456232,6165.659,3679.200,0,37971.739,0,597.870,2101,1910,1.410,0.960,0.520,0,0,0,0,0,11,29,0,24,0
29-06 19:59:11,16.547,7.772,74.961,0.251,0,1391472,896616,174268,5456256,9860.811,6549.472,0,902.546,0,126.356,3012,2382,1.410,0.960,0.520,2,0,97.274,0,0,11,28,0,25,0
29-06 19:59:12,41.759,9.252,48.761,0,0,1462700,825380,174268,5456264,4710.059,1566.352,0,4.001,0,1.000,3060,1786,1.410,0.960,0.520,2,0,59.013,0,0,11,28,0,19,0
29-06 19:59:13,31.500,4.500,62.501,0,0,1481860,806036,174272,5456440,17951.159,15539.137,0,2648.023,0,32.000,5222,6589,1.410,0.960,0.520,1,0,1.000,0,0,11,30,0,19,0
29-06 19:59:14,49.997,21.249,27.998,0.250,0,1439096,848776,174284,5456452,10409.414,6111.656,0,287.984,0,32.998,6502,7081,1.410,0.960,0.520,6,0,534.970,0,0,11,28,0,20,0
29-06 19:59:15,85.748,14.000,0,0,0,1705884,581940,174288,5456496,5039.909,1619.971,0,11615.791,0,111.998,5032,2906,1.770,1.050,0.550,6,0,42.999,0,0,11,28,0,20,0
29-06 19:59:16,80.874,9.735,9.485,0,0,1830712,457044,174288,5456552,37142.914,33076.274,0,183.713,0,9.984,6590,7591,1.770,1.050,0.550,5,0,0,0,0,11,34,0,20,0
29-06 19:59:17,68.646,13.729,17.224,0,0,1597064,690428,174316,5456788,21156.922,15876.928,0,535.189,0,64.902,7801,11186,1.770,1.050,0.550,1,0,309.531,0,0,11,28,0,26,0
29-06 19:59:18,20.752,3.750,74.507,0,0,1599056,688436,174316,5456788,8879.793,3652.326,0,220.020,0,12.001,1815,1273,1.770,1.050,0.550,0,0,0,0,0,11,29,0,26,0
29-06 19:59:19,16.743,1.749,80.465,0.250,0,1565348,722128,174320,5456800,12306.617,6657.088,0,211.907,0,17.992,2834,3288,1.770,1.050,0.550,2,0,1.999,0,0,11,28,0,27,0
29-06 19:59:20,20.016,7.005,71.555,0,0,1543972,743500,174320,5456800,5980.635,1567.215,0,49782.585,0,343.266,2922,2449,1.710,1.050,0.550,1,0,66.051,0,0,11,28,0,25,0
29-06 19:59:21,16.505,2.751,80.273,0,0,1544084,743336,174324,5456844,11292.304,7718.258,0,1816.531,0,83.024,2376,2421,1.710,1.050,0.550,1,0,0,0,0,11,29,0,25,0
29-06 19:59:22,11.767,17.775,69.347,0.250,0,1458056,829324,174344,5456864,5722.038,2480.484,0,1001.407,0,30.042,5696,4923,1.710,1.050,0.550,1,0,447.629,0,0,11,28,0,26,0
29-06 19:59:23,54.795,27.272,18.015,0,0,1510456,776892,174344,5456896,4511.712,1188.978,0,296.244,0,22.018,6019,4817,1.710,1.050,0.550,5,0,592.487,0,0,11,28,0,26,0
29-06 19:59:24,87.833,10.480,1.497,0,0,1747484,539824,174344,5456920,15459.665,12545.195,0,914.265,0,51.902,5603,3508,1.710,1.050,0.550,4,0,0,0,0,11,32,0,26,0
29-06 19:59:25,67.868,8.765,21.788,0.501,0,1746908,540176,174356,5457128,41424.078,37216.757,0,46641.156,0,255.444,9723,15542,1.900,1.100,0.570,3,0,30.052,0,0,11,30,0,27,0
29-06 19:59:26,81.269,18.004,0.500,0,0,1605800,681144,174364,5457260,8966.054,4277.980,0,548.126,0,39.009,6208,5970,1.900,1.100,0.570,6,0,280.064,0,0,11,28,0,27,0
29-06 19:59:27,89.477,9.748,0.500,0,0,1792628,494312,174364,5457264,9990.476,6713.304,0,175.956,0,7.998,5023,2865,1.900,1.100,0.570,4,0,0,0,0,11,30,0,27,0
29-06 19:59:28,76.767,10.002,12.003,0,0,1825548,461044,174364,5457608,44760.184,40748.271,0,288.066,0,22.005,8352,12350,1.900,1.100,0.570,3,0,50.011,0,0,11,32,0,29,0
29-06 19:59:29,69.208,14.741,15.990,0,0,1586224,700180,174364,5457796,24999.970,19941.012,0,283.829,0,23.986,8572,11033,1.900,1.100,0.570,2,0,247.851,0,0,11,28,0,32,0
29-06 19:59:30,38.443,4.244,56.665,0,0,1580188,706188,174368,5457820,10398.493,7865.271,0,299.553,0,10.984,2709,1692,1.820,1.090,0.580,0,0,0,0,0,11,30,0,32,0
29-06 19:59:31,42.591,15.032,41.088,0,0,1543064,743240,174380,5457880,17977.541,13577.107,0,308.662,0,30.064,7065,8460,1.820,1.090,0.580,4,0,328.705,0,0,11,28,0,34,0
29-06 19:59:32,64.063,9.971,26.174,0,0,1615004,671280,174388,5457892,9675.735,6936.737,0,235.313,0,13.959,3969,2035,1.820,1.090,0.580,3,0,49.854,0,0,11,31,0,34,0
29-06 19:59:33,49.063,4.732,44.580,0,0,1603364,682728,174392,5458080,28717.475,23709.574,0,346.678,0,33.871,7250,10273,1.820,1.090,0.580,3,0,0.996,0,0,11,29,0,35,0
29-06 19:59:34,78.085,18.831,3.515,0.251,0,1570448,715620,174392,5458104,5474.509,1605.896,0,285.225,0,25.108,5348,3348,1.820,1.090,0.580,5,0,259.113,0,0,11,28,0,35,0
29-06 19:59:35,67.573,7.508,25.027,0.250,0.250,1661836,624180,174396,5458140,26109.287,23012.932,0,276.299,0,20.022,6168,5959,1.840,1.110,0.580,4,0,0,0,0,11,32,0,35,0
29-06 19:59:36,63.835,16.272,19.025,0,0,1525684,760128,174416,5458320,26251.800,20887.689,0,1437.906,0,94.125,8816,12300,1.840,1.110,0.580,3,0,324.430,0,0,11,28,0,32,0
29-06 19:59:37,57.204,6.994,35.222,0,0,1617008,668720,174420,5458368,12074.389,9898.121,0,2394.094,0,100.920,3868,2287,1.840,1.110,0.580,1,0,0,0,0,11,31,0,32,0
29-06 19:59:38,52.541,8.507,37.029,0,0,1529372,756276,174424,5458436,28661.302,22148.234,0,228.178,0,30.023,8265,11183,1.840,1.110,0.580,4,0,140.109,0,0,11,28,0,34,0
29-06 19:59:39,66.311,14.210,19.694,0,0,1606056,679444,174424,5458584,5982.972,1657.283,0,191.455,0,10.969,4104,2202,1.840,1.110,0.580,3,0,158.549,0,0,11,28,0,34,0
29-06 19:59:40,47.103,5.763,46.101,0.251,0,1646336,639176,174424,5458632,29241.782,24526.497,0,3455.537,0,70.153,6401,7868,1.850,1.120,0.590,4,0,0,0,0,11,30,0,32,0
29-06 19:59:41,62.272,17.506,19.757,0,0,1581948,703252,174424,5458940,12744.527,6596.343,0,200.071,0,12.004,5541,4862,1.850,1.120,0.590,3,0,287.102,0,0,11,28,0,34,0
29-06 19:59:42,55.441,5.744,38.709,0,0,1614016,671164,174428,5458952,18265.453,14589.387,0,1490.405,0,140.849,4185,3208,1.850,1.120,0.590,4,0,0,0,0,11,31,0,34,0
29-06 19:59:43,53.577,11.016,33.548,0.501,0,1504072,780876,174468,5459140,17821.717,14134.396,0,3737.393,0,211.305,7571,9410,1.850,1.120,0.590,3,0,113.163,0,0,11,28,0,36,0
29-06 19:59:44,57.753,6.970,35.349,0,0,1614792,670132,174468,5459164,14347.755,11226.080,0,67.711,0,7.966,4106,2577,1.850,1.120,0.590,2,0,0,0,0,11,31,0,36,0
29-06 19:59:45,58.727,11.294,29.112,0,0,1579616,705240,174476,5459216,21953.809,17627.095,0,361.396,0,38.147,7372,18229,1.940,1.150,0.600,4,0,222.861,0,0,11,28,0,39,0
29-06 19:59:46,74.776,24.258,1.000,0,0,1598904,685840,174484,5459256,4011.387,1080.373,0,252.087,0,20.007,5562,4709,1.940,1.150,0.600,7,0,518.179,0,0,11,28,0,39,0
29-06 19:59:47,81.752,18.000,0.250,0,0,1779540,505168,174488,5459288,11083.270,8299.202,0,168.004,0,7.000,5652,4858,1.940,1.150,0.600,6,0,430.010,0,0,11,31,0,39,0
29-06 19:59:48,78.144,18.725,2.996,0,0,1831916,452504,174508,5459552,47310.977,44380.942,0,846.854,0,58.920,8440,10904,1.940,1.150,0.600,4,0,435.411,0,0,11,32,0,39,0
29-06 19:59:49,82.917,16.733,0.749,0,0.250,1578516,705720,174512,5459728,20689.294,15389.598,0,463.536,0,44.955,6898,7087,1.940,1.150,0.600,5,0,258.741,0,0,11,28,0,39,0
29-06 19:59:50,88.427,10.521,1.002,0,0,1725512,558684,174516,5459764,10969.914,8367.716,0,152.304,0,9.018,5140,2571,2.190,1.220,0.630,2,0,31.062,0,0,11,31,1,39,0
29-06 19:59:51,69.727,9.497,19.244,0,0.250,1745676,538272,174516,5459992,44568.272,39190.049,0,103.966,0,1.999,9225,13969,2.190,1.220,0.630,4,0,68.977,0,0,11,32,0,40,0
29-06 19:59:52,44.026,20.512,34.270,0,0,1561720,722164,174516,5460048,17737.539,13502.022,0,16.010,0,4.002,8236,9653,2.190,1.220,0.630,3,0,624.371,0,0,11,28,0,44,0
29-06 19:59:53,49.251,32.751,17.750,0,0,1553592,730260,174516,5460080,4098.083,1188.024,0,1080.022,0,15.000,6420,5909,2.190,1.220,0.630,4,0,910.019,0,0,11,28,0,42,0
29-06 19:59:54,74.752,9.500,16.001,0,0,1664040,619776,174516,5460116,17590.573,14276.465,0,272.009,0,14.000,4751,3544,2.190,1.220,0.630,3,0,0,0,0,11,31,0,42,0
29-06 19:59:55,61.904,10.234,26.958,0.250,0,1630252,653316,174532,5460340,26608.846,21756.351,0,958.518,0,80.875,8191,11252,2.410,1.280,0.650,4,0,133.793,0,0,11,28,0,46,0
29-06 19:59:56,82.825,15.514,2.002,0,0,1602800,680752,174536,5460352,7053.364,3547.201,0,408.368,0,12.011,4855,2289,2.410,1.280,0.650,3,0,134.121,0,0,11,29,0,46,0
29-06 19:59:57,63.782,7.254,27.764,0,0,1662872,620476,174536,5460548,33806.118,29432.904,0,176.089,0,8.004,6482,9536,2.410,1.280,0.650,2,0,0,0,0,11,32,0,46,0
29-06 19:59:58,49.710,5.246,44.214,0,0,1663088,619980,174552,5460804,43533.985,37085.172,0,239.807,0,21.982,13180,20797,2.410,1.280,0.650,6,0,0,0,0,11,31,0,46,0
29-06 19:59:59,79.138,14.480,5.742,0,0,1521404,761612,174560,5460848,14464.553,9718.262,0,467.339,0,47.932,6658,7303,2.410,1.280,0.650,5,0,119.831,0,0,11,28,0,46,0
29-06 20:00:00,73.563,8.229,17.705,0,0,1659452,623532,174564,5460872,20821.997,17529.378,0,175.553,0,9.975,4917,3411,2.380,1.290,0.660,3,0,0,0,0,11,32,0,46,0
29-06 20:00:01,54.706,7.026,37.642,0.251,0,1668568,614136,174564,5461144,48808.607,41632.612,0,883.323,0,60.227,14170,22252,2.380,1.290,0.660,1,0,0,0,0,11,32,0,46,0
29-06 20:00:02,66.075,15.267,18.771,0,0,1551288,731208,174564,5461348,30246.231,22104.016,0,4.005,0,1.001,8813,11671,2.380,1.290,0.660,4,0,252.286,0,0,11,28,0,50,0
29-06 20:00:03,80.695,11.242,7.745,0,0,1653424,629056,174564,5461364,13355.820,9455.501,0,0,0,0,4650,2174,2.380,1.290,0.660,2,0,8.994,0,0,11,31,0,50,0
29-06 20:00:04,63.994,6.749,28.247,0,0,1643416,638828,174564,5461592,38802.507,32498.075,0,0,0,0,9252,14748,2.380,1.290,0.660,7,0,19.998,0,0,11,30,0,52,0
29-06 20:00:05,77.553,13.509,8.506,0.250,0,1571020,711168,174568,5461644,20274.756,14973.159,0,204.139,0,26.018,6456,8324,2.510,1.340,0.680,4,0,108.073,0,0,11,28,0,51,0
29-06 20:00:06,75.375,8.736,15.724,0,0,1668384,613636,174584,5461800,16582.608,13591.549,0,339.439,0,27.954,4726,3482,2.510,1.340,0.680,1,0,0,0,0,11,30,1,52,0
29-06 20:00:07,68.869,12.271,18.532,0,0,1677932,604060,174592,5461820,26132.163,21246.720,0,256.443,0,20.035,6130,9346,2.510,1.340,0.680,3,0,120.208,0,0,11,30,0,53,0
29-06 20:00:08,72.479,7.998,18.745,0,0,1600264,681472,174600,5462056,33418.217,27977.809,0,3818.882,0,138.959,6294,10417,2.510,1.340,0.680,4,0,62.982,0,0,11,32,0,55,0
29-06 20:00:09,75.771,14.504,9.503,0,0,1525036,756636,174600,5462116,18366.030,14158.878,0,164.045,0,14.004,7034,8116,2.510,1.340,0.680,4,0,166.045,0,0,11,32,0,55,0
29-06 20:00:10,75.174,8.991,15.235,0,0,1648844,632656,174600,5462288,20753.133,17248.656,0,115.883,0,6.993,5686,5566,2.470,1.350,0.680,4,0,0,0,0,11,34,0,56,0
29-06 20:00:11,68.507,12.501,18.502,0,0,1603064,678412,174600,5462312,23338.320,20090.997,0,292.029,0,43.004,6320,7544,2.470,1.350,0.680,3,0,68.007,0,0,11,34,0,57,0
29-06 20:00:12,63.806,11.760,24.271,0,0,1564840,716560,174620,5462372,19332.115,15010.289,0,408.362,0,46.041,6137,6351,2.470,1.350,0.680,4,0,142.126,0,0,11,34,0,59,0
29-06 20:00:13,57.724,10.495,30.986,0,0,1579464,701900,174624,5462368,11945.603,8358.224,0,379.828,0,33.985,4993,4336,2.470,1.350,0.680,4,0,120.945,0,0,11,33,0,59,0
29-06 20:00:14,53.260,8.752,38.007,0,0,1626980,654184,174632,5462556,18566.379,15079.745,0,1248.227,0,18.003,4606,4942,2.470,1.350,0.680,4,0,96.017,0,0,11,34,0,60,0
29-06 20:00:15,58.005,8.001,34.003,0,0,1522904,758200,174632,5462612,19290.517,14656.153,0,0,0,0,5714,6967,2.510,1.380,0.700,3,0,49.004,0,0,11,32,0,62,0
29-06 20:00:16,57.238,8.748,33.493,0.250,0,1613316,667732,174632,5462668,12898.363,9250.109,0,151.969,0,6.999,4476,3698,2.510,1.380,0.700,2,0,36.992,0,0,11,33,0,62,0
29-06 20:00:17,40.143,6.483,52.859,0,0,1527392,753404,174636,5462912,25336.585,20752.782,0,211.437,0,9.973,5688,7609,2.510,1.380,0.700,1,0,85.772,0,0,11,34,0,56,0
29-06 20:00:18,34.498,9.749,53.997,0,0,1507284,773352,174652,5463056,12005.336,6672.631,0,315.983,0,32.998,4947,4849,2.510,1.380,0.700,2,0,134.993,0,0,11,32,0,58,0
29-06 20:00:19,37.842,4.762,56.889,0,0,1581540,699080,174664,5463060,14184.542,8903.682,0,148.361,0,10.024,2809,1816,2.510,1.380,0.700,2,0,0,0,0,11,34,0,58,0
29-06 20:00:20,37.978,5.996,54.718,0,0,1547544,732988,174672,5463136,20952.762,11882.060,0,715.582,0,42.975,5354,6446,2.550,1.410,0.710,3,0,63.963,0,0,11,32,0,60,0
29-06 20:00:21,39.018,8.004,52.774,0,0,1554176,726304,174672,5463184,12723.794,6401.915,0,8.004,0,2.001,3497,2326,2.550,1.410,0.710,2,0,74.034,0,0,11,33,0,59,0
29-06 20:00:22,34.975,7.245,57.210,0.250,0,1473348,807084,174688,5463216,18017.278,11367.973,0,311.780,0,28.980,4841,5367,2.550,1.410,0.710,2,0,59.958,0,0,11,33,0,60,0
29-06 20:00:23,40.056,5.758,53.826,0.501,0,1500636,779780,174692,5463228,8989.646,6010.455,0,244.344,0,22.031,3325,2555,2.550,1.410,0.710,1,0,6.008,0,0,11,33,0,61,0
29-06 20:00:24,36.250,4.000,58.751,0,0,1541000,739252,174700,5463384,20284.194,15923.152,0,108.001,0,8.000,4436,5456,2.550,1.410,0.710,2,0,0,0,0,11,33,0,61,1
29-06 20:00:25,39.003,6.500,53.754,0,0,1534068,746140,174704,5463420,11227.849,7411.561,0,220.017,0,23.002,4390,4406,2.510,1.420,0.720,4,0,48.004,0,0,11,32,0,62,0
29-06 20:00:26,40.208,5.494,53.694,0,0,1546640,733564,174704,5463424,10545.075,7117.626,0,267.723,0,12.987,3133,2191,2.510,1.420,0.720,4,0,0,0,0,11,33,0,62,0
29-06 20:00:27,29.761,6.753,62.273,0,0,1482500,797652,174712,5463468,20734.791,17162.448,0,288.108,0,25.009,5755,7405,2.510,1.420,0.720,2,0,128.048,0,0,11,33,0,63,0
29-06 20:00:28,22.693,8.229,68.079,0,0,1436244,843836,174716,5463532,7007.402,2890.740,0,3307.693,0,187.529,3463,3122,2.510,1.420,0.720,1,0,153.614,0,0,11,32,0,64,0
29-06 20:00:29,18.751,2.250,78.005,0.250,0,1460444,819624,174724,5463536,10458.704,7227.487,0,120.008,0,8.001,1940,1582,2.510,1.420,0.720,2,0,0,0,0,11,33,0,58,0
29-06 20:00:30,14.500,8.000,75.999,0.250,0,1436820,843088,174732,5463688,9981.871,6385.918,0,559.993,0,43.999,4314,4718,2.470,1.430,0.720,1,0,110.999,0,0,11,32,0,59,0
29-06 20:00:31,15.249,12.499,70.747,0,0,1446972,832928,174732,5463692,4217.824,1187.951,0,15.999,0,4.000,3498,2372,2.470,1.430,0.720,1,0,172.993,0,0,11,32,0,59,0
29-06 20:00:32,18.753,2.500,78.260,0,0,1480600,799288,174732,5463704,10149.359,6694.897,0,4.001,0,1.000,1932,1619,2.470,1.430,0.720,2,0,0,0,0,11,33,0,59,0
29-06 20:00:33,18.763,4.503,75.052,0.250,0,1437972,841892,174736,5463720,10673.333,7142.907,0,312.215,0,20.014,3811,4202,2.470,1.430,0.720,1,0,47.032,0,0,11,32,0,60,0
29-06 20:00:34,21.735,3.997,73.448,0,0,1462436,817428,174736,5463720,4736.668,1618.861,0,0,0,0,1791,1277,2.470,1.430,0.720,1,0,0,0,0,11,32,0,57,0
29-06 20:00:35,16.482,2.497,79.415,0,0,1461144,818696,174740,5463740,14364.672,10924.343,0,135.855,0,10.988,3136,3825,2.350,1.420,0.730,1,0,0,0,0,11,33,0,57,0
29-06 20:00:36,18.050,8.273,73.203,0,0,1415744,863984,174748,5463844,14930.314,6321.492,0,236.655,0,25.069,4559,4764,2.350,1.420,0.730,1,0,111.308,0,0,11,32,0,57,0
29-06 20:00:37,7.745,22.235,67.205,0.250,0,1403664,875988,174752,5463916,9852.391,1618.914,0,187.874,0,7.995,5275,3474,2.350,1.420,0.730,2,0,328.779,0,0,11,32,0,57,0
29-06 20:00:38,36.456,13.234,48.941,0,0,1460364,819180,174812,5463956,9246.785,1456.234,0,890.919,0,53.935,4094,3023,2.350,1.420,0.730,3,0,186.773,0,0,11,32,0,56,0
29-06 20:00:39,42.230,7.247,46.728,2.749,0,1543284,732164,175196,5467160,6007.199,1619.245,0,7968.285,0,719.664,5606,7630,2.350,1.420,0.730,2,0,40.981,0,0,11,36,0,56,0
29-06 20:00:40,36.620,8.528,41.135,10.535,0,1507484,761836,176376,5471888,6049.840,1504.935,0,47519.837,0,3988.079,16106,30258,2.480,1.460,0.740,2,1,106.349,0,0,11,36,0,56,0
29-06 20:00:41,39.893,8.228,42.885,7.729,0,1468016,800456,176940,5472092,6941.340,1615.657,0,33856.986,0,2774.542,12061,20865,2.480,1.460,0.740,2,0,30.917,0,0,11,32,0,56,0
29-06 20:00:42,44.933,5.242,48.178,0.250,0,1527476,740984,176940,5472112,4510.225,1617.570,0,2292.556,0,211.682,2851,1428,2.480,1.460,0.740,3,0,0.999,0,0,11,32,0,51,0
29-06 20:00:43,36.915,9.543,41.686,10.045,0,1587064,680552,177272,5472620,4520.192,1627.269,0,18607.120,0,2741.245,15555,28370,2.480,1.460,0.740,1,1,4.018,0,0,11,34,0,51,0
29-06 20:00:44,30.164,8.226,58.333,2.244,0,1466760,800780,177336,5472632,4676.593,1615.369,0,15886.456,0,962.241,4944,6259,2.480,1.460,0.740,1,0,98.717,0,0,11,32,0,51,0
29-06 20:00:45,28.249,6.750,63.998,0,0,1461772,805760,177336,5472636,4799.856,1619.951,0,543.984,0,8.000,3010,11047,2.360,1.450,0.750,1,0,37.999,0,0,11,32,0,52,0
29-06 20:00:46,23.000,3.750,71.750,0.500,0,1424176,843308,177352,5472664,4739.988,1619.996,0,2807.993,0,145.000,2100,1710,2.360,1.450,0.750,2,0,1.000,0,0,11,32,0,47,0
29-06 20:00:47,21.998,3.750,73.494,0,0,1474880,792604,177352,5472664,5056.575,1619.864,0,143.988,0,2.000,1811,1325,2.360,1.450,0.750,2,0,0,0,0,11,32,0,47,0
29-06 20:00:48,22.502,3.000,73.255,0,0,1409488,857996,177352,5472664,4500.324,1620.117,0,0,0,0,1755,1136,2.360,1.450,0.750,2,0,3.000,0,0,11,32,0,47,0
29-06 20:00:49,21.745,3.749,73.732,0,0,1463032,804440,177352,5472676,3977.044,1457.650,0,0,0,0,1818,1318,2.360,1.450,0.750,2,0,0,0,0,11,32,0,47,0
29-06 20:00:50,23.254,4.501,72.013,0,0,1501048,766400,177360,5472668,4200.750,1620.289,0,8.001,0,2.000,1880,1214,2.250,1.450,0.750,1,0,8.001,0,0,11,32,0,46,0
29-06 20:00:51,22.747,3.000,73.990,0,0,1494244,773108,177360,5472752,4037.470,1457.809,0,207.973,0,2.000,1743,1144,2.250,1.450,0.750,1,0,1.000,0,0,11,32,0,46,0
29-06 20:00:52,22.492,2.999,73.223,0,0,1555320,712032,177360,5472752,4875.233,1619.413,0,0,0,0,1736,1141,2.250,1.450,0.750,2,0,1.999,0,0,11,32,0,46,0
29-06 20:00:53,23.261,3.001,73.034,0,0,1510224,757032,177364,5472840,4710.170,1458.672,0,396.183,0,31.014,1939,1481,2.250,1.450,0.750,1,0,2.001,0,0,11,32,0,46,0
29-06 20:00:54,22.196,3.990,73.820,0,0,1503500,763696,177376,5472852,5636.226,1657.948,0,0,0,0,1868,1375,2.250,1.450,0.750,2,0,0.998,0,0,11,32,0,41,0
29-06 20:00:55,22.056,3.509,73.438,0,0,1508912,758272,177376,5472864,5265.487,1515.883,0,12.031,0,2.005,1820,1314,2.150,1.440,0.750,1,0,0,0,0,11,32,0,41,0
29-06 20:00:56,21.997,4.000,72.991,0,0,1525408,741776,177376,5472864,5445.364,1565.817,0,399.953,0,60.993,1886,1275,2.150,1.440,0.750,2,0,4.000,0,0,11,32,0,41,0
29-06 20:00:57,22.250,4.000,73.251,0,0,1483812,783348,177384,5472876,5847.089,1620.025,0,0,0,0,1852,1352,2.150,1.440,0.750,1,0,1.000,0,0,11,32,0,41,0
29-06 20:00:58,22.415,3.238,72.974,0,0,1466428,800680,177384,5472924,5337.846,1452.516,0,0,0,0,1825,1248,2.150,1.440,0.750,1,0,0.996,0,0,11,32,0,37,0
29-06 20:00:59,22.584,3.011,74.026,0,0,1508248,758860,177384,5472924,5359.962,1626.056,0,0,0,0,1787,1151,2.150,1.440,0.750,2,0,2.007,0,0,11,32,0,37,0
29-06 20:01:00,15.037,12.280,71.675,0,0,1456396,810556,177392,5473072,4384.690,1136.772,0,0,0,0,3615,2555,2.060,1.430,0.750,2,0,174.425,0,0,11,32,0,37,0
29-06 20:01:01,8.750,22.251,68.002,0.250,0,1443176,823708,177392,5473096,5284.146,1404.039,0,1096.030,0,14.000,6020,4457,2.060,1.430,0.750,1,0,453.013,0,0,11,32,0,37,0
29-06 20:01:02,7.998,21.494,69.230,0,0,1431288,835424,177400,5473260,5475.449,1619.541,0,419.881,0,11.997,5551,3913,2.060,1.430,0.750,2,0,348.901,0,0,11,32,0,33,0
29-06 20:01:03,7.990,21.224,68.415,0,0,1418032,848636,177404,5473300,5333.380,1617.992,0,627.221,0,42.947,5929,4654,2.060,1.430,0.750,3,0,374.535,0,0,11,32,0,33,0
29-06 20:01:04,21.293,4.509,74.149,0,0,1479196,787484,177404,5473288,5711.485,1623.264,0,480.967,0,84.169,2055,1476,2.060,1.430,0.750,1,0,19.038,0,0,11,32,0,33,0
29-06 20:01:05,22.189,3.740,73.299,0,0.249,1509172,757492,177404,5473304,6208.941,1561.709,0,15.956,0,0.997,1767,1091,1.970,1.420,0.750,1,0,1.995,0,0,11,32,0,33,0
29-06 20:01:06,21.547,4.009,73.411,0,0,1455056,811608,177404,5473304,5864.823,1515.313,0,0,0,0,1819,1241,1.970,1.420,0.750,1,0,1.002,0,0,11,32,0,31,0
29-06 20:01:07,21.498,4.250,73.495,0,0,1506080,760604,177404,5473284,5656.589,1619.882,0,15.999,0,2.000,1800,1209,1.970,1.420,0.750,1,0,2.000,0,0,11,32,0,31,0
29-06 20:01:08,23.188,3.241,73.055,0,0,1459284,807380,177404,5473304,4513.937,1023.265,0,87.765,0,3.989,1763,1162,1.970,1.420,0.750,1,0,0.997,0,0,11,32,0,31,0
29-06 20:01:09,21.770,3.503,73.818,0,0,1478788,787888,177404,5473292,5076.663,1555.429,0,0,0,0,1724,1137,1.970,1.420,0.750,1,0,2.002,0,0,11,32,0,31,0
29-06 20:01:10,22.496,2.999,73.736,0,0.250,1468612,798052,177404,5473304,4369.165,1119.786,0,11.998,0,1.000,1690,1157,1.900,1.420,0.750,1,0,1.000,0,0,11,32,0,24,0
29-06 20:01:11,21.998,4.000,73.742,0,0,1513396,753288,177404,5473284,4305.540,1565.833,0,0,0,0,1781,1302,1.900,1.420,0.750,1,0,2.000,0,0,11,32,0,24,0
29-06 20:01:12,22.549,3.257,73.408,0,0,1498956,767696,177404,5473308,4799.339,1515.264,0,2645.699,0,122.263,1778,1119,1.900,1.420,0.750,1,0,1.002,0,0,11,32,0,24,0
29-06 20:01:13,22.205,3.493,73.102,0.249,0,1507840,758820,177408,5473296,4716.480,1562.845,0,463.065,0,31.936,2014,1764,1.900,1.420,0.750,1,0,0.998,0,0,11,32,0,24,0
29-06 20:01:14,23.248,3.000,73.494,0,0,1532816,733844,177408,5473296,4771.593,1511.871,0,19.998,0,3.000,1761,1088,1.900,1.420,0.750,1,0,2.000,0,0,11,32,0,24,0
29-06 20:01:15,22.052,3.508,74.176,0,0,1516048,750628,177408,5473280,5278.518,1569.723,0,156.371,0,33.078,1784,1264,1.820,1.410,0.750,1,0,1.002,0,0,11,32,0,18,0
29-06 20:01:16,22.944,2.743,73.571,0,0,1545768,720908,177408,5473280,5805.845,1616.060,0,27.932,0,0.998,1751,1092,1.820,1.410,0.750,1,0,1.995,0,0,11,32,0,18,0
29-06 20:01:17,22.004,4.001,73.512,0,0,1506896,759840,177408,5473220,6063.977,1566.252,0,0,0,0,1846,1312,1.820,1.410,0.750,1,0,1.000,0,0,11,32,0,18,0
29-06 20:01:18,22.503,3.500,73.510,0,0,1537168,729568,177408,5473220,6226.828,1566.208,0,60.008,0,2.000,1855,1236,1.820,1.410,0.750,1,0,2.000,0,0,11,32,0,18,0
29-06 20:01:19,22.748,2.750,73.492,0,0,1482660,783988,177408,5473308,5639.383,1619.823,0,91.990,0,2.000,1744,1048,1.820,1.410,0.750,1,0,1.000,0,0,11,32,0,13,0
29-06 20:01:20,21.504,4.251,73.263,0,0,1476736,789908,177408,5473312,5787.066,1566.289,0,16.003,0,2.000,1820,1321,1.760,1.400,0.760,1,0,1.000,0,0,11,32,0,13,0
29-06 20:01:21,22.991,3.499,73.722,0,0,1485780,780852,177408,5473324,5098.085,1619.392,0,139.947,0,28.989,1854,1224,1.760,1.400,0.760,1,0,1.999,0,0,11,32,0,13,0
29-06 20:01:22,22.754,3.251,73.514,0,0,1462324,804288,177408,5473344,4989.963,1620.313,0,20.004,0,1.000,1699,1058,1.760,1.400,0.760,1,0,1.000,0,0,11,32,0,13,0
29-06 20:01:23,21.996,3.499,72.736,0,0,1494028,772600,177408,5473328,4723.096,1457.721,0,487.907,0,34.993,1984,1736,1.760,1.400,0.760,1,0,1.000,0,0,11,32,0,10,0
29-06 20:01:24,22.500,3.500,73.501,0,0,1478392,788224,177408,5473340,4920.079,1620.026,0,0,0,0,1825,1305,1.760,1.400,0.760,1,0,1.000,0,0,11,32,0,10,0
29-06 20:01:25,23.005,3.251,73.265,0,0,1519252,747364,177408,5473340,4893.013,1512.313,0,20.004,0,2.000,1780,1163,1.700,1.390,0.760,1,0,2.000,0,0,11,32,0,10,0
29-06 20:01:26,12.285,17.048,69.948,0,0,1476780,789780,177408,5473396,4980.100,1570.446,0,373.056,0,38.108,5291,4196,1.700,1.390,0.760,1,0,418.184,0,0,11,32,0,10,0
29-06 20:01:27,21.197,5.486,72.817,0,0,1470448,796108,177408,5473400,5136.057,1508.199,0,35.910,0,0.997,2211,1676,1.700,1.390,0.760,2,0,43.889,0,0,11,32,0,7,0
29-06 20:01:28,24.022,1.501,73.567,0.250,0,1488936,777408,177408,5473612,5150.715,1567.435,0,172.158,0,3.003,1698,1047,1.700,1.390,0.760,1,0,0,0,0,11,32,0,7,0
29-06 20:01:29,21.508,4.502,73.779,0,0,1458848,807444,177408,5473656,5522.153,1620.632,0,0,0,0,1870,1273,1.700,1.390,0.760,2,0,9.004,0,0,11,32,0,7,0
29-06 20:01:30,19.517,8.257,71.312,0,0,1456220,809952,177408,5473776,4882.230,1459.264,40.035,0,2.002,0,2813,1997,1.800,1.420,0.770,2,0,158.137,0,0,11,32,0,7,0
29-06 20:01:31,8.002,21.756,69.019,0,0,1444360,821768,177408,5473816,5041.393,1620.448,0,200.055,0,8.002,6027,4654,1.800,1.420,0.770,2,0,458.127,0,0,11,32,0,4,0
29-06 20:01:32,7.748,22.246,68.486,0,0,1424100,841980,177408,5473848,4968.005,1553.689,0,347.930,0,32.993,6514,5310,1.800,1.420,0.770,2,0,561.887,0,0,11,32,0,4,0
29-06 20:01:33,8.497,22.242,67.977,0.750,0,1420324,845700,177412,5473892,4368.495,1349.535,0,1827.370,0,53.981,6711,5766,1.800,1.420,0.770,1,0,544.812,0,0,11,32,0,4,0
29-06 20:01:34,8.495,22.236,68.209,0,0.250,1412924,853064,177412,5473920,4473.281,1295.213,0,1319.198,0,14.991,6355,5016,1.800,1.420,0.770,2,0,538.673,0,0,11,32,0,4,0
29-06 20:01:35,8.511,20.776,69.338,0,0.250,1398884,867076,177412,5473948,5106.455,1622.050,0,821.038,0,10.013,6189,4819,1.740,1.410,0.770,2,0,496.628,0,0,11,32,0,3,0
29-06 20:01:36,8.498,20.245,69.734,0,0,1402280,863648,177412,5473980,5278.814,1619.636,0,251.943,0,8.998,6358,5050,1.740,1.410,0.770,1,0,510.885,0,0,11,32,0,3,0
29-06 20:01:37,7.994,22.232,68.444,0,0,1403288,862592,177412,5474020,5352.651,1618.685,0,243.802,0,12.989,6116,4801,1.740,1.410,0.770,1,0,487.604,0,0,11,32,0,3,0
29-06 20:01:38,10.006,19.762,69.544,0,0,1347620,918212,177428,5474032,5015.140,1512.947,0,516.323,0,81.051,6112,4738,1.740,1.410,0.770,5,0,430.269,0,0,11,32,0,3,0
29-06 20:01:39,26.012,30.264,42.270,0.250,0,1400636,865112,177436,5474080,6122.913,1620.771,0,928.442,0,53.025,7349,6910,1.740,1.410,0.770,4,0,847.403,0,0,11,34,0,5,0
29-06 20:01:40,64.066,12.464,23.184,0,0,1598804,666056,177540,5474856,5982.859,1657.252,0,426.777,0,22.934,3949,2310,1.840,1.440,0.780,4,0,49.857,0,0,11,32,0,7,0
29-06 20:01:41,54.654,10.780,25.823,7.270,0,1659424,594720,178364,5483540,5702.068,1570.425,373.051,39423.095,3.008,2930.257,12945,23777,1.840,1.440,0.780,4,0,82.232,0,0,11,38,0,7,0
29-06 20:01:42,42.992,12.997,28.994,12.997,0,1618728,623580,179268,5494088,4908.043,1511.705,0,99544.585,0,7097.616,23076,47050,1.840,1.440,0.780,3,0,168.967,0,0,11,36,0,8,0
29-06 20:01:43,43.001,10.000,31.501,13.250,0,1653184,575208,179596,5507160,9937.263,6598.174,0,87634.316,0,6899.182,21960,44586,1.840,1.440,0.780,4,0,67.002,0,0,11,37,0,8,0
29-06 20:01:44,37.665,19.206,31.179,9.229,0,1603368,617516,180004,5514324,9638.165,6104.171,295.331,53474.855,3.991,4045.834,18298,34687,1.840,1.440,0.780,6,0,397.100,0,0,11,34,0,9,0
29-06 20:01:45,50.300,22.522,17.267,7.507,0,1658788,554548,180396,5520776,4882.812,1459.438,932.919,56168.350,15.015,4024.966,16746,43649,2.010,1.480,0.800,6,0,217.214,0,0,11,34,0,10,0
29-06 20:01:46,34.285,12.012,40.541,11.512,0,1666748,542452,180736,5524432,12763.986,9746.917,668.680,63884.997,12.012,4859.945,18988,36862,2.010,1.480,0.800,0,1,152.155,0,0,11,35,0,10,0
29-06 20:01:47,29.734,7.746,49.723,9.995,0,1662324,546772,180820,5524420,16827.815,12368.249,0,62130.089,0,4951.298,21275,40733,2.010,1.480,0.800,3,0,38.979,0,0,11,35,0,9,0
29-06 20:01:48,38.037,8.508,41.290,10.260,0,1616552,590492,181072,5526172,5704.549,2249.188,0,58909.302,0,5102.964,17571,35302,2.010,1.480,0.800,2,1,75.073,0,0,11,34,0,9,0
29-06 20:01:49,35.943,6.490,45.677,9.485,0,1632968,572632,181216,5527440,10048.980,6641.412,0,55295.846,0,4468.876,16223,32481,2.010,1.480,0.800,4,1,38.938,0,0,11,35,0,9,0
29-06 20:01:50,34.552,7.261,46.319,9.013,0,1626604,576208,181352,5530000,16181.145,12527.694,0,48720.700,0,4175.230,19043,36672,2.170,1.530,0.820,1,1,54.081,0,0,11,35,0,9,0
29-06 20:01:51,32.202,10.734,43.685,11.483,0,1548688,650020,181444,5533916,8868.838,5651.613,0,61297.032,0,4974.617,19802,37993,2.170,1.530,0.820,3,1,139.793,0,0,11,34,0,10,0
29-06 20:01:52,33.300,8.012,44.317,13.270,0,1600388,594328,181568,5537656,7045.603,3814.741,0,68106.497,0,5492.266,20445,40058,2.170,1.530,0.820,3,0,99.149,0,0,11,37,0,10,0
29-06 20:01:53,32.225,6.994,46.463,11.491,0,1597572,594076,181644,5540544,15388.841,11360.024,0,57206.801,0,5038.019,21126,41548,2.170,1.530,0.820,4,0,75.940,0,0,11,37,0,10,0
29-06 20:01:54,31.022,7.756,47.284,10.758,0,1584152,612408,181716,5535580,12774.180,8961.440,0,58658.153,0,4996.591,20183,40346,2.170,1.530,0.820,7,0,48.035,0,0,11,36,0,10,0
29-06 20:01:55,41.708,6.743,43.206,7.492,0,1650436,544184,181740,5537492,5166.796,1618.370,0,49869.772,0,3597.377,12704,25077,2.160,1.530,0.830,2,0,29.970,0,0,11,34,0,11,0
29-06 20:01:56,21.508,9.504,68.026,0.500,0,1500724,693832,181740,5537556,15573.918,11055.201,0,2108.801,0,118.045,5382,5963,2.160,1.530,0.830,1,0,212.081,0,0,11,33,0,11,0
29-06 20:01:57,18.456,2.494,77.067,0.249,0,1493572,700816,181740,5537724,17341.907,12272.918,0,646.468,0,31.924,4873,6303,2.160,1.530,0.830,1,0,0.998,0,0,11,32,0,12,0
29-06 20:01:58,19.510,6.754,73.289,0,0,1484092,710292,181740,5537728,4722.534,1080.580,0,552.296,0,39.021,2458,1893,2.160,1.530,0.830,1,0,55.030,0,0,11,32,0,12,0
29-06 20:01:59,18.246,2.499,77.481,0.750,0,1481228,713148,181740,5537736,11434.183,8243.969,0,5978.527,0,418.897,2896,3302,2.160,1.530,0.830,0,0,0,0,0,11,33,0,12,0
29-06 20:02:00,19.528,4.757,74.356,0,0,1419996,774368,181740,5537748,8267.752,3506.985,0,0,0,0,2700,2611,2.060,1.520,0.830,1,0,34.048,0,0,11,32,0,13,0
29-06 20:02:01,18.492,3.249,77.968,0,0,1467480,726876,181740,5537756,10546.717,6649.300,0,43.982,0,3.998,1898,1632,2.060,1.520,0.830,1,0,0,0,0,11,33,0,13,0
29-06 20:02:02,17.219,5.740,75.613,0,0,1452180,741912,181740,5538020,7142.016,3130.309,0,243.557,0,21.960,2920,2624,2.060,1.520,0.830,2,0,59.891,0,0,11,32,0,14,0
29-06 20:02:03,21.504,3.751,74.262,0,0,1513084,681008,181740,5538020,5949.980,2307.380,0,72.012,0,6.001,1860,1220,2.060,1.520,0.830,0,0,1.000,0,0,11,33,0,14,0
29-06 20:02:04,17.039,2.756,78.679,0.251,0,1500896,693084,181740,5538132,15623.520,11179.416,0,705.604,0,34.077,3698,4645,2.060,1.520,0.830,0,0,0,0,0,11,33,0,14,0
29-06 20:02:05,20.964,5.491,73.375,0,0,1464796,729180,181740,5538136,6248.340,1665.159,0,0,0,0,2224,1420,1.980,1.520,0.830,1,0,42.927,0,0,11,32,0,15,0
29-06 20:02:06,19.244,2.249,77.976,0,0,1486148,707824,181740,5538140,10798.655,6886.866,0,43.986,0,3.999,1938,1521,1.980,1.520,0.830,0,0,0,0,0,11,33,0,15,0
29-06 20:02:07,15.534,6.013,76.669,0,0,1443440,750352,181740,5538328,11230.725,6625.587,0,208.459,0,18.040,4192,4646,1.980,1.520,0.830,1,0,91.201,0,0,11,32,0,16,0
29-06 20:02:08,10.511,24.275,64.817,0,0,1440300,753364,181740,5538456,5645.858,1621.683,0,212.220,0,15.016,6529,5301,1.980,1.520,0.830,2,0,597.620,0,0,11,34,0,17,0
29-06 20:02:09,60.213,13.991,24.984,0.500,0,1571692,621752,181764,5538652,4737.053,1660.967,0,943.413,0,61.961,4604,3132,1.980,1.520,0.830,3,0,111.930,0,0,11,32,0,22,0
29-06 20:02:10,64.083,10.223,23.937,0,0,1731580,458740,181868,5541500,4689.750,1547.957,0,4033.464,0,204.466,4176,2240,2.060,1.540,0.840,3,0,0,0,0,11,32,0,22,0
29-06 20:02:11,65.119,7.764,26.048,1.002,0,1841580,344044,182008,5545488,4628.448,1622.962,0,11108.276,0,533.975,5430,4614,2.060,1.540,0.840,4,0,12.022,0,0,11,38,0,22,0
29-06 20:02:12,30.527,9.258,45.040,12.511,0.250,1832144,337420,182128,5560868,4881.342,1621.442,0,101562.332,0,7569.733,27220,54709,2.060,1.540,0.840,0,1,291.259,0,0,11,38,0,22,0
29-06 20:02:13,33.740,9.247,41.238,11.996,0,1828172,330992,182208,5570856,4800.551,1619.511,0,94235.550,0,7668.685,29129,58828,2.060,1.540,0.840,6,0,222.933,0,0,11,38,0,22,0
29-06 20:02:14,41.148,10.973,31.921,13.467,0,1769152,377716,182316,5582636,4907.818,1615.989,0,94074.492,0,6646.502,22894,45966,2.060,1.540,0.840,2,1,257.361,0,0,11,36,0,22,0
29-06 20:02:15,42.539,11.260,32.780,11.010,0,1813908,320404,182380,5594660,5284.859,1621.491,0,99859.813,0,6843.292,21761,45682,2.460,1.630,0.870,1,1,43.040,0,0,11,36,0,22,0
29-06 20:02:16,43.343,10.523,31.317,13.279,0,1855252,271592,182396,5601784,5309.401,1461.138,0,101445.837,0,7268.608,22379,48319,2.460,1.630,0.870,8,0,77.166,0,0,11,38,0,22,0
29-06 20:02:17,47.496,8.999,36.247,6.999,0,1642052,482272,182396,5604248,5536.567,1619.873,0,45636.431,0,3524.724,13585,26165,2.460,1.630,0.870,2,0,195.985,0,0,11,32,0,22,0
29-06 20:02:18,20.463,10.980,67.878,0.250,0,1494084,630192,182396,5604280,6693.950,1563.186,0,1329.607,0,73.867,3694,3102,2.460,1.630,0.870,1,0,197.644,0,0,11,32,0,22,0
29-06 20:02:19,22.733,2.748,73.196,0.250,0,1553388,570888,182396,5604280,6387.250,1510.876,0,1119.168,0,56.958,1889,1404,2.460,1.630,0.870,1,0,0,0,0,11,32,0,22,0
29-06 20:02:20,24.251,2.250,72.253,0.500,0,1572852,551412,182396,5604292,6086.273,1566.070,0,3764.169,0,217.010,2597,2734,2.340,1.620,0.870,1,0,2.000,0,0,11,38,0,22,0
29-06 20:02:21,22.022,4.504,72.572,0,0,1462272,661948,182396,5604332,4838.797,1513.500,0,132.131,0,10.010,2355,1641,2.340,1.620,0.870,1,0,28.028,0,0,11,32,0,22,0
29-06 20:02:22,23.014,3.502,72.294,0.500,0,1523560,600660,182396,5604332,4625.825,1566.957,0,5495.357,0,294.180,2385,2499,2.340,1.620,0.870,1,0,0,0,0,11,32,0,22,0
29-06 20:02:23,22.014,4.503,72.294,0.500,0,1471052,653148,182396,5604348,4834.969,1512.929,0,4927.025,0,257.158,2877,2819,2.340,1.620,0.870,1,0,40.025,0,0,11,32,0,22,0
29-06 20:02:24,14.246,36.740,47.488,0,0,1460488,663644,182396,5604416,4920.716,1619.577,0,215.944,0,24.993,8409,8115,2.340,1.620,0.870,1,0,1216.683,0,0,11,32,0,22,0
29-06 20:02:25,7.755,22.264,68.542,0.250,0,1445196,678868,182396,5604484,5099.096,1512.919,0,244.148,0,21.013,6123,4579,2.230,1.610,0.870,1,0,525.319,0,0,11,32,0,22,0
29-06 20:02:26,8.747,18.994,70.476,0,0,1437968,685920,182396,5604652,4470.475,1565.466,0,19.993,0,4.998,5621,4113,2.230,1.610,0.870,2,0,357.878,0,0,11,32,0,22,0
29-06 20:02:27,9.984,21.466,67.392,0,0,1428844,695016,182396,5605024,4915.121,1563.494,0,51.917,0,10.982,6591,6212,2.230,1.610,0.870,6,0,380.390,0,0,11,32,0,22,0
29-06 20:02:28,31.003,15.001,53.004,0,0,1436288,687360,182400,5605212,4680.393,1620.136,0,40.003,0,1.000,5350,5659,2.230,1.610,0.870,2,0,218.018,0,0,11,33,0,22,0
29-06 20:02:29,44.241,6.499,48.740,0,0,1561468,562244,182400,5605260,4559.111,1619.684,0,0,0,0,2647,1320,2.230,1.610,0.870,3,0,0,0,0,11,33,0,22,0
29-06 20:02:30,48.956,4.995,45.709,0.250,0,1622648,500860,182424,5605420,4587.853,1510.634,0,1934.252,0,238.784,3799,2917,2.210,1.620,0.880,2,0,18.983,0,0,11,49,0,22,0
29-06 20:02:31,33.816,11.021,54.105,0,0,1657928,461188,182472,5609328,4388.552,1623.163,0,1446.820,0,135.264,5369,7773,2.210,1.620,0.880,2,0,163.318,0,0,11,48,0,22,0
29-06 20:02:32,17.260,16.259,65.038,0,0,1657796,461252,182476,5609780,4699.725,1620.940,0,1000.580,0,17.010,6570,8185,2.210,1.620,0.880,1,0,300.174,0,0,11,48,0,22,0
29-06 20:02:33,2.244,2.244,94.011,0.249,0,1656616,462436,182476,5609352,4317.017,1184.985,0,387.015,0,27.929,1766,2586,2.210,1.620,0.880,0,0,28.926,0,0,11,48,0,22,0
29-06 20:02:34,0.750,0.750,98.282,0,0,1656612,462436,182476,5609356,4851.584,1350.441,0,36.012,0,4.001,682,933,2.210,1.620,0.880,0,0,3.001,0,0,11,48,0,22,0
29-06 20:02:35,0,0.251,98.469,0,0,1656612,462436,182476,5609356,5171.497,1623.609,0,0,0,0,699,947,2.040,1.590,0.880,0,0,3.007,0,0,11,48,0,22,0
29-06 20:02:36,0.748,0.499,97.994,0,0,1656612,462436,182476,5609356,5104.667,1454.202,0,0,0,0,670,908,2.040,1.590,0.880,0,0,0.997,0,0,11,48,0,22,0
29-06 20:02:37,11.008,9.507,78.560,0,0,1628248,490804,182476,5609712,5120.944,1621.248,0,0,0,0,4069,5122,2.040,1.590,0.880,1,0,198.153,0,0,11,48,0,22,0
29-06 20:02:38,14.745,15.994,68.225,0,0,1680280,438608,182476,5609492,5038.175,1619.413,0,7.997,0,1.999,5510,6838,2.040,1.590,0.880,4,0,286.896,0,0,11,48,0,22,0
29-06 20:02:39,17.046,18.801,62.920,0,0,1676164,442620,182476,5609976,6150.611,1700.593,0,4.011,0,1.003,7541,8847,2.040,1.590,0.880,1,0,365.988,0,0,12,48,0,22,0
29-06 20:02:40,19.708,8.981,70.102,0.249,0,1672224,446564,182476,5609548,5807.710,1658.490,0,1257.339,0,45.903,3815,4018,1.870,1.560,0.870,0,0,194.588,0,0,12,64,0,22,0
29-06 20:02:41,10.731,11.479,76.113,0,0,1679840,438888,182476,5609596,6745.887,1455.387,0,0,0,0,4488,5142,1.870,1.560,0.870,1,0,201.638,0,0,14,66,0,16,0
29-06 20:02:42,13.544,16.554,69.475,0,0,1690400,428292,182476,5609608,4044.103,1137.686,0,52.169,0,8.026,6067,6236,1.870,1.560,0.870,2,0,310.004,0,0,14,66,0,17,0
29-06 20:02:43,8.507,19.765,69.053,0,0,1674376,444152,182476,5609772,4641.581,1459.126,0,440.340,0,35.027,6181,5126,1.870,1.560,0.870,3,0,419.323,0,0,14,66,0,17,0
29-06 20:02:44,21.000,16.750,61.251,0.500,0,1673804,441092,182516,5613368,4906.104,1692.036,3648.077,200.004,61.001,17.000,6998,9252,1.870,1.560,0.870,3,0,251.005,0,0,14,66,0,17,0
29-06 20:02:45,36.621,28.400,33.881,0.498,0,1788420,322300,182592,5620752,5373.072,1875.394,3531.559,7856.324,65.768,491.269,7869,13604,2.040,1.600,0.890,4,0,651.704,0,0,14,66,1,16,0
29-06 20:02:46,30.803,24.041,44.326,0,0,1839916,269928,182648,5618016,5589.547,1696.898,0,40.068,0,7.012,7179,7819,2.040,1.600,0.890,1,0,599.023,0,0,14,66,1,16,0
29-06 20:02:47,36.543,22.527,40.548,0,0,1909784,199172,182668,5619164,5964.079,1696.013,0,40.048,0,10.012,7984,9328,2.040,1.600,0.890,2,0,393.467,0,0,14,70,1,18,0
29-06 20:02:48,63.529,23.418,11.958,0.249,0,2011292,179340,172764,5548960,5381.241,1688.115,31.889,27.903,5.979,6.976,5332,4597,2.040,1.600,0.890,4,0,461.392,0,0,14,70,1,18,0
29-06 20:02:49,68.524,19.327,11.546,0,0,2114412,138208,166768,5494136,4578.311,1791.164,224.900,12.048,11.044,3.012,5984,8439,2.040,1.600,0.890,3,0,266.064,0,0,14,70,1,17,0
29-06 20:02:50,70.272,26.913,2.492,0.498,0,2231664,250972,166336,5269460,4784.460,1688.516,1626.716,2583.608,99.676,69.773,5889,5801,2.200,1.640,0.900,5,0,562.174,0,0,14,70,1,17,0
29-06 20:02:51,78.993,18.998,1.500,0.750,0,2377324,180908,168208,5193932,4411.600,1511.863,2051.814,763.931,121.989,37.997,7365,8983,2.200,1.640,0.900,6,0,274.975,0,0,14,74,1,17,0
29-06 20:02:52,66.155,26.312,3.759,3.007,0,2508868,164176,168204,5081844,4040.460,1210.835,573.342,28298.252,21.049,1842.313,13119,23146,2.200,1.640,0.900,8,0,443.037,0,0,14,76,1,17,0
29-06 20:02:53,70.876,19.716,6.988,1.747,0,2614800,126272,168328,5015420,4534.088,1509.366,878.467,15209.459,25.955,1454.462,13232,23648,2.200,1.640,0.900,5,0,235.589,0,0,14,76,1,16,0
29-06 20:02:54,77.357,19.777,2.503,0,0,2720088,165204,168336,4874000,4598.386,1514.103,80.111,1878.609,9.013,60.083,7158,11928,2.200,1.640,0.900,7,0,349.485,0,0,14,80,1,23,0
29-06 20:02:55,55.325,25.534,18.775,0.250,0,2819112,132696,168336,4808984,4852.545,1568.115,16.022,1502.026,3.004,90.122,9967,15057,2.180,1.650,0.910,4,0,536.724,0,0,14,89,1,32,0
29-06 20:02:56,45.195,15.981,37.704,0,0,2882528,138132,168340,4741952,5185.702,1584.076,2045.516,918.884,20.975,43.947,6017,8054,2.180,1.650,0.910,5,0,219.733,0,0,14,91,1,32,0
29-06 20:02:57,56.517,10.503,32.260,0.250,0,3008484,149588,168348,4607956,4924.519,1566.483,1136.350,1000.308,14.004,47.014,5285,7851,2.180,1.650,0.910,2,0,78.024,0,0,14,94,1,35,0
29-06 20:02:58,21.763,14.759,61.786,1.001,0,3037276,185832,168372,4543968,4954.919,1512.891,8.005,5815.426,2.001,358.211,6083,6245,2.180,1.650,0.910,1,0,267.157,0,0,14,97,1,36,0
29-06 20:02:59,8.497,19.493,70.976,0,0,3050820,172240,168372,4544016,4858.372,1709.427,7.997,83.972,1.999,9.997,5743,4447,2.180,1.650,0.910,1,0,355.881,0,0,14,97,1,36,0
29-06 20:03:00,7.994,19.984,70.444,0,0,3049640,173392,168372,4544044,4782.194,1564.755,0,119.905,0,10.991,5724,4222,2.090,1.640,0.910,1,0,365.709,0,0,14,97,1,36,0
29-06 20:03:01,21.712,4.991,72.622,0,0,3128304,162840,168376,4477820,4763.593,1509.336,3.993,10417.614,0.998,532.061,1930,1268,2.090,1.640,0.910,1,0,0.998,0,0,14,97,1,34,0
29-06 20:03:02,19.261,3.002,77.045,0,0,3136620,154680,168380,4477796,11625.834,8011.709,44.026,212.125,5.003,14.008,2711,2863,2.090,1.640,0.910,1,0,0,0,0,14,100,1,34,0
29-06 20:03:03,20.019,5.255,73.320,0,0,3109620,181664,168380,4477812,22206.290,18720.948,0,2682.572,0,17.016,2613,1843,2.090,1.640,0.910,2,0,64.061,0,0,14,99,1,35,0
29-06 20:03:04,19.719,3.245,75.132,0.250,0,3156460,134820,168380,4477816,10907.855,7400.368,3.994,183.711,0.998,21.965,2243,2171,2.090,1.640,0.910,2,0,0.998,0,0,14,102,1,35,0
29-06 20:03:05,25.275,4.254,69.819,1.001,0,3160216,130828,168396,4478040,6666.580,2444.413,0,1417.399,0,160.158,3946,5198,2.080,1.650,0.920,2,0,3.003,0,0,14,110,1,33,0
29-06 20:03:06,28.215,4.245,64.920,0.999,0,3161364,129120,168396,4478584,6798.634,2759.604,207.744,1641.979,12.984,178.780,5057,7410,2.080,1.650,0.920,2,0,1.998,0,0,14,110,1,35,0
29-06 20:03:07,30.273,11.759,57.545,0,0,3212508,144832,168396,4413636,5361.158,1621.258,4.003,688.534,1.001,43.033,4131,3151,2.080,1.650,0.920,3,0,115.089,0,0,14,114,1,35,0
29-06 20:03:08,21.765,2.752,73.801,0.751,0,3245608,177832,168396,4349224,12406.643,7966.550,68.047,2625.829,5.003,163.114,2946,3249,2.080,1.650,0.920,1,0,1.001,0,0,14,117,1,35,0
29-06 20:03:09,22.721,4.744,70.411,0.749,0,3255604,167752,168400,4349300,7507.483,3580.461,11.985,4022.900,2.996,184.766,4762,6754,2.080,1.650,0.920,4,0,4.994,0,0,14,119,1,28,0
29-06 20:03:10,40.608,11.531,46.623,0.501,0,3317456,170916,168400,4285848,6579.419,2915.720,0,1800.768,0,103.273,4404,4011,2.070,1.650,0.920,2,0,98.260,0,0,14,120,1,29,0
29-06 20:03:11,38.136,4.985,55.335,0,0,3388588,160716,168400,4226120,10767.891,7983.195,0,382.858,0,20.938,2684,1685,2.070,1.650,0.920,1,0,0,0,0,14,121,1,29,0
29-06 20:03:12,20.761,5.753,73.538,0.250,0,3411804,137512,168400,4226108,22333.621,18646.703,8.004,1216.633,2.001,72.037,2761,2365,2.070,1.650,0.920,1,0,55.029,0,0,14,120,1,30,0
29-06 20:03:13,18.994,2.749,77.224,0,0,3440836,160004,168400,4175424,10608.489,7342.570,3.999,99.967,1.000,9.997,1848,1342,2.070,1.650,0.920,1,0,1.000,0,0,14,121,1,30,0
29-06 20:03:14,19.248,5.749,73.993,0,0,3396948,203860,168400,4175456,22922.690,19429.042,0,7.999,0,2.000,2320,1733,2.070,1.650,0.920,1,0,50.995,0,0,14,120,1,31,0
29-06 20:03:15,18.998,2.500,77.740,0,0,3431440,169364,168400,4175460,10603.636,7217.071,0,2319.702,0,280.964,1788,1213,1.990,1.640,0.920,1,0,0,0,0,14,121,1,31,0
29-06 20:03:16,17.003,7.751,73.763,0.750,0,3398388,202372,168400,4175520,7263.308,3522.634,12.002,1920.346,3.001,164.030,3857,4455,1.990,1.640,0.920,1,0,82.015,0,0,14,120,1,32,0
29-06 20:03:17,28.745,4.749,65.739,0,0,3426516,174056,168400,4175708,6524.878,3531.393,0,203.965,0,14.997,4263,4985,1.990,1.640,0.920,1,0,7.999,0,0,14,123,1,33,0
29-06 20:03:18,17.811,5.017,77.012,0,0,3414716,185780,168400,4175784,28587.123,23365.383,0,180.614,0,11.037,2525,1971,1.990,1.640,0.920,1,0,55.187,0,0,14,122,1,34,0
29-06 20:03:19,21.688,3.490,73.540,0,0,3475208,125288,168400,4175784,5195.153,1346.153,0,59.829,0,6.980,1872,1367,1.990,1.640,0.920,1,0,0,0,0,14,122,1,34,0
29-06 20:03:20,18.029,4.007,75.873,1.002,0,3462224,138008,168400,4176048,12917.961,7926.862,32.052,1494.425,2.003,226.367,4305,6337,1.910,1.630,0.920,1,0,1.002,0,0,14,124,1,34,0
29-06 20:03:21,24.470,5.493,67.916,0.999,0,3366040,234008,168404,4176228,6222.319,2802.540,43.946,2089.421,4.994,184.772,5637,8003,1.910,1.630,0.920,2,0,52.935,0,0,14,123,1,36,0
29-06 20:03:22,21.797,4.009,73.909,0,0,3415696,184348,168404,4176232,4914.583,1811.902,0,3920.443,0,362.781,1974,1441,1.910,1.630,0.920,0,0,0,0,0,14,123,2,36,0
29-06 20:03:23,14.223,2.246,81.842,0,0,3412360,187668,168404,4176248,14430.128,11388.004,0,475.082,0,25.950,2310,2308,1.910,1.630,0.920,2,0,0.998,0,0,14,124,1,36,0
29-06 20:03:24,26.815,6.265,65.409,0.501,0,3414060,185892,168404,4176324,5052.249,1623.937,0,1583.840,0,171.416,5848,8426,1.910,1.630,0.920,2,0,0,0,0,14,124,1,36,0
29-06 20:03:25,30.625,6.474,60.503,0.747,0,3393692,206052,168404,4176532,5666.876,2475.897,0,5003.582,0,309.736,5279,6573,1.840,1.620,0.920,1,0,78.679,0,0,14,127,1,37,0
29-06 20:03:26,19.019,2.503,78.079,0.250,0,3432196,167524,168416,4176544,11633.784,9063.180,4.004,324.329,1.001,18.018,1951,1662,1.840,1.620,0.920,0,0,0,0,0,14,128,1,37,0
29-06 20:03:27,18.994,7.497,71.226,0.750,0,3428280,171388,168416,4176596,8711.043,3752.726,0,3966.653,0,289.902,4806,5890,1.840,1.620,0.920,1,0,147.950,0,0,14,129,1,38,0
29-06 20:03:28,19.288,2.505,77.402,0,0,3480804,118864,168416,4176596,7499.728,3903.666,0,665.307,0,8.016,1742,1277,1.840,1.620,0.920,1,0,0,0,0,14,130,1,38,0
29-06 20:03:29,19.457,2.744,76.829,0,0,3469400,130252,168416,4176612,14627.373,10700.133,0,195.564,0,19.955,3094,3352,1.840,1.620,0.920,3,1,1.996,0,0,14,132,1,38,0
29-06 20:03:30,30.839,7.522,59.171,1.504,0,3469280,129708,168436,4177256,4665.503,1516.389,401.161,1343.890,65.189,155.450,8402,12056,2.890,1.840,1,3,0,4.012,0,0,14,134,1,38,0
29-06 20:03:31,39.398,12.468,45.632,0.499,0,3423032,175736,168436,4177428,6884.143,3604.650,0,1735.498,0,173.550,11521,17098,2.890,1.840,1,1,0,285.260,0,0,14,133,1,39,0
29-06 20:03:32,19.467,2.995,77.119,0,0,3477700,121036,168436,4177444,7278.646,3976.251,0,523.112,0,30.947,1852,1491,2.890,1.840,1,1,0,0,0,0,14,134,1,39,0
29-06 20:03:33,18.337,8.541,71.087,0.251,0,3376740,221988,168436,4177452,9581.454,6687.726,0,446.116,0,27.129,3895,3221,2.890,1.840,1,1,0,149.710,0,0,14,133,1,40,0
29-06 20:03:34,8.750,19.999,69.497,0,0,3340032,258516,168436,4177632,5173.752,1655.921,0,527.975,0,37.998,6078,4857,2.890,1.840,1,1,0,404.981,0,0,14,133,1,40,0
29-06 20:03:35,19.205,15.214,64.348,0,0,3360564,237968,168440,4177644,5299.475,1508.435,0,363.142,0,20.950,7066,9268,2.740,1.830,1,4,0,228.460,0,0,14,133,1,40,0
29-06 20:03:36,31.297,22.283,45.318,0.250,0,3439332,159032,168440,4177816,5538.302,1622.432,0,1530.294,0,98.147,6693,5653,2.740,1.830,1,2,0,518.778,0,0,14,133,1,40,0
29-06 20:03:37,35.924,19.210,44.656,0,0,3472108,125836,168456,4178536,4958.557,1578.675,47.899,247.479,4.989,17.962,8282,10497,2.740,1.830,1,1,0,360.241,0,0,14,139,1,41,0
29-06 20:03:38,46.228,23.239,28.737,0,0,3562000,174848,168456,4041908,4991.671,1565.270,47.978,4134.071,1.999,369.827,6335,7920,2.740,1.830,1,8,0,502.765,0,0,16,139,1,41,0
29-06 20:03:39,60.500,24.000,15.250,0.500,0,3706864,123672,168460,3949048,6046.018,1566.005,92.000,844.002,6.000,57.000,7547,9808,2.740,1.830,1,3,0,399.001,0,0,16,147,1,41,0
29-06 20:03:40,48.909,21.319,28.593,0,0,3791444,137840,168460,3851508,5945.314,1571.104,8.026,529.721,2.007,39.127,8789,14090,2.680,1.830,1.010,3,0,422.372,0,0,16,163,1,41,0
29-06 20:03:41,34.215,24.725,40.459,0,0,3837784,147084,168556,3797160,5933.921,1708.250,91.906,647.337,5.994,16.983,15047,5823,2.680,1.830,1.010,2,0,588.397,0,0,16,163,1,41,0
29-06 20:03:42,24.445,16.463,57.621,0,0,3856004,184344,168568,3743104,5105.585,1616.386,11.973,474.938,2.993,30.931,7009,8558,2.680,1.830,1.010,1,0,286.360,0,0,17,163,1,41,0
29-06 20:03:43,28.348,24.585,45.908,0.251,0,3923260,147160,168568,3713760,4862.783,1571.424,4.014,272.942,1.003,21.073,6594,5520,2.680,1.830,1.010,4,0,510.763,0,0,17,163,1,41,0
29-06 20:03:44,39.012,16.755,43.513,0,0,3971752,142764,168572,3670792,4981.479,1620.481,24.007,448.133,5.001,29.009,7202,9165,2.680,1.830,1.010,6,0,291.086,0,0,17,169,1,41,0
29-06 20:03:45,31.806,25.594,41.248,0,0,4033748,148484,168568,3604524,4623.800,1572.410,178.909,91.442,4.970,6.958,8547,9266,2.860,1.880,1.030,7,0,616.242,0,0,17,169,0,41,0
29-06 20:03:46,44.010,27.161,27.412,0.251,0,4158532,142192,168576,3488912,5144.424,1617.566,277.642,1613.542,15.089,126.750,10476,29058,2.860,1.880,1.030,6,0,658.897,0,0,17,179,0,40,0
29-06 20:03:47,16.955,20.695,60.588,0,0,4188704,153980,168576,3448080,4776.241,1507.972,7.979,594.412,1.995,40.891,7129,8076,2.860,1.880,1.030,1,0,411.900,0,0,17,187,0,40,0
29-06 20:03:48,27.992,14.496,56.233,0.500,0,4239748,131820,168576,3419404,4520.640,1241.626,447.865,475.857,8.997,19.994,5589,6543,2.860,1.880,1.030,3,0,189.943,0,0,17,187,0,40,0
29-06 20:03:49,44.317,8.262,46.320,0.250,0,4363980,128716,168576,3300888,4602.917,1297.951,689.036,560.843,13.020,50.075,3330,2162,2.860,1.880,1.030,3,0,1.002,0,0,17,187,0,40,0
29-06 20:03:50,45.051,8.009,46.052,0.250,0,4453524,162512,168584,3180260,4611.240,1567.781,76.086,404.460,8.009,50.057,3710,2898,2.720,1.870,1.030,2,0,24.027,0,0,17,208,0,38,0
29-06 20:03:51,32.444,18.967,47.917,0.499,0,4381812,233408,168592,3181036,4791.668,1617.188,726.736,4025.001,10.981,203.646,6109,5907,2.720,1.870,1.030,3,0,428.255,0,0,17,207,0,38,0
29-06 20:03:52,32.037,30.535,35.541,0,0,4456400,155724,168608,3184120,10439.019,7269.370,2210.545,484.558,38.044,37.043,6997,6894,2.720,1.870,1.030,4,0,494.569,0,0,17,208,0,38,0
29-06 20:03:53,42.372,19.192,37.636,0,0,4420472,190480,168620,3185728,7886.193,4643.981,51.843,905.267,2.991,16.949,6578,8448,2.720,1.870,1.030,6,0,216.347,0,0,17,209,0,39,0
29-06 20:03:54,74.947,16.543,7.520,0,0,4578536,153752,168624,3068212,6096.993,3487.147,352.926,4371.467,18.047,56.147,5282,5022,2.720,1.870,1.030,3,0,130.342,0,0,17,221,0,34,0
29-06 20:03:55,60.617,12.473,23.947,3.243,0,4657588,142276,168664,3002720,13564.224,9666.779,6932.781,1544.609,377.172,52.884,5624,6340,2.820,1.900,1.040,3,0,27.939,0,0,17,227,0,34,0
29-06 20:03:56,56.101,19.285,22.791,1.002,0,4693316,130988,168720,2979488,6047.895,2459.431,885.595,1454.621,126.227,128.231,6990,8185,2.820,1.900,1.040,3,0,215.388,0,0,17,227,0,40,0
29-06 20:03:57,31.229,25.233,41.472,0,0,4711076,148460,168724,2945612,12606.345,9454.509,3.997,9641.380,0.999,39.973,7523,7774,2.820,1.900,1.040,0,0,427.706,0,0,17,228,0,40,0
29-06 20:03:58,39.729,21.239,37.230,0.250,0,4685856,172584,168724,2946368,8731.386,4585.577,79.958,17738.626,5.997,951.497,6737,8905,2.820,1.900,1.040,4,0,286.848,0,0,17,227,0,25,0
29-06 20:03:59,54.137,27.570,17.544,0.251,0,4762648,156708,168724,2886504,10773.179,7351.546,12.030,276.698,3.008,18.046,6392,6377,2.820,1.900,1.040,5,0,431.088,0,0,17,228,0,25,0
29-06 20:04:00,57.019,21.007,21.257,0.500,0,4733904,213988,168748,2858308,10133.331,6854.253,1368.450,852.280,59.019,58.019,8815,14913,2.830,1.920,1.050,3,0,261.086,0,0,17,231,0,28,0
29-06 20:04:01,56.253,29.252,13.751,0.250,0,4871900,140100,168748,2795428,4980.279,1620.091,12.001,528.030,2.000,39.002,6664,6884,2.830,1.920,1.050,3,0,553.031,0,0,17,235,0,28,0
29-06 20:04:02,52.856,21.192,24.184,0.249,0,4918248,130024,168900,2760172,15736.207,12497.016,869.635,1053.136,49.864,68.813,8997,16396,2.830,1.920,1.050,7,0,295.197,0,0,17,241,0,31,0
29-06 20:04:03,71.918,20.548,6.265,1.002,0,4977224,186944,169092,2647032,5362.492,1848.306,3508.173,733.709,218.509,21.049,5645,5235,2.830,1.920,1.050,4,0,190.444,0,0,17,241,1,31,0
29-06 20:04:04,63.522,10.504,25.509,0.500,0,5094340,132136,169096,2586396,17317.120,14407.092,1012.358,440.156,19.007,24.008,6405,14000,2.830,1.920,1.050,2,0,6.002,0,0,17,245,1,32,0
29-06 20:04:05,53.992,10.499,33.245,0.500,0,5089544,189532,169096,2535360,12806.200,7843.897,1727.757,939.868,91.987,92.987,5856,7968,2.930,1.960,1.070,4,0,22.997,0,0,17,250,1,37,0
29-06 20:04:06,53.116,18.952,26.683,0.249,0.249,5102984,202468,169112,2509756,12322.967,8124.540,1081.277,1064.320,18.952,54.862,6253,5448,2.930,1.960,1.070,4,0,227.427,0,0,17,252,1,38,0
29-06 20:04:07,47.281,29.269,21.764,0.750,0,5060376,241340,169232,2513308,10494.910,6731.432,4182.754,1008.664,57.038,60.040,6915,7415,2.930,1.960,1.070,6,0,443.292,0,0,17,251,1,36,0
29-06 20:04:08,55.544,20.516,23.269,0,0,5139600,162076,169232,2513816,7500.991,3962.164,512.409,820.655,4.003,29.023,6130,8329,2.930,1.960,1.070,5,0,305.244,0,0,17,252,1,36,0
29-06 20:04:09,74.277,17.389,7.949,0,0,5132156,228376,169236,2457448,14086.262,10066.868,771.088,691.594,7.949,53.658,5977,5518,2.930,1.960,1.070,6,0,171.905,0,0,18,254,1,37,0
29-06 20:04:10,83.391,14.775,1.002,0.751,0,5293072,137764,169248,2389668,4579.727,1358.292,3365.678,1254.116,168.284,92.155,6401,6194,3.250,2.040,1.100,7,0,13.022,0,0,18,259,1,37,0
29-06 20:04:11,68.570,15.321,15.070,0.502,0,5327604,148696,169284,2346112,13889.737,11292.633,1298.050,2089.740,40.187,225.049,8174,10177,3.250,2.040,1.100,3,0,126.590,0,0,18,264,1,37,0
29-06 20:04:12,40.980,14.243,43.229,0.250,0,5356248,153380,169288,2314940,12283.043,4290.919,571.723,747.637,9.995,55.973,4599,3845,3.250,2.040,1.100,2,0,114.944,0,0,18,268,1,38,0
29-06 20:04:13,42.464,11.740,43.463,0.250,0,5368280,137972,169292,2319060,17092662.650,301041.488,819.302,467.602,9.991,28.975,24593,14270,3.250,2.040,1.100,4,0,59.949,0,0,18,271,1,38,0
29-06 20:04:14,49.912,17.879,29.798,0.745,0,5365324,156524,169292,2303676,10084.764,6653.978,2785.155,2495.118,30.792,155.945,5865,5212,3.250,2.040,1.100,3,0,216.535,0,0,18,270,1,39,0
29-06 20:04:15,40.979,8.045,50.030,0.251,0.251,5441496,138876,169292,2245964,13596.056,9839.039,257.440,337.890,2.011,37.208,3577,2677,3.070,2.020,1.100,4,0,3.017,0,0,18,276,1,37,0
29-06 20:04:16,33.227,4.997,59.959,0.500,0,5366984,212864,169292,2246492,56843.238,1731422.315,559.618,911.379,30.979,110.924,5899,7745,3.070,2.020,1.100,2,0,7.995,0,0,18,280,1,40,0
29-06 20:04:17,23.732,4.247,70.446,0.500,0,5430576,149052,169292,2246720,415784.654,14695426.432,0,5299.942,0,394.698,4422,2630,3.070,2.020,1.100,1,0,0,0,0,18,280,1,40,0
29-06 20:04:18,34.673,5.779,59.044,0.503,0,5413728,158276,169304,2254648,16673655.705,129596.306,128.642,9447.113,7.035,94.471,12674,11139,3.070,2.020,1.100,2,0,1.005,0,0,18,283,1,43,0
29-06 20:04:19,17.231,18.480,61.933,0.499,0,5256208,315572,169304,2254824,6796.623,1881.957,47.948,35025.985,3.996,1256.636,6272,4935,3.070,2.020,1.100,1,0,422.541,0,0,18,282,1,41,0
29-06 20:04:20,21.915,5.230,70.724,0,0,5323376,248392,169304,2254836,5570.273,1547.962,0,434.306,0,26.895,2618,2466,2.910,2.010,1.100,2,0,78.693,0,0,18,282,1,41,0
29-06 20:04:21,15.577,13.316,70.348,0.502,0,5332856,238888,169304,2254860,5607.762,1628.060,0,1045.174,0,74.368,4166,3360,2.910,2.010,1.100,1,0,156.776,0,0,18,282,1,41,0
29-06 20:04:22,8.963,19.420,68.469,0.498,0,5326616,245080,169304,2254920,4874.959,1525.728,0,470.068,0,33.861,5410,4330,2.910,2.010,1.100,1,0,275.866,0,0,18,284,1,41,0
29-06 20:04:23,6.995,16.488,75.697,0,0,5317448,254188,169304,2254980,5216.318,1618.857,27.980,875.382,1.999,5.996,4438,3313,2.910,2.010,1.100,0,0,237.832,0,0,18,284,1,39,0
29-06 20:04:24,5.757,3.004,89.855,0.250,0,5311540,260092,169304,2254984,4911.764,1567.840,0,276.324,0,23.027,1537,1833,2.910,2.010,1.100,1,0,9.011,0,0,18,284,1,39,0
29-06 20:04:25,23.006,2.751,72.520,0,0,5339000,232624,169304,2254992,6316.759,3478.969,0,300.084,0,30.008,2509,2249,2.670,1.970,1.090,0,0,0,0,0,18,285,1,39,0
29-06 20:04:26,18.543,4.761,75.675,0,0,5326832,244600,169304,2255184,12456.852,8686.119,64.149,152.353,4.009,14.033,2965,2572,2.670,1.970,1.090,1,0,46.107,0,0,18,288,1,40,0
29-06 20:04:27,10.992,16.988,70.200,0,0.250,5312376,258956,169308,2255284,5205.263,1580.865,7.994,51.963,1.999,3.997,4895,3374,2.670,1.970,1.090,4,0,171.877,0,0,18,288,1,38,0
29-06 20:04:28,13.957,17.447,67.045,0.249,0,5304884,266044,169308,2255688,5084.470,1615.067,63.805,510.441,2.991,47.854,5405,4432,2.670,1.970,1.090,1,0,200.388,0,0,18,292,1,38,0
29-06 20:04:29,11.528,16.790,69.918,0.251,0.251,5306368,264460,169308,2255772,4889.727,1461.505,4.010,144.346,1.002,9.022,4965,3518,2.670,1.970,1.090,1,0,184.442,0,0,18,292,1,38,0
29-06 20:04:30,22.260,3.752,72.782,0,0,5371256,199572,169308,2255772,5282.356,1662.741,0,100.045,0,10.004,2084,1645,2.540,1.960,1.090,3,0,1.000,0,0,18,292,1,38,0
29-06 20:04:31,22.706,3.244,72.611,0,0,5423296,147360,169308,2255944,4269.817,1525.077,291.441,7.985,5.989,0.998,2157,1766,2.540,1.960,1.090,1,0,2.994,0,0,18,294,1,37,0
29-06 20:04:32,26.309,3.007,69.906,0.501,0,5315280,255124,169308,2256196,4687.433,1082.409,96.214,805.793,6.013,73.163,2778,2757,2.540,1.960,1.090,1,0,7.016,0,0,18,294,1,37,0
29-06 20:04:33,23.768,3.002,72.553,0,0,5369184,201196,169308,2256220,4923.630,1621.195,24.018,92.068,4.003,7.005,2148,1739,2.540,1.960,1.090,2,0,1.001,0,0,18,294,1,37,0
29-06 20:04:34,16.196,3.987,78.987,0.249,0,5400268,170104,169308,2256228,13673.465,10516.976,0,107.642,0,11.960,2196,2008,2.540,1.960,1.090,1,0,2.990,0,0,18,297,1,38,0
29-06 20:04:35,19.073,2.259,77.548,0,0,5301936,268388,169308,2256276,15293.736,11637.695,32.123,60.231,2.008,7.027,2399,2176,2.420,1.940,1.090,2,0,14.054,0,0,18,294,1,38,0
29-06 20:04:36,22.661,4.233,71.966,0,0,5350064,220256,169308,2256280,5079.961,1613.635,0,207.183,0,21.914,2221,1821,2.420,1.940,1.090,1,0,1.992,0,0,18,294,1,38,0
29-06 20:04:37,21.590,5.272,72.050,0,0,5349300,221016,169308,2256284,5138.360,1626.762,0,0,0,0,2656,1930,2.420,1.940,1.090,2,0,70.292,0,0,18,294,1,38,0
29-06 20:04:38,8.503,19.756,70.021,0,0,5332180,237804,169316,2256608,5479.644,1458.438,448.134,700.210,10.003,35.011,6142,5211,2.420,1.940,1.090,1,0,416.125,0,0,18,294,1,38,0
29-06 20:04:39,19.977,6.493,72.167,0,0,5370184,199752,169340,2256632,7431.424,1692.047,0,291.663,0,21.975,3181,2603,2.420,1.940,1.090,1,0,113.869,0,0,18,294,1,37,0
29-06 20:04:40,19.520,3.253,76.329,0.501,0,5379728,184504,169772,2261904,13642.113,4457.612,0,480.497,0,28.029,2252,2005,2.300,1.920,1.090,1,0,17.018,0,0,18,295,1,37,0
29-06 20:04:41,23.175,5.233,69.525,0,0,5341448,221312,169960,2263028,7742.912,1734.380,0,1208.086,0,21.929,9830,17694,2.300,1.920,1.090,1,0,6.977,0,0,18,294,1,37,0
29-06 20:04:42,17.789,3.758,77.419,0.251,0,5341088,220556,169996,2264088,10619.120,4516.834,32.070,833.815,6.013,32.070,2937,3536,2.300,1.920,1.090,0,0,8.017,0,0,18,295,1,37,0
29-06 20:04:43,21.162,6.722,69.958,0.249,0,5345584,215516,170084,2264544,5759.972,1571.445,191.202,386.388,6.971,7.967,11344,20174,2.300,1.920,1.090,1,0,20.913,0,0,18,295,1,37,0
29-06 20:04:44,18.085,9.043,73.094,0.251,0,5326280,240756,170172,2258520,5357.205,1802.480,4.019,3420.091,1.005,439.066,3700,2849,2.300,1.920,1.090,1,0,144.681,0,0,18,294,1,37,0
29-06 20:04:45,20.704,6.984,71.091,0.249,0,5367008,200008,170172,2258528,4507.915,1454.746,0,486.911,0,13.969,3071,2648,2.200,1.910,1.090,1,0,124.721,0,0,18,294,1,37,0
29-06 20:04:46,25.247,4.499,70.241,0,0,5381048,185780,170172,2258716,10444.699,7374.081,0,0,0,0,3110,13461,2.200,1.910,1.090,2,0,35.996,0,0,18,295,1,38,0
29-06 20:04:47,18.519,9.510,70.824,0,0,5372272,194372,170172,2258900,9490.869,6072.314,32.033,0,3.003,0,3374,2989,2.200,1.910,1.090,2,0,118.123,0,0,18,294,1,42,0
29-06 20:04:48,19.221,2.996,76.386,0,0,5421612,145008,170172,2258936,10650.158,7268.189,31.952,16990.726,0.999,135.798,2358,2113,2.200,1.910,1.090,1,0,0,0,0,18,295,1,41,0
29-06 20:04:49,21.486,5.496,72.952,0.250,0,5388988,177620,170172,2258948,8207.646,4474.082,0,219.857,0,15.990,2730,2267,2.200,1.910,1.090,1,0,69.954,0,0,18,294,1,42,0
29-06 20:04:50,19.299,3.258,75.443,0,0,5408156,158448,170172,2258952,10954.070,7351.839,0,228.586,0,22.057,2243,1794,2.020,1.880,1.080,1,0,6.015,0,0,18,295,1,42,0
29-06 20:04:51,19.750,5.000,74.000,0,0,5378732,187852,170172,2258972,12296.957,8878.969,0,44.000,0,3.000,2692,2141,2.020,1.880,1.080,1,0,56.000,0,0,18,294,1,43,0
29-06 20:04:52,22.446,2.993,73.572,0.249,0,5413344,153228,170176,2258980,7329.291,7129.773,0,351.152,0,33.918,2412,2215,2.020,1.880,1.080,0,0,0,0,0,18,297,1,43,0
29-06 20:04:53,20.253,4.751,74.010,0,0,5374236,192324,170176,2258992,12973.833,6260.885,0,724.102,0,10.001,2628,2035,2.020,1.880,1.080,1,0,33.005,0,0,18,296,1,47,0
29-06 20:04:54,19.009,2.751,77.035,0,0,5399796,166764,170176,2258992,8081.660,7270.292,0,192.087,0,19.009,2124,2016,2.020,1.880,1.080,0,0,0,0,0,18,297,1,47,0
29-06 20:04:55,17.048,3.760,77.717,0.251,0,5372284,194256,170176,2259012,13196.792,6869.151,0,441.230,0,49.137,3204,3554,1.940,1.860,1.080,1,0,47.131,0,0,18,296,1,48,0
29-06 20:04:56,22.170,3.986,72.987,0.249,0,5408416,158108,170176,2259028,5159.400,1494.612,0,155.440,0,10.960,2081,1654,1.940,1.860,1.080,1,0,0,0,0,18,296,1,46,0
29-06 20:04:57,17.996,2.499,78.481,0,0,5410856,155664,170176,2259032,15279.344,11838.168,0,107.974,0,7.998,2208,1909,1.940,1.860,1.080,1,0,0,0,0,18,296,1,49,0
29-06 20:04:58,21.002,6.250,71.755,0,0,5341676,224828,170176,2259048,4892.352,1512.109,32.002,236.017,1.000,18.001,2665,2257,1.940,1.860,1.080,1,0,32.002,0,0,18,296,1,49,0
29-06 20:04:59,15.011,2.252,80.811,0,0,5361760,204708,170176,2259084,14531.883,11411.546,0,212.159,0,17.013,2057,1883,1.940,1.860,1.080,0,0,0,0,0,18,297,1,50,0
29-06 20:05:00,11.523,8.266,77.902,1.503,0,5346984,218256,170716,2259772,11120.745,4994.767,1126.202,2192.287,251.492,356.697,4072,4028,1.780,1.830,1.080,0,0,180.353,0,0,18,298,1,45,0
29-06 20:05:01,1.752,3.755,93.116,0.250,0,5335816,229404,170716,2259792,15737.648,3212.010,0,352.440,0,23.029,1830,1917,1.780,1.830,1.080,2,0,58.073,0,0,18,296,1,46,0
29-06 20:05:02,5.494,4.995,87.904,0.250,0,5328776,236356,170716,2259880,10888.092,4470.111,51.943,835.087,2.997,51.943,2733,3039,1.780,1.830,1.080,1,0,92.898,0,0,18,296,1,47,0
29-06 20:05:03,17.756,12.004,68.775,0.500,0,5338576,219424,170716,2266996,5073.816,1586.568,404.145,208.074,27.010,10.004,4393,3900,1.780,1.830,1.080,1,0,195.070,0,0,18,296,1,47,0
29-06 20:05:04,23.423,3.488,72.012,0,0,5343904,209588,170828,2271280,9854.485,2968.206,0,701.685,0,7.974,2547,2245,1.780,1.830,1.080,0,0,18.938,0,0,18,297,1,41,0
29-06 20:05:05,19.808,2.507,76.225,0.251,0,5321036,228636,170912,2274980,12691.402,4825.220,8.024,1905.616,2.006,60.177,2629,2569,1.720,1.820,1.080,1,0,10.030,0,0,18,296,1,41,0
29-06 20:05:06,13.750,13.750,70.498,1.000,0,5325000,221760,170912,2277828,4879.894,1207.974,1247.973,2879.938,21.000,100.998,5216,4955,1.720,1.820,1.080,2,0,293.994,0,0,18,296,1,41,0
29-06 20:05:07,18.947,2.992,76.786,0,0,5382556,164064,170912,2277968,11044.230,7332.571,0,35.900,0,2.992,2006,1579,1.720,1.820,1.080,3,0,0,0,0,18,297,1,41,0
29-06 20:05:08,21.265,5.504,71.799,0.250,0,5360096,186508,170912,2277984,23056.766,19440.293,16.011,2345.604,1.001,131.090,2980,2890,1.720,1.820,1.080,1,0,47.032,0,0,18,296,1,35,0
29-06 20:05:09,20.307,2.507,75.963,0,0,5377164,169412,170912,2278012,7631.441,3974.166,0,336.947,0,36.101,2211,2122,1.720,1.820,1.080,1,0,0,0,0,18,297,1,35,0
29-06 20:05:10,21.691,4.737,72.304,0.249,0,5318764,227380,170912,2278444,11888.804,8342.408,414.876,363.017,25.930,36.900,2962,2810,1.820,1.840,1.090,1,0,13.962,0,0,18,296,1,37,0
29-06 20:05:11,19.741,2.749,76.966,0.250,0,5381480,164660,170912,2278448,6899.987,3937.280,0,139.939,0,11.995,1772,1488,1.820,1.840,1.090,1,0,0,0,0,18,297,1,37,0
29-06 20:05:12,22.311,3.008,72.447,0.501,0,5382096,162420,170912,2280072,9234.073,5933.110,1540.182,1098.984,47.128,127.346,3874,5305,1.820,1.840,1.090,1,0,1.003,0,0,18,297,1,34,0
29-06 20:05:13,23.181,4.487,69.792,0.997,0,5362664,181324,170912,2280600,6105.838,2851.518,478.576,813.580,28.914,85.745,4231,5608,1.820,1.840,1.090,2,0,5.982,0,0,18,296,1,35,0
29-06 20:05:14,20.021,3.003,76.329,0,0,5395428,148548,170912,2280612,10631.031,7414.694,0,392.407,0,28.029,2063,1715,1.820,1.840,1.090,1,0,0,0,0,18,297,1,35,0
29-06 20:05:15,20.226,4.245,74.161,0.999,0,5387572,156168,170912,2280848,10341.567,6562.111,47.942,5637.222,1.998,647.222,5172,7097,1.760,1.820,1.090,1,0,0,0,0,18,296,1,36,0
29-06 20:05:16,11.036,19.313,67.972,0.251,0,5353016,190692,170920,2280872,4996.342,1625.316,0,296.971,0,25.082,6389,5719,1.760,1.820,1.090,2,0,586.920,0,0,18,296,1,34,0
29-06 20:05:17,8.251,22.753,67.509,0,0,5360864,182816,170920,2280900,5287.741,1350.189,0,240.034,0,19.003,6967,6119,1.760,1.820,1.090,1,0,627.088,0,0,18,296,1,34,0
29-06 20:05:18,8.502,23.005,66.765,0,0,5342152,201480,170924,2280944,4969.106,648.144,4.001,3892.867,1.000,206.046,7213,6532,1.760,1.820,1.090,2,0,660.147,0,0,18,296,1,34,0
29-06 20:05:19,8.498,22.495,67.734,0.250,0,5337628,205972,170924,2280976,6778.406,1619.619,0,315.926,0,24.994,6961,6026,1.760,1.820,1.090,1,0,634.851,0,0,18,296,1,34,0
29-06 20:05:20,9.253,21.758,67.275,0,0,5311976,231592,170924,2281008,6000.228,1458.542,0,52.019,0,13.005,6864,5954,1.780,1.830,1.090,1,0,611.227,0,0,18,296,1,28,0
29-06 20:05:21,9.003,22.507,67.521,0,0,5311824,231660,170924,2281092,5161.595,1620.501,0,40.012,0,10.003,6837,5946,1.780,1.830,1.090,1,0,611.189,0,0,18,296,1,28,0
29-06 20:05:22,16.439,10.461,71.736,0.498,0,5314204,335240,171424,2186252,5056.359,1526.373,95.647,936.547,23.912,37.860,3700,3474,1.780,1.830,1.090,1,0,144.467,0,0,18,296,1,28,0
29-06 20:05:23,23.725,3.746,71.676,0,0,5330916,312816,171728,2191664,4461.392,1618.329,47.950,3532.352,3.996,29.969,2578,2398,1.780,1.830,1.090,2,0,17.981,0,0,18,296,1,28,0
29-06 20:05:24,14.515,1.251,81.585,0.751,0,5347308,295204,171836,2192776,21362.370,10455.949,744.780,1669.748,46.048,52.055,2009,2109,1.780,1.830,1.090,1,0,0,0,0,18,297,1,28,0
29-06 20:05:25,13.761,1.501,82.817,1.251,0,5349860,291424,172016,2193824,28542.053,16633.435,544.440,2245.814,66.053,83.067,2222,2517,1.710,1.810,1.090,2,0,0,0,0,18,297,1,28,0
29-06 20:05:26,14.760,1.251,81.306,1.001,0,5367724,271768,172160,2195468,23147.070,13931.672,1380.959,1621.125,73.051,54.038,1909,1744,1.710,1.810,1.090,0,0,0,0,0,18,297,1,28,0
29-06 20:05:27,15.722,1.996,81.104,0.749,0,5382028,255892,172296,2196892,24113.685,13109.452,998.207,1888.608,52.905,73.867,1890,1818,1.710,1.810,1.090,0,1,0,0,0,18,297,1,28,0
29-06 20:05:28,22.010,2.501,73.032,1.251,0,5376920,219616,172924,2237548,4948.166,1686.738,12389.423,1628.713,128.056,68.030,2401,2141,1.710,1.810,1.090,1,0,1.000,0,0,18,297,1,27,0
29-06 20:05:29,23.504,2.751,72.514,0.500,0,5380164,196960,173640,2255724,5160.965,1620.303,0,1260.236,0,31.006,2200,1853,1.710,1.810,1.090,1,0,0,0,0,18,297,1,27,0
29-06 20:05:30,23.021,2.752,72.315,0.751,0,5387984,168748,174200,2275320,5302.767,1459.312,0,1809.627,0,72.065,2354,2138,1.660,1.800,1.090,1,0,0,0,0,18,297,1,27,0
29-06 20:05:31,21.973,2.996,72.911,0.749,0,5389964,150896,175188,2289828,5033.824,1618.015,0,3295.956,0,284.651,2444,2254,1.660,1.800,1.090,1,0,0,0,0,18,297,1,27,0
29-06 20:05:32,23.276,3.754,71.330,0.751,0,5378632,138108,176176,2312708,4900.528,1459.647,0,2598.932,0,103.116,2714,2717,1.660,1.800,1.090,1,0,0,0,0,18,297,1,27,0
29-06 20:05:33,22.722,3.995,71.910,0.250,0,5340704,190636,176456,2297724,5375.310,1861.683,0,1366.299,0,48.939,2608,2226,1.660,1.800,1.090,2,0,19.975,0,0,18,296,1,27,0
29-06 20:05:34,18.805,3.510,76.724,0.251,0,5353932,171740,176548,2303284,12029.194,4694.735,0,8725.528,0,75.220,2204,1871,1.660,1.800,1.090,1,0,18.053,0,0,18,296,1,27,0
29-06 20:05:35,22.943,6.234,68.828,0.249,0,5368496,155372,176580,2305020,5119.235,1508.239,0,774.070,0,30.923,10694,19296,1.680,1.800,1.100,2,0,13.965,0,0,18,296,1,27,0
29-06 20:05:36,22.074,6.020,70.737,0,0,5383140,141084,176588,2304656,5297.778,1625.455,0,88.296,0,1.003,10050,18585,1.680,1.800,1.100,1,0,13.044,0,0,18,296,1,27,0
29-06 20:05:37,21.174,5.480,72.240,0,0,5311800,219812,176636,2297328,5415.532,1452.777,0,1717.825,0,13.950,2375,1800,1.680,1.800,1.100,2,0,15.943,0,0,18,296,1,25,0
29-06 20:05:38,24.249,4.500,69.748,0,0,5312640,218956,176636,2297344,5279.857,1703.954,0,8.000,0,2.000,10859,19649,1.680,1.800,1.100,1,0,48.999,0,0,18,296,1,25,0
29-06 20:05:39,18.526,4.006,76.857,0.250,0,5353920,177656,176636,2297364,12595.511,4413.135,0,8491.806,0,66.092,2346,2086,1.680,1.800,1.100,1,0,33.046,0,0,18,297,1,25,0
29-06 20:05:40,23.026,4.005,71.331,0.501,0,5368392,156756,176636,2303752,5646.394,1633.850,0,913.034,0,24.027,4317,6122,1.710,1.800,1.100,1,0,8.009,0,0,18,296,1,25,0
29-06 20:05:41,22.004,8.001,67.261,0,0,5392276,235928,176640,2202788,5338.893,918.154,0,608.102,0,115.019,14706,28344,1.710,1.800,1.100,2,0,13.002,0,0,18,296,1,25,0
29-06 20:05:42,21.000,6.250,71.749,0,0,5357492,278096,176676,2195396,3702.945,755.989,4.000,1387.979,1.000,45.999,3788,4844,1.710,1.800,1.100,1,0,16.000,0,0,18,296,1,25,0
29-06 20:05:43,23.517,3.753,71.552,0.250,0,5351980,283584,176676,2195424,4609.321,1567.129,0,528.381,0,21.015,2580,2240,1.710,1.800,1.100,1,0,22.016,0,0,18,296,1,25,0
29-06 20:05:44,21.977,6.493,68.928,0,0,5342876,292692,176676,2195420,4914.845,1618.303,0,327.656,0,21.977,11222,19604,1.710,1.800,1.100,1,0,99.895,0,0,18,296,1,25,0
29-06 20:05:45,19.700,4.239,75.310,0,0,5372740,262812,176676,2195436,8832.678,2950.543,0,191.516,0,7.980,2227,1763,1.570,1.770,1.090,0,0,34.912,0,0,18,297,1,25,0
29-06 20:05:46,21.252,4.500,73.257,0.250,0,5384624,244792,176676,2201560,7796.705,3397.307,0,1280.116,0,33.003,2804,12355,1.570,1.770,1.090,1,0,38.003,0,0,18,296,1,26,0
29-06 20:05:47,22.778,6.007,69.586,0,0,5426260,201980,176676,2202716,4614.710,1555.925,0,344.426,0,3.004,9042,17646,1.570,1.770,1.090,1,0,16.020,0,0,18,296,1,26,0
29-06 20:05:48,21.487,7.246,68.458,0.250,0,5426116,201980,176688,2202848,4843.045,1565.045,0,3206.044,0,139.915,10237,18728,1.570,1.770,1.090,1,0,13.991,0,0,18,296,1,26,0
29-06 20:05:49,21.278,5.257,72.597,0.250,0,5375800,259704,176704,2195444,3899.213,1135.518,0,464.621,0,18.024,2255,1716,1.570,1.770,1.090,3,0,12.016,0,0,18,296,1,20,0
29-06 20:05:50,23.797,4.759,71.391,0.250,0,5371568,260836,176704,2198540,4332.579,1406.786,637.262,617.222,13.026,8.016,2342,2021,1.610,1.780,1.100,1,0,6.012,0,0,18,297,1,20,0
29-06 20:05:51,24.471,5.493,66.170,1.748,0,5367488,264024,176704,2199428,4494.585,1618.051,559.326,4722.311,33.959,357.569,7787,11729,1.610,1.780,1.100,3,0,0,0,0,18,299,1,25,0
29-06 20:05:52,14.217,15.714,67.594,0.748,0,5297796,333100,176704,2200052,4598.404,1508.524,478.896,4880.753,22.947,561.706,7085,7526,1.610,1.780,1.100,2,0,363.163,0,0,18,298,1,25,0
29-06 20:05:53,13.022,8.515,70.371,7.262,0,5306296,301796,176712,2222832,4684.044,1568.694,22867.272,480.826,1453.496,14.024,4726,5482,1.610,1.780,1.100,1,0,86.148,0,0,18,298,1,22,0
29-06 20:05:54,9.475,4.488,76.549,8.228,0,5294276,293116,176720,2243512,5429.744,2520.383,20562.013,23845.392,2049.619,426.879,4728,7064,1.610,1.780,1.100,0,0,8.976,0,0,18,299,1,22,0
29-06 20:05:55,4.508,1.503,93.158,0.250,0,5294704,292864,176720,2243532,23363.730,2615.448,0,496.845,0,25.043,1991,2733,1.480,1.750,1.090,0,0,2.003,0,0,18,299,1,22,0
29-06 20:05:56,3.505,1.002,94.142,0.250,0,5295436,291604,176720,2244060,245455.100,8098.178,152.229,937.410,5.008,134.202,1671,1616,1.480,1.750,1.090,0,0,4.006,0,0,18,299,1,22,0
29-06 20:05:57,3.739,4.486,90.224,0,0,5277324,308592,176748,2245160,690903.346,12744.991,578.230,494.487,23.927,7.976,2364,2075,1.480,1.750,1.090,0,0,32.899,0,0,18,298,1,22,0
29-06 20:05:58,1.250,0.500,96.755,0,0,5277320,308592,176748,2245164,5520.259,1620.076,0,596.028,0,26.001,1055,1543,1.480,1.750,1.090,0,0,0,0,0,18,298,1,22,0
29-06 20:05:59,0.750,1.500,96.496,0.250,0,5277572,308340,176748,2245164,5399.766,1661.928,0,23794.967,0,125.995,1181,1542,1.480,1.750,1.090,0,0,0,0,0,18,298,1,22,0
29-06 20:06:00,17.519,5.756,76.081,0,0,5337512,248396,176748,2245168,5285.610,1621.721,512.544,0,4.004,0,2262,1751,1.440,1.740,1.090,1,0,8.009,0,0,18,298,1,22,0
29-06 20:06:01,14.486,4.745,79.922,0,0,5343408,242492,176748,2245176,5394.713,1618.414,511.499,151.851,3.996,17.982,2047,1763,1.440,1.740,1.090,0,0,3.996,0,0,18,298,1,17,0
29-06 20:06:02,2.001,1.001,95.570,0.250,0,5338236,247648,176748,2245192,4940.612,1663.216,0,368.269,0,46.034,1443,2119,1.440,1.740,1.090,0,0,0,0,0,18,298,1,17,0
29-06 20:06:03,0.750,0.250,97.028,0,0,5331288,254596,176748,2245192,5073.490,1586.466,0,0,0,0,901,1269,1.440,1.740,1.090,0,0,1.000,0,0,18,298,1,17,0
29-06 20:06:04,1.502,4.756,93.369,0.250,0,5325076,260796,176752,2245200,5212.640,1642.092,0,69596.661,0,379.483,2327,2251,1.440,1.740,1.090,0,0,0,0,0,18,298,1,17,0
29-06 20:06:05,1.250,0.500,96.482,0,0,5320060,265744,176752,2245268,5768.922,1693.684,0,1203.775,0,15.997,1090,1519,1.320,1.710,1.090,0,0,0,0,0,18,298,1,15,0
29-06 20:06:06,0.750,0.750,97.449,0,0,5314444,271356,176752,2245272,5327.189,1423.249,0,0,0,0,876,1252,1.320,1.710,1.090,0,0,0,0,0,18,298,1,15,0
29-06 20:06:07,0.998,0.749,97.583,0,0,5309476,276324,176752,2245272,4720.936,1313.756,0,0,0,0,843,1261,1.320,1.710,1.090,0,0,0,0,0,18,298,1,15,0
29-06 20:06:08,1.000,0.500,97.770,0,0,5304904,280896,176752,2245272,5027.005,1640.328,0,8.002,0,2.000,873,1245,1.320,1.710,1.090,0,0,0,0,0,18,298,1,15,0
29-06 20:06:09,1.500,0.500,96.529,0.250,0,5301868,283924,176752,2245280,5221.548,1620.480,0,284.084,0,24.007,1098,1616,1.320,1.710,1.090,0,0,0,0,0,18,298,1,13,0
29-06 20:06:10,1.751,0.751,96.077,0,0,5299232,286560,176752,2245280,5128.118,1627.307,0,128.103,0,15.012,1298,1852,1.220,1.680,1.080,0,0,0,0,0,18,298,1,13,0
29-06 20:06:11,1.498,0.749,96.885,0,0,5296868,288924,176752,2245280,5093.965,1618.083,0,0,0,0,862,1217,1.220,1.680,1.080,0,0,0,0,0,18,298,1,13,0
29-06 20:06:12,1.753,1.002,95.941,0.501,0,5296848,288924,176752,2245300,4606.174,1460.910,16.032,705.405,1.002,67.134,1430,2203,1.220,1.680,1.080,0,0,0,0,0,18,298,1,13,0
29-06 20:06:13,1.250,0.250,97.251,0.250,0,5295588,290184,176752,2245300,4440.040,1620.015,0,1268.011,0,260.002,1127,1336,1.220,1.680,1.080,0,0,1.000,0,0,18,298,1,13,0
29-06 20:06:14,1.998,0.749,95.653,0,0,5294628,291144,176752,2245300,4767.185,1584.400,0,259.738,0,23.976,1183,1708,1.220,1.680,1.080,0,0,0,0,0,18,298,1,10,0
29-06 20:06:15,2.000,0.750,96.252,0,0,5294624,291144,176752,2245304,4938.103,1458.030,0,96.002,0,12.000,1084,1602,1.120,1.650,1.070,0,0,0,0,0,18,298,1,10,0
29-06 20:06:16,2.753,0.500,96.345,0,0,5294876,290892,176752,2245304,4192.136,648.640,0,84.083,0,12.012,1141,1670,1.120,1.650,1.070,0,0,1.001,0,0,18,298,1,10,0
29-06 20:06:17,5.754,12.008,80.554,0.250,0,5295812,289748,176752,2245512,5438.663,1458.983,180.121,316.213,9.006,23.016,4565,4409,1.120,1.650,1.070,2,0,402.271,0,0,18,298,1,10,0
29-06 20:06:18,7.747,20.242,70.970,0,0,5294796,290728,176752,2245548,6177.422,1619.324,0,0,0,0,6488,5596,1.120,1.650,1.070,1,0,499.791,0,0,18,298,1,9,0
29-06 20:06:19,8.263,20.283,70.114,0,0.250,5283380,302116,176752,2245576,7452.142,1622.644,0,60.098,0,6.010,6828,6002,1.120,1.650,1.070,2,0,586.956,0,0,18,298,1,9,0
29-06 20:06:20,8.502,20.256,69.270,0.250,0,5295040,290412,176764,2245608,6882.022,1620.476,116.034,244.072,24.007,8.002,7473,7222,1.110,1.640,1.070,1,0,707.208,0,0,18,298,1,9,0
29-06 20:06:21,16.467,2.994,79.839,0,0,5319820,265432,176772,2245800,8146.530,2423.101,47.903,0,6.986,0,2566,2247,1.110,1.640,1.070,0,0,26.946,0,0,18,299,1,9,0
29-06 20:06:22,2.001,1.251,94.544,0.500,0,5319348,265432,176772,2246272,471292.785,14306.733,16.008,648.305,1.000,51.024,2084,2635,1.110,1.640,1.070,0,0,0,0,0,18,299,1,9,0
29-06 20:06:23,2.253,2.003,92.878,0.250,0,5317820,265432,176772,2247800,1644242.482,42039.745,0,2483.411,0,130.179,3390,2933,1.110,1.640,1.070,0,0,1.001,0,0,18,299,1,9,0
29-06 20:06:24,1.993,1.495,95.182,0.498,0,5317540,265432,176772,2248080,297677.816,10105.284,0,3950.818,0,100.664,1644,2281,1.110,1.640,1.070,0,0,0,0,0,18,299,1,9,0
29-06 20:06:25,2.754,1.752,92.622,0.250,0.250,5316476,265432,176780,2249136,1127409.404,26337.771,4.005,6344.376,1.001,122.161,2900,2854,1.020,1.610,1.070,0,0,0,0,0,18,299,1,9,0
29-06 20:06:26,1.752,1.001,96.835,0,0,5316104,265432,176788,2249500,367681.751,8598.548,4.004,356.313,1.001,8.007,1285,1439,1.020,1.610,1.070,1,0,0,0,0,18,299,1,9,0
29-06 20:06:27,1.248,0.749,96.364,0,0,5314268,266816,176788,2249952,514336.206,11144.252,0,798.871,0,21.969,1519,1583,1.020,1.610,1.070,0,0,0,0,0,18,299,1,9,0
29-06 20:06:28,11.769,7.262,78.125,1.252,0,5360852,198244,177468,2271288,202735.232,5192.304,3181.087,20917.453,61.098,392.628,4347,5158,1.020,1.610,1.070,2,0,59.095,0,0,18,298,1,10,0
29-06 20:06:29,10.743,13.491,69.203,3.747,0,5363212,186928,178224,2279336,5680.111,1457.003,3.997,18235.516,0.999,2047.598,9137,12228,1.020,1.610,1.070,1,0,141.903,0,0,18,298,1,10,0
29-06 20:06:30,21.999,7.750,67.747,1.000,0,5364680,184408,178284,2280296,4945.746,1619.917,0,3395.826,0,114.994,3605,2946,1.020,1.600,1.070,1,0,37.998,0,0,18,298,1,10,0
29-06 20:06:31,24.019,8.006,67.052,0.500,0,5357992,190232,178348,2281080,4291.325,1026.796,0,1297.005,0,75.058,3374,2625,1.020,1.600,1.070,1,0,33.026,0,0,18,298,1,10,0
29-06 20:06:32,23.195,7.233,67.090,0.748,0,5358760,186776,178544,2283524,4777.592,1508.398,31.924,2043.122,0.998,115.724,3865,3901,1.020,1.600,1.070,1,0,24.940,0,0,18,298,1,10,0
29-06 20:06:33,22.018,5.504,70.557,0.250,0,5353932,188344,178644,2286620,4926.005,1621.318,76.062,676.550,17.014,29.024,3592,3924,1.020,1.600,1.070,1,0,17.014,0,0,18,298,1,10,0
29-06 20:06:34,16.502,10.502,70.510,1.500,0,5400476,152336,178548,2276460,5312.788,1512.224,2496.370,5532.821,106.016,108.016,3918,4290,1.020,1.600,1.070,1,0,43.006,0,0,18,298,1,10,0
29-06 20:06:35,16.007,10.755,71.781,0.250,0,5401756,147704,178692,2276752,5172.263,1620.709,444.194,2705.184,22.010,12.005,2942,2177,1.020,1.590,1.070,1,0,49.021,0,0,18,298,1,10,0
29-06 20:06:36,23.513,2.501,72.789,0.250,0,5393460,159100,178724,2273636,5174.767,1566.838,2221.188,4.002,55.029,1.001,2346,1699,1.020,1.590,1.070,1,0,13.007,0,0,18,298,1,10,0
29-06 20:06:37,2.247,1.248,95.625,0,0,5331968,272224,178724,2223340,5256.152,1617.892,15.979,0,0.999,0,1164,1427,1.020,1.590,1.070,0,0,4.993,0,0,18,298,1,10,0
29-06 20:06:38,0.999,0.749,97.153,0,0,5316068,288124,178724,2223340,5360.654,1618.386,0,3.996,0,0.999,922,1294,1.020,1.590,1.070,1,0,0,0,0,18,298,1,10,0
29-06 20:06:39,1.000,0.750,96.986,0,0,5309148,295044,178724,2223340,6479.092,1693.763,0,215.970,0,13.998,1136,1628,1.020,1.590,1.070,0,0,0,0,0,18,298,1,10,0
29-06 20:06:40,2.249,0.750,96.221,0,0,5302896,301296,178724,2223340,7303.777,1565.524,0,87.973,0,11.996,1287,1849,0.930,1.560,1.060,0,0,0,0,0,18,298,1,10,0
29-06 20:06:41,0.750,0.250,97.750,0,0,5297428,306764,178724,2223340,7232.013,1512.003,0,0,0,0,862,1199,0.930,1.560,1.060,0,0,0,0,0,18,298,1,10,0
29-06 20:06:42,2.251,1.250,96.029,0.500,0,5293448,310692,178724,2223392,5968.786,1620.485,32.010,924.277,1.000,74.022,1444,2254,0.930,1.560,1.060,0,0,0,0,0,18,298,1,10,0
29-06 20:06:43,0.752,0,97.445,0,0,5290132,314008,178724,2223392,4841.696,1515.034,0,0,0,0,960,1302,0.930,1.560,1.060,1,0,1.002,0,0,18,298,1,10,0
29-06 20:06:44,1.247,0.748,97.283,0,0,5287228,316912,178724,2223392,5074.691,1562.518,0,3.991,0,0.998,868,1228,0.930,1.560,1.060,0,0,0,0,0,18,298,1,10,0
29-06 20:06:45,1.001,0.250,97.334,0,0,5284436,319704,178724,2223392,4868.184,1405.208,0,0,0,0,867,1204,0.860,1.540,1.060,0,0,0,0,0,18,298,1,10,0
29-06 20:06:46,6.995,3.997,87.684,0,0,5281100,323040,178724,2223376,4624.544,1229.082,7.994,0,0.999,0,2463,11349,0.860,1.540,1.060,0,0,35.973,0,0,18,298,1,10,0
29-06 20:06:47,1.500,1.000,96.257,0.250,0.250,5276208,327920,178724,2223404,5223.385,1566.115,0,32.002,0,3.000,1125,1559,0.860,1.540,1.060,0,0,2.000,0,0,18,298,1,10,0
29-06 20:06:48,1.501,0.500,97.559,0,0,5274748,329380,178724,2223404,4714.852,1512.915,0,0,0,0,905,1253,0.860,1.540,1.060,0,0,0,0,0,18,298,1,10,0
29-06 20:06:49,1.249,0.500,96.925,0,0,5273236,330892,178724,2223404,5082.054,1564.785,0,51.960,0,5.995,900,1257,0.860,1.540,1.060,0,0,0,0,0,18,298,1,10,0
29-06 20:06:50,1.250,1.000,96.261,0,0,5271452,332516,178724,2223564,4712.522,1512.168,160.018,52.006,7.001,7.001,1040,1371,0.790,1.510,1.050,1,0,3.000,0,0,18,298,1,10,0
29-06 20:06:51,1.750,1.250,96.478,0,0,5271388,332596,178724,2223564,4281.038,1241.721,0,0,0,0,970,1276,0.790,1.510,1.050,0,0,2.999,0,0,18,298,1,10,0
29-06 20:06:52,2.000,0.750,94.744,0.250,0,5271624,332344,178724,2223580,4424.733,1457.912,0,675.959,0,58.996,1449,2198,0.790,1.510,1.050,0,0,0,0,0,18,298,1,10,0
29-06 20:06:53,1.000,0.750,96.966,0,0,5271744,332096,178724,2223708,5038.240,1619.434,0,0,0,0,967,1315,0.790,1.510,1.050,0,0,1.000,0,0,18,298,1,10,0
29-06 20:06:54,1.501,0.750,96.799,0,0,5271740,332096,178724,2223712,5402.717,1620.815,0,284.143,0,23.012,1160,1653,0.790,1.510,1.050,0,0,0,0,0,18,298,1,3,0
29-06 20:06:55,2.250,1.000,95.235,0.500,0,5271740,332096,178724,2223712,5131.195,1511.763,0,151.976,0,15.997,1454,2048,0.730,1.490,1.040,0,0,0,0,0,18,298,1,3,0
29-06 20:06:56,3.251,1.500,94.274,0,0,5274716,329096,178724,2223736,5507.422,1608.415,0,2424.626,0,179.046,1448,1872,0.730,1.490,1.040,1,0,3.001,0,0,18,298,1,3,0
29-06 20:06:57,3.752,1.001,94.298,0,0,5274732,329096,178724,2223736,5419.766,1620.827,0,232.118,0,12.006,1432,1765,0.730,1.490,1.040,0,0,2.001,0,0,18,298,1,5,0
29-06 20:06:58,2.247,0.250,95.876,0,0,5274944,328872,178724,2223748,5393.048,1617.914,0,115.851,0,11.985,1284,1810,0.730,1.490,1.040,1,0,0.999,0,0,18,298,1,5,0
29-06 20:06:59,1.001,0.500,97.320,0,0,5274944,328872,178724,2223748,5343.849,1621.168,0,0,0,0,855,1235,0.730,1.490,1.040,0,0,0,0,0,18,298,1,4,0
29-06 20:07:00,15.792,7.771,75.700,0.251,0,5327188,276248,178724,2224128,5131.547,1461.859,890.351,1459.854,21.056,236.625,2354,1881,0.910,1.510,1.050,4,0,7.019,0,0,18,298,1,4,0
29-06 20:07:01,15.699,5.233,77.750,0,0,5349744,253684,178724,2224136,5741.527,1614.805,510.358,1279.882,3.987,15.949,2136,1625,0.910,1.510,1.050,0,0,4.984,0,0,18,298,1,4,0
29-06 20:07:02,2.506,0.501,95.727,0.251,0,5332940,270488,178724,2224136,5147.183,1461.459,0,356.845,0,24.057,1313,1864,0.910,1.510,1.050,0,0,0,0,0,18,298,1,4,0
29-06 20:07:03,0.749,0.499,96.822,0,0,5324464,278960,178724,2224140,4910.971,1690.891,0,43.919,0,4.991,958,1337,0.910,1.510,1.050,0,0,0.998,0,0,18,298,1,4,0
29-06 20:07:04,1.502,1.001,97.110,0,0,5316748,286676,178724,2224140,5243.931,1533.735,0,44.050,0,6.007,946,1310,0.910,1.510,1.050,0,0,0,0,0,18,298,1,4,0
29-06 20:07:05,1.999,0.500,96.196,0,0,5304192,299228,178724,2224144,5336.987,1693.044,0,387.781,0,64.963,1042,1381,0.840,1.490,1.050,0,0,0,0,0,18,298,1,4,0
29-06 20:07:06,1.251,1.251,96.337,0,0,5300124,303292,178728,2224144,4780.334,1371.243,0,55182.027,0,93.084,1079,1399,0.840,1.490,1.050,0,0,0,0,0,18,298,1,4,0
29-06 20:07:07,12.975,4.491,79.099,2.495,0,5317424,283176,179220,2226468,12061.908,9122.535,2658.910,946.189,528.987,5.989,2737,3137,0.840,1.490,1.050,0,0,4.990,0,0,18,299,1,4,0
29-06 20:07:08,14.981,3.246,79.648,0,0,5316076,284480,179220,2226512,14884.028,10859.158,31.959,263.664,1.997,22.971,2563,2595,0.840,1.490,1.050,1,0,4.994,0,0,18,300,1,6,0
29-06 20:07:09,14.776,3.256,79.641,0.250,0,5314464,285740,179220,2226864,14747.028,11761.759,112.198,308.545,6.011,36.064,2697,2962,0.840,1.490,1.050,0,0,5.009,0,0,18,299,1,8,0
29-06 20:07:10,15.244,3.749,80.719,0.500,0,5329696,270488,179220,2226884,15265.113,12227.285,0,275.894,0,29.988,2810,3021,0.850,1.480,1.050,0,0,4.998,0,0,18,299,1,9,0
29-06 20:07:11,13.257,3.002,81.543,0,0,5321572,278444,179220,2227052,15084.001,12162.452,16.008,284.151,1.001,26.014,2608,2797,0.850,1.480,1.050,0,0,5.003,0,0,18,299,1,10,0
29-06 20:07:12,13.770,3.004,82.371,0.250,0,5320436,279432,179220,2227200,14980.052,12245.025,0,312.460,0,32.047,2555,2756,0.850,1.480,1.050,0,0,5.007,0,0,18,299,1,11,0
29-06 20:07:13,43.725,8.245,47.722,0.250,0,5063848,536004,179220,2227216,6454.266,2509.548,7.995,251.854,0.999,21.987,3576,2284,0.850,1.480,1.050,1,0,19.988,0,0,18,282,1,16,0
29-06 20:07:14,54.027,13.257,31.516,0,0,5146376,453552,179220,2227248,4562.286,1694.849,52.026,172.086,9.005,14.007,3661,1992,0.850,1.480,1.050,5,0,5.003,0,0,18,280,1,16,0
29-06 20:07:15,86.741,13.538,0.251,0.251,0,5138156,461272,179232,2227832,5086.111,1516.207,381.057,3730.350,26.072,483.341,5079,2373,1.180,1.540,1.070,4,0,6.017,0,0,18,276,1,16,0
29-06 20:07:16,70.965,10.956,16.683,0,0,5228956,369856,179232,2228448,4826.639,1559.743,31.872,0,0.996,0,4617,4610,1.180,1.540,1.070,3,0,0.996,0,0,18,276,1,20,0
29-06 20:07:17,48.651,11.285,39.372,0.251,0,5296256,301340,179236,2229660,5975.544,1625.043,268.834,300.934,27.084,19.059,6387,8214,1.180,1.540,1.070,4,0,2.006,0,0,18,274,1,23,0
29-06 20:07:18,61.540,13.952,23.918,0.249,0,5301812,295692,179236,2229836,6117.090,1453.033,781.329,2128.723,7.973,132.547,5181,4446,1.180,1.540,1.070,4,0,16.942,0,0,18,270,1,23,0
29-06 20:07:19,49.272,9.004,40.518,0.500,0,5294220,301780,179236,2231368,6184.729,1620.715,784.346,304.134,25.011,32.014,6818,9002,1.180,1.540,1.070,1,0,4.002,0,0,18,269,1,26,0
29-06 20:07:20,19.745,5.999,72.982,0.500,0,5337868,256660,179252,2232820,44898.990,16504.953,367.910,519.873,45.989,42.989,4653,6762,1.250,1.540,1.070,3,0,2.000,0,0,18,273,1,31,0
29-06 20:07:21,9.491,2.997,85.420,0.250,0,5356688,237760,179252,2232900,28373.451,6786.650,0,327.693,0,39.963,3142,4541,1.250,1.540,1.070,0,0,0,0,0,18,281,1,31,0
29-06 20:07:22,2.251,1.001,95.807,0,0,5356684,237760,179252,2232904,4259.517,1080.638,0,512.303,0,34.020,1357,1946,1.250,1.540,1.070,0,0,0,0,0,18,281,1,31,0
29-06 20:07:23,1.001,0.751,97.337,0,0,5356932,237512,179252,2232904,4221.793,1533.378,0,540.486,0,11.010,965,1356,1.250,1.540,1.070,0,0,1.001,0,0,18,281,1,31,0
29-06 20:07:24,1.499,0.500,96.670,0.250,0,5356928,237512,179252,2232908,4736.072,1618.657,0,779.354,0,60.949,1179,1850,1.250,1.540,1.070,0,0,0,0,0,18,281,1,31,0
29-06 20:07:25,1.251,0.750,96.294,0.250,0,5356052,238384,179252,2232912,4880.253,1458.673,0,84.039,0,12.006,1102,1615,1.230,1.530,1.070,0,0,0,0,0,18,281,1,31,0
29-06 20:07:26,1.249,0.250,97.410,0,0,5353932,240504,179252,2232912,5035.344,1618.504,0,1322.777,0,4.995,926,1341,1.230,1.530,1.070,0,0,0,0,0,18,281,1,31,0
29-06 20:07:27,1.501,1.001,97.061,0,0,5351864,242572,179252,2232912,4972.112,1512.947,0,248.155,0,18.011,1061,1553,1.230,1.530,1.070,0,0,0,0,0,18,281,1,31,0
29-06 20:07:28,0.500,0.500,97.252,0,0,5350056,244380,179252,2232912,4856.090,1566.029,0,88.002,0,10.000,934,1360,1.230,1.530,1.070,1,0,0,0,0,18,281,1,31,0
29-06 20:07:29,1.500,0.500,97.233,0,0.250,5348504,245932,179252,2232912,5339.047,1619.711,0,0,0,0,934,1270,1.230,1.530,1.070,1,0,0,0,0,18,281,1,31,0
29-06 20:07:30,1.751,0.750,96.781,0.250,0,5347112,247308,179252,2232928,5041.625,1620.522,16.005,428.138,1.000,33.011,1152,1761,1.210,1.530,1.070,0,0,0,0,0,18,281,1,31,0
29-06 20:07:31,2.000,0.750,95.509,0.750,0,5344732,249688,179252,2232928,4740.468,1620.160,0,10829.069,0,1264.125,1805,2127,1.210,1.530,1.070,0,0,0,0,0,18,281,1,30,0
29-06 20:07:32,1.500,0.750,96.469,0.250,0,5343144,251268,179252,2232936,5281.312,1565.499,0,219.930,0,23.992,1227,1824,1.210,1.530,1.070,0,0,0,0,0,18,281,1,30,0
29-06 20:07:33,1.001,0.500,97.570,0,0,5341160,253248,179252,2232940,5403.898,1621.169,0,0,0,0,957,1358,1.210,1.530,1.070,0,0,1.001,0,0,18,281,1,30,0
29-06 20:07:34,1.499,0.750,96.964,0,0,5340764,253640,179252,2232944,5595.909,1457.455,0,359.866,0,25.990,1048,1466,1.210,1.530,1.070,0,0,0,0,0,18,281,1,30,0
29-06 20:07:35,0.750,0.250,97.242,0,0,5340284,254116,179252,2232948,4685.619,1335.892,0,47.996,0,6.000,925,1317,1.190,1.520,1.070,0,0,0,0,0,18,281,1,30,0
29-06 20:07:36,1.000,0.750,97.493,0,0,5340536,253864,179252,2232948,5231.648,1751.882,0,0,0,0,869,1272,1.190,1.520,1.070,0,0,0,0,0,18,281,1,30,0
29-06 20:07:37,0.750,0.500,97.544,0,0,5340160,254240,179252,2232948,5137.304,1458.654,0,0,0,0,885,1250,1.190,1.520,1.070,0,0,0,0,0,18,281,1,30,0
29-06 20:07:38,0.999,0.250,97.433,0,0,5338948,255452,179252,2232948,5096.483,1618.883,0,3.997,0,0.999,889,1246,1.190,1.520,1.070,0,0,0,0,0,18,281,1,30,0
29-06 20:07:39,2.000,1.250,95.997,0.250,0,5338288,256112,179252,2232948,6017.781,1531.944,0,255.991,0,22.999,1292,1738,1.190,1.520,1.070,0,0,0,0,0,18,281,1,30,0
29-06 20:07:40,1.757,0.753,96.147,0,0,5338288,256112,179252,2232948,6145.368,1626.715,0,84.348,0,12.050,1218,1741,1.180,1.510,1.070,0,0,0,0,0,18,281,1,30,0
29-06 20:07:41,1.497,0.499,96.283,0,0,5338284,256112,179252,2232952,6317.751,1508.598,0,151.658,0,23.946,1359,2013,1.180,1.510,1.070,0,0,0,0,0,18,281,1,30,0
29-06 20:07:42,2.994,0.998,95.549,0.249,0,5338280,256112,179252,2232956,4912.649,1562.707,0,255.462,0,25.945,1294,1809,1.180,1.510,1.070,3,0,0,0,0,18,281,1,30,0
29-06 20:07:43,1.004,0.502,97.359,0,0,5338272,256112,179252,2232964,5420.013,1626.004,0,108.400,0,8.030,962,1348,1.180,1.510,1.070,1,0,1.004,0,0,18,281,1,30,0
29-06 20:07:44,1.744,0.498,95.907,0.249,0,5338272,256112,179252,2232964,5039.994,1452.810,0,215.231,0,21.922,1231,1693,1.180,1.510,1.070,0,0,0.996,0,0,18,281,1,30,0
29-06 20:07:45,0.753,0.502,97.849,0,0,5338272,256112,179252,2232964,5369.136,1625.795,0,104.372,0,8.029,840,1235,1.160,1.500,1.070,0,0,0,0,0,18,281,1,30,0
29-06 20:07:46,1.745,1.995,95.493,0.249,0,5347332,247052,179252,2232964,5537.072,1507.935,0,351.054,0,25.930,1142,1449,1.160,1.500,1.070,2,0,13.962,0,0,18,281,1,30,0
29-06 20:07:47,4.756,2.253,91.115,0,0,5333900,260480,179252,2232968,5469.896,1567.977,0,0,0,0,1898,6218,1.160,1.500,1.070,0,0,24.030,0,0,18,281,1,31,0
29-06 20:07:48,34.513,7.503,57.272,0,0,4991436,602120,179392,2233776,5338.031,1858.707,808.308,4.002,79.030,1.000,3850,2987,1.160,1.500,1.070,1,0,79.030,0,0,18,277,1,32,0
29-06 20:07:49,22.453,3.992,71.850,0,0,5058428,535072,179392,2233832,5149.252,2115.584,55.883,103.783,0.998,5.988,2158,1747,1.160,1.500,1.070,1,0,0,0,0,18,277,1,32,0
29-06 20:07:50,22.550,5.763,70.658,0.501,0,5120016,472448,179392,2234888,5357.997,1731.878,144.323,72.162,13.029,7.016,3008,4303,1.150,1.490,1.070,1,0,10.022,0,0,18,279,1,33,0
29-06 20:07:51,23.757,6.252,68.520,0.500,0,5228824,363628,179392,2234900,4999.481,1818.539,0,600.178,0,56.017,3249,3178,1.150,1.490,1.070,2,0,19.006,0,0,18,281,1,34,0
29-06 20:07:52,24.737,2.749,71.713,0,0,5256240,336204,179392,2234908,4966.461,1553.206,0,4877.506,0,629.678,2275,1898,1.150,1.490,1.070,3,0,0,0,0,18,281,1,34,0
29-06 20:07:53,5.738,1.497,91.309,0,0,5264836,327420,179392,2235096,4596.383,1702.438,0,19.958,0,3.992,1271,1491,1.150,1.490,1.070,1,0,2.994,0,0,18,281,1,34,0
29-06 20:07:54,3.001,0.500,94.523,0,0,5262316,329936,179392,2235100,5193.246,1512.363,0,628.151,0,53.013,1497,2119,1.150,1.490,1.070,0,0,1.000,0,0,18,281,1,34,0
29-06 20:07:55,3.500,1.750,93.247,0.250,0,5260476,331756,179392,2235120,4905.836,1565.948,0,91.997,0,14.000,1663,2203,1.060,1.470,1.070,0,0,3.000,0,0,18,281,1,34,0
29-06 20:07:56,4.251,1.250,93.264,0,0,5258208,334012,179392,2235132,5220.757,1620.235,0,696.101,0,16.002,1681,2150,1.060,1.470,1.070,0,0,2.000,0,0,18,281,1,34,0
29-06 20:07:57,1.749,0.750,96.962,0,0,5255980,336236,179392,2235136,4869.104,1133.559,0,3.998,0,1.000,1052,1418,1.060,1.470,1.070,0,0,0,0,0,18,281,1,34,0
29-06 20:07:58,1.000,0.500,96.969,0,0,5252420,339796,179392,2235136,5044.412,1535.517,0,0,0,0,936,1327,1.060,1.470,1.070,0,0,0,0,0,18,281,1,34,0
29-06 20:07:59,1.250,0.500,97.275,0,0,5249328,342888,179392,2235136,5023.270,1512.382,0,320.081,0,22.006,929,1345,1.060,1.470,1.070,0,0,0,0,0,18,281,1,34,0
29-06 20:08:00,1.000,0.500,97.719,0,0,5245104,347112,179392,2235136,4904.443,1565.503,0,15.995,0,1.000,899,1304,0.970,1.440,1.060,1,0,0,0,0,18,281,1,32,0
29-06 20:08:01,2.501,0.500,95.021,0.500,0,5243180,349032,179392,2235140,4915.084,1274.281,0,380.084,0,47.010,1502,2156,0.970,1.440,1.060,0,0,0,0,0,18,281,1,32,0
29-06 20:08:02,1.750,0.750,95.493,1.000,0,5241024,351180,179392,2235148,5194.624,1457.895,0,2927.788,0,223.984,1440,2336,0.970,1.440,1.060,1,0,0,0,0,18,281,1,32,0
29-06 20:08:03,1.251,0.751,97.066,0,0,5239900,352304,179392,2235148,5149.485,1683.139,0,36.024,0,4.003,977,1328,0.970,1.440,1.060,0,0,1.001,0,0,18,281,1,32,0
29-06 20:08:04,1.749,0.750,97.192,0,0,5239456,352740,179392,2235156,5248.872,1585.055,0,63.962,0,5.996,977,1327,0.970,1.440,1.060,0,0,0,0,0,18,281,1,32,0
29-06 20:08:05,1.250,0.250,97.019,0,0,5239348,352848,179392,2235156,5461.078,1694.334,0,48.009,0,6.001,910,1282,0.890,1.420,1.050,0,0,0,0,0,18,281,1,32,0
29-06 20:08:06,1.250,0.750,96.995,0,0,5239600,352596,179392,2235156,5771.678,1825.898,0,51.997,0,6.000,1054,1377,0.890,1.420,1.050,0,0,0,0,0,18,281,1,32,0
29-06 20:08:07,0.750,0.500,97.702,0,0,5239652,352544,179392,2235156,5666.192,1825.096,0,0,0,0,910,1244,0.890,1.420,1.050,0,0,0,0,0,18,281,1,32,0
29-06 20:08:08,0.997,0.748,97.183,0,0,5239540,352656,179392,2235156,5322.623,1778.195,0,7.974,0,1.993,879,1229,0.890,1.420,1.050,0,0,0,0,0,18,281,1,30,0
29-06 20:08:09,1.758,0.502,96.664,0.251,0,5239536,352656,179392,2235160,5061.685,1697.271,0,269.153,0,23.099,1239,1812,0.890,1.420,1.050,1,0,0,0,0,18,281,1,30,0
29-06 20:08:10,1.249,0.500,96.947,0,0,5239532,352656,179392,2235164,4861.334,1787.020,0,83.954,0,11.993,1182,1786,0.820,1.390,1.050,0,0,0,0,0,18,281,1,30,0
29-06 20:08:11,1.751,1.001,96.051,0,0,5239532,352656,179392,2235164,4340.290,1500.792,0,152.080,0,24.013,1465,2164,0.820,1.390,1.050,0,0,0,0,0,18,281,1,30,0
29-06 20:08:12,1.751,0.750,96.032,0.250,0,5239528,352656,179392,2235168,4818.614,1620.543,0,224.075,0,25.008,1264,1839,0.820,1.390,1.050,0,0,0,0,0,18,281,1,25,0
29-06 20:08:13,1.499,0.749,97.157,0,0,5239528,352656,179392,2235168,4273.904,1456.604,0,1382.675,0,241.768,1285,1696,0.820,1.390,1.050,0,0,0.999,0,0,18,281,1,25,0
29-06 20:08:14,1.250,0.250,96.767,0.250,0,5239520,352656,179392,2235176,4980.867,1694.295,0,356.062,0,26.005,987,1366,0.820,1.390,1.050,0,0,0,0,0,18,281,1,25,0
29-06 20:08:15,1.000,0.750,97.717,0,0,5239520,352656,179392,2235176,4276.538,1457.502,0,0,0,0,823,1203,0.760,1.370,1.040,0,0,0,0,0,18,281,1,25,0
29-06 20:08:16,2.003,0.751,96.131,0,0,5239772,352404,179392,2235176,5347.305,1622.216,0,88.120,0,12.016,1299,1821,0.760,1.370,1.040,1,0,1.001,0,0,18,281,1,16,0
29-06 20:08:17,6.993,1.498,89.407,0.499,0,5239500,352536,179392,2235316,5341.427,1348.593,115.879,439.541,9.990,43.954,2380,3458,0.760,1.370,1.040,0,0,0,0,0,18,281,1,16,0
29-06 20:08:18,1.253,1.754,95.993,0,0,5240312,351720,179392,2235320,5916.959,1475.731,0,16.041,0,3.008,1224,1550,0.760,1.370,1.040,1,0,26.066,0,0,18,281,1,16,0
29-06 20:08:19,15.227,12.232,71.393,0,0,5275988,316020,179392,2235344,6875.685,1563.654,3.994,0,0.999,0,4696,4046,0.760,1.370,1.040,1,0,284.573,0,0,18,281,1,16,0
29-06 20:08:20,18.000,3.500,77.249,0,0,5324100,267900,179392,2235352,11543.806,7224.879,0,375.994,0,22.000,2025,1730,0.780,1.360,1.040,1,0,0,0,0,18,282,1,16,0
29-06 20:08:21,21.980,3.747,72.932,0.500,0,5326024,265408,179392,2235920,9340.309,5673.721,335.688,699.349,19.981,91.914,4704,6091,0.780,1.360,1.040,2,0,0.999,0,0,18,282,1,7,0
29-06 20:08:22,39.732,8.246,50.477,0.750,0,5374560,216804,179396,2235980,7209.732,3020.631,51.976,943.572,3.998,103.953,4464,4812,0.780,1.360,1.040,2,0,25.988,0,0,18,281,1,8,0
29-06 20:08:23,34.008,4.751,61.014,0,0,5420724,170436,179404,2236176,33924.537,30173.704,112.025,2004.445,5.001,348.077,3794,3366,0.780,1.360,1.040,2,0,5.001,0,0,18,285,1,15,0
29-06 20:08:24,9.008,3.503,86.576,0.250,0,5421524,169564,179404,2236248,14701.975,10732.471,64.057,264.233,4.004,22.019,2039,2222,0.780,1.360,1.040,0,0,35.031,0,0,18,281,1,19,0
29-06 20:08:25,1.250,0.500,96.971,0,0,5414372,176712,179404,2236252,5158.477,1661.510,0,179.947,0,19.994,1087,1659,0.710,1.340,1.040,0,0,1.000,0,0,18,281,1,19,0
29-06 20:08:26,1.000,0.500,97.216,0,0,5408108,182976,179404,2236252,5084.206,1649.418,0,127.955,0,7.997,938,1361,0.710,1.340,1.040,0,0,0,0,0,18,281,1,19,0
29-06 20:08:27,1.500,1.250,96.012,0.750,0,5404148,186932,179404,2236256,4997.612,1620.199,0,2704.331,0,158.019,1424,2285,0.710,1.340,1.040,0,0,0,0,0,18,281,1,19,0
29-06 20:08:28,1.000,0.250,97.214,0,0,5396140,194940,179404,2236256,4650.255,1511.433,0,219.917,0,17.993,1054,1563,0.710,1.340,1.040,0,0,0,0,0,18,281,1,19,0
29-06 20:08:29,1.751,1.001,96.817,0,0,5392144,198932,179404,2236260,5209.631,1567.092,0,0,0,0,990,1352,0.710,1.340,1.040,0,0,0,0,0,18,281,1,19,0
29-06 20:08:30,0.999,0.250,97.449,0,0,5383068,208008,179404,2236260,5037.375,1619.156,0,0,0,0,865,1245,0.660,1.320,1.030,0,0,0,0,0,18,281,1,19,0
29-06 20:08:31,1.750,0.750,95.985,0.250,0,5377208,213868,179404,2236260,4831.247,1511.764,0,163.974,0,25.996,1391,2024,0.660,1.320,1.030,0,0,0,0,0,18,281,1,19,0
29-06 20:08:32,1.750,1.000,95.723,0.250,0,5372560,218492,179404,2236284,4921.622,1565.562,15.996,271.924,1.000,32.991,1426,2198,0.660,1.320,1.030,0,0,1.000,0,0,18,281,1,19,0
29-06 20:08:33,1.001,0.751,97.094,0,0,5369304,221748,179404,2236284,4656.496,1513.461,0,480.464,0,75.072,1038,1379,0.660,1.320,1.030,1,0,1.001,0,0,18,281,1,19,0
29-06 20:08:34,1.499,0.750,96.943,0,0,5366476,224568,179404,2236292,4783.184,1565.079,0,587.654,0,46.972,1054,1523,0.660,1.320,1.030,0,0,0,0,0,18,281,1,19,0
29-06 20:08:35,1.000,0.500,96.998,0.250,0,5363936,227104,179404,2236296,4711.927,1511.977,0,95.999,0,12.000,953,1367,0.660,1.320,1.030,0,0,0,0,0,18,281,1,19,0
29-06 20:08:36,1.502,0.751,97.369,0,0,5361908,229132,179404,2236296,5278.463,1634.001,0,0,0,0,988,1330,0.600,1.300,1.020,0,0,0,0,0,18,281,1,19,0
29-06 20:08:37,1.748,0.749,96.628,0,0,5360488,230552,179404,2236296,5428.132,1815.703,0,87.889,0,12.984,1173,1679,0.600,1.300,1.020,0,0,0,0,0,18,281,1,19,0
29-06 20:08:38,1.000,0.500,97.540,0,0,5359220,231820,179404,2236296,4759.965,1458.602,0,1404.580,0,265.109,953,1332,0.600,1.300,1.020,0,0,0,0,0,18,281,1,19,0
29-06 20:08:39,1.001,0.500,96.073,0.250,0,5358364,232676,179404,2236296,6484.958,1695.296,0,112.086,0,15.011,1203,1715,0.600,1.300,1.020,0,0,0,0,0,18,281,1,19,0
29-06 20:08:40,2.994,0.998,95.057,0.249,0,5357484,233416,179404,2236436,12270.116,2990.934,0,83.830,0,11.976,1385,1864,0.600,1.300,1.020,1,0,0,0,0,18,281,1,19,0
29-06 20:08:41,2.002,1.001,95.332,0,0,5356952,233944,179404,2236440,6097.256,1513.304,0,252.217,0,32.028,1495,2193,0.560,1.270,1.020,0,0,0,0,0,18,281,1,19,0
29-06 20:08:42,1.750,1.750,94.241,1.000,0,5356488,234396,179404,2236452,5296.496,1619.846,0,3091.706,0,202.981,1846,3035,0.560,1.270,1.020,0,0,0,0,0,18,281,1,19,0
29-06 20:08:43,1.000,0.250,97.792,0.250,0,5356152,234732,179404,2236452,4681.994,1620.690,0,136.058,0,8.003,899,1326,0.560,1.270,1.020,0,0,1.000,0,0,18,281,1,19,0
29-06 20:08:44,1.000,1.000,97.499,0,0,5356184,234700,179404,2236452,5339.951,1619.985,0,667.994,0,37.000,1023,1474,0.560,1.270,1.020,0,0,0,0,0,18,281,1,19,0
29-06 20:08:45,1.752,0.751,96.604,0.250,0,5340852,248772,179408,2237708,4851.207,1567.683,1265.358,0,39.042,0,1056,1499,0.560,1.270,1.020,0,0,4.004,0,0,18,281,1,19,0
29-06 20:08:46,1.249,0.250,97.703,0,0,5333864,255836,179408,2237708,4917.633,1619.221,0,0,0,0,953,1328,0.510,1.250,1.010,0,0,0,0,0,18,281,1,19,0
29-06 20:08:47,6.995,3.497,88.687,0,0,5322108,267592,179408,2237708,5025.406,1510.919,0,127.909,0,11.991,2380,6470,0.510,1.250,1.010,1,0,35.974,0,0,18,281,1,20,0
29-06 20:08:48,0.999,0.500,97.195,0.250,0,5319920,269780,179408,2237708,4677.346,1565.112,0,191.891,0,14.991,956,1386,0.510,1.250,1.010,0,0,0,0,0,18,281,1,20,0
29-06 20:08:49,1.501,0.500,96.790,0,0,5319920,269780,179408,2237708,4667.905,1662.679,0,44.018,0,6.002,1015,1376,0.510,1.250,1.010,0,0,0,0,0,18,281,1,17,0
29-06 20:08:50,2.250,0.750,95.736,0,0,5319916,269780,179408,2237712,4651.301,1511.773,0,51.992,0,6.999,1167,1548,0.510,1.250,1.010,1,0,3.000,0,0,18,281,1,17,0
29-06 20:08:51,3.739,1.246,93.220,0.249,0,5319880,269780,179408,2237748,4652.024,1561.309,31.904,307.077,1.994,32.901,1852,2375,0.470,1.230,1.010,0,0,7.976,0,0,18,281,1,17,0
29-06 20:08:52,1.756,0.752,95.808,0.251,0,5319868,269780,179408,2237760,4950.924,1703.479,0,280.903,0,32.103,1346,2053,0.470,1.230,1.010,0,0,0,0,0,18,281,1,17,0
29-06 20:08:53,1.000,0.750,96.756,0,0,5319868,269780,179408,2237760,4838.309,1718.110,0,156.010,0,11.001,959,1354,0.470,1.230,1.010,0,0,1.000,0,0,18,281,1,15,0
29-06 20:08:54,2.499,1.499,95.215,0,0,5320076,269568,179408,2237764,5098.142,1619.410,0,1679.388,0,261.905,1564,2054,0.470,1.230,1.010,0,0,17.993,0,0,18,281,1,15,0
29-06 20:08:55,2.497,0.999,95.126,0.250,0,5320328,269316,179408,2237764,5311.058,1575.940,0,119.843,0,15.979,1438,2019,0.470,1.230,1.010,0,0,0.999,0,0,18,281,1,15,0
29-06 20:08:56,3.506,1.503,93.914,0,0,5322064,267552,179408,2237792,4794.388,1568.745,0,4.007,0,1.002,1539,1979,0.430,1.210,1,0,0,3.005,0,0,18,281,1,15,0
29-06 20:08:57,3.756,0.751,94.143,0.250,0,5322060,267552,179408,2237796,4856.398,1514.307,0,188.287,0,26.040,1742,2401,0.430,1.210,1,0,0,2.003,0,0,18,281,1,17,0
29-06 20:08:58,0.746,0.746,96.793,0.249,0.249,5322052,267552,179408,2237804,4644.063,1600.440,0,179.154,0,9.953,948,1366,0.430,1.210,1,0,0,0,0,0,18,281,1,17,0
29-06 20:08:59,1.504,0.752,96.999,0,0,5322048,267552,179408,2237808,5052.976,1624.171,0,0,0,0,942,1320,0.430,1.210,1,0,0,0,0,0,18,281,1,17,0
29-06 20:09:00,1.002,0.501,97.677,0,0,5322044,267552,179408,2237812,4928.924,1622.938,0,356.646,0,24.044,936,1380,0.430,1.210,1,0,0,0,0,0,18,281,1,17,0
29-06 20:09:01,2.253,1.001,95.141,0.250,0,5322044,267552,179408,2237812,4929.287,1622.398,80.118,312.462,5.007,38.056,1637,2359,0.400,1.190,1,0,0,0,0,0,18,281,1,17,0
29-06 20:09:02,1.248,0.250,96.862,0,0,5321960,267552,179408,2237896,5171.607,1617.687,0,107.846,0,15.977,1193,1726,0.400,1.190,1,0,0,0,0,0,18,281,1,17,0
29-06 20:09:03,2.247,1.248,95.869,0,0,5321960,267552,179408,2237892,10752.271,2885.048,0,0,0,0,1283,1566,0.400,1.190,1,0,0,2.996,0,0,18,281,0,17,0
29-06 20:09:04,1.500,0.500,96.752,0.250,0,5321956,267552,179408,2237896,5628.116,1566.032,0,496.010,0,53.001,1115,1516,0.400,1.190,1,0,0,0,0,0,18,281,0,17,0
29-06 20:09:05,1.992,0.996,96.377,0,0,5321952,267552,179408,2237900,5438.954,1613.756,0,63.753,0,5.977,1015,1401,0.400,1.190,1,0,0,0,0,0,18,281,0,17,0
29-06 20:09:06,1.004,0.251,97.361,0,0,5321952,267552,179408,2237900,5391.969,1517.620,0,0,0,0,1020,1358,0.450,1.190,1,0,0,0,0,0,18,281,0,17,0
29-06 20:09:07,2.001,0.500,96.542,0.250,0,5321952,267552,179408,2237900,5471.378,1632.710,0,128.056,0,18.008,1212,1727,0.450,1.190,1,0,0,0,0,0,18,281,0,17,0
29-06 20:09:08,1.001,0.751,97.596,0,0,5321952,267552,179408,2237900,5383.270,1579.546,0,196.192,0,16.016,979,1355,0.450,1.190,1,0,0,0,0,0,18,281,0,17,0
29-06 20:09:09,1.997,0.499,95.873,0,0,5321948,267552,179408,2237904,5019.366,1563.933,0,79.894,0,11.984,1175,1681,0.450,1.190,1,0,0,0,0,0,18,281,0,17,0
29-06 20:09:10,1.250,1.000,96.988,0,0,5321948,267552,179408,2237904,5353.315,1713.781,0,83.989,0,11.998,1155,1671,0.450,1.190,1,0,0,0,0,0,18,281,0,17,0
29-06 20:09:11,2.000,0.750,95.737,0.250,0,5321948,267552,179408,2237904,4463.412,1523.799,0,235.969,0,31.996,1454,2098,0.410,1.170,0.990,0,0,0,0,0,18,281,0,17,0
29-06 20:09:12,1.250,0.250,96.507,0.250,0.250,5321944,267552,179408,2237908,4997.367,1620.119,0,200.015,0,20.001,1212,1853,0.410,1.170,0.990,0,0,0,0,0,18,281,0,17,0
29-06 20:09:13,1.000,1.000,97.500,0,0,5321944,267552,179408,2237908,4591.989,1511.996,0,104.000,0,7.000,908,1356,0.410,1.170,0.990,1,0,1.000,0,0,18,281,0,17,0
29-06 20:09:14,9.998,4.499,84.233,0,0,5340312,249180,179408,2237912,7182.520,3934.189,0,447.908,0,30.994,2054,1951,0.410,1.170,0.990,1,0,36.992,0,0,18,282,0,17,0
29-06 20:09:15,15.010,2.001,81.307,0,0,5349276,239884,179408,2238252,10803.530,7090.943,36.025,76.053,3.002,9.006,2914,3889,0.410,1.170,0.990,0,0,2.001,0,0,18,286,0,17,0
29-06 20:09:16,8.251,17.252,73.509,0,0,5333924,255208,179408,2238280,8300.013,4545.555,0,0,0,0,5460,4497,0.380,1.150,0.980,1,0,352.043,0,0,18,285,0,18,0
29-06 20:09:17,15.750,11.250,71.499,0.250,0,5365032,224060,179408,2238320,17389.777,2513.968,0,215.997,0,17.000,3929,3298,0.380,1.150,0.980,1,0,145.998,0,0,18,285,0,18,0
29-06 20:09:18,21.244,4.749,72.480,0,0,5420632,168376,179408,2238396,6058.339,1619.556,67.981,475.870,2.999,15.996,2081,1693,0.380,1.150,0.980,1,0,1.999,0,0,18,285,0,18,0
29-06 20:09:19,24.504,3.000,72.011,0,0,5436412,148580,179620,2242200,6427.006,1770.277,40.006,52.008,7.001,7.001,2270,1859,0.380,1.150,0.980,1,0,0,0,0,18,285,0,18,0
29-06 20:09:20,21.583,5.521,71.777,0,0.251,5499716,138920,179044,2190108,7159.660,1891.307,0,586.265,0,7.027,2136,1739,0.380,1.150,0.980,1,0,3.012,0,0,18,283,0,18,2
29-06 20:09:21,25.421,4.985,67.042,1.246,0,5499504,175668,178388,2154664,5622.536,1614.984,115.641,2245.027,7.975,182.433,7361,10535,0.510,1.160,0.990,1,0,0,0,0,18,285,0,20,2
29-06 20:09:22,28.740,4.498,64.227,1.000,0,5490116,184104,178396,2155608,5367.104,2504.115,899.682,1331.530,59.979,181.936,5371,7079,0.510,1.160,0.990,1,0,1.000,0,0,18,290,0,19,2
29-06 20:09:23,1.998,1.249,94.673,0.999,0,5485096,189008,178400,2155720,6260.926,1522.766,0,4384.447,0,276.776,1855,3094,0.510,1.160,0.990,1,0,0,0,0,18,291,0,19,2
29-06 20:09:24,10.272,2.505,85.180,0.752,0,5484140,189516,178408,2156160,6895.602,2513.322,224.475,1050.224,11.023,142.301,3172,4631,0.510,1.160,0.990,0,0,1.002,0,0,18,290,0,20,2
29-06 20:09:25,7.251,1.000,90.268,0.500,0,5484364,189236,178408,2156216,6168.202,1975.385,16.003,4072.794,1.000,534.104,2688,3394,0.510,1.160,0.990,0,0,0,0,0,18,290,0,20,2
29-06 20:09:26,7.483,1.247,89.301,0.499,0,5481368,192040,178408,2156408,10292.073,3332.576,63.858,862.080,3.991,102.771,2491,3456,0.550,1.160,0.990,0,0,0,0,0,18,290,0,9,2
29-06 20:09:27,11.533,2.758,83.988,0.752,0,5477696,195552,178408,2156568,6743.084,1636.632,16.045,1034.929,1.003,113.321,3786,5554,0.550,1.160,0.990,1,0,0,0,0,18,294,0,11,2
29-06 20:09:28,25.781,5.256,66.080,1.502,0,5475868,197040,178408,2156908,4717.709,1513.832,12.015,4333.244,2.002,416.504,8317,13168,0.550,1.160,0.990,1,0,1.001,0,0,18,293,0,12,2
29-06 20:09:29,19.941,3.739,73.532,1.246,0,5477372,195228,178408,2157216,6241.500,2556.423,15.953,3242.389,0.997,273.190,5710,8488,0.550,1.160,0.990,1,0,0,0,0,18,292,0,14,2
29-06 20:09:30,5.499,1.250,90.476,0.750,0,5475728,196848,178408,2157240,4934.665,1854.498,0,3946.932,0,262.929,2579,3845,0.550,1.160,0.990,0,0,0,0,0,18,292,0,14,2
29-06 20:09:31,9.779,2.257,86.253,1.254,0,5474104,198356,178408,2157356,12125.629,3072.027,32.094,2407.073,1.003,223.657,3986,6025,0.580,1.160,0.990,1,0,0,0,0,18,293,0,14,2
29-06 20:09:32,25.402,5.479,66.245,1.494,0,5472568,199572,178408,2157676,4722.793,1452.401,0,4546.473,0,407.429,8395,13067,0.580,1.160,0.990,1,0,0,0,0,18,292,1,15,2
29-06 20:09:33,17.257,3.752,76.281,1.251,0,5473496,198364,178408,2157964,5602.261,2562.034,0,2709.093,0,297.120,5647,8713,0.580,1.160,0.990,0,0,0,0,0,18,292,0,16,2
29-06 20:09:34,9.262,2.503,85.615,0.751,0,5473220,198600,178408,2158004,6010.103,2307.110,0,2395.229,0,243.328,3152,4520,0.580,1.160,0.990,2,0,1.001,0,0,18,292,0,17,2
29-06 20:09:35,7.766,1.754,89.184,0.501,0,5472108,199508,178408,2158208,4813.951,1406.908,0,1507.116,0,173.358,2606,3737,0.580,1.160,0.990,2,0,0,0,0,18,293,0,18,2
29-06 20:09:36,5.978,0.996,90.661,0.498,0,5472216,199348,178408,2158260,6535.567,2551.462,0,1131.769,0,108.594,2347,3535,0.860,1.200,1.010,0,0,0,0,0,18,292,0,19,2
29-06 20:09:37,18.001,2.500,78.254,0.750,0,5473332,197836,178408,2158656,12285.675,3232.178,148.008,1340.074,8.000,141.008,4354,5358,0.860,1.200,1.010,0,0,0,0,0,18,292,0,20,2
29-06 20:09:38,5.250,1.250,91.502,0.500,0,5473332,197836,178408,2158656,10628.199,3460.065,0,1084.020,0,129.002,2488,3693,0.860,1.200,1.010,1,0,0,0,0,18,292,0,20,2
29-06 20:09:39,6.750,1.500,88.754,1.500,0,5473504,197584,178408,2158736,8782.411,2496.117,0,5996.281,0,428.020,3496,5519,0.860,1.200,1.010,0,0,0,0,0,18,292,0,20,2
29-06 20:09:40,9.018,2.004,87.178,0.501,0,5473492,197584,178408,2158748,17960.622,4035.228,0,969.978,0,105.215,3635,5243,0.860,1.200,1.010,1,0,0,0,0,18,293,0,20,2
29-06 20:09:41,24.265,5.754,66.041,2.001,0,5474188,196324,178408,2159312,6201.832,1458.901,32.020,4682.893,1.001,448.277,8852,14059,0.950,1.220,1.010,2,0,0,0,0,18,293,0,20,2
29-06 20:09:42,25.783,4.255,66.836,1.752,0,5474732,195316,178408,2159776,4883.280,1622.086,0,2363.039,0,303.390,8517,13833,0.950,1.220,1.010,2,0,0,0,0,18,293,0,23,2
29-06 20:09:43,23.959,4.492,70.130,0.499,0,5476148,193804,178408,2159872,4731.905,1617.233,0,1637.199,0,154.735,7524,10798,0.950,1.220,1.010,0,0,0,0,0,18,293,0,24,2
29-06 20:09:44,3.750,0.750,93.252,0.500,0,5476176,193556,178408,2160092,5058.108,1458.031,0,916.020,0,61.001,1888,2627,0.950,1.220,1.010,3,0,2.000,0,0,18,294,0,25,2
29-06 20:09:45,2.754,0.501,95.633,0.250,0,5476900,192828,178408,2160096,5347.441,1622.257,0,1201.672,0,155.216,1309,1676,0.950,1.220,1.010,1,0,0,0,0,18,294,0,25,2
29-06 20:09:46,12.211,3.489,82.486,0.498,0,5476520,193132,178408,2160172,4922.238,1453.346,0,7220.877,0,843.300,4420,6015,0.950,1.210,1.010,1,0,0,0,0,18,294,0,25,2
29-06 20:09:47,31.039,7.009,58.573,2.003,0,5485136,184008,178408,2160648,5183.476,1622.026,56.070,8923.148,1.001,753.942,10818,24858,0.950,1.210,1.010,4,0,37.046,0,0,18,294,0,26,2
29-06 20:09:48,26.222,4.245,66.679,1.249,0,5485684,183000,178408,2161108,4513.174,1456.443,223.761,1578.312,13.985,191.795,7266,10701,0.950,1.210,1.010,2,0,0,0,0,18,294,0,27,2
29-06 20:09:49,13.238,2.498,82.428,0.999,0,5486324,182244,178408,2161224,6220.537,2582.732,0,2501.803,0,228.799,3679,5481,0.950,1.210,1.010,0,0,0,0,0,18,293,0,30,2
29-06 20:09:50,8.501,1.500,87.009,0.750,0,5486400,181992,178408,2161400,6063.616,2555.259,64.006,5856.595,4.000,166.017,2887,4150,0.950,1.210,1.010,0,0,2.000,0,0,18,293,0,31,2
29-06 20:09:51,6.998,2.749,88.726,0.500,0,5488072,180228,178408,2161492,4362.797,1457.598,0,1359.625,0,128.964,2956,4094,0.960,1.210,1.010,0,0,5.998,0,0,18,294,0,30,2
29-06 20:09:52,23.752,4.500,68.755,2.000,0,5502252,165776,178408,2161764,7715.583,3213.243,0,6912.523,0,560.042,6211,9497,0.960,1.210,1.010,0,0,0,0,0,18,293,0,37,2
29-06 20:09:53,4.771,0.753,92.910,0.251,0,5502476,165524,178408,2161792,11102.972,2661.740,0,333.471,0,30.133,1829,2379,0.960,1.210,1.010,2,0,0,0,0,18,294,0,37,2
29-06 20:09:54,6.722,1.494,90.125,0.498,0,5502432,165524,178408,2161836,6792.766,2074.378,0,1888.152,0,159.338,2482,3744,0.960,1.210,1.010,0,0,0.996,0,0,18,293,0,38,2
29-06 20:09:55,11.250,1.750,84.500,0.750,0,5502636,165272,178408,2161884,12320.002,3460.001,0,3048.000,0,169.000,3441,4803,0.960,1.210,1.010,0,0,0,0,0,18,293,0,41,2
29-06 20:09:56,9.035,1.506,88.092,0.502,0,5503508,164276,178408,2162008,5852.736,1626.318,16.062,1240.820,1.004,132.515,3314,4707,0.960,1.200,1.010,0,0,1.004,0,0,18,293,0,41,2
29-06 20:09:57,13.728,3.494,80.619,0.998,0,5506412,161264,178408,2162116,5318.367,2395.112,0,1385.751,0,155.747,3550,5130,0.960,1.200,1.010,0,0,2.995,0,0,18,293,0,44,2
29-06 20:09:58,10.490,1.748,86.166,0.500,0,5506692,160760,178408,2162340,6601.584,1684.363,95.907,1278.757,5.994,97.905,3294,4381,0.960,1.200,1.010,1,0,1.998,0,0,18,294,0,46,2
29-06 20:09:59,13.722,1.996,80.833,0.998,0,5507100,160004,178408,2162688,4770.121,1501.890,0,1624.635,0,182.622,3752,5429,0.960,1.200,1.010,0,0,0,0,0,18,293,0,49,2
29-06 20:10:00,6.006,1.501,91.587,0.250,0,5507600,159500,178408,2162692,5210.966,1567.494,0,816.778,0,71.068,1962,2789,0.960,1.200,1.010,0,0,0,0,0,18,293,0,51,2
29-06 20:10:01,6.499,1.500,90.989,0.500,0,5507796,159248,178408,2162748,5191.367,1511.816,0,1071.869,0,111.986,2321,3352,0.960,1.200,1.010,0,0,0,0,0,18,293,0,51,2
29-06 20:10:02,4.253,1.001,92.070,1.001,0,5507796,159248,178408,2162748,3593.733,594.452,0,5272.009,0,343.261,2533,4190,0.960,1.200,1.010,0,0,0,0,0,18,293,0,51,2
29-06 20:10:03,4.999,1.000,91.983,0.250,0,5507988,158996,178408,2162808,10690.978,2974.437,0,1027.806,0,70.987,2016,2683,0.960,1.200,1.010,0,0,0,0,0,18,293,0,51,2
29-06 20:10:04,6.014,1.002,92.216,0.251,0,5507984,158996,178408,2162812,5398.621,1611.768,0,352.825,0,23.054,1660,2002,0.960,1.200,1.010,1,0,1.002,0,0,18,293,0,53,2
29-06 20:10:05,6.477,0.996,89.927,0.747,0,5507804,158996,178408,2162992,7740.159,3274.223,0,1685.936,0,210.244,2718,4161,0.960,1.200,1.010,0,0,0,0,0,18,293,0,53,2
29-06 20:10:06,11.253,2.251,84.520,0.750,0,5508420,158324,178408,2163048,7277.757,2492.602,0,6965.682,0,857.207,3703,4859,0.890,1.180,1.010,0,0,0,0,0,18,293,0,56,2
29-06 20:10:07,13.554,2.008,82.581,1.506,0,5509080,157568,178412,2163140,7683.807,2850.428,0,1610.457,0,221.890,3781,5330,0.890,1.180,1.010,3,0,0,0,0,18,293,0,60,2
29-06 20:10:08,9.243,1.749,87.686,0.749,0,5509136,157316,178412,2163336,10879.020,2540.137,0,1398.974,0,146.892,3210,4499,0.890,1.180,1.010,2,0,0,0,0,18,294,0,60,2
29-06 20:10:09,3.477,0.993,93.139,0.497,0,5510776,155552,178412,2163460,5231.704,1555.801,0,866.321,0,70.538,1941,2836,0.890,1.180,1.010,0,0,0,0,0,18,293,0,61,2
29-06 20:10:10,13.293,3.010,80.763,0.752,0,5515676,150512,178412,2163600,5969.468,2635.596,16.052,1894.178,1.003,227.743,3977,5823,0.890,1.180,1.010,0,0,0,0,0,18,293,0,66,2
29-06 20:10:11,8.250,1.500,87.751,1.000,0,5519404,146732,178412,2163652,6017.035,2435.014,0,1504.009,0,173.001,2994,4364,0.810,1.160,1,0,0,0,0,0,18,293,0,67,2
29-06 20:10:12,10.011,2.002,86.845,1.001,0,5521000,144968,178412,2163820,6098.680,2085.284,0,1461.601,0,159.174,3246,4780,0.810,1.160,1,0,0,0,0,0,18,293,0,69,2
29-06 20:10:13,7.497,1.250,89.966,0,0,5521956,143960,178412,2163872,4624.277,2016.249,0,863.678,0,65.975,2251,3046,0.810,1.160,1,1,0,0,0,0,18,293,0,71,2
29-06 20:10:14,3.753,1.251,92.329,0.751,0,5522408,143456,178412,2163924,11603.884,3065.611,0,1341.142,0,145.124,2322,3390,0.810,1.160,1,0,0,1.001,0,0,18,293,0,71,2
29-06 20:10:15,24.769,5.504,65.049,3.002,0,5522224,143204,178412,2164360,4609.457,1567.175,0,10944.209,0,879.660,9584,16036,0.810,1.160,1,2,0,0,0,0,18,294,0,72,2
29-06 20:10:16,26.020,4.003,67.301,0.751,0,5523020,142188,178416,2164576,5029.788,1567.180,16.012,7037.299,1.001,822.619,8677,12924,0.830,1.160,1,1,0,1.001,0,0,18,294,0,72,2
29-06 20:10:17,9.219,2.492,85.965,1.495,0,5522940,141936,178420,2164904,5205.727,1560.821,0,1809.994,0,178.408,3935,6033,0.830,1.160,1,0,0,0,0,0,18,293,0,72,2
29-06 20:10:18,11.999,2.250,83.246,0.750,0,5523384,141432,178420,2164964,6845.649,2536.870,0,1855.905,0,221.989,3736,5456,0.830,1.160,1,0,0,0,0,0,18,293,0,76,2
29-06 20:10:19,7.751,1.500,88.264,0.750,0,5523580,141180,178420,2165020,7806.275,2404.393,0,1356.222,0,157.026,2763,3977,0.830,1.160,1,0,0,0,0,0,18,293,0,76,2
29-06 20:10:20,6.020,1.505,92.058,0.251,0,5523776,140932,178420,2165072,5865.600,1571.250,0,1155.862,0,66.221,2039,2682,0.830,1.160,1,1,0,0,0,0,18,294,0,76,2
29-06 20:10:21,8.720,1.993,84.959,1.744,0,5523912,140708,178424,2165156,5846.981,1968.261,0,7151.514,0,523.209,4286,6918,0.840,1.160,1,0,0,0,0,0,18,293,0,79,2
29-06 20:10:22,10.498,2.000,85.487,0.500,0,5523800,140708,178424,2165268,12025.185,3459.478,0,1539.768,0,159.976,3108,4530,0.840,1.160,1,0,0,0,0,0,18,293,0,81,2
29-06 20:10:23,14.513,3.253,80.073,1.251,0,5524320,139952,178424,2165504,5086.613,1513.372,48.044,1677.521,2.002,192.174,4959,7648,0.840,1.160,1,0,1,0,0,0,18,294,0,77,2
29-06 20:10:24,25.991,5.748,64.229,1.749,0,5524216,139448,178424,2166112,5024.334,1565.481,0,5442.195,0,548.818,9126,14347,0.840,1.160,1,2,0,1.000,0,0,18,294,0,78,2
29-06 20:10:25,24.816,6.016,66.678,2.005,0,5526932,136144,178428,2166696,4558.180,1570.196,208.557,3886.385,11.029,280.750,8292,12409,0.840,1.160,1,1,0,2.005,0,0,18,294,0,78,2
29-06 20:10:26,25.678,5.983,63.074,1.994,0,5526888,135892,178428,2166992,4553.274,1400.087,0,7953.771,0,687.080,9099,14326,0.780,1.140,0.990,2,0,0,0,0,18,294,0,78,2
29-06 20:10:27,24.806,5.011,67.653,0.752,0,5527960,134632,178428,2167180,4400.967,1136.574,0,1872.240,0,173.393,7479,10464,0.780,1.140,0.990,1,0,0,0,0,18,294,0,77,2
29-06 20:10:28,25.052,5.512,65.387,1.754,0,5522712,174084,177988,2134500,4689.826,1623.401,32.067,3114.525,1.002,308.647,8333,12658,0.780,1.140,0.990,4,0,1.002,0,0,18,294,0,78,2
29-06 20:10:29,26.225,5.994,64.939,2.498,0,5522976,173328,177996,2134984,4921.382,1684.420,0,8851.694,0,715.329,9092,14625,0.780,1.140,0.990,2,0,0.999,0,0,18,294,0,79,2
29-06 20:10:30,19.992,3.748,71.721,0.750,0,5521804,174252,177996,2135232,4424.210,1565.367,0,1643.335,0,198.920,6779,10093,0.780,1.140,0.990,0,0,0,0,0,18,293,0,80,2
29-06 20:10:31,6.984,1.497,89.798,0.748,0,5522000,174028,177996,2135260,5088.538,1616.359,31.928,1452.728,0.998,124.719,2670,3989,0.710,1.120,0.990,0,0,0,0,0,18,293,0,80,2
29-06 20:10:32,4.765,1.254,93.295,0.251,0,5522124,173836,177996,2135328,5133.245,1625.143,0,7567.951,0,936.965,2090,2590,0.710,1.120,0.990,2,0,0,0,0,18,294,0,76,2
29-06 20:10:33,10.952,2.240,83.385,1.245,0,5521900,173840,178000,2135544,5906.120,2459.224,0,1891.711,0,219.040,3396,5162,0.710,1.120,0.990,0,0,0,0,0,18,293,0,81,2
29-06 20:10:34,17.297,2.507,77.459,0.752,0,5522340,173336,178000,2135608,5963.124,2382.442,0,1327.590,0,157.426,3947,5009,0.710,1.120,0.990,0,0,1.003,0,0,18,293,0,86,2
29-06 20:10:35,5.253,1.751,91.307,0.250,0,5522532,173084,178004,2135664,10727.707,2944.841,0,1064.666,0,98.061,2180,3072,0.710,1.120,0.990,0,0,0,0,0,18,293,0,86,2
29-06 20:10:36,4.005,0.501,94.124,0.250,0,5522752,172844,178004,2135684,10961.413,2545.347,0,676.890,0,66.087,1573,2078,0.660,1.100,0.980,1,0,0,0,0,18,293,0,81,2
29-06 20:10:37,8.972,1.994,86.482,0.997,0,5522508,172844,178008,2135924,5266.676,1561.161,0,1495.365,0,150.533,3295,4814,0.660,1.100,0.980,0,0,0.997,0,0,18,293,0,81,2
29-06 20:10:38,14.979,2.996,79.890,1.498,0,5523904,171360,178008,2136012,6357.284,2521.543,0,1777.563,0,195.732,3689,5246,0.660,1.100,0.980,0,0,0,0,0,18,293,0,84,2
29-06 20:10:39,10.753,2.501,83.272,1.250,0,5524152,171108,178008,2136016,6273.691,1512.408,0,6285.694,0,429.116,3503,5223,0.660,1.100,0.980,3,0,0,0,0,18,292,0,88,2
29-06 20:10:40,8.746,1.749,86.960,0.750,0,5524168,170856,178008,2136252,13794.675,3900.212,0,967.556,0,108.950,2634,3688,0.660,1.100,0.980,0,0,0,0,0,18,293,0,90,2
29-06 20:10:41,7.517,1.253,89.200,0.752,0,5524404,170604,178012,2136264,7298.324,1244.784,0,1679.757,0,82.184,2520,3391,0.600,1.080,0.980,0,0,0,0,0,18,293,0,91,2
29-06 20:10:42,8.251,1.500,87.507,0.250,0,5524356,170604,178012,2136312,5347.400,1350.101,0,688.051,0,68.005,2530,3304,0.600,1.080,0.980,0,0,0,0,0,18,293,0,95,2
29-06 20:10:43,13.967,1.746,83.553,0.499,0,5524348,170604,178012,2136320,5006.187,1904.506,0,650.465,0,56.866,2826,3535,0.600,1.080,0.980,0,0,0,0,0,18,293,0,100,2
29-06 20:10:44,7.499,2.000,87.486,1.500,0,5524344,170364,178012,2136548,13464.901,3537.449,0,1467.771,0,200.969,3029,4412,0.600,1.080,0.980,1,0,1.000,0,0,18,294,0,96,2
29-06 20:10:45,24.347,5.271,65.761,1.757,0,5524764,169860,178016,2136628,4879.345,1626.448,0,2915.559,0,358.421,7702,11662,0.600,1.080,0.980,1,0,0,0,0,18,294,0,97,2
29-06 20:10:46,24.726,4.496,66.935,1.249,0,5525572,168600,178016,2137080,5155.017,1618.436,0,3168.937,0,344.667,8185,12543,0.800,1.110,0.990,1,0,0,0,0,18,294,0,97,2
29-06 20:10:47,19.968,6.490,69.888,1.498,0,5530396,184100,176412,2119196,5588.027,1617.403,0,2571.870,0,229.631,7032,15856,0.800,1.110,0.990,0,0,35.942,0,0,18,293,0,98,2
29-06 20:10:48,12.739,1.749,82.430,0.749,0,5530340,184064,176412,2119388,5109.632,2514.850,0,1674.568,0,180.845,3312,4950,0.800,1.110,0.990,1,0,0,0,0,18,293,0,98,2
29-06 20:10:49,4.750,1.500,91.241,1.000,0.250,5530796,183560,176416,2119432,6279.379,1619.840,0,5107.495,0,326.968,2315,3582,0.800,1.110,0.990,1,0,0,0,0,18,294,0,99,2
29-06 20:10:50,13.249,2.250,82.992,0.500,0,5531372,182804,176420,2119608,9110.125,3481.666,0,883.915,0,104.990,3205,4380,0.800,1.110,0.990,0,0,2.000,0,0,18,293,0,103,2
29-06 20:10:51,4.745,1.998,91.652,0.250,0,5532844,181300,176424,2119636,7740.738,1981.885,0,1438.465,0,71.923,2120,2673,0.810,1.110,0.990,1,0,5.994,0,0,18,294,0,104,2
29-06 20:10:52,3.254,1.251,93.105,0.501,0,5527000,187120,176432,2119652,6415.226,2040.298,0,6427.239,0,798.900,2126,2816,0.810,1.110,0.990,1,0,0,0,0,18,293,0,97,2
29-06 20:10:53,13.747,2.000,81.981,1.500,0,5527208,186868,176444,2119684,10597.566,3393.221,0,2071.524,0,192.956,3726,4991,0.810,1.110,0.990,0,0,0,0,0,18,293,0,104,2
29-06 20:10:54,10.998,1.750,84.735,0.250,0,5528752,185104,176452,2119896,10945.004,3247.408,0,843.846,0,66.988,2782,3428,0.810,1.110,0.990,0,0,1.000,0,0,18,293,0,106,2
29-06 20:10:55,5.253,1.251,92.811,0.250,0,5528752,185104,176452,2119896,5189.438,1621.074,0,588.390,0,45.030,1666,2238,0.810,1.110,0.990,0,0,0,0,0,18,293,0,107,2
29-06 20:10:56,9.007,2.252,85.069,1.251,0,5529388,184348,176460,2120008,12157.879,2903.359,0,1481.204,0,177.144,3612,5098,0.830,1.110,0.990,1,0,0,0,0,18,294,0,99,2
29-06 20:10:57,25.295,4.758,64.615,2.254,0,5529536,183856,176472,2120340,6027.727,1622.888,0,3690.567,0,444.792,8490,13018,0.830,1.110,0.990,1,0,3.005,0,0,18,294,0,99,2
29-06 20:10:58,26.020,6.255,65.550,1.501,0.250,5533796,179464,176484,2120460,5556.202,1597.208,0,2826.137,0,269.204,8542,13054,0.830,1.110,0.990,2,0,3.002,0,0,18,295,0,100,2
29-06 20:10:59,10.239,2.497,83.663,2.497,0,5533760,179212,176484,2120744,4499.329,701.272,0,7188.537,0,483.498,4371,6954,0.830,1.110,0.990,0,0,1.998,0,0,18,293,0,102,2
29-06 20:11:00,10.252,2.000,86.013,0.500,0,5533676,179212,176484,2120828,10866.661,2847.435,0,1396.213,0,129.020,3492,4850,0.830,1.110,0.990,0,0,0,0,0,18,293,0,92,2
29-06 20:11:01,13.250,3.000,81.250,1.000,0,5533796,178960,176488,2120956,5311.990,1511.997,0,1531.997,0,188.000,4949,7306,0.760,1.090,0.990,1,1,0,0,0,18,294,0,93,2
29-06 20:11:02,26.020,5.754,64.800,2.252,0.250,5533424,178456,176496,2121824,5733.460,1567.219,0,6208.830,0,597.465,9061,14889,0.760,1.090,0.990,1,0,0,0,0,18,294,0,93,2
29-06 20:11:03,24.260,5.252,67.026,1.501,0,5535220,176440,176500,2122040,10621.170,2674.050,0,2520.990,0,273.107,7629,11259,0.760,1.090,0.990,2,0,0,0,0,18,293,0,96,2
29-06 20:11:04,4.733,1.245,91.667,0.498,0,5535740,175684,176500,2122276,6956.745,2272.749,0,1510.516,0,106.613,2128,3148,0.760,1.090,0.990,1,0,0.996,0,0,18,294,0,96,2
29-06 20:11:05,10.761,3.003,82.585,1.502,0,5536564,174676,176516,2122444,6672.854,2554.624,0,6546.725,0,506.520,4268,6818,0.760,1.090,0.990,0,0,0,0,0,18,293,0,97,2
29-06 20:11:06,12.488,2.248,82.421,1.499,0,5537672,173428,176540,2122544,7153.150,2603.507,0,3568.583,0,246.764,3850,5525,0.780,1.090,0.990,0,0,0,0,0,18,293,0,98,2
29-06 20:11:07,11.248,2.000,84.984,1.000,0,5532704,178292,176584,2122604,5487.996,2539.536,0,7434.641,0,919.832,3968,4932,0.780,1.090,0.990,0,0,0,0,0,18,293,0,99,2
29-06 20:11:08,4.265,1.254,93.083,0.251,0,5533032,177916,176592,2122644,7113.430,1692.049,0,1184.234,0,87.312,1945,2750,0.780,1.090,0.990,2,0,0,0,0,18,294,0,90,2
29-06 20:11:09,13.449,2.242,82.191,0.747,0,5533116,177664,176608,2122796,12362.545,3339.451,0,1542.205,0,155.416,3927,5279,0.780,1.090,0.990,0,0,0,0,0,18,293,0,91,2
29-06 20:11:10,7.499,2.000,87.490,1.000,0,5533160,177412,176620,2122992,12070.574,3499.586,0,1391.836,0,144.983,3266,4827,0.780,1.090,0.990,0,0,0,0,0,18,293,0,92,2
29-06 20:11:11,7.758,1.752,88.346,0.501,0,5533148,177412,176628,2122996,10551.418,3289.560,0,1329.439,0,151.164,3106,4441,0.720,1.070,0.980,0,0,0,0,0,18,293,0,92,2
29-06 20:11:12,9.279,1.505,87.018,1.254,0,5533256,176908,176648,2123372,7608.394,2449.532,0,1925.922,0,177.546,3186,4603,0.720,1.070,0.980,1,0,0,0,0,18,293,0,92,2
29-06 20:11:13,6.474,1.743,89.136,0.747,0,5533244,176908,176656,2123376,10625.666,2639.237,0,1418.216,0,132.460,2902,4149,0.720,1.070,0.980,4,1,0,0,0,18,294,0,83,2
29-06 20:11:14,25.372,5.778,64.310,2.763,0,5534000,175652,176744,2123788,4529.848,1193.758,0,9634.469,0,795.838,9140,15149,0.720,1.070,0.980,3,0,1.005,0,0,18,294,0,84,2
29-06 20:11:15,23.654,4.482,68.722,1.245,0,5535920,173636,176748,2123880,4471.893,1344.556,0,2187.144,0,197.202,7859,11585,0.720,1.070,0.980,2,0,0,0,0,18,295,0,84,2
29-06 20:11:16,24.532,4.506,67.838,1.502,0,5535776,173136,176756,2124516,5198.747,1513.965,96.125,2967.852,5.006,313.407,8076,11919,0.980,1.120,1,1,0,0,0,0,18,294,0,85,2
29-06 20:11:17,26.517,5.504,64.042,2.502,0,5535872,172632,176776,2124904,5586.676,1567.031,32.021,4518.973,1.001,525.346,9409,15093,0.980,1.120,1,1,0,0,0,0,18,294,0,82,2
29-06 20:11:18,23.691,4.489,67.580,1.746,0,5538176,169976,176792,2125240,6206.420,1508.214,0,7162.021,0,488.773,8446,13170,0.980,1.120,1,1,0,0,0,0,18,294,0,83,2
29-06 20:11:19,7.774,2.508,87.516,1.003,0,5538048,169968,176816,2125352,8251.077,2520.661,0,2242.817,0,219.668,3134,4711,0.980,1.120,1,1,0,0,0,0,18,293,0,84,2
29-06 20:11:20,5.732,0.748,90.708,0.748,0,5537860,169968,176820,2125536,7187.879,2495.971,0,1255.960,0,136.561,2489,3709,0.980,1.120,1,1,0,0,0,0,18,293,0,84,2
29-06 20:11:21,10.012,2.503,85.101,0.501,0,5537988,169716,176832,2125648,6692.913,2506.964,0,1485.757,0,167.198,3657,5206,0.900,1.100,0.990,0,0,0,0,0,18,293,0,76,2
29-06 20:11:22,7.002,2.001,89.280,0.500,0,5537988,169716,176848,2125632,5765.969,1975.675,0,1764.603,0,126.043,2732,3977,0.900,1.100,0.990,0,0,0,0,0,18,293,0,76,2
29-06 20:11:23,6.751,1.500,89.507,1.250,0,5537368,170200,176852,2125764,6211.493,2504.199,0,7600.604,0,946.075,3045,4008,0.900,1.100,0.990,0,0,0,0,0,18,293,0,77,2
29-06 20:11:24,5.264,1.253,92.245,0.501,0,5545904,161664,176852,2125764,5233.923,2022.380,0,1078.870,0,78.208,2191,3142,0.900,1.100,0.990,0,0,1.003,0,0,18,293,0,77,2
29-06 20:11:25,3.744,0.998,93.837,0.499,0,5545728,161664,176852,2125940,5930.719,1629.176,0,1058.166,0,97.830,1937,2948,0.900,1.100,0.990,1,0,0,0,0,18,294,0,74,2
29-06 20:11:26,7.509,1.752,86.598,2.002,0,5544024,163288,176876,2125996,6190.018,2397.719,0,5866.652,0,404.459,3398,5200,0.910,1.100,0.990,0,0,0,0,0,18,293,0,74,2
29-06 20:11:27,6.246,1.999,90.195,0.750,0,5544716,162536,176876,2126056,6014.353,2027.770,0,1003.392,0,100.939,2580,3683,0.910,1.100,0.990,0,0,0,0,0,18,293,0,75,2
29-06 20:11:28,7.976,1.246,87.987,0.748,0,5544696,162536,176876,2126076,6702.987,2562.350,0,1244.285,0,147.559,2912,4181,0.910,1.100,0.990,0,0,0,0,0,18,293,0,76,2
29-06 20:11:29,6.000,1.500,90.493,0.750,0.250,5544608,162536,176876,2126164,5952.540,1974.847,0,1015.922,0,104.992,2428,3393,0.910,1.100,0.990,0,0,0,0,0,18,293,0,75,2
29-06 20:11:30,8.501,2.000,88.261,0.750,0,5544544,162536,176876,2126228,5731.697,1813.220,0,912.111,0,76.009,2695,3817,0.910,1.100,0.990,1,0,0,0,0,18,293,0,76,2
29-06 20:11:31,4.261,0.752,92.230,0.501,0,5544412,162536,176876,2126360,4158.355,1190.966,0,978.436,0,109.272,2247,3340,1,1.110,1,1,0,0,0,0,18,294,0,76,2
29-06 20:11:32,5.988,1.746,89.815,0.998,0,5544488,162284,176880,2126532,11994.252,3398.987,0,1373.167,0,152.685,2883,4347,1,1.110,1,0,0,0,0,0,18,293,0,76,2
29-06 20:11:33,23.595,5.522,67.020,2.259,0,5544884,161528,176884,2126888,4972.039,1588.402,0,3538.261,0,419.692,8323,13073,1,1.110,1,4,0,1.004,0,0,18,294,0,70,2
29-06 20:11:34,24.643,4.232,66.711,1.991,0,5545648,160524,176896,2127116,5064.048,1559.241,0,5934.276,0,440.092,8639,13221,1,1.110,1,1,0,0.996,0,0,18,294,0,71,2
29-06 20:11:35,12.747,2.499,81.729,1.250,0,5545568,160272,176904,2127440,4738.800,1619.590,47.988,2755.303,2.999,244.938,4413,6791,1,1.110,1,0,0,0,0,0,18,293,0,74,2
29-06 20:11:36,12.751,3.250,80.754,1.250,0,5545712,160020,176908,2127544,4948.267,1458.079,0,2092.113,0,255.014,4488,6484,0.920,1.090,0.990,0,0,0,0,0,18,293,0,76,2
29-06 20:11:37,4.772,1.256,93.172,0.753,0,5545624,160020,176908,2127632,5441.640,1627.369,0,2840.864,0,112.509,1944,2700,0.920,1.090,0.990,1,0,0,0,0,18,294,0,72,2
29-06 20:11:38,24.716,7.739,62.164,2.996,0,5541836,156064,176928,2135340,4673.497,1617.749,0,9422.889,0,1222.299,9742,14516,0.920,1.090,0.990,0,0,1.997,0,0,18,294,0,74,2
29-06 20:11:39,25.422,4.985,65.548,1.994,0,5542648,154832,176972,2135760,6280.637,1615.021,0,6978.485,0,520.396,8746,13613,0.920,1.090,0.990,3,0,0.997,0,0,18,294,0,75,2
29-06 20:11:40,26.093,4.516,65.483,2.007,0,5542944,154356,177028,2135884,11676.624,3007.722,0,3231.520,0,341.216,8150,12102,0.920,1.090,0.990,2,0,0,0,0,18,294,0,75,2
29-06 20:11:41,25.658,5.231,65.265,2.242,0,5543004,153600,177088,2136520,7532.854,1614.183,0,3005.170,0,354.722,8633,13212,0.920,1.090,0.990,1,0,0,0,0,18,294,0,67,2
29-06 20:11:42,11.528,2.757,83.953,0.501,0,5543048,153348,177100,2136716,5369.979,1623.925,0,1435.469,0,114.276,4232,6160,0.920,1.090,0.990,0,0,0,0,0,18,294,0,68,2
29-06 20:11:43,15.221,2.994,78.353,1.248,0,5543408,152872,177152,2136780,5128.393,1575.049,0,2303.684,0,254.523,5482,8598,0.920,1.090,0.990,1,0,0,0,0,18,294,0,68,2
29-06 20:11:44,26.525,5.255,64.059,3.003,0,5543832,152116,177188,2137076,5691.275,1567.453,0,8856.209,0,717.665,9657,15739,0.920,1.090,0.990,2,0,1.001,0,0,18,294,0,68,2
29-06 20:11:45,23.200,4.490,68.104,1.746,0,5544512,150856,177204,2137640,5029.250,1616.545,0,2370.932,0,288.384,8190,12096,0.920,1.090,0.990,2,0,0,0,0,18,294,0,61,2
29-06 20:11:46,25.343,4.767,65.489,2.007,0,5544728,150604,177212,2137668,5076.538,1463.344,0,3472.681,0,435.591,8548,13905,0.930,1.090,0.990,1,0,0,0,0,18,294,0,61,2
29-06 20:11:47,28.966,6.992,61.179,1.748,0,5553064,169084,175928,2112712,5230.946,1618.127,0,3048.472,0,279.676,8836,17899,0.930,1.090,0.990,1,0,35.958,0,0,18,294,0,64,2
29-06 20:11:48,23.065,5.014,68.945,1.755,0,5553536,168332,175932,2112988,4544.822,1516.278,16.045,2779.843,1.003,315.891,7686,11786,0.930,1.090,0.990,1,1,0,0,0,18,294,0,65,2
29-06 20:11:49,7.233,1.496,86.297,2.494,0,5553896,167604,175948,2113340,5812.301,2512.079,0,7713.819,0,524.763,3464,5718,0.930,1.090,0.990,0,0,0,0,0,18,293,0,62,2
29-06 20:11:50,7.996,2.249,87.706,0.750,0,5556188,165244,175948,2113408,11524.199,3500.238,0,1727.131,0,148.925,3078,4295,0.930,1.090,0.990,0,0,1.999,0,0,18,293,0,62,2
29-06 20:11:51,14.225,3.244,80.107,1.248,0,5557828,163376,175956,2113628,6027.243,2405.707,0,1585.171,0,192.656,3977,5534,0.860,1.070,0.990,0,0,5.989,0,0,18,295,0,63,2
29-06 20:11:52,9.254,1.751,86.038,1.000,0,5558008,163152,175960,2113668,5059.258,1620.723,16.007,2028.905,1.000,167.075,3664,5444,0.860,1.070,0.990,0,0,0,0,0,18,296,0,63,2
29-06 20:11:53,9.770,1.754,85.424,1.503,0,5557752,163152,175964,2113920,12186.793,3358.833,0,2276.632,0,264.538,3915,5801,0.860,1.070,0.990,1,0,0,0,0,18,295,0,50,2
29-06 20:11:54,13.516,3.003,80.844,1.502,0,5557732,163152,175972,2113932,5632.559,1567.826,0,11156.992,0,290.338,5097,7386,0.860,1.070,0.990,1,0,1.001,0,0,18,296,0,50,2
29-06 20:11:55,25.261,5.502,64.027,2.751,0,5557720,162676,176024,2114368,5642.376,1620.683,0,5326.243,0,556.234,8967,14421,0.860,1.070,0.990,2,0,0,0,0,18,296,0,50,2
29-06 20:11:56,25.485,5.247,64.961,2.748,0,5557400,162676,176064,2114648,5636.635,1619.033,0,7319.630,0,556.668,9082,14115,0.870,1.070,0.990,2,0,0,0,0,18,296,0,52,2
29-06 20:11:57,24.222,4.495,68.173,1.498,0,5558524,161176,176100,2114988,5574.669,2397.278,0,3228.334,0,286.674,7036,10092,0.870,1.070,0.990,0,0,0.999,0,0,18,297,0,55,2
29-06 20:11:58,9.016,2.755,86.659,0.751,0,5561444,158164,176120,2115060,6726.303,1677.067,60.110,1899.474,4.007,137.251,3158,4440,0.870,1.070,0.990,2,0,3.005,0,0,18,298,0,52,2
29-06 20:11:59,13.711,2.742,80.771,1.246,0,5562152,157156,176156,2115324,12819.623,3516.023,0,2293.492,0,214.392,4511,6531,0.870,1.070,0.990,0,0,1.994,0,0,18,297,0,54,2
29-06 20:12:00,16.257,4.002,76.031,1.501,0,5562348,156904,176192,2115344,5522.268,1620.666,0,2845.169,0,333.137,6157,9598,0.870,1.070,0.990,1,0,0,0,0,18,298,0,54,2
29-06 20:12:01,26.795,5.008,64.108,2.254,0,5562820,155896,176224,2115848,5719.645,1622.736,32.054,4415.445,1.002,480.811,9359,14591,0.800,1.050,0.980,1,0,0,0,0,18,298,0,55,2
29-06 20:12:02,21.748,4.250,69.243,2.500,0,5563332,155140,176260,2116056,6354.395,2459.766,0,9007.142,0,657.937,7923,12446,0.800,1.050,0.980,1,0,0,0,0,18,295,0,54,2
29-06 20:12:03,9.245,1.249,87.698,0.999,0,5563084,155140,176268,2116296,11333.315,3395.997,0,1235.271,0,121.928,2786,3905,0.800,1.050,0.980,0,0,0,0,0,18,295,0,54,2
29-06 20:12:04,6.001,1.500,90.514,0.500,0,5563144,154888,176272,2116484,21766.332,5587.855,0,736.113,0,69.011,2170,2885,0.800,1.050,0.980,1,0,1.000,0,0,18,296,0,54,2
29-06 20:12:05,9.970,1.745,85.247,0.748,0,5563048,154888,176292,2116560,21239.859,6024.092,0,1072.811,0,125.627,3389,4629,0.800,1.050,0.980,0,0,0,0,0,18,295,0,55,2
29-06 20:12:06,10.247,1.999,84.974,1.000,0,5564100,153628,176300,2116760,12426.231,3458.951,0,1075.674,0,116.965,3365,4490,0.810,1.050,0.980,0,0,0,0,0,18,295,0,51,2
29-06 20:12:07,15.005,3.001,79.524,1.000,0,5563908,153628,176312,2116940,5436.631,1458.437,0,1520.456,0,186.056,4932,7558,0.810,1.050,0.980,3,0,0,0,0,18,296,0,51,2
29-06 20:12:08,25.869,4.772,65.803,1.758,0,5564196,152872,176360,2117360,5304.432,1627.496,0,6863.613,0,497.290,8008,12631,0.810,1.050,0.980,1,0,0,0,0,18,296,0,51,2
29-06 20:12:09,25.461,4.992,65.899,2.496,0,5565624,151108,176404,2117652,4690.796,1455.764,0,12309.097,0,735.870,8178,12488,0.810,1.050,0.980,2,0,0,0,0,18,296,0,51,2
29-06 20:12:10,6.730,1.745,88.740,0.748,0,5565548,151108,176416,2117716,6185.858,2670.169,0,1770.807,0,134.605,2616,4006,0.810,1.050,0.980,1,0,0,0,0,18,295,0,48,2
29-06 20:12:11,10.237,1.248,84.892,0.999,0,5565724,150856,176436,2117772,10181.071,2993.199,0,1358.275,0,149.810,3250,4604,0.830,1.050,0.980,0,0,0,0,0,18,295,0,48,2
29-06 20:12:12,15.772,2.253,80.114,1.001,0,5565696,150856,176444,2117792,10018.263,3236.608,0,1305.859,0,141.201,3427,4521,0.830,1.050,0.980,4,0,0,0,0,18,295,0,49,2
29-06 20:12:13,9.006,1.751,87.057,0.250,0,5565596,150856,176448,2117888,5884.824,1687.096,0,1140.741,0,101.066,3108,4281,0.830,1.050,0.980,1,0,0,0,0,18,296,0,49,2
29-06 20:12:14,25.599,5.270,64.752,2.510,0,5565452,150604,176480,2118252,5180.125,1626.318,16.062,4493.457,1.004,472.837,8413,13113,0.830,1.050,0.980,1,0,1.004,0,0,18,296,0,49,2
29-06 20:12:15,23.203,4.990,67.614,1.746,0,5566384,149344,176504,2118556,5029.903,1616.755,0,3269.437,0,293.411,7921,11703,0.830,1.050,0.980,1,0,0,0,0,18,295,0,50,2
29-06 20:12:16,17.732,4.246,74.423,1.998,0,5566440,149092,176532,2118724,6433.324,2567.336,0,7472.246,0,550.429,5954,9036,1.160,1.120,1.010,1,0,0.999,0,0,18,295,0,51,2
29-06 20:12:17,8.258,1.752,88.586,0.751,0,5566488,148840,176548,2118912,7785.556,2432.361,0,1337.298,0,128.124,2944,4137,1.160,1.120,1.010,0,0,0,0,0,18,295,0,51,2
29-06 20:12:18,10.013,2.503,84.858,0.751,0,5566252,148840,176568,2119128,11842.118,2491.180,0,1209.544,0,121.155,3733,5401,1.160,1.120,1.010,1,0,0,0,0,18,296,0,49,2
29-06 20:12:19,25.909,4.983,64.026,2.491,0,5566368,148336,176580,2119504,6284.025,1680.125,0,4285.015,0,483.310,8420,13139,1.160,1.120,1.010,1,0,0,0,0,18,296,0,49,2
29-06 20:12:20,24.601,4.518,68.028,0.753,0,5567748,146824,176580,2119636,6384.122,1463.990,0,2072.480,0,178.731,7854,11306,1.160,1.120,1.010,3,0,0,0,0,18,296,0,51,2
29-06 20:12:21,25.677,5.983,63.319,2.493,0,5568100,145844,176592,2120252,5205.123,1615.383,0,3422.219,0,412.820,8158,12926,1.150,1.110,1.010,2,1,0,0,0,18,296,0,51,2
29-06 20:12:22,24.966,5.492,65.410,1.748,0,5568756,144836,176632,2120572,4768.464,1456.004,0,7022.374,0,532.270,8029,12329,1.150,1.110,1.010,1,0,0,0,0,18,296,0,50,2
29-06 20:12:23,23.740,4.998,67.473,1.749,0,5568956,144332,176676,2120832,4989.990,2515.987,0,3022.783,0,256.897,6877,9915,1.150,1.110,1.010,0,0,0,0,0,18,295,0,51,2
29-06 20:12:24,6.277,1.506,89.633,0.502,0,5568884,144332,176680,2120900,6345.099,1693.231,0,1880.029,0,157.673,2489,3685,1.150,1.110,1.010,1,0,1.004,0,0,18,296,0,51,2
29-06 20:12:25,4.233,1.245,91.635,0.996,0,5569328,143828,176684,2120956,6094.704,2347.641,0,6518.017,0,377.495,2404,3564,1.150,1.110,1.010,0,0,0,0,0,18,295,0,51,2
29-06 20:12:26,17.235,2.248,78.181,0.999,0,5569556,142832,176720,2121688,5769.929,2081.171,0,1658.542,0,176.845,3953,5282,1.060,1.100,1,0,0,0,0,0,18,295,0,50,2
29-06 20:12:27,8.271,1.754,87.468,0.752,0,5569332,142832,176736,2121880,8059.063,2692.703,0,1483.694,0,152.379,2753,3897,1.060,1.100,1,3,0,0,0,0,18,295,0,50,2
29-06 20:12:28,7.237,1.747,88.344,0.749,0,5569396,142580,176760,2122044,8077.757,2228.071,0,1373.578,0,150.734,2975,4409,1.060,1.100,1,3,0,0,0,0,18,296,0,50,2
29-06 20:12:29,26.296,5.009,64.364,2.254,0,5569232,142328,176816,2122404,4826.530,1460.581,0,4427.825,0,476.843,8218,12730,1.060,1.100,1,1,0,0,0,0,18,296,0,51,2
29-06 20:12:30,24.264,6.003,65.287,2.251,0,5570468,140816,176832,2122664,4622.628,1761.001,0,7007.984,0,508.289,8648,13161,1.060,1.100,1,1,0,0,0,0,18,296,0,51,2
29-06 20:12:31,25.545,5.009,65.364,1.753,0,5571396,139536,176856,2122992,4567.991,1622.839,16.028,2540.444,1.002,283.496,7342,10597,0.970,1.080,0.990,1,0,0,0,0,18,295,0,52,2
29-06 20:12:32,4.996,1.249,91.924,0.250,0,5571616,139284,176868,2123012,6811.372,2609.844,0,1111.082,0,99.917,2166,3189,0.970,1.080,0.990,1,0,0,0,0,18,296,0,52,2
29-06 20:12:33,6.979,1.745,89.477,0.997,0,5571496,139284,176904,2123096,11853.779,3449.460,0,1443.589,0,136.583,2782,4208,0.970,1.080,0.990,0,0,0,0,0,18,295,0,52,2
29-06 20:12:34,22.813,5.014,68.939,1.755,0,5571472,139032,176924,2123352,5781.845,1690.633,0,3144.618,0,370.014,8152,12643,0.970,1.080,0.990,1,0,2.005,0,0,18,296,0,50,2
29-06 20:12:35,24.484,5.496,64.457,2.998,0,5571600,138276,176944,2123960,5054.609,1457.022,0,5244.481,0,599.598,9408,15219,0.970,1.080,0.990,3,0,0,0,0,18,296,0,50,2
29-06 20:12:36,24.291,5.259,67.866,1.252,0,5572784,137016,176952,2124028,5289.036,1622.772,32.055,6246.672,1.002,440.753,8327,12636,0.980,1.080,1,1,0,0,0,0,18,296,0,51,2
29-06 20:12:37,9.961,2.490,83.923,1.992,0,5573136,136260,176952,2124432,6041.427,2425.536,15.938,3227.407,0.996,301.822,3980,6125,0.980,1.080,1,0,0,0,0,0,18,295,0,52,2
29-06 20:12:38,8.499,1.750,87.240,0.500,0,5573208,136008,176952,2124612,10792.752,2996.653,0,1319.847,0,135.984,2849,3884,0.980,1.080,1,0,0,0,0,0,18,295,0,53,2
29-06 20:12:39,9.266,2.004,87.155,0.501,0,5573152,136008,176956,2124664,13131.376,3303.881,0,3678.548,0,183.326,3182,4356,0.980,1.080,1,0,0,0,0,0,18,295,0,46,2
29-06 20:12:40,13.040,2.508,81.999,1.003,0,5569640,139428,176960,2124752,12452.843,3006.135,0,6584.008,0,479.457,4566,6522,0.980,1.080,1,1,0,0,0,0,18,296,0,48,2
29-06 20:12:41,25.239,5.498,65.470,2.499,0,5569760,138952,176968,2125100,7496.603,1619.266,0,4098.143,0,467.788,9027,14018,0.980,1.070,1,1,0,0,0,0,18,296,0,48,2
29-06 20:12:42,24.481,5.246,66.949,2.248,0,5570360,137984,176976,2125460,4411.639,1456.890,0,8021.889,0,592.549,8980,13723,0.980,1.070,1,1,0,0,0,0,18,295,0,49,2
29-06 20:12:43,24.270,4.253,68.055,1.001,0,5572304,135744,176980,2125752,4683.769,1621.305,0,2329.875,0,275.221,7650,11463,0.980,1.070,1,4,0,0,0,0,18,296,0,45,2
29-06 20:12:44,23.985,5.497,66.459,2.498,0,5572996,134736,176992,2126056,4994.902,1457.096,0,3933.560,0,432.732,8832,14073,0.980,1.070,1,1,0,0.999,0,0,18,296,0,46,2
29-06 20:12:45,23.977,5.495,67.685,0.749,0,5570992,149340,175732,2115148,5155.083,1618.456,0,2289.816,0,218.791,7898,11533,0.980,1.070,1,2,0,0,0,0,18,296,0,47,2
29-06 20:12:46,26.767,4.503,64.790,2.752,0.250,5570944,148892,175764,2115612,4941.060,1458.903,32.020,4006.481,1.001,481.298,9025,14550,0.980,1.070,1,1,0,0,0,0,18,296,0,47,2
29-06 20:12:47,25.986,5.997,64.716,1.999,0,5590236,159056,170012,2093072,5234.271,1619.156,0,7687.992,0,514.732,8512,13797,0.980,1.070,1,8,0,33.982,0,0,18,296,0,44,2
29-06 20:12:48,27.458,6.241,60.658,2.496,0,5573856,207156,169036,2063160,4912.529,1617.540,7.988,3762.278,1.997,441.329,9721,20812,0.980,1.070,1,1,0,1.997,0,0,18,296,0,45,2
29-06 20:12:49,24.296,4.759,67.628,0.751,0,5573844,206904,169040,2063420,4995.445,1689.194,0,2164.092,0,210.398,7384,10682,0.980,1.070,1,1,0,0,0,0,18,296,0,45,2
29-06 20:12:50,17.197,3.739,75.518,1.495,0,5574476,206148,169068,2063516,5644.659,2562.129,0,2831.302,0,285.124,5676,8645,0.980,1.070,1,0,0,1.994,0,0,18,295,0,47,2
29-06 20:12:51,10.797,3.264,83.617,0.753,0,5575732,204648,169080,2063748,5684.946,2581.327,28.123,1988.727,2.009,196.864,3550,5103,0.900,1.050,0.990,0,1,6.026,0,0,18,295,0,43,2
29-06 20:12:52,8.243,2.498,87.678,0.999,0.250,5576116,204172,169092,2063828,5232.680,1618.664,0,1870.456,0,180.851,2917,4370,0.900,1.050,0.990,1,0,0,0,0,18,293,0,46,2
29-06 20:12:53,5.235,1.496,89.489,1.496,0,5576036,204172,169148,2063852,6062.301,2605.393,0,6221.835,0,405.815,2915,4757,0.900,1.050,0.990,1,0,0,0,0,18,296,0,46,2
29-06 20:12:54,12.993,3.248,80.954,1.499,0.250,5576008,203920,169168,2064112,6334.407,2333.676,0,2426.623,0,230.869,4304,6209,0.900,1.050,0.990,1,0,0.999,0,0,18,295,0,47,2
29-06 20:12:55,14.024,2.504,81.639,0.751,0,5577028,202860,169200,2064120,19115.661,6843.693,0,7817.357,0,431.738,4212,5720,0.900,1.050,0.990,0,0,0,0,0,18,296,0,46,2
29-06 20:12:56,7.981,1.496,87.041,1.247,0,5577036,202656,169240,2064276,12374.249,2494.004,0,1480.441,0,157.621,3067,4200,1.230,1.120,1.010,0,0,0,0,0,18,296,0,46,2
29-06 20:12:57,7.247,1.999,88.463,0.750,0,5576868,202656,169264,2064420,7479.863,2279.044,0,1399.413,0,144.939,2782,4003,1.230,1.120,1.010,0,0,0,0,0,18,296,0,46,2
29-06 20:12:58,7.032,1.256,89.663,0.502,0,5577040,202416,169280,2064472,11260.880,2704.460,0,1072.943,0,92.426,2675,3782,1.230,1.120,1.010,1,0,1.005,0,0,18,297,0,46,2
29-06 20:12:59,27.751,6.000,61.503,2.500,0,5579660,199420,169352,2064776,5058.209,1458.060,0,4884.202,0,526.022,8913,14065,1.230,1.120,1.010,2,0,3.000,0,0,18,297,0,39,2
29-06 20:13:00,26.267,5.754,65.542,1.501,0,5580012,198692,169372,2065132,5343.432,1621.041,0,4378.812,0,288.185,8259,12301,1.230,1.120,1.010,1,0,2.001,0,0,18,297,0,41,2
29-06 20:13:01,25.940,4.240,65.848,1.995,0,5579984,198440,169408,2065376,5134.119,1562.385,0,7682.223,0,589.636,8449,13228,1.210,1.120,1.010,3,0,0,0,0,18,296,0,41,2
29-06 20:13:02,25.750,5.000,66.250,1.500,0.250,5580508,197432,169468,2065800,4969.001,1512.000,0,4608.001,0,403.000,8605,13527,1.210,1.120,1.010,1,0,0,0,0,18,298,0,42,2
29-06 20:13:03,10.492,2.748,83.187,0.999,0,5581400,196424,169504,2065880,12350.605,3824.091,0,2286.261,0,230.824,3905,5918,1.210,1.120,1.010,1,0,0,0,0,18,296,0,37,2
29-06 20:13:04,6.743,3.247,87.161,1.498,0,5583316,194424,169516,2065952,7135.706,2462.483,0,1965.990,0,192.803,2945,4246,1.210,1.120,1.010,1,0,0.999,0,0,18,296,0,38,2
29-06 20:13:05,13.002,2.500,82.764,0.500,0,5583576,193920,169532,2066180,6616.084,2083.341,0,2340.383,0,235.038,4254,6257,1.210,1.120,1.010,0,0,0,0,0,18,296,0,41,2
29-06 20:13:06,6.262,0.501,90.670,0.501,0,5583548,193920,169532,2066208,6673.506,2032.809,0,945.772,0,73.137,2071,2841,1.110,1.100,1.010,1,0,0,0,0,18,296,0,41,2
29-06 20:13:07,5.005,1.251,92.094,1.001,0,5583508,193920,169532,2066248,11003.178,3000.048,0,1497.521,0,136.138,2463,3860,1.110,1.100,1.010,1,0,0,0,0,18,297,0,40,2
29-06 20:13:08,24.514,4.753,67.037,1.001,0,5583672,193164,169644,2066728,4774.658,1512.842,0,8028.469,0,600.334,8217,12744,1.110,1.100,1.010,1,0,0,0,0,18,297,0,40,2
29-06 20:13:09,25.745,5.499,65.987,2.000,0,5584376,191904,169768,2067160,4619.074,1619.675,0,3203.358,0,356.928,8606,13314,1.110,1.100,1.010,1,0,0,0,0,18,297,0,42,2
29-06 20:13:10,24.748,5.000,66.494,1.500,0,5586036,189888,169852,2067432,4623.586,1713.846,0,2335.791,0,264.976,8017,12141,1.110,1.100,1.010,1,0,0,0,0,18,296,0,44,2
29-06 20:13:11,5.249,1.250,91.484,0.500,0,5585968,189888,169872,2067480,5728.977,2414.569,0,1571.719,0,128.977,2491,3605,1.020,1.080,1,1,0,0,0,0,18,297,0,43,2
29-06 20:13:12,6.246,1.249,89.439,0.749,0,5585844,189888,169940,2067536,11892.933,2971.984,0,1862.736,0,170.884,2785,4286,1.020,1.080,1,0,0,0,0,0,18,296,0,43,2
29-06 20:13:13,24.285,4.757,68.098,2.003,0,5585416,189888,170060,2067844,5227.516,1622.332,0,3729.362,0,446.642,8246,13128,1.020,1.080,1,1,0,0,0,0,18,297,0,44,2
29-06 20:13:14,25.459,3.494,67.889,1.248,0,5586308,188628,170168,2068104,5133.636,1509.540,0,7998.967,0,535.128,6988,10901,1.020,1.080,1,1,0,0.998,0,0,18,297,0,44,2
29-06 20:13:15,9.742,1.998,85.181,1.749,0,5582776,191964,170244,2068224,6182.977,2510.960,0,3848.873,0,260.788,3625,5669,1.020,1.080,1,0,0,0,0,0,18,296,0,42,2
29-06 20:13:16,6.489,1.497,90.098,0.499,0,5582936,191740,170256,2068276,5877.060,2175.321,0,7375.526,0,392.336,2901,3977,1.020,1.080,1,2,0,0,0,0,18,296,0,44,2
29-06 20:13:17,8.248,2.249,86.980,1.000,0,5583824,190480,170312,2068592,6432.533,2125.515,199.954,1391.683,21.995,148.966,3258,4768,1.020,1.080,1,0,0,0,0,0,18,296,0,44,2
29-06 20:13:18,7.751,2.000,87.757,1.000,0,5583712,190480,170348,2068668,8616.673,2943.230,0,1764.138,0,203.016,3147,4714,1.020,1.080,1,0,0,0,0,0,18,296,0,44,2
29-06 20:13:19,3.503,1.001,93.593,0.500,0,5583664,190480,170356,2068708,7306.268,1938.929,0,1025.020,0,96.096,1821,2562,1.020,1.080,1,0,0,0,0,0,18,296,0,44,2
29-06 20:13:20,11.490,1.998,83.677,0.999,0,5583736,190228,170380,2068864,12208.397,2647.701,0,1386.796,0,136.881,3523,4817,1.020,1.080,1,1,0,0,0,0,18,296,0,46,2
29-06 20:13:21,6.021,2.007,90.314,0.251,0,5583904,189976,170400,2068928,6554.826,2466.589,0,1176.095,0,119.416,2715,3920,1.020,1.080,1,1,0,0,0,0,18,297,0,46,2
29-06 20:13:22,3.987,1.495,92.197,0.997,0,5583844,189976,170412,2068976,6791.700,2440.985,0,1455.222,0,161.470,2382,3760,1.020,1.080,1,0,0,0,0,0,18,296,0,46,2
29-06 20:13:23,11.773,2.505,82.409,1.252,0,5584256,189220,170484,2069248,6527.630,2476.792,0,6785.129,0,494.958,4316,6680,1.020,1.080,1,0,0,0,0,0,18,296,0,48,2
29-06 20:13:24,8.234,1.497,87.830,0.749,0,5584468,188968,170512,2069260,18915.339,5358.614,0,1149.772,0,117.772,2954,4135,1.020,1.080,1,0,0,0.998,0,0,18,296,0,45,2
29-06 20:13:25,3.253,0.751,94.842,0.250,0,5584284,188968,170516,2069440,7119.879,1931.866,0,528.511,0,41.040,1499,2035,1.020,1.080,1,0,0,0,0,0,18,296,0,45,2
29-06 20:13:26,3.250,0.750,95.004,0.250,0,5584284,188968,170520,2069436,11147.523,4150.195,0,428.020,0,27.001,1315,1646,0.940,1.060,0.990,0,0,0,0,0,18,296,0,45,2
29-06 20:13:27,4.494,1.748,92.377,0.250,0,5584244,188968,170528,2069468,7397.129,2422.767,0,986.683,0,98.868,2069,2984,0.940,1.060,0.990,0,0,0,0,0,18,296,0,45,2
29-06 20:13:28,9.752,1.500,86.015,1.000,0,5584188,188968,170560,2069492,12746.223,3873.676,0,1468.256,0,173.030,3287,4776,0.940,1.060,0.990,0,0,0,0,0,18,296,0,46,2
29-06 20:13:29,6.770,1.755,90.272,0.502,0,5584096,188968,170564,2069580,10733.312,2549.676,0,910.742,0,85.257,2538,3537,0.940,1.060,0.990,1,0,0,0,0,18,297,0,46,2
29-06 20:13:30,24.733,5.246,65.956,1.249,0,5585392,187216,170616,2069968,4842.757,1564.952,0,4640.893,0,400.732,8743,13985,0.940,1.060,0.990,1,0,0,0,0,18,297,0,47,2
29-06 20:13:31,9.749,2.750,84.487,1.500,0,5585624,186712,170636,2070220,6051.101,2456.635,0,2447.636,0,258.962,3841,5979,0.940,1.060,1,0,0,0,0,0,18,296,0,49,2
29-06 20:13:32,14.465,2.494,78.811,0.998,0,5585772,186208,170664,2070548,10127.773,3332.029,15.962,6105.395,0.998,598.568,5089,7073,0.940,1.060,1,0,0,0,0,0,18,296,0,46,2
29-06 20:13:33,11.046,2.511,83.853,1.506,0,5585832,185956,170692,2070712,6299.485,1584.662,0,5724.065,0,407.714,4642,7366,0.940,1.060,1,1,0,0,0,0,18,297,0,46,2
29-06 20:13:34,24.458,5.740,67.384,1.497,0,5587320,184196,170724,2070952,5322.853,1629.200,0,4280.644,0,358.384,8364,13081,0.940,1.060,1,1,0,0.998,0,0,18,297,0,49,2
29-06 20:13:35,20.231,3.746,72.431,1.249,0,5587884,183188,170764,2071356,6226.038,2455.649,0,2845.276,0,284.727,6797,10295,0.940,1.060,1,1,0,0,0,0,18,296,0,52,2
29-06 20:13:36,9.244,1.249,86.945,0.999,0,5587792,183188,170776,2071436,5038.797,1618.971,15.990,1798.856,0.999,164.895,3128,4498,0.870,1.040,0.990,3,0,0,0,0,18,297,0,50,2
29-06 20:13:37,10.527,2.005,84.468,1.253,0,5588172,182684,170820,2071516,8629.231,2801.217,0,2642.808,0,312.806,4377,6726,0.870,1.040,0.990,2,0,0,0,0,18,296,0,50,2
29-06 20:13:38,6.998,2.000,89.230,0.750,0,5588268,182432,170824,2071668,8176.178,2123.527,0,1447.677,0,127.971,2449,3359,0.870,1.040,0.990,2,0,0,0,0,18,297,0,50,2
29-06 20:13:39,7.225,1.246,89.193,0.747,0,5588084,182432,170832,2071844,6726.855,2556.205,0,1443.035,0,139.520,2813,4014,0.870,1.040,0.990,0,0,0,0,0,18,296,0,51,2
29-06 20:13:40,10.984,2.496,82.880,1.747,0,5588200,182180,170840,2071972,18743.769,4776.061,0,7361.306,0,554.195,4613,7038,0.870,1.040,0.990,0,0,0,0,0,18,296,0,48,2
29-06 20:13:41,19.577,4.016,74.041,1.255,0,5588452,181676,170860,2072204,5541.760,1626.386,0,2658.439,0,251.989,6894,10594,0.800,1.020,0.980,2,0,1.004,0,0,18,297,0,50,2
29-06 20:13:42,25.788,5.759,64.846,3.004,0,5588460,181172,170924,2072636,4523.680,1622.396,0,4566.743,0,567.838,9138,15027,0.800,1.020,0.980,1,0,0,0,0,18,297,0,50,2
29-06 20:13:43,23.736,4.248,68.961,0.750,0,5590476,178904,170944,2072868,4709.315,1511.138,0,2226.730,0,216.876,7935,12002,0.800,1.020,0.980,1,0,0,0,0,18,297,0,53,2
29-06 20:13:44,13.252,3.001,81.514,1.250,0,5590244,178904,170972,2073072,6501.083,2571.429,0,3196.533,0,307.051,4621,7337,0.800,1.020,0.980,0,0,1.000,0,0,18,296,0,50,2
29-06 20:13:45,9.719,1.744,86.224,0.997,0,5590280,178652,170996,2073264,4784.706,1614.838,0,5586.144,0,411.684,3909,6238,0.800,1.020,0.980,0,0,0,0,0,18,297,0,51,2
29-06 20:13:46,10.251,2.000,84.756,1.250,0,5590156,178652,171004,2073380,11950.860,3460.249,0,2916.210,0,284.020,3902,5896,0.730,1.010,0.980,0,0,0,0,0,18,296,0,51,2
29-06 20:13:47,10.766,2.754,84.377,1.002,0,5590588,178176,171008,2073420,6032.088,2519.796,0,6770.200,0,476.718,3683,5032,0.730,1.010,0.980,0,0,0,0,0,18,296,0,52,2
29-06 20:13:48,12.734,4.744,80.402,0.499,0,5593356,175080,171012,2073744,4472.549,1906.676,67.917,946.846,2.996,87.893,4214,9398,0.730,1.010,0.980,0,0,35.956,0,0,18,296,0,51,2
29-06 20:13:49,4.252,1.501,92.797,0.250,0,5593332,175080,171016,2073764,10675.414,2632.335,0,1080.548,0,97.049,2095,3029,0.730,1.010,0.980,2,0,0,0,0,18,297,0,51,2
29-06 20:13:50,24.982,4.497,65.702,2.498,0,5593424,174604,171028,2074136,4154.971,1456.938,0,3821.215,0,474.654,9101,14638,0.730,1.010,0.980,4,0,1.999,0,0,18,297,0,52,2
29-06 20:13:51,26.512,5.753,64.528,1.751,0,5594932,172844,171052,2074364,4624.036,1620.714,0,3877.708,0,411.181,9057,13947,0.760,1.010,0.980,2,0,6.003,0,0,18,297,0,53,2
29-06 20:13:52,23.829,5.518,66.470,2.007,0,5595192,172088,171076,2074836,5194.185,1667.517,32.106,8175.048,1.003,632.091,9003,14076,0.760,1.010,0.980,5,0,0,0,0,18,295,0,52,2
29-06 20:13:53,6.725,0.996,90.410,0.249,0,5595040,172088,171088,2074976,6015.365,2399.969,0,1358.887,0,108.591,2533,3723,0.760,1.010,0.980,0,0,0.996,0,0,18,296,0,52,2
29-06 20:13:54,13.526,3.256,80.658,1.753,0,5595196,171836,171096,2075064,5651.045,1623.173,0,2188.277,0,281.550,4785,7038,0.760,1.010,0.980,2,0,2.004,0,0,18,298,0,52,2
29-06 20:13:55,7.014,1.503,89.676,0.501,0,5595448,171332,171108,2075304,11937.462,3370.625,32.063,1486.922,2.004,150.295,3009,4332,0.760,1.010,0.980,0,0,1.002,0,0,18,296,0,52,2
29-06 20:13:56,10.215,2.491,84.211,0.747,0,5595584,171080,171124,2075404,6358.210,2562.219,0,1570.617,0,176.395,3423,4994,0.700,0.990,0.970,0,0,0.997,0,0,18,296,0,52,2
29-06 20:13:57,10.492,1.999,84.939,1.249,0,5595376,171080,171148,2075588,12036.389,3295.642,0,1702.782,0,174.875,3749,5344,0.700,0.990,0.970,0,0,0,0,0,18,296,0,53,2
29-06 20:13:58,11.545,2.259,84.582,0.502,0,5595316,171080,171160,2075636,5551.786,1626.382,0,1373.389,0,144.567,4105,6140,0.700,0.990,0.970,1,0,0,0,0,18,297,0,53,2
29-06 20:13:59,26.228,5.745,63.698,2.748,0,5595812,170084,171196,2076100,5465.515,1618.672,0,9432.259,0,837.313,9773,16322,0.700,0.990,0.970,3,0,0.999,0,0,18,297,0,53,2
29-06 20:14:00,28.472,7.243,60.690,1.499,0,5635876,160604,170432,2047084,5094.994,1618.410,0,4267.806,0,388.618,8911,13571,0.700,0.990,0.970,1,0,2.997,0,0,18,294,0,54,2
29-06 20:14:01,8.738,2.496,86.626,0.749,0,5646100,150192,170444,2047260,7329.543,2558.350,15.977,2061.059,0.999,177.746,3500,5075,0.720,0.990,0.970,2,0,1.997,0,0,18,297,0,56,2
29-06 20:14:02,11.744,2.749,83.707,0.999,0,5646728,149240,170508,2047520,9406.164,3408.248,0,2202.867,0,228.882,3795,5596,0.720,0.990,0.970,0,0,0,0,0,18,296,0,57,2
29-06 20:14:03,9.773,1.754,86.453,1.002,0,5646584,149240,170584,2047588,18646.686,4782.204,0,6932.241,0,488.144,3394,4468,0.720,0.990,0.970,1,0,0,0,0,18,296,0,57,2
29-06 20:14:04,6.984,1.247,88.547,0.748,0,5647040,148740,170624,2047592,12820.546,3517.918,0,1811.838,0,184.576,3283,4816,0.720,0.990,0.970,0,0,0.998,0,0,18,296,0,58,2
29-06 20:14:05,12.743,3.248,81.954,0.750,0,5642524,153028,170716,2047728,5894.684,1457.180,0,1942.907,0,196.889,4666,6913,0.720,0.990,0.970,1,1,0,0,0,18,297,0,56,2
29-06 20:14:06,24.671,5.233,66.039,1.994,0,5642432,152552,170860,2048152,6301.899,2496.038,0,8341.393,0,643.946,8174,12958,0.740,0.990,0.970,0,0,0,0,0,18,296,0,59,2
29-06 20:14:07,5.529,1.257,91.488,0.251,0,5642580,152300,170884,2048232,6618.283,1532.168,0,3052.272,0,98.525,2281,3283,0.740,0.990,0.970,1,0,0,0,0,18,297,0,59,2
29-06 20:14:08,5.991,1.498,90.857,1.248,0,5642496,152300,170900,2048300,12051.017,3454.558,0,1437.735,0,147.767,2567,3914,0.740,0.990,0.970,1,0,0,0,0,18,296,0,60,2
29-06 20:14:09,23.848,4.017,68.281,1.255,0,5642324,152048,170984,2048640,5092.944,1464.021,0,3385.924,0,360.482,8580,13252,0.740,0.990,0.970,1,0,0,0,0,18,297,0,58,2
29-06 20:14:10,13.449,3.238,79.945,1.245,0,5642452,151796,171032,2048716,6341.829,2550.280,0,3279.501,0,319.781,4899,7429,0.740,0.990,0.970,1,0,0,0,0,18,296,0,59,2
29-06 20:14:11,13.259,3.002,81.304,1.251,0,5642084,151796,171056,2049060,6634.385,2721.799,0,2621.733,0,289.191,4205,6086,0.680,0.970,0.970,1,0,0,0,0,18,296,0,60,2
29-06 20:14:12,6.493,0.999,89.903,0.749,0,5642036,151796,171064,2049100,5315.244,1852.993,0,1574.295,0,124.865,2628,3876,0.680,0.970,0.970,0,0,0,0,0,18,296,0,60,2
29-06 20:14:13,8.037,1.758,88.157,1.507,0,5641940,151796,171088,2049172,11893.926,3476.052,0,5224.125,0,367.698,3226,4899,0.680,0.970,0.970,2,0,0,0,0,18,296,0,58,2
29-06 20:14:14,4.486,1.246,91.954,0.498,0,5642152,151548,171088,2049208,11909.657,2837.863,0,1247.982,0,114.631,2295,3453,0.680,0.970,0.970,0,0,0.997,0,0,18,296,0,58,2
29-06 20:14:15,9.738,2.247,84.642,0.999,0,5642124,151296,171140,2049436,6066.235,2072.347,0,1657.878,0,182.766,3383,5066,0.680,0.970,0.970,0,0,0,0,0,18,296,0,60,2
29-06 20:14:16,13.264,2.503,83.087,0.751,0,5642064,151296,171164,2049472,11964.594,3904.109,0,1401.475,0,136.143,3564,5015,0.630,0.960,0.960,1,0,1.001,0,0,18,296,0,61,2
29-06 20:14:17,1.750,0.750,95.241,0.250,0,5642012,151296,171168,2049520,5782.448,1971.812,0,1215.884,0,51.995,1480,2116,0.630,0.960,0.960,0,0,0,0,0,18,296,0,57,2
29-06 20:14:18,13.764,3.003,81.081,0.751,0,5642100,151044,171192,2049660,8550.534,1687.684,0,6382.370,0,578.577,4163,5903,0.630,0.960,0.960,2,0,0,0,0,18,296,0,59,2
29-06 20:14:19,4.255,1.001,93.355,0.501,0.250,5641980,151044,171200,2049772,7844.818,2628.955,0,1485.670,0,127.143,2158,3259,0.630,0.960,0.960,1,0,0,0,0,18,296,0,59,2
29-06 20:14:20,6.989,1.498,88.616,1.248,0,5641940,151044,171216,2049796,12529.022,3293.012,0,1661.483,0,182.723,3030,4481,0.630,0.960,0.960,0,0,0,0,0,18,296,0,59,2
29-06 20:14:21,7.755,1.751,87.553,0.750,0,5641808,151044,171232,2049912,12076.318,3462.098,0,1492.905,0,150.091,3248,4642,0.660,0.960,0.960,0,0,0,0,0,18,296,0,56,2
29-06 20:14:22,6.509,1.752,89.377,0.751,0,5641760,151044,171252,2049940,9584.596,3240.597,0,6016.534,0,403.572,2923,4566,0.660,0.960,0.960,0,0,0,0,0,18,296,0,57,2
29-06 20:14:23,4.251,1.000,93.777,0.500,0,5641876,150792,171264,2050064,10431.999,2943.846,0,404.116,0,52.015,1772,2511,0.660,0.960,0.960,0,0,0,0,0,18,296,0,57,2
29-06 20:14:24,16.230,3.496,76.407,1.498,0,5641932,150540,171296,2050228,6473.154,1683.959,0,2289.225,0,276.665,5812,9271,0.660,0.960,0.960,1,0,0.999,0,0,18,297,0,57,2
29-06 20:14:25,25.759,4.252,67.525,1.250,0,5640412,149796,171316,2052472,4819.777,1458.538,0,2656.980,0,299.110,8091,12316,0.660,0.960,0.960,2,0,0,0,0,18,297,0,56,2
29-06 20:14:26,24.928,4.736,66.557,1.496,0,5640520,149040,171352,2053068,5270.713,1681.124,0,3103.000,0,335.028,8020,12069,0.690,0.960,0.970,2,0,0,0,0,18,296,0,60,2
29-06 20:14:27,5.247,1.249,91.192,0.750,0,5640740,148788,171352,2053100,6590.810,2401.473,0,2242.574,0,162.896,2429,3649,0.690,0.960,0.970,1,0,0,0,0,18,297,0,60,2
29-06 20:14:28,8.750,2.000,85.752,1.250,0,5640588,148788,171384,2053220,5812.157,2457.067,0,2052.056,0,210.006,3236,4957,0.690,0.960,0.970,0,0,0,0,0,18,296,0,61,2
29-06 20:14:29,12.276,2.505,82.428,1.253,0,5640464,148536,171428,2053552,5425.709,2083.496,32.069,7375.918,1.002,534.153,4379,6759,0.690,0.960,0.970,0,0,0,0,0,18,296,0,63,2
29-06 20:14:30,14.285,2.256,81.953,0.251,0,5642644,146268,171428,2053640,4302.646,1515.751,0,573.419,0,28.069,2657,3038,0.690,0.960,0.970,1,0,0,0,0,18,297,0,63,2
29-06 20:14:31,22.651,3.734,72.185,0.498,0,5646336,142240,171440,2053964,10043.109,2901.320,0,1855.889,0,141.382,4586,6020,0.710,0.960,0.970,1,0,0,0,0,18,296,0,65,2
29-06 20:14:32,7.271,1.003,89.261,1.003,0,5646252,142240,171444,2054044,7318.394,2930.567,0,1363.987,0,159.466,2753,4119,0.710,0.960,0.970,1,0,0,0,0,18,296,0,65,2
29-06 20:14:33,6.010,1.753,90.403,0.250,0,5648444,139876,171456,2054204,10331.466,3052.160,0,1702.879,0,86.146,2229,3200,0.710,0.960,0.970,1,0,0,0,0,18,296,0,61,2
29-06 20:14:34,3.738,1.246,91.964,0.748,0,5648400,139876,171464,2054240,11715.602,3011.644,0,5897.677,0,473.529,2437,3454,0.710,0.960,0.970,0,0,0.997,0,0,18,296,0,61,2
29-06 20:14:35,24.791,5.759,67.361,1.002,0,5648336,139668,171492,2054484,4567.499,1622.664,0,2920.795,0,324.533,7984,12046,0.710,0.960,0.970,1,0,0,0,0,18,297,0,62,2
29-06 20:14:36,14.223,3.244,79.600,1.497,0,5647944,139668,171496,2054872,6427.923,2560.190,0,2571.169,0,256.518,4860,7291,0.810,0.980,0.970,0,0,0,0,0,18,296,0,64,2
29-06 20:14:37,14.980,2.247,80.643,0.250,0,5648024,139416,171496,2055044,5230.043,1617.848,315.580,942.746,15.979,64.914,4349,5922,0.810,0.980,0.970,1,0,0,0,0,18,300,0,61,2
29-06 20:14:38,24.793,4.508,68.870,0.751,0,5648660,138156,171516,2055648,5229.140,1622.837,144.252,2516.398,8.014,206.361,7379,10230,0.810,0.980,0.970,1,0,1.002,0,0,18,301,0,82,2
29-06 20:14:39,25.453,4.492,66.875,1.248,0,5648892,215900,161024,1992208,5471.792,1239.687,47.911,4747.144,1.996,330.384,7351,10524,0.810,0.980,0.970,1,0,1.996,0,0,18,300,0,98,2
29-06 20:14:40,20.999,3.750,72.745,1.000,0,5662412,201952,161040,1992620,14623.057,3360.783,0,2355.848,0,199.987,5038,6516,0.810,0.980,0.970,1,0,0,0,0,18,299,0,100,2
29-06 20:14:41,11.796,2.510,83.074,1.255,0,5662648,201700,161088,1992588,9804.195,2240.729,4.016,2393.324,1.004,260.013,4816,7291,0.750,0.960,0.970,2,0,0,0,0,18,300,0,97,2
29-06 20:14:42,24.973,4.495,66.927,1.498,0,5662664,201196,161120,1993044,5037.525,1564.300,0,4019.632,0,369.598,7509,11735,0.750,0.960,0.970,3,0,0.999,0,0,18,297,0,100,2
29-06 20:14:43,5.247,1.249,90.949,0.500,0,5662592,201196,161144,1993092,5748.748,2463.606,0,1798.982,0,142.919,2448,3864,0.750,0.960,0.970,0,0,0,0,0,18,299,0,100,2
29-06 20:14:44,7.245,1.499,89.186,0.999,0,5662776,200944,161152,1993152,6312.464,2454.237,0,1794.710,0,177.872,2753,4020,0.750,0.960,0.970,0,0,0.999,0,0,18,299,0,101,2
29-06 20:14:45,5.741,1.498,91.110,0.499,0,5662588,200944,161160,1993332,5868.010,2398.326,0,1505.693,0,145.777,2374,3587,0.750,0.960,0.970,0,0,0,0,0,18,299,0,102,2
29-06 20:14:46,6.249,1.500,89.988,0.750,0,5662540,200944,161180,1993360,6310.143,2455.667,0,1615.781,0,159.978,2688,4020,0.690,0.940,0.960,0,0,0,0,0,18,299,0,96,2
29-06 20:14:47,14.797,2.006,81.257,0.251,0,5663032,200188,161184,1993620,5412.116,1915.056,0,910.881,0,62.197,3416,4208,0.690,0.940,0.960,0,0,0,0,0,18,299,0,98,2
29-06 20:14:48,8.977,4.987,84.034,0.997,0.249,5654416,208652,161232,1993708,5919.765,1627.811,0,6339.685,0,359.076,3534,9456,0.690,0.940,0.960,2,0,35.908,0,0,18,300,0,100,2
29-06 20:14:49,4.753,1.501,92.311,0.750,0.250,5654624,208400,161244,1993740,4866.229,1153.766,0,6416.257,0,491.326,2239,3150,0.690,0.940,0.960,0,0,0,0,0,18,299,0,100,2
29-06 20:14:50,4.995,1.498,91.158,0.499,0,5654580,208400,161248,1993780,5599.369,1931.058,0,943.052,0,83.916,2263,3378,0.690,0.940,0.960,0,0,1.998,0,0,18,299,0,98,2
29-06 20:14:51,12.760,2.752,82.313,0.500,0,5655008,207900,161272,1993828,11715.007,3408.621,0,1296.997,0,137.105,3292,4185,0.630,0.930,0.960,1,0,6.005,0,0,18,299,0,98,2
29-06 20:14:52,15.797,3.260,78.235,1.505,0.251,5654992,207900,161284,1993832,4771.321,1667.003,0,2002.009,0,235.707,5230,8199,0.630,0.930,0.960,1,0,0,0,0,18,300,0,98,2
29-06 20:14:53,24.663,4.733,68.010,1.246,0,5654808,207648,161316,1994236,5094.005,2503.157,0,2897.763,0,317.877,7258,10772,0.630,0.930,0.960,0,0,0,0,0,18,299,0,103,2
29-06 20:14:54,6.000,2.000,90.005,0.750,0,5655012,207396,161320,1994280,6308.351,1686.094,0,2264.126,0,208.012,2723,4177,0.630,0.930,0.960,2,0,1.000,0,0,18,299,0,98,2
29-06 20:14:55,2.500,0.750,94.495,0.500,0,5654960,207396,161324,1994328,6690.660,2514.872,0,1311.933,0,102.995,2010,3104,0.630,0.930,0.960,1,0,0,0,0,18,300,0,98,2
29-06 20:14:56,4.995,1.499,91.913,0.749,0,5654844,207396,161332,1994436,6167.142,2039.063,0,1182.876,0,107.898,2248,3310,0.820,0.960,0.970,0,0,0,0,0,18,299,0,99,2
29-06 20:14:57,9.008,1.752,87.081,0.500,0,5654776,207144,161348,1994740,12204.305,3409.158,0,1557.443,0,164.152,3222,4506,0.820,0.960,0.970,0,0,0,0,0,18,299,0,99,2
29-06 20:14:58,19.540,4.008,72.897,1.754,0,5654972,206892,161424,1994720,5591.304,1623.282,0,7960.093,0,605.224,6806,11088,0.820,0.960,0.970,1,0,0,0,0,18,299,0,96,2
29-06 20:14:59,13.228,1.997,83.115,0.250,0,5479420,382176,161496,1995000,7212.266,268071.861,419.318,1285.908,21.964,43.929,2047,1939,0.820,0.960,0.970,0,0,14.976,0,0,18,299,0,96,2
29-06 20:15:00,1.499,0.250,96.961,0,0,5479420,382176,161500,1994996,5517.768,1619.345,0,463.812,0,23.990,965,1442,0.820,0.960,0.970,0,0,0,0,0,18,299,0,96,2
29-06 20:15:01,2.999,1.249,94.206,0.750,0,5479644,381936,161508,1995004,5117.613,1457.320,0,1291.398,0,85.960,1782,2602,0.760,0.950,0.960,0,0,1.000,0,0,18,299,0,96,2
29-06 20:15:02,3.502,1.751,93.547,0.250,0,5479940,381472,161512,1995168,5299.643,1620.808,12.006,736.367,1.000,33.016,1593,2291,0.760,0.950,0.960,1,0,6.003,0,0,18,299,0,90,2
29-06 20:15:03,9.499,2.250,86.740,0,0,5480172,381220,161512,1995188,10817.750,2834.672,0,239.972,0,24.997,3045,4121,0.760,0.950,0.960,0,0,2.000,0,0,18,299,0,92,2
29-06 20:15:04,1.500,1.000,96.246,0,0,5480408,380968,161512,1995204,6059.719,1619.925,0,203.991,0,13.999,1223,1719,0.760,0.950,0.960,0,0,1.000,0,0,18,299,0,92,2
29-06 20:15:05,2.251,0.250,96.304,0,0,5480404,380968,161512,1995208,5000.808,1458.819,0,60.034,0,7.004,1138,1576,0.760,0.950,0.960,0,0,1.001,0,0,18,299,0,92,2
29-06 20:15:06,1.500,1.000,96.726,0,0,5480400,380968,161512,1995212,5638.620,1619.604,0,0,0,0,1076,1432,0.700,0.930,0.960,0,0,0,0,0,18,299,0,89,2
29-06 20:15:07,1.749,0.750,96.722,0.250,0,5480400,380968,161512,1995212,4833.587,1457.574,0,115.966,0,12.996,1136,1706,0.700,0.930,0.960,0,0,0,0,0,18,299,0,89,2
29-06 20:15:08,1.500,1.250,95.220,0.250,0,5480384,380968,161516,1995224,5408.295,1619.490,0,659.792,0,69.978,1433,2146,0.700,0.930,0.960,0,0,0,0,0,18,299,0,89,2
29-06 20:15:09,2.000,0.500,96.269,0.500,0,5480376,380968,161532,1995216,5461.091,1620.324,0,524.105,0,39.008,1335,1927,0.700,0.930,0.960,0,0,0,0,0,18,299,0,89,2
29-06 20:15:10,1.751,1.000,96.535,0,0,5480584,380744,161532,1995232,4741.724,1620.589,0,3961.440,0,457.166,1484,1959,0.700,0.930,0.960,0,0,0,0,0,18,299,0,83,2
29-06 20:15:11,1.751,0.250,96.056,0,0,5480584,380744,161532,1995232,5409.154,1686.984,0,276.161,0,33.019,1468,2159,0.640,0.910,0.950,2,0,0,0,0,18,299,0,83,2
29-06 20:15:12,1.001,1.001,96.814,0.250,0,5480572,380744,161532,1995244,4886.234,1687.117,0,672.445,0,88.058,1148,1836,0.640,0.910,0.950,0,0,0,0,0,18,299,0,83,2
29-06 20:15:13,1.498,0.499,96.615,0,0,5480560,380744,161536,1995252,4991.007,1455.960,0,171.759,0,22.968,1108,1583,0.640,0.910,0.950,0,0,0,0,0,18,299,0,83,2
29-06 20:15:14,1.750,0.500,97.505,0,0,5480560,380744,161536,1995252,5100.287,1620.091,0,8.000,0,2.000,1005,1384,0.640,0.910,0.950,1,0,1.000,0,0,18,299,0,81,2
29-06 20:15:15,1.500,0.250,96.749,0,0,5480560,380744,161536,1995252,4937.953,1457.986,0,12.000,0,1.000,962,1397,0.640,0.910,0.950,0,0,0,0,0,18,299,0,81,2
29-06 20:15:16,0.500,1.000,97.498,0,0,5480560,380744,161536,1995252,5399.900,1619.970,0,0,0,0,990,1397,0.590,0.900,0.950,0,0,0,0,0,18,299,0,81,2
29-06 20:15:17,1.251,0.750,96.561,0,0,5480560,380744,161540,1995248,4958.134,1458.922,0,196.124,0,14.009,1180,1788,0.590,0.900,0.950,0,0,0,0,0,18,299,0,81,2
29-06 20:15:18,1.251,0.500,97.077,0.751,0,5480556,380744,161540,1995252,6244.940,1621.283,0,468.371,0,37.029,1233,1906,0.590,0.900,0.950,0,0,0,0,0,18,299,0,78,2
29-06 20:15:19,2.003,0.751,97.126,0,0,5480556,380744,161540,1995252,6374.275,1772.301,0,44.057,0,6.008,1019,1394,0.590,0.900,0.950,0,0,0,0,0,18,299,0,78,2
29-06 20:15:20,1.247,0.499,97.043,0,0,5480552,380744,161540,1995256,5334.602,1023.813,0,87.812,0,11.974,1019,1465,0.590,0.900,0.950,0,0,0,0,0,18,299,0,78,2
29-06 20:15:21,2.248,1.249,94.682,0.250,0,5480552,380744,161544,1995252,4888.508,1510.921,0,323.769,0,34.975,1541,2193,0.540,0.880,0.940,0,0,0,0,0,18,299,0,78,2
29-06 20:15:22,1.500,1.000,96.484,0.500,0,5480492,380744,161548,1995308,5088.146,1511.746,0,427.928,0,37.994,1242,1884,0.540,0.880,0.940,1,0,0,0,0,18,299,0,75,2
29-06 20:15:23,1.001,0.250,97.555,0,0,5480492,380744,161548,1995308,4618.619,1566.889,0,0,0,0,943,1317,0.540,0.880,0.940,0,0,0,0,0,18,299,0,75,2
29-06 20:15:24,1.749,1.000,96.207,0,0,5480484,380744,161556,1995308,5009.778,1511.330,0,275.878,0,26.988,1208,1722,0.540,0.880,0.940,0,0,1.000,0,0,18,299,0,75,2
29-06 20:15:25,1.750,0.750,96.241,0.250,0,5480472,380744,161564,1995312,4859.540,1619.847,0,271.974,0,25.998,1253,1879,0.540,0.880,0.940,0,0,0,0,0,18,299,0,75,2
29-06 20:15:26,1.251,1.001,97.322,0,0,5480472,380744,161564,1995312,5149.785,1567.152,0,64.047,0,5.004,1066,1443,0.500,0.870,0.930,0,0,0,0,0,18,299,0,70,2
29-06 20:15:27,1.750,0.250,96.768,0,0,5480468,380744,161576,1995304,5373.986,1686.309,0,132.024,0,16.003,1144,1729,0.500,0.870,0.930,0,0,0,0,0,18,299,0,70,2
29-06 20:15:28,1.003,0.752,97.506,0,0,5480460,380744,161576,1995312,5119.466,1690.446,0,481.266,0,40.105,1225,1968,0.500,0.870,0.930,0,0,0,0,0,18,299,0,70,2
29-06 20:15:29,1.247,0.499,97.536,0,0,5480460,380744,161576,1995312,4184.818,1131.517,0,0,0,0,924,1385,0.500,0.870,0.930,0,0,0,0,0,18,299,0,70,2
29-06 20:15:30,6.993,1.498,89.908,0.250,0,5503612,357560,161588,1995332,273355.324,4617.293,31.967,35.963,3.996,3.996,1565,1707,0.500,0.870,0.930,1,0,6.993,0,0,18,299,0,70,2
29-06 20:15:31,11.520,5.009,82.643,0,0,5516616,344220,161620,1995636,285423.412,10810.688,184.319,464.804,7.012,42.073,3023,2901,0.540,0.870,0.930,1,0,32.055,0,0,18,299,0,66,2
29-06 20:15:32,16.266,4.755,76.327,0.501,0,5508596,347000,161644,2000836,147178.272,4328.390,152.154,2934.977,3.003,177.180,2939,3079,0.540,0.870,0.930,1,0,24.024,0,0,18,299,0,66,2
