"pcp-dstat 6.2.0 CSV Output"
"Author:","PCP team <pcp@groups.io> and Dag Wieers <dag@wieers.com>",,,,"URL:","https://pcp.io/ and http://dag.wieers.com/home-made/dstat/"
"Host:","ubuntu",,,,"User:","ubuntu"
"Cmdline:","dstat -tcmndrylpg --tcp --output /tmp/devstack_logs/dstat-csv.log",,,,"Date:","15 Jun 2026 05:01:55 UTC"
"system","total usage",,,,,"memory usage",,,,"net/total",,"dsk/total",,"io/total",,"system",,"load avg",,,"procs",,,"paging",,"tcp sockets",,,,
"time","total usage:usr","total usage:sys","total usage:idl","total usage:wai","total usage:stl","used","free","buf","cach","net/total:recv","net/total:send","dsk/total:read","dsk/total:writ","read","writ","int","csw","1m","5m","15m","run","blk","new","in","out","lis","act","syn","tim","clo"
15-06 05:01:55,,1023212,1379636,167736,5235920,,,,,,,1.500,0.950,0.530,1,0,,,,10,5,0,17,0
15-06 05:01:56,19.739,20.738,57.718,0.250,0,971476,1431176,167768,5236048,26032.386,7970.525,0,1858.956,0,75.957,6569,5559,1.500,0.950,0.530,1,0,508.714,0,0,10,5,0,17,0
15-06 05:01:57,21.967,17.723,58.163,0.499,0,979924,1422264,167888,5236272,37983.014,10126.807,0,1781.327,0,119.820,6930,7469,1.500,0.950,0.530,3,0,365.452,0,0,10,6,0,17,0
15-06 05:01:58,26.300,15.780,56.106,0.501,0,980564,1420764,168064,5236784,27414.703,14974.241,0,1955.688,0,57.108,6918,8501,1.500,0.950,0.530,1,1,257.486,0,0,10,6,0,17,0
15-06 05:01:59,13.460,3.739,81.257,0.499,0,1130636,1270036,168176,5362008,35302.454,10415.859,0,4366.944,0,52.842,2282,2423,1.460,0.950,0.540,0,1,7.976,0,0,11,6,0,17,0
15-06 05:02:00,31.007,9.002,58.764,0.250,0,1132436,1267604,168312,5362376,21998.176,11558.720,0,1460.344,0,53.012,3728,2651,1.460,0.950,0.540,1,0,111.026,0,0,11,7,0,17,1
15-06 05:02:01,28.557,10.771,59.619,0.501,0,1171036,1211504,168484,5379116,185698.409,11701.277,32.064,2348.672,2.004,63.126,4226,3203,1.460,0.950,0.540,2,0,170.339,0,0,11,6,0,19,2
15-06 05:02:02,43.421,6.488,48.662,0.499,0,1239916,1121988,169572,5395724,4749.386,1455.360,3.993,3785.135,0.998,172.687,3101,1806,1.460,0.950,0.540,2,0,0.998,0,0,11,6,0,19,2
15-06 05:02:03,40.086,4.760,47.352,6.263,0,1266124,1073224,170620,5414976,5050.833,1623.482,0,17709.983,0,1249.680,7679,11783,1.460,0.950,0.540,1,1,13.028,0,0,11,8,0,19,2
15-06 05:02:04,35.412,7.232,43.143,11.721,0,1285568,1024264,172136,5440896,5045.496,1454.396,0,68171.057,0,5076.420,16580,31935,1.580,0.980,0.550,3,1,68.829,0,0,11,8,0,19,2
15-06 05:02:05,40.837,9.270,48.103,0.752,0,1229088,1064144,173072,5453920,5411.568,1623.470,0,2926.255,0,126.270,3778,2638,1.580,0.980,0.550,2,0,75.161,0,0,11,6,0,19,2
15-06 05:02:06,44.758,5.001,48.509,1.000,0,1271776,991972,174092,5479752,5135.936,1500.273,0,3412.622,0,191.035,3269,2142,1.580,0.980,0.550,1,1,1.000,0,0,11,6,0,19,2
15-06 05:02:07,44.256,6.751,47.507,0.750,0,1271932,1006204,174444,5464744,5244.758,2100.303,0,8529.232,0,524.076,3819,3464,1.580,0.980,0.550,2,0,29.004,0,0,11,4,0,19,0
15-06 05:02:08,36.902,4.488,56.849,0.499,0,1291648,980684,174544,5469776,11515.465,4590.827,0,1711.462,0,89.762,2737,1749,1.580,0.980,0.550,2,0,16.955,0,0,11,4,0,19,1
15-06 05:02:09,39.373,15.047,44.890,0,0,1274288,996232,174576,5471340,4447.851,1570.892,0,4.012,0,1.003,12769,20705,1.620,1,0.560,3,0,285.890,0,0,11,4,0,19,0
15-06 05:02:10,33.457,23.969,40.948,0,0,1257840,1011404,174628,5472800,4494.272,1617.938,0,7414.551,0,297.621,13493,20368,1.620,1,0.560,2,0,482.385,0,0,11,4,0,19,0
15-06 05:02:11,52.617,16.458,30.423,0,0,1233364,1043684,174680,5465572,4565.486,1615.925,0,2441.842,0,46.882,5635,5763,1.620,1,0.560,4,0,199.497,0,0,11,5,0,19,0
15-06 05:02:12,67.164,7.518,24.560,0,0,1255580,1021548,174696,5465528,4571.166,1623.967,0,100.245,0,10.024,4011,1755,1.620,1,0.560,3,0,75.184,0,0,11,5,0,19,0
15-06 05:02:13,43.132,7.230,48.866,0,0,1287788,988648,174700,5466244,4786.877,1615.571,0,606.338,0,55.847,2781,1522,1.620,1,0.560,3,0,0,0,0,11,5,0,19,0
15-06 05:02:14,22.778,9.011,67.082,0,0,1299512,974680,174736,5468400,5296.483,1621.985,0,4625.662,0,148.181,3743,4924,1.650,1.020,0.570,1,0,118.145,0,0,11,4,0,19,0
15-06 05:02:15,6.477,4.235,88.688,0.249,0,1322196,952000,174740,5468400,5100.030,1452.881,0,16553.673,0,131.537,1618,1723,1.650,1.020,0.570,1,0,21.923,0,0,11,4,0,19,0
15-06 05:02:16,21.327,4.014,73.766,0,0,1391996,882196,174740,5468404,5376.389,1625.863,0,0,0,0,1787,1326,1.650,1.020,0.570,2,0,0,0,0,11,4,0,13,0
15-06 05:02:17,23.990,1.749,73.720,0,0,1413964,860020,174740,5468612,4830.003,1511.375,0,0,0,0,1683,1047,1.650,1.020,0.570,1,0,0,0,0,11,6,0,13,0
15-06 05:02:18,21.252,5.501,71.006,1.250,0,1321392,952444,174848,5468652,5270.481,1660.152,0,4048.369,0,343.031,4380,5590,1.650,1.020,0.570,1,0,43.004,0,0,11,4,0,15,0
15-06 05:02:19,23.491,1.999,73.973,0,0,1365820,907840,174852,5468824,4798.259,1619.413,0,47.983,0,2.999,1737,1142,1.600,1.020,0.570,1,0,0,0,0,11,4,0,15,0
15-06 05:02:20,15.261,3.002,80.810,0.250,0,1387344,886224,174868,5468832,8843.525,5608.138,0,11768.684,0,97.072,2560,3167,1.600,1.020,0.570,2,0,2.001,0,0,11,17,0,15,0
15-06 05:02:21,16.490,2.249,79.451,0.500,0,1397688,875416,174908,5469204,9550.077,5921.328,267.834,1339.169,65.959,18.988,2086,1855,1.600,1.020,0.570,1,0,1.999,0,0,11,28,0,16,0
15-06 05:02:22,26.019,8.006,65.547,0,0,1402856,870244,174908,5469208,4549.278,1567.129,0,0,0,0,3223,12196,1.600,1.020,0.570,1,0,79.057,0,0,11,28,0,17,0
15-06 05:02:23,14.745,2.749,81.722,0,0,1412128,860960,174908,5469212,8780.012,5548.112,0,51.982,0,3.999,1559,1217,1.600,1.020,0.570,1,0,0,0,0,11,29,0,17,0
15-06 05:02:24,19.760,10.505,68.784,0,0,1391124,881936,174908,5469240,7206.546,4107.021,0,2437.199,0,21.010,3395,2664,1.470,1,0.570,2,0,156.077,0,0,11,28,0,17,0
15-06 05:02:25,40.488,6.748,52.234,0,0,1514400,758660,174908,5469240,6953.881,3831.832,0,34029.631,0,205.937,2879,1739,1.470,1,0.570,1,0,0,0,0,11,30,0,17,0
15-06 05:02:26,27.073,3.259,68.685,0.251,0,1509388,763604,174916,5469300,16672.804,12668.042,0,697.875,0,6.016,4517,5756,1.470,1,0.570,4,0,0,0,0,11,30,0,17,0
15-06 05:02:27,44.758,19.754,34.256,0,0,1463100,809732,174932,5469444,10483.915,6847.251,0,1852.338,0,211.039,6056,6476,1.470,1,0.570,6,0,493.090,0,0,11,28,0,18,0
15-06 05:02:28,84.691,15.239,0,0,0,1680600,592184,174932,5469492,4796.665,1618.874,0,63.956,0,2.998,4974,2933,1.470,1,0.570,6,0,86.940,0,0,11,28,0,18,0
15-06 05:02:29,78.287,10.255,11.755,0,0,1830912,441836,174932,5469520,27729.944,25607.954,0,268.125,0,17.008,6182,5433,1.670,1.050,0.580,3,0,0,0,0,11,34,0,16,0
15-06 05:02:30,72.451,9.743,16.239,0.250,0,1731912,540596,174936,5469756,27095.532,22081.949,0,627.572,0,55.962,9925,13614,1.670,1.050,0.580,3,0,150.897,0,0,11,29,0,21,0
15-06 05:02:31,23.510,9.754,66.028,0,0,1555348,717132,174940,5469780,5643.415,2515.076,0,360.154,0,24.010,3588,2924,1.670,1.050,0.580,1,0,160.069,0,0,11,28,0,22,0
15-06 05:02:32,17.204,1.995,79.288,0,0,1546804,725668,174944,5469784,8129.267,5138.263,0,99.733,0,7.979,1913,1756,1.670,1.050,0.580,1,0,0,0,0,11,29,0,22,0
15-06 05:02:33,15.517,5.256,77.834,0.250,0,1442712,829740,174952,5469796,7412.004,4330.677,0,680.735,0,49.053,3437,3539,1.670,1.050,0.580,2,0,68.074,0,0,11,28,0,23,0
15-06 05:02:34,22.229,3.746,73.679,0,0,1476180,796272,174952,5469796,4675.513,1618.447,0,0,0,0,1819,1248,1.620,1.050,0.590,1,0,0,0,0,11,28,0,23,0
15-06 05:02:35,2.500,1.750,93.982,0.250,0,1479156,793296,174952,5469796,6677.721,3668.298,0,62572.020,0,338.935,1570,1826,1.620,1.050,0.590,1,0,0,0,0,11,29,0,23,0
15-06 05:02:36,0.500,0.500,98.207,0.250,0,1474096,798352,174952,5469800,5252.716,1457.366,0,1359.409,0,17.992,735,1007,1.620,1.050,0.590,0,0,0,0,0,11,29,0,23,0
15-06 05:02:37,0.250,0.500,98.488,0,0,1469672,802776,174952,5469800,5039.407,1619.810,0,343.960,0,4.000,618,895,1.620,1.050,0.590,0,0,0,0,0,11,29,0,23,0
15-06 05:02:38,0.250,0.250,98.395,0,0,1465804,806644,174952,5469800,5966.784,1460.150,0,1201.769,0,118.174,689,907,1.620,1.050,0.590,1,0,0,0,0,11,29,0,23,0
15-06 05:02:39,0.501,0.501,99.119,0,0,1455684,816764,174952,5469800,5586.684,1621.941,0,0,0,0,582,871,1.490,1.030,0.580,0,0,0,0,0,11,29,0,23,0
15-06 05:02:40,10.709,1.992,84.922,0,0,1446784,825648,174952,5469816,8163.486,5268.661,0,31211.513,0,140.458,2251,2739,1.490,1.030,0.580,0,0,0.996,0,0,11,29,0,23,0
15-06 05:02:41,12.542,15.552,70.986,0.251,0,1361204,911220,174952,5469824,6466.499,2551.483,0,686.282,0,26.087,4802,3977,1.490,1.030,0.580,2,0,264.881,0,0,11,28,0,24,0
15-06 05:02:42,18.023,29.538,51.567,0,0,1364388,908032,174952,5469828,3750.888,1027.339,0,236.308,0,22.029,6007,4838,1.490,1.030,0.580,6,0,655.855,0,0,11,28,0,24,0
15-06 05:02:43,84.075,15.717,0,0,0,1655368,617004,174960,5469868,4051.572,1119.671,0,774.389,0,49.896,4980,3011,1.490,1.030,0.580,5,0,118.753,0,0,11,28,0,24,0
15-06 05:02:44,63.392,7.266,28.313,0,0,1749884,522328,174964,5470024,25636.267,23403.279,0,88.197,0,6.013,5282,4620,1.690,1.080,0.600,3,0,0,0,0,11,33,0,24,0
15-06 05:02:45,56.424,6.242,36.202,0.250,0,1737368,534740,174984,5470104,34718.515,28611.692,0,6371.469,0,449.398,10041,15018,1.690,1.080,0.600,5,0,16.977,0,0,11,29,1,24,0
15-06 05:02:46,77.105,22.781,0.501,0,0,1572620,699524,175012,5470192,5793.924,2153.946,0,3901.336,0,228.312,6006,5574,1.690,1.080,0.600,6,0,293.401,0,0,11,28,0,24,0
15-06 05:02:47,81.853,11.444,6.220,0,0,1806752,465356,175012,5470228,11673.389,9317.813,0,175.151,0,13.932,4702,2343,1.690,1.080,0.600,3,0,0,0,0,11,32,0,24,0
15-06 05:02:48,73.855,9.043,17.082,0,0,1845120,426588,175028,5470596,37219.675,34496.603,0,880.226,0,46.222,7381,10588,1.690,1.080,0.600,2,0,0,0,0,11,34,0,24,0
15-06 05:02:49,68.753,13.751,16.751,0,0,1682420,589068,175040,5470804,31205.208,24193.937,0,280.011,0,27.001,7999,12566,1.790,1.110,0.620,3,0,218.008,0,0,11,28,0,25,0
15-06 05:02:50,40.088,9.156,49.244,0,0,1574992,696480,175044,5470816,6685.294,3930.605,0,43.552,0,1.980,3290,1997,1.790,1.110,0.620,3,0,80.176,0,0,11,29,0,25,0
15-06 05:02:51,31.238,3.275,64.492,0.252,0,1577392,694028,175048,5470840,14047.156,11310.278,0,540.120,0,14.108,4218,4690,1.790,1.110,0.620,2,0,6.046,0,0,11,29,0,26,0
15-06 05:02:52,47.632,23.315,28.078,0,0,1478012,793368,175052,5470876,11734.499,7950.018,0,220.611,0,15.042,6116,6079,1.790,1.110,0.620,3,0,379.050,0,0,11,28,0,27,0
15-06 05:02:53,47.784,6.720,44.797,0,0,1607604,663756,175052,5470896,11088.821,9551.777,0,163.261,0,7.964,3361,2127,1.790,1.110,0.620,3,0,0,0,0,11,31,0,24,0
15-06 05:02:54,42.399,5.018,50.678,0.502,0,1602824,668348,175060,5471076,24360.583,19233.571,0,2171.629,0,115.405,6904,8560,1.890,1.140,0.630,2,0,0,0,0,11,30,0,24,1
15-06 05:02:55,69.924,18.230,11.488,0,0,1520600,750524,175092,5471092,8673.577,4154.486,0,1086.819,0,49.946,5949,5198,1.890,1.140,0.630,4,0,257.720,0,0,11,28,0,25,0
15-06 05:02:56,59.422,7.740,31.958,0,0,1654800,616284,175096,5471128,20265.388,15548.582,0,155.795,0,6.991,4697,3158,1.890,1.140,0.630,4,0,0,0,0,11,32,0,25,0
15-06 05:02:57,55.379,6.766,37.588,0,0,1648712,622164,175104,5471328,28216.847,24806.890,0,304.711,0,29.068,8218,11208,1.890,1.140,0.630,1,0,1.002,0,0,11,31,0,26,0
15-06 05:02:58,67.410,19.724,11.984,0,0,1564268,706588,175104,5471356,11398.841,4783.638,0,279.628,0,16.977,5379,4675,1.890,1.140,0.630,3,0,322.571,0,0,11,28,0,28,0
15-06 05:02:59,44.176,5.990,48.918,0.250,0,1641156,629684,175104,5471372,16868.842,12992.313,0,183.693,0,9.983,3550,2600,1.980,1.180,0.640,3,0,0,0,0,11,31,0,28,0
15-06 05:03:00,38.078,8.517,51.105,0,0,1596168,674600,175112,5471436,20708.436,16986.810,0,1022.094,0,76.156,6998,9289,1.980,1.180,0.640,4,0,103.212,0,0,11,30,0,29,0
15-06 05:03:01,66.362,16.778,17.279,0,0,1573856,696756,175120,5471584,6539.056,3114.265,0,400.677,0,24.041,4865,3487,1.980,1.180,0.640,3,0,197.334,0,0,11,28,0,28,0
15-06 05:03:02,42.828,5.446,51.245,0.248,0,1630492,640108,175120,5471596,16732.149,14397.154,0,142.595,0,8.912,3574,2698,1.980,1.180,0.640,2,0,0,0,0,11,31,0,28,0
15-06 05:03:03,38.872,12.873,46.193,0,0,1463868,806504,175132,5471812,20660.978,16663.675,0,1340.848,0,89.861,7158,9557,1.980,1.180,0.640,6,0,235.254,0,0,11,29,0,30,0
15-06 05:03:04,70.530,13.006,16.757,0,0,1572740,697484,175132,5471960,6372.709,1818.773,0,4.002,0,1.000,4138,1820,2.140,1.220,0.660,3,0,54.023,0,0,11,28,0,31,0
15-06 05:03:05,37.622,3.737,56.557,0,0,1601020,669048,175132,5472116,21195.639,18348.359,0,0,0,0,4397,4640,2.140,1.220,0.660,2,0,0,0,0,11,31,0,31,0
15-06 05:03:06,50.921,11.790,36.874,0,0,1487596,782416,175132,5472172,16159.273,10396.919,0,341.146,0,32.108,6452,7234,2.140,1.220,0.660,3,0,112.377,0,0,11,28,0,33,0
15-06 05:03:07,55.338,7.727,35.895,0.249,0,1596628,673364,175140,5472180,8711.544,6582.764,0,155.545,0,14.956,3513,2019,2.140,1.220,0.660,1,0,0,0,0,11,31,0,33,0
15-06 05:03:08,38.580,4.509,55.364,0,0,1574636,695312,175144,5472220,21198.788,16572.232,0,236.488,0,25.052,5641,6532,2.140,1.220,0.660,2,0,8.017,0,0,11,30,0,34,0
15-06 05:03:09,61.808,25.023,12.762,0,0,1608580,661312,175164,5472256,11356.615,7037.578,0,2498.335,0,129.121,6992,7220,2.210,1.250,0.670,9,0,488.457,0,0,11,28,0,35,0
15-06 05:03:10,78.997,21.249,0,0,0,1697428,572416,175168,5472300,3843.849,1403.945,0,203.992,0,9.000,5545,4702,2.210,1.250,0.670,7,0,440.983,0,0,11,28,0,35,0
15-06 05:03:11,73.005,20.752,5.500,0,0,1835852,433788,175168,5472500,29713.215,27239.030,0,644.048,0,36.003,6433,6003,2.210,1.250,0.670,6,0,472.035,0,0,11,34,0,35,0
15-06 05:03:12,67.265,13.951,17.937,0.249,0,1809336,460032,175176,5472764,42418.999,36281.413,0,589.942,0,69.757,8104,10646,2.210,1.250,0.670,6,0,191.332,0,0,11,29,1,35,0
15-06 05:03:13,82.783,16.808,0.502,0,0,1663516,605832,175180,5472780,7230.756,4202.388,0,120.412,0,9.031,5721,4628,2.210,1.250,0.670,6,0,163.560,0,0,11,28,0,36,0
15-06 05:03:14,74.213,11.494,13.743,0,0,1766596,502716,175184,5472812,17460.197,15305.284,0,159.919,0,7.996,5271,3823,2.430,1.320,0.700,3,0,90.954,0,0,11,32,0,36,0
15-06 05:03:15,60.133,7.236,31.689,0,0,1750240,518844,175192,5473024,34885.403,30526.848,0,107.791,0,7.985,7439,11566,2.430,1.320,0.700,7,0,21.957,0,0,11,32,0,37,0
15-06 05:03:16,45.508,20.003,33.506,0,0.250,1524012,745024,175192,5473072,19935.409,14851.540,0,564.096,0,42.007,7813,9252,2.430,1.320,0.700,1,0,460.079,0,0,11,28,0,41,0
15-06 05:03:17,11.017,25.039,62.347,0,0,1483776,785236,175192,5473096,5172.076,1406.196,0,20.031,0,5.008,5680,4009,2.430,1.320,0.700,2,0,434.679,0,0,11,28,0,41,0
15-06 05:03:18,60.823,33.403,5.983,0,0,1553176,715816,175192,5473116,5268.640,1709.017,0,35.895,0,8.974,5637,4806,2.430,1.320,0.700,5,0,684.006,0,0,11,28,0,41,0
15-06 05:03:19,60.990,8.249,29.995,0,0,1664468,604488,175196,5473128,18655.024,15727.491,0,467.925,0,26.996,4309,3537,2.480,1.340,0.710,3,0,2.000,0,0,11,32,0,41,0
15-06 05:03:20,50.436,8.782,40.399,0.251,0,1677888,590872,175200,5473312,23568.139,19143.781,0,602.227,0,68.252,7056,9479,2.480,1.340,0.710,3,0,69.256,0,0,11,31,0,44,0
15-06 05:03:21,74.753,19.501,5.750,0,0,1609200,659528,175204,5473340,6863.314,2993.137,0,272.012,0,21.001,5562,3696,2.480,1.340,0.710,3,0,201.009,0,0,11,30,1,45,0
15-06 05:03:22,61.064,9.471,28.413,0,0,1694200,574492,175208,5473368,19415.777,16829.665,0,215.343,0,14.954,5174,18823,2.480,1.340,0.710,2,0,36.887,0,0,11,36,0,43,0
15-06 05:03:23,45.320,5.759,47.573,0,0,1693980,574492,175208,5473588,32872.551,28780.258,0,144.222,0,9.014,9509,14275,2.480,1.340,0.710,1,0,0,0,0,11,36,0,43,0
15-06 05:03:24,45.991,4.499,48.240,0.250,0,1693740,574492,175208,5473824,34422.065,27508.458,0,267.946,0,22.995,10256,15102,2.520,1.370,0.720,5,0,0,0,0,11,35,0,43,0
15-06 05:03:25,75.366,15.774,8.513,0.250,0,1497772,770428,175216,5473848,10165.682,6674.296,0,408.630,0,45.070,6294,6203,2.520,1.370,0.720,5,0,120.185,0,0,11,32,0,43,0
15-06 05:03:26,62.903,9.485,27.458,0,0,1659344,608844,175216,5473860,14975.909,12017.471,0,1130.257,0,11.982,4431,2499,2.520,1.370,0.720,4,0,0,0,0,11,36,0,41,0
15-06 05:03:27,50.023,5.753,42.520,0,0,1661144,606828,175216,5474072,30366.069,27360.676,0,696.323,0,42.019,8223,12059,2.520,1.370,0.720,2,0,0,0,0,11,36,0,41,0
15-06 05:03:28,42.047,5.256,52.058,0,0,1664568,603172,175216,5474296,35614.849,29816.361,0,0,0,0,10639,15589,2.520,1.370,0.720,2,0,0,0,0,11,35,0,42,0
15-06 05:03:29,60.496,17.249,21.249,0,0,1541648,726056,175216,5474332,18430.911,13389.209,0,0,0,0,7029,7464,2.400,1.370,0.720,4,0,259.985,0,0,11,32,0,45,0
15-06 05:03:30,78.738,11.748,9.249,0,0,1662960,604696,175220,5474372,9055.580,6222.025,0,3251.490,0,155.976,4978,2610,2.400,1.370,0.720,2,0,1.000,0,0,11,34,1,43,0
15-06 05:03:31,46.453,5.744,46.952,0,0,1675848,591620,175220,5474556,27720.802,23889.699,0,111.886,0,7.992,6378,8467,2.400,1.370,0.720,3,0,0,0,0,11,36,0,43,0
15-06 05:03:32,54.079,10.265,34.300,0,0,1634364,633036,175220,5474624,25645.520,21375.273,0,136.199,0,9.013,8290,11064,2.400,1.370,0.720,3,0,68.100,0,0,11,34,0,45,0
15-06 05:03:33,69.283,11.215,18.941,0,0,1614908,652308,175236,5474788,13488.662,9555.009,0,307.036,0,31.900,5839,5429,2.400,1.370,0.720,4,0,59.812,0,0,11,34,0,45,0
15-06 05:03:34,65.959,7.745,25.734,0.250,0,1715224,551968,175256,5474792,15925.212,12305.437,0,307.811,0,33.979,4545,3973,2.450,1.390,0.740,4,0,0,0,0,11,33,0,41,0
15-06 05:03:35,63.237,14.554,22.083,0,0,1722220,544952,175256,5474808,18542.420,13760.518,0,152.571,0,9.034,5877,6076,2.450,1.390,0.740,5,0,120.451,0,0,11,34,0,41,0
15-06 05:03:36,49.703,7.243,42.460,0,0,1769556,497392,175256,5475028,28018.482,24090.200,0,139.868,0,9.991,5952,8599,2.450,1.390,0.740,3,0,0,0,0,11,36,0,41,0
15-06 05:03:37,50.685,9.488,38.701,0,0,1639096,627788,175260,5475084,28137.119,22691.064,0,131.832,0,6.991,8136,11028,2.450,1.390,0.740,4,0,88.887,0,0,11,34,0,43,0
15-06 05:03:38,77.444,16.738,5.746,0,0,1559776,707080,175260,5475112,9512.147,3960.147,0,119.914,0,7.994,5338,3087,2.450,1.390,0.740,3,0,137.901,0,0,11,33,0,45,0
15-06 05:03:39,59.598,6.761,33.805,0,0,1656440,610380,175260,5475144,20924.306,16573.172,0,120.197,0,8.013,4406,3761,2.490,1.420,0.750,4,0,0,0,0,11,36,0,45,0
15-06 05:03:40,59.313,9.010,31.033,0,0,1596800,669832,175260,5475332,24338.001,19080.384,0,124.133,0,7.007,5535,8399,2.490,1.420,0.750,7,0,62.066,0,0,11,34,0,47,0
15-06 05:03:41,60.769,14.004,25.508,0,0,1540064,726400,175260,5475496,14529.432,10888.321,0,1016.310,0,39.012,5570,5028,2.490,1.420,0.750,4,0,145.044,0,0,11,33,0,49,0
15-06 05:03:42,50.729,8.996,38.484,0.250,0,1618888,647568,175260,5475504,11908.998,8623.378,0,291.877,0,21.991,4175,3208,2.490,1.420,0.750,4,0,59.975,0,0,11,33,0,49,0
15-06 05:03:43,49.354,9.472,40.630,0,0.249,1606060,660360,175264,5475528,12202.928,8566.677,0,227.328,0,19.941,4289,3722,2.490,1.420,0.750,4,0,59.823,0,0,11,34,0,50,0
15-06 05:03:44,42.063,9.765,47.071,0,0,1587488,678864,175268,5475592,17733.647,14399.637,0,176.265,0,15.023,4905,5408,2.450,1.430,0.750,3,0,96.144,0,0,11,34,0,51,0
15-06 05:03:45,50.540,8.757,40.282,0,0,1555148,711032,175268,5475760,18039.398,13344.651,0,156.125,0,7.006,4692,5427,2.450,1.430,0.750,3,0,43.034,0,0,11,33,0,52,0
15-06 05:03:46,50.777,9.755,38.770,0.250,0,1527124,739036,175276,5475772,11491.074,7645.041,0,160.085,0,10.005,3643,2680,2.450,1.430,0.750,5,0,43.023,0,0,11,33,0,52,0
15-06 05:03:47,40.760,10.002,47.511,0.250,0,1574972,690964,175292,5475976,15726.803,12490.020,0,2384.577,0,145.035,5463,6282,2.450,1.430,0.750,2,0,86.021,0,0,11,34,0,53,0
15-06 05:03:48,28.982,3.997,65.209,0,0,1546384,719488,175296,5476036,16887.280,13119.672,0,179.886,0,12.992,5090,6294,2.450,1.430,0.750,1,0,16.989,0,0,11,33,0,54,0
15-06 05:03:49,33.154,12.464,53.345,0,0,1467768,798084,175300,5476052,6704.499,4032.272,0,103.698,0,11.965,4264,3330,2.340,1.420,0.760,2,0,117.658,0,0,11,32,0,55,0
15-06 05:03:50,34.777,4.754,59.296,0,0,1546592,719256,175300,5476056,10578.218,8333.474,0,2790.168,0,123.096,2828,1845,2.340,1.420,0.760,2,0,1.001,0,0,11,34,0,50,0
15-06 05:03:51,28.991,7.498,61.981,0.250,0,1516332,749276,175328,5476260,14560.541,11066.611,0,891.727,0,63.980,4922,6021,2.340,1.420,0.760,1,0,39.988,0,0,11,33,0,51,0
15-06 05:03:52,37.591,11.528,50.623,0,0,1555504,710092,175328,5476272,6601.996,3212.784,0,312.758,0,39.095,3970,2694,2.340,1.420,0.760,1,0,104.253,0,0,11,33,0,52,0
15-06 05:03:53,27.183,3.990,67.334,0.249,0,1601824,663748,175340,5476284,12459.202,9171.330,0,119.704,0,8.978,2708,2393,2.340,1.420,0.760,2,0,0,0,0,11,33,0,52,1
15-06 05:03:54,32.082,8.772,58.900,0.251,0,1567696,697856,175340,5476300,12488.764,9063.051,0,32.082,0,4.010,3564,3696,2.230,1.410,0.760,1,0,60.153,0,0,11,33,0,53,0
15-06 05:03:55,31.409,5.235,62.070,0,0,1511892,753640,175344,5476316,12163.703,7750.509,0,199.421,0,19.942,2787,2567,2.230,1.410,0.760,2,0,4.986,0,0,11,33,0,51,0
15-06 05:03:56,31.010,4.001,63.520,0,0,1560476,705036,175344,5476336,12432.993,8643.776,0,0,0,0,3200,3226,2.230,1.410,0.760,1,0,0,0,0,11,34,0,51,0
15-06 05:03:57,32.766,5.753,60.529,0,0,1526340,739148,175344,5476360,14685.098,9262.477,0,0,0,0,4268,4388,2.230,1.410,0.760,3,0,43.021,0,0,11,33,0,52,0
15-06 05:03:58,31.989,4.998,61.728,0,0,1539432,725900,175356,5476504,10029.489,6001.899,0,227.920,0,22.992,3079,2578,2.230,1.410,0.760,1,0,4.998,0,0,11,33,0,53,0
15-06 05:03:59,33.297,4.757,61.337,0.250,0,1586692,678612,175368,5476520,13848.670,10274.593,0,116.165,0,8.011,3517,3628,2.210,1.420,0.760,0,0,0,0,0,11,34,0,50,0
15-06 05:04:00,25.766,6.004,67.292,0,0,1490612,774648,175384,5476544,14262.993,10597.682,0,220.139,0,20.013,4384,5050,2.210,1.420,0.760,2,0,70.044,0,0,11,33,0,51,0
15-06 05:04:01,18.205,12.719,67.334,0,0,1415256,849928,175388,5476612,8251.659,4177.701,0,247.390,0,20.948,4368,4113,2.210,1.420,0.760,1,0,212.476,0,0,11,32,0,52,0
15-06 05:04:02,20.245,3.499,74.981,0,0,1476000,789184,175388,5476612,5370.669,2809.304,0,115.971,0,8.998,1740,1192,2.210,1.420,0.760,0,0,0,0,0,11,33,0,52,0
15-06 05:04:03,14.998,2.000,81.991,0.250,0,1468136,797020,175400,5476628,12488.589,8000.096,0,515.942,0,35.996,2757,3293,2.210,1.420,0.760,1,0,0,0,0,11,33,0,50,0
15-06 05:04:04,11.526,10.524,76.425,0,0,1381484,883660,175400,5476640,7571.332,3957.058,0,128.294,0,15.034,3600,3112,2.030,1.400,0.760,2,0,140.321,0,0,11,32,0,51,0
15-06 05:04:05,14.956,12.712,71.289,0,0,1425324,839812,175400,5476648,5204.615,1615.225,0,15.953,0,3.988,3269,2194,2.030,1.400,0.760,2,0,143.576,0,0,11,32,0,51,0
15-06 05:04:06,15.800,2.508,81.007,0,0,1466000,799120,175408,5476652,7484.716,3821.108,0,349.106,0,24.076,1899,1791,2.030,1.400,0.760,2,0,0,0,0,11,33,0,51,0
15-06 05:04:07,15.501,2.000,81.007,0,0,1458776,806316,175416,5476672,12865.048,9162.747,0,76.006,0,6.000,2930,3357,2.030,1.400,0.760,1,0,0,0,0,11,33,0,46,0
15-06 05:04:08,20.204,5.737,73.333,0.249,0.249,1419000,846068,175428,5476684,5294.952,2313.735,0,247.437,0,19.955,2536,2071,2.030,1.400,0.760,1,0,45.896,0,0,11,32,0,47,0
15-06 05:04:09,14.745,2.249,81.721,0,0,1444640,820420,175432,5476688,9453.618,6595.640,0,99.964,0,6.997,1691,1523,1.950,1.390,0.760,2,0,0,0,0,11,33,0,47,0
15-06 05:04:10,14.761,2.752,81.560,0.250,0,1442692,822220,175436,5476832,8224.071,5163.812,0,304.225,0,18.013,2675,3165,1.950,1.390,0.760,3,0,1.001,0,0,11,33,0,47,0
15-06 05:04:11,15.997,1.500,80.483,0,0,1373376,891520,175436,5476848,9462.956,5972.710,0,103.978,0,11.997,3152,3853,1.950,1.390,0.760,1,0,2.000,0,0,11,32,0,45,0
15-06 05:04:12,8.505,22.512,68.037,0,0,1354892,909856,175436,5476992,4562.470,1620.877,0,544.295,0,3.002,5379,3519,1.950,1.390,0.760,1,0,350.190,0,0,11,32,0,45,0
15-06 05:04:13,24.546,19.036,55.104,0.250,0,1406268,858440,175452,5477008,4286.062,1460.748,0,324.611,0,26.049,4792,3528,1.950,1.390,0.760,2,0,274.516,0,0,11,32,0,47,0
15-06 05:04:14,44.258,7.001,48.759,0.250,0,1522720,740576,175564,5478132,4570.808,1620.286,0,824.146,0,22.004,2934,1496,1.950,1.400,0.770,2,0,3.001,0,0,11,34,0,47,0
15-06 05:04:15,37.092,6.721,44.809,8.713,0,1543864,712616,176340,5483624,4779.663,1613.136,0,26391.706,0,2326.103,12000,21671,1.950,1.400,0.770,4,0,109.534,0,0,11,36,0,46,0
15-06 05:04:16,35.061,9.266,42.574,10.017,0,1559136,695120,177032,5485072,5065.757,1622.805,0,49189.032,0,4330.486,16440,32897,1.950,1.400,0.770,4,0,58.100,0,0,11,36,0,46,0
15-06 05:04:17,44.618,6.517,46.624,1.253,0,1534656,719564,177064,5485076,4872.937,1624.312,0,14887.525,0,831.207,4634,5688,1.950,1.400,0.770,2,0,7.019,0,0,11,32,0,46,0
15-06 05:04:18,40.531,7.256,45.285,5.254,0,1533136,720824,177168,5485232,4945.833,1553.204,0,6461.007,0,1043.809,8439,12551,1.950,1.400,0.770,2,1,2.002,0,0,11,34,0,46,0
15-06 05:04:19,37.944,7.739,44.684,7.489,0,1511276,741992,177500,5485588,4972.704,1617.627,0,16316.060,0,1987.084,11839,19844,2.040,1.430,0.780,2,0,14.978,0,0,11,32,0,41,0
15-06 05:04:20,23.720,9.238,65.918,0.499,0,1513432,739820,177504,5485600,4512.365,1456.182,0,1757.805,0,99.875,3056,2367,2.040,1.430,0.780,2,0,88.889,0,0,11,32,0,41,0
15-06 05:04:21,22.485,3.248,72.953,0.250,0.250,1553940,699308,177508,5485600,5123.669,1618.947,0,767.501,0,46.969,1982,1564,2.040,1.430,0.780,1,0,0,0,0,11,32,0,41,0
15-06 05:04:22,27.765,6.754,64.284,0.500,0,1485412,767760,177556,5485628,4322.302,1620.863,0,6207.306,0,319.170,3518,10960,2.040,1.430,0.780,1,0,37.020,0,0,11,32,0,42,0
15-06 05:04:23,22.245,3.249,73.984,0,0,1529532,723640,177556,5485628,4337.058,1457.683,0,27.994,0,2.999,1798,1196,2.040,1.430,0.780,1,0,2.000,0,0,11,32,0,37,0
15-06 05:04:24,21.743,3.499,73.727,0,0,1482896,770260,177556,5485640,4318.645,1619.492,0,7.997,0,1.999,1770,1263,1.950,1.420,0.780,1,0,1.000,0,0,11,32,0,37,0
15-06 05:04:25,22.500,3.750,73.499,0,0,1523720,729436,177556,5485640,4277.917,1457.972,0,0,0,0,1777,1175,1.950,1.420,0.780,1,0,2.000,0,0,11,32,0,37,0
15-06 05:04:26,23.749,2.500,73.747,0,0,1483012,770056,177560,5485716,4816.791,1619.930,0,0,0,0,1780,1169,1.950,1.420,0.780,1,0,1.000,0,0,11,32,0,37,0
15-06 05:04:27,21.987,3.998,73.457,0,0,1502624,750440,177560,5485720,4575.302,1457.141,0,0,0,0,1748,1145,1.950,1.420,0.780,3,0,1.999,0,0,11,32,0,37,0
15-06 05:04:28,24.015,1.501,73.046,0.250,0,1521032,732044,177564,5485720,4813.012,1621.014,0,2217.387,0,228.143,1895,1390,1.950,1.420,0.780,2,0,0,0,0,11,32,0,37,0
15-06 05:04:29,22.257,4.001,73.522,0,0,1484408,768576,177564,5485808,4681.419,1620.491,0,372.113,0,22.007,1847,1488,1.880,1.420,0.780,2,0,1.000,0,0,11,32,0,37,0
15-06 05:04:30,21.496,4.499,73.487,0,0,1468072,784856,177564,5485832,4171.257,1511.731,0,3.999,0,1.000,1806,1257,1.880,1.420,0.780,2,0,2.000,0,0,11,32,0,37,0
15-06 05:04:31,22.501,3.000,73.255,0,0,1509872,743052,177564,5485836,4443.277,1566.098,0,0,0,0,1739,1065,1.880,1.420,0.780,2,0,2.000,0,0,11,32,0,33,0
15-06 05:04:32,21.751,4.000,73.253,0,0,1469624,783280,177568,5485852,4440.168,1620.061,0,240.009,0,54.002,1817,1431,1.880,1.420,0.780,2,0,1.000,0,0,11,32,0,33,0
15-06 05:04:33,22.500,3.500,73.750,0,0,1442416,810444,177568,5485896,4979.996,1619.999,0,0,0,0,1734,1206,1.880,1.420,0.780,2,0,1.000,0,0,11,32,0,33,0
15-06 05:04:34,21.990,3.498,73.716,0,0,1496488,756372,177568,5485896,4977.686,1619.247,0,0,0,0,1724,1161,1.810,1.410,0.790,1,0,1.999,0,0,11,32,0,33,0
15-06 05:04:35,18.776,8.261,72.600,0,0,1461884,790772,177580,5486036,5347.387,1622.241,0,108.149,0,2.003,2803,1831,1.810,1.410,0.790,2,0,93.129,0,0,11,32,0,33,0
15-06 05:04:36,7.009,22.529,68.338,0,0,1452888,799720,177580,5486056,5123.598,1622.089,0,532.686,0,7.009,5466,3809,1.810,1.410,0.790,1,0,349.450,0,0,11,32,0,29,0
15-06 05:04:37,8.500,21.001,68.753,0,0,1439452,812988,177584,5486220,5118.212,1458.060,0,452.019,0,8.000,5267,3534,1.810,1.410,0.790,1,0,299.012,0,0,11,32,0,29,0
15-06 05:04:38,8.234,22.208,68.120,0,0,1423896,828520,177588,5486240,6228.082,1616.906,0,447.144,0,12.975,5632,4245,1.810,1.410,0.790,1,0,351.328,0,0,11,32,0,29,0
15-06 05:04:39,9.769,18.786,70.135,0.250,0,1414988,837388,177592,5486272,5789.159,1460.816,0,368.711,0,23.044,4925,3494,1.740,1.400,0.790,1,0,276.533,0,0,11,32,0,29,0
15-06 05:04:40,22.189,3.241,73.300,0,0.249,1433760,818632,177592,5486256,5684.460,1615.583,0,0,0,0,1825,1289,1.740,1.400,0.790,2,0,0.997,0,0,11,32,0,25,0
15-06 05:04:41,22.251,3.500,73.503,0,0,1487532,764860,177592,5486256,4895.192,1458.057,0,16.001,0,1.000,1685,1072,1.740,1.400,0.790,1,0,2.000,0,0,11,32,0,25,0
15-06 05:04:42,21.314,4.012,73.973,0,0,1494540,757856,177592,5486252,4393.216,1624.888,0,445.340,0,86.259,1891,1338,1.740,1.400,0.790,1,0,1.003,0,0,11,32,0,25,0
15-06 05:04:43,22.446,3.492,73.074,0,0,1532076,720320,177592,5486252,4926.157,1496.402,0,103.751,0,3.990,1828,1176,1.740,1.400,0.790,1,0,1.995,0,0,11,32,0,25,0
15-06 05:04:44,21.252,4.000,73.505,0,0,1495592,756784,177592,5486272,4218.298,1458.103,0,0,0,0,1787,1323,1.680,1.390,0.790,1,0,1.000,0,0,11,32,0,19,0
15-06 05:04:45,22.500,3.000,74.000,0,0,1520396,731992,177592,5486260,5100.030,1620.009,0,104.001,0,3.000,1744,1140,1.680,1.390,0.790,2,0,2.000,0,0,11,32,0,19,0
15-06 05:04:46,22.308,3.259,73.693,0,0,1510512,741864,177592,5486272,4546.897,1461.825,0,0,0,0,1710,1108,1.680,1.390,0.790,1,0,1.003,0,0,11,32,0,19,0
15-06 05:04:47,21.373,4.722,73.563,0,0,1562308,690092,177592,5486248,3123.448,161.043,0,0,0,0,1727,1211,1.680,1.390,0.790,1,0,1.988,0,0,11,32,0,19,0
15-06 05:04:48,23.053,3.759,72.167,0,0,1513184,739164,177592,5486296,4708.918,1461.388,0,2461.708,0,55.128,1960,1562,1.680,1.390,0.790,1,0,1.002,0,0,11,32,0,15,0
15-06 05:04:49,21.494,3.749,73.231,0.250,0.250,1509408,742920,177600,5486308,4988.679,1619.571,0,439.884,0,29.992,1848,1441,1.630,1.390,0.790,1,0,0,0,0,11,32,0,15,0
15-06 05:04:50,22.253,4.001,73.261,0,0,1525284,727044,177600,5486308,4288.630,1458.214,0,12.002,0,1.000,1796,1180,1.630,1.390,0.790,1,0,3.000,0,0,11,32,0,15,0
15-06 05:04:51,21.760,4.252,73.533,0,0,1505632,746684,177600,5486320,4759.109,1620.718,0,0,0,0,1836,1341,1.630,1.390,0.790,2,0,2.001,0,0,11,32,0,15,0
15-06 05:04:52,22.246,4.249,72.738,0,0,1527488,724824,177600,5486292,4859.199,1619.733,0,0,0,0,1868,1229,1.630,1.390,0.790,1,0,6.999,0,0,11,32,0,11,0
15-06 05:04:53,22.505,3.001,73.767,0,0,1492476,759808,177600,5486320,5101.144,1620.364,0,196.044,0,30.007,1774,1179,1.630,1.390,0.790,1,0,1.000,0,0,11,32,0,11,0
15-06 05:04:54,21.499,4.250,73.497,0,0,1546308,706064,177600,5486232,5179.764,1457.934,0,4.000,0,1.000,1738,1118,1.580,1.380,0.790,2,0,2.000,0,0,11,32,0,11,0
15-06 05:04:55,24.005,1.750,73.514,0,0,1504864,747420,177600,5486320,5221.000,1620.310,0,160.031,0,3.001,1707,1030,1.580,1.380,0.790,1,0,1.000,0,0,11,32,0,11,0
15-06 05:04:56,21.990,4.498,72.967,0,0,1504280,748048,177600,5486304,5432.517,1457.334,0,11.995,0,1.000,1930,1409,1.580,1.380,0.790,1,0,1.000,0,0,11,32,0,9,0
15-06 05:04:57,21.816,4.012,73.972,0,0,1502432,749904,177600,5486296,6198.641,1624.886,0,0,0,0,1791,1288,1.580,1.380,0.790,2,0,1.003,0,0,11,32,0,9,0
15-06 05:04:58,23.157,2.490,72.957,0.249,0,1520572,731760,177604,5486296,5934.189,1452.173,0,119.520,0,11.952,1929,1512,1.580,1.380,0.790,2,0,1.992,0,0,11,32,0,9,0
15-06 05:04:59,22.314,3.259,73.461,0,0,1464912,787400,177604,5486316,3231.296,162.467,0,1115.208,0,139.401,1850,1474,1.530,1.370,0.790,2,0,1.003,0,0,11,32,0,9,0
15-06 05:05:00,22.487,2.998,73.459,0,0,1457456,794880,177604,5486292,4575.423,1499.156,0,31.982,0,2.998,1761,1193,1.530,1.370,0.790,2,0,2.998,0,0,11,32,0,6,0
15-06 05:05:01,21.967,3.495,73.388,0,0,1466156,786168,177604,5486304,4887.570,1455.787,0,0,0,0,1730,1117,1.530,1.370,0.790,2,0,1.997,0,0,11,32,0,6,0
15-06 05:05:02,23.049,3.257,73.404,0,0,1446312,805972,177604,5486344,4810.122,1623.416,0,12.025,0,1.002,1879,1084,1.530,1.370,0.790,2,0,17.036,0,0,11,32,0,6,0
15-06 05:05:03,7.509,22.526,67.328,0,0,1445692,806572,177604,5486364,5049.874,1405.635,0,192.224,0,8.009,5163,3378,1.530,1.370,0.790,2,0,304.354,0,0,11,32,0,6,0
15-06 05:05:04,15.997,12.248,71.239,0,0,1431744,820496,177604,5486372,5213.185,1133.823,0,183.971,0,7.999,3504,2612,1.490,1.370,0.790,2,0,141.978,0,0,11,32,0,4,0
15-06 05:05:05,22.758,3.251,72.775,0.750,0,1460960,791252,177620,5486384,5563.900,1512.517,0,3053.043,0,132.045,1948,1604,1.490,1.370,0.790,1,0,0,0,0,11,32,0,4,0
15-06 05:05:06,22.198,3.492,73.328,0,0,1436572,815392,177620,5486628,5466.190,1616.213,0,3.991,0,0.998,1835,1145,1.490,1.370,0.790,1,0,8.979,0,0,11,32,0,4,0
15-06 05:05:07,22.718,3.245,73.397,0,0,1451612,800352,177620,5486628,4793.269,1617.728,0,0,0,0,1657,1102,1.490,1.370,0.790,2,0,0,0,0,11,32,0,4,0
15-06 05:05:08,16.015,14.013,69.065,0.250,0,1410468,841356,177620,5486768,5164.839,1621.519,40.038,228.214,2.002,10.009,3992,2923,1.490,1.370,0.790,2,0,228.214,0,0,11,32,0,3,0
15-06 05:05:09,7.737,21.962,68.382,0,0,1419424,832372,177620,5486792,5211.014,1617.211,0,822.581,0,93.838,5457,3909,1.450,1.360,0.800,3,0,343.408,0,0,11,32,0,3,0
15-06 05:05:10,8.021,22.310,67.931,0,0,1421108,830664,177620,5486812,4391.725,1666.449,0,192.514,0,6.016,5424,3788,1.450,1.360,0.800,4,0,344.921,0,0,11,32,0,3,0
15-06 05:05:11,7.745,22.736,67.959,0,0,1410892,840860,177620,5486832,4993.989,1619.024,0,91.945,0,1.999,5513,3846,1.450,1.360,0.800,1,0,359.783,0,0,11,32,0,3,0
15-06 05:05:12,9.015,22.287,68.114,0,0,1401312,850416,177620,5486852,4886.182,1460.446,0,532.892,0,7.012,5239,3596,1.450,1.360,0.800,1,0,316.530,0,0,11,32,0,3,0
15-06 05:05:13,7.988,22.218,67.153,0,0,1395820,855884,177620,5486872,4972.809,1617.661,0,802.839,0,9.986,5334,3632,1.450,1.360,0.800,2,0,331.521,0,0,11,32,0,3,0
15-06 05:05:14,8.249,22.247,67.990,0,0,1385104,866584,177620,5486888,4577.342,1457.791,0,791.886,0,8.999,5241,3464,1.410,1.360,0.800,1,0,312.955,0,0,11,32,0,3,0
15-06 05:05:15,8.521,23.056,67.162,0,0,1387740,863932,177620,5486904,5112.347,1623.922,0,930.247,0,38.092,5225,3472,1.410,1.360,0.800,3,0,320.775,0,0,11,32,0,3,0
15-06 05:05:16,7.494,20.233,70.191,0,0,1384924,866724,177620,5486928,4770.971,1456.770,0,171.855,0,3.997,5082,3477,1.410,1.360,0.800,1,0,297.749,0,0,11,32,0,1,0
15-06 05:05:17,7.737,21.464,68.885,0,0,1388076,863552,177620,5486948,5510.804,1617.301,0,139.767,0,4.992,5150,3455,1.410,1.360,0.800,2,0,297.504,0,0,11,32,0,1,0
15-06 05:05:18,7.510,21.779,68.593,0,0,1384060,867552,177620,5486964,5128.934,1554.101,0,272.368,0,8.011,5059,3348,1.410,1.360,0.800,1,0,283.383,0,0,11,32,0,1,0
15-06 05:05:19,7.987,22.713,67.641,0,0,1384076,867512,177620,5486988,5391.330,1617.399,0,231.627,0,8.986,5246,3501,1.460,1.370,0.800,2,0,310.501,0,0,11,32,0,1,0
15-06 05:05:20,8.013,22.286,67.358,0.250,0,1383016,868556,177620,5487004,5056.129,1460.348,0,412.663,0,72.116,5294,3571,1.460,1.370,0.800,2,0,325.523,0,0,11,32,0,1,0
15-06 05:05:21,9.768,21.789,66.370,0,0,1326636,924896,177636,5487028,5302.549,1622.923,0,12.022,0,3.005,5274,3772,1.460,1.370,0.800,2,0,335.604,0,0,11,34,0,1,0
15-06 05:05:22,32.420,32.669,32.918,0,0,1415736,835764,177636,5489216,4626.522,1454.392,0,1105.258,0,59.852,6949,8340,1.460,1.370,0.800,5,0,653.379,0,0,11,32,0,6,0
15-06 05:05:23,63.099,14.773,22.035,0,0,1558904,691772,177708,5487812,4867.645,1622.548,0,328.516,0,20.031,4359,7653,1.460,1.370,0.800,3,0,43.068,0,0,11,32,0,8,0
15-06 05:05:24,51.481,11.496,28.989,6.997,0,1650572,590244,178264,5495920,5218.109,1619.413,371.865,21340.265,2.999,1476.465,9600,15644,1.660,1.410,0.820,3,1,69.975,0,0,11,38,0,8,0
15-06 05:05:25,36.792,12.264,35.540,13.015,0,1608840,621268,179132,5505388,4597.233,1513.723,0,75337.757,0,5746.541,21044,41811,1.660,1.410,0.820,4,2,160.182,0,0,11,36,0,8,0
15-06 05:05:26,42.247,11.749,28.498,15.249,0,1668484,549980,179560,5516176,5263.655,1807.882,0,103365.233,0,7524.507,21646,46622,1.660,1.410,0.820,0,1,65.996,0,0,11,36,1,8,0
15-06 05:05:27,35.463,13.236,36.213,11.738,0,1617248,594596,179992,5522116,11411.241,8280.467,0,53081.300,0,3985.893,16874,31317,1.660,1.410,0.820,5,1,172.822,0,0,11,35,0,8,0
15-06 05:05:28,36.792,21.775,29.784,10.262,0,1541232,664252,180300,5527892,7295.350,4045.630,296.339,51214.615,4.005,3562.077,18178,32933,1.660,1.410,0.820,6,1,309.354,0,0,11,34,0,9,0
15-06 05:05:29,39.398,19.699,27.927,10.971,0,1620088,580592,180520,5532224,4727.715,1615.801,1595.853,48211.718,26.930,3525.838,15342,29631,2.010,1.490,0.850,2,0,213.445,0,0,11,34,0,9,0
15-06 05:05:30,26.261,6.753,51.271,13.256,0,1626084,571184,180684,5535368,11294.716,8366.493,0,44570.610,0,3636.518,15806,30028,2.010,1.490,0.850,7,0,49.020,0,0,11,35,0,9,0
15-06 05:05:31,24.533,6.759,51.819,13.017,0,1619488,575592,180812,5537364,12067.083,8802.732,0,46245.636,0,3963.282,17233,32969,2.010,1.490,0.850,1,1,39.052,0,0,11,35,0,9,0
15-06 05:05:32,29.174,8.229,48.125,11.719,0,1533272,661576,181040,5537360,10606.362,6958.867,0,43973.415,0,3643.506,16751,31041,2.010,1.490,0.850,3,1,50.867,0,0,11,34,0,9,0
15-06 05:05:33,34.371,9.032,41.396,13.046,0,1580368,613620,181272,5537956,4180.710,1029.623,0,46579.898,0,4049.248,15471,30737,2.010,1.490,0.850,2,0,39.138,0,0,11,34,0,9,0
15-06 05:05:34,32.227,7.994,44.717,10.992,0,1595776,596180,181380,5539840,9654.979,6746.095,0,46598.116,0,3733.285,14894,28691,2.250,1.550,0.870,5,1,35.974,0,0,11,35,0,9,0
15-06 05:05:35,30.205,5.991,51.673,9.736,0,1591904,598376,181408,5541452,12935.831,9270.263,0,29775.876,0,2718.971,13610,25520,2.250,1.550,0.870,2,1,38.942,0,0,11,37,0,9,0
15-06 05:05:36,27.728,6.745,48.712,12.990,0,1589360,597932,181464,5544296,12770.032,8197.601,0,52786.795,0,4272.665,18201,35354,2.250,1.550,0.870,2,1,47.963,0,0,11,36,0,10,0
15-06 05:05:37,30.513,12.005,42.768,13.005,0,1595644,587588,181596,5548116,5684.371,1512.631,0,61037.464,0,4615.926,17688,33940,2.250,1.550,0.870,1,1,125.052,0,0,11,36,0,10,0
15-06 05:05:38,29.306,7.765,46.589,12.774,0,1619600,560468,181652,5551136,11036.164,6556.573,0,57502.271,0,4530.688,18000,34876,2.250,1.550,0.870,2,0,96.184,0,0,11,37,0,10,0
15-06 05:05:39,25.948,7.734,49.900,12.225,0,1611456,565916,181692,5553704,12719.426,7779.359,0,62901.531,0,4791.367,19715,37776,2.310,1.570,0.880,1,1,44.910,0,0,11,37,0,10,0
15-06 05:05:40,26.550,8.015,51.847,11.271,0,1607732,575196,181724,5548120,14140.525,9638.079,0,45288.953,0,3998.500,18079,34873,2.310,1.570,0.880,1,1,10.019,0,0,11,36,0,10,0
15-06 05:05:41,35.775,9.006,40.778,11.758,0,1552856,627496,181804,5550608,4852.333,1513.039,0,50378.601,0,3938.705,15899,29965,2.310,1.570,0.880,3,0,72.049,0,0,11,36,0,10,0
15-06 05:05:42,31.493,13.997,50.740,2.999,0,1449156,731388,181816,5550404,9409.056,6650.626,0,17008.485,0,1112.770,6629,8111,2.310,1.570,0.880,3,0,202.958,0,0,11,33,0,11,0
15-06 05:05:43,12.716,2.244,83.031,0.249,0,1449136,731388,181816,5550424,10507.257,7260.829,0,1256.682,0,78.792,3355,4326,2.310,1.570,0.880,0,0,8.976,0,0,11,33,0,11,0
15-06 05:05:44,13.001,2.000,83.255,0.250,0,1448764,731728,181816,5550456,12186.789,8271.535,0,1232.080,0,62.004,3987,5406,2.210,1.560,0.880,1,0,0,0,0,11,33,0,11,0
15-06 05:05:45,17.545,6.266,75.195,0.251,0,1448312,732172,181816,5550464,7371.075,4467.561,0,862.231,0,49.127,2770,2362,2.210,1.560,0.880,1,0,55.143,0,0,11,32,0,12,0
15-06 05:05:46,17.702,2.244,79.285,0,0,1446500,733980,181816,5550468,7223.398,3948.286,0,446.788,0,30.916,1715,1370,2.210,1.560,0.880,2,0,0,0,0,11,33,0,12,0
15-06 05:05:47,18.039,2.255,78.168,0.251,0.251,1443872,736288,181816,5550788,11599.893,7956.074,0,2104.516,0,117.252,3088,3698,2.210,1.560,0.880,1,0,0,0,0,11,32,0,13,0
15-06 05:05:48,20.457,5.987,72.847,0,0,1411924,768192,181816,5550820,4542.486,1628.589,0,3.992,0,0.998,2120,1432,2.210,1.560,0.880,2,0,33.929,0,0,11,32,0,13,0
15-06 05:05:49,16.496,2.249,80.229,0,0,1443076,736944,181816,5550912,9260.524,6542.251,0,47.987,0,3.999,1829,1570,2.110,1.550,0.890,1,0,0,0,0,11,33,0,13,0
15-06 05:05:50,15.752,6.001,76.512,0.250,0,1417544,762468,181816,5550920,5966.929,3310.515,0,316.049,0,23.004,2896,2677,2.110,1.550,0.890,1,0,62.010,0,0,11,32,0,14,0
15-06 05:05:51,20.746,2.500,75.736,0.250,0,1433208,746804,181816,5550920,4617.143,2198.592,0,227.958,0,19.996,1717,1445,2.110,1.550,0.890,0,0,0,0,0,11,33,0,14,0
15-06 05:05:52,14.002,2.750,82.009,0,0,1432680,747300,181816,5550936,11402.280,8591.964,0,112.013,0,8.001,2618,2925,2.110,1.550,0.890,0,0,6.001,0,0,11,33,0,14,0
15-06 05:05:53,16.503,5.251,77.264,0,0,1399384,780456,181816,5551076,8093.453,3787.680,0,148.027,0,9.002,2879,2647,2.110,1.550,0.890,1,0,43.008,0,0,11,32,0,15,0
15-06 05:05:54,19.740,2.749,76.961,0,0,1432356,747484,181816,5551076,6939.476,3476.235,0,63.968,0,4.997,1696,1148,2.020,1.540,0.890,0,0,0,0,0,11,33,0,15,0
15-06 05:05:55,14.285,2.256,82.705,0,0,1432340,747484,181816,5551092,12494.940,8011.839,0,4362.803,0,30.074,2614,2990,2.020,1.540,0.890,1,0,0,0,0,11,33,0,15,0
15-06 05:05:56,13.985,6.743,76.667,0.250,0,1355724,823956,181816,5551236,8711.540,3927.735,0,4327.301,0,229.751,3664,3931,2.020,1.540,0.890,1,0,66.927,0,0,11,32,0,16,0
15-06 05:05:57,7.502,23.507,67.271,0.750,0,1353208,826316,181816,5551392,6468.043,1566.495,0,2216.700,0,190.060,5519,3744,2.020,1.540,0.890,1,0,350.111,0,0,11,32,0,16,0
15-06 05:05:58,26.022,25.021,47.540,0.250,0,1401784,777512,181840,5551596,6185.196,1621.362,0,3951.319,0,201.169,6036,5064,2.020,1.540,0.890,3,0,380.320,0,0,11,32,0,22,0
15-06 05:05:59,63.815,11.467,23.681,0,0,1592516,585740,181848,5552628,6840.167,1615.316,0,331.040,0,15.954,3734,1650,2.100,1.570,0.900,4,0,2.991,0,0,11,32,0,22,0
15-06 05:06:00,66.249,9.750,23.750,0,0,1754072,421452,181904,5555128,5071.940,1553.982,0,3319.961,0,133.998,3911,1848,2.100,1.570,0.900,3,0,1.000,0,0,11,32,0,22,0
15-06 05:06:01,48.642,6.770,34.099,7.773,0,1800384,365032,182012,5564428,5312.457,1624.727,0,27483.965,0,1935.632,11739,18375,2.100,1.570,0.900,1,1,111.324,0,0,11,38,0,22,0
15-06 05:06:02,27.003,10.501,44.005,14.752,0,1798300,354952,182068,5576044,4930.580,1620.191,0,110905.046,0,7815.919,27914,55667,2.100,1.570,0.900,6,0,255.030,0,0,11,38,0,22,0
15-06 05:06:03,28.262,8.504,45.520,14.756,0,1797688,346636,182132,5584628,5402.354,1620.706,0,83516.395,0,6486.827,24896,48764,2.100,1.570,0.900,3,0,171.075,0,0,11,38,0,22,0
15-06 05:06:04,38.180,12.227,33.688,13.725,0,1719472,416164,182204,5592972,4928.903,1455.314,0,71731.616,0,5000.771,19848,38415,2.090,1.570,0.900,5,1,218.597,0,0,11,36,0,22,0
15-06 05:06:05,44.539,9.759,29.776,11.760,0,1757624,369572,182252,5601092,4664.127,1080.957,0,64541.113,0,4619.087,17560,33828,2.090,1.570,0.900,7,0,70.062,0,0,11,36,0,22,0
15-06 05:06:06,37.717,11.240,32.971,15.986,0,1807440,308336,182276,5612016,5158.484,1564.630,0,98457.814,0,6263.517,21494,41873,2.090,1.570,0.900,4,0,10.990,0,0,11,38,0,22,0
15-06 05:06:07,26.291,12.019,43.067,15.274,0,1747188,364080,182304,5616360,5099.946,1514.360,0,74940.768,0,5601.728,20586,40538,2.090,1.570,0.900,2,0,153.239,0,0,11,36,0,22,0
15-06 05:06:08,35.458,6.742,46.945,7.991,0,1581000,528644,182312,5617928,4660.502,1564.155,0,27607.432,0,2283.306,11634,19284,2.090,1.570,0.900,3,0,126.850,0,0,11,32,0,22,0
15-06 05:06:09,20.205,11.724,64.857,1.996,0,1502444,607144,182320,5617976,4226.675,1293.147,0,12308.844,0,710.433,4639,5793,2.080,1.580,0.910,2,0,179.604,0,0,11,32,0,22,0
15-06 05:06:10,22.765,3.502,72.799,0.500,0.250,1542816,566772,182320,5617976,2967.989,756.507,0,1216.816,0,72.048,1967,1608,2.080,1.580,0.910,2,0,1.001,0,0,11,32,0,22,0
15-06 05:06:11,23.748,3.250,71.744,0.750,0,1548404,561172,182320,5617984,4416.603,1457.869,0,4115.630,0,240.978,2711,2807,2.080,1.580,0.910,1,0,2.000,0,0,11,38,0,22,0
15-06 05:06:12,21.759,4.752,73.030,0,0,1428492,681084,182320,5617984,4441.807,1620.659,0,72.029,0,7.003,2120,1394,2.080,1.580,0.910,1,0,27.011,0,0,11,32,0,22,0
15-06 05:06:13,22.252,3.250,73.506,0.250,0,1492396,617180,182320,5617984,3372.266,1014.080,0,36.003,0,4.000,1754,1188,2.080,1.580,0.910,1,0,1.000,0,0,11,32,0,22,0
15-06 05:06:14,23.748,2.750,73.244,0,0,1521388,588180,182320,5617992,4545.617,1565.868,0,111.991,0,14.999,2032,1634,2,1.570,0.910,1,0,2.000,0,0,11,34,0,22,0
15-06 05:06:15,13.537,30.584,53.898,0,0,1467552,641960,182324,5618036,4873.372,1624.457,0,513.409,0,28.077,6487,5521,2,1.570,0.910,2,0,701.926,0,0,11,32,0,22,0
15-06 05:06:16,9.980,32.435,54.889,0.499,0,1457048,652420,182324,5618080,5166.575,1616.738,0,5025.859,0,245.505,6784,6007,2,1.570,0.910,1,0,640.707,0,0,11,32,0,22,0
15-06 05:06:17,7.750,22.751,66.752,0.750,0.250,1453840,655572,182324,5618132,5452.157,1512.044,0,5048.146,0,246.007,5702,4409,2,1.570,0.910,1,0,328.009,0,0,11,32,0,22,0
15-06 05:06:18,7.761,20.279,69.850,0,0,1449840,659544,182324,5618160,5742.192,1716.449,0,472.674,0,70.100,5210,3497,2,1.570,0.910,1,0,285.407,0,0,11,32,0,22,0
15-06 05:06:19,8.993,21.233,68.696,0,0,1414064,695288,182324,5618188,5575.649,1618.737,0,23.981,0,5.995,5326,3640,1.920,1.560,0.910,1,0,286.776,0,0,11,32,0,22,0
15-06 05:06:20,11.488,20.728,65.432,0,0,1418432,690836,182324,5618644,5080.691,1564.365,0,267.720,0,6.993,6318,5653,1.920,1.560,0.910,1,0,303.683,0,0,11,32,0,22,0
15-06 05:06:21,30.795,17.025,51.075,0,0,1456508,652568,182332,5618740,5194.579,1622.367,0,0,0,0,5200,4824,1.920,1.560,0.910,3,0,191.279,0,0,11,33,0,22,0
15-06 05:06:22,43.931,6.739,48.923,0,0,1571472,537656,182336,5618792,4672.690,1617.470,0,15.975,0,0.998,2730,1227,1.920,1.560,0.910,2,0,0,0,0,11,33,0,20,0
15-06 05:06:23,54.984,7.248,37.489,0.250,0,1626288,482672,182344,5618960,4900.616,1511.573,0,479.864,0,23.993,4691,13823,1.920,1.560,0.910,4,0,54.984,0,0,11,49,0,21,0
15-06 05:06:24,35.507,11.002,51.511,0,0,1662192,442380,182400,5622876,4426.905,1566.320,0,3380.691,0,372.076,6627,10083,1.920,1.570,0.920,2,0,83.017,0,0,11,48,0,21,0
15-06 05:06:25,11.523,20.541,66.883,0.250,0,1674928,429572,182400,5623252,4841.605,1515.005,0,228.453,0,13.026,6222,6124,1.920,1.570,0.920,1,0,320.636,0,0,11,48,0,21,0
15-06 05:06:26,11.721,7.482,79.056,0,0,1671480,432992,182400,5622900,4551.859,1562.176,0,283.307,0,17.956,3883,5086,1.920,1.570,0.920,0,0,89.780,0,0,11,48,0,15,0
15-06 05:06:27,0.750,0.750,97.515,0,0,1671480,432992,182400,5622900,4592.713,1512.235,0,108.017,0,10.002,759,992,1.920,1.570,0.920,0,0,3.000,0,0,11,48,0,15,0
15-06 05:06:28,0.750,0.500,98.036,0,0,1671476,432992,182400,5622904,4727.736,1566.575,0,0,0,0,759,999,1.920,1.570,0.920,0,0,3.001,0,0,11,48,0,15,0
15-06 05:06:29,0.250,0.250,98.676,0,0,1671476,432992,182400,5622904,5068.218,1510.873,0,0,0,0,657,942,1.770,1.540,0.910,0,0,0.999,0,0,11,48,0,15,0
15-06 05:06:30,3.001,4.252,91.539,0,0,1619488,484984,182400,5622892,4607.974,1566.671,0,8.003,0,2.001,1825,1798,1.770,1.540,0.910,0,0,51.022,0,0,11,48,0,14,0
15-06 05:06:31,19.548,16.541,62.404,0.251,0,1648880,455576,182400,5622904,5069.519,1624.010,0,3151.783,0,91.225,6088,7121,1.770,1.540,0.910,1,0,261.646,0,0,11,48,0,14,0
15-06 05:06:32,9.234,17.219,71.622,0,0,1661232,443076,182400,5623068,4523.929,1509.307,0,211.622,0,3.993,4930,4200,1.770,1.540,0.910,2,0,276.507,0,0,12,48,0,14,0
15-06 05:06:33,26.222,18.231,52.944,0,0,1674512,429740,182400,5623536,5566.149,1802.106,0,251.735,0,30.967,7282,9001,1.770,1.540,0.910,1,0,276.709,0,0,12,64,0,14,0
15-06 05:06:34,10.002,10.752,78.263,0.250,0.250,1668776,435492,182400,5623108,4726.762,1566.252,0,380.061,0,24.004,3456,3629,1.630,1.520,0.910,0,0,187.030,0,0,12,64,0,14,0
15-06 05:06:35,9.253,14.254,74.270,0,0,1669280,434968,182400,5623488,4727.281,1566.425,0,372.101,0,27.007,4739,5143,1.630,1.520,0.910,1,0,202.055,0,0,14,64,0,14,0
15-06 05:06:36,16.539,14.284,68.913,0,0,1688480,415708,182400,5623156,5309.581,1623.848,0,256.608,0,8.019,5032,5240,1.630,1.520,0.910,1,0,191.454,0,0,14,66,0,14,0
15-06 05:06:37,7.737,20.216,69.881,0,0,1662968,441192,182400,5623184,4911.626,1659.171,0,19.966,0,4.991,5398,3813,1.630,1.520,0.910,2,0,326.443,0,0,14,66,0,14,0
15-06 05:06:38,10.267,21.785,66.608,0,0,1678728,425276,182400,5623688,6730.878,1706.758,0,28.045,0,7.011,6700,6105,1.630,1.520,0.910,13,0,331.536,0,0,14,66,0,13,0
15-06 05:06:39,23.000,16.500,59.000,0.250,0,1687816,416176,182400,5623352,6165.973,1565.993,0,5139.977,0,381.998,5522,5986,1.580,1.510,0.910,2,0,221.999,0,0,14,66,0,13,0
15-06 05:06:40,29.014,25.012,45.022,0,0,1757044,346872,182400,5623396,6695.224,1512.728,0,584.281,0,10.005,6096,4402,1.580,1.510,0.910,3,0,408.197,0,0,14,66,0,13,0
15-06 05:06:41,29.238,25.740,44.232,0,0,1842328,260088,182440,5624804,4787.052,1511.385,0,31.987,0,4.998,6965,7125,1.580,1.510,0.910,2,0,447.818,0,0,14,70,0,15,0
15-06 05:06:42,28.439,25.945,43.407,0,0,1849712,252560,182440,5624908,4181.086,1077.702,0,39.915,0,9.979,6090,4765,1.580,1.510,0.910,2,0,425.094,0,0,14,70,0,14,0
15-06 05:06:43,41.249,16.000,42.249,0,0,1894048,207968,182440,5625100,4471.936,1601.977,0,12.000,0,3.000,6712,7420,1.580,1.510,0.910,3,0,222.997,0,0,14,70,0,14,0
15-06 05:06:44,51.778,30.266,17.009,0,0.250,2024324,149004,175872,5562048,4982.706,1620.880,8.004,660.359,2.001,18.010,5965,5097,1.770,1.550,0.920,5,0,443.241,0,0,14,70,0,14,0
15-06 05:06:45,58.879,21.705,18.213,0,0,2114388,124792,172168,5501640,4628.479,1455.007,255.474,1341.241,18.961,34.928,5751,7735,1.770,1.550,0.920,3,0,263.458,0,0,14,70,0,14,0
15-06 05:06:46,67.130,26.552,5.761,0.751,0,2220276,186760,171380,5338032,5066.848,1665.237,1631.170,1803.505,107.208,31.060,5633,5368,1.770,1.550,0.920,5,0,459.894,0,0,14,70,0,14,0
15-06 05:06:47,76.359,19.714,1.747,1.248,0,2376256,185556,172372,5186148,5102.566,1509.210,2068.176,3832.914,123.771,295.454,7561,9898,1.770,1.550,0.920,5,0,259.520,0,0,14,74,0,13,0
15-06 05:06:48,61.263,29.256,6.251,2.000,0,2445788,154908,172164,5147924,4719.009,1786.382,2028.434,27901.965,108.023,2007.429,14368,25781,1.770,1.550,0.920,9,1,422.090,0,0,14,76,1,13,0
15-06 05:06:49,72.704,24.318,2.507,0.752,0,2591052,157316,172212,5003996,3636.205,1103.096,405.137,12491.057,21.059,1084.042,11791,23373,2.350,1.670,0.970,7,0,323.909,0,0,14,78,1,14,0
15-06 05:06:50,72.621,24.207,2.745,0,0,2696872,158496,172232,4898920,4414.135,1583.179,1030.164,1189.880,48.913,55.900,8734,14662,2.350,1.670,0.970,7,0,351.374,0,0,14,87,1,22,0
15-06 05:06:51,54.740,25.745,17.997,0.250,0,2792752,165180,172240,4798296,5282.018,1639.695,7.999,1407.738,2.000,75.986,7363,9105,2.350,1.670,0.970,6,0,425.921,0,0,14,91,1,25,0
15-06 05:06:52,36.072,23.547,39.078,0,0,2833932,195292,172240,4729092,4809.624,1697.396,0,1166.334,0,57.114,6856,9174,2.350,1.670,0.970,18,0,338.678,0,0,14,93,1,26,0
15-06 05:06:53,52.086,14.704,31.650,0.498,0,2953140,140896,172248,4665876,4784.888,1778.383,2962.643,1056.663,31.899,51.836,5816,7297,2.350,1.670,0.970,2,0,139.559,0,0,14,96,1,29,0
15-06 05:06:54,36.089,10.777,52.129,0.251,0,3031960,131016,172268,4598660,4932.176,1624.009,12.030,4442.968,3.007,107.265,4268,3792,2.320,1.680,0.970,1,0,77.191,0,0,14,99,1,29,0
15-06 05:06:55,8.500,19.751,70.004,0.250,0,3042148,120080,172268,4599408,5082.286,1586.089,0,14612.823,0,785.044,5985,4804,2.320,1.680,0.970,1,0,329.019,0,0,14,99,1,28,0
15-06 05:06:56,7.245,20.235,70.198,0.250,0,3036336,191964,172268,4534420,5842.636,1618.791,7.994,2622.042,1.999,14.989,5447,3898,2.320,1.680,0.970,2,0,301.775,0,0,14,99,1,28,0
15-06 05:06:57,9.983,18.967,70.128,0,0,3059724,168552,172268,4534444,7486.980,1617.188,0,243.576,0,10.981,5148,3619,2.320,1.680,0.970,1,0,282.509,0,0,14,99,1,28,0
15-06 05:06:58,21.500,5.000,73.000,0,0,3122336,174052,172272,4468220,6346.015,1566.004,4.000,432.001,1.000,2.000,1863,1253,2.320,1.680,0.970,1,0,0,0,0,14,99,1,28,0
15-06 05:06:59,16.253,2.500,78.513,0.250,0,3138572,157952,172276,4468232,12246.078,7962.351,76.013,236.040,7.001,15.003,2661,2855,2.140,1.650,0.970,1,0,1.000,0,0,14,104,1,21,0
15-06 05:07:00,18.226,6.991,74.404,0,0,3082532,213980,172276,4468244,21884.657,18435.125,0,175.772,0,11.984,2580,1828,2.140,1.650,0.970,1,0,63.917,0,0,14,103,1,22,0
15-06 05:07:01,23.791,3.506,72.375,0,0,3156996,139512,172276,4468248,6091.488,2310.979,4.007,120.207,1.002,16.028,1986,1377,2.140,1.650,0.970,3,0,2.003,0,0,14,108,1,22,0
15-06 05:07:02,18.481,1.998,77.419,0.250,0,3155392,141096,172284,4468264,11179.283,7279.371,0,271.715,0,32.965,2520,2833,2.140,1.650,0.970,3,0,1.998,0,0,14,114,1,22,0
15-06 05:07:03,29.355,8.531,60.467,1.756,0,3233536,129548,172292,4403500,5150.487,1607.771,180.648,1786.412,11.040,220.793,5399,7294,2.140,1.650,0.970,2,0,6.022,0,0,14,119,1,22,0
15-06 05:07:04,31.516,8.504,57.529,0.750,0,3171472,257316,172296,4339456,6316.130,2710.343,104.052,1496.742,7.003,136.067,5058,5623,2.120,1.660,0.970,1,0,114.057,0,0,14,122,1,24,0
15-06 05:07:05,22.244,3.749,73.230,0.250,0,3245556,183228,172296,4339460,4968.621,1349.625,0,663.816,0,43.988,1938,1621,2.120,1.660,0.970,1,0,0,0,0,14,122,1,24,0
15-06 05:07:06,14.962,2.743,81.045,0,0,3255292,173412,172296,4339540,11539.814,7563.870,63.839,514.698,3.990,39.899,2144,2390,2.120,1.660,0.970,1,0,0.997,0,0,14,123,1,24,0
15-06 05:07:07,19.497,4.249,74.740,1.000,0,3259556,169128,172300,4339568,7077.017,3591.501,0,5555.229,0,503.930,3939,4993,2.120,1.660,0.970,1,0,0,0,0,14,123,1,24,0
15-06 05:07:08,36.958,12.735,47.945,0.250,0,3266736,226684,172304,4276384,6502.573,2830.767,3.995,1702.056,0.999,118.864,4710,4262,2.120,1.660,0.970,2,0,99.886,0,0,14,124,1,25,0
15-06 05:07:09,39.129,6.271,54.680,0.251,0,3376176,177480,172304,4217064,7540.879,6899.764,0,445.470,0,20.066,2590,1520,2.110,1.660,0.980,1,0,0,0,0,14,125,1,25,0
15-06 05:07:10,19.205,5.238,74.824,0,0,3299076,254792,172304,4217016,24952.369,18914.556,0,335.212,0,17.958,2447,1854,2.110,1.660,0.980,1,0,55.869,0,0,14,124,1,26,0
15-06 05:07:11,21.751,2.750,74.504,0,0,3370656,183212,172304,4217016,5482.301,2253.124,0,328.018,0,16.001,1726,1227,2.110,1.660,0.980,1,0,0,0,0,14,125,1,26,0
15-06 05:07:12,15.001,1.750,82.505,0.250,0,3369160,184696,172304,4217028,27687.575,24202.377,0,300.017,0,19.001,1859,1579,2.110,1.660,0.980,1,0,0,0,0,14,124,1,27,0
15-06 05:07:13,27.316,7.769,63.653,0.501,0,3414712,138988,172304,4217168,5292.726,1666.006,12.029,1439.461,3.007,79.190,4237,4021,2.110,1.660,0.980,2,0,57.137,0,0,14,126,1,28,0
15-06 05:07:14,15.711,2.993,80.051,0.249,0,3432736,166740,172304,4172080,10838.041,7877.406,3.990,383.047,0.998,33.916,2521,2962,2.020,1.650,0.980,0,0,1.995,0,0,14,127,1,28,0
15-06 05:07:15,16.798,7.020,75.214,0.501,0.251,3376784,222820,172308,4171996,7282.678,2995.505,4.011,738.096,1.003,90.256,3764,4181,2.020,1.650,0.980,1,0,82.233,0,0,14,126,1,29,0
15-06 05:07:16,21.453,3.991,73.587,0.249,0,3444064,155536,172308,4172000,5271.356,1562.548,0,295.348,0,16.963,1874,1390,2.020,1.650,0.980,1,0,0,0,0,14,126,1,29,0
15-06 05:07:17,13.749,2.000,83.747,0,0,3444572,155016,172308,4172012,28755.912,24725.064,0,255.990,0,15.999,1677,1468,2.020,1.650,0.980,1,0,0,0,0,14,126,1,30,0
15-06 05:07:18,20.253,6.251,72.012,0,0,3477284,122288,172308,4172028,5224.881,1714.289,4.001,976.165,1.000,59.010,2656,2100,2.020,1.650,0.980,1,0,55.009,0,0,14,126,1,30,0
15-06 05:07:19,14.773,2.253,82.127,0.250,0,3450964,181120,172308,4139528,10796.752,7744.016,8.012,172.267,2.003,18.028,1659,1398,1.940,1.640,0.980,0,0,0,0,0,14,127,1,30,0
15-06 05:07:20,22.172,3.488,70.751,1.495,0,3441256,190696,172312,4139656,5073.154,1506.700,0,1757.817,0,260.085,5502,8254,1.940,1.640,0.980,1,0,2.989,0,0,14,130,1,30,0
15-06 05:07:21,21.029,7.510,70.596,0.751,0,3374384,257464,172312,4139760,6047.221,2701.673,72.098,4986.779,5.007,470.640,4772,6000,1.940,1.640,0.980,1,0,53.072,0,0,14,129,1,32,0
15-06 05:07:22,18.740,2.749,77.460,0.250,0,3430856,200976,172312,4139776,5837.953,3476.186,0,859.551,0,47.975,1709,1309,1.940,1.640,0.980,0,0,0,0,0,14,130,1,32,0
15-06 05:07:23,14.748,3.750,80.490,0,0,3395824,235844,172312,4139940,12901.415,9642.815,23.997,455.944,2.000,26.997,2721,10277,1.940,1.640,0.980,0,0,35.996,0,0,14,130,1,32,0
15-06 05:07:24,25.259,5.002,66.773,1.000,0,3396748,234864,172316,4139992,5212.772,1598.543,4.001,3425.164,1.000,279.095,5173,7184,1.870,1.630,0.980,2,0,1.000,0,0,14,132,1,32,0
15-06 05:07:25,31.349,8.527,58.184,0.752,0,3333700,297828,172320,4140072,5679.930,2385.531,0,1159.661,0,112.355,7366,10146,1.870,1.630,0.980,1,0,78.247,0,0,14,133,1,33,0
15-06 05:07:26,23.411,3.238,72.226,0.498,0,3405268,226260,172320,4140072,4725.047,1560.072,0,4534.770,0,245.069,2281,2257,1.870,1.630,0.980,2,0,0,0,0,14,133,2,33,0
15-06 05:07:27,10.501,1.500,87.006,0.250,0,3405264,226260,172320,4140076,12287.858,9680.676,0,280.020,0,14.001,1558,1490,1.870,1.630,0.980,0,0,0,0,0,14,134,1,33,0
15-06 05:07:28,17.003,9.002,72.013,1.250,0,3385300,246172,172320,4140128,6711.243,3128.579,0,2892.536,0,295.055,4493,5030,1.870,1.630,0.980,2,0,149.028,0,0,14,133,1,34,0
15-06 05:07:29,20.512,3.252,75.294,0,0,3405324,226052,172416,4140128,5097.956,2234.295,96.056,384.223,5.003,25.015,1791,1313,1.800,1.620,0.980,1,0,0,0,0,14,134,1,34,0
15-06 05:07:30,15.011,2.252,81.561,0,0,3405300,226052,172416,4140152,13834.285,10795.026,0,548.408,0,51.038,2726,3254,1.800,1.620,0.980,0,0,1.001,0,0,14,134,1,34,0
15-06 05:07:31,17.023,3.755,76.104,0.751,0,3407536,223784,172420,4140180,7427.157,3332.557,0,2251.078,0,177.242,4460,6284,1.800,1.620,0.980,1,0,0,0,0,14,134,1,34,0
15-06 05:07:32,31.269,7.505,59.536,0.750,0,3418212,212444,172436,4140828,6031.691,3091.892,424.260,1040.637,70.043,102.062,8465,12341,1.800,1.620,0.980,4,0,4.002,0,0,14,135,1,34,1
15-06 05:07:33,39.630,12.961,45.363,0.997,0,3370448,260116,172436,4140904,5311.960,2039.841,0,1355.906,0,128.612,8628,12013,1.800,1.620,0.980,1,0,285.139,0,0,14,135,1,35,0
15-06 05:07:34,18.289,2.756,77.917,0,0,3421580,208960,172436,4140912,6156.180,3790.114,0,525.124,0,37.079,1837,1450,1.730,1.610,0.980,2,0,0,0,0,14,136,1,35,0
15-06 05:07:35,17.529,5.509,75.376,0,0,3413160,217376,172436,4140916,10751.916,7059.764,0,424.708,0,28.047,2898,2614,1.730,1.610,0.980,1,0,78.130,0,0,14,135,1,36,0
15-06 05:07:36,8.245,19.988,69.709,0.500,0,3390640,239844,172436,4140968,4838.166,1565.083,3.998,499.707,0.999,39.977,5521,4428,1.730,1.610,0.980,1,0,315.815,0,0,14,135,1,36,0
15-06 05:07:37,12.252,20.753,65.509,0,0,3387044,243412,172444,4141440,5132.694,1512.204,0,260.035,0,45.006,6233,5776,1.730,1.610,0.980,1,0,307.042,0,0,14,135,1,36,0
15-06 05:07:38,23.911,16.190,58.533,0.249,0,3415640,214808,172444,4141008,5830.364,1506.410,0,1992.606,0,114.575,6050,6653,1.730,1.610,0.980,3,0,199.261,0,0,14,135,1,36,0
15-06 05:07:39,28.266,24.764,45.026,0,0,3432696,197572,172444,4141184,5809.370,1636.950,16.009,160.093,1.001,15.009,5809,4132,1.830,1.630,0.990,2,0,336.195,0,0,14,135,1,36,0
15-06 05:07:40,25.491,21.742,50.732,0,0,3466668,163176,172456,4142000,5264.144,1457.486,63.977,311.890,3.999,18.993,7222,8176,1.830,1.630,0.990,1,0,354.875,0,0,14,141,1,36,0
15-06 05:07:41,39.719,19.859,40.215,0,0,3541068,143424,172464,4088552,4062.215,1126.021,7.944,512.369,1.986,32.768,8217,15323,1.830,1.630,0.990,7,0,287.960,0,0,16,147,1,36,0
15-06 05:07:42,49.541,29.320,20.221,0.253,0,3649648,133304,172464,3991572,4400.051,1528.694,72.795,7356.336,1.011,703.685,6829,5770,1.830,1.630,0.990,4,0,552.029,0,0,16,147,1,36,0
15-06 05:07:43,61.970,19.910,17.173,0,0,3724492,158620,172464,3892984,4497.711,1541.048,23.892,1847.665,2.987,27.874,8155,13625,1.830,1.630,0.990,5,0,250.868,0,0,16,163,1,36,0
15-06 05:07:44,35.885,23.840,39.148,0.251,0,3805344,129312,172468,3841836,4456.808,1626.133,0,465.757,0,26.098,13217,6243,1.850,1.640,1,2,0,370.397,0,0,16,165,1,34,0
15-06 05:07:45,25.986,24.237,48.223,0,0,3842988,147160,172468,3787696,4935.262,1499.168,15.991,383.787,3.998,26.985,6074,4845,1.850,1.640,1,1,0,405.775,0,0,17,165,1,34,0
15-06 05:07:46,9.740,21.477,67.178,0,0,3837436,152536,172468,3787856,4881.788,1618.272,0,391.582,0,28.969,5217,3715,1.850,1.640,1,2,0,264.717,0,0,17,165,1,34,0
15-06 05:07:47,22.497,16.748,58.993,0.250,0,3866936,123032,172468,3787972,4719.458,1619.814,0,319.963,0,23.997,5864,7635,1.850,1.640,1,2,0,219.975,0,0,17,165,1,34,0
15-06 05:07:48,28.796,24.789,44.320,0,0,3929820,143868,172460,3706104,4475.080,1692.678,0,12.019,0,3.005,5883,4592,1.850,1.640,1,3,0,358.567,0,0,17,165,0,34,0
15-06 05:07:49,31.281,19.770,48.799,0,0,3954920,156004,172468,3670092,4504.525,1621.629,8.008,268.269,2.002,13.013,7803,9562,1.780,1.630,1,5,0,340.342,0,0,17,171,0,34,0
15-06 05:07:50,39.892,23.436,35.653,0,0,4054220,159812,172476,3569060,4846.864,1615.621,39.892,526.573,3.989,38.895,7829,12302,1.780,1.630,1,2,0,425.846,0,0,17,183,0,34,0
15-06 05:07:51,29.323,25.564,42.857,1.253,0,4127868,125968,172480,3530172,4185.433,1503.748,68.170,3412.507,7.017,207.517,7183,6789,1.780,1.630,1,2,0,503.254,0,0,17,185,0,34,0
15-06 05:07:52,18.242,24.989,54.977,0.250,0,4162556,132852,172480,3489568,4438.131,1619.318,15.993,659.722,3.998,39.983,8244,12410,1.780,1.630,1,1,0,375.842,0,0,17,189,0,19,0
15-06 05:07:53,20.998,20.998,55.744,0,0,4169568,168124,172480,3448488,3805.565,1115.872,7.999,1331.848,2.000,62.993,6485,6993,1.780,1.630,1,4,0,365.958,0,0,17,205,0,19,0
15-06 05:07:54,23.765,16.010,58.286,0,0,4208908,158184,172480,3419012,4154.570,972.602,340.210,288.178,5.003,14.009,5094,5798,1.720,1.620,1,2,0,209.129,0,0,17,205,0,19,0
15-06 05:07:55,43.745,8.499,46.995,0.500,0,4325732,132936,172480,3329408,4845.435,1565.818,823.904,1031.880,13.998,62.993,3197,1956,1.720,1.620,1,3,0,1.000,0,0,17,205,0,19,0
15-06 05:07:56,37.396,9.224,51.607,0,0,4444816,161076,172480,3185904,5623.371,1507.809,191.468,267.257,5.983,16.953,3291,2411,1.720,1.620,1,2,0,8.975,0,0,17,208,0,16,0
15-06 05:07:57,32.328,12.029,54.381,0.251,0,4403064,202960,172488,3185840,5158.410,1569.776,28.068,348.839,4.010,40.096,4539,3724,1.720,1.620,1,3,0,193.465,0,0,17,213,0,16,0
15-06 05:07:58,36.760,28.257,34.509,0.250,0,4467144,137056,172508,3187616,5853.542,1512.398,1612.425,308.081,26.007,23.006,6933,6698,1.720,1.620,1,3,0,614.162,0,0,17,215,0,16,0
15-06 05:07:59,37.327,20.157,41.060,0,0,4443480,158912,172520,3189776,13900.700,9442.323,19.908,899.838,3.982,18.913,7256,9175,1.740,1.620,1.010,3,0,302.600,0,0,17,224,0,16,0
15-06 05:08:00,66.584,17.588,15.327,0,0,4519160,160652,172528,3114936,5235.291,2354.826,76.384,257.292,9.045,13.066,5268,4818,1.740,1.620,1.010,4,0,160.808,0,0,17,224,0,16,0
15-06 05:08:01,65.995,14.249,17.749,1.500,0,4629892,160664,172564,3007476,6893.529,3531.759,4259.709,1003.931,198.986,28.998,4980,4286,1.740,1.620,1.010,2,0,19.999,0,0,17,229,0,16,0
15-06 05:08:02,49.230,15.993,30.487,2.749,0,4663996,153048,172628,2982164,12792.681,9381.099,3838.404,1827.240,320.867,159.933,6573,8624,1.740,1.620,1.010,2,0,130.946,0,0,17,230,0,22,0
15-06 05:08:03,34.196,26.458,38.439,0.499,0,4652560,162592,172632,2984036,7119.788,2699.749,7.987,26174.782,1.997,1038.365,6921,6846,1.740,1.620,1.010,4,0,462.272,0,0,17,231,0,23,0
15-06 05:08:04,42.230,19.491,37.982,0,0,4713512,128892,172648,2957444,6591.807,4065.031,7.996,519.748,1.999,21.989,6829,9341,1.760,1.630,1.010,7,0,285.862,0,0,17,232,0,21,0
15-06 05:08:05,43.966,27.075,27.323,0,0,4751816,144604,172652,2904368,13341.678,9330.630,47.691,544.477,4.968,35.769,7181,7712,1.760,1.630,1.010,6,0,529.574,0,0,17,232,0,21,0
15-06 05:08:06,61.754,20.669,16.888,0.504,0,4743468,185040,172676,2872652,7307.693,2499.417,1209.883,903.379,52.428,53.436,6745,8637,1.760,1.630,1.010,6,0,218.787,0,0,17,237,0,25,0
15-06 05:08:07,52.700,28.723,17.733,0.250,0,4865188,127680,172684,2809012,10795.727,7326.028,223.787,675.357,8.991,55.947,8044,10336,1.760,1.630,1.010,5,0,462.560,0,0,17,240,0,25,0
15-06 05:08:08,48.816,25.275,23.788,0.496,0.248,4909516,160716,172688,2734760,10468.889,6722.212,229.955,2545.361,9.912,248.787,8129,11974,1.760,1.630,1.010,12,0,339.976,0,0,17,241,0,27,0
15-06 05:08:09,58.669,23.067,16.548,0.501,0,4931196,172832,172696,2701332,4284.355,974.811,340.983,421.215,21.061,24.069,5777,7115,1.780,1.640,1.020,3,0,201.581,0,0,17,247,0,26,0
15-06 05:08:10,60.392,13.337,26.422,0,0,5064876,141964,172700,2601096,9586.287,8086.542,813.284,724.709,12.078,20.131,6123,11028,1.780,1.640,1.020,2,0,7.046,0,0,17,249,0,26,0
15-06 05:08:11,45.771,8.004,44.520,0.750,0,5031924,215616,172704,2561424,15235.832,11040.951,1056.474,748.336,79.035,66.030,5347,7272,1.780,1.640,1.020,3,0,16.007,0,0,17,250,0,31,0
15-06 05:08:12,61.089,10.223,28.176,0,0,5133320,137548,172704,2538924,6047.092,3427.982,1093.124,789.922,22.940,66.824,4905,4074,1.780,1.640,1.020,5,0,9.974,0,0,17,257,0,32,0
15-06 05:08:13,39.814,25.382,32.100,0.498,0,5130280,166740,172828,2513284,11798.929,9476.768,4045.120,1595.553,62.707,69.675,7481,7582,1.780,1.640,1.020,8,0,370.272,0,0,17,258,0,30,0
15-06 05:08:14,42.519,29.939,27.172,0.252,0,5071652,225060,172832,2514028,8382.983,4448.114,1034.539,1086.869,9.057,57.363,7203,7319,1.880,1.660,1.030,5,0,494.123,0,0,17,257,0,31,0
15-06 05:08:15,62.050,20.353,16.878,0,0,5157032,139576,172836,2513936,6156.394,3452.981,524.202,405.065,6.950,21.842,6201,7210,1.880,1.660,1.030,6,0,213.453,0,0,18,262,0,31,0
15-06 05:08:16,76.451,16.293,6.517,0.251,0,5243740,136840,172836,2433376,14655.546,10481.568,1816.778,1564.114,68.179,200.527,6498,7563,1.880,1.660,1.030,5,1,69.182,0,0,18,265,0,33,0
15-06 05:08:17,82.786,14.299,2.258,0.753,0,5295396,132420,172856,2388028,4728.319,1517.236,2789.628,1127.893,133.461,88.305,5862,5155,1.880,1.660,1.030,4,0,21.073,0,0,18,268,0,31,0
15-06 05:08:18,58.405,16.795,23.563,0.251,0,5349496,124600,172876,2343160,11192.729,8255.928,625.662,978.599,14.037,74.197,7746,8744,1.880,1.660,1.030,1,0,221.589,0,0,18,273,0,32,0
15-06 05:08:19,31.244,8.998,57.988,0.250,0,5281728,215600,172876,2320704,14115.135,7613.455,767.844,695.859,5.999,61.987,3822,3347,1.810,1.650,1.030,4,0,13.997,0,0,18,274,0,33,0
15-06 05:08:20,42.071,8.713,48.046,0.498,0,5377084,120104,172876,2320844,19343.813,4452.084,557.631,434.155,6.970,26.886,4032,3269,1.810,1.650,1.030,3,0,6.970,0,0,18,278,0,33,1
15-06 05:08:21,28.772,9.757,59.045,0.250,0,5337364,203336,172876,2280668,3479594.438,52767.921,768.581,4375.310,6.005,240.182,5893,4951,1.810,1.650,1.030,0,0,8.006,0,0,18,280,0,31,0
15-06 05:08:22,20.760,6.003,70.533,1.251,0,5297120,235772,172876,2288476,8135623.835,87146.735,64.030,636.297,4.002,64.030,6852,5296,1.810,1.650,1.030,1,0,7.003,0,0,18,281,0,32,0
15-06 05:08:23,29.465,17.230,50.191,0.250,0,5378744,146572,172880,2296000,5026450.655,53275.229,2457.105,14978.352,35.958,1204.581,7943,11619,1.810,1.650,1.030,1,0,292.655,0,0,18,281,0,33,0
15-06 05:08:24,31.756,6.251,61.012,0.250,0,5456784,114488,172880,2250492,14149.771,9808.921,4.001,13266.598,1.000,47.009,3077,2530,1.820,1.650,1.030,5,0,0,0,0,18,281,0,33,0
15-06 05:08:25,29.506,6.501,63.264,0.500,0,5428796,156424,172880,2236948,14733.196,10873.359,52.011,836.181,3.001,54.012,3093,2608,1.820,1.650,1.030,3,0,5.001,0,0,18,281,0,33,0
15-06 05:08:26,30.220,3.746,63.436,0.499,0,5460940,123464,172880,2237768,24780.005,566876.201,511.484,455.541,26.973,47.952,4641,5812,1.820,1.650,1.030,2,0,0.999,0,0,18,285,0,34,0
15-06 05:08:27,14.999,2.500,79.496,0.250,0,5460216,124176,172880,2237780,285157.112,11382808.773,0,571.968,0,59.997,4181,3082,1.820,1.650,1.030,1,0,0,0,0,18,284,0,35,0
15-06 05:08:28,28.107,6.274,64.747,0.251,0,5435296,149076,172880,2237800,1794839.301,4557492.875,0,273.040,0,18.069,5545,3465,1.820,1.650,1.030,4,0,6.023,0,0,18,291,0,35,0
15-06 05:08:29,32.842,6.220,57.971,0,0.249,5418468,149764,172892,2253912,15351343.764,207477.772,75.636,684.709,4.976,55.732,19227,10867,1.680,1.630,1.030,3,0,0.995,0,0,18,289,0,37,0
15-06 05:08:30,15.571,11.553,71.577,0.502,0,5259344,308800,172892,2254000,9078.473,4696.455,32.147,594.717,2.009,56.257,3958,3640,1.680,1.630,1.030,2,0,170.780,0,0,18,288,0,38,0
15-06 05:08:31,13.091,18.772,65.703,0.247,0.247,5281700,286400,172892,2254044,5516.121,1547.241,15.808,430.777,1.976,25.689,5529,4551,1.680,1.630,1.030,3,0,329.999,0,0,18,292,0,38,0
15-06 05:08:32,22.942,3.530,72.104,0,0,5353492,214604,172892,2254048,4467.454,1361.414,0,298.503,0,24.203,2108,1676,1.680,1.630,1.030,2,0,1.008,0,0,18,292,0,38,0
15-06 05:08:33,11.552,15.319,70.568,0.251,0,5318180,249892,172892,2254072,4960.337,1464.595,0,964.342,0,59.267,4474,3402,1.680,1.630,1.030,1,0,185.837,0,0,18,292,0,37,0
15-06 05:08:34,8.000,19.750,69.998,0.250,0,5313540,254504,172892,2254100,4697.888,1499.964,0,16131.617,0,34.999,5046,3670,1.540,1.600,1.020,3,1,243.994,0,0,18,292,0,37,0
15-06 05:08:35,7.219,15.433,74.428,0,0,5305328,262584,172892,2254232,4783.281,1397.945,107.534,322.603,6.970,23.896,4533,3869,1.540,1.600,1.020,1,0,238.965,0,0,18,292,0,37,0
15-06 05:08:36,6.501,2.751,90.518,0.250,0,5322544,245360,172892,2254240,4169.807,972.188,0,500.097,0,24.005,1557,1957,1.540,1.600,1.020,1,0,9.002,0,0,18,292,0,37,0
15-06 05:08:37,21.251,3.250,74.003,0.250,0,5384092,183812,172892,2254240,5829.204,2307.081,0,248.009,0,21.001,2232,1958,1.540,1.600,1.020,0,0,0,0,0,18,293,0,36,0
15-06 05:08:38,13.251,1.750,83.755,0,0,5380360,187456,172892,2254328,13498.877,9735.632,64.004,180.012,4.000,11.001,2031,2085,1.540,1.600,1.020,1,0,3.000,0,0,18,297,0,36,0
15-06 05:08:39,13.738,14.737,69.189,0.250,0,5326068,241536,172896,2254536,7377.530,1816.407,39.965,1202.945,3.996,179.842,4808,3715,1.580,1.600,1.030,1,0,162.857,0,0,18,298,0,37,0
15-06 05:08:40,10.770,17.283,69.131,0.250,0,5326816,240620,172896,2254672,4809.088,1623.067,0,272.515,0,25.047,4787,3569,1.580,1.600,1.030,1,0,162.307,0,0,18,298,0,37,0
15-06 05:08:41,12.501,16.502,69.758,0.250,0,5301648,265580,172896,2254880,4697.520,1690.187,0,148.016,0,10.001,5070,3680,1.580,1.600,1.030,1,0,184.020,0,0,18,298,0,37,0
15-06 05:08:42,18.239,9.244,71.456,0,0,5347344,219828,172896,2254920,4497.243,1660.982,3.998,175.892,0.999,12.992,3227,2548,1.580,1.600,1.030,1,0,93.942,0,0,18,298,0,37,0
15-06 05:08:43,23.228,3.247,72.681,0,0,5412084,155088,172896,2254920,4633.620,1456.623,103.902,7.992,0.999,0.999,1961,1507,1.580,1.600,1.030,3,0,0,0,0,18,298,0,37,0
15-06 05:08:44,24.106,2.762,72.067,0,0,5437060,129712,172896,2255320,5001.972,1627.147,285.253,433.906,11.049,26.115,2513,2399,1.530,1.590,1.020,1,0,5.022,0,0,18,302,0,37,0
15-06 05:08:45,23.149,3.983,71.935,0.249,0,5334628,232136,172900,2255324,4976.230,1451.649,23.895,557.561,3.983,42.813,2262,1988,1.530,1.590,1.020,2,0,4.978,0,0,18,298,0,37,0
15-06 05:08:46,21.765,4.253,72.050,0.250,0,5395560,171152,172900,2255376,4880.368,1663.148,0,152.105,0,16.011,2139,1864,1.530,1.590,1.020,1,0,3.002,0,0,18,298,0,37,0
15-06 05:08:47,10.995,1.249,86.961,0,0,5405700,160996,172900,2255392,12991.168,10451.308,0,111.950,0,12.994,2025,2165,1.530,1.590,1.020,0,0,0,0,0,18,301,0,38,0
15-06 05:08:48,16.239,1.999,80.448,0.250,0,5405396,161128,172900,2255564,14943.250,11585.441,0,363.763,0,36.976,2272,2195,1.530,1.590,1.020,1,0,0.999,0,0,18,304,0,39,0
15-06 05:08:49,22.237,5.247,71.208,0,0,5325436,241068,172900,2255584,4053.587,1295.229,15.990,95.943,0.999,10.993,2325,1932,1.490,1.580,1.020,3,0,14.991,0,0,18,298,0,39,0
15-06 05:08:50,24.512,3.001,71.785,0,0,5362224,204276,172900,2255588,2443.183,162.078,0,280.136,0,24.012,2265,1936,1.490,1.580,1.020,3,0,1.000,0,0,18,298,0,39,0
15-06 05:08:51,13.760,14.510,69.798,0.500,0,5344732,221600,172908,2255748,4478.106,1459.012,392.272,456.316,5.003,23.016,4226,3303,1.490,1.580,1.020,2,0,178.124,0,0,18,298,0,39,0
15-06 05:08:52,10.021,20.042,67.642,0,0,5335980,230212,172908,2255888,4750.006,1665.508,28.059,272.574,3.006,17.036,5357,4176,1.490,1.580,1.020,2,0,326.688,0,0,18,298,0,39,0
15-06 05:08:53,18.787,8.266,71.642,0,0,5373348,192808,172928,2255904,4717.370,1460.902,0,344.685,0,19.038,3120,2360,1.490,1.580,1.020,1,0,102.203,0,0,18,298,0,39,0
15-06 05:08:54,15.700,1.994,80.990,0.748,0,5384904,180172,172960,2256932,11754.198,4612.167,0,20095.372,0,521.323,2040,1708,1.450,1.570,1.020,1,0,15.949,0,0,18,299,0,39,0
15-06 05:08:55,22.989,4.248,71.215,0,0,5368424,190516,173568,2262300,5757.135,1631.188,0,967.519,0,12.994,5019,7734,1.450,1.570,1.020,1,0,7.996,0,0,18,298,0,39,0
15-06 05:08:56,19.995,5.249,72.983,0,0,5369076,188784,173616,2263300,9949.624,2957.294,3.999,571.863,1.000,9.998,7004,11700,1.450,1.570,1.020,0,0,8.998,0,0,18,301,0,39,0
15-06 05:08:57,23.761,6.503,68.781,0.500,0,5388732,168864,173632,2263612,8633.952,3290.506,48.022,460.211,7.003,27.012,10670,19347,1.450,1.570,1.020,1,0,16.007,0,0,18,303,0,39,0
15-06 05:08:58,23.751,6.000,68.754,0.250,0,5314524,248896,173752,2257684,6624.413,1794.112,32.002,1572.098,2.000,58.004,3018,2659,1.450,1.570,1.020,2,0,25.002,0,0,18,302,0,39,0
15-06 05:08:59,12.749,16.249,69.494,0.250,0,5329268,234100,173752,2257736,6479.418,1619.854,31.997,235.979,1.000,20.998,4887,4164,1.410,1.560,1.020,1,0,252.977,0,0,18,302,0,39,0
15-06 05:09:00,23.999,2.750,71.997,0,0,5385788,177400,173752,2257916,4799.816,1619.938,0,251.990,0,18.999,1999,1554,1.410,1.560,1.020,2,0,1.000,0,0,18,302,0,39,0
15-06 05:09:01,13.988,1.749,83.181,0,0,5386212,176936,173752,2257956,16305.494,11715.296,15.987,239.801,0.999,16.986,2060,2066,1.410,1.560,1.020,1,0,0,0,0,18,302,0,42,0
15-06 05:09:02,18.293,9.272,70.917,0.501,0.251,5376460,186660,173752,2257984,5310.484,1461.436,16.038,188.443,2.005,12.028,3401,2625,1.410,1.560,1.020,1,0,116.273,0,0,18,302,0,41,0
15-06 05:09:03,15.512,2.001,81.561,0,0,5418744,144372,173752,2257988,7645.690,4007.983,0,4.003,0,1.001,1684,1415,1.410,1.560,1.020,1,0,0,0,0,18,303,0,41,0
15-06 05:09:04,17.496,6.498,74.481,0,0,5319296,243812,173752,2257996,11847.954,7695.022,0,83.978,0,6.998,2854,2311,1.380,1.560,1.020,1,1,69.982,0,0,18,302,0,42,0
15-06 05:09:05,23.704,3.743,71.362,0.250,0,5396152,166952,173752,2258000,4988.332,1455.180,0,2040.046,0,124.758,2392,2361,1.380,1.560,1.020,1,0,0,0,0,18,302,0,42,0
15-06 05:09:06,15.500,1.750,81.502,0.250,0,5394484,168604,173752,2258016,18820.409,14688.319,16.000,232.005,1.000,22.000,2122,2116,1.380,1.560,1.020,1,0,0,0,0,18,302,0,35,0
15-06 05:09:07,19.248,7.999,70.994,0,0.250,5422080,140980,173752,2258044,4577.603,1457.874,0,123.989,0,11.999,2872,2463,1.380,1.560,1.020,1,0,55.995,0,0,18,302,0,35,0
15-06 05:09:08,15.499,2.500,80.747,0.250,0,5424680,138720,173752,2257704,10715.635,7170.756,0,187.994,0,14.000,1772,1575,1.380,1.560,1.020,2,0,0,0,0,18,303,0,35,0
15-06 05:09:09,18.252,5.501,75.260,0,0,5365444,198064,173752,2257600,9387.249,6128.815,44.006,980.130,2.000,110.015,2769,2574,1.350,1.550,1.020,1,0,32.004,0,0,18,302,0,38,0
15-06 05:09:10,18.742,2.999,77.466,0,0,5410220,153288,173752,2257600,6010.328,3701.354,0,179.920,0,9.996,1769,1430,1.350,1.550,1.020,1,0,1.000,0,0,18,303,0,33,0
15-06 05:09:11,11.002,1.750,85.516,0.250,0,5402452,161028,173752,2257644,13347.443,9364.714,32.006,280.051,2.000,23.004,2035,2138,1.350,1.550,1.020,3,0,0,0,0,18,303,0,33,0
15-06 05:09:12,20.335,6.778,72.053,0,0,5325876,237604,173752,2257644,3957.640,1447.084,0,285.199,0,28.118,2798,2347,1.350,1.550,1.020,1,0,47.198,0,0,18,302,0,34,0
15-06 05:09:13,16.179,2.987,79.648,0,0,5369544,193796,173752,2257784,10019.780,7193.254,0,147.350,0,8.960,1775,1550,1.350,1.550,1.020,2,0,0,0,0,18,303,0,34,0
15-06 05:09:14,17.999,4.250,76.496,0.250,0,5326408,236916,173752,2257800,9071.493,6115.658,0,451.975,0,30.998,2518,2175,1.240,1.520,1.020,1,0,31.998,0,0,18,302,0,30,0
15-06 05:09:15,22.759,3.751,72.277,0,0,5367380,195940,173752,2257804,5161.964,1662.633,0,2124.808,0,332.126,2040,1577,1.240,1.520,1.020,1,0,0,0,0,18,302,0,30,0
15-06 05:09:16,11.754,2.251,84.776,0.250,0,5375428,187876,173752,2257820,14802.529,11526.527,0,148.045,0,18.006,2069,2185,1.240,1.520,1.020,0,0,0,0,0,18,303,0,30,0
15-06 05:09:17,13.501,11.251,74.256,0.250,0,5309112,253948,173900,2257916,6885.562,2728.223,136.011,456.037,4.000,42.003,4261,3758,1.240,1.520,1.020,1,0,180.015,0,0,18,302,1,31,0
15-06 05:09:18,2.249,1.249,94.212,1.499,0,5314992,247080,174304,2258500,10281.837,4515.172,987.600,211.914,246.900,9.996,1340,1843,1.240,1.520,1.020,0,0,0,0,0,18,304,0,28,0
15-06 05:09:19,4.251,9.003,83.776,0.250,0,5298840,263068,174312,2258656,15155.687,3654.130,92.028,340.105,6.002,31.010,3262,2925,1.140,1.490,1.010,3,0,125.039,0,0,18,304,0,29,0
15-06 05:09:20,4.762,6.265,87.462,0.501,0,5305692,256204,174312,2258668,10148.590,3913.482,0,765.856,0,50.121,2502,2585,1.140,1.490,1.010,2,0,76.185,0,0,18,302,0,30,0
15-06 05:09:21,14.460,11.717,71.051,1.247,0,5330252,229060,174400,2261164,5134.651,1507.786,1806.950,287.197,189.471,22.936,4000,3468,1.140,1.490,1.010,0,1,137.615,0,0,18,302,0,30,0
15-06 05:09:22,20.724,3.745,72.409,2.497,0,5340240,202700,174560,2277296,4300.594,1564.034,5984.478,1262.413,396.502,18.976,2674,2678,1.140,1.490,1.010,3,0,0.999,0,0,18,302,0,28,0
15-06 05:09:23,16.245,4.749,77.728,0.500,0,5336456,202596,174584,2280860,15946.475,5941.314,7.998,819.767,1.999,24.993,2757,8413,1.140,1.490,1.010,2,0,51.985,0,0,18,302,0,29,0
15-06 05:09:24,15.311,11.797,70.028,0.502,0,5282260,253696,174720,2283992,4564.120,1572.242,1417.628,3248.898,24.096,104.415,4690,4305,1.130,1.490,1.010,2,0,165.658,0,0,18,302,0,29,0
15-06 05:09:25,16.716,10.977,71.104,0,0,5334984,200960,174720,2284004,4652.422,1508.894,0,239.507,0,5.988,3405,2575,1.130,1.490,1.010,1,0,138.714,0,0,18,302,0,29,0
15-06 05:09:26,17.552,2.758,78.734,0.251,0,5361140,174792,174720,2284016,10492.168,7433.081,0,204.608,0,15.045,2006,1813,1.130,1.490,1.010,2,0,0,0,0,18,303,0,25,0
15-06 05:09:27,20.675,4.982,72.736,0.249,0,5290264,245648,174720,2284036,22383.635,19260.986,0,195.290,0,26.902,2934,2607,1.130,1.490,1.010,2,0,46.830,0,0,18,302,0,27,0
15-06 05:09:28,21.486,3.997,73.203,0,0,5362828,173084,174720,2284036,4496.140,1698.919,0,135.914,0,8.994,1968,1500,1.130,1.490,1.010,1,0,0,0,0,18,302,1,27,0
15-06 05:09:29,12.033,1.755,83.981,0.251,0,5362392,173084,174720,2284472,12283.765,10007.508,449.235,212.584,26.072,20.055,2129,2396,1.040,1.460,1,0,0,0,0,0,18,303,0,28,0
15-06 05:09:30,22.198,4.739,72.081,0.249,0,5331864,203580,174720,2284504,6003.890,1771.836,0,2111.039,0,36.913,2341,1817,1.040,1.460,1,3,0,14.965,0,0,18,302,0,23,0
15-06 05:09:31,17.259,2.501,79.040,0,0,5360296,175144,174720,2284508,10674.349,7228.622,0,8.004,0,1.001,1972,1731,1.040,1.460,1,2,0,0,0,0,18,303,0,23,0
15-06 05:09:32,22.501,4.000,70.503,1.250,0,5360576,173128,174720,2286244,6539.241,3643.134,1632.060,1192.044,49.002,163.006,5597,8071,1.040,1.460,1,1,0,1.000,0,0,18,304,0,24,0
15-06 05:09:33,22.238,4.498,72.462,0,0,5390212,143492,174720,2286244,5103.344,1685.123,0,491.744,0,31.983,2202,1740,1.040,1.460,1,1,0,4.997,0,0,18,304,0,24,0
15-06 05:09:34,16.490,2.748,79.951,0,0,5404148,129556,174720,2286244,11405.007,8090.040,0,383.765,0,17.989,1849,1549,1.040,1.450,1,2,0,0,0,0,18,306,0,24,0
15-06 05:09:35,17.519,4.004,75.083,1.251,0,5398836,134564,174720,2286548,9622.691,6084.761,112.125,3315.684,5.006,262.291,5046,7411,1.040,1.450,1,1,0,0,0,0,18,304,0,25,0
15-06 05:09:36,12.254,19.506,66.770,0,0,5373832,159548,174724,2286564,5428.637,1620.489,0,2688.811,0,393.119,5713,4792,1.040,1.450,1,1,0,338.102,0,0,18,304,0,25,0
15-06 05:09:37,9.277,23.319,65.443,0.251,0,5367176,166172,174728,2286592,5133.161,1462.319,0,545.611,0,42.124,5997,4932,1.040,1.450,1,1,0,384.135,0,0,18,304,0,25,0
15-06 05:09:38,7.742,22.725,66.678,0.250,0,5356332,177004,174728,2286604,5761.782,1186.719,0,343.629,0,22.975,5652,4189,1.040,1.450,1,1,0,365.605,0,0,18,304,0,25,0
15-06 05:09:39,8.766,23.041,66.117,0,0,5353028,180284,174728,2286628,6120.855,1352.398,0,344.611,0,26.046,5696,4301,1.030,1.450,1,2,0,366.650,0,0,18,304,0,24,0
15-06 05:09:40,7.974,22.676,67.031,0,0,5350028,183260,174728,2286652,5324.614,1614.728,0,1582.832,0,95.688,5796,4485,1.030,1.450,1,1,0,380.757,0,0,18,304,0,24,0
15-06 05:09:41,8.523,22.561,66.681,0.501,0,5344588,188696,174728,2286672,3985.801,649.761,0,1339.630,0,86.234,5956,4867,1.030,1.450,1,1,0,406.100,0,0,18,304,0,24,0
15-06 05:09:42,8.248,22.993,66.481,0,0,5330728,202532,174728,2286696,3209.066,809.764,0,295.914,0,21.994,5946,4619,1.030,1.450,1,1,0,402.883,0,0,18,304,0,24,0
15-06 05:09:43,7.503,22.508,68.275,0,0,5334160,199072,174728,2286724,2965.100,324.120,0,36.013,0,9.003,5869,4450,1.030,1.450,1,2,0,401.149,0,0,18,304,0,24,0
15-06 05:09:44,8.251,22.754,67.262,0,0,5322660,210552,174728,2286744,3774.656,1134.197,0,156.027,0,13.002,5807,4591,1.110,1.450,1.010,1,0,393.068,0,0,18,304,0,24,0
15-06 05:09:45,8.974,22.186,66.308,0.499,0,5310484,222676,174728,2286796,5264.774,1615.328,15.954,3154.876,0.997,161.533,6152,5193,1.110,1.450,1.010,1,0,358.962,0,0,18,304,0,24,0
15-06 05:09:46,17.245,9.747,71.480,0.500,0,5311500,329324,175152,2190320,4783.691,1499.590,3.999,3195.126,1.000,45.987,3129,2749,1.110,1.450,1.010,1,0,79.978,0,0,18,304,0,24,0
15-06 05:09:47,25.083,3.762,69.981,0,0,5340244,296064,175416,2194572,5096.839,1625.370,16.053,1456.813,3.010,48.159,2925,2824,1.110,1.450,1.010,1,0,17.056,0,0,18,304,0,24,0
15-06 05:09:48,10.959,1.245,85.929,0.498,0,5352376,282960,175480,2195468,16068.926,7369.449,561.899,1151.694,25.903,26.899,1490,1469,1.110,1.450,1.010,1,0,0,0,0,18,305,0,24,0
15-06 05:09:49,10.240,0.999,86.418,0.999,0,5353636,280972,175588,2196080,17434.396,10553.949,359.657,1314.748,41.960,48.953,1502,1592,1.100,1.450,1.010,1,0,0,0,0,18,305,0,24,0
15-06 05:09:50,9.506,1.251,86.302,1.001,0,5353916,279712,175696,2196940,19711.923,10664.450,604.366,1817.099,47.028,64.039,1861,2203,1.100,1.450,1.010,4,0,1.001,0,0,18,305,0,24,0
15-06 05:09:51,13.738,1.499,83.175,0.749,0,5376504,256024,175776,2197960,15358.079,8673.139,823.254,951.138,43.960,43.960,1794,1839,1.100,1.450,1.010,2,0,0,0,0,18,305,0,22,0
15-06 05:09:52,14.023,2.254,81.882,0.501,0,5392376,238888,175868,2199132,15435.852,8660.944,1049.690,1145.845,44.071,42.068,1837,1662,1.100,1.450,1.010,1,0,6.010,0,0,18,305,0,22,0
15-06 05:09:53,9.752,0.750,88.269,0.750,0,5391464,239068,175976,2199748,17504.810,10766.343,208.045,1120.244,31.007,34.007,1398,1501,1.100,1.450,1.010,0,0,0,0,0,18,305,0,22,0
15-06 05:09:54,20.495,2.749,74.734,1.000,0,5394004,199012,176292,2236944,7007.455,2422.466,12393.268,1215.732,127.972,48.989,2292,2020,1.090,1.440,1.010,1,0,1.000,0,0,18,305,0,22,0
15-06 05:09:55,23.586,3.764,71.511,1.004,0,5389576,182896,177244,2256104,5058.490,1625.943,16.059,2452.966,1.004,76.279,2555,2471,1.090,1.440,1.010,2,0,0,0,0,18,305,0,22,0
15-06 05:09:56,23.653,2.490,71.457,0.747,0,5397576,154684,177652,2275632,5532.342,1452.053,0,16552.211,0,206.156,2767,2798,1.090,1.440,1.010,1,0,0,0,0,18,305,0,22,0
15-06 05:09:57,22.747,3.000,70.991,1.250,0,5393688,143636,178736,2289212,5949.270,1619.801,0,4227.481,0,337.959,3020,2990,1.090,1.440,1.010,1,0,0,0,0,18,305,0,22,0
15-06 05:09:58,22.243,3.499,71.978,0.750,0.250,5386112,126836,179624,2312332,5776.212,1457.549,0,2471.235,0,86.973,2356,2158,1.090,1.440,1.010,1,0,0,0,0,18,305,0,22,0
15-06 05:09:59,24.028,3.754,70.082,0.501,0,5321780,210524,180144,2292492,6049.095,1796.107,0,1609.888,0,55.065,2817,2568,1.090,1.430,1.010,2,0,5.006,0,0,18,304,0,22,0
15-06 05:10:00,17.563,4.767,77.527,0.251,0,5365352,166932,180144,2292512,9868.270,3573.773,0,389.392,0,10.036,2345,2096,1.090,1.430,1.010,1,0,36.129,0,0,18,305,0,24,0
15-06 05:10:01,22.899,3.485,71.934,0.249,0,5363860,161908,180408,2298716,6595.021,2512.958,0,1636.808,0,34.847,2619,2442,1.090,1.430,1.010,1,0,4.978,0,0,18,304,0,24,0
15-06 05:10:02,22.515,6.754,69.045,0.250,0,5382740,141748,180432,2299920,5029.274,1567.020,0,396.258,0,9.006,9902,17745,1.090,1.430,1.010,1,0,13.008,0,0,18,304,0,24,0
15-06 05:10:03,21.256,6.752,69.519,0,0,5395856,128532,180440,2300012,4879.302,1458.389,0,1752.468,0,14.004,9884,17672,1.090,1.430,1.010,2,0,19.005,0,0,18,304,0,21,0
15-06 05:10:04,21.798,5.512,71.659,0,0,5372604,159272,180440,2292604,5171.494,1623.608,0,308.686,0,13.029,2813,2537,1.080,1.420,1.010,3,0,51.114,0,0,18,304,0,21,0
15-06 05:10:05,42.198,11.236,44.945,0,0,5400060,131744,180440,2292676,3937.181,203.751,543.335,970.812,4.994,37.954,11406,18576,1.080,1.420,1.010,4,0,14.982,0,0,18,304,0,21,0
15-06 05:10:06,23.440,6.234,69.324,0,0,5374032,157996,180440,2292452,11629.394,4226.241,510.700,554.588,3.990,38.901,2783,2395,1.080,1.420,1.010,3,0,36.906,0,0,18,305,0,21,0
15-06 05:10:07,23.005,4.501,70.016,0.500,0,5372288,153220,180508,2298836,5503.273,1794.415,0,1084.251,0,25.006,5945,10231,1.080,1.420,1.010,5,0,8.002,0,0,18,304,0,19,0
15-06 05:10:08,22.259,6.753,68.527,0.500,0,5379072,145408,180508,2299832,4621.792,1620.628,0,1216.472,0,35.014,10020,20348,1.080,1.420,1.010,3,0,13.005,0,0,18,304,0,19,0
15-06 05:10:09,21.014,6.755,71.048,0,0,5343840,188012,180516,2292452,4923.304,1621.088,72.048,420.282,10.007,12.008,3625,4804,1.070,1.420,1.010,3,0,17.011,0,0,18,304,0,19,0
15-06 05:10:10,23.523,3.754,72.071,0,0,5374484,157328,180516,2292540,4634.562,1621.596,4.004,408.402,1.001,10.010,2459,2015,1.070,1.420,1.010,1,0,23.023,0,0,18,304,0,19,0
15-06 05:10:11,19.551,9.024,69.934,0.251,0,5380408,144748,180528,2299152,4889.843,1624.266,0,7848.614,0,156.411,3431,2748,1.070,1.420,1.010,1,0,97.255,0,0,18,304,0,16,0
15-06 05:10:12,21.167,2.988,73.959,0,0,5379608,141484,180540,2303088,8957.774,2785.048,0,1251.080,0,251.013,2353,1842,1.070,1.420,1.010,0,0,15.937,0,0,18,305,0,16,0
15-06 05:10:13,10.994,1.249,86.699,0.500,0,5378912,142044,180552,2303360,13340.128,6074.415,3.998,1311.226,0.999,15.991,1356,1366,1.070,1.420,1.010,1,0,0,0,0,18,305,0,16,0
15-06 05:10:14,10.754,0.750,86.781,0.500,0,5388444,132344,180560,2303520,16466.927,8945.220,0,1116.402,0,33.012,1488,1533,1.070,1.410,1.010,0,0,0,0,0,18,305,0,16,0
15-06 05:10:15,6.995,1.499,90.687,0.250,0,5385992,134484,180572,2303820,40986.683,7437.861,0,1223.155,0,51.964,1410,1894,1.070,1.410,1.010,1,0,0,0,0,18,306,0,12,0
15-06 05:10:16,6.754,1.001,91.048,0.250,0.250,5380628,139640,180624,2303976,111277.684,9351.932,0,1004.530,0,53.028,1577,1812,1.070,1.410,1.010,0,0,0,0,0,18,306,0,12,0
15-06 05:10:17,6.995,1.499,89.191,0.500,0,5376200,143800,180728,2304140,30899.731,8604.356,0,1203.211,0,49.967,1623,1914,1.070,1.410,1.010,2,0,0,0,0,18,306,0,12,0
15-06 05:10:18,13.261,1.251,84.068,0.500,0,5381572,138184,180820,2304288,15508.495,9292.487,0,1080.871,0,44.035,1503,1478,1.070,1.410,1.010,0,0,0,0,0,18,306,0,12,0
15-06 05:10:19,13.995,1.000,83.971,0.250,0,5387376,132040,180900,2304548,15708.505,8558.006,0,903.684,0,26.991,1608,1491,0.980,1.390,1,2,0,0,0,0,18,306,0,12,0
15-06 05:10:20,6.501,1.750,89.769,0.500,0,5387224,131720,180996,2304908,335541.610,14103.926,0,1324.275,0,65.013,2222,2563,0.980,1.390,1,0,0,1.000,0,0,18,306,0,10,0
15-06 05:10:21,5.997,2.249,88.963,1.249,0,5385492,132944,181256,2305136,79135.965,14520.938,27.988,13514.358,3.998,197.917,1997,2512,0.980,1.390,1,2,0,0,0,0,18,306,0,10,0
15-06 05:10:22,7.995,1.249,87.950,0.750,0,5384400,133612,181440,2305376,58326.817,13170.507,95.945,1802.974,3.998,88.949,2114,2539,0.980,1.390,1,1,0,0.999,0,0,18,306,0,10,0
15-06 05:10:23,11.290,5.269,82.544,0.251,0,5355552,265720,178452,2223988,406395.143,18823.074,88.315,790.818,5.018,26.093,2152,1906,0.980,1.390,1,1,0,11.039,0,0,18,306,0,10,0
15-06 05:10:24,10.474,5.237,81.545,0.748,0,5365908,245220,178488,2234116,5133439.883,65063.776,3.990,5825.386,0.997,32.917,5247,12030,0.900,1.360,0.990,0,0,26.932,0,0,18,306,0,9,0
15-06 05:10:25,5.248,2.749,87.963,0.250,0,5366828,230112,178532,2248244,7424635.277,74461.893,3.998,1431.402,1.000,48.980,4864,3578,0.900,1.360,0.990,1,0,1.999,0,0,18,306,0,9,0
15-06 05:10:26,5.503,3.752,86.791,1.000,0,5353616,225444,178676,2265876,5569094.148,56141.302,172.081,48354.654,6.003,342.160,4509,3671,0.900,1.360,0.990,0,0,1.000,0,0,18,306,0,9,0
15-06 05:10:27,23.266,2.752,72.301,0.751,0,5358988,208620,179076,2276880,99028.807,1987.401,0,1529.078,0,72.051,2565,2436,0.900,1.360,0.990,1,0,1.001,0,0,18,306,0,9,0
15-06 05:10:28,21.485,3.997,72.949,0.749,0.250,5368416,182928,182176,2289628,4796.670,1618.876,0,5056.489,0,233.838,2386,2088,0.900,1.360,0.990,1,0,0,0,0,18,306,0,7,0
15-06 05:10:29,23.477,2.747,72.429,0.250,0,5367788,167064,182612,2305464,5035.067,1618.414,0,1226.798,0,42.958,2319,1993,0.910,1.360,1,2,0,0,0,0,18,306,0,7,0
15-06 05:10:30,21.833,3.011,71.774,1.255,0,5371164,139596,183456,2328440,4517.214,1626.197,0,2670.175,0,122.467,2578,2502,0.910,1.360,1,1,0,1.004,0,0,18,306,0,7,0
15-06 05:10:31,22.165,7.969,68.237,0.996,0,5368996,153960,183256,2316488,4517.597,1452.405,0,60606.525,0,337.699,3198,2891,0.910,1.360,1,2,0,0,0,0,18,306,0,7,0
15-06 05:10:32,23.754,2.500,72.262,0.750,0,5374612,130152,184004,2333740,4800.773,1620.261,0,1324.213,0,50.008,2365,1970,0.910,1.360,1,1,0,0,0,0,18,306,0,5,0
15-06 05:10:33,23.018,5.254,69.553,0.500,0,5400576,197956,181588,2244120,4881.737,1459.117,0,1497.146,0,7.005,2315,1838,0.910,1.360,1,1,0,0,0,0,18,306,0,5,0
15-06 05:10:34,22.162,3.237,72.463,0.747,0,5399704,167624,182744,2273768,4721.302,1613.609,0,2553.886,0,90.641,2389,2175,0.920,1.350,1,5,0,0,0,0,18,306,0,5,0
15-06 05:10:35,22.573,6.019,68.721,1.254,0,5323616,275048,183072,2241940,5278.968,1811.824,52.168,103761.526,9.029,1111.573,4433,5100,0.920,1.350,1,1,0,2.006,0,0,18,304,0,5,0
15-06 05:10:36,17.081,3.768,78.371,0,0,5363800,234776,183080,2242020,12003.754,4353.584,28.133,602.850,4.019,27.128,2223,2004,0.920,1.350,1,2,0,33.157,0,0,18,305,0,3,0
15-06 05:10:37,22.986,4.497,71.207,0.250,0,5366948,225028,183260,2248408,5798.476,1792.910,0,1471.106,0,23.985,3433,4055,0.920,1.350,1,1,0,7.995,0,0,18,304,0,3,0
15-06 05:10:38,20.921,7.223,69.240,0.249,0,5369672,221248,183280,2249412,4799.970,1452.544,0,2693.881,0,23.910,8319,15120,0.920,1.350,1,2,0,7.970,0,0,18,304,0,3,0
15-06 05:10:39,22.266,6.755,68.550,0,0,5373408,217468,183292,2249444,5015.659,1513.104,0,592.432,0,123.090,7346,15084,0.920,1.340,1,1,0,13.009,0,0,18,304,0,3,0
15-06 05:10:40,20.748,8.249,69.493,0,0,5349004,249064,183340,2242204,5565.439,1565.842,0,126107.285,0,1725.826,3932,6040,0.920,1.340,1,2,0,8.999,0,0,18,304,0,3,0
15-06 05:10:41,20.995,4.249,72.234,1.500,0,5369356,225840,183504,2244960,4593.988,1499.670,1427.685,11.997,181.960,2.000,2425,2259,0.920,1.340,1,2,0,6.998,0,0,18,304,0,3,0
15-06 05:10:42,21.997,4.000,70.492,1.250,0,5372512,219820,183748,2247580,4379.489,1619.811,1595.814,2179.746,166.981,59.993,4149,5248,0.920,1.340,1,2,0,0,0,0,18,306,0,4,0
15-06 05:10:43,26.235,4.497,65.713,1.999,0,5363924,227128,183780,2248828,4507.473,1619.092,939.473,3002.317,60.966,323.818,7054,10466,0.920,1.340,1,2,0,0.999,0,0,18,306,0,7,0
15-06 05:10:44,9.774,20.551,68.420,0.251,0,5310124,280652,183800,2249084,4451.088,1624.046,192.479,3191.952,7.017,369.922,6108,4999,0.850,1.320,0.990,1,0,364.909,0,0,18,306,0,7,0
15-06 05:10:45,11.770,10.017,70.368,6.511,0,5286056,290484,183824,2263296,5048.480,1622.726,14267.967,288.485,1302.187,15.025,4466,5030,0.850,1.320,0.990,1,0,85.143,0,0,18,306,0,9,0
15-06 05:10:46,8.969,3.737,71.006,14.450,0,5272364,273316,183832,2294148,4800.535,1614.463,30603.034,4237.466,2262.241,152.477,4482,6997,0.850,1.320,0.990,3,0,0.997,0,0,18,306,0,9,0
15-06 05:10:47,3.000,1.750,93.763,0,0,5278660,266084,183832,2295084,9181.272,3147.436,1116.155,376.052,24.003,22.003,1434,1892,0.850,1.320,0.990,0,0,5.001,0,0,18,307,0,9,0
15-06 05:10:48,2.748,0.999,94.934,0,0,5274800,269708,183832,2295320,92974.317,4793.665,95.933,263.816,1.999,19.986,1230,1461,0.850,1.320,0.990,1,0,1.999,0,0,18,307,0,9,0
15-06 05:10:49,4.500,5.251,88.510,0.250,0,5253032,290388,183836,2296404,711910.124,12839.409,592.065,484.053,31.003,5.001,2237,1967,0.860,1.320,0.990,2,0,33.004,0,0,18,306,0,10,0
15-06 05:10:50,1.501,1.000,96.036,0.250,0,5254028,289384,183836,2296412,4141.563,1620.612,0,300.113,0,15.006,1250,1906,0.860,1.320,0.990,1,0,1.000,0,0,18,306,0,10,0
15-06 05:10:51,1.500,0.500,96.741,0,0,5254028,289384,183836,2296412,3910.643,1133.897,0,179.984,0,19.998,1045,1646,0.860,1.320,0.990,1,0,0,0,0,18,306,0,10,0
15-06 05:10:52,2.250,1.500,95.757,0,0,5253196,290216,183836,2296412,4504.315,1446.101,0,44.003,0,5.000,1231,1572,0.860,1.320,0.990,0,0,6.000,0,0,18,306,0,10,0
15-06 05:10:53,1.999,0.750,95.466,0.500,0,5253060,290296,183840,2296464,4798.271,1619.417,51.981,603.782,2.999,53.981,1365,1960,0.860,1.320,0.990,1,0,0,0,0,18,306,0,10,0
15-06 05:10:54,1.501,0.750,97.039,0,0,5253056,290296,183840,2296468,4579.824,1458.581,0,8.003,0,1.000,1038,1458,0.790,1.290,0.990,0,0,0,0,0,18,306,0,10,0
15-06 05:10:55,0.750,0.500,97.220,0,0,5253056,290296,183840,2296468,5158.392,1619.495,0,0,0,0,893,1242,0.790,1.290,0.990,1,0,0,0,0,18,306,0,10,0
15-06 05:10:56,1.000,0.750,97.032,0,0,5253052,290296,183844,2296468,5616.872,1458.486,0,332.111,0,23.008,1003,1475,0.790,1.290,0.990,1,0,0,0,0,18,306,0,10,0
15-06 05:10:57,2.249,0.750,95.969,0.250,0,5253052,290296,183856,2296456,5818.100,1619.471,0,191.937,0,25.992,1379,2022,0.790,1.290,0.990,1,0,0,0,0,18,306,0,10,0
15-06 05:10:58,1.250,0.750,97.027,0,0,5253028,290296,183860,2296476,4661.276,1026.281,0,304.083,0,20.005,896,1324,0.790,1.290,0.990,0,0,0,0,0,18,306,0,10,0
15-06 05:10:59,0.500,0,97.495,0,0,5253028,290296,183860,2296476,4857.765,971.953,0,0,0,0,886,1296,0.730,1.270,0.980,1,0,0,0,0,18,306,0,10,0
15-06 05:11:00,1.501,0.750,97.061,0.250,0,5253028,290296,183860,2296476,4322.714,1621.018,0,72.045,0,10.006,929,1345,0.730,1.270,0.980,0,0,1.001,0,0,18,306,0,10,0
15-06 05:11:01,1.499,0.250,96.926,0,0,5253028,290296,183860,2296476,5292.945,1618.760,0,63.951,0,8.993,999,1456,0.730,1.270,0.980,2,0,0,0,0,18,306,0,8,0
15-06 05:11:02,3.752,1.251,94.042,0,0,5256964,286292,183860,2296544,5162.286,1620.718,144.064,0,8.004,0,1462,1926,0.730,1.270,0.980,0,0,3.001,0,0,18,306,0,8,0
15-06 05:11:03,3.749,1.250,94.229,0,0,5257304,285620,183860,2296876,5108.878,1619.644,207.954,191.958,11.997,18.996,1536,2072,0.730,1.270,0.980,0,0,2.000,0,0,18,306,0,10,0
15-06 05:11:04,2.510,1.506,94.889,0.251,0,5261176,281744,183860,2296880,5361.983,1626.669,0,128.527,0,13.054,1389,1901,0.670,1.250,0.970,1,0,3.012,0,0,18,306,0,10,0
15-06 05:11:05,19.419,6.971,71.203,0.498,0,5338196,202632,183868,2298964,5110.702,1505.725,2577.260,171.286,31.867,20.913,2619,2171,0.670,1.250,0.970,1,0,5.975,0,0,18,306,0,10,0
15-06 05:11:06,13.250,4.750,81.247,0.250,0,5349924,190900,183868,2298968,5342.821,1565.947,511.983,1495.950,4.000,28.999,2221,2103,0.670,1.250,0.970,1,0,4.000,0,0,18,306,0,10,0
15-06 05:11:07,1.500,0.500,96.236,0,0,5336164,204660,183868,2298968,5071.247,1511.776,0,187.972,0,13.998,1192,1670,0.670,1.250,0.970,1,0,0,0,0,18,306,0,10,0
15-06 05:11:08,1.500,1.000,96.244,0.250,0,5327304,213520,183868,2298968,4665.708,1565.902,0,599.962,0,37.998,1040,1574,0.670,1.250,0.970,1,0,0,0,0,18,306,0,10,0
15-06 05:11:09,5.752,13.256,78.534,0.250,0,5319540,221080,183872,2299168,4654.005,1512.652,180.078,1428.615,9.004,88.038,4202,3747,0.620,1.230,0.970,2,0,247.106,0,0,18,306,0,10,0
15-06 05:11:10,7.276,21.576,69.245,0,0,5315392,225196,183880,2299192,4742.753,1571.551,0,3568.606,0,382.351,6132,5017,0.620,1.230,0.970,1,0,389.375,0,0,18,306,0,10,0
15-06 05:11:11,7.224,20.177,69.499,0,0,5306424,234144,183880,2299212,4532.623,1506.557,0,6285.290,0,166.399,5843,4572,0.620,1.230,0.970,1,0,359.700,0,0,18,306,0,10,0
15-06 05:11:12,8.508,20.519,69.063,0,0,5301680,238860,183880,2299240,3244.977,702.645,0,4.004,0,1.001,6075,4845,0.620,1.230,0.970,3,0,420.386,0,0,18,306,0,10,0
15-06 05:11:13,7.764,21.789,67.621,0.501,0,5295828,244228,183888,2300016,4401.867,1406.514,749.339,260.465,12.021,18.032,6114,5082,0.620,1.230,0.970,1,0,411.736,0,0,18,306,0,10,0
15-06 05:11:14,7.994,20.983,69.444,0,0,5295264,244576,183888,2300232,5053.949,1456.832,107.914,327.737,2.998,19.984,5830,4632,0.570,1.210,0.960,0,1,366.706,0,0,18,306,0,10,0
15-06 05:11:15,19.217,4.243,74.372,0.749,0,5308856,227360,184072,2303672,5757.092,2292.055,3701.630,123.787,112.806,11.979,2956,2492,0.570,1.210,0.960,2,0,28.950,0,0,18,307,0,10,0
15-06 05:11:16,2.004,1.253,95.714,0.251,0,5308792,227360,184080,2303728,49705.946,3181.100,4.009,1860.152,1.002,18.040,1256,1615,0.570,1.210,0.960,0,0,0,0,0,18,307,0,10,0
15-06 05:11:17,1.745,0.499,95.712,0,0,5307144,228824,184080,2303912,196927.863,6681.908,0,315.053,0,11.964,1415,1794,0.570,1.210,0.960,2,0,0,0,0,18,307,0,10,0
15-06 05:11:18,1.751,1.000,95.796,0.250,0,5302920,232628,184080,2304332,448607.412,12279.842,0,236.112,0,18.009,1480,1605,0.570,1.210,0.960,0,0,0,0,0,18,307,0,10,0
15-06 05:11:19,1.751,1.250,95.035,0,0,5299420,235528,184080,2304932,633364.052,16740.186,0,0,0,0,1709,1750,0.520,1.190,0.960,0,0,0,0,0,18,307,0,10,0
15-06 05:11:20,2.999,1.249,93.708,0.250,0,5298396,235732,184080,2305752,868164.974,24404.008,0,2334.948,0,25.988,2264,2378,0.520,1.190,0.960,0,0,1.000,0,0,18,307,0,10,0
15-06 05:11:21,2.001,0.500,96.535,0,0,5297448,236644,184080,2305788,37479.514,2302.830,0,152.055,0,17.006,1137,1708,0.520,1.190,0.960,0,0,0,0,0,18,307,0,10,0
15-06 05:11:22,1.249,1.249,96.943,0,0,5296992,236896,184084,2305988,197753.934,5906.533,3.998,875.486,0.999,8.995,1154,1431,0.520,1.190,0.960,1,0,0,0,0,18,307,0,10,0
15-06 05:11:23,1.250,0.500,95.532,0.250,0,5296888,236672,184088,2306312,386464.622,8060.683,32.011,436.145,1.000,30.010,1462,1843,0.520,1.190,0.960,0,0,0,0,0,18,307,0,10,0
15-06 05:11:24,7.986,5.241,85.598,0,0,5315296,217524,184088,2307052,685001.930,12062.586,11.979,459.185,0.998,29.947,3050,11284,0.640,1.200,0.960,1,0,35.936,0,0,18,307,0,11,0
15-06 05:11:25,1.002,0.501,96.668,0,0.250,5314448,218248,184088,2307176,131224.583,3821.657,0,1386.415,0,8.014,1069,1361,0.640,1.200,0.960,0,0,0,0,0,18,307,0,10,0
15-06 05:11:26,2.250,1.000,95.515,0,0,5311248,221360,184088,2307264,90267.863,3449.530,0,104.016,0,4.001,1228,1525,0.640,1.200,0.960,0,0,0,0,0,18,307,0,10,0
15-06 05:11:27,2.000,0.500,95.742,0.250,0,5309536,222928,184088,2307408,221616.541,4655.591,0,375.967,0,15.999,1431,1864,0.640,1.200,0.960,0,0,0,0,0,18,307,0,10,0
15-06 05:11:28,1.750,1.000,96.481,0,0,5307556,224496,184088,2307820,369159.127,7726.496,0,719.860,0,21.996,1303,1457,0.640,1.200,0.960,1,0,0,0,0,18,307,0,10,0
15-06 05:11:29,1.500,1.000,96.772,0,0,5306040,225948,184088,2307884,165836.749,4362.993,0,156.036,0,3.001,1096,1366,0.590,1.180,0.960,0,0,0,0,0,18,307,0,10,0
15-06 05:11:30,12.497,9.747,74.230,1.999,0,5344212,166508,184692,2328552,141316.214,2477.338,7541.983,15327.902,157.958,155.958,3814,3905,0.590,1.180,0.960,1,0,49.987,0,0,18,306,0,11,0
15-06 05:11:31,8.001,15.503,68.761,4.751,0,5354304,145132,185044,2339356,5015.811,1458.236,8.001,20655.338,2.000,2009.325,8677,12020,0.590,1.180,0.960,1,1,130.021,0,0,18,306,0,11,0
15-06 05:11:32,20.511,9.755,67.286,1.251,0,5367060,128952,185156,2342580,5042.694,1620.866,140.075,4430.367,4.002,346.185,4133,4091,0.590,1.180,0.960,2,0,45.024,0,0,18,306,0,11,0
15-06 05:11:33,22.582,8.531,66.993,0.502,0,5348388,146900,185212,2343248,5076.445,1463.317,0,1441.237,0,90.328,3572,2802,0.590,1.180,0.960,1,0,36.131,0,0,18,306,0,11,0
15-06 05:11:34,23.496,8.249,67.738,0.500,0,5348848,145396,185316,2344172,5071.121,1511.738,0,1295.775,0,74.987,3418,2724,0.620,1.180,0.960,2,0,29.995,0,0,18,306,0,11,0
15-06 05:11:35,22.402,5.725,69.198,0.498,0,5335656,153524,185596,2348856,5482.111,1559.206,95.583,1549.249,20.909,67.705,3277,3229,0.620,1.180,0.960,2,0,14.935,0,0,18,306,0,11,0
15-06 05:11:36,20.736,6.995,69.952,1.249,0.250,5361408,151092,185532,2325924,5782.998,1618.880,315.781,5312.324,40.972,113.921,4627,6131,0.620,1.180,0.960,3,0,16.988,0,0,18,306,0,11,0
15-06 05:11:37,16.512,11.508,70.299,0.250,0,5373700,140656,180148,2327860,5643.954,1621.136,4086.863,148.104,73.051,12.008,3196,2718,0.620,1.180,0.960,2,0,45.032,0,0,18,306,0,11,0
15-06 05:11:38,20.841,6.026,71.813,0.753,0,5362560,150672,180268,2328296,6267.326,1627.094,550.400,2976.980,34.149,31.136,2744,2030,0.620,1.180,0.960,1,0,38.166,0,0,18,306,0,11,0
15-06 05:11:39,14.447,3.487,81.200,0,0,5300944,269604,180304,2272308,6097.454,1614.032,270.998,3.985,14.945,0.996,2100,1780,0.650,1.180,0.960,0,0,17.934,0,0,18,306,0,11,0
15-06 05:11:40,1.000,0.500,97.226,0,0,5300944,269604,180304,2272308,5818.537,1689.575,0,143.964,0,2.999,909,1346,0.650,1.180,0.960,1,0,0,0,0,18,306,0,11,0
15-06 05:11:41,1.500,1.000,96.738,0,0,5295216,275264,180304,2272376,5074.372,1457.820,63.992,0,1.000,0,1016,1446,0.650,1.180,0.960,0,0,3.000,0,0,18,306,0,11,0
15-06 05:11:42,0.999,0.500,97.160,0.250,0,5283844,286632,180304,2272380,4495.846,1618.504,0,835.228,0,185.828,964,1374,0.650,1.180,0.960,0,0,0,0,0,18,306,0,11,0
15-06 05:11:43,0.751,1.001,97.325,0,0,5283844,286632,180304,2272380,4703.620,1459.123,0,0,0,0,940,1302,0.650,1.180,0.960,1,0,0,0,0,18,306,0,11,0
15-06 05:11:44,1.500,0.750,97.265,0,0,5283844,286632,180304,2272380,4980.744,1620.242,0,12.002,0,2.000,861,1257,0.600,1.160,0.950,0,0,0,0,0,18,306,0,11,0
15-06 05:11:45,0.750,0.250,96.961,0,0,5283184,287288,180304,2272384,4996.001,1457.417,0,79.968,0,5.998,931,1336,0.600,1.160,0.950,1,0,0,0,0,18,306,0,11,0
15-06 05:11:46,2.251,0.500,96.544,0.250,0,5272908,297560,180304,2272388,5299.402,1620.735,0,64.029,0,6.003,1097,1576,0.600,1.160,0.950,0,0,0,0,0,18,306,0,5,0
15-06 05:11:47,2.251,0.750,95.543,0,0,5272908,297560,180304,2272388,5442.470,1566.711,0,2841.289,0,250.113,1401,2097,0.600,1.160,0.950,0,0,0,0,0,18,306,0,5,0
15-06 05:11:48,1.999,1.000,95.959,0,0,5273132,297336,180304,2272388,4234.174,1349.418,7.997,3.998,1.999,1.000,1026,1372,0.600,1.160,0.950,0,0,0,0,0,18,306,0,5,0
15-06 05:11:49,0.750,0.750,97.464,0,0,5273076,297336,180304,2272444,3846.578,1187.561,0,0,0,0,896,1279,0.550,1.140,0.950,0,0,0,0,0,18,306,0,5,0
15-06 05:11:50,1.500,0.750,96.031,0.250,0,5273108,297336,180320,2272444,4353.390,1512.483,0,592.189,0,42.013,1212,1781,0.550,1.140,0.950,0,0,0,0,0,18,306,0,4,0
15-06 05:11:51,1.500,0.750,96.484,0,0,5273100,297336,180320,2272452,4488.256,1511.749,0,87.985,0,11.998,1166,1675,0.550,1.140,0.950,1,0,1.000,0,0,18,306,0,4,0
15-06 05:11:52,1.501,1.501,96.048,0,0,5273100,297336,180320,2272452,4488.242,1608.804,0,0,0,0,1120,1326,0.550,1.140,0.950,0,0,6.003,0,0,18,306,0,4,0
15-06 05:11:53,1.000,0.750,96.463,0.500,0,5273096,297336,180324,2272452,4138.411,1619.378,0,835.679,0,139.946,1031,1378,0.550,1.140,0.950,1,0,0,0,0,18,306,0,4,0
15-06 05:11:54,1.250,0.500,97.230,0,0,5273096,297336,180324,2272452,4365.082,1565.671,0,3.999,0,1.000,947,1290,0.590,1.130,0.950,1,0,0,0,0,18,306,0,4,0
15-06 05:11:55,1.505,0.502,97.067,0.251,0,5273088,297336,180328,2272456,4801.690,1571.134,0,72.236,0,9.030,1017,1404,0.590,1.130,0.950,0,0,0,0,0,18,306,0,4,0
15-06 05:11:56,1.745,0.249,96.747,0,0,5273088,297336,180328,2272456,4983.976,1615.778,0,195.489,0,14.961,1124,1670,0.590,1.130,0.950,0,0,0,0,0,18,306,0,4,0
15-06 05:11:57,2.000,1.500,95.993,0,0,5273072,297336,180340,2272460,5925.559,1565.883,0,195.985,0,23.998,1307,1849,0.590,1.130,0.950,0,0,0,0,0,18,306,0,4,0
15-06 05:11:58,1.250,0,97.223,0,0,5273072,297336,180340,2272460,6238.285,1619.555,0,275.924,0,18.995,940,1300,0.590,1.130,0.950,0,0,0,0,0,18,306,0,4,0
15-06 05:11:59,0.750,1.000,97.254,0,0,5273072,297336,180340,2272460,5912.261,1512.067,0,0,0,0,998,1370,0.540,1.120,0.940,0,0,0,0,0,18,306,0,4,0
15-06 05:12:00,1.250,0.250,96.746,0,0,5273072,297336,180340,2272460,4545.820,1565.938,0,51.998,0,7.000,968,1341,0.540,1.120,0.940,0,0,0,0,0,18,306,0,4,0
15-06 05:12:01,4.502,1.751,92.784,0.250,0,5275220,295092,180348,2272548,5571.039,1554.569,64.023,184.067,3.001,19.007,1722,2371,0.540,1.120,0.940,0,0,4.001,0,0,18,306,0,4,0
15-06 05:12:02,3.262,1.254,95.337,0,0,5275220,295092,180348,2272548,5224.451,1571.550,0,1011.573,0,13.046,1214,1488,0.540,1.120,0.940,1,0,1.004,0,0,18,306,0,4,0
15-06 05:12:03,3.236,0.747,93.594,0.249,0.249,5275188,295092,180360,2272568,5348.782,1505.465,0,183.205,0,11.948,1377,1884,0.540,1.120,0.940,1,0,1.991,0,0,18,306,0,4,0
15-06 05:12:04,2.003,1.001,96.142,0,0,5267640,302640,180360,2272568,5033.451,1568.321,0,777.150,0,164.243,1016,1344,0.500,1.100,0.940,1,0,2.003,0,0,18,306,0,4,0
15-06 05:12:05,20.262,7.004,72.044,0,0,5306168,264008,180364,2272668,5075.082,1512.919,608.370,168.102,9.005,23.014,2650,2187,0.500,1.100,0.940,3,0,6.004,0,0,18,306,0,4,0
15-06 05:12:06,12.726,4.741,80.846,0.250,0,5306216,263936,180372,2272684,5213.084,1632.894,511.028,215.590,3.992,22.956,2104,2006,0.500,1.100,0.940,2,0,4.991,0,0,18,306,0,2,0
15-06 05:12:07,2.251,0.500,95.527,0,0,5305576,264572,180372,2272688,4653.330,1512.432,0,160.046,0,14.004,1261,1794,0.500,1.100,0.940,0,0,0,0,0,18,306,0,2,0
15-06 05:12:08,1.495,1.744,95.671,0.249,0,5301828,268300,180380,2272700,4530.440,1560.640,3.986,56043.517,0.997,98.661,1099,1444,0.500,1.100,0.940,1,0,0,0,0,18,306,0,2,0
15-06 05:12:09,7.046,2.768,87.576,1.258,0,5317724,250684,180676,2274124,4696.888,1576.367,1807.889,0,190.251,0,1747,1970,0.460,1.080,0.930,1,0,5.033,0,0,18,306,0,2,0
15-06 05:12:10,7.974,2.492,85.716,2.492,0,5314120,252516,180900,2275672,12010.159,9556.299,1662.485,1180.085,384.724,22.924,2306,2698,0.460,1.080,0.930,1,0,0,0,0,18,307,0,2,0
15-06 05:12:11,13.758,3.752,81.298,0,0,5300200,266152,180900,2275956,9288.501,5297.137,148.088,108.064,9.005,12.007,2537,2615,0.460,1.080,0.930,1,0,6.004,0,0,18,307,0,4,0
15-06 05:12:12,14.285,3.509,80.697,0.251,0,5290768,275284,180900,2276256,13371.623,10183.846,80.196,252.616,5.012,24.059,2574,2714,0.460,1.080,0.930,0,0,5.012,0,0,18,307,0,6,0
15-06 05:12:13,11.009,2.752,84.071,0.500,0,5278056,287640,180900,2276612,14996.673,11510.727,400.338,264.223,24.020,29.025,2515,2806,0.460,1.080,0.930,2,0,5.004,0,0,18,306,0,7,0
15-06 05:12:14,11.476,2.744,83.325,0.748,0,5287760,277620,180972,2276856,13194.291,9836.343,31.933,4554.435,1.996,527.891,2833,4037,0.420,1.060,0.930,2,0,0,0,0,18,308,0,7,0
15-06 05:12:15,11.986,2.996,84.151,0.250,0,5305344,259984,180984,2276896,11578.390,8908.529,15.981,323.620,0.999,30.964,2164,2425,0.420,1.060,0.930,1,0,5.993,0,0,18,307,0,8,0
15-06 05:12:16,12.751,2.750,82.506,0.250,0,5333924,231256,180992,2277036,10252.794,6399.495,0,228.018,0,20.002,2399,2651,0.420,1.060,0.930,0,0,5.000,0,0,18,307,0,9,0
15-06 05:12:17,16.627,3.226,79.166,0.248,0,5303992,261156,181004,2277056,14894.081,11289.682,0,317.656,0,34.744,3026,3221,0.420,1.060,0.930,4,0,18.861,0,0,18,302,0,12,0
15-06 05:12:18,40.734,8.349,51.360,0,0,5039456,525776,181004,2277056,4568.226,1420.866,16.192,222.643,2.024,12.144,2819,1622,0.420,1.060,0.930,3,0,6.072,0,0,18,290,0,14,0
15-06 05:12:19,77.139,15.677,5.723,0.995,0,5118520,446648,181020,2277144,4596.472,1222.275,75.646,246.844,12.939,20.902,5074,2760,0.710,1.110,0.950,5,0,1.991,0,0,18,280,0,15,0
15-06 05:12:20,88.435,11.524,0,0,0,5102332,462548,181040,2277476,3944.267,1028.155,232.487,990.075,11.023,61.128,5250,3177,0.710,1.110,0.950,6,0,7.015,0,0,18,276,0,15,0
15-06 05:12:21,84.456,15.037,0.251,0.251,0,5213652,349420,181060,2279264,5295.944,1569.837,621.519,372.911,37.091,35.086,6670,9740,0.710,1.110,0.950,6,0,3.007,0,0,18,280,0,18,0
15-06 05:12:22,48.923,11.672,37.003,0.497,0,5264080,296292,181080,2281996,4190.030,1448.332,1374.823,413.241,67.549,40.728,6045,8979,0.710,1.110,0.950,3,0,8.940,0,0,18,284,0,22,0
15-06 05:12:23,40.336,11.274,47.351,0,0,5361128,199240,181084,2282012,4870.418,1623.473,777.663,2156.613,7.015,138.296,4236,3572,0.710,1.110,0.950,2,0,8.017,0,0,18,284,0,22,0
15-06 05:12:24,38.011,8.502,52.015,0.750,0,5395256,164004,181108,2283096,4099.179,1458.419,892.257,196.056,51.015,18.005,4702,12621,0.810,1.120,0.950,2,0,39.011,0,0,18,286,0,25,0
15-06 05:12:25,22.997,8.749,66.240,0,0.250,5401056,189992,177120,2255972,59578.020,20529.905,47.993,927.860,3.000,73.989,5431,7789,0.810,1.120,0.950,2,0,3.000,0,0,18,286,0,29,0
15-06 05:12:26,3.748,1.249,93.439,0.250,0,5402516,188464,177132,2256024,11785.320,2899.111,0,507.669,0,36.976,1893,3185,0.810,1.120,0.950,2,0,0,0,0,18,287,0,29,0
15-06 05:12:27,2.250,0.500,95.512,0,0,5392444,198524,177144,2256024,4526.546,1620.196,0,144.017,0,18.002,1365,1878,0.810,1.120,0.950,1,0,0,0,0,18,287,0,28,0
15-06 05:12:28,0.750,1.250,96.489,0.250,0,5371992,218976,177144,2256024,4345.497,1619.812,0,10514.783,0,1165.865,1750,1489,0.810,1.120,0.950,1,0,2.000,0,0,18,287,0,28,0
15-06 05:12:29,1.250,0.750,97.528,0,0,5366012,224956,177144,2256024,4753.376,1566.454,0,0,0,0,910,1273,0.750,1.110,0.950,0,0,0,0,0,18,287,0,28,0
15-06 05:12:30,1.250,0.250,96.523,0.500,0,5361028,229904,177180,2256024,4619.111,1512.364,0,780.188,0,59.014,1115,1661,0.750,1.110,0.950,0,0,0,0,0,18,287,0,28,0
15-06 05:12:31,1.000,1.000,97.248,0,0,5356476,234444,177192,2256024,5116.888,1619.964,0,123.997,0,16.000,1031,1504,0.750,1.110,0.950,0,0,1.000,0,0,18,287,0,27,0
15-06 05:12:32,1.250,0.500,97.251,0,0,5352272,238640,177192,2256032,4860.072,1620.024,0,0,0,0,998,1380,0.750,1.110,0.950,0,0,0,0,0,18,287,0,27,0
15-06 05:12:33,0.499,0.999,97.366,0,0,5348824,242088,177192,2256032,4983.141,1617.773,0,0,0,0,885,1283,0.750,1.110,0.950,0,0,0,0,0,18,287,0,27,0
15-06 05:12:34,2.002,0.501,96.599,0,0,5346020,244888,177196,2256032,4702.823,1459.497,0,84.086,0,12.012,1084,1580,0.690,1.090,0.940,0,0,0,0,0,18,287,0,27,0
15-06 05:12:35,1.499,0.750,95.706,0.500,0,5346212,244636,177228,2256060,5097.661,1619.257,15.993,595.727,1.000,50.977,1358,2141,0.690,1.090,0.940,2,0,0,0,0,18,287,0,27,0
15-06 05:12:36,1.751,1.251,95.538,0.250,0,5343584,247244,177244,2256064,5385.167,1620.652,0,320.129,0,42.017,1448,2177,0.690,1.090,0.940,1,0,0,0,0,18,287,0,27,0
15-06 05:12:37,1.750,0.500,95.764,0.250,0,5341276,249548,177252,2256060,5204.745,1458.209,0,200.029,0,20.003,1247,1801,0.690,1.090,0.940,0,0,0,0,0,18,287,0,27,0
15-06 05:12:38,1.000,0.750,97.496,0,0,5339224,251596,177252,2256064,6403.765,1457.947,0,103.996,0,7.000,934,1306,0.690,1.090,0.940,0,0,0,0,0,18,287,0,27,0
15-06 05:12:39,1.250,0.500,96.516,0,0,5337432,253388,177252,2256064,5880.975,1620.269,0,384.064,0,5.001,964,1338,0.630,1.070,0.930,0,0,0,0,0,18,287,0,27,0
15-06 05:12:40,2.000,1.000,96.483,0.500,0,5335860,254944,177264,2256068,5609.004,1589.718,0,583.896,0,39.993,1037,1483,0.630,1.070,0.930,1,0,0,0,0,18,287,0,27,0
15-06 05:12:41,1.250,0,97.286,0,0,5334996,255808,177264,2256068,5371.009,1752.656,0,0,0,0,993,1336,0.630,1.070,0.930,1,0,3.001,0,0,18,287,0,27,0
15-06 05:12:42,1.250,0.500,96.748,0,0,5333592,257208,177264,2256072,4877.889,1457.967,0,4.000,0,1.000,971,1306,0.630,1.070,0.930,0,0,0,0,0,18,287,0,27,0
15-06 05:12:43,1.000,1.000,97.489,0,0,5332564,258236,177264,2256072,4799.477,1619.823,0,19.998,0,2.000,947,1265,0.630,1.070,0.930,0,0,0,0,0,18,287,0,27,0
15-06 05:12:44,2.247,0.499,95.603,0,0,5331652,259164,177264,2256072,4463.116,1455.755,0,826.725,0,172.734,1211,1645,0.580,1.050,0.930,1,0,0,0,0,18,287,0,27,0
15-06 05:12:45,1.502,0.501,97.389,0,0,5331448,259368,177264,2256072,5047.181,1622.308,0,48.068,0,6.009,969,1375,0.580,1.050,0.930,0,0,0,0,0,18,287,0,27,0
15-06 05:12:46,2.000,1.250,95.013,0.500,0,5331436,259368,177268,2256080,5169.713,1620.224,0,204.028,0,30.004,1459,2200,0.580,1.050,0.930,1,0,0,0,0,18,287,0,27,0
15-06 05:12:47,1.750,0.250,96.482,0,0,5331428,259368,177276,2256080,5465.008,1619.706,0,95.983,0,11.998,1151,1641,0.580,1.050,0.930,0,0,0,0,0,18,287,0,27,0
15-06 05:12:48,1.750,1.500,96.022,0,0,5326944,262848,177296,2257112,4587.057,1620.373,1020.235,112.026,26.006,9.002,1245,1677,0.580,1.050,0.930,0,0,3.001,0,0,18,287,0,27,0
15-06 05:12:49,1.000,0.500,97.507,0,0,5326828,262952,177296,2257120,4800.360,1620.122,0,156.012,0,9.001,931,1336,0.530,1.030,0.920,2,0,0,0,0,18,287,0,27,0
15-06 05:12:50,2.499,1.000,95.219,0.250,0,5326940,262728,177304,2257224,4498.543,1619.476,95.969,975.684,5.998,106.965,1571,2291,0.530,1.030,0.920,0,0,0,0,0,18,287,0,27,0
15-06 05:12:51,1.000,0.750,96.741,0,0,5326020,263644,177308,2257224,4534.582,1457.866,0,79.993,0,11.999,1170,1751,0.530,1.030,0.920,1,0,1.000,0,0,18,287,0,27,0
15-06 05:12:52,2.507,2.758,93.511,0.251,0,5331448,258040,177440,2257268,4693.087,1772.944,264.738,72.201,5.014,7.020,1666,1874,0.530,1.030,0.920,5,0,14.039,0,0,18,287,0,27,0
15-06 05:12:53,42.892,8.728,46.383,0.748,0,5016152,572448,177468,2258128,4801.918,1703.713,758.093,2513.676,94.762,111.719,4246,3322,0.530,1.030,0.920,1,0,70.822,0,0,18,283,0,29,0
15-06 05:12:54,23.002,4.000,72.256,0.500,0,5075788,512736,177476,2258196,4860.393,1972.159,76.006,452.037,6.000,74.006,2208,1880,0.570,1.030,0.920,3,0,0,0,0,18,283,0,29,0
15-06 05:12:55,21.485,5.996,69.950,0.250,0,5133732,453660,177512,2259308,5102.365,2184.444,411.707,331.764,47.966,16.988,3473,4843,0.570,1.030,0.920,3,0,16.988,0,0,18,287,0,31,0
15-06 05:12:56,22.257,7.252,69.523,0.500,0,5241384,345808,177520,2259520,5694.909,1656.555,16.005,228.076,4.001,30.010,2785,2541,0.570,1.030,0.920,2,0,7.002,0,0,18,287,0,31,0
15-06 05:12:57,26.253,3.250,69.759,0,0,5259872,327140,177556,2259664,7260.939,1662.215,64.008,156.020,5.001,16.002,2561,2262,0.570,1.030,0.920,2,0,2.000,0,0,18,287,0,31,0
15-06 05:12:58,4.999,1.500,91.733,0,0,5269840,317088,177556,2259748,5656.971,1597.709,0,15.997,0,3.999,1172,1480,0.570,1.030,0.920,1,0,1.000,0,0,18,287,0,31,0
15-06 05:12:59,0.750,0.750,97.239,0,0,5269840,317088,177556,2259748,5759.342,1619.815,0,183.979,0,1.000,870,1238,0.520,1.010,0.920,1,0,0,0,0,18,287,0,31,0
15-06 05:13:00,1.749,0.500,96.472,0.250,0,5269508,317416,177560,2259748,4336.756,1457.582,0,807.768,0,33.990,1028,1458,0.520,1.010,0.920,1,0,0,0,0,18,287,0,31,0
15-06 05:13:01,4.251,1.750,93.272,0,0,5262380,324460,177560,2259832,5118.229,1662.399,64.015,128.031,3.001,15.004,1516,2019,0.520,1.010,0.920,1,0,4.001,0,0,18,287,0,31,0
15-06 05:13:02,4.247,0.999,93.184,0,0,5257180,329640,177560,2259852,4694.688,1456.972,0,91.935,0,11.992,1594,1901,0.520,1.010,0.920,0,0,1.999,0,0,18,287,0,31,0
15-06 05:13:03,2.252,1.251,95.333,0,0,5251756,335060,177560,2259856,4804.161,1711.482,0,116.101,0,12.010,1292,1823,0.520,1.010,0.920,1,0,1.001,0,0,18,287,0,31,0
15-06 05:13:04,1.999,0.750,96.209,0.250,0,5246676,340128,177564,2259864,5037.847,1619.308,0,103.956,0,12.994,1141,1618,0.480,1,0.910,2,0,0,0,0,18,287,0,31,0
15-06 05:13:05,1.751,0.750,96.298,0.250,0,5240496,346308,177564,2259864,5070.503,1620.800,0,172.085,0,21.010,1284,1805,0.480,1,0.910,0,0,0,0,0,18,287,0,31,0
15-06 05:13:06,2.250,0.750,95.508,0,0,5236988,349812,177568,2259864,5641.474,1598.134,0,324.027,0,45.004,1542,2293,0.480,1,0.910,0,0,0,0,0,18,287,0,31,0
15-06 05:13:07,2.000,0.500,96.504,0.250,0,5234216,352568,177580,2259868,5436.212,1620.063,0,200.008,0,20.001,1258,1759,0.480,1,0.910,0,0,0,0,0,18,287,0,31,0
15-06 05:13:08,0.750,0.500,97.487,0,0,5231732,355044,177588,2259868,5065.310,1703.768,0,135.981,0,8.999,901,1363,0.480,1,0.910,1,0,0,0,0,18,287,0,31,0
15-06 05:13:09,1.250,0.500,97.464,0,0,5229676,357100,177588,2259868,4738.232,1619.396,0,107.960,0,7.997,887,1298,0.440,0.980,0.910,1,0,0,0,0,18,287,0,31,0
15-06 05:13:10,1.250,0.750,96.784,0.250,0,5227672,359092,177600,2259868,3925.365,1524.530,0,432.150,0,31.011,1047,1464,0.440,0.980,0.910,0,0,0,0,0,18,287,0,31,0
15-06 05:13:11,1.000,1.000,97.533,0,0,5226656,360108,177600,2259868,4656.562,1818.610,0,0,0,0,917,1287,0.440,0.980,0.910,0,0,1.000,0,0,18,287,0,31,0
15-06 05:13:12,1.500,0.250,96.473,0.250,0,5225800,360960,177604,2259868,4336.784,1457.591,0,55.984,0,6.998,1052,1418,0.440,0.980,0.910,0,0,0,0,0,18,287,0,29,0
15-06 05:13:13,1.250,0.250,97.004,0,0,5225004,361756,177604,2259868,4098.177,1278.055,0,0,0,0,949,1308,0.440,0.980,0.910,0,0,0,0,0,18,287,0,29,0
15-06 05:13:14,1.250,1.000,96.991,0.250,0.250,5225000,361756,177604,2259872,3563.666,917.914,0,107.990,0,11.999,1060,1588,0.410,0.960,0.900,1,0,0,0,0,18,287,0,29,0
15-06 05:13:15,1.000,0.750,96.475,0,0,5224976,361756,177624,2259876,4856.723,1553.591,0,4602.789,0,571.850,1165,1508,0.410,0.960,0.900,1,0,0,0,0,18,287,0,29,0
15-06 05:13:16,2.000,1.250,95.258,0.250,0,5224800,361916,177648,2259868,5189.442,1608.137,0,188.016,0,30.003,1462,2216,0.410,0.960,0.900,0,0,0,0,0,18,287,0,25,0
15-06 05:13:17,2.748,0.250,95.933,0,0,5224908,361788,177660,2259876,5394.236,1510.946,0,99.930,0,11.992,1344,1844,0.410,0.960,0.900,0,0,0,0,0,18,287,0,25,0
15-06 05:13:18,0.751,1.001,97.330,0,0,5224908,361788,177660,2259876,4910.043,1567.291,0,112.092,0,9.007,926,1345,0.410,0.960,0.900,2,0,0,0,0,18,287,0,25,0
15-06 05:13:19,1.000,0.500,97.519,0,0,5224904,361788,177660,2259880,5136.996,1606.312,0,0,0,0,931,1291,0.370,0.950,0.900,0,0,0,0,0,18,287,0,25,0
15-06 05:13:20,1.750,0.750,95.734,0.250,0,5224884,361788,177672,2259888,4119.304,1079.818,0,503.915,0,41.993,1293,1894,0.370,0.950,0.900,1,0,0,0,0,18,287,0,18,0
15-06 05:13:21,2.250,1.000,95.991,0.250,0,5224872,361788,177680,2259892,5176.512,1619.847,0,99.991,0,11.999,1194,1707,0.370,0.950,0.900,2,0,1.000,0,0,18,287,0,18,0
15-06 05:13:22,0.749,0.250,96.916,0,0,5224960,361700,177680,2259892,4721.901,1564.642,0,0,0,0,1006,1353,0.370,0.950,0.900,1,0,0,0,0,18,287,0,18,0
15-06 05:13:23,3.758,7.014,88.432,0,0,5228120,358528,177680,2259904,4555.369,1799.702,0,212.437,0,15.031,2575,2496,0.370,0.950,0.900,1,0,122.251,0,0,18,287,0,18,0
15-06 05:13:24,19.214,15.970,62.383,0,0,5267080,319548,177684,2259920,4431.673,1616.962,0,379.287,0,60.886,5214,9848,0.420,0.950,0.900,1,0,224.578,0,0,18,287,0,12,0
15-06 05:13:25,17.014,3.002,79.063,0.250,0,5318980,267648,177688,2259916,5959.735,3942.132,0,788.627,0,122.097,1946,1683,0.420,0.950,0.900,2,0,0,0,0,18,288,0,12,0
15-06 05:13:26,16.256,3.501,78.780,0.250,0,5319864,265576,177828,2259960,12475.704,8664.267,172.065,172.065,37.014,24.009,2992,3603,0.420,0.950,0.900,0,0,0,0,0,18,288,0,14,0
15-06 05:13:27,25.771,6.505,64.052,1.251,0.250,5331936,252656,177872,2260764,7396.041,3436.807,624.510,1196.978,32.026,155.127,5969,8116,0.420,0.950,0.900,2,0,4.003,0,0,18,287,0,15,0
15-06 05:13:28,40.980,8.246,50.225,0,0,5373488,210924,177880,2260936,5448.330,2957.550,143.929,159.922,6.997,12.994,3212,2077,0.420,0.950,0.900,1,0,26.987,0,0,18,288,0,8,0
15-06 05:13:29,25.487,4.248,69.215,0.250,0,5410236,174132,177892,2260968,23557.118,21068.373,0,147.925,0,7.996,2874,2765,0.470,0.950,0.900,2,0,0,0,0,18,290,0,14,0
15-06 05:13:30,10.250,3.500,84.249,0.500,0,5402540,181532,177928,2261228,22529.769,17239.823,239.998,2747.972,13.000,162.998,2811,2998,0.470,0.950,0.900,1,0,35.000,0,0,18,289,0,18,0
15-06 05:13:31,1.000,1.000,96.749,0,0,5395880,188188,177928,2261232,5194.934,1499.981,0,43.999,0,3.000,969,1393,0.470,0.950,0.900,0,0,1.000,0,0,18,289,0,18,0
15-06 05:13:32,1.750,0.750,96.743,0,0,5386628,197440,177928,2261232,4869.637,1619.879,0,143.989,0,4.000,1028,1396,0.470,0.950,0.900,0,0,0,0,0,18,289,0,18,0
15-06 05:13:33,1.500,0.750,97.009,0.250,0,5378280,205788,177928,2261232,4964.464,1458.136,0,160.015,0,8.001,936,1309,0.470,0.950,0.900,1,0,0,0,0,18,289,0,18,0
15-06 05:13:34,1.000,0.500,96.507,0,0,5365640,218424,177932,2261232,5186.351,1620.110,0,204.014,0,26.002,1182,1810,0.430,0.930,0.900,1,0,0,0,0,18,289,0,18,0
15-06 05:13:35,2.750,1.250,94.496,0.250,0,5360428,223620,177936,2261244,10744.547,2834.880,0,355.985,0,30.999,1468,1938,0.430,0.930,0.900,1,0,0,0,0,18,289,0,18,0
15-06 05:13:36,3.000,1.000,93.748,1.000,0,5355592,228416,177968,2261252,4842.888,1619.962,0,2015.953,0,151.996,1886,2881,0.430,0.930,0.900,1,0,0,0,0,18,289,0,18,0
15-06 05:13:37,2.000,0.750,95.263,0.500,0,5351392,232564,177992,2261280,5298.742,1458.204,16.002,488.068,1.000,42.006,1430,2185,0.430,0.930,0.900,0,0,1.000,0,0,18,289,0,18,0
15-06 05:13:38,2.000,0.750,96.735,0,0,5347660,236288,178000,2261280,6359.017,1619.750,0,211.967,0,12.998,1101,1481,0.430,0.930,0.900,0,0,0,0,0,18,289,0,18,0
15-06 05:13:39,0.750,0.250,97.237,0,0,5342544,241388,178016,2261280,6239.184,1619.788,0,215.972,0,11.998,952,1340,0.400,0.920,0.890,0,0,0,0,0,18,289,0,18,0
15-06 05:13:40,2.001,1.000,96.280,0.500,0,5340456,243452,178036,2261284,5401.705,1620.511,0,1560.493,0,84.027,1208,1779,0.400,0.920,0.890,1,0,0,0,0,18,289,0,18,0
15-06 05:13:41,1.750,0.500,95.997,0,0,5337184,246712,178036,2261296,11023.659,3062.905,0,2227.931,0,384.988,1241,1516,0.400,0.920,0.890,0,0,1.000,0,0,18,289,0,18,0
15-06 05:13:42,1.250,0.750,97.250,0,0,5335764,248132,178036,2261296,5203.976,1523.993,0,28.000,0,3.000,970,1344,0.400,0.920,0.890,0,0,0,0,0,18,289,0,18,0
15-06 05:13:43,1.000,0.500,97.504,0,0,5334524,249372,178036,2261296,5246.228,1620.070,0,0,0,0,863,1233,0.400,0.920,0.890,0,0,0,0,0,18,289,0,18,0
15-06 05:13:44,1.000,0.750,97.255,0,0,5333668,250228,178036,2261296,4740.234,1620.080,0,100.005,0,12.001,1012,1541,0.370,0.900,0.890,0,0,0,0,0,18,289,0,18,0
15-06 05:13:45,1.250,0.250,96.744,0.250,0,5333668,250228,178036,2261296,4619.699,1619.895,0,203.987,0,16.999,1073,1476,0.370,0.900,0.890,1,0,0,0,0,18,289,0,18,0
15-06 05:13:46,1.749,1.250,95.720,0.250,0,5333680,250204,178040,2261304,4833.487,1457.544,0,263.917,0,40.987,1330,1985,0.370,0.900,0.890,1,0,0,0,0,18,289,0,18,0
15-06 05:13:47,2.750,0.750,94.751,0,0,5333404,250456,178060,2261308,4540.038,1620.014,32.000,352.003,1.000,44.000,1629,2434,0.370,0.900,0.890,0,0,0,0,0,18,289,0,18,0
15-06 05:13:48,1.500,0.750,96.504,0.250,0,5333368,250456,178060,2261344,4338.194,1458.065,0,120.005,0,11.000,1065,1470,0.370,0.900,0.890,0,0,0,0,0,18,289,0,18,0
15-06 05:13:49,0.750,0.500,97.454,0.250,0,5333332,250456,178060,2261380,4377.924,1619.232,0,131.937,0,6.997,907,1290,0.340,0.890,0.880,1,0,0,0,0,18,289,0,18,0
15-06 05:13:50,1.750,1.000,96.002,0.250,0,5333316,250456,178072,2261384,4164.067,1524.024,0,704.011,0,47.001,1357,1903,0.340,0.890,0.880,0,0,0,0,0,18,289,0,18,0
15-06 05:13:51,1.750,1.000,96.272,0.250,0,5333560,250208,178076,2261384,4397.984,1620.363,0,84.019,0,12.003,1235,1740,0.340,0.890,0.880,1,0,1.000,0,0,18,289,0,18,0
15-06 05:13:52,1.501,1.751,95.567,0,0,5333664,250104,178076,2261384,4461.118,1459.020,0,0,0,0,1178,1402,0.340,0.890,0.880,0,0,6.004,0,0,18,289,0,18,0
15-06 05:13:53,1.500,0.250,97.234,0,0,5333536,250208,178076,2261384,4559.244,1619.731,0,219.964,0,13.998,897,1321,0.340,0.890,0.880,0,0,0,0,0,18,289,0,18,0
15-06 05:13:54,1.250,1.250,96.755,0,0,5333536,250208,178076,2261384,4638.235,1458.074,0,164.008,0,19.001,1107,1613,0.310,0.870,0.880,0,0,0,0,0,18,289,0,18,0
15-06 05:13:55,2.001,0.750,96.026,0.250,0,5333532,250208,178076,2261388,4681.259,1620.436,0,364.098,0,63.017,1143,1594,0.310,0.870,0.880,1,0,2.001,0,0,18,289,0,18,0
15-06 05:13:56,1.749,0.500,95.962,0,0,5333524,250208,178080,2261392,5084.982,1589.369,0,247.902,0,31.987,1451,2222,0.310,0.870,0.880,0,0,0,0,0,18,289,0,18,0
15-06 05:13:57,1.750,1.250,95.511,0.250,0,5333520,250208,178084,2261392,5886.690,1826.214,0,312.037,0,38.004,1496,2133,0.310,0.870,0.880,0,0,0,0,0,18,289,0,14,0
15-06 05:13:58,1.500,0.750,96.978,0,0,5333516,250208,178084,2261396,5578.748,1619.636,0,119.973,0,10.998,1062,1510,0.310,0.870,0.880,1,0,0,0,0,18,289,0,14,0
15-06 05:13:59,0.500,0.250,97.538,0.250,0,5333516,250208,178084,2261396,5582.202,1620.639,0,104.041,0,8.003,897,1287,0.280,0.860,0.870,0,0,0,0,0,18,289,0,14,0
15-06 05:14:00,3.000,2.250,94.244,0,0,5334932,248772,178096,2261404,4319.724,1619.897,0,635.959,0,43.997,1533,1860,0.280,0.860,0.870,0,0,18.999,0,0,18,289,0,14,0
15-06 05:14:01,2.750,1.500,94.242,0,0,5335920,247764,178096,2261424,4646.586,1619.856,0,131.988,0,9.999,1388,1859,0.280,0.860,0.870,0,0,4.000,0,0,18,289,0,14,0
15-06 05:14:02,8.248,1.500,88.727,0.500,0,5335356,247764,178096,2261988,4710.764,1553.592,415.891,67.982,21.994,5.998,2476,3213,0.280,0.860,0.870,0,0,1.000,0,0,18,289,0,14,0
15-06 05:14:03,2.501,0.500,96.021,0,0,5335336,247764,178100,2262004,5457.174,1566.337,0,108.023,0,15.003,1234,1819,0.280,0.860,0.870,0,0,1.000,0,0,18,289,0,14,0
15-06 05:14:04,1.500,0.750,96.765,0.250,0,5335336,247764,178104,2262000,4928.751,1188.181,0,84.013,0,12.002,1091,1648,0.260,0.840,0.870,1,0,0,0,0,18,289,0,14,0
15-06 05:14:05,2.000,0.750,95.757,0,0,5335324,247764,178108,2262008,4850.373,1350.104,0,696.054,0,50.004,1326,1977,0.260,0.840,0.870,1,0,0,0,0,18,289,0,14,0
15-06 05:14:06,1.749,0.500,95.949,0.500,0,5335308,247764,178112,2262020,4912.394,1619.141,0,303.839,0,42.977,1492,2290,0.260,0.840,0.870,1,0,0,0,0,18,289,0,14,0
15-06 05:14:07,1.751,0.750,96.292,0.250,0,5335300,247764,178116,2262024,5102.213,1620.703,0,212.092,0,20.009,1258,1749,0.260,0.840,0.870,0,0,0,0,0,18,289,0,14,0
15-06 05:14:08,1.253,0.752,97.705,0,0,5335292,247764,178120,2262028,4551.546,1515.178,0,140.294,0,11.023,956,1364,0.260,0.840,0.870,1,0,0,0,0,18,289,0,14,0
15-06 05:14:09,0.998,0.249,97.296,0,0,5335292,247764,178120,2262028,4502.537,1562.716,0,0,0,0,857,1240,0.240,0.830,0.860,1,0,0,0,0,18,289,0,14,0
15-06 05:14:10,1.250,0.750,97.248,0,0,5335292,247764,178120,2262028,4031.931,1565.973,0,327.994,0,20.000,1004,1411,0.240,0.830,0.860,0,0,0,0,0,18,289,0,14,0
15-06 05:14:11,1.250,0.750,97.243,0,0,5335292,247764,178120,2262028,4400.703,1577.894,0,43.997,0,4.000,924,1294,0.240,0.830,0.860,1,0,1.000,0,0,18,289,0,14,0
15-06 05:14:12,1.000,0.750,96.500,0,0,5335292,247764,178120,2262028,4463.993,1697.997,0,1383.998,0,261.000,1146,1473,0.240,0.830,0.860,0,0,0,0,0,18,289,0,14,0
15-06 05:14:13,0.750,0.250,97.495,0,0,5335288,247764,178120,2262032,4351.763,1511.918,0,0,0,0,824,1201,0.240,0.830,0.860,0,0,0,0,0,18,289,0,14,0
15-06 05:14:14,1.750,0.750,97.002,0.250,0,5335284,247764,178128,2262028,4906.106,1566.034,0,84.002,0,12.000,1093,1586,0.220,0.810,0.860,0,0,0,0,0,18,289,0,14,0
15-06 05:14:15,1.750,0.500,97.025,0,0,5335272,247764,178132,2262036,4921.285,1620.423,0,204.053,0,17.004,1072,1432,0.220,0.810,0.860,0,0,0,0,0,18,289,0,14,0
15-06 05:14:16,2.002,0.501,96.098,0.250,0,5335488,247540,178136,2262040,5062.171,1621.657,0,248.254,0,35.036,1381,2181,0.220,0.810,0.860,0,0,0,0,0,18,289,0,14,0
15-06 05:14:17,1.498,0.999,96.645,0,0,5335484,247540,178140,2262040,4706.869,1510.353,0,99.891,0,11.987,1217,1781,0.220,0.810,0.860,0,0,0,0,0,18,289,0,14,0
15-06 05:14:18,1.000,0.500,96.256,0.750,0,5335460,247540,178164,2262040,4860.311,1620.104,0,2596.166,0,168.011,1209,2008,0.220,0.810,0.860,0,0,0,0,0,18,289,0,14,0
15-06 05:14:19,0.750,0.500,97.998,0,0,5335460,247540,178164,2262040,5703.862,1713.959,0,31.999,0,4.000,860,1253,0.200,0.800,0.850,0,0,0,0,0,18,289,0,14,0
15-06 05:14:20,1.998,1.748,94.634,0,0,5335708,247288,178164,2262044,5319.484,1564.084,0,263.677,0,22.972,1398,1909,0.200,0.800,0.850,2,0,11.985,0,0,18,289,0,14,0
15-06 05:14:21,12.257,4.503,82.548,0.500,0.250,5357072,225868,178176,2262092,12920.483,9460.479,0,92.053,0,12.007,2434,2729,0.200,0.800,0.850,0,0,26.015,0,0,18,290,0,14,0
15-06 05:14:22,13.756,1.501,82.534,0.250,0,5364736,218056,178184,2262236,5280.192,4292.782,24.010,304.126,3.001,17.007,2701,3407,0.200,0.800,0.850,0,0,3.001,0,0,18,294,0,14,0
15-06 05:14:23,8.507,18.264,70.554,0,0,5358056,224708,178184,2262264,7032.390,1128.865,0,0,0,0,5312,4012,0.200,0.800,0.850,2,0,294.225,0,0,18,293,0,15,0
15-06 05:14:24,15.798,18.557,63.946,0,0,5383536,199208,178184,2265656,15881.673,2287.009,0,160.492,0,15.046,5894,10161,0.190,0.790,0.850,6,0,240.738,0,0,19,294,0,16,0
15-06 05:14:25,21.659,5.228,71.700,0,0,5414412,168224,178192,2262392,5003.047,1810.418,75.683,454.098,4.979,27.883,2305,3844,0.190,0.790,0.850,2,0,1.992,0,0,18,291,0,16,2
15-06 05:14:26,23.507,3.501,70.771,1.000,0,5451028,128420,178388,2265368,5044.475,1692.495,1336.391,1084.317,137.040,84.025,2641,2646,0.190,0.790,0.850,1,0,0,0,0,18,291,0,16,2
15-06 05:14:27,22.511,5.002,70.785,1.251,0,5416552,193164,175832,2238824,4960.451,1578.780,1908.943,2245.109,187.092,293.145,2836,2610,0.190,0.790,0.850,1,0,3.001,0,0,18,291,0,16,2
15-06 05:14:28,23.537,4.257,70.361,0.250,0,5457444,152148,175840,2238940,4493.116,1568.484,0,745.180,0,53.084,3918,4831,0.190,0.790,0.850,3,0,0,0,0,18,292,0,16,2
15-06 05:14:29,24.693,3.243,69.840,0.499,0,5457372,151896,175860,2239244,4461.771,1508.542,0,678.445,0,82.810,5645,7649,0.250,0.790,0.850,2,0,0,0,0,18,295,0,9,2
15-06 05:14:30,22.999,4.250,68.746,1.500,0,5468992,139072,175880,2240428,5225.682,2515.847,1071.935,1507.908,68.996,208.987,4727,6556,0.250,0.790,0.850,1,0,1.000,0,0,18,298,0,11,2
15-06 05:14:31,11.246,2.249,83.970,1.000,0,5471232,136300,175892,2240948,6045.864,2507.114,175.938,1083.617,9.996,148.947,3027,4294,0.250,0.790,0.850,1,0,1.000,0,0,18,300,0,11,2
15-06 05:14:32,5.001,1.250,92.019,0.500,0,5471440,136048,175892,2240992,5536.147,2083.431,16.003,1060.220,1.000,104.022,2203,3256,0.250,0.790,0.850,1,0,0,0,0,18,298,0,11,2
15-06 05:14:33,8.500,1.750,87.502,0.500,0,5472336,135040,175892,2241104,11827.297,3352.084,64.002,1328.033,4.000,117.003,2882,3961,0.250,0.790,0.850,0,0,1.000,0,0,18,298,0,12,2
15-06 05:14:34,19.509,4.752,73.033,1.251,0,5472524,134564,175912,2241372,5042.283,1620.734,16.007,1900.861,1.000,240.109,5788,8294,0.310,0.800,0.850,3,0,0,0,0,18,301,0,8,2
15-06 05:14:35,25.025,5.255,65.064,1.752,0,5472104,134312,175960,2241996,11130.989,2999.962,432.427,7563.467,26.026,554.547,8311,13078,0.310,0.800,0.850,1,0,1.001,0,0,18,301,0,9,2
15-06 05:14:36,15.462,3.491,77.806,1.247,0,5476384,129776,176000,2242212,6620.528,2558.634,15.960,2254.391,0.998,246.387,5008,7347,0.310,0.800,0.850,1,0,0,0,0,18,300,0,11,2
15-06 05:14:37,10.263,2.253,85.358,0.501,0,5476548,129524,176076,2242224,13037.513,3464.388,0,1509.912,0,147.186,3322,4540,0.310,0.800,0.850,0,0,0,0,0,18,300,0,12,2
15-06 05:14:38,9.002,2.251,86.522,0.750,0,5476400,129524,176104,2242344,6013.526,1566.397,0,1224.311,0,106.027,3407,4782,0.310,0.800,0.850,2,0,0,0,0,18,301,0,12,2
15-06 05:14:39,24.757,4.251,67.769,1.500,0,5484948,159416,174708,2207132,6059.692,1512.422,48.013,2364.660,2.001,262.073,5593,7803,0.370,0.800,0.850,1,0,0,0,0,18,301,0,12,2
15-06 05:14:40,23.741,4.998,67.974,1.000,0,5485136,158912,174800,2207356,5349.969,1565.406,0,3050.842,0,249.905,7492,10565,0.370,0.800,0.850,3,0,0,0,0,18,301,0,12,2
15-06 05:14:41,10.243,1.999,84.440,1.749,0,5484248,159484,175044,2207508,11850.598,3828.286,15.989,6959.066,0.999,498.646,4014,6333,0.370,0.800,0.850,1,0,0.999,0,0,18,300,0,13,2
15-06 05:14:42,12.504,2.751,81.527,1.501,0,5484432,159020,175116,2207716,4407.477,1425.478,0,908.304,0,134.045,3531,4976,0.370,0.800,0.850,0,0,0,0,0,18,300,0,15,2
15-06 05:14:43,12.257,2.251,82.548,0.750,0,5484856,158516,175228,2207684,6023.509,2561.492,0,7444.337,0,880.513,3766,4530,0.370,0.800,0.850,1,0,0,0,0,18,300,0,16,2
15-06 05:14:44,7.506,2.502,88.068,0.500,0,5485068,158012,175256,2207948,4701.618,1459.123,156.120,1164.896,10.008,93.072,2374,3059,0.340,0.790,0.850,3,0,0,0,0,18,302,0,16,2
15-06 05:14:45,15.482,2.247,80.157,0.749,0,5485960,156752,175360,2208212,11574.528,3348.103,0,1038.791,0,122.857,4117,5332,0.340,0.790,0.850,0,0,0,0,0,18,300,0,16,2
15-06 05:14:46,7.504,2.001,87.549,0.750,0,5486140,156500,175468,2208176,11865.574,3407.888,0,1412.783,0,146.081,3136,4517,0.340,0.790,0.850,0,0,0,0,0,18,300,0,16,2
15-06 05:14:47,9.495,1.749,85.458,1.249,0,5485964,156500,175552,2208276,10131.985,3230.401,0,1115.448,0,124.938,2800,3795,0.340,0.790,0.850,0,0,0,0,0,18,300,0,16,2
15-06 05:14:48,8.007,2.252,87.581,0.500,0.250,5486176,156248,175588,2208280,5773.349,1579.463,0,1453.347,0,108.100,3122,4492,0.340,0.790,0.850,3,0,0,0,0,18,301,0,16,2
15-06 05:14:49,25.259,5.502,67.025,1.501,0,5486084,155744,175828,2208636,4667.736,1566.583,0,2300.856,0,279.104,7534,10928,0.470,0.810,0.850,3,0,0,0,0,18,301,0,18,2
15-06 05:14:50,25.228,4.746,65.942,1.249,0,5486912,154484,176076,2208820,4442.103,1684.522,0,7141.735,0,502.559,7847,11716,0.470,0.810,0.850,1,0,0,0,0,18,301,0,18,2
15-06 05:14:51,25.997,5.499,65.742,1.750,0,5487244,153728,176264,2209056,4876.385,1619.796,0,2147.729,0,281.964,7892,11573,0.470,0.810,0.850,1,0,1.000,0,0,18,301,0,19,2
15-06 05:14:52,15.742,4.248,77.213,0.500,0,5489244,151460,176328,2209260,4857.651,1619.217,0,1787.136,0,129.937,5320,7783,0.470,0.810,0.850,0,0,6.997,0,0,18,302,0,21,2
15-06 05:14:53,3.499,1.250,93.964,0,0,5489188,151460,176328,2209316,4710.214,1511.427,0,415.842,0,21.992,1453,1763,0.470,0.810,0.850,1,0,0,0,0,18,302,0,21,2
15-06 05:14:54,3.502,0.500,94.294,0.250,0,5489152,151460,176340,2209340,4992.353,1620.764,0,644.304,0,28.013,1540,1982,0.510,0.810,0.850,0,0,0,0,0,18,302,0,21,2
15-06 05:14:55,19.974,3.745,72.405,1.498,0,5489260,150956,176460,2209616,4973.488,1617.882,0,1821.615,0,254.667,6190,9353,0.510,0.810,0.850,2,0,1.997,0,0,18,302,0,21,2
15-06 05:14:56,25.300,5.511,65.379,1.503,0,5489948,149948,176700,2209696,5413.657,1569.089,0,2597.113,0,326.643,7758,11305,0.510,0.810,0.850,1,0,0,0,0,18,302,0,22,2
15-06 05:14:57,25.566,5.264,64.416,2.005,0,5492052,147176,176924,2210144,5686.615,1515.896,272.701,10735.592,16.041,652.677,7633,11570,0.510,0.810,0.850,2,0,0,0,0,18,301,0,24,2
15-06 05:14:58,2.739,0.996,94.121,0.249,0,5492836,146168,176972,2210320,6450.044,1559.723,15.936,796.794,0.996,55.776,1496,2206,0.510,0.810,0.850,3,0,0,0,0,18,302,0,24,2
15-06 05:14:59,14.512,2.252,80.314,1.251,0,5493448,145412,177060,2210376,6957.581,2479.989,0,7001.616,0,884.710,4293,5512,0.710,0.850,0.860,0,0,0,0,0,18,301,0,27,2
15-06 05:15:00,9.997,1.749,85.474,1.250,0,5499132,139616,177116,2210432,6255.131,2434.273,63.981,1375.589,3.999,146.956,3014,4187,0.710,0.850,0.860,0,0,0,0,0,18,301,0,28,2
15-06 05:15:01,6.750,1.500,89.749,0.250,0,5499104,139364,177148,2210680,5268.942,1511.983,0,947.990,0,92.999,2289,3113,0.710,0.850,0.860,1,0,1.000,0,0,18,302,0,29,2
15-06 05:15:02,20.004,3.501,73.763,0.750,0,5508568,129804,177196,2210728,6732.225,2489.453,4.001,3196.582,1.000,129.023,4230,5253,0.710,0.850,0.860,1,0,4.001,0,0,18,302,0,35,2
15-06 05:15:03,12.484,2.747,82.146,0.749,0.250,5506056,168512,175968,2177456,12220.498,3347.753,0,1294.358,0,153.805,3309,4654,0.710,0.850,0.860,2,0,2.996,0,0,18,301,0,36,2
15-06 05:15:04,11.514,2.253,83.600,1.001,0,5506732,167812,176032,2177416,6668.951,2031.422,0,1437.714,0,165.197,3223,4697,0.900,0.880,0.880,0,0,2.002,0,0,18,301,0,40,2
15-06 05:15:05,13.245,2.249,79.470,2.249,0,5508196,165808,176180,2177792,8573.808,2738.980,31.988,6673.515,1.000,485.819,4262,6337,0.900,0.880,0.880,0,0,0,0,0,18,301,0,45,2
15-06 05:15:06,8.495,1.499,88.197,0.750,0,5508604,165304,176200,2177868,9274.477,2242.665,15.990,1455.134,0.999,110.934,2725,3591,0.900,0.880,0.880,3,0,0,0,0,18,302,0,45,2
15-06 05:15:07,6.501,1.750,89.014,0.500,0,5508748,165052,176228,2177948,4980.782,1662.261,16.003,1044.164,1.000,131.021,2825,4141,0.900,0.880,0.880,0,0,0,0,0,18,301,0,45,2
15-06 05:15:08,15.240,2.498,79.447,1.499,0,5509308,164296,176332,2178040,6135.900,2584.273,15.989,1534.974,0.999,196.868,3835,5497,0.900,0.880,0.880,1,0,0,0,0,18,301,0,48,2
15-06 05:15:09,15.023,2.253,79.870,0.501,0,5511312,162028,176380,2178256,4999.542,2524.809,8.012,1614.435,1.002,133.201,3255,4531,0.820,0.870,0.870,0,0,1.002,0,0,18,301,0,53,2
15-06 05:15:10,3.001,1.000,95.028,0.500,0,5511276,162028,176392,2178280,5381.594,1578.467,0,912.270,0,78.023,1486,2252,0.820,0.870,0.870,2,0,0,0,0,18,302,0,53,2
15-06 05:15:11,5.497,1.499,91.456,0.250,0,5511492,161776,176408,2178300,4934.639,1619.225,0,995.524,0,81.961,1988,2769,0.820,0.870,0.870,1,0,1.000,0,0,18,301,0,54,2
15-06 05:15:12,6.000,1.250,91.498,0.500,0,5511964,161272,176416,2178324,4869.885,1619.962,0,651.985,0,62.999,2011,2738,0.820,0.870,0.870,0,0,0,0,0,18,301,0,54,2
15-06 05:15:13,5.495,0.749,91.920,0.250,0,5511940,161272,176420,2178344,4602.005,1606.605,0,607.473,0,54.952,1800,2520,0.820,0.870,0.870,1,0,0,0,0,18,301,0,55,2
15-06 05:15:14,6.253,1.501,89.790,0.500,0,5511776,161272,176436,2178492,4658.066,1296.575,0,920.408,0,91.040,2215,3103,0.760,0.850,0.870,1,0,0,0,0,18,301,0,56,2
15-06 05:15:15,13.251,2.500,80.506,2.250,0,5511848,161020,176532,2178576,7652.597,3070.239,0,5852.456,0,444.035,3917,5821,0.760,0.850,0.870,1,0,0,0,0,18,301,0,60,2
15-06 05:15:16,4.758,1.252,91.910,0.501,0,5511840,161020,176536,2178580,4663.131,1460.547,0,597.041,0,54.094,2095,2850,0.760,0.850,0.870,1,0,0,0,0,18,302,0,60,2
15-06 05:15:17,11.222,1.995,83.792,0.748,0,5512460,160264,176584,2178668,7152.252,2539.698,0,1460.376,0,187.535,3434,4991,0.760,0.850,0.870,1,0,0,0,0,18,301,0,62,2
15-06 05:15:18,14.763,2.252,79.568,1.501,0,5512280,160264,176624,2178808,12739.853,3698.150,32.027,1553.323,1.001,205.175,4008,5644,0.760,0.850,0.870,2,0,0,0,0,18,301,0,66,2
15-06 05:15:19,10.001,2.000,85.256,0.750,0,5512948,159316,176668,2179044,5884.440,1780.133,0,5792.433,0,766.057,3565,4632,0.700,0.840,0.860,0,0,0,0,0,18,301,0,66,2
15-06 05:15:20,3.511,0.752,94.787,0.502,0,5513424,158812,176676,2179064,4652.097,1462.431,0,854.590,0,49.149,1568,2130,0.700,0.840,0.860,1,0,0,0,0,18,302,0,66,2
15-06 05:15:21,12.463,2.243,82.505,0.997,0,5513516,158560,176704,2179196,6384.050,2645.148,15.953,1822.590,0.997,213.367,3509,5471,0.700,0.840,0.860,0,0,0.997,0,0,18,301,0,69,2
15-06 05:15:22,7.751,1.250,88.263,0.750,0,5513968,158056,176736,2179216,6377.927,2435.354,0,1364.198,0,161.023,2835,4146,0.700,0.840,0.860,0,0,0,0,0,18,301,0,71,2
15-06 05:15:23,10.002,2.000,86.013,1.000,0,5513760,158056,176756,2179404,5501.844,1975.303,0,1368.210,0,140.021,2840,3991,0.700,0.840,0.860,0,0,0,0,0,18,301,0,71,2
15-06 05:15:24,6.275,1.004,92.115,0.502,0,5513716,158056,176764,2179440,4517.895,1626.442,0,815.229,0,56.223,1778,2322,0.640,0.820,0.860,2,0,0,0,0,18,302,0,72,2
15-06 05:15:25,11.946,5.475,80.139,0,0,5522532,180588,169808,2155800,11044.186,3283.191,0,1389.732,0,168.241,3730,11343,0.640,0.820,0.860,0,0,35.838,0,0,18,301,0,74,2
15-06 05:15:26,23.075,5.267,67.721,2.759,0,5522472,180140,170000,2156116,5193.985,1625.315,0,8676.372,0,685.241,7782,12319,0.640,0.820,0.860,1,0,0,0,0,18,302,0,76,2
15-06 05:15:27,25.158,5.729,65.261,1.993,0,5522392,179888,170172,2156276,4543.345,1614.083,31.883,4096.981,0.996,425.440,8538,12810,0.640,0.820,0.860,2,0,0,0,0,18,302,0,75,2
15-06 05:15:28,20.257,4.502,72.276,1.000,0,5522828,179132,170204,2156564,4501.645,1620.592,0,1848.675,0,192.070,6502,9364,0.640,0.820,0.860,1,0,0,0,0,18,301,0,75,2
15-06 05:15:29,5.514,2.005,90.723,0.752,0,5523032,178908,170224,2156564,4450.917,1623.983,0,5866.389,0,672.650,2250,2956,0.590,0.810,0.850,1,0,0,0,0,18,302,0,75,2
15-06 05:15:30,10.475,1.746,84.799,0.499,0,5522952,178656,170300,2156820,5826.189,2583.875,31.924,1871.563,1.995,185.560,3038,4464,0.590,0.810,0.850,1,0,0,0,0,18,301,0,78,2
15-06 05:15:31,7.986,2.496,86.346,1.497,0.250,5523644,177900,170344,2156840,5995.338,2345.828,0,1764.862,0,170.696,3092,4296,0.590,0.810,0.850,1,0,0.998,0,0,18,301,0,76,2
15-06 05:15:32,14.020,2.754,78.862,2.253,0,5523732,177648,170452,2156896,5897.400,2085.971,0,7162.201,0,509.726,4733,6954,0.590,0.810,0.850,0,0,0,0,0,18,301,0,78,2
15-06 05:15:33,5.011,1.253,92.449,0.251,0,5523616,177648,170468,2156996,4948.653,1461.146,0,865.864,0,44.095,1532,1944,0.590,0.810,0.850,1,0,0,0,0,18,302,0,79,2
15-06 05:15:34,9.229,1.497,86.550,0.998,0,5523540,177648,170496,2157044,12187.905,3452.043,0,1253.111,0,152.648,2930,4280,0.540,0.800,0.850,1,0,0,0,0,18,301,0,80,2
15-06 05:15:35,24.382,4.524,67.615,1.760,0,5523992,176904,170568,2157248,11259.835,2850.400,0,2167.712,0,261.412,7367,10583,0.540,0.800,0.850,1,0,1.005,0,0,18,302,0,78,2
15-06 05:15:36,24.531,4.708,65.665,1.982,0,5524712,175644,170756,2157600,5131.248,1605.683,0,4658.464,0,460.891,8159,12182,0.540,0.800,0.850,3,0,0,0,0,18,302,0,78,2
15-06 05:15:37,23.343,4.769,67.268,1.757,0,5525208,174636,170804,2158064,5258.923,1463.824,32.128,2726.849,1.004,290.154,8240,12458,0.540,0.800,0.850,3,0,0,0,0,18,302,0,80,2
15-06 05:15:38,25.768,5.254,64.544,2.252,0,5525028,174384,170952,2158348,5463.716,1621.103,0,4094.785,0,461.314,8539,12950,0.540,0.800,0.850,1,0,0,0,0,18,302,0,81,2
15-06 05:15:39,24.532,4.756,67.087,1.752,0,5526452,172872,171112,2158276,5965.718,1459.889,0,6484.389,0,447.579,7973,11673,0.500,0.780,0.840,2,0,0,0,0,18,303,0,79,2
15-06 05:15:40,24.447,4.490,66.605,1.497,0,5526548,172116,171276,2158772,4627.915,1454.830,0,3045.363,0,312.319,7883,11487,0.500,0.780,0.840,6,0,0,0,0,18,302,0,79,2
15-06 05:15:41,24.532,5.006,66.336,2.003,0,5526652,171612,171396,2159052,10731.911,3000.890,0,3015.909,0,309.401,7934,11647,0.500,0.780,0.840,2,0,1.001,0,0,18,301,0,79,2
15-06 05:15:42,21.976,3.996,70.424,0.749,0,5528276,169596,171516,2159324,4435.204,1618.250,15.983,2065.766,0.999,220.761,7447,10627,0.500,0.780,0.840,0,0,0,0,0,18,301,0,81,2
15-06 05:15:43,5.273,1.256,91.657,0.753,0,5528232,169596,171532,2159352,4700.884,1627.229,0,2229.906,0,153.683,2088,3064,0.500,0.780,0.840,1,0,0,0,0,18,301,0,79,2
15-06 05:15:44,2.489,0.747,93.831,0.747,0,5528164,169596,171556,2159396,4617.405,1451.526,0,1063.258,0,91.591,1803,2778,0.460,0.770,0.840,2,0,0,0,0,18,302,0,79,2
15-06 05:15:45,13.993,2.999,79.462,1.249,0,5528092,169540,171628,2159452,6316.945,2575.755,0,7972.145,0,1024.505,4315,5673,0.460,0.770,0.840,2,0,0,0,0,18,301,0,82,2
15-06 05:15:46,17.998,2.250,76.493,1.500,0.250,5529764,167524,171748,2159676,6031.414,2082.798,0,6251.393,0,459.955,4581,6812,0.460,0.770,0.840,1,1,0,0,0,18,301,0,86,2
15-06 05:15:47,5.529,1.256,91.472,1.005,0,5529688,167524,171784,2159716,10917.351,3012.550,0,1266.537,0,109.566,2312,3467,0.460,0.770,0.840,8,0,0,0,0,18,302,0,85,2
15-06 05:15:48,3.484,1.493,93.083,0.249,0,5529832,167272,171812,2159796,10294.900,2983.639,0,700.862,0,59.733,1805,2515,0.460,0.770,0.840,1,0,0,0,0,18,301,0,85,2
15-06 05:15:49,11.485,2.497,83.140,0.499,0,5529660,167272,171884,2159896,4691.817,1456.081,0,1182.442,0,133.824,3448,4704,0.580,0.790,0.840,0,0,0,0,0,18,301,0,85,2
15-06 05:15:50,14.009,3.002,80.300,1.251,0,5530340,166516,171944,2159912,5979.734,2643.651,0,1649.030,0,213.133,3987,5785,0.580,0.790,0.840,0,0,0,0,0,18,301,0,89,2
15-06 05:15:51,8.539,1.758,87.653,0.753,0,5530556,166012,171984,2160160,4541.886,1410.486,0,1683.743,0,124.573,2501,3491,0.580,0.790,0.840,1,1,1.005,0,0,18,300,0,90,2
15-06 05:15:52,9.204,2.736,85.328,0.746,0,5531756,164756,171992,2160208,5148.543,2081.707,0,1389.131,0,138.316,2913,4051,0.580,0.790,0.840,0,0,5.970,0,0,18,301,0,92,2
15-06 05:15:53,7.258,1.251,90.345,0.250,0,5531716,164756,172004,2160236,4656.880,1513.586,0,824.864,0,66.069,2077,2720,0.580,0.790,0.840,1,0,0,0,0,18,301,0,93,2
15-06 05:15:54,7.501,1.750,89.258,0.500,0,5531804,164504,172012,2160392,4966.419,1566.132,0,852.072,0,79.007,2285,3223,0.620,0.790,0.840,2,0,0,0,0,18,301,0,95,2
15-06 05:15:55,14.023,2.003,82.884,0,0,5531776,164504,172024,2160408,4178.767,1467.376,0,717.161,0,64.104,2615,3096,0.620,0.790,0.840,3,0,2.003,0,0,18,300,0,98,2
15-06 05:15:56,8.738,1.248,86.876,1.248,0,5532364,163748,172104,2160496,13394.934,3413.142,0,5683.910,0,444.368,3752,5885,0.620,0.790,0.840,0,0,0,0,0,18,303,0,98,2
15-06 05:15:57,25.244,5.499,65.235,2.000,0,5532352,163496,172188,2160676,5458.706,1619.616,0,2635.375,0,339.919,7476,10900,0.620,0.790,0.840,1,0,0,0,0,18,304,0,98,2
15-06 05:15:58,24.501,5.000,65.752,2.250,0,5533280,162236,172316,2160880,5792.168,1512.044,0,4696.136,0,448.013,8158,12264,0.620,0.790,0.840,2,0,0,0,0,18,304,0,98,2
15-06 05:15:59,19.247,4.999,73.488,1.000,0,5533168,161984,172352,2161208,5343.094,1403.762,0,1975.665,0,197.966,6471,9254,0.730,0.810,0.850,1,0,0,0,0,18,303,0,99,2
15-06 05:16:00,6.753,1.751,89.034,0.500,0,5533320,161732,172408,2161252,4149.568,1188.449,0,1832.693,0,153.058,2310,3300,0.730,0.810,0.850,1,1,0,0,0,18,304,0,93,2
15-06 05:16:01,9.495,1.749,86.204,1.249,0,5533456,161480,172456,2161320,6333.608,2579.619,0,1958.951,0,170.908,2837,4094,0.730,0.810,0.850,1,0,0.999,0,0,18,303,0,97,2
15-06 05:16:02,9.754,2.001,86.038,0.750,0,5533220,161480,172500,2161512,4992.217,1620.720,0,1296.576,0,136.060,2782,3805,0.730,0.810,0.850,3,0,0,0,0,18,303,0,98,2
15-06 05:16:03,9.002,1.500,88.266,0,0,5534408,160232,172528,2161544,11895.119,3899.695,0,788.140,0,51.009,2283,2839,0.730,0.810,0.850,1,0,1.000,0,0,18,303,0,102,2
15-06 05:16:04,6.251,2.250,89.512,0.500,0,5537108,157460,172572,2161572,6901.924,1929.258,0,996.133,0,98.013,2386,3414,0.670,0.800,0.850,0,0,3.000,0,0,18,303,0,94,2
15-06 05:16:05,18.293,2.756,75.426,1.504,0,5533848,160436,172760,2161668,12972.204,3468.075,0,13980.552,0,1294.013,5461,7419,0.670,0.800,0.850,1,1,2.005,0,0,18,303,0,102,2
15-06 05:16:06,10.223,1.995,85.023,1.247,0,5535820,158420,172792,2161680,6774.907,2585.096,0,1484.037,0,130.651,2986,3950,0.670,0.800,0.850,2,0,0,0,0,18,304,0,104,2
15-06 05:16:07,3.748,0.999,94.451,0.250,0,5535644,158420,172800,2161848,8131.781,2208.854,0,1031.465,0,34.982,1573,2182,0.670,0.800,0.850,0,0,0,0,0,18,303,0,104,2
15-06 05:16:08,6.999,1.500,87.993,0.750,0,5535640,158420,172860,2161792,11377.111,2630.794,0,1147.910,0,148.988,2752,3909,0.670,0.800,0.850,1,0,0,0,0,18,303,0,96,2
15-06 05:16:09,21.027,4.506,70.591,1.502,0,5535548,158168,172964,2162032,5162.648,1568.019,0,2110.718,0,257.331,6240,8956,0.610,0.790,0.840,2,0,0,0,0,18,304,0,96,2
15-06 05:16:10,25.554,5.261,65.389,2.004,0,5536392,157160,173108,2162052,4361.245,1515.212,0,3403.214,0,403.856,7888,11774,0.610,0.790,0.840,3,0,0,0,0,18,304,0,97,2
15-06 05:16:11,24.477,5.495,66.687,1.249,0,5537304,155652,173160,2162596,3801.417,1186.881,0,2269.861,0,218.794,7313,10604,0.610,0.790,0.840,5,0,0.999,0,0,18,303,0,98,2
15-06 05:16:12,2.243,0.748,94.440,0.249,0,5537288,155652,173172,2162600,4236.110,1345.588,0,1515.032,0,93.693,1659,2435,0.610,0.790,0.840,3,0,0,0,0,18,304,0,89,2
15-06 05:16:13,11.759,2.001,83.812,0.751,0,5537404,155400,173228,2162680,10588.838,2999.220,0,1681.244,0,141.104,3532,4790,0.610,0.790,0.840,1,0,0,0,0,18,303,0,90,2
15-06 05:16:14,17.582,4.019,75.855,1.507,0,5537900,154896,173332,2162584,5035.561,1519.108,0,2379.132,0,258.208,5611,8137,0.650,0.790,0.840,2,0,0,0,0,18,304,0,90,2
15-06 05:16:15,25.478,4.996,63.196,2.997,0,5537748,153888,173512,2163564,5261.509,1564.665,0,10566.981,0,806.312,9313,14446,0.650,0.790,0.840,3,0,0,0,0,18,304,0,92,2
15-06 05:16:16,24.410,5.231,67.253,1.245,0,5539060,152376,173540,2163736,5429.074,1506.471,0,2080.365,0,184.323,7473,10433,0.650,0.790,0.840,5,0,0,0,0,18,304,0,87,2
15-06 05:16:17,10.750,2.000,83.999,0.750,0,5545392,145824,173600,2163896,6365.934,2551.973,0,2443.975,0,224.998,3626,5289,0.650,0.790,0.840,0,0,0,0,0,18,303,0,88,2
15-06 05:16:18,15.249,2.500,78.996,1.750,0,5545564,145320,173728,2164100,6079.695,2604.869,31.998,2287.885,1.000,247.988,4179,5918,0.650,0.790,0.840,0,0,0,0,0,18,303,0,89,2
15-06 05:16:19,13.007,3.002,82.043,1.001,0,5546928,143808,173784,2164192,5238.758,2635.387,0,1896.999,0,198.104,3464,4753,0.590,0.780,0.840,0,0,0,0,0,18,303,0,90,2
15-06 05:16:20,5.260,2.004,88.918,1.753,0,5546760,143808,173888,2164256,5778.929,1689.194,0,6283.883,0,391.741,3115,4696,0.590,0.780,0.840,1,0,0,0,0,18,304,0,84,2
15-06 05:16:21,9.732,1.996,85.346,1.248,0,5547756,142552,173932,2164472,6131.937,2546.406,0,7127.142,0,914.350,3325,5184,0.590,0.780,0.840,0,0,0.998,0,0,18,303,0,85,2
15-06 05:16:22,16.500,2.750,79.251,0.750,0.250,5547720,142552,173980,2164460,11542.113,3406.033,0,1304.013,0,139.001,3954,5073,0.590,0.780,0.840,0,0,1.000,0,0,18,303,0,87,2
15-06 05:16:23,7.751,1.000,88.506,0.500,0,5547556,142552,173996,2164608,8301.585,2848.201,0,1184.083,0,112.008,2681,3967,0.590,0.780,0.840,1,0,0,0,0,18,303,0,88,2
15-06 05:16:24,6.498,1.499,90.218,0.250,0,5547752,142300,173996,2164664,7978.187,2177.232,0,939.669,0,78.972,2249,3143,0.550,0.760,0.830,0,1,0,0,0,18,304,0,82,2
15-06 05:16:25,10.752,5.251,81.762,1.000,0,5551248,191412,168996,2117696,11409.701,3352.500,0,1200.179,0,123.018,3875,12459,0.550,0.760,0.830,0,0,36.005,0,0,18,303,0,83,2
15-06 05:16:26,10.003,1.751,85.028,0.750,0,5550732,191704,169036,2117864,11502.765,3407.115,0,1564.512,0,179.059,3495,5083,0.550,0.760,0.830,0,0,0,0,0,18,303,0,84,2
15-06 05:16:27,18.798,4.010,73.689,2.005,0,5551048,191200,169144,2117944,4571.755,1624.176,0,2053.280,0,255.657,5893,8798,0.550,0.760,0.830,1,0,0,0,0,18,304,0,85,2
15-06 05:16:28,25.700,4.990,64.126,2.495,0,5551316,190500,169260,2118260,4225.797,1509.071,0,9417.719,0,702.636,8670,13551,0.550,0.760,0.830,1,0,0,0,0,18,304,0,80,2
15-06 05:16:29,23.085,4.517,69.004,1.255,0,5552160,189244,169324,2118608,4693.290,1571.790,96.355,3087.374,5.018,268.991,7362,10611,0.580,0.770,0.830,1,0,0,0,0,18,304,0,80,2
15-06 05:16:30,25.113,4.227,67.135,0.995,0.249,5552100,188740,169404,2119092,4209.098,1503.818,0,2653.562,0,274.506,7721,11225,0.580,0.770,0.830,1,0,0,0,0,18,305,0,83,2
15-06 05:16:31,25.350,5.020,66.763,1.506,0,5551940,188740,169496,2119160,4942.474,1572.195,0,3052.025,0,375.479,6679,9886,0.580,0.770,0.830,2,0,1.004,0,0,18,304,0,83,2
15-06 05:16:32,25.168,4.485,67.530,0.498,0,5551852,188488,169524,2119472,4457.482,1507.091,0,2117.104,0,185.396,7419,10674,0.580,0.770,0.830,1,0,0,0,0,18,303,0,79,2
15-06 05:16:33,17.746,3.999,75.231,1.750,0,5552284,187984,169588,2119480,6304.404,2511.364,0,2307.416,0,265.933,5343,7875,0.580,0.770,0.830,0,0,0,0,0,18,303,0,80,2
15-06 05:16:34,7.506,2.252,86.566,1.501,0,5552236,187732,169712,2119656,6608.042,2397.830,0,8042.137,0,580.443,3882,6133,0.540,0.760,0.830,0,0,0,0,0,18,303,0,81,2
15-06 05:16:35,10.268,1.753,86.151,0.751,0,5552660,187228,169744,2119704,11066.411,2948.171,0,1406.467,0,135.237,3219,4498,0.540,0.760,0.830,2,0,0,0,0,18,303,0,82,2
15-06 05:16:36,2.743,0.748,93.277,0.499,0,5550400,189428,169752,2119756,6777.768,2390.276,0,6971.304,0,890.866,2516,3149,0.540,0.760,0.830,3,0,0,0,0,18,304,0,79,2
15-06 05:16:37,6.753,1.501,89.537,0.750,0,5550824,188924,169772,2119816,6321.602,2083.858,0,1308.539,0,128.053,2753,4080,0.540,0.760,0.830,0,0,0,0,0,18,303,0,80,2
15-06 05:16:38,7.499,1.750,88.989,0.750,0,5551140,188420,169776,2120000,7464.107,2502.701,0,1871.776,0,141.983,2849,4173,0.540,0.760,0.830,1,0,0,0,0,18,303,0,80,2
15-06 05:16:39,5.501,1.250,91.513,0.500,0,5551100,188420,169796,2120020,6970.025,2083.306,0,976.144,0,94.014,2310,3282,0.570,0.760,0.830,1,0,0,0,0,18,303,0,81,2
15-06 05:16:40,7.499,1.500,88.990,0.500,0,5550884,188420,169828,2120204,7404.132,2502.707,0,1331.844,0,149.982,2778,4081,0.570,0.760,0.830,0,0,0,0,0,18,303,0,84,2
15-06 05:16:41,8.249,1.250,87.736,0.750,0,5551132,187928,169852,2120408,11731.127,3405.456,0,1103.824,0,105.983,2626,3530,0.570,0.760,0.830,1,0,1.000,0,0,18,303,0,80,2
15-06 05:16:42,7.530,2.259,88.346,1.004,0,5547168,191812,169884,2120452,4124.175,2068.111,0,1212.756,0,128.504,2705,3699,0.570,0.760,0.830,2,0,2.008,0,0,18,303,0,80,2
15-06 05:16:43,2.246,0.749,95.582,0.250,0,5547144,191828,169900,2120512,5357.593,1251.802,0,806.584,0,71.874,1421,2108,0.570,0.760,0.830,2,0,0,0,0,18,304,0,80,2
15-06 05:16:44,7.232,1.247,88.524,0.997,0,5547068,191828,169920,2120568,5261.562,1539.069,0,1432.342,0,127.674,2756,3941,0.530,0.750,0.820,1,0,0,0,0,18,303,0,80,2
15-06 05:16:45,12.485,2.497,82.399,0.749,0,5546768,191828,169976,2120812,6367.163,2080.439,0,1570.068,0,169.791,3818,5163,0.530,0.750,0.820,1,0,0,0,0,18,303,0,78,2
15-06 05:16:46,9.766,2.003,83.385,2.254,0,5546756,191828,170080,2120720,11804.104,3357.434,0,6790.991,0,476.772,4013,6032,0.530,0.750,0.820,1,0,0,0,0,18,303,0,78,2
15-06 05:16:47,9.753,2.751,84.529,1.000,0,5546576,191828,170112,2120868,5127.783,1566.545,0,1084.377,0,116.040,3733,5441,0.530,0.750,0.820,3,0,0,0,0,18,305,0,80,2
15-06 05:16:48,25.757,6.002,63.017,2.251,0.250,5546328,191576,170232,2121248,4339.148,1458.386,0,3176.840,0,419.111,8181,12254,0.530,0.750,0.820,2,0,1.000,0,0,18,304,0,80,2
15-06 05:16:49,23.744,5.249,67.482,1.000,0,5546088,191576,170288,2121432,4128.905,1079.714,0,2007.468,0,191.949,7356,10499,0.640,0.770,0.830,1,0,0,0,0,18,304,0,74,2
15-06 05:16:50,13.503,3.001,80.516,0.750,0,5546112,191324,170340,2121608,4418.865,1578.309,48.009,2004.392,3.001,206.040,4372,6347,0.640,0.770,0.830,1,0,0,0,0,18,303,0,75,2
15-06 05:16:51,17.744,6.748,72.224,2.499,0,5539632,190112,170456,2129168,4921.203,1565.428,7.997,7977.087,1.999,1004.633,5779,7371,0.640,0.770,0.830,2,1,2.999,0,0,18,303,0,79,2
15-06 05:16:52,3.499,1.750,91.482,0.750,0,5541696,187948,170488,2129236,4591.081,1511.697,0,5318.935,0,315.937,2312,3464,0.640,0.770,0.830,1,0,5.999,0,0,18,304,0,79,2
15-06 05:16:53,23.988,4.998,65.968,1.999,0,5541272,187948,170592,2129556,5097.503,1619.207,0,2794.631,0,336.835,7586,11352,0.640,0.770,0.830,4,0,0,0,0,18,304,0,70,2
15-06 05:16:54,25.567,5.013,65.673,1.755,0,5542020,186940,170700,2129708,4812.681,1570.137,0,5041.284,0,454.197,8275,12783,0.590,0.760,0.830,1,0,0,0,0,18,304,0,71,2
15-06 05:16:55,24.043,4.007,68.373,1.002,0,5543392,185176,170764,2130036,5345.640,1665.003,0,1859.353,0,180.325,6995,10029,0.590,0.760,0.830,1,0,2.004,0,0,18,305,0,71,2
15-06 05:16:56,25.916,5.981,64.291,2.492,0,5543552,184700,170872,2130244,5730.337,1507.092,0,3676.028,0,475.452,8629,13290,0.590,0.760,0.830,1,0,0,0,0,18,304,0,71,2
15-06 05:16:57,23.741,4.998,66.976,1.749,0,5545160,182712,170976,2130520,5997.840,1689.392,0,7477.307,0,491.823,8098,12269,0.590,0.760,0.830,0,0,0,0,0,18,304,0,63,2
15-06 05:16:58,2.754,0.501,95.623,0,0,5545112,182712,170980,2130564,6007.719,1622.084,0,540.695,0,31.040,1340,1744,0.590,0.760,0.830,3,0,0,0,0,18,304,0,63,2
15-06 05:16:59,25.304,5.011,64.889,2.255,0,5545272,182208,171060,2130828,5110.929,1623.472,0,4365.335,0,413.885,7978,12347,0.710,0.780,0.830,1,0,0,0,0,18,304,0,63,2
15-06 05:17:00,24.400,4.731,67.225,1.245,0,5545676,181452,171128,2131112,4840.230,1613.410,0,3103.324,0,279.857,7863,11544,0.710,0.780,0.830,6,0,0,0,0,18,304,0,63,2
15-06 05:17:01,24.271,4.754,68.058,1.251,0,5546492,180192,171220,2131464,4172.547,972.827,0,2426.063,0,275.234,7241,10700,0.710,0.780,0.830,1,0,1.001,0,0,18,304,0,60,2
15-06 05:17:02,26.098,5.019,64.743,2.760,0,5547508,178928,171320,2131612,3324.495,554.083,0,3432.903,0,419.577,8320,12905,0.710,0.780,0.830,1,0,3.011,0,0,18,304,0,60,2
15-06 05:17:03,24.926,4.736,65.805,1.246,0,5547960,178200,171392,2131864,4006.138,915.290,0,8586.576,0,601.220,7973,11940,0.710,0.780,0.830,6,0,0,0,0,18,304,0,60,2
15-06 05:17:04,24.076,5.267,67.713,1.505,0,5548444,177444,171448,2132080,4805.111,1083.407,0,2178.852,0,237.748,7720,11281,0.810,0.800,0.840,1,0,0,0,0,18,304,0,60,2
15-06 05:17:05,15.666,2.487,78.083,1.243,0,5548820,176700,171492,2132404,6302.321,2623.978,31.830,1858.071,0.995,219.825,4791,6959,0.810,0.800,0.840,2,0,0.995,0,0,18,303,0,48,2
15-06 05:17:06,11.511,2.753,83.583,0.500,0,5551488,173928,171524,2132476,10855.775,3277.253,0,1993.979,0,181.180,3749,5400,0.810,0.800,0.840,1,0,3.003,0,0,18,303,0,48,2
15-06 05:17:07,15.003,3.751,77.016,2.000,0,5551748,173424,171620,2132624,6469.369,2572.544,0,14399.047,0,418.088,4753,6740,0.810,0.800,0.840,0,0,2.000,0,0,18,303,0,52,2
15-06 05:17:08,6.769,1.755,90.247,0.501,0,5551588,173424,171644,2132760,5862.071,1528.190,16.044,874.397,1.003,75.206,2344,3029,0.810,0.800,0.840,1,0,0,0,0,18,305,0,52,2
15-06 05:17:09,12.464,1.994,81.764,1.246,0,5551924,172920,171696,2132876,4644.604,1903.510,0,2078.007,0,269.224,4287,6504,0.750,0.780,0.830,0,0,0,0,0,18,303,0,49,2
15-06 05:17:10,5.499,1.750,90.978,0.500,0,5551988,172668,171712,2133048,10013.559,2468.398,0,1071.739,0,100.975,2348,3314,0.750,0.780,0.830,2,0,0,0,0,18,304,0,49,2
15-06 05:17:11,23.785,5.508,66.097,2.754,0,5551900,172416,171948,2133152,4944.223,1622.370,0,3364.916,0,450.658,8482,13140,0.750,0.780,0.830,1,0,1.001,0,0,18,304,0,49,2
15-06 05:17:12,25.974,5.994,63.188,2.498,0,5551960,171912,172112,2133432,4437.630,1618.406,0,5566.519,0,577.431,8608,13474,0.750,0.780,0.830,0,1,0,0,0,18,304,0,50,2
15-06 05:17:13,26.084,5.016,66.213,1.505,0,5552804,170652,172200,2133760,4514.532,1625.232,32.103,7941.564,1.003,528.702,8302,12499,0.750,0.780,0.830,2,0,0,0,0,18,305,0,48,2
15-06 05:17:14,14.205,2.991,79.000,1.495,0,5552796,170400,172296,2133924,5701.947,2566.873,0,3875.729,0,291.078,4963,7746,0.850,0.800,0.840,0,0,0,0,0,18,303,0,51,2
15-06 05:17:15,15.801,3.511,79.006,1.003,0,5554596,168384,172360,2134076,5303.209,2023.566,60.195,1669.417,4.013,144.469,4419,6013,0.850,0.800,0.840,0,0,0,0,0,18,303,0,52,2
15-06 05:17:16,3.737,0.747,92.425,0.498,0,5554352,168384,172416,2134264,11733.727,2890.832,0,1550.546,0,135.523,2158,3270,0.850,0.800,0.840,1,0,0,0,0,18,304,0,52,2
15-06 05:17:17,25.006,5.001,65.517,2.501,0,5554416,167880,172540,2134580,5161.318,1760.449,0,3380.863,0,414.106,8249,12549,0.850,0.800,0.840,2,1,0,0,0,18,304,0,48,2
15-06 05:17:18,25.609,4.770,66.783,1.506,0,5554624,167376,172644,2134772,5302.497,1626.903,0,3382.351,0,352.496,8097,12509,0.850,0.800,0.840,1,0,0,0,0,18,304,0,48,2
15-06 05:17:19,21.895,4.230,68.920,1.990,0,5555408,166116,172712,2135180,6431.174,2542.812,0,8260.406,0,622.019,7299,11091,0.860,0.810,0.840,2,0,0,0,0,18,303,0,49,2
15-06 05:17:20,8.757,1.751,87.070,0.751,0,5555948,165360,172736,2135372,4453.558,1806.443,0,1136.908,0,123.098,2887,4063,0.860,0.810,0.840,1,0,0,0,0,18,303,0,50,2
15-06 05:17:21,6.753,1.501,89.788,0.500,0,5551176,169960,172752,2135544,20096.612,4780.048,0,868.372,0,93.040,2466,3211,0.860,0.810,0.840,1,0,1.000,0,0,18,304,0,47,2
15-06 05:17:22,12.490,1.998,83.185,0.999,0,5551224,169708,172760,2135740,21065.614,5984.345,0,1135.117,0,132.897,3553,4600,0.860,0.810,0.840,0,0,0,0,0,18,303,0,48,2
15-06 05:17:23,15.819,1.507,80.852,0.502,0,5552128,168700,172768,2135836,11478.041,3354.625,0,1040.536,0,106.464,3198,3900,0.860,0.810,0.840,1,0,0,0,0,18,303,0,48,2
15-06 05:17:24,8.215,2.240,87.374,0.747,0.249,5552116,168700,172780,2135836,4873.010,1571.232,0,844.363,0,93.597,3076,4276,0.790,0.790,0.840,1,0,0,0,0,18,304,0,49,2
15-06 05:17:25,27.386,8.291,59.797,2.010,0,5561544,158868,172832,2136188,4689.319,1573.826,0,2809.973,0,364.814,8817,17940,0.790,0.790,0.840,1,0,36.180,0,0,18,304,0,52,2
15-06 05:17:26,24.396,4.979,66.965,1.245,0,5562460,157608,172868,2136496,4589.456,1505.588,0,3377.616,0,309.681,8500,12618,0.790,0.790,0.840,1,0,0,0,0,18,304,0,51,2
15-06 05:17:27,14.742,3.248,77.959,2.249,0,5562560,157356,172920,2136596,5643.045,2528.676,0,8079.769,0,589.691,5713,9022,0.790,0.790,0.840,0,0,0,0,0,18,303,0,52,2
15-06 05:17:28,8.497,1.749,88.219,0.750,0,5563140,156628,172936,2136728,10489.298,2887.981,0,6253.793,0,271.904,2864,3935,0.790,0.790,0.840,0,0,1.999,0,0,18,303,0,52,2
15-06 05:17:29,7.744,1.749,88.186,0.500,0,5563028,156628,172940,2136836,8115.075,2845.922,0,1219.110,0,126.907,2723,3884,0.730,0.780,0.830,0,0,0,0,0,18,303,0,52,2
15-06 05:17:30,7.257,1.501,89.339,0.751,0,5562880,156628,172960,2136964,8063.050,2234.231,0,2438.434,0,118.118,2656,3506,0.730,0.780,0.830,5,0,0,0,0,18,304,0,49,2
15-06 05:17:31,24.507,5.502,66.019,2.251,0,5562880,156376,173016,2137160,4758.386,1620.472,0,2944.858,0,376.110,7955,12050,0.730,0.780,0.830,1,0,1.000,0,0,18,304,0,49,2
15-06 05:17:32,24.756,5.001,67.016,1.250,0,5563564,155620,173040,2137208,4621.105,1620.388,0,2536.607,0,250.060,7793,11397,0.730,0.780,0.830,1,0,0,0,0,18,304,0,50,2
15-06 05:17:33,18.993,3.499,74.221,1.000,0,5564316,154360,173056,2137700,6003.632,2514.008,0,2335.079,0,246.903,5535,7979,0.730,0.780,0.830,0,0,0,0,0,18,303,0,51,2
15-06 05:17:34,8.997,1.500,87.471,1.000,0,5564300,154360,173068,2137704,10316.580,3392.875,0,1763.415,0,158.947,2816,3987,0.670,0.770,0.830,2,0,0,0,0,18,303,0,45,2
15-06 05:17:35,7.536,2.261,87.162,1.256,0,5564432,154108,173088,2137804,12327.210,2969.020,0,3958.693,0,264.248,3226,4572,0.670,0.770,0.830,1,0,0,0,0,18,304,0,45,2
15-06 05:17:36,26.387,5.228,62.482,1.991,0,5564432,153856,173160,2137984,4639.085,1236.691,31.863,4883.038,0.996,508.816,8350,12936,0.670,0.770,0.830,2,0,0,0,0,18,304,0,46,2
15-06 05:17:37,25.211,5.242,66.897,1.498,0,5565220,152596,173204,2138412,4469.090,1293.999,0,3698.282,0,297.540,7832,11603,0.670,0.770,0.830,1,0,0,0,0,18,304,0,46,2
15-06 05:17:38,26.144,4.525,66.113,2.011,0,5566144,151588,173240,2138460,6334.782,1628.944,0,2658.597,0,300.651,7641,11160,0.670,0.770,0.830,2,0,0,0,0,18,304,0,45,2
15-06 05:17:39,23.917,6.228,65.522,1.744,0,5566100,151084,173272,2138976,5518.763,1452.936,31.889,3400.148,0.997,410.569,8438,12946,0.770,0.790,0.830,1,0,0,0,0,18,304,0,45,2
15-06 05:17:40,23.456,4.991,66.625,2.745,0,5566800,150076,173388,2139168,5393.844,2511.272,0,8699.620,0,660.756,7990,12447,0.770,0.790,0.830,1,0,0,0,0,18,303,0,47,2
15-06 05:17:41,8.536,1.757,87.369,0.753,0,5567588,149068,173428,2139348,14678.937,5421.877,0,2273.593,0,206.873,3026,4343,0.770,0.790,0.830,0,0,1.004,0,0,18,304,0,47,2
15-06 05:17:42,2.744,0.998,94.804,0.249,0,5567568,149068,173432,2139364,6437.663,1682.514,0,710.528,0,54.886,1527,2190,0.770,0.790,0.830,2,0,0,0,0,18,305,0,43,2
15-06 05:17:43,9.995,1.749,85.459,0.750,0,5567968,148592,173440,2139432,6150.048,1920.078,0,6117.064,0,367.823,3295,4807,0.770,0.790,0.830,2,0,0,0,0,18,304,0,43,2
15-06 05:17:44,8.483,1.497,87.072,1.497,0,5567924,148592,173460,2139456,11951.514,3452.926,0,1357.219,0,150.691,3018,4339,0.790,0.790,0.830,0,0,0,0,0,18,304,0,43,2
15-06 05:17:45,15.072,2.763,79.630,0.754,0,5568056,148340,173480,2139556,4780.786,1464.982,0,1675.988,0,195.934,4904,7092,0.790,0.790,0.830,4,0,0,0,0,18,305,0,43,2
15-06 05:17:46,25.674,5.484,63.562,2.991,0,5567848,148340,173532,2139712,5042.110,1615.230,0,4865.631,0,561.342,8565,13234,0.790,0.790,0.830,1,0,0,0,0,18,305,0,42,2
15-06 05:17:47,25.499,5.250,66.248,1.250,0,5569184,146828,173560,2139860,4599.846,1619.946,0,6739.775,0,465.984,7923,11870,0.790,0.790,0.830,1,0,0,0,0,18,305,0,43,2
15-06 05:17:48,24.526,5.005,66.822,1.502,0,5569896,145820,173580,2140136,4354.689,2384.567,16.017,2430.617,1.001,257.277,6917,9778,0.790,0.790,0.830,0,0,0,0,0,18,304,0,45,2
15-06 05:17:49,6.013,1.253,90.946,0.501,0.251,5569580,145820,173588,2140444,5780.481,1689.648,0,1142.467,0,94.203,2133,3099,0.730,0.780,0.830,3,0,0,0,0,18,305,0,45,2
15-06 05:17:50,4.484,1.495,91.169,1.245,0,5569804,145568,173596,2140464,11340.852,3513.253,0,1378.997,0,147.465,2674,4126,0.730,0.780,0.830,0,0,0,0,0,18,304,0,41,2
15-06 05:17:51,23.854,5.273,66.540,1.758,0,5569752,145316,173628,2140736,4476.535,1627.101,0,3169.833,0,364.591,7935,11736,0.730,0.780,0.830,1,0,1.004,0,0,18,305,0,43,2
15-06 05:17:52,25.394,6.224,62.986,1.992,0,5571612,143304,173692,2140824,4540.966,1613.238,0,4517.066,0,500.900,8386,12708,0.730,0.780,0.830,3,0,6.971,0,0,18,305,0,43,2
15-06 05:17:53,24.517,4.253,67.045,1.751,0.250,5571192,143304,173752,2141184,4040.725,1458.984,0,6892.649,0,498.336,7987,11892,0.730,0.780,0.830,1,0,0,0,0,18,305,0,43,2
15-06 05:17:54,19.481,4.496,72.180,0.999,0,5571532,142548,173784,2141568,5658.499,2380.686,0,2433.634,0,293.714,6246,9381,0.750,0.780,0.830,0,0,0,0,0,18,304,0,38,2
15-06 05:17:55,8.519,2.255,87.190,1.253,0,5571396,142548,173788,2141700,8062.556,1897.131,0,1827.980,0,163.356,2717,3901,0.750,0.780,0.830,5,1,2.004,0,0,18,304,0,38,2
15-06 05:17:56,6.736,1.497,90.318,0.748,0,5571344,142548,173800,2141740,6579.733,1263.453,0,2694.567,0,103.791,2375,3289,0.750,0.780,0.830,1,0,0,0,0,18,305,0,39,2
15-06 05:17:57,5.746,1.249,89.688,0.749,0,5571528,142296,173816,2141792,12867.109,3457.611,0,1626.876,0,178.876,2761,4142,0.750,0.780,0.830,1,0,0,0,0,18,304,0,39,2
15-06 05:17:58,23.592,4.267,69.522,1.255,0,5573172,140532,173860,2141868,5860.970,1463.736,0,2156.451,0,247.972,6517,9218,0.750,0.780,0.830,1,0,0,0,0,18,305,0,40,2
15-06 05:17:59,24.174,5.483,64.297,1.745,0,5573128,140056,173900,2142348,5383.034,1614.910,0,8389.558,0,693.813,8215,12043,0.770,0.790,0.830,2,0,0,0,0,18,305,0,40,2
15-06 05:18:00,23.806,6.014,66.657,2.005,0,5574532,138544,173968,2142388,4288.075,1461.434,0,8159.169,0,555.305,8314,12758,0.770,0.790,0.830,4,0,0,0,0,18,306,0,41,2
15-06 05:18:01,24.721,3.496,68.670,1.249,0,5577504,135116,174028,2142768,5170.972,1660.065,0,2872.651,0,248.710,5807,8004,0.770,0.790,0.830,2,0,0.999,0,0,18,305,0,41,2
15-06 05:18:02,25.720,5.993,64.175,2.497,0,5577268,135116,174096,2142936,4452.763,1456.287,0,3332.081,0,422.503,8039,12312,0.770,0.790,0.830,1,0,0.999,0,0,18,305,0,39,2
15-06 05:18:03,24.489,4.498,67.969,0.500,0,5577176,135044,174156,2143040,5037.692,1619.258,0,2414.893,0,204.906,7515,11079,0.770,0.790,0.830,2,0,0,0,0,18,305,0,40,2
15-06 05:18:04,23.799,5.511,64.883,2.505,0,5576648,135044,174224,2143500,5230.707,1623.323,0,8761.935,0,666.364,8110,12402,0.790,0.790,0.830,3,1,1.002,0,0,18,305,0,40,2
15-06 05:18:05,25.510,5.002,65.274,2.251,0,5576332,135044,174304,2143736,5313.988,1512.566,0,3313.239,0,374.140,7883,11882,0.790,0.790,0.830,2,0,0,0,0,18,304,0,40,2
15-06 05:18:06,25.952,3.993,67.374,0.749,0,5576148,135044,174340,2143884,5891.996,1682.857,0,1960.339,0,177.668,6479,8921,0.790,0.790,0.830,1,0,0,0,0,18,306,0,40,2
15-06 05:18:07,25.498,5.000,64.744,2.000,0,5576052,134804,174392,2144168,5159.556,1619.860,0,2899.750,0,340.971,7989,12025,0.790,0.790,0.830,3,0,1.000,0,0,18,305,0,40,2
15-06 05:18:08,27.237,5.997,64.470,1.749,0,5578868,131036,174428,2145084,4737.806,1619.250,0,3110.560,0,352.837,8325,12558,0.790,0.790,0.830,4,0,2.999,0,0,18,305,0,41,2
15-06 05:18:09,26.623,5.023,64.549,1.256,0,5578812,130784,174500,2145320,4506.865,1573.284,0,8258.233,0,582.698,7617,11482,0.890,0.810,0.840,1,0,2.009,0,0,18,304,0,44,2
15-06 05:18:10,5.726,1.494,90.378,0.747,0,5578604,130784,174504,2145524,5397.760,2560.450,0,1055.651,0,70.709,2174,3022,0.890,0.810,0.840,2,0,1.992,0,0,18,305,0,44,2
15-06 05:18:11,10.495,2.499,84.207,0.999,0,5578928,130280,174528,2145680,5412.245,2527.713,0,1575.198,0,181.907,3405,4959,0.890,0.810,0.840,0,0,0.999,0,0,18,304,0,40,2
15-06 05:18:12,12.491,2.498,82.689,0.500,0,5578700,130280,174544,2145892,4736.489,2029.495,0,2490.154,0,173.871,3762,5274,0.890,0.810,0.840,1,0,0,0,0,18,304,0,42,2
15-06 05:18:13,13.750,3.000,80.753,1.250,0,5578548,130280,174564,2146024,4278.138,1458.047,0,1520.049,0,169.005,3445,4693,0.890,0.810,0.840,4,0,0,0,0,18,304,0,43,2
15-06 05:18:14,5.260,1.503,91.417,0.501,0,5578396,130280,174568,2146172,6437.773,2447.476,0,6303.527,0,326.597,2139,3000,0.820,0.800,0.830,1,0,0,0,0,18,305,0,44,2
15-06 05:18:15,11.737,2.747,82.660,1.498,0.250,5578300,130280,174580,2146256,18689.624,5186.346,15.983,2141.665,0.999,247.730,4138,6029,0.820,0.800,0.830,2,0,0,0,0,18,304,0,40,2
15-06 05:18:16,8.747,1.999,85.969,0.500,0,5578436,130028,174604,2146348,12160.627,3404.776,0,1979.288,0,199.928,3266,4648,0.820,0.800,0.830,1,0,0,0,0,18,304,0,40,2
15-06 05:18:17,10.004,2.501,84.030,2.251,0,5578628,129776,174628,2146384,11898.238,3353.194,0,6730.397,0,455.162,3861,5752,0.820,0.800,0.830,1,0,0,0,0,18,304,0,40,2
15-06 05:18:18,14.278,3.256,79.408,1.002,0,5578580,129776,174640,2146420,4799.566,1352.696,0,1659.307,0,201.401,4650,6866,0.820,0.800,0.830,2,0,0,0,0,18,305,0,40,2
15-06 05:18:19,26.069,5.515,65.423,2.256,0,5578404,129524,174656,2146832,4523.940,1285.393,0,3112.214,0,405.069,7911,12214,0.990,0.830,0.840,1,0,0,0,0,18,305,0,39,2
15-06 05:18:20,24.749,4.750,66.748,1.500,0,5579036,128768,174664,2146948,5099.813,1619.941,0,2443.910,0,241.991,7311,10585,0.990,0.830,0.840,1,0,0,0,0,18,305,0,39,2
15-06 05:18:21,23.651,5.726,66.470,1.245,0,5590072,203708,171064,2065604,4705.205,1302.520,0,2469.610,0,220.074,7351,10732,0.990,0.830,0.840,3,0,0.996,0,0,18,305,0,41,2
15-06 05:18:22,25.555,6.514,63.636,1.754,0,5596300,197172,171116,2065860,4305.204,1298.776,0,3142.718,0,361.773,8127,12087,0.990,0.830,0.840,2,0,1.002,0,0,18,305,0,41,2
15-06 05:18:23,10.726,2.494,83.559,2.245,0,5596324,196948,171212,2065964,5826.711,2564.152,0,8241.205,0,591.651,4094,6681,0.990,0.830,0.840,0,0,0,0,0,18,304,0,39,2
15-06 05:18:24,7.501,1.500,88.514,0.750,0,5596244,196948,171244,2066012,5611.874,2507.391,0,1492.232,0,164.026,2796,4211,1.230,0.890,0.860,0,0,0,0,0,18,304,0,39,2
15-06 05:18:25,17.244,4.748,74.724,1.000,0,5599928,192692,171300,2066212,5647.071,2082.289,0,1991.320,0,227.922,5840,14084,1.230,0.890,0.860,1,0,35.988,0,0,18,304,0,41,2
15-06 05:18:26,6.276,1.004,90.873,0.753,0,5599844,192692,171328,2066552,4595.853,2025.308,0,1373.635,0,107.441,2301,3338,1.230,0.890,0.860,0,0,0,0,0,18,304,0,41,2
15-06 05:18:27,4.980,1.743,91.876,0.498,0,5600000,192468,171356,2066592,11301.996,2943.021,0,2031.730,0,131.465,2429,3465,1.230,0.890,0.860,2,0,0,0,0,18,305,0,33,2
15-06 05:18:28,24.298,5.260,66.131,1.753,0,5599892,192468,171456,2066600,4494.905,1569.109,0,3034.011,0,341.677,7815,11730,1.230,0.890,0.860,2,0,0,0,0,18,305,0,33,2
15-06 05:18:29,24.722,5.244,65.926,1.998,0,5599392,192468,171540,2067016,3436.122,539.391,0,3284.293,0,360.593,7867,11756,1.290,0.900,0.870,1,0,0,0,0,18,305,0,33,2
15-06 05:18:30,23.544,5.260,67.376,1.753,0,5599428,192244,171600,2067144,4712.835,1526.862,0,11036.691,0,672.260,8000,11613,1.290,0.900,0.870,1,0,0,0,0,18,306,0,34,2
15-06 05:18:31,13.214,2.742,81.277,0.748,0,5599140,192244,171656,2067376,5960.677,2557.995,0,2692.626,0,264.276,4440,6599,1.290,0.900,0.870,0,0,0.997,0,0,18,304,0,36,2
15-06 05:18:32,9.001,2.250,85.255,1.250,0,5598972,192244,171684,2067516,10978.650,3082.183,0,2256.134,0,183.011,3255,4567,1.290,0.900,0.870,0,0,0,0,0,18,304,0,37,2
15-06 05:18:33,11.525,2.756,83.434,0.501,0,5598876,192244,171696,2067600,4185.214,1298.860,0,1118.462,0,106.234,4023,5817,1.290,0.900,0.870,1,0,0,0,0,18,305,0,37,2
15-06 05:18:34,26.052,5.010,64.879,2.755,0,5598540,192244,171840,2067792,4767.460,1460.899,0,4168.271,0,482.958,9014,13931,1.270,0.910,0.870,1,0,0,0,0,18,305,0,38,2
15-06 05:18:35,16.284,3.207,76.486,1.727,0,5598528,191992,171880,2068016,10975.475,3359.457,0,2637.035,0,288.179,5633,8457,1.270,0.910,0.870,1,0,0,0,0,18,304,0,37,2
15-06 05:18:36,8.580,2.019,84.536,2.523,0,5598448,191992,171948,2068028,6999.098,2471.992,0,8107.406,0,570.304,4233,6657,1.270,0.910,0.870,1,0,0,0,0,18,304,0,37,2
15-06 05:18:37,6.250,2.000,89.497,1.000,0,5598152,191992,171984,2068288,6236.792,2395.920,0,1355.955,0,141.995,2671,3890,1.270,0.910,0.870,0,0,0,0,0,18,304,0,38,2
15-06 05:18:38,6.782,0.754,89.676,0.754,0,5598368,191740,172008,2068300,7844.242,2437.573,0,1953.273,0,145.692,2559,3539,1.270,0.910,0.870,0,0,0,0,0,18,304,0,38,2
15-06 05:18:39,4.231,0.995,92.826,0.498,0,5598308,191740,172016,2068352,6477.405,1428.473,0,1134.815,0,105.518,1888,2835,1.170,0.890,0.860,0,0,0,0,0,18,304,0,35,2
15-06 05:18:40,5.523,1.506,91.124,0.251,0,5598536,191488,172020,2068372,12420.968,2533.396,0,1124.615,0,99.408,2285,3075,1.170,0.890,0.860,3,0,0,0,0,18,305,0,35,2
15-06 05:18:41,11.454,2.490,84.161,1.245,0,5598464,191236,172076,2068640,11890.121,3928.182,0,1569.679,0,166.330,3522,5087,1.170,0.890,0.860,0,0,0.996,0,0,18,304,0,37,2
15-06 05:18:42,6.249,1.250,90.479,0.750,0,5598452,191236,172100,2068628,5909.627,2503.418,0,1219.717,0,121.972,2269,3239,1.170,0.890,0.860,0,0,0,0,0,18,304,0,37,2
15-06 05:18:43,11.753,2.501,83.770,1.000,0,5598144,191236,172140,2068896,5666.350,2473.589,0,1524.363,0,166.040,3335,4919,1.170,0.890,0.860,1,0,0,0,0,18,304,0,36,2
15-06 05:18:44,7.248,1.250,89.471,0.500,0,5598140,191236,172156,2068884,10800.463,3336.907,0,1135.628,0,105.965,2588,3678,1.070,0.880,0.860,0,0,1.000,0,0,18,304,0,36,2
15-06 05:18:45,4.252,1.251,93.788,0.500,0,5598304,190984,172172,2068956,15104.056,4081.636,0,920.369,0,75.030,1750,2198,1.070,0.880,0.860,1,0,0,0,0,18,304,0,36,2
15-06 05:18:46,2.999,0.500,93.973,0.500,0,5598292,190984,172180,2068960,6490.114,1928.440,0,875.746,0,78.977,1742,2510,1.070,0.880,0.860,3,0,0,0,0,18,304,0,36,2
15-06 05:18:47,5.251,1.000,91.763,0.250,0,5598264,190984,172188,2068980,12820.867,4458.649,0,960.140,0,88.013,2138,3037,1.070,0.880,0.860,0,0,0,0,0,18,304,0,35,2
15-06 05:18:48,2.510,1.757,95.117,0,0,5598208,190984,172192,2069032,4488.297,1042.016,0,598.306,0,33.128,1129,1602,1.070,0.880,0.860,1,0,0,0,0,18,304,0,35,2
15-06 05:18:49,2.987,1.494,90.859,2.240,0,5598148,190984,172224,2069060,9970.122,2876.629,0,6535.892,0,427.163,2610,4346,0.990,0.860,0.850,4,0,0,0,0,18,305,0,35,2
15-06 05:18:50,9.253,1.501,87.780,0.750,0,5598140,190732,172236,2069308,11371.863,3473.180,0,1276.434,0,143.049,3025,4306,0.990,0.860,0.850,3,0,0,0,0,18,304,0,35,2
15-06 05:18:51,21.523,4.255,70.826,1.752,0,5598340,190228,172276,2069572,4555.884,1513.623,0,6274.726,0,566.607,6727,9874,0.990,0.860,0.850,1,0,1.001,0,0,18,305,0,35,2
15-06 05:18:52,20.983,4.996,70.194,1.249,0,5593544,194824,172340,2069708,4989.985,2077.328,0,2378.086,0,274.779,6228,9230,0.990,0.860,0.850,0,0,5.995,0,0,18,304,0,34,2
15-06 05:18:53,9.758,1.501,86.567,1.001,0,5593304,194824,172356,2069932,3660.819,918.707,0,1765.359,0,140.108,3046,4329,0.990,0.860,0.850,1,0,0,0,0,18,305,0,35,2
15-06 05:18:54,7.243,1.249,88.913,0.749,0,5593208,194824,172384,2070000,5012.105,1564.472,0,1794.247,0,156.847,2941,4316,0.990,0.860,0.860,0,0,0,0,0,18,304,0,35,2
15-06 05:18:55,23.792,5.009,68.872,2.004,0,5592936,194824,172432,2070224,10616.787,2318.102,0,2464.361,0,287.509,7429,11339,0.990,0.860,0.860,1,0,3.005,0,0,18,305,0,35,2
15-06 05:18:56,23.747,4.749,66.243,1.500,0,5593792,193816,172472,2070336,6592.283,1295.859,0,7895.141,0,565.938,8954,13847,0.990,0.860,0.860,2,0,0,0,0,18,305,0,34,2
15-06 05:18:57,14.474,2.745,80.356,1.497,0,5593916,193312,172508,2070680,7362.849,2238.003,0,2655.257,0,248.556,4668,6890,0.990,0.860,0.860,0,0,0,0,0,18,304,0,35,2
15-06 05:18:58,10.251,2.000,85.762,1.000,0,5593996,193060,172532,2070828,6720.915,1620.221,16.002,1772.241,1.000,184.025,3543,5062,0.990,0.860,0.860,0,0,0,0,0,18,305,0,37,2
15-06 05:18:59,9.001,2.500,85.507,1.500,0.250,5594016,192808,172568,2071024,12997.075,3460.286,0,2680.222,0,225.019,3851,5734,0.990,0.870,0.860,0,0,0,0,0,18,304,0,37,2
15-06 05:19:00,11.509,2.001,84.063,0.751,0,5594164,192556,172584,2071112,5950.424,2514.870,16.012,1709.271,1.001,174.129,3461,4979,0.990,0.870,0.860,2,1,0,0,0,18,304,0,36,2
15-06 05:19:01,8.018,2.005,87.953,0.752,0,5594168,192304,172596,2071348,5353.329,2021.656,0,1451.342,0,134.309,2879,4063,0.990,0.870,0.860,0,0,1.002,0,0,18,304,0,37,2
15-06 05:19:02,4.987,0.997,91.760,0.748,0,5594376,192052,172604,2071384,11938.764,3055.007,0,1791.313,0,156.590,2296,3319,0.990,0.870,0.860,1,0,0,0,0,18,305,0,37,2
15-06 05:19:03,23.257,5.252,66.771,2.001,0,5594188,192052,172624,2071552,4801.475,1620.498,0,2624.807,0,316.097,7459,11164,0.990,0.870,0.860,1,0,0,0,0,18,305,0,37,2
15-06 05:19:04,25.229,4.996,64.946,2.748,0,5594232,191800,172660,2071724,5053.785,1456.785,0,8333.050,0,716.402,8913,13967,0.990,0.870,0.860,1,0,0,0,0,18,305,0,36,2
15-06 05:19:05,24.525,5.005,66.569,1.502,0,5593880,191800,172668,2072068,5225.385,1621.671,0,3083.177,0,247.255,8004,11714,0.990,0.870,0.860,1,0,0,0,0,18,305,0,37,2
15-06 05:19:06,19.391,4.972,72.094,1.243,0,5594192,191296,172688,2072240,6742.990,2460.132,0,7298.857,0,549.900,6111,8738,0.990,0.870,0.860,3,0,0,0,0,18,304,0,38,2
15-06 05:19:07,10.298,1.758,83.643,1.256,0,5594360,191044,172712,2072300,4832.718,1627.652,0,2507.789,0,240.129,3819,5720,0.990,0.870,0.860,1,0,0,0,0,18,305,0,39,2
15-06 05:19:08,9.992,2.248,83.932,1.998,0,5594076,191044,172744,2072552,9138.580,2867.672,0,2214.202,0,249.797,3845,5713,0.990,0.870,0.860,3,0,0,0,0,18,304,0,38,2
15-06 05:19:09,11.237,3.246,82.407,1.748,0,5594012,191044,172768,2072592,5927.330,1522.287,0,6972.154,0,442.502,3742,5555,1.070,0.890,0.860,1,0,0.999,0,0,18,304,0,39,2
15-06 05:19:10,7.014,1.503,89.172,0.501,0,5597312,187516,172772,2072816,5216.058,1980.820,0,1194.303,0,97.187,2507,3625,1.070,0.890,0.860,1,0,3.006,0,0,18,305,0,39,2
15-06 05:19:11,16.736,3.497,76.934,0.749,0.250,5597456,187264,172792,2072904,11144.500,3457.053,0,1458.757,0,140.880,4815,6472,1.070,0.890,0.860,1,0,1.998,0,0,18,304,0,43,2
15-06 05:19:12,20.729,3.746,71.428,1.998,0,5597208,187264,172812,2073132,4153.808,1456.530,0,2233.746,0,275.722,6777,10060,1.070,0.890,0.860,6,0,0.999,0,0,18,305,0,37,2
15-06 05:19:13,25.324,5.516,64.186,2.758,0,5597044,187264,172832,2073276,4633.459,1624.719,0,4906.251,0,522.518,8353,13197,1.070,0.890,0.860,2,0,0,0,0,18,305,0,37,2
15-06 05:19:14,24.691,4.739,66.840,0.998,0,5598160,185752,172844,2073660,3473.686,700.324,0,2502.011,0,251.398,8067,11938,1.070,0.890,0.860,3,0,0,0,0,18,305,0,38,2
15-06 05:19:15,23.028,5.256,67.581,2.002,0,5598528,185248,172852,2073788,4795.770,2183.627,16.019,6387.685,1.001,488.588,7414,11021,1.070,0.890,0.860,1,0,0,0,0,18,304,0,39,2
15-06 05:19:16,7.282,1.758,89.137,1.004,0,5598276,185248,172856,2074036,6539.424,1759.648,0,1876.155,0,145.633,2807,4093,1.070,0.890,0.860,1,0,0,0,0,18,306,0,37,2
15-06 05:19:17,14.185,2.489,79.389,1.742,0,5598324,184996,172872,2074224,5142.609,2007.867,0,2249.767,0,283.710,4615,6661,1.070,0.890,0.860,2,0,0,0,0,18,304,0,37,2
15-06 05:19:18,3.752,1.001,92.804,0.750,0,5598268,184996,172876,2074276,11738.774,3064.769,0,1232.711,0,122.070,2109,3086,1.070,0.890,0.860,1,0,0,0,0,18,305,0,37,2
15-06 05:19:19,11.251,2.250,84.760,0.500,0,5598652,184492,172892,2074380,6624.752,2665.302,0,1624.184,0,175.020,3353,4803,0.980,0.870,0.860,0,0,0,0,0,18,304,0,38,2
15-06 05:19:20,12.747,1.750,83.233,1.500,0,5598644,184492,172892,2074388,12093.523,3459.291,0,1643.663,0,172.965,3792,5312,0.980,0.870,0.860,0,0,0,0,0,18,304,0,39,2
15-06 05:19:21,11.747,3.249,81.728,0.750,0.250,5598404,184492,172924,2074596,4959.668,1523.591,0,1703.542,0,182.951,4539,6605,0.980,0.870,0.860,1,0,1.000,0,0,18,305,0,39,2
15-06 05:19:22,24.993,6.248,64.232,2.249,0,5598380,184240,173012,2074784,4868.662,1619.555,0,3846.942,0,453.875,8030,12120,0.980,0.870,0.860,2,0,0,0,0,18,305,0,40,2
15-06 05:19:23,25.533,4.756,64.834,2.754,0,5598624,183736,173076,2074980,4764.199,1459.900,0,9107.851,0,705.919,8745,13582,0.980,0.870,0.860,3,0,0,0,0,18,305,0,40,2
15-06 05:19:24,14.231,3.495,78.646,1.248,0,5599324,182728,173084,2075280,5406.879,2074.268,15.979,3255.712,0.999,298.607,4944,7366,0.980,0.880,0.860,2,0,0,0,0,18,304,0,38,2
15-06 05:19:25,15.065,5.022,78.086,0.502,0,5628352,153508,173100,2077492,7311.479,2447.538,0,2454.568,0,159.688,4155,7196,0.980,0.880,0.860,4,0,34.147,0,0,18,304,0,40,2
15-06 05:19:26,11.958,2.990,81.963,1.246,0,5599100,182656,173132,2075512,5670.135,1848.524,0,6991.506,0,435.474,3975,9613,0.980,0.880,0.860,1,0,1.993,0,0,18,304,0,42,2
15-06 05:19:27,6.514,1.754,89.945,0.501,0,5599572,182152,173136,2075540,10183.072,3069.654,0,1066.311,0,109.237,2481,3435,0.980,0.880,0.860,1,0,0,0,0,18,305,0,42,2
15-06 05:19:28,5.485,0.748,90.511,0.997,0,5599520,182152,173140,2075588,11064.746,3289.303,0,1176.888,0,126.665,2474,3653,0.980,0.880,0.860,0,0,0,0,0,18,304,0,40,2
15-06 05:19:29,23.990,5.748,65.974,1.749,0,5599404,182152,173184,2075660,4258.305,1619.355,0,7089.177,0,545.783,7604,11294,0.980,0.880,0.860,3,0,0,0,0,18,305,0,41,2
15-06 05:19:30,20.503,4.001,72.011,1.750,0,5599328,181648,173232,2076192,5198.813,2409.377,0,2536.396,0,264.041,6082,8845,0.980,0.880,0.860,1,0,0,0,0,18,304,0,43,2
15-06 05:19:31,8.290,1.759,88.178,1.005,0,5599820,181144,173248,2076188,5542.874,1996.681,0,1696.224,0,124.604,2520,3395,0.980,0.880,0.860,2,0,1.005,0,0,18,304,0,43,2
15-06 05:19:32,6.966,1.244,89.566,0.498,0,5599716,181144,173272,2076268,10181.655,2982.545,0,1373.344,0,135.344,2696,3997,0.980,0.880,0.860,2,0,0,0,0,18,305,0,43,2
15-06 05:19:33,23.829,5.518,66.470,1.756,0,5599512,181144,173304,2076440,4394.571,1625.389,0,3800.601,0,369.224,7636,11452,0.980,0.880,0.860,1,0,0,0,0,18,305,0,41,2
15-06 05:19:34,15.207,3.241,77.780,1.496,0.249,5600400,180136,173344,2076520,6122.711,2553.789,0,2548.803,0,275.223,4992,7343,1.150,0.920,0.870,0,0,0,0,0,18,304,0,42,2
15-06 05:19:35,15.249,3.000,78.247,1.250,0,5600432,179632,173380,2076956,10892.559,3871.843,0,2843.885,0,222.991,4287,5957,1.150,0.920,0.870,3,0,0,0,0,18,304,0,43,2
15-06 05:19:36,7.249,2.000,87.982,1.500,0,5600408,179632,173420,2076940,6171.750,1523.691,0,7418.497,0,495.900,3359,5344,1.150,0.920,0.870,1,0,0,0,0,18,305,0,43,2
15-06 05:19:37,6.001,1.750,90.258,0.500,0,5600532,179408,173428,2077032,12397.102,3460.308,0,5044.449,0,550.049,2891,4155,1.150,0.920,0.870,0,0,0,0,0,18,304,0,42,2
15-06 05:19:38,8.000,1.500,88.254,1.000,0,5600464,179408,173440,2077088,13056.652,3460.173,0,1276.064,0,129.006,2817,3970,1.150,0.920,0.870,1,0,0,0,0,18,304,0,43,2
15-06 05:19:39,10.749,2.500,84.240,0.750,0,5600660,179156,173452,2077132,7933.074,2074.758,0,1423.834,0,168.980,3272,4722,1.210,0.930,0.880,0,0,0,0,0,18,304,0,45,2
15-06 05:19:40,11.251,2.500,84.260,1.000,0,5600428,179156,173468,2077348,6915.856,2186.271,0,1272.157,0,128.016,3197,4396,1.210,0.930,0.880,0,0,0,0,0,18,304,0,47,2
15-06 05:19:41,2.499,0.500,94.723,0,0,5600868,178656,173472,2077404,11782.602,3347.035,0,635.817,0,35.990,1375,1845,1.210,0.930,0.880,0,0,1.000,0,0,18,304,0,44,2
15-06 05:19:42,9.751,2.750,86.260,0.750,0,5600864,178656,173472,2077408,7289.809,1941.215,0,1252.139,0,134.015,3070,4312,1.210,0.930,0.880,4,0,0,0,0,18,305,0,44,2
15-06 05:19:43,7.493,1.249,88.162,1.249,0,5600640,178656,173480,2077624,5594.412,2558.445,0,1546.455,0,167.832,2869,4401,1.210,0.930,0.880,1,0,0,0,0,18,304,0,45,2
15-06 05:19:44,10.254,2.001,84.783,0.750,0,5600844,178404,173504,2077648,11158.398,3299.301,0,1648.650,0,176.069,3305,4876,1.360,0.970,0.890,0,0,0,0,0,18,304,0,45,2
15-06 05:19:45,8.500,2.250,86.248,1.000,0,5600740,178404,173520,2077736,11273.786,3297.938,0,1451.973,0,157.997,3114,4297,1.360,0.970,0.890,1,0,0,0,0,18,304,0,44,2
15-06 05:19:46,8.001,1.750,88.266,0.500,0,5600968,178152,173536,2077744,9670.763,3344.610,0,1064.194,0,105.019,2657,3616,1.360,0.970,0.890,2,0,0,0,0,18,304,0,44,2
15-06 05:19:47,5.254,1.751,90.326,1.501,0,5600896,178152,173568,2077784,5891.971,1525.287,0,5828.918,0,367.310,2586,4155,1.360,0.970,0.890,3,0,0,0,0,18,304,0,44,2
15-06 05:19:48,11.499,2.750,83.493,0.500,0,5600712,178152,173584,2077952,10418.091,2834.753,0,1139.901,0,123.989,3902,5433,1.360,0.970,0.890,1,1,0,0,0,18,305,0,46,2
15-06 05:19:49,24.574,4.514,65.948,1.755,0,5601000,177396,173612,2078392,4393.167,1624.870,0,2495.479,0,312.938,7781,11593,1.410,0.990,0.900,1,0,0,0,0,18,305,0,47,2
15-06 05:19:50,26.166,4.735,65.789,1.246,0,5601872,176388,173632,2078508,4330.090,1519.120,0,2902.676,0,327.947,8108,12368,1.410,0.990,0.900,1,0,0,0,0,18,305,0,48,2
15-06 05:19:51,13.744,3.498,80.212,1.000,0,5601544,176388,173656,2078812,5614.348,2564.789,15.992,2874.642,1.000,269.873,4407,6522,1.410,0.990,0.900,1,0,1.000,0,0,18,304,0,51,2
15-06 05:19:52,14.018,3.504,79.352,1.502,0,5602212,175632,173680,2078876,5607.200,2568.298,0,6107.842,0,555.714,4112,5483,1.410,0.990,0.900,0,0,6.008,0,0,18,304,0,52,2
15-06 05:19:53,9.513,2.253,85.865,0.751,0,5601972,175632,173696,2079100,4445.965,1622.176,0,1762.364,0,154.207,2854,3958,1.410,0.990,0.900,0,1,0,0,0,18,304,0,51,2
15-06 05:19:54,5.239,1.497,89.804,0.998,0,5601908,175632,173716,2079144,6126.650,2560.421,0,6350.162,0,436.050,3029,4949,1.300,0.970,0.890,1,0,0,0,0,18,305,0,51,2
15-06 05:19:55,27.109,4.016,68.527,0.502,0,5609464,167820,173720,2079396,5241.164,1626.568,0,646.611,0,36.146,4172,4327,1.300,0.970,0.890,2,0,2.008,0,0,18,305,0,53,2
15-06 05:19:56,15.932,2.987,78.665,0.747,0,5612420,164544,173736,2079700,12600.381,3487.161,0,1637.034,0,173.263,4254,5856,1.300,0.970,0.890,1,0,0,0,0,18,304,0,54,2
15-06 05:19:57,8.499,2.250,86.237,0.750,0,5612908,164040,173748,2079704,13138.067,3363.505,0,1447.787,0,151.978,3262,4575,1.300,0.970,0.890,2,0,0,0,0,18,304,0,52,2
15-06 05:19:58,7.497,1.499,88.213,0.750,0,5612812,164040,173752,2079796,11455.225,3476.551,15.993,1255.477,1.000,133.944,2746,3770,1.300,0.970,0.890,1,0,0,0,0,18,304,0,52,2
15-06 05:19:59,7.776,2.007,88.793,0.752,0,5612760,164040,173756,2079844,7579.006,1529.045,0,959.165,0,78.258,2937,4088,1.190,0.950,0.890,3,0,0,0,0,18,306,0,53,2
15-06 05:20:00,26.422,4.487,65.306,1.496,0,5613448,163032,173764,2080156,4606.341,1615.210,0,2652.136,0,292.134,7702,11221,1.190,0.950,0.890,2,0,0.997,0,0,18,305,0,53,2
15-06 05:20:01,12.503,2.501,82.272,0.750,0,5613168,163032,173796,2080404,6536.738,2446.651,0,2912.775,0,260.069,4122,6188,1.190,0.950,0.890,0,0,1.000,0,0,18,304,0,51,2
15-06 05:20:02,17.764,2.252,77.062,0.751,0,5613472,162528,173800,2080600,4863.922,1621.307,176.142,956.772,10.008,60.048,4480,5588,1.190,0.950,0.890,1,0,0,0,0,18,308,0,54,2
15-06 05:20:03,25.967,3.995,67.665,0.999,0,5614952,160764,173820,2080864,4811.963,1456.173,163.794,1633.950,9.987,170.786,6616,8799,1.190,0.950,0.890,2,0,0.999,0,0,18,309,0,72,2
15-06 05:20:04,25.228,4.496,67.190,1.499,0,5616488,158748,173832,2081332,5275.318,1618.563,0,6781.981,0,470.582,7864,11582,1.180,0.950,0.890,4,0,1.998,0,0,18,308,0,88,3
15-06 05:20:05,26.549,3.006,67.624,0.751,0,5617312,157740,173836,2081512,10898.026,3237.950,0,1723.167,0,166.306,5526,7065,1.180,0.950,0.890,4,0,0,0,0,18,307,0,91,2
15-06 05:20:06,8.738,2.247,85.877,0.749,0,5617132,157740,173840,2081688,7248.657,1749.504,7.989,2768.050,1.997,130.813,3346,4733,1.180,0.950,0.890,1,0,0,0,0,18,308,0,91,2
15-06 05:20:07,25.024,3.754,67.064,1.752,0,5613656,161080,173856,2081808,6037.763,1513.445,0,8375.995,0,697.666,7249,10389,1.180,0.950,0.890,1,0,0,0,0,18,308,0,93,2
15-06 05:20:08,16.748,3.999,76.740,1.500,0,5614116,160420,173868,2081996,6185.219,2519.682,0,2399.697,0,252.968,5016,7237,1.180,0.950,0.890,0,0,0,0,0,18,307,0,94,2
15-06 05:20:09,7.020,2.006,87.996,1.003,0,5615760,158656,173872,2082112,6348.777,2518.051,4.011,2539.110,1.003,204.573,2913,4165,1.080,0.940,0.880,2,1,1.003,0,0,18,307,0,92,2
15-06 05:20:10,6.231,1.495,89.724,0.997,0,5615540,158656,173884,2082320,5707.455,2502.308,183.436,1810.435,11.963,163.497,2657,3899,1.080,0.940,0.880,2,0,1.994,0,0,18,307,0,92,2
15-06 05:20:11,9.255,3.252,85.042,0.750,0,5663832,157316,168116,2041768,5924.903,2511.230,0,1444.708,0,152.075,2875,4007,1.080,0.940,0.880,2,0,2.001,0,0,18,307,0,92,2
15-06 05:20:12,5.252,2.501,90.779,0.500,0,5667376,153620,168144,2041892,4507.419,1686.531,0,6734.121,0,596.188,2620,3738,1.080,0.940,0.880,2,0,3.001,0,0,18,308,0,92,2
15-06 05:20:13,18.234,3.247,76.433,0.250,0,5668152,152612,168160,2042108,5230.439,2081.185,0,1115.028,0,103.909,4115,5141,1.080,0.940,0.880,0,0,1.998,0,0,18,307,0,94,2
15-06 05:20:14,6.495,1.499,89.182,1.249,0,5668112,152612,168172,2042136,5488.841,1919.546,0,1199.091,0,117.911,2504,3619,1,0.920,0.880,1,0,0,0,0,18,307,0,90,2
15-06 05:20:15,6.004,0.750,90.805,0.500,0,5668068,152612,168176,2042176,5418.288,2084.265,0,1032.627,0,95.058,2311,3250,1,0.920,0.880,1,0,0,0,0,18,307,0,91,2
15-06 05:20:16,7.753,1.751,87.534,1.000,0.250,5668296,152360,168196,2042180,6118.361,2268.876,0,1332.514,0,151.058,2825,4096,1,0.920,0.880,0,0,0,0,0,18,307,0,91,2
15-06 05:20:17,6.749,2.000,88.737,0.750,0,5668160,152360,168196,2042316,10760.404,2649.607,0,1203.821,0,120.982,2817,4064,1,0.920,0.880,3,0,0,0,0,18,308,0,91,2
15-06 05:20:18,24.772,6.255,66.058,1.501,0,5668188,151856,168236,2042752,5122.487,1459.278,0,2910.549,0,335.294,7681,11613,1,0.920,0.880,2,0,0,0,0,18,307,0,89,3
15-06 05:20:19,18.227,4.245,74.658,0.999,0,5669040,150848,168272,2042872,6925.433,2667.700,0,2421.005,0,252.687,5123,7170,1.080,0.940,0.890,4,0,0,0,0,18,307,0,90,2
15-06 05:20:20,7.003,2.501,85.787,2.251,0,5668832,150848,168296,2043056,6231.658,2354.004,0,6918.951,0,503.215,3899,6098,1.080,0.940,0.890,0,0,0,0,0,18,307,0,90,2
15-06 05:20:21,7.248,1.999,88.720,0.750,0,5669028,150600,168300,2043104,6155.906,2148.269,0,1379.531,0,123.958,2738,3771,1.080,0.940,0.890,2,0,1.000,0,0,18,307,0,90,2
15-06 05:20:22,6.513,1.503,89.685,0.501,0,5669024,150600,168304,2043104,4653.617,1858.841,0,1523.148,0,78.162,2263,3098,1.080,0.940,0.890,1,0,1.002,0,0,18,307,0,88,3
15-06 05:20:23,4.243,1.497,92.338,0.499,0,5669080,150348,168316,2043288,11350.057,3057.628,0,1145.986,0,106.812,2181,3265,1.080,0.940,0.890,1,0,0,0,0,18,307,0,88,2
15-06 05:20:24,25.855,3.765,66.771,1.255,0,5669212,150096,168340,2043384,4656.890,1463.938,0,2474.036,0,301.222,6579,9662,1.070,0.940,0.890,1,0,0,0,0,18,307,0,88,2
15-06 05:20:25,13.190,4.480,79.885,0.249,0,5496648,322628,168360,2043508,6826.784,266736.342,362.343,1242.319,15.927,78.640,2291,2097,1.070,0.940,0.890,1,0,13.936,0,0,18,307,0,88,2
15-06 05:20:26,7.245,4.247,86.196,0.500,0,5495424,323832,168372,2043516,4933.921,1618.990,0,1279.202,0,85.946,2774,6976,1.070,0.940,0.890,1,0,35.978,0,0,18,307,0,84,2
15-06 05:20:27,2.502,1.251,95.071,0.250,0,5494056,325188,168384,2043516,4983.733,1621.214,0,768.576,0,52.039,1371,2009,1.070,0.940,0.890,1,0,0,0,0,18,307,0,84,2
15-06 05:20:28,1.001,1.001,96.065,0.751,0,5494052,325188,168388,2043516,4869.294,1687.141,0,6312.270,0,560.379,1338,1994,1.070,0.940,0.890,0,0,0,0,0,18,307,0,84,2
15-06 05:20:29,1.000,0.500,97.005,0,0,5493796,325444,168388,2043516,5100.247,1620.078,0,140.007,0,15.001,1063,1609,0.980,0.930,0.880,0,0,0,0,0,18,307,0,84,2
15-06 05:20:30,1.250,1.000,97.508,0,0,5493796,325444,168388,2043516,4560.386,1620.137,0,52.004,0,5.000,974,1388,0.980,0.930,0.880,0,0,0,0,0,18,307,0,81,2
15-06 05:20:31,0.750,0.500,97.258,0,0,5493796,325444,168388,2043516,4775.377,1458.115,0,0,0,0,982,1380,0.980,0.930,0.880,0,0,1.000,0,0,18,307,0,81,2
15-06 05:20:32,1.499,0.750,97.213,0,0,5493796,325444,168388,2043516,4558.256,1619.380,0,0,0,0,956,1389,0.980,0.930,0.880,0,0,0,0,0,18,307,0,81,2
15-06 05:20:33,1.249,0.250,97.424,0,0,5493796,325444,168388,2043516,4576.450,1456.870,0,91.929,0,1.998,973,1412,0.980,0.930,0.880,1,0,0,0,0,18,307,0,81,2
15-06 05:20:34,2.508,1.254,94.289,1.003,0,5493992,325220,168396,2043536,4874.939,1624.980,0,1067.271,0,137.421,1607,2498,0.900,0.910,0.880,1,0,0,0,0,18,307,0,77,2
15-06 05:20:35,2.992,0.997,94.240,0,0,5493976,325220,168400,2043548,10749.289,2827.186,0,622.280,0,48.865,1601,2185,0.900,0.910,0.880,0,0,0,0,0,18,307,0,77,2
15-06 05:20:36,3.501,1.000,94.037,0.500,0,5493972,325220,168404,2043548,5499.149,1620.633,0,520.203,0,54.021,1666,2405,0.900,0.910,0.880,3,0,0,0,0,18,307,0,77,2
15-06 05:20:37,1.750,0.750,96.228,0,0,5493972,325220,168404,2043548,5416.784,1457.673,0,91.979,0,11.997,1279,1825,0.900,0.910,0.880,0,0,0,0,0,18,307,0,77,2
15-06 05:20:38,1.751,0.500,96.307,0,0,5493964,325220,168408,2043552,6207.659,1524.899,0,220.130,0,15.009,1133,1499,0.900,0.910,0.880,0,0,0,0,0,18,307,0,74,2
15-06 05:20:39,1.500,0.750,97.249,0,0,5493964,325220,168408,2043552,6419.939,1619.985,0,67.999,0,5.000,983,1406,0.830,0.890,0.870,0,0,0,0,0,18,307,0,74,2
15-06 05:20:40,1.500,0.500,96.981,0,0,5493964,325220,168408,2043552,5177.008,1457.721,0,0,0,0,953,1396,0.830,0.890,0.870,1,0,0,0,0,18,307,0,74,2
15-06 05:20:41,3.249,0.750,94.728,0,0,5493952,325220,168408,2043564,9415.813,1916.555,0,0,0,0,1215,1549,0.830,0.890,0.870,1,0,1.000,0,0,18,307,0,74,2
15-06 05:20:42,1.500,0.750,97.259,0,0,5493952,325220,168408,2043564,4426.427,1566.151,0,4.000,0,1.000,976,1366,0.830,0.890,0.870,0,0,0,0,0,18,307,0,70,2
15-06 05:20:43,1.002,0.501,97.153,0,0,5493952,325220,168408,2043564,4785.518,1580.483,0,0,0,0,972,1403,0.830,0.890,0.870,0,0,0,0,0,18,307,0,70,2
15-06 05:20:44,1.997,0.250,95.609,0,0,5493952,325220,168408,2043564,4743.021,1617.620,0,802.819,0,156.769,1493,2194,0.760,0.880,0.870,1,0,0,0,0,18,307,0,70,2
15-06 05:20:45,3.002,1.251,95.316,0.751,0,5493920,325220,168424,2043580,4503.100,1621.116,0,4006.758,0,196.135,1517,2286,0.760,0.880,0.870,0,0,0,0,0,18,307,0,70,2
15-06 05:20:46,1.500,1.000,95.737,0.750,0.250,5493920,325220,168424,2043580,5042.316,1565.788,0,435.941,0,48.993,1486,2247,0.760,0.880,0.870,0,0,0,0,0,18,307,0,69,2
15-06 05:20:47,1.500,0.500,96.986,0,0,5493920,325220,168424,2043580,4779.287,1619.758,0,191.971,0,22.997,1236,1763,0.760,0.880,0.870,0,0,0,0,0,18,307,0,69,2
15-06 05:20:48,1.250,1.250,96.739,0.250,0,5493920,325220,168424,2043580,4679.466,1619.815,0,179.979,0,11.999,1020,1463,0.760,0.880,0.870,0,0,0,0,0,18,307,0,69,2
15-06 05:20:49,1.000,0.500,97.220,0,0,5493884,325220,168424,2043616,4530.593,1511.530,0,35.989,0,3.999,928,1363,0.700,0.870,0.860,0,0,0,0,0,18,307,0,69,2
15-06 05:20:50,2.000,0.750,96.008,0,0,5493872,325220,168428,2043624,4672.405,1632.142,0,244.021,0,23.002,1343,1895,0.700,0.870,0.860,1,0,0,0,0,18,307,0,65,2
15-06 05:20:51,2.249,0.500,95.966,0.250,0,5493868,325220,168428,2043628,4547.385,1511.463,0,267.905,0,23.991,1298,1911,0.700,0.870,0.860,1,0,1.000,0,0,18,307,0,65,2
15-06 05:20:52,1.500,1.750,95.001,0,0.250,5493868,325220,168428,2043628,4666.043,1566.015,0,108.001,0,9.000,1328,1774,0.700,0.870,0.860,1,0,6.000,0,0,18,307,0,65,2
15-06 05:20:53,1.500,0.250,97.251,0,0,5493864,325220,168432,2043628,4892.066,1512.021,0,72.001,0,6.000,995,1415,0.700,0.870,0.860,1,0,0,0,0,18,307,0,65,2
15-06 05:20:54,2.000,0.750,95.273,0.250,0.250,5493856,325220,168432,2043636,4847.145,1566.370,0,516.122,0,96.023,1415,2113,0.650,0.850,0.860,0,0,0,0,0,18,307,0,59,2
15-06 05:20:55,1.500,1.000,96.523,0.250,0,5493852,325220,168436,2043636,4689.106,1230.290,0,568.134,0,30.007,1146,1577,0.650,0.850,0.860,0,0,2.000,0,0,18,307,0,59,2
15-06 05:20:56,5.998,1.749,90.472,0.250,0,5501908,317156,168444,2043636,134217.538,2027.374,3.999,403.875,1.000,40.987,1831,2376,0.650,0.850,0.860,1,0,3.999,0,0,18,307,0,59,2
15-06 05:20:57,12.248,5.249,81.488,0,0,5506472,312408,168464,2043800,284790.804,9172.609,151.977,295.955,5.999,24.996,2797,2472,0.650,0.850,0.860,3,0,30.995,0,0,18,307,0,59,2
15-06 05:20:58,15.514,4.754,78.072,0.250,0,5516592,297712,168468,2048372,286345.690,4790.411,152.140,252.232,3.003,12.011,2318,1892,0.650,0.850,0.860,1,0,18.017,0,0,18,307,0,59,2
15-06 05:20:59,20.487,6.496,71.704,0,0,5515556,285880,168468,2061208,4323.223,485.688,0,91.941,0,3.997,2552,1921,0.670,0.850,0.860,1,0,19.987,0,0,18,307,0,56,2
