"pcp-dstat 6.2.0 CSV Output"
"Author:","PCP team <pcp@groups.io> and Dag Wieers <dag@wieers.com>",,,,"URL:","https://pcp.io/ and http://dag.wieers.com/home-made/dstat/"
"Host:","ubuntu",,,,"User:","ubuntu"
"Cmdline:","dstat -tcmndrylpg --tcp --output /tmp/devstack_logs/dstat-csv.log",,,,"Date:","21 Jun 2026 06:29:12 UTC"
"system","total usage",,,,,"memory usage",,,,"net/total",,"dsk/total",,"io/total",,"system",,"load avg",,,"procs",,,"paging",,"tcp sockets",,,,
"time","total usage:usr","total usage:sys","total usage:idl","total usage:wai","total usage:stl","used","free","buf","cach","net/total:recv","net/total:send","dsk/total:read","dsk/total:writ","read","writ","int","csw","1m","5m","15m","run","blk","new","in","out","lis","act","syn","tim","clo"
21-06 06:29:12,,1008240,1386632,170440,5240440,,,,,,,1.090,0.880,0.470,3,0,,,,10,6,0,17,0
21-06 06:29:13,21.979,20.980,54.949,0.500,0,1047684,1346624,170508,5240868,44449.533,14316.644,0,3033.170,0,111.896,7027,6494,1.090,0.880,0.470,1,0,594.445,0,0,10,5,0,17,1
21-06 06:29:14,31.731,18.239,47.722,0.500,0,1036288,1335032,170536,5262848,180738.346,9408.448,0,1846.910,0,58.965,6340,5902,1.160,0.900,0.480,2,0,351.792,0,0,10,5,0,17,1
21-06 06:29:15,38.716,15.883,44.176,0.248,0,1158072,1197908,171300,5399864,4731.287,1471.206,0,1334.211,0,55.592,6937,8761,1.160,0.900,0.480,2,0,185.638,0,0,11,4,0,17,2
21-06 06:29:16,39.841,11.851,48.162,0.252,0,1161608,1176412,171716,5415408,5207.578,1579.521,0,5535.384,0,59.509,4277,2787,1.160,0.900,0.480,3,0,132.131,0,0,11,6,0,17,2
21-06 06:29:17,38.396,11.219,48.119,1.745,0,1206292,1102756,172812,5440384,5325.508,1615.604,31.913,5006.377,1.995,158.569,4589,3712,1.160,0.900,0.480,3,0,148.596,0,0,11,6,0,19,2
21-06 06:29:18,45.553,5.006,48.306,0.751,0,1257536,1021356,173984,5466132,5045.851,1621.881,0,5490.366,0,143.166,3198,2061,1.160,0.900,0.480,3,0,0,0,0,11,6,0,19,2
21-06 06:29:19,38.056,6.259,46.819,7.761,0,1275352,1001080,175632,5464980,5792.570,2103.112,0,29575.757,0,2220.285,11201,19830,1.310,0.940,0.500,2,0,43.064,0,0,11,6,0,19,0
21-06 06:29:20,37.232,8.996,44.728,6.497,0,1201684,1071148,176032,5468244,5855.101,2004.008,0,43266.581,0,3392.321,12529,22884,1.310,0.940,0.500,3,0,148.926,0,0,11,5,0,19,0
21-06 06:29:21,39.924,6.488,52.900,0.499,0,1248444,1017348,176144,5474364,11741.732,4180.072,0,2147.926,0,73.860,2921,1812,1.310,0.940,0.500,3,0,2.994,0,0,11,4,0,19,0
21-06 06:29:22,45.984,7.747,44.735,0.500,0,1277032,987180,176188,5475536,4876.332,1457.501,0,8137.217,0,441.849,11074,19499,1.310,0.940,0.500,4,0,13.995,0,0,11,4,0,19,0
21-06 06:29:23,47.510,11.753,39.258,0,0,1314748,949264,176232,5475636,4921.055,1620.347,0,2100.450,0,66.014,10015,25220,1.310,0.940,0.500,5,0,62.013,0,0,11,4,0,20,0
21-06 06:29:24,43.375,7.271,48.891,0,0,1290500,981588,176244,5468372,4651.402,1462.213,0,850.450,0,52.150,3118,1885,1.440,0.970,0.510,4,0,14.040,0,0,11,4,0,19,0
21-06 06:29:25,30.204,18.472,49.924,0.250,0,1181844,1090188,176244,5468420,4285.446,1509.691,0,179.725,0,12.980,5916,4941,1.440,0.970,0.510,1,0,491.249,0,0,11,4,0,19,0
21-06 06:29:26,13.271,18.530,66.857,0,0,1164900,1106972,176244,5468568,4820.701,1568.506,0,32.051,0,8.013,6128,6178,1.440,0.970,0.510,1,0,318.509,0,0,11,4,0,19,0
21-06 06:29:27,36.621,11.709,50.323,0,0,1191548,1080272,176244,5469052,4801.076,1452.878,0,0,0,0,4998,5277,1.440,0.970,0.510,4,0,187.340,0,0,11,5,0,19,0
21-06 06:29:28,46.209,3.996,48.957,0,0,1251080,1020296,176244,5469496,3968.504,971.144,0,319.718,0,20.982,2761,1255,1.440,0.970,0.510,2,0,0,0,0,11,5,0,19,0
21-06 06:29:29,43.292,8.258,47.295,0,0,1286328,983628,176244,5470912,4558.381,1135.091,0,664.639,0,50.048,3347,3184,1.490,0.990,0.520,2,0,0,0,0,11,5,0,19,0
21-06 06:29:30,14.008,7.004,79.047,0.250,0,1296840,972052,176244,5471924,4484.662,1512.898,0,2321.378,0,130.077,3106,3370,1.490,0.990,0.520,0,0,118.070,0,0,11,4,0,20,0
21-06 06:29:31,19.990,5.247,73.714,0,0,1354816,914068,176252,5471924,5354.398,1619.213,0,16643.913,0,236.885,2307,1904,1.490,0.990,0.520,1,0,22.989,0,0,11,4,0,20,0
21-06 06:29:32,23.262,2.251,73.539,0,0,1383904,884980,176252,5471924,4580.419,1458.770,0,0,0,0,1759,1170,1.490,0.990,0.520,1,0,1.001,0,0,11,4,0,20,0
21-06 06:29:33,23.545,1.503,72.889,1.002,0,1394240,874372,176272,5472176,4929.417,1623.101,0,5578.657,0,370.708,3688,4918,1.490,0.990,0.520,1,0,1.002,0,0,11,4,0,22,0
21-06 06:29:34,20.207,6.985,71.847,0,0,1368132,900448,176272,5472176,4710.003,1616.569,0,0,0,0,2346,1566,1.450,0.990,0.520,1,0,47.898,0,0,11,4,0,22,0
21-06 06:29:35,20.247,2.250,76.490,0.250,0,1382520,885796,176272,5472372,7159.094,5567.295,0,1267.840,0,79.990,2364,2297,1.450,0.990,0.520,1,0,1.000,0,0,11,17,0,22,0
21-06 06:29:36,20.250,4.500,73.250,1.250,0,1354288,913548,176316,5472744,11290.927,6164.960,267.998,49531.682,66.000,762.995,3473,3199,1.450,0.990,0.520,2,0,11.000,0,0,11,28,0,23,0
21-06 06:29:37,20.746,4.499,73.485,0,0,1421984,845848,176316,5472748,4979.010,1619.678,0,0,0,0,2047,1495,1.450,0.990,0.520,2,0,33.993,0,0,11,28,0,17,0
21-06 06:29:38,18.050,3.760,78.217,0,0,1414868,853100,176320,5472760,11864.979,8496.616,0,1030.865,0,12.033,2219,1972,1.450,0.990,0.520,1,0,5.014,0,0,11,28,0,18,0
21-06 06:29:39,35.923,11.226,51.639,0,0,1491320,776632,176320,5472776,5268.687,1616.529,0,11.974,0,2.994,3772,2437,1.490,1.010,0.530,2,0,150.676,0,0,11,28,0,18,0
21-06 06:29:40,34.736,3.748,60.725,0,0,1525032,742904,176320,5472792,15540.696,12070.104,0,139.943,0,1.999,3938,3756,1.490,1.010,0.530,3,0,0,0,0,11,30,0,18,0
21-06 06:29:41,44.636,18.807,36.611,0,0,1441504,826224,176324,5472996,14117.879,9647.301,0,7197.861,0,77.235,7348,8886,1.490,1.010,0.530,5,0,437.328,0,0,11,28,0,19,0
21-06 06:29:42,83.749,16.000,0,0,0,1636244,631412,176324,5473032,4757.958,1457.987,0,16.000,0,4.000,5160,3163,1.490,1.010,0.530,6,0,142.999,0,0,11,28,0,19,0
21-06 06:29:43,86.147,11.237,2.497,0,0,1804752,462876,176324,5473052,25029.064,23379.038,0,495.407,0,18.977,6501,5437,1.490,1.010,0.530,3,1,0,0,0,11,34,0,19,0
21-06 06:29:44,72.327,11.012,15.516,0.250,0,1595008,672352,176336,5473308,30592.416,25284.792,0,724.768,0,69.073,10147,14063,1.610,1.040,0.540,2,0,223.237,0,0,11,28,0,25,0
21-06 06:29:45,20.986,6.246,72.451,0,0,1568692,698656,176340,5473316,4742.781,1726.828,0,183.875,0,10.993,2775,2191,1.610,1.040,0.540,1,0,86.941,0,0,11,28,0,24,0
21-06 06:29:46,19.456,2.245,77.325,0,0,1554396,712940,176340,5473328,10090.181,6757.717,0,107.756,0,7.982,2309,2207,1.610,1.040,0.540,3,0,0,0,0,11,29,0,24,0
21-06 06:29:47,16.753,6.751,74.764,0.250,0,1507648,759660,176344,5473336,6414.206,3311.623,0,33990.393,0,309.058,3662,3733,1.610,1.040,0.540,1,0,68.013,0,0,11,28,0,25,0
21-06 06:29:48,18.021,2.253,78.842,0,0,1504304,763000,176344,5473340,8430.845,5416.325,0,112.131,0,9.011,1887,1643,1.610,1.040,0.540,1,0,0,0,0,11,29,0,25,0
21-06 06:29:49,16.779,6.511,76.132,0.501,0,1440644,826628,176352,5473364,7363.725,4586.926,0,2941.082,0,161.279,3702,3836,1.560,1.040,0.540,2,0,115.199,0,0,11,28,0,25,0
21-06 06:29:50,15.500,28.251,54.251,0,0,1429584,837692,176352,5473360,4620.117,1620.041,0,40.001,0,10.000,6540,5549,1.560,1.040,0.540,5,0,790.020,0,0,11,28,0,25,0
21-06 06:29:51,83.496,16.499,0,0,0,1634992,632232,176356,5473408,4774.763,1457.928,0,359.982,0,19.999,5144,3055,1.560,1.040,0.540,6,0,132.993,0,0,11,28,0,25,0
21-06 06:29:52,78.175,9.990,12.238,0,0,1742568,524468,176360,5473580,35599.722,31638.536,0,61848.448,0,307.704,7172,9084,1.560,1.040,0.540,3,0,0.999,0,0,11,33,0,25,0
21-06 06:29:53,75.070,13.513,10.009,0.250,0,1576096,690784,176376,5473720,27756.985,20758.433,0,1165.091,0,80.075,10205,13804,1.560,1.040,0.540,6,0,252.236,0,0,11,28,0,26,0
21-06 06:29:54,86.000,14.000,0,0,0,1676740,590128,176376,5473732,5160.030,1620.009,0,1312.008,0,151.001,5005,2865,1.920,1.120,0.570,9,0,58.000,0,0,11,28,0,26,0
21-06 06:29:55,85.465,9.996,4.248,0,0,1835848,430916,176376,5473832,31680.119,29593.967,0,723.706,0,41.983,6312,6632,1.920,1.120,0.570,5,0,0,0,0,11,34,0,26,0
21-06 06:29:56,75.283,9.254,15.257,0,0,1775156,491196,176376,5474216,43687.871,36478.757,0,216.093,0,23.010,11773,17723,1.920,1.120,0.570,5,0,130.056,0,0,11,28,0,31,0
21-06 06:29:57,43.727,11.494,43.727,0,0,1580440,685856,176384,5474264,5217.203,1619.132,0,311.833,0,12.993,3616,2397,1.920,1.120,0.570,2,0,167.910,0,0,11,28,0,31,0
21-06 06:29:58,33.411,3.740,62.084,0,0,1592556,673584,176384,5474420,16807.165,14420.532,0,107.713,0,5.984,4227,4353,1.920,1.120,0.570,2,0,0,0,0,11,30,0,31,0
21-06 06:29:59,44.794,17.768,37.037,0,0,1489876,776220,176384,5474464,10793.694,7050.986,0,420.417,0,34.034,6419,6691,2.010,1.150,0.590,3,0,378.375,0,0,11,28,0,33,0
21-06 06:30:00,55.447,7.243,35.966,0,0,1617316,648768,176388,5474472,14324.282,11551.937,0,147.858,0,9.990,4161,2751,2.010,1.150,0.590,3,0,0,0,0,11,31,0,33,0
21-06 06:30:01,54.675,9.781,34.861,0.251,0,1536432,729568,176404,5474540,24626.705,19722.030,0,798.552,0,61.196,7907,10467,2.010,1.150,0.590,4,0,180.577,0,0,11,28,0,33,0
21-06 06:30:02,84.281,15.460,0.249,0,0,1608364,657604,176404,5474556,5463.791,1454.218,0,31.917,0,0.997,4867,2105,2.010,1.150,0.590,4,0,78.795,0,0,11,28,0,33,0
21-06 06:30:03,57.635,7.768,33.579,0.251,0,1668940,596952,176408,5474628,36792.295,32089.264,0,3255.636,0,186.437,8009,10799,2.010,1.150,0.590,5,0,0,0,0,11,32,0,33,0
21-06 06:30:04,66.014,16.003,18.004,0,0,1529684,736156,176408,5474684,15689.325,11278.390,0,452.096,0,41.009,6735,7634,2.090,1.180,0.600,3,0,324.069,0,0,11,28,0,36,0
21-06 06:30:05,56.191,6.493,36.212,0.250,0,1597524,668308,176408,5474692,16797.438,13240.157,0,167.825,0,7.992,4040,2878,2.090,1.180,0.600,3,0,0,0,0,11,31,0,32,0
21-06 06:30:06,55.557,11.512,32.283,0.250,0,1544796,720648,176416,5475072,23321.955,18812.323,0,1029.057,0,73.075,7787,10755,2.090,1.180,0.600,4,0,249.256,0,0,11,28,0,34,0
21-06 06:30:07,65.748,11.250,22.749,0,0,1581920,683504,176416,5475092,5339.857,1619.957,0,375.990,0,3.000,3748,1627,2.090,1.180,0.600,3,0,49.999,0,0,11,28,0,34,0
21-06 06:30:08,46.741,6.249,46.741,0,0,1601156,663908,176420,5475444,33207.824,29399.532,0,167.969,0,14.997,7581,10398,2.090,1.180,0.600,3,0,0,0,0,11,28,0,36,1
21-06 06:30:09,60.510,16.503,22.504,0,0,1539876,725172,176420,5475460,5234.881,1698.286,0,204.034,0,12.002,4373,2810,2.160,1.210,0.610,3,0,287.048,0,0,11,28,0,37,0
21-06 06:30:10,54.160,5.990,39.185,0,0,1591496,673536,176424,5475472,17938.282,14646.735,0,111.815,0,7.987,4356,3316,2.160,1.210,0.610,4,0,0,0,0,11,31,0,34,0
21-06 06:30:11,52.824,11.767,34.799,0.250,0,1492392,772444,176428,5475664,20151.293,14187.920,0,1317.850,0,39.055,7752,9080,2.160,1.210,0.610,3,0,112.157,0,0,11,28,0,36,0
21-06 06:30:12,57.696,7.992,33.968,0,0.250,1611304,653508,176428,5475684,14394.479,9771.821,0,2785.384,0,40.962,3965,2238,2.160,1.210,0.610,2,0,2.997,0,0,11,31,0,36,0
21-06 06:30:13,54.568,9.011,35.294,0.250,0,1595504,669268,176448,5475740,24482.324,18901.412,0,1501.860,0,101.125,6996,9595,2.160,1.210,0.610,6,0,128.159,0,0,11,28,0,38,0
21-06 06:30:14,73.252,25.751,0.500,0,0,1615972,648712,176448,5475796,4414.150,1188.040,0,52.002,0,13.000,5635,4947,2.550,1.310,0.650,7,0,560.019,0,0,11,28,0,38,0
21-06 06:30:15,84.000,15.750,0.500,0,0,1787792,476864,176448,5475824,16937.088,13632.071,0,0,0,0,5919,5072,2.550,1.310,0.650,8,0,395.002,0,0,11,31,0,38,0
21-06 06:30:16,78.735,18.247,2.500,0,0,1801616,462788,176448,5476068,39516.438,35419.222,0,755.855,0,52.990,8655,10311,2.550,1.310,0.650,7,0,436.916,0,0,11,31,0,38,0
21-06 06:30:17,85.007,13.751,1.000,0,0,1773768,490408,176452,5476276,23567.067,18914.659,0,512.045,0,34.003,7504,7638,2.550,1.310,0.650,6,0,232.020,0,0,11,28,0,39,0
21-06 06:30:18,81.239,13.955,4.735,0,0,1696600,567556,176452,5476296,18715.929,15198.220,0,3.987,0,0.997,5698,4722,2.550,1.310,0.650,5,0,101.674,0,0,11,31,0,37,0
21-06 06:30:19,77.987,10.281,11.284,0,0,1609232,654708,176452,5476508,35170.706,30412.270,0,8.024,0,2.006,7727,10864,2.660,1.350,0.670,4,0,113.344,0,0,11,30,0,40,0
21-06 06:30:20,31.479,18.488,48.968,0,0,1527280,736596,176452,5476568,19602.213,15668.779,0,11.992,0,2.998,8383,10418,2.660,1.350,0.670,2,0,535.651,0,0,11,28,0,42,0
21-06 06:30:21,40.999,34.250,24.500,0,0,1505664,758168,176452,5476612,5584.927,1565.980,0,47.999,0,12.000,6444,6016,2.660,1.350,0.670,6,0,936.988,0,0,11,28,0,42,0
21-06 06:30:22,77.025,10.003,13.504,0,0,1658224,605584,176452,5476636,14526.771,12196.005,0,328.108,0,15.005,5014,3209,2.660,1.350,0.670,3,0,17.006,0,0,11,31,0,42,0
21-06 06:30:23,64.254,11.501,22.501,0,0,1653484,610104,176460,5476840,26118.667,22408.430,0,592.038,0,59.004,8473,20039,2.660,1.350,0.670,4,0,136.009,0,0,11,29,0,46,0
21-06 06:30:24,79.727,15.995,4.499,0,0,1586088,677452,176464,5476884,7909.727,4673.657,0,363.895,0,29.991,5363,3551,2.770,1.400,0.680,4,0,167.952,0,0,11,29,0,47,0
21-06 06:30:25,69.243,8.499,21.498,0,0,1664888,598604,176464,5476932,30943.703,27390.082,0,3463.631,0,122.987,6549,8574,2.770,1.400,0.680,3,0,0,0,0,11,32,0,47,0
21-06 06:30:26,55.880,6.237,36.422,0,0,1647448,615632,176468,5477332,43667.071,37921.430,0,271.416,0,22.951,13310,20925,2.770,1.400,0.680,3,0,8.981,0,0,11,31,0,46,0
21-06 06:30:27,79.418,13.028,6.263,0,0,1516700,746324,176476,5477376,16271.481,10946.196,0,521.104,0,56.119,7186,8123,2.770,1.400,0.680,4,0,111.236,0,0,11,28,0,46,0
21-06 06:30:28,73.553,8.256,18.764,0,0,1652356,610652,176476,5477388,22048.958,18620.476,0,188.136,0,10.007,5458,4639,2.770,1.400,0.680,3,0,0,0,0,11,32,0,46,0
21-06 06:30:29,54.963,5.496,38.224,0,0,1652084,610652,176480,5477644,41434.331,36260.785,0,175.883,0,9.993,12723,18654,2.790,1.420,0.700,6,0,0,0,0,11,32,0,46,0
21-06 06:30:30,67.807,10.259,20.767,0,0,1600932,661584,176484,5477856,31478.300,26469.115,0,152.127,0,11.009,9323,13025,2.790,1.420,0.700,4,0,150.125,0,0,11,28,0,49,0
21-06 06:30:31,81.749,14.500,4.000,0.250,0,1606624,655860,176488,5477884,8839.852,5529.908,0,151.997,0,9.000,4854,2569,2.790,1.420,0.700,4,0,109.998,0,0,11,29,0,49,0
21-06 06:30:32,64.417,6.991,27.714,0,0,1658760,603508,176488,5478096,36597.653,32505.947,0,139.819,0,9.987,7888,11834,2.790,1.420,0.700,2,0,0.999,0,0,11,32,0,49,0
21-06 06:30:33,71.829,12.263,15.767,0,0,1543728,718456,176488,5478180,22728.980,19012.896,0,348.383,0,32.035,8698,11487,2.790,1.420,0.700,4,0,98.108,0,0,11,28,0,51,0
21-06 06:30:34,76.318,11.971,10.974,0,0,1634828,627208,176492,5478316,10920.984,8404.978,0,111.734,0,7.981,4706,2272,2.730,1.430,0.700,3,0,35.914,0,0,11,31,0,49,0
21-06 06:30:35,69.067,10.010,20.270,0.500,0,1620980,641004,176500,5478360,27058.303,23672.011,0,464.451,0,50.049,7050,9458,2.730,1.430,0.700,3,0,121.118,0,0,11,32,0,51,0
21-06 06:30:36,77.174,10.989,10.989,0,0,1654628,607124,176508,5478576,28072.244,22412.839,0,191.810,0,15.984,7566,10820,2.730,1.430,0.700,3,0,59.941,0,0,11,32,1,53,0
21-06 06:30:37,74.679,12.029,13.282,0,0,1617048,644652,176508,5478624,20641.577,17248.427,0,148.356,0,8.019,5165,6012,2.730,1.430,0.700,3,0,82.197,0,0,11,33,0,54,0
21-06 06:30:38,72.427,10.489,15.984,0,0,1645212,616452,176508,5478640,24553.420,19664.315,0,263.736,0,10.989,6348,7447,2.730,1.430,0.700,4,0,87.912,0,0,11,33,0,55,0
21-06 06:30:39,81.247,11.000,8.000,0,0,1650276,611224,176508,5478804,13304.496,10125.616,0,127.995,0,8.000,5232,3764,2.830,1.480,0.720,3,0,67.997,0,0,11,34,0,56,0
21-06 06:30:40,67.277,8.503,23.509,0,0,1625372,636064,176516,5478856,29568.882,25613.292,0,220.088,0,24.010,5742,8179,2.830,1.480,0.720,3,0,38.015,0,0,11,35,0,57,0
21-06 06:30:41,55.971,13.493,29.735,0,0,1503508,757876,176540,5478884,10216.711,6034.876,0,1859.038,0,46.976,5376,5102,2.830,1.480,0.720,3,0,219.886,0,0,11,32,0,60,0
21-06 06:30:42,62.039,7.004,30.769,0,0,1604536,656840,176540,5478892,10641.606,8058.002,0,4.002,0,1.001,3696,1848,2.830,1.480,0.720,2,0,1.001,0,0,11,34,0,58,0
21-06 06:30:43,51.987,8.248,39.240,0.250,0,1596544,664460,176552,5479248,29255.685,25398.649,0,991.752,0,61.985,7361,10326,2.830,1.480,0.720,2,0,95.976,0,0,11,33,0,60,0
21-06 06:30:44,62.989,11.748,24.246,0,0,1569412,691564,176556,5479268,5895.016,2456.590,0,115.981,0,6.999,4410,2648,2.840,1.500,0.740,4,0,85.986,0,0,11,32,0,61,0
21-06 06:30:45,50.546,5.505,43.539,0,0,1606248,654528,176556,5479468,23970.684,20532.573,0,68.062,0,6.005,4847,5607,2.840,1.500,0.740,4,0,0,0,0,11,35,0,61,0
21-06 06:30:46,38.754,10.251,49.756,0,0,1505832,754892,176560,5479508,18710.162,14720.701,0,600.069,0,85.010,7662,9275,2.840,1.500,0.740,2,0,169.020,0,0,11,32,0,58,0
21-06 06:30:47,41.611,7.973,49.833,0,0,1581248,679468,176560,5479516,6327.856,3574.058,0,111.627,0,5.980,3127,1769,2.840,1.500,0.740,1,0,51.827,0,0,11,33,0,58,0
21-06 06:30:48,34.519,4.502,60.783,0,0,1574796,685716,176564,5479720,20213.970,16402.902,0,500.271,0,54.029,5386,6807,2.840,1.500,0.740,3,0,0,0,0,11,33,0,59,0
21-06 06:30:49,40.366,10.781,48.389,0.251,0,1488460,772036,176568,5479732,5294.219,2285.570,0,164.473,0,10.029,3799,2593,2.770,1.510,0.740,2,0,138.398,0,0,11,32,0,60,0
21-06 06:30:50,37.375,4.236,57.558,0,0,1523408,737064,176572,5479748,13935.496,11663.079,0,207.308,0,20.930,3254,2675,2.770,1.510,0.740,2,0,0,0,0,11,34,0,60,0
21-06 06:30:51,36.366,7.775,54.675,0.502,0,1468944,791492,176580,5479776,12606.337,8329.653,0,1043.338,0,79.254,5030,5634,2.770,1.510,0.740,2,0,65.209,0,0,11,32,0,60,0
21-06 06:30:52,40.621,5.732,52.583,0,0.249,1520948,739484,176580,5479780,11005.111,6420.645,0,51.836,0,6.978,3127,2011,2.770,1.510,0.740,3,0,0.997,0,0,11,33,0,60,0
21-06 06:30:53,36.080,4.259,58.630,0,0,1422840,837544,176580,5479828,21059.873,17413.758,0,180.402,0,7.016,5593,6850,2.770,1.510,0.740,2,0,9.020,0,0,11,33,0,61,0
21-06 06:30:54,40.678,7.736,49.912,0.250,0,1467816,792540,176588,5479844,6613.374,2733.195,0,275.516,0,25.954,3759,2896,2.710,1.520,0.750,2,0,38.932,0,0,11,32,0,62,0
21-06 06:30:55,36.331,4.510,59.383,0,0,1522044,738168,176588,5479988,17684.588,14381.193,0,112.251,0,8.018,3835,3788,2.710,1.520,0.750,4,0,0,0,0,11,34,0,61,0
21-06 06:30:56,31.263,12.005,55.273,0.250,0,1408672,851380,176604,5480128,15063.187,11028.530,0,4297.765,0,190.078,6919,7864,2.710,1.520,0.750,1,0,282.116,0,0,11,32,0,63,0
21-06 06:30:57,20.686,2.741,76.014,0,0,1430856,829196,176604,5480124,6287.473,3413.399,0,183.430,0,8.972,1724,1195,2.710,1.520,0.750,0,0,0,0,0,11,33,0,63,0
21-06 06:30:58,16.300,2.257,80.248,0,0,1427268,832756,176608,5480148,13810.622,10172.394,0,617.907,0,42.130,3437,4325,2.710,1.520,0.750,0,0,0,0,0,11,33,0,63,0
21-06 06:30:59,16.989,10.493,71.454,0.250,0,1422132,837880,176612,5480156,5827.237,1708.897,0,67.956,0,9.994,3893,3229,2.570,1.510,0.750,1,0,283.817,0,0,11,32,0,58,0
21-06 06:31:00,18.708,2.494,78.075,0,0,1467944,792056,176612,5480168,9675.319,6583.248,0,3.991,0,0.998,1851,1533,2.570,1.510,0.750,3,0,0,0,0,11,33,0,58,0
21-06 06:31:01,19.539,3.758,75.652,0,0,1435960,824016,176616,5480184,11588.285,7380.831,0,320.644,0,16.032,3509,3896,2.570,1.510,0.750,1,0,32.064,0,0,11,32,0,59,0
21-06 06:31:02,21.762,4.002,73.540,0.250,0,1494600,765376,176616,5480184,4894.679,1512.828,0,116.064,0,8.004,2057,1555,2.570,1.510,0.750,1,0,15.008,0,0,11,32,0,59,0
21-06 06:31:03,17.706,2.244,78.055,0,0,1486888,772940,176616,5480332,13778.503,10317.169,0,0,0,0,3219,3717,2.570,1.510,0.750,2,0,0,0,0,11,33,0,57,0
21-06 06:31:04,17.547,8.773,72.192,0.501,0,1386796,872904,176652,5480424,11322.092,6945.460,0,2181.799,0,145.386,5324,6007,2.610,1.540,0.760,3,0,147.392,0,0,11,32,0,57,0
21-06 06:31:05,12.971,23.447,61.610,0,0,1383552,876040,176664,5480516,4789.114,1616.326,0,327.256,0,21.950,6163,4840,2.610,1.540,0.760,2,0,477.914,0,0,11,32,0,59,0
21-06 06:31:06,44.481,6.247,48.730,0,0,1462864,796184,176668,5481044,5104.854,1659.303,0,451.810,0,12.995,2919,1607,2.610,1.540,0.760,6,0,0,0,0,11,32,0,59,0
21-06 06:31:07,37.571,7.264,46.588,7.765,0,1523084,729940,177196,5486028,4961.341,1514.852,0,21524.524,0,1783.358,10607,17592,2.610,1.540,0.760,3,1,83.157,0,0,11,36,0,54,0
21-06 06:31:08,36.007,7.751,41.258,11.752,0,1532828,715616,178284,5489236,4978.939,1566.295,0,46116.697,0,3909.737,15936,30422,2.610,1.540,0.760,3,0,82.015,0,0,11,36,0,54,0
21-06 06:31:09,43.285,6.756,45.037,3.753,0,1540400,708320,178436,5488768,4835.951,1513.236,0,18487.106,0,1475.205,7222,11461,2.560,1.540,0.770,4,0,13.011,0,0,11,32,0,54,0
21-06 06:31:10,42.731,6.247,47.229,2.249,0,1554316,694208,178532,5488868,3032.659,593.738,0,4086.194,0,627.723,5894,7937,2.560,1.540,0.770,2,0,1.999,0,0,11,34,0,54,0
21-06 06:31:11,37.509,8.752,44.260,8.002,0,1486732,761240,178652,5489288,5662.290,1404.320,0,17924.083,0,2300.524,12997,22526,2.560,1.540,0.770,2,0,33.008,0,0,11,32,0,49,0
21-06 06:31:12,23.647,5.476,69.447,0.498,0,1480684,767276,178664,5489300,5601.538,1559.191,0,3070.590,0,143.374,2788,2549,2.560,1.540,0.770,1,0,68.700,0,0,11,32,0,49,0
21-06 06:31:13,22.518,3.503,71.807,0.751,0,1532920,715008,178688,5489304,6156.885,1513.201,0,5884.669,0,305.242,2403,2576,2.560,1.540,0.770,1,0,2.002,0,0,11,32,0,49,0
21-06 06:31:14,23.474,2.997,72.669,0,0,1432920,814980,178688,5489332,5260.156,1564.262,0,115.871,0,16.981,1842,1228,2.430,1.530,0.770,2,0,0.999,0,0,11,32,0,49,0
21-06 06:31:15,22.769,2.752,73.561,0,0,1499332,748568,178688,5489332,5662.663,1459.202,0,0,0,0,1834,1285,2.430,1.530,0.770,1,0,0,0,0,11,32,0,47,0
21-06 06:31:16,22.779,3.505,73.595,0,0,1484364,763520,178688,5489344,5215.725,1513.952,0,0,0,0,1782,1132,2.430,1.530,0.770,3,0,3.004,0,0,11,32,0,47,0
21-06 06:31:17,22.241,3.499,73.219,0.250,0,1481516,766368,178688,5489344,5683.576,1565.332,0,1047.553,0,135.942,1901,1349,2.430,1.530,0.770,4,0,0,0,0,11,32,0,47,0
21-06 06:31:18,22.750,3.000,73.501,0,0.250,1464384,783460,178688,5489372,5160.087,1620.027,0,8.000,0,2.000,1753,1139,2.430,1.530,0.770,1,0,3.000,0,0,11,32,0,47,0
21-06 06:31:19,21.506,3.751,73.269,0.250,0,1458992,788800,178688,5489424,5761.506,1620.423,0,1812.474,0,209.055,1946,1300,2.320,1.520,0.770,1,0,2.001,0,0,11,32,0,44,0
21-06 06:31:20,22.750,3.000,73.498,0,0,1494724,753060,178688,5489424,5339.885,1619.965,0,219.995,0,2.000,1798,1201,2.320,1.520,0.770,1,0,0,0,0,11,32,0,44,0
21-06 06:31:21,22.493,3.749,73.228,0,0,1420776,826928,178688,5489512,5115.468,1619.515,0,407.878,0,29.991,2059,1753,2.320,1.520,0.770,2,0,1.000,0,0,11,32,0,44,0
21-06 06:31:22,22.758,3.501,73.526,0,0,1474680,773000,178688,5489536,5193.860,1512.542,0,100.036,0,4.001,1870,1363,2.320,1.520,0.770,1,0,2.001,0,0,11,32,0,44,0
21-06 06:31:23,26.500,6.500,66.000,0,0,1503036,744640,178688,5489536,4680.010,1620.004,0,0,0,0,2732,6787,2.320,1.520,0.770,3,0,38.000,0,0,11,32,0,39,0
21-06 06:31:24,22.745,3.249,73.733,0,0,1471516,776108,178688,5489556,4664.913,1565.635,0,27.993,0,4.999,1761,1210,2.210,1.520,0.770,2,0,1.000,0,0,11,32,0,39,0
21-06 06:31:25,22.752,2.500,73.508,0,0,1490012,757572,178688,5489596,4412.477,1512.164,0,0,0,0,1694,1114,2.210,1.520,0.770,2,0,1.000,0,0,11,32,0,39,0
21-06 06:31:26,22.001,3.500,73.753,0,0,1492044,755536,178688,5489596,4503.165,1566.057,0,0,0,0,1738,1185,2.210,1.520,0.770,3,0,2.000,0,0,11,32,0,39,0
21-06 06:31:27,18.801,7.520,73.197,0,0,1469508,777932,178688,5489736,4456.002,1407.792,0,0,0,0,2860,2121,2.210,1.520,0.770,1,0,133.359,0,0,11,32,0,37,0
21-06 06:31:28,8.752,21.754,68.512,0,0,1458000,789388,178688,5489780,3454.612,594.105,0,1104.196,0,14.002,6344,5112,2.210,1.520,0.770,1,0,525.093,0,0,11,32,0,37,0
21-06 06:31:29,7.999,21.747,69.239,0,0,1451800,795520,178688,5489816,4679.285,1619.753,0,391.940,0,5.999,6180,4763,2.120,1.510,0.780,1,0,467.929,0,0,11,32,0,37,0
21-06 06:31:30,14.749,11.999,72.243,0,0,1492248,755052,178688,5489836,4397.587,1457.863,0,4.000,0,1.000,4085,3237,2.120,1.510,0.780,1,0,242.977,0,0,11,32,0,37,0
21-06 06:31:31,21.709,3.743,73.113,0.499,0,1528724,718580,178688,5489832,5125.398,1455.274,0,527.013,0,33.936,2054,1722,2.120,1.510,0.780,1,0,1.996,0,0,11,32,0,33,0
21-06 06:31:32,22.735,3.997,73.202,0,0,1499928,747360,178688,5489848,5226.569,1618.937,0,83.945,0,6.995,1908,1349,2.120,1.510,0.780,1,0,1.999,0,0,11,32,0,33,0
21-06 06:31:33,22.501,3.250,73.254,0,0,1508988,738320,178688,5489828,4638.272,1458.085,0,616.036,0,108.006,1921,1348,2.120,1.510,0.780,1,0,4.000,0,0,11,32,0,33,0
21-06 06:31:34,22.748,4.250,72.494,0,0,1504656,742620,178688,5489848,4917.607,1457.883,0,43.996,0,4.000,1962,1358,2.030,1.500,0.780,2,0,6.999,0,0,11,32,0,33,0
21-06 06:31:35,21.995,2.999,73.983,0,0,1551152,696136,178688,5489836,4558.978,1619.637,0,0,0,0,1753,1156,2.030,1.500,0.780,4,0,2.000,0,0,11,32,0,33,0
21-06 06:31:36,23.005,3.251,73.514,0,0,1527200,720076,178688,5489848,4775.937,1458.286,0,16.003,0,2.000,1780,1156,2.030,1.500,0.780,3,0,1.000,0,0,11,32,0,29,0
21-06 06:31:37,22.254,3.501,73.514,0,0.250,1552056,695244,178688,5489824,5170.981,1620.307,0,0,0,0,1784,1140,2.030,1.500,0.780,4,0,2.000,0,0,11,32,0,29,0
21-06 06:31:38,22.751,2.750,73.504,0,0,1515960,731316,178688,5489848,4680.286,1620.099,0,144.009,0,29.002,1727,1113,2.030,1.500,0.780,3,0,1.000,0,0,11,32,0,29,0
21-06 06:31:39,21.739,3.998,73.712,0,0,1516268,731016,178688,5489840,5097.340,1619.155,0,2162.871,0,13.993,1780,1238,2.020,1.510,0.780,2,0,1.999,0,0,11,32,0,29,0
21-06 06:31:40,22.515,3.252,73.798,0,0,1491488,755784,178688,5489852,4623.033,1621.063,0,12.008,0,1.001,1764,1163,2.020,1.510,0.780,1,0,1.001,0,0,11,32,0,23,0
21-06 06:31:41,21.988,4.498,72.712,0.250,0,1513840,733448,178692,5489832,5534.087,1619.148,0,459.758,0,27.985,2082,1690,2.020,1.510,0.780,3,0,1.999,0,0,11,32,0,23,0
21-06 06:31:42,22.754,2.751,73.515,0,0,1493728,753560,178692,5489832,4638.915,1458.288,0,80.016,0,7.001,1811,1155,2.020,1.510,0.780,2,0,2.000,0,0,11,32,0,23,0
21-06 06:31:43,22.225,3.995,73.417,0,0,1484880,762468,178692,5489772,4794.577,1660.122,0,0,0,0,1817,1259,2.020,1.510,0.780,2,0,1.998,0,0,11,32,0,23,0
21-06 06:31:44,23.275,2.753,73.329,0,0,1520744,726604,178692,5489772,4582.928,1459.569,0,216.232,0,30.032,1710,1111,1.940,1.500,0.790,2,0,0,0,0,11,32,0,16,0
21-06 06:31:45,23.005,3.001,74.015,0,0,1474244,773028,178692,5489848,4800.951,1620.321,0,0,0,0,1792,1274,1.940,1.500,0.790,1,0,1.000,0,0,11,32,0,16,0
21-06 06:31:46,21.996,3.249,73.486,0,0,1460848,786432,178692,5489840,4784.097,1457.725,0,11.998,0,1.000,1785,1266,1.940,1.500,0.790,1,0,2.000,0,0,11,32,0,16,0
21-06 06:31:47,22.254,3.501,73.765,0,0,1499140,748140,178692,5489840,4740.956,1620.327,0,0,0,0,1778,1136,1.940,1.500,0.790,1,0,2.000,0,0,11,32,0,16,0
21-06 06:31:48,22.496,3.499,73.487,0,0,1487800,759480,178692,5489840,4587.175,1457.738,0,83.985,0,3.999,1745,1229,1.940,1.500,0.790,2,0,1.000,0,0,11,32,0,13,0
21-06 06:31:49,23.508,2.251,73.524,0,0,1499284,747996,178692,5489840,4459.442,1500.485,0,132.043,0,3.001,1737,1131,1.870,1.490,0.790,1,0,1.000,0,0,11,32,0,13,0
21-06 06:31:50,22.504,3.251,74.012,0,0,1504420,742848,178692,5489852,4620.750,1620.263,0,8.001,0,1.000,1709,1222,1.870,1.490,0.790,3,0,0,0,0,11,32,0,13,0
21-06 06:31:51,22.491,3.249,73.222,0,0,1538656,708612,178692,5489852,4413.302,1457.439,0,407.843,0,27.989,1838,1446,1.870,1.490,0.790,2,0,1.999,0,0,11,32,0,13,0
21-06 06:31:52,10.267,20.784,68.362,0.250,0,1460880,786328,178692,5489912,5667.254,1460.385,0,304.497,0,14.023,5629,4302,1.870,1.490,0.790,1,0,428.700,0,0,11,32,0,9,0
21-06 06:31:53,21.212,4.492,73.618,0,0,1483164,764028,178692,5489928,6228.827,1617.099,0,0,0,0,2084,1531,1.870,1.490,0.790,1,0,32.941,0,0,11,32,0,9,0
21-06 06:31:54,23.557,2.506,74.179,0,0,1479496,767436,178692,5490172,5172.516,1623.930,0,148.359,0,33.080,1735,975,1.800,1.480,0.790,2,0,7.017,0,0,11,32,0,9,0
21-06 06:31:55,20.703,4.240,73.084,0,0,1545644,701288,178692,5490172,4848.963,1616.321,0,399.092,0,68.843,1839,1265,1.800,1.480,0.790,2,0,1.995,0,0,11,32,0,9,0
21-06 06:31:56,20.027,9.513,70.344,0.250,0,1523812,722956,178692,5490336,5243.982,1622.160,40.053,0,2.003,0,3112,2197,1.800,1.480,0.790,3,0,180.240,0,0,11,32,0,6,0
21-06 06:31:57,8.247,21.492,68.725,0,0,1505324,741408,178692,5490368,5158.139,1619.416,0,331.880,0,8.997,6111,4640,1.800,1.480,0.790,2,0,457.835,0,0,11,32,0,6,0
21-06 06:31:58,7.263,23.042,68.375,0,0,1494088,752616,178692,5490396,4826.858,1460.680,0,208.382,0,4.007,6255,4822,1.800,1.480,0.790,1,0,505.928,0,0,11,32,0,6,0
21-06 06:31:59,8.503,22.008,68.274,0,0,1484856,761816,178692,5490424,4981.750,1620.569,0,704.247,0,8.003,6289,4955,1.730,1.470,0.790,1,0,517.182,0,0,11,32,0,6,0
21-06 06:32:00,8.741,22.226,67.676,0,0,1466380,780260,178692,5490452,4393.227,1456.418,0,1570.294,0,47.948,6460,5239,1.730,1.470,0.790,1,0,556.396,0,0,11,32,0,4,0
21-06 06:32:01,8.008,21.772,69.320,0,0,1447808,798784,178696,5490492,5242.258,1621.626,0,1565.570,0,51.051,6626,5698,1.730,1.470,0.790,1,0,549.551,0,0,11,32,0,4,0
21-06 06:32:02,8.746,20.742,69.472,0,0,1453260,793296,178696,5490528,5125.935,1457.413,0,279.887,0,11.995,6158,4941,1.730,1.470,0.790,1,0,490.802,0,0,11,32,0,4,0
21-06 06:32:03,8.253,22.007,68.271,0,0.250,1446040,800484,178696,5490560,5521.694,1620.497,0,244.075,0,13.004,6240,4991,1.730,1.470,0.790,1,0,520.160,0,0,11,32,0,4,0
21-06 06:32:04,9.749,20.248,68.492,0,0,1376088,870384,178704,5490596,4997.428,1457.833,0,143.984,0,9.999,6098,4715,1.830,1.500,0.800,2,0,467.946,0,0,11,32,0,3,0
21-06 06:32:05,28.756,30.006,40.258,0,0,1409536,836852,178712,5490636,5179.055,1458.297,0,1628.332,0,188.038,7341,6866,1.830,1.500,0.800,5,0,813.166,0,0,11,34,0,8,0
21-06 06:32:06,65.093,9.976,24.192,0.499,0,1598668,646872,178712,5491408,5306.201,1548.266,0,430.961,0,21.947,3795,1907,1.830,1.500,0.800,3,0,7.981,0,0,11,32,0,9,0
21-06 06:32:07,56.740,10.748,22.996,8.748,0,1673284,562508,179228,5499636,5159.084,1619.712,371.934,44020.180,2.999,3186.434,13507,25137,1.830,1.500,0.800,3,0,69.988,0,0,11,34,0,10,0
21-06 06:32:08,39.054,12.017,33.547,12.517,0,1711712,512824,180008,5509620,4524.291,1460.030,0,81297.045,0,5785.044,21132,42245,1.830,1.500,0.800,5,0,172.240,0,0,11,36,0,8,0
21-06 06:32:09,39.798,10.513,34.291,12.765,0,1730160,483580,180348,5519688,9482.394,7149.591,0,94429.465,0,6950.351,22289,46216,2.170,1.570,0.830,4,0,60.072,0,0,11,37,0,8,0
21-06 06:32:10,40.490,15.996,32.992,9.498,0,1602076,603500,180600,5527336,8797.905,5363.723,0,57458.316,0,4521.923,18634,34984,2.170,1.570,0.830,4,0,302.928,0,0,11,34,0,9,0
21-06 06:32:11,46.494,20.747,22.997,6.249,0,1619236,579100,181828,5532956,5836.189,1619.775,295.959,34503.204,3.999,2649.632,14409,27966,2.170,1.570,0.830,6,0,195.973,0,0,11,34,0,9,0
21-06 06:32:12,36.208,15.232,35.958,9.739,0,1643332,552652,181096,5535920,15134.481,11114.135,1598.150,61861.394,26.969,4605.669,19515,37297,2.170,1.570,0.830,3,0,219.746,0,0,11,35,0,9,0
21-06 06:32:13,32.454,6.990,46.683,9.986,0,1634448,557796,181232,5539428,16352.646,11445.654,0,58564.360,0,4548.504,19446,37216,2.170,1.570,0.830,4,0,56.919,0,0,11,34,0,9,0
21-06 06:32:14,36.549,9.513,40.804,11.015,0,1588024,604844,181336,5538696,5413.189,1772.354,0,42232.083,0,3690.901,14833,28862,2.230,1.600,0.840,4,1,54.072,0,0,11,34,0,9,0
21-06 06:32:15,31.985,7.746,43.980,12.994,0,1620188,571580,181512,5539576,10120.389,6648.970,0,61999.749,0,5041.703,18421,36283,2.230,1.600,0.840,2,0,38.982,0,0,11,35,0,9,0
21-06 06:32:16,34.846,6.471,47.789,8.712,0,1614672,574944,181612,5541596,16610.733,12681.066,0,33038.275,0,3107.294,15930,28685,2.230,1.600,0.840,7,0,32.855,0,0,11,35,0,9,0
21-06 06:32:17,34.461,11.068,40.498,11.319,0,1561316,626368,181740,5543348,9492.067,5761.244,0,49897.240,0,3877.722,16063,30768,2.230,1.600,0.840,2,1,113.696,0,0,11,34,0,10,0
21-06 06:32:18,32.394,7.725,44.853,12.459,0,1623504,561140,181772,5546276,6531.605,3657.021,0,35639.260,0,3213.474,13546,26205,2.230,1.600,0.840,2,0,47.843,0,0,11,37,0,10,0
21-06 06:32:19,30.848,7.524,46.898,11.536,0,1616144,565824,181828,5548832,16038.707,11316.778,0,46013.473,0,3864.217,17908,33818,2.300,1.620,0.850,2,0,51.162,0,0,11,37,0,10,0
21-06 06:32:20,30.240,8.747,45.735,12.246,0,1582124,597076,181892,5551428,12652.925,8952.117,0,39675.223,0,3428.896,16628,31101,2.300,1.620,0.850,2,1,107.965,0,0,11,36,0,10,0
21-06 06:32:21,32.981,10.244,38.728,14.991,0,1642424,533592,181988,5554432,5142.014,1457.154,0,53980.656,0,4416.436,15932,32707,2.300,1.620,0.850,4,0,59.965,0,0,11,36,0,10,0
21-06 06:32:22,30.533,8.009,47.551,12.013,0,1643268,535568,182040,5551516,14935.958,10966.717,0,39634.345,0,3605.852,16726,32110,2.300,1.620,0.850,1,1,16.017,0,0,11,37,0,10,0
21-06 06:32:23,31.189,7.921,44.556,12.129,0,1635428,543228,182056,5553068,15958.868,12020.143,0,55961.983,0,4181.307,18739,37794,2.300,1.620,0.850,2,2,54.457,0,0,11,36,0,11,0
21-06 06:32:24,41.680,9.852,42.186,6.063,0,1500956,677308,182076,5552052,4696.485,1473.209,0,25208.240,0,2007.727,10340,23049,2.270,1.630,0.860,2,0,93.970,0,0,11,32,0,13,0
21-06 06:32:25,22.932,8.475,68.047,0.249,0,1523504,654712,182076,5552096,10521.610,7100.816,0,3062.862,0,175.476,4071,3973,2.270,1.630,0.860,3,0,196.414,0,0,11,33,0,12,0
21-06 06:32:26,20.296,4.761,74.167,0,0,1516004,662200,182076,5552108,8321.691,4582.292,0,2565.763,0,204.459,3229,3335,2.270,1.630,0.860,1,0,34.077,0,0,11,32,0,13,0
21-06 06:32:27,19.458,2.744,76.336,0.249,0,1506708,671488,182076,5552116,10306.884,6476.104,0,1125.585,0,61.867,2101,1848,2.270,1.630,0.860,1,0,0,0,0,11,33,0,13,0
21-06 06:32:28,18.499,5.500,74.745,0.750,0,1447264,730700,182076,5552380,6879.575,3297.796,0,4119.745,0,240.985,3268,3517,2.270,1.630,0.860,1,0,60.996,0,0,11,32,0,14,0
21-06 06:32:29,19.744,2.999,76.229,0,0,1502228,675732,182076,5552380,7366.936,3584.995,0,135.962,0,11.997,1746,1275,2.170,1.620,0.860,0,0,0,0,0,11,33,0,14,0
21-06 06:32:30,20.257,2.251,76.027,0.250,0,1493860,683984,182076,5552496,14069.937,10130.555,0,400.140,0,41.014,3683,4318,2.170,1.620,0.860,2,0,0,0,0,11,32,0,15,0
21-06 06:32:31,20.489,5.997,73.210,0,0,1466676,711168,182076,5552496,4966.265,1511.168,0,0,0,0,2130,1476,2.170,1.620,0.860,1,0,42.976,0,0,11,32,0,15,0
21-06 06:32:32,17.759,2.251,78.540,0,0,1479624,698084,182076,5552632,12162.214,8527.357,0,132.067,0,10.005,2731,2957,2.170,1.620,0.860,2,0,1.001,0,0,11,33,0,15,0
21-06 06:32:33,13.287,10.279,75.212,0.251,0,1430548,747116,182076,5552688,8914.103,5556.648,0,517.457,0,41.116,4425,4349,2.170,1.620,0.860,1,0,182.514,0,0,11,32,0,16,0
21-06 06:32:34,20.736,24.484,54.214,0.250,0,1417652,759684,182076,5553012,5256.486,1618.918,0,743.503,0,57.961,6807,5951,2.320,1.660,0.880,3,0,620.585,0,0,11,32,0,22,0
21-06 06:32:35,64.004,12.001,23.752,0,0,1568876,607772,182084,5553692,3922.260,1242.082,0,388.026,0,21.001,3910,1729,2.320,1.660,0.880,4,0,3.000,0,0,11,32,0,22,0
21-06 06:32:36,64.709,10.243,23.985,0,0,1707116,466460,182200,5556368,4582.065,1187.240,0,3725.614,0,121.922,4109,1886,2.320,1.660,0.880,4,0,0,0,0,11,32,0,22,0
21-06 06:32:37,57.036,6.754,30.019,4.753,0,1796628,369300,182332,5563332,4891.086,1458.921,0,17915.305,0,1267.800,8994,12636,2.320,1.660,0.880,2,1,84.053,0,0,11,38,0,22,0
21-06 06:32:38,24.227,7.743,48.454,17.484,0,1795344,358464,182452,5574892,5680.663,1564.530,0,91222.296,0,6437.952,23985,48017,2.320,1.660,0.880,2,2,215.797,0,0,11,38,0,22,0
21-06 06:32:39,21.535,8.514,50.331,17.027,0,1795244,349404,182512,5583684,3982.404,757.218,0,107865.469,0,7722.419,26143,52322,2.450,1.700,0.900,0,2,186.300,0,0,11,38,0,22,0
21-06 06:32:40,34.657,9.475,38.646,14.711,0,1702128,433704,182568,5592176,4629.592,1238.680,0,58455.330,0,4474.009,19141,35957,2.450,1.700,0.900,2,2,245.342,0,0,11,36,0,22,0
21-06 06:32:41,39.087,10.524,34.076,13.530,0,1722136,406612,182616,5598924,4980.133,1515.388,0,76879.869,0,5125.458,19151,37496,2.450,1.700,0.900,4,0,94.211,0,0,11,36,0,22,0
21-06 06:32:42,39.760,8.002,34.259,15.754,0,1784376,332804,182652,5610008,4893.286,1512.397,0,83461.928,0,5647.484,16906,36593,2.450,1.700,0.900,2,0,3.001,0,0,11,36,0,22,0
21-06 06:32:43,30.740,9.747,40.237,15.995,0,1744696,367220,182664,5615016,5246.324,1499.521,0,79518.597,0,5777.154,19395,39547,2.450,1.700,0.900,0,1,128.959,0,0,11,36,0,22,0
21-06 06:32:44,27.228,6.245,48.711,14.988,0,1739140,369236,182684,5618428,4588.331,1510.792,0,63461.254,0,4948.043,18182,36019,2.580,1.730,0.910,5,0,89.928,0,0,11,36,0,22,0
21-06 06:32:45,29.180,10.974,56.615,2.245,0,1451520,656824,182684,5618460,4521.212,1508.401,0,11919.559,0,733.250,5321,6036,2.580,1.730,0.910,1,0,248.407,0,0,11,32,0,22,0
21-06 06:32:46,22.265,4.003,73.050,0.250,0,1505440,602904,182684,5618460,4700.203,1621.105,0,1008.687,0,62.042,2016,1679,2.580,1.730,0.910,1,0,1.001,0,0,11,32,0,22,0
21-06 06:32:47,23.499,2.750,72.247,0.750,0,1547940,560396,182684,5618468,4545.791,1565.928,0,3055.860,0,180.992,2402,2420,2.580,1.730,0.910,1,0,2.000,0,0,11,36,0,22,0
21-06 06:32:48,21.251,4.250,73.255,0,0,1514320,594008,182684,5618476,4920.304,1620.100,0,112.007,0,10.001,2338,1693,2.580,1.730,0.910,2,0,27.002,0,0,11,32,0,22,0
21-06 06:32:49,22.744,3.499,73.481,0,0,1559108,549220,182684,5618476,4544.801,1607.576,0,35.991,0,3.999,1764,1194,2.450,1.720,0.910,2,0,1.000,0,0,11,32,0,22,0
21-06 06:32:50,23.481,1.998,73.190,0,0,1592008,516312,182684,5618480,4961.940,1564.720,0,107.912,0,14.988,1959,1620,2.450,1.720,0.910,2,0,1.998,0,0,11,34,0,22,0
21-06 06:32:51,17.070,19.581,62.256,0.251,0,1510968,597344,182684,5618488,4808.777,1518.244,0,710.924,0,34.140,4491,3390,2.450,1.720,0.910,3,0,372.532,0,0,11,32,0,22,0
21-06 06:32:52,13.446,38.843,46.810,0,0,1493520,614724,182684,5618556,4268.706,1021.860,0,191.225,0,21.911,7253,6428,2.450,1.720,0.910,2,0,872.465,0,0,11,32,0,22,0
21-06 06:32:53,8.220,21.421,67.749,0.249,0,1478232,630000,182684,5618568,5904.140,1560.223,0,549.964,0,89.668,5176,3252,2.450,1.720,0.910,2,0,313.838,0,0,11,32,0,22,0
21-06 06:32:54,7.791,21.110,69.111,0,0,1470476,637692,182684,5618632,4457.256,1139.948,0,24.126,0,6.031,5092,3438,2.250,1.690,0.910,1,0,292.526,0,0,11,32,0,22,0
21-06 06:32:55,7.998,21.244,68.730,0,0,1451616,656396,182684,5618788,4562.684,1403.595,0,7.998,0,1.999,4992,3327,2.250,1.690,0.910,1,0,263.924,0,0,11,32,0,22,0
21-06 06:32:56,10.025,20.803,67.421,0,0,1432120,675832,182684,5618844,4801.178,1515.845,0,28.071,0,7.018,5168,3510,2.250,1.690,0.910,1,0,268.681,0,0,11,32,0,22,0
21-06 06:32:57,15.945,19.184,62.534,0,0,1433164,674744,182684,5619296,4562.218,1452.974,0,11.959,0,2.990,6136,7580,2.250,1.690,0.910,3,0,220.238,0,0,11,32,0,22,0
21-06 06:32:58,36.774,15.260,47.782,0,0,1485952,621744,182696,5619520,4923.251,1621.070,0,300.198,0,5.003,3914,2636,2.250,1.690,0.910,2,0,131.087,0,0,11,33,0,22,0
21-06 06:32:59,44.097,7.723,47.336,0,0,1595464,512180,182696,5619572,5279.732,1452.973,0,1498.814,0,219.241,2885,1529,2.230,1.700,0.910,5,0,0,0,0,11,33,0,22,0
21-06 06:33:00,49.665,6.271,42.892,0.752,0,1642380,464552,182744,5620232,5538.390,1625.397,0,7436.693,0,373.239,4444,4429,2.230,1.700,0.910,4,0,19.063,0,0,11,49,0,22,0
21-06 06:33:01,28.465,13.733,56.181,0.499,0,1671028,432052,182768,5623652,5548.162,1456.205,0,3383.829,0,191.764,5615,8301,2.230,1.700,0.910,2,0,139.828,0,0,11,48,0,22,0
21-06 06:33:02,13.015,19.273,66.079,0,0,1681036,422008,182772,5623664,5346.358,1621.929,0,296.352,0,17.020,5636,5550,2.230,1.700,0.910,1,0,263.313,0,0,11,48,0,22,0
21-06 06:33:03,10.251,7.751,80.259,0,0,1662924,440088,182772,5623672,5160.601,1620.189,0,124.014,0,13.002,3579,4911,2.230,1.700,0.910,0,0,91.011,0,0,11,48,0,22,0
21-06 06:33:04,0.750,1.000,97.477,0,0,1663148,439864,182772,5623672,4918.823,1619.612,0,91.978,0,9.998,732,1004,2.050,1.670,0.910,0,0,2.999,0,0,11,48,0,22,0
21-06 06:33:05,0.250,0.500,98.250,0,0,1663148,439864,182772,5623672,4965.997,1565.999,0,0,0,0,737,985,2.050,1.670,0.910,0,0,3.000,0,0,11,48,0,22,0
21-06 06:33:06,0.750,0.500,98.272,0,0,1663148,439864,182772,5623672,5722.261,1714.378,0,2676.590,0,96.021,798,992,2.050,1.670,0.910,0,0,1.000,0,0,11,48,0,16,0
21-06 06:33:07,2.995,3.994,91.360,0,0,1628596,474432,182772,5623656,4764.721,1509.694,0,0,0,0,1782,1709,2.050,1.670,0.910,1,0,49.924,0,0,11,48,0,16,0
21-06 06:33:08,19.212,18.713,60.880,0,0,1655176,447700,182772,5623812,4850.473,1616.824,0,0,0,0,5672,7607,2.050,1.670,0.910,1,0,257.494,0,0,11,48,0,16,0
21-06 06:33:09,10.024,16.540,71.423,0,0,1638312,464524,182772,5623836,4047.806,1461.541,0,164.398,0,4.010,4782,3980,1.970,1.660,0.910,1,0,266.646,0,0,12,48,0,16,0
21-06 06:33:10,27.093,19.065,52.430,0.251,0,1652728,450016,182772,5624312,5039.307,1810.217,0,369.268,0,38.131,7121,9722,1.970,1.660,0.910,2,0,282.972,0,0,12,64,0,15,0
21-06 06:33:11,9.225,9.474,79.033,0,0.249,1650452,452292,182772,5623872,5134.870,1507.851,0,817.750,0,42.882,3345,3469,1.970,1.660,0.910,1,0,186.487,0,0,12,64,0,15,0
21-06 06:33:12,10.252,15.503,73.265,0,0,1671736,430960,182772,5624340,5927.180,1566.312,0,20.004,0,4.001,5082,5398,1.970,1.660,0.910,1,0,203.040,0,0,14,64,0,15,0
21-06 06:33:13,15.264,14.013,68.313,0,0,1663420,439268,182772,5623920,5076.692,1513.399,0,24.022,0,5.005,4987,5605,1.970,1.660,0.910,2,0,167.154,0,0,14,66,0,15,0
21-06 06:33:14,7.744,20.985,69.449,0,0,1672180,430464,182772,5623944,4694.580,1498.908,0,15.988,0,3.997,5003,3356,1.890,1.650,0.910,2,0,276.798,0,0,14,66,0,14,0
21-06 06:33:15,9.506,21.013,67.541,0,0,1657356,445128,182772,5624100,4969.022,1651.004,0,5215.172,0,410.250,5475,3829,1.890,1.650,0.910,2,0,301.183,0,0,14,66,0,14,0
21-06 06:33:16,19.244,15.745,64.481,0,0.250,1662936,439528,182772,5624112,4593.612,1457.560,0,171.948,0,7.998,5633,7429,1.890,1.650,0.910,2,0,182.945,0,0,14,66,0,14,0
21-06 06:33:17,26.785,26.535,45.559,0,0,1747008,355404,182784,5624156,5198.770,1513.972,0,120.156,0,5.007,5981,4302,1.890,1.650,0.910,4,0,385.502,0,0,14,66,0,14,0
21-06 06:33:18,28.523,25.021,44.787,0,0,1815576,286364,182840,5624568,4910.041,1567.290,0,304.250,0,10.008,6059,4389,1.890,1.650,0.910,4,0,439.362,0,0,14,66,0,13,0
21-06 06:33:19,27.999,26.750,43.749,0,0,1898016,202732,182860,5625628,4951.910,1511.972,0,20.000,0,5.000,6672,6972,2.060,1.690,0.930,2,0,423.992,0,0,14,70,0,15,0
21-06 06:33:20,33.415,22.692,42.393,0,0.249,1933524,167176,182860,5626012,4488.618,1705.675,0,27.929,0,6.982,6276,6207,2.060,1.690,0.930,2,0,328.168,0,0,14,70,0,15,0
21-06 06:33:21,40.348,21.803,36.588,0,0,2002120,166632,177628,5564480,5129.402,1623.926,4.010,505.222,1.002,2.005,5804,5795,2.060,1.690,0.930,5,0,279.676,0,0,14,70,0,15,0
21-06 06:33:22,54.541,25.519,20.015,0.250,0,2066376,163148,175044,5507880,5043.770,1621.212,188.141,7641.711,2.001,465.348,6466,7072,2.060,1.690,0.930,4,0,439.328,0,0,14,70,0,15,0
21-06 06:33:23,67.116,22.954,9.481,0.250,0,2162072,181300,167780,5402248,4956.108,1562.881,195.610,239.522,18.962,13.972,5666,7416,2.060,1.690,0.930,6,0,389.223,0,0,14,70,0,15,0
21-06 06:33:24,71.892,24.876,1.990,0.746,0,2284856,199556,166540,5265052,4955.324,1611.973,1050.768,1225.895,86.569,71.643,6362,17320,2.220,1.730,0.940,6,0,360.206,0,0,14,74,0,16,0
21-06 06:33:25,70.125,25.386,3.016,0.754,0,2434712,135520,166536,5180716,5127.401,1628.704,12.064,10134.157,2.011,938.013,10051,15837,2.220,1.730,0.940,6,0,273.461,0,0,14,74,0,16,0
21-06 06:33:26,64.053,27.273,5.755,2.252,0,2528100,157856,165208,5068804,4552.779,1513.256,508.422,29372.378,12.010,2068.717,14219,25289,2.220,1.730,0.940,6,0,390.324,0,0,14,76,0,12,0
21-06 06:33:27,71.647,23.217,4.494,0.250,0,2622108,134924,165316,4999352,4898.964,1563.754,846.784,3199.405,27.960,210.697,9611,19320,2.220,1.730,0.940,4,0,224.677,0,0,14,85,0,20,0
21-06 06:33:28,66.875,25.297,7.514,0,0,2724352,180056,165324,4855304,4540.459,1514.822,60.112,1282.389,9.017,81.151,6750,8545,2.220,1.730,0.940,4,0,573.068,0,0,14,91,0,24,0
21-06 06:33:29,44.006,24.253,30.754,0,0,2751908,220336,165324,4789060,4074.539,1134.150,0,1004.133,0,55.007,7472,10749,2.200,1.730,0.950,2,0,373.049,0,0,14,89,0,26,0
21-06 06:33:30,55.970,15.992,26.986,0,0,2863452,170392,165328,4728856,3402.196,953.494,3110.350,1011.464,33.982,52.972,5254,5195,2.200,1.730,0.950,3,0,193.897,0,0,14,92,0,25,0
21-06 06:33:31,54.747,10.749,32.748,1.000,0,2978972,121596,165352,4663676,5102.753,1565.924,4.000,6471.686,1.000,346.983,5887,9488,2.200,1.730,0.950,2,0,19.999,0,0,14,97,0,29,0
21-06 06:33:32,7.491,21.225,69.170,0,0,2995388,173440,165352,4596964,5305.872,1510.256,0,759.123,0,46.946,5226,3827,2.200,1.730,0.950,1,0,258.701,0,0,14,97,0,29,0
21-06 06:33:33,7.744,19.734,70.192,0,0,2995116,173688,165352,4596988,5021.879,1564.716,0,67.944,0,6.994,5054,3622,2.200,1.730,0.950,1,0,269.779,0,0,14,97,0,29,0
21-06 06:33:34,8.747,19.743,69.976,0,0,2997772,170956,165352,4597064,4736.400,1457.508,47.984,103.965,2.999,10.996,5118,3520,2.100,1.720,0.950,2,0,267.910,0,0,14,97,0,25,0
21-06 06:33:35,11.246,16.494,70.973,0,0,3029596,139120,165352,4597076,4816.146,1457.439,0,0,0,0,4042,2774,2.100,1.720,0.950,1,0,189.927,0,0,14,97,0,25,0
21-06 06:33:36,19.495,3.499,76.480,0,0,3086248,151220,165356,4530008,6983.150,3518.068,3.999,55.985,1.000,1.000,1766,1208,2.100,1.720,0.950,1,0,0,0,0,14,98,0,25,0
21-06 06:33:37,23.319,3.009,71.964,0.251,0,3090640,146780,165360,4530052,26359.235,22706.393,32.095,9845.221,2.006,595.768,3046,2836,2.100,1.720,0.950,1,0,1.003,0,0,14,101,0,26,0
21-06 06:33:38,20.192,8.226,71.046,0,0,3064636,172768,165360,4530068,5264.894,1615.365,0,1990.289,0,21.937,2643,1997,2.100,1.720,0.950,1,0,63.817,0,0,14,103,0,22,0
21-06 06:33:39,21.997,2.750,73.991,0.250,0,3106212,131188,165360,4530072,10803.753,7271.161,0,183.979,0,23.997,2419,2252,2.010,1.710,0.950,1,0,2.000,0,0,14,108,0,22,0
21-06 06:33:40,21.789,4.759,71.629,0.751,0,3106816,129940,165372,4530692,5590.073,2536.571,144.260,1258.267,8.014,145.262,4013,5514,2.010,1.710,0.950,4,0,2.004,0,0,14,111,0,22,0
21-06 06:33:41,38.508,7.501,52.510,1.000,0,3195296,172608,165376,4402128,6345.267,2763.552,64.013,1504.300,7.001,157.031,5612,7198,2.010,1.710,0.950,4,0,4.001,0,0,14,114,0,24,0
21-06 06:33:42,21.459,10.480,65.874,0.250,0,3171096,196876,165380,4402160,4329.713,1455.215,0,1133.830,0,85.836,3723,3674,2.010,1.710,0.950,1,0,114.780,0,0,14,118,0,24,0
21-06 06:33:43,18.808,3.260,76.988,0.502,0,3203748,164128,165380,4402256,11776.380,8148.172,64.198,573.773,4.012,41.127,2365,2354,2.010,1.710,0.950,2,0,1.003,0,0,14,119,0,24,0
21-06 06:33:44,20.761,3.752,74.038,0.250,0,3210280,157576,165380,4402276,6433.264,3443.747,0,1496.759,0,119.060,3820,5005,1.930,1.690,0.950,1,0,0,0,0,14,119,0,24,0
21-06 06:33:45,38.917,12.723,46.651,0.748,0,3241252,126560,165384,4402316,5647.976,2808.022,0,3684.157,0,241.486,4946,5282,1.930,1.690,0.950,2,0,100.785,0,0,14,122,0,25,0
21-06 06:33:46,39.957,6.992,51.944,0,0,3325196,172684,165384,4276008,9786.421,6839.606,0,371.598,0,20.977,2906,1612,1.930,1.690,0.950,1,0,0,0,0,14,123,0,25,0
21-06 06:33:47,18.728,6.243,73.162,0.250,0,3270284,227636,165384,4276012,21427.263,18155.194,7.990,1038.752,1.998,53.935,2670,2154,1.930,1.690,0.950,1,0,54.934,0,0,14,122,0,26,0
21-06 06:33:48,21.520,4.504,73.068,0,0,3327740,170180,165384,4276012,4564.227,1621.502,0,92.085,0,10.009,1773,1264,1.930,1.690,0.950,1,0,0,0,0,14,122,0,26,0
21-06 06:33:49,18.020,3.754,77.834,0,0,3305724,192172,165384,4276036,28221.546,24726.763,0,0,0,0,2379,1740,1.860,1.680,0.950,1,0,26.028,0,0,14,122,0,27,0
21-06 06:33:50,20.483,5.745,72.189,0,0.250,3313692,184108,165472,4276044,3387.128,851.278,83.929,0,4.996,0,2025,1462,1.860,1.680,0.950,2,0,24.979,0,0,14,122,0,27,0
21-06 06:33:51,25.237,4.997,67.964,0.250,0,3326100,171436,165476,4276304,11391.947,8021.738,7.996,503.732,1.999,60.968,4314,5208,1.860,1.680,0.950,2,0,7.996,0,0,14,125,0,28,0
21-06 06:33:52,18.756,9.003,70.521,0,0,3283772,213728,165476,4276340,6559.998,2780.847,0,628.191,0,63.019,3654,3489,1.860,1.680,0.950,1,0,83.025,0,0,14,124,0,29,0
21-06 06:33:53,18.999,3.000,76.996,0.250,0,3344272,153224,165476,4276344,7659.566,7092.598,0,3515.801,0,24.999,1857,1402,1.860,1.680,0.950,0,0,0,0,0,14,125,0,29,0
21-06 06:33:54,18.998,5.999,73.244,0,0,3334988,162488,165476,4276364,26470.753,19777.321,0,827.930,0,44.996,2722,1957,1.710,1.650,0.950,3,0,54.995,0,0,14,124,0,30,0
21-06 06:33:55,21.246,3.499,74.237,0,0,3405760,155264,165476,4214416,6527.867,3601.375,7.999,319.944,2.000,7.999,1976,1484,1.710,1.650,0.950,1,0,0,0,0,14,125,0,30,0
21-06 06:33:56,19.977,3.746,73.667,1.498,0,3404380,156348,165476,4214712,10714.903,6364.814,15.982,1394.426,3.995,205.768,4551,6582,1.710,1.650,0.950,9,0,0.999,0,0,14,126,0,30,0
21-06 06:33:57,27.556,3.507,66.887,0.501,0,3399524,161096,165476,4214820,6497.307,2865.869,0,2116.334,0,203.417,5528,8323,1.710,1.650,0.950,1,0,0,0,0,14,125,0,32,0
21-06 06:33:58,20.232,6.744,71.935,0.500,0,3373664,186960,165476,4214832,5007.470,1510.633,0,3420.905,0,359.675,2846,2351,1.710,1.650,0.950,1,0,52.952,0,0,14,125,0,32,0
21-06 06:33:59,16.002,2.250,80.509,0,0,3381064,179544,165476,4214848,13903.510,11645.264,0,436.047,0,27.003,1962,1628,1.650,1.640,0.950,3,0,0,0,0,14,126,0,32,0
21-06 06:34:00,23.985,4.997,68.957,0.750,0,3384248,176292,165476,4214916,5623.532,1758.915,15.990,1231.241,0.999,128.920,4617,6185,1.650,1.640,0.950,1,0,0,0,0,14,126,0,32,0
21-06 06:34:01,34.514,9.504,53.522,1.000,0,3359732,200556,165480,4215164,5847.409,2324.958,4.002,6266.582,1.000,400.165,7390,10328,1.650,1.640,0.950,1,0,79.033,0,0,14,129,0,33,0
21-06 06:34:02,20.500,3.000,75.751,0.250,0,3407036,153248,165484,4215164,6349.119,3586.067,0,296.006,0,15.000,1840,1294,1.650,1.640,0.950,0,0,1.000,0,0,14,130,0,33,0
21-06 06:34:03,19.231,2.498,76.425,0.250,0,3400792,159448,165484,4215208,12949.210,9105.007,0,3992.057,0,388.616,3312,3965,1.650,1.640,0.950,2,0,0,0,0,14,129,0,34,0
21-06 06:34:04,16.270,11.264,70.836,0.501,0,3365552,194676,165484,4215220,4911.933,1567.894,0,616.745,0,40.048,3392,2577,1.600,1.630,0.950,1,0,147.178,0,0,14,129,0,34,0
21-06 06:34:05,18.743,3.249,77.221,0,0,3399484,160740,165484,4215224,11087.811,7220.272,0,319.879,0,19.992,1844,1296,1.600,1.630,0.950,1,0,0,0,0,14,130,0,34,0
21-06 06:34:06,25.016,4.503,68.293,1.001,0,3397276,162864,165488,4215304,11655.307,7399.639,0,2961.857,0,244.153,6098,8869,1.600,1.630,0.950,2,0,0,0,0,14,130,0,34,0
21-06 06:34:07,30.228,7.494,59.956,0.500,0.250,3398564,160952,165504,4215880,6693.041,3151.665,423.686,903.331,69.948,84.937,8387,11861,1.600,1.630,0.950,4,0,3.997,0,0,14,131,0,35,0
21-06 06:34:08,32.778,12.010,52.295,0.250,0,3437256,121976,165504,4216100,4860.211,1841.596,16.014,1461.266,1.001,131.114,8167,11070,1.600,1.630,0.950,1,0,286.248,0,0,14,131,0,35,0
21-06 06:34:09,18.995,3.249,77.480,0.250,0,3464828,156264,165504,4155688,9869.405,7291.083,0,447.882,0,25.993,1866,1424,1.630,1.640,0.950,4,0,0,0,0,14,132,0,35,0
21-06 06:34:10,15.303,12.042,71.499,0,0,3408416,212648,165504,4155716,5129.883,2930.215,0,425.483,0,24.084,4184,3285,1.630,1.640,0.950,2,0,209.731,0,0,14,131,0,36,0
21-06 06:34:11,8.991,20.980,68.934,0.250,0,3322840,298060,165504,4155880,5739.534,1618.459,0,387.631,0,27.973,5814,4389,1.630,1.640,0.950,1,0,369.648,0,0,14,131,0,36,0
21-06 06:34:12,19.235,15.238,63.702,0,0,3308228,312644,165512,4155900,5885.520,1618.768,7.994,519.605,1.998,37.971,6830,8954,1.630,1.640,0.950,3,0,216.835,0,0,14,131,0,36,0
21-06 06:34:13,30.294,23.784,44.815,0.250,0,3377688,243132,165512,4155956,6309.144,1692.453,0,500.726,0,39.057,6942,5931,1.630,1.640,0.950,4,0,528.766,0,0,14,131,0,36,0
21-06 06:34:14,36.222,17.986,44.965,0,0,3421284,199176,165524,4156656,5054.028,1456.855,47.962,515.595,2.998,33.973,8054,9824,2.700,1.860,1.030,1,0,331.739,0,0,14,139,0,36,0
21-06 06:34:15,49.139,23.197,27.438,0,0,3523476,144892,165524,4109360,5116.402,1616.336,99.774,327.258,5.986,15.964,6188,8801,2.700,1.860,1.030,5,0,529.799,0,0,16,139,0,36,0
21-06 06:34:16,57.510,24.647,16.182,0,0,3658532,148144,165532,3973976,4976.241,1613.270,27.884,645.308,3.983,44.813,6891,9366,2.700,1.860,1.030,3,0,368.463,0,0,16,149,0,36,0
21-06 06:34:17,44.881,21.062,33.097,0.251,0,3718384,145436,165536,3916760,5837.087,1624.756,16.047,493.444,3.009,27.079,7965,13246,2.700,1.860,1.030,3,0,299.878,0,0,16,161,0,36,0
21-06 06:34:18,32.580,26.565,40.349,0,0,3781180,167356,165536,3833156,5473.409,1714.200,72.177,10188.962,1.002,803.970,15068,4804,2.700,1.860,1.030,2,0,434.063,0,0,16,161,0,36,0
21-06 06:34:19,18.709,21.453,56.875,0.249,0,3806392,142152,165540,3833224,5046.909,1454.803,11.974,1061.667,2.993,68.849,5939,4626,2.570,1.850,1.030,3,0,331.272,0,0,17,161,0,34,0
21-06 06:34:20,17.814,17.312,64.230,0,0,3820516,128024,165540,3833688,4662.710,1625.827,0,184.662,0,13.047,6286,7809,2.570,1.850,1.030,1,0,228.820,0,0,17,161,0,34,0
21-06 06:34:21,26.243,23.744,48.237,0.250,0,3864116,179800,165540,3738984,4799.722,1527.593,0,367.902,0,22.994,6063,4951,2.570,1.850,1.030,2,0,344.908,0,0,17,161,0,34,0
21-06 06:34:22,34.143,22.928,41.121,0,0,3924544,119144,165544,3739816,4170.956,1453.455,3.988,223.302,0.997,21.931,6846,7096,2.570,1.850,1.030,2,0,374.828,0,0,17,167,0,34,0
21-06 06:34:23,23.579,19.315,55.687,0.251,0,3955648,142036,165544,3686660,4346.613,1462.918,36.121,188.634,3.010,15.051,6049,6825,2.570,1.850,1.030,4,0,353.187,0,0,17,167,0,34,0
21-06 06:34:24,46.271,29.763,23.260,0,0,4079464,124968,165556,3582572,4622.061,1620.723,208.093,3877.729,15.007,51.023,9424,21520,2.600,1.870,1.040,4,0,651.290,0,0,17,179,0,35,0
21-06 06:34:25,24.970,25.220,48.193,0.250,0,4125284,158296,165556,3505384,4752.352,1456.269,15.981,471.440,3.995,36.956,8796,12517,2.600,1.870,1.040,2,0,475.435,0,0,17,185,0,35,0
21-06 06:34:26,12.512,19.770,65.815,0,0,4142016,141428,165556,3505860,4839.806,1459.449,104.103,564.561,6.006,27.027,6248,6543,2.600,1.870,1.040,2,0,280.278,0,0,17,185,0,35,0
21-06 06:34:27,37.846,17.429,42.078,0.747,0,4191580,132432,165556,3465648,4320.386,1452.080,11.951,3418.065,2.988,212.135,6306,7524,2.600,1.870,1.040,4,0,196.200,0,0,17,201,0,35,0
21-06 06:34:28,44.528,8.505,45.779,0.250,0,4315148,119556,165556,3357192,4520.866,1548.982,424.269,320.203,9.006,22.014,3200,1905,2.600,1.870,1.040,6,0,1.001,0,0,17,201,0,26,0
21-06 06:34:29,34.752,8.501,55.754,0,0,4402944,147888,165564,3243084,4878.330,1458.099,92.006,1396.094,7.000,107.007,3302,2650,2.470,1.850,1.040,2,0,10.001,0,0,17,206,0,26,0
21-06 06:34:30,30.271,15.511,53.036,0.500,0,4318104,232712,165572,3243112,4563.120,1621.108,24.016,460.315,3.002,31.021,4799,4005,2.470,1.850,1.040,4,0,264.181,0,0,17,205,0,26,0
21-06 06:34:31,33.844,29.582,35.599,0.251,0,4410288,138184,165584,3245460,6991.471,3875.794,1592.435,469.307,28.078,35.098,6673,6404,2.470,1.850,1.040,1,0,501.396,0,0,17,210,0,26,0
21-06 06:34:32,41.305,22.892,34.338,0,0,4448404,143172,165600,3204340,12127.632,8022.053,7.962,1166.482,1.991,28.863,7316,9737,2.470,1.850,1.040,5,0,350.343,0,0,17,213,0,17,0
21-06 06:34:33,68.017,19.326,12.549,0,0,4512836,168820,165600,3116468,5361.007,1626.373,477.873,357.400,11.043,19.075,5418,4956,2.470,1.850,1.040,4,0,154.606,0,0,17,218,0,17,0
21-06 06:34:34,62.007,13.198,23.657,0.498,0,4618596,137104,165632,3044764,15484.348,11662.319,2227.276,1143.521,83.672,46.817,5116,4574,2.520,1.870,1.050,4,0,34.863,0,0,17,225,0,17,0
21-06 06:34:35,66.351,11.518,16.776,4.006,0,4596168,191152,165704,3013916,6412.773,2416.683,5724.725,1914.918,453.691,131.200,6332,7600,2.520,1.870,1.050,3,0,58.089,0,0,17,227,0,22,0
21-06 06:34:36,35.327,27.059,37.081,0.251,0,4627892,157068,165716,3016204,6578.296,3543.701,32.070,9127.837,1.002,45.098,7338,7981,2.520,1.870,1.050,2,0,529.150,0,0,17,228,0,22,0
21-06 06:34:37,39.224,16.739,42.472,0.250,0,4665240,161968,165724,2975256,14959.188,10630.027,115.924,659.567,5.996,50.967,7304,9508,2.520,1.870,1.050,4,0,255.832,0,0,17,227,0,23,0
21-06 06:34:38,58.064,27.780,14.015,0,0,4689568,135300,165724,2977600,4763.222,1459.600,56.061,460.505,4.004,31.034,6336,6823,2.520,1.870,1.050,4,0,523.574,0,0,17,227,0,23,0
21-06 06:34:39,58.519,20.757,19.256,0.500,0,4746780,147740,165740,2910368,12614.073,9644.114,1084.350,13992.518,50.016,1072.346,6696,8477,2.550,1.890,1.060,5,0,263.085,0,0,17,234,0,25,0
21-06 06:34:40,54.752,29.001,15.251,0,0,4769736,155268,165744,2880592,8302.319,4600.177,240.009,972.037,11.000,76.003,8414,11677,2.550,1.890,1.060,4,0,514.020,0,0,17,235,0,25,0
21-06 06:34:41,63.846,23.443,11.971,0.249,0,4853060,153976,165752,2800188,5971.608,3038.676,550.673,710.288,31.923,35.913,7174,11121,2.550,1.890,1.060,6,0,292.296,0,0,17,242,0,26,0
21-06 06:34:42,54.411,18.969,25.209,0,0,4943368,124248,165756,2740168,13457.111,9984.759,423.311,754.772,6.989,57.906,5943,7348,2.550,1.890,1.060,5,0,189.691,0,0,17,241,0,27,0
21-06 06:34:43,65.220,13.044,21.573,0,0,5000804,138872,165764,2670164,6843.044,7159.108,453.527,778.622,8.027,32.108,4979,10331,2.550,1.890,1.060,2,0,10.034,0,0,17,244,0,27,0
21-06 06:34:44,57.919,10.485,29.708,0.999,0,5100368,125016,165768,2586676,14705.383,8842.603,1697.620,1877.368,91.871,68.903,5933,7343,2.590,1.910,1.070,5,0,10.985,0,0,17,249,0,30,0
21-06 06:34:45,52.402,10.231,35.434,0.250,0,4988076,265480,165768,2559216,12156.355,8397.357,606.870,3214.013,8.983,85.840,4708,4159,2.590,1.910,1.070,3,0,25.952,0,0,17,251,0,32,0
21-06 06:34:46,48.085,29.302,22.039,0.751,0,5086936,162720,165892,2562908,5791.198,2977.243,4327.621,1413.489,66.116,72.127,7825,9007,2.590,1.910,1.070,4,0,578.018,0,0,17,252,0,32,0
21-06 06:34:47,48.451,24.975,24.725,0,0,5059088,190484,165892,2563324,14442.263,10906.870,767.217,815.168,5.994,24.975,7531,9143,2.590,1.910,1.070,3,0,378.614,0,0,17,251,0,33,0
21-06 06:34:48,71.301,20.014,8.506,0,0.250,5147868,123948,165900,2541456,4743.401,1621.163,520.373,452.324,6.004,33.024,5615,4396,2.590,1.910,1.070,6,0,167.120,0,0,18,258,0,31,0
21-06 06:34:49,74.226,14.245,8.997,1.000,0,5240312,122240,165900,2454152,13624.664,11488.344,3230.972,1755.441,157.950,219.930,6808,7406,3.020,2.010,1.110,3,0,10.997,0,0,18,259,0,33,0
21-06 06:34:50,83.287,13.006,3.752,0.250,0,5249664,169520,165932,2399604,6106.719,2663.186,1416.631,13229.891,51.023,1130.503,6198,5750,3.020,2.010,1.110,4,0,27.012,0,0,18,266,0,34,0
21-06 06:34:51,45.592,16.032,37.325,0.251,0,5299236,167096,165936,2353920,11277.759,8386.925,589.189,613.238,11.022,46.093,5475,5452,3.020,2.010,1.110,3,0,214.433,0,0,18,267,0,35,0
21-06 06:34:52,35.425,9.231,53.387,0.249,0,5313344,152840,165936,2354068,24779.708,9440.079,770.374,9300.374,6.985,79.832,3991,3380,3.020,2.010,1.110,3,0,13.971,0,0,18,269,0,33,1
21-06 06:34:53,48.861,17.039,32.574,0.752,0,5323296,124712,165940,2372256,17133402.801,299757.914,2938.705,3179.254,39.089,189.432,25325,16422,3.020,2.010,1.110,3,0,222.508,0,0,18,270,0,33,0
21-06 06:34:54,45.824,10.958,42.337,0,0,5363376,147252,165940,2311724,14486.279,10962.832,589.732,804.904,8.966,46.820,4385,3547,2.860,1.990,1.110,4,0,47.816,0,0,18,273,0,33,0
21-06 06:34:55,40.276,6.754,52.034,0.500,0,5350964,159580,165940,2311820,14935.701,11316.350,0,628.408,0,67.044,4249,4166,2.860,1.990,1.110,2,0,8.005,0,0,18,281,0,35,0
21-06 06:34:56,30.481,5.247,61.962,0.500,0,5392204,148048,165940,2282956,396279.633,16384206.658,479.708,487.703,24.985,37.977,5733,5247,2.860,1.990,1.110,2,0,0.999,0,0,18,281,0,35,0
21-06 06:34:57,30.098,5.016,63.207,0.251,0,5337264,203104,165952,2282988,8701797.869,64162.894,0,2395.837,0,82.269,9040,8171,2.860,1.990,1.110,3,0,6.020,0,0,18,286,0,36,0
21-06 06:34:58,33.885,7.225,56.308,0.249,0,5313684,210468,165952,2299172,7998289.853,150134.305,47.837,16918.338,2.990,75.742,11223,9265,2.860,1.990,1.110,0,0,65.776,0,0,18,283,0,39,0
21-06 06:34:59,16.062,2.510,80.059,0.502,0,5313688,210468,165956,2299184,14106.514,10374.090,0,6886.613,0,268.036,2755,2881,2.710,1.980,1.110,1,0,0,0,0,18,282,0,40,0
21-06 06:35:00,12.693,16.426,68.443,0.249,0,5243064,280972,165956,2299288,4318.658,1451.499,31.857,473.878,2.987,29.866,5629,5197,2.710,1.980,1.110,1,0,434.056,0,0,18,282,0,38,0
21-06 06:35:01,24.242,3.249,71.725,0,0,5302032,221996,165960,2299292,5443.108,1457.493,0,415.855,0,23.992,2082,1526,2.710,1.980,1.110,3,0,2.999,0,0,18,282,0,38,0
21-06 06:35:02,9.260,18.521,71.330,0.501,0,5263572,260396,165964,2299332,4735.323,1351.519,4.005,296.333,1.001,18.020,5462,4179,2.710,1.980,1.110,1,0,318.358,0,0,18,282,0,38,0
21-06 06:35:03,8.000,19.499,69.496,0,0,5265856,258060,165964,2299384,3813.790,593.967,27.998,1227.932,2.000,79.996,5804,4738,2.710,1.980,1.110,2,0,351.981,0,0,18,282,0,38,0
21-06 06:35:04,3.748,1.499,93.706,0.250,0,5254116,269784,165964,2299400,5697.295,1619.231,0,12038.284,0,43.979,1370,1599,2.500,1.940,1.100,1,0,5.997,0,0,18,286,0,36,0
21-06 06:35:05,22.346,4.268,73.065,0,0,5313980,209916,165964,2299404,5529.828,1572.777,0,747.220,0,2.009,2004,1477,2.500,1.940,1.100,1,0,5.022,0,0,18,286,0,36,0
21-06 06:35:06,18.680,3.238,76.462,0.249,0,5235256,288556,165964,2299488,14935.819,10566.255,63.760,0,3.985,0,2452,2028,2.500,1.940,1.100,1,0,16.936,0,0,18,290,0,37,0
21-06 06:35:07,10.032,17.806,69.721,0,0,5236588,287140,165968,2299552,5055.997,1695.364,24.076,200.635,3.010,15.048,4922,3627,2.500,1.940,1.100,2,0,178.565,0,0,18,290,0,37,0
21-06 06:35:08,13.969,17.211,67.349,0,0,5223616,299880,165968,2299784,5028.729,1616.377,0,315.293,0,27.937,5062,3701,2.500,1.940,1.100,2,0,181.593,0,0,18,294,0,37,0
21-06 06:35:09,11.971,16.211,70.330,0,0,5214408,308856,165968,2300000,4549.010,1616.096,0,211.489,0,20.949,4778,3311,2.370,1.930,1.100,2,0,153.629,0,0,18,294,0,36,0
21-06 06:35:10,19.346,8.542,70.851,0,0,5268988,254236,165968,2300024,4522.431,1628.075,4.020,884.387,1.005,142.708,3113,2631,2.370,1.930,1.100,2,0,73.364,0,0,18,294,0,36,0
21-06 06:35:11,22.417,4.234,72.483,0.249,0,5328944,194280,165968,2300024,5397.096,1614.048,103.618,294.912,0.996,21.919,2140,1752,2.370,1.930,1.100,1,0,0,0,0,18,294,0,36,0
21-06 06:35:12,23.741,2.999,71.472,0.250,0,5360756,162052,165968,2300440,5775.704,1457.421,299.881,407.838,10.996,44.982,2706,2577,2.370,1.930,1.100,1,0,4.998,0,0,18,298,0,36,0
21-06 06:35:13,23.475,3.746,71.925,0.250,0,5304040,218720,165968,2300488,6473.229,1618.307,23.975,267.720,3.996,21.977,2183,1859,2.370,1.930,1.100,2,0,4.995,0,0,18,294,0,35,0
21-06 06:35:14,23.016,3.753,72.051,0,0,5324956,197804,165968,2300488,4881.484,1459.041,0,180.129,0,9.006,1937,1662,2.260,1.910,1.100,2,0,1.001,0,0,18,294,0,35,0
21-06 06:35:15,15.733,3.246,80.662,0,0,5345312,177392,165968,2300544,14830.840,11029.981,47.948,151.835,1.998,8.990,2172,2039,2.260,1.910,1.100,2,0,1.998,0,0,18,297,0,36,0
21-06 06:35:16,22.281,1.502,75.356,0.250,0,5353484,169076,165968,2300688,14346.237,11088.642,0,280.396,0,28.040,2346,2011,2.260,1.910,1.100,2,0,1.001,0,0,18,294,0,37,0
21-06 06:35:17,22.480,4.746,71.438,0,0,5306560,215980,165968,2300708,5361.348,1702.523,15.986,211.816,0.999,24.978,2441,2154,2.260,1.910,1.100,1,0,14.987,0,0,18,294,0,37,0
21-06 06:35:18,24.268,2.752,72.055,0.250,0,5310348,212056,165968,2300844,5322.036,1669.266,0,316.240,0,20.015,1991,1380,2.260,1.910,1.100,2,0,4.003,0,0,18,294,0,37,0
21-06 06:35:19,8.518,19.541,69.646,0,0,5316500,205856,165980,2300880,5651.842,1960.107,392.823,312.655,5.010,7.015,5268,3924,2.160,1.900,1.100,1,0,271.569,0,0,18,294,0,37,0
21-06 06:35:20,9.978,19.956,67.852,0.249,0,5307068,215156,165984,2301008,4568.019,1538.638,27.939,6006.875,2.993,746.369,5529,4118,2.160,1.900,1.100,1,0,275.398,0,0,18,294,0,37,0
21-06 06:35:21,21.746,5.249,71.488,0.250,0,5358300,163872,166004,2301040,4474.260,1457.759,15.997,403.933,2.000,17.997,2579,1933,2.160,1.900,1.100,3,0,56.991,0,0,18,294,0,37,0
21-06 06:35:22,19.075,3.263,76.551,0.251,0,5334168,181664,166588,2306716,11633.704,4753.675,0,1052.133,0,26.103,2040,1663,2.160,1.900,1.100,1,0,13.051,0,0,18,294,0,37,0
21-06 06:35:23,21.932,5.981,69.284,0,0,5321832,192268,166664,2308324,4503.971,1453.473,0,362.870,0,5.981,8793,16829,2.160,1.900,1.100,2,0,13.957,0,0,18,294,0,37,0
21-06 06:35:24,22.488,7.246,68.714,0,0,5311316,202416,166700,2308656,11898.713,4624.556,15.992,443.766,2.998,6.996,5964,14642,2.150,1.900,1.100,4,0,40.978,0,0,18,295,0,38,0
21-06 06:35:25,21.831,5.771,71.766,0,0,5311252,202420,166744,2308672,4878.075,1626.025,0,409.517,0,5.019,6006,9586,2.150,1.900,1.100,2,0,15.056,0,0,18,295,0,37,0
21-06 06:35:26,12.469,14.713,70.075,0.249,0,5278228,241344,166832,2302732,5385.566,1789.536,3.990,698.258,0.998,30.923,4377,3380,2.150,1.900,1.100,3,0,198.505,0,0,18,294,0,37,0
21-06 06:35:27,20.720,7.240,70.399,0,0,5318492,201024,166832,2302788,5212.509,1617.675,47.931,587.156,1.997,31.954,3015,2754,2.150,1.900,1.100,1,0,69.900,0,0,18,294,0,37,0
21-06 06:35:28,21.254,2.250,75.264,0.250,0,5338196,181128,166832,2302980,10694.002,7636.430,0,244.046,0,22.004,2246,1955,2.150,1.900,1.100,0,0,0,0,0,18,295,0,37,0
21-06 06:35:29,17.491,9.995,71.213,0,0,5296164,223096,166832,2303044,9265.183,5707.033,43.977,199.896,2.998,11.994,3572,2997,2.060,1.880,1.100,1,0,115.940,0,0,18,294,0,40,0
21-06 06:35:30,24.251,4.250,71.003,0.250,0.250,5360668,158588,166832,2303048,3943.150,1966.075,0,1660.063,0,124.005,2386,2217,2.060,1.880,1.100,1,0,0,0,0,18,299,0,40,0
21-06 06:35:31,19.332,5.523,74.062,0,0,5339448,179788,166832,2303068,11971.512,8445.635,0,325.373,0,20.085,3030,2685,2.060,1.880,1.100,1,0,72.305,0,0,18,298,0,41,0
21-06 06:35:32,23.424,4.485,70.520,0,0,5381872,165392,166832,2275952,4663.778,1694.470,0,39.870,0,1.993,2225,1890,2.060,1.880,1.100,0,0,2.990,0,0,18,298,1,41,0
21-06 06:35:33,19.583,4.770,75.571,0,0,5355704,191532,166832,2275980,17817.729,14573.942,0,12.051,0,2.009,2989,2561,2.060,1.880,1.100,1,0,58.248,0,0,18,298,0,41,0
21-06 06:35:34,25.388,4.480,69.194,0.249,0,5358772,188456,166832,2275988,5147.240,1493.396,0,246.908,0,19.912,2623,2274,2.050,1.880,1.110,1,0,6.969,0,0,18,298,0,41,0
21-06 06:35:35,17.501,4.000,77.004,0,0,5331980,215244,166832,2275992,14990.832,11679.648,0,120.007,0,9.000,2534,2108,2.050,1.880,1.110,1,0,30.002,0,0,18,298,0,44,0
21-06 06:35:36,22.752,3.500,73.008,0,0,5347380,199836,166832,2276000,5177.543,1620.170,0,44.005,0,4.000,1999,1491,2.050,1.880,1.110,1,0,2.000,0,0,18,298,0,44,0
21-06 06:35:37,14.226,2.246,81.610,0.749,0,5354532,192632,166832,2276052,14653.829,11522.208,31.945,343.410,0.998,40.930,2382,2525,2.050,1.880,1.110,2,0,0,0,0,18,299,0,39,0
21-06 06:35:38,22.042,4.759,71.635,0.250,0,5349232,197916,166836,2276064,5946.204,2255.249,0,2344.417,0,138.261,2914,2746,2.050,1.880,1.110,2,0,47.089,0,0,18,298,0,40,0
21-06 06:35:39,18.978,2.497,77.160,0,0,5376744,170396,166836,2276072,13121.646,9622.740,0,187.780,0,15.981,2043,1647,1.970,1.870,1.100,1,0,0,0,0,18,299,0,41,0
21-06 06:35:40,21.498,5.999,72.243,0.250,0,5360232,186768,166836,2276212,6802.382,3826.652,0,475.957,0,36.997,2885,2543,1.970,1.870,1.100,1,0,31.997,0,0,18,298,0,43,0
21-06 06:35:41,19.523,3.504,75.840,0,0,5385400,161592,166836,2276220,10655.640,7341.709,0,2018.394,0,340.404,2012,1552,1.970,1.870,1.100,1,0,0,0,0,18,299,0,38,0
21-06 06:35:42,14.036,7.519,76.696,0.501,0,5284720,262252,166836,2276240,9456.136,6683.058,0,461.177,0,51.131,3781,3735,1.970,1.870,1.100,1,0,102.261,0,0,18,298,0,39,0
21-06 06:35:43,4.489,5.736,87.039,1.247,0,5283524,262232,167376,2276916,10045.670,4454.212,1121.284,371.101,250.394,28.930,2664,2936,1.970,1.870,1.100,1,0,78.809,0,0,18,300,0,39,0
21-06 06:35:44,4.997,8.995,83.702,0.250,0,5279792,265892,167396,2276968,18072.711,5090.102,0,387.779,0,21.987,3101,2658,1.890,1.850,1.100,1,0,124.929,0,0,18,300,0,40,0
21-06 06:35:45,5.002,10.504,82.780,0,0,5271928,273696,167396,2277028,6511.393,2783.023,0,424.156,0,29.011,3431,3011,1.890,1.850,1.100,1,0,175.064,0,0,18,298,0,33,0
21-06 06:35:46,19.762,6.754,72.294,0.500,0,5311568,225364,167472,2285524,4717.884,1458.892,484.296,908.555,33.020,14.009,2513,2010,1.890,1.850,1.100,2,0,39.024,0,0,18,298,0,33,0
21-06 06:35:47,18.473,1.997,78.637,0,0,5322240,211356,167520,2288692,14909.536,5197.517,27.960,862.758,3.994,17.974,2055,1885,1.890,1.850,1.100,0,0,15.977,0,0,18,299,0,33,0
21-06 06:35:48,15.527,7.513,74.630,0.751,0,5281260,245892,167708,2294896,6189.757,2440.241,1382.403,3598.254,24.042,115.200,3457,3320,1.890,1.850,1.100,2,0,80.139,0,0,18,298,0,33,0
21-06 06:35:49,12.980,15.476,69.393,0.250,0,5288352,238692,167712,2295000,4732.712,1659.444,0,311.520,0,19.969,4415,3507,1.820,1.840,1.100,2,0,222.657,0,0,18,298,0,33,0
21-06 06:35:50,21.299,3.257,75.674,0,0.251,5346808,180228,167712,2295008,6891.805,3635.337,0,120.276,0,15.034,2114,1838,1.820,1.840,1.100,4,0,0,0,0,18,299,0,30,0
21-06 06:35:51,19.705,5.238,73.083,0.499,0,5334676,192340,167712,2295028,25591.646,22395.933,0,347.208,0,14.966,2578,1989,1.820,1.840,1.100,1,0,46.893,0,0,18,298,0,32,0
21-06 06:35:52,23.500,4.500,71.251,0,0,5398268,128744,167712,2295032,4734.077,1134.018,0,216.004,0,30.000,2187,1737,1.820,1.840,1.100,3,0,1.000,0,0,18,298,0,32,0
21-06 06:35:53,17.784,2.505,77.897,0.250,0,5304044,222940,167712,2295060,14398.126,10505.793,16.030,52.098,1.002,6.011,2402,2051,1.820,1.840,1.100,1,0,12.023,0,0,18,298,0,34,0
21-06 06:35:54,21.946,4.240,72.820,0,0,5322692,204292,167712,2295060,5358.787,1508.281,0,83.793,0,4.988,2045,1515,1.750,1.830,1.100,1,0,1.995,0,0,18,298,0,31,0
21-06 06:35:55,18.094,3.016,77.653,0.251,0,5337328,188216,167712,2296484,11476.502,8333.205,1576.172,414.147,51.266,55.287,3207,4059,1.750,1.830,1.100,4,0,1.005,0,0,18,299,0,31,0
21-06 06:35:56,24.748,4.500,68.495,1.000,0,5336480,188008,167716,2297504,6531.560,2816.810,687.954,4471.699,37.997,468.968,4066,4985,1.750,1.830,1.100,1,0,5.000,0,0,18,298,0,32,0
21-06 06:35:57,19.661,2.986,75.657,0,0,5337064,187292,167716,2297636,11115.625,7365.620,0,469.871,0,35.838,2266,2045,1.750,1.830,1.100,1,0,0,0,0,18,299,0,32,0
21-06 06:35:58,20.766,2.752,74.807,0.751,0,5336952,187292,167716,2297748,9988.612,5551.231,80.061,724.552,3.002,79.060,3305,3955,1.750,1.830,1.100,3,0,0,0,0,18,299,0,28,0
21-06 06:35:59,16.537,13.781,67.152,0.251,0.251,5261608,262592,167716,2297792,6847.492,2852.454,0,958.168,0,97.220,5556,6142,1.690,1.810,1.100,1,0,196.444,0,0,18,298,0,29,0
21-06 06:36:00,8.014,23.540,66.613,0.250,0,5272256,251908,167716,2297828,4988.443,1622.746,0,837.417,0,50.085,6716,5794,1.690,1.810,1.100,1,0,533.904,0,0,18,298,0,29,0
21-06 06:36:01,8.728,23.440,66.081,0.249,0,5276276,247856,167720,2297856,5283.484,1615.866,0,4831.640,0,271.306,6953,6255,1.690,1.810,1.100,2,0,547.599,0,0,18,298,0,29,0
21-06 06:36:02,8.770,22.552,67.154,0,0,5273088,251016,167720,2297884,4797.025,1569.607,0,204.470,0,20.046,6183,4960,1.690,1.810,1.100,1,0,474.090,0,0,18,298,0,25,0
21-06 06:36:03,8.460,22.643,66.435,0,0,5274260,249828,167720,2297900,4717.654,1612.363,0,43.793,0,10.948,5665,4149,1.690,1.810,1.100,1,0,383.185,0,0,18,298,0,25,0
21-06 06:36:04,10.008,22.269,65.805,0,0,5265360,258700,167720,2297928,4896.086,1513.263,0,152.127,0,16.013,5653,4268,1.640,1.800,1.100,3,0,356.297,0,0,18,298,0,25,0
21-06 06:36:05,8.270,23.557,66.913,0.251,0,5259284,264760,167720,2297944,5649.725,1569.814,0,292.711,0,22.054,5594,4169,1.640,1.800,1.100,3,0,335.816,0,0,18,298,0,25,0
21-06 06:36:06,8.231,21.700,67.843,0,0,5260196,263824,167720,2297968,5380.528,1602.286,0,387.103,0,13.968,5325,3794,1.640,1.800,1.100,1,0,314.272,0,0,18,298,0,25,0
21-06 06:36:07,8.753,22.508,66.275,0.250,0,5251152,272852,167720,2297984,5179.924,1458.542,0,80.030,0,7.003,5355,3842,1.640,1.800,1.100,1,0,320.119,0,0,18,298,0,25,0
21-06 06:36:08,8.519,22.048,67.898,0,0,5252704,271240,167720,2298044,5037.003,1569.428,32.070,232.508,2.004,17.037,5437,4121,1.640,1.800,1.100,1,0,315.690,0,0,18,298,0,25,0
21-06 06:36:09,16.462,10.476,71.834,0.249,0,5281560,355780,168000,2196036,4539.482,1346.879,3.991,1915.562,0.998,40.905,3342,2722,1.590,1.780,1.100,2,0,97.773,0,0,18,298,0,25,0
21-06 06:36:10,22.721,4.245,71.158,0.250,0,5300716,327500,168440,2204712,3815.067,1078.605,15.979,2340.973,2.996,15.979,2502,2148,1.590,1.780,1.100,4,0,16.978,0,0,18,298,0,24,0
21-06 06:36:11,16.005,1.250,80.774,0.750,0,5315128,311904,168540,2205788,20245.034,10394.098,672.200,1380.411,35.010,43.013,1866,1606,1.590,1.780,1.100,0,0,0,0,0,18,299,0,24,0
21-06 06:36:12,13.545,2.007,82.024,1.254,0,5314352,311528,168712,2206760,29520.645,15988.426,513.717,2054.866,56.188,77.258,2147,2184,1.590,1.780,1.100,0,0,1.003,0,0,18,299,0,24,0
21-06 06:36:13,17.264,2.002,79.065,0.751,0,5335140,289252,168828,2208124,22669.720,11483.483,1289.064,1573.299,56.046,65.054,2122,1905,1.590,1.780,1.100,1,0,1.001,0,0,18,299,0,24,0
21-06 06:36:14,16.501,1.500,79.255,1.250,0,5333780,289000,168956,2209608,21210.216,12236.701,1000.057,3292.189,45.003,151.009,2148,2200,1.540,1.770,1.100,1,0,0,0,0,18,299,0,24,0
21-06 06:36:15,19.662,3.236,74.915,0.996,0,5336972,250960,169144,2244220,11057.515,5383.906,12364.665,1222.529,133.403,48.782,2172,1848,1.540,1.770,1.100,1,0,0.996,0,0,18,299,0,24,0
21-06 06:36:16,23.112,3.517,72.099,1.005,0,5346680,226288,170100,2257960,5368.987,1573.617,0,10241.571,0,168.817,2477,2297,1.540,1.770,1.100,1,0,0,0,0,18,299,0,24,0
21-06 06:36:17,24.391,1.742,72.925,0.249,0,5349416,207160,170512,2273664,5256.544,1612.803,0,884.055,0,30.862,2101,1768,1.540,1.770,1.100,1,0,0,0,0,18,299,0,24,0
21-06 06:36:18,23.513,2.501,72.040,1.251,0,5357544,174160,171500,2297248,5042.811,1620.904,0,2993.669,0,133.074,2457,2483,1.540,1.770,1.100,1,0,0,0,0,18,299,0,22,0
21-06 06:36:19,23.253,2.750,72.008,0.500,0,5357000,146716,172576,2323768,5040.573,1620.184,0,2596.295,0,100.011,2431,2260,1.490,1.760,1.100,2,0,2.000,0,0,18,299,0,22,0
21-06 06:36:20,23.082,3.262,72.256,0.753,0,5288640,224032,173160,2313952,4937.522,1637.812,0,1802.396,0,70.249,2461,2284,1.490,1.760,1.100,1,0,2.007,0,0,18,298,0,22,0
21-06 06:36:21,18.476,4.244,75.901,0.250,0,5332428,180216,173168,2313968,10220.611,4219.472,0,8696.607,0,65.914,2423,2117,1.490,1.760,1.100,2,0,32.957,0,0,18,299,0,22,0
21-06 06:36:22,22.490,4.248,71.969,0,0,5353040,152780,173676,2320208,6216.281,1643.281,0,1583.308,0,24.989,2225,1720,1.490,1.760,1.100,1,0,6.997,0,0,18,298,0,22,0
21-06 06:36:23,21.500,6.500,69.751,0.500,0.250,5358092,146460,173752,2321368,5058.070,1458.020,0,1216.017,0,14.000,9357,17360,1.490,1.760,1.100,2,0,11.000,0,0,18,298,0,22,0
21-06 06:36:24,23.533,8.262,66.343,0,0,5371740,132672,173800,2322436,4542.401,1297.829,0,176.248,0,2.003,9028,17996,1.450,1.750,1.100,5,0,53.075,0,0,18,298,0,22,0
21-06 06:36:25,24.501,6.000,68.003,0,0,5322324,189488,173808,2314068,4518.205,1458.066,0,848.039,0,11.001,3553,12530,1.450,1.750,1.100,2,0,52.002,0,0,18,298,0,23,0
21-06 06:36:26,23.232,5.995,69.196,0,0,5357244,154552,173808,2314084,4753.293,1348.948,0,0,0,0,7223,14818,1.450,1.750,1.100,1,0,24.981,0,0,18,298,0,22,0
21-06 06:36:27,18.734,3.747,76.185,0.250,0,5374780,131872,173916,2319120,10648.890,3921.645,0,3041.398,0,299.744,2379,2133,1.450,1.750,1.100,1,0,16.985,0,0,18,298,0,22,0
21-06 06:36:28,30.428,7.732,58.861,0.249,0,5359104,146160,173920,2320500,4064.386,1131.324,271.358,506.801,2.993,22.946,11071,19139,1.450,1.750,1.100,3,0,10.974,0,0,18,298,0,22,0
21-06 06:36:29,41.954,12.310,45.220,0.251,0,5381236,123012,173920,2321500,4662.699,1465.132,514.505,643.131,4.020,23.113,11148,18542,1.500,1.750,1.100,2,0,25.122,0,0,18,298,0,22,0
21-06 06:36:30,24.488,7.246,66.466,0.250,0,5318632,192976,173952,2314120,4363.780,1565.204,255.870,723.632,1.999,31.984,2761,2185,1.500,1.750,1.100,1,0,11.994,0,0,18,298,0,19,0
21-06 06:36:31,23.480,3.497,71.439,0,0,5326928,184664,173952,2314136,4964.762,1510.710,0,1059.096,0,54.953,2355,1872,1.500,1.750,1.100,1,0,20.982,0,0,18,298,0,19,0
21-06 06:36:32,19.772,8.510,70.580,0.250,0,5314760,189780,174072,2321260,4971.620,1609.820,0,8157.220,0,172.195,3437,2749,1.500,1.750,1.100,1,0,99.112,0,0,18,298,0,19,0
21-06 06:36:33,21.632,3.232,73.598,0,0,5317400,183296,174088,2325056,9230.558,3672.928,0,692.217,0,7.957,2444,2188,1.500,1.750,1.100,1,0,18.897,0,0,18,299,0,19,0
21-06 06:36:34,20.325,3.262,76.282,0.502,0,5337128,163136,174144,2325416,21779.445,9903.580,4.015,2637.743,1.004,256.949,2714,2372,1.380,1.720,1.090,1,0,10.037,0,0,18,299,0,21,0
21-06 06:36:35,9.723,0.499,87.009,0.499,0,5336572,163136,174292,2325808,49732.474,14443.061,0,1519.797,0,47.868,1559,1665,1.380,1.720,1.090,0,0,0,0,0,18,300,0,19,0
21-06 06:36:36,13.007,2.251,83.545,0.500,0,5355824,143480,174392,2326112,136757.056,14676.948,0,1572.852,0,63.034,1878,1764,1.380,1.720,1.090,2,0,0,0,0,18,300,0,19,0
21-06 06:36:37,17.063,1.004,80.296,0.753,0,5354104,144772,174412,2326504,26002.746,15454.907,0,2015.421,0,74.273,1843,1696,1.380,1.720,1.090,1,0,0,0,0,18,300,0,19,0
21-06 06:36:38,12.438,1.493,83.834,0.746,0,5359584,138796,174500,2326912,339669.260,14791.591,31.842,1393.086,0.995,57.714,2118,2076,1.380,1.720,1.090,1,0,0,0,0,18,300,0,19,0
21-06 06:36:39,4.754,1.251,92.075,0.751,0,5357744,140304,174668,2327068,40619.906,10737.698,28.023,1597.294,4.003,88.071,1543,1864,1.270,1.690,1.090,0,0,0,0,0,18,300,0,15,0
21-06 06:36:40,12.501,1.750,82.757,1.000,0,5355728,141568,174952,2327508,97526.483,18857.640,104.009,2460.214,6.001,111.010,2203,2350,1.270,1.690,1.090,2,0,0,0,0,18,300,0,15,0
21-06 06:36:41,8.013,2.254,86.636,0.250,0,5351832,131864,175028,2340992,2689069.262,57099.379,0,2391.744,0,40.063,4160,2930,1.270,1.690,1.090,0,0,2.003,0,0,18,300,0,15,0
21-06 06:36:42,6.741,3.745,86.630,0.250,0,5345988,120252,175084,2358328,8930945.879,136309.612,0,16421.305,0,135.812,7252,5681,1.270,1.690,1.090,0,0,2.996,0,0,18,300,0,15,0
21-06 06:36:43,10.003,3.501,82.525,1.250,0,5333428,141224,175248,2350492,7154162.982,100401.861,164.050,13564.169,4.001,102.031,6627,4345,1.270,1.690,1.090,2,0,1.000,0,0,18,300,0,11,0
21-06 06:36:44,23.491,2.749,71.721,1.000,0,5335696,126748,176820,2361028,4936.033,1457.419,0,2766.897,0,83.967,2550,2292,1.250,1.680,1.090,1,0,1.000,0,0,18,300,0,11,0
21-06 06:36:45,22.494,3.749,71.482,0.500,0,5342836,131924,178816,2346192,4456.847,1457.623,0,3475.101,0,70.982,2380,2096,1.250,1.680,1.090,1,0,0,0,0,18,300,0,11,0
21-06 06:36:46,24.259,2.751,72.528,0.250,0,5343664,134052,179172,2342852,5317.066,1458.567,0,664.258,0,18.007,2241,1812,1.250,1.680,1.090,2,0,0,0,0,18,300,0,11,0
21-06 06:36:47,22.596,5.021,70.802,1.255,0,5351796,136988,180016,2331272,4583.537,1410.010,0,32944.423,0,327.395,2740,2809,1.250,1.680,1.090,1,0,0,0,0,18,300,0,9,0
21-06 06:36:48,21.410,4.481,71.199,0.249,0,5351544,133664,181008,2332976,4449.196,1451.864,0,2939.576,0,251.935,2424,2221,1.250,1.680,1.090,2,0,0,0,0,18,300,0,9,0
21-06 06:36:49,23.987,5.997,68.963,0.500,0,5356216,132328,182468,2326844,4737.431,1619.122,0,121038.351,0,1037.437,3256,3836,1.310,1.690,1.090,5,0,0,0,0,18,300,0,9,0
21-06 06:36:50,23.998,2.500,71.495,0.250,0,5356984,122904,182804,2334920,4711.647,1511.887,0,38937.082,0,248.981,2632,2648,1.310,1.690,1.090,6,0,0,0,0,18,300,0,9,0
21-06 06:36:51,22.234,3.997,71.200,1.499,0,5344220,142452,183944,2326468,4993.500,1618.865,0,2897.969,0,106.925,2487,2249,1.310,1.690,1.090,2,0,0,0,0,18,300,0,8,0
21-06 06:36:52,22.866,4.523,72.115,0.251,0,5280140,239416,184228,2293212,6657.663,1978.001,4.020,1085.489,1.005,34.173,2469,1912,1.310,1.690,1.090,1,0,20.102,0,0,18,298,0,8,0
21-06 06:36:53,19.657,3.235,75.641,0,0,5315988,198340,184368,2298264,12482.690,4646.921,3.981,1879.072,0.995,44.787,2360,2134,1.310,1.690,1.090,1,0,16.920,0,0,18,298,0,8,0
21-06 06:36:54,24.496,5.249,67.990,0.250,0,5319836,192756,184448,2299796,7004.977,1565.771,0,951.861,0,122.982,9837,17948,1.360,1.690,1.100,3,0,7.999,0,0,18,298,0,8,0
21-06 06:36:55,21.257,7.753,69.274,0,0,5331592,180000,184480,2300628,5133.755,1512.517,0,78762.920,0,766.262,3809,3499,1.360,1.690,1.100,3,0,13.004,0,0,18,298,0,5,0
21-06 06:36:56,21.735,7.745,68.202,0,0,5331436,180000,184504,2300760,3740.354,485.656,0,479.661,0,12.991,9784,17255,1.360,1.690,1.100,2,0,14.989,0,0,18,298,0,5,0
21-06 06:36:57,22.257,4.501,71.773,0.250,0,5311276,207740,184504,2293368,5401.750,1620.525,0,1220.395,0,46.015,2386,2063,1.360,1.690,1.100,1,0,5.002,0,0,18,298,0,5,0
21-06 06:36:58,21.505,5.251,71.516,0.750,0,5325872,189596,184540,2296880,4759.088,1458.333,1108.253,1868.427,43.010,22.005,2563,2544,1.360,1.690,1.100,2,0,1.000,0,0,18,298,0,5,0
21-06 06:36:59,25.042,4.257,68.365,0.751,0,5323404,191316,184540,2297628,4451.490,1406.366,420.708,1438.420,26.044,123.207,5793,7923,1.330,1.680,1.100,2,0,0,0,0,18,301,0,8,0
21-06 06:37:00,21.322,10.536,64.468,2.007,0,5288068,225760,184540,2298520,4041.697,1192.040,513.741,6943.532,24.082,554.880,7494,10476,1.330,1.680,1.100,1,0,127.432,0,0,18,300,0,8,0
21-06 06:37:01,9.481,18.961,69.358,0,0,5286940,225968,184540,2299440,5092.571,1562.799,886.185,203.583,9.980,10.978,5356,3983,1.330,1.680,1.100,1,0,301.383,0,0,18,302,0,8,0
21-06 06:37:02,11.229,5.739,70.866,11.229,0,5256996,222928,184548,2332420,4231.997,1077.962,32897.788,698.679,2157.919,9.981,4411,6112,1.330,1.680,1.100,0,1,20.960,0,0,18,300,0,10,0
21-06 06:37:03,4.992,2.746,89.112,1.997,0,5265896,211340,184556,2335100,5393.675,2361.355,2699.833,2116.733,397.387,75.883,1940,2600,1.330,1.680,1.100,0,0,5.991,0,0,18,301,0,10,0
21-06 06:37:04,3.499,1.000,94.232,0,0,5264248,212988,184556,2335104,46819.900,5361.958,0,2051.601,0,335.935,1274,1598,1.230,1.650,1.090,1,0,0,0,0,18,301,0,10,0
21-06 06:37:05,5.523,5.774,88.123,0,0,5233628,242936,184596,2335720,424533.217,9212.020,265.123,502.127,9.038,9.038,2265,2037,1.230,1.650,1.090,0,0,33.140,0,0,18,300,1,10,0
21-06 06:37:06,1.495,0.748,95.941,0,0,5227000,249136,184596,2336148,391067.386,7359.277,0,0,0,0,1200,1446,1.230,1.650,1.090,0,0,1.994,0,0,18,300,0,10,0
21-06 06:37:07,1.250,0.750,97.531,0,0,5227000,249136,184596,2336148,5161.633,1662.526,0,0,0,0,916,1255,1.230,1.650,1.090,1,0,0,0,0,18,300,0,10,0
21-06 06:37:08,1.000,0.250,96.995,0,0,5227000,249136,184596,2336148,4859.756,1619.919,0,0,0,0,837,1188,1.230,1.650,1.090,0,0,0,0,0,18,300,0,10,0
21-06 06:37:09,2.251,1.001,96.552,0.250,0,5227244,248884,184596,2336156,4562.466,1620.876,0,492.266,0,10.005,1051,1446,1.130,1.620,1.080,1,0,0,0,0,18,300,0,10,0
21-06 06:37:10,1.750,1.000,95.247,0.250,0,5227220,248884,184596,2336180,4509.846,1619.945,15.999,623.979,1.000,70.998,1635,2524,1.130,1.620,1.080,0,0,0,0,0,18,300,0,10,0
21-06 06:37:11,1.500,0.250,96.973,0,0,5227220,248884,184596,2336180,5715.425,1661.542,0,0,0,0,941,1339,1.130,1.620,1.080,0,0,0,0,0,18,300,0,10,0
21-06 06:37:12,1.250,0.500,96.525,0,0,5227216,248884,184596,2336184,5761.503,1620.423,0,92.024,0,12.003,1230,1821,1.130,1.620,1.080,0,0,1.000,0,0,18,300,0,10,0
21-06 06:37:13,1.249,0.999,96.179,0,0,5227216,248884,184596,2336184,5773.759,1456.930,0,175.871,0,19.985,1197,1713,1.130,1.620,1.080,0,0,0,0,0,18,300,0,10,0
21-06 06:37:14,2.250,0.500,97.006,0,0,5227216,248884,184596,2336184,5220.341,1620.106,0,4.000,0,1.000,1033,1306,1.040,1.600,1.080,0,0,0,0,0,18,300,0,10,0
21-06 06:37:15,1.250,0.500,96.783,0.250,0,5227216,248884,184596,2336184,5249.801,1458.500,0,308.106,0,22.008,976,1319,1.040,1.600,1.080,4,0,0,0,0,18,300,0,10,0
21-06 06:37:16,1.249,0.749,97.391,0,0,5227216,248884,184596,2336184,5516.845,1564.255,0,31.964,0,2.997,898,1241,1.040,1.600,1.080,0,0,0,0,0,18,300,0,10,0
21-06 06:37:17,1.251,0.500,97.096,0,0,5227216,248884,184596,2336184,5317.236,1513.490,0,0,0,0,914,1239,1.040,1.600,1.080,0,0,0,0,0,18,300,0,10,0
21-06 06:37:18,1.250,0.750,97.751,0,0,5227216,248884,184596,2336184,5298.035,1458.010,0,0,0,0,811,1149,1.040,1.600,1.080,1,0,0,0,0,18,300,0,10,0
21-06 06:37:19,2.000,3.500,93.763,0,0,5229652,246312,184596,2336320,4938.666,1458.197,0,0,0,0,1227,1477,0.950,1.570,1.070,0,0,2.000,0,0,18,300,0,10,0
21-06 06:37:20,2.250,1.500,93.995,0.750,0,5229732,246220,184600,2336328,4517.758,1457.922,0,22842.778,0,460.975,1771,2515,0.950,1.570,1.070,0,0,0,0,0,18,300,0,10,0
21-06 06:37:21,0.750,0.500,96.794,0,0,5229720,246220,184600,2336340,4717.149,1458.664,0,124.057,0,9.004,921,1325,0.950,1.570,1.070,0,0,0,0,0,18,300,0,10,0
21-06 06:37:22,1.750,0.500,97.002,0,0,5230216,245720,184600,2336344,4098.073,1458.026,0,64.001,0,6.000,903,1317,0.950,1.570,1.070,0,0,1.000,0,0,18,300,0,10,0
21-06 06:37:23,1.750,1.250,97.232,0.250,0,5230216,245720,184600,2336344,3977.250,1457.725,0,375.929,0,31.994,1010,1428,0.950,1.570,1.070,1,0,0,0,0,18,300,0,10,0
21-06 06:37:24,1.000,0.500,97.248,0,0,5230216,245720,184600,2336344,3917.920,1457.970,0,0,0,0,888,1264,0.880,1.540,1.070,0,0,0,0,0,18,300,0,10,0
21-06 06:37:25,6.000,5.750,86.243,0.250,0,5238528,237408,184600,2336344,4739.614,1619.868,0,40328.718,0,343.972,2745,6174,0.880,1.540,1.070,0,0,35.997,0,0,18,300,0,11,0
21-06 06:37:26,7.527,19.822,70.507,0.251,0,5237572,238160,184600,2336548,4732.216,1463.324,180.657,0,9.033,0,5680,4539,0.880,1.540,1.070,2,0,408.486,0,0,18,300,0,11,0
21-06 06:37:27,8.478,19.200,70.066,0,0,5251124,224828,184600,2336576,5026.794,1615.755,0,758.009,0,24.934,6253,5258,0.880,1.540,1.070,2,0,393.965,0,0,18,300,0,11,0
21-06 06:37:28,15.052,22.579,60.962,0,0,5286412,189500,184600,2336616,4876.984,1625.661,256.895,116.405,2.007,12.042,6592,5773,0.880,1.540,1.070,2,0,511.782,0,0,18,300,0,10,0
21-06 06:37:29,26.481,26.981,44.968,0,0,5327048,148816,184604,2336660,4856.545,1618.848,523.627,35.974,6.995,2.998,7271,6674,0.970,1.550,1.070,3,0,667.525,0,0,18,300,0,10,0
21-06 06:37:30,14.253,15.004,67.516,1.000,0,5300056,143848,184776,2368448,4751.132,1620.386,50776.099,3180.758,440.105,70.017,5232,5057,0.970,1.550,1.070,1,0,227.054,0,0,18,300,0,10,0
21-06 06:37:31,10.708,2.988,84.670,0.249,0,5300884,141892,184792,2369640,5187.770,2125.711,1314.873,0,23.907,0,2373,2306,0.970,1.550,1.070,0,0,26.895,0,0,18,301,0,10,0
21-06 06:37:32,1.249,0.999,96.697,0,0,5297584,145140,184792,2369692,60594.738,3795.916,0,0,0,0,1044,1344,0.970,1.550,1.070,0,0,0.999,0,0,18,301,0,10,0
21-06 06:37:33,1.499,0.750,95.963,0,0,5277192,165292,184792,2369932,256844.473,8186.828,0,499.806,0,16.993,1240,1426,0.970,1.550,1.070,0,0,0,0,0,18,301,0,10,0
21-06 06:37:34,2.502,2.001,94.070,0,0,5276268,165812,184792,2370336,435519.391,13017.666,0,0,0,0,1702,1680,0.970,1.540,1.070,0,0,6.004,0,0,18,301,0,10,0
21-06 06:37:35,4.497,2.748,91.432,0.250,0,5272128,169184,184792,2371104,796154.179,24737.673,0,83.938,0,6.995,2382,2533,0.970,1.540,1.070,1,0,2.998,0,0,18,301,0,10,0
21-06 06:37:36,4.506,1.502,91.876,0.250,0,5264976,175648,184812,2371772,683289.166,20991.791,16.022,4514.191,4.005,208.286,2249,2171,0.970,1.540,1.070,2,0,2.003,0,0,18,301,0,10,0
21-06 06:37:37,2.736,0.249,94.508,0,0,5262216,178376,184812,2371804,50121.136,2411.449,0,330.281,0,18.902,1369,1932,0.970,1.540,1.070,2,0,0.995,0,0,18,301,0,10,0
21-06 06:37:38,1.507,1.005,96.195,0.251,0,5258480,181888,184812,2372028,220772.404,6172.529,0,52.241,0,6.028,1205,1474,0.970,1.540,1.070,0,0,0,0,0,18,301,0,10,0
21-06 06:37:39,1.749,0.750,95.204,0.250,0,5255136,184960,184812,2372300,436711.528,11220.541,0,271.868,0,22.989,1605,1718,0.970,1.530,1.070,1,0,0,0,0,18,301,0,10,0
21-06 06:37:40,3.251,1.250,93.765,0,0,5251744,187644,184812,2373008,588022.832,14594.354,16.003,652.105,1.000,51.008,2191,2573,0.970,1.530,1.070,1,0,0,0,0,18,301,0,10,0
21-06 06:37:41,1.250,1.000,96.993,0,0,5249756,189480,184812,2373160,159188.934,4240.705,0,1679.883,0,6.000,1055,1341,0.970,1.530,1.070,0,0,0,0,0,18,301,0,10,0
21-06 06:37:42,2.251,0.750,95.544,0.250,0,5248576,190624,184812,2373200,53517.813,2844.319,0,216.100,0,16.007,1362,1858,0.970,1.530,1.070,3,0,1.000,0,0,18,301,0,10,0
21-06 06:37:43,2.250,1.000,95.512,0.250,0.250,5248188,190800,184812,2373412,231837.096,3930.476,0,472.057,0,26.003,1317,1791,0.970,1.530,1.070,0,0,0,0,0,18,301,0,10,0
21-06 06:37:44,1.750,1.000,95.733,0.250,0,5247756,190800,184812,2373844,410070.149,8746.489,0,2607.549,0,130.977,1568,2137,0.890,1.510,1.070,1,0,0,0,0,18,301,0,10,0
21-06 06:37:45,2.749,1.250,94.727,0.250,0,5249916,188532,184956,2373808,229641.291,4588.867,139.965,1323.673,4.999,53.987,1208,1571,0.890,1.510,1.070,2,0,0,0,0,18,300,0,11,0
21-06 06:37:46,12.529,13.281,69.413,3.007,0,5278840,147148,185604,2385728,4966.636,1461.424,7172.805,24016.268,267.627,746.750,6218,7391,0.890,1.510,1.070,1,1,95.223,0,0,18,300,0,11,0
21-06 06:37:47,11.750,14.501,69.002,3.000,0,5275780,141048,186300,2393792,4980.179,1620.058,1032.037,14388.518,33.001,1522.055,7595,9898,0.890,1.510,1.070,3,0,110.004,0,0,18,300,0,11,0
21-06 06:37:48,22.454,8.982,66.365,0.748,0,5280332,135392,186320,2394708,4927.985,1455.043,0,1516.917,0,89.817,3527,2729,0.890,1.510,1.070,1,0,37.923,0,0,18,300,0,11,0
21-06 06:37:49,23.761,8.004,66.530,0.500,0.250,5267824,146992,186372,2395492,5102.286,1620.726,0,1308.586,0,75.034,3548,2742,0.900,1.500,1.060,1,0,30.013,0,0,18,300,0,11,0
21-06 06:37:50,23.799,7.515,67.137,1.002,0,5273592,138068,186612,2397952,4286.771,1460.989,40.082,2168.437,3.006,109.223,3825,3882,0.900,1.500,1.060,1,0,24.049,0,0,18,300,0,11,0
21-06 06:37:51,18.272,5.507,70.586,4.005,0,5274936,128244,187272,2405232,4822.843,1621.965,5038.104,1505.824,780.946,212.257,4062,5075,0.900,1.500,1.060,1,0,16.019,0,0,18,300,0,11,0
21-06 06:37:52,15.449,6.728,70.268,5.482,0,5308192,113684,187868,2386468,5459.989,1453.206,6518.497,5290.548,967.808,105.651,4010,5011,0.900,1.500,1.060,2,0,10.964,0,0,18,300,0,11,0
21-06 06:37:53,15.807,12.796,70.756,0.753,0,5290432,159216,188168,2356892,5692.588,1517.488,545.975,341.234,33.120,24.087,3029,2433,0.900,1.500,1.060,1,0,44.160,0,0,18,300,0,11,0
21-06 06:37:54,19.686,6.977,71.519,0.498,0,5308136,138172,188188,2359588,4591.173,1560.959,247.202,2551.759,16.945,5.981,2754,1968,0.910,1.490,1.060,1,0,38.874,0,0,18,300,0,11,0
21-06 06:37:55,14.489,2.998,80.937,0,0,5248540,250208,188224,2307148,4514.500,1456.871,619.520,3.997,16.987,0.999,2135,1903,0.910,1.490,1.060,2,0,17.986,0,0,18,300,0,11,0
21-06 06:37:56,2.002,1.251,95.846,0,0,5245916,252792,188224,2307188,4793.826,1513.524,0,0,0,0,1089,1450,0.910,1.490,1.060,3,0,0,0,0,18,300,0,11,0
21-06 06:37:57,1.996,0.499,95.820,0,0,5238948,259756,188224,2307192,4657.264,1563.068,0,239.551,0,13.974,1142,1688,0.910,1.490,1.060,0,0,0,0,0,18,300,0,11,0
21-06 06:37:58,2.001,0.750,96.544,0,0,5237004,261692,188224,2307200,5042.299,1620.739,0,100.046,0,14.006,1125,1686,0.910,1.490,1.060,1,0,0,0,0,18,300,0,11,0
21-06 06:37:59,1.500,0.250,96.746,0,0,5235112,263584,188224,2307200,4919.804,1619.936,0,0,0,0,1084,1458,0.840,1.460,1.060,0,0,0,0,0,18,300,0,11,0
21-06 06:38:00,2.251,1.000,94.787,0.500,0,5233448,265240,188224,2307208,4953.937,1512.592,0,708.277,0,69.027,1531,2327,0.840,1.460,1.060,0,0,0,0,0,18,300,0,11,0
21-06 06:38:01,0.999,0.500,97.183,0,0,5231996,266688,188224,2307212,5773.043,1618.890,0,3073.893,0,202.861,941,1267,0.840,1.460,1.060,0,0,0,0,0,18,300,0,6,0
21-06 06:38:02,1.251,0.751,97.328,0,0,5230728,267956,188224,2307212,5090.097,1567.261,0,848.683,0,188.151,946,1287,0.840,1.460,1.060,1,0,1.001,0,0,18,300,0,6,0
21-06 06:38:03,0.750,0.500,97.478,0,0,5229544,269140,188224,2307212,5218.837,1619.639,0,239.947,0,16.996,904,1312,0.840,1.460,1.060,1,0,0,0,0,18,300,0,6,0
21-06 06:38:04,1.500,0.500,97.022,0,0,5229476,269244,188224,2307212,4861.107,1620.369,0,44.010,0,1.000,989,1392,0.770,1.440,1.050,0,0,0,0,0,18,300,0,6,0
21-06 06:38:05,1.249,0.750,97.203,0,0,5229476,269244,188224,2307212,5277.432,1619.212,0,0,0,0,906,1273,0.770,1.440,1.050,0,0,0,0,0,18,300,0,4,0
21-06 06:38:06,1.000,0.250,97.259,0,0,5229476,269244,188224,2307212,5633.547,1606.156,0,48.005,0,3.000,906,1253,0.770,1.440,1.050,0,0,0,0,0,18,300,0,4,0
21-06 06:38:07,1.497,1.247,96.787,0.249,0,5229472,269244,188224,2307216,4655.745,1562.558,0,47.895,0,5.987,1000,1353,0.770,1.440,1.050,0,0,0,0,0,18,300,0,4,0
21-06 06:38:08,0.752,0.752,97.231,0,0,5229468,269244,188224,2307220,4238.087,1461.479,0,64.153,0,6.014,905,1267,0.770,1.440,1.050,0,0,0,0,0,18,300,0,4,0
21-06 06:38:09,1.250,0.250,97.461,0,0,5229480,269244,188224,2307224,4378.263,1619.358,0,7.997,0,1.000,962,1322,0.710,1.420,1.050,0,0,0,0,0,18,300,0,4,0
21-06 06:38:10,2.001,0.750,96.301,0,0.250,5229480,269244,188224,2307224,4100.158,1458.768,0,104.055,0,12.006,1185,1715,0.710,1.420,1.050,0,0,0,0,0,18,300,0,4,0
21-06 06:38:11,1.250,0.500,96.745,0,0,5229480,269244,188224,2307224,6478.682,1511.926,0,191.991,0,14.999,964,1335,0.710,1.420,1.050,2,0,0,0,0,18,300,0,4,0
21-06 06:38:12,1.749,0.750,96.452,0.250,0,5229480,269244,188224,2307224,5443.315,1565.228,0,87.957,0,11.994,1259,1749,0.710,1.420,1.050,1,0,1.000,0,0,18,300,0,4,0
21-06 06:38:13,1.500,0.500,96.518,0.250,0,5229476,269244,188224,2307228,5358.988,1458.269,0,84.015,0,12.002,1123,1609,0.710,1.420,1.050,0,0,0,0,0,18,300,0,4,0
21-06 06:38:14,1.000,0.250,97.507,0,0.250,5229476,269244,188224,2307228,4592.311,1512.102,0,0,0,0,974,1362,0.650,1.390,1.040,0,0,0,0,0,18,300,0,4,0
21-06 06:38:15,0.999,0.749,96.871,0,0,5229476,269244,188224,2307228,4659.776,1563.911,0,275.632,0,21.971,947,1342,0.650,1.390,1.040,0,0,0,0,0,18,300,0,4,0
21-06 06:38:16,1.002,0.751,97.931,0,0,5229476,269244,188228,2307224,4603.520,1460.703,4.007,68.126,1.002,6.011,868,1193,0.650,1.390,1.040,0,0,0,0,0,18,300,0,4,0
21-06 06:38:17,1.250,0.250,97.475,0,0,5229472,269244,188228,2307228,5270.655,1619.587,0,0,0,0,914,1271,0.650,1.390,1.040,1,0,0,0,0,18,300,0,4,0
21-06 06:38:18,1.250,0.750,97.475,0,0,5229472,269244,188228,2307228,4976.731,1511.614,0,543.861,0,121.969,866,1240,0.650,1.390,1.040,0,0,0,0,0,18,300,0,4,0
21-06 06:38:19,1.250,0.500,96.744,0,0,5229468,269244,188228,2307232,5125.707,1619.907,0,0,0,0,1051,1411,0.600,1.370,1.040,0,0,2.000,0,0,18,300,0,4,0
21-06 06:38:20,2.001,0.750,96.796,0.250,0,5229468,269244,188228,2307232,4924.342,1620.771,0,156.074,0,12.006,1211,1712,0.600,1.370,1.040,0,0,0,0,0,18,300,0,4,0
21-06 06:38:21,1.749,0.750,96.707,0,0,5229464,269244,188228,2307236,4860.857,1565.310,0,95.958,0,12.994,1203,1741,0.600,1.370,1.040,0,0,0,0,0,18,300,0,4,0
21-06 06:38:22,1.500,1.000,95.981,0,0,5229684,269020,188232,2307236,4919.046,1619.686,0,6250.788,0,45.991,1166,1535,0.600,1.370,1.040,0,0,1.000,0,0,18,300,0,4,0
21-06 06:38:23,0.750,0.500,97.020,0.500,0,5229684,269020,188232,2307236,3266.660,756.153,0,352.071,0,27.005,955,1419,0.600,1.370,1.040,1,0,0,0,0,18,300,0,4,0
21-06 06:38:24,1.000,0.750,97.502,0,0,5229680,269020,188232,2307240,3982.079,1242.025,0,0,0,0,883,1265,0.550,1.350,1.030,0,0,0,0,0,18,300,0,4,0
21-06 06:38:25,12.042,5.519,80.532,1.004,0,5264312,233300,188412,2308148,4714.520,1463.127,1087.812,0,221.777,0,3116,9599,0.550,1.350,1.030,0,1,41.144,0,0,18,300,0,4,0
21-06 06:38:26,13.706,3.240,79.496,1.246,0,5261092,235260,188592,2309228,14630.314,10649.019,1236.056,905.112,281.103,12.959,3025,3460,0.550,1.350,1.030,3,0,4.984,0,0,18,300,0,6,0
21-06 06:38:27,14.500,5.000,78.751,0.250,0,5264200,232084,188604,2309284,15948.121,11881.090,16.000,50532.383,1.000,104.001,3002,3101,0.550,1.350,1.030,2,0,5.000,0,0,18,300,0,8,0
21-06 06:38:28,21.725,5.494,72.166,0.250,0,5284664,211324,188604,2309580,15812.553,11864.159,255.702,275.678,1.998,31.963,3073,3002,0.550,1.350,1.030,3,0,7.991,0,0,18,300,0,9,0
21-06 06:38:29,32.291,10.013,56.071,0.250,0,5312388,183444,188604,2309736,13933.579,10766.583,512.647,1862.350,4.005,321.405,3991,3449,0.670,1.360,1.030,2,0,13.016,0,0,18,300,0,10,0
21-06 06:38:30,17.782,4.759,76.387,0.250,0,5298208,197472,188604,2309888,14946.714,11661.843,256.458,324.580,2.004,32.057,2893,2817,0.670,1.360,1.030,1,0,6.011,0,0,18,300,0,11,0
21-06 06:38:31,23.040,4.257,71.375,0,0,5279516,216148,188604,2309904,14665.707,11303.814,0,284.499,0,30.053,2970,2722,0.670,1.360,1.030,3,0,19.033,0,0,18,296,0,14,0
21-06 06:38:32,76.591,12.474,10.728,0,0,4865144,630528,188604,2309928,4762.097,1508.862,7.983,227.527,1.996,18.961,4932,3269,0.670,1.360,1.030,7,0,15.967,0,0,18,270,0,17,0
21-06 06:38:33,87.355,12.265,0,0,0,4946056,549840,188604,2309952,4611.536,1567.882,0,224.269,0,19.023,5392,3366,0.670,1.360,1.030,5,0,9.011,0,0,18,257,0,18,0
21-06 06:38:34,90.059,9.480,0.249,0,0,5090928,403676,188612,2311236,4949.513,1616.575,898.097,626.672,21.953,23.949,5352,3156,1.090,1.430,1.060,5,0,11.975,0,0,18,263,0,19,0
21-06 06:38:35,76.697,12.242,10.493,0.500,0,5239164,251692,188628,2314984,27904.691,12702.211,327.773,1450.996,43.970,64.955,10459,17666,1.090,1.430,1.060,1,0,3.997,0,0,18,271,0,28,0
21-06 06:38:36,15.505,3.501,79.777,0.250,0,5272144,218468,188628,2315228,44321.843,10888.647,0,352.118,0,42.014,3515,5948,1.090,1.430,1.060,2,0,0,0,0,18,279,0,30,0
21-06 06:38:37,1.500,1.000,95.492,1.000,0,5272172,218468,188628,2315232,5159.587,1619.870,0,4051.676,0,313.975,1544,2367,1.090,1.430,1.060,0,0,0,0,0,18,279,0,28,0
21-06 06:38:38,1.500,0.250,97.468,0,0,5272392,218244,188628,2315236,4978.388,1619.476,0,47.984,0,5.998,934,1351,1.090,1.430,1.060,0,0,0,0,0,18,279,0,28,0
21-06 06:38:39,0.749,1.249,96.676,0.250,0,5271892,218744,188628,2315236,4754.358,1456.884,0,9952.376,0,1174.101,1523,1534,1.010,1.410,1.060,2,0,0,0,0,18,279,0,28,0
21-06 06:38:40,1.751,0.500,96.324,0,0,5271892,218744,188628,2315236,4521.484,1459.124,0,560.432,0,15.012,1250,1767,1.010,1.410,1.060,1,0,0,0,0,18,279,0,28,0
21-06 06:38:41,1.750,0.500,96.992,0,0,5271892,218744,188628,2315236,4686.596,1391.880,0,239.979,0,20.998,1002,1413,1.010,1.410,1.060,0,0,0,0,0,18,279,0,28,0
21-06 06:38:42,1.500,0.250,96.487,0.250,0,5272628,217992,188628,2315252,4333.423,1445.808,0,111.985,0,11.998,1151,1705,1.010,1.410,1.060,0,0,1.000,0,0,18,279,0,28,0
21-06 06:38:43,1.500,0.750,96.517,0.250,0,5272628,217992,188628,2315252,4398.759,1458.252,0,160.028,0,21.004,1202,1768,1.010,1.410,1.060,1,0,0,0,0,18,279,0,28,0
21-06 06:38:44,0.750,1.000,97.280,0,0,5272628,217992,188628,2315252,4117.282,1296.404,0,0,0,0,923,1246,0.930,1.390,1.050,1,0,0,0,0,18,279,0,28,0
21-06 06:38:45,1.492,0.249,96.010,0.249,0,5272628,217992,188628,2315252,4375.656,1450.593,0,314.395,0,25.868,1152,1737,0.930,1.390,1.050,0,0,0,0,0,18,279,0,28,0
21-06 06:38:46,1.757,1.004,95.861,0,0,5272880,217740,188628,2315252,4570.202,1300.897,0,465.753,0,46.174,1430,2099,0.930,1.390,1.050,1,0,0,0,0,18,279,0,27,0
21-06 06:38:47,1.754,1.002,96.721,0.251,0,5272876,217740,188628,2315256,4800.970,1353.092,0,176.403,0,22.050,1178,1710,0.930,1.390,1.050,0,0,0,0,0,18,279,0,27,0
21-06 06:38:48,1.000,0,97.205,0,0,5272876,217740,188628,2315256,4691.804,1403.343,0,0,0,0,900,1282,0.930,1.390,1.050,1,0,0,0,0,18,279,0,27,0
21-06 06:38:49,1.249,0.999,97.146,0,0,5272876,217740,188632,2315252,4215.467,1456.434,0,327.648,0,20.977,1052,1414,0.850,1.360,1.040,0,0,0,0,0,18,279,0,27,0
21-06 06:38:50,2.002,0.500,96.075,0,0,5272864,217740,188632,2315264,4421.463,1579.237,0,112.088,0,12.009,1249,1811,0.850,1.360,1.040,2,0,0,0,0,18,279,0,27,0
21-06 06:38:51,7.245,1.499,90.191,0.500,0,5272084,218508,188632,2315276,4577.989,1762.841,0,531.650,0,53.965,2470,3680,0.850,1.360,1.040,1,0,0,0,0,18,279,0,27,0
21-06 06:38:52,0.750,0.500,97.527,0,0,5272064,218508,188632,2315296,5341.501,1620.455,0,164.046,0,9.003,1046,1449,0.850,1.360,1.040,2,0,1.000,0,0,18,279,0,27,0
21-06 06:38:53,1.252,0.751,97.443,0,0,5271964,218608,188632,2315296,6312.499,1623.214,0,0,0,0,917,1277,0.850,1.360,1.040,0,0,0,0,0,18,279,0,27,0
21-06 06:38:54,0.499,0.499,97.070,0.250,0,5271964,218608,188632,2315296,5629.575,1617.006,0,343.364,0,21.959,987,1384,0.780,1.340,1.040,1,0,0,0,0,18,279,0,27,0
21-06 06:38:55,2.250,0.750,95.987,0.250,0,5271956,218608,188632,2315304,5279.302,1619.786,0,395.948,0,36.995,1480,2286,0.780,1.340,1.040,1,0,1.000,0,0,18,279,0,27,0
21-06 06:38:56,2.500,1.500,95.752,0,0,5272172,218356,188632,2315340,5777.126,1620.035,0,152.003,0,27.001,1382,2040,0.780,1.340,1.040,0,0,0,0,0,18,279,0,27,0
21-06 06:38:57,1.999,0.500,95.434,0.250,0,5272168,218356,188632,2315344,5368.266,1510.949,0,259.819,0,31.978,1345,2044,0.780,1.340,1.040,2,0,0,0,0,18,279,0,27,0
21-06 06:38:58,1.750,0.750,96.524,0,0,5272164,218356,188632,2315348,5507.380,1566.392,0,96.024,0,12.003,1056,1565,0.780,1.340,1.040,1,0,0,0,0,18,279,0,27,0
21-06 06:38:59,1.000,0.250,97.290,0,0,5272164,218356,188632,2315348,4861.987,1620.662,0,0,0,0,921,1254,0.720,1.320,1.030,0,0,0,0,0,18,279,0,27,0
21-06 06:39:00,1.748,0.999,95.874,0,0,5272152,218356,188632,2315360,4392.239,1456.090,0,739.031,0,55.927,1280,1903,0.720,1.320,1.030,0,0,0,0,0,18,279,0,27,0
21-06 06:39:01,1.502,0.250,97.369,0,0,5272152,218356,188632,2315360,5183.320,1621.978,0,112.137,0,8.010,979,1347,0.720,1.320,1.030,0,0,0,0,0,18,279,0,27,0
21-06 06:39:02,1.250,0.500,97.485,0,0,5272148,218356,188632,2315364,4937.242,1457.776,0,0,0,0,882,1235,0.720,1.320,1.030,0,0,1.000,0,0,18,279,0,27,0
21-06 06:39:03,33.108,7.775,57.437,0.251,0,4931616,558368,188772,2315856,5612.276,1701.541,497.620,341.111,32.105,20.065,3688,2793,0.720,1.320,1.030,1,0,78.255,0,0,18,275,0,29,0
21-06 06:39:04,21.944,4.489,72.316,0.249,0,5001608,488320,188772,2315908,5328.407,1787.440,55.858,3.990,0.997,0.997,2090,1663,0.740,1.310,1.030,1,0,0,0,0,18,275,0,29,0
21-06 06:39:05,23.088,4.768,71.020,0,0,5065452,423708,188772,2316696,5619.384,1965.480,72.275,2116.053,6.023,417.589,3220,4880,0.740,1.310,1.030,1,0,6.023,0,0,18,275,0,29,0
21-06 06:39:06,22.002,6.001,70.756,0.250,0,5168448,320712,188776,2316708,5233.481,1306.120,0,1492.137,0,28.003,2958,2812,0.740,1.310,1.030,1,0,17.002,0,0,18,279,0,31,0
21-06 06:39:07,23.888,2.737,71.415,0.249,0,5176824,312324,188776,2316720,5703.215,1624.371,0,597.195,0,47.776,2408,2253,0.740,1.310,1.030,1,0,0,0,0,18,279,0,31,0
21-06 06:39:08,9.003,1.751,88.781,0,0,5188668,300292,188776,2316908,5421.902,1542.541,0,328.115,0,59.021,1411,1525,0.740,1.310,1.030,0,0,1.000,0,0,18,279,0,31,0
21-06 06:39:09,1.000,0.750,97.226,0,0,5186212,302764,188776,2316908,5038.761,1759.567,0,91.977,0,10.997,986,1394,0.680,1.290,1.030,0,0,0,0,0,18,279,0,31,0
21-06 06:39:10,1.995,0.499,95.772,0,0,5183604,305368,188776,2316912,4668.864,1616.145,0,151.638,0,22.945,1263,1762,0.680,1.290,1.030,0,0,0,0,0,18,279,0,31,0
21-06 06:39:11,1.504,1.003,97.261,0,0,5182296,306676,188776,2316912,5297.191,1570.206,0,184.494,0,1.003,995,1354,0.680,1.290,1.030,1,0,0,0,0,18,279,0,31,0
21-06 06:39:12,1.002,1.002,96.910,0.250,0,5180412,308556,188776,2316916,6356.494,1568.590,0,112.185,0,12.020,1177,1681,0.680,1.290,1.030,1,0,1.002,0,0,18,279,0,31,0
21-06 06:39:13,1.498,0.499,97.104,0,0,5177720,311248,188776,2316916,5691.460,1707.438,0,179.730,0,19.970,1184,1691,0.680,1.290,1.030,0,0,0,0,0,18,279,0,31,0
21-06 06:39:14,0.750,0.500,97.699,0,0,5175312,313656,188776,2316916,4737.522,1619.153,0,0,0,0,896,1258,0.630,1.270,1.020,0,0,0,0,0,18,279,0,31,0
21-06 06:39:15,1.751,0.250,96.826,0,0,5173752,315216,188776,2316916,5090.017,1567.237,0,312.246,0,22.017,1016,1393,0.630,1.270,1.020,0,0,0,0,0,18,279,0,31,0
21-06 06:39:16,1.250,0.750,96.465,0.250,0,5172360,316608,188776,2316916,5027.181,1511.453,0,151.945,0,24.991,1302,1945,0.630,1.270,1.020,0,0,0,0,0,18,279,0,31,0
21-06 06:39:17,2.000,0.500,96.482,0.250,0,5171348,317616,188776,2316920,5325.034,1705.691,0,79.985,0,12.998,1144,1663,0.630,1.270,1.020,0,0,0,0,0,18,279,0,31,0
21-06 06:39:18,0.999,0.749,97.674,0,0.250,5170680,318284,188776,2316920,5293.871,1456.864,0,0,0,0,819,1190,0.630,1.270,1.020,0,0,0,0,0,18,279,0,31,0
21-06 06:39:19,1.001,0.500,96.838,0,0,5170580,318384,188776,2316920,5464.939,1621.465,0,336.304,0,21.019,1010,1400,0.740,1.280,1.030,0,0,0,0,0,18,279,0,31,0
21-06 06:39:20,2.749,0.750,95.727,0.500,0,5170328,318636,188776,2316920,4636.881,1457.648,0,2239.460,0,107.974,1352,2057,0.740,1.280,1.030,0,0,0,0,0,18,279,0,31,0
21-06 06:39:21,1.250,0.750,96.274,0,0,5170296,318668,188776,2316920,5096.244,1578.385,0,4197.025,0,536.131,1206,1449,0.740,1.280,1.030,0,0,0,0,0,18,279,0,31,0
21-06 06:39:22,1.250,0.500,97.237,0,0,5170340,318624,188776,2316920,4923.318,1763.756,0,51.993,0,5.999,999,1372,0.740,1.280,1.030,0,0,1.000,0,0,18,279,0,31,0
21-06 06:39:23,1.000,0.750,97.006,0.500,0,5170304,318652,188776,2316928,4342.283,1332.087,0,144.009,0,16.001,965,1374,0.740,1.280,1.030,0,0,0,0,0,18,279,0,31,0
21-06 06:39:24,1.000,0.500,96.977,0,0,5170304,318652,188776,2316928,3135.252,755.820,0,0,0,0,844,1263,0.680,1.260,1.020,0,0,0,0,0,18,279,0,31,0
21-06 06:39:25,6.501,3.751,89.271,0,0,5167620,321336,188776,2316928,4278.987,1458.336,0,0,0,0,2215,5820,0.680,1.260,1.020,0,0,36.008,0,0,18,279,0,32,0
21-06 06:39:26,2.255,0.752,95.707,0,0,5167608,321336,188776,2316940,4484.715,1545.348,0,172.373,0,24.052,1447,2128,0.680,1.260,1.020,1,0,0,0,0,18,279,0,32,0
21-06 06:39:27,1.746,0.499,96.041,0,0,5167608,321336,188776,2316940,5208.677,1616.486,0,231.497,0,29.935,1271,1862,0.680,1.260,1.020,1,0,0,0,0,18,279,0,29,0
21-06 06:39:28,1.500,0.500,97.026,0,0,5160432,328512,188780,2316936,4691.265,1620.437,0,172.046,0,19.005,1107,1681,0.680,1.260,1.020,0,0,0,0,0,18,279,0,29,0
21-06 06:39:29,2.244,1.247,95.496,0.249,0,5161432,327504,188780,2316944,5086.462,1615.700,0,155.586,0,13.963,1313,1825,0.620,1.240,1.010,0,0,0.997,0,0,18,279,0,29,0
21-06 06:39:30,3.012,1.004,95.135,0,0,5161428,327504,188780,2316948,4518.276,1626.579,0,204.828,0,22.089,1453,2047,0.620,1.240,1.010,0,0,2.008,0,0,18,279,0,29,0
21-06 06:39:31,0.998,0.499,97.339,0,0,5161428,327504,188780,2316948,4854.986,1563.419,0,107.822,0,7.987,967,1335,0.620,1.240,1.010,0,0,0,0,0,18,279,0,24,0
21-06 06:39:32,1.503,0.250,96.923,0.250,0,5161428,327504,188780,2316948,4419.903,1514.708,0,104.186,0,8.014,976,1338,0.620,1.240,1.010,0,0,1.002,0,0,18,279,0,24,0
21-06 06:39:33,1.002,1.252,97.688,0,0,5162056,326748,188780,2317076,3420.585,1226.361,0,348.671,0,25.048,1005,1399,0.620,1.240,1.010,3,0,9.017,0,0,18,279,0,24,0
21-06 06:39:34,15.998,14.249,67.993,0,0,5204700,284060,188780,2317120,4423.559,1543.846,0,0,0,0,5184,4674,0.650,1.230,1.010,1,0,310.969,0,0,18,279,0,24,0
21-06 06:39:35,22.403,2.738,72.933,0,0,5259852,228900,188780,2317132,5397.542,3256.846,0,0,0,0,2352,1957,0.650,1.230,1.010,2,0,1.991,0,0,18,280,0,16,0
21-06 06:39:36,21.024,3.254,73.833,0.751,0,5254880,233636,188780,2317368,13404.086,9169.320,192.216,905.019,12.014,102.115,4327,5570,0.650,1.230,1.010,1,0,1.001,0,0,18,280,0,18,0
21-06 06:39:37,36.496,6.999,54.244,0.250,0,5240288,247876,188784,2317716,10616.894,4158.567,239.975,1131.882,14.998,130.986,5834,7334,0.650,1.230,1.010,2,0,25.997,0,0,18,279,0,19,0
21-06 06:39:38,36.822,8.266,54.607,0.501,0,5353272,134728,188796,2317868,26696.282,21955.999,112.220,396.777,5.010,62.122,3787,3071,0.650,1.230,1.010,1,0,5.010,0,0,18,280,0,25,0
21-06 06:39:39,19.453,5.487,73.072,0.499,0,5332256,187520,188740,2286860,23336.231,18815.229,0,2849.069,0,160.609,3203,3164,0.600,1.210,1.010,0,0,34.915,0,0,18,279,0,21,0
21-06 06:39:40,2.001,1.000,95.783,0,0,5332256,187520,188740,2286860,4593.581,1512.521,0,136.047,0,20.007,1230,1884,0.600,1.210,1.010,1,0,0,0,0,18,279,0,21,0
21-06 06:39:41,1.250,0.750,96.751,0,0,5327912,191864,188740,2286860,5343.058,1566.017,0,248.003,0,19.000,1039,1480,0.600,1.210,1.010,0,0,0,0,0,18,279,0,21,0
21-06 06:39:42,1.000,0.750,96.718,0.500,0,5304096,215680,188740,2286860,4696.470,1541.498,0,2491.189,0,413.865,1292,1862,0.600,1.210,1.010,0,0,1.000,0,0,18,279,0,21,0
21-06 06:39:43,2.000,0.750,97.014,0,0,5304096,215680,188740,2286860,4920.693,1662.234,0,84.012,0,12.002,1049,1561,0.600,1.210,1.010,0,0,0,0,0,18,279,0,21,0
21-06 06:39:44,1.500,0.500,96.491,0,0,5301136,218636,188740,2286864,4711.545,1511.854,0,51.995,0,5.999,1008,1397,0.550,1.190,1,0,0,0,0,0,18,279,0,21,0
21-06 06:39:45,1.500,0.750,96.758,0,0,5298352,221416,188740,2286868,4682.410,1620.142,0,328.029,0,27.002,1025,1465,0.550,1.190,1,0,0,0,0,0,18,279,0,21,0
21-06 06:39:46,1.500,0.750,96.012,0.250,0,5294388,225380,188740,2286868,5237.630,1620.195,0,244.029,0,30.004,1413,2088,0.550,1.190,1,0,0,0,0,0,18,279,0,21,0
21-06 06:39:47,1.501,0.750,96.533,0.250,0,5287948,231820,188740,2286868,4801.635,1620.552,0,380.129,0,32.011,1347,2050,0.550,1.190,1,0,0,1.000,0,0,18,279,0,21,0
21-06 06:39:48,0.500,0.750,97.225,0,0,5284320,235444,188740,2286872,4734.782,1565.597,0,107.972,0,7.998,883,1296,0.550,1.190,1,0,0,0,0,0,18,279,0,21,0
21-06 06:39:49,1.250,0.500,97.235,0.250,0,5281152,238612,188740,2286872,4559.282,1619.745,0,491.923,0,37.994,1070,1526,0.510,1.170,1,0,0,0,0,0,18,279,0,21,0
21-06 06:39:50,1.749,0.750,96.470,0,0,5278380,241384,188740,2286872,4498.606,1619.498,0,91.971,0,11.996,1160,1734,0.510,1.170,1,0,0,0,0,0,18,279,0,21,0
21-06 06:39:51,1.500,0.250,97.742,0.250,0,5275952,243812,188740,2286872,4788.615,1511.879,0,195.984,0,15.999,991,1381,0.510,1.170,1,0,0,0,0,0,18,279,0,21,0
21-06 06:39:52,0.750,0.750,97.007,0,0,5274844,244912,188740,2286880,5338.391,1698.124,0,68.005,0,7.001,1011,1403,0.510,1.170,1,0,0,1.000,0,0,18,279,0,21,0
21-06 06:39:53,1.500,0.750,97.262,0.250,0,5274840,244912,188740,2286884,6344.759,1644.197,0,80.010,0,12.001,952,1356,0.510,1.170,1,0,0,0,0,0,18,279,0,21,0
21-06 06:39:54,0.750,0.500,97.726,0,0,5274840,244912,188740,2286884,5116.721,1457.636,0,0,0,0,864,1237,0.470,1.150,0.990,0,0,0,0,0,18,279,0,21,0
21-06 06:39:55,1.000,0.500,97.005,0,0,5274840,244912,188740,2286884,4606.215,1566.073,0,0,0,0,903,1310,0.470,1.150,0.990,0,0,0,0,0,18,279,0,21,0
21-06 06:39:56,2.509,1.255,95.850,0.251,0,5274804,244912,188740,2286920,4746.340,1517.544,0,357.305,0,39.143,1399,2009,0.470,1.150,0.990,0,0,0,0,0,18,279,0,21,0
21-06 06:39:57,1.748,1.249,94.908,0.500,0,5274792,244912,188740,2286932,4661.462,1564.477,0,1982.070,0,142.861,1630,2610,0.470,1.150,0.990,0,0,0,0,0,18,279,0,21,0
21-06 06:39:58,1.247,0.249,96.979,0,0,5274788,244912,188740,2286936,5057.844,1549.663,0,347.029,0,25.927,1118,1671,0.470,1.150,0.990,2,0,0,0,0,18,279,0,21,0
21-06 06:39:59,1.000,0.500,97.546,0,0,5274788,244912,188740,2286936,4666.219,1458.694,0,248.118,0,14.007,940,1357,0.430,1.130,0.980,0,0,0,0,0,18,279,0,21,0
21-06 06:40:00,1.500,1.000,96.226,0.500,0,5274788,244912,188740,2286936,5350.650,1565.605,0,1663.580,0,81.979,1231,1974,0.430,1.130,0.980,0,0,0,0,0,18,279,0,21,0
21-06 06:40:01,1.250,0.500,97.527,0,0,5267196,252504,188740,2286936,5956.637,1512.416,0,48.013,0,3.001,945,1293,0.430,1.130,0.980,1,0,0,0,0,18,279,0,21,0
21-06 06:40:02,0.750,0.750,97.288,0,0,5267196,252504,188740,2286936,5594.180,1566.610,0,868.338,0,192.075,1073,1314,0.430,1.130,0.980,0,0,1.000,0,0,18,279,0,21,0
21-06 06:40:03,1.000,0.250,97.247,0,0,5267196,252504,188740,2286936,5251.814,1511.946,0,223.992,0,15.999,886,1315,0.430,1.130,0.980,0,0,0,0,0,18,279,0,19,0
21-06 06:40:04,0.500,0.750,97.993,0,0,5267196,252504,188740,2286936,5701.598,1619.886,0,23.998,0,1.000,922,1318,0.400,1.110,0.980,0,0,0,0,0,18,279,0,19,0
21-06 06:40:05,1.000,0.250,97.766,0,0,5267196,252504,188740,2286936,5520.930,1620.273,0,0,0,0,926,1313,0.400,1.110,0.980,0,0,0,0,0,18,279,0,19,0
21-06 06:40:06,2.250,0.750,96.011,0.250,0,5267192,252504,188740,2286940,5845.693,1714.203,0,300.036,0,33.004,1482,2138,0.400,1.110,0.980,1,0,2.000,0,0,18,279,0,19,0
21-06 06:40:07,1.749,0.750,96.706,0,0,5267192,252504,188740,2286940,5029.709,1631.257,0,131.940,0,17.992,1217,1753,0.400,1.110,0.980,0,0,0,0,0,18,279,0,19,0
21-06 06:40:08,1.500,0.500,97.242,0,0,5267188,252504,188740,2286944,5269.558,1849.845,0,63.995,0,5.999,905,1311,0.400,1.110,0.980,0,0,0,0,0,18,279,0,17,0
21-06 06:40:09,1.499,1.749,95.214,0.250,0,5270848,248840,188740,2286948,5084.087,1565.411,0,327.877,0,23.991,1245,1541,0.360,1.100,0.970,0,0,17.993,0,0,18,279,0,17,0
21-06 06:40:10,2.250,0.750,95.765,0,0,5271072,248616,188740,2286948,4652.736,1512.239,0,184.029,0,26.004,1186,1772,0.360,1.100,0.970,0,0,0,0,0,18,279,0,17,0
21-06 06:40:11,1.499,0.750,95.961,0,0,5269700,249976,188740,2286960,5760.655,1565.363,0,175.928,0,10.996,1122,1436,0.360,1.100,0.970,0,0,0,0,0,18,279,0,17,0
21-06 06:40:12,1.747,0.998,96.847,0.250,0,5269952,249724,188740,2286960,6082.396,1509.616,0,91.855,0,13.978,1200,1676,0.360,1.100,0.970,0,0,0.998,0,0,18,279,0,17,0
21-06 06:40:13,1.505,0.251,96.551,0,0,5269948,249724,188740,2286964,5826.137,1570.890,0,84.262,0,12.037,1138,1691,0.360,1.100,0.970,0,0,0,0,0,18,279,0,17,0
21-06 06:40:14,0.999,0.749,97.905,0,0,5270172,249500,188740,2286964,4649.506,1510.540,0,191.815,0,35.965,877,1284,0.330,1.080,0.970,0,0,0,0,0,18,279,0,17,0
21-06 06:40:15,1.250,0.500,97.015,0.250,0,5270172,249500,188740,2286964,4998.781,1458.228,0,280.044,0,22.003,976,1354,0.330,1.080,0.970,0,0,0,0,0,18,279,0,17,0
21-06 06:40:16,2.247,0.749,95.641,0.250,0,5270168,249500,188740,2286968,4473.904,1240.587,0,367.581,0,36.958,1398,2083,0.330,1.080,0.970,0,0,0,0,0,18,279,0,17,0
21-06 06:40:17,1.501,0.751,96.323,0,0,5270168,249500,188740,2286968,4659.551,1296.988,0,84.064,0,12.009,1199,1727,0.330,1.080,0.970,0,0,0,0,0,18,279,0,17,0
21-06 06:40:18,1.250,0.750,97.499,0,0,5270164,249500,188740,2286972,4989.937,1457.982,0,599.992,0,126.998,932,1259,0.330,1.080,0.970,0,0,0,0,0,18,279,0,17,0
21-06 06:40:19,1.250,0.750,97.507,0.250,0,5270164,249500,188740,2286972,5392.382,1620.115,0,284.020,0,21.001,970,1394,0.390,1.080,0.970,0,0,0,0,0,18,279,0,17,0
21-06 06:40:20,1.500,0.750,97.023,0,0,5270164,249500,188740,2286972,5393.272,1620.382,0,92.022,0,12.003,1130,1660,0.390,1.080,0.970,0,0,0,0,0,18,279,0,17,0
21-06 06:40:21,2.251,0.750,95.527,0.250,0,5270160,249500,188740,2286976,5358.519,1512.429,0,504.143,0,41.012,1331,1927,0.390,1.080,0.970,3,0,0,0,0,18,279,0,17,0
21-06 06:40:22,1.249,0.750,96.959,0,0,5270408,249252,188740,2286976,5043.885,1685.293,0,71.970,0,9.996,1065,1471,0.390,1.080,0.970,0,0,1.000,0,0,18,279,0,17,0
21-06 06:40:23,1.001,0.500,97.078,0,0,5270408,249252,188740,2286976,4867.907,1765.417,0,64.051,0,6.005,943,1326,0.390,1.080,0.970,0,0,0,0,0,18,279,0,17,0
21-06 06:40:24,1.250,0.500,97.502,0,0,5270404,249252,188740,2286980,4680.085,1620.029,0,0,0,0,911,1310,0.360,1.060,0.960,2,0,0,0,0,18,279,0,17,0
21-06 06:40:25,6.990,4.244,87.629,0.250,0,5270580,249000,188744,2286888,4032.444,1455.994,75.895,0,10.985,0,2482,11464,0.360,1.060,0.960,1,0,38.946,0,0,18,279,0,18,0
21-06 06:40:26,2.506,0.501,95.722,0.251,0,5270468,249108,188744,2287056,4693.887,1569.641,0,276.642,0,33.077,1377,2050,0.360,1.060,0.960,0,0,0,0,0,18,279,0,18,0
21-06 06:40:27,1.496,0.748,95.748,0.249,0.249,5270468,249108,188744,2287056,3915.681,1023.303,0,231.390,0,29.921,1326,1980,0.360,1.060,0.960,0,0,0,0,0,18,279,0,18,0
21-06 06:40:28,1.751,1.001,96.561,0,0,5269456,250120,188744,2287056,4678.950,1651.041,0,168.106,0,19.012,1193,1748,0.360,1.060,0.960,2,0,0,0,0,18,279,0,17,0
21-06 06:40:29,6.263,3.507,88.178,0,0,5287272,232288,188744,2287072,10213.659,2894.856,0,100.203,0,12.024,2027,2211,0.410,1.060,0.960,2,0,37.075,0,0,18,279,0,17,0
21-06 06:40:30,18.951,3.740,76.054,0,0,5304356,214900,188744,2287384,12503.804,9484.578,0,119.692,0,11.969,3014,3532,0.410,1.060,0.960,2,0,0,0,0,18,282,0,17,0
21-06 06:40:31,7.773,7.020,83.242,0.251,0,5291604,227612,188744,2287424,6250.198,3475.118,24.070,116.339,3.009,16.047,3063,2772,0.410,1.060,0.960,2,0,107.312,0,0,18,283,0,18,0
21-06 06:40:32,7.258,20.022,69.828,0,0,5303136,216060,188744,2287444,4042.517,1459.631,0,0,0,0,5719,4384,0.410,1.060,0.960,2,0,343.384,0,0,18,283,0,18,0
21-06 06:40:33,18.261,8.255,72.293,0.250,0,5341616,177336,188744,2287688,16232.635,2605.546,220.131,1072.637,10.006,48.029,2920,2431,0.410,1.060,0.960,1,0,51.030,0,0,18,283,0,18,0
21-06 06:40:34,23.917,4.734,70.006,0,0,5392568,126340,188748,2287728,4436.538,1548.603,23.917,79.722,2.990,2.990,2457,1926,0.460,1.060,0.960,1,0,8.969,0,0,18,283,0,18,0
21-06 06:40:35,25.993,3.999,69.232,0.250,0,5355124,188628,188900,2263148,4760.743,1739.541,531.860,51.986,33.991,1.999,2610,2258,0.460,1.060,0.960,1,0,2.999,0,0,18,282,0,18,1
21-06 06:40:36,30.259,6.252,62.269,0.250,0,5425064,118420,188900,2263384,4794.470,1752.537,68.021,948.291,5.002,33.010,3723,4204,0.460,1.060,0.960,1,0,5.002,0,0,18,281,0,16,2
21-06 06:40:37,25.253,4.501,67.259,0.750,0,5420348,122844,188904,2263672,9227.220,2931.388,4.001,992.131,1.000,120.016,7529,10726,0.460,1.060,0.960,2,0,0,0,0,18,285,0,17,2
21-06 06:40:38,27.722,4.496,64.436,1.249,0,5435356,125304,188832,2246568,6460.542,2568.433,931.069,8843.161,58.941,906.094,5316,7295,0.460,1.060,0.960,0,0,0.999,0,0,18,288,0,19,2
21-06 06:40:39,4.271,1.005,93.213,0.502,0,5435588,125052,188832,2246588,6339.497,1694.419,0,494.457,0,55.275,1797,2449,0.500,1.060,0.970,1,0,0,0,0,18,289,0,19,2
21-06 06:40:40,12.690,2.239,81.613,1.244,0,5437912,122280,188836,2247032,6972.952,2956.986,207.019,1520.792,10.948,222.943,4047,6048,0.500,1.060,0.970,1,0,0,0,0,18,288,0,8,2
21-06 06:40:41,8.737,2.247,86.875,0.749,0,5438552,121524,188836,2247148,11853.981,3347.194,63.908,710.979,3.994,93.865,2936,4015,0.500,1.060,0.970,1,0,0,0,0,18,288,0,8,2
21-06 06:40:42,13.551,2.259,81.307,0.251,0,5438952,121020,188836,2247252,4649.573,1571.941,16.061,931.521,1.004,103.391,4323,6114,0.500,1.060,0.970,1,0,1.004,0,0,18,291,0,10,2
21-06 06:40:43,26.304,5.261,65.135,1.503,0,5432268,136200,188828,2239496,4613.542,1461.022,4.008,3839.942,1.002,378.783,7946,12522,0.500,1.060,0.970,1,0,1.002,0,0,18,291,0,12,2
21-06 06:40:44,21.393,5.721,68.407,1.741,0,5432740,135452,188836,2239764,5836.713,2552.194,15.920,6650.629,0.995,539.294,6948,10285,0.540,1.050,0.970,0,0,0,0,0,18,290,0,14,2
21-06 06:40:45,7.756,1.501,88.569,0.500,0,5432932,135228,188836,2239796,5617.386,1922.501,0,1293.010,0,91.071,2296,3069,0.540,1.050,0.970,1,0,0,0,0,18,290,0,14,2
21-06 06:40:46,6.251,1.500,90.008,1.000,0,5432132,135860,188836,2239964,10810.934,2889.250,0,1668.144,0,152.013,2664,3817,0.540,1.050,0.970,1,0,0,0,0,18,291,0,14,2
21-06 06:40:47,24.500,5.750,65.750,1.750,0.250,5433068,134600,188836,2240288,4605.988,1565.996,0,3331.991,0,385.999,7922,12700,0.540,1.050,0.970,2,0,0,0,0,18,290,0,15,2
21-06 06:40:48,24.521,5.004,66.308,1.501,0,5434932,132584,188836,2240440,4401.829,1459.270,16.014,3066.668,1.001,304.265,7292,10618,0.540,1.050,0.970,2,0,0,0,0,18,290,0,17,2
21-06 06:40:49,4.992,2.247,90.859,0.749,0,5436044,131408,188836,2240504,5563.373,2449.202,0,7124.951,0,805.751,2639,3597,0.500,1.040,0.960,4,0,0,0,0,18,290,0,17,2
21-06 06:40:50,11.246,2.999,81.970,1.250,0,5435780,131456,188840,2240716,5763.905,2506.089,0,8444.930,0,556.798,4122,6426,0.500,1.040,0.960,1,0,0,0,0,18,290,0,18,2
21-06 06:40:51,12.240,2.498,83.185,0.999,0,5435952,131204,188844,2240792,5450.736,2398.124,0,1195.065,0,154.879,3576,4900,0.500,1.040,0.960,0,0,0,0,0,18,290,0,20,2
21-06 06:40:52,13.517,1.752,83.353,0,0,5436880,129948,188844,2241120,5318.595,1513.877,148.184,8.010,8.010,1.001,2722,2904,0.500,1.040,0.960,1,0,1.001,0,0,18,292,0,20,2
21-06 06:40:53,6.753,1.501,89.790,0.750,0,5436776,129976,188844,2241196,11927.346,3527.581,0,760.341,0,103.046,2647,3773,0.500,1.040,0.960,0,0,0,0,0,18,290,0,20,2
21-06 06:40:54,8.245,1.999,87.702,0.500,0,5436728,129976,188848,2241240,12449.122,3458.089,0,715.605,0,101.944,2722,3726,0.460,1.020,0.950,0,0,0,0,0,18,290,0,20,2
21-06 06:40:55,7.251,1.750,88.261,0.750,0,5436900,129752,188848,2241292,11903.473,3406.422,0,1504.186,0,161.020,2992,4176,0.460,1.020,0.950,0,0,1.000,0,0,18,290,0,20,2
21-06 06:40:56,17.759,4.252,74.540,1.251,0,5437168,129212,188848,2241564,4939.631,1620.863,0,2641.407,0,272.145,6178,9467,0.460,1.020,0.950,2,0,0,0,0,18,291,0,20,2
21-06 06:40:57,25.360,5.022,67.041,1.004,0,5438356,127792,188852,2241792,5182.459,1627.051,0,3406.764,0,312.354,8081,12192,0.460,1.020,0.950,1,0,0,0,0,18,292,0,21,2
21-06 06:40:58,24.889,5.973,65.208,1.493,0,5438188,127288,188852,2242464,5375.931,1612.779,0,7450.642,0,626.196,9052,14511,0.460,1.020,0.950,1,0,0,0,0,18,291,0,21,2
21-06 06:40:59,21.011,3.752,72.287,0.750,0,5440092,125284,188852,2242564,4954.528,1512.772,0,1884.962,0,145.074,5964,8498,0.420,1,0.950,0,0,1.001,0,0,18,292,0,21,2
21-06 06:41:00,3.748,1.499,92.961,0,0,5440080,125284,188852,2242576,4783.996,1565.344,0,231.903,0,24.990,1719,2204,0.420,1,0.950,0,0,0,0,0,18,292,0,21,2
21-06 06:41:01,4.001,0.750,93.026,0,0,5440176,125032,188852,2242732,5202.453,1512.422,0,212.059,0,12.003,1557,1792,0.420,1,0.950,1,0,0,0,0,18,292,0,21,2
21-06 06:41:02,16.501,4.000,76.757,1.250,0,5440544,124528,188856,2242864,5172.439,1566.133,0,1376.117,0,193.016,5547,8545,0.420,1,0.950,2,0,1.000,0,0,18,292,0,21,2
21-06 06:41:03,26.254,5.001,66.011,1.500,0,5440752,124024,188856,2243160,4858.807,1512.251,0,3232.537,0,355.059,8729,13345,0.420,1,0.950,2,0,0,0,0,18,292,0,21,2
21-06 06:41:04,18.986,4.247,72.948,1.249,0,5434004,149056,188856,2226088,4874.498,1456.953,271.805,8421.949,15.989,993.286,6561,9496,0.390,0.980,0.940,1,0,0,0,0,18,291,0,21,2
21-06 06:41:05,8.743,2.248,86.182,0.500,0,5435236,147824,188856,2226088,4962.097,1564.769,0,6798.653,0,167.868,2662,3830,0.390,0.980,0.940,3,0,0,0,0,18,292,0,23,2
21-06 06:41:06,7.742,2.248,87.907,1.249,0,5444580,138372,188856,2226196,6665.965,2515.345,0,1422.499,0,148.843,2859,4349,0.390,0.980,0.940,0,0,1.998,0,0,18,291,0,24,2
21-06 06:41:07,9.767,2.254,84.648,1.503,0,5448732,134088,188856,2226328,6490.335,2385.166,64.112,5946.385,4.007,429.751,3764,5692,0.390,0.980,0.940,1,0,0,0,0,18,291,0,26,2
21-06 06:41:08,5.752,1.501,91.282,0.250,0,5449320,133332,188856,2226496,4639.629,1458.512,0,812.285,0,71.025,2107,2846,0.390,0.980,0.940,0,0,0,0,0,18,292,0,26,2
21-06 06:41:09,25.252,4.750,67.506,1.000,0,5467864,134528,188856,2208344,9393.811,3577.309,80.007,1812.157,5.000,240.021,5573,7426,0.600,1.020,0.960,1,0,0,0,0,18,291,0,33,2
21-06 06:41:10,7.784,0.753,90.141,0.502,0,5467812,134528,188856,2208396,8308.061,2199.547,0,241.046,0,24.105,1821,2195,0.600,1.020,0.960,1,0,0,0,0,18,292,0,33,2
21-06 06:41:11,7.215,1.493,89.321,0.498,0,5468208,134052,188856,2208476,7555.685,2073.036,0,1656.041,0,160.230,2546,3992,0.600,1.020,0.960,1,0,0,0,0,18,291,0,34,2
21-06 06:41:12,10.758,1.751,85.062,1.001,0,5476712,125488,188856,2208536,13231.719,3408.504,0,1220.897,0,147.108,3341,4554,0.600,1.020,0.960,0,0,1.001,0,0,18,291,0,37,2
21-06 06:41:13,8.001,2.000,88.007,0.750,0,5477444,124480,188856,2208812,6000.509,1620.137,16.001,1676.142,1.000,171.015,3182,4718,0.600,1.020,0.960,1,0,0,0,0,18,291,0,38,2
21-06 06:41:14,12.992,2.748,82.952,0.750,0,5478364,123500,188856,2208872,4989.091,2517.532,0,1587.074,0,187.890,3408,4901,0.870,1.070,0.970,0,0,0,0,0,18,291,0,44,2
21-06 06:41:15,1.749,1.250,93.967,0.750,0,5478324,123500,188856,2208912,5945.914,1685.409,0,6453.736,0,418.853,2382,4045,0.870,1.070,0.970,4,0,0,0,0,18,292,0,44,2
21-06 06:41:16,15.751,2.500,79.255,0.750,0,5481596,120012,188856,2209128,6369.380,2477.148,0,1320.079,0,170.010,4028,5699,0.870,1.070,0.970,2,0,0,0,0,18,291,0,50,2
21-06 06:41:17,5.750,1.250,91.257,0.500,0,5481828,119760,188856,2209148,5626.404,1706.123,0,584.042,0,60.004,2072,2795,0.870,1.070,0.970,1,0,0,0,0,18,291,0,51,2
21-06 06:41:18,5.000,1.000,92.496,0.250,0,5481736,119836,188856,2209164,5371.751,1511.930,0,547.975,0,50.998,1876,2497,0.870,1.070,0.970,0,0,0,0,0,18,291,0,51,2
21-06 06:41:19,4.251,1.000,93.028,0.500,0,5482060,119492,188856,2209184,5087.514,1566.466,0,4313.284,0,521.155,2052,2517,0.800,1.050,0.970,0,0,0,0,0,18,291,0,51,2
21-06 06:41:20,5.000,1.250,92.744,0.250,0,5482156,119364,188856,2209216,4471.722,1511.906,0,575.964,0,60.996,1971,2868,0.800,1.050,0.970,0,0,0,0,0,18,291,0,51,2
21-06 06:41:21,4.001,1.000,94.525,0,0,5482148,119364,188856,2209224,4490.194,1512.402,0,588.156,0,56.015,1308,1698,0.800,1.050,0.970,1,0,0,0,0,18,292,0,52,2
21-06 06:41:22,7.249,1.250,87.983,0.750,0,5482456,118864,188856,2209416,7064.606,3709.268,0,1323.739,0,178.965,2914,4332,0.800,1.050,0.970,0,0,1.000,0,0,18,291,0,53,2
21-06 06:41:23,11.748,2.250,84.733,1.250,0,5482372,118864,188856,2209500,6962.562,2437.497,0,1423.706,0,189.961,3502,4979,0.800,1.050,0.970,0,0,0,0,0,18,291,0,55,2
21-06 06:41:24,12.051,1.757,83.854,0.753,0,5483084,118108,188856,2209544,6642.029,2394.103,16.068,847.577,1.004,92.390,2997,4020,0.890,1.070,0.970,1,1,0,0,0,18,291,0,59,2
21-06 06:41:25,9.497,2.999,85.474,0.500,0,5496828,142332,188512,2173680,10387.782,2900.101,0,1427.558,0,165.949,3128,5365,0.890,1.070,0.970,7,0,33.989,0,0,18,292,0,60,2
21-06 06:41:26,9.708,2.987,85.133,0.498,0,5485456,198192,188280,2128596,4814.269,1451.749,0,1342.220,0,141.391,3539,8266,0.890,1.070,0.970,0,0,1.991,0,0,18,291,0,61,2
21-06 06:41:27,15.005,3.501,77.774,2.251,0,5485772,197744,188280,2128728,6117.909,2956.922,16.005,8606.685,1.000,643.201,5013,7732,0.890,1.070,0.970,0,0,0,0,0,18,291,0,65,2
21-06 06:41:28,8.749,1.250,88.242,0.500,0,5485272,198184,188280,2128788,6768.386,2325.789,0,1055.904,0,138.987,2710,3824,0.890,1.070,0.970,0,0,0,0,0,18,291,0,67,2
21-06 06:41:29,9.998,1.750,86.731,0.250,0,5485552,197756,188280,2128936,13663.027,5056.900,0,671.854,0,63.986,2832,3716,0.900,1.060,0.970,3,0,0,0,0,18,292,0,68,2
21-06 06:41:30,3.265,1.005,94.440,0.251,0,5485476,197756,188284,2129008,6666.058,1693.892,0,715.333,0,78.365,1968,2866,0.900,1.060,0.970,2,0,0,0,0,18,293,0,68,2
21-06 06:41:31,9.710,1.992,85.401,0.747,0,5486172,197000,188284,2129068,12123.438,3445.913,0,1171.212,0,139.430,3079,4276,0.900,1.060,0.970,0,0,0,0,0,18,292,0,70,2
21-06 06:41:32,20.076,4.266,73.527,1.757,0,5486320,196496,188288,2129420,4998.844,1626.130,0,2601.808,0,324.222,7123,11253,0.900,1.060,0.970,1,0,1.004,0,0,18,293,0,70,2
21-06 06:41:33,25.503,4.751,66.509,1.500,0,5486432,195992,188320,2129780,4786.639,1566.209,64.009,4468.596,2.000,415.055,8375,13358,0.900,1.060,0.970,1,0,0,0,0,18,293,0,70,2
21-06 06:41:34,16.181,3.983,76.924,1.245,0,5477324,204636,188324,2130244,4704.035,1398.066,187.205,7627.626,10.954,873.293,5938,8101,0.830,1.050,0.970,0,0,8.962,0,0,18,292,0,69,2
21-06 06:41:35,14.502,2.750,80.260,1.000,0.250,5483756,198100,188324,2130348,3346.434,1497.194,40.005,2812.365,3.000,402.052,3854,5281,0.830,1.050,0.970,0,0,3.000,0,0,18,292,0,73,2
21-06 06:41:36,9.492,2.498,84.680,1.749,0.250,5483664,198100,188324,2130440,6231.849,1576.697,0,7769.578,0,441.635,3633,5612,0.830,1.050,0.970,2,0,1.998,0,0,18,293,0,74,2
21-06 06:41:37,5.501,1.250,91.024,1.000,0,5484084,197624,188324,2130496,10805.866,3769.000,0,1856.492,0,178.047,2575,3882,0.830,1.050,0.970,0,0,0,0,0,18,292,0,74,2
21-06 06:41:38,12.756,2.501,82.791,0.500,0,5484320,197120,188332,2130756,7285.607,2042.011,16.008,1896.939,1.000,190.094,3992,5829,0.830,1.050,0.970,0,0,0,0,0,18,292,0,74,2
21-06 06:41:39,11.491,3.247,83.185,1.249,0,5492984,188276,188336,2130932,12138.459,3337.377,0,1566.768,0,174.863,3234,4524,0.760,1.030,0.960,0,0,0,0,0,18,292,0,76,2
21-06 06:41:40,9.301,2.011,87.482,0.503,0,5493156,188024,188340,2131008,4617.449,1586.745,0,1343.404,0,126.698,3313,4751,0.760,1.030,0.960,3,0,0,0,0,18,293,0,76,2
21-06 06:41:41,26.743,4.999,64.234,2.000,0,5491684,189088,188344,2131412,5161.720,1607.601,0,6198.463,0,612.848,9125,15066,0.760,1.030,0.960,3,0,0,0,0,18,293,0,76,2
21-06 06:41:42,24.205,4.242,68.124,0.998,0,5492428,188080,188344,2131676,4643.394,1509.203,0,2347.649,0,235.563,7965,11715,0.760,1.030,0.960,1,0,0.998,0,0,18,293,0,75,2
21-06 06:41:43,26.028,5.005,64.069,2.503,0,5492500,187576,188344,2132108,4731.067,1567.679,0,8929.563,0,736.789,9573,15826,0.760,1.030,0.960,2,0,1.001,0,0,18,293,0,80,2
21-06 06:41:44,24.201,4.241,68.113,1.497,0,5492980,186820,188344,2132384,4702.508,1508.954,0,3421.094,0,313.367,7823,11948,0.780,1.030,0.960,1,0,0,0,0,18,293,0,82,2
21-06 06:41:45,24.930,3.740,67.562,1.247,0,5493428,186064,188344,2132692,4659.011,1627.463,0,3366.614,0,295.177,7932,11914,0.780,1.030,0.960,3,1,0,0,0,18,293,0,83,2
21-06 06:41:46,26.642,5.529,64.343,2.765,0,5493048,186064,188352,2133064,5445.999,1628.672,0,10029.404,0,812.325,10001,16678,0.780,1.030,0.960,1,0,0,0,0,18,293,0,77,2
21-06 06:41:47,19.899,3.482,73.127,0.746,0,5493720,185056,188352,2133400,4775.659,1611.785,0,1508.312,0,187.047,6673,9932,0.780,1.030,0.960,0,0,0,0,0,18,292,0,77,2
21-06 06:41:48,5.757,1.252,91.110,0.501,0,5493716,185056,188352,2133404,4745.714,1621.953,0,1233.485,0,111.134,2264,3382,0.780,1.030,0.960,0,0,0,0,0,18,292,0,78,2
21-06 06:41:49,3.999,1.000,93.735,0,0,5493652,185056,188352,2133468,4471.266,1511.752,0,519.915,0,22.996,1539,2059,0.800,1.030,0.960,1,0,0,0,0,18,293,0,78,2
21-06 06:41:50,11.494,2.249,83.709,1.499,0,5492920,185712,188352,2133544,5837.132,2576.734,0,8523.812,0,1069.475,3749,5374,0.800,1.030,0.960,0,0,1.000,0,0,18,292,0,77,2
21-06 06:41:51,16.278,2.254,79.639,0.751,0,5493216,185208,188352,2133752,11533.183,3399.950,0,2740.796,0,170.298,3966,5415,0.800,1.030,0.960,0,0,1.002,0,0,18,292,0,83,2
21-06 06:41:52,5.742,1.747,91.119,0.250,0,5493176,185208,188352,2133792,10337.085,2938.760,0,1226.231,0,128.814,2224,3103,0.800,1.030,0.960,1,0,0.999,0,0,18,292,0,84,2
21-06 06:41:53,6.023,1.506,91.352,0.753,0,5493592,184708,188352,2133876,7174.641,1584.103,0,959.697,0,80.309,2276,3019,0.800,1.030,0.960,1,0,0,0,0,18,293,0,84,2
21-06 06:41:54,4.730,1.245,90.871,0.996,0,5493528,184708,188352,2133940,5118.636,1075.511,0,5441.289,0,366.470,2711,4426,0.740,1.010,0.960,0,0,0,0,0,18,292,0,82,2
21-06 06:41:55,13.498,3.000,81.238,0.750,0,5493824,184204,188356,2134144,6103.113,2522.633,0,1479.785,0,175.974,3671,5044,0.740,1.010,0.960,3,0,0,0,0,18,292,0,86,2
21-06 06:41:56,15.505,3.001,78.523,1.000,0,5493964,183952,188356,2134256,6218.819,2579.754,0,1336.391,0,154.045,3676,4774,0.740,1.010,0.960,1,0,0,0,0,18,292,0,91,2
21-06 06:41:57,6.247,1.499,90.453,0.750,0,5493940,183952,188356,2134280,4815.510,1457.247,0,939.514,0,106.945,2186,3035,0.740,1.010,0.960,1,0,0,0,0,18,293,0,92,2
21-06 06:41:58,3.501,0.500,93.018,0.250,0,5493908,183952,188356,2134312,5041.002,1620.322,0,852.169,0,77.015,1817,2857,0.740,1.010,0.960,0,0,0,0,0,18,292,0,91,2
21-06 06:41:59,8.504,1.501,88.787,0.500,0,5494000,183700,188356,2134472,4759.973,1458.605,0,692.287,0,53.022,2333,2964,0.760,1.010,0.960,0,0,0,0,0,18,292,0,92,2
21-06 06:42:00,17.260,2.501,77.544,0.750,0,5493940,183700,188356,2134532,6957.964,2451.396,0,1480.844,0,193.110,3863,5228,0.760,1.010,0.960,4,0,0,0,0,18,292,0,98,2
21-06 06:42:01,9.033,1.004,87.565,1.004,0,5493864,183700,188356,2134608,10863.099,2953.631,0,1224.407,0,136.491,3288,4755,0.760,1.010,0.960,1,0,0,0,0,18,293,0,98,2
21-06 06:42:02,25.884,5.973,63.715,1.742,0,5493556,183700,188356,2134928,4810.510,1505.276,0,4925.994,0,524.656,8286,13156,0.760,1.010,0.960,1,0,0.996,0,0,18,293,0,100,2
21-06 06:42:03,25.356,6.276,64.770,2.008,0,5493712,183196,188356,2135276,4958.673,1464.104,0,7904.956,0,549.290,8264,12772,0.760,1.010,0.960,3,0,0,0,0,18,293,0,101,2
21-06 06:42:04,11.956,1.993,83.192,0.747,0,5494376,182440,188356,2135368,4961.623,1614.022,0,1952.767,0,175.351,4039,6069,0.700,0.990,0.950,1,0,0,0,0,18,292,0,101,2
21-06 06:42:05,13.501,2.750,81.504,0.750,0,5492796,183788,188356,2135600,6706.309,2581.119,16.001,2496.115,1.000,228.011,3687,5703,0.700,0.990,0.950,0,0,0,0,0,18,292,0,104,2
21-06 06:42:06,6.249,1.250,90.487,0.750,0,5493044,183536,188356,2135604,5326.228,1713.752,0,1643.762,0,107.984,2389,3456,0.700,0.990,0.950,0,0,2.000,0,0,18,293,0,102,2
21-06 06:42:07,12.997,1.500,84.230,0.500,0,5493204,183284,188356,2135696,11935.135,3736.103,0,1479.645,0,106.974,3172,4210,0.700,0.990,0.950,1,0,0,0,0,18,292,0,105,2
21-06 06:42:08,4.002,1.000,93.792,0,0,5493204,183284,188356,2135696,5134.290,1971.880,0,496.221,0,29.013,1270,1739,0.700,0.990,0.950,0,0,0,0,0,18,292,0,107,2
21-06 06:42:09,5.524,1.004,91.899,0.502,0,5493192,183284,188356,2135708,6427.915,1693.354,0,755.280,0,69.301,1736,2388,0.800,1.010,0.960,1,0,0,0,0,18,293,0,108,2
21-06 06:42:10,14.183,1.991,81.118,0.746,0,5492980,183284,188356,2135920,10868.755,2798.804,0,1484.998,0,175.174,3708,5107,0.800,1.010,0.960,2,0,0,0,0,18,292,0,102,2
21-06 06:42:11,9.507,1.501,87.062,0.500,0,5494688,181296,188356,2136200,9131.503,2211.575,244.174,6348.521,5.004,802.572,2831,3045,0.800,1.010,0.960,0,0,0,0,0,18,292,0,106,2
21-06 06:42:12,5.770,1.254,91.070,0.502,0,5494680,181296,188356,2136208,7113.968,1691.938,0,1007.536,0,108.380,2179,3041,0.800,1.010,0.960,2,0,1.004,0,0,18,292,0,107,2
21-06 06:42:13,9.710,2.490,85.649,0.996,0,5494568,181296,188360,2136316,11511.848,2823.435,0,1290.713,0,151.380,3546,5038,0.800,1.010,0.960,2,0,0,0,0,18,293,0,107,2
21-06 06:42:14,26.576,5.516,63.180,3.009,0,5494644,180820,188368,2136708,5012.306,1462.173,0,9507.134,0,806.301,9399,15798,0.820,1.010,0.960,1,0,0,0,0,18,293,0,107,2
21-06 06:42:15,23.441,5.237,67.331,0.997,0,5494904,180316,188368,2136952,5153.063,1681.778,0,2617.429,0,206.482,7717,11184,0.820,1.010,0.960,2,0,0,0,0,18,294,0,96,2
21-06 06:42:16,10.524,2.005,85.447,0.752,0,5495304,179824,188368,2137044,4322.961,878.023,0,2024.665,0,184.425,3735,5502,0.820,1.010,0.960,0,0,0,0,0,18,292,0,96,2
21-06 06:42:17,11.470,2.743,82.785,0.997,0,5489940,185012,188368,2137220,9769.650,2019.759,0,1859.176,0,170.557,3778,5249,0.820,1.010,0.960,2,0,0,0,0,18,292,0,96,2
21-06 06:42:18,9.033,2.007,87.316,0.753,0,5490088,184760,188372,2137320,5196.812,1463.297,0,1208.374,0,112.407,3444,5120,0.820,1.010,0.960,1,0,0,0,0,18,293,0,97,2
21-06 06:42:19,25.638,5.974,62.227,2.489,0,5490004,184508,188372,2137656,4856.720,1451.640,0,9860.795,0,811.445,9069,14782,0.830,1.010,0.960,1,0,0,0,0,18,293,0,90,2
21-06 06:42:20,24.594,5.270,68.011,1.004,0,5492148,181764,188372,2138256,4637.787,1626.237,0,2096.039,0,189.728,7061,10637,0.830,1.010,0.960,1,1,0,0,0,18,292,1,90,2
21-06 06:42:21,14.201,3.488,78.975,1.246,0,5492492,181036,188372,2138640,5914.435,2434.535,0,7135.190,0,867.982,4711,6691,0.830,1.010,0.960,0,0,0,0,0,18,292,0,91,2
21-06 06:42:22,12.759,2.502,82.556,1.001,0,5493420,180032,188372,2138716,5843.989,2607.780,0,3090.109,0,254.173,3894,5495,0.830,1.010,0.960,2,0,1.001,0,0,18,292,0,92,2
21-06 06:42:23,7.505,2.251,88.057,0.750,0,5493876,179528,188372,2138764,4562.945,1621.046,0,1661.072,0,158.102,2623,3882,0.830,1.010,0.960,5,0,0,0,0,18,291,0,92,2
21-06 06:42:24,5.984,0.997,91.254,0.499,0,5494268,179052,188372,2138848,5764.445,2597.989,0,1172.835,0,102.723,2223,3218,0.770,0.990,0.950,1,0,0,0,0,18,292,0,93,2
21-06 06:42:25,13.758,2.501,80.298,1.251,0,5494172,179052,188376,2138940,6273.753,2608.560,0,2109.262,0,250.150,4139,5916,0.770,0.990,0.950,1,0,0,0,0,18,292,0,94,2
21-06 06:42:26,20.498,6.249,70.993,0.750,0,5507772,165052,188376,2139340,10415.021,3231.696,87.992,5639.470,4.000,399.962,5478,15574,0.770,0.990,0.950,0,0,35.997,0,0,18,292,0,96,2
21-06 06:42:27,8.007,2.002,88.326,0.751,0,5501388,171260,188376,2139516,7976.883,2150.856,0,1673.444,0,127.110,2897,3969,0.770,0.990,0.950,2,0,0,0,0,18,292,0,87,2
21-06 06:42:28,4.999,1.250,90.990,0.500,0,5501360,171260,188376,2139544,10237.826,2834.675,0,1131.870,0,111.987,2503,3638,0.770,0.990,0.950,3,0,0,0,0,18,293,0,87,2
21-06 06:42:29,9.500,2.000,86.249,0.750,0,5502272,170280,188376,2139612,17576.703,4836.918,0,1447.976,0,159.997,3220,4544,0.700,0.980,0.950,0,0,0,0,0,18,292,0,87,2
21-06 06:42:30,10.253,1.751,86.028,1.000,0,5502440,170056,188376,2139668,11463.796,3365.114,0,1428.473,0,152.050,3480,4840,0.700,0.980,0.950,0,0,0,0,0,18,292,0,87,2
21-06 06:42:31,18.259,4.002,74.038,1.251,0,5502132,170288,188376,2139744,4791.432,1512.768,0,2269.152,0,280.142,5900,8716,0.700,0.980,0.950,1,0,0,0,0,18,293,0,79,2
21-06 06:42:32,25.791,5.258,64.102,2.254,0,5501540,170288,188376,2140336,4733.525,1568.494,0,3501.567,0,395.629,8762,13513,0.700,0.980,0.950,1,0,1.002,0,0,18,293,0,79,2
21-06 06:42:33,24.736,4.747,66.713,1.749,0,5501140,170288,188376,2140736,4095.712,1457.186,95.946,7375.880,4.997,565.684,8305,12638,0.700,0.980,0.950,1,0,0,0,0,18,293,0,82,2
21-06 06:42:34,25.791,6.761,64.351,2.254,0,5502032,169056,188380,2141072,4907.724,1622.554,0,3669.776,0,367.579,8217,12163,0.810,0.990,0.950,1,0,6.009,0,0,18,293,0,84,2
21-06 06:42:35,26.396,4.980,63.499,1.743,0,5501664,169056,188396,2141424,4261.160,1452.261,0,3904.569,0,404.402,8624,13429,0.810,0.990,0.950,1,0,0,0,0,18,293,0,84,2
21-06 06:42:36,26.141,5.278,66.357,1.759,0,5509392,160992,188396,2141760,5355.819,2905.635,0,2485.373,0,273.472,7142,10738,0.810,0.990,0.950,0,0,1.005,0,0,18,292,0,86,2
21-06 06:42:37,7.215,2.985,84.337,2.239,0,5503184,167152,188396,2141808,6058.317,1677.780,0,12168.380,0,1279.730,3856,5511,0.810,0.990,0.950,2,0,2.985,0,0,18,293,0,86,2
21-06 06:42:38,7.212,1.492,89.034,0.746,0,5503256,166900,188396,2141988,6417.437,2490.972,0,3414.144,0,158.173,2722,3986,0.810,0.990,0.950,1,0,1.990,0,0,18,292,0,88,2
21-06 06:42:39,11.568,2.263,83.744,1.257,0,5503420,166648,188396,2142076,6422.890,2517.853,0,1520.973,0,174.027,3649,5009,0.740,0.980,0.950,0,0,0,0,0,18,292,0,78,2
21-06 06:42:40,7.998,1.749,87.475,0.500,0,5503376,166648,188396,2142120,6253.204,2082.402,0,995.714,0,108.969,2747,3792,0.740,0.980,0.950,0,0,0,0,0,18,292,0,78,2
21-06 06:42:41,7.250,1.500,89.253,0.750,0,5503320,166648,188396,2142176,6048.179,2504.074,0,1300.038,0,142.004,2828,4028,0.740,0.980,0.950,2,0,0,0,0,18,292,0,78,2
21-06 06:42:42,7.010,1.752,89.877,0.501,0,5503160,166648,188396,2142336,5260.412,1923.711,0,1145.614,0,118.167,2594,3641,0.740,0.980,0.950,0,0,1.001,0,0,18,292,0,78,2
21-06 06:42:43,4.512,1.253,93.006,0.251,0,5503356,166396,188396,2142392,4692.912,1624.470,0,705.942,0,62.171,1956,2896,0.740,0.980,0.950,1,0,0,0,0,18,293,0,71,2
21-06 06:42:44,3.486,0.996,92.872,0.996,0,5503316,166396,188396,2142432,6006.582,2492.866,0,1071.644,0,115.530,2020,3110,0.680,0.960,0.940,0,0,0,0,0,18,292,0,71,2
21-06 06:42:45,7.747,2.249,89.212,0.750,0,5503396,166144,188396,2142604,5676.610,1986.164,0,1103.535,0,107.955,2609,3566,0.680,0.960,0.940,1,0,0,0,0,18,292,0,72,2
21-06 06:42:46,7.750,2.000,86.502,1.000,0,5503316,166144,188396,2142684,6252.134,2407.052,0,1804.039,0,203.004,3423,5031,0.680,0.960,0.940,0,0,0,0,0,18,292,0,73,2
21-06 06:42:47,7.245,1.499,88.691,0.750,0.250,5503288,166144,188396,2142712,5729.180,1919.720,0,1207.195,0,109.927,2630,3678,0.680,0.960,0.940,0,0,0,0,0,18,292,0,71,2
21-06 06:42:48,10.762,2.753,85.094,0.751,0,5503416,165892,188396,2142836,5919.564,1923.132,0,1281.421,0,125.139,3379,4466,0.680,0.960,0.940,1,1,0,0,0,18,292,0,71,2
21-06 06:42:49,5.015,1.755,90.265,1.755,0.251,5503264,165892,188396,2142988,4591.461,1462.287,0,6438.877,0,415.217,2611,4226,0.710,0.960,0.940,1,0,0,0,0,18,293,0,72,2
21-06 06:42:50,7.230,1.745,88.002,0.249,0,5503464,165640,188396,2143040,11762.852,3450.277,0,1328.257,0,152.570,2920,4280,0.710,0.960,0.940,1,0,0,0,0,18,292,0,72,2
21-06 06:42:51,25.601,5.020,66.010,2.510,0,5503132,165640,188396,2143372,4468.614,1208.765,4.016,3200.616,1.004,393.551,8068,12396,0.710,0.960,0.940,1,0,1.004,0,0,18,293,0,63,2
21-06 06:42:52,24.651,4.980,65.736,1.245,0,5504332,164128,188396,2143684,4525.821,860.543,0,2932.222,0,312.744,7817,11815,0.710,0.960,0.940,3,0,0.996,0,0,18,293,0,64,2
21-06 06:42:53,19.986,4.996,71.448,1.749,0,5504956,163372,188396,2143816,5534.006,1456.949,15.988,3665.355,0.999,315.772,6169,9110,0.710,0.960,0.940,0,0,0,0,0,18,292,0,65,2
21-06 06:42:54,7.779,1.506,89.085,0.502,0,5504760,163372,188396,2144012,6203.354,1626.122,0,1417.336,0,128.484,2669,3664,0.890,1,0.960,3,0,0,0,0,18,292,0,65,2
21-06 06:42:55,11.208,6.227,77.463,2.989,0,5501532,158976,188400,2151632,5218.650,1494.459,19.926,13087.474,4.982,1310.142,4976,7137,0.890,1,0.960,0,0,2.989,0,0,18,292,0,66,2
21-06 06:42:56,19.514,3.753,73.304,1.501,0,5501724,158472,188400,2151944,5060.700,1621.185,32.023,2898.119,1.001,293.214,6214,9041,0.890,1,0.960,1,0,0,0,0,18,293,0,61,2
21-06 06:42:57,25.363,4.771,65.041,1.758,0,5502128,157716,188400,2152296,4988.300,1573.032,0,4202.789,0,469.097,8296,12919,0.890,1,0.960,1,0,0,0,0,18,293,0,61,2
21-06 06:42:58,25.392,4.481,67.962,0.996,0,5504124,155448,188400,2152568,5138.206,1613.158,0,2007.485,0,192.185,7346,10434,0.890,1,0.960,2,0,1.992,0,0,18,293,0,64,2
21-06 06:42:59,24.475,5.994,64.183,2.747,0,5504104,154972,188400,2153060,4826.998,1510.435,0,8946.730,0,823.147,9488,15889,1.220,1.060,0.980,3,0,0,0,0,18,293,0,64,2
21-06 06:43:00,24.255,4.751,67.515,1.000,0,5503852,154972,188400,2153312,5401.205,1620.362,0,2904.648,0,242.054,7595,11396,1.220,1.060,0.980,1,0,0,0,0,18,293,0,58,2
21-06 06:43:01,6.751,1.250,91.019,0,0,5504136,154468,188400,2153532,5790.221,1752.369,0,656.138,0,45.009,2332,3160,1.220,1.060,0.980,1,0,0,0,0,18,293,0,58,2
21-06 06:43:02,21.560,4.763,70.446,1.504,0,5504240,154220,188400,2153676,5613.583,1462.059,0,2498.937,0,317.882,7165,10888,1.220,1.060,0.980,4,0,1.003,0,0,18,293,0,58,2
21-06 06:43:03,25.043,4.257,66.114,1.002,0,5504460,153716,188400,2153960,4928.531,1622.809,0,3425.930,0,282.489,7379,10994,1.220,1.060,0.980,2,0,0,0,0,18,292,0,59,2
21-06 06:43:04,24.650,4.233,68.222,1.245,0,5505420,152456,188400,2154260,4738.721,1452.092,0,2250.842,0,240.023,7233,10293,1.360,1.090,0.990,2,0,0,0,0,18,293,0,50,2
21-06 06:43:05,24.340,5.771,65.242,2.258,0,5505428,152204,188400,2154504,5110.976,1638.082,0,9009.450,0,739.746,9081,14265,1.360,1.090,0.990,1,1,0,0,0,18,293,0,50,2
21-06 06:43:06,27.413,3.987,64.794,1.495,0,5505672,151448,188400,2155016,5371.900,1507.202,0,3002.442,0,323.969,7711,11460,1.360,1.090,0.990,3,0,1.994,0,0,18,293,0,51,2
21-06 06:43:07,23.819,5.767,68.197,1.003,0,5505640,151196,188400,2155300,5016.497,1556.498,0,1720.973,0,173.501,7340,10615,1.360,1.090,0.990,1,0,0,0,0,18,293,0,51,2
21-06 06:43:08,19.915,4.481,71.444,1.494,0,5506504,149936,188400,2155696,6040.150,2507.270,0,11968.777,0,367.428,5993,8646,1.360,1.090,0.990,0,0,0,0,0,18,292,0,45,2
21-06 06:43:09,9.008,2.002,86.827,0.751,0,5506816,149432,188400,2155888,6178.489,2324.065,0,1681.494,0,163.145,2780,3967,1.410,1.110,1,1,0,0,0,0,18,292,0,45,2
21-06 06:43:10,6.524,1.506,90.080,0.251,0,5506740,149432,188400,2155964,10359.000,2605.558,0,1132.153,0,82.302,2260,3126,1.410,1.110,1,3,0,0,0,0,18,293,0,45,2
21-06 06:43:11,8.711,2.489,84.626,1.742,0,5506924,149180,188400,2156032,7117.532,2452.159,0,5412.072,0,411.182,3727,5807,1.410,1.110,1,0,0,0,0,0,18,292,0,47,2
21-06 06:43:12,13.027,3.006,81.920,1.002,0,5506976,148928,188400,2156232,4034.394,487.013,16.033,2733.688,1.002,247.515,4052,5519,1.410,1.110,1,0,0,1.002,0,0,18,293,0,37,2
21-06 06:43:13,13.224,1.996,80.590,1.497,0,5507152,148676,188400,2156308,13030.080,3453.131,0,3281.472,0,265.472,4308,6265,1.410,1.110,1,1,0,0,0,0,18,292,0,39,2
21-06 06:43:14,13.561,3.014,81.367,1.005,0.251,5507308,148424,188400,2156404,4821.763,1627.345,0,1703.690,0,214.970,4639,6752,1.380,1.110,1,1,0,0,0,0,18,293,0,40,2
21-06 06:43:15,25.973,5.494,64.432,2.497,0,5507232,148176,188400,2156728,4914.844,1618.302,31.966,4802.961,0.999,528.446,8572,13684,1.380,1.110,1,3,0,0,0,0,18,293,0,41,2
21-06 06:43:16,25.896,5.727,62.499,2.490,0,5508556,146412,188400,2157168,5253.884,1571.683,0,8716.966,0,694.210,9474,15108,1.380,1.110,1,2,0,0,0,0,18,293,0,43,2
21-06 06:43:17,25.353,5.522,67.273,1.506,0,5508316,146412,188400,2157408,5982.261,2585.485,0,2566.408,0,272.104,7332,10680,1.380,1.110,1,0,0,0,0,0,18,292,0,45,2
21-06 06:43:18,5.248,1.250,90.966,0.750,0,5508268,146412,188400,2157456,6711.511,1631.395,0,1303.517,0,104.961,2196,3176,1.380,1.110,1,3,0,0,0,0,18,293,0,45,2
21-06 06:43:19,14.942,3.736,77.202,0.996,0,5509948,144144,188400,2158044,12619.274,3339.107,366.585,2171.615,11.954,215.169,4689,6683,1.270,1.090,0.990,3,0,0,0,0,18,292,0,45,2
21-06 06:43:20,12.286,2.507,81.988,1.254,0,5509904,144144,188400,2158088,5447.833,1516.407,0,1576.582,0,178.519,4363,6392,1.270,1.090,0.990,2,0,0,0,0,18,294,0,44,2
21-06 06:43:21,26.271,5.504,63.050,2.502,0,5510040,143640,188400,2158456,5333.201,1513.192,0,4711.711,0,519.409,8492,13530,1.270,1.090,0.990,2,0,0,0,0,18,293,0,44,2
21-06 06:43:22,23.275,6.507,66.322,1.251,0,5511204,142128,188400,2158804,5003.444,1459.588,32.035,7219.855,1.001,515.561,8359,12691,1.270,1.090,0.990,1,0,1.001,0,0,18,293,0,44,2
21-06 06:43:23,10.452,2.738,83.619,1.742,0,5511764,141400,188404,2158968,5610.445,2289.571,0,2898.796,0,271.762,3620,5495,1.270,1.090,0.990,0,0,0,0,0,18,292,0,45,2
21-06 06:43:24,12.455,1.993,82.952,0.996,0.249,5512548,140392,188404,2159192,15188.424,4796.764,0,1478.687,0,185.334,3359,4416,1.170,1.070,0.980,2,0,0,0,0,18,292,0,40,2
21-06 06:43:25,11.544,1.506,84.575,0,0,5512772,140140,188404,2159220,16011.595,4177.069,0,766.950,0,76.293,3070,3843,1.170,1.070,0.980,2,0,0,0,0,18,292,0,40,2
21-06 06:43:26,17.756,6.752,73.777,0.750,0,5538072,215284,185412,2062564,15982.750,4264.534,264.095,940.338,4.001,96.035,4215,11151,1.170,1.070,0.980,2,0,36.013,0,0,18,293,0,41,2
21-06 06:43:27,11.246,2.749,82.970,0.750,0,5545912,207392,185412,2062616,11755.808,3296.824,0,1199.572,0,145.948,3348,4437,1.170,1.070,0.980,1,0,0,0,0,18,292,0,41,2
21-06 06:43:28,18.779,4.757,72.863,1.753,0,5545500,207424,185444,2062964,4705.291,1460.263,0,2295.557,0,274.425,6376,9514,1.170,1.070,0.980,1,0,0,0,0,18,293,0,39,2
21-06 06:43:29,27.307,6.514,61.880,2.505,0,5545400,207200,185496,2063236,10639.302,3069.434,0,12858.955,0,813.706,8962,13660,1.150,1.070,0.990,5,0,0,0,0,18,292,0,39,3
21-06 06:43:30,24.945,4.989,65.855,1.746,0,5545020,207200,185508,2063604,4609.881,1682.307,0,2698.077,0,306.328,8116,12188,1.150,1.070,0.990,1,0,0,0,0,18,291,0,43,3
21-06 06:43:31,5.010,0.752,92.437,0.251,0,5544992,207200,185508,2063632,6169.475,2588.233,0,1186.399,0,91.184,2060,2949,1.150,1.070,0.990,2,0,0,0,0,18,292,0,43,3
21-06 06:43:32,5.979,1.744,89.434,0.996,0,5545060,206952,185512,2063824,10603.581,2986.461,0,1275.499,0,133.529,2693,3933,1.150,1.070,0.990,0,0,0.996,0,0,18,291,0,42,3
21-06 06:43:33,11.009,2.002,85.321,0.500,0,5545000,206952,185516,2063880,11505.626,3462.897,0,1261.055,0,121.101,3074,4122,1.150,1.070,0.990,0,0,0,0,0,18,291,0,44,3
21-06 06:43:34,16.026,4.758,76.625,1.502,0,5544668,206952,185536,2064192,4907.995,1622.643,56.091,3838.253,1.002,278.454,5877,8950,1.140,1.070,0.990,3,0,6.010,0,0,18,292,0,45,3
21-06 06:43:35,25.727,5.495,63.693,1.998,0,5544328,206952,185564,2064504,4453.986,1456.687,31.971,7333.391,0.999,624.437,9072,14273,1.140,1.070,0.990,3,0,0,0,0,18,292,0,45,3
21-06 06:43:36,25.592,5.520,65.736,1.255,0,5544436,206448,185604,2064860,4834.381,1625.845,0,3075.056,0,293.054,7935,11416,1.140,1.070,0.990,0,1,0,0,0,18,291,0,40,3
21-06 06:43:37,5.963,0.994,90.198,0.497,0,5544256,206448,185604,2065040,10143.905,3857.387,0,989.940,0,93.428,2462,3394,1.140,1.070,0.990,2,0,0,0,0,18,292,0,40,3
21-06 06:43:38,10.266,1.502,85.636,1.002,0,5544408,206208,185612,2065120,12398.670,3140.983,0,1450.301,0,160.254,3159,4562,1.140,1.070,0.990,2,0,1.002,0,0,18,291,0,41,3
21-06 06:43:39,24.343,5.521,67.005,1.255,0,5545816,204444,185624,2065464,4627.592,1355.152,24.092,2959.250,1.004,340.294,7520,11223,1.050,1.050,0.980,1,0,3.011,0,0,18,292,0,42,3
21-06 06:43:40,28.506,4.501,62.764,1.750,0,5545868,204192,185628,2065660,4653.042,1512.339,0,3808.853,0,387.087,8415,13457,1.050,1.050,0.980,2,0,2.000,0,0,18,292,0,45,3
21-06 06:43:41,25.405,4.234,65.753,1.494,0,5545980,203436,185656,2066276,5323.029,1699.623,0,2737.728,0,291.905,8091,12089,1.050,1.050,0.980,2,0,0,0,0,18,292,0,44,3
21-06 06:43:42,27.370,6.026,63.026,2.762,0,5543536,205520,185692,2066600,4803.020,1518.646,0,9686.392,0,753.297,9470,15316,1.050,1.050,0.980,1,0,1.004,0,0,18,292,0,46,3
21-06 06:43:43,23.656,4.731,66.486,1.245,0,5543676,205016,185744,2066912,3804.877,1075.724,0,2235.116,0,276.899,7199,10694,1.050,1.050,0.980,1,0,0,0,0,18,291,0,48,3
21-06 06:43:44,5.519,1.003,91.566,0.753,0,5543828,204764,185768,2066988,5308.306,2321.004,0,7020.209,0,280.969,2280,3124,1.050,1.050,0.980,1,0,0,0,0,18,292,0,48,3
21-06 06:43:45,5.230,1.743,90.152,1.245,0,5543768,204008,185792,2067780,4943.916,1864.802,0,1860.817,0,196.242,2611,4020,1.050,1.050,0.980,0,0,0,0,0,18,291,0,47,3
21-06 06:43:46,11.987,2.747,81.664,1.249,0,5543660,203756,185848,2068092,5106.640,1541.382,0,1794.117,0,195.795,3927,5646,1.050,1.050,0.980,3,0,0,0,0,18,291,0,48,3
21-06 06:43:47,6.254,1.251,90.564,0.751,0,5543632,203756,185848,2068120,3542.502,1532.082,0,1008.712,0,83.059,2136,3017,1.050,1.050,0.980,1,0,0,0,0,18,291,0,49,3
21-06 06:43:48,13.056,3.013,80.597,1.255,0,5543456,203756,185848,2068296,11164.093,3022.018,0,2072.930,0,258.112,4640,7159,1.050,1.050,0.980,1,0,0,0,0,18,292,0,49,3
21-06 06:43:49,24.622,6.218,62.176,3.731,0,5543496,203504,185860,2068496,4357.294,1611.602,0,11118.063,0,826.692,9411,15291,1.120,1.060,0.990,4,0,0,0,0,18,292,0,47,3
21-06 06:43:50,24.640,4.023,68.136,1.006,0,5543176,203504,185864,2068812,4827.377,1671.479,0,2007.384,0,188.067,7392,10486,1.120,1.060,0.990,1,1,0,0,0,18,292,0,47,3
21-06 06:43:51,25.392,4.730,67.213,0.996,0,5543948,202496,185884,2069028,5019.598,2426.654,31.864,2688.537,1.992,268.854,7370,10804,1.120,1.060,0.990,0,0,0,0,0,18,291,0,49,3
21-06 06:43:52,6.499,1.500,89.731,0.750,0,5543920,202244,185884,2069308,7032.474,2082.548,0,1459.683,0,115.975,2462,3528,1.120,1.060,0.990,0,0,1.000,0,0,18,291,0,49,3
21-06 06:43:53,5.523,1.506,90.373,1.004,0,5543908,202244,185884,2069320,13290.847,3141.966,0,1237.105,0,122.506,2419,3526,1.120,1.060,0.990,1,1,0,0,0,18,292,0,46,3
21-06 06:43:54,24.655,6.724,64.750,1.743,0,5544156,201740,185916,2069544,5277.598,1452.385,0,3677.782,0,421.371,8482,12629,1.110,1.060,0.990,3,0,0.996,0,0,18,292,0,47,3
21-06 06:43:55,25.740,5.748,62.476,3.499,0,5543848,201488,186028,2069992,4664.183,1607.374,0,9096.456,0,784.694,9058,14270,1.110,1.060,0.990,2,0,0,0,0,18,292,0,49,3
21-06 06:43:56,25.496,5.749,65.240,1.500,0,5544076,200984,186084,2070212,5028.254,1511.776,3.999,3211.523,1.000,275.959,7765,11577,1.110,1.060,0.990,2,0,0,0,0,18,292,0,50,3
21-06 06:43:57,19.751,4.750,70.752,2.000,0,5545936,198716,186164,2070540,6458.179,2437.068,0,3020.084,0,337.009,6364,9180,1.110,1.060,0.990,0,0,0,0,0,18,293,0,50,3
21-06 06:43:58,8.744,1.749,87.436,1.249,0.250,5546176,198240,186204,2070736,9596.964,2766.971,0,1858.637,0,176.870,2969,4234,1.110,1.060,0.990,0,0,0,0,0,18,293,0,50,3
21-06 06:43:59,7.287,1.508,89.453,0.251,0,5543140,201256,186224,2070736,5796.352,1586.031,0,1262.393,0,86.438,2063,2618,1.500,1.140,1.010,2,0,0,0,0,18,294,0,50,3
21-06 06:44:00,5.723,1.742,89.332,0.747,0,5543028,201256,186248,2070824,11414.533,3336.372,0,6107.392,0,402.116,2824,3994,1.500,1.140,1.010,0,0,0,0,0,18,293,0,50,3
21-06 06:44:01,24.261,5.252,66.281,2.001,0,5543928,199996,186296,2071136,4671.186,1512.708,0,6326.961,0,495.232,7667,10971,1.500,1.140,1.010,2,0,0,0,0,18,294,0,47,3
21-06 06:44:02,25.258,5.752,64.519,2.501,0,5544528,199020,186336,2071472,3793.146,972.294,0,4701.420,0,476.144,7950,12086,1.500,1.140,1.010,1,0,1.000,0,0,18,294,0,47,3
21-06 06:44:03,24.088,5.018,67.748,0.753,0,5544984,198264,186352,2071756,5235.172,1571.756,0,2039.469,0,174.640,7171,10271,1.500,1.140,1.010,2,0,0,0,0,18,293,0,49,3
21-06 06:44:04,24.918,3.987,68.773,0.997,0,5546348,196752,186416,2071840,5101.185,1453.210,0,2284.470,0,222.267,6101,8810,1.460,1.140,1.010,1,0,0,0,0,18,294,0,49,3
21-06 06:44:05,25.981,5.496,63.203,2.998,0,5545428,197260,186476,2072192,5575.894,1618.808,0,9992.642,0,743.453,7955,12791,1.460,1.140,1.010,1,0,0,0,0,18,294,0,48,3
21-06 06:44:06,27.258,3.501,67.021,1.000,0,5546164,196256,186504,2072432,5358.654,1620.500,0,1888.583,0,192.059,6215,8747,1.460,1.140,1.010,2,0,2.001,0,0,18,294,0,48,3
21-06 06:44:07,25.071,4.513,66.690,1.254,0,5546392,195752,186524,2072688,5359.278,1718.900,0,1893.398,0,190.543,7820,11288,1.460,1.140,1.010,1,0,0,0,0,18,293,0,49,3
21-06 06:44:08,25.988,5.498,64.221,2.249,0,5545904,195752,186604,2073096,4623.942,1685.250,0,3822.299,0,465.793,8738,13807,1.460,1.140,1.010,3,0,0,0,0,18,293,0,49,3
21-06 06:44:09,24.202,4.990,67.865,1.248,0,5547096,194240,186636,2073384,4730.598,1616.787,0,2059.906,0,177.647,7437,10763,1.430,1.140,1.010,2,0,0,0,0,18,294,0,47,3
21-06 06:44:10,25.469,4.245,66.919,1.248,0,5546752,194240,186688,2073676,4180.940,1564.107,0,2948.431,0,319.613,7529,11030,1.430,1.140,1.010,2,0,0,0,0,18,294,0,47,3
21-06 06:44:11,25.514,5.503,63.534,2.251,0,5546604,194016,186732,2074004,6052.277,1512.819,0,9529.160,0,735.398,8867,14011,1.430,1.140,1.010,1,0,0,0,0,18,294,0,47,3
21-06 06:44:12,23.826,5.267,66.714,1.505,0,5546944,193512,186736,2074164,5658.163,1625.217,0,2070.647,0,241.776,7192,10428,1.430,1.140,1.010,1,0,1.003,0,0,18,289,0,51,3
21-06 06:44:13,5.731,0.997,90.693,0.498,0.249,5547032,193260,186740,2074324,6675.440,2400.886,0,1203.931,0,109.630,2428,3619,1.430,1.140,1.010,3,0,0,0,0,18,292,0,47,3
21-06 06:44:14,12.498,2.999,81.984,1.250,0,5547192,193008,186748,2074408,6346.741,2406.523,0,1615.679,0,188.963,3611,5352,1.310,1.120,1.010,0,0,0,0,0,18,291,0,48,3
21-06 06:44:15,13.249,3.250,81.745,0.750,0,5547696,192280,186756,2074624,6199.633,2569.848,0,7799.538,0,409.976,3739,5078,1.310,1.120,1.010,0,0,0,0,0,18,291,0,50,3
21-06 06:44:16,11.514,2.753,82.349,0.751,0,5547664,192280,186760,2074652,5081.112,1459.756,0,1609.936,0,182.219,3620,4953,1.310,1.120,1.010,1,0,0,0,0,18,291,0,51,3
21-06 06:44:17,5.253,1.501,91.311,0.750,0,5547592,192280,186764,2074720,6162.101,2336.555,0,1460.972,0,127.085,2267,3426,1.310,1.120,1.010,2,0,0,0,0,18,292,0,44,3
21-06 06:44:18,14.479,2.496,79.384,1.747,0,5548624,191020,186772,2074940,21882.965,6923.864,0,2380.515,0,257.623,4215,5955,1.310,1.120,1.010,0,0,0,0,0,18,294,0,44,2
21-06 06:44:19,8.499,2.000,87.243,0.750,0,5548824,190768,186772,2074992,11693.125,3297.753,0,1467.890,0,146.989,2944,4052,1.210,1.100,1,3,0,0,0,0,18,294,0,45,2
21-06 06:44:20,8.999,2.500,84.243,1.750,0,5549020,190516,186784,2075036,11753.076,3297.741,0,8531.329,0,503.960,3967,5999,1.210,1.100,1,0,0,0,0,0,18,294,0,45,2
21-06 06:44:21,13.008,3.002,81.552,0.750,0,5548980,190516,186784,2075076,5060.253,1621.042,0,1300.836,0,152.098,4439,6559,1.210,1.100,1,1,0,0,0,0,18,295,0,45,2
21-06 06:44:22,26.242,5.498,63.481,1.749,0,5549120,190016,186812,2075408,3512.967,593.825,0,3255.043,0,419.877,8270,12539,1.210,1.100,1,1,0,1.000,0,0,18,295,0,45,2
21-06 06:44:23,23.999,4.750,66.998,1.500,0,5549844,189008,186816,2075688,4277.857,1457.951,0,2439.919,0,251.992,7303,10660,1.210,1.100,1,2,0,0,0,0,18,295,0,46,2
21-06 06:44:24,24.612,5.525,67.307,1.256,0,5550752,187748,186824,2076032,4767.764,1693.732,0,2503.428,0,248.133,7940,11763,1.210,1.100,1,2,1,0,0,0,18,295,0,47,2
21-06 06:44:25,24.191,6.235,64.095,2.494,0,5552704,185480,186832,2076340,4475.159,1562.216,0,7673.412,0,660.400,8811,13585,1.190,1.100,1,1,0,0,0,0,18,295,0,50,2
21-06 06:44:26,15.468,4.740,77.089,0.998,0,5564544,173524,186832,2076456,6323.756,2564.629,11.975,2686.374,0.998,241.494,4617,10224,1.190,1.100,1,0,0,35.925,0,0,18,294,0,51,2
21-06 06:44:27,7.744,1.499,87.685,0.999,0,5564336,173524,186840,2076656,6086.454,2506.128,15.988,1670.752,0.999,183.863,3174,4703,1.190,1.100,1,0,0,0,0,0,18,294,0,51,2
21-06 06:44:28,12.990,2.998,80.691,1.249,0,5564108,173524,186840,2076884,6130.496,2081.471,0,2418.223,0,265.805,4601,6684,1.190,1.100,1,3,0,0,0,0,18,294,0,51,2
21-06 06:44:29,9.028,2.006,87.020,0.752,0,5564092,173524,186840,2076900,6017.672,2677.307,0,1400.345,0,141.439,3063,4189,1.190,1.100,1,0,0,2.006,0,0,18,294,0,51,2
21-06 06:44:30,8.021,1.504,87.474,0.501,0,5563768,173524,186840,2077224,16799.006,3635.306,4.010,1243.183,1.003,110.282,3166,4428,1.090,1.080,1,1,0,0,0,0,18,296,0,48,2
21-06 06:44:31,25.204,5.490,65.132,1.747,0,5563808,173300,186844,2077404,5209.583,1509.272,0,9107.537,0,731.677,8395,12538,1.090,1.080,1,1,0,0,0,0,18,296,0,49,2
21-06 06:44:32,24.791,5.759,66.108,1.753,0,5563452,173300,186872,2077732,4695.674,1189.945,0,8726.261,0,640.046,8460,12992,1.090,1.080,1,5,0,1.002,0,0,18,295,0,49,2
21-06 06:44:33,23.802,4.711,67.936,0.992,0,5563916,172544,186884,2078012,4572.053,1338.888,0,1852.624,0,168.601,7208,10457,1.090,1.080,1,3,0,0,0,0,18,296,0,50,2
21-06 06:44:34,9.288,2.510,85.352,0.753,0,5563832,172544,186900,2078080,5568.990,1980.175,0,1887.793,0,183.759,3245,4609,1.090,1.080,1,0,0,6.025,0,0,18,295,0,46,2
21-06 06:44:35,9.747,1.999,86.221,0.750,0,5563644,172544,186912,2078256,11644.130,3350.886,0,2483.175,0,145.951,3217,4389,1.010,1.060,0.990,0,0,0,0,0,18,295,0,46,2
21-06 06:44:36,17.027,4.006,74.867,1.252,0,5563808,172292,186932,2078324,5217.185,1514.376,32.050,2503.928,2.003,272.427,5972,8928,1.010,1.060,0.990,1,0,1.002,0,0,18,296,0,46,2
21-06 06:44:37,26.973,4.995,63.937,1.998,0,5563844,171788,186952,2078772,9368.793,2862.187,0,4347.727,0,456.551,8686,13362,1.010,1.060,0.990,2,0,0,0,0,18,296,0,48,2
21-06 06:44:38,13.994,3.498,78.714,1.499,0,5563876,171536,186956,2078988,7343.622,2522.839,0,2698.758,0,269.876,4547,6793,1.010,1.060,0.990,0,0,0,0,0,18,295,0,45,2
21-06 06:44:39,7.247,1.999,86.967,1.499,0,5563828,171536,186960,2079032,6430.544,2394.086,0,7465.149,0,518.802,3613,5740,1.010,1.060,0.990,0,0,0,0,0,18,295,0,46,2
21-06 06:44:40,7.755,1.751,88.056,0.500,0,5563792,171536,186960,2079068,5594.535,1964.241,0,1312.829,0,126.080,2830,3901,0.930,1.050,0.980,0,0,1.001,0,0,18,295,0,46,2
21-06 06:44:41,10.037,2.509,85.062,1.004,0,5566360,168776,186968,2079252,7319.820,2501.164,0,1638.002,0,180.662,3295,4734,0.930,1.050,0.980,1,0,3.011,0,0,18,295,0,46,2
21-06 06:44:42,6.227,1.993,90.161,0.249,0,5566312,168776,186968,2079300,4787.998,2009.445,0,828.884,0,55.790,2293,3075,0.930,1.050,0.980,2,0,2.989,0,0,18,295,0,43,2
21-06 06:44:43,9.509,2.502,86.329,0.250,0,5566236,168776,186972,2079372,11146.264,3011.773,0,1233.136,0,119.110,3132,4204,0.930,1.050,0.980,1,0,1.001,0,0,18,296,0,43,2
21-06 06:44:44,10.240,2.248,84.664,1.498,0,5565988,168776,186980,2079612,5534.367,2563.391,0,1718.251,0,200.796,3366,4920,0.930,1.050,0.980,1,0,0,0,0,18,295,0,44,2
21-06 06:44:45,6.753,1.751,89.788,0.250,0,5565944,168776,186980,2079656,5319.258,2570.091,0,1304.554,0,131.056,2572,3675,0.850,1.030,0.980,1,0,0,0,0,18,295,0,44,2
21-06 06:44:46,12.249,2.750,82.995,1.000,0,5566360,168272,186980,2079744,6221.640,2472.857,0,6843.604,0,497.971,3852,5547,0.850,1.030,0.980,1,0,0,0,0,18,295,0,42,2
21-06 06:44:47,6.765,1.754,88.944,0.752,0,5566348,168272,186980,2079756,12582.460,3303.209,0,1182.581,0,109.238,2533,3556,0.850,1.030,0.980,1,0,0,0,0,18,295,0,43,2
21-06 06:44:48,4.488,0.997,93.257,0.249,0,5566176,168272,186988,2079920,12318.904,3453.004,0,837.817,0,62.836,1577,1986,0.850,1.030,0.980,3,0,0,0,0,18,295,0,43,2
21-06 06:44:49,2.752,0.500,95.084,0.250,0,5566164,168272,186988,2079932,10571.294,3925.451,0,596.524,0,34.030,1284,1711,0.850,1.030,0.980,0,0,0,0,0,18,295,0,43,2
21-06 06:44:50,5.999,1.250,91.242,0.750,0,5566132,168272,186996,2079956,6535.430,2371.793,0,1051.908,0,98.991,2195,3224,0.780,1.010,0.970,3,0,0,0,0,18,295,0,42,2
21-06 06:44:51,5.503,2.001,90.045,0.750,0,5566092,168272,187000,2079992,11558.822,3010.516,0,1760.887,0,119.060,2440,3469,0.780,1.010,0.970,1,0,0,0,0,18,296,0,42,2
21-06 06:44:52,9.255,2.501,84.798,1.501,0,5565980,168272,187056,2080048,12240.977,3299.881,0,6807.880,0,478.273,3815,5840,0.780,1.010,0.970,0,0,1.001,0,0,18,295,0,42,2
21-06 06:44:53,22.036,4.507,71.115,1.002,0,5566264,167516,187072,2080504,6436.395,1688.727,0,2063.332,0,240.388,6762,10059,0.780,1.010,0.970,2,0,0,0,0,18,296,0,42,2
21-06 06:44:54,17.944,3.738,73.519,1.745,0,5565840,167516,187108,2080892,6078.863,2395.459,0,2587.853,0,291.084,6121,9103,0.780,1.010,0.970,1,0,0,0,0,18,295,0,40,2
21-06 06:44:55,12.291,1.756,83.779,0.502,0,5565832,167516,187128,2080880,4741.818,1613.382,0,1994.654,0,166.556,3623,5117,0.720,0.990,0.970,2,0,1.003,0,0,18,296,0,43,2
21-06 06:44:56,8.974,2.243,86.748,1.246,0,5566020,167012,187140,2081184,11752.843,3342.286,0,1886.517,0,192.441,3399,4960,0.720,0.990,0.970,0,0,0,0,0,18,295,0,43,2
21-06 06:44:57,23.046,4.759,68.636,1.252,0,5565704,167012,187176,2081464,4887.703,1460.900,0,3026.007,0,317.631,7713,11850,0.720,0.990,0.970,1,0,1.002,0,0,18,296,0,43,2
21-06 06:44:58,24.453,4.990,66.623,1.497,0,5566528,166004,187196,2081628,4790.837,1616.908,0,7389.867,0,528.988,8359,12650,0.720,0.990,0.970,4,0,0,0,0,18,296,0,40,2
21-06 06:44:59,16.246,4.249,77.482,1.000,0,5567008,165248,187212,2081888,5958.617,2565.405,0,1831.575,0,208.952,5219,7549,0.720,0.990,0.970,1,0,0,0,0,18,295,0,41,2
21-06 06:45:00,9.251,1.750,86.510,0.750,0.250,5566852,165248,187212,2082044,5166.599,1686.195,16.002,1660.192,1.000,182.021,3572,5272,0.660,0.980,0.960,0,0,0,0,0,18,296,0,41,2
21-06 06:45:01,10.036,2.509,84.552,1.254,0,5567948,164016,187224,2082168,12443.512,3418.228,36.129,6776.240,7.025,611.186,3948,5894,0.660,0.980,0.960,1,0,3.011,0,0,18,295,0,43,2
21-06 06:45:02,11.208,2.491,83.939,0.996,0,5560604,171104,187240,2082408,5497.633,2435.976,31.882,1920.884,0.996,142.472,3370,4689,0.660,0.980,0.960,0,0,0.996,0,0,18,295,0,44,2
21-06 06:45:03,5.739,1.248,91.331,0.250,0,5561320,170348,187248,2082440,6402.161,1628.988,0,1137.896,0,96.821,2142,2949,0.660,0.980,0.960,2,0,0,0,0,18,296,0,44,2
21-06 06:45:04,8.761,1.752,87.607,1.001,0,5561456,170124,187260,2082516,12040.766,3193.917,0,1565.920,0,163.200,3141,4572,0.660,0.980,0.960,1,0,0,0,0,18,295,0,45,2
21-06 06:45:05,20.342,5.776,70.570,1.507,0,5559432,171840,187272,2082812,4528.524,1193.409,0,8313.679,0,652.959,7733,12170,0.690,0.980,0.960,2,1,0,0,0,18,296,0,45,2
21-06 06:45:06,26.624,5.225,62.703,2.488,0,5559184,171588,187336,2083248,5208.332,1558.618,0,4434.995,0,548.403,9459,15502,0.690,0.980,0.960,3,0,1.991,0,0,18,296,0,46,2
21-06 06:45:07,24.519,5.004,67.552,1.251,0,5559888,170580,187360,2083528,5149.991,1607.246,0,2109.635,0,212.164,8032,11931,0.690,0.980,0.960,1,0,0,0,0,18,296,0,48,2
21-06 06:45:08,16.983,3.746,76.174,1.498,0,5560864,169320,187388,2083784,6097.880,2472.518,0,2769.221,0,276.722,5298,7783,0.690,0.980,0.960,0,0,0,0,0,18,295,0,51,2
21-06 06:45:09,11.761,2.252,83.326,1.001,0,5560792,169320,187392,2083852,4642.249,1459.336,0,1861.704,0,182.167,3786,5214,0.690,0.980,0.960,1,0,0,0,0,18,296,0,52,2
21-06 06:45:10,11.498,2.250,82.985,1.000,0,5560900,169068,187420,2083968,8246.538,2913.484,0,2383.577,0,266.953,3957,5750,0.710,0.980,0.960,0,0,0,0,0,18,295,0,53,2
21-06 06:45:11,7.519,2.757,86.967,1.253,0,5560896,169068,187424,2083968,8891.232,2075.189,0,6600.504,0,430.075,3469,5281,0.710,0.980,0.960,6,0,0,0,0,18,295,0,52,2
21-06 06:45:12,7.726,1.246,88.473,0.748,0,5560900,168820,187424,2084212,7662.001,2509.141,0,2583.907,0,159.500,2884,4164,0.710,0.980,0.960,0,0,0.997,0,0,18,295,0,53,2
21-06 06:45:13,11.753,2.251,82.773,1.000,0,5560816,168820,187428,2084292,12827.638,3028.859,0,1604.455,0,164.047,3707,5107,0.710,0.980,0.960,0,0,0,0,0,18,295,0,53,2
21-06 06:45:14,17.330,3.767,76.604,1.005,0,5562112,167308,187432,2084504,4293.843,1410.518,0,2318.715,0,234.082,5741,8665,0.710,0.980,0.960,2,0,0,0,0,18,296,0,53,2
21-06 06:45:15,25.230,5.995,64.450,2.248,0,5561784,167308,187460,2084804,4976.127,1618.740,0,4776.282,0,573.554,9101,14609,1.060,1.040,0.990,2,0,0,0,0,18,296,0,48,2
21-06 06:45:16,25.765,5.003,65.288,2.001,0,5563028,165796,187472,2085060,4977.934,1578.931,0,7636.501,0,555.327,9066,13705,1.060,1.040,0.990,0,0,0,0,0,18,296,0,49,2
21-06 06:45:17,21.159,4.232,69.948,1.494,0,5564076,164312,187472,2085496,5508.200,2494.223,0,8037.273,0,604.389,7056,10383,1.060,1.040,0.990,1,0,0,0,0,18,295,0,50,2
21-06 06:45:18,7.769,2.005,88.973,0.251,0,5563112,165244,187472,2085528,6490.281,1636.104,0,986.475,0,82.206,2499,3495,1.060,1.040,0.990,2,0,0,0,0,18,297,0,51,2
21-06 06:45:19,13.257,2.751,81.543,1.251,0,5563280,164992,187476,2085608,5342.846,1620.864,0,2205.175,0,289.154,4212,6164,1.060,1.040,0.990,3,0,0,0,0,18,296,0,47,2
21-06 06:45:20,4.737,1.247,91.499,0.499,0,5563076,164992,187480,2085808,11675.934,3288.967,0,1256.549,0,114.685,2406,3748,1.370,1.110,1.010,0,0,0,0,0,18,295,0,47,2
21-06 06:45:21,12.743,2.749,80.458,0.999,0,5563196,164768,187480,2085912,6379.668,2569.658,0,1655.135,0,187.902,3854,5510,1.370,1.110,1.010,0,0,0,0,0,18,295,0,48,2
21-06 06:45:22,11.758,2.502,84.304,0.500,0.250,5563260,164516,187484,2086096,12113.775,3234.076,0,1484.953,0,154.099,3477,4758,1.370,1.110,1.010,0,0,1.001,0,0,18,295,0,48,2
21-06 06:45:23,9.741,2.498,84.925,0.999,0,5563700,164012,187484,2086160,5241.368,1684.511,0,1942.283,0,148.868,4129,6303,1.370,1.110,1.010,0,0,0,0,0,18,296,0,48,2
21-06 06:45:24,25.817,5.765,62.913,2.757,0,5563316,164012,187504,2086524,4535.778,1527.968,0,10591.502,0,892.317,9580,15907,1.370,1.110,1.010,1,0,0,0,0,18,296,0,48,2
21-06 06:45:25,26.307,4.760,66.142,1.503,0,5564980,162024,187512,2086840,4662.033,1515.261,0,2677.763,0,290.625,7776,11729,1.340,1.110,1.010,2,0,0,0,0,18,296,0,50,2
21-06 06:45:26,16.194,5.232,74.993,1.495,0,5595680,131188,187516,2089404,7198.296,2499.422,15.945,2435.641,0.997,281.035,4927,11703,1.340,1.110,1.010,3,0,34.880,0,0,18,295,0,51,2
21-06 06:45:27,15.498,4.250,77.241,1.000,0,5573216,153392,187520,2087228,8730.991,3409.606,0,2347.729,0,263.969,4583,9143,1.340,1.110,1.010,3,0,1.000,0,0,18,295,0,48,2
21-06 06:45:28,6.998,1.000,89.725,0.500,0,5573184,153392,187520,2087260,4786.662,1908.467,0,1063.703,0,89.975,2460,3345,1.340,1.110,1.010,0,0,0,0,0,18,295,0,48,2
21-06 06:45:29,9.504,2.251,86.539,0.750,0,5573124,153392,187520,2087320,18360.187,4719.104,0,1400.625,0,135.060,3216,4476,1.340,1.110,1.010,1,0,0,0,0,18,295,0,48,2
21-06 06:45:30,6.019,1.505,89.532,0.752,0.251,5573100,153392,187520,2087344,10211.171,2910.169,0,1356.273,0,139.439,2634,3980,1.560,1.160,1.020,1,0,0,0,0,18,296,0,48,2
21-06 06:45:31,25.408,5.729,63.770,1.993,0,5572708,153392,187524,2087732,4985.003,1679.935,0,8106.732,0,640.687,8659,13362,1.560,1.160,1.020,2,0,0.996,0,0,18,296,0,47,2
21-06 06:45:32,15.990,3.998,77.452,1.249,0,5573156,152664,187536,2088000,6615.890,2568.404,0,7567.299,0,621.614,5269,7467,1.560,1.160,1.020,0,0,0.999,0,0,18,295,0,48,2
21-06 06:45:33,9.003,1.250,86.783,1.000,0.250,5573336,152412,187540,2088068,12460.789,3395.305,0,1460.561,0,151.058,2935,4263,1.560,1.160,1.020,0,0,0,0,0,18,295,0,48,2
21-06 06:45:34,10.046,3.014,85.388,0.251,0,5574072,151656,187540,2088088,5223.709,1693.687,0,1020.632,0,90.410,3431,4642,1.560,1.160,1.020,4,1,3.014,0,0,18,296,0,48,2
21-06 06:45:35,25.243,5.998,64.982,1.750,0,5573968,151404,187560,2088424,5048.575,1661.531,0,3359.052,0,351.901,8104,12368,1.670,1.190,1.030,1,1,2.999,0,0,18,296,0,46,2
21-06 06:45:36,8.216,1.743,86.894,0.996,0,5573752,151404,187564,2088636,6342.993,2441.987,0,2406.134,0,234.040,3498,5372,1.670,1.190,1.030,0,0,0,0,0,18,295,0,47,2
21-06 06:45:37,16.245,3.249,77.477,1.250,0,5573520,151404,187576,2088856,10802.734,3912.817,0,2739.172,0,266.919,4614,6633,1.670,1.190,1.030,0,0,0,0,0,18,295,0,49,2
21-06 06:45:38,8.253,2.001,86.027,1.500,0,5573476,151404,187576,2088900,7072.197,2149.668,0,6870.134,0,439.136,3268,4939,1.670,1.190,1.030,1,0,0,0,0,18,295,0,49,2
21-06 06:45:39,9.265,1.753,86.138,1.002,0,5573624,151152,187576,2089004,11987.243,3759.034,0,1530.457,0,164.264,3127,4450,1.670,1.190,1.030,0,0,0,0,0,18,295,0,45,2
21-06 06:45:40,6.251,2.000,90.509,0.500,0,5573604,151152,187576,2089024,10428.009,2542.246,0,788.076,0,61.006,2320,3162,1.700,1.200,1.040,2,0,0,0,0,18,296,0,46,2
21-06 06:45:41,9.226,1.995,85.523,0.997,0,5573360,151152,187576,2089268,6306.281,2499.374,0,1515.981,0,175.535,3114,4703,1.700,1.200,1.040,0,0,0,0,0,18,295,0,47,2
21-06 06:45:42,13.509,3.252,80.552,0.500,0,5573288,151152,187576,2089340,11331.263,3793.431,0,1292.829,0,144.092,3797,5112,1.700,1.200,1.040,0,0,2.001,0,0,18,295,0,48,2
21-06 06:45:43,5.749,2.000,90.742,0.500,0,5575280,149136,187576,2089364,6297.419,1982.817,0,755.930,0,55.995,1931,2576,1.700,1.200,1.040,0,0,3.000,0,0,18,295,0,46,2
21-06 06:45:44,12.249,2.250,83.495,0.500,0,5575168,149136,187576,2089476,6180.647,1928.890,63.996,2075.881,4.000,77.996,3250,4213,1.700,1.200,1.040,2,0,2.000,0,0,18,295,0,48,2
21-06 06:45:45,13.061,3.014,81.885,0.754,0,5575008,149136,187576,2089636,4507.174,1573.391,0,1402.589,0,162.765,3467,4888,1.880,1.250,1.060,1,1,0,0,0,18,295,0,49,2
21-06 06:45:46,5.999,0.750,90.232,0.500,0,5575180,148884,187576,2089716,6053.826,2398.535,0,1211.765,0,128.975,2548,3737,1.880,1.250,1.060,2,0,0,0,0,18,296,0,49,2
21-06 06:45:47,8.690,1.986,86.153,0.745,0,5575128,148884,187576,2089768,10747.536,2965.454,0,1922.679,0,173.796,3209,4742,1.880,1.250,1.060,1,0,0,0,0,18,295,0,49,2
21-06 06:45:48,9.271,1.754,86.444,1.002,0,5575084,148884,187576,2089812,11674.171,3359.531,0,1451.253,0,146.328,3104,4151,1.880,1.250,1.060,0,0,0,0,0,18,295,0,44,2
21-06 06:45:49,6.499,1.500,89.736,1.000,0,5574916,148884,187576,2089980,8864.577,2857.541,0,5083.184,0,315.949,2599,3832,1.880,1.250,1.060,2,0,0,0,0,18,295,0,44,2
21-06 06:45:50,4.503,0.500,92.558,0.250,0,5574904,148884,187576,2089992,5062.198,1818.149,0,856.541,0,88.056,1921,2839,1.890,1.260,1.060,0,0,0,0,0,18,295,0,44,2
21-06 06:45:51,13.537,3.760,80.722,1.253,0,5574984,148632,187580,2090160,10200.109,2657.323,16.044,1833.051,1.003,206.569,4945,7400,1.890,1.260,1.060,2,0,0,0,0,18,296,0,44,2
21-06 06:45:52,25.225,4.995,66.935,0.999,0,5573436,148632,187592,2091696,5394.749,1618.425,0,2353.709,0,235.770,7583,11302,1.890,1.260,1.060,1,0,0.999,0,0,18,296,0,46,2
21-06 06:45:53,24.230,5.496,66.946,1.249,0,5572296,148408,187604,2093048,6061.111,1684.641,0,7845.671,0,656.470,7928,11797,1.890,1.260,1.060,2,0,0,0,0,18,296,0,46,2
21-06 06:45:54,8.243,2.248,85.676,1.249,0,5572188,148408,187632,2093128,6434.453,2562.791,0,3692.817,0,323.721,3612,5513,1.890,1.260,1.060,0,0,0,0,0,18,295,0,48,2
21-06 06:45:55,11.999,2.250,83.243,1.250,0,5572460,147904,187648,2093344,5687.543,2402.807,0,1915.846,0,196.984,3673,5216,1.820,1.260,1.060,0,0,0,0,0,18,295,0,49,2
21-06 06:45:56,12.507,2.751,82.793,1.001,0,5572312,147904,187676,2093464,6460.380,2566.343,0,1792.938,0,200.105,3812,5456,1.820,1.260,1.060,0,0,0,0,0,18,295,0,47,2
21-06 06:45:57,10.488,1.998,86.401,0,0,5573560,146644,187680,2093472,4762.530,1456.327,0,1054.788,0,100.884,2546,3202,1.820,1.260,1.060,2,0,0,0,0,18,296,0,48,2
21-06 06:45:58,26.864,4.017,67.285,0.502,0,5582484,137320,187688,2093864,5159.888,1917.132,0,5880.947,0,362.538,5055,6472,1.820,1.260,1.060,2,0,0,0,0,18,295,0,50,2
21-06 06:45:59,3.983,0.498,93.112,0.747,0,5582324,137320,187692,2094020,11318.882,2996.526,0,1669.052,0,85.643,2094,3021,1.820,1.260,1.060,0,0,0,0,0,18,295,0,50,2
21-06 06:46:00,11.759,4.504,80.814,1.001,0,5626852,136888,186916,2050716,11537.099,3354.646,0,1377.086,0,152.120,3676,4878,2.080,1.320,1.080,1,0,0,0,0,18,295,0,48,2
21-06 06:46:01,8.748,1.750,87.230,0.500,0,5626492,137184,186932,2050764,11736.267,3405.207,0,1299.697,0,139.967,3081,4348,2.080,1.320,1.080,1,0,0,0,0,18,295,0,49,2
21-06 06:46:02,18.829,3.766,74.311,0.753,0,5625920,137568,186976,2050908,4918.553,1584.621,0,1980.275,0,227.953,5901,8915,2.080,1.320,1.080,2,0,2.008,0,0,18,296,0,49,2
21-06 06:46:03,22.229,4.496,70.184,1.249,0,5624420,138596,186980,2051376,5273.018,2484.652,0,2773.380,0,282.733,6612,9684,2.080,1.320,1.080,0,0,0,0,0,18,295,0,52,2
21-06 06:46:04,6.978,1.495,89.217,0.498,0,5623320,139636,186984,2051432,6306.005,1519.183,0,1423.486,0,105.665,2466,3526,2.080,1.320,1.080,3,0,0,0,0,18,299,0,48,2
21-06 06:46:05,25.101,3.765,69.279,0.753,0,5623588,139132,186992,2051660,5634.678,1518.110,128.517,1646.627,8.032,138.558,6850,9384,2.070,1.330,1.090,1,0,1.004,0,0,18,297,0,56,2
21-06 06:46:06,24.699,4.491,68.109,0.998,0,5624840,137620,186992,2051920,5100.474,1131.664,0,1860.161,0,168.652,7112,10018,2.070,1.330,1.090,1,0,3.992,0,0,18,302,0,69,2
21-06 06:46:07,28.447,3.494,66.127,0.250,0,5627020,135100,186992,2052260,4946.831,1603.029,0,1585.062,0,136.747,6027,7527,2.070,1.330,1.090,2,0,0,0,0,18,299,0,85,2
21-06 06:46:08,7.499,2.250,86.741,1.750,0,5626788,135100,186996,2052488,11740.746,3525.623,4.000,6139.344,1.000,441.953,3572,5591,2.070,1.330,1.090,0,0,0,0,0,18,298,0,77,2
21-06 06:46:09,22.746,3.749,70.487,1.250,0,5627004,134596,187008,2052764,4531.160,1511.720,0,3099.426,0,311.942,6455,9723,2.070,1.330,1.090,3,0,0,0,0,18,298,0,78,2
21-06 06:46:10,22.498,4.750,69.495,1.000,0,5627920,133588,187008,2052856,4571.694,2507.832,0,2379.841,0,245.984,6281,8826,2.220,1.380,1.100,0,0,0,0,0,18,298,0,79,2
21-06 06:46:11,6.752,1.000,89.033,1.250,0,5627660,133588,187028,2053096,8459.129,2577.954,0,1936.716,0,214.079,2857,4533,2.220,1.380,1.100,3,0,0,0,0,18,298,0,79,2
21-06 06:46:12,5.019,1.506,92.608,0.251,0,5628124,133088,187040,2053120,5601.656,1626.287,0,1357.247,0,116.450,2123,3060,2.220,1.380,1.100,1,0,1.004,0,0,18,299,0,76,2
21-06 06:46:13,4.477,1.741,91.027,1.244,0,5628060,133088,187048,2053176,7026.518,2336.867,0,7783.588,0,475.531,2470,3498,2.220,1.380,1.100,0,0,0.995,0,0,18,298,0,76,2
21-06 06:46:14,7.505,2.001,88.057,0.500,0,5627988,133088,187068,2053228,6389.106,2510.614,0,1717.104,0,161.104,2709,3721,2.220,1.380,1.100,1,0,0,0,0,18,298,0,77,2
21-06 06:46:15,18.503,3.000,75.010,0.500,0,5629680,131072,187084,2053536,6033.834,1921.265,0,1260.174,0,120.017,4075,5041,2.210,1.390,1.110,0,0,0,0,0,18,298,0,78,2
21-06 06:46:16,6.017,1.254,90.761,0.501,0,5629668,131072,187096,2053536,5951.130,1709.922,0,1006.898,0,84.242,2200,3149,2.210,1.390,1.110,2,0,0,0,0,18,298,0,78,2
21-06 06:46:17,4.753,1.001,92.550,0.750,0,5629628,131072,187100,2053572,5094.770,1362.741,0,1204.655,0,120.065,2225,3272,2.210,1.390,1.110,1,0,0,0,0,18,299,0,78,2
21-06 06:46:18,3.984,1.245,92.635,0.498,0,5629596,131072,187104,2053600,6276.257,2021.033,0,1378.565,0,88.651,1929,2883,2.210,1.390,1.110,3,0,0,0,0,18,298,0,78,2
21-06 06:46:19,9.505,2.501,84.041,1.751,0,5629532,131072,187120,2053648,12013.826,3353.626,0,6311.060,0,426.207,3840,5753,2.210,1.390,1.110,2,0,0,0,0,18,298,0,78,2
21-06 06:46:20,21.507,4.501,70.023,1.500,0,5629536,130820,187132,2053884,5119.661,1458.473,0,3613.172,0,298.097,6541,9817,2.030,1.360,1.100,2,0,0,0,0,18,299,0,76,2
21-06 06:46:21,25.002,5.250,66.004,0.750,0,5631204,128804,187136,2054228,4667.283,2350.142,0,2332.141,0,248.015,6698,9523,2.030,1.360,1.100,0,0,0,0,0,18,298,0,77,2
21-06 06:46:22,5.521,1.506,90.596,0.753,0,5631528,128300,187136,2054408,6350.258,1529.844,0,1734.626,0,172.660,2505,3662,2.030,1.360,1.100,0,1,1.004,0,0,18,299,0,77,2
21-06 06:46:23,3.482,1.244,93.265,0.746,0,5631480,128300,187136,2054456,5963.975,2405.486,0,1476.320,0,130.322,1953,3021,2.030,1.360,1.100,1,0,0,0,0,18,298,0,77,2
21-06 06:46:24,6.000,1.750,89.249,0.750,0,5631696,128048,187136,2054492,6014.956,2082.985,0,1455.989,0,116.999,2433,3289,2.030,1.360,1.100,0,0,0,0,0,18,298,0,76,2
21-06 06:46:25,8.758,2.252,87.327,0.500,0,5631888,127796,187140,2054548,11446.121,3463.062,0,1497.324,0,157.139,2936,4134,1.870,1.340,1.100,0,0,0,0,0,18,298,0,76,2
21-06 06:46:26,18.807,4.263,74.475,1.505,0,5631644,127796,187140,2054792,5132.482,1624.902,0,2928.835,0,322.974,5932,9019,1.870,1.340,1.100,6,0,0,0,0,18,299,0,76,2
21-06 06:46:27,24.441,6.484,65.841,1.247,0,5462156,328800,186380,2024076,6625.956,266949.595,239.420,6412.473,11.971,399.034,5111,13472,1.870,1.340,1.100,6,0,49.879,0,0,18,298,0,77,2
21-06 06:46:28,1.500,1.000,96.757,0,0,5460372,330584,186380,2024076,5040.363,1620.117,0,2008.144,0,154.011,1212,1788,1.870,1.340,1.100,1,0,0,0,0,18,298,0,71,2
21-06 06:46:29,2.749,0.750,94.721,0.250,0,5458636,332312,186380,2024084,11477.441,2996.071,0,3195.009,0,316.902,1681,2245,1.870,1.340,1.100,0,0,0,0,0,18,298,0,71,2
21-06 06:46:30,2.499,0.750,95.717,0,0,5457340,333600,186380,2024092,5853.974,1751.394,0,547.810,0,35.988,1227,1752,1.720,1.320,1.090,1,0,0,0,0,18,297,0,71,3
21-06 06:46:31,1.500,1.000,95.770,0,0,5456204,334728,186380,2024100,5556.156,1458.303,0,572.119,0,42.009,1269,1744,1.720,1.320,1.090,0,0,0,0,0,18,297,0,71,3
21-06 06:46:32,1.250,0.500,96.539,0.250,0,5456140,334792,186380,2024100,5342.135,1620.648,0,436.174,0,31.012,1074,1562,1.720,1.320,1.090,0,0,1.000,0,0,18,297,0,71,3
21-06 06:46:33,1.750,0.750,96.995,0,0,5456140,334792,186380,2024100,4577.766,1457.925,0,527.973,0,77.996,927,1361,1.720,1.320,1.090,0,0,0,0,0,18,297,0,70,3
21-06 06:46:34,2.250,0.250,95.741,0,0,5456148,334780,186380,2024104,4719.542,1619.843,0,455.956,0,87.991,1253,1586,1.720,1.320,1.090,0,0,2.000,0,0,18,297,0,70,3
21-06 06:46:35,2.000,2.000,94.989,0.250,0,5448548,342372,186380,2024112,4637.455,1457.829,0,451.947,0,32.996,1385,1923,1.660,1.310,1.090,0,0,5.999,0,0,18,297,0,70,3
21-06 06:46:36,2.501,1.000,94.536,0.750,0,5448108,342812,186380,2024112,5319.031,1620.619,0,712.272,0,47.018,1591,2407,1.660,1.310,1.090,0,0,0,0,0,18,297,0,70,3
21-06 06:46:37,2.253,0.751,94.368,0.250,0,5448096,342812,186380,2024124,9315.677,2772.475,0,440.552,0,50.063,1607,2213,1.660,1.310,1.090,0,0,0,0,0,18,297,0,69,3
21-06 06:46:38,1.747,0.998,96.590,0,0,5448312,342588,186384,2024128,6042.973,1521.475,0,79.867,0,8.985,1124,1492,1.660,1.310,1.090,2,0,0,0,0,18,297,0,69,3
21-06 06:46:39,1.750,0.750,96.241,0.250,0,5448308,342588,186384,2024132,4859.560,1619.853,0,111.990,0,16.998,1037,1442,1.660,1.310,1.090,0,0,0,0,0,18,297,0,69,3
21-06 06:46:40,2.000,0.250,96.018,0.250,0,5448308,342588,186384,2024132,4998.917,1458.268,0,288.053,0,23.004,1225,1806,1.530,1.290,1.080,0,0,0,0,0,18,297,0,69,3
21-06 06:46:41,1.250,0.750,96.750,0,0,5448304,342588,186384,2024136,5194.980,1457.994,0,139.999,0,9.000,1051,1415,1.530,1.290,1.080,0,0,0,0,0,18,297,0,65,3
21-06 06:46:42,2.250,0.750,95.739,0.250,0,5448300,342588,186384,2024140,5579.364,1619.815,0,271.969,0,26.997,1315,1865,1.530,1.290,1.080,1,0,1.000,0,0,18,297,0,65,3
21-06 06:46:43,2.000,1.000,95.250,0.250,0,5448540,342348,186384,2024140,5099.989,1619.996,0,267.999,0,26.000,1334,1915,1.530,1.290,1.080,0,0,1.000,0,0,18,297,0,65,3
21-06 06:46:44,3.251,1.751,93.533,0,0,5448772,342096,186384,2024160,4867.727,1686.599,0,92.033,0,9.003,1372,1890,1.530,1.290,1.080,0,0,3.001,0,0,18,297,0,65,3
21-06 06:46:45,5.499,1.250,92.726,0.250,0,5448576,342096,186388,2024352,4438.847,1619.579,31.992,575.850,1.000,50.987,1922,2698,1.400,1.270,1.080,0,0,1.999,0,0,18,297,0,64,3
21-06 06:46:46,2.001,0.500,95.535,0,0,5448572,342096,186388,2024356,4938.784,1620.585,0,396.143,0,41.015,1462,2178,1.400,1.270,1.080,0,0,0,0,0,18,297,0,64,3
21-06 06:46:47,2.001,0.750,96.774,0.250,0,5448572,342096,186388,2024356,4441.117,1620.407,0,320.080,0,29.007,1255,1910,1.400,1.270,1.080,0,0,0,0,0,18,297,0,64,3
21-06 06:46:48,0.750,0.750,97.470,0,0,5448572,342096,186388,2024356,4276.695,1457.555,0,79.976,0,2.999,964,1390,1.400,1.270,1.080,0,0,0,0,0,18,297,0,64,3
21-06 06:46:49,1.500,0.500,96.972,0,0,5448572,342096,186388,2024356,4558.695,1619.537,0,787.775,0,150.957,1022,1442,1.400,1.270,1.080,0,0,0,0,0,18,297,0,63,3
21-06 06:46:50,1.750,0.750,96.011,0,0,5448572,342096,186388,2024356,4218.499,1458.172,0,216.026,0,21.002,1221,1857,1.290,1.250,1.070,1,0,0,0,0,18,297,0,63,3
21-06 06:46:51,1.500,0.750,96.485,0,0,5448564,342096,186388,2024364,4876.227,1619.743,0,143.977,0,9.998,1081,1491,1.290,1.250,1.070,1,0,0,0,0,18,297,0,63,3
21-06 06:46:52,1.250,0.750,96.771,0.250,0.250,5448564,342096,186388,2024364,5479.210,1458.322,0,72.016,0,10.002,1115,1518,1.290,1.250,1.070,0,0,1.000,0,0,18,297,0,63,3
21-06 06:46:53,1.749,0.500,96.972,0,0.250,5448568,342096,186388,2024364,5524.379,1685.506,0,47.986,0,5.998,1004,1409,1.290,1.250,1.070,1,0,0,0,0,18,297,0,61,3
21-06 06:46:54,1.000,0.500,97.234,0,0.250,5448564,342096,186388,2024368,5717.071,1457.763,0,87.986,0,1.000,964,1356,1.290,1.250,1.070,0,0,0,0,0,18,297,0,61,3
21-06 06:46:55,2.251,1.251,95.293,0.250,0,5448528,342096,186396,2024396,4820.188,1500.681,16.007,616.280,1.000,55.025,1498,2187,1.190,1.230,1.070,0,0,1.000,0,0,18,297,0,61,3
21-06 06:46:56,2.250,1.000,95.017,0.250,0,5448492,342096,186396,2024432,4757.868,1620.296,0,332.061,0,35.006,1516,2175,1.190,1.230,1.070,0,0,0,0,0,18,297,0,61,3
21-06 06:46:57,2.250,0.500,95.491,0.250,0,5448488,342096,186396,2024436,4517.570,1457.861,0,519.951,0,48.995,1366,2095,1.190,1.230,1.070,1,0,0,0,0,18,297,0,56,3
21-06 06:46:58,5.003,1.751,92.312,0.500,0,5460332,330252,186420,2024412,132399.396,1472.995,4.003,3050.059,1.001,191.129,1722,2580,1.190,1.230,1.070,2,0,3.002,0,0,18,297,0,56,3
21-06 06:46:59,11.494,3.748,82.704,0.250,0,5463916,326524,186444,2024532,279355.423,7827.613,159.910,235.868,7.996,7.996,2360,1946,1.190,1.230,1.070,1,0,26.985,0,0,18,297,0,56,3
21-06 06:47:00,12.494,4.498,81.459,0.250,0,5467100,321972,186456,2025888,288016.802,6638.699,243.879,931.537,6.997,139.930,2610,2313,1.090,1.210,1.060,1,0,22.989,0,0,18,297,0,56,3
21-06 06:47:01,21.526,6.258,72.339,0,0,5468836,307644,186464,2038472,3763.621,540.664,8.010,196.241,2.002,9.011,2476,1835,1.090,1.210,1.060,1,0,18.022,0,0,18,297,0,51,3
