"pcp-dstat 6.2.0 CSV Output"
"Author:","PCP team <pcp@groups.io> and Dag Wieers <dag@wieers.com>",,,,"URL:","https://pcp.io/ and http://dag.wieers.com/home-made/dstat/"
"Host:","ubuntu",,,,"User:","ubuntu"
"Cmdline:","dstat -tcmndrylpg --tcp --output /tmp/devstack_logs/dstat-csv.log",,,,"Date:","15 Jun 2026 01:01:17 UTC"
"system","total usage",,,,,"memory usage",,,,"net/total",,"dsk/total",,"io/total",,"system",,"load avg",,,"procs",,,"paging",,"tcp sockets",,,,
"time","total usage:usr","total usage:sys","total usage:idl","total usage:wai","total usage:stl","used","free","buf","cach","net/total:recv","net/total:send","dsk/total:read","dsk/total:writ","read","writ","int","csw","1m","5m","15m","run","blk","new","in","out","lis","act","syn","tim","clo"
15-06 01:01:17,,1133236,1272116,166668,5235412,,,,,,,1.190,0.950,0.530,2,0,,,,10,4,0,17,1
15-06 01:01:18,17.709,20.951,58.862,0.499,0.249,1132716,1271976,166860,5235856,45027.704,15197.461,0,2270.690,0,133.687,5533,3977,1.180,0.950,0.530,2,0,329.230,0,0,10,5,0,17,1
15-06 01:01:19,22.300,22.300,54.121,0.501,0,1115316,1288724,167076,5236164,43594.295,14099.468,0,12511.925,0,414.926,5567,3900,1.180,0.950,0.530,2,0,329.736,0,0,10,5,0,17,1
15-06 01:01:20,28.203,19.467,50.166,0.749,0.250,1081392,1321872,167232,5236688,22272.525,13188.809,0,1721.104,0,50.914,6352,5800,1.180,0.950,0.530,2,0,299.496,0,0,10,5,0,17,1
15-06 01:01:21,35.209,17.480,45.947,0.250,0,1057488,1322080,167460,5259120,177350.311,10380.020,0,1630.119,0,46.946,5905,6673,1.180,0.950,0.530,1,0,187.783,0,0,10,4,0,17,2
15-06 01:01:22,37.028,12.760,47.286,0.751,0,1148488,1212344,168444,5398976,4341.281,1501.134,0,2157.631,0,73.055,4723,4104,1.180,0.950,0.530,2,0,107.081,0,0,11,6,0,17,2
15-06 01:01:23,37.001,14.250,47.251,0.250,0,1146224,1197412,168888,5413804,4620.136,1620.048,16.000,1804.053,1.000,60.002,4734,3423,1.240,0.970,0.540,2,0,180.005,0,0,11,6,0,19,2
15-06 01:01:24,42.267,6.753,48.520,1.751,0,1218996,1096000,170108,5438112,4801.973,1620.666,20.008,3853.583,2.001,115.047,3311,2158,1.240,0.970,0.540,2,0,0,0,0,11,6,0,19,2
15-06 01:01:25,42.295,6.006,48.051,2.753,0,1248328,1035756,171360,5464752,4384.662,1621.724,0,9157.737,0,525.559,4641,5180,1.240,0.970,0.540,1,1,11.012,0,0,11,8,0,19,2
15-06 01:01:26,35.016,9.754,39.018,11.755,0,1301656,976044,172904,5470552,5443.504,2100.966,4922.264,39338.093,85.039,2620.205,12470,27180,1.240,0.970,0.540,3,2,88.040,0,0,11,6,0,19,0
15-06 01:01:27,42.637,10.971,37.650,6.732,0,1284812,988220,173196,5472272,9356.245,2974.131,2266.005,32793.235,41.889,2346.791,10896,20949,1.240,0.970,0.540,3,0,114.697,0,0,11,5,1,20,0
15-06 01:01:28,39.032,7.756,51.793,0.250,0,1279812,985740,173324,5478528,7585.245,3549.923,0,2157.777,0,54.044,3160,1865,1.300,0.980,0.550,3,0,34.028,0,0,11,4,1,20,0
15-06 01:01:29,44.113,8.522,44.865,1.003,0,1309864,954164,173416,5479688,4794.279,1590.072,0,10230.201,0,501.284,12440,21207,1.300,0.980,0.550,5,0,13.033,0,0,11,4,1,20,0
15-06 01:01:30,40.251,12.000,45.501,0.250,0,1367376,896440,173488,5479784,4680.103,1694.037,0,480.011,0,24.001,10810,18035,1.300,0.980,0.550,3,0,30.001,0,0,11,4,1,19,0
15-06 01:01:31,44.123,6.232,48.610,0,0,1307524,964632,173504,5472396,5180.053,1569.471,0,303.125,0,15.954,2879,1622,1.300,0.980,0.550,2,0,9.971,0,0,11,4,1,19,0
15-06 01:01:32,24.763,17.259,57.030,0,0,1210912,1061276,173504,5472420,5042.643,1694.888,0,1260.661,0,96.050,4870,3314,1.300,0.980,0.550,1,0,300.157,0,0,11,4,1,19,0
15-06 01:01:33,9.254,21.260,68.031,0,0,1124208,1147952,173504,5472444,4520.092,1458.675,0,28.013,0,7.003,5324,3516,1.280,0.980,0.550,1,0,277.128,0,0,11,4,1,19,0
15-06 01:01:34,13.768,19.024,65.333,0,0,1093700,1178284,173504,5472588,4467.699,1317.681,0,8967.439,0,68.087,5641,5367,1.280,0.980,0.550,1,0,236.301,0,0,11,4,1,17,0
15-06 01:01:35,34.622,15.194,49.318,0,0,1189652,1082272,173508,5473076,4501.411,1452.647,0,23.912,0,1.993,4881,5147,1.280,0.980,0.550,2,0,188.306,0,0,11,5,1,17,0
15-06 01:01:36,45.901,4.515,48.660,0.251,0,1259316,1012192,173520,5473484,5031.572,1462.818,0,1167.846,0,59.195,2597,1243,1.280,0.980,0.550,2,0,0,0,0,11,5,1,17,0
15-06 01:01:37,41.980,9.496,47.478,0,0,1292804,977556,173532,5474596,6015.150,1457.310,0,2242.937,0,227.892,3012,2485,1.280,0.980,0.550,5,0,0,0,0,11,5,1,17,0
15-06 01:01:38,16.743,10.246,71.219,0,0,1312900,956072,173540,5475944,6675.090,1573.314,0,559.756,0,45.980,4022,3793,1.180,0.970,0.540,2,0,117.949,0,0,11,4,1,13,0
15-06 01:01:39,10.002,5.001,84.015,0,0,1341712,927268,173540,5475944,5400.990,1620.297,0,16759.071,0,109.020,1802,1729,1.180,0.970,0.540,2,0,22.004,0,0,11,4,1,13,0
15-06 01:01:40,22.011,3.252,73.786,0,0,1395984,872996,173540,5475944,4622.238,1620.785,0,384.186,0,6.003,1727,1220,1.180,0.970,0.540,2,0,0,0,0,11,4,1,13,0
15-06 01:01:41,23.508,2.001,73.274,0.250,0,1417500,851256,173540,5476160,4956.645,1458.484,0,1724.572,0,67.022,1922,1543,1.180,0.970,0.540,1,0,1.000,0,0,11,10,1,13,0
15-06 01:01:42,20.223,7.490,69.407,1.748,0,1320548,948052,173620,5476228,4853.462,1617.821,0,4314.188,0,383.483,4455,5595,1.180,0.970,0.540,1,0,41.943,0,0,11,4,1,15,0
15-06 01:01:43,22.988,2.499,73.461,0.250,0,1367568,900796,173620,5476412,4557.597,1619.146,0,955.496,0,55.970,1847,1280,1.160,0.970,0.550,1,0,0,0,0,11,4,1,15,0
15-06 01:01:44,18.285,2.755,77.397,0.501,0,1381736,886456,173628,5476548,8949.992,5776.968,0,4805.123,0,102.194,2466,2534,1.160,0.970,0.550,3,0,1.002,0,0,11,17,1,15,0
15-06 01:01:45,19.492,5.498,74.218,0.500,0.250,1350632,917092,173668,5476796,9137.030,5964.409,267.884,30302.834,65.971,153.933,3112,2649,1.160,0.970,0.550,1,0,45.980,0,0,11,28,1,16,0
15-06 01:01:46,21.723,3.745,73.410,0,0,1372180,895544,173668,5476796,5230.575,1618.013,0,2261.223,0,14.982,1797,1265,1.160,0.970,0.550,1,0,0,0,0,11,28,1,15,0
15-06 01:01:47,17.237,1.998,79.440,0.250,0,1384920,882756,173672,5476812,12072.865,8444.611,0,2186.346,0,117.911,2190,1866,1.160,0.970,0.550,1,0,0,0,0,11,28,1,16,0
15-06 01:01:48,29.051,14.526,54.596,0,0,1452376,815268,173672,5476828,4928.688,1622.861,0,2384.203,0,51.090,3794,2476,1.150,0.970,0.550,2,0,156.275,0,0,11,28,1,16,0
15-06 01:01:49,35.241,5.249,57.986,0,0,1530504,737132,173672,5476836,12680.877,9317.706,0,219.946,0,42.989,3060,2218,1.150,0.970,0.550,2,0,0,0,0,11,30,1,16,0
15-06 01:01:50,37.784,5.005,55.300,0,0,1486756,780868,173676,5477040,16528.008,12384.245,0,8471.693,0,464.422,5670,7237,1.150,0.970,0.550,2,0,12.011,0,0,11,28,1,16,0
15-06 01:01:51,62.811,30.029,6.757,0,0,1524032,743524,173676,5477084,3286.169,324.313,0,48.046,0,12.012,5791,4723,1.150,0.970,0.550,6,0,572.552,0,0,11,28,1,16,0
15-06 01:01:52,81.491,15.248,0.500,0,0.250,1739952,527588,173676,5477100,16331.289,12928.645,0,239.975,0,10.999,5240,3500,1.150,0.970,0.550,6,0,0,0,0,11,31,1,16,0
15-06 01:01:53,77.005,9.251,12.501,0,0,1820072,447228,173676,5477340,33221.948,29556.733,0,324.019,0,35.002,8269,11497,1.540,1.050,0.580,5,0,0,0,0,11,31,1,19,0
15-06 01:01:54,53.473,14.743,30.485,0.500,0,1560316,706932,173692,5477372,11434.192,7400.241,0,675.657,0,55.972,6529,6730,1.540,1.050,0.580,1,0,283.856,0,0,11,28,1,22,0
15-06 01:01:55,19.966,7.487,71.131,0,0,1546948,720280,173696,5477376,5331.044,1617.283,0,63868.704,0,482.190,3238,2868,1.540,1.050,0.580,1,0,26.955,0,0,11,28,1,22,0
15-06 01:01:56,16.266,3.003,79.577,0.500,0,1543712,723504,173700,5477384,10663.318,7315.078,0,704.682,0,50.048,2245,2396,1.540,1.050,0.580,0,0,0,0,0,11,29,1,22,0
15-06 01:01:57,15.722,7.487,75.865,0,0,1430580,836628,173700,5477392,7958.789,2812.977,0,99.822,0,11.979,3098,2788,1.540,1.050,0.580,1,0,67.879,0,0,11,28,1,23,0
15-06 01:01:58,20.031,2.754,76.367,0,0,1465268,801936,173700,5477396,7620.682,3591.505,0,4.006,0,1.002,1758,1185,1.490,1.050,0.580,0,0,0,0,0,11,29,1,23,0
15-06 01:01:59,18.008,2.501,77.783,0.250,0,1424144,843036,173712,5477408,10951.637,6621.804,0,992.420,0,66.028,3105,3536,1.490,1.050,0.580,1,0,9.004,0,0,11,28,1,24,0
15-06 01:02:00,8.750,23.001,66.753,0,0,1403576,863596,173712,5477416,4758.216,1458.066,0,31541.432,0,152.007,5703,3980,1.490,1.050,0.580,1,0,366.017,0,0,11,28,1,24,0
15-06 01:02:01,44.294,28.278,27.027,0,0,1472108,795004,173712,5477460,5362.344,1663.658,0,200.200,0,22.022,6077,5091,1.490,1.050,0.580,5,0,663.661,0,0,11,28,1,24,0
15-06 01:02:02,84.747,11.500,3.750,0,0,1716464,550644,173712,5477472,15048.512,11405.630,0,0,0,0,5055,2794,1.490,1.050,0.580,4,0,1.000,0,0,11,31,1,24,0
15-06 01:02:03,68.999,8.250,21.750,0,0,1745188,521676,173720,5477708,40611.360,36006.433,0,2155.966,0,101.998,9408,13919,1.780,1.120,0.610,3,0,0,0,0,11,31,1,24,0
15-06 01:02:04,77.253,20.501,2.000,0.250,0,1606832,659904,173748,5477808,11976.490,6689.274,0,552.023,0,55.002,6650,7334,1.780,1.120,0.610,6,0,310.013,0,0,11,28,1,25,0
15-06 01:02:05,87.755,11.751,0.250,0,0,1764292,502440,173748,5477812,7278.380,4592.240,0,424.022,0,12.001,4879,2387,1.780,1.120,0.610,4,0,1.000,0,0,11,30,1,25,0
15-06 01:02:06,79.216,11.495,8.746,0,0,1840792,425592,173760,5478148,45334.453,40977.331,0,763.671,0,40.982,8244,11344,1.780,1.120,0.610,3,0,0,0,0,11,34,1,25,0
15-06 01:02:07,69.000,15.000,15.500,0,0,1573824,692340,173768,5478360,28049.952,22099.962,0,411.999,0,35.000,8153,11843,1.780,1.120,0.610,4,0,291.000,0,0,11,28,1,29,0
15-06 01:02:08,42.633,7.479,48.367,0,0,1605836,660320,173776,5478360,4685.102,1453.997,0,159.561,0,8.975,2851,1469,1.790,1.130,0.610,2,0,6.981,0,0,11,28,1,29,0
15-06 01:02:09,30.073,3.508,65.408,0.501,0,1603668,662436,173792,5478396,19501.214,15924.555,0,1603.883,0,142.345,4681,5591,1.790,1.130,0.610,2,0,0,0,0,11,29,1,30,0
15-06 01:02:10,47.952,22.228,29.221,0,0,1455320,810740,173796,5478436,8058.917,5113.871,0,219.780,0,16.983,5036,4453,1.790,1.130,0.610,3,0,377.621,0,0,11,28,1,31,0
15-06 01:02:11,53.583,7.762,38.309,0,0,1589060,676980,173800,5478452,14683.699,12589.461,0,1149.777,0,11.017,3976,2785,1.790,1.130,0.610,2,0,0,0,0,11,31,1,27,0
15-06 01:02:12,51.740,6.249,40.992,0,0,1515124,750712,173816,5478640,23876.509,18174.581,0,359.932,0,38.993,8024,10073,1.790,1.130,0.610,3,0,26.995,0,0,11,28,1,28,0
15-06 01:02:13,77.013,21.504,1.500,0,0,1592028,673792,173820,5478652,4532.782,1512.261,0,196.034,0,16.003,5121,2833,1.970,1.180,0.630,4,0,231.040,0,0,11,28,1,28,0
15-06 01:02:14,60.436,8.241,30.718,0.250,0,1675328,590432,173828,5478704,28740.728,26038.574,0,919.032,0,58.938,7087,7868,1.970,1.180,0.630,1,0,0,0,0,11,32,1,28,0
15-06 01:02:15,63.829,16.520,19.024,0,0,1607244,658300,173836,5478912,22394.770,17353.518,0,784.973,0,42.052,8233,10219,1.970,1.180,0.630,3,0,325.404,0,0,11,28,1,28,0
15-06 01:02:16,57.192,7.243,34.715,0,0,1651512,614024,173836,5478920,11386.394,8213.628,0,3.996,0,0.999,3513,1631,1.970,1.180,0.630,2,0,0,0,0,11,31,1,28,0
15-06 01:02:17,49.288,6.255,43.284,0.250,0,1644236,621088,173860,5479108,28939.425,23941.552,0,780.605,0,60.047,7525,10408,1.970,1.180,0.630,3,0,0,0,0,11,28,1,30,0
15-06 01:02:18,56.508,21.253,21.503,0.500,0,1540408,724840,173916,5479128,5100.712,1620.226,0,3304.461,0,192.027,4962,3731,2.050,1.210,0.650,3,0,299.042,0,0,11,28,1,30,0
15-06 01:02:19,53.968,6.496,39.227,0,0,1599524,665700,173924,5479144,17874.537,15203.100,0,111.934,0,6.996,4066,3256,2.050,1.210,0.650,3,0,0,0,0,11,31,1,30,0
15-06 01:02:20,45.957,16.984,35.966,0,0,1472068,792800,173928,5479488,20419.907,15972.066,0,1930.195,0,44.958,7673,9373,2.050,1.210,0.650,3,0,286.732,0,0,11,28,1,33,0
15-06 01:02:21,63.590,10.765,25.286,0,0,1559760,705104,173940,5479492,6663.392,3150.441,0,188.265,0,8.011,3737,1430,2.050,1.210,0.650,3,0,0,0,0,11,29,1,33,0
15-06 01:02:22,41.954,5.494,50.694,0.499,0,1582184,682464,173960,5479688,27041.294,23792.863,0,735.192,0,52.942,6075,8213,2.050,1.210,0.650,2,0,0,0,0,11,30,2,33,0
15-06 01:02:23,60.037,13.008,26.516,0,0,1524132,740496,173964,5479704,7390.572,3268.022,0,248.154,0,24.015,4688,3411,2.130,1.240,0.660,4,0,112.069,0,0,11,28,1,35,0
15-06 01:02:24,53.940,7.492,37.958,0,0.250,1615616,649000,173964,5479716,17227.785,13906.490,0,2221.522,0,116.870,3858,2793,2.130,1.240,0.660,3,0,0,0,0,11,31,1,35,0
15-06 01:02:25,44.789,11.260,42.287,0,0,1485476,779044,173992,5479776,18513.240,14695.891,0,420.369,0,39.034,7361,8747,2.130,1.240,0.660,4,0,132.116,0,0,11,28,1,37,0
15-06 01:02:26,66.556,28.023,5.254,0,0,1576700,687688,174004,5479832,4636.868,1567.307,0,260.217,0,25.021,5603,4436,2.130,1.240,0.660,7,0,471.393,0,0,11,28,1,37,0
15-06 01:02:27,77.468,21.991,0.500,0,0,1751692,512380,174020,5480112,12502.814,9564.033,127.947,643.733,1.000,34.985,6666,10027,2.130,1.240,0.660,9,0,305.873,0,0,11,30,0,35,0
15-06 01:02:28,75.660,21.225,2.497,0,0,1846352,417640,174032,5480180,32101.770,29503.864,0,163.805,0,14.982,7398,8430,2.360,1.300,0.680,6,0,338.597,0,0,11,32,0,36,0
15-06 01:02:29,73.046,24.765,2.001,0,0,1672620,591096,174048,5480428,32810.441,28594.814,0,632.394,0,49.031,7948,9325,2.360,1.300,0.680,5,0,518.323,0,0,11,29,0,36,0
15-06 01:02:30,83.821,15.763,0,0,0,1662672,601016,174052,5480452,5573.689,2238.883,0,2089.758,0,209.176,5648,3537,2.360,1.300,0.680,5,0,129.109,0,0,11,28,0,36,0
15-06 01:02:31,79.210,9.995,10.495,0,0,1762860,500800,174052,5480480,23142.283,20402.670,0,0,0,0,5642,4789,2.360,1.300,0.680,2,0,0,0,0,11,33,0,36,0
15-06 01:02:32,69.781,12.005,17.758,0,0,1670364,593060,174052,5480708,40622.891,35388.585,0,8.004,0,2.001,9340,14343,2.360,1.300,0.680,3,0,168.074,0,0,11,30,0,39,0
15-06 01:02:33,24.490,24.240,49.480,0,0,1449468,813928,174052,5480736,9883.014,5511.777,0,11.995,0,2.999,6150,5505,2.330,1.310,0.690,1,0,513.793,0,0,11,28,0,41,0
15-06 01:02:34,33.000,36.250,30.000,0,0,1469828,793520,174052,5480784,4811.938,1565.980,0,51.999,0,13.000,5945,4991,2.330,1.310,0.690,5,0,761.990,0,0,11,28,0,41,0
15-06 01:02:35,77.878,14.477,6.739,0,0,1640816,622500,174068,5480796,10255.934,7484.276,0,746.830,0,45.928,4923,3231,2.330,1.310,0.690,3,0,158.751,0,0,11,30,0,41,0
15-06 01:02:36,59.584,10.264,30.543,0,0,1661128,601976,174080,5480996,29836.134,25304.735,0,368.520,0,37.052,6608,9426,2.330,1.310,0.690,5,0,67.095,0,0,11,30,0,43,0
15-06 01:02:37,77.559,16.262,5.004,0.250,0,1594612,668444,174088,5481036,9536.235,4912.727,0,424.322,0,42.032,5801,4828,2.330,1.310,0.690,5,0,201.153,0,0,11,28,0,45,0
15-06 01:02:38,69.162,8.240,22.721,0,0,1686508,576504,174088,5481076,25498.718,21160.210,0,139.823,0,5.992,5365,5256,2.460,1.360,0.710,3,0,0,0,0,11,32,0,45,0
15-06 01:02:39,56.506,6.251,36.254,0,0,1686252,576504,174088,5481292,40470.554,34731.908,0,264.030,0,23.003,10736,17041,2.460,1.360,0.710,4,0,2.000,0,0,11,31,0,45,0
15-06 01:02:40,69.080,10.012,19.523,0,0,1574904,687624,174096,5481504,28114.469,22738.260,0,464.536,0,54.062,10384,13748,2.460,1.360,0.710,6,0,79.091,0,0,11,28,0,45,0
15-06 01:02:41,79.250,14.750,5.500,0,0,1609388,653124,174104,5481508,8075.959,5151.974,0,435.998,0,12.000,4871,2507,2.460,1.360,0.710,4,0,41.000,0,0,11,29,0,45,0
15-06 01:02:42,60.225,7.997,31.737,0,0,1660236,602020,174108,5481752,33850.819,31285.893,0,1199.497,0,9.996,7404,11077,2.460,1.360,0.710,2,0,0,0,0,11,32,0,45,0
15-06 01:02:43,55.017,9.503,33.510,0,0.250,1665912,596076,174108,5482020,44756.477,38209.506,0,148.045,0,10.003,14029,20869,2.510,1.390,0.720,4,0,71.021,0,0,11,30,0,45,0
15-06 01:02:44,78.726,16.245,5.498,0,0,1580168,681788,174108,5482044,11901.400,8875.315,0,123.962,0,7.998,5213,3998,2.510,1.390,0.720,3,0,188.943,0,0,11,29,0,47,0
15-06 01:02:45,69.190,8.493,21.232,0,0,1652172,609740,174112,5482084,23546.592,19417.171,0,267.768,0,26.977,5444,5435,2.510,1.390,0.720,6,0,2.997,0,0,11,36,0,47,0
15-06 01:02:46,66.031,8.754,24.261,0,0,1645424,616236,174124,5482316,33490.764,28993.647,0,196.092,0,16.008,9869,15072,2.510,1.390,0.720,4,0,34.016,0,0,11,33,0,49,0
15-06 01:02:47,80.065,16.513,3.503,0,0,1582940,678564,174124,5482472,9741.950,6401.224,0,276.225,0,22.018,5499,4670,2.510,1.390,0.720,4,0,94.077,0,0,11,32,0,47,0
15-06 01:02:48,64.360,7.733,27.191,0.249,0,1655040,606420,174140,5482496,21418.381,19222.162,0,291.366,0,30.933,4997,5023,2.470,1.400,0.730,2,0,0,0,0,11,34,0,49,0
15-06 01:02:49,67.879,13.776,18.034,0.250,0,1681044,580340,174144,5482564,24438.556,20710.453,0,176.336,0,12.023,6851,10024,2.470,1.400,0.730,3,0,120.229,0,0,11,34,0,49,0
15-06 01:02:50,66.764,11.502,21.004,0,0,1650136,611056,174144,5482752,28454.976,23952.031,0,152.032,0,10.002,6236,8986,2.470,1.400,0.730,4,0,83.017,0,0,11,34,0,51,0
15-06 01:02:51,72.001,13.750,14.500,0,0,1555232,705900,174144,5482808,18933.344,15126.275,0,184.003,0,9.000,6450,7174,2.470,1.400,0.730,4,0,119.002,0,0,11,33,0,53,0
15-06 01:02:52,77.736,9.498,12.248,0,0,1678508,582460,174148,5482968,18618.584,15120.226,0,119.978,0,8.998,5625,5064,2.470,1.400,0.730,2,0,30.994,0,0,11,34,0,53,0
15-06 01:02:53,69.133,11.980,18.219,0,0,1644900,616012,174148,5483024,22763.459,17888.712,0,119.797,0,7.986,6323,7550,2.750,1.470,0.760,3,0,67.885,0,0,11,34,0,54,0
15-06 01:02:54,60.080,12.465,26.674,0,0,1594252,666492,174148,5483192,20603.539,16913.011,0,390.891,0,38.890,5673,6061,2.750,1.470,0.760,2,0,137.610,0,0,11,34,0,56,0
15-06 01:02:55,56.419,13.039,30.090,0,0,1552416,708288,174176,5483200,9776.208,6211.558,0,3867.555,0,168.503,4918,4080,2.750,1.470,0.760,2,0,121.363,0,0,11,33,0,58,0
15-06 01:02:56,52.470,6.746,39.728,0.250,0,1641924,618716,174180,5483264,20542.427,15333.362,0,419.764,0,49.972,4505,4385,2.750,1.470,0.760,2,0,0,0,0,11,34,0,53,0
15-06 01:02:57,53.472,11.494,34.232,0,0,1653536,606908,174184,5483448,22724.199,16720.317,0,191.900,0,10.994,7018,8682,2.750,1.470,0.760,3,0,95.950,0,0,11,32,0,55,0
15-06 01:02:58,57.164,13.288,29.083,0,0,1584192,676236,174188,5483460,11376.585,5996.174,0,152.437,0,9.026,4111,2373,2.770,1.500,0.770,3,0,86.247,0,0,11,33,0,55,0
15-06 01:02:59,51.700,8.242,39.212,0.250,0,1595156,665200,174192,5483524,18476.087,15197.266,0,211.795,0,15.985,5335,5564,2.770,1.500,0.770,3,0,53.948,0,0,11,34,0,56,0
15-06 01:03:00,32.709,8.989,56.679,0.250,0,1510692,749592,174200,5483580,18724.677,14767.606,0,539.328,0,64.919,6809,8353,2.770,1.500,0.770,2,0,92.884,0,0,11,32,0,56,0
15-06 01:03:01,39.506,11.002,48.507,0,0,1540488,719792,174204,5483580,5005.757,1188.180,0,152.023,0,11.002,3164,1788,2.770,1.500,0.770,2,0,74.011,0,0,11,32,0,56,0
15-06 01:03:02,33.302,4.006,61.347,0.250,0,1566740,693512,174208,5483604,18754.553,14798.318,0,637.004,0,37.058,4151,4473,2.770,1.500,0.770,2,0,0,0,0,11,34,0,56,0
15-06 01:03:03,37.630,12.709,49.592,0,0,1522148,737972,174208,5483732,9254.490,5707.799,0,71.771,0,9.968,5194,4850,2.710,1.510,0.770,4,0,137.561,0,0,11,32,0,58,0
15-06 01:03:04,40.292,5.756,53.055,0,0,1565312,694796,174216,5483736,10373.776,6527.781,0,220.229,0,18.019,2972,2005,2.710,1.510,0.770,1,0,0,0,0,11,33,1,57,0
15-06 01:03:05,30.576,7.769,61.402,0,0,1544240,715696,174224,5483900,16547.918,12592.137,0,220.545,0,20.050,4459,4867,2.710,1.510,0.770,3,0,61.151,0,0,11,33,0,58,0
15-06 01:03:06,39.956,6.493,52.442,0,0.250,1542428,717500,174228,5483904,8022.117,4850.629,0,323.642,0,20.977,2906,2154,2.710,1.510,0.770,2,0,4.994,0,0,11,33,0,59,0
15-06 01:03:07,36.474,4.996,57.459,0,0,1563412,696352,174232,5484064,20317.506,16171.464,0,123.912,0,7.994,4427,4895,2.710,1.510,0.770,1,0,0,0,0,11,33,0,60,0
15-06 01:03:08,36.525,6.755,55.037,0.250,0,1495808,763920,174236,5484092,10546.139,6822.619,0,248.168,0,24.016,4448,4484,2.570,1.500,0.780,2,0,48.033,0,0,11,32,0,56,0
15-06 01:03:09,40.685,5.741,53.164,0,0,1548696,711028,174236,5484096,10077.790,6526.502,0,155.749,0,10.982,2719,1743,2.570,1.500,0.780,2,0,0,0,0,11,33,0,56,0
15-06 01:03:10,31.826,3.007,64.154,0.251,0,1539944,719736,174240,5484136,20595.356,17870.827,0,252.605,0,25.060,5235,6704,2.570,1.500,0.780,2,0,0,0,0,11,33,0,57,0
15-06 01:03:11,23.237,15.241,60.215,0.250,0,1370884,888720,174244,5484204,6484.249,2842.356,0,303.824,0,20.988,4657,4050,2.570,1.500,0.780,2,0,281.837,0,0,11,32,0,58,0
15-06 01:03:12,18.505,2.751,78.019,0,0,1411264,848332,174248,5484208,9653.380,6653.641,0,140.035,0,9.002,1973,1679,2.570,1.500,0.780,3,0,0,0,0,11,33,0,56,0
15-06 01:03:13,16.993,1.499,79.466,0.250,0,1409600,849820,174272,5484356,10304.572,7023.981,0,1891.187,0,59.974,3124,3957,2.440,1.490,0.780,3,0,0,0,0,11,32,0,57,0
15-06 01:03:14,9.978,19.956,68.848,0,0,1389124,870288,174272,5484364,3115.106,700.450,0,27.938,0,6.985,4704,3129,2.440,1.490,0.780,2,0,283.373,0,0,11,32,0,57,0
15-06 01:03:15,22.048,4.510,72.657,0.251,0,1458384,801020,174280,5484364,4750.267,1623.509,0,1467.171,0,76.165,2047,1665,2.440,1.490,0.780,3,0,1.002,0,0,11,32,0,57,0
15-06 01:03:16,14.968,2.245,81.575,0,0,1451716,807664,174280,5484388,14780.377,11260.907,0,3.991,0,0.998,2798,3280,2.440,1.490,0.780,0,0,0,0,0,11,33,0,53,0
15-06 01:03:17,20.004,6.501,72.514,0,0,1454380,804996,174280,5484392,7023.315,2547.477,0,44.008,0,2.000,2722,2117,2.440,1.490,0.780,1,0,46.009,0,0,11,32,0,54,0
15-06 01:03:18,16.776,4.257,78.120,0,0,1494640,764716,174280,5484408,7269.129,3814.840,0,240.368,0,19.029,2043,1873,2.330,1.480,0.780,3,0,0,0,0,11,33,0,54,0
15-06 01:03:19,17.466,2.495,77.849,0,0,1482228,777104,174280,5484432,14868.166,11203.273,0,111.783,0,6.986,3723,4523,2.330,1.480,0.780,0,0,0,0,0,11,33,0,54,0
15-06 01:03:20,14.544,12.789,71.467,0.251,0,1436300,822944,174284,5484516,7809.705,3608.955,0,252.767,0,21.064,4497,3902,2.330,1.480,0.780,3,0,173.527,0,0,11,32,0,49,0
15-06 01:03:21,9.255,24.262,64.533,0,0,1408404,850740,174292,5484604,5359.738,1620.828,0,240.123,0,14.007,5556,3796,2.330,1.480,0.780,2,0,391.200,0,0,11,32,0,50,0
15-06 01:03:22,40.122,10.965,47.598,0.249,0,1462492,796424,174312,5484804,4503.646,1453.368,0,869.230,0,39.873,3511,2373,2.330,1.480,0.780,2,0,61.803,0,0,11,32,0,51,0
15-06 01:03:23,40.097,7.518,46.112,6.015,0,1527680,726180,174808,5488852,4338.534,1136.760,0,14138.328,0,1223.972,8136,12714,2.300,1.490,0.790,1,1,62.151,0,0,11,36,0,51,0
15-06 01:03:24,35.525,7.505,40.029,13.510,0,1487084,761648,175772,5492832,4112.947,864.619,0,48782.949,0,4121.953,15907,31278,2.300,1.490,0.790,3,0,97.070,0,0,11,36,0,49,0
15-06 01:03:25,40.219,8.493,42.717,6.995,0,1482808,765744,176032,5492716,4616.454,1618.757,0,23294.109,0,1939.510,9565,16355,2.300,1.490,0.790,3,0,19.985,0,0,11,32,0,49,0
15-06 01:03:26,45.274,5.253,48.776,0,0,1519388,729152,176032,5492736,4519.369,1620.850,0,3333.747,0,191.100,2904,1474,2.300,1.490,0.790,4,0,1.001,0,0,11,34,0,49,0
15-06 01:03:27,38.754,11.751,38.004,9.501,0.250,1558616,689124,176344,5493224,4860.526,1620.175,0,23210.510,0,3033.328,15228,33020,2.300,1.490,0.790,3,0,37.004,0,0,11,34,0,50,0
15-06 01:03:28,31.721,9.991,56.698,0.749,0,1575652,672048,176356,5493248,5035.358,1618.508,0,2885.340,0,223.794,3986,3687,2.280,1.500,0.790,2,0,99.908,0,0,11,32,0,47,0
15-06 01:03:29,22.264,3.252,73.297,0,0,1528460,719228,176364,5493248,4280.772,1458.945,0,804.521,0,37.024,1956,1424,2.280,1.500,0.790,3,0,3.002,0,0,11,32,0,47,0
15-06 01:03:30,22.942,3.491,71.570,0.997,0,1532712,714948,176388,5493252,4847.808,1615.936,0,6639.302,0,344.135,2483,2876,2.280,1.500,0.790,4,0,0,0,0,11,32,0,47,0
15-06 01:03:31,22.291,3.256,73.885,0,0,1468524,779112,176388,5493276,5024.201,1502.752,0,0,0,0,1671,1073,2.280,1.500,0.790,2,0,1.002,0,0,11,32,0,47,0
15-06 01:03:32,21.518,4.003,73.812,0,0,1494900,752736,176388,5493276,4804.018,1663.391,0,0,0,0,1733,1147,2.280,1.500,0.790,2,0,2.002,0,0,11,32,0,47,0
15-06 01:03:33,22.746,3.000,73.988,0,0,1481232,766392,176388,5493288,4647.242,1457.762,0,0,0,0,1652,1082,2.180,1.490,0.790,2,0,1.000,0,0,11,32,0,43,0
15-06 01:03:34,22.241,3.249,73.969,0,0,1542172,705448,176388,5493288,4801.977,1403.409,0,3.998,0,1.000,1708,1250,2.180,1.490,0.790,1,0,0,0,0,11,32,0,43,0
15-06 01:03:35,22.501,3.000,73.502,0,0,1543684,703856,176388,5493364,4568.140,1188.036,0,144.004,0,2.000,1720,1152,2.180,1.490,0.790,2,0,3.000,0,0,11,32,0,43,0
15-06 01:03:36,22.001,3.750,73.505,0,0,1437052,810484,176388,5493364,3855.240,918.057,0,0,0,0,1665,1111,2.180,1.490,0.790,2,0,1.000,0,0,11,32,0,43,0
15-06 01:03:37,22.239,3.748,73.215,0.500,0,1458776,788748,176388,5493376,4523.843,1025.511,0,551.737,0,40.980,2000,1679,2.180,1.490,0.790,2,0,1.999,0,0,11,32,0,38,0
15-06 01:03:38,23.517,2.252,73.552,0,0,1430124,817308,176388,5493464,5523.896,1621.143,0,0,0,0,1745,1055,2.080,1.480,0.800,2,0,1.001,0,0,11,32,0,38,0
15-06 01:03:39,21.215,4.493,73.378,0,0,1425792,821584,176388,5493488,5169.388,1455.575,0,0,0,0,1808,1336,2.080,1.480,0.800,1,0,0,0,0,11,32,0,38,0
15-06 01:03:40,21.259,4.252,74.031,0,0,1479488,767888,176388,5493488,4741.962,1620.670,0,4.002,0,1.000,1815,1325,2.080,1.480,0.800,1,0,1.000,0,0,11,32,0,38,0
15-06 01:03:41,21.990,3.748,73.717,0,0,1499236,748140,176388,5493488,5174.702,1619.281,0,0,0,0,1668,1159,2.080,1.480,0.800,1,0,1.999,0,0,11,32,0,37,0
15-06 01:03:42,22.230,3.247,73.433,0,0,1474128,773188,176388,5493548,4675.717,1618.517,0,23.978,0,3.996,1859,1299,2.080,1.480,0.800,1,0,0.999,0,0,11,32,0,37,0
15-06 01:03:43,22.297,3.758,73.405,0,0,1485608,761640,176388,5493580,4509.513,1623.425,0,188.397,0,3.006,1754,1207,1.990,1.470,0.800,2,0,1.002,0,0,11,32,0,37,0
15-06 01:03:44,21.253,4.001,73.760,0,0,1516440,730804,176388,5493584,4500.610,1620.219,0,0,0,0,1711,1149,1.990,1.470,0.800,2,0,2.000,0,0,11,32,0,37,0
15-06 01:03:45,23.505,2.500,73.515,0,0,1492400,754828,176388,5493596,4458.890,1458.291,0,0,0,0,1688,1044,1.990,1.470,0.800,1,0,6.001,0,0,11,32,0,33,0
15-06 01:03:46,8.007,21.768,69.058,0,0,1462660,784392,176388,5493752,4700.924,1621.354,0,536.448,0,8.007,5942,4519,1.990,1.470,0.800,2,0,452.378,0,0,11,32,0,33,0
15-06 01:03:47,9.000,20.250,69.251,0.250,0,1438612,808220,176388,5493932,4738.059,1458.018,0,1488.019,0,46.001,6332,5214,1.990,1.470,0.800,1,0,495.006,0,0,11,32,0,33,0
15-06 01:03:48,8.251,20.252,69.758,0,0,1417748,829048,176388,5493964,4528.508,1458.164,0,16.002,0,2.000,5866,4341,1.830,1.450,0.790,1,0,417.047,0,0,11,32,0,33,0
15-06 01:03:49,22.207,3.992,73.608,0,0,1482660,764152,176388,5493948,4790.759,1616.881,0,0,0,0,1746,1272,1.830,1.450,0.790,2,0,0,0,0,11,32,0,29,0
15-06 01:03:50,22.493,3.749,72.477,0,0,1504264,742520,176388,5493964,4576.541,1457.535,0,15.995,0,1.000,1920,1188,1.830,1.450,0.790,2,0,7.997,0,0,11,32,0,29,0
15-06 01:03:51,21.987,3.748,73.706,0,0.250,1502680,744124,176388,5493944,4772.119,1457.120,0,0,0,0,1836,1327,1.830,1.450,0.790,2,0,0.999,0,0,11,32,0,29,0
15-06 01:03:52,22.287,3.255,73.371,0,0,1530380,716404,176388,5493964,4645.672,1460.412,0,380.629,0,6.010,1825,1217,1.830,1.450,0.790,2,0,2.003,0,0,11,32,0,29,0
15-06 01:03:53,21.977,3.496,73.674,0,0,1476844,769952,176388,5493952,4615.256,1618.337,0,0,0,0,1831,1309,1.770,1.440,0.790,2,0,0.999,0,0,11,32,0,23,0
15-06 01:03:54,23.235,2.998,73.454,0,0,1513620,733164,176388,5493964,4635.094,1457.087,0,19.987,0,2.998,1801,1193,1.770,1.440,0.790,2,0,1.999,0,0,11,32,0,23,0
15-06 01:03:55,22.001,3.500,73.754,0,0,1459184,787624,176388,5493940,4534.226,1512.075,0,0,0,0,1887,1266,1.770,1.440,0.790,2,0,4.000,0,0,11,32,0,23,0
15-06 01:03:56,22.517,3.252,73.804,0,0,1494944,751864,176388,5493940,6067.461,1567.152,0,0,0,0,1799,1215,1.770,1.440,0.790,2,0,0,0,0,11,32,0,23,0
15-06 01:03:57,22.753,3.250,73.010,0.250,0,1475908,770880,176396,5493952,6240.869,1662.231,0,1040.145,0,147.020,2008,1613,1.770,1.440,0.790,1,0,1.000,0,0,11,32,0,18,0
15-06 01:03:58,22.264,3.252,73.546,0,0,1516664,730124,176396,5493952,7264.507,1621.006,0,2201.366,0,81.050,1862,1218,1.710,1.430,0.800,1,0,2.001,0,0,11,32,0,18,0
15-06 01:03:59,22.513,3.002,73.794,0,0,1492708,754096,176396,5493936,5343.200,1662.996,0,12.007,0,1.001,1766,1162,1.710,1.430,0.800,1,0,1.001,0,0,11,32,0,18,0
15-06 01:04:00,21.483,4.247,73.942,0,0,1502696,744108,176396,5493936,4626.390,1618.737,0,3.997,0,0.999,1797,1210,1.710,1.430,0.800,1,0,1.998,0,0,11,32,0,18,0
15-06 01:04:01,23.260,2.501,73.533,0,0,1527976,718800,176396,5493964,5267.346,1458.650,0,28.012,0,1.000,1714,1093,1.710,1.430,0.800,1,0,0,0,0,11,32,0,13,0
15-06 01:04:02,21.985,3.747,73.449,0,0,1480712,766140,176400,5493876,5036.533,1618.886,0,123.915,0,1.999,1839,1176,1.710,1.430,0.800,1,0,2.998,0,0,11,32,0,13,0
15-06 01:04:03,22.721,2.996,73.655,0,0,1523296,723556,176400,5493876,4899.662,1510.047,0,103.866,0,1.997,1671,1055,1.650,1.430,0.800,1,0,0,0,0,11,32,0,13,0
15-06 01:04:04,22.765,2.752,73.548,0,0,1481464,765308,176400,5493956,5195.417,1567.031,0,92.061,0,2.001,1756,1102,1.650,1.430,0.800,1,0,1.001,0,0,11,32,0,13,0
15-06 01:04:05,21.260,4.502,73.034,0,0,1470792,775988,176400,5493948,4820.213,1458.670,0,12.006,0,1.000,1836,1305,1.650,1.430,0.800,1,0,2.001,0,0,11,32,0,10,0
15-06 01:04:06,21.733,3.747,73.693,0,0,1487368,759412,176400,5493948,5596.652,1712.670,0,7.994,0,0.999,1839,1225,1.650,1.430,0.800,2,0,1.998,0,0,11,32,0,10,0
15-06 01:04:07,23.014,2.752,73.546,0.250,0,1453896,792848,176408,5493976,4941.102,1458.916,0,752.472,0,72.045,1977,1550,1.650,1.430,0.800,1,0,1.001,0,0,11,32,0,10,0
15-06 01:04:08,22.242,3.749,73.224,0,0,1484688,762080,176408,5493952,2663.056,323.885,0,47.983,0,1.000,1729,1301,1.600,1.420,0.800,1,0,0,0,0,11,32,0,10,0
15-06 01:04:09,21.757,3.501,74.023,0,0,1466284,780468,176408,5493964,4067.243,1296.396,0,24.007,0,1.000,1751,1179,1.600,1.420,0.800,1,0,1.000,0,0,11,32,0,7,0
15-06 01:04:10,22.232,3.247,73.439,0,0,1498920,747828,176408,5493968,4094.618,1456.797,0,7.993,0,1.998,1802,1189,1.600,1.420,0.800,1,0,1.998,0,0,11,32,0,7,0
15-06 01:04:11,17.795,9.274,71.682,0,0,1463464,783240,176408,5494012,4648.819,1624.129,0,64.163,0,4.010,2859,1881,1.600,1.420,0.800,1,0,109.278,0,0,11,32,0,7,0
15-06 01:04:12,8.003,23.009,67.526,0,0,1442700,803988,176408,5494028,4399.692,1458.561,0,268.103,0,10.004,5274,3569,1.600,1.420,0.800,1,0,330.127,0,0,11,32,0,7,0
15-06 01:04:13,19.988,5.747,73.207,0,0,1465064,781608,176408,5494044,4557.315,1619.046,0,27.984,0,0.999,2083,1434,1.550,1.410,0.800,1,0,20.988,0,0,11,32,0,4,0
15-06 01:04:14,23.727,1.748,73.430,0,0,1488504,757920,176408,5494284,4915.334,1618.464,0,0,0,0,1648,958,1.550,1.410,0.800,1,0,0,0,0,11,32,0,4,0
15-06 01:04:15,21.507,4.251,73.525,0,0,1457124,789296,176408,5494288,5067.749,1620.559,0,0,0,0,1949,1398,1.550,1.410,0.800,1,0,10.003,0,0,11,32,0,4,0
15-06 01:04:16,21.517,7.005,71.306,0,0,1433892,812472,176408,5494344,4984.904,1459.143,40.031,4.003,2.002,1.001,2453,1661,1.550,1.410,0.800,3,0,113.089,0,0,11,32,0,4,0
15-06 01:04:17,7.749,22.246,67.987,0.500,0,1428480,817756,176432,5494444,5065.023,1619.688,0,3531.319,0,166.968,6008,5054,1.550,1.410,0.800,1,0,367.929,0,0,11,32,0,4,0
15-06 01:04:18,7.255,22.765,67.796,0,0,1411276,834940,176432,5494464,4949.358,1621.100,0,424.288,0,72.049,5551,3857,1.500,1.410,0.800,1,0,356.242,0,0,11,32,0,3,0
15-06 01:04:19,8.249,22.497,67.741,0,0,1403204,842988,176432,5494488,4679.369,1619.782,0,179.976,0,3.000,5925,4410,1.500,1.410,0.800,1,0,432.942,0,0,11,32,0,3,0
15-06 01:04:20,8.499,21.247,68.489,0,0,1397500,848660,176432,5494516,4337.308,1457.768,0,615.902,0,6.999,5335,3662,1.500,1.410,0.800,2,0,336.946,0,0,11,32,0,3,0
15-06 01:04:21,7.500,22.749,67.246,0,0,1389404,856740,176432,5494532,3280.787,323.979,0,879.943,0,9.999,5380,3750,1.500,1.410,0.800,2,0,358.977,0,0,11,32,0,3,0
15-06 01:04:22,7.502,22.758,68.273,0,0,1392696,853424,176432,5494552,4135.364,1134.374,0,888.293,0,11.004,5618,4135,1.500,1.410,0.800,4,0,379.125,0,0,11,32,0,1,0
15-06 01:04:23,7.999,21.748,68.494,0,0,1395120,850980,176432,5494572,4799.563,1619.852,0,627.943,0,8.999,5382,3895,1.380,1.380,0.800,1,0,346.968,0,0,11,32,0,1,0
15-06 01:04:24,6.999,21.746,69.487,0,0,1390264,855808,176432,5494600,4587.137,1457.726,0,327.938,0,36.993,5637,4187,1.380,1.380,0.800,1,0,386.927,0,0,11,32,0,1,0
15-06 01:04:25,7.246,21.988,68.464,0,0,1385380,860676,176432,5494616,4317.719,1619.145,0,199.894,0,4.997,5106,3467,1.380,1.380,0.800,1,0,290.846,0,0,11,32,0,1,0
15-06 01:04:26,7.733,22.450,68.098,0,0,1363160,882876,176432,5494636,4704.519,1454.759,0,115.742,0,7.982,5291,3455,1.380,1.380,0.800,2,0,307.315,0,0,11,32,0,1,0
15-06 01:04:27,13.025,24.798,59.867,0,0,1355240,890768,176432,5494664,4749.270,1623.168,0,40.078,0,10.020,6188,13633,1.380,1.380,0.800,1,0,440.861,0,0,11,32,0,2,0
15-06 01:04:28,11.260,22.269,64.555,0,0,1325644,920328,176444,5494688,4443.804,1621.388,0,300.257,0,11.009,5453,4073,1.670,1.440,0.820,2,0,382.327,0,0,11,34,0,3,0
15-06 01:04:29,38.977,30.482,29.733,0.250,0,1432072,813740,176448,5494812,4395.454,1457.156,0,1695.018,0,188.891,6703,5921,1.670,1.440,0.820,3,0,601.651,0,0,11,32,0,8,0
15-06 01:04:30,62.148,12.979,23.961,0,0,1638808,605476,176488,5496112,4732.213,1617.339,0,0,0,0,3695,1683,1.670,1.440,0.820,4,0,1.997,0,0,11,32,0,7,0
15-06 01:04:31,45.560,10.264,31.792,11.515,0,1654312,578580,177372,5505560,4883.472,1664.206,372.494,48956.886,3.004,3483.617,14781,28742,1.670,1.440,0.820,3,1,99.131,0,0,11,38,0,8,0
15-06 01:04:32,38.025,12.508,31.271,14.259,0,1623172,598428,178276,5515532,4863.228,1663.104,0,86517.429,0,6178.101,21437,41951,1.670,1.440,0.820,1,1,150.100,0,0,11,36,0,8,0
15-06 01:04:33,40.160,10.477,32.677,14.218,0,1657328,555348,178528,5523924,9930.775,6637.146,0,91487.253,0,6819.738,21832,44071,2.020,1.520,0.850,5,0,53.879,0,0,11,37,0,8,0
15-06 01:04:34,36.584,17.541,33.076,10.274,0,1589808,615512,179040,5530512,9586.140,5771.329,256.593,39463.142,2.005,2995.919,15669,27013,2.020,1.520,0.850,8,0,304.704,0,0,11,34,0,9,0
15-06 01:04:35,45.470,23.234,20.736,8.994,0,1603372,594692,179524,5536916,5062.619,1618.919,295.802,63261.751,3.997,4247.164,17321,34627,2.020,1.520,0.850,3,0,205.863,0,0,11,34,0,9,0
15-06 01:04:36,31.761,15.255,39.513,10.754,0,1612396,580460,179768,5541716,13979.718,9880.335,1352.456,42435.323,27.009,3171.070,15880,28803,2.020,1.520,0.850,3,0,190.064,0,0,11,35,0,9,0
15-06 01:04:37,28.503,7.001,49.005,12.251,0,1603812,585032,179916,5545420,17860.726,12278.186,0,57149.522,0,4184.404,18740,35329,2.020,1.520,0.850,1,1,51.005,0,0,11,35,0,9,0
15-06 01:04:38,34.945,9.235,41.435,11.981,0,1587996,600988,180096,5545048,5214.798,1033.375,0,52157.962,0,4306.227,17307,32361,2.100,1.540,0.860,1,1,62.901,0,0,11,34,0,9,0
15-06 01:04:39,33.923,7.732,43.900,11.723,0,1613432,572964,180328,5547368,9587.171,5990.361,0,48876.714,0,4027.829,16565,30777,2.100,1.540,0.860,2,0,35.918,0,0,11,35,0,9,0
15-06 01:04:40,29.588,8.024,47.642,10.782,0,1607688,577704,180484,5548184,16085.000,11896.501,0,53940.967,0,4463.319,19025,35954,2.100,1.540,0.860,2,1,30.090,0,0,11,35,0,9,0
15-06 01:04:41,36.953,9.488,42.446,8.240,0,1539308,644236,180568,5549904,7743.198,4843.868,0,43820.530,0,3506.561,15230,28102,2.100,1.540,0.860,2,0,103.869,0,0,11,36,0,10,0
15-06 01:04:42,38.829,7.766,39.580,11.523,0,1598616,582020,180612,5552684,4244.599,1298.631,0,45872.934,0,3930.964,16264,31107,2.100,1.540,0.860,1,1,60.122,0,0,11,36,0,10,0
15-06 01:04:43,27.250,7.500,50.500,12.000,0,1593548,583644,180708,5555944,15332.150,11871.116,0,49580.483,0,4147.040,17951,34229,2.010,1.530,0.860,1,1,51.000,0,0,11,37,0,10,0
15-06 01:04:44,28.921,7.230,48.867,11.718,0,1587092,587048,180824,5558760,14668.077,10678.934,0,48687.483,0,4280.350,19327,36755,2.010,1.530,0.860,2,1,77.788,0,0,11,36,0,10,0
15-06 01:04:45,35.241,9.747,40.239,11.747,0,1598536,572516,180956,5561616,4628.771,1619.570,0,52933.948,0,4402.831,17711,33937,2.010,1.530,0.860,3,0,102.973,0,0,11,36,0,10,0
15-06 01:04:46,32.079,8.270,44.610,11.779,0,1620012,553268,180984,5559328,10703.374,7132.575,0,55151.898,0,4572.266,18065,34334,2.010,1.530,0.860,8,0,21.052,0,0,11,37,0,10,0
15-06 01:04:47,27.028,7.508,51.053,11.762,0,1614468,559152,180996,5558992,14781.435,10549.016,0,41126.946,0,3535.692,17236,32446,2.010,1.530,0.860,2,0,18.019,0,0,11,37,0,10,0
15-06 01:04:48,35.745,9.999,46.493,6.499,0,1451692,721600,181040,5559272,10946.439,7060.993,0,26056.284,0,2100.700,11733,18993,2.170,1.570,0.880,2,0,109.984,0,0,11,32,0,12,0
15-06 01:04:49,24.185,12.217,61.833,0,0,1506048,667200,181040,5559316,6688.931,3137.525,0,251.321,0,4.987,3601,2414,2.170,1.570,0.880,1,0,180.512,0,0,11,33,0,12,0
15-06 01:04:50,18.042,3.759,76.680,0.501,0,1498896,674048,181044,5559580,12615.690,8892.929,0,5909.908,0,343.809,3835,5128,2.170,1.570,0.880,1,0,6.014,0,0,11,32,0,13,0
15-06 01:04:51,19.733,5.995,73.436,0,0,1462196,710748,181044,5559580,4710.880,1456.726,0,0,0,0,2130,1453,2.170,1.570,0.880,1,0,33.970,0,0,11,32,0,13,0
15-06 01:04:52,16.759,2.251,80.291,0,0.250,1480480,692460,181044,5559584,10998.675,7571.907,0,44.023,0,5.003,1926,1759,2.170,1.570,0.880,3,0,0,0,0,11,33,0,13,0
15-06 01:04:53,19.519,6.256,72.820,0.500,0,1440564,732280,181044,5559680,5963.769,2450.370,0,248.240,0,22.021,2895,2432,2.160,1.580,0.880,1,0,60.058,0,0,11,32,0,14,0
15-06 01:04:54,18.496,2.749,78.484,0,0,1461992,710848,181044,5559684,10417.846,6753.604,0,3.999,0,1.000,1950,1651,2.160,1.580,0.880,1,0,0,0,0,11,33,0,14,0
15-06 01:04:55,18.972,4.244,75.390,0.250,0,1361040,811776,181044,5559708,9901.518,6270.828,0,1601.657,0,137.798,3636,3814,2.160,1.580,0.880,3,0,43.936,0,0,11,32,0,15,0
15-06 01:04:56,21.503,3.751,73.261,0.250,0,1428972,743836,181044,5559716,4657.718,540.083,0,312.048,0,25.004,1954,1643,2.160,1.580,0.880,2,0,0,0,0,11,32,0,15,0
15-06 01:04:57,17.000,2.750,79.752,0,0,1446376,726292,181044,5559856,11678.311,7647.204,0,112.003,0,8.000,2456,2594,2.160,1.580,0.880,2,0,0,0,0,11,33,0,15,0
15-06 01:04:58,13.518,8.762,76.102,0,0,1398712,773900,181044,5559912,10987.715,5320.125,0,284.381,0,25.034,4121,4002,2.060,1.570,0.890,1,0,142.190,0,0,11,32,0,16,0
15-06 01:04:59,10.251,23.752,64.506,0.250,0,1402284,770192,181048,5560044,5128.485,1662.157,0,540.051,0,33.003,6369,5081,2.060,1.570,0.890,3,0,551.052,0,0,11,32,0,18,0
15-06 01:05:00,61.477,13.745,24.241,0,0,1580920,591344,181068,5560236,4990.113,1565.408,0,683.741,0,46.982,4649,2990,2.060,1.570,0.890,3,0,106.960,0,0,11,32,0,22,0
15-06 01:05:01,66.238,9.248,24.496,0,0,1696824,472176,181176,5563092,5148.056,1511.723,0,2439.553,0,79.985,3824,1512,2.060,1.570,0.890,3,0,0,0,0,11,32,0,22,0
15-06 01:05:02,63.793,7.505,26.268,1.501,0,1805172,358836,181316,5567464,5329.602,1567.059,0,11055.471,0,578.391,5918,5542,2.060,1.570,0.890,5,0,24.016,0,0,11,38,0,22,0
15-06 01:05:03,25.499,6.750,47.998,16.249,0,1801676,348756,181440,5580488,5431.778,1511.938,0,79920.728,0,6049.752,23874,46642,2.620,1.700,0.930,5,0,245.990,0,0,11,38,0,22,0
15-06 01:05:04,22.994,8.498,49.736,16.496,0,1802040,339180,181488,5589356,5744.435,1565.574,0,105143.361,0,7050.080,24839,49520,2.620,1.700,0.930,3,1,197.946,0,0,11,38,0,22,0
15-06 01:05:05,33.753,8.501,40.004,16.001,0,1707924,425996,181540,5596360,5192.457,1512.133,0,75794.674,0,5549.489,20958,40689,2.620,1.700,0.930,3,1,191.017,0,0,11,36,0,22,0
15-06 01:05:06,37.437,10.732,34.691,13.976,0,1718620,405736,181616,5605504,5831.131,1711.104,0,63145.129,0,4759.944,18787,35618,2.620,1.700,0.930,5,0,164.721,0,0,11,36,0,22,0
15-06 01:05:07,39.821,10.018,32.809,15.277,0,1779336,334168,181656,5615884,5109.152,1622.907,4.007,72958.693,1.002,5032.014,18068,35823,2.620,1.700,0.930,6,1,6.011,0,0,11,36,0,22,0
15-06 01:05:08,38.494,8.999,35.744,14.498,0,1749516,358056,181684,5621524,4739.256,1619.746,0,67373.425,0,4755.254,17819,35469,2.650,1.720,0.940,1,1,118.981,0,0,11,36,0,22,0
15-06 01:05:09,21.982,6.994,50.459,16.986,0,1737912,365012,181708,5626040,4316.484,1618.681,0,75474.522,0,5605.434,19988,39616,2.650,1.720,0.940,2,0,95.922,0,0,11,36,0,22,0
15-06 01:05:10,33.015,12.006,50.023,3.752,0,1446964,655720,181712,5626268,4279.986,1458.677,0,18684.671,0,1212.563,7223,9297,2.650,1.720,0.940,1,0,255.118,0,0,11,32,0,22,0
15-06 01:05:11,21.462,3.993,73.371,0.250,0,1506704,595984,181712,5626264,4808.546,1617.157,0,2004.476,0,205.638,1941,1478,2.650,1.720,0.940,1,0,0.998,0,0,11,32,0,22,0
15-06 01:05:12,22.247,3.499,72.989,0.250,0,1567096,535592,181712,5626264,4817.252,1457.774,0,1167.819,0,74.988,1933,1620,2.650,1.720,0.940,1,0,2.000,0,0,11,32,0,22,0
15-06 01:05:13,24.251,2.500,71.502,0.250,0,1487088,615592,181712,5626272,4740.108,1620.037,0,4068.093,0,250.006,2811,2965,2.520,1.710,0.940,1,0,8.000,0,0,11,32,0,22,0
15-06 01:05:14,20.752,5.251,73.508,0,0,1489920,612760,181712,5626272,4878.527,1458.158,0,76.008,0,6.001,1963,1424,2.520,1.710,0.940,1,0,20.002,0,0,11,32,0,22,0
15-06 01:05:15,23.246,2.750,73.237,0,0,1551860,550820,181712,5626272,4799.172,1619.721,0,39.993,0,3.999,1829,1216,2.520,1.710,0.940,1,0,2.999,0,0,11,32,0,22,0
15-06 01:05:16,18.785,10.018,69.878,0.250,0,1472696,629964,181712,5626292,4663.568,1460.683,0,148.272,0,21.039,3207,2443,2.520,1.710,0.940,3,0,149.274,0,0,11,32,0,22,0
15-06 01:05:17,13.009,43.028,43.028,0.250,0,1468376,634220,181712,5626352,4849.169,1567.024,0,696.455,0,44.029,7864,7171,2.520,1.710,0.940,1,0,1045.683,0,0,11,32,0,22,0
15-06 01:05:18,7.991,22.226,68.176,0,0,1452596,649980,181712,5626368,4886.685,1510.357,0,183.800,0,16.982,5576,3864,2.400,1.690,0.940,1,0,388.577,0,0,11,32,0,22,0
15-06 01:05:19,8.746,21.241,68.470,0,0,1427312,675192,181712,5626436,4995.786,1457.354,0,151.933,0,12.994,5330,3648,2.400,1.690,0.940,1,0,323.857,0,0,11,32,0,22,0
15-06 01:05:20,9.005,20.512,69.041,0,0,1401636,700824,181712,5626472,4682.786,1620.964,0,444.264,0,6.004,5345,3689,2.400,1.690,0.940,1,0,295.176,0,0,11,32,0,22,0
15-06 01:05:21,9.249,20.748,67.993,0,0,1395652,706788,181712,5626492,4714.510,1457.849,0,31.997,0,7.999,5353,3635,2.400,1.690,0.940,1,0,286.970,0,0,11,32,0,22,0
15-06 01:05:22,25.515,16.510,56.783,0,0,1431656,670748,181716,5626964,4752.784,1620.950,0,8.005,0,2.001,6428,7338,2.400,1.690,0.940,3,0,217.127,0,0,11,32,0,22,0
15-06 01:05:23,43.245,8.999,47.245,0,0,1545896,556392,181720,5627076,4619.463,1619.812,0,39.995,0,1.000,3043,1520,2.360,1.700,0.950,3,0,32.996,0,0,11,33,0,22,0
15-06 01:05:24,50.148,4.241,45.408,0.249,0,1636116,465980,181732,5627240,4969.903,1616.716,0,502.978,0,22.953,3746,2802,2.360,1.700,0.950,3,0,16.966,0,0,11,49,0,22,0
15-06 01:05:25,41.850,8.771,48.616,0.251,0,1667492,430228,181788,5631140,4570.878,1623.865,0,1158.758,0,101.241,5701,7910,2.360,1.700,0.950,1,0,55.131,0,0,11,48,0,23,0
15-06 01:05:26,8.738,20.221,68.902,0,0,1672560,425120,181792,5631508,5289.501,1617.707,0,339.519,0,15.977,5499,4307,2.360,1.700,0.950,4,0,295.581,0,0,11,48,0,23,0
15-06 01:05:27,20.496,13.748,63.739,0,0,1705848,391764,181792,5634800,5339.038,1619.708,0,487.912,0,26.995,5831,13947,2.360,1.700,0.950,4,0,181.967,0,0,11,48,0,24,0
15-06 01:05:28,0.250,0.749,98.181,0,0,1705368,392240,181792,5631172,5216.349,1618.867,0,51.964,0,5.996,746,984,2.170,1.670,0.940,2,0,2.998,0,0,11,48,0,24,0
15-06 01:05:29,0.250,0.750,98.557,0,0,1703948,393660,181792,5631172,4520.610,1458.842,0,0,0,0,685,944,2.170,1.670,0.940,0,0,2.001,0,0,11,48,0,24,0
15-06 01:05:30,1.000,0.500,98.224,0,0,1702704,394904,181792,5631172,4678.738,1619.563,0,191.948,0,3.999,748,1006,2.170,1.670,0.940,0,0,1.999,0,0,11,48,0,24,0
15-06 01:05:31,1.500,2.001,95.526,0,0,1663264,434276,181792,5631232,2597.705,42.011,0,4.001,0,1.000,1187,1412,2.170,1.670,0.940,0,0,29.008,0,0,11,48,0,16,0
15-06 01:05:32,17.743,14.994,65.724,0,0.250,1686956,410576,181792,5631676,5117.953,1661.336,0,0,0,0,6366,8061,2.170,1.670,0.940,2,0,251.899,0,0,11,48,0,16,0
15-06 01:05:33,11.499,16.499,70.246,0,0,1670392,426960,181792,5631388,4363.731,1457.910,0,91.994,0,3.000,4666,4410,2.080,1.660,0.940,2,0,260.984,0,0,12,48,0,16,0
15-06 01:05:34,23.235,20.487,55.464,0.250,0,1666396,430840,181792,5631868,5272.596,1856.801,0,335.783,0,33.978,6187,6287,2.080,1.660,0.940,1,0,268.826,0,0,12,64,0,16,0
15-06 01:05:35,16.266,14.264,68.065,0,0,1678900,418392,181792,5631376,4041.871,1459.398,0,2266.170,0,83.080,5429,6250,2.080,1.660,0.940,4,0,225.216,0,0,12,64,0,15,0
15-06 01:05:36,3.750,9.250,84.751,0.250,0,1682964,414140,181792,5631584,4863.043,1512.013,0,584.005,0,37.000,2877,2733,2.080,1.660,0.940,1,0,125.001,0,0,14,64,0,15,0
15-06 01:05:37,19.005,15.754,63.267,0.750,0,1678804,418296,181792,5631600,5553.480,1566.418,0,7345.958,0,363.097,6723,8690,2.080,1.660,0.940,0,0,195.052,0,0,14,64,0,15,0
15-06 01:05:38,7.761,19.779,69.102,0.501,0.501,1678660,418400,181792,5631640,5271.757,1460.148,0,2331.431,0,128.189,5445,4307,1.990,1.650,0.940,1,0,315.464,0,0,14,66,0,15,0
15-06 01:05:39,9.002,21.004,68.262,0,0,1660384,436512,181792,5631804,5366.941,1746.306,0,976.171,0,18.003,5408,3948,1.990,1.650,0.940,1,0,323.057,0,0,14,66,0,15,0
15-06 01:05:40,19.005,15.754,63.768,0,0,1661196,435692,181792,5631808,4965.375,1458.404,0,12.003,0,3.001,6288,8396,1.990,1.650,0.940,2,0,199.055,0,0,14,66,0,15,0
15-06 01:05:41,27.500,25.500,46.000,0,0,1745636,351200,181800,5631856,4963.012,1620.004,0,136.000,0,7.000,5951,4256,1.990,1.650,0.940,2,0,384.001,0,0,14,66,0,15,0
15-06 01:05:42,29.492,24.493,44.987,0,0,1819156,277212,181860,5632224,4618.702,1619.545,0,4278.798,0,259.927,7156,5801,1.990,1.650,0.940,2,0,652.817,0,0,14,66,0,15,0
15-06 01:05:43,28.389,26.148,43.330,0,0,1910456,184672,181880,5633408,4422.666,1613.676,0,71.719,0,14.941,6633,7877,1.990,1.650,0.950,3,0,433.302,0,0,14,70,0,17,0
15-06 01:05:44,40.624,18.807,39.119,0,0,1945836,163900,179656,5621680,4694.316,1715.231,20.061,541.652,3.009,3.009,6353,6875,1.990,1.650,0.950,5,0,194.593,0,0,14,70,0,16,0
15-06 01:05:45,63.464,27.734,8.745,0,0,2049552,173660,173916,5516232,4497.477,1619.092,27.984,27.984,3.998,6.996,5618,5174,1.990,1.650,0.950,4,0,558.687,0,0,14,70,0,16,0
15-06 01:05:46,63.386,20.214,15.472,0.250,0,2133668,151716,173488,5455888,4347.183,1455.383,363.347,782.593,18.966,5.989,5991,7651,1.990,1.650,0.950,5,0,267.519,0,0,14,70,0,16,0
15-06 01:05:47,68.719,28.842,2.257,0.251,0,2259536,133156,173436,5351468,3992.705,1083.448,662.107,1540.903,65.207,84.268,5910,7302,1.990,1.650,0.950,2,2,520.657,0,0,14,70,0,16,0
15-06 01:05:48,76.340,21.455,1.996,0.249,0,2426496,121800,172864,5199388,3498.666,1023.854,722.486,1452.954,46.902,6.985,6635,6228,2.240,1.710,0.970,7,1,246.483,0,0,14,74,0,16,0
15-06 01:05:49,65.560,27.275,4.004,2.502,0,2525856,139268,172628,5085424,4546.167,1737.593,804.738,28173.825,20.018,2155.976,14511,26365,2.240,1.710,0.970,9,0,420.385,0,0,14,76,1,16,0
15-06 01:05:50,69.026,21.258,7.753,1.501,0,2596792,137980,172744,5017312,4459.652,1532.568,560.207,13629.048,21.008,1317.488,12466,22760,2.240,1.710,0.970,5,0,226.084,0,0,14,78,1,18,0
15-06 01:05:51,78.021,21.006,1.500,0,0,2713488,163232,172752,4878096,4300.185,1316.363,20.006,1264.348,4.001,70.019,8259,11071,2.240,1.710,0.970,5,0,339.093,0,0,14,86,1,22,0
15-06 01:05:52,50.965,25.982,21.485,0,0,2815132,129940,172752,4811188,4307.000,1423.009,7.994,3157.801,1.999,199.861,9084,14554,2.240,1.710,0.970,2,0,529.631,0,0,14,93,1,27,0
15-06 01:05:53,46.814,17.023,35.549,0.501,0,2894060,120424,172756,4743824,4371.986,1642.249,1978.709,2002.742,20.027,75.103,5537,7693,2.460,1.760,0.990,6,0,269.369,0,0,14,95,1,27,0
15-06 01:05:54,60.964,11.743,26.734,0.250,0,3012852,139168,172760,4609616,4815.183,1621.052,1135.336,1151.327,13.992,50.970,5299,7645,2.460,1.760,0.990,3,0,49.971,0,0,14,98,1,30,0
15-06 01:05:55,20.242,16.243,61.725,0.250,0,3045180,172044,172776,4545452,4784.050,1565.362,7.997,4902.002,1.999,107.956,5190,4689,2.460,1.760,0.990,1,0,220.910,0,0,14,101,1,30,0
15-06 01:05:56,7.751,19.502,70.008,0.250,0,3048236,167988,172776,4546452,6589.748,1586.180,0,4732.537,0,260.030,5757,4748,2.460,1.760,0.990,1,0,288.033,0,0,14,101,1,28,0
15-06 01:05:57,7.482,20.202,70.583,0.499,0,3058472,157720,172776,4546484,5971.830,1562.293,3.991,79.811,0.998,6.983,5313,3850,2.460,1.760,0.990,1,0,288.316,0,0,14,101,1,28,0
15-06 01:05:58,11.763,15.017,71.080,0.250,0,3085700,143892,172776,4533256,6549.347,1621.819,0,108.121,0,11.012,4183,2924,2.420,1.770,1,2,0,194.218,0,0,14,101,1,28,0
15-06 01:05:59,18.253,3.251,77.763,0,0,3136640,147384,172780,4480456,7201.160,3951.637,4.001,56.009,1.000,1.000,1778,1370,2.420,1.770,1,1,0,0,0,0,14,102,1,28,0
15-06 01:06:00,22.003,2.500,74.761,0,0,3141840,142096,172780,4480544,26304.969,22622.414,72.011,144.022,6.001,12.002,2495,2326,2.420,1.770,1,1,0,0,0,0,14,103,1,22,0
15-06 01:06:01,19.990,7.996,70.464,0,0,3133992,149912,172780,4480556,5100.424,1565.210,0,235.881,0,16.991,2721,1940,2.420,1.770,1,1,0,63.968,0,0,14,105,1,22,0
15-06 01:06:02,20.239,3.498,75.457,0,0,3164332,186668,172780,4415548,11224.645,7893.531,11.993,211.880,2.998,29.983,2436,2360,2.420,1.770,1,0,0,1.999,0,0,14,110,1,22,0
15-06 01:06:03,20.276,4.005,66.586,6.258,0,3167968,182412,172796,4416108,6414.286,1830.364,272.352,1125.454,17.022,138.178,4006,5158,2.390,1.770,1,1,0,2.003,0,0,14,116,1,22,0
15-06 01:06:04,31.745,6.749,55.991,5.249,0,3227812,122184,172796,4416492,5199.169,1079.827,279.955,1239.802,10.998,137.978,5215,6894,2.390,1.770,1,3,1,5.999,0,0,14,121,1,23,0
15-06 01:06:05,30.260,9.003,55.769,3.251,0,3213652,201828,172880,4352600,6121.094,2745.940,156.053,1448.496,10.003,121.041,4244,4473,2.390,1.770,1,1,0,115.039,0,0,14,124,1,24,0
15-06 01:06:06,17.752,3.000,73.759,4.751,0,3259384,155992,172880,4352720,11030.392,7329.925,64.008,3468.438,4.001,362.046,2249,2116,2.390,1.770,1,1,0,0,0,0,14,125,1,24,0
15-06 01:06:07,18.486,2.998,70.197,6.745,0,3262648,152588,172880,4352860,8227.819,4230.822,0,10552.074,0,492.630,2958,3448,2.390,1.770,1,1,0,0.999,0,0,14,125,1,24,0
15-06 01:06:08,32.784,7.758,55.056,3.754,0,3313164,166808,172888,4289668,5815.952,2782.848,4.004,1229.258,1.001,116.119,5100,5853,2.280,1.760,1,4,0,35.036,0,0,14,126,1,25,0
15-06 01:06:09,40.239,11.247,46.737,1.250,0,3387012,153428,172888,4230292,4036.912,1457.607,0,503.864,0,27.992,3481,2310,2.280,1.760,1,2,0,64.982,0,0,14,126,1,25,0
15-06 01:06:10,27.756,4.001,68.014,0,0,3408976,131456,172888,4230300,27886.716,24827.088,0,432.089,0,26.005,2350,1692,2.280,1.760,1,1,0,0,0,0,14,127,1,25,0
15-06 01:06:11,19.451,6.484,71.571,0.499,0,3406876,133532,172888,4230324,4068.839,939.653,7.980,1536.164,1.995,86.783,2665,2258,2.280,1.760,1,1,0,54.863,0,0,14,126,1,26,0
15-06 01:06:12,18.051,3.510,77.969,0.251,0,3414864,169436,172888,4187100,9881.730,6986.606,0,1307.670,0,242.681,1863,1392,2.280,1.760,1,1,0,0,0,0,14,127,1,26,0
15-06 01:06:13,18.722,5.741,74.138,0,0,3335248,249036,172888,4187116,22285.219,19247.823,0,0,0,0,2465,1745,2.170,1.750,1,3,0,50.923,0,0,14,126,1,27,0
15-06 01:06:14,26.286,5.007,66.841,0.250,0,3384904,199180,172888,4187316,7642.411,4008.461,8.011,156.213,2.003,14.019,3119,3003,2.170,1.750,1,6,0,6.008,0,0,14,129,1,28,0
15-06 01:06:15,22.190,3.241,72.802,0.997,0,3385216,198704,172888,4187480,10973.130,6838.385,91.750,845.698,6.981,98.731,3473,4545,2.170,1.750,1,1,0,2.992,0,0,14,128,1,29,0
15-06 01:06:16,18.552,8.023,72.454,0,0,3401548,182392,172888,4187488,5959.797,1570.426,0,361.017,0,26.073,2797,2020,2.170,1.750,1,2,0,82.232,0,0,14,128,1,29,0
15-06 01:06:17,17.989,2.998,78.453,0.250,0,3416988,166944,172888,4187496,28547.848,24717.150,0,283.829,0,17.989,1997,1565,2.170,1.750,1,2,0,0,0,0,14,129,1,29,0
15-06 01:06:18,20.463,5.241,72.369,0.250,0,3424564,159336,172888,4187528,5292.416,1748.833,0,866.431,0,44.919,2584,1901,2.080,1.730,1,1,0,54.901,0,0,14,128,1,30,0
15-06 01:06:19,19.269,2.502,77.826,0,0,3463088,120804,172888,4187536,10302.095,7232.086,4.004,60.059,1.001,7.007,1825,1457,2.080,1.730,1,1,0,0,0,0,14,129,1,30,0
15-06 01:06:20,20.748,4.250,71.492,1.750,0,3447344,136284,172892,4187796,5876.349,2558.717,15.998,1655.817,1.000,240.973,4925,7436,2.080,1.730,1,1,0,1.000,0,0,14,130,1,30,0
15-06 01:06:21,20.783,7.512,67.607,2.254,0,3369652,213884,172896,4187884,6451.254,2930.658,40.064,8020.748,4.006,393.626,5628,7754,2.080,1.730,1,1,0,53.084,0,0,14,129,1,32,0
15-06 01:06:22,21.233,4.247,73.192,0,0,3398140,185396,172896,4187884,4957.057,2219.235,0,667.469,0,33.973,2123,1780,2.080,1.730,1,2,0,0,0,0,14,130,1,32,0
15-06 01:06:23,13.759,2.001,83.305,0.500,0,3398420,185084,172896,4187916,13378.792,10139.663,16.011,416.274,1.001,26.017,1959,1911,1.990,1.720,1,2,0,0,0,0,14,130,1,32,0
15-06 01:06:24,24.976,3.996,67.686,0.999,0,3407056,176396,172896,4187968,4485.735,1348.718,0,1366.700,0,133.873,5044,7054,1.990,1.720,1,1,0,0,0,0,14,130,1,32,0
15-06 01:06:25,37.046,7.760,53.567,1.001,0,3366200,217172,172900,4188044,5370.700,2521.145,0,1289.609,0,132.165,8476,12267,1.990,1.720,1,1,0,38.047,0,0,14,135,1,33,0
15-06 01:06:26,22.207,5.240,71.362,0,0,3429396,153972,172900,4188048,4314.640,1293.494,0,978.105,0,33.934,2333,1862,1.990,1.720,1,1,0,42.917,0,0,14,135,1,33,0
15-06 01:06:27,15.017,2.753,80.342,0.751,0,3444404,138804,172900,4188208,12664.449,9728.099,0,832.950,0,79.090,2404,2675,1.990,1.720,1,2,0,0,0,0,14,136,1,33,0
15-06 01:06:28,22.236,13.492,62.711,0,0,3356608,226548,172900,4188260,5813.355,2711.300,23.985,1099.311,1.999,88.944,5542,14349,1.990,1.730,1.010,1,0,182.885,0,0,14,135,1,35,0
15-06 01:06:29,20.225,3.995,74.656,0.250,0,3416068,167088,172900,4188260,5707.826,3473.634,0,563.292,0,24.969,1833,1257,1.990,1.730,1.010,0,0,0,0,0,14,136,1,33,0
15-06 01:06:30,20.016,2.502,75.559,0.751,0,3417808,165320,172900,4188288,14925.720,11012.648,0,728.572,0,66.052,3907,5200,1.990,1.730,1.010,1,0,2.002,0,0,14,138,1,33,0
15-06 01:06:31,26.521,5.504,66.051,1.001,0,3419528,163556,172900,4188332,4658.616,1188.923,0,3518.731,0,280.217,7521,11658,1.990,1.730,1.010,2,0,0,0,0,14,138,1,33,0
15-06 01:06:32,41.312,7.511,49.324,0.501,0,3432332,150216,172916,4188852,6333.492,3146.716,420.630,1237.855,69.104,124.186,9465,14221,1.990,1.730,1.010,4,0,3.005,0,0,14,137,1,34,0
15-06 01:06:33,37.145,16.204,43.876,1.246,0,3430700,151604,172916,4189048,5500.459,2118.016,0,7323.309,0,422.805,7913,10271,2.070,1.750,1.020,1,0,285.194,0,0,14,137,1,34,0
15-06 01:06:34,18.741,2.999,76.965,0.250,0,3436288,177508,172916,4157560,10803.038,7525.543,0,447.794,0,23.989,1960,1489,2.070,1.750,1.020,1,0,0,0,0,14,138,1,34,0
15-06 01:06:35,16.796,10.278,71.947,0,0,3369520,244252,172920,4157580,6868.795,3176.692,4.011,236.648,1.003,15.041,3547,2548,2.070,1.750,1.020,1,0,128.351,0,0,14,137,1,35,0
15-06 01:06:36,8.500,20.999,69.248,0,0,3369844,243880,172924,4157624,5324.837,1619.950,8.000,927.972,2.000,61.998,5565,4304,2.070,1.750,1.020,1,0,304.991,0,0,14,137,1,35,0
15-06 01:06:37,14.236,17.982,65.435,0,0,3360744,252956,172924,4157756,5994.050,1618.393,0,403.599,0,30.969,5963,6064,2.070,1.750,1.020,0,0,268.733,0,0,14,137,1,35,0
15-06 01:06:38,25.033,20.026,53.820,0.250,0,3400516,213156,172924,4157680,5845.593,1529.987,8.010,228.297,1.001,12.016,5793,5462,2.150,1.770,1.030,3,0,246.320,0,0,14,137,1,35,0
15-06 01:06:39,30.742,23.494,44.988,0,0,3450772,162748,172928,4157828,5208.622,1349.643,0,227.940,0,15.996,5769,4139,2.150,1.770,1.030,2,0,347.908,0,0,14,139,1,35,0
15-06 01:06:40,23.997,19.748,53.994,0.500,0,3466876,146244,172940,4158656,4207.495,1079.870,67.992,775.907,4.999,49.994,6430,6647,2.150,1.770,1.030,1,0,296.964,0,0,14,145,1,35,0
15-06 01:06:41,40.480,23.488,34.483,0.250,0,3563364,253768,172948,3957428,4854.599,1349.333,71.964,9935.086,5.997,791.608,9481,14813,2.150,1.770,1.030,4,0,279.862,0,0,16,151,1,35,0
15-06 01:06:42,49.560,28.284,20.775,0,0,3688444,176476,172948,3910640,4629.619,1189.444,72.087,220.267,1.001,18.022,6665,5846,2.150,1.770,1.030,5,0,571.694,0,0,16,151,1,35,0
15-06 01:06:43,60.483,18.995,19.745,0,0,3758116,156844,172948,3861088,4890.651,1601.558,7.998,371.897,1.999,24.993,8954,14939,2.620,1.870,1.070,2,0,261.928,0,0,16,167,1,35,0
15-06 01:06:44,31.999,25.249,41.499,0,0,3811652,158828,172952,3806868,5085.866,1565.959,4.000,739.980,1.000,34.999,12690,4518,2.620,1.870,1.070,2,0,363.990,0,0,16,167,1,35,0
15-06 01:06:45,26.467,24.720,47.442,0,0,3842188,183660,172952,3752952,4586.366,1510.145,7.990,55.931,1.998,7.990,6092,4710,2.620,1.870,1.070,1,0,403.504,0,0,17,167,1,33,0
15-06 01:06:46,10.515,21.279,65.591,0.501,0,3854916,170900,172952,3753328,5110.056,1638.262,8.011,428.592,2.003,37.051,6053,5344,2.620,1.870,1.070,2,0,292.404,0,0,17,167,1,33,0
15-06 01:06:47,22.992,16.994,58.480,0,0,3888900,136772,172952,3753132,4750.386,1511.487,0,259.912,0,21.993,5659,7084,2.620,1.870,1.070,4,0,192.934,0,0,17,167,1,33,0
15-06 01:06:48,28.983,24.985,44.973,0,0,3947132,145912,172952,3687208,4931.056,1565.066,3.998,159.905,0.999,11.993,5879,4228,2.570,1.880,1.070,2,0,343.795,0,0,17,167,1,33,0
15-06 01:06:49,27.277,19.519,51.551,0,0,3962956,129820,172960,3687452,3823.784,1155.143,0,108.107,0,8.008,6525,7051,2.570,1.880,1.070,1,0,293.290,0,0,17,173,1,33,0
15-06 01:06:50,38.991,24.744,34.742,0,0,4056032,138324,172968,3588360,3897.092,1033.759,47.989,483.887,5.999,26.994,8060,11943,2.570,1.880,1.070,4,0,351.918,0,0,17,185,1,33,0
15-06 01:06:51,29.492,25.993,42.988,0.250,0,4119972,140996,172968,3522936,4995.635,1693.537,131.964,451.877,6.998,38.989,6593,5607,2.570,1.880,1.070,4,0,452.876,0,0,17,185,1,33,0
15-06 01:06:52,21.262,25.264,51.528,0.250,0,4188616,132140,172968,3464536,4922.712,1694.934,24.013,716.395,6.003,52.029,8493,12646,2.570,1.880,1.070,2,0,410.226,0,0,17,191,1,33,0
15-06 01:06:53,18.999,21.249,58.248,0,0,4185428,135276,172968,3464572,4799.864,1783.950,0,887.975,0,55.998,5727,4718,2.600,1.890,1.080,2,0,346.990,0,0,17,207,1,19,0
15-06 01:06:54,16.443,17.439,63.778,0.249,0,4196972,123700,172968,3465048,4576.063,1580.496,0,235.181,0,15.944,6308,7891,2.600,1.890,1.080,1,0,243.153,0,0,17,207,1,19,0
15-06 01:06:55,32.339,16.545,49.887,0.251,0.251,4276484,164872,172968,3345980,4877.371,1407.860,1640.497,593.627,24.066,42.115,4526,3665,2.600,1.890,1.080,4,0,118.324,0,0,17,207,1,19,0
15-06 01:06:56,45.211,9.742,44.212,0.250,0,4382572,165776,172972,3241720,5540.271,1260.924,179.846,339.710,3.997,29.974,3181,1750,2.600,1.890,1.080,3,0,4.996,0,0,17,211,1,19,0
15-06 01:06:57,34.024,6.755,58.291,0.250,0,4460824,131912,172976,3198404,6636.611,1513.051,64.045,216.150,7.005,20.014,3293,2844,2.600,1.890,1.080,3,0,10.007,0,0,17,216,1,16,0
15-06 01:06:58,24.021,12.011,63.807,0,0,4350836,241836,172988,3198456,6305.642,1621.451,16.014,252.226,1.001,17.015,3835,2997,2.470,1.880,1.080,2,0,216.193,0,0,17,215,1,16,0
15-06 01:06:59,39.916,30.935,27.442,0,0,4439252,150712,173000,3201124,4821.814,1550.724,910.077,323.317,17.962,17.962,6868,7083,2.470,1.880,1.080,4,0,529.881,0,0,17,221,1,16,0
15-06 01:07:00,35.552,21.281,41.811,0,0,4460908,167256,173008,3164504,13609.995,10340.191,8.012,857.259,2.003,19.028,6800,7820,2.470,1.880,1.080,2,0,306.450,0,0,17,223,1,16,1
15-06 01:07:01,60.536,20.512,18.261,0.250,0,4508740,157124,173008,3128124,5468.255,1632.972,92.055,440.262,9.005,25.015,5417,6473,2.470,1.880,1.080,4,0,221.132,0,0,17,224,1,16,0
15-06 01:07:02,65.872,14.222,18.714,0.749,0,4644036,139268,173040,3013800,11052.514,7280.846,1856.391,499.030,49.903,28.944,4938,3904,2.470,1.880,1.080,5,0,28.944,0,0,17,231,1,16,0
15-06 01:07:03,61.551,11.760,20.016,4.754,0,4709256,124728,173100,2965364,10742.825,6739.536,6249.133,2462.022,495.407,151.124,6533,8814,2.680,1.930,1.100,6,0,20.016,0,0,17,232,1,21,0
15-06 01:07:04,37.038,27.528,34.786,0,0,4678324,184084,173108,2937660,5317.480,1645.696,4.004,8789.058,1.001,34.035,6624,6436,2.680,1.930,1.100,3,0,404.417,0,0,17,231,1,21,0
15-06 01:07:05,35.238,21.743,41.236,0,0,4706828,153988,173108,2939216,12089.966,9157.944,3.999,523.825,1.000,34.988,6322,7481,2.680,1.930,1.100,2,0,297.901,0,0,17,236,1,21,0
15-06 01:07:06,44.630,24.185,30.169,0.499,0,4687044,172180,173112,2940792,9244.136,4561.730,139.624,710.090,8.976,59.839,7430,9389,2.680,1.930,1.100,5,0,387.957,0,0,17,235,1,20,0
15-06 01:07:07,56.896,25.953,15.971,0,0,4784484,139428,173124,2877668,6668.816,3471.657,247.548,18594.028,21.960,1017.142,7413,8384,2.680,1.930,1.100,2,0,429.216,0,0,17,236,1,20,0
15-06 01:07:08,50.472,24.859,22.851,1.004,0,4865696,127728,173132,2808952,13830.919,10493.218,1325.840,3282.458,55.243,181.801,9185,13830,2.700,1.950,1.110,3,0,293.292,0,0,17,240,1,24,0
15-06 01:07:09,57.647,28.699,12.727,0,0,4850720,171160,173136,2781224,5832.604,1760.861,75.865,383.317,2.995,28.948,6612,7187,2.700,1.950,1.110,6,0,484.137,0,0,17,241,1,25,0
15-06 01:07:10,51.867,20.547,27.061,0.251,0,4920916,131492,173144,2751180,10644.093,7349.636,1014.296,817.851,37.084,39.088,8190,14049,2.700,1.950,1.110,6,0,237.538,0,0,17,248,1,25,0
15-06 01:07:11,58.005,16.251,24.002,0.250,0,4965892,156172,173144,2683232,9973.793,6914.549,116.009,2060.164,6.000,115.009,9649,16593,2.700,1.950,1.110,4,0,84.007,0,0,17,247,1,26,0
15-06 01:07:12,60.480,9.247,28.740,0.500,0.250,5112196,133912,173156,2562524,10454.496,7968.330,1151.614,2275.238,69.977,194.935,4311,2654,2.700,1.950,1.110,2,0,4.998,0,0,17,248,1,27,0
15-06 01:07:13,50.011,10.502,37.758,0.500,0,5169896,122208,173156,2517932,18401.020,14491.166,1244.272,768.168,33.007,86.019,5960,8429,2.730,1.970,1.120,2,0,12.003,0,0,17,254,1,32,0
15-06 01:07:14,54.994,23.247,20.498,0.500,0,5113640,174692,173280,2521496,5483.392,2249.750,4155.539,1562.827,64.993,77.991,6893,7557,2.730,1.970,1.120,12,0,330.963,0,0,17,257,1,31,0
15-06 01:07:15,42.603,28.402,27.655,0,0,5153208,134728,173284,2521884,15776.638,12443.124,765.363,386.668,5.979,25.911,6588,5979,2.730,1.970,1.120,4,0,457.424,0,0,17,257,1,32,0
15-06 01:07:16,61.548,22.017,16.263,0,0,5127192,160532,173288,2522428,5513.286,1513.176,1056.822,1212.943,25.019,54.042,6386,9583,2.730,1.970,1.120,10,0,231.180,0,0,18,262,1,32,0
15-06 01:07:17,75.199,18.048,5.515,0.251,0,5225188,148900,173292,2439592,7640.200,7165.946,934.471,1905.037,29.077,225.596,6809,7384,2.730,1.970,1.120,2,0,135.358,0,0,18,265,1,34,0
15-06 01:07:18,77.553,12.884,7.433,1.239,0,5308976,136720,173308,2370288,13501.628,6754.283,3048.595,1312.204,150.646,69.376,5977,5451,2.750,1.980,1.130,4,0,15.857,0,0,18,268,1,32,0
15-06 01:07:19,70.550,18.897,10.582,0.252,0,5316168,152816,173332,2347760,5074.529,2122.534,955.443,1060.259,21.165,65.510,6998,7755,2.750,1.980,1.130,2,0,226.766,0,0,18,270,1,33,0
15-06 01:07:20,32.040,9.011,57.823,0,0,5339676,150796,173332,2326924,18054.764,12430.673,560.707,596.752,7.009,43.054,3571,3081,2.750,1.980,1.130,1,0,10.013,0,0,18,275,1,33,0
15-06 01:07:21,39.985,9.996,48.732,0.250,0,5347444,138440,173332,2331480,4630529.356,70790.389,575.784,551.793,7.997,42.984,7595,5075,2.750,1.980,1.130,3,0,10.996,0,0,18,277,1,34,0
15-06 01:07:22,47.694,22.474,28.217,0,0,5379952,151448,173336,2287544,12462684.655,184729.815,3056.440,479.442,32.962,30.964,16333,8535,2.750,1.980,1.130,4,0,266.689,0,0,18,277,1,32,0
15-06 01:07:23,45.110,7.726,45.608,0.748,0,5363796,191992,173336,2263892,11127.449,8257.361,255.208,761.635,1.994,82.743,4262,3639,2.610,1.970,1.130,2,0,8.972,0,0,18,281,1,33,0
15-06 01:07:24,38.408,5.272,55.729,0,0,5430008,125756,173336,2263920,13860.063,11009.326,0,473.951,0,36.149,3931,3891,2.610,1.970,1.130,1,0,0,0,0,18,287,1,36,0
15-06 01:07:25,20.711,3.244,72.113,0.499,0,5431952,136380,173336,2252384,421000.754,16368542.239,463.121,662.742,25.951,66.873,5289,4675,2.610,1.970,1.130,2,0,1.996,0,0,18,284,1,38,0
15-06 01:07:26,38.087,6.264,54.624,0.501,0,5405260,163012,173344,2252436,7947220.968,26468.139,0,637.448,0,47.107,6770,6692,2.610,1.970,1.130,2,0,6.014,0,0,18,290,1,37,0
15-06 01:07:27,29.874,6.722,61.241,0.249,0,5396836,155204,173348,2268632,8553416.034,56496.403,47.798,17044.019,2.987,79.664,6644,5258,2.610,1.970,1.130,0,0,65.722,0,0,18,287,1,40,0
15-06 01:07:28,18.566,17.312,61.971,0.502,0,5293664,258016,173352,2269048,8491.268,4493.016,385.374,23086.294,13.047,1394.973,5935,12707,2.480,1.950,1.130,1,0,194.694,0,0,18,286,1,42,0
15-06 01:07:29,13.748,14.498,70.240,0,0,5329028,222608,173352,2269092,4319.358,1619.759,15.998,343.949,2.000,19.997,4457,3829,2.480,1.950,1.130,1,0,280.958,0,0,18,286,1,42,0
15-06 01:07:30,22.513,3.752,72.290,0.250,0,5355100,196528,173356,2269096,4502.507,1620.903,0,10970.109,0,131.073,2137,1646,2.480,1.950,1.130,3,0,15.008,0,0,18,286,1,40,0
15-06 01:07:31,7.991,20.478,68.927,0.499,0,5344232,207360,173360,2269128,4530.176,1456.449,0,1822.060,0,115.877,5393,4347,2.480,1.950,1.130,1,0,265.717,0,0,18,286,1,40,0
15-06 01:07:32,7.481,20.946,69.320,0.249,0,5329156,222392,173360,2269172,4917.232,1657.696,11.969,223.420,0.997,21.943,5169,3802,2.480,1.950,1.130,1,0,248.355,0,0,18,286,1,40,0
15-06 01:07:33,7.514,10.269,81.905,0,0,5318864,232664,173360,2269192,4406.324,1530.892,0,12010.690,0,30.057,3075,2738,2.280,1.920,1.130,0,0,144.273,0,0,18,290,1,40,0
15-06 01:07:34,12.229,3.244,82.857,0,0,5315844,235680,173360,2269196,4971.442,1617.216,0,0,0,0,1665,1535,2.280,1.920,1.130,1,0,8.985,0,0,18,290,1,39,0
15-06 01:07:35,18.295,2.757,77.692,0,0,5351940,199576,173360,2269204,9948.589,7254.931,0,4.010,0,1.002,1948,1605,2.280,1.920,1.130,1,0,1.002,0,0,18,291,1,39,0
15-06 01:07:36,19.278,6.259,73.106,0.250,0,5315888,235520,173360,2269312,8025.650,4751.898,80.116,224.326,5.007,21.031,3668,3374,2.280,1.920,1.130,1,0,84.122,0,0,18,294,1,40,0
15-06 01:07:37,14.236,17.983,64.437,0.500,0,5313460,237708,173364,2269532,5574.591,1618.430,7.992,2505.569,1.998,160.844,5610,4940,2.280,1.920,1.130,1,0,160.844,0,0,18,298,1,40,0
15-06 01:07:38,11.246,16.995,69.478,0.250,0,5313780,237344,173364,2269588,5896.096,1457.529,0,1903.385,0,302.902,4937,3453,2.180,1.900,1.130,1,0,160.948,0,0,18,298,1,39,0
15-06 01:07:39,10.995,16.742,69.966,0,0,5312960,238072,173364,2269664,5157.529,1619.224,0,179.914,0,7.996,4523,3145,2.180,1.900,1.130,1,0,146.930,0,0,18,298,1,39,0
15-06 01:07:40,20.196,6.483,71.559,0.249,0,5333364,217652,173364,2269680,4815.137,1454.116,3.989,734.039,0.997,43.883,2808,2434,2.180,1.900,1.130,1,0,50.864,0,0,18,298,1,39,0
15-06 01:07:41,23.319,3.761,72.967,0,0,5386040,164872,173364,2269784,4901.579,1624.833,104.310,4.012,1.003,1.003,2092,1639,2.180,1.900,1.130,2,0,0,0,0,18,298,1,39,0
15-06 01:07:42,23.717,2.996,71.150,0,0,5416208,134380,173364,2270108,4733.354,1617.729,283.602,211.703,9.986,21.969,2567,2302,2.180,1.900,1.130,1,0,3.994,0,0,18,302,1,39,0
15-06 01:07:43,22.533,4.006,72.105,0.250,0,5391304,159236,173364,2270156,4746.899,1622.358,24.035,384.559,4.006,23.033,2302,1916,2.080,1.890,1.120,1,0,7.010,0,0,18,298,1,39,0
15-06 01:07:44,22.745,4.499,72.233,0,0,5381092,189108,173312,2251592,4277.022,1457.667,15.996,91.979,1.000,6.998,2118,1792,2.080,1.890,1.120,1,0,2.999,0,0,18,298,1,39,0
15-06 01:07:45,11.725,1.996,84.320,0.249,0,5387052,183140,173312,2251600,17354.016,14702.667,0,127.728,0,11.974,2060,2062,2.080,1.890,1.120,0,0,0.998,0,0,18,301,1,40,0
15-06 01:07:46,22.301,1.754,74.669,0.251,0,5325256,244880,173312,2251656,10884.670,7427.835,32.073,292.663,1.002,35.080,2460,2264,2.080,1.890,1.120,1,0,5.011,0,0,18,298,1,41,0
15-06 01:07:47,23.251,6.000,69.753,0.250,0,5401956,168172,173312,2251664,4660.196,1662.070,0,312.013,0,29.001,2627,2277,2.080,1.890,1.120,1,0,11.000,0,0,18,298,1,41,0
15-06 01:07:48,23.257,3.501,72.272,0.250,0,5393744,176252,173312,2251796,4219.290,1458.446,0,140.043,0,9.003,2328,1661,2,1.870,1.120,4,0,36.011,0,0,18,298,1,41,0
15-06 01:07:49,8.005,19.762,69.543,0,0,5383908,185976,173320,2251900,4502.799,1695.054,396.246,380.236,6.004,15.009,5082,3678,2,1.870,1.120,3,0,259.161,0,0,18,298,1,41,0
15-06 01:07:50,10.503,19.506,68.271,0,0,5375920,193824,173320,2252040,4639.406,1574.477,36.011,228.069,2.001,14.004,5200,3820,2,1.870,1.120,2,0,289.088,0,0,18,298,1,41,0
15-06 01:07:51,22.497,4.249,71.991,0,0.250,5400840,168864,173332,2252052,5116.386,1693.797,0,143.983,0,11.999,2658,2201,2,1.870,1.120,2,0,37.995,0,0,18,298,1,41,0
15-06 01:07:52,19.386,2.982,75.556,0.746,0,5397196,166384,173732,2257664,11359.213,4619.838,3.977,1360.004,0.994,47.719,2402,2277,2,1.870,1.120,2,0,1.988,0,0,18,298,1,41,0
15-06 01:07:53,23.594,5.522,69.026,0,0,5381328,180608,173764,2259244,4518.073,1700.803,0,433.735,0,11.044,10380,18563,1.920,1.860,1.120,1,0,11.044,0,0,18,298,1,41,0
15-06 01:07:54,17.530,4.257,76.382,0.250,0,5387688,173584,173768,2259888,11282.468,4546.846,220.380,737.272,12.021,20.035,4042,5982,1.920,1.860,1.120,2,0,8.014,0,0,18,299,1,41,0
15-06 01:07:55,21.917,6.724,69.486,0,0,5381412,179832,173776,2259908,4799.793,1452.490,0,422.398,0,7.970,7894,13571,1.920,1.860,1.120,1,0,15.940,0,0,18,299,1,41,0
15-06 01:07:56,14.045,14.045,70.223,0.251,0,5339140,228004,173828,2253992,6319.073,1873.953,40.127,926.944,3.010,33.105,4219,3425,1.920,1.860,1.120,1,0,171.545,0,0,18,298,1,41,0
15-06 01:07:57,23.215,10.734,64.653,0.250,0,5373128,193984,173828,2254024,5290.023,1497.741,0,551.169,0,49.925,3795,3522,1.920,1.860,1.120,1,0,100.848,0,0,18,302,1,41,0
15-06 01:07:58,22.027,2.002,74.341,0,0.250,5400152,166768,173828,2254216,11606.144,7412.033,0,1565.908,0,138.168,2362,2127,1.840,1.840,1.120,1,0,2.002,0,0,18,303,1,41,0
15-06 01:07:59,16.969,9.732,71.369,0.250,0,5368796,197948,173828,2254404,9612.394,6001.009,31.941,251.539,2.995,14.973,3792,3111,1.840,1.840,1.120,1,0,116.786,0,0,18,302,1,44,0
15-06 01:08:00,21.522,5.005,72.575,0,0,5413476,153268,173828,2254404,5045.240,1695.761,0,140.146,0,9.009,1961,1496,1.840,1.840,1.120,1,0,0,0,0,18,302,1,44,0
15-06 01:08:01,18.740,2.249,78.209,0,0,5421652,145084,173828,2254412,13762.711,10238.577,0,159.915,0,13.993,2004,1689,1.840,1.840,1.120,1,0,0,0,0,18,302,1,45,0
15-06 01:08:02,19.269,8.508,71.070,0,0,5384008,182720,173828,2254420,5225.131,1621.593,0,156.153,0,16.016,3051,2501,1.840,1.840,1.120,1,0,71.070,0,0,18,302,1,45,0
15-06 01:08:03,18.501,2.250,77.755,0,0,5405488,161104,173828,2254556,13055.794,9540.580,0,8.000,0,2.000,2155,1850,1.770,1.830,1.120,1,0,0,0,0,18,303,1,44,0
15-06 01:08:04,19.197,6.731,72.797,0,0,5408976,157600,173828,2254572,11063.187,6707.319,0,35.900,0,1.994,2619,1967,1.770,1.830,1.120,1,0,55.844,0,0,18,302,1,45,0
15-06 01:08:05,19.549,3.008,76.693,0,0,5402364,183628,173828,2235376,10953.534,7351.480,0,4.010,0,1.003,1956,1593,1.770,1.830,1.120,1,0,1.003,0,0,18,303,1,45,0
15-06 01:08:06,19.755,6.001,73.017,0.500,0,5371880,214088,173828,2235400,10207.443,6061.451,0,252.060,0,25.006,2972,2925,1.770,1.830,1.120,5,0,32.008,0,0,18,302,1,48,0
15-06 01:08:07,20.267,3.002,75.313,0.250,0.250,5403492,182388,173828,2235488,11055.202,7405.164,80.067,332.277,5.004,37.031,2525,2720,1.770,1.830,1.120,1,0,0,0,0,18,303,1,42,0
15-06 01:08:08,16.260,2.001,80.549,0.500,0,5293104,292768,173828,2235496,9675.840,6700.044,0,3093.867,0,419.253,2487,2558,1.710,1.820,1.120,2,0,1.001,0,0,18,302,1,43,0
15-06 01:08:09,21.467,4.743,72.889,0,0,5360368,225496,173828,2235504,4563.071,1617.544,0,243.630,0,16.974,2370,1963,1.710,1.820,1.120,2,0,45.930,0,0,18,302,1,43,0
15-06 01:08:10,17.013,2.502,79.562,0,0,5377768,208080,173828,2235520,14701.495,11688.139,0,188.147,0,10.008,2117,1942,1.710,1.820,1.120,3,0,0,0,0,18,302,1,46,0
15-06 01:08:11,21.258,5.502,72.028,0.250,0,5412716,173124,173828,2235528,5058.981,1620.635,0,548.215,0,36.014,2508,2142,1.710,1.820,1.120,2,0,32.013,0,0,18,302,1,40,0
15-06 01:08:12,17.470,1.747,79.364,0,0,5431264,154568,173828,2235536,11450.369,9241.156,0,95.836,0,9.983,1863,1589,1.710,1.820,1.120,1,0,0,0,0,18,303,1,40,0
15-06 01:08:13,12.012,9.009,77.328,0.250,0,5393724,192080,173832,2235560,8602.649,4770.796,0,284.286,0,27.027,3942,3740,1.650,1.800,1.120,2,0,148.149,0,0,18,302,1,41,0
15-06 01:08:14,3.499,2.999,91.226,1.250,0,5383860,200732,174372,2236232,10714.232,4737.776,1123.710,191.950,250.935,14.996,1772,2078,1.650,1.800,1.120,1,0,31.992,0,0,18,304,1,41,0
15-06 01:08:15,5.503,10.255,82.542,0.500,0,5370240,214304,174372,2236280,18402.394,4558.327,0,360.184,0,22.011,3100,2513,1.650,1.800,1.120,0,0,126.064,0,0,18,304,1,34,0
15-06 01:08:16,5.001,10.753,82.523,0.250,0,5361872,222580,174372,2236372,6531.832,2457.689,32.009,448.126,1.000,33.009,3471,3196,1.650,1.800,1.120,3,0,142.040,0,0,18,302,1,35,0
15-06 01:08:17,16.002,7.751,70.509,3.750,0,5344576,225120,174376,2251060,5100.642,1620.204,8057.014,940.118,598.075,47.006,3920,4147,1.650,1.800,1.120,1,0,71.009,0,0,18,302,1,35,0
15-06 01:08:18,33.995,7.499,57.492,0.250,0,5378548,186676,174444,2255352,9027.732,2891.594,259.963,583.918,3.000,8.999,3003,1950,1.680,1.810,1.120,2,0,22.997,0,0,18,303,1,35,0
15-06 01:08:19,32.713,7.991,57.935,0.250,0,5369624,191992,174528,2258844,11976.606,4839.588,771.138,1310.534,6.992,31.964,3058,1999,1.680,1.810,1.120,1,0,8.990,0,0,18,302,1,30,0
15-06 01:08:20,13.499,14.498,70.243,1.000,0,5330676,227684,174668,2261928,4859.491,1619.830,1419.851,3279.656,23.997,101.989,5616,5163,1.680,1.810,1.120,1,0,300.968,0,0,18,302,1,30,0
15-06 01:08:21,22.961,2.745,72.627,0.250,0,5398804,159552,174668,2261932,5061.400,2067.487,0,103.824,0,13.976,2209,1920,1.680,1.810,1.120,0,0,0,0,0,18,303,1,30,0
15-06 01:08:22,17.063,3.764,77.785,0.251,0,5370620,187704,174668,2261964,28398.139,24298.104,0,301.104,0,23.085,2782,2588,1.680,1.810,1.120,1,0,45.166,0,0,18,302,1,32,0
15-06 01:08:23,22.704,3.742,72.352,0.249,0,5401108,157212,174668,2261968,4792.218,1616.700,0,271.446,0,32.933,2183,1743,1.630,1.790,1.120,1,0,1.996,0,0,18,302,1,30,0
15-06 01:08:24,18.207,2.744,78.317,0,0,5397820,160152,174668,2262316,13692.949,10104.349,335.215,135.682,20.951,12.970,2457,2157,1.630,1.790,1.120,1,0,0,0,0,18,302,1,32,0
15-06 01:08:25,22.261,4.252,72.037,0,0,5397976,159996,174668,2262316,2735.399,324.166,0,0,0,0,2232,1746,1.630,1.790,1.120,1,0,15.008,0,0,18,302,1,32,0
15-06 01:08:26,16.277,2.504,80.384,0,0,5399696,158120,174668,2262472,11153.635,8043.438,16.027,156.261,1.002,10.017,1983,1872,1.630,1.790,1.120,0,0,0,0,0,18,303,1,32,0
15-06 01:08:27,25.524,5.505,66.062,1.501,0,5337536,218060,174668,2264692,6817.409,2840.670,2113.987,3503.293,86.081,282.265,5733,8408,1.630,1.790,1.120,1,0,6.006,0,0,18,304,1,25,0
15-06 01:08:28,26.919,5.982,65.054,0.748,0,5398236,157356,174668,2264696,6073.670,2407.733,0,2317.007,0,139.579,3689,14295,1.740,1.810,1.130,3,0,35.892,0,0,18,305,1,26,0
15-06 01:08:29,14.296,2.508,81.510,0.251,0,5399940,155592,174668,2264772,13561.177,10336.912,48.153,3438.949,2.006,201.642,2895,3408,1.740,1.810,1.130,1,0,0,0,0,18,305,1,26,0
15-06 01:08:30,18.772,12.515,67.080,1.001,0,5375064,180344,174672,2264892,6057.251,2849.411,80.096,2310.766,3.004,157.188,5664,6460,1.740,1.810,1.130,1,0,209.250,0,0,18,304,1,27,0
15-06 01:08:31,7.745,22.485,67.706,0.250,0,5372232,183148,174672,2264920,4891.810,1457.050,0,315.794,0,23.984,6553,5475,1.740,1.810,1.130,1,0,561.634,0,0,18,304,1,27,0
15-06 01:08:32,9.752,21.754,67.262,0,0,5372636,182720,174672,2264944,4680.822,1620.284,0,344.060,0,29.005,6682,5746,1.740,1.810,1.130,2,0,532.093,0,0,18,304,1,25,0
15-06 01:08:33,7.750,23.251,66.752,0,0,5359888,195440,174672,2264972,4878.117,1458.035,0,620.015,0,45.001,6653,5729,1.760,1.820,1.140,1,0,538.013,0,0,18,304,1,25,0
15-06 01:08:34,7.999,23.498,67.494,0,0,5350860,204436,174672,2265004,4331.631,971.917,0,627.947,0,55.995,6659,5652,1.760,1.820,1.140,2,0,581.950,0,0,18,304,1,25,0
15-06 01:08:35,8.253,22.258,68.025,0,0,5355252,200012,174672,2265036,3801.387,540.197,0,44.016,0,11.004,6444,5390,1.760,1.820,1.140,2,0,533.195,0,0,18,304,1,25,0
15-06 01:08:36,8.997,21.742,67.224,0,0,5344176,211056,174672,2265068,5414.899,1689.345,0,239.907,0,22.991,6742,5830,1.760,1.820,1.140,1,0,547.788,0,0,18,304,1,25,0
15-06 01:08:37,13.746,15.745,69.730,0.250,0,5323896,241628,174672,2255316,6514.106,1565.545,0,799.767,0,58.983,5772,5433,1.760,1.820,1.140,2,0,367.893,0,0,18,304,1,25,0
15-06 01:08:38,20.215,6.489,72.126,0,0,5330280,307476,174900,2193624,6764.392,1617.225,0,1721.047,0,11.979,2323,1871,1.700,1.800,1.140,1,0,3.993,0,0,18,304,1,25,0
15-06 01:08:39,17.720,1.997,78.369,0.749,0,5335608,299752,175004,2195908,14858.189,5837.253,123.793,5111.465,15.973,371.380,2159,1746,1.700,1.800,1.140,1,0,15.973,0,0,18,305,1,25,0
15-06 01:08:40,12.026,1.754,84.682,0.752,0,5347792,286396,175116,2196964,20531.041,12302.390,821.763,1703.655,56.120,71.153,1756,1802,1.700,1.800,1.140,0,0,0,0,0,18,305,1,24,0
15-06 01:08:41,11.712,1.246,84.726,0.748,0,5363816,269036,175208,2198200,20335.344,10528.008,917.039,1239.996,49.839,40.868,1713,1612,1.700,1.800,1.140,1,0,0,0,0,18,305,1,24,0
15-06 01:08:42,15.800,1.756,80.504,1.003,0,5364124,267552,175276,2199304,24009.902,13966.151,975.083,1516.795,70.222,48.152,1903,1720,1.700,1.800,1.140,1,0,0,0,0,18,305,1,24,0
15-06 01:08:43,16.755,1.500,80.272,1.000,0,5370992,243108,175360,2216788,21878.107,12908.603,8270.308,1396.390,113.032,45.013,2031,1916,1.560,1.770,1.130,0,1,2.001,0,0,18,305,1,24,0
15-06 01:08:44,22.201,2.744,73.090,1.247,0,5372396,216912,175492,2241248,4909.240,1658.365,4917.223,1664.352,62.862,67.851,2233,1972,1.560,1.770,1.130,1,0,0.998,0,0,18,305,1,24,0
15-06 01:08:45,23.045,2.505,73.392,0.250,0,5376560,194508,175492,2259120,4392.497,1406.721,0,1318.551,0,30.058,2143,1879,1.560,1.770,1.130,1,0,1.002,0,0,18,305,1,24,0
15-06 01:08:46,24.499,2.250,71.497,0.750,0,5382592,169320,175620,2277936,4542.811,1025.957,0,1839.924,0,74.997,2492,2432,1.560,1.770,1.130,1,0,0,0,0,18,305,1,24,0
15-06 01:08:47,23.735,2.998,70.207,1.249,0,5377984,159756,175876,2291532,4896.980,1660.976,0,3865.616,0,164.898,3146,3469,1.560,1.770,1.130,1,0,0,0,0,18,305,1,24,0
15-06 01:08:48,22.957,2.994,72.364,0.749,0,5384796,126504,175904,2317604,4739.085,1455.262,0,2215.832,0,73.861,2410,2105,1.520,1.760,1.130,1,0,0,0,0,18,305,1,22,0
15-06 01:08:49,22.049,4.761,71.909,0.501,0,5321196,225648,176052,2281872,4119.104,1709.779,4.009,15939.230,1.002,133.295,2378,1953,1.520,1.760,1.130,1,0,2.004,0,0,18,304,1,22,0
15-06 01:08:50,17.508,4.002,76.786,0,0,5366252,180572,176052,2281892,10909.117,4475.099,0,1256.589,0,30.014,2296,1802,1.520,1.760,1.130,1,0,39.018,0,0,18,305,1,22,0
15-06 01:08:51,22.969,4.744,70.655,0.499,0.499,5380620,159660,176160,2288280,4612.774,1865.482,0,1306.237,0,25.965,4812,7473,1.520,1.760,1.130,3,0,7.989,0,0,18,304,1,22,0
15-06 01:08:52,22.286,6.260,69.362,0.250,0,5401696,137524,176180,2289288,4747.650,1696.734,0,889.433,0,24.039,8681,14899,1.520,1.760,1.130,1,0,13.021,0,0,18,304,1,22,0
15-06 01:08:53,21.003,6.501,70.010,0,0,5404732,134448,176200,2289304,4800.670,1694.236,0,1924.269,0,20.003,9072,16275,1.470,1.750,1.130,1,0,15.002,0,0,18,304,1,22,0
15-06 01:08:54,21.440,4.986,72.296,0,0,5348240,198268,176200,2281992,4924.124,1569.577,0,386.910,0,9.972,2918,2533,1.470,1.750,1.130,3,0,50.857,0,0,18,304,1,22,0
15-06 01:08:55,23.502,6.500,68.005,0.250,0,5361296,185192,176200,2282012,4920.364,1620.120,0,1352.100,0,176.013,9675,17742,1.470,1.750,1.130,3,0,25.002,0,0,18,304,1,22,0
15-06 01:08:56,18.551,3.259,76.963,0,0,5375304,166072,176200,2287116,12954.861,4756.166,0,1275.531,0,45.125,2206,1962,1.470,1.750,1.130,1,0,18.050,0,0,18,304,1,22,0
15-06 01:08:57,23.756,5.751,68.766,0.250,0,5408796,130448,176200,2289216,5987.401,1566.367,0,612.143,0,25.006,9404,17473,1.470,1.750,1.130,2,0,7.002,0,0,18,304,1,22,0
15-06 01:08:58,22.222,6.991,68.165,0.250,0,5398728,140156,176200,2289576,7043.182,1510.109,0,675.155,0,29.962,9499,17272,1.440,1.730,1.130,2,0,19.975,0,0,18,304,1,22,0
15-06 01:08:59,21.270,5.505,71.817,0,0,5359364,186940,176216,2282156,4444.161,1621.518,0,516.484,0,13.012,2315,1852,1.440,1.730,1.130,2,0,13.012,0,0,18,304,1,22,0
15-06 01:09:00,24.473,5.744,69.424,0,0,5316696,229652,176216,2282188,4453.145,1530.332,0,6421.000,0,225.754,2956,2395,1.440,1.730,1.130,1,0,59.935,0,0,18,304,1,19,0
15-06 01:09:01,23.522,5.505,69.565,0,0,5358336,180268,176216,2289956,5241.901,1621.516,0,148.139,0,9.008,3150,2673,1.440,1.730,1.130,4,0,58.054,0,0,18,304,1,21,0
15-06 01:09:02,20.993,2.499,74.977,0.250,0,5372544,162828,176236,2293104,10349.792,3703.852,0,1555.518,0,24.992,2506,2355,1.440,1.730,1.130,1,0,16.995,0,0,18,304,1,21,0
15-06 01:09:03,14.506,1.501,82.535,0.500,0,5386632,148336,176272,2293456,22164.416,11241.776,4.002,1156.491,1.000,33.014,1712,1566,1.400,1.720,1.130,1,0,0,0,0,18,305,1,21,0
15-06 01:09:04,9.996,1.250,86.717,0.500,0,5381220,153128,176424,2293904,80046.190,16728.561,0,1751.326,0,59.977,1598,1681,1.400,1.720,1.130,1,0,0,0,0,18,306,1,19,0
15-06 01:09:05,15.977,1.498,79.884,0.749,0,5393304,140600,176568,2294212,108128.571,15061.072,0,2863.830,0,251.634,2001,1904,1.400,1.720,1.130,1,0,0.999,0,0,18,306,1,19,0
15-06 01:09:06,17.525,1.502,79.364,0.501,0,5396768,136756,176604,2294540,23188.370,12451.919,0,1610.317,0,63.091,2039,2131,1.400,1.720,1.130,1,0,0,0,0,18,306,1,19,0
15-06 01:09:07,7.755,2.001,87.060,1.751,0,5393144,139736,176792,2294996,359187.305,20190.902,16.011,4967.420,1.001,231.159,2694,3584,1.400,1.720,1.130,0,0,0,0,0,18,306,1,19,0
15-06 01:09:08,8.242,1.499,87.913,1.249,0,5389564,142608,177128,2295352,107813.055,20157.005,27.972,2985.039,3.996,134.866,1988,2281,1.370,1.710,1.130,1,0,0,0,0,18,306,1,15,0
15-06 01:09:09,9.255,1.001,87.796,0.500,0,5385680,136020,177208,2305708,882329.367,30974.196,104.054,884.462,6.003,32.017,2190,2186,1.370,1.710,1.130,0,0,1.001,0,0,18,306,1,15,0
15-06 01:09:10,2.992,2.992,91.002,0.499,0,5378404,132944,177284,2315952,5291812.135,71098.302,0,18346.019,0,113.690,4907,4060,1.370,1.710,1.130,1,1,1.995,0,0,18,306,1,15,0
15-06 01:09:11,4.011,3.509,88.484,0.501,0,5365372,153788,177312,2308472,11851110.964,118235.441,4.011,11791.159,1.003,32.085,6618,4170,1.370,1.710,1.130,0,0,2.005,0,0,18,306,1,15,0
15-06 01:09:12,18.258,3.501,76.282,0.500,0,5375772,141980,177544,2309648,650933.779,12073.096,168.071,2352.993,5.002,74.031,2559,1989,1.370,1.710,1.130,1,0,1.000,0,0,18,306,1,12,0
15-06 01:09:13,21.692,3.740,71.808,0.997,0,5368984,130792,180824,2324004,4446.117,1454.114,0,4288.538,0,92.752,2639,2483,1.340,1.700,1.120,1,0,0,0,0,18,306,1,12,0
15-06 01:09:14,23.530,3.505,72.093,0.250,0,5374132,141072,181288,2308308,4778.149,1513.948,0,1373.768,0,36.046,2304,1969,1.340,1.700,1.120,1,0,0,0,0,18,306,1,12,0
15-06 01:09:15,22.773,4.004,71.071,0.751,0,5383796,137404,182040,2301656,4938.905,1405.396,0,19971.836,0,172.171,2630,2361,1.340,1.700,1.120,3,0,1.001,0,0,18,306,1,12,0
15-06 01:09:16,21.747,4.749,71.240,0.750,0,5382604,150620,182816,2289232,5014.330,1457.805,0,2887.614,0,221.970,2413,2039,1.340,1.700,1.120,1,0,0,0,0,18,306,1,12,0
15-06 01:09:17,24.515,5.503,67.792,1.001,0,5383920,133772,183512,2303728,5001.099,1458.904,60.037,163953.597,8.005,1099.681,3480,3928,1.340,1.700,1.120,1,0,0,0,0,18,306,1,9,0
15-06 01:09:18,35.488,7.497,55.980,0.500,0,5408536,163084,184908,2249416,5236.157,1457.487,255.910,1007.645,1.999,46.983,2994,2077,1.390,1.700,1.130,3,0,4.998,0,0,18,306,1,9,0
15-06 01:09:19,38.705,7.991,50.941,0.499,0,5421912,152952,185804,2245596,4574.702,1456.314,767.112,3547.891,5.993,74.913,3469,2322,1.390,1.700,1.130,1,0,6.992,0,0,18,306,1,9,0
15-06 01:09:20,22.779,3.254,72.594,0.501,0,5343600,255176,186448,2220848,5268.802,1808.335,4.005,1674.161,1.001,56.072,2323,2018,1.390,1.700,1.130,1,0,2.003,0,0,18,304,1,9,0
15-06 01:09:21,17.242,3.998,77.713,0.250,0,5381216,217540,186448,2220868,11755.395,4330.935,0,1483.293,0,159.924,2345,2130,1.390,1.700,1.130,1,0,32.984,0,0,18,305,1,9,0
15-06 01:09:22,24.008,4.251,69.273,1.000,0,5366752,225636,186536,2227132,5143.684,1860.609,12.004,69542.770,3.001,674.221,3564,3426,1.390,1.700,1.130,2,0,4.001,0,0,18,304,1,9,0
15-06 01:09:23,23.506,6.502,67.517,0.250,0,5395280,195932,186560,2228168,4339.068,1458.359,0,1544.380,0,39.010,9394,18213,1.360,1.690,1.130,1,0,13.003,0,0,18,304,1,9,0
15-06 01:09:24,23.233,5.496,69.448,0,0,5378144,212908,186564,2228324,4616.571,1618.798,0,1870.610,0,11.991,9693,17887,1.360,1.690,1.130,1,0,12.990,0,0,18,304,1,9,0
15-06 01:09:25,21.014,5.754,72.050,0,0,5373980,222040,186572,2223316,4503.103,1695.168,0,668.461,0,19.013,2252,1665,1.360,1.690,1.130,1,0,8.006,0,0,18,304,1,5,0
15-06 01:09:26,22.500,4.250,72.499,0.250,0,5363856,232764,186572,2222748,5016.938,1661.979,247.997,643.992,4.000,22.000,2233,1849,1.360,1.690,1.130,2,0,6.000,0,0,18,304,1,5,0
15-06 01:09:27,23.246,4.499,70.487,0.750,0,5369472,225308,186572,2224588,5099.080,1619.708,755.864,2447.559,31.994,101.982,5324,7275,1.360,1.690,1.130,1,0,0,0,0,18,307,1,8,0
15-06 01:09:28,26.283,12.516,58.323,1.752,0,5314556,279508,186572,2225304,4265.306,1622.018,560.698,3512.370,27.034,314.391,8240,22828,1.490,1.710,1.140,1,0,192.239,0,0,18,306,1,10,0
15-06 01:09:29,11.737,15.982,69.921,0.499,0,5319272,273708,186572,2226456,4213.246,1456.357,1110.747,1186.661,27.968,57.935,5154,4150,1.490,1.710,1.140,2,0,283.680,0,0,18,306,1,10,0
15-06 01:09:30,6.247,3.998,77.968,9.746,0,5329152,252788,186572,2237496,4837.996,2471.976,11039.427,495.795,1780.263,3.998,3359,5083,1.490,1.710,1.140,0,0,15.993,0,0,18,307,1,10,0
15-06 01:09:31,1.499,0.999,96.199,0.500,0,5325860,256080,186572,2237496,23307.588,3467.154,0,4629.535,0,463.753,1449,2155,1.490,1.710,1.140,0,0,0,0,0,18,307,1,10,0
15-06 01:09:32,4.262,2.758,91.499,0.251,0,5314916,266028,186700,2238372,150043.058,4420.050,397.083,786.143,20.055,19.052,1690,1888,1.490,1.710,1.140,2,0,17.046,0,0,18,306,1,10,1
15-06 01:09:33,2.246,3.244,92.581,0,0,5283784,296496,186700,2239036,667592.786,10311.184,0,299.454,0,12.976,2013,1968,1.370,1.680,1.130,0,0,17.967,0,0,18,306,1,9,0
15-06 01:09:34,0.998,0.998,97.590,0,0,5283784,296496,186700,2239036,5528.920,1455.610,0,0,0,0,855,1235,1.370,1.680,1.130,0,0,0,0,0,18,306,1,9,0
15-06 01:09:35,2.254,0.501,95.919,0,0,5284032,296244,186700,2239040,5229.227,1622.864,0,4.007,0,1.002,1084,1399,1.370,1.680,1.130,0,0,1.002,0,0,18,306,1,9,0
15-06 01:09:36,1.751,0.500,97.039,0.250,0,5284044,296244,186700,2239040,5317.158,1458.592,0,112.045,0,12.005,1152,1658,1.370,1.680,1.130,0,0,0,0,0,18,306,1,9,0
15-06 01:09:37,1.749,0.999,95.440,0.250,0,5284044,296244,186700,2239040,5534.532,1457.087,0,219.862,0,31.980,1381,2093,1.370,1.680,1.130,0,0,0,0,0,18,306,1,9,0
15-06 01:09:38,1.500,0.750,95.998,0.500,0,5284012,296244,186700,2239072,6119.904,1661.974,16.000,363.994,1.000,43.999,1387,1983,1.260,1.660,1.130,2,0,0,0,0,18,306,1,9,0
15-06 01:09:39,1.249,0.500,97.459,0,0,5284012,296244,186700,2239072,4935.934,1457.390,0,107.955,0,7.997,845,1251,1.260,1.660,1.130,0,0,0,0,0,18,306,1,9,0
15-06 01:09:40,0.999,0.250,97.106,0,0,5282800,297456,186700,2239072,5152.359,1617.601,0,107.840,0,7.988,1020,1447,1.260,1.660,1.130,0,0,0,0,0,18,306,1,9,0
15-06 01:09:41,1.502,1.001,97.132,0,0,5282772,297484,186700,2239072,4735.443,1514.060,0,452.616,0,29.040,1045,1423,1.260,1.660,1.130,0,0,0,0,0,18,306,1,9,0
15-06 01:09:42,1.501,1.001,96.576,0,0,5283020,297200,186700,2239108,4549.565,1567.228,0,40.031,0,3.002,1020,1452,1.260,1.660,1.130,0,0,0,0,0,18,306,1,9,0
15-06 01:09:43,0.750,1.000,96.963,0.750,0,5282988,297228,186700,2239112,4498.283,1619.382,0,3542.648,0,166.936,1318,1984,1.160,1.630,1.120,0,0,1.999,0,0,18,306,1,9,0
15-06 01:09:44,0.500,0.500,97.984,0,0,5282988,297228,186700,2239112,4619.239,1619.733,0,0,0,0,813,1197,1.160,1.630,1.120,0,0,0,0,0,18,306,1,9,0
15-06 01:09:45,1.000,0.500,97.785,0,0,5283000,297216,186700,2239112,4681.671,1620.578,0,36.013,0,3.001,900,1290,1.160,1.630,1.120,0,0,1.000,0,0,18,306,1,9,0
15-06 01:09:46,0.999,3.248,94.439,0,0,5282932,297280,186700,2239116,5473.437,1618.946,0,79.948,0,8.994,1083,1347,1.160,1.630,1.120,0,0,0,0,0,18,306,1,9,0
15-06 01:09:47,2.248,1.498,94.647,0.250,0,5285284,294924,186700,2239120,4750.830,1294.591,0,1286.600,0,256.721,1315,1890,1.160,1.630,1.120,0,0,0,0,0,18,306,1,9,0
15-06 01:09:48,1.001,1.502,96.128,0.250,0,5285724,294460,186700,2239144,4407.847,1243.650,16.021,29627.301,1.001,365.485,1855,2530,1.070,1.600,1.110,0,0,0,0,0,18,306,1,9,0
15-06 01:09:49,1.000,0.750,97.542,0,0,5279404,300776,186700,2239148,4279.856,1532.665,0,164.071,0,11.005,887,1244,1.070,1.600,1.110,0,0,0,0,0,18,306,1,9,0
15-06 01:09:50,1.497,1.247,95.556,0,0,5279404,300776,186700,2239148,3249.400,828.318,0,0,0,0,1090,1379,1.070,1.600,1.110,0,0,5.988,0,0,18,306,1,9,0
15-06 01:09:51,1.252,0.751,96.901,0,0,5279400,300776,186700,2239152,4606.199,1318.060,0,256.401,0,24.038,1167,1758,1.070,1.600,1.110,0,0,0,0,0,18,306,1,9,0
15-06 01:09:52,1.751,1.001,96.307,0.250,0,5279400,300776,186700,2239152,4700.804,1532.914,0,112.067,0,15.009,1289,1898,1.070,1.600,1.110,0,0,0,0,0,18,306,1,9,0
15-06 01:09:53,7.001,17.002,74.508,0.250,0,5279336,300620,186704,2239368,5160.530,1694.174,184.019,48160.950,10.001,440.045,5573,5181,1.140,1.610,1.120,2,0,426.044,0,0,18,306,1,9,0
15-06 01:09:54,7.758,19.269,71.070,0,0,5288508,291416,186704,2239400,5002.901,1533.502,0,4.004,0,1.001,6557,5807,1.140,1.610,1.120,1,0,525.515,0,0,18,306,1,9,0
15-06 01:09:55,8.502,20.755,68.766,0,0,5284508,295668,186704,2239432,4699.077,1458.334,0,1028.236,0,21.005,6726,6005,1.140,1.610,1.120,1,0,567.130,0,0,18,306,1,9,0
15-06 01:09:56,8.001,20.502,69.008,0,0,5288124,292000,186704,2239484,6917.808,1694.198,20.002,0,1.000,0,6751,5880,1.140,1.610,1.120,1,0,567.066,0,0,18,306,1,9,0
15-06 01:09:57,18.477,8.240,71.411,1.248,0,5315404,226792,186724,2277388,6969.276,1456.177,37864.604,107.865,323.595,11.985,4053,3728,1.140,1.610,1.120,4,0,127.840,0,0,18,306,1,9,0
15-06 01:09:58,3.498,1.749,93.194,0.250,0,5312968,229200,186724,2277416,22453.532,2624.426,3.998,3781.732,0.999,190.886,1970,2278,1.050,1.580,1.110,0,0,9.994,0,0,18,307,1,9,0
15-06 01:09:59,1.001,0.500,97.335,0,0,5313080,228948,186724,2277556,155892.729,6509.709,0,4.004,0,1.001,1081,1393,1.050,1.580,1.110,0,0,0,0,0,18,307,1,9,0
15-06 01:10:00,2.000,1.000,95.733,0,0,5313152,228448,186728,2277980,382018.995,10998.071,63.989,35.994,7.999,2.000,1576,1707,1.050,1.580,1.110,0,0,2.000,0,0,18,307,1,9,0
15-06 01:10:01,1.496,0.748,95.742,0.249,0,5312888,228224,186728,2278468,518883.259,15701.643,0,418.870,0,28.922,1735,1781,1.050,1.580,1.110,0,0,0,0,0,18,307,1,9,0
15-06 01:10:02,3.256,2.004,93.166,0,0,5312464,227720,186728,2279396,984324.886,26957.897,0,128.228,0,12.021,2557,2389,1.050,1.580,1.110,0,0,1.002,0,0,18,307,1,7,0
15-06 01:10:03,3.251,1.250,94.019,0,0,5314792,225212,186732,2279572,169713.210,7998.612,0,3388.683,0,17.003,1644,2027,0.970,1.550,1.110,0,0,3.001,0,0,18,307,1,7,0
15-06 01:10:04,4.253,1.251,93.311,0.250,0,5315148,224736,186732,2279692,122626.801,3674.421,0,240.158,0,12.008,1663,2099,0.970,1.550,1.110,0,0,2.001,0,0,18,307,1,9,0
15-06 01:10:05,1.749,1.499,95.965,0,0,5315108,224484,186732,2279984,312625.230,8546.917,0,19.993,0,3.999,1401,1546,0.970,1.550,1.110,0,0,1.000,0,0,18,307,1,9,0
15-06 01:10:06,1.999,1.000,95.220,0,0,5315376,223728,186732,2280472,529797.670,13163.892,0,115.964,0,11.996,1937,2029,0.970,1.550,1.110,0,0,0,0,0,18,307,1,9,0
15-06 01:10:07,2.500,0.750,94.487,0.500,0,5314964,223728,186732,2280884,419720.278,10419.567,0,1783.755,0,45.994,2015,2476,0.970,1.550,1.110,1,0,0,0,0,18,307,1,9,0
15-06 01:10:08,1.498,1.248,95.860,0,0,5308804,229796,186732,2280976,80665.317,2956.686,15.977,1062.450,0.999,188.725,1297,1755,0.890,1.530,1.100,1,0,0,0,0,18,307,1,9,0
15-06 01:10:09,1.001,0.501,97.105,0.250,0,5302892,235500,186732,2281184,214892.625,4136.478,0,368.399,0,12.013,1011,1306,0.890,1.530,1.100,0,0,0,0,0,18,307,1,9,0
15-06 01:10:10,1.747,1.248,96.341,0,0,5303064,235248,186732,2281264,78762.191,3036.995,0,223.631,0,10.982,1134,1505,0.890,1.530,1.100,0,0,0,0,0,18,307,1,9,0
15-06 01:10:11,1.002,0.250,96.426,0,0,5302876,235024,186732,2281676,431748.796,7477.662,0,853.559,0,32.059,1282,1484,0.890,1.530,1.100,0,0,0,0,0,18,307,1,9,0
15-06 01:10:12,8.507,3.753,87.576,0.250,0,5300004,234712,187196,2284400,197402.863,3903.379,2966.568,280.243,43.037,4.003,1818,1630,0.890,1.530,1.100,1,0,18.016,0,0,18,306,1,10,0
15-06 01:10:13,8.991,15.234,68.430,4.495,0.250,5340376,170588,187488,2307108,4587.294,1510.450,47.951,30268.947,11.988,1553.406,8236,11244,0.980,1.540,1.100,1,0,133.863,0,0,18,306,1,10,0
15-06 01:10:14,19.042,10.523,67.398,2.004,0,5343156,162620,187724,2311516,5037.031,1569.437,4.009,8510.638,1.002,740.622,5189,5873,0.980,1.540,1.100,2,0,67.147,0,0,18,306,1,10,0
15-06 01:10:15,23.474,7.741,67.674,0.999,0,5347876,156680,187772,2312480,4674.777,1618.192,0,1694.107,0,104.883,3657,2951,0.980,1.540,1.100,1,0,38.956,0,0,18,306,1,10,0
15-06 01:10:16,22.245,8.248,66.984,0.500,0,5345212,158176,187860,2313416,5535.680,1619.614,0,1379.671,0,80.981,3466,2798,0.980,1.540,1.100,2,0,31.992,0,0,18,306,1,10,0
15-06 01:10:17,24.470,5.244,68.415,0.499,0,5340292,157288,188096,2318248,5093.704,1618.000,63.921,1454.202,14.981,65.919,3414,3367,0.980,1.540,1.100,1,0,15.980,0,0,18,306,1,10,0
15-06 01:10:18,31.839,12.535,53.901,1.504,0,5379544,178872,186964,2258528,5355.024,1624.558,1062.982,5756.149,46.129,132.371,5073,5736,1.060,1.540,1.110,2,0,24.068,0,0,18,306,1,10,0
15-06 01:10:19,31.177,15.962,50.880,0.499,0,5384264,146544,186384,2284256,4327.815,1454.577,5411.265,0,116.725,0,3900,2755,1.060,1.540,1.110,1,0,50.880,0,0,18,306,1,10,0
15-06 01:10:20,19.517,6.756,72.062,0.250,0,5387740,142292,186408,2284604,4521.874,1459.250,368.316,2602.229,23.020,6.005,2725,1896,1.060,1.540,1.110,1,0,37.032,0,0,18,306,1,10,0
15-06 01:10:21,17.749,3.500,77.997,0.250,0,5323684,262512,186440,2228860,4996.827,1619.944,2371.918,531.982,52.998,39.999,2451,2329,1.060,1.540,1.110,1,0,17.999,0,0,18,306,1,10,0
15-06 01:10:22,1.248,0.749,96.314,0.250,0,5303348,282844,186440,2228864,4295.720,1455.195,0,375.277,0,25.950,1245,1949,1.060,1.540,1.110,1,0,0,0,0,18,306,1,10,0
15-06 01:10:23,1.000,0.750,96.759,0,0,5296580,289612,186440,2228864,4124.371,1458.131,0,4.000,0,1.000,999,1369,0.970,1.520,1.100,0,0,0,0,0,18,306,1,10,0
15-06 01:10:24,2.002,2.253,94.861,0,0,5284320,301872,186440,2228864,4891.739,1621.903,0,0,0,0,1130,1394,0.970,1.520,1.100,0,0,1.001,0,0,18,306,1,10,0
15-06 01:10:25,1.500,0.750,97.022,0.250,0,5284952,301172,186440,2228932,4064.904,1532.341,4.001,192.043,1.000,15.003,1034,1443,0.970,1.520,1.100,0,0,1.000,0,0,18,306,1,10,0
15-06 01:10:26,1.000,0.500,97.719,0,0,5276460,309664,186440,2228932,4833.465,1457.537,0,0,0,0,916,1270,0.970,1.520,1.100,0,0,0,0,0,18,306,1,10,0
15-06 01:10:27,1.750,0.750,96.254,0.250,0,5274184,311936,186440,2228936,4818.187,1458.056,0,96.004,0,12.000,1155,1697,0.970,1.520,1.100,0,0,0,0,0,18,306,1,10,0
15-06 01:10:28,6.500,3.750,87.750,0.250,0.250,5305184,280916,186440,2232528,4578.013,1458.004,20.000,176.000,1.000,11.000,2638,8400,0.900,1.490,1.100,1,0,36.000,0,0,18,306,1,11,0
15-06 01:10:29,0.500,0.750,97.514,0,0.250,5267216,318884,186440,2228956,4408.640,1458.212,0,3248.471,0,194.028,1026,1411,0.900,1.490,1.100,1,0,0,0,0,18,306,1,11,0
15-06 01:10:30,1.000,0.250,97.497,0,0,5267216,318884,186440,2228956,4859.839,1619.946,0,0,0,0,894,1266,0.900,1.490,1.100,0,0,0,0,0,18,306,1,4,0
15-06 01:10:31,1.499,0.500,97.187,0,0,5267528,318632,186440,2228956,4943.806,1618.954,0,119.923,0,7.995,931,1324,0.900,1.490,1.100,0,0,0,0,0,18,306,1,4,0
15-06 01:10:32,1.250,0.250,96.519,0,0,5267528,318632,186440,2228956,4980.979,1620.319,0,60.012,0,6.001,1048,1463,0.900,1.490,1.100,0,0,0,0,0,18,306,1,4,0
15-06 01:10:33,0.999,0.750,97.939,0,0,5267524,318632,186440,2228960,4409.266,1511.063,0,15.990,0,0.999,934,1315,0.820,1.470,1.090,0,0,0,0,0,18,306,1,4,0
15-06 01:10:34,0.751,0.250,97.678,0,0,5267776,318380,186440,2228960,5155.375,1568.853,0,8.015,0,1.002,921,1330,0.820,1.470,1.090,0,0,0,0,0,18,306,1,4,0
15-06 01:10:35,0.750,0.750,97.738,0,0,5267776,318380,186440,2228960,4981.383,1619.799,0,4.000,0,1.000,963,1343,0.820,1.470,1.090,0,0,1.000,0,0,18,306,1,4,0
15-06 01:10:36,1.498,0.499,96.885,0.250,0,5267776,318380,186440,2228960,4783.324,1510.208,0,115.863,0,11.986,1107,1675,0.820,1.470,1.090,0,0,0,0,0,18,306,1,4,0
15-06 01:10:37,2.002,1.001,95.348,0.250,0,5267768,318380,186440,2228968,5331.501,1567.618,0,360.372,0,37.038,1378,2124,0.820,1.470,1.090,0,0,0,0,0,18,306,1,4,0
15-06 01:10:38,1.000,0.500,97.759,0,0,5267768,318380,186440,2228968,5238.474,1458.132,0,0,0,0,976,1332,0.760,1.440,1.080,1,0,0,0,0,18,306,1,4,0
15-06 01:10:39,0.499,0.499,97.304,0,0,5267764,318380,186440,2228972,6167.584,1616.745,0,0,0,0,856,1260,0.760,1.440,1.080,0,0,0,0,0,18,306,1,4,0
15-06 01:10:40,1.252,0.501,97.152,0.250,0,5267764,318380,186440,2228972,4921.700,1460.285,0,1334.087,0,223.349,1103,1603,0.760,1.440,1.080,0,0,0,0,0,18,306,1,4,0
15-06 01:10:41,1.247,0.499,97.048,0,0,5267764,318380,186440,2228972,5066.460,1616.637,0,7.983,0,0.998,958,1268,0.760,1.440,1.080,0,0,0,0,0,18,306,1,4,0
15-06 01:10:42,1.503,1.002,97.171,0,0,5267720,318380,186440,2229016,4251.493,1460.574,8.014,0,2.004,0,909,1272,0.760,1.440,1.080,0,0,0,0,0,18,306,1,4,0
15-06 01:10:43,0.999,0.500,96.948,0,0,5267700,318380,186440,2229020,4155.776,1527.183,0,0,0,0,1122,1527,0.700,1.420,1.080,0,0,1.999,0,0,18,306,1,4,0
15-06 01:10:44,1.251,0.750,97.561,0,0,5267700,318380,186440,2229020,4382.758,1621.020,0,340.214,0,9.006,881,1267,0.700,1.420,1.080,0,0,0,0,0,18,306,1,4,0
15-06 01:10:45,1.000,0.750,97.285,0.250,0,5267700,318380,186440,2229020,4339.580,1458.531,0,412.150,0,61.022,944,1348,0.700,1.420,1.080,0,0,1.000,0,0,18,306,1,4,0
15-06 01:10:46,1.999,0.500,95.467,0,0,5267700,318380,186440,2229020,4833.339,1457.499,0,167.942,0,23.992,1225,1675,0.700,1.420,1.080,1,0,0,0,0,18,306,1,4,0
15-06 01:10:47,2.500,1.250,94.498,0.500,0,5267692,318380,186440,2229028,4609.897,1619.964,0,2231.950,0,121.997,1536,2265,0.700,1.420,1.080,0,0,0,0,0,18,306,1,4,0
15-06 01:10:48,1.502,0.501,97.126,0,0,5267692,318380,186440,2229028,4625.999,1664.158,0,148.192,0,10.013,994,1386,0.640,1.390,1.070,1,0,0,0,0,18,306,1,4,0
15-06 01:10:49,1.250,1.500,96.274,0.500,0,5268156,317908,186448,2229024,4081.027,1620.408,4.001,58506.727,1.000,97.024,1196,1514,0.640,1.390,1.070,0,0,3.001,0,0,18,306,0,4,0
15-06 01:10:50,1.000,1.000,96.038,0,0,5268156,317908,186448,2229024,4561.823,1620.648,0,1120.448,0,168.067,1101,1433,0.640,1.390,1.070,0,0,6.002,0,0,18,306,0,4,0
15-06 01:10:51,5.243,2.747,90.885,0,0,5281796,304300,186448,2229028,4751.000,1617.957,0,107.864,0,12.984,1524,1905,0.640,1.390,1.070,1,0,4.994,0,0,18,306,0,4,0
15-06 01:10:52,11.248,2.500,82.236,3.249,0,5286060,296628,186808,2231020,13111.768,9651.357,2323.604,743.873,502.914,26.995,2955,3755,0.640,1.390,1.070,1,0,0,0,0,18,308,0,5,0
15-06 01:10:53,14.020,3.255,81.118,0,0,5288096,294108,186812,2231500,13313.380,11241.364,48.070,697.015,3.004,13.019,2608,2675,0.670,1.390,1.070,1,0,5.007,0,0,18,307,0,6,0
15-06 01:10:54,14.963,3.741,79.805,0.499,0,5284196,297920,186812,2231588,14685.057,11186.620,63.844,179.561,3.990,23.941,2704,2858,0.670,1.390,1.070,1,0,4.988,0,0,18,307,0,8,0
15-06 01:10:55,13.237,3.247,81.421,0,0,5296480,285496,186812,2231728,14821.546,10642.621,0,283.723,0,31.969,2470,2643,0.670,1.390,1.070,2,0,5.994,0,0,18,308,0,9,0
15-06 01:10:56,14.028,3.758,80.662,0.501,0,5297256,284672,186812,2231776,16399.852,12133.305,16.032,356.715,1.002,40.080,2636,2825,0.670,1.390,1.070,0,0,5.010,0,0,18,307,0,10,0
15-06 01:10:57,13.495,2.999,80.967,0.250,0,5297384,284396,186816,2231920,17094.080,11735.250,0,287.883,0,31.987,2718,2935,0.670,1.390,1.070,1,0,4.998,0,0,18,307,0,11,0
15-06 01:10:58,42.737,7.498,48.735,0,0,5048184,533496,186816,2232020,7377.708,2547.209,95.970,227.929,2.999,20.993,3551,2225,0.860,1.410,1.080,1,0,18.994,0,0,18,290,0,16,0
15-06 01:10:59,52.586,10.517,36.810,0,0,5126484,455256,186816,2232072,4998.147,1622.645,48.078,60.098,10.016,4.007,3436,1885,0.860,1.410,1.080,3,0,5.008,0,0,18,290,0,16,0
15-06 01:11:00,76.372,10.732,12.230,0.250,0,5151700,429616,186824,2232492,4570.353,1455.565,231.612,1094.169,10.982,70.881,4562,2302,0.860,1.410,1.080,4,0,5.990,0,0,18,282,0,17,0
15-06 01:11:01,79.934,14.032,5.763,0,0,5088112,492624,186824,2233168,5549.772,1623.737,244.563,2778.394,9.021,413.953,6675,6110,0.860,1.410,1.080,3,0,2.005,0,0,18,269,0,22,0
15-06 01:11:02,48.890,7.982,41.407,0.249,0,5185168,394076,186824,2234660,4807.233,1454.742,435.026,574.713,25.942,24.944,4859,7589,0.860,1.410,1.080,3,0,1.996,0,0,18,273,0,24,0
15-06 01:11:03,44.528,6.254,48.280,0.750,0,5191368,386680,186840,2235840,4700.930,1458.909,608.379,264.165,68.042,13.008,3372,2307,0.950,1.420,1.090,3,0,8.005,0,0,18,269,0,27,0
15-06 01:11:04,41.761,8.502,48.513,0.250,0,5320348,256704,186844,2236832,63960.087,21369.709,284.076,344.092,27.007,38.010,5614,8680,0.950,1.420,1.090,1,0,3.001,0,0,18,285,0,29,0
15-06 01:11:05,15.501,2.500,80.256,0.500,0,5326060,249940,186844,2237904,20948.505,4986.358,0,1912.137,0,204.015,6119,9621,0.950,1.420,1.090,0,0,4.000,0,0,18,287,0,32,0
15-06 01:11:06,3.986,0.996,93.413,0,0,5326052,249940,186844,2237912,5760.204,1707.834,0,179.352,0,19.928,1584,2117,0.950,1.420,1.090,1,0,0.996,0,0,18,287,0,34,0
15-06 01:11:07,2.758,1.254,94.526,0.251,0,5326300,249688,186844,2237916,5175.097,1624.740,0,545.592,0,43.126,1740,2694,0.950,1.420,1.090,0,0,1.003,0,0,18,287,0,32,0
15-06 01:11:08,1.750,0.750,97.522,0,0,5326296,249688,186844,2237920,4533.038,1512.346,0,0,0,0,1000,1373,0.870,1.400,1.080,1,0,0,0,0,18,287,0,32,0
15-06 01:11:09,1.249,0.250,96.936,0,0,5326296,249688,186844,2237920,4363.135,1564.972,0,435.714,0,2.998,919,1308,0.870,1.400,1.080,0,0,0,0,0,18,287,0,32,0
15-06 01:11:10,1.001,1.001,96.105,0.501,0,5326296,249688,186844,2237920,4296.691,1513.653,0,1141.246,0,76.083,1156,1763,0.870,1.400,1.080,0,0,0,0,0,18,287,0,32,0
15-06 01:11:11,0.999,0.250,97.358,0,0,5326296,249688,186844,2237920,4917.833,1563.721,0,95.860,0,11.983,906,1286,0.870,1.400,1.080,0,0,0,0,0,18,287,0,32,0
15-06 01:11:12,1.251,1.001,97.584,0,0,5326296,249688,186844,2237920,4623.957,1621.387,0,0,0,0,893,1276,0.870,1.400,1.080,0,0,0,0,0,18,287,0,32,0
15-06 01:11:13,1.001,0.500,97.055,0,0.250,5326296,249688,186844,2237920,4330.435,1458.820,0,0,0,0,1016,1349,0.800,1.380,1.080,0,0,0,0,0,18,287,0,32,0
15-06 01:11:14,2.997,0.749,94.647,0.250,0,5326460,249436,186844,2238008,5150.380,1618.234,83.908,199.782,9.989,23.974,1392,2105,0.800,1.380,1.080,3,0,0,0,0,18,287,0,32,0
15-06 01:11:15,7.256,2.002,89.573,0.500,0,5327168,248680,186844,2238056,4821.909,1459.183,28.023,840.682,3.002,75.061,2430,3554,0.800,1.380,1.080,0,0,1.001,0,0,18,287,0,31,0
15-06 01:11:16,1.250,1.250,96.724,0.500,0,5318744,257100,186844,2238060,5715.486,1619.571,0,9973.358,0,1164.691,1313,1387,0.800,1.380,1.080,0,0,0,0,0,18,287,0,31,0
15-06 01:11:17,2.501,0.250,95.774,0,0,5318196,257644,186844,2238064,5119.286,1458.366,0,124.031,0,19.005,1209,1794,0.800,1.380,1.080,0,0,0,0,0,18,287,0,31,0
15-06 01:11:18,1.250,0.250,97.251,0.250,0,5318168,257672,186844,2238064,5110.068,1620.022,0,440.006,0,30.000,1107,1487,0.740,1.350,1.070,0,0,0,0,0,18,287,0,31,0
15-06 01:11:19,0.999,0.749,97.164,0,0,5317912,257928,186844,2238064,4705.813,1588.587,0,0,0,0,858,1225,0.740,1.350,1.070,0,0,0,0,0,18,287,0,31,0
15-06 01:11:20,0.751,0.500,97.816,0,0,5318164,257676,186844,2238064,5005.382,1753.184,0,4.003,0,1.001,906,1272,0.740,1.350,1.070,0,0,0,0,0,18,287,0,31,0
15-06 01:11:21,1.000,0.750,97.295,0,0,5318156,257676,186848,2238068,4939.292,1620.752,0,84.039,0,13.006,1095,1623,0.740,1.350,1.070,0,0,0,0,0,18,287,0,31,0
15-06 01:11:22,1.749,0.500,96.671,0,0,5318156,257676,186848,2238068,5035.866,1618.671,0,251.793,0,22.981,1155,1767,0.740,1.350,1.070,0,0,0,0,0,18,287,0,31,0
15-06 01:11:23,1.501,0.500,96.295,0,0,5318152,257676,186848,2238072,4922.276,1620.749,0,96.044,0,13.006,1343,1876,0.680,1.330,1.060,0,0,1.000,0,0,18,287,0,31,0
15-06 01:11:24,1.250,1.000,97.265,0.250,0,5318152,257676,186848,2238072,4938.780,1458.230,0,88.014,0,12.002,1024,1494,0.680,1.330,1.060,0,0,0,0,0,18,287,0,31,0
15-06 01:11:25,2.497,0.999,94.869,0.250,0,5318392,257424,186848,2238084,4613.643,1617.771,0,443.389,0,42.941,1435,2301,0.680,1.330,1.060,1,0,0.999,0,0,18,287,0,31,0
15-06 01:11:26,1.752,1.001,95.355,0.751,0,5318392,257424,186848,2238084,4720.206,1459.610,0,2686.964,0,162.179,1338,2050,0.680,1.330,1.060,0,0,0,0,0,18,287,0,31,0
15-06 01:11:27,1.500,0.750,97.014,0,0,5318388,257424,186848,2238088,4860.687,1620.229,0,116.016,0,12.002,1130,1664,0.680,1.330,1.060,0,0,0,0,0,18,287,0,31,0
15-06 01:11:28,1.248,0.749,96.085,0,0,5318388,257424,186848,2238088,4520.234,1455.499,0,0,0,0,1105,1387,0.620,1.310,1.060,0,0,0,0,0,18,287,0,31,0
15-06 01:11:29,6.262,3.757,89.418,0,0,5315392,260420,186848,2238088,4578.579,1623.041,0,4.008,0,1.002,2107,5631,0.620,1.310,1.060,1,0,36.068,0,0,18,287,0,32,0
15-06 01:11:30,0.749,0.499,97.370,0.250,0,5315612,260196,186848,2238092,4571.877,1456.050,0,239.679,0,17.976,911,1359,0.620,1.310,1.060,0,0,0,0,0,18,287,0,32,0
15-06 01:11:31,1.503,1.002,97.209,0,0,5315608,260196,186848,2238096,5067.903,1623.493,0,52.112,0,6.013,997,1375,0.620,1.310,1.060,0,0,0,0,0,18,287,0,32,0
15-06 01:11:32,1.246,0.748,96.958,0.249,0,5315352,260452,186848,2238096,5102.614,1453.617,0,1104.669,0,8.973,987,1323,0.620,1.310,1.060,0,0,0,0,0,18,287,0,31,0
15-06 01:11:33,33.823,8.017,56.873,0.501,0,5106340,468516,186988,2238980,5407.727,1862.038,1018.208,4.009,98.213,1.002,3674,2715,0.650,1.300,1.060,1,0,71.154,0,0,18,283,0,33,0
15-06 01:11:34,22.009,6.003,71.030,0,0,5046128,528716,186992,2239056,5142.163,2090.880,72.030,160.067,5.002,10.004,2483,2149,0.650,1.300,1.060,1,0,7.003,0,0,18,283,0,33,0
15-06 01:11:35,22.726,3.746,71.426,0.499,0,5097260,477444,186992,2239196,5226.577,1929.997,135.859,503.478,15.983,70.926,2493,2214,0.650,1.300,1.060,1,0,2.997,0,0,18,283,0,33,0
15-06 01:11:36,23.024,5.756,69.572,0.250,0,5177416,396184,187000,2240312,5182.359,1621.677,196.203,5049.221,16.017,680.704,3947,5872,0.650,1.300,1.060,5,0,17.018,0,0,18,287,0,35,0
15-06 01:11:37,22.535,5.509,70.861,0.250,0,5225864,347720,187000,2240328,5528.652,1622.539,0,256.401,0,35.055,2561,2480,0.650,1.300,1.060,2,0,4.006,0,0,18,287,0,35,0
15-06 01:11:38,13.942,1.743,82.654,0,0,5246340,327056,187000,2240516,5873.388,1758.630,0,115.516,0,9.958,1768,1591,0.680,1.300,1.060,0,0,0.996,0,0,18,287,0,35,0
15-06 01:11:39,1.251,0.751,97.351,0,0,5246564,326832,187000,2240516,5105.306,1663.729,0,128.133,0,8.008,897,1277,0.680,1.300,1.060,0,0,0,0,0,18,287,0,35,0
15-06 01:11:40,0.501,0.501,97.850,0.250,0,5246564,326832,187000,2240516,5465.564,1621.651,0,336.342,0,23.023,929,1358,0.680,1.300,1.060,2,0,0,0,0,18,287,0,35,0
15-06 01:11:41,1.495,0.997,96.442,0,0,5246564,326832,187000,2240516,4741.881,1614.851,0,187.402,0,1.994,996,1316,0.680,1.300,1.060,1,0,0,0,0,18,287,0,35,0
15-06 01:11:42,1.253,0.752,96.706,0,0,5242152,331192,187000,2240568,5068.797,1461.112,4.009,4.009,1.002,1.002,1020,1384,0.680,1.300,1.060,0,0,0,0,0,18,287,0,35,0
15-06 01:11:43,1.001,0.500,97.303,0,0,5238136,335208,187000,2240568,4802.634,1710.938,0,0,0,0,981,1338,0.630,1.280,1.050,1,0,0,0,0,18,287,0,35,0
15-06 01:11:44,1.503,0.751,96.681,0,0,5235048,338292,187000,2240572,5067.478,1460.732,0,124.232,0,10.019,1113,1560,0.630,1.280,1.050,0,0,0,0,0,18,287,0,35,0
15-06 01:11:45,1.245,0.498,96.384,0.249,0,5232140,341200,187000,2240572,4427.200,1398.692,0,330.745,0,29.887,1197,1854,0.630,1.280,1.050,0,0,0.996,0,0,18,287,0,35,0
15-06 01:11:46,1.252,0.501,97.187,0,0,5229816,343524,187000,2240572,4589.843,1276.459,0,52.100,0,6.012,1041,1383,0.630,1.280,1.050,0,0,0,0,0,18,287,0,35,0
15-06 01:11:47,1.500,1.000,96.281,0,0,5227432,345904,187004,2240572,4637.493,1296.417,0,140.045,0,19.006,1218,1754,0.630,1.280,1.050,0,0,0,0,0,18,287,0,35,0
15-06 01:11:48,1.499,0.500,97.159,0.250,0,5225228,348108,187004,2240572,3718.522,701.344,0,663.380,0,23.978,989,1407,0.580,1.250,1.050,0,0,0,0,0,18,287,0,35,0
15-06 01:11:49,1.001,0.501,97.353,0,0,5223356,349976,187004,2240576,4324.560,1621.710,0,0,0,0,898,1280,0.580,1.250,1.050,2,0,0,0,0,18,287,0,35,0
15-06 01:11:50,0.751,0.751,97.316,0,0,5221684,351648,187004,2240576,4593.114,1591.079,0,4.003,0,1.001,943,1334,0.580,1.250,1.050,4,0,2.001,0,0,18,287,0,35,0
15-06 01:11:51,1.999,1.499,95.713,0.250,0,5219544,353788,187004,2240576,4735.177,1589.388,0,139.946,0,15.994,1335,1828,0.580,1.250,1.050,1,0,3.998,0,0,18,287,0,35,0
15-06 01:11:52,2.001,0.500,96.056,0.250,0,5218472,354856,187004,2240580,4742.777,1620.949,0,292.171,0,26.015,1402,2015,0.580,1.250,1.050,0,0,0,0,0,18,287,0,35,0
15-06 01:11:53,1.250,0.500,97.269,0,0,5217952,355372,187004,2240584,4740.912,1752.337,0,4.001,0,1.000,948,1307,0.530,1.230,1.040,0,0,0,0,0,18,287,0,35,0
15-06 01:11:54,1.249,0.750,97.460,0,0,5217112,356212,187004,2240584,4927.957,1619.329,0,67.972,0,9.996,1096,1536,0.530,1.230,1.040,0,0,0,0,0,18,287,0,35,0
15-06 01:11:55,1.250,0.500,96.715,0.250,0,5217032,356288,187004,2240588,5098.172,1661.404,0,371.867,0,31.989,1329,2043,0.530,1.230,1.040,0,0,1.000,0,0,18,287,0,35,0
15-06 01:11:56,0.500,0.751,98.096,0,0,5217032,356288,187004,2240588,5920.770,1459.422,0,0,0,0,855,1271,0.530,1.230,1.040,0,0,0,0,0,18,287,0,29,0
15-06 01:11:57,2.989,1.245,94.658,0.249,0,5217028,356288,187004,2240592,6277.305,1614.164,0,1151.836,0,245.114,1518,1989,0.530,1.230,1.040,0,0,1.993,0,0,18,287,0,29,0
15-06 01:11:58,1.755,0.752,95.798,0.251,0,5217248,356036,187004,2240624,6500.241,1625.060,32.100,337.050,2.006,25.078,1269,1768,0.490,1.210,1.030,0,0,1.003,0,0,18,287,0,29,0
15-06 01:11:59,0.750,0.500,97.780,0,0,5217248,356036,187004,2240624,5419.671,1458.450,0,8.002,0,2.001,865,1261,0.490,1.210,1.030,0,0,0,0,0,18,287,0,29,0
15-06 01:12:00,2.248,0,96.654,0,0,5217488,355796,187004,2240624,4891.148,1294.716,0,99.901,0,9.990,1063,1450,0.490,1.210,1.030,0,0,0.999,0,0,18,287,0,22,0
15-06 01:12:01,3.002,2.001,94.812,0,0,5216272,356988,187004,2240648,4379.845,810.526,0,56.036,0,6.004,1355,1780,0.490,1.210,1.030,0,0,3.002,0,0,18,287,0,22,0
15-06 01:12:02,4.251,0.750,93.022,0.500,0,5216256,356988,187004,2240664,4653.108,1652.393,0,188.045,0,21.005,1624,2154,0.490,1.210,1.030,0,0,3.001,0,0,18,287,0,22,0
15-06 01:12:03,1.999,0.999,96.444,0,0,5216248,356988,187004,2240672,5033.099,1655.046,0,0,0,0,1209,1598,0.450,1.190,1.030,0,0,0,0,0,18,287,0,22,0
15-06 01:12:04,10.513,15.018,73.088,0,0,5239136,334080,187004,2240692,5258.314,1513.818,0,96.115,0,12.014,5236,4418,0.450,1.190,1.030,1,0,311.374,0,0,18,287,0,22,0
15-06 01:12:05,22.245,3.999,72.735,0,0,5309696,263520,187004,2240692,5003.937,1885.599,0,79.983,0,12.997,2302,2091,0.450,1.190,1.030,0,0,1.000,0,0,18,287,1,10,0
15-06 01:12:06,14.485,2.497,82.662,0,0,5309904,263268,187004,2240736,14547.581,11290.034,31.966,411.564,1.998,63.932,2861,3267,0.450,1.190,1.030,1,0,0,0,0,18,288,0,12,0
15-06 01:12:07,29.694,5.989,60.885,0.998,0,5332864,239860,187004,2241184,6976.816,2796.715,235.555,2603.081,13.974,413.219,6386,8538,0.450,1.190,1.030,2,0,3.992,0,0,18,287,0,13,0
15-06 01:12:08,37.628,8.780,53.432,0,0,5392060,180496,187012,2241344,13316.344,10369.309,148.506,369.257,8.027,22.075,3291,2261,0.570,1.210,1.030,2,0,27.092,0,0,18,288,0,14,0
15-06 01:12:09,29.032,5.955,64.020,0,0,5392204,180292,187012,2241404,34528.227,30201.653,11.911,218.363,1.985,10.918,3725,3614,0.570,1.210,1.030,0,0,34.740,0,0,18,289,0,18,0
15-06 01:12:10,1.005,1.005,97.714,0,0,5389912,182584,187012,2241404,4881.156,1627.722,0,140.667,0,8.038,956,1408,0.570,1.210,1.030,2,0,0,0,0,18,289,0,18,0
15-06 01:12:11,1.001,0,98.088,0,0,5387072,185424,187012,2241404,4701.235,1663.499,0,4.004,0,1.001,906,1315,0.570,1.210,1.030,0,0,0,0,0,18,289,0,18,0
15-06 01:12:12,0.749,0.999,96.183,0.749,0,5382480,190012,187016,2241404,4926.550,1618.866,0,2917.957,0,181.873,1453,2356,0.570,1.210,1.030,0,0,0,0,0,18,289,0,18,0
15-06 01:12:13,1.001,0.500,97.308,0,0,5375212,197280,187016,2241404,4248.552,1566.941,0,148.089,0,14.008,935,1379,0.530,1.190,1.030,0,0,0,0,0,18,289,0,18,0
15-06 01:12:14,1.502,0.751,96.385,0,0,5369096,203396,187016,2241404,4538.355,1514.120,0,128.179,0,18.025,1130,1611,0.530,1.190,1.030,1,0,0,0,0,18,289,0,18,0
15-06 01:12:15,3.238,0.747,93.168,0.996,0,5365020,207412,187016,2241464,4828.810,1560.445,51.816,3092.989,5.979,163.418,1892,2935,0.530,1.190,1.030,0,0,0.996,0,0,18,291,0,18,0
15-06 01:12:16,1.504,0.752,97.239,0,0,5361464,210968,187016,2241464,5271.937,1515.720,0,108.266,0,8.020,921,1308,0.530,1.190,1.030,0,0,0,0,0,18,291,0,18,0
15-06 01:12:17,1.996,0.998,95.290,0.249,0.249,5356144,216256,187016,2241496,5489.873,1562.548,15.965,347.233,0.998,48.892,1384,2171,0.530,1.190,1.030,1,0,0.998,0,0,18,291,0,18,0
15-06 01:12:18,1.253,1.003,97.255,0.251,0,5352188,220212,187016,2241496,4046.601,757.986,0,581.523,0,37.097,1030,1494,0.480,1.170,1.020,0,0,0,0,0,18,291,0,18,0
15-06 01:12:19,1.499,0.250,96.964,0,0,5348692,223700,187016,2241504,4820.218,1241.541,0,231.914,0,9.996,1012,1385,0.480,1.170,1.020,0,0,0,0,0,18,291,0,18,0
15-06 01:12:20,0.997,0.499,97.001,0,0,5346272,226116,187016,2241508,5130.842,1639.795,0,43.887,0,3.990,883,1296,0.480,1.170,1.020,0,0,0,0,0,18,291,0,18,0
15-06 01:12:21,1.001,0.751,97.102,0.250,0,5344436,227952,187016,2241508,5392.692,1591.680,0,88.093,0,12.013,1139,1677,0.480,1.170,1.020,0,0,0,0,0,18,291,0,18,0
15-06 01:12:22,1.754,1.002,96.470,0,0,5343176,229212,187016,2241508,5097.622,1569.578,0,2012.588,0,370.845,1294,1859,0.480,1.170,1.020,0,0,0,0,0,18,291,0,18,0
15-06 01:12:23,1.000,0.750,97.237,0,0,5341856,230524,187016,2241516,7051.087,2276.705,0,7.999,0,1.000,953,1280,0.450,1.150,1.020,0,0,0,0,0,18,291,0,18,0
15-06 01:12:24,2.997,0,95.909,0,0,5340468,231908,187016,2241520,7919.460,2175.928,0,87.916,0,9.990,1288,1596,0.450,1.150,1.020,0,0,0,0,0,18,291,0,18,0
15-06 01:12:25,2.001,1.000,94.797,0.250,0,5339220,233156,187016,2241520,4294.109,1512.743,0,448.220,0,46.023,1528,2428,0.450,1.150,1.020,0,0,1.000,0,0,18,291,0,18,0
15-06 01:12:26,0.500,0.250,97.810,0,0,5338212,234164,187016,2241520,4880.017,1621.002,0,0,0,0,927,1315,0.450,1.150,1.020,2,0,0,0,0,18,291,0,18,0
15-06 01:12:27,1.748,0.999,96.380,0.250,0,5338208,234164,187016,2241524,5153.581,1617.985,0,147.816,0,22.971,1328,2040,0.450,1.150,1.020,0,0,0,0,0,18,291,0,18,0
15-06 01:12:28,1.251,0.500,97.084,0.250,0,5338204,234164,187016,2241528,4503.875,1621.395,0,724.623,0,49.042,1037,1511,0.410,1.130,1.010,0,0,0,0,0,18,291,0,18,0
15-06 01:12:29,6.249,3.499,88.982,0,0,5324928,247440,187016,2241528,4425.115,1607.678,0,3.999,0,1.000,2401,13198,0.410,1.130,1.010,0,0,35.993,0,0,18,291,0,18,0
15-06 01:12:30,1.250,0.250,97.516,0,0,5324928,247440,187016,2241528,4444.742,1404.234,0,536.089,0,117.020,962,1370,0.410,1.130,1.010,0,0,2.000,0,0,18,291,0,18,0
15-06 01:12:31,2.500,1.000,95.986,0,0,5325168,247188,187016,2241540,9378.681,1970.723,0,63.991,0,6.999,1162,1483,0.410,1.130,1.010,0,0,0,0,0,18,291,0,18,0
15-06 01:12:32,1.249,0.499,96.652,0,0,5325168,247188,187016,2241540,4721.213,1564.414,0,59.939,0,5.994,1019,1386,0.410,1.130,1.010,0,0,0,0,0,18,291,0,18,0
15-06 01:12:33,1.249,0.500,97.413,0,0,5325168,247188,187016,2241540,4527.962,1510.653,0,0,0,0,883,1275,0.380,1.110,1,0,0,0,0,0,18,291,0,16,0
15-06 01:12:34,1.502,0.501,96.896,0.250,0,5325160,247188,187016,2241548,4913.407,1568.364,0,76.115,0,9.014,1014,1446,0.380,1.110,1,0,0,0,0,0,18,291,0,16,0
15-06 01:12:35,2.247,0.999,95.373,0.250,0,5325408,246940,187016,2241548,4895.501,1509.996,0,335.555,0,38.948,1571,2389,0.380,1.110,1,0,0,0.999,0,0,18,291,0,16,0
15-06 01:12:36,1.752,1.001,96.362,0.250,0,5325404,246940,187016,2241552,5120.978,1699.985,0,84.098,0,12.014,1229,1787,0.380,1.110,1,0,0,2.002,0,0,18,291,0,16,0
15-06 01:12:37,2.000,0.750,95.498,0,0,5325400,246940,187016,2241560,6391.863,1651.965,0,655.986,0,98.998,1645,2544,0.380,1.110,1,0,0,0,0,0,18,291,0,14,0
15-06 01:12:38,1.250,0.500,97.001,0.250,0,5325400,246940,187016,2241560,6198.084,1500.020,0,108.001,0,8.000,1027,1407,0.350,1.090,1,0,0,0,0,0,18,291,0,14,0
15-06 01:12:39,1.249,0.999,96.900,0,0,5326156,246184,187016,2241560,5386.466,1630.325,0,103.893,0,6.993,1013,1350,0.350,1.090,1,2,0,3.996,0,0,18,291,0,14,0
15-06 01:12:40,2.003,1.001,95.882,0,0,5327160,245176,187016,2241564,4778.565,1514.080,0,580.798,0,39.054,1263,1663,0.350,1.090,1,0,0,14.019,0,0,18,291,0,14,0
15-06 01:12:41,0.500,0.750,97.225,0,0,5327160,245176,187016,2241564,5055.697,1619.583,0,3.999,0,1.000,879,1267,0.350,1.090,1,0,0,0,0,0,18,291,0,14,0
15-06 01:12:42,1.251,0.751,97.331,0,0,5327124,245176,187016,2241600,4429.674,1567.300,0,32.027,0,4.003,982,1309,0.350,1.090,1,0,0,0,0,0,18,291,0,14,0
15-06 01:12:43,0.748,0,97.531,0,0,5327124,245176,187016,2241600,4130.717,1616.368,0,758.296,0,167.623,930,1284,0.320,1.070,0.990,0,0,0,0,0,18,291,0,14,0
15-06 01:12:44,1.752,0.751,97.388,0,0,5327124,245176,187016,2241600,5047.150,1622.298,0,100.142,0,9.013,1069,1480,0.320,1.070,0.990,0,0,0,0,0,18,291,0,14,0
15-06 01:12:45,2.000,1.000,95.500,0.500,0,5327120,245176,187016,2241604,4965.982,1565.994,0,331.999,0,38.000,1604,2452,0.320,1.070,0.990,0,0,1.000,0,0,18,291,0,14,0
15-06 01:12:46,1.498,0.499,96.110,0,0,5327120,245176,187016,2241604,5101.545,1629.618,0,127.813,0,17.974,1259,1809,0.320,1.070,0.990,1,0,0,0,0,18,291,0,14,0
15-06 01:12:47,2.505,1.252,96.183,0.250,0,5327108,245176,187016,2241616,4714.985,1568.990,0,352.672,0,42.080,1316,1941,0.320,1.070,0.990,1,0,0,0,0,18,291,0,14,0
15-06 01:12:48,1.250,0.500,97.255,0.250,0,5327108,245176,187016,2241616,3260.155,540.026,0,108.005,0,8.000,922,1319,0.370,1.070,0.990,1,0,0,0,0,18,291,0,14,0
15-06 01:12:49,0.500,0.250,97.768,0,0,5327108,245176,187016,2241616,4338.816,1458.274,0,104.020,0,7.001,899,1300,0.370,1.070,0.990,0,0,0,0,0,18,291,0,14,0
15-06 01:12:50,1.250,0.500,97.023,0.250,0,5327108,245176,187016,2241616,4052.976,1512.364,0,424.102,0,26.006,941,1385,0.370,1.070,0.990,3,0,0,0,0,18,291,0,14,0
15-06 01:12:51,1.998,1.499,95.669,0,0,5327360,244924,187016,2241616,4870.853,1696.555,0,83.929,0,11.990,1315,1678,0.370,1.070,0.990,0,0,5.995,0,0,18,291,0,14,0
15-06 01:12:52,1.750,0.500,95.986,0.250,0,5327344,244924,187016,2241632,4397.347,1457.784,0,275.959,0,23.996,1306,1836,0.370,1.070,0.990,0,0,0,0,0,18,291,0,14,0
15-06 01:12:53,0.750,0.750,97.685,0,0,5327344,244924,187016,2241632,4796.828,1618.930,0,3.997,0,0.999,922,1280,0.340,1.050,0.990,0,0,0,0,0,18,291,0,14,0
15-06 01:12:54,1.997,0.499,96.375,0,0,5327200,245068,187016,2241632,4697.916,1563.974,0,703.089,0,149.806,1197,1643,0.340,1.050,0.990,0,0,0,0,0,18,291,0,14,0
15-06 01:12:55,2.504,1.502,94.397,0.751,0,5327196,245068,187020,2241632,4825.499,1460.269,0,2447.804,0,143.223,1869,2983,0.340,1.050,0.990,0,0,1.002,0,0,18,291,0,14,0
15-06 01:12:56,1.499,0.749,96.672,0.250,0,5327196,245068,187020,2241632,6491.771,1618.696,0,331.733,0,29.976,1084,1494,0.340,1.050,0.990,0,0,0,0,0,18,291,0,14,0
15-06 01:12:57,1.252,0.501,96.157,0,0,5327188,245068,187020,2241640,5907.627,1460.380,0,116.189,0,12.020,1195,1720,0.340,1.050,0.990,0,0,0,0,0,18,291,0,14,0
15-06 01:12:58,1.248,0.749,97.594,0.250,0,5327188,245068,187020,2241640,6170.125,1617.411,0,303.514,0,21.965,1005,1422,0.310,1.030,0.980,0,0,0,0,0,18,291,0,14,0
15-06 01:12:59,1.001,0.250,97.394,0,0,5327188,245068,187020,2241640,5107.571,1622.405,0,4.006,0,1.001,887,1262,0.310,1.030,0.980,0,0,0,0,0,18,291,0,14,0
15-06 01:13:00,17.501,5.750,75.253,0,0,5356104,215836,187020,2241964,13326.461,9563.331,0,0,0,0,3068,3620,0.310,1.030,0.980,1,0,40.001,0,0,18,294,0,14,0
15-06 01:13:01,16.027,5.009,78.384,0,0,5338320,233596,187024,2241984,8176.007,4442.611,4.007,104.178,1.002,9.015,3287,3872,0.310,1.030,0.980,2,0,87.149,0,0,18,296,0,16,0
15-06 01:13:02,12.979,16.973,68.142,0,0,5357412,214144,187028,2242340,17471.335,2575.921,159.747,227.640,9.984,19.968,6285,6022,0.310,1.030,0.980,1,0,415.342,0,0,18,295,0,16,0
15-06 01:13:03,21.253,5.501,72.509,0,0,5420068,151396,187032,2242428,5470.714,1620.212,72.009,0,4.001,0,2001,1649,0.370,1.030,0.980,1,0,2.000,0,0,18,295,0,16,0
15-06 01:13:04,22.740,3.748,71.717,1.000,0,5444056,151172,185248,2220912,5529.478,1883.141,1031.530,2614.807,107.951,336.846,2594,2429,0.370,1.030,0.980,1,0,0,0,0,18,293,0,16,2
15-06 01:13:05,22.505,3.501,70.764,1.750,0.250,5415796,174160,185388,2225884,5179.059,1542.315,2404.492,1092.223,216.044,56.011,2999,3225,0.370,1.030,0.980,1,0,4.001,0,0,18,293,0,16,2
15-06 01:13:06,24.022,4.504,69.313,0.250,0,5459600,165220,183428,2193188,5786.269,1715.562,16.015,588.536,1.001,52.047,4119,5290,0.370,1.030,0.980,1,0,0,0,0,18,294,0,16,2
15-06 01:13:07,25.015,3.502,68.790,0.500,0,5465376,159172,183448,2193440,4880.848,1500.876,16.009,1733.011,3.002,182.106,6005,8291,0.370,1.030,0.980,1,0,0,0,0,18,297,0,18,2
15-06 01:13:08,21.718,3.994,71.894,1.747,0,5479336,144080,183492,2194544,6130.923,2565.202,990.534,1357.990,63.905,193.713,4622,6503,0.420,1.030,0.980,0,0,0.999,0,0,18,298,0,21,2
15-06 01:13:09,9.493,1.998,86.183,0.749,0,5479672,143352,183504,2194924,5624.609,2344.170,175.863,775.395,9.992,105.917,2792,3843,0.420,1.030,0.980,4,0,0,0,0,18,298,0,22,2
15-06 01:13:10,1.496,0.997,95.749,0.249,0,5479648,143352,183516,2194936,4607.913,1615.762,0,825.834,0,66.825,1376,2095,0.420,1.030,0.980,0,0,0,0,0,18,299,0,9,2
15-06 01:13:11,6.763,1.252,90.173,0.751,0,5483120,139824,183516,2194992,5761.083,1924.703,16.031,897.727,1.002,96.185,2404,3263,0.420,1.030,0.980,0,0,0,0,0,18,298,0,10,2
15-06 01:13:12,8.513,1.502,87.887,0.751,0,5483572,139096,183544,2195240,11726.239,3357.222,64.100,1189.851,4.006,125.195,2993,4126,0.420,1.030,0.980,0,0,0,0,0,18,298,0,10,2
15-06 01:13:13,18.191,3.987,73.761,1.246,0,5484060,138340,183568,2195484,4650.930,1560.942,143.535,1846.019,14.952,231.251,5719,8241,0.470,1.030,0.980,8,0,0,0,0,18,301,0,11,2
15-06 01:13:14,25.322,5.766,65.687,1.755,0,5485656,136336,183624,2195836,4230.048,1462.165,16.046,6843.492,1.003,519.480,8343,12936,0.470,1.030,0.980,2,0,1.003,0,0,18,301,0,15,2
15-06 01:13:15,17.996,3.749,75.233,1.250,0,5488016,133816,183660,2195960,5838.676,2563.419,15.996,2455.443,1.000,260.941,5237,7552,0.470,1.030,0.980,0,0,1.000,0,0,18,302,0,18,2
15-06 01:13:16,8.254,2.001,88.794,1.000,0,5488072,133564,183692,2196124,5914.932,2084.033,0,1420.704,0,108.054,2541,3463,0.470,1.030,0.980,4,1,0,0,0,18,302,0,18,2
15-06 01:13:17,10.505,1.751,84.292,0.750,0,5487964,133564,183720,2196204,11252.633,3064.534,0,1656.829,0,176.088,4123,6128,0.470,1.030,0.980,1,0,0,0,0,18,303,0,18,2
15-06 01:13:18,24.011,4.752,67.532,1.501,0.250,5485712,135428,183752,2196560,5102.411,1620.766,0,2597.227,0,295.139,7867,11608,0.510,1.030,0.980,2,0,0,0,0,18,303,0,18,2
15-06 01:13:19,17.750,4.500,74.002,2.000,0,5486876,133944,183812,2196820,6462.132,2454.050,0,7756.159,0,579.012,6622,10153,0.510,1.030,0.980,0,0,0,0,0,18,300,0,20,2
15-06 01:13:20,11.498,2.250,83.983,1.250,0,5478476,142260,183820,2196896,5512.898,2440.512,0,7150.570,0,851.830,3597,4488,0.510,1.030,0.980,0,0,0,0,0,18,300,0,22,2
15-06 01:13:21,5.747,1.749,90.956,0.500,0,5478428,142268,183844,2196912,6142.000,1685.177,0,1607.215,0,67.967,2262,3125,0.510,1.030,0.980,3,0,0,0,0,18,301,0,22,2
15-06 01:13:22,9.000,2.250,87.253,0.500,0,5478460,142016,183852,2197124,6020.177,2561.075,0,1364.040,0,162.005,3119,4694,0.510,1.030,0.980,0,0,0,0,0,18,300,0,23,2
15-06 01:13:23,17.745,2.999,76.729,0.750,0,5479816,140252,183860,2197524,13450.243,4049.869,147.959,1143.681,7.998,126.965,4365,5488,0.710,1.060,1,0,0,1.000,0,0,18,300,0,24,2
15-06 01:13:24,7.233,1.247,88.789,0.748,0,5480008,140012,183864,2197568,13768.327,3942.644,0,1149.273,0,138.671,2779,3903,0.710,1.060,1,0,0,0,0,0,18,300,0,24,2
15-06 01:13:25,7.997,1.500,87.472,1.250,0,5480228,139764,183868,2197592,7046.724,2387.229,0,1275.588,0,147.952,3044,4451,0.710,1.060,1,0,0,1.000,0,0,18,300,0,24,2
15-06 01:13:26,4.506,1.502,91.619,0.250,0,5480440,139512,183872,2197628,10711.946,2599.384,0,660.860,0,58.076,2229,3091,0.710,1.060,1,2,0,0,0,0,18,301,0,24,2
15-06 01:13:27,25.037,4.757,65.848,1.753,0,5480864,138756,183932,2197900,4584.845,1460.180,0,2547.804,0,329.492,7954,11931,0.710,1.060,1,3,0,0,0,0,18,301,0,25,2
15-06 01:13:28,24.771,5.004,66.057,1.752,0,5482272,136992,183968,2198220,4924.242,1621.397,0,7822.740,0,547.472,8124,12249,0.650,1.040,0.990,1,0,0,0,0,18,301,0,26,2
15-06 01:13:29,29.482,8.745,58.463,1.499,0,5500332,182676,180560,2140176,4575.131,1457.086,31.980,2574.386,2.998,292.816,8464,16179,0.650,1.040,0.990,1,0,35.977,0,0,18,301,0,28,2
15-06 01:13:30,14.994,3.998,77.967,0.500,0,5500620,182172,180572,2140380,4678.031,1619.318,0,995.581,0,87.963,4953,7060,0.650,1.040,0.990,0,0,0,0,0,18,301,0,28,2
15-06 01:13:31,4.742,0.998,92.347,0.250,0,5500844,181920,180572,2140408,10658.332,2830.308,0,515.146,0,29.950,1846,2122,0.650,1.040,0.990,0,0,0.998,0,0,18,302,0,27,2
15-06 01:13:32,4.256,0.751,93.637,0,0,5500952,181768,180572,2140452,4927.188,1622.367,0,813.186,0,20.029,1511,1752,0.650,1.040,0.990,0,0,0,0,0,18,302,0,27,2
15-06 01:13:33,18.032,4.257,74.631,1.252,0,5499936,182664,180604,2140540,4345.613,1460.559,0,1787.131,0,233.409,5824,8631,0.680,1.040,0.990,1,1,0,0,0,18,302,0,27,2
15-06 01:13:34,25.720,5.244,65.673,1.498,0,5499632,182604,180664,2140844,5273.814,1618.102,0,2560.996,0,313.632,7967,11800,0.680,1.040,0.990,1,0,0,0,0,18,302,0,29,2
15-06 01:13:35,24.494,3.999,68.233,1.000,0,5500028,181880,180676,2141160,4858.785,1619.595,79.980,1783.554,4.999,178.955,6339,9140,0.680,1.040,0.990,1,0,1.000,0,0,18,302,0,29,2
15-06 01:13:36,5.495,1.998,88.917,1.748,0,5500004,181628,180704,2141408,5292.084,1618.497,207.807,7768.783,11.989,526.511,3379,5519,0.680,1.040,0.990,0,0,1.998,0,0,18,301,0,29,2
15-06 01:13:37,15.245,1.999,79.975,1.250,0,5500388,181124,180728,2141504,6979.825,2586.194,0,1595.503,0,222.931,3939,6069,0.680,1.040,0.990,0,0,0,0,0,18,301,0,32,2
15-06 01:13:38,8.757,2.252,87.323,0.751,0,5500636,180620,180744,2141744,8197.840,2533.114,64.053,6189.164,4.003,215.180,2896,4059,0.710,1.040,0.990,0,0,0,0,0,18,301,0,34,2
15-06 01:13:39,4.751,1.250,92.025,0.250,0,5500844,180368,180748,2141784,5659.557,1458.401,0,556.153,0,59.016,1905,2758,0.710,1.040,0.990,0,0,0,0,0,18,302,0,34,2
15-06 01:13:40,12.748,2.000,82.490,1.250,0,5504460,176580,180752,2141952,4865.395,2336.709,0,515.936,0,64.992,3026,3818,0.710,1.040,0.990,0,0,0,0,0,18,301,0,38,2
15-06 01:13:41,6.753,1.751,90.287,0.500,0,5499804,181208,180760,2141972,6296.584,1524.626,0,7006.876,0,868.356,2494,2835,0.710,1.040,0.990,1,0,0,0,0,18,300,0,41,2
15-06 01:13:42,12.500,2.250,81.749,0.500,0,5500628,180368,180776,2141972,11931.859,3459.959,0,1095.987,0,146.998,3409,4716,0.710,1.040,0.990,0,0,0,0,0,18,301,0,43,2
15-06 01:13:43,9.490,1.249,86.655,0.999,0,5500688,180116,180788,2142152,5307.181,2058.743,0,1290.585,0,136.850,2700,3873,0.810,1.060,1,0,0,0,0,0,18,301,0,44,2
15-06 01:13:44,11.989,2.248,82.922,0.749,0,5500748,179864,180788,2142344,7867.597,2845.323,0,1482.605,0,178.832,3322,4496,0.810,1.060,1,0,0,0,0,0,18,301,0,46,2
15-06 01:13:45,7.987,1.997,86.857,1.747,0,5501456,179136,180796,2142356,7652.382,2066.593,15.974,6449.366,0.998,432.287,3400,5135,0.810,1.060,1,2,0,0.998,0,0,18,302,0,47,2
15-06 01:13:46,5.768,1.756,91.292,0.251,0,5501564,178884,180796,2142500,5037.137,1528.898,0,778.494,0,92.296,2361,3316,0.810,1.060,1,0,0,0,0,0,18,301,0,48,2
15-06 01:13:47,14.744,2.499,78.968,1.499,0,5502336,177876,180812,2142720,6057.526,2583.944,0,1491.391,0,203.917,3879,5612,0.810,1.060,1,0,0,0,0,0,18,301,0,52,2
15-06 01:13:48,13.972,2.495,81.838,0.749,0,5503268,176868,180816,2142792,4341.423,2394.270,0,862.296,0,107.787,3234,4311,0.830,1.060,1,0,0,0,0,0,18,301,0,56,2
15-06 01:13:49,4.765,0.752,92.790,0.251,0,5503248,176868,180820,2142808,5202.239,1528.772,0,722.255,0,62.194,1684,2379,0.830,1.060,1,2,0,0,0,0,18,302,0,57,2
15-06 01:13:50,3.497,0.749,93.659,0,0,5503224,176868,180824,2142828,4573.548,1456.582,0,819.202,0,69.932,1603,2437,0.830,1.060,1,2,0,0,0,0,18,301,0,57,2
15-06 01:13:51,5.735,2.244,90.013,0.748,0,5505696,174360,180832,2142856,4684.659,1615.744,0,634.329,0,61.837,2110,2840,0.830,1.060,1,0,0,5.984,0,0,18,301,0,57,2
15-06 01:13:52,5.269,1.254,92.074,0.251,0,5505664,174360,180836,2142884,4877.188,1625.729,0,678.391,0,67.237,2052,2950,0.830,1.060,1,0,0,0,0,0,18,301,0,57,2
15-06 01:13:53,4.750,1.250,92.750,0.500,0,5505540,174324,180840,2143040,4740.022,1620.008,0,1212.006,0,55.000,1894,2651,0.760,1.040,0.990,0,0,0,0,0,18,301,0,57,2
15-06 01:13:54,10.979,1.996,83.837,0.998,0,5505936,173860,180860,2143088,8020.406,3385.418,0,1277.516,0,179.651,3424,4858,0.760,1.040,0.990,1,0,0,0,0,18,301,0,59,2
15-06 01:13:55,10.521,2.004,85.922,0.501,0,5505872,173860,180868,2143144,7070.144,2322.647,0,1106.213,0,112.225,2862,4002,0.760,1.040,0.990,4,0,1.002,0,0,18,301,0,61,2
15-06 01:13:56,4.747,1.249,91.440,1.499,0,5505804,173860,180892,2143188,5491.397,1523.001,0,6667.625,0,454.702,2929,4878,0.760,1.040,0.990,0,0,0,0,0,18,301,0,61,2
15-06 01:13:57,16.253,2.750,78.014,1.000,0.250,5506248,173104,180980,2143412,11555.024,2465.432,0,1372.240,0,197.035,4232,5727,0.760,1.040,0.990,1,0,0,0,0,18,301,0,64,2
15-06 01:13:58,9.750,2.000,85.750,0.500,0,5506056,173104,181032,2143552,4463.981,323.999,0,1027.996,0,114.999,3280,4513,0.780,1.040,0.990,0,0,0,0,0,18,301,0,64,2
15-06 01:13:59,8.502,2.000,87.770,0.750,0,5505956,173104,181060,2143624,4375.010,1134.262,16.004,980.226,1.000,119.027,2381,3401,0.780,1.040,0.990,2,0,0,0,0,18,300,0,66,2
15-06 01:14:00,7.491,0.999,89.647,0.250,0,5506152,172852,181064,2143676,5621.561,2420.228,0,719.176,0,74.914,2236,3181,0.780,1.040,0.990,0,0,0,0,0,18,301,0,67,2
15-06 01:14:01,10.498,3.000,83.988,1.000,0,5509396,169376,181096,2143876,6467.046,2486.633,0,1171.827,0,140.979,3283,4449,0.780,1.040,0.990,0,0,3.000,0,0,18,301,0,68,2
15-06 01:14:02,13.001,2.500,82.256,1.000,0,5509352,169300,181144,2143948,5679.445,1987.156,0,5868.460,0,745.058,3646,4812,0.780,1.040,0.990,0,0,2.000,0,0,18,301,0,73,2
15-06 01:14:03,9.771,1.754,86.436,0.251,0,5510292,168292,181160,2144000,4855.447,1275.745,0,1222.631,0,80.172,2599,3442,0.720,1.020,0.990,1,1,1.002,0,0,18,301,0,73,2
15-06 01:14:04,6.491,1.498,89.629,0.749,0,5510204,168292,181212,2144036,9669.939,2076.196,0,1322.214,0,158.786,2694,3943,0.720,1.020,0.990,2,1,0,0,0,18,301,0,73,3
15-06 01:14:05,25.279,4.755,65.325,2.253,0,5510092,167788,181432,2144432,3457.971,594.683,32.037,3780.341,2.002,483.555,8797,13767,0.720,1.020,0.990,1,0,1.001,0,0,18,302,0,74,2
15-06 01:14:06,24.900,4.980,65.986,1.992,0,5511024,166276,181672,2144772,5311.714,1599.590,31.872,8669.260,0.996,595.613,8511,13575,0.720,1.020,0.990,1,0,0,0,0,18,302,0,75,2
15-06 01:14:07,13.547,3.512,80.279,1.254,0,5511628,165520,181740,2144856,4923.103,1571.459,0,2023.028,0,203.708,4682,6826,0.720,1.020,0.990,1,0,0,0,0,18,301,0,73,2
15-06 01:14:08,13.497,2.500,81.235,1.000,0,5511552,165268,181804,2145120,6378.809,2588.517,31.994,2879.462,2.000,238.955,3858,5446,0.820,1.040,0.990,0,0,1.000,0,0,18,301,0,78,2
15-06 01:14:09,5.748,1.500,90.975,0.750,0,5511532,165268,181824,2145120,4558.723,1619.547,0,1923.461,0,158.955,1972,2993,0.820,1.040,0.990,3,0,0,0,0,18,302,0,79,2
15-06 01:14:10,2.999,0.750,93.980,0.500,0,5511484,165268,181828,2145164,5701.813,2402.500,0,915.809,0,83.983,1749,2626,0.820,1.040,0.990,0,0,0,0,0,18,301,0,80,2
15-06 01:14:11,11.753,2.501,84.022,1.250,0,5511204,165268,181848,2145424,5735.469,2083.534,16.004,1808.463,1.000,201.051,3861,5636,0.820,1.040,0.990,0,0,0,0,0,18,301,0,76,2
15-06 01:14:12,11.248,2.250,82.734,1.500,0,5511340,165016,181904,2145484,11373.846,3459.345,0,6698.731,0,467.911,3832,5875,0.820,1.040,0.990,0,0,0,0,0,18,301,0,78,2
15-06 01:14:13,9.004,2.001,86.538,0.750,0,5511412,164764,181968,2145600,4081.811,1620.719,32.014,1488.660,1.000,137.061,3307,5045,0.750,1.020,0.990,1,0,0,0,0,18,302,0,79,2
15-06 01:14:14,25.769,5.504,65.298,2.001,0,5511196,164512,182128,2145908,4623.392,1621.190,0,2894.123,0,379.278,8625,13664,0.750,1.020,0.990,1,0,1.001,0,0,18,302,0,81,2
15-06 01:14:15,23.949,4.491,67.358,1.247,0,5512624,162752,182184,2146184,4596.280,1562.695,0,3017.619,0,276.415,7788,11568,0.750,1.020,0.990,3,0,0.998,0,0,18,302,0,81,2
15-06 01:14:16,23.538,6.010,67.108,1.753,0,5512572,162248,182396,2146528,4352.013,1189.918,0,3677.927,0,441.712,8340,13149,0.750,1.020,0.990,1,1,0,0,0,18,302,0,74,2
15-06 01:14:17,24.272,5.005,66.060,2.252,0,5511984,162604,182500,2146656,3759.423,876.798,0,13688.462,0,1362.240,8714,12780,0.750,1.020,0.990,3,0,0,0,0,18,301,0,75,2
15-06 01:14:18,24.700,4.241,67.864,1.247,0,5512612,161596,182576,2146960,4882.202,1508.972,0,1880.226,0,206.585,7220,10177,0.770,1.020,0.990,2,0,0,0,0,18,302,0,76,2
15-06 01:14:19,24.757,5.502,64.768,2.251,0,5512696,161092,182700,2147256,5027.421,1566.443,0,3344.945,0,415.117,8104,12537,0.770,1.020,0.990,1,0,0,0,0,18,302,0,77,2
15-06 01:14:20,24.005,5.251,66.764,2.000,0,5514072,159328,182816,2147528,4773.015,1512.321,0,7041.497,0,483.103,8310,12530,0.770,1.020,0.990,2,0,0,0,0,18,303,0,75,2
15-06 01:14:21,8.226,1.496,87.243,0.748,0,5513964,159328,182856,2147596,4968.375,1561.404,0,1910.377,0,170.498,3332,4952,0.770,1.020,0.990,0,0,0,0,0,18,301,0,75,2
15-06 01:14:22,6.016,1.755,90.993,0.752,0,5514408,158824,182876,2147636,4604.282,1516.044,0,906.418,0,96.257,2444,3652,0.770,1.020,0.990,0,0,0,0,0,18,301,0,75,2
15-06 01:14:23,14.003,3.001,80.016,1.000,0.250,5514656,158320,182912,2147856,8043.609,3289.658,0,1552.311,0,201.040,3833,5523,1.030,1.070,1.010,1,0,0,0,0,18,301,0,79,2
15-06 01:14:24,9.248,1.750,87.729,0.250,0,5514876,158068,182924,2147876,7579.225,1691.604,0,667.844,0,39.991,2254,2627,1.030,1.070,1.010,0,0,0,0,0,18,302,0,78,2
15-06 01:14:25,11.755,1.501,84.038,1.000,0.250,5514980,157816,182980,2147968,11439.111,3353.498,0,1776.794,0,199.089,3587,5358,1.030,1.070,1.010,0,0,1.000,0,0,18,301,0,82,2
15-06 01:14:26,7.497,1.499,89.715,0.500,0,5515164,157564,183012,2148004,10132.031,2833.890,0,1135.555,0,100.960,2481,3259,1.030,1.070,1.010,0,0,0,0,0,18,301,0,83,2
15-06 01:14:27,10.735,1.997,82.887,1.748,0,5515352,157060,183080,2148252,4673.602,1617.785,0,5264.793,0,368.496,4021,5868,1.030,1.070,1.010,1,0,0,0,0,18,301,0,84,2
15-06 01:14:28,9.271,2.756,86.441,0.501,0,5515260,157060,183108,2148316,4389.723,1623.596,0,1439.188,0,148.329,2717,3946,0.950,1.050,1,2,0,0,0,0,18,302,0,85,2
15-06 01:14:29,11.498,4.499,83.237,0.500,0,5531712,172340,181440,2118440,5719.109,2576.599,0,1819.716,0,74.988,3261,8313,0.950,1.050,1,0,0,35.994,0,0,18,301,0,87,2
15-06 01:14:30,14.245,2.499,79.474,1.000,0,5536368,167452,181456,2118656,6077.976,2576.142,0,1391.537,0,162.946,3719,5181,0.950,1.050,1,1,0,0,0,0,18,301,0,92,2
15-06 01:14:31,8.492,2.248,87.921,0.500,0,5535068,168688,181484,2118692,10486.615,2832.465,0,983.120,0,95.914,2469,3245,0.950,1.050,1,0,0,0,0,0,18,301,0,93,2
15-06 01:14:32,8.249,1.500,89.240,0.250,0,5532880,170832,181496,2118724,5099.430,1619.819,0,815.909,0,75.992,2275,2993,0.950,1.050,1,0,0,0,0,0,18,301,0,92,2
15-06 01:14:33,4.244,0.749,93.124,0.250,0,5531020,172680,181496,2118736,4701.644,1456.032,0,435.411,0,25.965,1397,1830,0.870,1.030,0.990,2,0,0,0,0,18,300,0,96,2
15-06 01:14:34,15.028,2.505,79.150,1.252,0,5518716,184876,181516,2118824,13336.231,3930.436,0,1534.904,0,203.385,4025,5671,0.870,1.030,0.990,0,0,0,0,0,18,301,0,101,2
15-06 01:14:35,17.513,3.503,75.804,1.251,0,5520080,183236,181540,2119076,4643.338,1459.049,0,1765.269,0,212.153,5734,8406,0.870,1.030,0.990,6,0,1.001,0,0,18,302,0,102,2
15-06 01:14:36,25.001,5.750,64.252,2.000,0,5520360,182760,181580,2119232,5537.165,1620.048,0,3892.116,0,456.014,8304,12567,0.870,1.030,0.990,1,0,2.000,0,0,18,302,0,101,2
15-06 01:14:37,24.218,4.993,66.412,1.748,0,5521032,181752,181608,2119540,6189.815,1456.075,0,6383.559,0,492.349,7866,12148,0.870,1.030,0.990,2,0,0,0,0,18,302,0,105,2
15-06 01:14:38,4.251,1.500,92.528,1.000,0,5522428,180316,181620,2119568,6782.049,1662.502,0,9082.744,0,1024.309,2503,3501,0.800,1.020,0.990,0,0,0,0,0,18,301,0,105,2
15-06 01:14:39,14.993,2.999,79.213,1.000,0,5527944,174524,181656,2119808,7234.592,2418.860,15.992,1407.337,1.000,187.911,3790,5487,0.800,1.020,0.990,0,0,0,0,0,18,301,0,109,2
15-06 01:14:40,5.751,1.250,90.523,0.500,0,5527916,174524,181660,2119832,4939.255,1458.370,0,1496.380,0,111.028,1990,2751,0.800,1.020,0.990,0,0,0,0,0,18,302,0,104,2
15-06 01:14:41,13.260,2.752,82.310,0.751,0,5529608,172760,181676,2119888,11554.381,3901.830,0,1080.784,0,108.078,3205,4115,0.800,1.020,0.990,0,0,0,0,0,18,301,0,109,2
15-06 01:14:42,4.986,1.246,91.492,0.249,0,5529560,172760,181676,2119936,6326.140,1869.722,0,1184.656,0,92.738,1779,2431,0.800,1.020,0.990,0,0,0,0,0,18,301,0,111,2
15-06 01:14:43,10.039,1.757,86.589,0.251,0,5529400,172760,181676,2120096,4397.233,1626.374,0,694.723,0,54.212,2280,2838,0.740,1,0.980,2,0,0,0,0,18,300,0,117,2
15-06 01:14:44,7.499,1.250,88.237,1.000,0,5533132,168980,181680,2120140,11854.283,3529.489,0,1255.818,0,147.979,2689,3858,0.740,1,0.980,0,0,0,0,0,18,301,0,107,2
15-06 01:14:45,9.986,2.247,85.131,1.498,0,5535072,166716,181712,2120432,9448.827,3339.345,243.660,6255.279,4.993,367.488,3508,5104,0.740,1,0.980,0,0,0.999,0,0,18,301,0,109,2
15-06 01:14:46,6.502,2.000,89.022,0.750,0,5535248,166492,181724,2120468,12049.954,3063.751,0,1072.263,0,140.034,2691,3754,0.740,1,0.980,1,0,0,0,0,18,301,0,110,2
15-06 01:14:47,15.753,3.501,77.767,1.000,0,5535260,166240,181724,2120708,4827.029,1566.334,0,1696.362,0,207.044,5158,7455,0.740,1,0.980,2,1,0,0,0,18,302,0,111,2
15-06 01:14:48,25.252,5.000,65.505,2.000,0,5535288,165988,181784,2120872,5192.420,1554.126,0,3108.251,0,387.031,7869,11761,0.760,1,0.980,3,0,0,0,0,18,302,0,100,2
15-06 01:14:49,23.513,4.753,68.037,1.001,0,5536516,164476,181808,2121128,4118.265,1296.713,0,2197.208,0,194.107,6855,9765,0.760,1,0.980,1,1,0,0,0,18,302,0,100,2
15-06 01:14:50,7.996,1.999,88.952,0.500,0,5536452,164476,181820,2121180,3725.991,767.586,0,1523.179,0,140.924,2952,4422,0.760,1,0.980,0,0,0,0,0,18,301,0,101,2
15-06 01:14:51,11.752,3.501,82.012,1.000,0,5537736,162968,181828,2121396,10585.552,2943.432,0,1652.242,0,154.023,4029,5259,0.760,1,0.980,0,0,6.001,0,0,18,301,0,104,2
15-06 01:14:52,12.267,3.004,82.113,1.001,0,5537656,162968,181836,2121468,4538.267,1514.091,0,1494.063,0,154.213,4528,6394,0.760,1,0.980,2,0,0,0,0,18,303,0,103,2
15-06 01:14:53,26.756,5.251,63.264,2.501,0,5537996,162000,181888,2122028,4667.048,1566.352,0,13947.131,0,1406.316,9243,14111,0.780,1,0.980,1,0,0,0,0,18,302,0,103,2
15-06 01:14:54,23.490,4.498,67.972,0.750,0,5539100,160488,181896,2122428,4530.107,1511.369,0,2802.829,0,209.912,7527,10603,0.780,1,0.980,1,0,0,0,0,18,303,0,106,2
15-06 01:14:55,13.992,3.748,79.203,1.499,0,5539004,160488,181904,2122516,5854.523,2443.549,0,2662.419,0,253.849,4739,6880,0.780,1,0.980,0,0,0.999,0,0,18,301,0,107,2
15-06 01:14:56,13.995,2.999,79.721,1.749,0,5539744,159492,181908,2122752,7192.401,2442.118,0,2451.114,0,254.908,4191,6064,0.780,1,0.980,0,0,0,0,0,18,301,0,109,2
15-06 01:14:57,10.003,2.751,85.272,0.750,0,5540448,158736,181916,2122796,6183.570,1620.411,0,1744.443,0,185.047,3247,4748,0.780,1,0.980,1,0,0,0,0,18,299,0,106,2
15-06 01:14:58,5.248,1.000,91.473,0.500,0,5540648,158484,181920,2122844,7355.869,2444.292,0,1311.620,0,111.968,2232,3313,0.720,0.980,0.980,1,0,0,0,0,18,302,0,106,2
15-06 01:14:59,12.014,2.753,81.095,1.752,0,5541996,156720,182120,2123060,5438.366,1960.295,0,7324.574,0,538.630,4458,7007,0.720,0.980,0.980,1,0,0,0,0,18,301,0,107,2
15-06 01:15:00,15.471,2.495,80.100,0.749,0,5542132,156468,182148,2123148,10779.750,3387.636,0,1201.742,0,98.814,3772,4592,0.720,0.980,0.980,1,0,0,0,0,18,301,0,108,2
15-06 01:15:01,9.986,3.245,84.632,0.250,0,5546548,151944,182164,2123240,6829.441,2080.089,31.955,914.720,1.997,77.891,2964,3859,0.720,0.980,0.980,2,0,5.992,0,0,18,301,0,101,2
15-06 01:15:02,7.013,2.004,88.659,0.501,0,5546296,151944,182240,2123416,12217.853,3014.392,0,965.727,0,100.179,2650,3507,0.720,0.980,0.980,1,0,2.004,0,0,18,302,0,103,2
15-06 01:15:03,9.744,1.499,85.443,1.249,0,5546348,151692,182372,2123484,12147.919,3457.700,0,1514.992,0,174.884,3459,4983,0.660,0.970,0.970,0,0,0.999,0,0,18,301,0,103,2
15-06 01:15:04,9.439,1.490,86.194,0.745,0,5546212,151692,182452,2123540,12580.812,3437.815,0,1446.664,0,163.942,3434,4843,0.660,0.970,0.970,0,1,0,0,0,18,301,0,103,2
15-06 01:15:05,17.136,4.032,75.600,1.260,0,5546264,151440,182540,2123652,5529.894,1632.962,0,2536.131,0,271.152,5986,9078,0.660,0.970,0.970,2,0,1.008,0,0,18,302,0,98,2
15-06 01:15:06,25.254,5.001,65.760,2.000,0,5546060,151188,182660,2123988,5481.818,1606.240,4.001,3848.574,1.000,402.060,8349,12686,0.660,0.970,0.970,1,0,0,0,0,18,302,0,99,2
15-06 01:15:07,24.732,5.746,66.202,1.249,0,5546160,150432,182756,2124544,4856.478,1618.826,95.930,5256.188,3.997,421.694,8221,12029,0.660,0.970,0.970,2,0,0,0,0,18,302,0,100,2
15-06 01:15:08,24.999,4.250,66.248,1.750,0,5546504,149676,182796,2124916,4285.886,1025.973,0,3283.912,0,294.992,7808,10873,0.690,0.970,0.970,2,0,0,0,0,18,303,0,100,2
15-06 01:15:09,24.751,6.000,64.753,2.250,0,5545724,150252,182844,2125072,5252.213,1512.061,0,10972.446,0,1337.054,8679,12593,0.690,0.970,0.970,1,0,0,0,0,18,302,0,93,2
15-06 01:15:10,23.462,4.493,68.138,0.749,0,5545936,149748,182892,2125316,4418.761,1563.439,0,3438.367,0,235.614,7178,10294,0.690,0.970,0.970,1,0,0,0,0,18,303,0,93,2
15-06 01:15:11,13.261,3.753,81.320,1.251,0,5546044,149500,182948,2125400,5894.067,2460.115,0,2454.110,0,254.219,4130,6030,0.690,0.970,0.970,0,0,0,0,0,18,301,0,94,2
15-06 01:15:12,7.006,1.501,88.320,1.251,0,5545980,149500,182968,2125444,4674.731,1424.137,0,2189.748,0,214.171,2833,4241,0.690,0.970,0.970,1,0,0,0,0,18,301,0,94,2
15-06 01:15:13,11.493,1.999,84.197,0.750,0,5546640,148744,182988,2125520,5933.249,2394.486,0,1742.898,0,168.893,3381,4706,0.790,0.990,0.980,0,0,0,0,0,18,301,0,89,2
15-06 01:15:14,5.756,1.752,89.099,1.251,0,5547348,147988,183004,2125552,4689.227,1803.010,0,6126.829,0,364.406,2674,4049,0.790,0.990,0.980,1,0,0,0,0,18,301,0,89,2
15-06 01:15:15,3.745,1.498,92.624,0.749,0,5547304,147988,183016,2125584,4966.267,928.741,0,1166.419,0,110.850,2126,3226,0.790,0.990,0.980,1,0,0.999,0,0,18,302,0,89,2
15-06 01:15:16,7.729,1.496,88.510,0.748,0,5547420,147736,183020,2125716,5189.954,1581.719,0,1276.545,0,141.617,2653,3887,0.790,0.990,0.980,1,0,0,0,0,18,301,0,89,2
15-06 01:15:17,8.275,2.006,88.773,0.752,0,5547364,147484,183028,2126016,5686.488,1722.297,0,1123.455,0,116.358,2616,3751,0.790,0.990,0.980,1,0,0,0,0,18,301,0,85,2
15-06 01:15:18,8.252,2.250,86.767,0.750,0,5547512,147232,183060,2126088,5884.171,2396.477,0,1316.262,0,148.029,2920,4144,1.050,1.040,1,1,0,0,0,0,18,301,0,85,2
15-06 01:15:19,7.256,1.251,89.325,1.001,0,5547440,147232,183088,2126132,5653.760,2084.755,0,1184.998,0,127.107,2605,3578,1.050,1.040,1,0,0,0,0,0,18,301,0,86,2
15-06 01:15:20,7.221,1.743,88.390,0.498,0,5547728,146728,183108,2126328,6418.821,2493.829,0,1207.077,0,133.456,2739,3783,1.050,1.040,1,1,0,0,0,0,18,301,0,87,2
15-06 01:15:21,3.263,1.255,93.870,0.251,0,5547712,146728,183120,2126332,5257.706,1626.405,0,1072.223,0,67.265,1779,2446,1.050,1.040,1,1,0,0,0,0,18,302,0,84,2
15-06 01:15:22,4.991,1.248,92.083,0.749,0,5547636,146728,183136,2126392,6229.717,2025.332,0,1098.011,0,102.814,2318,3344,1.050,1.040,1,2,0,0,0,0,18,301,0,84,2
15-06 01:15:23,11.258,2.752,83.561,0.751,0,5547764,146476,183152,2126500,8066.879,2850.077,0,1521.109,0,166.121,3669,5066,0.960,1.020,0.990,0,0,1.001,0,0,18,301,0,85,2
15-06 01:15:24,9.501,2.500,85.511,0.750,0,5547680,146372,183192,2126692,15204.982,3964.517,0,1464.191,0,164.021,3412,4598,0.960,1.020,0.990,1,0,2.000,0,0,18,301,0,85,2
15-06 01:15:25,13.007,3.502,78.794,2.251,0,5548104,145868,183232,2126732,3926.185,1242.691,0,6951.868,0,496.276,5459,8657,0.960,1.020,0.990,5,0,1.001,0,0,18,302,0,74,2
15-06 01:15:26,25.741,5.748,63.978,1.749,0,5547988,145616,183292,2127040,4597.404,1241.569,0,2847.012,0,348.879,8150,12018,0.960,1.020,0.990,1,0,1.000,0,0,18,302,0,75,2
15-06 01:15:27,23.940,4.988,67.332,0.748,0.249,5549336,144104,183316,2127180,4409.015,1077.316,0,1943.159,0,187.533,7338,10587,0.960,1.020,0.990,2,0,0,0,0,18,303,0,77,2
15-06 01:15:28,8.528,2.257,87.532,1.254,0,5549340,143852,183344,2127400,5042.266,1571.068,16.052,1625.243,1.003,164.531,2854,4310,0.890,1,0.990,1,0,0,0,0,18,301,0,78,2
15-06 01:15:29,20.010,9.005,67.534,1.501,0,5568340,145248,182056,2111448,4354.214,1512.769,16.008,8860.506,4.002,1146.583,6010,9932,0.890,1,0.990,1,0,36.018,0,0,18,301,0,77,2
15-06 01:15:30,10.246,3.749,83.468,0.750,0.250,5553636,159992,182064,2108788,4484.261,1565.393,3.998,1419.449,1.000,124.952,3154,5609,0.890,1,0.990,1,0,1.999,0,0,18,302,0,79,2
15-06 01:15:31,24.770,5.504,64.801,2.752,0,5545488,167804,182112,2109076,10878.594,2891.284,0,7874.220,0,643.508,8561,13149,0.890,1,0.990,5,0,0,0,0,18,302,0,79,2
15-06 01:15:32,23.977,4.995,67.187,1.499,0,5546136,166824,182152,2109368,4200.049,1132.934,0,3656.561,0,332.687,7766,11410,0.890,1,0.990,2,1,0,0,0,18,302,0,79,2
15-06 01:15:33,24.240,4.748,67.472,1.000,0,5547132,165568,182180,2109600,4382.166,1403.413,0,2526.943,0,235.901,7205,10281,0.980,1.020,0.990,1,0,0,0,0,18,302,0,71,2
15-06 01:15:34,24.775,4.755,65.316,2.252,0.250,5544764,167576,182224,2109916,4744.760,1621.627,0,3171.182,0,383.385,7877,11730,0.980,1.020,0.990,2,1,0,0,0,18,302,0,71,2
15-06 01:15:35,23.975,4.745,68.928,1.249,0,5545368,166824,182244,2110040,4513.290,1456.480,0,6716.990,0,465.514,7658,11359,0.980,1.020,0.990,0,0,0.999,0,0,18,302,0,71,2
15-06 01:15:36,4.495,1.498,92.151,0.250,0,5545348,166824,182248,2110056,5411.195,1618.264,0,515.447,0,36.960,2052,2717,0.980,1.020,0.990,0,1,1.998,0,0,18,302,0,71,2
15-06 01:15:37,25.781,5.256,63.826,2.503,0,5545364,166320,182268,2110524,5887.031,1621.937,32.038,3147.759,1.001,448.536,8560,13582,0.980,1.020,0.990,1,0,0,0,0,18,302,0,71,2
15-06 01:15:38,24.025,4.755,67.821,1.251,0,5546104,165312,182272,2110788,6426.735,1621.700,0,2378.493,0,230.241,7752,11405,0.980,1.020,0.990,0,0,0,0,0,18,302,0,58,2
15-06 01:15:39,23.494,5.249,67.482,1.750,0,5546520,164556,182284,2111116,6004.357,1727.527,31.991,2971.187,1.000,354.903,8013,12135,0.980,1.020,0.990,2,0,0,0,0,18,302,0,58,2
15-06 01:15:40,25.484,5.497,63.711,2.748,0,5546584,164304,182316,2111272,4455.242,1457.098,0,9314.235,0,806.501,9122,14444,0.980,1.020,0.990,1,0,0,0,0,18,302,0,58,2
15-06 01:15:41,24.230,4.496,67.694,0.999,0,5548072,162544,182320,2111540,3897.772,863.285,0,2505.924,0,226.812,7224,10653,0.980,1.020,0.990,1,0,0,0,0,18,302,0,60,2
15-06 01:15:42,23.803,5.011,68.402,1.503,0,5548972,161312,182332,2111860,4207.378,1385.087,0,2228.968,0,238.532,6777,9523,0.980,1.020,0.990,4,1,0,0,0,18,302,0,50,2
15-06 01:15:43,7.479,1.745,87.250,0.499,0,5549516,160556,182348,2112056,5254.931,2349.263,0,2093.995,0,200.425,3032,4545,0.900,1,0.990,1,0,0,0,0,18,301,0,51,2
15-06 01:15:44,8.758,1.752,86.826,1.251,0,5545272,164748,182348,2112108,11359.964,3030.658,0,1709.499,0,162.142,3259,4567,0.900,1,0.990,0,0,0,0,0,18,301,0,51,2
15-06 01:15:45,15.757,3.251,77.783,0.750,0,5546432,163488,182360,2112204,4309.823,1654.700,0,10684.519,0,212.090,4230,5840,0.900,1,0.990,0,0,1.000,0,0,18,305,0,52,2
15-06 01:15:46,10.981,1.497,83.853,1.248,0,5546460,163236,182364,2112424,4135.772,1144.001,15.972,2978.794,0.998,188.670,3349,4813,0.900,1,0.990,0,0,0,0,0,18,306,0,42,2
15-06 01:15:47,10.506,2.752,83.049,2.251,0,5547060,162508,182388,2112528,10103.977,2477.466,0,6559.881,0,512.303,4440,6945,0.900,1,0.990,3,0,0,0,0,18,305,0,43,2
15-06 01:15:48,8.270,1.253,88.469,1.002,0,5547228,162256,182400,2112600,4228.449,1527.775,0,1587.924,0,163.404,2915,4082,0.830,0.980,0.980,1,0,0,0,0,18,306,0,44,2
15-06 01:15:49,23.900,5.975,65.228,2.490,0,5547208,162004,182416,2112856,4839.809,1613.270,0,3680.645,0,458.089,8980,14097,0.830,0.980,0.980,1,0,0,0,0,18,306,0,46,2
15-06 01:15:50,25.605,4.268,65.771,2.259,0,5547476,161528,182436,2113044,4898.163,1506.200,0,4353.923,0,454.872,8273,12818,0.830,0.980,0.980,2,0,1.004,0,0,18,306,0,44,2
15-06 01:15:51,24.728,5.745,66.440,1.499,0,5550168,158508,182576,2113236,5352.166,1618.538,0,3045.250,0,289.738,7868,11699,0.830,0.980,0.980,2,1,5.995,0,0,18,306,0,47,2
15-06 01:15:52,7.496,1.999,86.709,1.749,0,5549712,158508,182760,2113508,5547.369,2572.780,0,7612.390,0,505.760,3608,5963,0.830,0.980,0.980,0,0,0,0,0,18,301,0,49,2
15-06 01:15:53,18.488,3.498,75.451,0.999,0,5550688,156856,182896,2114048,11128.735,3457.743,439.713,2118.617,14.990,219.856,5257,7406,0.840,0.980,0.980,0,0,0,0,0,18,301,0,50,2
15-06 01:15:54,9.019,1.754,86.433,0.752,0,5551060,156392,182944,2114092,4541.638,1515.215,0,1114.365,0,152.323,3671,5329,0.840,0.980,0.980,2,0,0,0,0,18,302,0,46,2
15-06 01:15:55,25.746,5.749,64.241,2.250,0,5551416,155384,183076,2114612,4979.267,1619.762,0,4719.305,0,530.922,8432,12968,0.840,0.980,0.980,1,0,1.000,0,0,18,302,0,46,2
15-06 01:15:56,23.749,3.750,67.749,1.000,0,5552552,153872,183128,2114936,7092.845,1565.966,31.999,3139.931,1.000,264.994,7997,11941,0.840,0.980,0.980,1,0,0,0,0,18,303,0,47,2
15-06 01:15:57,13.998,2.999,81.236,1.500,0,5552784,153368,183184,2115152,7518.716,2622.552,0,2643.548,0,284.951,4505,6890,0.840,0.980,0.980,1,0,0,0,0,18,301,0,48,2
15-06 01:15:58,10.985,1.748,83.389,1.748,0,5552840,153116,183236,2115296,17391.946,4648.838,0,5840.258,0,398.472,3613,5208,0.930,1,0.990,1,0,0,0,0,18,301,0,42,2
15-06 01:15:59,11.511,1.752,84.333,0.500,0,5553112,152612,183272,2115492,14074.869,4322.259,0,2034.004,0,167.165,3364,4496,0.930,1,0.990,0,0,0,0,0,18,301,0,43,2
15-06 01:16:00,8.501,1.250,88.764,0.250,0,5553444,152108,183276,2115660,17876.739,4680.717,0,636.097,0,70.011,2270,2923,0.930,1,0.990,2,0,0,0,0,18,301,0,43,2
15-06 01:16:01,9.993,3.248,84.193,0.749,0,5560380,145076,183284,2115748,12676.477,3523.631,0,1011.320,0,113.923,3395,4571,0.930,1,0.990,0,0,2.998,0,0,18,301,0,44,2
15-06 01:16:02,22.497,4.499,69.989,1.500,0,5560032,145076,183364,2116016,4783.278,1457.780,0,2843.571,0,229.965,6458,9398,0.930,1,0.990,2,0,2.000,0,0,18,302,0,44,2
15-06 01:16:03,26.282,5.006,64.079,2.002,0,5560052,144824,183424,2116188,5312.529,1621.993,0,5522.787,0,545.671,8283,12810,0.940,1,0.990,1,0,1.001,0,0,18,302,0,44,2
15-06 01:16:04,24.220,5.244,67.916,0.999,0,5560280,144348,183428,2116432,4838.042,1456.207,0,2357.097,0,230.716,7261,10408,0.940,1,0.990,1,0,0,0,0,18,302,0,46,2
15-06 01:16:05,7.728,1.994,87.004,0.748,0,5560684,143848,183444,2116512,6154.594,2415.170,0,7718.172,0,374.940,3157,4868,0.940,1,0.990,0,0,0.997,0,0,18,301,0,47,2
15-06 01:16:06,15.533,1.754,80.920,1.002,0,5560460,143848,183480,2116700,11091.282,3097.502,0,7179.070,0,484.016,3668,5628,0.940,1,0.990,2,0,0,0,0,18,301,0,42,2
15-06 01:16:07,8.752,1.500,86.019,1.000,0,5560384,143848,183488,2116768,11696.639,3232.729,0,1524.344,0,144.032,3065,4466,0.940,1,0.990,1,0,0,0,0,18,301,0,42,2
15-06 01:16:08,8.511,2.003,87.111,0.501,0,5560452,143596,183492,2116948,4657.928,1580.011,0,1217.550,0,103.131,3291,4715,0.860,0.980,0.980,1,0,0,0,0,18,302,0,42,2
15-06 01:16:09,25.738,5.497,65.220,2.249,0,5560260,143596,183504,2117128,4064.134,1565.281,15.993,3378.449,1.000,429.803,8113,12392,0.860,0.980,0.980,3,0,0,0,0,18,302,0,42,2
15-06 01:16:10,24.974,4.246,67.180,1.498,0,5560980,142588,183516,2117404,4513.274,1456.475,0,3867.950,0,331.653,7676,11427,0.860,0.980,0.980,3,0,0,0,0,18,302,0,41,2
15-06 01:16:11,17.001,4.000,76.253,1.000,0,5561448,141832,183548,2117660,6337.264,2569.107,0,2188.091,0,215.009,5004,6998,0.860,0.980,0.980,1,0,0,0,0,18,301,0,44,2
15-06 01:16:12,9.245,1.749,86.705,0.750,0,5561632,141580,183560,2117716,10554.574,3392.256,0,3046.434,0,200.897,2956,4116,0.860,0.980,0.980,0,0,0,0,0,18,301,0,44,2
15-06 01:16:13,7.994,2.998,86.435,1.249,0,5561544,141580,183596,2117768,6221.331,1684.736,0,5587.806,0,373.720,3381,5444,0.790,0.970,0.980,1,0,0,0,0,18,302,0,44,2
15-06 01:16:14,27.570,4.261,64.414,2.506,0,5561520,141328,183620,2118020,4752.096,1624.134,0,2951.513,0,366.934,7127,10976,0.790,0.970,0.980,3,0,0,0,0,18,302,0,43,2
15-06 01:16:15,25.739,4.498,65.971,1.249,0,5561996,140572,183640,2118280,4815.858,1457.352,0,4254.108,0,345.846,7616,11354,0.790,0.970,0.980,2,0,1.000,0,0,18,302,0,44,2
15-06 01:16:16,24.455,4.741,66.877,1.248,0,5562816,139564,183652,2118456,5646.651,1617.036,0,2579.273,0,285.477,7791,11424,0.790,0.970,0.980,2,0,0,0,0,18,302,0,45,2
15-06 01:16:17,25.555,4.760,65.640,2.255,0,5562768,139312,183684,2118724,5555.861,1527.261,0,3307.060,0,373.798,8166,12578,0.790,0.970,0.980,1,0,0,0,0,18,302,0,45,2
15-06 01:16:18,24.001,4.750,68.753,0.500,0,5563760,138052,183696,2118980,5220.191,1620.059,0,2040.074,0,183.007,6965,9797,0.810,0.970,0.980,1,0,0,0,0,18,302,0,46,2
15-06 01:16:19,9.735,2.746,83.124,1.997,0,5563780,137800,183720,2119188,5799.228,2416.345,0,8694.848,0,602.089,4309,7260,0.810,0.970,0.980,2,0,0,0,0,18,301,0,48,2
15-06 01:16:20,7.003,1.751,89.291,1.251,0,5563680,137800,183736,2119272,6151.816,2413.104,32.015,1344.615,1.000,159.073,2711,4209,0.810,0.970,0.980,0,0,0,0,0,18,301,0,48,2
15-06 01:16:21,11.267,2.003,84.376,0.751,0,5564076,137324,183740,2119348,6774.114,2032.034,0,6133.157,0,386.577,3638,5295,0.810,0.970,0.980,0,0,0,0,0,18,301,0,48,2
15-06 01:16:22,8.239,2.497,87.139,0.999,0,5564020,137324,183752,2119392,8340.354,2682.576,0,1330.302,0,140.820,2837,4188,0.810,0.970,0.980,0,0,0,0,0,18,301,0,48,2
15-06 01:16:23,6.009,1.502,89.377,0.501,0,5564004,137324,183772,2119388,10495.951,3001.275,0,1762.511,0,127.181,2625,3805,0.750,0.950,0.970,1,0,0,0,0,18,302,0,47,2
15-06 01:16:24,25.244,5.749,64.485,2.749,0,5563976,137072,183784,2119656,8382.988,2069.503,0,3815.084,0,458.890,8411,12886,0.750,0.950,0.970,1,0,0,0,0,18,302,0,47,2
15-06 01:16:25,26.016,4.503,66.291,1.001,0,5565092,135812,183812,2119772,4562.823,1621.003,0,3085.909,0,288.178,7570,10981,0.750,0.950,0.970,1,0,1.001,0,0,18,302,0,48,2
15-06 01:16:26,23.215,5.991,67.148,1.248,0,5565228,135308,183828,2120124,4588.009,1455.782,15.976,6390.263,0.998,440.329,7685,11187,0.750,0.950,0.970,2,0,0,0,0,18,302,0,48,2
15-06 01:16:27,8.983,1.996,86.089,1.497,0,5565244,135068,183836,2120324,5709.309,2607.118,0,2758.834,0,252.527,3444,5265,0.750,0.950,0.970,0,0,0,0,0,18,301,0,46,2
15-06 01:16:28,7.999,1.750,88.240,0.500,0,5565688,134564,183844,2120376,11254.697,3459.599,0,1247.856,0,118.986,2894,3981,0.850,0.970,0.980,0,0,0,0,0,18,301,0,47,2
15-06 01:16:29,18.026,2.754,76.609,1.252,0,5565688,134312,183860,2120612,4892.968,1622.310,0,1826.601,0,198.282,4995,7087,0.850,0.970,0.980,3,0,0,0,0,18,302,0,48,2
15-06 01:16:30,29.818,8.770,58.132,2.255,0,5587116,175500,181344,2060512,4776.880,1623.698,0,3764.574,0,462.052,9438,21015,0.850,0.970,0.980,1,0,37.084,0,0,18,302,0,50,2
15-06 01:16:31,25.135,4.977,65.701,1.244,0,5587776,174492,181408,2060796,11270.645,2875.896,0,3308.923,0,336.467,7785,11308,0.850,0.970,0.980,2,0,0,0,0,18,302,0,42,2
15-06 01:16:32,24.831,5.518,65.714,2.007,0,5587628,173988,181552,2061300,5024.342,2271.388,0,8435.437,0,619.013,8294,12410,0.850,0.970,0.980,0,0,0,0,0,18,301,0,44,2
15-06 01:16:33,4.997,1.499,91.698,0.500,0,5587596,173988,181576,2061308,4807.291,767.567,3.998,1727.027,0.999,98.944,2244,3238,0.780,0.950,0.970,1,0,0,0,0,18,302,0,44,2
15-06 01:16:34,7.001,1.000,90.007,0.750,0,5587516,173988,181604,2061360,10923.820,2889.217,0,1204.090,0,135.010,2646,3677,0.780,0.950,0.970,0,0,0,0,0,18,301,0,45,2
15-06 01:16:35,9.749,1.750,85.245,1.000,0,5587680,173740,181624,2061424,11661.268,3405.786,0,1607.899,0,170.989,3608,5130,0.780,0.950,0.970,0,0,1.000,0,0,18,301,0,45,2
15-06 01:16:36,18.700,3.491,74.302,0.748,0,5587452,173656,181652,2061708,5614.039,1507.981,0,6195.490,0,432.847,5212,6895,0.780,0.950,0.970,2,0,1.995,0,0,18,302,0,47,2
15-06 01:16:37,24.592,5.772,65.746,2.258,0,5587536,173404,181708,2061820,5920.145,1463.474,0,3665.712,0,451.690,8487,13010,0.780,0.950,0.970,4,0,0,0,0,18,302,0,48,2
15-06 01:16:38,24.988,4.498,66.718,1.249,0,5588264,172308,181768,2062128,4935.644,1457.304,0,7072.624,0,495.763,8275,12467,0.800,0.950,0.970,1,0,0,0,0,18,302,0,49,2
15-06 01:16:39,23.927,4.736,67.794,1.246,0,5589172,171060,181832,2062404,5760.495,1453.583,0,2576.171,0,249.243,7556,10807,0.800,0.950,0.970,4,0,0,0,0,18,302,0,48,2
15-06 01:16:40,25.315,5.514,64.916,2.506,0,5589112,170808,181988,2062560,5399.830,1570.021,0,3729.552,0,440.127,8370,12931,0.800,0.950,0.970,1,0,0,0,0,18,302,0,48,2
15-06 01:16:41,24.021,5.505,68.058,0.500,0,5589552,170052,182028,2062836,4959.234,1459.246,0,1881.606,0,166.142,7546,10439,0.800,0.950,0.970,2,0,0,0,0,18,303,0,48,2
15-06 01:16:42,25.264,5.503,65.286,1.751,0,5589852,169296,182148,2063172,4760.635,1458.807,0,3257.803,0,386.214,8092,12200,0.800,0.950,0.970,1,0,0,0,0,18,302,0,49,2
15-06 01:16:43,25.256,5.001,65.764,2.501,0,5589948,168792,182264,2063464,4532.995,1512.332,0,10134.224,0,728.160,8157,12445,0.810,0.950,0.970,2,0,0,0,0,18,301,0,46,2
15-06 01:16:44,24.995,3.999,68.486,0.750,0,5589804,168792,182308,2063564,4918.980,1619.664,0,3399.295,0,222.954,6519,9199,0.810,0.950,0.970,1,0,0,0,0,18,302,0,46,2
15-06 01:16:45,26.002,5.000,64.255,2.000,0,5590072,168320,182348,2063728,4860.402,1620.134,0,2860.236,0,386.032,8356,12471,0.810,0.950,0.970,2,0,1.000,0,0,18,302,0,46,2
15-06 01:16:46,25.487,4.248,65.715,1.499,0,5590208,167060,182376,2064824,5540.070,1685.109,0,2906.463,0,304.839,8244,12022,0.810,0.950,0.970,1,0,0,0,0,18,302,0,47,2
15-06 01:16:47,20.459,3.992,72.605,1.497,0,5590172,166556,182436,2065304,6227.521,2565.858,0,2666.656,0,293.412,6453,9484,0.810,0.950,0.970,0,0,0,0,0,18,301,0,46,2
15-06 01:16:48,10.273,2.004,84.936,0.752,0.251,5590084,166556,182456,2065372,4716.344,1665.653,0,2581.662,0,222.488,3225,4642,0.830,0.960,0.970,3,0,0,0,0,18,301,0,49,2
15-06 01:16:49,4.748,1.249,91.459,1.000,0,5590288,166304,182476,2065400,5609.514,2515.885,0,5069.753,0,332.852,2713,4344,0.830,0.960,0.970,1,0,0,0,0,18,302,0,49,2
15-06 01:16:50,9.740,2.497,85.911,0.749,0,5590064,166304,182488,2065612,5740.042,2568.334,0,2229.686,0,200.792,3346,5051,0.830,0.960,0.970,1,0,0,0,0,18,301,0,50,2
15-06 01:16:51,13.469,3.742,79.070,0.998,0,5590148,166112,182496,2065712,6200.918,2383.587,0,1712.112,0,204.536,4299,6068,0.830,0.960,0.970,0,0,5.986,0,0,18,301,0,46,2
15-06 01:16:52,12.799,2.259,82.313,1.255,0,5591160,164880,182512,2065916,12185.390,5354.384,0,7171.301,0,448.708,3901,5599,0.830,0.960,0.970,1,0,0,0,0,18,302,0,47,2
15-06 01:16:53,8.498,2.000,87.480,0.750,0,5591084,164880,182524,2065980,15079.507,3963.082,0,1615.626,0,165.962,2988,4140,0.760,0.940,0.970,0,0,0,0,0,18,302,0,47,2
15-06 01:16:54,5.744,1.249,90.163,0.749,0,5591040,164880,182528,2066020,10606.751,2539.546,0,2030.038,0,122.881,2423,3377,0.760,0.940,0.970,3,0,0,0,0,18,303,0,47,2
15-06 01:16:55,7.000,2.000,89.244,1.000,0,5591224,164628,182540,2066076,11901.231,3405.780,0,1703.890,0,168.989,2918,4227,0.760,0.940,0.970,0,0,1.000,0,0,18,302,0,44,2
15-06 01:16:56,23.756,5.501,66.267,1.750,0,5590972,164628,182544,2066324,6516.720,1500.396,0,2736.722,0,348.092,7634,11215,0.760,0.940,0.970,1,0,0,0,0,18,303,0,45,2
15-06 01:16:57,26.024,4.504,64.561,2.252,0,5592056,163368,182564,2066480,6171.791,1567.471,0,9324.749,0,702.659,8905,13587,0.760,0.940,0.970,1,0,0,0,0,18,303,0,45,2
15-06 01:16:58,25.226,5.245,65.438,1.499,0.250,5592016,163116,182580,2066756,7105.294,1510.574,0,2889.273,0,312.705,7547,11382,0.860,0.960,0.970,3,0,0.999,0,0,18,303,0,45,2
15-06 01:16:59,25.005,4.751,65.764,1.500,0,5592204,162612,182588,2067064,4578.974,1458.310,0,2972.633,0,353.075,8020,12025,0.860,0.960,0.970,2,0,0,0,0,18,303,0,42,2
15-06 01:17:00,22.481,4.996,69.942,1.249,0,5594692,159840,182600,2067336,4839.970,2395.006,0,2497.920,0,251.790,6371,9071,0.860,0.960,0.970,0,0,0,0,0,18,302,0,44,2
15-06 01:17:01,6.981,2.493,85.516,1.745,0,5595512,158952,182632,2067368,6311.736,2513.126,19.945,8843.810,1.995,634.265,4205,6613,0.860,0.960,0.970,2,0,3.989,0,0,18,302,0,44,2
15-06 01:17:02,3.507,1.253,94.448,0.251,0.251,5595468,158952,182632,2067412,5809.149,1527.194,0,1078.255,0,72.151,1566,2363,0.860,0.960,0.970,2,0,0,0,0,18,303,0,44,2
15-06 01:17:03,14.245,2.749,80.223,1.250,0,5595192,158952,182644,2067676,6012.960,2082.294,15.995,1835.377,1.000,208.929,4481,6291,0.790,0.940,0.970,0,0,1.000,0,0,18,302,0,44,2
15-06 01:17:04,9.759,2.502,84.824,0.751,0,5597140,156936,182652,2067736,12466.905,3463.029,0,1317.152,0,139.122,3365,4559,0.790,0.940,0.970,0,0,3.003,0,0,18,302,0,41,2
15-06 01:17:05,14.281,3.257,80.173,1.002,0,5597504,156432,182656,2067872,5531.913,1623.496,0,2381.128,0,215.464,4945,7152,0.790,0.940,0.970,1,0,3.006,0,0,18,303,0,43,2
15-06 01:17:06,25.209,3.994,67.891,0.998,0,5597844,155676,182688,2068256,5637.923,1657.332,0,2707.641,0,277.553,6906,9726,0.790,0.940,0.970,1,0,0,0,0,18,303,0,43,2
15-06 01:17:07,25.273,5.255,65.059,1.501,0,5597660,155676,182704,2068424,4896.426,1513.368,0,3298.982,0,369.334,8234,12157,0.790,0.940,0.970,1,0,0,0,0,18,303,0,43,2
15-06 01:17:08,23.992,5.498,67.228,1.500,0,5599152,153912,182712,2068684,4734.468,1415.542,0,11124.400,0,749.757,8063,11778,0.890,0.960,0.980,1,1,0,0,0,18,303,0,42,2
15-06 01:17:09,7.242,1.998,87.909,1.249,0,5598952,153912,182720,2068876,5002.802,2130.786,0,2956.928,0,223.768,3165,4725,0.890,0.960,0.980,2,0,0.999,0,0,18,302,0,43,2
15-06 01:17:10,9.746,1.999,85.964,0.500,0,5598896,153912,182720,2068932,11051.309,2918.761,0,1323.438,0,125.947,3188,4266,0.890,0.960,0.980,0,0,0,0,0,18,302,0,43,2
15-06 01:17:11,19.031,3.756,73.871,1.753,0,5599040,153660,182752,2069008,4842.925,1460.390,0,2343.836,0,291.477,6294,9498,0.890,0.960,0.980,2,0,1.002,0,0,18,303,0,44,2
15-06 01:17:12,24.274,5.255,66.817,1.502,0,5599204,153156,182792,2069308,4804.845,1621.635,0,3303.331,0,340.343,7763,11654,0.890,0.960,0.980,2,0,0,0,0,18,303,0,42,2
15-06 01:17:13,12.227,2.745,81.344,1.497,0,5599084,153156,182812,2069408,5547.343,2399.390,0,2994.248,0,279.463,4191,6352,0.980,0.980,0.980,1,0,0,0,0,18,302,0,43,2
15-06 01:17:14,7.250,1.500,88.250,1.000,0,5599132,152904,182840,2069584,6091.033,2502.014,0,2120.012,0,195.001,2982,4351,0.980,0.980,0.980,0,0,0,0,0,18,302,0,43,2
15-06 01:17:15,6.504,1.501,89.056,1.251,0,5599076,152904,182844,2069636,5852.678,2288.438,0,2665.675,0,213.134,3118,4790,0.980,0.980,0.980,0,0,1.001,0,0,18,302,0,43,2
15-06 01:17:16,7.740,2.497,85.389,1.997,0,5599000,152904,182880,2069676,6564.471,2399.882,0,7294.522,0,508.339,3757,5925,0.980,0.980,0.980,0,0,0,0,0,18,302,0,41,2
15-06 01:17:17,2.751,1.250,94.521,0.750,0,5598972,152904,182880,2069704,5139.135,1578.349,0,740.164,0,51.011,1658,2390,0.980,0.980,0.980,0,0,0,0,0,18,302,0,41,2
15-06 01:17:18,9.765,2.003,86.386,0.250,0,5599172,152652,182884,2069752,11299.786,2959.659,0,1077.696,0,85.134,2934,3805,0.900,0.960,0.980,2,0,0,0,0,18,303,0,41,2
15-06 01:17:19,7.743,1.748,88.421,0.749,0,5599512,152176,182920,2069852,5954.697,2564.716,0,1698.487,0,175.843,3059,4489,0.900,0.960,0.980,0,0,0,0,0,18,302,0,42,2
15-06 01:17:20,6.001,1.250,90.515,0.500,0,5599384,152176,182944,2069956,6272.021,2504.408,0,1148.187,0,128.021,2508,3602,0.900,0.960,0.980,0,0,0,0,0,18,302,0,39,2
15-06 01:17:21,10.969,2.742,83.764,1.246,0.249,5599668,151672,182960,2070160,6489.706,2412.200,0,1587.525,0,180.491,3586,5251,0.900,0.960,0.980,1,0,0,0,0,18,302,0,40,2
15-06 01:17:22,7.516,1.253,88.937,0.251,0,5599736,151420,182976,2070328,17289.361,4750.992,0,1130.377,0,102.215,2634,3671,0.900,0.960,0.980,0,0,0,0,0,18,302,0,40,2
15-06 01:17:23,3.990,1.496,92.029,0.249,0,5599700,151420,182988,2070352,8084.576,2962.881,0,4999.987,0,431.962,1952,2658,0.830,0.940,0.970,1,0,0.998,0,0,18,302,0,40,2
15-06 01:17:24,7.022,1.003,90.287,0.752,0,5599916,151168,183008,2070368,19114.688,5540.591,0,798.535,0,57.182,1836,2265,0.830,0.940,0.970,4,0,0,0,0,18,304,0,39,2
15-06 01:17:25,4.247,1.249,92.679,0.500,0,5599864,151168,183032,2070396,4380.635,1907.535,0,1039.202,0,107.917,2087,3083,0.830,0.940,0.970,0,0,0.999,0,0,18,304,0,40,2
15-06 01:17:26,9.761,2.002,86.101,0.501,0,5599788,151168,183056,2070448,11784.880,3410.016,0,1569.849,0,141.166,3126,4256,0.830,0.940,0.970,0,0,0,0,0,18,304,0,40,2
15-06 01:17:27,4.495,1.248,90.639,1.748,0,5599724,151168,183088,2070480,11318.180,2789.594,0,5984.692,0,397.515,2970,4827,0.830,0.940,0.970,2,0,0,0,0,18,305,0,40,2
15-06 01:17:28,24.519,5.004,65.801,1.251,0,5592572,157768,183128,2070992,3170.436,648.498,0,2273.747,0,293.225,7552,11016,0.840,0.950,0.970,1,0,0,0,0,18,305,0,38,2
15-06 01:17:29,20.490,4.248,70.964,1.249,0,5592428,157768,183152,2071112,5135.377,2402.773,0,2074.940,0,251.871,5994,8454,0.840,0.950,0.970,0,0,0,0,0,18,304,0,40,2
15-06 01:17:30,14.715,6.235,76.819,0.998,0,5599572,179124,182108,2043668,4788.705,1616.188,71.831,2737.543,1.995,293.308,4405,16106,0.840,0.950,0.970,2,1,37.911,0,0,18,305,0,41,2
15-06 01:17:31,9.522,1.504,86.953,1.002,0,5599676,178936,182124,2043736,17292.453,4685.962,0,3155.382,0,350.821,3468,4763,0.840,0.950,0.970,0,0,0,0,0,18,304,0,41,2
15-06 01:17:32,21.258,4.752,69.525,1.501,0,5599772,178712,182148,2043840,4801.710,1620.577,0,2536.904,0,279.099,6663,9669,0.840,0.950,0.970,1,0,2.001,0,0,18,305,0,36,2
15-06 01:17:33,23.756,5.251,67.017,1.000,0,5600260,177956,182156,2044100,4399.136,1458.376,0,2412.623,0,200.052,7390,10516,0.850,0.950,0.970,1,0,1.000,0,0,18,305,0,36,2
15-06 01:17:34,20.504,4.501,70.263,2.250,0,5600180,177704,182196,2044392,6381.148,2567.462,0,7049.268,0,549.099,7026,10640,0.850,0.950,0.970,0,0,0,0,0,18,304,0,38,2
15-06 01:17:35,10.498,2.250,84.735,0.750,0,5600568,177200,182208,2044496,4859.126,1619.709,15.997,1691.696,1.000,145.974,3520,5029,0.850,0.950,0.970,2,0,1.000,0,0,18,305,0,39,2
15-06 01:17:36,10.740,2.747,82.175,1.499,0,5600400,177200,182264,2044608,8969.800,2845.399,0,2285.910,0,290.734,4564,6894,0.850,0.950,0.970,0,0,1.998,0,0,18,304,0,35,2
15-06 01:17:37,8.008,2.753,86.835,1.001,0,5600692,176696,182284,2044800,8903.734,2234.192,0,1405.379,0,115.113,3030,4217,0.850,0.950,0.970,1,1,0,0,0,18,305,0,35,2
15-06 01:17:38,6.722,1.245,88.881,0.498,0,5600628,176696,182292,2044856,6849.554,2395.053,0,1426.078,0,140.417,2559,3731,0.790,0.930,0.970,0,0,0,0,0,18,304,0,38,2
15-06 01:17:39,11.784,2.257,84.246,0.752,0,5600516,176696,182312,2044948,12612.840,3470.136,0,1680.910,0,166.486,3848,5310,0.790,0.930,0.970,0,0,0,0,0,18,304,0,38,2
15-06 01:17:40,16.784,3.006,77.657,1.253,0,5600476,176444,182356,2045196,5056.203,1689.409,0,1879.793,0,216.437,5523,8233,0.790,0.930,0.970,2,0,0,0,0,18,305,0,36,2
15-06 01:17:41,24.480,5.995,65.448,2.748,0,5600472,176192,182448,2045360,5052.974,1618.710,0,8824.968,0,758.396,8786,13918,0.790,0.930,0.970,3,0,0,0,0,18,305,0,37,2
15-06 01:17:42,24.269,4.754,67.803,0.751,0,5601892,174428,182476,2045676,4503.537,1621.273,0,3250.553,0,239.188,7812,11335,0.790,0.930,0.970,1,0,0,0,0,18,305,0,37,2
15-06 01:17:43,24.503,5.001,66.257,1.750,0,5601840,174172,182504,2045956,4320.457,1620.171,4.000,2468.261,1.000,268.028,7121,10257,0.800,0.930,0.970,2,0,0,0,0,18,304,0,38,2
15-06 01:17:44,4.997,1.499,90.942,0.500,0,5602008,173948,182516,2046000,5614.417,2407.464,0,6639.763,0,491.686,2327,3572,0.800,0.930,0.970,3,1,0,0,0,18,305,0,37,2
15-06 01:17:45,14.001,2.750,79.258,2.000,0,5602096,173700,182560,2046116,4338.455,1458.153,0,2700.283,0,344.036,4863,7315,0.800,0.930,0.970,1,0,1.000,0,0,18,304,0,37,2
15-06 01:17:46,8.243,1.748,86.673,1.748,0,5601872,173700,182600,2046300,11928.438,3522.881,0,6801.977,0,449.602,3822,5912,0.800,0.930,0.970,0,0,0,0,0,18,304,0,37,2
15-06 01:17:47,14.000,2.750,80.999,1.000,0,5601740,173700,182620,2046412,5777.952,2406.980,0,1571.987,0,173.999,3743,5271,0.800,0.930,0.970,0,0,0,0,0,18,304,0,40,2
15-06 01:17:48,11.264,2.002,84.603,0.751,0,5601896,173448,182636,2046492,10260.536,3398.152,0,1461.786,0,146.179,3577,4905,0.820,0.930,0.970,0,0,0,0,0,18,304,0,41,2
15-06 01:17:49,7.995,1.499,87.445,0.750,0,5601708,173448,182644,2046672,6002.250,1523.048,0,1271.206,0,103.935,3023,4226,0.820,0.930,0.970,2,0,0,0,0,18,305,0,37,2
15-06 01:17:50,24.253,6.001,65.259,1.500,0,5601504,173448,182676,2046844,3602.486,744.100,16.002,3168.427,1.000,405.055,8210,12380,0.820,0.930,0.970,1,0,0,0,0,18,305,0,37,2
15-06 01:17:51,25.982,6.496,63.207,2.248,0,5602472,172188,182684,2047128,4429.953,1295.109,0,4141.151,0,438.698,8195,12112,0.820,0.930,0.970,2,0,5.996,0,0,18,304,0,37,2
15-06 01:17:52,23.502,4.750,67.005,1.000,0,5602592,171936,182708,2047244,4964.380,1458.112,0,7228.553,0,445.034,7732,11336,0.820,0.930,0.970,1,0,0,0,0,18,305,0,37,2
15-06 01:17:53,18.510,4.252,74.539,1.251,0,5602528,171684,182712,2047556,6035.125,2518.304,0,1985.028,0,237.123,5676,8244,0.830,0.930,0.970,0,0,0,0,0,18,304,0,33,2
15-06 01:17:54,11.248,2.250,84.232,1.250,0,5602332,171684,182716,2047748,4557.041,1511.682,0,1663.650,0,173.963,3572,5077,0.830,0.930,0.970,0,0,0,0,0,18,305,0,33,2
15-06 01:17:55,12.751,2.250,81.505,1.000,0,5602472,171432,182756,2047820,10160.650,2980.191,0,2052.131,0,260.017,4148,6166,0.830,0.930,0.970,2,0,1.000,0,0,18,304,0,33,2
15-06 01:17:56,6.252,2.001,89.285,0.750,0,5602412,171432,182764,2047872,7267.854,2166.851,0,1264.497,0,93.037,2400,3119,0.830,0.930,0.970,3,0,0,0,0,18,305,0,34,2
15-06 01:17:57,8.744,1.749,86.437,0.749,0,5602576,171180,182784,2047940,7274.709,2610.101,0,1582.849,0,184.866,3231,4834,0.830,0.930,0.970,0,0,0,0,0,18,304,0,34,2
15-06 01:17:58,12.496,2.499,82.472,1.000,0,5602328,171180,182816,2048156,12751.662,3458.823,0,1659.435,0,179.939,3930,5381,0.770,0.920,0.960,0,0,0,0,0,18,304,0,36,2
15-06 01:17:59,15.008,3.252,77.539,1.251,0,5602204,171180,182868,2048228,4622.324,1620.815,0,6091.062,0,446.224,5525,8284,0.770,0.920,0.960,2,0,0,0,0,18,305,0,36,2
15-06 01:18:00,26.525,5.255,64.061,2.252,0.250,5602400,170676,182896,2048508,4790.547,1567.488,0,7839.441,0,770.732,8156,12454,0.770,0.920,0.960,1,0,0,0,0,18,305,0,36,2
15-06 01:18:01,24.000,5.000,65.749,1.750,0,5603104,169668,182912,2048796,5388.890,1511.969,0,2791.943,0,303.994,7523,11157,0.770,0.920,0.960,1,0,0,0,0,18,305,0,35,2
15-06 01:18:02,11.739,2.747,82.674,0.999,0,5603504,169164,182916,2048896,6320.214,2626.595,15.985,2685.541,0.999,242.778,3904,5950,0.770,0.920,0.960,0,0,0,0,0,18,304,0,36,2
15-06 01:18:03,15.502,4.001,78.012,1.250,0,5606116,166404,182920,2049040,9555.490,3571.557,0,2268.354,0,224.035,4381,6103,0.870,0.940,0.970,0,0,3.000,0,0,18,304,0,37,2
15-06 01:18:04,11.518,3.005,82.375,1.252,0,5606164,166152,182952,2049212,5414.249,2020.078,0,6221.478,0,405.618,4352,6286,0.870,0.940,0.970,1,0,1.002,0,0,18,304,0,37,2
15-06 01:18:05,12.239,2.248,81.430,1.249,0,5606824,165400,182976,2049280,13063.738,3522.963,0,2621.740,0,239.793,4040,5912,0.870,0.940,0.970,2,0,2.997,0,0,18,304,0,35,2
15-06 01:18:06,6.251,1.000,91.265,0.250,0,5606624,165400,182992,2049464,10977.857,2835.480,0,1160.196,0,96.016,2333,3326,0.870,0.940,0.970,1,0,0,0,0,18,305,0,35,2
15-06 01:18:07,25.228,4.246,65.443,1.998,0.250,5606692,165148,183020,2049620,4799.851,1712.520,0,2705.661,0,340.705,8113,11946,0.870,0.940,0.970,2,0,0,0,0,18,305,0,37,2
15-06 01:18:08,14.495,3.499,78.972,1.000,0,5606480,165148,183056,2049796,5556.024,2407.144,0,2463.124,0,272.903,4724,7157,0.800,0.920,0.960,0,0,0,0,0,18,304,0,38,2
15-06 01:18:09,9.989,1.748,86.406,0.749,0,5606348,165148,183064,2049920,11423.523,3456.225,0,2461.312,0,186.796,3155,4376,0.800,0.920,0.960,0,0,0,0,0,18,304,0,36,2
15-06 01:18:10,10.010,2.002,85.339,0.751,0,5606796,164644,183076,2049964,4408.614,1525.597,0,1537.609,0,125.131,3547,5094,0.800,0.920,0.960,1,0,0,0,0,18,305,0,37,2
15-06 01:18:11,25.426,4.736,65.558,1.496,0,5607476,163664,183084,2050256,4862.763,1615.271,0,2923.441,0,316.075,7413,10962,0.800,0.920,0.960,1,0,0,0,0,18,306,0,39,2
15-06 01:18:12,10.014,2.754,83.869,1.502,0,5607216,163664,183124,2050476,6226.805,2402.397,16.023,7306.331,1.001,525.743,4126,6826,0.800,0.920,0.960,1,0,0,0,0,18,304,0,41,2
15-06 01:18:13,15.288,3.258,78.194,1.504,0,5607088,163664,183136,2050592,5674.077,2567.369,0,1920.765,0,211.525,4354,5992,0.810,0.920,0.960,1,0,0,0,0,18,304,0,40,2
15-06 01:18:14,8.745,1.999,87.702,0.500,0,5607148,163412,183152,2050768,5789.827,1919.948,0,1623.111,0,129.929,2699,3690,0.810,0.920,0.960,4,0,0,0,0,18,304,0,40,2
15-06 01:18:15,6.255,1.251,89.575,1.001,0,5607624,162908,183164,2050784,10769.988,2999.503,0,6573.486,0,521.435,2786,4022,0.810,0.920,0.960,2,0,1.001,0,0,18,305,0,41,2
15-06 01:18:16,4.494,1.248,91.874,0.499,0,5607832,162656,183172,2050820,11934.679,3293.496,0,1398.088,0,131.820,2365,3490,0.810,0.920,0.960,0,0,0,0,0,18,304,0,41,2
15-06 01:18:17,10.750,2.750,83.747,1.000,0,5607648,162656,183184,2050992,6625.765,2624.907,0,1703.940,0,191.993,3587,5171,0.810,0.920,0.960,0,0,0,0,0,18,304,0,42,2
15-06 01:18:18,12.001,2.250,83.255,1.000,0,5607444,162656,183188,2051192,11411.748,3899.256,0,1332.087,0,137.009,3354,4574,0.830,0.920,0.960,0,0,0,0,0,18,304,0,43,2
15-06 01:18:19,2.497,0.749,95.121,0.250,0,5607440,162656,183188,2051196,4739.578,1968.333,0,914.760,0,52.928,1290,1725,0.830,0.920,0.960,0,0,0,0,0,18,304,0,43,2
15-06 01:18:20,13.774,3.005,81.139,1.002,0,5607336,162656,183196,2051292,7188.333,2565.401,0,1847.169,0,195.335,3836,5375,0.830,0.920,0.960,0,0,0,0,0,18,304,0,46,2
15-06 01:18:21,6.003,1.751,90.796,0.500,0,5607316,162656,183196,2051312,6406.271,1524.779,0,1228.627,0,122.062,2254,3121,0.830,0.920,0.960,1,0,0,0,0,18,305,0,45,2
15-06 01:18:22,6.745,1.998,86.934,1.998,0,5607476,162404,183212,2051388,11846.986,3457.369,0,7478.310,0,528.598,3822,6275,0.830,0.920,0.960,0,0,0,0,0,18,304,0,45,2
15-06 01:18:23,7.995,1.499,88.192,0.750,0,5607396,162404,183212,2051468,14186.598,4222.202,0,2002.673,0,121.919,2854,3918,0.760,0.910,0.960,0,0,0,0,0,18,304,0,45,2
15-06 01:18:24,7.243,1.249,89.664,0.250,0,5607352,162404,183212,2051512,13430.186,3952.229,0,823.215,0,70.932,2403,3014,0.760,0.910,0.960,0,0,0,0,0,18,304,0,45,2
15-06 01:18:25,4.756,1.752,91.356,0.751,0,5607536,162152,183220,2051572,11503.343,3066.557,0,1101.277,0,119.138,2499,3782,0.760,0.910,0.960,2,0,1.001,0,0,18,304,0,44,2
15-06 01:18:26,15.752,3.000,79.008,1.000,0,5607596,161900,183236,2051748,5123.498,1686.164,0,1664.162,0,192.019,4844,7082,0.760,0.910,0.960,3,0,0,0,0,18,305,0,45,2
15-06 01:18:27,25.268,4.753,67.297,1.501,0,5607680,161396,183264,2052140,5075.527,1513.051,0,2245.561,0,235.163,7519,10939,0.760,0.910,0.960,2,0,0,0,0,18,305,0,46,2
15-06 01:18:28,24.752,5.000,66.005,1.500,0,5608388,160388,183276,2052428,4726.328,1566.109,0,3044.212,0,324.023,7604,11376,0.860,0.930,0.960,1,0,0,0,0,18,305,0,47,2
15-06 01:18:29,10.749,2.500,82.993,2.250,0,5608292,160388,183292,2052508,5737.517,2402.798,0,7111.401,0,517.956,4223,6564,0.860,0.930,0.960,0,0,0,0,0,18,304,0,48,2
15-06 01:18:30,16.995,5.748,74.977,0.750,0,5621404,174372,182484,2026276,5778.205,2565.203,0,1507.532,0,157.951,4635,10543,0.860,0.930,0.960,0,0,35.989,0,0,18,304,0,47,2
15-06 01:18:31,12.484,2.497,81.648,0.999,0,5608372,187188,182496,2026480,11214.000,3709.369,0,5589.023,0,476.405,3552,4515,0.860,0.930,0.960,0,0,0,0,0,18,304,0,49,2
15-06 01:18:32,7.511,1.502,89.885,0.250,0,5608844,186684,182496,2026512,5494.259,1526.294,0,977.469,0,74.111,2125,2821,0.860,0.930,0.960,1,0,0,0,0,18,305,0,49,2
15-06 01:18:33,26.032,3.755,68.835,0,0,5619832,175372,182500,2026832,4505.580,1622.009,0,640.794,0,37.046,3963,4184,0.870,0.930,0.960,1,0,0,0,0,18,305,0,49,2
15-06 01:18:34,9.000,1.500,86.248,0.750,0,5620260,174868,182504,2026904,11633.750,3297.929,0,1463.969,0,148.997,3063,4259,0.870,0.930,0.960,1,0,0,0,0,18,304,0,48,2
15-06 01:18:35,8.227,1.745,86.504,1.246,0.249,5619968,174952,182520,2027096,11523.179,3450.173,0,1551.581,0,167.523,3394,4924,0.870,0.930,0.960,0,0,0.997,0,0,18,304,0,49,2
15-06 01:18:36,8.506,2.502,87.561,0.751,0,5619900,174952,182528,2027156,11899.284,3300.298,0,1469.023,0,154.107,3231,4574,0.870,0.930,0.960,0,0,2.001,0,0,18,304,0,49,2
15-06 01:18:37,13.224,3.743,79.095,1.497,0,5619840,174952,182548,2027196,5347.520,1497.066,0,1792.487,0,209.589,4715,6846,0.870,0.930,0.960,1,0,0,0,0,18,305,0,49,2
15-06 01:18:38,26.585,5.016,64.457,2.006,0,5620432,173972,182560,2027572,6500.885,1625.221,0,4418.194,0,375.205,7855,11637,0.880,0.930,0.970,1,0,1.003,0,0,18,304,0,44,2
15-06 01:18:39,5.744,1.998,90.148,1.249,0,5620480,173720,182596,2027740,6732.399,2563.106,0,6560.593,0,409.538,2932,4848,0.880,0.930,0.970,1,0,0,0,0,18,305,0,44,2
15-06 01:18:40,24.494,3.249,69.732,0.500,0,5620724,173396,182608,2027808,4978.682,1619.571,0,875.768,0,62.983,5604,7200,0.880,0.930,0.970,1,0,0,0,0,18,308,0,47,2
15-06 01:18:41,25.409,3.737,68.255,0.498,0.249,5621588,172136,182628,2028184,4897.408,1572.352,127.542,1630.144,6.975,136.510,6071,7875,0.880,0.930,0.970,1,0,0.996,0,0,18,308,0,64,2
15-06 01:18:42,25.129,3.769,69.106,0.503,0,5623524,169868,182660,2028484,4750.442,1574.099,0,1322.806,0,122.631,6275,8234,0.880,0.930,0.970,2,0,2.010,0,0,18,308,0,75,2
15-06 01:18:43,24.159,3.985,68.990,0.747,0,5624076,169112,182672,2028676,11154.027,3381.276,0,1542.197,0,163.385,5278,6474,0.890,0.930,0.970,0,1,0,0,0,18,307,0,77,2
15-06 01:18:44,9.281,2.258,87.290,0.753,0,5624136,168860,182688,2028852,4816.024,1691.628,4.013,1244.139,1.003,113.377,3252,4674,0.890,0.930,0.970,1,0,0,0,0,18,308,0,77,2
15-06 01:18:45,25.748,4.500,65.995,1.750,0,5624180,168608,182744,2029004,4319.678,1619.879,4.000,3887.710,1.000,424.968,7427,10770,0.890,0.930,0.970,1,0,1.000,0,0,18,308,0,77,2
15-06 01:18:46,11.998,3.250,81.739,1.500,0,5624412,168132,182760,2029232,6162.175,2639.647,0,2603.651,0,271.964,4525,6976,0.890,0.930,0.970,0,0,0,0,0,18,307,0,77,2
15-06 01:18:47,7.008,1.502,89.102,1.001,0,5624848,167628,182776,2029284,6318.224,2512.873,0,2150.459,0,207.237,2879,4343,0.890,0.930,0.970,0,0,0,0,0,18,307,0,77,2
15-06 01:18:48,6.246,1.999,88.444,1.749,0,5624752,167628,182828,2029328,5453.553,2400.483,0,6543.864,0,421.733,3074,4776,0.900,0.930,0.970,0,0,0,0,0,18,307,0,78,2
15-06 01:18:49,5.747,1.499,89.700,0.999,0,5624920,167404,182836,2029376,5084.144,2131.802,0,2070.837,0,164.907,2663,3923,0.900,0.930,0.970,0,0,0,0,0,18,307,0,78,2
15-06 01:18:50,9.266,1.503,88.402,0,0,5625472,166648,182836,2029580,4125.072,1340.298,0,685.175,0,35.060,2254,2675,0.900,0.930,0.970,1,0,0,0,0,18,308,0,73,2
15-06 01:18:51,18.973,2.746,75.643,0.749,0,5628504,163384,182836,2029812,6221.198,1918.286,0,1689.609,0,114.838,3634,4324,0.900,0.930,0.970,0,0,5.992,0,0,18,307,0,74,2
15-06 01:18:52,6.254,1.751,89.559,0.500,0,5628468,163384,182840,2029844,5796.798,1922.259,0,7004.589,0,434.285,2552,3656,0.900,0.930,0.970,0,0,0,0,0,18,307,0,75,2
15-06 01:18:53,6.244,0.999,90.907,0.749,0,5628428,163384,182856,2029868,5667.215,1919.041,0,1054.923,0,103.894,2247,3202,0.830,0.920,0.960,0,0,0,0,0,18,307,0,75,2
15-06 01:18:54,5.230,0.996,90.645,0.249,0,5628616,163144,182860,2029900,5026.316,2009.132,0,868.598,0,78.692,2045,2679,0.830,0.920,0.960,0,0,0,0,0,18,307,0,74,2
15-06 01:18:55,6.784,2.010,89.955,1.256,0,5628844,162892,182860,2029924,11385.561,2915.741,0,1282.484,0,134.681,2774,4038,0.830,0.920,0.960,1,0,1.005,0,0,18,308,0,74,2
15-06 01:18:56,25.639,5.227,65.467,1.494,0,5628520,162892,182872,2030236,6648.296,1613.036,0,2684.410,0,332.564,7782,11393,0.830,0.920,0.960,2,0,0,0,0,18,308,0,76,2
15-06 01:18:57,20.806,3.760,72.444,1.504,0,5629248,161884,182876,2030512,7443.935,2530.777,0,3304.850,0,327.878,5570,8237,0.830,0.920,0.960,0,0,0,0,0,18,307,0,77,2
15-06 01:18:58,7.006,2.002,87.069,2.502,0,5629192,161884,182884,2030560,7657.110,2586.063,0,6945.542,0,488.390,3546,5566,0.840,0.920,0.960,0,0,0,0,0,18,307,0,73,2
15-06 01:18:59,5.996,0.999,90.191,0.500,0,5629164,161884,182884,2030588,5429.442,1919.742,0,1479.031,0,96.936,2148,3087,0.840,0.920,0.960,0,0,0,0,0,18,307,0,73,2
15-06 01:19:00,5.259,1.503,92.416,0.250,0,5629500,161380,182888,2030752,4393.911,2020.638,0,961.731,0,73.132,1959,2815,0.840,0.920,0.960,0,0,0,0,0,18,307,0,75,2
15-06 01:19:01,3.492,0.998,92.527,0.499,0,5629476,161380,182888,2030776,11778.566,3055.623,0,1356.725,0,110.733,2170,3098,0.840,0.920,0.960,1,0,0,0,0,18,308,0,75,2
15-06 01:19:02,25.488,4.248,67.468,1.749,0,5629336,161380,182892,2030912,5073.582,1685.197,0,2242.931,0,258.877,6390,9049,0.840,0.920,0.960,1,0,0,0,0,18,307,0,73,2
15-06 01:19:03,10.501,2.500,85.005,0.500,0,5450412,340512,182900,2030696,6654.404,267628.243,88.005,1148.070,6.000,71.004,1943,1852,0.780,0.900,0.960,0,0,14.001,0,0,18,307,0,73,2
15-06 01:19:04,1.503,1.002,95.931,0.250,0,5450536,340388,182900,2030696,5109.624,1623.057,0,877.653,0,62.117,1313,1935,0.780,0.900,0.960,0,0,0,0,0,18,307,0,73,2
15-06 01:19:05,7.250,3.250,87.248,0.750,0,5493812,297084,182904,2030720,5159.902,1619.969,0,3163.940,0,199.996,2841,3908,0.780,0.900,0.960,0,0,4.000,0,0,18,307,0,73,2
15-06 01:19:06,4.250,1.250,94.010,0.250,0,5493796,297084,182908,2030732,5427.588,1620.175,0,436.047,0,34.004,1710,2280,0.780,0.900,0.960,0,0,2.000,0,0,18,307,0,74,2
15-06 01:19:07,3.242,1.746,92.519,0.249,0,5484664,306200,182908,2030748,4728.212,1615.971,0,4053.893,0,491.774,2317,3160,0.780,0.900,0.960,3,0,0.998,0,0,18,307,0,74,2
15-06 01:19:08,1.002,0.501,96.676,0,0,5484884,305976,182908,2030752,4748.641,1622.953,0,396.722,0,26.047,962,1465,0.790,0.910,0.960,0,0,0,0,0,18,307,0,74,2
15-06 01:19:09,1.250,1.000,96.243,0.250,0,5479148,311712,182908,2030752,4097.682,1457.887,0,95.993,0,9.999,1015,1387,0.790,0.910,0.960,0,0,0,0,0,18,307,0,74,2
15-06 01:19:10,1.248,0.499,97.622,0,0,5477872,312988,182908,2030752,4494.109,1617.879,0,3.995,0,0.999,884,1306,0.790,0.910,0.960,3,0,0,0,0,18,307,0,69,2
15-06 01:19:11,1.250,0.500,97.279,0,0,5477868,312988,182908,2030756,4776.436,1458.439,0,4.001,0,1.000,981,1325,0.790,0.910,0.960,1,0,0,0,0,18,307,0,69,2
15-06 01:19:12,1.501,1.001,96.581,0,0,5478108,312736,182916,2030760,5170.357,1687.422,0,172.145,0,24.020,1156,1545,0.790,0.910,0.960,0,0,0,0,0,18,307,0,69,2
15-06 01:19:13,1.500,0.500,96.723,0,0,5478108,312736,182916,2030760,4480.764,1511.583,0,39.989,0,1.000,943,1303,0.730,0.890,0.950,1,0,0,0,0,18,307,0,69,2
15-06 01:19:14,1.746,0.748,96.006,0.499,0,5478108,312736,182916,2030760,4235.231,1562.028,0,99.746,0,11.970,1167,1590,0.730,0.890,0.950,0,0,0,0,0,18,307,0,69,2
15-06 01:19:15,2.252,1.251,95.093,0.500,0,5478604,312236,182916,2030764,4462.375,1459.431,0,436.428,0,44.043,1614,2448,0.730,0.890,0.950,0,0,1.001,0,0,18,307,0,63,2
15-06 01:19:16,1.503,0.752,96.464,0,0,5478600,312236,182916,2030768,5074.244,1689.744,0,585.297,0,87.193,1159,1553,0.730,0.890,0.950,0,0,0,0,0,18,307,0,63,2
15-06 01:19:17,1.746,1.247,95.282,0.499,0,5478584,312236,182920,2030780,5172.186,1520.527,0,522.806,0,52.879,1505,2310,0.730,0.890,0.950,0,0,0,0,0,18,307,0,63,2
15-06 01:19:18,1.252,0.250,97.160,0,0,5478584,312236,182920,2030780,4585.568,1460.410,0,176.291,0,11.018,912,1299,0.670,0.870,0.950,0,0,0,0,0,18,307,0,63,2
15-06 01:19:19,1.745,0.748,97.249,0,0,5478584,312236,182920,2030780,4727.778,1615.823,0,31.917,0,3.990,930,1278,0.670,0.870,0.950,0,0,0,0,0,18,307,0,60,2
15-06 01:19:20,0.751,0.751,97.090,0,0,5478584,312236,182920,2030780,4822.460,1459.350,0,144.133,0,2.002,947,1282,0.670,0.870,0.950,1,0,0,0,0,18,307,0,60,2
15-06 01:19:21,2.004,0.751,95.924,0.250,0,5478580,312236,182920,2030784,5126.300,1622.944,0,320.582,0,24.044,1226,1739,0.670,0.870,0.950,0,0,0,0,0,18,307,0,60,2
15-06 01:19:22,2.000,0.750,95.254,0.500,0,5478572,312236,182928,2030784,4980.226,1620.073,0,2816.128,0,163.007,1541,2446,0.670,0.870,0.950,0,0,0,0,0,18,307,0,60,2
15-06 01:19:23,2.500,0.750,95.249,0,0,5478568,312236,182928,2030788,5115.938,1966.976,0,519.994,0,37.000,1293,1834,0.620,0.860,0.940,0,0,1.000,0,0,18,307,0,56,2
15-06 01:19:24,2.497,0.999,94.901,0.250,0,5478428,312236,182928,2030928,11139.427,2779.113,0,451.531,0,28.970,1368,1775,0.620,0.860,0.940,0,0,0,0,0,18,306,0,56,3
15-06 01:19:25,2.500,1.000,94.758,0.250,0,5478428,312236,182928,2030928,4500.371,1620.134,0,532.044,0,51.004,1656,2503,0.620,0.860,0.940,2,0,1.000,0,0,18,306,0,56,3
15-06 01:19:26,0.999,0.999,96.874,0,0,5478424,312236,182932,2030928,4722.833,1510.028,0,395.484,0,27.963,1099,1538,0.620,0.860,0.940,0,0,0,0,0,18,306,0,56,3
15-06 01:19:27,2.006,0.752,95.269,0.501,0,5478416,312236,182932,2030936,4693.256,1624.588,0,433.224,0,41.116,1554,2318,0.620,0.860,0.940,0,0,0,0,0,18,306,0,55,3
15-06 01:19:28,0.998,0.748,97.276,0,0,5478640,312012,182932,2030936,4535.556,1562.402,0,830.089,0,149.655,990,1418,0.650,0.860,0.940,0,0,0,0,0,18,306,0,55,3
15-06 01:19:29,1.503,0.501,97.172,0,0,5478640,312012,182932,2030936,4507.967,1622.868,0,40.071,0,5.009,1020,1397,0.650,0.860,0.940,0,0,0,0,0,18,306,0,55,3
15-06 01:19:30,6.753,3.502,89.294,0,0,5483792,306860,182932,2030936,4622.259,1620.792,0,0,0,0,2061,5890,0.650,0.860,0.940,0,0,36.018,0,0,18,306,0,56,3
15-06 01:19:31,1.994,0.249,95.726,0,0,5483808,306860,182932,2030952,11166.014,2988.439,0,63.817,0,5.983,1337,1634,0.650,0.860,0.940,0,0,0,0,0,18,306,0,51,3
15-06 01:19:32,1.500,0.750,97.229,0,0,5483804,306860,182932,2030956,4996.941,1457.691,0,47.990,0,5.999,1030,1430,0.650,0.860,0.940,0,0,0,0,0,18,306,0,51,3
15-06 01:19:33,1.253,0.251,97.205,0,0,5483804,306860,182932,2030956,3693.785,1028.167,0,0,0,0,914,1339,0.600,0.850,0.940,0,0,0,0,0,18,306,0,51,3
15-06 01:19:34,7.508,2.252,89.092,0.250,0,5499916,290740,182940,2030956,272372.056,3173.286,4.004,116.120,1.001,10.010,1598,1773,0.600,0.850,0.940,1,0,7.007,0,0,18,306,0,51,3
15-06 01:19:35,11.988,4.745,81.666,0.250,0,5508336,282040,182968,2031208,282749.318,9660.069,255.737,579.404,10.989,44.954,3128,3077,0.600,0.850,0.940,1,0,32.966,0,0,18,306,0,48,3
15-06 01:19:36,16.539,5.012,76.930,0.501,0,5505176,279992,182968,2036400,145718.609,3209.524,392.921,465.090,9.021,33.078,2599,2430,0.600,0.850,0.940,3,0,24.056,0,0,18,306,0,48,3
15-06 01:19:37,20.752,7.251,71.005,0.500,0,5499940,272268,182996,2049300,4926.360,486.036,168.012,904.066,10.001,62.005,3150,3185,0.600,0.850,0.940,0,1,19.001,0,0,18,306,0,48,3
