"pcp-dstat 6.2.0 CSV Output"
"Author:","PCP team <pcp@groups.io> and Dag Wieers <dag@wieers.com>",,,,"URL:","https://pcp.io/ and http://dag.wieers.com/home-made/dstat/"
"Host:","ubuntu",,,,"User:","ubuntu"
"Cmdline:","dstat -tcmndrylpg --tcp --output /tmp/devstack_logs/dstat-csv.log",,,,"Date:","17 Jun 2026 01:49:50 UTC"
"system","total usage",,,,,"memory usage",,,,"net/total",,"dsk/total",,"io/total",,"system",,"load avg",,,"procs",,,"paging",,"tcp sockets",,,,
"time","total usage:usr","total usage:sys","total usage:idl","total usage:wai","total usage:stl","used","free","buf","cach","net/total:recv","net/total:send","dsk/total:read","dsk/total:writ","read","writ","int","csw","1m","5m","15m","run","blk","new","in","out","lis","act","syn","tim","clo"
17-06 01:49:50,,991376,1412828,168276,5233996,,,,,,,1.080,0.880,0.520,3,0,,,,10,4,0,17,1
17-06 01:49:51,19.717,21.214,56.654,0.499,0,999456,1403912,168484,5234452,46855.987,17490.506,0,5315.037,0,94.840,6049,5125,1.080,0.880,0.520,2,0,393.337,0,0,10,5,0,17,1
17-06 01:49:52,22.285,22.034,54.334,0.501,0,993292,1409280,168656,5234932,41293.944,15435.903,0,2051.176,0,61.095,5568,4112,1.230,0.910,0.530,2,0,359.557,0,0,10,5,0,17,1
17-06 01:49:53,28.498,19.999,49.747,0.250,0,1012472,1389236,168820,5235428,27903.386,14961.135,0,1815.895,0,58.997,6195,5823,1.230,0.910,0.530,2,0,277.984,0,0,10,5,0,17,1
17-06 01:49:54,40.871,15.701,42.367,0.249,0,1136588,1239212,169136,5384496,173306.362,7022.889,0,1834.225,0,61.805,6728,17761,1.230,0.910,0.530,1,0,152.520,0,0,11,5,0,18,1
17-06 01:49:55,38.602,12.283,48.378,1.003,0,1154184,1201900,170080,5400780,4714.508,1702.517,0,4054.757,0,254.676,4317,2843,1.230,0.910,0.530,2,0,111.295,0,0,11,6,0,18,2
17-06 01:49:56,37.653,13.216,47.628,0.499,0,1189212,1143348,170472,5421800,4450.566,1238.817,15.959,2006.844,0.997,64.833,4623,3272,1.230,0.910,0.530,2,0,169.564,0,0,11,6,0,20,2
17-06 01:49:57,42.607,7.018,48.371,1.003,0,1242032,1070252,171764,5437760,4504.308,1299.262,16.040,14905.419,1.003,694.744,3651,2436,1.290,0.930,0.540,2,0,0,0,0,11,6,0,19,2
17-06 01:49:58,40.966,5.745,47.461,4.996,0,1267960,1011216,173084,5466604,4842.030,1564.717,0,13165.207,0,768.370,6076,8443,1.290,0.930,0.540,1,1,9.992,0,0,11,8,0,19,2
17-06 01:49:59,30.775,8.257,43.535,14.762,0,1285428,994624,174548,5462908,5594.513,2047.652,0,38991.452,0,2791.252,13738,24197,1.290,0.930,0.540,2,0,47.038,0,0,11,6,0,19,0
17-06 01:50:00,35.701,11.234,44.938,6.491,0,1220000,1059140,174760,5463584,10130.962,3609.998,0,28001.200,0,1909.354,9332,15263,1.290,0.930,0.540,2,0,134.813,0,0,11,5,0,19,0
17-06 01:50:01,43.592,7.265,48.352,0.251,0,1277492,994224,174876,5469976,6334.407,2583.468,0,2360.997,0,46.098,3734,3112,1.290,0.930,0.540,2,0,8.017,0,0,11,4,0,19,0
17-06 01:50:02,44.204,8.991,44.204,0.999,0.250,1311348,959040,174952,5470980,5862.887,1510.425,0,9917.660,0,398.584,10994,18544,1.350,0.950,0.550,2,0,13.985,0,0,11,4,0,19,0
17-06 01:50:03,41.422,10.480,45.665,0,0,1273328,996948,175004,5471004,5675.381,1604.997,0,770.558,0,23.955,10329,17547,1.350,0.950,0.550,2,0,24.953,0,0,11,4,0,19,0
17-06 01:50:04,43.960,6.494,48.705,0,0,1290836,987528,175004,5463704,6386.146,1510.615,0,51.952,0,4.995,3003,1570,1.350,0.950,0.550,2,0,25.976,0,0,11,4,0,19,0
17-06 01:50:05,18.309,18.058,62.702,0,0,1248536,1029872,175004,5463724,5232.878,1571.067,0,4.013,0,1.003,4733,3162,1.350,0.950,0.550,2,0,268.867,0,0,11,4,0,19,0
17-06 01:50:06,9.734,21.215,66.890,0,0,1142548,1135772,175004,5463788,5197.472,1563.435,0,35.941,0,8.985,5263,3488,1.350,0.950,0.550,1,0,264.566,0,0,11,4,0,19,0
17-06 01:50:07,11.988,20.229,65.683,0,0,1136760,1141384,175004,5464364,5591.296,1618.349,0,14085.632,0,80.917,6036,5917,1.320,0.950,0.550,1,0,257.737,0,0,11,4,0,19,0
17-06 01:50:08,33.511,14.755,51.267,0,0,1182572,1095544,175004,5464420,4861.636,1620.545,0,80.027,0,5.002,5316,5494,1.320,0.950,0.550,2,0,192.065,0,0,11,5,0,19,0
17-06 01:50:09,46.687,4.744,48.185,0.250,0,1221084,1057044,175004,5464420,4899.440,1563.906,0,1158.449,0,11.984,2789,1260,1.320,0.950,0.550,2,0,0,0,0,11,5,0,17,0
17-06 01:50:10,43.805,7.716,47.787,0,0,1260108,1017284,175008,5465140,5196.876,1612.824,0,1433.621,0,85.619,3137,2037,1.320,0.950,0.550,2,0,0,0,0,11,5,0,17,0
17-06 01:50:11,24.869,10.802,63.051,0,0,1277236,997952,175008,5467292,3830.284,1519.252,0,3291.713,0,165.791,3940,3951,1.320,0.950,0.550,0,0,118.566,0,0,11,4,0,18,0
17-06 01:50:12,10.532,4.764,83.754,0,0,1311108,963932,175008,5467420,4089.391,1083.282,0,11342.367,0,66.201,1873,1773,1.300,0.950,0.550,1,0,23.070,0,0,11,4,0,18,0
17-06 01:50:13,22.685,3.490,72.793,0,0,1373604,901436,175008,5467420,4229.972,1507.713,0,370.945,0,3.989,1870,1340,1.300,0.950,0.550,1,0,0,0,0,11,4,0,14,0
17-06 01:50:14,24.288,1.502,73.113,0.250,0,1392692,882132,175008,5467628,4553.061,1568.432,0,1454.255,0,15.023,1907,1413,1.300,0.950,0.550,2,0,1.002,0,0,11,6,0,14,0
17-06 01:50:15,20.976,5.743,70.169,1.498,0,1287532,987176,175080,5467668,4706.564,1510.256,0,3887.510,0,335.612,4362,5600,1.300,0.950,0.550,2,0,41.952,0,0,11,4,0,16,0
17-06 01:50:16,21.999,3.500,73.248,0,0,1350472,924176,175080,5467668,5025.873,1565.960,0,863.978,0,68.998,1870,1341,1.300,0.950,0.550,1,0,0,0,0,11,4,0,16,0
17-06 01:50:17,19.783,4.257,75.376,0.751,0,1376664,897716,175080,5467864,7549.640,5577.338,0,34642.001,0,459.770,3108,3156,1.270,0.950,0.550,0,0,1.002,0,0,11,17,0,16,0
17-06 01:50:18,20.718,2.496,74.635,0.749,0,1376180,897672,175120,5468236,11166.838,6059.687,267.589,1709.373,65.899,95.853,2505,2228,1.270,0.950,0.550,2,0,1.997,0,0,11,28,0,17,0
17-06 01:50:19,19.498,6.999,72.743,0,0,1406940,866908,175120,5468240,4979.535,1619.849,0,2319.783,0,17.998,2390,1643,1.270,0.950,0.550,1,0,42.996,0,0,11,28,0,17,0
17-06 01:50:20,17.000,2.500,79.502,0,0,1423700,850128,175120,5468256,12336.311,8419.212,0,4.000,0,1.000,2045,1662,1.270,0.950,0.550,1,0,0,0,0,11,28,0,18,0
17-06 01:50:21,26.569,14.538,57.900,0,0,1428372,845440,175120,5468272,5353.904,1624.218,0,12.031,0,3.008,3771,2383,1.270,0.950,0.550,2,0,156.406,0,0,11,28,0,16,0
17-06 01:50:22,37.743,4.999,56.990,0,0,1473684,800120,175120,5468280,11603.955,7879.612,0,235.958,0,2.000,3172,2251,1.250,0.950,0.560,2,0,1.000,0,0,11,30,0,16,0
17-06 01:50:23,37.429,4.991,55.644,0.250,0,1477264,796340,175120,5468480,18412.975,13917.526,0,399.241,0,40.922,6385,7950,1.250,0.950,0.560,2,0,0.998,0,0,11,28,0,17,0
17-06 01:50:24,57.399,30.579,12.031,0,0,1505240,768328,175120,5468516,4511.704,1666.323,0,48.125,0,12.031,5639,4701,1.250,0.950,0.560,6,0,579.503,0,0,11,28,0,17,0
17-06 01:50:25,86.995,12.749,0,0,0,1765540,508016,175120,5468524,9362.483,5529.694,0,0,0,0,5139,2839,1.250,0.950,0.560,6,0,0,0,0,11,29,0,17,0
17-06 01:50:26,78.216,9.746,11.245,0,0,1828888,444580,175128,5468592,37448.594,34948.689,0,2103.079,0,139.939,8625,10098,1.250,0.950,0.560,3,0,0,0,0,11,32,0,19,0
17-06 01:50:27,58.572,16.699,23.927,0.498,0,1506008,767228,175132,5468812,15187.790,9815.136,0,65799.797,0,985.003,7834,9669,1.230,0.960,0.560,1,0,309.060,0,0,11,28,0,23,0
17-06 01:50:28,21.764,4.503,73.298,0,0,1515592,757732,175132,5468812,5964.939,3106.051,0,1224.809,0,18.012,1905,1275,1.230,0.960,0.560,1,0,0,0,0,11,29,0,23,0
17-06 01:50:29,17.498,2.250,78.992,0.250,0,1492728,780576,175144,5468824,9711.006,6697.314,0,1295.867,0,48.995,2882,3312,1.230,0.960,0.560,1,0,0,0,0,11,28,0,24,0
17-06 01:50:30,17.735,8.992,72.188,0,0,1452088,821212,175144,5468828,3612.913,797.319,0,0,0,0,2667,1840,1.230,0.960,0.560,1,0,67.942,0,0,11,28,0,24,0
17-06 01:50:31,18.755,2.751,77.019,0,0,1464544,808752,175144,5468832,6748.621,4235.017,0,880.211,0,112.027,2024,1664,1.230,0.960,0.560,1,0,0,0,0,11,29,0,24,0
17-06 01:50:32,15.016,10.512,73.080,0.250,0,1427352,845920,175148,5468852,7712.465,4193.603,0,36363.912,0,311.342,4579,4695,1.210,0.960,0.560,2,0,144.158,0,0,11,28,0,25,0
17-06 01:50:33,8.001,24.255,66.262,0.250,0,1414436,858808,175148,5468852,4772.886,1512.281,0,728.135,0,7.001,5480,3703,1.210,0.960,0.560,1,0,361.067,0,0,11,28,0,25,0
17-06 01:50:34,51.121,31.073,17.291,0,0,1498992,774204,175152,5468896,4857.462,1569.704,0,208.492,0,22.052,5744,4509,1.210,0.960,0.560,5,0,541.277,0,0,11,28,0,25,0
17-06 01:50:35,81.355,10.980,6.738,0,0,1722968,550220,175152,5468904,16687.236,13098.636,0,0,0,0,5124,3161,1.210,0.960,0.560,5,0,0,0,0,11,31,0,25,0
17-06 01:50:36,71.527,8.003,19.007,0,0,1743100,529840,175168,5469132,41416.505,36454.647,0,248.093,0,34.013,9808,14655,1.210,0.960,0.560,5,0,0,0,0,11,30,0,25,0
17-06 01:50:37,78.355,20.778,1.252,0,0,1547584,725248,175172,5469236,8132.933,4402.919,0,344.463,0,33.044,5975,5449,1.600,1.040,0.590,6,0,310.417,0,0,11,28,0,26,0
17-06 01:50:38,86.739,12.748,0.250,0,0,1752888,519936,175172,5469244,8599.887,5301.314,0,299.961,0,12.998,5176,2904,1.600,1.040,0.590,6,0,0,0,0,11,29,0,25,0
17-06 01:50:39,83.140,10.736,4.993,0,0,1832628,439856,175184,5469572,42244.978,39187.033,0,731.031,0,44.940,8259,11340,1.600,1.040,0.590,5,0,0,0,0,11,33,0,26,0
17-06 01:50:40,65.885,16.471,16.970,0,0,1620768,651480,175188,5469804,28161.873,23077.742,0,351.387,0,31.944,7751,11924,1.600,1.040,0.590,2,0,267.533,0,0,11,28,0,30,0
17-06 01:50:41,39.859,8.273,51.390,0,0,1567960,704288,175188,5469804,6183.874,3433.369,0,0,0,0,2930,1783,1.600,1.040,0.590,1,0,30.082,0,0,11,29,0,30,0
17-06 01:50:42,35.909,3.741,60.098,0.249,0,1584692,687540,175188,5469820,15475.772,11208.589,0,95.757,0,11.970,3434,3625,1.630,1.060,0.600,2,0,0.997,0,0,11,29,0,27,0
17-06 01:50:43,60.938,22.068,16.551,0,0,1517460,754720,175188,5469872,12701.163,8421.969,0,248.767,0,16.049,6616,6477,1.630,1.060,0.600,4,0,379.169,0,0,11,28,0,28,0
17-06 01:50:44,54.995,6.749,37.747,0,0,1589352,682816,175188,5469884,18971.286,15075.638,0,151.986,0,8.999,4227,3489,1.630,1.060,0.600,3,0,0,0,0,11,31,0,28,0
17-06 01:50:45,53.006,14.252,31.003,0.250,0,1481200,790768,175196,5470076,21354.249,16308.718,0,440.046,0,51.005,8378,10561,1.630,1.060,0.600,5,0,260.027,0,0,11,28,0,29,0
17-06 01:50:46,84.751,13.250,2.250,0,0,1654360,617592,175196,5470092,6229.094,3586.054,0,224.003,0,20.000,4847,2084,1.630,1.060,0.600,3,0,0,0,0,11,29,0,26,0
17-06 01:50:47,55.709,6.745,35.474,0.500,0.250,1678792,592936,175208,5470304,37907.052,33747.119,0,1083.201,0,74.945,8410,11502,1.660,1.070,0.610,3,0,0,0,0,11,31,0,27,0
17-06 01:50:48,64.784,18.760,16.759,0,0,1515040,756644,175208,5470348,11306.945,7688.042,0,652.343,0,26.014,5586,5689,1.660,1.070,0.610,4,0,324.170,0,0,11,28,0,29,0
17-06 01:50:49,55.713,6.746,36.976,0,0,1569420,702252,175208,5470360,14400.528,13089.390,0,107.929,0,5.996,4177,2974,1.660,1.070,0.610,3,0,0,0,0,11,31,0,29,0
17-06 01:50:50,50.287,14.511,34.025,0,0,1550488,721116,175224,5470408,23659.501,18941.011,0,876.648,0,60.044,7193,10132,1.660,1.070,0.610,4,0,219.162,0,0,11,28,0,31,0
17-06 01:50:51,65.002,13.000,21.251,0,0,1588012,683432,175224,5470564,3798.125,1458.048,0,4.000,0,1.000,4083,1872,1.660,1.070,0.610,3,0,80.003,0,0,11,28,0,31,0
17-06 01:50:52,48.757,5.473,45.026,0,0,1620352,651044,175228,5470608,25172.619,21747.678,0,143.286,0,12.936,4826,6074,1.770,1.110,0.620,3,0,0.995,0,0,11,30,0,32,0
17-06 01:50:53,61.899,20.299,17.292,0,0,1523672,747404,175252,5470904,12667.460,9136.971,0,2309.554,0,130.313,6227,6142,1.770,1.110,0.620,3,0,287.692,0,0,11,28,0,34,0
17-06 01:50:54,60.372,8.768,30.562,0,0.251,1602004,669020,175252,5470940,16019.310,13280.787,0,96.194,0,7.014,4588,11628,1.770,1.110,0.620,3,0,36.073,0,0,11,31,0,34,0
17-06 01:50:55,53.863,9.226,35.160,0,0,1530176,740624,175264,5471148,19291.809,15383.774,0,885.742,0,69.822,7044,8855,1.770,1.110,0.620,3,0,93.761,0,0,11,28,0,36,0
17-06 01:50:56,62.876,10.772,26.052,0,0,1612544,658256,175264,5471148,6259.506,3430.855,0,56.112,0,5.010,3930,1669,1.770,1.110,0.620,2,0,18.036,0,0,11,29,0,36,0
17-06 01:50:57,48.947,5.744,44.452,0,0,1597104,673644,175264,5471200,27161.607,22829.296,0,143.844,0,15.983,5621,7250,1.870,1.140,0.630,4,0,0,0,0,11,30,0,37,0
17-06 01:50:58,65.297,28.771,5.754,0.250,0,1561372,709340,175268,5471244,7690.573,4184.032,0,404.293,0,37.027,6445,6471,1.870,1.140,0.630,7,0,590.428,0,0,11,28,0,36,0
17-06 01:50:59,78.350,21.027,0.501,0,0,1704804,565836,175272,5471280,6126.857,3590.605,0,160.205,0,8.010,5347,4216,1.870,1.140,0.630,6,0,359.461,0,0,11,29,0,36,0
17-06 01:51:00,75.462,20.490,3.998,0,0,1834072,436348,175272,5471492,31564.206,30680.648,0,1447.276,0,37.981,7034,6887,1.870,1.140,0.630,4,0,354.822,0,0,11,33,0,36,0
17-06 01:51:01,77.772,19.506,1.750,0,0,1726956,543360,175284,5471576,39251.102,33256.406,0,592.167,0,52.015,9217,11307,1.870,1.140,0.630,5,0,326.092,0,0,11,29,0,36,0
17-06 01:51:02,82.455,17.990,0.250,0,0.250,1642096,628048,175284,5471748,8730.219,2912.405,0,11.993,0,2.998,5716,4261,2.200,1.220,0.660,8,0,181.900,0,0,11,28,0,37,0
17-06 01:51:03,80.250,11.000,7.500,0,0,1767804,502300,175284,5471788,28988.941,23279.953,0,4851.990,0,139.000,6366,5602,2.200,1.220,0.660,4,0,43.000,0,0,11,33,0,37,0
17-06 01:51:04,72.216,11.994,15.243,0,0,1700408,569460,175284,5472020,42148.923,35104.279,0,7.996,0,1.999,8593,14743,2.200,1.220,0.660,4,0,193.908,0,0,11,29,0,41,0
17-06 01:51:05,18.486,27.729,52.210,0,0,1468564,801260,175284,5472056,7093.597,2806.862,0,19.985,0,4.996,5946,4614,2.200,1.220,0.660,2,0,563.571,0,0,11,28,0,42,0
17-06 01:51:06,46.331,37.816,15.277,0,0,1487488,782308,175284,5472084,5098.875,1352.354,0,140.244,0,12.021,6140,5421,2.200,1.220,0.660,5,0,826.439,0,0,11,28,0,42,0
17-06 01:51:07,75.241,10.999,13.748,0,0,1646556,623228,175300,5472148,15951.162,12743.532,0,407.953,0,23.997,5142,3912,2.420,1.280,0.690,3,0,18.998,0,0,11,31,0,42,0
17-06 01:51:08,60.273,10.754,28.511,0.250,0,1578640,690928,175312,5472352,25554.657,21752.220,0,560.212,0,57.022,7127,9838,2.420,1.280,0.690,4,0,95.036,0,0,11,29,0,45,0
17-06 01:51:09,80.494,17.499,2.000,0,0,1604532,665004,175316,5472380,6765.454,3095.750,0,267.978,0,23.998,5279,3369,2.420,1.280,0.690,3,0,172.986,0,0,11,29,0,46,0
17-06 01:51:10,66.930,7.992,23.975,0,0,1664660,604832,175316,5472420,28338.494,24896.078,0,143.850,0,9.990,6053,7163,2.420,1.280,0.690,4,0,0,0,0,11,32,0,46,0
17-06 01:51:11,48.768,6.252,43.766,0.250,0,1664388,604832,175316,5472684,41217.227,36143.352,0,180.067,0,7.003,12436,18958,2.420,1.280,0.690,2,0,0,0,0,11,32,0,46,0
17-06 01:51:12,70.811,12.010,15.764,0,0,1572512,696500,175332,5472876,21357.293,16123.810,0,612.525,0,62.053,8787,11509,2.630,1.340,0.710,4,0,91.078,0,0,11,28,0,46,0
17-06 01:51:13,80.270,12.963,6.980,0,0,1628188,640796,175332,5472864,10055.148,7313.016,0,279.199,0,16.951,4810,2449,2.630,1.340,0.710,3,0,31.908,0,0,11,30,0,46,0
17-06 01:51:14,61.851,7.512,30.049,0,0,1660024,608740,175336,5473072,35581.939,31357.059,0,168.274,0,10.016,7600,12145,2.630,1.340,0.710,4,0,0,0,0,11,32,0,45,0
17-06 01:51:15,55.418,7.489,35.198,0,0,1631500,636996,175336,5473336,42582.233,36854.675,0,147.782,0,8.987,13495,20058,2.630,1.340,0.710,4,0,70.895,0,0,11,30,0,47,0
17-06 01:51:16,78.554,18.012,3.502,0,0,1534540,733928,175336,5473364,11131.705,6850.742,0,156.108,0,8.006,5499,4108,2.630,1.340,0.710,5,0,189.131,0,0,11,28,0,49,0
17-06 01:51:17,71.106,8.176,19.820,0,0,1658148,610284,175336,5473392,24074.959,20222.846,0,110.995,0,7.928,5259,4798,2.660,1.370,0.720,4,0,0,0,0,11,32,0,49,0
17-06 01:51:18,66.493,9.102,24.524,0,0,1666220,601948,175344,5473640,39535.694,33530.605,0,542.056,0,70.791,10091,16131,2.660,1.370,0.720,5,0,36.407,0,0,11,33,0,48,0
17-06 01:51:19,81.749,14.500,3.500,0,0,1567956,700068,175344,5473784,9328.924,5677.954,0,219.998,0,20.000,5223,3821,2.660,1.370,0.720,3,0,93.999,0,0,11,33,0,48,0
17-06 01:51:20,65.326,10.223,23.936,0.249,0,1621524,646476,175348,5473804,23291.873,18597.395,0,243.351,0,26.928,5030,5080,2.660,1.370,0.720,6,0,48.870,0,0,11,35,0,49,0
17-06 01:51:21,71.388,13.025,14.278,0,0,1615788,651992,175352,5474016,28454.991,24189.748,0,260.503,0,22.043,7552,11410,2.660,1.370,0.720,3,0,71.137,0,0,11,34,0,50,0
17-06 01:51:22,68.551,13.260,17.763,0.250,0,1642656,625076,175352,5474064,26769.943,22195.535,0,120.089,0,8.006,6213,7951,2.610,1.380,0.730,3,0,142.106,0,0,11,34,0,52,0
17-06 01:51:23,75.198,12.741,11.992,0,0,1633996,633684,175356,5474108,18714.980,14377.997,0,119.917,0,7.994,5441,5757,2.610,1.380,0.730,4,0,42.970,0,0,11,33,0,53,0
17-06 01:51:24,71.793,13.008,15.009,0,0,1663404,604088,175360,5474292,20548.243,17194.244,0,364.217,0,12.007,6053,6374,2.610,1.380,0.730,4,0,77.046,0,0,11,33,0,55,0
17-06 01:51:25,75.500,10.250,14.000,0,0,1662040,605416,175360,5474324,18768.048,15937.040,0,232.001,0,24.000,5213,6080,2.610,1.380,0.730,2,0,34.000,0,0,11,34,0,56,0
17-06 01:51:26,64.650,10.983,23.464,0,0,1652528,614860,175368,5474376,19642.680,15630.873,0,379.414,0,36.943,6138,6433,2.610,1.380,0.730,4,0,137.787,0,0,11,33,0,58,0
17-06 01:51:27,54.060,13.014,32.036,0.250,0,1564624,702752,175368,5474388,11515.791,7873.745,0,284.316,0,23.026,5107,3852,2.640,1.410,0.740,3,0,120.133,0,0,11,33,0,56,0
17-06 01:51:28,52.851,9.972,36.398,0,0,1622772,644416,175368,5474576,16115.677,13332.504,0,207.417,0,16.952,4897,4417,2.640,1.410,0.740,2,0,95.731,0,0,11,34,0,57,0
17-06 01:51:29,57.557,8.759,33.283,0,0,1588972,678040,175368,5474752,21110.055,16324.282,0,188.188,0,9.009,6291,7849,2.640,1.410,0.740,4,0,43.043,0,0,11,32,0,59,0
17-06 01:51:30,55.091,10.017,33.806,0,0,1590856,676080,175368,5474816,12249.235,8530.091,0,172.285,0,13.022,4613,4282,2.640,1.410,0.740,3,0,43.071,0,0,11,33,0,59,0
17-06 01:51:31,43.223,8.245,47.221,0.250,0,1618328,648444,175368,5474980,18624.400,15629.266,0,1662.964,0,13.991,5069,4997,2.640,1.410,0.740,1,0,85.946,0,0,11,34,0,55,0
17-06 01:51:32,33.028,9.758,56.297,0.250,0,1425900,840816,175384,5475020,15386.947,11033.284,0,332.280,0,36.030,6027,6878,2.590,1.420,0.750,3,0,105.088,0,0,11,32,0,57,0
17-06 01:51:33,42.889,8.229,48.375,0,0,1562120,704588,175384,5475020,5381.070,2227.234,0,4085.424,0,151.608,3107,1663,2.590,1.420,0.750,1,0,36.904,0,0,11,33,0,57,0
17-06 01:51:34,32.841,4.262,61.670,0,0,1567720,698780,175392,5475216,20175.772,16501.615,0,176.488,0,16.044,4829,5881,2.590,1.420,0.750,2,0,0,0,0,11,33,0,58,0
17-06 01:51:35,38.129,12.211,48.346,0,0,1512376,754092,175400,5475236,7153.223,3678.288,0,207.340,0,18.940,4482,3436,2.590,1.420,0.750,2,0,137.562,0,0,11,32,0,58,0
17-06 01:51:36,35.082,4.761,59.640,0,0,1551936,714524,175400,5475244,15724.866,12118.411,0,140.329,0,6.014,3073,2232,2.590,1.420,0.750,2,0,0,0,0,11,34,0,58,0
17-06 01:51:37,37.915,7.234,54.128,0,0,1553292,713136,175404,5475272,12681.479,8176.610,0,323.273,0,31.928,4797,5198,2.540,1.430,0.750,2,0,59.865,0,0,11,32,0,60,0
17-06 01:51:38,39.485,6.997,52.230,0.250,0,1559508,706908,175404,5475284,9896.297,6438.591,0,147.945,0,9.996,3035,1940,2.540,1.430,0.750,2,0,4.998,0,0,11,33,0,60,0
17-06 01:51:39,38.246,3.750,57.244,0,0,1566648,699740,175404,5475320,18750.143,15538.461,0,439.956,0,53.995,5150,6044,2.540,1.430,0.750,1,0,0,0,0,11,33,0,60,0
17-06 01:51:40,38.100,8.773,52.387,0.251,0,1456996,809368,175408,5475336,9328.414,4813.598,0,248.651,0,23.060,3714,3271,2.540,1.430,0.750,2,0,48.126,0,0,11,32,0,61,0
17-06 01:51:41,38.163,4.490,56.621,0,0,1514728,751488,175412,5475480,14103.770,10649.663,0,139.681,0,7.982,3609,3121,2.540,1.430,0.750,2,0,0,0,0,11,34,0,61,0
17-06 01:51:42,32.201,9.735,56.664,0,0.250,1432872,833312,175412,5475512,18841.548,14808.638,0,343.481,0,33.949,6393,7424,2.580,1.460,0.770,3,0,145.780,0,0,11,32,0,63,0
17-06 01:51:43,23.535,10.015,65.097,0,0,1409208,856896,175420,5475576,5454.146,1568.342,0,156.233,0,9.013,3062,2281,2.580,1.460,0.770,1,0,137.205,0,0,11,32,0,56,0
17-06 01:51:44,19.301,3.008,77.957,0,0,1419768,846328,175424,5475580,10372.584,6561.449,0,168.448,0,8.021,1914,1511,2.580,1.460,0.770,1,0,0,0,0,11,33,0,56,0
17-06 01:51:45,18.190,1.993,77.992,0.498,0,1410160,855900,175436,5475604,11899.707,7207.202,0,625.933,0,45.849,3357,3996,2.580,1.460,0.770,1,0,0,0,0,11,32,0,57,0
17-06 01:51:46,10.536,19.316,69.236,0,0,1365900,900152,175436,5475612,4848.508,1559.309,0,28.096,0,7.024,4540,3079,2.580,1.460,0.770,1,0,284.970,0,0,11,32,0,57,0
17-06 01:51:47,21.440,2.992,74.541,0,0,1406936,859116,175436,5475612,6707.226,3575.990,0,0,0,0,1849,1240,2.450,1.450,0.770,0,0,0,0,0,11,33,0,56,0
17-06 01:51:48,18.288,2.505,77.913,0,0,1406904,859116,175440,5475640,14051.384,10225.383,0,348.729,0,24.050,3518,4316,2.450,1.450,0.770,1,0,0,0,0,11,32,0,57,0
17-06 01:51:49,19.963,6.987,72.365,0.250,0,1374640,891372,175448,5475640,4210.173,1455.294,0,1453.298,0,86.839,2485,1917,2.450,1.450,0.770,2,0,45.915,0,0,11,32,0,57,0
17-06 01:51:50,19.500,2.500,77.000,0.250,0,1406600,859396,175452,5475652,9803.049,6792.034,0,188.001,0,17.000,2159,1992,2.450,1.450,0.770,1,0,0,0,0,11,33,0,57,0
17-06 01:51:51,18.995,2.499,75.981,0,0,1406432,859396,175452,5475816,13838.576,9935.542,0,187.954,0,15.996,4588,5800,2.450,1.450,0.770,2,0,0,0,0,11,32,0,52,0
17-06 01:51:52,11.274,19.793,68.398,0,0,1368412,897256,175460,5475964,4947.731,1623.521,0,196.426,0,12.026,4987,3406,2.330,1.440,0.770,1,0,314.683,0,0,11,32,0,52,0
17-06 01:51:53,23.266,19.764,55.789,0.250,0.250,1385268,880372,175468,5475984,4743.347,1621.144,0,392.277,0,25.018,5139,3851,2.330,1.440,0.770,2,0,313.221,0,0,11,32,0,54,0
17-06 01:51:54,49.229,8.746,41.482,0,0,1504692,759852,175472,5476968,4618.029,1565.332,0,2562.906,0,140.940,3749,12915,2.330,1.440,0.770,2,0,37.984,0,0,11,32,0,55,0
17-06 01:51:55,37.772,6.504,45.277,9.255,0,1488028,770400,176212,5481812,4788.811,1620.951,0,24726.513,0,2113.240,10828,19825,2.330,1.440,0.770,1,1,91.053,0,0,11,36,0,49,0
17-06 01:51:56,35.217,8.742,40.961,10.990,0,1489996,764920,177108,5484324,4541.720,1564.526,0,43215.280,0,3759.458,16064,30087,2.330,1.440,0.770,1,1,71.932,0,0,11,36,0,49,0
17-06 01:51:57,42.310,8.011,44.814,4.256,0,1475680,779284,177328,5484032,4869.935,1568.233,0,19411.643,0,1542.196,8002,13017,2.310,1.450,0.780,2,0,13.019,0,0,11,32,0,49,0
17-06 01:51:58,43.968,7.744,46.965,0.999,0,1491524,763408,177340,5484052,4528.655,1510.884,0,7750.275,0,437.677,3953,3866,2.310,1.450,0.780,3,0,1.999,0,0,11,34,0,49,0
17-06 01:51:59,36.521,8.255,42.025,11.257,0,1538216,716032,177608,5484460,5028.960,1566.922,0,20183.879,0,2649.559,15540,27370,2.310,1.450,0.780,3,0,2.001,0,0,11,34,0,47,0
17-06 01:52:00,30.642,7.972,58.045,1.246,0,1449728,804352,177672,5484564,4934.585,1506.683,0,4866.824,0,419.519,4650,5453,2.310,1.450,0.780,1,0,98.652,0,0,11,32,0,47,0
17-06 01:52:01,21.264,5.003,72.796,0.250,0,1475172,778900,177672,5484572,4302.742,1080.689,0,1092.696,0,52.033,1972,1542,2.310,1.450,0.780,1,0,3.002,0,0,11,32,0,47,0
17-06 01:52:02,23.750,2.750,72.250,0.750,0,1426784,827220,177708,5484596,6279.019,1242.004,0,5380.016,0,286.001,2448,2466,2.200,1.440,0.780,2,0,2.000,0,0,11,32,0,47,0
17-06 01:52:03,22.496,3.249,73.737,0,0,1498436,755568,177708,5484596,5974.944,1295.771,0,0,0,0,1813,1232,2.200,1.440,0.780,1,0,2.000,0,0,11,32,0,47,0
17-06 01:52:04,22.818,3.260,73.720,0,0,1474932,779060,177708,5484608,6160.344,1287.835,0,0,0,0,1769,1191,2.200,1.440,0.780,1,0,1.003,0,0,11,32,0,46,0
17-06 01:52:05,21.912,3.735,73.455,0,0,1517936,736056,177708,5484608,4876.439,1290.822,0,0,0,0,1751,1124,2.200,1.440,0.780,1,0,1.992,0,0,11,32,0,46,0
17-06 01:52:06,24.024,2.252,73.073,0,0,1533092,720808,177708,5484688,4914.892,1351.345,0,0,0,0,1678,1014,2.200,1.440,0.780,1,0,0,0,0,11,32,0,46,0
17-06 01:52:07,22.748,3.500,73.744,0,0,1517936,735936,177708,5484716,4828.580,971.915,0,0,0,0,1783,1198,2.100,1.430,0.780,2,0,1.000,0,0,11,32,0,46,0
17-06 01:52:08,22.251,3.750,73.504,0,0,1547440,706428,177708,5484716,4240.223,1080.057,0,176.009,0,3.000,1768,1144,2.100,1.430,0.780,2,0,2.000,0,0,11,32,0,41,0
17-06 01:52:09,24.001,2.000,73.003,0.250,0,1539184,714596,177708,5484804,3936.168,1296.055,0,524.022,0,42.002,1858,1434,2.100,1.430,0.780,3,0,0,0,0,11,32,0,41,0
17-06 01:52:10,21.748,4.750,73.493,0,0,1505100,748668,177708,5484816,4439.602,1619.855,0,1835.835,0,218.980,1854,1350,2.100,1.430,0.780,2,0,1.000,0,0,11,32,0,41,0
17-06 01:52:11,21.746,3.749,73.488,0,0,1482920,770832,177708,5484832,4259.293,1619.731,0,35.994,0,1.000,1836,1304,2.100,1.430,0.780,1,0,1.000,0,0,11,32,0,41,0
17-06 01:52:12,22.256,3.751,74.021,0,0,1512720,741032,177708,5484832,5298.529,1620.468,0,0,0,0,1787,1133,2.020,1.430,0.780,1,0,3.001,0,0,11,32,0,37,0
17-06 01:52:13,22.255,3.501,73.517,0,0,1490936,762796,177708,5484852,4699.118,1458.347,0,0,0,0,1737,1198,2.020,1.430,0.780,1,0,1.000,0,0,11,32,0,37,0
17-06 01:52:14,22.470,3.495,73.651,0,0,1484640,769048,177708,5484892,4202.326,1186.398,0,3.995,0,0.999,1687,1136,2.020,1.430,0.780,1,0,0.999,0,0,11,32,0,37,0
17-06 01:52:15,22.497,3.499,73.489,0,0,1494736,758948,177712,5484892,4743.263,1403.782,0,167.974,0,4.999,1730,1219,2.020,1.430,0.780,2,0,0,0,0,11,32,0,37,0
17-06 01:52:16,22.729,3.247,73.681,0,0,1516368,737316,177712,5484892,4901.378,1564.525,0,0,0,0,1742,1125,2.020,1.430,0.780,1,0,1.998,0,0,11,32,0,33,0
17-06 01:52:17,12.786,15.042,70.950,0,0,1458912,794604,177712,5485048,5103.402,1516.279,0,88.249,0,1.003,4140,2779,1.850,1.400,0.780,1,0,219.620,0,0,11,32,0,33,0
17-06 01:52:18,8.248,21.994,67.731,0,0,1455564,797916,177712,5485068,4904.596,1565.552,0,791.773,0,8.997,5444,3844,1.850,1.400,0.780,2,0,360.897,0,0,11,32,0,33,0
17-06 01:52:19,8.262,21.280,69.099,0.501,0,1420520,832924,177716,5485104,4838.919,1514.165,0,1001.432,0,44.063,5344,3981,1.850,1.400,0.780,2,0,280.401,0,0,11,32,0,33,0
17-06 01:52:20,8.742,20.981,68.687,0,0,1417448,835968,177716,5485128,4781.636,1606.534,0,95.912,0,2.997,5358,3737,1.850,1.400,0.780,1,0,322.705,0,0,11,32,0,31,0
17-06 01:52:21,12.526,14.781,70.897,0,0,1421588,831812,177716,5485144,4601.547,1515.144,0,0,0,0,3829,2686,1.850,1.400,0.780,1,0,186.387,0,0,11,32,0,31,0
17-06 01:52:22,22.671,3.737,72.995,0,0,1465588,787828,177716,5485128,5105.139,1560.540,0,0,0,0,1828,1233,1.790,1.400,0.780,1,0,2.990,0,0,11,32,0,31,0
17-06 01:52:23,22.020,3.753,73.816,0,0,1462684,790716,177716,5485144,4582.126,1459.314,0,16.014,0,1.001,1792,1213,1.790,1.400,0.780,1,0,1.001,0,0,11,32,0,31,0
17-06 01:52:24,22.007,3.751,73.025,0,0,1512876,740544,177716,5485124,4741.611,1620.551,0,0,0,0,1842,1287,1.790,1.400,0.780,2,0,2.001,0,0,11,32,0,24,0
17-06 01:52:25,23.474,2.747,73.919,0,0,1487728,765672,177716,5485144,4467.105,1510.345,0,2049.754,0,13.985,1763,1125,1.790,1.400,0.780,1,0,0.999,0,0,11,32,0,24,0
17-06 01:52:26,22.263,3.252,73.544,0,0,1500040,753372,177716,5485132,5103.058,1620.971,0,632.379,0,112.067,1767,1199,1.790,1.400,0.780,1,0,0,0,0,11,32,0,24,0
17-06 01:52:27,22.996,3.249,73.487,0,0,1491136,762276,177716,5485132,4756.188,1619.723,0,19.997,0,2.000,1765,1049,1.800,1.410,0.790,2,0,2.999,0,0,11,32,0,24,0
17-06 01:52:28,23.007,3.251,73.522,0,0,1481896,771524,177716,5485124,4561.338,1620.476,0,0,0,0,1778,1212,1.800,1.410,0.790,1,0,0,0,0,11,32,0,18,0
17-06 01:52:29,23.026,3.754,72.831,0.250,0,1505392,748024,177720,5485124,4204.701,1621.813,0,524.587,0,33.037,1930,1683,1.800,1.410,0.790,1,0,2.002,0,0,11,32,0,18,0
17-06 01:52:30,21.975,2.997,73.916,0,0,1510824,742580,177720,5485136,5080.223,1606.174,0,223.746,0,2.997,1809,1261,1.800,1.410,0.790,1,0,0.999,0,0,11,32,0,18,0
17-06 01:52:31,22.497,3.500,73.241,0,0,1547636,705768,177720,5485136,4499.442,1619.799,0,0,0,0,1757,1124,1.800,1.410,0.790,1,0,2.000,0,0,11,32,0,18,0
17-06 01:52:32,22.754,2.750,73.763,0,0,1506616,746776,177720,5485148,4789.857,1512.271,0,28.005,0,3.001,1739,1120,1.740,1.400,0.790,1,0,2.000,0,0,11,32,0,13,0
17-06 01:52:33,22.998,4.500,72.993,0,0,1554636,698740,177720,5485120,5207.500,1565.850,0,0,0,0,1851,1212,1.740,1.400,0.790,1,0,7.999,0,0,11,32,0,13,0
17-06 01:52:34,23.253,2.750,73.508,0,0,1566912,686464,177720,5485120,4472.507,1512.171,0,28.003,0,1.000,1665,1085,1.740,1.400,0.790,1,0,0,0,0,11,32,0,13,0
17-06 01:52:35,21.751,3.750,73.503,0,0,1516820,736612,177724,5485060,4426.167,1566.059,0,80.003,0,2.000,1791,1216,1.740,1.400,0.790,2,0,1.000,0,0,11,32,0,13,0
17-06 01:52:36,22.197,3.242,73.576,0,0,1543568,709864,177724,5485060,4940.305,1508.429,0,151.641,0,33.920,1763,1163,1.740,1.400,0.790,2,0,1.995,0,0,11,32,0,11,0
17-06 01:52:37,23.305,2.757,73.674,0,0,1491024,762320,177724,5485148,5600.211,1663.925,0,88.208,0,1.002,1705,1069,1.680,1.390,0.790,4,0,1.002,0,0,11,32,0,11,0
17-06 01:52:38,22.504,3.251,73.762,0,0,1467596,785748,177724,5485148,5012.847,1512.256,0,16.003,0,2.000,1774,1218,1.680,1.390,0.790,2,0,1.000,0,0,11,32,0,11,0
17-06 01:52:39,22.497,3.499,73.239,0.500,0,1508292,745048,177740,5485136,4727.265,1565.756,0,495.923,0,37.994,1956,1773,1.680,1.390,0.790,2,0,0,0,0,11,32,0,11,0
17-06 01:52:40,22.496,2.999,73.737,0,0,1526924,726416,177740,5485136,4517.173,1457.733,0,79.985,0,2.000,1707,1083,1.680,1.390,0.790,1,0,2.000,0,0,11,32,0,7,0
17-06 01:52:41,21.993,3.999,73.478,0,0.250,1493904,759440,177740,5485132,4692.582,1511.543,0,0,0,0,1822,1260,1.680,1.390,0.790,3,0,1.000,0,0,11,32,0,7,0
17-06 01:52:42,22.511,4.002,73.285,0,0,1473404,779916,177740,5485156,4657.250,1458.705,0,24.012,0,1.000,1869,1273,1.620,1.390,0.790,2,0,2.001,0,0,11,32,0,7,0
17-06 01:52:43,22.246,3.499,73.488,0,0,1485636,767692,177740,5485148,5145.168,1565.747,0,0,0,0,1820,1180,1.620,1.390,0.790,3,0,2.000,0,0,11,32,0,7,0
17-06 01:52:44,20.029,7.261,72.856,0,0,1457404,795884,177740,5485188,4959.198,1514.198,0,44.064,0,4.006,2419,1566,1.620,1.390,0.790,1,0,72.105,0,0,11,32,0,5,0
17-06 01:52:45,9.007,22.018,67.556,0,0,1449420,803840,177744,5485212,6615.489,1621.345,0,292.242,0,11.009,5587,3830,1.620,1.390,0.790,2,0,365.303,0,0,11,32,0,5,0
17-06 01:52:46,20.205,5.488,73.836,0,0,1506772,746460,177744,5485224,4968.994,1616.420,0,315.302,0,43.903,1889,1501,1.620,1.390,0.790,1,0,22.949,0,0,11,32,0,5,0
17-06 01:52:47,24.003,1.750,73.510,0,0,1525376,727676,177744,5485404,5237.688,1620.213,0,0,0,0,1662,1017,1.570,1.380,0.790,1,0,0,0,0,11,32,0,5,0
17-06 01:52:48,21.751,4.500,73.502,0,0,1497568,755420,177744,5485468,4560.124,1620.044,0,0,0,0,1912,1307,1.570,1.380,0.790,2,0,9.000,0,0,11,32,0,5,0
17-06 01:52:49,23.996,2.500,72.739,0,0.250,1496196,756780,177752,5485476,4023.379,1403.784,0,587.909,0,36.994,1828,1466,1.570,1.380,0.790,1,0,0,0,0,11,32,0,3,0
17-06 01:52:50,13.264,17.768,66.819,0,0,1455184,797652,177752,5485612,3958.096,1135.175,40.041,60.062,2.002,3.003,4467,3091,1.570,1.380,0.790,2,0,272.282,0,0,11,32,0,3,0
17-06 01:52:51,7.511,21.782,68.602,0,0,1440640,812176,177752,5485632,3803.650,1460.169,0,152.226,0,7.010,5082,3442,1.570,1.380,0.790,2,0,290.431,0,0,11,32,0,3,0
17-06 01:52:52,7.995,22.486,67.457,0,0,1428524,824264,177752,5485652,4883.896,1618.971,0,287.817,0,39.975,5186,3651,1.530,1.370,0.790,1,0,318.797,0,0,11,32,0,3,0
17-06 01:52:53,8.003,22.259,67.278,0,0,1416516,836292,177752,5485668,4820.030,1458.614,0,92.039,0,2.001,5295,3719,1.530,1.370,0.790,1,0,329.139,0,0,11,32,0,3,0
17-06 01:52:54,12.227,24.453,60.884,0.250,0.250,1398628,854148,177752,5485692,4730.992,1616.921,0,550.951,0,6.987,5958,14846,1.530,1.370,0.790,1,0,363.308,0,0,11,32,0,4,0
17-06 01:52:55,8.522,23.311,66.675,0,0,1396984,855780,177752,5485704,4770.532,1461.840,0,705.854,0,8.021,5112,3355,1.530,1.370,0.790,2,0,300.790,0,0,11,32,0,4,0
17-06 01:52:56,8.242,21.230,68.435,0,0.500,1388348,864400,177752,5485716,5352.933,1456.621,0,707.330,0,8.991,5145,3381,1.530,1.370,0.790,2,0,291.724,0,0,11,32,0,4,0
17-06 01:52:57,8.482,22.701,66.855,0,0,1382056,870672,177752,5485732,5602.880,1454.853,0,702.480,0,7.983,5243,3538,1.490,1.370,0.790,3,0,318.311,0,0,11,32,0,1,0
17-06 01:52:58,7.756,20.515,69.300,0,0,1376460,876244,177752,5485752,5283.796,1621.165,0,380.273,0,5.004,4939,3336,1.490,1.370,0.790,1,0,275.198,0,0,11,32,0,1,0
17-06 01:52:59,8.252,21.004,68.514,0.250,0,1369168,883500,177768,5485772,4578.921,1458.293,0,2080.419,0,96.019,5315,3888,1.490,1.370,0.790,1,0,287.058,0,0,11,32,0,1,0
17-06 01:53:00,7.757,21.020,69.067,0,0,1364376,888272,177768,5485792,4684.528,1621.567,0,140.135,0,5.005,5171,3503,1.490,1.370,0.790,1,0,301.291,0,0,11,32,0,1,0
17-06 01:53:01,8.239,21.472,68.911,0,0,1363644,888972,177768,5485824,5572.770,1617.901,0,195.746,0,6.991,5377,3609,1.490,1.370,0.790,2,0,319.585,0,0,11,32,0,1,0
17-06 01:53:02,7.763,22.787,67.609,0,0,1367012,885592,177768,5485836,6146.905,1622.615,0,44.071,0,11.018,5434,3782,1.530,1.380,0.800,1,0,350.565,0,0,11,32,0,1,0
17-06 01:53:03,8.503,21.258,68.275,0,0,1325952,926624,177768,5485860,5882.179,1620.600,0,20.007,0,3.001,5468,4023,1.530,1.380,0.800,2,0,348.129,0,0,11,32,0,1,0
17-06 01:53:04,33.004,32.004,34.005,0,0,1394948,857560,177788,5485904,5418.733,1458.197,0,1140.154,0,66.009,6930,6364,1.530,1.380,0.800,3,0,736.100,0,0,11,32,0,7,0
17-06 01:53:05,62.768,13.504,24.007,0,0,1583964,667872,177800,5486488,5461.567,1620.465,0,516.148,0,23.007,3926,1876,1.530,1.380,0.800,4,0,3.001,0,0,11,32,0,7,0
17-06 01:53:06,50.367,10.223,28.175,9.974,0,1658240,583040,178384,5495244,5284.008,1454.149,371.018,40943.578,2.992,2818.536,13086,24290,1.530,1.380,0.800,5,0,74.802,0,0,11,38,0,8,0
17-06 01:53:07,40.105,12.533,30.329,14.538,0,1678548,550884,179056,5506064,5611.706,1624.257,0,84397.172,0,6009.749,20661,41857,1.720,1.420,0.820,3,0,162.426,0,0,11,36,0,8,0
17-06 01:53:08,38.581,9.708,32.856,15.433,0,1714248,503992,179352,5516564,7166.672,3792.422,0,88349.797,0,6893.865,21253,43517,1.720,1.420,0.820,3,0,65.713,0,0,11,37,0,8,0
17-06 01:53:09,42.169,12.550,31.878,11.797,0,1606420,605000,179708,5522772,12045.336,8701.920,0,50494.629,0,4108.487,17025,31754,1.720,1.420,0.820,4,0,176.709,0,0,11,34,0,9,0
17-06 01:53:10,41.938,22.966,24.963,7.239,0,1634588,569416,179988,5529652,4451.420,1455.848,295.563,43236.089,3.994,3088.435,16509,29240,1.720,1.420,0.820,4,0,295.563,0,0,11,34,0,9,0
17-06 01:53:11,37.824,19.789,30.309,9.268,0.250,1651776,547036,180324,5534256,9188.894,6664.979,1615.145,57084.163,30.059,4015.820,16964,32311,1.720,1.420,0.820,2,0,227.443,0,0,11,35,0,9,0
17-06 01:53:12,29.219,7.742,48.199,11.987,0,1643332,552576,180424,5536988,15153.809,11095.146,0,50166.401,0,4026.698,18938,35840,1.910,1.460,0.840,1,1,54.941,0,0,11,35,0,9,0
17-06 01:53:13,31.457,8.738,43.940,12.982,0,1548232,647872,180588,5536584,10128.159,6459.173,0,44131.691,0,3808.795,17099,32078,1.910,1.460,0.840,5,1,53.926,0,0,11,34,0,9,0
17-06 01:53:14,36.335,7.768,40.344,14.033,0,1594144,599860,180752,5538484,6287.690,3474.116,0,47414.773,0,4168.739,15518,29067,1.910,1.460,0.840,2,1,42.098,0,0,11,35,0,9,0
17-06 01:53:15,29.613,6.719,46.534,12.193,0,1589124,604096,180952,5539036,14082.677,10340.037,0,52181.952,0,4357.786,18370,34883,1.910,1.460,0.840,2,0,29.861,0,0,11,35,0,9,0
17-06 01:53:16,39.687,5.777,43.706,8.791,0,1549420,641844,181032,5540872,15019.789,10964.677,0,32006.850,0,2852.444,14817,27263,1.910,1.460,0.840,2,1,40.189,0,0,11,36,0,10,0
17-06 01:53:17,32.750,11.750,40.000,11.750,0,1602872,585840,181056,5543336,5546.985,1619.996,0,47311.873,0,3884.990,16976,30668,1.920,1.470,0.840,2,1,118.000,0,0,11,36,0,10,0
17-06 01:53:18,31.886,8.470,44.590,12.206,0,1615000,570596,181176,5546232,12415.501,8422.811,0,57709.161,0,4425.140,17932,33509,1.920,1.470,0.840,2,0,50.818,0,0,11,37,0,10,0
17-06 01:53:19,29.353,8.279,47.166,12.293,0,1614464,568016,181284,5549156,18447.927,13739.356,0,63455.331,0,5002.607,21505,40999,1.920,1.470,0.840,3,1,78.275,0,0,11,37,0,10,0
17-06 01:53:20,35.223,10.742,40.719,11.241,0,1620428,559384,181340,5551684,5938.504,2149.373,0,50405.836,0,4519.578,18395,35336,1.920,1.470,0.840,2,0,101.923,0,0,11,36,0,10,0
17-06 01:53:21,34.230,8.245,42.725,12.493,0,1650064,533024,181376,5548332,10424.829,6690.040,0,59021.063,0,5062.004,19164,37054,1.920,1.470,0.840,3,0,20.988,0,0,11,37,0,10,0
17-06 01:53:22,30.786,7.509,48.557,10.262,0,1638716,543480,181440,5549164,15620.298,11272.205,0,47267.370,0,3861.523,18016,33775,2,1.500,0.850,2,1,28.033,0,0,11,37,0,10,0
17-06 01:53:23,35.969,10.991,47.959,3.747,0,1459840,722384,181444,5549132,10509.016,7055.968,0,17768.810,0,1359.838,8870,13653,2,1.500,0.850,3,0,164.859,0,0,11,32,0,12,0
17-06 01:53:24,23.452,9.480,65.614,0.499,0,1518240,663936,181448,5549176,5019.631,2911.985,0,8167.130,0,486.994,3395,3356,2,1.500,0.850,0,0,116.759,0,0,11,33,0,12,0
17-06 01:53:25,18.797,2.005,77.696,0.501,0,1510068,671840,181452,5549440,13531.165,8960.625,0,3368.505,0,158.400,3418,4041,2,1.500,0.850,1,0,0,0,0,11,32,0,13,0
17-06 01:53:26,19.460,6.487,73.100,0,0,1454992,726916,181452,5549440,4508.748,1455.014,0,51.894,0,5.988,2097,1439,2,1.500,0.850,1,0,33.930,0,0,11,32,0,13,0
17-06 01:53:27,16.743,2.999,79.718,0,0,1476996,704908,181452,5549444,10209.966,7359.092,0,0,0,0,1841,1516,1.920,1.490,0.850,0,0,0,0,0,11,33,0,13,0
17-06 01:53:28,18.801,7.270,73.197,0,0,1482096,699712,181452,5549540,6068.358,2432.557,0,260.703,0,22.059,3032,2633,1.920,1.490,0.850,1,0,60.162,0,0,11,32,0,14,0
17-06 01:53:29,19.000,2.500,78.000,0,0,1525424,656380,181452,5549544,7365.961,6622.965,0,36.000,0,4.000,1960,1643,1.920,1.490,0.850,0,0,0,0,0,11,33,0,14,0
17-06 01:53:30,21.192,1.994,75.542,0,0,1512252,669400,181452,5549696,12796.692,6908.937,0,0,0,0,3327,3601,1.920,1.490,0.850,1,0,0,0,0,11,32,0,15,0
17-06 01:53:31,20.496,6.249,72.486,0.250,0,1473036,708616,181452,5549696,4559.138,1619.694,0,247.953,0,19.996,2504,2015,1.920,1.490,0.850,1,0,42.992,0,0,11,32,0,15,0
17-06 01:53:32,19.007,2.501,77.528,0,0,1482244,699400,181452,5549704,12207.434,8484.081,0,152.055,0,11.004,2706,2817,1.770,1.470,0.850,1,0,1.000,0,0,11,33,0,15,0
17-06 01:53:33,13.973,9.981,74.107,0,0,1442544,739028,181452,5549764,8915.739,5302.734,0,279.459,0,21.957,4123,3835,1.770,1.470,0.850,1,0,124.758,0,0,11,32,0,16,0
17-06 01:53:34,7.786,23.106,67.559,0.251,0,1425920,755536,181452,5549880,4323.789,1464.703,0,554.538,0,14.064,5204,3470,1.770,1.470,0.850,1,0,314.439,0,0,11,32,0,16,0
17-06 01:53:35,27.260,24.509,46.517,0,0,1424872,756364,181472,5550080,4321.563,1620.586,0,864.313,0,64.023,5839,4664,1.770,1.470,0.850,3,0,365.132,0,0,11,32,0,22,0
17-06 01:53:36,64.011,11.208,24.160,0,0,1586048,594080,181516,5551144,5140.792,1613.970,0,342.719,0,7.970,3845,1610,1.770,1.470,0.850,3,0,2.989,0,0,11,32,0,22,0
17-06 01:53:37,65.549,10.508,23.518,0.250,0,1781508,395784,181612,5553496,5383.043,1553.167,0,6648.994,0,100.075,3976,1698,1.870,1.490,0.860,3,0,0,0,0,11,32,0,22,0
17-06 01:53:38,49.885,7.019,35.346,6.768,0.251,1792476,374140,181768,5563440,5234.179,1624.400,0,33675.221,0,2410.530,13234,21589,1.870,1.490,0.860,7,0,126.342,0,0,11,38,0,22,0
17-06 01:53:39,27.755,9.752,45.008,13.502,0,1792564,362296,181880,5574704,5220.935,1620.290,0,114328.465,0,8117.453,26749,56217,1.870,1.490,0.860,5,0,264.047,0,0,11,38,0,22,0
17-06 01:53:40,39.685,9.734,36.690,10.982,0,1793692,351716,181936,5583740,4971.861,1617.352,0,95116.293,0,7760.296,28785,57567,1.870,1.490,0.860,6,0,173.716,0,0,11,38,0,22,0
17-06 01:53:41,41.300,13.266,32.039,11.264,0,1680224,453612,182016,5594836,4623.604,1459.769,0,78667.356,0,5784.011,22045,42741,1.870,1.490,0.860,5,0,243.295,0,0,11,36,0,22,0
17-06 01:53:42,45.255,10.001,30.503,11.501,0,1740436,383052,182052,5604772,5057.523,1620.168,0,86824.982,0,5657.585,20040,38304,2.280,1.580,0.890,2,1,20.002,0,0,11,36,0,22,0
17-06 01:53:43,41.646,9.975,32.170,13.217,0,1794768,320596,182072,5612528,5566.109,1615.967,0,85706.103,0,6379.080,21057,43229,2.280,1.580,0.890,1,2,70.823,0,0,11,38,0,22,0
17-06 01:53:44,43.753,9.001,35.003,10.751,0,1726104,386360,182112,5615308,4998.397,1458.116,0,66153.257,0,4809.382,15801,31616,2.280,1.580,0.890,2,0,150.012,0,0,11,36,0,22,0
17-06 01:53:45,24.718,15.730,58.675,0.250,0,1414496,697928,182112,5615344,5632.791,1617.929,0,1102.589,0,67.913,4330,3056,2.280,1.580,0.890,1,0,248.682,0,0,11,32,0,22,0
17-06 01:53:46,21.775,4.505,72.582,0.501,0,1434796,677624,182112,5615348,4342.909,1459.650,0,4933.577,0,281.318,2224,2395,2.280,1.580,0.890,1,0,1.001,0,0,11,32,0,22,0
17-06 01:53:47,22.992,2.999,73.223,0,0,1496756,615664,182112,5615348,5125.140,1619.412,0,0,0,0,1911,1414,2.180,1.570,0.900,1,0,1.999,0,0,11,36,0,22,0
17-06 01:53:48,23.010,3.502,72.783,0,0,1402500,709912,182112,5615356,4399.985,1458.658,0,176.079,0,12.005,2381,1795,2.180,1.570,0.900,1,0,26.012,0,0,11,32,0,22,0
17-06 01:53:49,21.994,4.249,73.480,0,0,1421400,691012,182112,5615356,4336.821,1457.604,0,39.989,0,3.999,1859,1264,2.180,1.570,0.900,1,0,1.999,0,0,11,32,0,22,0
17-06 01:53:50,22.519,3.253,73.312,0,0,1479612,632800,182112,5615356,4263.597,1621.368,0,4.003,0,1.001,1780,1180,2.180,1.570,0.900,1,0,2.002,0,0,11,32,0,22,0
17-06 01:53:51,22.283,4.757,72.606,0.250,0,1370252,742148,182112,5615368,3983.843,1460.141,0,652.958,0,47.069,2479,1916,2.180,1.570,0.900,2,0,33.048,0,0,11,32,0,22,0
17-06 01:53:52,11.261,40.538,46.293,0,0,1371136,741228,182112,5615404,4941.636,1621.521,0,416.391,0,42.039,7281,6249,2.080,1.560,0.900,2,0,857.805,0,0,11,32,0,22,0
17-06 01:53:53,8.993,29.727,59.953,0,0,1379412,732916,182112,5615440,4976.076,1618.724,0,247.805,0,18.985,5829,4289,2.080,1.560,0.900,2,0,504.602,0,0,11,32,0,22,0
17-06 01:53:54,11.256,23.762,63.532,0,0,1401748,710524,182112,5618112,4622.313,1620.811,0,24.012,0,6.003,5701,7415,2.080,1.560,0.900,2,0,387.194,0,0,11,32,0,22,0
17-06 01:53:55,9.492,20.232,68.690,0,0,1391864,720364,182112,5615536,4615.984,1618.592,0,359.687,0,79.930,5518,7392,2.080,1.560,0.900,1,0,294.744,0,0,11,32,0,23,0
17-06 01:53:56,8.721,22.177,68.026,0,0,1391720,720484,182112,5615556,4604.818,1614.677,0,31.895,0,7.974,5318,3569,2.080,1.560,0.900,1,0,277.086,0,0,11,32,0,23,0
17-06 01:53:57,14.299,18.313,64.973,0,0,1391344,720796,182112,5615920,5014.179,1625.569,0,20.069,0,5.017,6354,6617,1.990,1.550,0.900,3,0,235.808,0,0,11,32,0,23,0
17-06 01:53:58,34.764,16.006,47.769,0,0,1458884,653244,182124,5616052,4339.733,1458.582,0,4.002,0,1.000,4447,3753,1.990,1.550,0.900,2,0,184.074,0,0,11,33,0,22,0
17-06 01:53:59,44.134,7.231,48.622,0,0,1575960,536064,182124,5616152,4907.105,1615.754,0,183.518,0,1.995,2797,1389,1.990,1.550,0.900,4,0,0,0,0,11,33,0,22,0
17-06 01:54:00,48.982,5.998,44.484,0.250,0,1622820,488492,182168,5616808,4396.425,1457.478,0,919.671,0,70.975,4049,3231,1.990,1.550,0.900,4,0,18.993,0,0,11,49,0,22,0
17-06 01:54:01,33.054,12.020,53.337,0.501,0,1649952,457536,182196,5620228,4988.106,1622.637,0,2864.655,0,304.495,6160,7974,1.990,1.550,0.900,2,0,113.184,0,0,11,48,0,22,0
17-06 01:54:02,10.005,21.761,66.285,0,0,1654420,452984,182200,5620684,5737.995,1458.761,0,244.127,0,16.008,5973,5875,1.910,1.540,0.900,1,0,290.151,0,0,11,48,0,22,0
17-06 01:54:03,14.217,9.478,74.827,0,0,1651896,455484,182200,5620260,5866.421,1616.259,0,0,0,0,3554,4265,1.910,1.540,0.900,0,0,89.792,0,0,11,48,0,22,0
17-06 01:54:04,1.500,0.250,98.014,0,0,1642012,465368,182200,5620260,5990.839,1350.189,0,800.112,0,2.000,774,957,1.910,1.540,0.900,0,0,3.000,0,0,11,48,0,22,0
17-06 01:54:05,0.750,1.249,97.207,0,0,1640260,467120,182200,5620260,4006.242,647.716,0,0,0,0,722,946,1.910,1.540,0.900,0,0,1.999,0,0,11,48,0,22,0
17-06 01:54:06,1.000,0.500,97.292,0,0,1637300,470048,182200,5620292,5208.239,1566.674,0,0,0,0,865,1018,1.910,1.540,0.900,0,0,2.001,0,0,11,48,0,16,0
17-06 01:54:07,2.500,3.000,94.004,0,0,1629416,477932,182200,5620284,4765.200,1188.050,0,2756.116,0,23.001,1397,1504,1.840,1.540,0.900,0,0,27.001,0,0,11,48,0,16,0
17-06 01:54:08,16.000,17.500,63.750,0.250,0,1683268,424036,182200,5620744,4384.001,1404.000,0,7336.001,0,347.000,5926,9294,1.840,1.540,0.900,1,0,250.000,0,0,11,48,0,16,0
17-06 01:54:09,12.022,16.030,69.879,0.250,0,1701540,405768,182200,5620304,4646.561,1460.691,0,2308.253,0,113.209,4614,4756,1.840,1.540,0.900,3,0,231.426,0,0,11,48,0,16,0
17-06 01:54:10,22.948,21.701,53.380,0.249,0,1694752,412444,182200,5620716,4914.960,1853.836,0,343.229,0,27.937,6392,6633,1.840,1.540,0.900,1,0,297.332,0,0,12,64,0,14,0
17-06 01:54:11,17.258,13.006,68.282,0.250,0,1681784,425460,182200,5620308,4081.887,1620.749,0,460.213,0,29.013,5059,5925,1.840,1.540,0.900,0,0,156.072,0,0,12,64,0,14,0
17-06 01:54:12,5.255,9.760,83.587,0,0,1686520,420676,182200,5620376,4651.856,1621.693,0,304.318,0,15.016,2820,2667,1.690,1.510,0.890,1,0,182.190,0,0,13,64,0,14,0
17-06 01:54:13,18.038,16.535,64.637,0,0,1676152,430992,182200,5620400,4750.052,1665.525,0,204.433,0,8.017,4774,6919,1.690,1.510,0.890,1,0,190.403,0,0,14,64,0,14,0
17-06 01:54:14,8.489,18.725,70.907,0,0,1681928,425044,182200,5620568,4434.175,1617.875,0,3.995,0,0.999,5066,3775,1.690,1.510,0.890,1,0,304.600,0,0,14,66,0,14,0
17-06 01:54:15,7.747,21.741,68.973,0,0,1663576,443240,182200,5620724,4636.154,1583.370,0,31.987,0,7.997,5210,3596,1.690,1.510,0.890,1,0,281.888,0,0,14,66,0,14,0
17-06 01:54:16,15.014,19.267,63.807,0,0,1674020,432776,182200,5621084,4864.382,1621.461,0,5136.627,0,391.353,6406,6821,1.690,1.510,0.890,6,0,239.215,0,0,14,66,0,14,0
17-06 01:54:17,24.222,22.474,52.690,0,0,1721760,385028,182212,5620736,4931.392,1618.160,0,307.650,0,9.989,5205,3978,1.720,1.520,0.900,3,0,284.676,0,0,14,66,0,14,0
17-06 01:54:18,28.791,25.286,45.566,0,0,1790932,315784,182236,5620772,4524.519,1460.104,0,676.975,0,7.010,6000,4223,1.720,1.520,0.900,3,0,399.576,0,0,14,66,0,14,0
17-06 01:54:19,29.999,25.250,43.749,0,0,1869636,235444,182288,5622244,4877.918,1457.975,0,39.999,0,7.000,6757,8237,1.720,1.520,0.900,2,0,478.992,0,0,14,70,0,15,0
17-06 01:54:20,28.010,26.760,43.766,0,0,1941532,163512,182288,5622276,4861.747,1752.630,0,44.016,0,11.004,5943,4458,1.720,1.520,0.900,3,0,383.138,0,0,14,70,0,15,0
17-06 01:54:21,39.507,17.253,40.758,0.500,0.250,1909752,213452,177348,5609540,4698.877,1458.272,0,0,0,0,5879,7321,1.720,1.520,0.900,4,0,207.039,0,0,14,70,0,15,0
17-06 01:54:22,50.489,28.244,20.745,0,0,2041400,193304,171744,5506076,4675.953,1079.758,19.996,1307.707,2.000,11.997,6159,4917,1.980,1.580,0.920,3,0,451.899,0,0,14,70,0,15,0
17-06 01:54:23,62.470,20.740,16.742,0.250,0,2129252,172552,167328,5445072,4889.648,1511.273,259.875,1123.460,9.995,120.942,6111,8367,1.980,1.580,0.920,5,0,246.881,0,0,14,70,0,14,0
17-06 01:54:24,68.706,28.130,2.489,0.249,0,2250428,156180,167564,5342712,4466.872,1559.323,908.111,1621.058,86.629,109.531,6382,6979,1.980,1.580,0.920,7,0,534.710,0,0,14,70,0,14,0
17-06 01:54:25,72.042,22.090,3.765,0.753,0,2405728,155424,167260,5191596,4476.160,1463.939,273.108,7225.313,10.041,521.114,7937,10613,1.980,1.580,0.920,8,0,244.994,0,0,14,74,0,14,0
17-06 01:54:26,63.222,24.989,7.247,3.498,0,2493584,184088,167264,5077536,4889.860,1511.339,499.781,28655.461,11.995,2023.115,13841,24334,1.980,1.580,0.920,6,0,394.827,0,0,14,76,0,14,0
17-06 01:54:27,73.572,21.521,3.253,0.500,0,2588912,159120,167372,5009020,4409.290,1189.157,416.405,7983.767,23.022,613.597,12328,21720,2.380,1.670,0.960,5,0,221.215,0,0,14,80,0,18,0
17-06 01:54:28,68.678,26.722,4.745,0,0,2699844,190936,167380,4868728,3728.099,970.984,263.724,1218.725,13.985,73.923,7733,11118,2.380,1.670,0.960,4,0,560.414,0,0,14,91,0,24,0
17-06 01:54:29,44.388,25.935,28.927,0,0,2755656,133600,167380,4870876,4414.871,1562.062,0,1264.812,0,59.849,7932,10399,2.380,1.670,0.960,5,0,396.002,0,0,14,89,0,26,0
17-06 01:54:30,47.333,18.282,33.058,0.250,0,2834892,192604,167384,4735504,4988.771,1713.012,3117.481,861.515,34.060,40.070,5598,6033,2.380,1.670,0.960,3,0,253.446,0,0,14,92,0,26,0
17-06 01:54:31,57.963,10.243,30.480,0.500,0,2961064,133292,167388,4670428,4736.957,1688.915,3.997,5652.369,0.999,290.813,5517,8467,2.380,1.670,0.960,2,0,8.994,0,0,14,94,0,27,0
17-06 01:54:32,17.782,17.031,63.867,0.501,0,2976912,186456,167408,4603048,4917.975,1514.764,4.007,11749.443,1.002,620.132,5883,4895,2.190,1.640,0.950,1,0,247.452,0,0,14,97,0,28,0
17-06 01:54:33,8.002,20.006,70.021,0,0,2983924,179368,167408,4603124,5041.544,1620.496,52.016,108.033,4.001,12.004,5160,3617,2.190,1.640,0.950,2,0,271.083,0,0,14,97,0,28,0
17-06 01:54:34,7.252,19.504,70.266,0.250,0.250,2987000,176244,167408,4603156,4849.108,1566.358,0,692.158,0,12.003,4923,3352,2.190,1.640,0.950,2,0,246.056,0,0,14,97,0,28,0
17-06 01:54:35,9.730,18.960,70.353,0,0,3002992,160256,167408,4603172,4881.785,1508.843,0,0,0,0,4591,3154,2.190,1.640,0.950,1,0,233.511,0,0,14,97,0,26,0
17-06 01:54:36,21.734,3.997,72.945,0,0,3067480,162160,167412,4537888,4824.350,1618.775,3.997,391.704,0.999,1.998,1767,1132,2.190,1.640,0.950,1,0,0,0,0,14,97,0,26,0
17-06 01:54:37,19.800,3.509,75.693,0,0,3081712,147836,167412,4537980,12011.600,7947.246,72.184,1796.577,6.015,32.082,2778,2780,2.100,1.630,0.950,1,0,1.003,0,0,14,102,0,26,0
17-06 01:54:38,19.956,7.484,71.842,0,0,3053152,176372,167412,4538004,22521.471,18472.375,3.991,99.781,0.998,13.969,2746,1838,2.100,1.630,0.950,1,0,63.860,0,0,14,103,0,27,0
17-06 01:54:39,23.743,3.499,72.230,0.250,0,3114492,183176,167412,4471956,6211.267,3423.045,0,91.974,0,11.997,2151,1448,2.100,1.630,0.950,1,0,1.999,0,0,14,108,0,22,0
17-06 01:54:40,17.244,2.999,77.223,0.500,0,3111720,185664,167512,4472144,10224.460,6125.879,91.968,543.812,7.997,41.985,2578,2796,2.100,1.630,0.950,2,0,0,0,0,14,110,0,22,0
17-06 01:54:41,33.598,8.525,55.412,1.003,0,3198052,165300,167512,4407848,4932.424,1552.540,228.669,1921.620,14.041,217.636,5774,7455,2.100,1.630,0.950,2,0,6.018,0,0,14,115,0,22,0
17-06 01:54:42,30.004,9.751,58.507,0.750,0,3175140,188388,167512,4407840,6284.743,2763.327,28.003,1616.191,4.000,148.017,6022,6883,2.010,1.620,0.950,1,0,116.014,0,0,14,120,0,24,0
17-06 01:54:43,22.185,4.238,72.537,0.249,0,3239768,123756,167512,4407844,5521.809,1453.737,0,478.597,0,36.892,2091,1770,2.010,1.620,0.950,1,0,0.997,0,0,14,120,0,24,0
17-06 01:54:44,19.256,2.751,77.023,0,0,3245204,183892,167512,4343936,12361.737,8017.424,64.019,796.241,4.001,48.015,2435,2195,2.010,1.620,0.950,1,0,0,0,0,14,121,0,24,0
17-06 01:54:45,23.504,5.251,69.511,0.750,0,3248820,180216,167516,4343992,8903.355,4702.716,12.002,1492.227,3.000,161.025,4862,6607,2.010,1.620,0.950,2,0,4.001,0,0,14,122,0,25,0
17-06 01:54:46,38.970,12.490,47.213,0,0,3273684,155328,167516,4344016,4796.262,1618.738,0,487.620,0,33.974,3874,2531,2.010,1.620,0.950,2,0,95.925,0,0,14,122,0,25,0
17-06 01:54:47,36.521,5.503,57.533,0,0,3345868,147556,167516,4281176,10599.065,7337.199,0,332.190,0,18.010,2568,1540,1.930,1.610,0.950,1,0,0,0,0,14,123,0,25,0
17-06 01:54:48,18.751,6.250,74.005,0.250,0,3297952,195452,167516,4281196,22458.373,19110.168,0,716.044,0,19.001,2629,1909,1.930,1.610,0.950,1,0,55.003,0,0,14,122,0,26,0
17-06 01:54:49,19.250,3.250,77.251,0.250,0,3348768,144628,167520,4281200,10802.108,7399.074,4.000,312.003,1.000,16.000,1880,1414,1.930,1.610,0.950,1,0,0,0,0,14,123,0,26,0
17-06 01:54:50,19.743,6.248,72.724,0.250,0,3321004,172368,167520,4281224,22335.097,19168.217,7.997,1215.570,1.999,74.973,2701,2192,1.930,1.610,0.950,2,0,50.982,0,0,14,122,0,27,0
17-06 01:54:51,27.744,5.749,65.236,0.250,0,3338368,154768,167520,4281460,6208.700,3840.196,3.999,347.927,1.000,25.995,3748,4988,1.930,1.610,0.950,2,0,7.998,0,0,14,125,0,28,0
17-06 01:54:52,21.748,4.000,71.743,1.000,0,3319728,173344,167520,4281524,10211.003,6790.337,0,3651.644,0,282.972,3761,4875,1.850,1.600,0.950,1,0,3.000,0,0,14,124,0,29,0
17-06 01:54:53,17.800,9.276,72.203,0.251,0.251,3372500,180800,167520,4222396,4621.004,1570.419,0,3012.478,0,322.909,2879,1996,1.850,1.600,0.950,1,0,80.226,0,0,14,124,0,29,0
17-06 01:54:54,19.005,2.251,78.022,0.250,0,3370512,182776,167520,4222408,28092.983,24733.028,0,1340.381,0,66.019,2156,1795,1.850,1.600,0.950,2,0,0,0,0,14,124,0,30,0
17-06 01:54:55,25.304,9.427,63.756,0.248,0,3325384,227848,167520,4222464,4765.079,1607.544,47.631,67.477,4.962,6.946,3445,8484,1.850,1.600,0.950,1,0,90.300,0,0,14,124,0,31,0
17-06 01:54:56,18.850,3.016,77.413,0,0,3357624,195600,167520,4222472,10393.397,7275.780,0,3241.276,0,14.075,1813,1348,1.850,1.600,0.950,1,0,0,0,0,14,125,0,30,0
17-06 01:54:57,22.988,3.748,69.713,1.249,0,3356500,196416,167528,4222772,6010.841,2557.656,23.987,2614.626,2.998,303.840,5478,8529,1.790,1.590,0.950,1,0,0.999,0,0,14,126,0,30,0
17-06 01:54:58,21.510,7.503,69.282,0.750,0,3279448,273392,167528,4222848,5904.690,2699.230,16.007,1504.685,1.000,136.062,5046,6706,1.790,1.590,0.950,1,0,53.024,0,0,14,125,0,32,0
17-06 01:54:59,21.997,3.250,73.989,0.250,0,3347988,204888,167528,4222848,6440.013,3477.467,0,2463.622,0,280.957,2031,1358,1.790,1.590,0.950,0,0,0,0,0,14,126,0,32,0
17-06 01:55:00,17.245,2.749,78.478,0.500,0,3347652,205208,167528,4222864,13480.244,9629.317,0,2995.165,0,175.951,2629,2883,1.790,1.590,0.950,1,0,0,0,0,14,126,0,32,0
17-06 01:55:01,26.004,5.751,66.261,1.000,0,3348320,204460,167536,4222936,4758.818,1500.258,0,1112.191,0,131.023,5847,8289,1.790,1.590,0.950,1,0,1.000,0,0,14,128,0,32,0
17-06 01:55:02,34.492,9.748,54.237,0.250,0,3275312,277224,167540,4223176,6725.431,2485.420,0,1011.764,0,100.976,7888,11134,1.720,1.580,0.950,2,0,81.981,0,0,14,129,0,33,0
17-06 01:55:03,22.005,3.501,74.017,0,0,3352140,200392,167540,4223180,6633.480,3080.687,0,336.075,0,17.004,1743,1300,1.720,1.580,0.950,1,0,0,0,0,14,130,0,33,0
17-06 01:55:04,18.250,2.000,77.500,0.750,0,3352328,200168,167540,4223216,14700.925,9781.950,0,1131.994,0,122.999,3227,4014,1.720,1.580,0.950,2,0,0,0,0,14,129,0,34,0
17-06 01:55:05,17.499,10.749,70.746,0,0,3372464,180012,167540,4223236,5399.684,1619.905,0,459.973,0,27.998,3360,2620,1.720,1.580,0.950,1,0,146.991,0,0,14,129,0,34,0
17-06 01:55:06,20.001,3.250,75.753,0,0,3372404,180012,167540,4223296,11262.447,7265.289,8.000,440.017,2.000,27.001,1937,1400,1.720,1.580,0.950,1,0,0,0,0,14,130,0,34,0
17-06 01:55:07,24.072,4.012,69.960,0.752,0,3372860,179508,167544,4223340,11466.377,7431.279,0,1111.332,0,116.349,5094,6924,1.740,1.580,0.960,2,0,0,0,0,14,130,0,34,0
17-06 01:55:08,22.188,6.731,67.811,0.997,0,3374564,177744,167552,4223392,4818.590,1507.804,0,7016.473,0,426.812,6820,10456,1.740,1.580,0.960,1,0,0,0,0,14,130,0,34,0
17-06 01:55:09,48.133,22.562,28.077,1.003,0,3335700,215652,167584,4224284,6718.529,3164.728,601.659,4083.261,82.227,414.142,11248,15894,1.740,1.580,0.960,4,0,540.491,0,0,14,131,0,35,0
17-06 01:55:10,36.488,9.247,53.732,0.250,0,3395416,155828,167584,4224360,4886.331,1929.341,0,815.721,0,70.976,5631,6907,1.740,1.580,0.960,1,0,82.972,0,0,14,131,0,35,0
17-06 01:55:11,19.447,2.493,76.540,0,0,3410096,141004,167588,4224500,11581.178,8877.607,3.989,438.794,0.997,28.921,2207,1826,1.740,1.580,0.960,1,0,0,0,0,14,131,0,36,0
17-06 01:55:12,11.038,18.314,69.241,0,0,3385984,165092,167592,4224520,5066.600,1840.393,0,477.659,0,32.112,5056,3822,1.770,1.590,0.970,1,0,256.892,0,0,14,131,0,36,0
17-06 01:55:13,9.221,20.435,67.783,0.249,0,3317636,233400,167596,4224556,4605.266,1596.891,0,522.329,0,35.885,5524,4007,1.770,1.590,0.970,1,0,288.078,0,0,14,131,0,36,0
17-06 01:55:14,17.953,18.951,61.340,0,0.249,3298388,252648,167596,4224920,4027.484,1454.203,0,426.885,0,24.935,6485,7711,1.770,1.590,0.970,1,0,307.198,0,0,14,131,0,36,0
17-06 01:55:15,28.309,21.294,50.355,0,0,3355020,195972,167596,4224612,4569.527,1693.531,0,1310.733,0,79.165,6276,5392,1.770,1.590,0.970,2,0,422.882,0,0,14,131,0,36,0
17-06 01:55:16,36.145,19.829,42.922,0.251,0,3406564,144012,167600,4225108,4656.661,1463.866,80.322,317.271,7.028,27.109,6866,8011,1.770,1.590,0.970,3,0,394.581,0,0,14,133,0,36,0
17-06 01:55:17,37.490,21.744,39.490,0.250,0,3473272,123168,167608,4180256,4889.746,1565.598,3.999,215.945,1.000,8.998,6794,7606,1.860,1.610,0.980,3,0,387.900,0,0,16,137,0,36,0
17-06 01:55:18,58.375,29.188,11.226,0,0,3620160,158632,167612,4000620,4969.391,1616.549,11.974,566.790,2.994,40.913,8406,12634,1.860,1.610,0.980,7,0,519.890,0,0,16,143,0,36,0
17-06 01:55:19,57.800,20.518,20.518,0.250,0,3702200,127708,167612,3949660,5016.320,1513.303,16.014,384.331,3.003,28.024,7665,13250,1.860,1.610,0.980,2,0,235.203,0,0,16,159,0,36,0
17-06 01:55:20,32.943,25.206,40.929,0,0,3763468,165784,167612,3851592,5630.222,1707.035,71.875,598.960,0.998,12.977,14011,4267,1.860,1.610,0.980,3,0,369.359,0,0,16,159,0,34,0
17-06 01:55:21,19.558,23.820,55.414,0.251,0,3790964,193472,167612,3797736,5235.453,1624.796,12.036,433.279,3.009,28.083,5659,4196,1.860,1.610,0.980,1,0,352.039,0,0,17,159,0,34,0
17-06 01:55:22,11.469,21.691,65.073,0,0,3799596,184808,167612,3798120,5402.287,1615.600,3.989,295.196,0.997,30.916,6500,6435,1.710,1.590,0.970,1,0,329.104,0,0,17,159,0,34,0
17-06 01:55:23,24.304,16.788,57.378,0.251,0,3835332,149036,167612,3797792,4810.769,1693.791,4.009,453.014,1.002,37.083,5944,6718,1.710,1.590,0.970,3,0,221.496,0,0,17,159,0,34,0
17-06 01:55:24,29.715,24.971,44.198,0.250,0.250,3888688,150840,167612,3744076,4614.610,1618.110,3.995,10004.316,0.999,821.041,6493,4628,1.710,1.590,0.970,3,0,403.529,0,0,17,159,0,34,0
17-06 01:55:25,30.231,16.740,52.467,0,0,3914052,153252,167620,3716868,4645.120,1618.996,15.990,79.950,2.998,3.998,6409,8382,1.710,1.590,0.970,2,0,240.851,0,0,17,165,0,35,0
17-06 01:55:26,38.311,28.796,31.550,0,0,4017636,152504,167628,3616468,4224.756,1460.335,44.070,552.884,5.008,33.053,8376,12274,1.710,1.590,0.970,3,0,515.825,0,0,17,173,0,35,0
17-06 01:55:27,33.896,25.671,39.129,0,0,4075484,129828,167628,3582188,4802.198,1615.022,23.926,3664.704,2.991,37.883,8145,9682,2.060,1.660,1,6,0,466.562,0,0,17,179,0,35,0
17-06 01:55:28,15.554,23.833,58.455,0.251,0,4121960,148320,167632,3518576,4353.230,1463.119,56.197,975.412,7.025,66.232,6887,7519,2.060,1.660,1,2,0,324.134,0,0,17,185,0,25,0
17-06 01:55:29,21.676,21.925,54.814,0.249,0,4138240,131960,167632,3519068,4664.150,1614.513,0,1140.125,0,132.550,6543,6682,2.060,1.660,1,1,0,350.808,0,0,17,201,0,25,0
17-06 01:55:30,24.252,17.501,56.504,0.250,0,4178348,153332,167632,3458632,4578.320,1548.108,396.028,228.016,6.000,11.001,5193,5903,2.060,1.660,1,2,0,189.013,0,0,17,201,0,25,0
17-06 01:55:31,42.978,10.495,45.976,0,0,4296776,154864,167632,3340588,4557.650,1619.165,651.664,371.808,10.994,29.985,3137,1910,2.060,1.660,1,2,0,0.999,0,0,17,201,0,25,0
17-06 01:55:32,35.511,9.503,54.517,0,0,4401988,151128,167636,3242168,4776.461,1458.446,92.028,308.094,5.002,14.004,3047,2120,1.970,1.650,1,1,0,10.003,0,0,17,204,0,17,0
17-06 01:55:33,31.106,11.790,55.690,0.502,0,4301836,251184,167640,3242260,4728.146,1517.181,24.082,453.549,3.010,40.137,4268,3480,1.970,1.650,1,2,0,166.569,0,0,17,209,0,17,0
17-06 01:55:34,34.219,29.723,34.968,0,0,4406352,144280,167652,3244660,4481.946,1606.547,1710.453,351.682,27.975,18.983,6403,5918,1.970,1.650,1,6,0,466.578,0,0,17,209,0,17,0
17-06 01:55:35,36.377,27.407,34.882,0,0,4411392,180788,167652,3204224,12801.735,9346.413,3.987,1152.106,0.997,36.875,7379,8761,1.970,1.650,1,2,0,412.606,0,0,17,218,0,17,0
17-06 01:55:36,53.703,19.072,26.600,0,0,4433160,157724,167660,3205468,5610.175,2394.036,28.106,313.182,5.019,11.042,5459,5974,1.970,1.650,1,5,0,189.716,0,0,17,217,0,18,0
17-06 01:55:37,67.357,17.213,14.719,0,0,4559060,152616,167664,3088492,10636.393,7249.592,1009.854,287.389,20.955,10.977,4636,3282,2.300,1.720,1.030,3,0,55.881,0,0,17,221,0,18,0
17-06 01:55:38,61.092,12.018,21.282,4.256,0,4624140,162468,167756,3015732,10223.410,6868.353,7066.652,2892.360,516.779,165.249,6664,8703,2.300,1.720,1.030,6,0,27.041,0,0,17,228,0,19,0
17-06 01:55:39,47.755,21.502,29.503,0.250,0,4644676,139920,167764,3017740,4860.529,1620.176,56.006,8180.891,3.000,27.003,7140,7245,2.300,1.720,1.030,2,0,316.034,0,0,17,227,0,23,0
17-06 01:55:40,35.398,26.922,37.142,0,0,4628996,166012,167772,3007992,12256.510,9523.424,0,12292.406,0,991.130,7478,8098,2.300,1.720,1.030,1,0,391.865,0,0,17,228,0,23,0
17-06 01:55:41,45.515,22.007,31.010,0.750,0,4631884,161976,167772,3008644,8926.996,4697.577,196.066,3001.007,12.004,194.065,7313,9430,2.300,1.720,1.030,6,0,333.112,0,0,17,231,0,23,0
17-06 01:55:42,54.099,30.055,15.278,0,0,4732768,134860,167772,2937388,7622.962,3850.052,136.250,565.035,6.011,37.068,6299,8535,2.430,1.760,1.040,10,0,471.864,0,0,17,232,0,23,0
17-06 01:55:43,59.794,20.765,18.264,0,0,4774960,151796,167788,2878768,14818.987,10117.501,1240.920,1204.893,63.047,77.057,8163,11087,2.430,1.760,1.040,7,0,195.145,0,0,17,235,0,26,0
17-06 01:55:44,57.065,28.783,13.265,0.250,0,4806060,152236,167792,2847592,6145.010,1459.665,128.146,572.653,1.001,30.034,6323,6267,2.430,1.760,1.040,6,0,455.520,0,0,17,235,0,26,0
17-06 01:55:45,52.733,23.992,22.493,0.250,0,4871716,154900,167800,2781608,14977.278,9777.917,567.821,5890.143,31.990,669.789,9775,15554,2.430,1.760,1.040,2,0,273.914,0,0,17,244,0,25,0
17-06 01:55:46,55.244,19.998,23.747,0.250,0,4892072,130524,167804,2785128,7477.167,4171.535,667.926,971.892,13.998,44.995,11110,21692,2.430,1.760,1.040,3,0,180.980,0,0,17,243,0,26,0
17-06 01:55:47,59.018,9.503,30.009,0,0,5034212,147532,167808,2629944,13301.089,9763.001,380.117,364.112,7.002,20.006,4069,2303,2.640,1.810,1.060,5,0,4.001,0,0,17,247,0,26,0
17-06 01:55:48,56.194,10.489,31.219,0.999,0,4995528,207788,167812,2608832,13718.242,10751.218,1726.269,931.066,92.907,86.913,5896,7694,2.640,1.810,1.060,5,0,20.979,0,0,17,250,0,32,0
17-06 01:55:49,60.968,13.993,23.737,0,0,5016828,204224,167812,2591576,6859.356,4040.854,691.633,759.597,11.994,48.974,5606,5885,2.640,1.810,1.060,5,0,85.954,0,0,17,255,0,31,0
17-06 01:55:50,43.544,29.029,26.277,0.751,0,5027700,189624,167936,2595080,15278.479,12324.486,4300.357,1428.447,62.063,73.074,7796,7834,2.640,1.810,1.060,4,0,506.513,0,0,17,255,0,33,0
17-06 01:55:51,52.165,25.458,21.465,0,0,5040592,176680,167936,2595468,4330.902,1455.614,766.743,770.737,5.990,24.959,6182,6255,2.640,1.810,1.060,3,0,309.493,0,0,17,255,0,33,0
17-06 01:55:52,67.696,22.982,8.993,0,0.250,5120756,119768,167944,2572968,14426.413,11572.705,1135.088,1914.462,39.968,203.836,7577,9648,2.830,1.870,1.090,6,0,238.808,0,0,18,263,0,33,0
17-06 01:55:53,80.348,15.769,3.254,1.001,0,5197664,125324,167944,2492940,6249.584,2573.123,3015.660,4605.589,131.159,90.109,5769,5093,2.830,1.870,1.090,5,0,20.024,0,0,18,264,0,31,0
17-06 01:55:54,80.277,12.504,6.252,0.750,0,5300356,125244,167976,2394548,10149.408,7335.463,1132.380,1444.485,46.015,89.030,5601,3923,2.830,1.870,1.090,6,1,17.006,0,0,18,271,0,31,0
17-06 01:55:55,46.536,19.765,32.275,0.250,0,5303744,146936,167980,2370144,10755.387,7894.155,752.587,13134.241,18.014,1101.859,7165,19543,2.830,1.870,1.090,2,0,256.200,0,0,18,270,0,34,0
17-06 01:55:56,39.266,10.004,49.520,0,0,5347112,125036,167980,2349360,13612.570,4343.777,816.334,348.142,9.004,21.009,3549,2731,2.830,1.870,1.090,3,0,7.003,0,0,18,275,0,34,0
17-06 01:55:57,33.978,9.744,54.464,0.750,0,5327276,170576,167980,2325592,8265771.243,79990.174,511.662,2370.435,3.997,153.898,6810,5003,2.760,1.870,1.090,3,0,7.995,0,0,18,273,0,33,0
17-06 01:55:58,43.107,18.189,37.376,0.249,0,5309812,177616,167984,2335980,8271741.700,73686.753,2794.699,617.943,30.897,62.791,8510,6086,2.760,1.870,1.090,2,0,266.114,0,0,18,274,0,33,0
17-06 01:55:59,39.966,5.745,53.205,0.250,0,5371408,135272,167984,2317316,13131.784,9679.732,0,227.805,0,19.983,3154,1997,2.760,1.870,1.090,2,0,0.999,0,0,18,279,0,33,0
17-06 01:56:00,35.071,5.511,58.869,0.501,0,5372584,133820,167988,2317608,16718.778,13419.112,4.008,10765.751,1.002,270.547,4363,5283,2.760,1.870,1.090,2,0,5.010,0,0,18,282,0,35,0
17-06 01:56:01,24.192,3.990,68.335,0.249,0,5382176,123712,167988,2318124,417538.518,16356830.838,478.847,462.885,25.938,36.911,4277,3318,2.760,1.870,1.090,1,0,0.998,0,0,18,281,0,34,0
17-06 01:56:02,36.132,6.273,54.950,0.251,0,5293084,201828,168000,2329056,12768332.352,196412.011,0,947.449,0,73.267,19231,12709,2.940,1.920,1.110,2,1,39.142,0,0,18,285,0,35,0
17-06 01:56:03,14.966,15.215,66.848,0.998,0,5216716,272956,168000,2334280,4351761.112,102367.311,63.855,4114.647,3.991,242.449,11113,9344,2.940,1.920,1.110,2,0,179.592,0,0,18,282,0,38,0
17-06 01:56:04,12.748,15.748,69.740,0,0,5254676,234952,168000,2334324,6917.012,1499.786,15.998,151.978,2.000,7.999,4748,3771,2.940,1.920,1.110,1,0,284.959,0,0,18,282,0,38,0
17-06 01:56:05,24.992,2.499,71.226,0.250,0,5311268,178252,168004,2334428,5038.331,1619.463,99.967,2699.106,6.998,30.990,2299,1813,2.940,1.920,1.110,6,0,0,0,0,18,282,0,36,0
17-06 01:56:06,8.253,20.006,69.772,0,0,5301156,188276,168008,2334496,5385.663,1458.450,4.001,104.032,1.000,9.003,5243,3904,2.940,1.920,1.110,2,0,266.082,0,0,18,282,0,36,0
17-06 01:56:07,8.766,20.287,69.377,0.250,0,5286976,202436,168008,2334516,5591.251,1530.807,12.022,68.125,1.002,7.013,5273,3810,2.790,1.910,1.110,1,0,286.525,0,0,18,282,0,36,0
17-06 01:56:08,6.236,8.231,83.561,0,0.249,5279716,209640,168008,2334572,5082.507,1454.711,15.964,16143.496,0.998,53.878,2902,2556,2.790,1.910,1.110,0,0,118.732,0,0,18,286,0,36,0
17-06 01:56:09,13.758,4.002,81.796,0,0,5319776,169576,168008,2334576,4820.731,1458.826,0,0,0,0,1748,1487,2.790,1.910,1.110,2,0,9.005,0,0,18,286,0,35,0
17-06 01:56:10,18.743,2.999,77.222,0,0,5350840,138504,168008,2334584,10018.404,7060.466,0,571.795,0,112.959,1960,1562,2.790,1.910,1.110,3,0,0,0,0,18,287,0,35,0
17-06 01:56:11,16.005,10.504,72.525,0,0,5311292,177972,168008,2334664,7241.477,4302.472,64.022,0,4.001,0,3674,2785,2.790,1.910,1.110,1,0,108.037,0,0,18,290,0,36,0
17-06 01:56:12,11.791,17.060,68.992,0.251,0,5304628,184352,168012,2334944,5014.613,1667.858,56.197,493.734,4.014,45.159,5061,4090,2.560,1.870,1.100,1,0,148.522,0,0,18,290,0,36,0
17-06 01:56:13,14.196,16.935,66.246,0.498,0,5295468,193376,168012,2335068,4124.167,1613.804,0,1163.533,0,50.805,5508,4579,2.560,1.870,1.100,2,0,181.304,0,0,18,294,0,35,0
17-06 01:56:14,12.502,16.753,70.013,0.250,0,5302836,185780,168012,2335280,4440.806,1620.294,4.001,176.032,1.000,11.002,4702,3402,2.560,1.870,1.100,2,0,166.030,0,0,18,294,0,35,0
17-06 01:56:15,21.506,5.001,72.269,0,0,5338808,149788,168012,2335284,4667.201,1566.403,0,316.081,0,24.006,2171,1778,2.560,1.870,1.100,1,0,1.000,0,0,18,294,0,35,0
17-06 01:56:16,23.499,4.000,72.247,0,0,5385300,123656,168012,2315848,5339.767,1619.929,291.987,63.997,6.000,7.000,2029,1498,2.560,1.870,1.100,1,0,3.000,0,0,18,296,0,35,0
17-06 01:56:17,23.999,3.000,71.997,0.250,0.250,5294296,235952,168012,2295232,5656.783,1619.938,95.996,663.975,6.000,48.998,2532,2318,2.440,1.860,1.100,2,0,6.000,0,0,18,294,0,35,0
17-06 01:56:18,23.256,3.751,72.269,0,0,5345524,184680,168012,2295276,4999.313,1458.383,24.006,0,4.001,0,2098,1710,2.440,1.860,1.100,2,0,0,0,0,18,294,0,35,0
17-06 01:56:19,22.238,3.748,72.710,0,0,5386328,143872,168012,2295280,4804.379,1576.140,0,147.919,0,12.993,2338,1980,2.440,1.860,1.100,1,0,4.997,0,0,18,297,0,35,0
17-06 01:56:20,12.551,1.757,85.344,0,0,5387204,142848,168012,2295428,23672.414,20000.614,0,4.016,0,1.004,2303,2219,2.440,1.860,1.100,1,0,1.004,0,0,18,300,0,37,0
17-06 01:56:21,23.381,3.980,70.888,0,0,5291388,238660,168012,2295432,4793.550,1450.601,0,151.229,0,18.904,2215,1637,2.440,1.860,1.100,2,0,14.924,0,0,18,294,0,37,0
17-06 01:56:22,24.527,3.254,71.580,0.250,0,5332320,197672,168012,2295488,5178.766,1567.746,48.054,320.357,2.002,31.035,2313,1941,2.320,1.850,1.100,1,0,1.001,0,0,18,294,0,37,0
17-06 01:56:23,18.315,11.290,69.748,0,0,5309268,220556,168024,2295644,4969.651,1517.390,393.397,553.968,5.018,30.107,4055,3327,2.320,1.850,1.100,2,0,142.506,0,0,18,294,0,37,0
17-06 01:56:24,8.237,20.717,68.890,0,0,5293340,236348,168024,2295780,4151.361,1455.672,27.955,211.662,2.995,9.984,5347,3861,2.320,1.850,1.100,1,0,304.513,0,0,18,294,0,37,0
17-06 01:56:25,16.955,10.472,71.561,0,0,5317188,212488,168032,2295784,4280.715,1549.914,0,143.621,0,6.982,3497,2604,2.320,1.850,1.100,1,0,151.600,0,0,18,294,0,37,0
17-06 01:56:26,19.761,2.501,76.791,0.500,0,5355708,172860,168072,2296852,11238.070,4509.436,16.009,4650.512,4.002,538.291,2205,1640,2.320,1.850,1.100,2,0,17.009,0,0,18,295,0,36,0
17-06 01:56:27,23.850,4.268,71.298,0.502,0,5340036,182676,168372,2302248,5198.744,1638.854,12.050,1293.410,3.013,33.139,4027,5798,2.220,1.830,1.100,1,0,8.034,0,0,18,294,0,36,0
17-06 01:56:28,19.915,4.979,73.438,0,0,5346468,175204,168392,2303252,10452.528,3614.621,3.983,569.577,0.996,23.898,8618,15160,2.220,1.830,1.100,1,1,7.966,0,0,18,295,0,36,0
17-06 01:56:29,21.996,5.499,69.739,0.250,0,5366444,154776,168484,2303612,5917.043,2466.601,171.972,551.911,9.998,17.997,10315,18709,2.220,1.830,1.100,2,0,16.997,0,0,18,295,0,36,0
17-06 01:56:30,20.588,6.779,71.807,0.502,0,5254656,272280,168572,2297784,4547.453,1747.475,0,1197.121,0,37.159,2697,2147,2.220,1.830,1.100,1,0,49.211,0,0,18,294,0,36,0
17-06 01:56:31,11.928,16.401,69.082,0,0,5269360,257748,168572,2297696,4518.672,1556.586,0,16683.103,0,123.255,4506,3352,2.220,1.830,1.100,1,0,221.659,0,0,18,294,0,36,0
17-06 01:56:32,25.548,5.260,68.880,0.250,0,5317932,208952,168572,2297920,5066.596,1665.154,48.091,573.085,2.004,46.087,2569,2099,2.120,1.820,1.100,1,0,2.004,0,0,18,296,0,36,0
17-06 01:56:33,22.250,4.000,72.502,0.250,0,5330936,195872,168572,2297996,15198.317,11929.249,16.000,344.007,1.000,29.001,3080,3098,2.120,1.820,1.100,1,0,9.000,0,0,18,298,0,40,0
17-06 01:56:34,20.270,10.510,68.316,0,0,5333036,193728,168572,2298040,4624.452,1621.561,32.031,196.189,3.003,10.010,3492,2811,2.120,1.820,1.100,1,0,118.114,0,0,18,298,0,40,0
17-06 01:56:35,20.736,2.998,74.951,0,0,5359892,166856,168572,2298056,10327.184,7917.775,0,235.844,0,19.987,2282,2089,2.120,1.820,1.100,0,0,0.999,0,0,18,299,0,40,0
17-06 01:56:36,20.721,6.741,72.398,0.250,0,5369892,156844,168572,2298068,7500.471,3773.703,0,135.809,0,7.989,2805,2196,2.120,1.820,1.100,3,0,69.902,0,0,18,298,0,41,0
17-06 01:56:37,19.771,2.753,75.830,0,0,5402876,142108,168572,2279896,10958.538,7500.897,0,236.249,0,17.018,2119,1675,2.030,1.800,1.100,1,0,0,0,0,18,299,0,41,0
17-06 01:56:38,19.287,6.763,72.640,0,0,5351764,193196,168572,2279920,12605.336,8854.094,0,104.201,0,12.023,2990,2361,2.030,1.800,1.100,1,0,56.108,0,0,18,298,0,41,0
17-06 01:56:39,20.450,2.743,75.566,0,0,5383764,161192,168572,2279924,7083.751,3855.612,0,31.922,0,2.993,2015,1538,2.030,1.800,1.100,0,0,0,0,0,18,299,0,41,0
17-06 01:56:40,19.966,4.742,74.623,0,0,5344008,200936,168572,2279936,13971.146,9417.920,0,43.925,0,0.998,2702,2066,2.030,1.800,1.100,1,0,31.945,0,0,18,298,0,44,0
17-06 01:56:41,22.544,4.008,72.642,0,0,5407124,137820,168572,2279936,5111.971,1569.060,0,0,0,0,1985,1434,2.030,1.800,1.100,3,0,0,0,0,18,298,0,44,0
17-06 01:56:42,13.531,2.756,81.941,0.752,0,5395476,149396,168572,2280008,15618.346,12285.590,48.112,886.062,3.007,75.175,2725,3109,1.870,1.770,1.090,1,0,1.002,0,0,18,299,0,38,0
17-06 01:56:43,22.205,6.237,70.356,0.249,0,5297880,246980,168572,2280020,6521.672,1652.623,0,331.323,0,36.925,3099,2891,1.870,1.770,1.090,1,0,46.904,0,0,18,298,0,39,0
17-06 01:56:44,20.237,2.998,75.952,0.250,0,5336892,207960,168572,2280028,11154.904,7340.331,0,215.863,0,14.990,2140,1734,1.870,1.770,1.090,1,0,0,0,0,18,299,0,39,0
17-06 01:56:45,20.026,5.257,73.597,0,0,5325720,218992,168572,2280168,9905.060,5541.306,0,132.174,0,9.012,2719,2131,1.870,1.770,1.090,1,0,32.042,0,0,18,298,0,42,0
17-06 01:56:46,18.992,2.999,76.717,0,0,5366976,177732,168572,2280172,6809.102,7036.005,0,2095.108,0,334.857,2137,1605,1.870,1.770,1.090,0,0,0,0,0,18,299,0,37,0
17-06 01:56:47,17.005,2.501,80.275,0.250,0,5323200,221496,168572,2280184,14033.394,6866.150,0,652.204,0,48.015,2406,2515,1.800,1.760,1.090,1,0,2.001,0,0,18,298,0,38,0
17-06 01:56:48,5.499,8.748,82.735,1.500,0,5323716,219768,169104,2280864,10363.070,4398.181,1115.792,251.953,248.954,16.997,3659,3669,1.800,1.760,1.090,1,0,177.967,0,0,18,300,0,38,0
17-06 01:56:49,4.749,7.998,85.475,0.250,0,5310784,232648,169108,2280912,15089.535,3783.880,0,183.946,0,17.995,3029,2568,1.800,1.760,1.090,0,0,124.963,0,0,18,300,0,39,0
17-06 01:56:50,4.758,7.513,86.897,0,0,5309920,233500,169108,2280924,11007.638,4030.825,0,12.020,0,3.005,2614,2249,1.800,1.760,1.090,1,0,104.176,0,0,18,298,0,31,0
17-06 01:56:51,16.536,9.771,71.405,1.754,0,5312312,225356,169236,2286532,4750.287,1623.516,2894.267,24.052,247.536,3.007,3604,2904,1.800,1.760,1.090,1,0,109.237,0,0,18,298,0,31,0
17-06 01:56:52,22.167,3.736,71.731,0.498,0,5314024,213272,169524,2296440,5230.355,1877.947,1661.759,1729.504,63.761,38.854,2649,2415,1.730,1.750,1.090,0,0,17.933,0,0,18,299,0,31,0
17-06 01:56:53,17.738,2.498,78.447,0.500,0,5271252,252452,169604,2299920,15679.456,5686.176,3.997,1027.309,0.999,50.966,2308,2236,1.730,1.750,1.090,1,0,1.999,0,0,18,298,0,31,0
17-06 01:56:54,11.768,15.523,69.855,1.002,0,5242728,277688,169744,2303020,4765.152,1460.192,1414.123,3341.015,24.036,107.161,5420,4740,1.730,1.750,1.090,1,0,247.371,0,0,18,298,0,30,0
17-06 01:56:55,25.995,9.998,62.988,0,0,5297124,223284,169744,2303028,4859.100,1619.700,0,103.981,0,7.999,4054,11828,1.730,1.750,1.090,1,0,89.983,0,0,18,298,0,31,0
17-06 01:56:56,19.741,2.249,76.466,0,0,5328856,191544,169744,2303036,10705.265,7167.829,0,315.860,0,7.996,2025,1597,1.730,1.750,1.090,1,0,0,0,0,18,299,0,31,0
17-06 01:56:57,22.496,6.249,71.487,0.500,0,5306024,214344,169748,2303064,23651.842,19237.618,0,391.931,0,44.992,2987,2662,1.670,1.730,1.090,1,0,46.992,0,0,18,298,0,33,0
17-06 01:56:58,20.999,3.500,74.748,0.250,0,5324660,195708,169748,2303064,6546.783,3423.886,0,187.994,0,19.999,2195,1927,1.670,1.730,1.090,1,0,0,0,0,18,299,0,29,0
17-06 01:56:59,19.746,3.749,74.484,0.250,0,5291436,228504,169748,2303492,12631.230,8530.129,415.909,0,24.995,0,2610,2169,1.670,1.730,1.090,2,0,13.997,0,0,18,298,0,31,0
17-06 01:57:00,23.256,3.251,72.768,0,0,5314044,205896,169748,2303492,5327.344,1566.395,0,0,0,0,2021,1585,1.670,1.730,1.090,1,0,0,0,0,18,298,0,31,0
17-06 01:57:01,17.316,3.012,77.296,0.753,0,5320424,197888,169748,2305120,11657.709,8080.992,1590.098,1505.775,55.212,128.493,3232,4002,1.670,1.730,1.090,3,0,1.004,0,0,18,299,0,31,0
17-06 01:57:02,24.908,5.231,67.252,1.494,0,5325396,192516,169748,2305520,7971.607,2849.493,318.824,8094.155,16.938,679.495,4650,6413,1.780,1.760,1.100,1,0,5.978,0,0,18,298,0,32,0
17-06 01:57:03,21.007,3.251,75.275,0.250,0,5370928,146848,169748,2305656,12688.294,7239.450,0,336.114,0,24.008,2285,2069,1.780,1.760,1.100,1,0,0,0,0,18,299,0,28,0
17-06 01:57:04,19.556,3.259,75.215,0.501,0,5357068,160604,169748,2305760,10425.754,5563.879,96.275,802.290,4.011,72.206,3810,4394,1.780,1.760,1.100,1,0,0,0,0,18,299,0,28,0
17-06 01:57:05,16.756,13.505,68.275,0.250,0,5319280,198324,169748,2305828,6592.394,2847.034,0,708.257,0,71.026,5160,5088,1.780,1.760,1.100,1,0,197.072,0,0,18,298,0,29,0
17-06 01:57:06,9.505,23.262,65.533,0,0,5320244,197312,169748,2305876,5162.620,1620.822,0,344.175,0,27.014,5802,4296,1.780,1.760,1.100,3,0,383.194,0,0,18,298,0,29,0
17-06 01:57:07,7.977,23.184,66.062,0.499,0,5310488,207036,169748,2305908,5760.648,1685.216,0,3111.169,0,198.437,6122,4748,1.720,1.740,1.100,1,0,402.856,0,0,18,298,0,26,0
17-06 01:57:08,8.018,23.053,67.404,0,0,5302960,214544,169748,2305928,4810.959,1623.699,0,308.703,0,25.057,5942,4653,1.720,1.740,1.100,1,0,403.920,0,0,18,298,0,26,0
17-06 01:57:09,8.970,22.424,66.525,0,0,5294272,223212,169748,2305948,4903.444,1614.549,0,99.663,0,11.960,5905,4495,1.720,1.740,1.100,1,0,407.624,0,0,18,298,0,26,0
17-06 01:57:10,8.269,23.554,67.404,0,0,5289556,227904,169748,2305972,4782.898,1515.453,0,44.100,0,11.025,5973,4590,1.720,1.740,1.100,2,0,432.987,0,0,18,298,0,26,0
17-06 01:57:11,9.013,25.036,64.343,0,0,5288064,229372,169748,2305996,4492.471,1568.259,0,28.040,0,7.010,5754,4238,1.720,1.740,1.100,1,0,382.551,0,0,18,298,0,26,0
17-06 01:57:12,8.494,22.734,66.703,0.250,0,5279180,238236,169748,2306016,4693.684,1618.856,0,395.720,0,30.978,5869,4645,1.580,1.710,1.090,1,0,363.743,0,0,18,298,0,26,0
17-06 01:57:13,9.010,23.276,65.825,0.501,0,5265780,251612,169748,2306040,4342.925,1501.703,0,532.604,0,43.049,6097,5151,1.580,1.710,1.090,1,0,380.431,0,0,18,298,0,26,0
17-06 01:57:14,7.748,22.744,66.732,0.250,0.250,5262420,254928,169748,2306084,4498.768,1619.556,15.996,447.877,1.000,34.990,6041,4830,1.580,1.710,1.090,1,0,382.895,0,0,18,298,0,26,0
17-06 01:57:15,13.995,12.496,71.725,0.250,0,5277008,355364,169816,2201972,4040.612,1241.573,83.971,2351.192,17.994,10.996,3648,2983,1.580,1.710,1.090,1,0,135.953,0,0,18,298,0,25,0
17-06 01:57:16,21.422,4.982,72.235,0,0,5305656,316052,170260,2212188,3483.246,753.242,0,1251.418,0,24.909,2167,1740,1.580,1.710,1.090,1,0,2.989,0,0,18,298,0,25,0
17-06 01:57:17,17.249,2.000,79.248,0.500,0,5318652,301468,170344,2213684,15717.505,6910.782,579.982,923.971,28.999,21.999,1985,1621,1.530,1.700,1.090,1,0,15.999,0,0,18,299,0,25,0
17-06 01:57:18,21.504,4.501,71.763,1.250,0,5347900,270988,170504,2214748,27728.948,16034.861,816.146,1728.308,69.012,58.010,2411,1978,1.530,1.700,1.090,1,1,3.001,0,0,18,299,0,25,0
17-06 01:57:19,34.983,7.996,55.474,1.000,0,5402352,214804,170632,2216340,23966.663,13746.497,1947.079,1579.253,81.961,51.975,3423,2345,1.530,1.700,1.090,2,0,9.995,0,0,18,299,0,25,0
17-06 01:57:20,22.505,2.751,72.765,0.750,0,5379016,236512,170744,2217856,21395.334,12234.478,1292.262,1248.253,59.012,43.009,2325,1811,1.530,1.700,1.090,2,0,1.000,0,0,18,299,0,25,0
17-06 01:57:21,20.999,2.750,74.497,1.250,0,5364916,214448,170904,2253848,10777.634,5329.819,12431.578,1227.958,136.995,44.998,2306,1949,1.530,1.700,1.090,3,0,1.000,0,0,18,299,0,25,0
17-06 01:57:22,23.550,3.507,71.651,0.501,0.251,5360864,201848,170904,2270372,5159.896,1515.200,0,11023.278,0,129.273,2472,2166,1.490,1.690,1.090,2,0,1.002,0,0,18,299,0,25,0
17-06 01:57:23,26.173,3.240,68.797,0.997,0,5365440,175532,170904,2291816,4546.557,1615.224,0,3513.611,0,380.874,3008,3024,1.490,1.690,1.090,2,0,0,0,0,18,299,0,23,0
17-06 01:57:24,22.837,2.761,72.275,1.004,0,5361740,164064,170904,2306692,4396.745,1626.193,0,3513.381,0,144.551,2744,2819,1.490,1.690,1.090,1,0,0,0,0,18,299,0,23,0
17-06 01:57:25,22.934,2.991,72.543,0.997,0,5359492,139176,170904,2333416,4233.894,1561.535,0,2576.633,0,84.758,2374,2113,1.490,1.690,1.090,1,0,0,0,0,18,299,0,23,0
17-06 01:57:26,23.714,2.995,71.891,0.250,0,5335824,173808,170976,2322220,4535.145,1791.292,0,2000.975,0,64.902,2328,1940,1.490,1.690,1.090,1,0,1.997,0,0,18,298,0,23,0
17-06 01:57:27,18.330,3.766,76.836,0.502,0,5364596,145012,170976,2322244,11130.619,4581.010,0,6845.903,0,63.276,2474,2117,1.450,1.680,1.090,2,0,33.145,0,0,18,299,0,23,0
17-06 01:57:28,22.761,4.752,71.033,0,0,5343884,159232,171080,2328628,4261.970,1632.755,0,1492.690,0,25.012,3511,4473,1.450,1.680,1.090,1,0,8.004,0,0,18,298,0,23,0
17-06 01:57:29,21.938,5.983,70.549,0,0,5337552,164524,171100,2329632,4606.889,1615.403,0,87.750,0,0.997,8691,15610,1.450,1.680,1.090,2,0,8.974,0,0,18,298,0,23,0
17-06 01:57:30,20.988,8.245,68.710,0.250,0.250,5342420,159556,171108,2329724,4575.353,1457.157,0,1906.897,0,16.990,7281,14599,1.450,1.680,1.090,1,0,18.989,0,0,18,298,0,23,0
17-06 01:57:31,23.028,4.506,71.338,0,0,5281660,227724,171112,2322340,4537.577,1555.912,0,909.117,0,38.047,2579,2213,1.450,1.680,1.090,1,0,22.027,0,0,18,298,0,23,0
17-06 01:57:32,22.717,5.742,68.649,0,0,5291816,217560,171112,2322348,5155.427,1563.703,0,95.859,0,1.997,8321,16031,1.410,1.670,1.090,1,0,36.946,0,0,18,298,0,23,0
17-06 01:57:33,20.259,5.252,73.532,0.250,0,5334360,174984,171112,2322380,11239.870,4292.860,0,952.413,0,43.019,2732,2525,1.410,1.670,1.090,2,0,40.017,0,0,18,299,0,23,0
17-06 01:57:34,24.606,5.273,69.548,0.251,0,5320616,182336,171112,2328804,4463.154,1422.103,16.069,1442.189,1.004,29.125,3148,3593,1.410,1.670,1.090,1,0,11.047,0,0,18,298,0,23,0
17-06 01:57:35,24.652,6.972,65.987,0,0,5350320,151604,171112,2329816,3376.531,806.782,0,641.441,0,21.913,8305,15928,1.410,1.670,1.090,1,0,14.940,0,0,18,298,0,21,0
17-06 01:57:36,21.994,6.998,69.731,0.500,0,5349792,152032,171116,2329912,4026.910,1187.678,0,419.886,0,9.997,11041,19733,1.410,1.670,1.090,1,0,14.996,0,0,18,298,0,21,0
17-06 01:57:37,23.257,4.251,71.521,0,0,5325704,183620,171120,2322424,5408.592,1660.489,0,868.256,0,31.009,2503,1870,1.380,1.660,1.090,1,0,22.006,0,0,18,298,0,21,0
17-06 01:57:38,21.062,7.271,70.207,0.251,0,5303772,205536,171120,2322440,4400.979,1233.638,0,1239.656,0,212.627,3311,2631,1.380,1.660,1.090,2,0,94.278,0,0,18,298,0,21,0
17-06 01:57:39,22.873,3.232,72.596,0,0,5319244,179636,171124,2332864,3882.371,1396.222,0,7.956,0,1.989,2150,1713,1.380,1.660,1.090,1,0,2.983,0,0,18,298,0,19,0
17-06 01:57:40,15.042,2.006,82.731,0.251,0,5317656,180384,171144,2333604,18375.316,8116.667,4.011,1303.641,1.003,16.045,1770,1516,1.380,1.660,1.090,0,0,16.045,0,0,18,299,0,19,0
17-06 01:57:41,12.003,1.000,85.023,0.500,0.250,5331256,166532,171156,2333820,20576.659,11482.158,0,1244.342,0,48.013,1575,1589,1.380,1.660,1.090,0,0,0,0,0,18,299,0,19,0
17-06 01:57:42,7.975,1.495,89.971,0.498,0,5328772,168744,171168,2334084,49874.297,10236.249,0,8505.617,0,403.748,1757,1999,1.270,1.630,1.080,0,0,0.997,0,0,18,300,0,19,0
17-06 01:57:43,10.027,1.253,85.980,0.501,0,5326828,170540,171184,2334364,127552.335,12862.420,0,1604.293,0,84.225,2167,2591,1.270,1.630,1.080,0,0,0,0,0,18,300,0,15,0
17-06 01:57:44,17.503,2.500,78.263,1.000,0,5349236,147800,171256,2334608,22201.677,11583.918,16.003,3748.621,1.000,190.031,2455,2772,1.270,1.630,1.080,1,0,0,0,0,18,300,0,15,0
17-06 01:57:45,12.492,0.750,85.696,0.500,0,5348964,147800,171316,2334820,41521.744,7828.050,0,799.494,0,31.980,1696,1707,1.270,1.630,1.080,0,0,0,0,0,18,300,0,15,0
17-06 01:57:46,9.031,1.254,87.300,1.003,0,5348372,147800,171380,2335348,368228.890,23534.780,32.110,3315.380,5.017,140.482,2084,2279,1.270,1.630,1.080,1,0,0,0,0,18,300,0,15,0
17-06 01:57:47,13.171,1.988,83.748,0.746,0,5348064,147560,171412,2335832,76467.821,18039.909,103.381,2135.206,5.964,90.458,1958,1914,1.250,1.620,1.080,1,0,0,0,0,18,300,0,15,0
17-06 01:57:48,6.031,2.262,89.965,0.251,0,5335176,147336,171424,2348884,2602965.117,54775.247,0,13662.651,0,91.473,3885,2889,1.250,1.620,1.080,0,0,2.010,0,0,18,300,0,11,0
17-06 01:57:49,5.755,2.502,88.577,0.500,0,5329952,133756,171484,2367596,10032875.112,155562.634,0,5576.827,0,155.134,9529,4905,1.250,1.620,1.080,0,0,2.002,0,0,18,300,0,11,0
17-06 01:57:50,10.961,4.235,81.461,0.996,0,5307672,144404,171640,2379236,6508958.980,93373.321,163.420,13392.428,3.986,75.731,6808,3560,1.250,1.620,1.080,1,0,0.996,0,0,18,300,0,11,0
17-06 01:57:51,22.087,4.016,72.285,0.753,0,5320756,129592,174504,2378212,4656.391,1463.781,4.016,4602.177,1.004,96.381,2359,2111,1.250,1.620,1.080,1,0,1.004,0,0,18,300,0,11,0
17-06 01:57:52,23.715,3.495,71.643,0.499,0,5315616,146456,175348,2365720,4947.613,1455.826,0,1749.388,0,53.919,2398,2020,1.230,1.610,1.080,1,0,0.999,0,0,18,300,0,9,0
17-06 01:57:53,25.195,3.243,69.599,0.249,0,5318232,124080,175728,2384840,4877.385,1454.834,15.965,31299.882,3.991,390.151,3106,3282,1.230,1.610,1.080,3,0,0,0,0,18,300,0,9,0
17-06 01:57:54,21.485,5.246,71.701,1.249,0,5324044,134816,176720,2367740,4694.811,1457.010,0,2822.083,0,112.923,2620,2602,1.230,1.610,1.080,1,0,0,0,0,18,300,0,9,0
17-06 01:57:55,26.770,6.755,64.047,0.751,0,5324944,171416,177632,2329804,5043.691,1621.186,0,2477.813,0,78.057,3689,14415,1.230,1.610,1.080,1,0,36.026,0,0,18,300,0,10,0
17-06 01:57:56,24.348,8.032,67.021,1.004,0,5340924,130236,178888,2353380,4939.965,1626.574,24.097,157303.744,6.024,944.818,4041,3431,1.230,1.610,1.080,1,0,0,0,0,18,300,0,9,0
17-06 01:57:57,24.897,3.237,70.208,0.747,0,5334048,142728,179628,2347180,5215.340,1613.300,47.801,2003.679,3.983,74.690,2841,2796,1.210,1.600,1.080,1,0,0,0,0,18,300,0,9,0
17-06 01:57:58,23.312,4.011,70.940,0.501,0,5342580,150788,180568,2328784,5304.172,1919.128,168.450,3116.327,5.013,124.332,2957,3173,1.210,1.600,1.080,1,0,1.003,0,0,18,298,0,9,0
17-06 01:57:59,23.778,3.504,72.335,0,0,5316740,176760,180588,2328648,4777.620,1513.781,4.005,624.735,1.001,137.161,2281,1708,1.210,1.600,1.080,1,0,19.022,0,0,18,298,0,9,0
17-06 01:58:00,18.440,2.990,77.247,0.748,0,5306052,181144,180672,2334604,11728.567,4719.535,71.765,2687.194,8.971,45.850,2224,2031,1.210,1.600,1.080,1,0,17.941,0,0,18,298,0,5,0
17-06 01:58:01,23.309,7.770,67.921,0,0,5334448,150992,180744,2336004,4872.231,1624.077,0,57271.776,0,640.608,11705,20579,1.210,1.600,1.080,6,0,14.035,0,0,18,298,0,5,0
17-06 01:58:02,22.446,6.235,68.584,0,0,5354452,130856,180748,2336132,7259.461,1616.096,0,23152.066,0,405.021,10546,19325,1.190,1.590,1.080,1,0,6.983,0,0,18,298,0,5,0
17-06 01:58:03,19.822,7.527,72.263,0,0,5349584,135536,180788,2336224,5678.672,1463.327,0,3287.969,0,27.099,2487,2168,1.190,1.590,1.080,1,0,14.051,0,0,18,298,0,5,0
17-06 01:58:04,22.247,3.500,73.240,0.500,0,5285908,206380,180796,2329464,5819.217,1661.776,443.940,859.884,10.999,20.997,2423,2141,1.190,1.590,1.080,1,0,5.999,0,0,18,298,0,4,0
17-06 01:58:05,20.412,3.485,72.188,2.489,0,5306808,180172,180996,2334540,4892.868,1129.123,2776.011,0,343.516,0,2554,2550,1.190,1.590,1.080,1,0,0,0,0,18,299,0,4,0
17-06 01:58:06,25.102,5.271,66.521,1.506,0,5306216,179948,180996,2335356,3347.619,325.324,465.895,5803.611,27.110,327.332,6906,10068,1.190,1.590,1.080,0,1,0,0,0,18,301,0,9,0
17-06 01:58:07,18.437,12.707,65.776,1.495,0,5249872,235460,180996,2336188,5458.382,1614.493,494.314,1929.419,23.918,195.334,6067,7267,1.260,1.590,1.090,1,0,156.466,0,0,18,300,0,10,0
17-06 01:58:08,9.756,19.512,68.543,0,0,5248856,236428,180996,2336236,4168.620,1026.645,16.010,228.143,1.001,18.011,5187,3942,1.260,1.590,1.090,0,1,272.171,0,0,18,300,0,9,0
17-06 01:58:09,11.739,5.994,71.430,9.740,0,5260220,197732,181004,2363560,4327.769,971.051,27357.253,2681.378,1572.463,118.884,4203,5417,1.260,1.590,1.090,1,0,19.980,0,0,18,300,0,11,0
17-06 01:58:10,7.744,4.247,73.690,11.491,0,5245148,196724,181008,2379636,5387.605,2578.896,16010.939,3157.424,1922.432,325.734,3843,5632,1.260,1.590,1.090,0,0,5.995,0,0,18,301,0,11,0
17-06 01:58:11,1.501,1.251,96.810,0,0,5245148,196724,181008,2379636,9283.770,2972.848,0,36.022,0,5.003,984,1342,1.260,1.590,1.090,1,0,0,0,0,18,301,0,11,0
17-06 01:58:12,3.001,0.750,94.527,0.250,0,5245256,196472,181032,2379756,93578.379,5029.418,92.026,296.083,1.000,27.008,1457,1865,1.160,1.570,1.080,1,0,3.001,0,0,18,301,0,11,0
17-06 01:58:13,6.248,5.748,86.467,0.500,0,5216308,224588,181116,2380508,750434.564,13588.868,39.985,951.641,4.998,28.989,3050,3022,1.160,1.570,1.080,0,0,32.988,0,0,18,300,0,11,0
17-06 01:58:14,2.250,1.000,96.269,0,0,5216524,224364,181116,2380516,4352.846,1512.294,0,40.008,0,4.001,1221,1643,1.160,1.570,1.080,0,0,0,0,0,18,300,0,11,0
17-06 01:58:15,1.000,0.500,96.970,0,0,5216524,224364,181116,2380516,4798.505,1661.482,0,291.909,0,15.995,1060,1469,1.160,1.570,1.080,0,0,0,0,0,18,300,0,11,0
17-06 01:58:16,1.250,0.750,97.488,0,0,5216524,224364,181116,2380516,4919.385,1661.792,0,95.988,0,12.998,913,1300,1.160,1.570,1.080,0,0,0,0,0,18,300,0,11,0
17-06 01:58:17,1.250,0.500,96.781,0.250,0,5216496,224364,181116,2380544,5118.647,1620.521,16.005,460.148,1.000,40.013,1185,1771,1.060,1.540,1.080,0,0,0,0,0,18,300,0,11,0
17-06 01:58:18,8.001,3.251,88.015,0,0,5254784,186072,181116,2380548,4920.858,1662.290,256.045,0,2.000,0,1490,1473,1.060,1.540,1.080,2,0,3.001,0,0,18,300,0,11,0
17-06 01:58:19,20.242,6.497,72.470,0,0,5286420,154300,181116,2380684,5277.838,1619.337,511.790,39.984,3.998,4.998,2448,1836,1.060,1.540,1.080,2,0,9.996,0,0,18,300,0,11,0
17-06 01:58:20,6.249,2.250,89.984,0.500,0,5279460,161256,181116,2380688,5237.046,1457.734,255.953,3483.365,2.000,158.971,1685,2115,1.060,1.540,1.080,0,0,1.000,0,0,18,300,0,11,0
17-06 01:58:21,1.500,0.500,97.507,0.250,0,5269496,171220,181116,2380688,5340.391,1620.119,0,28.002,0,4.000,874,1208,1.060,1.540,1.080,0,0,0,0,0,18,300,0,11,0
17-06 01:58:22,1.750,1.000,96.492,0,0,5265304,175408,181116,2380692,4954.595,1457.881,0,63.995,0,8.999,1088,1412,0.980,1.510,1.070,0,0,1.000,0,0,18,300,0,11,0
17-06 01:58:23,2.761,2.259,93.640,0,0,5259076,181632,181116,2380696,5020.891,1626.769,0,273.136,0,23.096,1514,1933,0.980,1.510,1.070,1,0,0,0,0,18,300,0,11,0
17-06 01:58:24,1.743,1.245,96.098,0,0,5255948,184760,181116,2380696,4039.087,1290.596,0,63.733,0,8.962,1051,1389,0.980,1.510,1.070,0,0,0,0,0,18,300,0,11,0
17-06 01:58:25,1.000,0.500,97.523,0,0,5251952,188756,181116,2380696,2742.656,162.039,0,32.008,0,4.001,869,1286,0.980,1.510,1.070,0,0,0,0,0,18,300,0,11,0
17-06 01:58:26,1.500,0.750,97.721,0,0,5248520,192184,181116,2380700,4258.732,1619.518,0,7.998,0,1.999,877,1248,0.980,1.510,1.070,1,0,0,0,0,18,300,0,11,0
17-06 01:58:27,1.750,1.750,94.261,0.500,0,5245316,195380,181116,2380708,4655.519,1458.163,0,21162.359,0,310.035,1846,2596,0.900,1.490,1.060,0,0,0,0,0,18,300,0,11,0
17-06 01:58:28,2.500,1.000,96.500,0.250,0,5242848,197844,181116,2380712,4799.996,1619.999,0,104.000,0,12.000,1178,1660,0.900,1.490,1.060,0,0,0,0,0,18,300,0,11,0
17-06 01:58:29,1.250,1.000,96.982,0,0,5240864,199828,181116,2380712,4457.185,1457.733,0,31.994,0,2.999,1120,1529,0.900,1.490,1.060,0,0,0,0,0,18,300,0,11,0
17-06 01:58:30,1.505,0.502,97.095,0,0,5239336,201356,181116,2380712,5128.248,1625.785,0,180.643,0,11.039,1018,1419,0.900,1.490,1.060,0,0,0,0,0,18,300,0,11,0
17-06 01:58:31,1.246,0.997,97.176,0,0,5238064,202628,181116,2380712,4843.851,1614.617,0,35.880,0,3.987,904,1247,0.900,1.490,1.060,0,0,0,0,0,18,300,0,11,0
17-06 01:58:32,1.750,2.000,95.750,0,0,5239036,201652,181120,2380712,5297.007,1620.002,4.000,38852.052,1.000,373.001,1429,1636,0.830,1.460,1.060,0,0,1.000,0,0,18,300,0,11,0
17-06 01:58:33,5.015,7.272,87.013,0.251,0,5238860,201884,181120,2380896,4230.786,1462.420,180.546,850.571,9.027,30.091,2661,2943,0.830,1.460,1.060,3,0,125.379,0,0,18,300,0,11,0
17-06 01:58:34,10.724,20.450,66.589,0,0,5243700,196988,181120,2380952,4608.829,1616.083,0,0,0,0,6284,5326,0.830,1.460,1.060,1,0,448.912,0,0,18,300,0,11,0
17-06 01:58:35,9.778,19.807,68.198,0,0,5240160,200488,181120,2380992,4513.097,1624.715,0,128.373,0,13.038,6279,5555,0.830,1.460,1.060,1,0,409.187,0,0,18,300,0,11,0
17-06 01:58:36,7.746,21.488,69.211,0.250,0,5240128,200500,181120,2381012,4497.470,1619.089,0,1675.058,0,323.818,6215,4873,0.830,1.460,1.060,1,0,437.754,0,0,18,300,0,11,0
17-06 01:58:37,8.748,21.495,66.735,0.250,0,5237720,202868,181124,2381048,4999.862,1713.610,7.998,3667.165,2.000,60.986,6112,5284,0.840,1.460,1.060,1,0,413.906,0,0,18,300,0,9,0
17-06 01:58:38,8.005,21.513,68.541,0.250,0,5238564,201980,181124,2381092,4520.735,1458.883,20.012,96.058,1.001,8.005,5826,4631,0.840,1.460,1.060,1,0,351.212,0,0,18,300,0,9,0
17-06 01:58:39,18.686,5.730,73.748,0.249,0,5273392,166856,181280,2381232,5300.910,2180.559,294.993,43.850,35.878,3.986,3087,2533,0.840,1.460,1.060,0,0,46.840,0,0,18,301,0,9,0
17-06 01:58:40,1.750,0.750,96.524,0,0,5273420,166632,181280,2381428,213272.912,7441.846,0,4.001,0,1.000,1160,1344,0.840,1.460,1.060,0,0,0,0,0,18,301,0,9,0
17-06 01:58:41,1.999,1.499,93.959,0,0.250,5272504,166380,181280,2382596,1245420.950,33717.244,0,0,0,0,2571,2068,0.840,1.460,1.060,1,0,0,0,0,18,301,0,9,0
17-06 01:58:42,3.251,1.501,94.043,0,0,5271652,166468,181284,2383356,806563.894,19555.847,0,2585.170,0,34.015,2191,2141,0.770,1.430,1.050,0,0,1.000,0,0,18,301,0,9,0
17-06 01:58:43,3.000,2.000,93.765,0.250,0,5270160,167348,181284,2383968,649006.063,15746.476,0,204.032,0,24.004,2279,2530,0.770,1.430,1.050,1,0,0,0,0,18,301,0,9,0
17-06 01:58:44,2.249,1.250,94.976,0,0,5269140,167660,181284,2384676,746228.803,18318.307,0,1427.634,0,11.997,2039,1911,0.770,1.430,1.050,0,0,0,0,0,18,301,0,9,0
17-06 01:58:45,1.750,1.250,95.988,0,0,5267836,168688,181284,2384952,284464.234,7258.062,0,719.907,0,27.996,1455,1680,0.770,1.430,1.050,0,0,0,0,0,18,301,0,9,0
17-06 01:58:46,3.499,1.000,94.217,0.250,0,5255636,180272,181288,2385564,641715.228,12673.561,3.999,691.758,1.000,9.996,1680,1561,0.770,1.430,1.050,1,0,0,0,0,18,300,0,10,0
17-06 01:58:47,13.285,13.285,69.685,2.507,0.251,5286124,125636,181884,2408644,4486.942,1461.891,4018.696,25640.242,59.157,771.052,6227,7528,0.790,1.420,1.050,0,1,95.254,0,0,18,300,0,10,0
17-06 01:58:48,11.993,13.742,68.212,2.998,0,5273164,129900,182328,2415760,4387.561,1619.100,19.989,14411.990,1.999,1537.146,7827,10164,0.790,1.420,1.050,2,0,110.938,0,0,18,300,0,10,0
17-06 01:58:49,22.559,8.522,67.426,0.752,0,5274960,127056,182352,2416680,4571.919,1624.235,0,1443.764,0,90.235,3583,2883,0.790,1.420,1.050,1,0,37.097,0,0,18,300,0,10,0
17-06 01:58:50,22.992,8.247,67.476,0.500,0,5270344,162400,182420,2386424,4106.561,1457.489,0,1307.542,0,79.972,3398,2619,0.790,1.420,1.050,1,0,29.989,0,0,18,300,0,10,0
17-06 01:58:51,22.405,7.468,68.460,0.747,0,5288064,142104,182524,2388840,4301.785,1613.169,0,1330.367,0,59.747,3349,2818,0.790,1.420,1.050,1,0,23.899,0,0,18,300,0,10,0
17-06 01:58:52,22.504,5.751,70.513,0.250,0,5293184,133140,182608,2391880,4997.928,1620.301,168.031,1464.272,39.007,197.037,3390,3402,0.810,1.420,1.050,1,0,17.003,0,0,18,300,0,10,0
17-06 01:58:53,17.252,12.502,67.759,1.750,0,5245536,282796,181828,2292940,4500.600,1620.216,1168.156,5464.728,55.007,131.017,4212,5073,0.810,1.420,1.050,1,0,34.005,0,0,18,300,0,10,0
17-06 01:58:54,14.750,10.750,72.002,0,0,5273684,251576,181844,2293328,3390.082,810.020,364.009,2568.062,27.001,5.000,3014,2210,0.810,1.420,1.050,1,0,58.001,0,0,18,300,0,10,0
17-06 01:58:55,25.282,3.254,71.340,0,0,5304528,220620,181872,2293412,4333.443,1189.494,52.065,84.106,9.011,4.005,2200,1509,0.810,1.420,1.050,3,0,15.019,0,0,18,300,0,10,0
17-06 01:58:56,8.988,3.745,87.132,0.250,0,5248080,333888,181876,2237960,4719.617,1563.885,43.941,7.989,4.993,1.997,2258,6294,0.810,1.420,1.050,0,0,38.947,0,0,18,300,0,11,0
17-06 01:58:57,2.000,0.750,94.997,0.500,0,5244540,337372,181876,2238016,5328.832,1511.952,31.999,727.977,1.000,53.998,1494,2230,0.740,1.390,1.040,1,0,0,0,0,18,300,0,10,0
17-06 01:58:58,1.749,0.999,96.699,0,0,5241492,340420,181876,2238016,5037.322,1619.139,0,131.930,0,16.991,1138,1669,0.740,1.390,1.040,0,0,0,0,0,18,300,0,10,0
17-06 01:58:59,1.751,0.500,97.034,0,0,5239288,342624,181876,2238016,4819.678,1458.508,0,0,0,0,998,1325,0.740,1.390,1.040,1,0,0,0,0,18,300,0,10,0
17-06 01:59:00,1.500,0.500,97.271,0,0,5236952,344960,181876,2238016,4801.052,1620.355,0,180.039,0,11.002,950,1376,0.740,1.390,1.040,0,0,0,0,0,18,300,0,10,0
17-06 01:59:01,1.747,1.248,96.315,0,0.250,5234904,347004,181876,2238020,5084.258,1201.697,0,35.931,0,3.992,967,1291,0.740,1.390,1.040,0,0,0,0,0,18,300,0,10,0
17-06 01:59:02,1.252,0.751,97.133,0,0,5233116,348792,181876,2238020,5648.743,865.186,0,4.005,0,1.001,1043,1298,0.680,1.370,1.040,0,0,1.001,0,0,18,300,0,10,0
17-06 01:59:03,1.751,0.750,95.305,0.750,0,5227852,354080,181876,2238024,5749.298,1566.899,0,4258.443,0,452.259,1481,1952,0.680,1.370,1.040,0,0,0,0,0,18,300,0,10,0
17-06 01:59:04,1.501,0.750,97.052,0,0,5227860,354080,181876,2238024,6455.449,1512.808,0,0,0,0,1003,1252,0.680,1.370,1.040,0,0,0,0,0,18,300,0,10,0
17-06 01:59:05,1.499,0.250,97.657,0,0,5227868,354080,181876,2238024,5514.772,1660.426,0,35.966,0,3.996,939,1272,0.680,1.370,1.040,0,0,0,0,0,18,300,0,10,0
17-06 01:59:06,1.251,1.001,96.814,0,0,5228060,353856,181876,2238056,5343.534,1621.072,0,0,0,0,959,1266,0.680,1.370,1.040,0,0,0,0,0,18,300,0,10,0
17-06 01:59:07,1.748,0.749,95.897,0.250,0,5228052,353856,181876,2238064,5097.512,1564.316,0,459.505,0,36.960,1346,1896,0.630,1.350,1.030,0,0,0,0,0,18,300,0,10,0
17-06 01:59:08,1.752,0.751,96.846,0,0,5228048,353856,181876,2238068,4864.845,1621.615,0,56.056,0,7.007,1091,1473,0.630,1.350,1.030,0,0,0,0,0,18,300,0,10,0
17-06 01:59:09,1.250,0.500,97.506,0,0,5228048,353856,181876,2238068,5160.317,1620.099,0,36.002,0,5.000,972,1353,0.630,1.350,1.030,0,0,0,0,0,18,300,0,10,0
17-06 01:59:10,1.500,0.750,97.241,0,0,5228048,353856,181876,2238068,4499.569,1619.845,0,0,0,0,921,1298,0.630,1.350,1.030,0,0,0,0,0,18,300,0,2,0
17-06 01:59:11,1.500,0.250,97.507,0,0,5228048,353856,181876,2238068,4380.318,1620.117,0,0,0,0,914,1273,0.630,1.350,1.030,2,0,0,0,0,18,300,0,2,0
17-06 01:59:12,2.000,1.250,96.227,0,0,5228048,353856,181876,2238068,5147.760,1511.636,0,107.974,0,11.997,1290,1729,0.580,1.320,1.030,0,0,1.000,0,0,18,300,0,2,0
17-06 01:59:13,2.251,1.000,95.781,0,0,5228288,353604,181880,2238076,4427.456,1608.529,0,288.095,0,33.011,1407,2110,0.580,1.320,1.030,0,0,0,0,0,18,300,0,2,0
17-06 01:59:14,1.500,0.500,96.991,0,0,5228024,353868,181880,2238076,4351.606,1511.863,0,563.949,0,124.989,1027,1332,0.580,1.320,1.030,1,0,0,0,0,18,300,0,2,0
17-06 01:59:15,1.500,0.750,96.991,0,0,5228024,353868,181880,2238076,4665.562,1565.853,0,323.970,0,17.998,1033,1447,0.580,1.320,1.030,0,0,0,0,0,18,300,0,2,0
17-06 01:59:16,1.500,0.500,97.515,0.250,0,5228024,353868,181880,2238076,4352.663,1512.230,0,36.005,0,4.001,868,1226,0.580,1.320,1.030,0,0,0,0,0,18,300,0,2,0
17-06 01:59:17,0.750,0.250,97.506,0,0,5228024,353868,181880,2238076,5403.333,1566.096,0,0,0,0,944,1236,0.530,1.300,1.020,0,0,0,0,0,18,300,0,2,0
17-06 01:59:18,8.251,3.750,87.008,0.250,0,5245796,335740,181880,2238432,4772.449,1512.142,608.057,2028.191,13.001,95.009,1777,2028,0.530,1.300,1.020,1,0,3.000,0,0,18,300,0,2,0
17-06 01:59:19,18.970,7.488,72.387,0.250,0,5248828,332704,181880,2238436,4658.744,1563.565,511.204,35.944,3.994,3.994,2437,1781,0.530,1.300,1.020,1,0,9.984,0,0,18,300,0,2,0
17-06 01:59:20,7.260,2.503,90.370,0,0,5253104,328424,181880,2238440,4718.243,1514.003,256.339,24.032,2.003,3.004,1362,1351,0.530,1.300,1.020,1,0,1.001,0,0,18,300,0,2,0
17-06 01:59:21,0.750,0.750,97.285,0.250,0,5253100,328424,181880,2238444,4879.733,1458.518,0,44.016,0,3.001,792,1156,0.530,1.300,1.020,0,0,0,0,0,18,300,0,2,0
17-06 01:59:22,2.499,0.750,96.693,0,0,5250496,331024,181880,2238448,5999.445,1565.073,0,63.962,0,5.996,1049,1366,0.490,1.280,1.020,0,0,0.999,0,0,18,300,0,2,0
17-06 01:59:23,3.750,2.500,91.740,0.250,0,5247240,334276,181880,2238452,4711.469,1511.830,0,56989.580,0,149.983,2017,2628,0.490,1.280,1.020,0,0,0,0,0,18,300,0,2,0
17-06 01:59:24,1.500,0.750,96.732,0,0,5244724,336792,181880,2238452,4845.120,1565.716,0,0,0,0,985,1302,0.490,1.280,1.020,0,0,0,0,0,18,300,0,2,0
17-06 01:59:25,1.501,0.500,97.310,0,0,5233552,347964,181880,2238452,4802.937,1620.991,0,1016.622,0,201.123,992,1343,0.490,1.280,1.020,0,0,0,0,0,18,300,0,2,0
17-06 01:59:26,12.249,3.250,80.490,2.500,0,5250648,328272,182492,2240436,7083.157,7250.137,2575.693,15.998,510.939,2.000,2603,3016,0.490,1.280,1.020,0,0,4.999,0,0,18,301,0,2,0
17-06 01:59:27,15.279,3.507,80.404,0.501,0,5268720,310160,182492,2240476,17322.269,11222.554,24.046,1330.555,3.006,43.083,2978,3215,0.450,1.260,1.010,0,0,5.010,0,0,18,301,0,4,0
17-06 01:59:28,15.007,4.002,79.535,0.250,0,5272624,305876,182492,2240856,11903.185,8092.525,76.033,308.134,5.002,37.016,2711,2961,0.450,1.260,1.010,1,0,5.002,0,0,18,301,0,6,0
17-06 01:59:29,14.221,3.992,80.835,0,0,5258852,319624,182492,2240880,15401.637,11961.642,0,211.569,0,18.961,2542,2672,0.450,1.260,1.010,1,0,4.990,0,0,18,301,0,7,0
17-06 01:59:30,13.491,3.498,80.949,0.250,0,5251320,326988,182492,2241048,18484.328,15995.899,15.990,135.914,0.999,15.990,2499,2710,0.450,1.260,1.010,0,0,4.997,0,0,18,301,0,8,0
17-06 01:59:31,14.755,3.501,80.027,0.250,0,5269092,309072,182492,2241192,14576.959,10557.592,0,196.067,0,24.008,2643,2757,0.450,1.260,1.010,1,0,5.002,0,0,18,301,0,9,0
17-06 01:59:32,43.782,6.755,48.786,0,0,5263000,315140,182492,2241216,9168.805,5655.197,12.009,200.149,2.001,15.011,3776,2520,0.650,1.290,1.020,3,0,20.015,0,0,18,292,0,12,0
17-06 01:59:33,48.548,11.762,39.039,0,0,5056412,521776,182492,2241256,4642.602,1459.447,56.056,192.191,9.009,21.021,3664,2322,0.650,1.290,1.020,3,0,11.011,0,0,18,284,0,14,0
17-06 01:59:34,63.951,11.991,23.732,0,0,5134848,443056,182496,2241536,4542.501,1564.795,67.948,1191.082,3.997,100.922,3742,1524,0.650,1.290,1.020,4,0,1.998,0,0,18,284,0,14,0
17-06 01:59:35,69.763,11.752,17.753,0.500,0,5198056,379036,182500,2242344,5012.955,1512.288,568.108,1380.263,37.007,80.015,4804,3555,0.650,1.290,1.020,4,0,3.001,0,0,18,280,0,19,0
17-06 01:59:36,47.064,11.516,40.555,0.250,0.250,5177648,399272,182500,2242564,4552.209,1568.139,8.011,4149.660,1.001,551.753,4158,3285,0.650,1.290,1.020,4,0,6.008,0,0,18,274,0,19,0
17-06 01:59:37,68.232,11.455,18.926,0.249,0,5040636,536080,182504,2242928,5431.652,1599.713,143.436,645.463,8.965,38.847,4922,3362,1,1.350,1.040,4,0,11.953,0,0,18,259,0,23,0
17-06 01:59:38,51.843,7.764,40.072,0.250,0,5148276,427092,182512,2244268,4854.727,1568.820,148.267,272.490,10.018,24.043,4858,7199,1,1.350,1.040,3,0,2.004,0,0,18,265,0,24,0
17-06 01:59:39,37.005,7.751,53.507,0.750,0,5256664,316256,182528,2246700,49407.342,18284.347,452.058,616.079,50.006,54.007,6174,11461,1,1.350,1.040,2,0,2.000,0,0,18,275,0,31,0
17-06 01:59:40,6.996,1.749,88.703,0.500,0,5260404,312476,182532,2246736,21837.402,5467.096,0,371.803,0,41.978,2842,4312,1,1.350,1.040,0,0,0,0,0,18,281,0,31,0
17-06 01:59:41,2.501,1.250,96.530,0,0,5260400,312476,182532,2246740,4647.421,1566.479,0,220.067,0,23.007,1158,1523,1,1.350,1.040,0,0,0,0,0,18,281,0,31,0
17-06 01:59:42,1.750,0.500,96.013,0.500,0,5260396,312476,182532,2246744,5297.705,1620.216,0,1184.158,0,71.009,1427,1974,1,1.340,1.040,1,0,1.000,0,0,18,281,0,31,0
17-06 01:59:43,2.249,1.000,95.972,0.250,0,5260396,312476,182532,2246744,5468.401,1661.514,0,195.943,0,30.991,1455,2227,1,1.340,1.040,0,0,0,0,0,18,281,0,31,0
17-06 01:59:44,1.251,0.250,97.327,0,0,5260648,312224,182532,2246744,4845.846,1513.201,0,440.349,0,4.003,981,1353,1,1.340,1.040,0,0,0,0,0,18,281,0,31,0
17-06 01:59:45,1.249,0.499,97.384,0,0,5260648,312224,182532,2246744,5753.168,1618.078,0,351.582,0,17.979,972,1350,1,1.340,1.040,0,0,0,0,0,18,281,0,31,0
17-06 01:59:46,1.500,0.750,97.528,0.250,0,5260648,312224,182532,2246744,5069.450,1458.417,0,28.008,0,4.001,908,1260,1,1.340,1.040,0,0,0,0,0,18,281,0,31,0
17-06 01:59:47,2.001,0.750,96.532,0,0,5260640,312224,182532,2246752,4938.629,1620.535,0,1076.355,0,9.003,1124,1448,0.920,1.320,1.040,0,0,0,0,0,18,281,0,31,0
17-06 01:59:48,1.749,0.750,96.970,0,0,5260640,312224,182532,2246752,4216.710,1457.554,0,0,0,0,946,1268,0.920,1.320,1.040,1,0,0,0,0,18,281,0,31,0
17-06 01:59:49,1.750,0.750,96.277,0,0,5260524,312224,182532,2246868,4399.211,1458.401,108.030,220.061,8.002,20.006,1339,1979,0.920,1.320,1.040,0,0,0,0,0,18,281,0,31,0
17-06 01:59:50,2.502,1.001,94.815,0.500,0,5260524,312224,182532,2246868,4429.055,1567.081,0,296.204,0,42.029,1551,2300,0.920,1.320,1.040,0,0,0,0,0,18,281,0,30,0
17-06 01:59:51,6.765,1.253,91.209,0.251,0,5260512,312224,182532,2246880,3926.983,1461.343,0,208.477,0,20.046,1757,2282,0.920,1.320,1.040,1,0,0,0,0,18,281,0,30,0
17-06 01:59:52,3.494,0.998,94.078,0,0,5260484,312224,182536,2246904,4466.836,1455.340,0,415.241,0,37.931,1784,2576,0.850,1.300,1.030,0,0,0.998,0,0,18,281,0,30,0
17-06 01:59:53,2.254,0.501,96.441,0.250,0,5260480,312224,182536,2246908,4587.101,1460.898,0,192.382,0,20.040,1283,1853,0.850,1.300,1.030,1,0,0,0,0,18,281,0,30,0
17-06 01:59:54,1.500,0.750,96.521,0,0,5260480,312224,182536,2246908,4831.045,1590.344,0,140.030,0,9.002,968,1329,0.850,1.300,1.030,0,0,0,0,0,18,281,0,30,0
17-06 01:59:55,0.996,0.747,96.878,0.249,0,5260480,312224,182536,2246908,4751.731,1583.910,0,613.641,0,37.854,985,1405,0.850,1.300,1.030,0,0,0,0,0,18,281,0,30,0
17-06 01:59:56,8.004,4.502,86.795,0,0,5266812,305892,182536,2246908,4520.327,1458.751,0,44.023,0,7.004,2576,6406,0.850,1.300,1.030,2,0,36.019,0,0,18,281,0,31,0
17-06 01:59:57,1.749,0.500,95.938,0.500,0,5260956,311748,182536,2246908,5473.448,1618.949,0,9222.015,0,1147.255,1697,1772,0.780,1.280,1.020,0,0,0,0,0,18,281,0,31,0
17-06 01:59:58,2.750,1.500,92.508,0.750,0,5261696,310992,182536,2246924,4652.410,1512.133,0,2616.231,0,187.016,1992,2958,0.780,1.280,1.020,0,0,1.000,0,0,18,281,0,31,0
17-06 01:59:59,1.750,1.000,97.016,0,0,5261696,310992,182536,2246924,4860.810,1620.270,0,24.004,0,3.000,1042,1379,0.780,1.280,1.020,0,0,0,0,0,18,281,0,30,0
17-06 02:00:00,2.500,0.750,95.018,0.500,0,5261696,310992,182536,2246924,4740.898,1620.307,0,780.148,0,71.013,1652,2489,0.780,1.280,1.020,0,0,0,0,0,18,281,0,30,0
17-06 02:00:01,1.250,0.750,97.750,0,0,5261696,310992,182536,2246924,5279.993,1619.998,0,0,0,0,951,1286,0.780,1.280,1.020,0,0,0,0,0,18,281,0,30,0
17-06 02:00:02,1.250,1.000,96.996,0,0,5261940,310744,182536,2246928,7456.662,1619.926,0,87.996,0,11.000,1140,1470,0.720,1.260,1.020,1,0,1.000,0,0,18,281,0,30,0
17-06 02:00:03,2.250,1.000,96.253,0.250,0,5261932,310744,182536,2246936,7620.257,1620.055,0,324.011,0,24.001,1247,1687,0.720,1.260,1.020,0,0,0,0,0,18,281,0,30,0
17-06 02:00:04,1.749,0.500,97.429,0,0,5261932,310744,182536,2246936,6313.376,1456.933,0,0,0,0,942,1233,0.720,1.260,1.020,0,0,0,0,0,18,281,0,30,0
17-06 02:00:05,1.251,0.500,97.300,0,0,5261932,310744,182536,2246936,5558.832,1296.661,0,36.018,0,4.002,910,1246,0.720,1.260,1.020,0,0,0,0,0,18,281,0,30,0
17-06 02:00:06,1.500,1.000,96.771,0,0,5261932,310744,182536,2246936,4763.034,1242.270,0,0,0,0,984,1251,0.720,1.260,1.020,1,0,0,0,0,18,281,0,30,0
17-06 02:00:07,24.692,7.233,67.093,0.499,0,5263860,307732,182680,2247812,6308.277,1853.674,818.091,79.814,83.804,5.986,3382,2937,0.900,1.290,1.030,3,0,73.828,0,0,18,277,0,32,0
17-06 02:00:08,26.822,5.013,66.679,0,0,4971696,600048,182680,2247800,5011.461,1814.875,56.151,136.366,1.003,8.022,2599,1975,0.900,1.290,1.030,2,0,7.019,0,0,18,277,0,32,0
17-06 02:00:09,23.225,4.495,72.172,0,0,5041856,529764,182680,2247924,5166.439,2249.579,67.927,483.480,4.995,80.913,2272,1712,0.900,1.290,1.030,2,0,1.998,0,0,18,277,0,32,0
17-06 02:00:10,24.013,5.753,68.536,0.500,0,5108148,462548,182684,2248864,4952.613,1590.839,216.114,680.359,21.011,54.029,3653,5470,0.900,1.290,1.030,2,0,16.008,0,0,18,281,0,34,0
17-06 02:00:11,21.505,6.251,71.515,0,0,5166100,404592,182684,2248868,4440.958,1620.350,0,0,0,0,2255,1691,0.900,1.290,1.030,1,0,5.001,0,0,18,281,0,34,0
17-06 02:00:12,21.493,2.749,74.477,0.250,0,5188988,381508,182684,2249064,5013.420,1681.470,0,331.895,0,31.990,2207,1929,0.830,1.260,1.020,0,0,1.999,0,0,18,281,0,34,0
17-06 02:00:13,2.251,0.500,95.521,0.250,0,5187556,382936,182684,2249068,4561.015,1662.370,0,216.048,0,30.007,1465,2134,0.830,1.260,1.020,0,0,0,0,0,18,281,0,34,0
17-06 02:00:14,1.748,0.749,97.386,0,0,5183956,386536,182684,2249068,4213.064,1456.294,0,3.995,0,0.999,947,1276,0.830,1.260,1.020,0,0,0,0,0,18,281,0,34,0
17-06 02:00:15,2.001,0.500,97.069,0,0,5180796,389696,182684,2249068,4683.351,1621.160,0,288.206,0,19.014,1018,1342,0.830,1.260,1.020,0,0,0,0,0,18,281,0,34,0
17-06 02:00:16,1.000,0.500,97.276,0,0,5177904,392460,182684,2249196,5041.356,1662.447,0,224.060,0,5.001,920,1248,0.830,1.260,1.020,0,0,0,0,0,18,281,0,34,0
17-06 02:00:17,1.751,0.500,97.032,0,0,5175456,394908,182684,2249196,5838.918,1710.562,0,0,0,0,969,1287,0.760,1.240,1.020,0,0,0,0,0,18,281,0,34,0
17-06 02:00:18,1.250,0.500,97.501,0,0,5173560,396804,182684,2249196,5400.054,1620.016,0,0,0,0,911,1220,0.760,1.240,1.020,0,0,0,0,0,18,281,0,34,0
17-06 02:00:19,1.500,0.500,97.476,0,0,5171900,398464,182684,2249196,5476.655,1457.642,0,3.999,0,1.000,951,1276,0.760,1.240,1.020,0,0,0,0,0,18,281,0,34,0
17-06 02:00:20,2.500,1.250,95.260,0.500,0,5170448,399916,182684,2249196,4920.494,1760.177,0,528.053,0,54.005,1664,2462,0.760,1.240,1.020,1,0,0,0,0,18,281,0,34,0
17-06 02:00:21,1.000,0.750,97.241,0,0,5169180,401184,182684,2249196,5339.531,1661.854,0,0,0,0,903,1217,0.760,1.240,1.020,0,0,0,0,0,18,281,0,34,0
17-06 02:00:22,1.500,0.750,97.027,0,0,5168316,402044,182684,2249200,4026.139,648.183,0,96.027,0,10.003,1011,1355,0.700,1.220,1.010,1,0,1.000,0,0,18,281,0,34,0
17-06 02:00:23,2.749,0.999,95.699,0,0,5167320,403036,182684,2249204,3698.033,809.569,0,307.836,0,28.985,1286,1758,0.700,1.220,1.010,0,0,0.999,0,0,18,281,0,34,0
17-06 02:00:24,1.500,1.250,96.984,0,0,5166604,403752,182684,2249204,4379.259,1619.726,0,0,0,0,959,1279,0.700,1.220,1.010,1,0,0,0,0,18,281,0,34,0
17-06 02:00:25,1.751,0.250,96.786,0,0,5166604,403752,182684,2249204,4477.653,1656.612,0,4.001,0,1.000,994,1272,0.700,1.220,1.010,1,0,0,0,0,18,281,0,34,0
17-06 02:00:26,1.250,0.750,97.212,0,0,5166600,403752,182684,2249208,4162.390,1523.411,0,0,0,0,881,1205,0.700,1.220,1.010,0,0,0,0,0,18,281,0,34,0
17-06 02:00:27,1.751,0.750,96.308,0.500,0,5166600,403752,182684,2249208,4939.965,1620.973,0,240.144,0,26.016,1269,1721,0.640,1.200,1.010,0,0,0,0,0,18,281,0,32,0
17-06 02:00:28,2.237,1.243,95.453,0,0,5164160,406192,182684,2249208,4474.376,1539.185,0,4315.287,0,566.754,1523,1743,0.640,1.200,1.010,1,0,0,0,0,18,281,0,32,0
17-06 02:00:29,1.509,1.006,97.079,0,0,5164512,405836,182684,2249212,2595.467,162.971,0,36.216,0,3.018,1080,1528,0.640,1.200,1.010,0,0,0,0,0,18,281,0,32,0
17-06 02:00:30,2.249,1.000,94.960,1.000,0,5164652,405688,182684,2249220,4756.021,1499.376,0,759.684,0,70.970,1714,2587,0.640,1.200,1.010,0,0,0,0,0,18,281,0,32,0
17-06 02:00:31,1.750,0.250,97.484,0,0,5164648,405688,182684,2249224,4637.240,1457.761,0,7.999,0,2.000,921,1262,0.640,1.200,1.010,0,0,0,0,0,18,281,0,27,0
17-06 02:00:32,2.750,1.000,95.996,0.250,0,5164644,405688,182684,2249228,5236.758,1619.925,0,87.996,0,10.000,1067,1390,0.590,1.180,1,0,0,1.000,0,0,18,281,0,27,0
17-06 02:00:33,4.501,1.750,92.019,0,0,5167380,402920,182684,2249260,4740.963,1620.329,32.006,788.160,2.000,133.027,1657,2054,0.590,1.180,1,0,0,9.002,0,0,18,283,0,27,0
17-06 02:00:34,1.750,0.500,97.738,0,0,5167376,402920,182684,2249264,4739.405,1619.797,0,0,0,0,887,1215,0.590,1.180,1,0,0,0,0,0,18,283,0,27,0
17-06 02:00:35,1.500,1.000,97.251,0,0,5167376,402920,182684,2249264,4638.048,1598.017,0,560.006,0,12.000,923,1264,0.590,1.180,1,0,0,0,0,0,18,283,0,27,0
17-06 02:00:36,2.000,0.500,96.266,0,0,5167372,402920,182684,2249268,4500.760,1620.274,0,28.005,0,4.001,991,1341,0.590,1.180,1,0,0,1.000,0,0,18,283,0,17,0
17-06 02:00:37,2.998,1.499,94.199,0,0,5168352,401924,182684,2249284,5238.163,1713.072,0,127.931,0,9.995,1418,1782,0.540,1.160,0.990,0,0,2.998,0,0,18,283,0,17,0
17-06 02:00:38,8.268,13.278,76.915,0.251,0,5177948,392284,182684,2249328,4629.932,1713.676,4.009,176.378,1.002,18.039,4960,4577,0.540,1.160,0.990,1,0,292.628,0,0,18,283,0,19,0
17-06 02:00:39,21.970,5.493,71.653,0,0,5244072,326152,182684,2249336,4050.540,1294.255,0,55.925,0,5.992,2451,2017,0.540,1.160,0.990,1,0,20.972,0,0,18,283,0,19,0
17-06 02:00:40,20.067,2.759,75.753,0.251,0,5259912,310264,182688,2249380,10713.779,7766.938,40.134,1055.525,4.013,112.375,3232,3747,0.540,1.160,0.990,1,0,0,0,0,18,284,0,8,0
17-06 02:00:41,21.509,4.502,70.528,1.501,0,5260556,309188,182692,2249808,8238.314,5039.027,336.135,4873.961,21.008,361.145,5901,8895,0.540,1.160,0.990,2,0,1.000,0,0,18,284,0,9,0
17-06 02:00:42,41.641,8.727,47.626,0.249,0,5313464,256076,182692,2250012,8026.049,4697.737,175.542,602.427,7.979,59.844,4158,3542,0.660,1.180,1,1,0,29.922,0,0,18,284,0,10,0
17-06 02:00:43,35.842,5.514,58.400,0,0,5318300,251036,182700,2250208,42512.911,37297.551,16.041,292.750,1.003,30.077,4151,4165,0.660,1.180,1,3,0,1.003,0,0,18,283,0,21,0
17-06 02:00:44,4.233,1.494,93.119,0,0.249,5274888,294464,182700,2250208,5676.775,1655.228,0,0,0,0,1438,1642,0.660,1.180,1,0,0,34.857,0,0,18,283,0,21,0
17-06 02:00:45,1.250,1.250,96.517,0.750,0,5266552,302800,182700,2250208,4772.862,1512.273,0,3484.629,0,448.081,1335,1688,0.660,1.180,1,0,0,2.000,0,0,18,283,0,21,0
17-06 02:00:46,1.500,0.500,97.001,0.250,0,5267020,302324,182708,2250208,4726.045,1566.015,0,168.002,0,19.000,1061,1547,0.660,1.180,1,1,0,0,0,0,18,283,0,21,0
17-06 02:00:47,1.000,0.750,96.969,0,0,5264716,304628,182708,2250208,4487.577,1511.521,0,27.991,0,3.999,939,1291,0.610,1.160,0.990,0,0,0,0,0,18,283,0,21,0
17-06 02:00:48,2.000,0.750,96.506,0,0,5264716,304628,182708,2250208,4126.236,1566.090,0,88.005,0,10.001,978,1370,0.610,1.160,0.990,0,0,0,0,0,18,283,0,21,0
17-06 02:00:49,1.500,0.500,97.245,0,0,5265180,304164,182708,2250208,4231.776,1511.920,0,4.000,0,1.000,940,1320,0.610,1.160,0.990,0,0,0,0,0,18,283,0,21,0
17-06 02:00:50,2.001,1.000,95.537,0.250,0,5265172,304164,182712,2250212,4201.609,1620.621,0,548.210,0,54.021,1619,2501,0.610,1.160,0.990,1,0,0,0,0,18,283,0,21,0
17-06 02:00:51,1.250,0.500,97.769,0,0,5265424,303912,182712,2250212,4486.862,1566.301,0,0,0,0,909,1340,0.610,1.160,0.990,1,0,1.000,0,0,18,283,0,21,0
17-06 02:00:52,1.750,1.250,96.268,0.250,0,5265396,303912,182712,2250240,5297.970,1620.297,16.003,456.084,1.000,36.007,1277,1857,0.610,1.160,0.990,0,0,0,0,0,18,283,0,21,0
17-06 02:00:53,2.000,0.500,94.986,0.250,0,5265392,303912,182712,2250244,5039.247,1619.758,0,291.956,0,38.994,1382,2034,0.560,1.140,0.990,0,0,1.000,0,0,18,283,0,21,0
17-06 02:00:54,1.500,1.000,98.004,0,0,5265392,303912,182712,2250244,4920.207,1620.068,0,32.001,0,4.000,967,1345,0.560,1.140,0.990,0,0,0,0,0,18,283,0,21,0
17-06 02:00:55,1.250,0.250,97.514,0,0,5265388,303912,182712,2250248,5232.760,1752.254,0,196.028,0,12.002,968,1379,0.560,1.140,0.990,1,0,0,0,0,18,283,0,21,0
17-06 02:00:56,5.998,3.749,88.967,0,0,5279324,289972,182712,2250252,5022.122,1643.385,0,27.990,0,3.999,2119,9887,0.560,1.140,0.990,0,0,35.987,0,0,18,283,0,21,0
17-06 02:00:57,1.749,1.000,96.204,0.250,0,5270988,298308,182712,2250252,5100.564,1565.252,0,247.882,0,23.989,1171,1711,0.560,1.140,0.990,0,0,0,0,0,18,283,0,21,0
17-06 02:00:58,2.501,0.500,95.287,0.250,0,5269976,299312,182712,2250260,4773.855,1512.588,0,108.042,0,16.006,1374,1894,0.510,1.120,0.980,1,0,0,0,0,18,283,0,21,0
17-06 02:00:59,1.500,0.750,97.266,0,0,5260468,308816,182712,2250264,4846.817,1566.264,0,672.113,0,147.025,1008,1376,0.510,1.120,0.980,0,0,0,0,0,18,283,0,21,0
17-06 02:01:00,3.249,1.000,94.207,0.250,0,5260468,308816,182712,2250264,4769.846,1511.317,0,743.664,0,68.969,1813,2673,0.510,1.120,0.980,0,0,0,0,0,18,283,0,21,0
17-06 02:01:01,2.000,0.750,96.759,0,0,5260464,308816,182712,2250268,4726.416,1608.142,0,4.000,0,1.000,986,1332,0.510,1.120,0.980,0,0,0,0,0,18,283,0,21,0
17-06 02:01:02,2.000,1.250,96.523,0.250,0,5260464,308816,182712,2250268,6660.612,1512.366,0,100.024,0,12.003,1227,1772,0.510,1.120,0.980,2,0,0,0,0,18,283,0,21,0
17-06 02:01:03,1.500,0.750,96.009,0.250,0,5260964,308316,182712,2250268,6466.596,1706.157,0,212.020,0,24.002,1208,1782,0.470,1.100,0.980,0,0,1.000,0,0,18,283,0,21,0
17-06 02:01:04,1.250,1.000,97.223,0,0,5260960,308316,182712,2250272,5790.386,1511.579,0,0,0,0,929,1284,0.470,1.100,0.980,0,0,0,0,0,18,283,0,21,0
17-06 02:01:05,1.750,0.250,97.496,0.250,0,5260960,308316,182712,2250272,5445.773,1565.935,0,495.979,0,19.999,968,1363,0.470,1.100,0.980,0,0,0,0,0,18,283,0,21,0
17-06 02:01:06,1.500,0.750,96.506,0,0,5260924,308316,182712,2250308,5298.355,1458.098,0,32.002,0,5.000,987,1335,0.470,1.100,0.980,0,0,0,0,0,18,283,0,21,0
17-06 02:01:07,1.750,0.750,96.982,0,0,5260924,308316,182716,2250304,5448.006,1511.724,0,71.987,0,6.999,1007,1414,0.470,1.100,0.980,0,0,0,0,0,18,283,0,21,0
17-06 02:01:08,2.500,0.750,95.246,0.250,0.250,5260908,308316,182716,2250320,10636.581,2942.884,0,47.998,0,6.000,1240,1566,0.430,1.080,0.970,0,0,0,0,0,18,283,0,19,0
17-06 02:01:09,1.500,1.000,96.755,0,0,5261132,308092,182716,2250320,5006.248,1620.080,0,720.036,0,160.008,1070,1353,0.430,1.080,0.970,0,0,0,0,0,18,283,0,19,0
17-06 02:01:10,2.250,1.000,94.758,0.250,0,5261128,308092,182716,2250324,4678.380,1512.123,0,600.049,0,58.005,1753,2637,0.430,1.080,0.970,0,0,2.000,0,0,18,283,0,19,0
17-06 02:01:11,2.251,0.500,96.283,0,0,5261120,308092,182716,2250332,10326.560,3130.079,0,288.099,0,51.018,1205,1503,0.430,1.080,0.970,0,0,0,0,0,18,283,0,19,0
17-06 02:01:12,1.750,1.000,96.025,0.250,0,5261108,308092,182716,2250344,4998.304,1620.423,0,604.158,0,54.014,1422,2201,0.430,1.080,0.970,0,0,0,0,0,18,283,0,17,0
17-06 02:01:13,2.249,1.000,95.704,0,0,5261104,308092,182716,2250348,4917.612,1661.193,0,191.907,0,28.986,1480,2202,0.400,1.060,0.970,0,0,1.000,0,0,18,283,0,17,0
17-06 02:01:14,1.500,2.499,95.220,0,0,5263360,305832,182716,2250352,4604.540,1565.503,0,0,0,0,1267,1440,0.400,1.060,0.970,0,0,17.994,0,0,18,283,0,17,0
17-06 02:01:15,1.751,0.750,95.805,0.750,0,5263360,305832,182716,2250352,4654.677,1512.870,0,3365.936,0,158.091,1339,2093,0.400,1.060,0.970,0,0,0,0,0,18,283,0,17,0
17-06 02:01:16,0.750,0.250,97.478,0,0,5263360,305832,182716,2250352,4844.902,1565.645,0,55.987,0,6.998,856,1239,0.400,1.060,0.970,0,0,0,0,0,18,283,0,17,0
17-06 02:01:17,1.999,0.750,97.224,0,0,5263360,305832,182716,2250352,5397.572,1511.600,0,7.998,0,1.999,965,1300,0.400,1.060,0.970,0,0,0,0,0,18,283,0,17,0
17-06 02:01:18,1.000,0.500,97.264,0,0,5263360,305832,182716,2250352,4758.693,1458.212,0,0,0,0,915,1266,0.370,1.040,0.960,0,0,0,0,0,18,283,0,17,0
17-06 02:01:19,1.250,0.750,97.464,0,0,5263360,305832,182716,2250352,5144.112,1607.410,0,3.999,0,1.000,882,1264,0.370,1.040,0.960,0,0,0,0,0,18,283,0,17,0
17-06 02:01:20,2.750,1.000,94.244,0.500,0,5263360,305832,182716,2250352,4651.684,1511.897,0,551.962,0,53.996,1676,2501,0.370,1.040,0.960,0,0,0,0,0,18,283,0,17,0
17-06 02:01:21,2.000,0.250,97.020,0,0,5263352,305832,182716,2250360,4818.994,1458.301,0,0,0,0,926,1271,0.370,1.040,0.960,0,0,0,0,0,18,283,0,17,0
17-06 02:01:22,1.999,1.000,96.225,0,0,5263352,305832,182716,2250360,5503.558,1457.618,0,91.976,0,9.997,1033,1372,0.370,1.040,0.960,0,0,0,0,0,18,283,0,17,0
17-06 02:01:23,3.501,1.250,94.033,0.250,0,5263344,305832,182716,2250368,4913.715,1632.570,0,536.187,0,55.019,1654,2391,0.340,1.030,0.960,0,0,1.000,0,0,18,283,0,17,0
17-06 02:01:24,1.501,0.500,97.534,0,0,5263344,305832,182716,2250368,4593.625,1512.535,0,0,0,0,966,1333,0.340,1.030,0.960,0,0,0,0,0,18,283,0,17,0
17-06 02:01:25,1.499,0.749,97.166,0.250,0,5263344,305832,182716,2250368,4274.313,1456.744,0,879.242,0,180.844,979,1324,0.340,1.030,0.960,0,0,0,0,0,18,283,0,17,0
17-06 02:01:26,0.751,0.500,97.592,0,0,5263344,305832,182716,2250368,4702.431,1819.715,0,0,0,0,881,1247,0.340,1.030,0.960,0,0,0,0,0,18,283,0,17,0
17-06 02:01:27,2.250,0.250,96.516,0,0,5263344,305832,182716,2250368,5117.835,1620.264,0,252.041,0,23.004,1191,1698,0.340,1.030,0.960,0,0,0,0,0,18,283,0,17,0
17-06 02:01:28,2.250,1.250,96.236,0,0,5263340,305832,182716,2250372,4559.330,1619.762,0,99.985,0,11.998,1258,1772,0.310,1.010,0.950,0,0,0,0,0,18,283,0,17,0
17-06 02:01:29,1.250,0.500,97.485,0,0,5263340,305832,182716,2250372,4545.317,1565.765,0,0,0,0,939,1328,0.310,1.010,0.950,0,0,0,0,0,18,283,0,17,0
17-06 02:01:30,2.500,0.500,94.750,0.250,0.250,5263332,305832,182716,2250380,4533.998,1511.999,0,732.000,0,71.000,1705,2493,0.310,1.010,0.950,0,0,0,0,0,18,283,0,17,0
17-06 02:01:31,2.999,0.500,95.973,0,0,5263328,305832,182716,2250384,3958.897,1187.669,0,95.973,0,12.996,1116,1606,0.310,1.010,0.950,0,0,0,0,0,18,283,0,17,0
17-06 02:01:32,1.250,1.000,97.278,0,0,5263328,305832,182716,2250384,4594.308,1350.385,0,0,0,0,1029,1358,0.310,1.010,0.950,0,0,0,0,0,18,283,0,17,0
17-06 02:01:33,2.750,2.000,94.005,0.500,0,5263576,305580,182720,2250384,4826.266,1620.089,0,452.025,0,42.002,1507,1978,0.370,1.010,0.950,0,0,7.000,0,0,18,283,0,17,0
17-06 02:01:34,12.267,5.508,80.862,0,0,5293392,275668,182720,2250480,13060.165,9414.094,0,40.056,0,4.006,2371,2367,0.370,1.010,0.950,3,0,37.052,0,0,18,284,0,17,0
17-06 02:01:35,14.731,1.748,83.395,0.250,0,5301508,267464,182720,2250576,7976.962,4537.290,3.995,47.940,0.999,2.996,2305,2585,0.370,1.010,0.950,1,0,1.997,0,0,18,287,0,18,0
17-06 02:01:36,8.006,20.265,69.300,0,0,5301644,267308,182720,2250596,4587.319,1525.104,0,0,0,0,5588,4218,0.370,1.010,0.950,2,0,317.230,0,0,18,287,0,18,0
17-06 02:01:37,15.480,13.982,69.410,0,0,5328164,240704,182720,2250680,17457.451,2790.396,31.959,207.732,2.996,11.985,4584,3731,0.370,1.010,0.950,1,0,184.761,0,0,18,287,0,18,0
17-06 02:01:38,28.776,6.506,62.808,0.500,0,5376432,191612,182724,2251500,5008.594,1525.399,784.720,480.441,56.051,6.006,3657,3823,0.580,1.040,0.960,3,0,3.003,0,0,18,287,0,20,0
17-06 02:01:39,23.240,3.748,70.470,1.249,0,5409536,154580,182840,2255312,4036.304,791.667,1675.296,99.958,169.929,11.995,2597,2472,0.580,1.040,0.960,1,0,1.000,0,0,18,285,0,20,2
17-06 02:01:40,22.067,6.018,69.711,1.254,0,5363376,258508,182528,2198320,3117.430,692.093,1424.308,1019.083,143.434,47.143,2939,3226,0.580,1.040,0.960,2,0,3.009,0,0,18,285,0,20,2
17-06 02:01:41,24.194,4.490,69.588,0.499,0,5394388,227324,182528,2198500,2997.003,323.245,0,2474.223,0,366.145,3869,4651,0.580,1.040,0.960,1,0,0,0,0,18,286,0,16,2
17-06 02:01:42,24.493,3.999,68.981,0.500,0,5394864,226532,182528,2198860,5241.560,1685.537,0,963.735,0,84.977,6140,8186,0.580,1.040,0.960,3,0,0,0,0,18,289,0,17,2
17-06 02:01:43,26.246,4.249,66.489,1.750,0,5427496,192772,182540,2199976,6738.872,2568.570,991.834,1647.724,64.989,223.963,5184,7087,1.010,1.120,0.990,1,0,2.000,0,0,18,292,0,19,2
17-06 02:01:44,6.256,1.251,89.834,1.001,0,5427972,192016,182540,2200256,7026.574,1621.517,144.135,1028.963,7.007,109.102,2209,3026,1.010,1.120,0.990,3,0,0,0,0,18,292,0,19,2
17-06 02:01:45,10.745,2.999,84.463,1.000,0,5432816,187004,182548,2200416,8202.421,2969.704,47.979,4078.220,2.999,314.863,3506,5241,1.010,1.120,0.990,1,0,1.000,0,0,18,292,0,8,2
17-06 02:01:46,8.494,1.749,87.193,0.999,0,5433580,185996,182552,2200656,11912.247,3457.750,63.958,1894.767,3.997,159.896,3091,4290,1.010,1.120,0.990,2,0,0,0,0,18,292,0,8,2
17-06 02:01:47,16.750,3.500,77.248,1.000,0,5433700,185744,182564,2200776,4876.870,1619.957,16.000,3251.913,1.000,287.992,5146,7427,1.010,1.120,0.990,1,0,0,0,0,18,295,0,9,2
17-06 02:01:48,25.769,4.754,66.550,1.501,0,5434332,184764,182576,2201112,4383.314,1621.226,0,2782.104,0,284.215,7787,11553,1.170,1.160,1,2,0,1.001,0,0,18,295,0,11,2
17-06 02:01:49,17.475,3.495,75.141,1.248,0,5434792,184008,182576,2201408,5430.102,2398.511,15.977,2632.171,0.999,284.586,5606,8408,1.170,1.160,1,0,0,0,0,0,18,294,0,12,2
17-06 02:01:50,9.505,2.001,86.041,1.000,0,5434492,184268,182576,2201448,9253.440,2855.370,0,1496.718,0,155.074,3431,4953,1.170,1.160,1,0,0,0,0,0,18,294,0,13,2
17-06 02:01:51,8.028,2.760,88.061,1.254,0,5433952,184740,182576,2201516,4938.456,987.490,4.014,5403.098,1.004,384.359,3746,6128,1.170,1.160,1,1,0,0,0,0,18,295,0,13,2
17-06 02:01:52,25.997,4.999,65.493,1.250,0,5427004,191316,182576,2201888,4962.485,1619.832,0,8259.143,0,934.903,8337,11734,1.170,1.160,1,2,0,0,0,0,18,295,0,13,2
17-06 02:01:53,22.928,4.984,68.783,1.495,0,5427456,190560,182576,2202192,5626.261,2392.457,0,2739.363,0,254.199,6356,9042,1.320,1.190,1.010,1,0,0.997,0,0,18,294,0,15,2
17-06 02:01:54,8.253,2.251,88.037,0.750,0,5427568,190308,182576,2202332,4621.956,1620.686,0,1036.439,0,120.051,2647,3699,1.320,1.190,1.010,4,0,0,0,0,18,293,0,16,2
17-06 02:01:55,5.497,1.499,90.699,0.250,0,5427492,190308,182576,2202408,6154.529,2398.647,0,843.524,0,86.951,2292,3300,1.320,1.190,1.010,1,0,0,0,0,18,294,0,16,2
17-06 02:01:56,19.000,5.750,72.748,1.000,0,5440856,176888,182576,2202308,5885.861,2506.941,31.999,1343.968,3.000,163.996,4912,14158,1.320,1.190,1.010,0,0,35.999,0,0,18,294,0,18,2
17-06 02:01:57,17.747,2.999,77.987,0.250,0,5435288,182036,182576,2202900,5100.141,1974.668,143.976,799.865,6.999,69.988,3581,4096,1.320,1.190,1.010,0,0,0,0,0,18,294,0,18,2
17-06 02:01:58,7.007,1.251,89.590,0.751,0,5435268,182036,182576,2202920,11643.679,2903.913,0,1221.225,0,132.133,2777,4039,1.290,1.180,1.010,1,0,1.001,0,0,18,295,0,18,2
17-06 02:01:59,6.244,1.748,89.671,0.999,0,5435212,182036,182580,2202972,11849.505,3456.938,0,1374.782,0,148.868,2758,3994,1.290,1.180,1.010,0,0,0,0,0,18,294,0,18,2
17-06 02:02:00,12.747,1.999,81.479,1.250,0,5435296,181784,182580,2203140,11155.167,3297.163,0,3787.038,0,300.924,3646,5106,1.290,1.180,1.010,2,0,0,0,0,18,294,0,18,2
17-06 02:02:01,16.761,4.253,75.300,1.751,0,5435196,181784,182580,2203240,4993.288,1621.068,0,5343.519,0,417.275,5837,8859,1.290,1.180,1.010,2,0,0,0,0,18,295,0,18,2
17-06 02:02:02,24.731,5.246,67.198,0.999,0,5435896,180776,182580,2203548,6192.216,1758.641,0,1522.823,0,189.853,7580,10824,1.290,1.180,1.010,1,0,0,0,0,18,295,0,18,2
17-06 02:02:03,24.757,5.252,65.769,1.500,0,5436272,180272,182580,2203676,5461.596,1620.473,0,3044.890,0,245.072,7468,10840,1.350,1.200,1.020,2,0,1.000,0,0,18,295,0,18,2
17-06 02:02:04,23.527,5.506,68.079,1.251,0,5436064,180020,182580,2204136,6797.858,1621.875,0,1830.116,0,203.235,7497,11197,1.350,1.200,1.020,2,0,0,0,0,18,294,0,20,3
17-06 02:02:05,7.740,1.498,88.641,0,0,5436024,180020,182580,2204176,5259.527,1564.075,0,739.090,0,46.942,2641,3511,1.350,1.200,1.020,0,0,0.999,0,0,18,296,0,20,2
17-06 02:02:06,4.750,1.500,92.744,0.250,0,5436256,179768,182580,2204196,5011.655,1511.896,4.000,527.964,1.000,28.998,1623,1861,1.350,1.200,1.020,0,0,0,0,0,18,296,0,20,2
17-06 02:02:07,6.500,1.250,90.006,0.250,0,5436168,179768,182580,2204292,5435.359,1458.096,0,776.051,0,64.004,2268,2990,1.350,1.200,1.020,2,0,0,0,0,18,296,0,20,2
17-06 02:02:08,27.289,6.009,62.089,2.504,0,5436420,179264,182580,2204544,10790.510,3001.314,0,5872.441,0,579.833,8624,13485,1.400,1.210,1.020,2,0,0,0,0,18,296,0,21,2
17-06 02:02:09,24.413,5.480,67.010,1.246,0,5437320,178004,182580,2204904,3589.136,699.493,0,5428.543,0,412.521,7804,11584,1.400,1.210,1.020,1,0,0,0,0,18,296,0,21,2
17-06 02:02:10,18.285,3.006,75.644,1.252,0,5439508,175484,182580,2205236,4484.532,1298.470,224.427,2079.957,14.027,207.395,5300,7454,1.400,1.210,1.020,0,0,2.004,0,0,18,295,0,21,2
17-06 02:02:11,14.503,2.751,79.516,0.750,0,5450912,163892,182580,2205424,10335.018,3840.750,0,1624.317,0,163.032,3435,4889,1.400,1.210,1.020,0,0,0,0,0,18,295,0,24,2
17-06 02:02:12,4.014,2.258,92.825,1.004,0.251,5448540,166212,182580,2205476,6222.760,1637.727,0,12254.854,0,941.292,2188,2815,1.400,1.210,1.020,1,0,0,0,0,18,296,0,24,2
17-06 02:02:13,10.693,1.492,84.049,0.995,0,5449380,165252,182580,2205596,6030.659,2409.081,63.659,2176.329,3.979,177.051,3240,4607,1.370,1.210,1.020,0,0,0.995,0,0,18,295,0,25,2
17-06 02:02:14,7.278,2.008,89.849,0.251,0,5449340,165252,182580,2205636,4567.744,1355.265,0,835.245,0,74.289,2385,3046,1.370,1.210,1.020,1,0,0,0,0,18,296,0,25,2
17-06 02:02:15,28.439,3.742,64.862,1.247,0,5457568,156936,182584,2205720,6001.192,1836.081,0,1472.857,0,170.636,5189,6431,1.370,1.210,1.020,2,0,0,0,0,18,295,0,32,2
17-06 02:02:16,5.764,1.504,90.214,1.253,0,5457776,156684,182584,2205764,10207.213,2841.741,0,3560.446,0,243.578,2548,3689,1.370,1.210,1.020,2,1,0,0,0,18,295,0,33,2
17-06 02:02:17,8.229,1.995,87.280,0.748,0,5458268,155928,182584,2206028,6615.330,2077.764,0,3934.087,0,317.201,2920,4508,1.370,1.210,1.020,0,0,0,0,0,18,295,0,34,2
17-06 02:02:18,13.255,1.751,82.033,1.000,0,5459332,154668,182588,2206220,11684.732,3461.402,0,1092.442,0,147.060,3441,4508,1.340,1.200,1.020,0,0,0,0,0,18,295,0,36,2
17-06 02:02:19,10.252,2.000,86.016,1.000,0,5460476,153408,182588,2206336,5160.936,1662.301,16.003,980.178,1.000,127.023,3211,4400,1.340,1.200,1.020,0,0,0,0,0,18,295,0,36,2
17-06 02:02:20,6.505,1.751,89.325,0.500,0,5460424,153408,182588,2206388,5224.404,1621.367,0,848.715,0,118.100,2612,3849,1.340,1.200,1.020,2,0,0,0,0,18,296,0,37,2
17-06 02:02:21,10.238,1.748,85.398,0.749,0,5460352,153408,182588,2206460,6492.276,2582.927,0,1314.436,0,152.818,2947,4346,1.340,1.200,1.020,0,0,0,0,0,18,295,0,40,2
17-06 02:02:22,15.990,3.498,77.949,1.499,0,5462020,151648,182588,2206552,6212.968,2584.323,0,1459.053,0,171.888,3948,5507,1.340,1.200,1.020,0,0,0,0,0,18,295,0,46,2
17-06 02:02:23,8.005,1.751,88.302,0.250,0,5462272,151396,182588,2206552,4640.724,1458.856,0,1308.768,0,98.058,2465,3319,1.310,1.200,1.020,0,0,1.001,0,0,18,295,0,48,2
17-06 02:02:24,6.002,1.000,92.027,0.500,0,5462948,150668,182588,2206604,4593.369,1512.451,0,808.241,0,63.019,1845,2393,1.310,1.200,1.020,0,0,0,0,0,18,295,0,49,2
17-06 02:02:25,1.998,0.749,95.660,0.250,0,5462948,150668,182588,2206604,4961.307,1564.520,0,551.478,0,37.964,1321,1805,1.310,1.200,1.020,1,0,0,0,0,18,296,0,49,2
17-06 02:02:26,4.252,1.000,93.293,0.500,0,5462924,150668,182588,2206628,4400.018,1458.669,0,716.328,0,63.029,1758,2431,1.310,1.200,1.020,1,0,0,0,0,18,295,0,51,2
17-06 02:02:27,6.745,1.249,90.430,0,0,5462904,150668,182588,2206648,5178.995,1684.697,0,827.360,0,75.941,2201,2927,1.310,1.200,1.020,0,0,0,0,0,18,295,0,51,2
17-06 02:02:28,12.791,3.260,81.763,1.756,0,5463020,150416,182592,2206780,6876.095,3240.412,0,3623.644,0,314.009,4045,5761,1.210,1.180,1.020,0,1,0,0,0,18,295,0,53,2
17-06 02:02:29,12.962,2.243,80.766,1.745,0,5463336,149912,182600,2206960,5623.676,1730.976,0,5699.456,0,433.741,4210,6252,1.210,1.180,1.020,0,0,0,0,0,18,295,0,56,2
17-06 02:02:30,5.976,1.494,90.640,0.498,0,5463412,149660,182600,2207136,3095.710,645.438,0,569.738,0,57.771,2227,3118,1.210,1.180,1.020,1,0,0,0,0,18,296,0,57,2
17-06 02:02:31,14.562,2.009,80.846,1.004,0,5465060,147896,182600,2207252,12769.700,3939.877,32.138,1518.505,1.004,203.873,3984,5572,1.210,1.180,1.020,1,0,0,0,0,18,295,0,61,2
17-06 02:02:32,11.250,2.250,85.002,0.750,0,5465168,147644,182600,2207396,5195.104,1458.029,0,1056.021,0,121.002,3311,4539,1.210,1.180,1.020,0,0,0,0,0,18,295,0,61,2
17-06 02:02:33,12.770,2.754,81.626,1.002,0,5464968,147672,182604,2207564,4747.341,1622.509,188.291,6105.442,10.015,768.188,3622,4792,1.110,1.160,1.010,4,0,2.003,0,0,18,296,0,64,2
17-06 02:02:34,3.494,1.497,92.844,0.499,0,5466452,145912,182604,2207840,6369.320,2582.669,0,1046.246,0,75.873,1795,2665,1.110,1.160,1.010,2,0,4.992,0,0,18,295,0,64,2
17-06 02:02:35,8.750,1.750,87.246,1.000,0,5466404,145912,182608,2207884,16092.223,2380.885,0,1411.932,0,163.992,2957,3965,1.110,1.160,1.010,0,0,0,0,0,18,295,0,65,2
17-06 02:02:36,9.997,1.749,86.224,0.750,0.250,5466328,145912,182616,2207952,5759.261,2028.388,0,1223.631,0,124.962,2864,4054,1.110,1.160,1.010,0,0,0,0,0,18,295,0,66,2
17-06 02:02:37,13.302,1.506,82.320,1.255,0,5466364,145672,182624,2208148,6848.635,2533.854,0,4919.131,0,383.491,3942,5775,1.110,1.160,1.010,0,1,1.004,0,0,18,295,0,69,2
17-06 02:02:38,6.725,2.242,88.925,0.498,0,5470600,141400,182624,2208184,10540.433,2640.339,0,2100.315,0,142.479,2611,3556,1.020,1.140,1,2,0,2.989,0,0,18,295,0,67,2
17-06 02:02:39,28.529,6.507,61.062,2.252,0,5470764,140924,182644,2208476,4504.576,1621.647,0,4424.495,0,483.491,8585,13543,1.020,1.140,1,1,0,2.002,0,0,18,296,0,69,2
17-06 02:02:40,26.043,4.758,65.107,1.502,0,5470884,140672,182648,2208604,4345.129,1460.396,64.105,3024.963,2.003,281.462,7591,11159,1.020,1.140,1,1,0,0,0,0,18,296,0,70,2
17-06 02:02:41,16.207,3.491,77.296,0.997,0,5470600,140420,182652,2209136,4827.259,1615.736,0,2904.335,0,245.352,5587,8260,1.020,1.140,1,0,0,0,0,0,18,295,0,70,2
17-06 02:02:42,14.008,2.501,81.546,1.001,0,5471356,139664,182656,2209132,5516.124,2429.376,16.009,2073.174,1.001,210.119,3592,4958,1.020,1.140,1,0,0,0,0,0,18,295,0,72,2
17-06 02:02:43,4.518,1.004,92.112,0.753,0,5471224,139664,182660,2209260,6893.114,1530.018,0,3256.811,0,224.885,2319,3662,0.940,1.120,1,1,0,1.004,0,0,18,296,0,72,2
17-06 02:02:44,8.216,1.992,86.647,1.494,0,5471176,139664,182660,2209308,7560.168,2501.797,0,4581.317,0,325.672,3033,4720,0.940,1.120,1,1,0,0,0,0,18,295,0,73,2
17-06 02:02:45,13.250,2.250,82.253,1.000,0.250,5471176,139412,182660,2209560,6333.224,1921.068,16.001,1828.065,1.000,161.006,4065,5521,0.940,1.120,1,0,0,0,0,0,18,295,0,75,2
17-06 02:02:46,9.745,1.249,86.707,0.250,0,5471288,139160,182660,2209700,5370.317,1920.041,0,907.547,0,82.959,2446,3283,0.940,1.120,1,0,1,0,0,0,18,295,0,77,2
17-06 02:02:47,4.769,1.506,92.873,0.251,0,5471224,139160,182660,2209764,10421.817,2916.703,0,1224.915,0,108.435,2028,2832,0.940,1.120,1,2,0,0,0,0,18,296,0,74,2
17-06 02:02:48,25.220,5.493,64.423,2.497,0,5470584,139420,182664,2210140,4254.883,1618.054,0,9412.680,0,1113.661,8501,12665,1.020,1.140,1,4,0,0.999,0,0,18,296,0,75,2
17-06 02:02:49,24.441,5.237,66.840,1.496,0,5471912,137936,182664,2210296,4028.340,1454.512,0,2861.139,0,291.301,7920,12214,1.020,1.140,1,1,0,0,0,0,18,296,0,76,2
17-06 02:02:50,24.354,5.273,66.032,2.009,0,5472144,137180,182668,2210816,4579.568,1626.952,0,6041.816,0,505.158,8781,13419,1.020,1.140,1,4,0,0,0,0,18,296,0,76,2
17-06 02:02:51,25.740,4.498,65.473,2.499,0,5472700,136424,182668,2211016,3796.457,1457.408,0,6365.413,0,554.775,8463,13381,1.020,1.140,1,1,0,0,0,0,18,296,0,71,2
17-06 02:02:52,24.242,4.499,68.228,0.500,0,5473672,135164,182668,2211304,4755.493,1619.487,0,1803.429,0,195.938,7754,11005,1.020,1.140,1,2,0,0,0,0,18,296,0,74,2
17-06 02:02:53,26.026,5.005,64.564,3.003,0,5474104,134408,182668,2211628,4744.695,1621.605,0,5133.080,0,528.523,9019,14154,1.020,1.130,1,1,1,2.002,0,0,18,296,0,74,2
17-06 02:02:54,25.497,4.749,66.743,1.500,0,5475008,133148,182672,2211980,5065.437,1619.820,0,4451.505,0,374.958,8021,12022,1.020,1.130,1,2,1,0,0,0,18,296,0,74,2
17-06 02:02:55,11.197,2.488,83.850,0.746,0,5475292,132644,182676,2212196,4862.825,1612.316,0,5477.893,0,341.373,4456,6900,1.020,1.130,1,0,0,0,0,0,18,295,0,71,2
17-06 02:02:56,10.798,5.022,83.368,0.753,0,5499572,155016,181292,2170684,4666.617,1627.189,0,1273.627,0,108.479,3457,9481,1.020,1.130,1,1,0,36.160,0,0,19,296,0,71,2
17-06 02:02:57,15.435,2.738,78.669,1.245,0,5470780,183736,181296,2167464,6820.278,2631.916,0,1549.475,0,199.161,3966,6549,1.020,1.130,1,0,0,0,0,0,18,295,0,75,2
17-06 02:02:58,7.020,1.003,90.757,0.251,0,5470988,183484,181296,2167508,4711.339,1462.140,0,705.999,0,47.133,2036,2621,0.940,1.110,1,1,0,0,0,0,18,296,0,76,2
17-06 02:02:59,15.696,2.491,78.978,0.997,0,5471460,182792,181304,2167720,11580.065,3448.109,0,1797.800,0,200.309,4025,5223,0.940,1.110,1,0,0,0,0,0,18,295,0,77,2
17-06 02:03:00,8.498,1.500,87.483,1.000,0,5471404,182792,181304,2167776,9941.120,2834.464,0,1215.770,0,126.976,2843,3911,0.940,1.110,1,0,0,0,0,0,18,295,0,77,2
17-06 02:03:01,11.763,1.752,84.346,0.501,0,5471300,182792,181308,2167876,4685.352,1621.853,0,1653.889,0,163.186,3491,4738,0.940,1.110,1,1,0,0,0,0,18,295,0,77,2
17-06 02:03:02,4.748,1.499,92.961,0.500,0,5471160,182792,181308,2168016,5700.582,1565.336,0,519.780,0,30.987,1653,2127,0.940,1.110,1,1,0,0,0,0,18,296,0,77,2
17-06 02:03:03,12.004,2.251,82.779,1.000,0,5471572,182288,181308,2168108,7494.655,2470.875,0,3265.157,0,305.108,3785,5617,1.180,1.160,1.010,1,1,1.000,0,0,18,295,0,80,2
17-06 02:03:04,16.488,2.748,77.195,1.999,0,5472252,181536,181308,2168176,7740.453,2522.192,0,5248.239,0,397.715,4417,6527,1.180,1.160,1.010,0,0,0,0,0,18,295,0,84,2
17-06 02:03:05,7.001,1.250,89.767,0.750,0,5472720,181032,181308,2168212,5733.095,1512.289,0,756.144,0,79.015,2282,2955,1.180,1.160,1.010,1,0,0,0,0,18,295,0,85,2
17-06 02:03:06,5.506,1.752,91.356,0.250,0,5472536,181032,181308,2168396,4703.441,1459.689,0,336.389,0,16.019,1674,1962,1.180,1.160,1.010,1,0,0,0,0,18,296,0,87,2
17-06 02:03:07,3.995,1.249,93.640,0.250,0.250,5472060,181488,181308,2168416,5710.322,1618.108,0,595.304,0,60.929,1770,2405,1.180,1.160,1.010,0,0,0,0,0,18,295,0,85,2
17-06 02:03:08,20.767,2.252,74.311,1.251,0,5471964,181488,181308,2168512,17595.469,5076.174,0,1577.297,0,209.172,4706,6075,1.170,1.160,1.010,0,0,0,0,0,18,295,0,89,2
17-06 02:03:09,10.785,2.759,83.269,0.752,0,5472604,180796,181308,2168564,6839.072,1691.459,0,8383.055,0,1025.309,3966,5304,1.170,1.160,1.010,1,0,0,0,0,18,296,0,90,2
17-06 02:03:10,26.506,6.001,63.263,2.250,0,5472260,180796,181308,2168908,4981.060,1620.345,0,4096.872,0,465.099,8120,12317,1.170,1.160,1.010,1,0,2.000,0,0,18,296,0,92,2
17-06 02:03:11,25.264,5.503,65.786,1.501,0,5473380,179312,181312,2169268,10170.529,2998.630,0,4934.683,0,358.195,8209,12375,1.170,1.160,1.010,3,0,0,0,0,18,296,0,93,2
17-06 02:03:12,11.441,2.736,82.325,1.492,0,5473676,178808,181320,2169468,4929.577,1450.519,0,4986.285,0,349.199,4616,7087,1.170,1.160,1.010,0,0,0,0,0,18,295,0,93,2
17-06 02:03:13,15.010,3.252,79.053,1.001,0,5473796,178556,181344,2169576,5663.830,2626.776,16.011,2149.454,1.001,233.158,4185,5956,1.160,1.160,1.010,0,0,1.001,0,0,18,295,0,97,2
17-06 02:03:14,5.998,1.499,91.719,0.500,0,5473796,178556,181348,2169572,4558.473,1619.457,0,1299.565,0,79.973,2033,2784,1.160,1.160,1.010,0,0,0,0,0,18,296,0,98,2
17-06 02:03:15,13.738,2.248,81.676,0.250,0,5473576,178556,181352,2169788,11581.567,3829.550,0,983.114,0,91.917,3114,3827,1.160,1.160,1.010,1,0,0,0,0,18,295,0,90,2
17-06 02:03:16,4.769,1.004,94.366,0,0,5473824,178304,181352,2169792,5083.731,1882.305,0,485.886,0,29.113,1391,1702,1.160,1.160,1.010,0,0,0,0,0,18,295,0,91,2
17-06 02:03:17,2.740,0.996,94.413,0.498,0,5473812,178304,181352,2169804,7217.260,1680.008,0,745.342,0,70.748,1544,2221,1.160,1.160,1.010,1,0,0,0,0,18,296,0,91,2
17-06 02:03:18,15.004,2.001,80.024,1.000,0,5473720,178304,181368,2169880,12300.626,3232.953,0,1328.392,0,149.044,3565,4765,1.140,1.150,1.010,0,0,0,0,0,18,295,0,96,2
17-06 02:03:19,10.751,1.750,86.259,0.250,0,5476024,175956,181368,2169924,10201.084,3248.345,0,856.091,0,94.010,2565,3052,1.140,1.150,1.010,0,0,0,0,0,18,295,0,92,2
17-06 02:03:20,4.999,1.250,91.980,0.750,0,5476020,175956,181368,2169928,5638.796,1619.654,0,751.839,0,69.985,2031,2832,1.140,1.150,1.010,0,0,0,0,0,18,295,0,93,2
17-06 02:03:21,8.503,1.751,86.785,0.750,0,5476172,175704,181372,2170024,12115.840,2944.176,0,1640.655,0,163.065,3177,4452,1.140,1.150,1.010,1,0,0,0,0,18,296,0,93,2
17-06 02:03:22,26.089,5.770,64.220,2.007,0,5475892,175704,181400,2170276,5309.190,1463.013,0,4688.062,0,472.619,8282,12750,1.140,1.150,1.010,2,1,0,0,0,18,296,0,94,2
17-06 02:03:23,25.993,5.249,65.482,1.750,0,5475780,175456,181412,2170624,5202.546,1457.593,0,7917.786,0,567.841,8255,12811,1.370,1.200,1.030,4,0,1.000,0,0,18,296,0,82,2
17-06 02:03:24,17.180,2.988,76.437,0.996,0,5465300,185664,181416,2170892,4704.732,1452.053,0,7082.992,0,853.505,5827,7815,1.370,1.200,1.030,0,0,0,0,0,18,295,0,82,2
17-06 02:03:25,10.266,2.754,84.885,0.751,0,5473736,177196,181416,2170924,5080.095,1970.139,0,1550.471,0,137.219,3396,4548,1.370,1.200,1.030,2,0,0,0,0,18,295,0,82,2
17-06 02:03:26,4.015,1.004,94.853,0,0,5473928,176944,181416,2170984,10274.189,2497.282,0,590.194,0,33.123,1592,1988,1.370,1.200,1.030,2,1,0,0,0,18,296,0,82,2
17-06 02:03:27,25.999,5.750,64.247,2.500,0,5473804,176692,181416,2171360,5842.747,1685.927,0,4547.803,0,493.979,8377,13151,1.370,1.200,1.030,1,0,0,0,0,18,296,0,83,2
17-06 02:03:28,25.505,5.001,66.012,2.000,0,5474264,175432,181432,2172144,4860.891,1620.297,0,8809.615,0,629.115,8643,13529,1.420,1.210,1.030,2,0,0,0,0,18,296,0,83,2
17-06 02:03:29,18.410,4.229,72.396,1.741,0,5481600,167872,181444,2172356,6587.816,2593.330,0,2316.682,0,254.755,5805,8805,1.420,1.210,1.030,0,0,0,0,0,18,295,0,84,2
17-06 02:03:30,12.510,2.752,81.814,1.251,0,5481736,167620,181456,2172460,4755.719,2541.988,0,2061.612,0,216.169,4135,5902,1.420,1.210,1.030,0,0,0,0,0,18,295,0,86,2
17-06 02:03:31,7.033,1.005,90.674,0.502,0,5481724,167620,181460,2172468,5935.781,1531.166,0,944.420,0,89.419,2152,2949,1.420,1.210,1.030,1,0,0,0,0,18,296,0,86,2
17-06 02:03:32,11.196,2.488,83.600,1.244,0,5481852,167368,181476,2172576,6103.766,2981.719,0,2639.359,0,206.013,3715,5417,1.420,1.210,1.030,0,0,0,0,0,18,295,0,79,2
17-06 02:03:33,13.282,2.757,80.947,1.253,0,5482932,166108,181488,2172740,4031.816,1149.799,0,2257.496,0,253.617,4182,6325,1.390,1.210,1.030,0,0,1.002,0,0,18,295,0,80,2
17-06 02:03:34,13.214,3.241,81.278,0.499,0,5484120,164608,181488,2173052,5573.758,1634.530,0,1296.455,0,96.735,3410,4212,1.390,1.210,1.030,1,0,5.984,0,0,18,295,0,81,2
17-06 02:03:35,6.028,1.758,89.916,1.005,0,5484040,164608,181492,2173128,10952.711,2848.187,0,2575.927,0,186.865,2671,3790,1.390,1.210,1.030,4,0,0,0,0,18,296,0,82,2
17-06 02:03:36,6.469,1.493,89.077,1.244,0,5483992,164608,181500,2173168,11988.007,3443.628,0,5016.152,0,347.349,2960,4695,1.390,1.210,1.030,0,0,0,0,0,18,295,0,80,2
17-06 02:03:37,11.498,2.250,84.985,0.500,0,5487952,160588,181500,2173228,12255.896,3391.418,0,1239.787,0,124.979,3365,4547,1.390,1.210,1.030,0,0,1.000,0,0,18,295,0,80,2
17-06 02:03:38,11.999,4.000,80.995,0.750,0,5499900,148548,181508,2173312,11858.219,3459.772,0,1439.905,0,156.990,4031,5360,1.360,1.210,1.030,0,0,3.000,0,0,18,295,0,82,2
17-06 02:03:39,17.016,3.503,77.322,1.501,0,5500092,148308,181520,2173348,4582.276,1459.362,0,1597.491,0,175.163,4987,7055,1.360,1.210,1.030,1,0,2.002,0,0,18,296,0,84,2
17-06 02:03:40,27.626,5.776,62.534,2.260,0,5491680,156148,181544,2173896,5484.942,1627.400,0,4203.113,0,501.280,8599,13462,1.360,1.210,1.030,1,0,0,0,0,18,296,0,78,2
17-06 02:03:41,25.679,4.737,66.816,0.997,0,5491312,156148,181552,2174264,4451.741,1453.996,95.736,2142.101,4.986,201.445,7236,10342,1.360,1.210,1.030,1,0,0,0,0,18,296,0,81,2
17-06 02:03:42,24.794,5.510,66.618,1.503,0,5491272,155896,181580,2174528,5031.924,1622.878,0,5229.274,0,396.704,7583,10905,1.360,1.210,1.030,3,0,0,0,0,18,296,0,82,2
17-06 02:03:43,26.021,5.755,62.800,3.253,0,5491056,155672,181624,2174924,5510.424,1459.172,0,8190.576,0,724.582,9249,15092,1.490,1.240,1.040,1,0,1.001,0,0,18,296,0,82,2
17-06 02:03:44,24.479,4.996,66.942,0.999,0,5491504,154916,181640,2175216,5491.255,1618.601,0,2597.755,0,224.806,7485,10646,1.490,1.240,1.040,1,0,0,0,0,18,296,0,80,2
17-06 02:03:45,18.929,4.732,71.980,1.743,0,5490380,155776,181644,2175480,6655.047,2555.418,0,10835.372,0,1308.095,6362,8762,1.490,1.240,1.040,0,1,0,0,0,18,295,0,81,2
17-06 02:03:46,6.513,1.754,89.179,1.253,0,5490540,155524,181656,2175560,5982.978,2507.019,0,2152.309,0,205.411,2829,4209,1.490,1.240,1.040,0,1,0,0,0,18,295,0,81,2
17-06 02:03:47,6.765,2.255,88.696,1.503,0,5491040,155020,181672,2175548,4707.407,1623.589,0,5432.009,0,350.775,3007,4593,1.490,1.240,1.040,3,0,0,0,0,18,296,0,81,2
17-06 02:03:48,4.986,0.997,92.984,0.249,0,5490816,155020,181672,2175772,5469.363,2496.861,0,845.582,0,84.758,1951,2929,1.610,1.270,1.050,1,0,0,0,0,18,295,0,78,2
17-06 02:03:49,6.744,1.499,89.426,0.999,0,5491512,154276,181676,2175816,5410.522,2081.278,0,1079.107,0,111.907,2657,3765,1.610,1.270,1.050,0,0,0,0,0,18,295,0,78,2
17-06 02:03:50,8.995,1.249,87.453,0.999,0,5491648,154024,181724,2175884,5428.079,2502.653,0,1675.099,0,221.881,3262,4868,1.610,1.270,1.050,0,0,0,0,0,18,295,0,78,2
17-06 02:03:51,6.498,1.999,90.227,0.250,0,5491596,154024,181732,2175928,5431.635,1920.517,0,1111.721,0,114.971,2435,3436,1.610,1.270,1.050,0,0,0,0,0,18,295,0,78,2
17-06 02:03:52,7.495,1.249,88.687,0.500,0,5491808,153772,181732,2175968,5983.730,2642.115,0,1770.736,0,133.904,2801,3967,1.610,1.270,1.050,0,0,0,0,0,18,295,0,74,2
17-06 02:03:53,7.508,1.752,89.091,0.751,0,5491612,153772,181732,2176164,5558.690,1922.968,0,1121.148,0,113.116,2677,3737,1.480,1.240,1.050,0,0,1.001,0,0,18,295,0,74,2
17-06 02:03:54,5.500,1.250,92.247,0.250,0,5491696,153520,181732,2176332,4537.851,1577.948,0,791.974,0,61.998,1960,2619,1.480,1.240,1.050,1,0,0,0,0,18,296,0,74,2
17-06 02:03:55,4.499,1.250,92.740,0.500,0,5491640,153520,181744,2176376,5956.332,2449.725,0,1203.865,0,127.986,2333,3526,1.480,1.240,1.050,0,0,0,0,0,18,295,0,74,2
17-06 02:03:56,7.753,1.250,88.784,0.500,0,5491820,153268,181756,2176436,5195.000,1921.740,0,1228.473,0,125.048,2582,3653,1.480,1.240,1.050,0,0,0,0,0,18,295,0,73,2
17-06 02:03:57,15.793,7.270,74.201,1.253,0,5514752,179188,180040,2130416,6228.838,2088.646,0,1644.445,0,178.482,5327,10245,1.480,1.240,1.050,1,0,36.098,0,0,18,295,0,75,2
17-06 02:03:58,10.746,2.499,84.968,1.250,0,5514816,178864,180112,2130648,11272.710,3230.771,0,2674.982,0,230.912,3511,5039,1.360,1.220,1.040,2,1,2.999,0,0,18,295,0,75,2
17-06 02:03:59,10.020,2.505,84.165,1.503,0,5514752,178864,180176,2130648,4749.311,1731.394,0,5727.228,0,391.768,4303,6758,1.360,1.220,1.040,1,0,0,0,0,18,297,0,76,2
17-06 02:04:00,26.901,5.480,62.022,2.242,0,5514412,178640,180308,2131080,4262.335,1452.661,0,3646.598,0,466.286,8822,13616,1.360,1.220,1.040,1,0,0.996,0,0,18,296,0,69,2
17-06 02:04:01,25.059,5.262,67.909,0.752,0,5514300,178640,180328,2131172,5302.448,1623.812,0,1952.584,0,181.426,7658,11083,1.360,1.220,1.040,1,0,0,0,0,18,297,0,73,2
17-06 02:04:02,12.217,2.992,82.028,1.247,0,5514252,178388,180356,2131444,5839.226,1454.072,15.957,1906.849,0.997,213.423,4065,5919,1.360,1.220,1.040,1,0,0,0,0,18,295,0,74,2
17-06 02:04:03,15.781,6.262,73.646,2.004,0,5503684,181344,180368,2139044,5470.870,1623.225,12.024,9346.570,2.004,1176.337,5607,7790,1.250,1.200,1.040,2,0,3.006,0,0,18,295,0,77,2
17-06 02:04:04,6.486,1.247,90.300,0.748,0,5503940,180968,180372,2139160,5867.016,1616.423,0,4669.666,0,281.377,2487,3790,1.250,1.200,1.040,2,0,0,0,0,18,296,0,68,2
17-06 02:04:05,24.800,5.511,65.882,2.756,0,5503820,180716,180404,2139500,5470.972,1623.255,32.064,4713.452,1.002,439.882,8142,12533,1.250,1.200,1.040,2,0,0,0,0,18,296,0,70,2
17-06 02:04:06,25.046,5.260,65.871,1.503,0,5504528,179708,180408,2139796,5289.692,1622.974,4.007,3161.793,1.002,330.606,7805,12112,1.250,1.200,1.040,2,0,0,0,0,18,296,0,73,2
17-06 02:04:07,25.257,4.751,68.020,1.000,0,5505960,177944,180412,2140124,5256.515,1458.420,0,3028.873,0,217.063,7018,10269,1.250,1.200,1.040,1,1,0,0,0,18,296,0,74,2
17-06 02:04:08,25.438,5.487,63.595,1.995,0.249,5505700,177692,180444,2140604,10564.219,2989.704,0,3822.671,0,409.002,8114,12147,1.310,1.220,1.040,3,0,0,0,0,18,296,0,74,2
17-06 02:04:09,22.462,5.241,68.134,1.248,0.250,5506188,176936,180448,2140868,4636.116,1521.413,0,5378.853,0,363.382,7408,10706,1.310,1.220,1.040,0,0,0,0,0,18,296,0,66,2
17-06 02:04:10,4.760,1.503,91.943,0.752,0.251,5506144,176936,180448,2140912,5110.704,1623.400,0,793.662,0,64.134,2219,2990,1.310,1.220,1.040,1,0,2.004,0,0,18,296,0,66,2
17-06 02:04:11,26.023,5.004,65.307,1.752,0,5506116,176684,180448,2141192,4161.630,1320.152,0,2982.602,0,346.302,7688,11647,1.310,1.220,1.040,1,0,0,0,0,18,296,0,66,2
17-06 02:04:12,24.944,4.989,66.850,1.247,0,5506180,176432,180464,2141364,10677.055,2590.191,0,2426.558,0,271.391,7516,11034,1.310,1.220,1.040,2,0,0,0,0,18,296,0,67,2
17-06 02:04:13,24.318,4.763,66.687,1.755,0,5506704,175424,180496,2141816,4725.237,1516.247,0,2988.371,0,330.927,7803,11277,1.370,1.230,1.050,1,0,1.003,0,0,18,296,0,64,2
17-06 02:04:14,24.760,5.502,64.026,2.001,0,5506688,175172,180520,2142060,4667.905,1566.639,0,3977.623,0,458.187,8513,13352,1.370,1.230,1.050,7,0,0,0,0,18,296,0,64,2
17-06 02:04:15,25.210,5.491,66.394,1.747,0,5506296,175172,180552,2142420,4690.498,1455.672,0,8750.006,0,562.101,7791,11952,1.370,1.230,1.050,1,0,0,0,0,18,296,0,65,2
17-06 02:04:16,23.405,4.233,68.969,0.996,0,5506396,174668,180564,2142812,4425.972,1398.304,3.984,10704.398,0.996,238.030,7748,11136,1.370,1.230,1.050,1,0,0,0,0,18,296,0,66,2
17-06 02:04:17,16.559,3.011,77.525,1.004,0,5506532,174164,180580,2143164,6172.934,2092.435,0,2211.859,0,237.845,4747,6687,1.370,1.230,1.050,0,0,0,0,0,18,295,0,58,2
17-06 02:04:18,9.481,1.746,86.324,1.247,0.249,5506324,174164,180600,2143352,8582.474,2842.196,0,1940.038,0,174.643,3010,4320,1.260,1.210,1.040,2,1,0,0,0,18,295,0,58,2
17-06 02:04:19,11.535,3.761,81.748,1.254,0,5506560,173912,180632,2143336,8998.352,3126.504,0,5801.635,0,404.229,4009,5898,1.260,1.210,1.040,0,0,0,0,0,18,295,0,60,2
17-06 02:04:20,6.759,1.502,90.117,0.501,0,5506664,173660,180640,2143476,6256.089,1772.292,0,1245.611,0,153.198,2783,3892,1.260,1.210,1.040,1,0,0,0,0,18,296,0,60,2
17-06 02:04:21,12.973,2.245,81.830,1.746,0,5506720,173408,180648,2143664,4941.733,1508.865,15.967,1896.061,0.998,241.498,4289,6082,1.260,1.210,1.040,1,0,0,0,0,18,296,0,52,2
17-06 02:04:22,5.240,1.497,90.583,0.499,0,5506648,173408,180652,2143732,12379.193,3399.736,0,1261.675,0,127.765,2454,3698,1.260,1.210,1.040,0,0,0,0,0,18,295,0,52,2
17-06 02:04:23,24.049,4.259,68.138,2.255,0,5506744,173160,180668,2143868,5110.324,1623.279,0,4028.138,0,479.970,7978,12486,1.160,1.190,1.040,2,0,1.002,0,0,18,296,0,53,2
17-06 02:04:24,26.804,5.261,63.128,2.505,0,5506792,172656,180692,2144300,4869.852,1623.284,32.065,3671.427,1.002,448.908,8437,13048,1.160,1.190,1.040,1,1,0,0,0,18,296,0,53,2
17-06 02:04:25,24.196,5.238,65.852,1.746,0,5506948,172152,180748,2144592,4517.878,1454.741,0,8473.017,0,591.674,7984,12496,1.160,1.190,1.040,1,0,0,0,0,18,296,0,53,2
17-06 02:04:26,20.167,4.233,71.704,1.245,0,5507604,171172,180796,2144868,6054.988,2564.407,0,2473.781,0,242.996,5953,8468,1.160,1.190,1.040,0,0,0,0,0,18,295,0,54,2
17-06 02:04:27,10.023,2.756,86.451,0.501,0,5507604,171172,180804,2144860,4746.024,1581.674,60.140,1074.496,4.009,103.240,3004,4074,1.160,1.190,1.040,1,0,0,0,0,18,296,0,54,2
17-06 02:04:28,11.744,2.499,82.706,1.249,0,5507504,170920,180848,2145168,10767.231,2972.407,0,3554.096,0,213.885,3953,5693,1.140,1.180,1.040,0,0,0,0,0,18,295,0,55,2
17-06 02:04:29,17.554,4.514,74.731,1.755,0,5507456,170920,180880,2145184,4291.279,1462.525,0,2892.952,0,328.015,6102,9222,1.140,1.180,1.040,1,0,0,0,0,18,296,0,51,2
17-06 02:04:30,26.275,6.256,63.811,2.002,0,5508000,169912,180920,2145608,4656.424,1513.438,0,4043.842,0,448.426,8436,12949,1.140,1.180,1.040,1,1,0,0,0,18,296,0,51,2
17-06 02:04:31,23.990,4.998,67.471,1.249,0,5508624,168904,180940,2145972,4544.040,1565.325,31.986,3066.677,1.000,321.861,7687,11204,1.140,1.180,1.040,4,0,0,0,0,18,295,0,52,2
17-06 02:04:32,6.477,1.993,89.182,1.495,0,5501828,175560,180968,2146084,6288.544,2546.905,0,8162.851,0,519.146,3151,5374,1.140,1.180,1.040,0,0,0,0,0,18,295,0,53,2
17-06 02:04:33,14.250,2.000,81.749,0.250,0,5502356,174804,180984,2146296,20999.794,5934.942,0,1227.988,0,139.999,3696,4739,1.050,1.160,1.030,0,0,1.000,0,0,18,295,0,48,2
17-06 02:04:34,11.500,2.750,83.499,0.500,0,5503968,173076,180992,2146404,15497.902,4652.971,28.000,679.996,6.000,68.000,3110,3706,1.050,1.160,1.030,2,0,6.000,0,0,18,295,0,49,2
17-06 02:04:35,14.043,1.254,83.506,0.251,0,5500872,176152,181000,2146416,10755.014,2909.932,0,830.549,0,83.256,2805,3338,1.050,1.160,1.030,3,0,0,0,0,18,296,0,49,2
17-06 02:04:36,4.486,1.495,91.468,0.748,0,5500796,176152,181004,2146488,11523.514,3449.378,0,6049.371,0,276.150,2302,3438,1.050,1.160,1.030,0,0,0,0,0,18,295,0,49,2
17-06 02:04:37,25.251,5.500,66.254,1.500,0,5500668,175900,181032,2146856,5721.310,1714.093,0,3184.172,0,343.019,7668,11100,1.050,1.160,1.030,1,1,0,0,0,18,296,0,46,2
17-06 02:04:38,25.595,4.015,66.498,1.757,0,5500444,175900,181060,2147052,4998.614,1626.055,0,2999.169,0,312.162,6296,9322,1.050,1.160,1.030,1,0,0,0,0,18,296,0,47,2
17-06 02:04:39,24.136,4.728,66.934,0.995,0,5502316,173644,181064,2147432,4956.566,1612.377,0,2309.083,0,207.021,7610,11148,1.050,1.160,1.030,4,0,1.991,0,0,18,296,0,48,2
17-06 02:04:40,11.530,3.509,82.465,1.755,0,5506448,169404,181084,2147520,5975.590,2590.759,0,6938.102,0,522.363,4488,7493,1.050,1.160,1.030,2,0,3.008,0,0,18,295,0,50,2
17-06 02:04:41,10.987,1.748,85.400,0.499,0,5506752,168900,181088,2147716,11031.054,2993.487,0,1586.139,0,146.828,3436,4854,1.050,1.160,1.030,1,0,1.998,0,0,18,295,0,44,2
17-06 02:04:42,9.487,1.498,85.629,0.999,0,5505940,169520,181088,2147908,12296.672,3293.359,0,1386.047,0,141.800,3182,4423,1.050,1.160,1.030,0,0,0,0,0,18,295,0,44,2
17-06 02:04:43,13.296,2.759,82.031,0.753,0,5506160,169268,181100,2147928,5545.024,1691.804,0,1842.321,0,178.613,4268,6148,0.960,1.140,1.020,1,0,1.003,0,0,18,296,0,44,2
17-06 02:04:44,26.306,6.514,63.635,2.255,0,5505792,169268,181124,2148272,5249.128,1461.097,0,4341.203,0,497.054,8491,13812,0.960,1.140,1.020,1,0,0,0,0,18,296,0,45,2
17-06 02:04:45,24.247,3.999,67.491,1.000,0,5506884,167784,181128,2148660,6025.163,1619.775,31.996,2375.670,1.000,198.972,8024,11806,0.960,1.140,1.020,3,0,0,0,0,18,296,0,41,2
17-06 02:04:46,9.960,1.992,85.653,0.996,0,5507156,167280,181136,2148884,6099.281,2398.280,0,6752.634,0,440.216,3655,5844,0.960,1.140,1.020,0,0,0,0,0,18,295,0,43,2
17-06 02:04:47,9.993,1.749,85.441,0.999,0,5507520,166844,181148,2148944,11492.034,3295.716,0,1187.177,0,121.915,3187,4245,0.960,1.140,1.020,1,0,0,0,0,18,295,0,44,2
17-06 02:04:48,15.489,4.497,77.197,1.249,0,5507328,166844,181168,2149116,4762.746,1618.894,0,2210.490,0,242.834,5322,8095,0.890,1.120,1.020,2,0,0,0,0,18,296,0,44,2
17-06 02:04:49,26.147,5.531,65.619,1.508,0,5507476,166364,181224,2149376,4845.267,1466.251,0,3366.948,0,391.202,8076,12419,0.890,1.120,1.020,3,0,0,0,0,18,295,0,46,3
17-06 02:04:50,24.979,4.496,66.943,0.999,0,5508032,165608,181260,2149540,4274.355,1456.758,0,2797.614,0,250.786,7926,11653,0.890,1.120,1.020,2,0,0,0,0,18,296,0,47,2
17-06 02:04:51,28.000,6.000,60.751,2.500,0,5508448,164408,181332,2150252,4218.037,1458.013,0,7608.066,0,697.006,8855,14174,0.890,1.120,1.020,10,0,0,0,0,18,296,0,48,2
17-06 02:04:52,23.764,4.253,69.042,1.251,0,5509140,163400,181352,2150548,4717.874,1458.889,0,8233.016,0,433.264,7824,11319,0.890,1.120,1.020,3,1,0,0,0,18,296,0,48,2
17-06 02:04:53,17.676,3.237,75.436,1.743,0,5509464,162144,181352,2151480,5608.627,2463.733,0,2394.023,0,291.784,5692,8501,0.900,1.120,1.020,0,1,0.996,0,0,18,295,0,49,2
17-06 02:04:54,6.250,1.500,89.254,1.250,0,5509592,161892,181356,2151600,6257.274,2466.108,0,4768.209,0,249.011,3002,4514,0.900,1.120,1.020,0,1,0,0,0,18,295,0,49,2
17-06 02:04:55,9.281,2.007,87.546,0.502,0,5509572,161892,181356,2151620,4996.879,2023.836,0,1300.393,0,118.400,2977,4023,0.900,1.120,1.020,0,0,0,0,0,18,295,0,49,2
17-06 02:04:56,3.252,1.000,94.797,0.250,0,5509348,161892,181364,2151836,6017.970,1686.833,0,1092.539,0,94.046,1769,2589,0.900,1.120,1.020,1,0,0,0,0,18,296,0,49,2
17-06 02:04:57,11.706,4.981,80.198,1.245,0,5519576,188696,179924,2117016,12070.608,3447.037,0,1474.455,0,159.401,4048,13937,0.900,1.120,1.020,1,0,35.865,0,0,18,295,0,50,2
17-06 02:04:58,23.100,6.779,66.788,1.758,0,5520128,187964,179940,2117180,4525.495,1693.294,0,4057.479,0,461.990,8155,12492,0.820,1.100,1.010,3,1,0,0,0,18,296,0,49,2
17-06 02:04:59,24.977,5.745,65.689,1.998,0,5520276,187500,179968,2117468,4513.793,1498.603,0,8595.989,0,632.411,8721,13351,0.820,1.100,1.010,2,0,0,0,0,18,296,0,49,2
17-06 02:05:00,24.450,4.491,67.362,0.748,0,5519960,187504,179984,2117764,4430.939,1616.694,0,1804.310,0,186.618,7547,10720,0.820,1.100,1.010,1,0,0,0,0,18,297,0,51,2
17-06 02:05:01,13.998,3.250,79.241,1.500,0,5519692,187504,180008,2118008,6097.289,2447.715,15.998,2323.729,1.000,257.970,4376,6563,0.820,1.100,1.010,1,0,0,0,0,18,295,0,52,2
17-06 02:05:02,8.736,2.746,86.859,0.998,0,5521344,185752,180016,2118100,9801.069,2843.378,43.929,1848.995,6.989,166.729,2915,3960,0.820,1.100,1.010,0,0,2.995,0,0,18,295,0,47,2
17-06 02:05:03,13.796,2.759,80.771,1.254,0,5521500,185500,180020,2118192,8886.832,2076.972,0,2082.992,0,198.667,4329,6039,0.760,1.080,1.010,1,1,1.003,0,0,18,296,0,47,2
17-06 02:05:04,25.759,5.252,63.771,2.001,0.250,5520312,186312,180080,2118508,5761.928,1662.556,0,7990.673,0,650.218,8921,14037,0.760,1.080,1.010,1,2,1.000,0,0,18,296,0,47,2
17-06 02:05:05,25.244,4.999,65.483,1.999,0,5518704,187492,180144,2118872,5176.677,1457.627,0,3399.131,0,390.900,8008,12128,0.760,1.080,1.010,2,1,0,0,0,18,296,0,48,2
17-06 02:05:06,24.380,5.473,66.919,0.995,0,5519492,186416,180172,2119132,5194.340,1612.037,3.980,2093.657,0.995,188.071,7164,10188,0.760,1.080,1.010,1,1,0,0,0,18,296,0,41,2
17-06 02:05:07,13.532,3.258,80.190,1.002,0,5517524,188008,180200,2119480,6610.672,2441.789,0,7008.616,0,522.238,4401,6280,0.760,1.080,1.010,1,0,0,0,0,18,295,0,42,2
17-06 02:05:08,9.247,1.999,85.969,1.250,0,5517716,187788,180220,2119552,16326.075,4210.472,0,2307.163,0,204.926,3198,4533,0.700,1.070,1,0,1,0,0,0,18,295,0,43,2
17-06 02:05:09,9.997,1.999,84.728,1.750,0,5517920,187536,180256,2119564,8537.736,2847.245,0,8329.792,0,470.875,3634,5475,0.700,1.070,1,1,0,0,0,0,18,295,0,43,2
17-06 02:05:10,10.246,2.249,85.970,0.250,0,5517936,187284,180268,2119788,7774.309,2069.284,0,1267.561,0,118.959,3382,4543,0.700,1.070,1,1,0,1.999,0,0,18,296,0,39,2
17-06 02:05:11,25.366,4.018,67.558,1.507,0,5518276,186780,180288,2119932,10210.516,3010.716,0,2258.288,0,231.053,6315,8754,0.700,1.070,1,1,1,0,0,0,18,296,0,40,2
17-06 02:05:12,25.914,5.233,64.287,1.744,0,5518092,186528,180348,2120308,4801.077,1614.645,0,3990.764,0,481.403,8568,13407,0.700,1.070,1,6,0,0,0,0,18,296,0,40,2
17-06 02:05:13,24.056,4.511,67.658,1.754,0,5520104,184260,180380,2120532,4811.238,1623.793,0,2742.406,0,265.620,7608,11385,0.720,1.060,1,1,1,1.002,0,0,18,296,0,41,2
17-06 02:05:14,24.514,5.003,66.288,2.001,0,5520892,183000,180444,2120940,4400.494,1458.827,0,8004.537,0,647.367,9082,14545,0.720,1.060,1,4,0,0,0,0,18,296,0,38,2
17-06 02:05:15,25.975,4.496,65.937,1.499,0,5521080,182496,180516,2121184,4615.608,1618.460,0,3592.581,0,351.665,8464,13343,0.720,1.060,1,1,1,0,0,0,18,296,0,38,2
17-06 02:05:16,25.000,4.500,67.750,1.000,0,5521828,181292,180552,2121604,4799.999,1620.000,0,2147.999,0,243.000,8135,12018,0.720,1.060,1,1,1,0,0,0,18,296,0,41,2
17-06 02:05:17,26.679,4.239,65.826,1.745,0,5522024,180788,180624,2121840,5121.461,1454.156,0,3578.540,0,409.916,8010,12349,0.720,1.060,1,3,0,0,0,0,18,296,0,43,2
17-06 02:05:18,25.347,3.764,67.507,1.255,0,5521616,180788,180672,2122200,4758.132,1626.197,0,6938.440,0,470.794,7864,11891,0.900,1.100,1.010,2,1,0,0,0,18,296,0,41,2
17-06 02:05:19,25.993,4.999,64.983,2.499,0,5521568,180536,180716,2122456,4816.728,1457.615,0,4062.927,0,467.876,9172,14717,0.900,1.100,1.010,1,0,0,0,0,18,296,0,42,2
17-06 02:05:20,25.887,4.232,66.958,1.245,0,5521128,180536,180752,2122860,4976.311,1493.491,0,2509.064,0,254.889,8412,12496,0.900,1.100,1.010,2,0,0,0,0,18,296,0,42,2
17-06 02:05:21,15.762,3.753,77.807,0.751,0,5521612,179780,180772,2123112,6324.633,2572.885,0,2129.560,0,245.180,5148,7598,0.900,1.100,1.010,0,1,0,0,0,18,295,0,43,2
17-06 02:05:22,12.298,2.510,84.076,1.004,0.251,5521504,179780,180792,2123200,6379.738,2417.374,0,3866.995,0,285.106,3692,5492,0.900,1.100,1.010,0,1,0,0,0,18,295,0,42,2
17-06 02:05:23,10.750,2.250,84.003,1.250,0,5530536,170736,180812,2123192,4578.179,1458.057,0,7540.295,0,387.015,3565,4909,0.990,1.110,1.020,5,1,1.000,0,0,18,295,0,44,2
17-06 02:05:24,5.251,1.250,92.264,0.750,0,5530740,170288,180824,2123424,4526.698,1437.222,0,6324.975,0,383.059,2614,4359,0.990,1.110,1.020,1,0,0,0,0,18,296,0,44,2
17-06 02:05:25,11.230,2.496,83.602,0.998,0,5530900,170036,180828,2123512,5362.477,1845.722,0,2922.810,0,177.684,3445,5172,0.990,1.110,1.020,0,0,0,0,0,18,295,0,46,2
17-06 02:05:26,14.015,2.252,81.085,1.251,0,5523384,177312,180836,2123744,21361.326,6941.255,0,2074.168,0,233.244,4179,5978,0.990,1.110,1.020,0,0,0,0,0,18,296,0,43,2
17-06 02:05:27,7.979,1.496,88.270,0.499,0,5523832,176836,180844,2123764,12084.448,3385.162,0,1344.490,0,131.656,2783,3964,0.990,1.110,1.020,1,0,0,0,0,18,296,0,43,2
17-06 02:05:28,7.765,2.004,88.920,0.751,0,5523784,176836,180856,2123800,5972.392,2500.770,0,1422.714,0,143.273,2776,3934,0.990,1.110,1.020,1,0,0,0,0,18,296,0,43,2
17-06 02:05:29,6.252,1.500,90.525,0.500,0,5524212,176360,180876,2123828,10520.954,2650.744,0,1116.313,0,98.028,2667,3904,0.990,1.110,1.020,1,0,0,0,0,18,297,0,43,2
17-06 02:05:30,25.925,5.484,63.067,2.493,0,5524036,176108,180912,2124220,5025.406,1657.187,0,3617.494,0,485.590,9053,14560,0.990,1.110,1.020,3,0,0,0,0,18,297,0,43,2
17-06 02:05:31,25.303,5.512,65.888,1.754,0,5524516,175352,180940,2124468,5241.000,1623.407,0,9756.477,0,712.495,9188,14587,0.990,1.110,1.020,1,0,0,0,0,18,297,0,44,2
17-06 02:05:32,24.548,4.759,68.383,1.002,0,5525416,174092,180952,2124816,5247.212,1623.159,0,1855.611,0,194.378,7150,10513,0.990,1.110,1.020,1,0,0,0,0,18,298,0,44,2
17-06 02:05:33,26.006,4.751,66.014,1.750,0,5527060,172076,180972,2125168,4879.043,1458.312,0,2860.612,0,356.076,8602,13176,0.990,1.110,1.020,2,0,1.000,0,0,18,297,0,44,2
17-06 02:05:34,8.486,2.496,87.105,0.998,0,5528104,170816,180984,2125372,5950.070,2566.716,0,2419.961,0,215.640,3082,4654,0.990,1.110,1.020,2,0,6.988,0,0,18,296,0,45,2
17-06 02:05:35,5.489,2.245,89.564,1.247,0,5528016,170816,181000,2125444,6377.738,2501.798,15.967,6179.151,0.998,444.077,3243,5199,0.990,1.110,1.020,0,0,0,0,0,18,296,0,43,2
17-06 02:05:36,14.993,2.499,79.712,1.249,0,5527736,170816,181016,2125708,5652.271,2081.995,0,1959.054,0,220.893,4557,6467,0.990,1.110,1.020,1,0,0,0,0,18,296,0,45,2
17-06 02:05:37,6.498,1.749,89.974,0.500,0,5527712,170816,181016,2125732,6238.182,2361.312,0,1343.608,0,131.962,2414,3517,0.990,1.110,1.020,3,0,0,0,0,18,296,0,46,2
17-06 02:05:38,6.496,1.499,89.944,0.750,0,5527556,170816,181020,2125884,10275.610,2432.487,0,1095.319,0,91.943,2787,3930,0.910,1.090,1.010,4,0,0,0,0,18,297,0,46,2
17-06 02:05:39,25.354,5.774,66.021,1.004,0,5527928,170060,181040,2126248,4285.594,1192.897,0,7314.027,0,589.420,8282,12475,0.910,1.090,1.010,4,2,1.004,0,0,18,298,0,44,2
17-06 02:05:40,26.506,5.751,64.014,2.000,0,5535020,162636,181076,2126544,4607.017,1566.346,0,5109.127,0,424.094,9220,14517,0.910,1.090,1.010,3,0,3.001,0,0,18,297,0,45,2
17-06 02:05:41,24.691,4.739,67.089,1.496,0,5535452,161880,181088,2126856,4582.973,2235.621,0,3327.993,0,341.179,7405,11462,0.910,1.090,1.010,1,1,1.995,0,0,18,296,0,47,2
17-06 02:05:42,7.766,1.754,87.680,1.253,0,5533968,163248,181124,2126936,5891.124,1774.652,0,7651.748,0,501.031,3695,6003,0.910,1.090,1.010,0,0,1.002,0,0,18,296,0,47,2
17-06 02:05:43,6.720,0.996,89.348,0.747,0,5534772,162272,181124,2127108,11556.997,2565.456,0,1166.750,0,117.471,2840,4073,0.840,1.070,1,2,0,1.991,0,0,18,296,0,43,2
17-06 02:05:44,25.371,5.526,65.814,2.010,0,5534912,162020,181128,2127216,5068.170,1410.728,0,3106.817,0,414.979,8733,14033,0.840,1.070,1,8,0,0,0,0,18,297,0,45,2
17-06 02:05:45,23.863,4.474,68.359,1.491,0,5535328,161040,181136,2127772,6128.919,2379.381,0,4032.916,0,370.877,7629,11250,0.840,1.070,1,1,0,0,0,0,18,296,0,46,2
17-06 02:05:46,5.774,1.255,90.884,0.753,0,5535312,161040,181136,2127788,5704.110,1584.698,0,6121.876,0,536.267,2575,3762,0.840,1.070,1,2,1,2.008,0,0,18,297,0,46,2
17-06 02:05:47,3.503,1.001,94.326,1.001,0,5535264,161040,181136,2127836,6052.859,2506.012,0,1709.372,0,135.108,1979,2956,0.840,1.070,1,2,0,0,0,0,18,296,0,42,2
17-06 02:05:48,5.484,0.997,91.238,0.499,0,5535224,161040,181136,2127876,5395.503,2442.983,0,1288.300,0,132.619,2456,3597,0.850,1.070,1,0,1,0,0,0,18,296,0,42,2
17-06 02:05:49,7.746,1.749,88.460,0.750,0,5535156,161040,181148,2127932,6692.973,2941.670,0,1807.183,0,205.907,2960,4635,0.850,1.070,1,3,1,0,0,0,18,296,0,42,2
17-06 02:05:50,5.500,1.250,90.747,1.250,0,5535108,161040,181152,2127976,9966.658,2996.897,0,5767.802,0,388.987,2903,4720,0.850,1.070,1,1,1,0,0,0,18,296,0,42,2
17-06 02:05:51,13.486,3.496,81.168,0.749,0,5535648,160284,181168,2128176,7725.231,2575.410,0,1618.372,0,172.826,4087,5796,0.850,1.070,1,3,0,0,0,0,18,296,0,40,2
17-06 02:05:52,7.509,1.502,88.857,1.001,0,5535648,160284,181172,2128172,6147.392,2397.883,0,2298.764,0,186.224,2590,3689,0.850,1.070,1,2,0,0,0,0,18,296,0,40,2
17-06 02:05:53,9.253,1.751,86.777,0.750,0,5535788,159784,181180,2128524,4789.463,1566.478,0,1484.453,0,139.042,2878,4093,0.870,1.070,1,2,0,1.000,0,0,18,294,0,41,2
17-06 02:05:54,5.750,1.250,91.257,0.250,0,5535744,159784,181180,2128568,5823.419,2364.170,0,932.067,0,86.006,2134,3193,0.870,1.070,1,3,0,0,0,0,18,297,0,41,2
17-06 02:05:55,9.004,2.001,87.539,0.500,0,5535692,159784,181184,2128616,22050.838,5680.534,0,1408.628,0,134.060,2783,3648,0.870,1.070,1,1,0,0,0,0,18,296,0,40,2
17-06 02:05:56,2.752,0.500,96.323,0.500,0,5535684,159784,181184,2128624,3888.955,1432.088,0,604.459,0,36.027,1187,1635,0.870,1.070,1,0,1,0,0,0,18,296,0,40,2
17-06 02:05:57,8.986,4.743,84.368,0.250,0,5549004,146456,181188,2128628,11874.360,3246.903,0,734.846,0,44.929,2789,8113,0.870,1.070,1,0,1,35.944,0,0,18,296,0,41,2
17-06 02:05:58,6.499,1.000,90.238,0.500,0,5548968,146456,181188,2128664,9744.700,3292.561,0,1027.863,0,105.986,2488,3540,0.800,1.050,1,1,1,1.000,0,0,18,296,0,41,2
17-06 02:05:59,5.500,1.250,90.742,0.500,0,5548936,146456,181196,2128688,12197.952,3050.738,0,923.921,0,96.992,2329,3196,0.800,1.050,1,0,1,0,0,0,18,296,0,39,2
17-06 02:06:00,11.253,2.251,84.523,1.250,0,5548076,147108,181212,2128880,11012.044,2920.807,0,1476.408,0,161.045,3736,4955,0.800,1.050,1,1,1,0,0,0,18,296,0,40,2
17-06 02:06:01,12.051,2.260,82.348,0.502,0,5546728,148360,181232,2128956,4597.415,1464.183,0,1446.107,0,162.687,4391,6501,0.800,1.050,1,6,0,0,0,0,18,297,0,41,2
17-06 02:06:02,24.498,5.500,67.745,1.250,0,5545264,149172,181244,2129596,6950.491,1511.889,0,2935.785,0,289.979,7370,10961,0.800,1.050,1,1,0,0,0,0,18,297,0,41,2
17-06 02:06:03,10.209,2.241,84.413,1.743,0,5544036,150288,181292,2129660,7476.155,2501.016,0,7613.606,0,533.869,4080,6595,0.890,1.070,1,0,1,0.996,0,0,18,296,0,39,2
17-06 02:06:04,17.234,3.247,75.429,1.249,0,5543056,151020,181300,2129900,11151.552,3432.784,0,6441.965,0,579.457,5231,6910,0.890,1.070,1,1,1,0,0,0,18,296,0,40,2
17-06 02:06:05,8.008,2.252,87.840,0.501,0,5542136,151892,181308,2129940,6763.924,1687.728,0,1201.230,0,103.106,3133,4437,0.890,1.070,1,2,0,0,0,0,18,298,0,40,2
17-06 02:06:06,26.580,6.269,65.195,1.254,0,5542236,151408,181320,2130312,5476.393,1624.864,0,3494.460,0,285.856,8106,12223,0.890,1.070,1,3,0,1.003,0,0,18,297,0,41,2
17-06 02:06:07,22.945,4.739,68.585,1.746,0,5542232,151156,181328,2130560,5509.733,1562.238,0,2541.879,0,250.397,7466,10968,0.890,1.070,1,2,0,0,0,0,18,297,0,42,2
17-06 02:06:08,8.743,1.998,87.431,0.500,0,5542368,150904,181332,2130672,11615.862,3939.900,0,1842.550,0,177.860,3135,4629,0.980,1.080,1.010,0,1,0,0,0,18,296,0,43,2
17-06 02:06:09,11.764,3.254,81.848,1.752,0,5542476,150652,181332,2130816,4477.334,1513.803,16.019,6571.829,1.001,482.575,4440,6670,0.980,1.080,1.010,2,0,0,0,0,18,297,0,43,2
17-06 02:06:10,13.232,1.997,80.643,1.748,0.250,5543876,149140,181344,2130916,11470.770,3401.484,0,2464.728,0,296.606,4631,6766,0.980,1.080,1.010,3,0,2.996,0,0,18,298,0,43,2
17-06 02:06:11,13.251,2.750,82.007,1.000,0,5544100,148636,181344,2131196,11418.010,3835.339,32.003,1660.147,1.000,165.015,3691,5323,0.980,1.080,1.010,0,1,0,0,0,18,298,0,42,2
17-06 02:06:12,11.548,2.008,84.852,0.502,0,5544344,148384,181344,2131204,6259.964,2037.451,0,1241.148,0,111.462,3158,4126,0.980,1.080,1.010,3,0,0,0,0,18,298,0,42,2
17-06 02:06:13,7.227,1.495,89.221,0.748,0,5544084,148384,181344,2131464,10250.938,2879.992,0,1391.647,0,122.616,2604,3562,0.980,1.080,1.010,1,1,0.997,0,0,18,299,0,42,2
17-06 02:06:14,24.993,5.499,64.733,2.249,0,5544184,148132,181392,2131568,4450.818,1565.584,0,3419.092,0,440.883,8900,14246,0.980,1.080,1.010,2,1,0,0,0,18,299,0,43,2
17-06 02:06:15,24.493,5.498,64.482,2.999,0.250,5544412,147404,181428,2132028,4890.600,1511.567,0,8641.527,0,683.804,9100,14276,0.980,1.080,1.010,4,0,0,0,0,18,299,0,45,2
17-06 02:06:16,23.341,5.271,68.015,1.004,0,5545148,146396,181436,2132292,4716.392,1463.708,0,3059.933,0,230.900,7353,10578,0.980,1.080,1.010,2,1,1.004,0,0,18,299,0,46,2
17-06 02:06:17,14.686,3.734,78.157,1.245,0,5545148,146144,181452,2132528,5731.841,1483.488,0,1899.662,0,226.008,4660,6880,0.980,1.080,1.010,0,1,0,0,0,18,298,0,47,2
17-06 02:06:18,12.756,2.501,82.541,0.750,0,5545320,145892,181464,2132596,4848.409,1566.779,0,1824.907,0,191.095,3858,5303,0.900,1.060,1,1,1,0,0,0,18,299,0,47,2
17-06 02:06:19,11.743,2.249,82.952,1.249,0,5545228,145892,181484,2132668,10753.739,3230.119,0,2262.683,0,249.855,3807,5443,0.900,1.060,1,1,1,0,0,0,18,298,0,47,2
17-06 02:06:20,12.291,3.261,82.525,1.254,0,5545660,145392,181496,2132724,6598.973,1691.633,0,6790.611,0,514.714,4191,5423,0.900,1.060,1,6,0,0,0,0,18,296,0,42,2
17-06 02:06:21,5.482,1.246,91.707,0.249,0,5545688,145140,181500,2132944,6180.249,2604.676,0,1263.961,0,114.634,2184,3254,0.900,1.060,1,0,1,0,0,0,18,298,0,42,2
17-06 02:06:22,11.753,2.501,82.524,1.250,0,5545860,144888,181504,2133020,11881.520,3461.025,0,6373.888,0,448.133,4433,6577,0.900,1.060,1,1,0,0,0,0,18,298,0,44,2
17-06 02:06:23,17.496,4.249,73.984,1.750,0,5545660,144888,181524,2133200,5044.908,1685.635,0,2151.535,0,265.942,5966,8832,0.830,1.040,1,2,1,1.000,0,0,18,299,0,46,2
17-06 02:06:24,26.620,5.274,64.039,2.260,0,5545944,144384,181548,2133396,4793.654,1518.861,0,3548.027,0,477.155,8564,13383,0.830,1.040,1,1,1,0,0,0,18,299,0,42,2
17-06 02:06:25,24.397,4.730,67.713,1.245,0,5547020,142872,181552,2133828,4765.799,1559.390,0,2887.760,0,256.911,7955,11933,0.830,1.040,1,1,1,0,0,0,18,299,0,43,2
17-06 02:06:26,23.232,4.247,69.945,1.249,0,5547192,142368,181556,2134156,4944.088,2567.968,0,2402.099,0,240.809,6896,9901,0.830,1.040,1,1,0,0,0,0,18,298,0,44,2
17-06 02:06:27,7.538,2.261,88.447,0.503,0,5547128,142368,181568,2134208,6236.513,1694.563,0,2524.757,0,205.036,3141,4546,0.830,1.040,1,2,0,0,0,0,18,299,0,44,2
17-06 02:06:28,13.200,2.740,81.194,1.992,0,5547088,142116,181608,2134460,5412.619,1913.794,0,7248.706,0,576.828,5092,8153,0.850,1.040,1,1,0,0,0,0,18,298,0,42,2
17-06 02:06:29,5.759,1.252,90.885,0.501,0,5547288,141864,181612,2134508,10599.693,3001.444,0,2235.309,0,150.222,2552,3649,0.850,1.040,1,1,1,0,0,0,18,299,0,42,2
17-06 02:06:30,10.464,1.993,84.711,1.246,0,5547424,141612,181616,2134620,5479.297,2398.812,0,1801.850,0,202.309,3517,5318,0.850,1.040,1,0,1,0,0,0,18,298,0,43,2
17-06 02:06:31,9.990,2.248,85.661,0.499,0,5547244,141612,181620,2134796,10071.581,3390.493,0,1518.429,0,151.843,3294,4671,0.850,1.040,1,0,1,0,0,0,18,298,0,45,2
17-06 02:06:32,15.568,3.766,78.594,1.004,0.251,5547360,141360,181628,2134924,6651.082,1572.877,0,1868.169,0,199.874,5589,8284,0.850,1.040,1,4,0,0,0,0,18,299,0,43,2
17-06 02:06:33,27.545,4.758,64.104,2.504,0,5547284,141108,181640,2135240,4867.908,1622.636,4.007,4439.211,1.002,525.854,8947,14180,0.940,1.060,1,2,0,2.003,0,0,18,299,0,43,2
17-06 02:06:34,25.408,4.982,65.263,1.495,0,5548348,139596,181648,2135680,4449.834,1022.286,15.942,3993.492,0.996,375.635,8195,12205,0.940,1.060,1,4,0,5.978,0,0,18,298,0,45,2
17-06 02:06:35,5.775,1.506,90.892,0.753,0,5548212,139596,181648,2135816,5636.287,1922.283,0,13297.298,0,835.601,3001,4828,0.940,1.060,1,1,0,0,0,0,18,299,0,45,2
17-06 02:06:36,9.952,2.737,84.345,1.244,0,5548324,139344,181656,2135948,9595.977,3393.724,0,3658.454,0,182.127,3334,4943,0.940,1.060,1,0,0,0,0,0,18,298,0,43,2
17-06 02:06:37,9.990,1.748,86.413,0.499,0.250,5548276,139344,181664,2135988,13007.858,3550.413,0,1418.567,0,137.861,3089,4272,0.940,1.060,1,2,0,0,0,0,18,298,0,43,2
17-06 02:06:38,8.507,1.251,87.822,1.001,0.250,5548220,139344,181664,2136044,10137.286,3342.732,0,1196.978,0,131.107,2661,3685,0.860,1.040,1,0,0,0,0,0,18,298,0,43,2
17-06 02:06:39,13.020,3.255,81.376,0.751,0,5548032,139344,181672,2136224,6444.961,1646.545,0,1582.446,0,159.246,4330,6225,0.860,1.040,1,2,0,1.002,0,0,18,299,0,43,2
17-06 02:06:40,27.838,5.768,64.706,1.003,0,5551728,135312,181684,2136548,4574.537,1625.164,0,2515.995,0,272.867,7628,11433,0.860,1.040,1,1,0,3.010,0,0,18,299,0,40,2
17-06 02:06:41,15.170,2.984,78.584,1.243,0,5551456,135312,181708,2136796,6326.488,2557.453,0,2562.426,0,258.630,4614,6740,0.860,1.040,1,1,0,0.995,0,0,18,298,0,43,2
17-06 02:06:42,10.763,1.752,83.852,1.252,0,5551620,135060,181728,2136864,12076.638,3530.279,0,2491.019,0,208.252,3706,5287,0.860,1.040,1,0,0,1.001,0,0,18,298,0,44,2
17-06 02:06:43,17.824,4.017,74.812,1.004,0,5551752,134808,181740,2136972,5603.380,1626.788,0,4322.033,0,370.546,5921,8917,0.790,1.020,0.990,1,1,1.004,0,0,18,299,0,45,2
17-06 02:06:44,24.899,5.478,65.734,1.743,0,5551708,134556,181744,2137264,5997.748,2483.956,0,4860.347,0,415.321,7476,11195,0.790,1.020,0.990,0,0,0,0,0,18,298,0,44,2
17-06 02:06:45,5.754,1.751,90.558,1.001,0,5551524,134556,181744,2137448,6690.291,1524.978,0,1897.217,0,131.084,2234,3064,0.790,1.020,0.990,1,0,0,0,0,18,299,0,44,2
17-06 02:06:46,11.737,2.248,82.908,0.999,0,5551680,134304,181744,2137540,5833.561,2558.176,0,1881.923,0,198.781,3929,5769,0.790,1.020,0.990,0,0,0,0,0,18,298,0,45,2
17-06 02:06:47,9.739,2.247,85.400,0.499,0,5551624,134304,181748,2137592,11941.014,3294.142,0,1446.306,0,139.836,3176,4331,0.790,1.020,0.990,0,0,0,0,0,18,298,0,45,2
17-06 02:06:48,8.512,1.502,88.870,0.751,0,5551608,134304,181752,2137604,8011.853,2851.863,0,1269.720,0,118.160,2665,3620,0.730,1.010,0.990,0,0,0,0,0,18,298,0,44,2
17-06 02:06:49,11.499,2.500,82.995,0.750,0,5551608,134052,181752,2137856,8388.508,2943.828,0,1511.911,0,152.991,3258,4516,0.730,1.010,0.990,0,0,0,0,0,18,298,0,45,2
17-06 02:06:50,6.751,1.750,88.511,0.750,0,5551812,133800,181752,2137904,5630.684,1578.192,0,1328.161,0,144.017,3045,4409,0.730,1.010,0.990,2,0,0,0,0,18,299,0,45,2
17-06 02:06:51,10.999,2.250,83.995,1.500,0,5548508,137016,181752,2137992,11036.376,3844.783,0,11803.333,0,837.953,3861,5902,0.730,1.010,0.990,0,0,0,0,0,18,298,0,46,2
17-06 02:06:52,2.750,0.500,95.737,0,0,5548504,137016,181752,2137996,6225.133,1874.739,0,471.934,0,25.996,1185,1630,0.730,1.010,0.990,0,0,0,0,0,18,298,0,45,2
17-06 02:06:53,7.503,3.752,87.038,0.500,0,5588664,130704,180964,2105392,6196.694,1983.862,0,840.365,0,78.034,2553,3347,0.670,0.990,0.980,0,0,1.000,0,0,18,298,0,45,2
17-06 02:06:54,13.990,3.248,78.694,0.999,0,5597476,121732,180972,2105544,5873.817,2516.208,0,2066.528,0,276.803,4288,6218,0.670,0.990,0.980,0,0,0,0,0,18,298,0,47,2
17-06 02:06:55,9.254,1.751,87.784,0.750,0,5597424,121732,180980,2105588,5691.227,2268.888,0,1252.490,0,130.051,2892,3988,0.670,0.990,0.980,0,0,0,0,0,18,298,0,48,2
17-06 02:06:56,6.512,1.503,90.419,0.501,0,5597396,121732,180980,2105616,11026.620,3052.709,0,1009.889,0,86.161,2399,3341,0.670,0.990,0.980,0,0,0,0,0,18,298,0,47,2
17-06 02:06:57,10.774,5.011,81.681,0.501,0,5606444,144252,180212,2074660,12564.876,3135.957,72.160,1214.695,2.004,135.300,3807,8216,0.670,0.990,0.980,1,0,36.080,0,0,18,299,0,48,2
17-06 02:06:58,4.980,0.747,91.889,0.498,0,5606440,144252,180212,2074840,9843.350,3330.921,0,972.183,0,84.668,2243,3160,0.620,0.970,0.970,0,0,0,0,0,18,298,0,48,2
17-06 02:06:59,6.003,1.501,91.791,0.500,0,5606660,144000,180216,2074868,11919.266,3106.372,0,1268.560,0,86.038,2264,3089,0.620,0.970,0.970,1,0,0,0,0,18,298,0,48,2
17-06 02:07:00,23.725,4.245,68.177,1.748,0,5606560,143748,180228,2075208,4916.723,1618.263,15.983,2309.521,0.999,292.686,7063,10596,0.620,0.970,0.970,1,0,0,0,0,18,299,0,48,2
17-06 02:07:01,24.363,5.274,65.554,1.758,0,5604820,143132,180232,2077560,4659.589,1464.787,0,8764.609,0,615.853,8158,12702,0.620,0.970,0.970,1,0,0,0,0,18,299,0,47,2
17-06 02:07:02,25.485,4.747,66.461,1.499,0,5604928,142580,180236,2078000,5893.533,1619.048,0,2298.648,0,288.830,7403,10828,0.620,0.970,0.970,1,0,0,0,0,18,298,0,48,2
17-06 02:07:03,5.980,1.744,90.446,0.498,0,5604868,142584,180240,2078052,6974.590,2436.821,0,1758.099,0,127.572,2315,3300,0.570,0.960,0.970,1,0,0.997,0,0,18,298,0,48,2
17-06 02:07:04,11.249,2.500,84.494,1.250,0,5604644,142560,180248,2078292,6919.525,2606.821,0,2047.859,0,207.986,3383,5047,0.570,0.960,0.970,1,0,0,0,0,18,298,0,49,2
17-06 02:07:05,13.246,2.749,81.724,0.750,0,5604548,142560,180252,2078384,6575.877,2402.224,0,1931.376,0,193.937,3703,5313,0.570,0.960,0.970,0,0,0,0,0,18,298,0,48,2
17-06 02:07:06,13.507,2.001,82.792,0.500,0,5608300,138584,180252,2078608,5060.595,1458.748,0,4814.469,0,438.225,2869,2902,0.570,0.960,0.970,2,0,0,0,0,18,299,0,49,2
17-06 02:07:07,26.515,3.752,68.289,0.250,0,5616668,130016,180260,2078800,5786.281,2018.144,0,2225.262,0,70.040,4216,4639,0.570,0.960,0.970,1,0,0,0,0,18,299,0,50,2
17-06 02:07:08,13.983,1.498,81.403,0.999,0,5617948,128504,180264,2079028,27040.651,7904.544,0,1713.950,0,197.763,3762,5169,0.760,0.990,0.980,0,0,0,0,0,18,299,0,50,2
17-06 02:07:09,8.003,1.751,87.283,0.750,0,5617884,128504,180268,2079088,11564.429,3461.326,0,1580.605,0,154.059,3034,4227,0.760,0.990,0.980,0,0,0,0,0,18,299,0,46,2
17-06 02:07:10,18.312,4.014,73.247,2.258,0,5617696,128504,180268,2079276,4051.669,1462.935,0,5839.701,0,461.557,6257,9617,0.760,0.990,0.980,4,0,3.010,0,0,18,300,0,46,2
17-06 02:07:11,26.445,5.489,64.864,1.746,0,5618100,127748,180272,2079624,10042.003,2829.085,0,4458.677,0,405.153,7608,11251,0.760,0.990,0.980,2,0,0,0,0,18,299,0,48,2
17-06 02:07:12,5.265,1.504,91.267,0.501,0,5618052,127748,180272,2079672,5934.367,2573.531,0,1548.532,0,115.338,2329,3221,0.760,0.990,0.980,1,0,0,0,0,18,303,0,49,2
17-06 02:07:13,26.004,3.251,67.762,1.000,0,5618036,127496,180316,2079896,4860.840,1620.280,128.022,1852.320,7.001,154.027,7096,9906,0.780,0.990,0.980,1,0,1.000,0,0,18,299,1,52,2
17-06 02:07:14,24.403,4.980,68.230,0.747,0,5618276,126992,180348,2080128,4601.775,1613.609,0,1800.868,0,159.369,6713,8906,0.780,0.990,0.980,1,0,1.992,0,0,18,304,0,70,2
17-06 02:07:15,27.261,4.252,66.026,0.750,0,5619868,124976,180412,2080488,4593.796,1512.591,0,1616.632,0,146.057,6372,8230,0.780,0.990,0.980,4,0,1.000,0,0,18,303,0,84,2
17-06 02:07:16,11.990,1.749,84.431,0.749,0,5620284,124220,180460,2080780,11656.438,3403.208,0,1442.816,0,140.884,3451,4801,0.780,0.990,0.980,1,0,0,0,0,18,302,0,85,2
17-06 02:07:17,19.802,5.013,71.939,1.755,0,5620180,124220,180556,2080788,5190.610,1624.259,4.011,2799.340,1.003,316.831,6449,9726,0.780,0.990,0.980,1,0,0,0,0,18,303,0,79,2
17-06 02:07:18,24.941,4.988,65.595,1.995,0,5620688,123212,180652,2081192,4050.457,1077.462,0,8408.190,0,595.597,7120,10704,1.120,1.060,1,1,0,0,0,0,18,302,0,80,2
17-06 02:07:19,5.260,1.002,92.425,0.250,0,5620860,122960,180672,2081252,5728.856,1875.554,0,1222.316,0,92.175,2013,2852,1.120,1.060,1,3,0,0,0,0,18,303,0,80,2
17-06 02:07:20,6.702,1.738,88.116,0.993,0,5620644,122960,180712,2081428,6363.243,2331.236,0,1600.491,0,183.679,3242,4732,1.120,1.060,1,0,0,0,0,0,18,302,0,81,2
17-06 02:07:21,7.540,1.759,89.972,0.754,0,5620580,122960,180724,2081480,6464.902,2652.912,0,1503.887,0,162.854,2815,4013,1.120,1.060,1,0,0,0,0,0,18,302,0,79,2
17-06 02:07:22,6.999,1.500,88.989,0.750,0,5620520,122960,180740,2081524,5573.308,1862.769,0,1351.832,0,132.983,2542,3702,1.120,1.060,1,1,0,0,0,0,18,302,0,79,2
17-06 02:07:23,17.563,3.011,77.278,0.502,0,5621280,121952,180748,2081764,4620.621,1649.935,0,2171.812,0,90.325,3768,4516,1.030,1.040,1,1,0,1.004,0,0,18,303,0,82,2
17-06 02:07:24,4.482,0.996,92.628,0.498,0,5621200,121952,180760,2081832,5986.986,2020.894,0,1151.382,0,105.577,2055,3004,1.030,1.040,1,0,0,0,0,0,18,302,0,83,2
17-06 02:07:25,7.500,1.750,89.744,0.750,0,5621148,121952,180780,2081864,5732.647,1920.882,0,1491.908,0,171.989,2490,3469,1.030,1.040,1,0,0,0,0,0,18,302,0,78,2
17-06 02:07:26,5.499,1.000,90.736,0.500,0,5621100,121952,180796,2081896,5852.071,1920.695,0,1075.829,0,98.984,2158,3035,1.030,1.040,1,0,0,0,0,0,18,302,0,79,2
17-06 02:07:27,10.508,3.503,81.813,2.252,0,5621520,121448,180828,2081948,12225.406,3420.632,0,11576.907,0,730.562,4081,5725,1.030,1.040,1,0,0,0,0,0,18,302,0,79,2
17-06 02:07:28,16.518,3.504,77.335,1.001,0,5621672,121196,180852,2082024,4671.124,1567.720,0,1689.854,0,194.213,5077,7278,0.950,1.020,0.990,1,0,0,0,0,18,303,0,79,2
17-06 02:07:29,24.974,5.494,66.182,1.249,0,5622676,119684,180876,2082508,4914.947,1618.336,0,2749.174,0,279.712,7249,10287,0.950,1.020,0.990,5,1,0,0,0,18,303,0,78,2
17-06 02:07:30,9.743,1.998,85.185,1.249,0,5622524,119684,180904,2082632,5877.500,2468.111,0,2905.775,0,231.823,3581,5453,0.950,1.020,0.990,0,0,0,0,0,18,302,0,79,2
17-06 02:07:31,9.001,1.750,87.007,1.000,0,5622812,119192,180916,2082808,6391.501,2555.200,0,1828.143,0,191.015,3184,4556,0.950,1.020,0.990,0,0,0,0,0,18,302,0,79,2
17-06 02:07:32,7.749,1.750,87.739,0.750,0,5622764,119192,180924,2082848,6451.202,2082.742,0,1583.804,0,142.982,2767,3784,0.950,1.020,0.990,0,0,0,0,0,18,302,0,79,2
17-06 02:07:33,9.004,2.251,86.535,1.000,0,5622984,118940,180928,2082876,11550.656,3407.373,0,2356.950,0,189.076,3211,4586,0.870,1.010,0.990,0,0,1.000,0,0,18,302,0,78,2
17-06 02:07:34,11.994,3.748,81.461,1.249,0,5623920,117936,180928,2082944,4677.777,1619.230,0,1823.134,0,203.903,4504,6650,0.870,1.010,0.990,2,0,5.997,0,0,18,303,0,78,2
17-06 02:07:35,25.115,4.270,69.067,1.005,0,5457956,283620,180940,2083208,4822.149,1627.475,16.074,6847.451,2.009,461.118,4912,6771,0.870,1.010,0.990,1,0,12.055,0,0,18,302,0,78,2
17-06 02:07:36,2.243,0.997,95.707,0.249,0,5445892,294724,180944,2084164,6645.665,267234.296,1236.217,996.949,25.921,49.847,1320,1809,0.870,1.010,0.990,0,0,1.994,0,0,18,302,0,78,2
17-06 02:07:37,1.747,0.749,95.561,0,0,5445168,295440,180948,2084168,5244.643,1455.127,0,646.723,0,34.931,1090,1500,0.870,1.010,0.990,0,0,0,0,0,18,302,0,75,2
17-06 02:07:38,1.752,0.751,96.358,0.250,0,5443076,297532,180948,2084168,5057.659,1753.963,0,1765.976,0,92.103,1235,1817,0.800,0.990,0.980,1,0,0,0,0,18,302,0,75,2
17-06 02:07:39,1.248,1.248,96.871,0,0,5442080,298528,180948,2084168,4811.569,1456.054,0,11.984,0,1.997,999,1367,0.800,0.990,0.980,1,0,0,0,0,18,302,0,75,2
17-06 02:07:40,4.003,0.751,93.567,0.500,0,5442316,298288,180948,2084172,4683.334,1621.154,0,268.191,0,37.026,1939,2736,0.800,0.990,0.980,0,0,1.001,0,0,18,302,0,75,2
17-06 02:07:41,3.500,2.000,93.241,0.250,0,5442792,297796,180948,2084188,4557.546,1457.855,0,387.961,0,26.997,1540,2023,0.800,0.990,0.980,2,0,3.000,0,0,18,302,0,75,2
17-06 02:07:42,5.751,1.250,91.515,0.250,0,5442776,297796,180948,2084204,5321.881,1524.252,0,208.034,0,28.005,1833,2296,0.800,0.990,0.980,1,0,2.000,0,0,18,302,0,74,2
17-06 02:07:43,2.750,1.000,94.739,0.500,0,5442760,297796,180952,2084216,5597.373,1457.837,0,535.940,0,55.994,1776,2690,0.740,0.970,0.980,0,0,1.000,0,0,18,302,0,74,2
17-06 02:07:44,2.250,0.750,96.004,0.250,0,5442752,297796,180952,2084224,5912.228,1512.058,0,620.024,0,38.001,1158,1647,0.740,0.970,0.980,0,0,0,0,0,18,302,0,74,2
17-06 02:07:45,2.249,0.999,96.443,0,0,5442752,297796,180952,2084224,5834.554,1457.139,0,459.728,0,34.979,1245,1625,0.740,0.970,0.980,0,0,0,0,0,18,302,0,74,2
17-06 02:07:46,1.000,0.250,97.022,0,0,5442748,297796,180952,2084228,4699.050,1458.326,0,20.004,0,1.000,1011,1372,0.740,0.970,0.980,0,0,0,0,0,18,302,0,69,2
17-06 02:07:47,2.001,0.750,96.793,0,0,5442748,297796,180952,2084228,4124.842,1026.458,0,3293.471,0,398.178,1126,1492,0.740,0.970,0.980,0,0,0,0,0,18,302,0,69,2
17-06 02:07:48,1.751,1.000,96.784,0,0,5442748,297796,180952,2084228,4773.658,1512.525,0,0,0,0,1076,1438,0.680,0.950,0.970,0,0,0,0,0,18,302,0,69,2
17-06 02:07:49,1.999,0.500,96.950,0,0,5442744,297796,180952,2084232,4189.833,1631.156,0,3.998,0,0.999,1000,1399,0.680,0.950,0.970,0,0,0,0,0,18,302,0,69,2
17-06 02:07:50,2.751,1.001,95.048,0.250,0,5442736,297796,180960,2084232,4502.258,1620.813,0,284.142,0,38.019,1828,2697,0.680,0.950,0.970,0,0,1.001,0,0,18,302,0,67,2
17-06 02:07:51,1.250,0.250,97.011,0,0,5442736,297796,180960,2084232,4620.543,1620.190,0,312.037,0,18.002,1055,1484,0.680,0.950,0.970,0,0,0,0,0,18,302,0,67,2
17-06 02:07:52,1.993,0.747,95.666,0.249,0,5442732,297796,180960,2084236,4620.891,1614.372,0,147.486,0,18.934,1149,1561,0.680,0.950,0.970,1,0,0,0,0,18,302,0,67,2
17-06 02:07:53,2.505,1.002,95.450,0.251,0,5442692,297796,180968,2084268,4593.629,1406.949,32.067,252.529,1.002,35.074,1535,2321,0.620,0.940,0.960,1,0,1.002,0,0,18,302,0,67,2
17-06 02:07:54,1.501,1.001,97.066,0,0,5442684,297796,180968,2084276,4028.733,1266.859,0,556.377,0,36.024,989,1489,0.620,0.940,0.960,0,0,0,0,0,18,302,0,66,2
17-06 02:07:55,1.503,0.501,97.203,0,0,5442684,297796,180968,2084276,4467.321,1461.048,0,328.686,0,66.138,1093,1449,0.620,0.940,0.960,0,0,0,0,0,18,302,0,66,2
17-06 02:07:56,1.496,0.499,96.519,0,0,5442680,297796,180968,2084280,4152.046,1239.030,0,7.981,0,0.998,936,1330,0.620,0.940,0.960,0,0,0,0,0,18,302,0,66,2
17-06 02:07:57,4.500,2.750,92.240,0.500,0,5462084,278392,180968,2086364,4446.508,971.892,0,103.988,0,12.999,1626,3336,0.620,0.940,0.960,2,0,33.996,0,0,18,302,0,66,2
17-06 02:07:58,6.508,2.503,89.860,0,0,5429640,310816,180972,2084296,4403.389,1459.787,0,344.422,0,35.043,2433,5115,0.890,0.990,0.980,0,0,3.004,0,0,18,302,0,62,2
17-06 02:07:59,1.750,0.750,96.231,0.250,0,5429636,310816,180972,2084300,4951.030,1553.695,0,279.945,0,19.996,1095,1555,0.890,0.990,0.980,0,0,0,0,0,18,302,0,62,2
17-06 02:08:00,3.000,1.000,94.498,0,0,5429632,310816,180976,2084300,4125.903,1565.963,0,255.994,0,37.999,1760,2517,0.890,0.990,0.980,1,0,0,0,0,18,302,0,62,2
17-06 02:08:01,1.500,0.500,97.263,0.250,0,5429632,310816,180976,2084300,4708.606,1458.188,0,412.053,0,26.003,1048,1511,0.890,0.990,0.980,0,0,0,0,0,18,302,0,62,2
17-06 02:08:02,1.750,0.500,96.990,0,0,5429632,310816,180976,2084300,5914.360,1499.838,0,51.994,0,4.000,1041,1433,0.890,0.990,0.980,1,0,0,0,0,18,302,0,61,2
17-06 02:08:03,2.000,1.000,95.737,0.250,0,5429848,310568,180976,2084332,5459.286,1619.788,31.996,179.976,1.000,23.997,1502,2265,0.820,0.970,0.980,0,0,1.000,0,0,18,302,0,61,2
17-06 02:08:04,1.251,1.001,97.049,0.250,0,5429840,310568,180976,2084340,6881.481,1578.799,0,408.206,0,28.014,995,1477,0.820,0.970,0.980,0,0,0,0,0,18,302,0,61,2
17-06 02:08:05,1.750,0.750,97.013,0,0,5429840,310568,180976,2084340,5702.767,1566.211,0,36.005,0,4.001,1053,1439,0.820,0.970,0.980,0,0,0,0,0,18,302,0,61,2
17-06 02:08:06,1.500,1.000,96.496,0,0,5429800,310568,180976,2084380,3863.855,377.986,0,159.994,0,4.000,962,1355,0.820,0.970,0.980,0,0,0,0,0,18,302,0,56,2
17-06 02:08:07,12.994,3.998,82.211,0.250,0.250,5459544,280476,181008,2084696,410244.319,6986.719,323.848,155.927,8.996,7.996,2378,1981,0.820,0.970,0.980,2,0,24.988,0,0,18,302,0,56,2
17-06 02:08:08,13.515,4.755,80.086,0,0,5490532,249244,181012,2084936,295597.845,9893.638,404.435,937.008,15.016,171.184,2833,2266,0.840,0.970,0.980,1,0,28.030,0,0,18,302,0,56,2
17-06 02:08:09,21.483,5.995,72.192,0,0,5477624,248752,181012,2098320,3329.303,671.456,0,0,0,0,2318,1637,0.840,0.970,0.980,2,0,13.989,0,0,18,302,0,56,2
