"pcp-dstat 6.2.0 CSV Output"
"Author:","PCP team <pcp@groups.io> and Dag Wieers <dag@wieers.com>",,,,"URL:","https://pcp.io/ and http://dag.wieers.com/home-made/dstat/"
"Host:","ubuntu",,,,"User:","ubuntu"
"Cmdline:","dstat -tcmndrylpg --tcp --output /tmp/devstack_logs/dstat-csv.log",,,,"Date:","30 Jun 2026 06:55:29 UTC"
"system","total usage",,,,,"memory usage",,,,"net/total",,"dsk/total",,"io/total",,"system",,"load avg",,,"procs",,,"paging",,"tcp sockets",,,,
"time","total usage:usr","total usage:sys","total usage:idl","total usage:wai","total usage:stl","used","free","buf","cach","net/total:recv","net/total:send","dsk/total:read","dsk/total:writ","read","writ","int","csw","1m","5m","15m","run","blk","new","in","out","lis","act","syn","tim","clo"
30-06 06:55:29,,1068984,1346404,169164,5222748,,,,,,,1.290,0.980,0.540,3,2,,,,10,6,0,18,0
30-06 06:55:30,16.504,20.505,61.014,0.750,0,1061248,1353452,169328,5223260,31457.272,13280.070,0,11462.650,0,424.098,6511,5627,1.290,0.980,0.540,1,0,502.116,0,0,10,6,0,18,0
30-06 06:55:31,25.500,18.250,54.250,0.500,0,1047712,1366224,169508,5223680,38609.051,12809.017,0,1732.002,0,56.000,6286,6534,1.290,0.980,0.540,1,0,390.001,0,0,10,6,0,18,0
30-06 06:55:32,31.223,15.237,52.205,0.500,0,1056504,1356784,169676,5251240,25431.046,12738.004,0,1678.551,0,50.956,6468,7911,1.820,1.100,0.580,1,0,236.796,0,0,11,5,0,18,1
30-06 06:55:33,24.224,7.742,67.177,0.499,0,1146244,1243856,169888,5370860,175867.997,7839.530,0,2357.453,0,159.827,3127,2365,1.820,1.100,0.580,2,0,79.914,0,0,11,6,0,18,2
30-06 06:55:34,38.299,12.516,48.062,1.001,0,1156512,1215720,170900,5385096,4605.911,1081.388,0,2475.176,0,88.113,4745,3502,1.820,1.100,0.580,2,0,202.260,0,0,11,6,0,20,2
30-06 06:55:35,44.644,6.235,48.136,0.499,0,1211480,1141504,171396,5401576,4529.292,1077.453,31.925,6253.216,1.995,71.830,3137,2042,1.820,1.100,0.580,2,0,0,0,0,11,6,0,20,2
30-06 06:55:36,44.230,5.248,48.478,1.249,0,1260440,1064284,172548,5425712,4435.013,1079.516,0,4378.039,0,152.931,3433,2597,1.820,1.100,0.580,3,0,1.000,0,0,11,8,0,20,2
30-06 06:55:37,30.586,7.270,45.628,13.538,0,1268380,1017884,174620,5458752,4372.287,1083.044,0,41957.913,0,2769.784,13583,25000,1.920,1.130,0.590,1,1,51.144,0,0,11,8,0,20,2
30-06 06:55:38,39.013,7.002,41.014,11.504,0,1251116,1038980,175764,5452284,5105.743,1560.533,0,46727.954,0,3099.058,11877,21513,1.920,1.130,0.590,2,0,51.017,0,0,11,4,0,20,0
30-06 06:55:39,38.131,9.470,51.838,0.249,0,1345048,945108,175764,5452312,12082.274,3876.895,0,1315.891,0,92.711,3381,2233,1.920,1.130,0.590,4,0,94.704,0,0,11,5,0,20,0
30-06 06:55:40,44.834,6.262,47.589,0.250,0,1363068,919744,175924,5458684,5824.866,1256.344,0,9974.608,0,609.136,3929,3660,1.920,1.130,0.590,3,0,8.015,0,0,11,4,0,20,0
30-06 06:55:41,42.815,9.264,45.820,0.250,0,1338556,942920,175952,5459752,6066.202,1081.641,0,3349.081,0,248.377,11556,19372,1.920,1.130,0.590,4,0,22.033,0,0,11,4,0,20,0
30-06 06:55:42,44.195,8.739,46.192,0,0,1353724,927676,175984,5459764,4336.564,970.783,0,175.780,0,1.997,11922,19647,1.920,1.150,0.600,2,0,16.979,0,0,11,4,0,20,0
30-06 06:55:43,32.993,18.996,46.240,0,0,1262152,1027280,175996,5452468,3999.166,1079.775,0,319.933,0,22.995,5780,4627,1.920,1.150,0.600,2,0,421.912,0,0,11,4,0,20,0
30-06 06:55:44,19.780,19.280,59.842,0,0,1165320,1123904,175996,5452992,4246.522,1165.790,0,32.049,0,8.012,7392,8575,1.920,1.150,0.600,3,0,400.615,0,0,11,4,0,20,0
30-06 06:55:45,36.148,12.714,49.610,0,0,1253500,1035724,175996,5453012,4379.666,969.270,0,127.641,0,3.989,3984,3008,1.920,1.150,0.600,3,0,184.480,0,0,11,5,0,20,0
30-06 06:55:46,47.499,3.500,48.999,0,0,1295948,992796,176004,5453592,4376.922,1079.981,0,491.991,0,43.999,2771,1208,1.920,1.150,0.600,3,0,0,0,0,11,5,0,20,0
30-06 06:55:47,44.000,7.750,47.250,0,0,1312584,974192,176060,5455464,3672.014,972.004,0,1020.004,0,83.000,2974,2974,1.930,1.160,0.610,3,0,0,0,0,11,5,0,20,0
30-06 06:55:48,21.000,10.750,67.251,1.000,0,1345472,940684,176100,5456004,4000.062,1080.017,0,2608.040,0,213.003,3934,3951,1.930,1.160,0.610,3,0,141.002,0,0,11,4,0,21,0
30-06 06:55:49,23.247,3.000,73.742,0,0,1395640,890512,176100,5456008,4101.552,971.894,0,0,0,0,1839,1264,1.930,1.160,0.610,1,0,0,0,0,11,4,0,21,0
30-06 06:55:50,23.048,3.257,71.650,0.752,0,1414012,871908,176108,5456232,4248.907,1082.269,0,17236.134,0,248.521,2828,2990,1.930,1.160,0.610,1,1,1.002,0,0,11,10,0,21,0
30-06 06:55:51,20.425,6.227,71.237,0.747,0,1363984,921884,176148,5456244,4514.356,968.430,0,1107.915,0,154.431,3453,3939,1.930,1.160,0.610,1,0,42.842,0,0,11,4,0,23,0
30-06 06:55:52,21.773,2.252,75.830,0,0,1365104,920504,176148,5456432,6095.398,3049.201,0,0,0,0,1689,1064,1.860,1.160,0.610,0,0,0,0,0,11,5,0,23,0
30-06 06:55:53,19.249,3.750,74.745,1.750,0,1378240,907036,176204,5456664,7784.478,3842.743,267.982,5511.631,65.996,279.981,2890,3325,1.860,1.160,0.610,2,0,1.000,0,0,11,25,0,23,0
30-06 06:55:54,19.499,5.750,73.747,0,0,1376904,908216,176204,5456812,8099.702,4843.822,0,0,0,0,2642,2007,1.860,1.160,0.610,1,0,44.998,0,0,11,28,0,24,0
30-06 06:55:55,18.996,4.499,74.733,0.250,0.250,1430680,854432,176208,5456816,6952.459,3464.232,0,39311.285,0,336.925,2489,2330,1.860,1.160,0.610,1,0,0,0,0,11,29,0,24,0
30-06 06:55:56,18.314,10.035,71.000,0.251,0,1396012,889080,176208,5456836,9207.424,5700.073,0,148.523,0,11.039,3540,2678,1.860,1.160,0.610,2,0,135.477,0,0,11,28,0,19,0
30-06 06:55:57,42.331,8.466,48.556,0,0,1501256,783824,176212,5456844,4342.618,1075.694,0,67.729,0,3.984,2951,1550,1.870,1.170,0.620,2,0,20.916,0,0,11,28,0,19,0
30-06 06:55:58,31.109,4.767,63.221,0,0.251,1519068,765816,176216,5457036,19430.012,15803.317,0,5254.392,0,164.576,4550,5340,1.870,1.170,0.620,3,0,0,0,0,11,30,0,19,0
30-06 06:55:59,44.995,21.498,32.496,0,0,1469932,814932,176216,5457056,8608.001,4942.426,0,315.963,0,37.996,6394,6764,1.870,1.170,0.620,5,0,455.947,0,0,11,28,0,20,0
30-06 06:56:00,82.061,17.513,0.250,0,0,1706856,577960,176216,5457100,6693.970,3090.294,0,8001.941,0,414.308,5410,3010,1.870,1.170,0.620,6,0,122.091,0,0,11,29,0,20,0
30-06 06:56:01,78.714,11.995,7.996,0,0,1845180,439636,176216,5457144,31092.948,26065.220,0,287.870,0,12.994,8126,8602,1.870,1.170,0.620,4,0,1.000,0,0,11,33,1,20,0
30-06 06:56:02,72.776,12.254,14.505,0.250,0,1603456,681168,176232,5457376,23684.612,19603.128,0,768.279,0,71.026,7996,11073,2.120,1.240,0.640,2,0,204.074,0,0,11,28,0,26,0
30-06 06:56:03,19.706,8.730,70.092,0.249,0,1474548,810072,176232,5457380,4889.012,1077.578,0,478.924,0,12.971,3038,2333,2.120,1.240,0.640,1,0,105.762,0,0,11,28,0,26,0
30-06 06:56:04,18.745,2.499,77.731,0,0,1496192,788424,176232,5457384,9539.622,5509.627,0,143.964,0,9.998,2034,1697,2.120,1.240,0.640,0,0,0,0,0,11,29,0,24,0
30-06 06:56:05,17.504,7.002,74.516,0.250,0,1462924,821680,176232,5457396,7248.568,3481.753,0,33911.337,0,274.059,3976,4106,2.120,1.240,0.640,1,0,68.015,0,0,11,28,0,25,0
30-06 06:56:06,19.795,3.257,77.425,0,0,1473212,811388,176232,5457400,7345.604,3330.528,0,745.686,0,9.020,1900,1508,2.120,1.240,0.640,1,0,0,0,0,11,29,0,25,0
30-06 06:56:07,16.747,6.499,74.988,0.500,0,1438752,845816,176236,5457428,8834.564,5693.075,0,1391.774,0,93.985,3837,4240,2.110,1.250,0.650,2,0,120.980,0,0,11,28,0,26,0
30-06 06:56:08,13.253,27.006,58.262,0,0,1435268,849288,176236,5457440,4302.890,1080.223,0,36.007,0,9.002,6524,5439,2.110,1.250,0.650,4,0,709.147,0,0,11,28,0,26,0
30-06 06:56:09,82.003,18.251,0,0,0,1628900,655624,176236,5457472,4096.126,1066.033,0,180.006,0,14.000,4936,2886,2.110,1.250,0.650,5,0,208.006,0,0,11,28,0,26,0
30-06 06:56:10,78.960,8.220,12.205,0,0,1756880,527596,176236,5457520,31688.684,28947.744,0,25785.352,0,141.481,6742,7661,2.110,1.250,0.650,5,0,0,0,0,11,33,0,26,0
30-06 06:56:11,73.773,10.790,14.805,0.251,0,1685036,599228,176244,5457724,27759.543,22410.785,0,36185.670,0,220.816,9923,14404,2.110,1.250,0.650,5,0,148.549,0,0,11,28,0,27,0
30-06 06:56:12,82.466,17.743,0,0,0,1658196,625972,176244,5457820,4298.253,1079.561,0,191.922,0,10.996,5127,3285,2.420,1.330,0.680,6,0,162.934,0,0,11,28,0,27,0
30-06 06:56:13,87.762,10.501,1.500,0,0,1840104,444056,176244,5457828,24362.339,22069.025,0,740.101,0,37.005,6090,5337,2.420,1.330,0.680,4,0,0,0,0,11,33,0,27,0
30-06 06:56:14,79.906,8.490,11.237,0,0,1788676,495100,176248,5458204,46158.594,39683.226,0,2165.448,0,81.903,10344,16866,2.420,1.330,0.680,5,0,83.901,0,0,11,29,0,32,0
30-06 06:56:15,44.457,11.239,43.458,0.250,0,1555504,728096,176252,5458376,8816.539,4490.690,0,587.436,0,24.976,4484,4358,2.420,1.330,0.680,2,0,213.795,0,0,11,28,0,32,0
30-06 06:56:16,34.727,4.497,59.960,0,0,1575508,708076,176260,5458384,14562.226,10764.775,0,231.844,0,6.995,2909,2705,2.420,1.330,0.680,1,0,0,0,0,11,30,0,32,0
30-06 06:56:17,50.318,18.025,31.293,0,0,1504320,779212,176268,5458428,14413.595,9694.179,0,332.452,0,31.042,6039,7037,2.630,1.390,0.700,5,0,378.515,0,0,11,28,0,34,0
30-06 06:56:18,56.050,7.507,36.282,0,0,1645872,637632,176268,5458456,17121.266,11194.982,0,152.136,0,8.007,3974,2718,2.630,1.390,0.700,5,0,0,0,0,11,31,0,34,0
30-06 06:56:19,53.742,10.249,35.745,0,0,1577496,705804,176280,5458648,24459.517,19116.278,0,411.941,0,42.994,8025,11034,2.630,1.390,0.700,5,0,214.969,0,0,11,28,0,35,0
30-06 06:56:20,85.902,13.984,0,0,0,1622860,660416,176284,5458668,5853.313,1078.768,0,279.680,0,8.990,4838,1995,2.630,1.390,0.700,4,0,42.951,0,0,11,28,0,35,0
30-06 06:56:21,57.174,5.992,35.203,0.250,0,1677548,605516,176288,5458876,37780.502,34480.912,0,1230.355,0,77.896,9078,12580,2.630,1.390,0.700,4,0,0.999,0,0,11,31,0,29,1
30-06 06:56:22,69.732,19.314,10.786,0,0,1553444,729584,176292,5458908,12826.704,7871.206,0,337.122,0,30.100,6420,16952,2.740,1.430,0.720,3,0,361.203,0,0,11,28,0,33,0
30-06 06:56:23,53.967,7.745,37.727,0,0,1645900,637104,176292,5458928,16179.082,12736.193,0,111.931,0,6.996,4188,2912,2.740,1.430,0.720,3,0,0,0,0,11,31,0,33,0
30-06 06:56:24,53.785,11.758,33.772,0.500,0,1534968,747848,176296,5459112,23031.978,18332.922,0,400.260,0,38.025,8232,10880,2.740,1.430,0.720,4,0,247.161,0,0,11,28,0,35,0
30-06 06:56:25,66.505,11.501,22.002,0,0,1597944,684840,176300,5459140,3634.297,324.026,0,156.013,0,8.001,3909,1719,2.740,1.430,0.720,3,0,52.004,0,0,11,28,0,31,0
30-06 06:56:26,44.222,5.497,49.718,0,0,1629292,653432,176308,5459192,25787.623,22603.645,0,663.579,0,27.982,6160,7441,2.740,1.430,0.720,2,0,0,0,0,11,31,0,31,0
30-06 06:56:27,61.260,15.753,22.504,0.250,0,1529916,752504,176320,5459484,10646.727,7070.147,0,272.044,0,24.004,5835,5749,2.760,1.460,0.730,3,0,287.047,0,0,11,28,0,34,0
30-06 06:56:28,56.136,6.986,36.177,0,0,1625072,657304,176352,5459496,15850.810,12784.038,0,2770.374,0,157.680,4628,3767,2.760,1.460,0.730,3,0,0,0,0,11,31,0,34,0
30-06 06:56:29,54.378,9.773,34.832,0,0,1507372,774780,176360,5459712,18201.769,15008.265,0,404.952,0,39.092,7330,8980,2.760,1.460,0.730,3,0,112.264,0,0,11,28,0,36,0
30-06 06:56:30,65.472,8.247,26.739,0,0,1653204,628940,176360,5459716,5856.526,4611.052,0,119.949,0,7.997,3763,1446,2.760,1.460,0.730,0,0,0,0,0,11,31,0,36,0
30-06 06:56:31,47.016,5.002,46.766,0.750,0,1645048,637004,176388,5459780,27705.702,22529.889,0,1100.385,0,74.026,7569,9977,2.760,1.460,0.730,3,0,1.000,0,0,11,28,0,38,0
30-06 06:56:32,67.513,27.005,5.001,0,0,1560684,721364,176388,5459784,3986.772,1026.199,0,112.022,0,19.004,5745,5249,3.020,1.540,0.760,7,0,644.125,0,0,11,28,0,38,0
30-06 06:56:33,81.738,18.747,0.250,0,0,1745392,536564,176388,5459844,6653.012,3464.485,0,0,0,0,5538,4521,3.020,1.540,0.760,8,0,395.941,0,0,11,29,0,38,0
30-06 06:56:34,81.240,16.998,1.750,0,0,1845332,436364,176392,5460084,38416.171,37782.251,0,435.945,0,28.996,7521,7903,3.020,1.540,0.760,6,0,380.952,0,0,11,33,0,38,0
30-06 06:56:35,80.024,16.255,2.501,0,0,1706192,575296,176416,5460268,33065.908,25388.607,0,572.171,0,59.018,8752,10492,3.020,1.540,0.760,7,0,269.081,0,0,11,28,0,39,0
30-06 06:56:36,84.722,14.995,0.500,0,0,1693832,587596,176416,5460324,17541.303,3603.830,0,1751.431,0,25.992,5224,2905,3.020,1.540,0.760,3,0,163.947,0,0,11,30,0,39,0
30-06 06:56:37,73.884,7.738,17.972,0,0,1781796,499436,176420,5460516,36411.679,32183.335,0,307.516,0,18.970,7320,9635,3.020,1.560,0.780,4,0,0,0,0,11,33,0,37,0
30-06 06:56:38,61.839,13.770,23.534,0,0,1541888,739268,176420,5460584,29108.044,23929.564,0,12.017,0,3.004,7771,12148,3.020,1.560,0.780,3,0,359.519,0,0,11,28,0,42,0
30-06 06:56:39,17.495,31.991,48.987,0,0,1525884,755232,176420,5460624,5258.564,1079.705,0,43.988,0,10.997,6799,6146,3.020,1.560,0.780,5,0,891.756,0,0,11,28,0,42,0
30-06 06:56:40,75.781,20.258,3.501,0,0,1606292,674760,176420,5460664,7291.937,3089.244,0,12.005,0,3.001,4972,3182,3.020,1.560,0.780,3,0,357.144,0,0,11,29,0,42,0
30-06 06:56:41,66.150,7.738,25.711,0,0,1671040,609756,176436,5460900,30742.326,26265.123,0,1186.199,0,78.880,6705,9054,3.020,1.560,0.780,2,0,0.998,0,0,11,31,0,43,0
30-06 06:56:42,73.129,17.030,9.517,0.501,0,1541876,738868,176440,5460944,11226.853,6714.875,0,452.801,0,45.080,6339,6294,3.100,1.600,0.790,4,0,268.475,0,0,11,28,0,46,0
30-06 06:56:43,74.128,9.484,15.724,0,0,1676696,604012,176444,5460976,17355.335,15204.887,0,139.769,0,6.988,4885,3366,3.100,1.600,0.790,2,0,0,0,0,11,32,0,46,0
30-06 06:56:44,53.217,6.246,39.726,0,0,1676712,603760,176444,5461212,38941.183,33735.367,0,3457.885,0,112.931,11109,16441,3.100,1.600,0.790,3,0,0,0,0,11,32,0,46,0
30-06 06:56:45,63.837,8.261,26.787,0,0,1623388,656852,176460,5461424,33492.843,27173.193,0,504.691,0,54.074,11081,16832,3.100,1.600,0.790,4,0,60.082,0,0,11,29,0,46,0
30-06 06:56:46,81.977,12.497,4.999,0,0,1609580,670624,176460,5461460,7577.895,3840.933,0,247.931,0,23.993,5039,2825,3.100,1.600,0.790,4,0,59.983,0,0,11,29,0,46,0
30-06 06:56:47,63.312,7.507,28.778,0,0,1674852,605156,176460,5461652,31456.827,28300.734,0,148.145,0,8.008,7695,9600,3.170,1.640,0.810,2,0,0,0,0,11,32,0,46,0
30-06 06:56:48,51.512,6.501,40.509,0,0,1643504,636228,176460,5461920,44041.100,38455.819,0,148.034,0,10.002,12760,20435,3.170,1.640,0.810,3,0,17.004,0,0,11,31,0,47,0
30-06 06:56:49,77.991,16.248,5.499,0,0,1536540,743160,176464,5461948,14074.436,9920.897,0,119.987,0,7.999,6331,5783,3.170,1.640,0.810,4,0,242.973,0,0,11,28,0,49,0
30-06 06:56:50,71.647,8.238,19.472,0,0,1659184,620468,176464,5461992,20174.991,16895.706,0,111.839,0,7.989,5103,4362,3.170,1.640,0.810,4,0,0,0,0,11,32,0,49,0
30-06 06:56:51,65.321,7.508,26.529,0.250,0,1618900,660504,176464,5462228,34122.099,29835.438,0,1485.615,0,14.015,9953,15011,3.170,1.640,0.810,6,0,44.048,0,0,11,30,0,51,0
30-06 06:56:52,79.823,13.470,6.486,0,0,1561088,718160,176468,5462380,12833.487,8563.973,0,351.220,0,32.927,6338,6071,3.240,1.680,0.830,4,0,84.812,0,0,11,28,0,51,0
30-06 06:56:53,70.136,8.016,21.792,0,0,1677500,601708,176472,5462412,21467.767,18359.720,0,400.780,0,47.092,5376,4909,3.240,1.680,0.830,3,0,1.002,0,0,11,32,0,51,0
30-06 06:56:54,71.794,12.508,15.509,0,0,1643808,635336,176484,5462464,22694.769,18068.963,0,224.136,0,19.012,6996,9869,3.240,1.680,0.830,3,0,121.073,0,0,11,34,0,51,0
30-06 06:56:55,68.146,8.986,22.216,0,0,1666788,612140,176488,5462672,31870.584,26907.124,0,147.776,0,7.988,6807,9803,3.240,1.680,0.830,3,0,58.911,0,0,11,34,0,53,0
30-06 06:56:56,75.368,14.272,9.515,0,0,1628768,650116,176492,5462700,17947.077,12591.699,0,128.201,0,8.013,6248,7035,3.240,1.680,0.830,3,0,170.266,0,0,11,33,0,55,0
30-06 06:56:57,75.419,7.742,16.982,0,0,1695604,583076,176500,5462864,21551.953,18053.694,0,135.855,0,8.990,5012,4581,3.220,1.700,0.840,1,0,0.999,0,0,11,35,0,56,0
30-06 06:56:58,69.503,11.001,18.751,0,0,1729556,548912,176508,5463064,23621.081,19781.905,0,104.005,0,12.001,6962,8900,3.220,1.700,0.840,3,0,68.003,0,0,11,34,0,55,0
30-06 06:56:59,61.040,11.508,27.018,0.250,0,1641656,636780,176520,5463084,17662.622,13160.659,0,380.250,0,35.023,5458,5122,3.220,1.700,0.840,3,0,138.091,0,0,11,33,0,58,0
30-06 06:57:00,55.001,12.000,32.501,0,0,1563712,714720,176528,5463080,10626.223,7367.155,0,276.006,0,24.001,4825,3883,3.220,1.700,0.840,3,0,120.003,0,0,11,33,0,59,0
30-06 06:57:01,53.095,9.924,35.728,0,0,1593228,685116,176532,5463160,15994.067,12589.026,0,416.822,0,46.644,4442,4476,3.220,1.700,0.840,2,0,96.266,0,0,11,34,0,60,0
30-06 06:57:02,56.195,8.316,35.783,0,0,1534704,743468,176532,5463340,20889.443,17783.847,0,306.427,0,13.104,6066,7803,3.120,1.710,0.850,2,0,43.343,0,0,11,34,0,59,0
30-06 06:57:03,59.745,8.749,31.747,0,0,1590300,687800,176540,5463400,13578.815,8575.252,0,215.981,0,14.999,4366,4277,3.120,1.710,0.850,4,0,42.996,0,0,11,32,0,61,0
30-06 06:57:04,37.886,6.730,53.838,0.249,0,1541864,736196,176544,5463436,19132.319,15950.911,0,215.351,0,10.967,4613,5162,3.120,1.710,0.850,2,0,85.742,0,0,11,34,0,61,0
30-06 06:57:05,35.612,9.029,55.676,0,0,1501080,776824,176548,5463584,14518.862,9359.565,0,3844.143,0,189.599,5379,6474,3.120,1.710,0.850,2,0,128.406,0,0,11,32,0,63,0
30-06 06:57:06,39.629,5.982,52.589,0,0,1560540,717344,176548,5463600,9426.175,5841.138,0,147.549,0,9.970,3105,1982,3.120,1.710,0.850,3,0,6.979,0,0,11,33,0,57,0
30-06 06:57:07,34.250,6.750,58.249,0,0,1549348,728464,176552,5463664,16148.780,12759.826,0,231.997,0,17.000,5052,5683,2.950,1.690,0.850,4,0,34.000,0,0,11,33,0,58,0
30-06 06:57:08,39.989,8.748,49.736,0.500,0.250,1537396,740396,176552,5463680,7422.982,3996.914,0,203.945,0,14.996,3891,2835,2.950,1.690,0.850,4,1,103.972,0,0,11,33,0,59,0
30-06 06:57:09,34.615,6.271,59.197,0,0,1525168,752600,176552,5463704,14137.992,10524.983,0,256.854,0,24.080,3680,3906,2.950,1.690,0.850,3,0,60.200,0,0,11,33,0,60,0
30-06 06:57:10,38.879,5.732,54.331,0,0,1532864,744748,176556,5463852,10332.922,6716.150,0,267.171,0,24.923,3992,4096,2.950,1.690,0.850,2,0,4.985,0,0,11,32,0,60,0
30-06 06:57:11,39.338,5.262,55.123,0,0,1542116,735476,176556,5463872,13131.295,10374.144,0,220.492,0,14.031,3751,3687,2.950,1.690,0.850,1,0,1.002,0,0,11,33,0,60,0
30-06 06:57:12,34.936,6.987,57.396,0,0,1503568,774000,176556,5463904,15541.721,12350.527,0,491.106,0,50.907,4911,5134,2.870,1.700,0.850,2,0,42.922,0,0,11,33,0,61,0
30-06 06:57:13,38.735,4.998,54.728,0,0,1457632,819912,176556,5463924,10730.779,7232.155,0,275.891,0,25.990,3157,2630,2.870,1.700,0.850,3,0,4.998,0,0,11,33,0,62,0
30-06 06:57:14,35.738,4.499,59.230,0.250,0,1496240,781144,176560,5464080,16232.613,12730.775,0,215.928,0,19.993,3956,4888,2.870,1.700,0.850,5,0,0,0,0,11,33,0,62,0
30-06 06:57:15,22.757,12.254,64.020,0.250,0,1419028,858268,176568,5464160,10728.301,6739.074,0,276.085,0,23.007,5414,5873,2.870,1.700,0.850,1,0,282.087,0,0,11,32,0,63,0
30-06 06:57:16,20.244,3.249,76.226,0,0,1464608,812688,176568,5464160,6703.859,3045.027,0,143.954,0,9.997,1715,1181,2.870,1.700,0.850,1,0,0,0,0,11,33,0,63,0
30-06 06:57:17,18.000,2.000,78.001,0.250,0,1456548,820712,176576,5464188,14109.164,9703.113,0,1484.017,0,50.001,3655,4584,2.800,1.710,0.860,2,0,0,0,0,11,32,0,64,0
30-06 06:57:18,14.009,15.010,70.296,0,0,1448100,829152,176576,5464196,6570.262,1146.744,0,28.018,0,7.005,4339,3188,2.800,1.710,0.860,2,0,284.184,0,0,11,32,0,57,0
30-06 06:57:19,18.718,2.995,77.865,0,0,1448572,828676,176580,5464196,8824.694,3425.059,0,1884.731,0,156.728,1773,1222,2.800,1.710,0.860,1,0,1.997,0,0,11,33,0,57,0
30-06 06:57:20,21.566,3.009,75.230,0.251,0,1400664,876552,176580,5464224,13887.464,9361.625,0,276.847,0,19.058,3552,4142,2.800,1.710,0.860,1,0,9.028,0,0,11,32,0,58,0
30-06 06:57:21,21.531,4.507,73.356,0,0,1446124,831092,176580,5464224,4383.344,1081.565,0,4.006,0,1.001,2212,1635,2.800,1.710,0.860,1,0,38.055,0,0,11,32,0,58,0
30-06 06:57:22,19.989,3.748,75.208,0,0,1451444,825628,176580,5466972,13119.652,9326.777,0,151.915,0,6.996,3121,5123,2.660,1.690,0.860,3,0,33.981,0,0,11,33,0,54,0
30-06 06:57:23,19.254,8.252,70.516,0.500,0,1376748,900156,176644,5464468,10622.373,6859.532,0,1996.446,0,128.029,5388,8641,2.660,1.690,0.860,1,0,150.034,0,0,11,32,0,55,0
30-06 06:57:24,18.003,20.754,59.760,0.250,0,1398432,878336,176692,5464556,4540.771,1080.183,0,364.062,0,26.004,6019,4856,2.660,1.690,0.860,2,0,478.081,0,0,11,32,0,57,0
30-06 06:57:25,44.134,6.483,48.872,0,0,1514268,761592,176736,5465420,4288.752,1077.175,0,0,0,0,2802,1433,2.660,1.690,0.860,2,0,0,0,0,11,32,0,57,0
30-06 06:57:26,38.349,5.264,45.618,9.775,0,1553940,715684,177408,5470412,4628.988,1082.804,0,25024.809,0,2133.525,10820,19388,2.660,1.690,0.860,1,1,92.239,0,0,11,36,0,54,0
30-06 06:57:27,34.987,8.997,39.986,13.745,0,1580284,685216,178212,5473532,4478.385,1079.611,0,51845.304,0,4172.495,15512,30761,2.610,1.700,0.870,1,1,75.973,0,0,11,36,0,54,0
30-06 06:57:28,43.246,6.749,45.996,3.250,0,1563420,702744,178324,5472744,4839.602,1079.911,0,14446.811,0,1126.907,6297,9222,2.610,1.700,0.870,2,0,9.999,0,0,11,32,0,54,0
30-06 06:57:29,42.241,6.999,46.740,2.999,0,1557204,708748,178416,5472864,4631.057,971.802,0,6590.658,0,835.830,6856,9563,2.610,1.700,0.870,1,1,2.000,0,0,11,34,0,54,0
30-06 06:57:30,38.423,7.236,43.663,8.483,0,1567048,698164,178776,5473236,4285.436,592.815,0,17497.032,0,2427.149,13950,23718,2.610,1.700,0.870,2,0,1.996,0,0,11,34,0,49,0
30-06 06:57:31,25.994,7.248,65.986,0.250,0,1450264,814904,178776,5473280,4288.091,971.794,0,1551.671,0,80.983,3026,2368,2.610,1.700,0.870,1,0,99.979,0,0,11,32,0,49,0
30-06 06:57:32,21.747,4.499,72.239,1.250,0,1497064,768032,178840,5473284,4225.373,1025.848,0,6866.981,0,363.946,2650,2883,2.480,1.690,0.870,1,0,2.000,0,0,11,32,0,49,0
30-06 06:57:33,23.966,3.495,72.647,0,0,1406984,858076,178840,5473308,4473.650,1078.469,0,107.847,0,11.983,1915,1323,2.480,1.690,0.870,1,0,0.999,0,0,11,32,0,49,0
30-06 06:57:34,22.282,3.755,73.354,0,0,1486616,778444,178840,5473308,3755.322,811.149,0,0,0,0,1857,1220,2.480,1.690,0.870,1,0,2.003,0,0,11,32,0,47,0
30-06 06:57:35,22.306,3.509,73.935,0,0,1475564,789484,178840,5473320,3801.491,703.757,0,854.133,0,126.315,1863,1245,2.480,1.690,0.870,1,0,1.003,0,0,11,32,0,47,0
30-06 06:57:36,22.421,2.989,73.740,0,0,1534072,730976,178840,5473320,4527.012,1022.389,0,0,0,0,1832,1205,2.480,1.690,0.870,2,0,1.993,0,0,11,32,0,47,0
30-06 06:57:37,23.013,3.252,73.290,0,0,1506280,758764,178848,5473312,3942.144,1080.588,0,88.048,0,2.001,1761,1141,2.360,1.680,0.870,1,0,1.001,0,0,11,32,0,47,0
30-06 06:57:38,22.248,3.750,73.743,0,0,1515144,749808,178848,5473396,4405.556,1025.897,0,0,0,0,1854,1300,2.360,1.680,0.870,1,0,2.000,0,0,11,32,0,47,0
30-06 06:57:39,23.254,4.251,72.013,0,0,1531732,733192,178848,5473396,5977.084,1068.194,0,192.035,0,2.000,1882,1049,2.360,1.680,0.870,1,0,6.001,0,0,11,32,0,41,0
30-06 06:57:40,22.763,3.752,72.292,0,0,1489952,774820,178860,5473536,6089.517,1026.593,0,560.324,0,33.019,2044,1659,2.360,1.680,0.870,1,0,1.001,0,0,11,32,0,41,0
30-06 06:57:41,22.749,3.750,73.497,0.250,0,1464448,800324,178860,5473536,5276.764,1079.952,0,19.999,0,5.000,1948,1386,2.360,1.680,0.870,1,0,2.000,0,0,11,32,0,41,0
30-06 06:57:42,22.501,3.500,73.503,0,0,1525924,738836,178860,5473548,4586.161,1026.036,0,0,0,0,1799,1182,2.250,1.660,0.870,1,0,2.000,0,0,11,32,0,41,0
30-06 06:57:43,23.001,3.250,73.252,0,0,1469720,795020,178864,5473564,4540.105,1080.025,0,1840.042,0,209.005,1866,1327,2.250,1.660,0.870,1,0,1.000,0,0,11,32,0,37,0
30-06 06:57:44,22.744,2.999,73.482,0,0,1471408,793280,178868,5473608,4368.913,1121.721,0,0,0,0,1736,1153,2.250,1.660,0.870,2,0,1.000,0,0,11,32,0,37,0
30-06 06:57:45,22.508,3.751,73.776,0,0,1540960,723728,178868,5473608,4661.647,1080.382,0,0,0,0,1774,1223,2.250,1.660,0.870,1,0,2.001,0,0,11,32,0,37,0
30-06 06:57:46,17.259,9.255,72.287,0,0,1495072,769452,178876,5473756,4739.451,1080.559,0,136.070,0,3.002,3314,2306,2.250,1.660,0.870,1,0,145.075,0,0,11,32,0,37,0
30-06 06:57:47,8.514,21.785,68.611,0,0,1461360,803132,178880,5473784,3886.313,1081.757,0,973.582,0,12.020,6214,4946,2.150,1.650,0.870,2,0,510.830,0,0,11,32,0,37,0
30-06 06:57:48,7.504,21.761,69.286,0,0,1465672,798756,178880,5473832,4538.370,1026.536,0,408.213,0,9.005,6187,4945,2.150,1.650,0.870,1,0,484.253,0,0,11,32,0,37,0
30-06 06:57:49,13.964,13.216,71.563,0,0,1451920,812468,178880,5473848,4109.291,1077.193,0,0,0,0,4104,3101,2.150,1.650,0.870,1,0,230.400,0,0,11,32,0,37,0
30-06 06:57:50,22.249,3.500,72.997,0.250,0,1491492,772920,178888,5473832,4179.828,1079.956,0,611.975,0,35.999,2075,1743,2.150,1.650,0.870,1,0,2.000,0,0,11,32,0,37,0
30-06 06:57:51,23.251,3.000,73.502,0,0,1472572,791824,178888,5473848,4063.138,1026.035,0,552.019,0,99.003,1877,1297,2.150,1.650,0.870,1,0,2.000,0,0,11,32,0,33,0
30-06 06:57:52,23.000,3.000,73.751,0,0,1526960,737452,178888,5473828,3672.067,972.018,0,0,0,0,1774,1135,2.060,1.640,0.870,1,0,2.000,0,0,11,32,0,33,0
30-06 06:57:53,22.750,3.250,73.751,0,0,1483000,781400,178888,5473848,3334.023,594.004,0,28.000,0,3.000,1776,1178,2.060,1.640,0.870,1,0,1.000,0,0,11,32,0,33,0
30-06 06:57:54,22.000,4.000,73.750,0,0,1516024,748388,178888,5473836,3926.011,1026.003,0,0,0,0,1756,1190,2.060,1.640,0.870,1,0,2.000,0,0,11,32,0,33,0
30-06 06:57:55,22.000,3.500,73.500,0,0,1487388,777012,178888,5473848,4406.002,1026.000,0,12.000,0,1.000,1763,1207,2.060,1.640,0.870,2,0,1.000,0,0,11,32,0,29,0
30-06 06:57:56,23.000,3.000,73.751,0.250,0,1517072,747344,178892,5473828,3841.071,594.011,0,176.003,0,30.001,1790,1193,2.060,1.640,0.870,2,0,2.000,0,0,11,32,0,29,0
30-06 06:57:57,23.251,3.250,74.005,0,0,1484892,779500,178892,5473852,3576.218,486.030,0,24.001,0,1.000,1662,997,1.970,1.630,0.870,2,0,1.000,0,0,11,32,0,29,0
30-06 06:57:58,22.997,3.000,73.240,0,0,1507520,756884,178892,5473840,3469.511,539.924,0,2107.703,0,9.999,1748,1214,1.970,1.630,0.870,1,0,0,0,0,11,32,0,29,0
30-06 06:57:59,22.748,3.250,73.742,0,0,1508168,756236,178892,5473840,4017.578,917.904,0,19.998,0,3.000,1684,1017,1.970,1.630,0.870,1,0,2.000,0,0,11,32,0,21,0
30-06 06:58:00,21.754,4.251,73.012,0,0,1513548,750836,178892,5473860,4900.832,1080.183,0,476.081,0,27.005,1995,1671,1.970,1.630,0.870,1,0,1.000,0,0,11,32,0,21,0
30-06 06:58:01,23.251,3.250,74.004,0,0,1534220,730192,178892,5473832,4663.265,1026.058,0,48.003,0,5.000,1797,1150,1.970,1.630,0.870,2,0,3.000,0,0,11,32,0,21,0
30-06 06:58:02,21.727,3.247,73.172,0,0.250,1483336,781048,178892,5473860,4641.072,1024.912,0,123.868,0,27.970,1843,1278,1.890,1.620,0.870,2,0,0.999,0,0,11,32,0,21,0
30-06 06:58:03,22.764,3.502,73.794,0,0,1513732,750736,178892,5473776,4542.735,1080.651,0,56.034,0,1.001,1784,1172,1.890,1.620,0.870,1,0,2.001,0,0,11,32,0,16,0
30-06 06:58:04,23.054,3.007,73.924,0,0,1496004,768376,178892,5473864,5633.265,1082.549,0,88.208,0,1.002,1697,1029,1.890,1.620,0.870,2,0,1.002,0,0,11,32,0,16,0
30-06 06:58:05,22.206,3.493,73.605,0,0,1512604,751788,178892,5473852,5259.640,1077.877,0,15.969,0,1.996,1788,1273,1.890,1.620,0.870,2,0,0.998,0,0,11,32,0,16,0
30-06 06:58:06,22.001,4.000,73.503,0,0,1518528,745872,178892,5473844,5203.246,1026.048,0,76.004,0,2.000,1753,1145,1.890,1.620,0.870,2,0,2.000,0,0,11,32,0,16,0
30-06 06:58:07,23.000,3.000,73.999,0,0,1501876,762504,178892,5473864,3999.957,1079.988,0,20.000,0,1.000,1719,1128,1.820,1.610,0.870,2,0,1.000,0,0,11,32,0,12,0
30-06 06:58:08,22.748,3.250,73.744,0,0,1524756,739648,178892,5473840,3819.680,1079.910,0,83.993,0,3.000,1740,1225,1.820,1.610,0.870,2,0,0,0,0,11,32,0,12,0
30-06 06:58:09,22.253,3.250,73.510,0,0,1504424,759956,178892,5473864,3750.501,1120.150,0,0,0,0,1785,1252,1.820,1.610,0.870,2,0,1.000,0,0,11,32,0,12,0
30-06 06:58:10,22.996,3.249,72.988,0.250,0,1533636,730748,178892,5473860,3579.423,1079.826,0,563.909,0,33.995,1909,1575,1.820,1.610,0.870,2,0,2.000,0,0,11,32,0,12,0
30-06 06:58:11,11.031,19.555,69.694,0,0,1497620,766700,178892,5473924,4268.900,1083.019,0,264.738,0,15.042,5582,4462,1.820,1.610,0.870,1,0,462.289,0,0,11,32,0,9,0
30-06 06:58:12,21.490,3.498,73.714,0,0,1513444,750876,178892,5473924,3346.368,647.684,0,143.930,0,30.985,1725,1235,1.760,1.600,0.880,1,0,0,0,0,11,32,0,9,0
30-06 06:58:13,23.505,2.000,73.765,0,0,1498848,765180,178892,5474180,3584.740,864.178,0,20.004,0,1.000,1793,1093,1.760,1.600,0.880,2,0,9.002,0,0,11,32,0,9,0
30-06 06:58:14,22.495,3.499,73.985,0,0,1497404,766624,178892,5474180,4299.104,1079.775,0,0,0,0,1760,1203,1.760,1.600,0.880,2,0,0,0,0,11,32,0,9,0
30-06 06:58:15,17.003,11.752,70.014,0,0,1480484,783392,178892,5474312,4406.882,1026.205,40.008,84.017,2.000,3.001,4106,3347,1.760,1.600,0.880,2,0,339.068,0,0,11,32,0,5,0
30-06 06:58:16,8.732,21.954,68.358,0,0,1474424,789392,178892,5474356,4016.670,646.659,0,375.222,0,7.983,6424,5217,1.760,1.600,0.880,1,0,544.870,0,0,11,32,0,5,0
30-06 06:58:17,8.012,22.783,68.349,0,0,1462872,800916,178892,5474384,4274.205,919.335,0,184.268,0,4.006,6122,4692,1.700,1.590,0.880,1,0,482.701,0,0,11,32,0,5,0
30-06 06:58:18,8.256,22.516,68.549,0,0,1454876,808876,178892,5474416,5109.633,1026.730,0,1785.269,0,95.068,6482,5184,1.700,1.590,0.880,1,0,565.402,0,0,11,32,0,5,0
30-06 06:58:19,8.233,21.457,68.113,0,0.249,1448792,814928,178892,5474440,5151.661,700.594,0,1053.885,0,11.976,6041,4587,1.700,1.590,0.880,1,0,471.055,0,0,11,32,0,4,0
30-06 06:58:20,8.515,21.036,69.370,0.250,0,1441636,822036,178904,5474472,4417.619,811.399,0,1234.129,0,39.067,6211,4976,1.700,1.590,0.880,0,0,448.774,0,0,11,32,0,4,0
30-06 06:58:21,8.477,20.694,69.312,0,0,1425692,837952,178904,5474500,4973.489,1077.074,0,259.296,0,10.970,5894,4379,1.700,1.590,0.880,1,0,412.878,0,0,11,32,0,4,0
30-06 06:58:22,8.771,21.801,68.661,0,0,1402180,861420,178904,5474540,4282.027,974.281,0,244.573,0,13.031,6321,4989,1.640,1.580,0.880,1,0,530.242,0,0,11,32,0,4,0
30-06 06:58:23,13.709,21.436,62.813,0.249,0,1341320,922236,178928,5474208,4672.109,1076.799,0,2101.751,0,99.704,6579,14808,1.640,1.580,0.880,1,0,420.749,0,0,11,32,0,5,0
30-06 06:58:24,23.346,29.622,46.191,0,0,1404100,859392,178940,5474612,4707.424,1084.475,0,1341.536,0,172.713,7009,6030,1.640,1.580,0.880,3,0,687.838,0,0,11,34,0,5,0
30-06 06:58:25,60.336,16.455,21.940,0.249,0,1581996,680756,178964,5475296,4743.090,1077.068,0,937.448,0,49.864,4574,3289,1.640,1.580,0.880,4,0,215.414,0,0,11,32,0,9,0
30-06 06:58:26,54.592,11.269,25.042,8.765,0,1669272,585304,179432,5482240,4865.174,1081.818,372.626,32674.900,3.005,2245.773,10711,18199,1.640,1.580,0.880,5,0,58.098,0,0,11,38,0,9,0
30-06 06:58:27,36.495,11.498,34.495,14.748,0,1650508,594184,180172,5490736,4299.359,1079.839,0,60395.002,0,4447.337,19659,35378,1.830,1.620,0.890,5,1,153.977,0,0,11,36,0,10,0
30-06 06:58:28,36.021,8.755,36.772,15.509,0,1666456,568772,180516,5499512,9876.872,6115.636,0,58570.823,0,4373.600,18162,34839,1.830,1.620,0.890,3,0,69.041,0,0,11,37,0,8,0
30-06 06:58:29,44.746,9.249,30.997,12.999,0,1644580,581884,180836,5507584,9065.243,5325.555,0,77657.515,0,6014.498,19351,39472,1.830,1.620,0.890,4,1,50.996,0,0,11,36,0,9,0
30-06 06:58:30,37.744,23.246,29.245,8.999,0,1620116,600384,181208,5513332,4465.266,1025.831,295.951,28411.330,3.999,2350.614,14882,24488,1.830,1.620,0.890,3,0,379.938,0,0,11,34,0,9,0
30-06 06:58:31,41.496,18.498,26.497,10.749,0,1655352,558616,181608,5518832,11030.879,7778.209,931.905,63138.582,14.998,4315.561,18058,35764,1.830,1.620,0.890,4,2,170.983,0,0,11,35,0,9,0
30-06 06:58:32,29.758,10.753,45.762,10.503,0,1653208,557044,181768,5522272,16289.363,11803.161,668.179,35209.431,12.003,3043.815,17334,32058,1.920,1.640,0.910,6,1,148.040,0,0,11,35,0,9,0
30-06 06:58:33,32.014,10.255,42.519,13.006,0,1611560,595032,181872,5525704,6578.896,3323.463,0,49229.673,0,4016.768,17164,31802,1.920,1.640,0.910,3,0,81.036,0,0,11,34,0,9,0
30-06 06:58:34,31.495,7.499,44.744,12.748,0,1640100,565956,182040,5526072,6897.000,5871.149,0,44649.525,0,3908.433,15458,28613,1.920,1.640,0.910,1,1,23.997,0,0,11,35,0,9,0
30-06 06:58:35,30.498,7.250,45.998,12.749,0,1634788,570036,182380,5526932,14952.262,8355.587,0,58021.134,0,4798.763,19343,37700,1.920,1.640,0.910,1,1,35.998,0,0,11,35,0,9,0
30-06 06:58:36,32.263,6.753,49.019,9.254,0,1529152,674080,182476,5528388,13713.439,9240.665,0,26346.450,0,2444.970,13603,24438,1.920,1.640,0.910,2,0,75.030,0,0,11,34,0,10,0
30-06 06:58:37,40.743,10.248,36.494,9.498,0,1582628,618136,182568,5530708,4585.225,1025.827,0,51787.251,0,4223.286,15762,31707,2.010,1.670,0.920,2,1,76.987,0,0,11,36,0,10,0
30-06 06:58:38,30.223,7.493,46.459,12.989,0,1599952,597528,182616,5533852,12842.695,9210.892,0,53029.318,0,4311.205,17795,33935,2.010,1.670,0.920,2,0,53.953,0,0,11,37,0,10,0
30-06 06:58:39,28.865,7.714,48.524,11.198,0,1597600,596548,182752,5536900,17130.159,12145.392,0,61031.541,0,4782.708,21017,40320,2.010,1.670,0.920,1,1,56.736,0,0,11,36,0,10,0
30-06 06:58:40,35.442,11.060,40.218,11.311,0,1568524,622028,182832,5540304,5139.842,977.294,0,45474.331,0,3897.110,16650,31660,2.010,1.670,0.920,2,1,132.719,0,0,11,36,0,10,0
30-06 06:58:41,33.492,7.998,43.990,10.498,0.250,1602880,586328,182876,5541556,10731.455,6152.541,0,56422.619,0,4658.895,17256,34040,2.010,1.670,0.920,1,1,39.991,0,0,11,37,0,10,0
30-06 06:58:42,28.984,8.245,48.223,11.244,0,1603824,589528,182908,5537416,15810.019,12114.119,0,50371.387,0,4239.592,19273,37705,2.090,1.690,0.930,3,0,16.990,0,0,11,37,0,10,0
30-06 06:58:43,35.179,7.984,45.907,8.483,0,1565700,626180,182928,5538868,7924.012,5001.908,0,31456.533,0,2723.505,12840,23344,2.090,1.690,0.930,3,0,81.835,0,0,11,34,0,12,0
30-06 06:58:44,28.991,13.745,54.232,1.500,0,1459252,732596,182936,5538916,6497.872,3429.877,0,12803.807,0,794.740,5392,5636,2.090,1.690,0.930,1,0,211.931,0,0,11,33,0,12,0
30-06 06:58:45,20.026,4.005,74.347,0.501,0,1428336,763484,182936,5538944,11317.807,7558.889,0,2303.013,0,131.172,3690,4336,2.090,1.690,0.930,2,0,24.031,0,0,11,32,0,13,0
30-06 06:58:46,20.973,5.243,73.406,0,0,1485580,706236,182940,5538944,4491.234,1078.615,0,962.764,0,50.935,1965,1443,2.090,1.690,0.930,1,0,9.987,0,0,11,32,0,13,0
30-06 06:58:47,16.246,2.499,80.232,0.500,0,1496404,695148,182940,5539208,10960.577,7680.302,0,631.860,0,45.990,2375,2532,2,1.680,0.930,1,0,0,0,0,11,32,0,14,0
30-06 06:58:48,19.759,7.753,70.531,0.750,0,1505556,685980,182952,5539212,4491.947,1080.468,0,7339.182,0,385.167,3220,3293,2,1.680,0.930,2,0,60.026,0,0,11,32,0,14,0
30-06 06:58:49,19.448,2.493,76.795,0.249,0,1533468,658064,182952,5539216,9474.648,6198.414,0,905.577,0,49.867,2007,1766,2,1.680,0.930,2,0,0,0,0,11,33,0,14,0
30-06 06:58:50,18.802,4.513,75.460,0.251,0,1494752,696668,182952,5539328,9833.363,6435.909,0,1993.547,0,90.251,3739,4210,2,1.680,0.930,2,0,43.120,0,0,11,32,0,15,0
30-06 06:58:51,22.795,2.755,74.395,0,0,1507280,684132,182952,5539336,4898.568,1836.587,0,100.196,0,10.020,1748,1444,2,1.680,0.930,4,0,1.002,0,0,11,33,0,15,0
30-06 06:58:52,14.760,2.001,81.807,0.250,0,1496196,695068,182952,5539484,13592.545,10232.185,0,136.096,0,9.006,3006,3608,1.920,1.660,0.930,2,0,0,0,0,11,33,0,15,0
30-06 06:58:53,13.003,15.753,70.015,0,0,1450596,740508,182952,5539644,4704.977,1994.414,0,216.045,0,20.004,5324,4436,1.920,1.660,0.930,1,0,363.075,0,0,11,32,0,16,0
30-06 06:58:54,31.920,21.446,45.386,0.499,0.249,1489732,701164,182968,5539836,4119.641,1077.291,0,1097.241,0,106.732,6104,5049,1.920,1.660,0.930,3,0,432.911,0,0,11,32,0,22,0
30-06 06:58:55,64.243,11.499,24.497,0,0,1644152,545180,183028,5541168,4303.546,863.909,0,439.954,0,25.997,3820,1734,1.920,1.660,0.930,3,0,3.000,0,0,11,32,0,22,0
30-06 06:58:56,66.992,8.499,23.997,0.250,0,1818228,367968,183128,5543944,3354.579,107.986,0,4987.375,0,145.982,4066,1832,1.920,1.660,0.930,3,0,0,0,0,11,32,0,22,0
30-06 06:58:57,45.554,6.257,36.793,9.761,0,1825124,350336,183284,5553916,4064.782,1081.272,0,34424.495,0,2660.129,13928,23383,2.170,1.720,0.950,2,1,144.170,0,0,11,38,0,22,0
30-06 06:58:58,24.042,8.515,48.335,15.778,0,1821012,343812,183400,5564020,4049.121,973.712,0,102287.883,0,7154.582,25273,51998,2.170,1.720,0.950,7,0,237.418,0,0,11,38,0,22,0
30-06 06:58:59,25.252,7.751,46.753,16.751,0,1817208,339528,183456,5571796,4720.311,1080.071,0,88653.840,0,6402.422,23142,45042,2.170,1.720,0.950,5,0,150.010,0,0,11,38,0,22,0
30-06 06:59:00,37.965,10.241,34.219,15.486,0,1735908,410372,183536,5581820,5015.421,1079.015,0,58206.855,0,4576.821,19460,35876,2.170,1.720,0.950,1,1,227.792,0,0,11,36,0,22,0
30-06 06:59:01,44.289,9.008,31.027,13.762,0,1803028,335808,183604,5588940,5193.572,972.856,0,75078.096,0,5319.683,19276,36702,2.170,1.720,0.950,4,0,68.060,0,0,11,36,0,22,0
30-06 06:59:02,38.001,9.250,36.001,15.000,0,1832848,294228,183636,5600212,4240.104,1080.026,0,91498.235,0,5991.146,20047,39970,2.390,1.780,0.970,2,1,14.000,0,0,11,38,0,22,0
30-06 06:59:03,25.966,9.488,46.690,15.480,0,1759168,364316,183644,5603680,4506.177,970.746,0,66286.338,0,5375.054,20271,39017,2.390,1.780,0.970,2,0,161.791,0,0,11,36,0,22,0
30-06 06:59:04,36.546,10.013,45.308,7.009,0,1529980,592400,183644,5604752,5026.380,1081.373,0,23926.369,0,1893.403,10065,15962,2.390,1.780,0.970,3,0,260.330,0,0,11,32,0,22,0
30-06 06:59:05,20.975,4.495,72.415,0.999,0,1521216,601128,183648,5604784,4888.289,593.307,0,6408.513,0,344.597,2713,2976,2.390,1.780,0.970,1,0,34.959,0,0,11,32,0,22,0
30-06 06:59:06,22.183,4.487,72.033,0.748,0,1572448,549888,183648,5604784,5099.671,915.249,0,4330.981,0,253.239,2387,2456,2.390,1.780,0.970,2,0,1.994,0,0,11,32,0,22,0
30-06 06:59:07,24.276,1.251,72.827,0,0,1584440,537888,183648,5604792,4724.967,1081.136,0,176.185,0,16.017,2181,1824,2.280,1.760,0.970,1,0,0,0,0,11,34,0,22,0
30-06 06:59:08,21.248,5.249,73.242,0,0,1538372,583956,183648,5604792,4779.477,1079.882,0,0,0,0,2170,1432,2.280,1.760,0.970,1,0,27.997,0,0,11,32,0,22,0
30-06 06:59:09,22.506,3.251,73.769,0,0,1585000,537328,183648,5604792,4665.174,1174.295,0,40.010,0,4.001,1791,1204,2.280,1.760,0.970,1,0,0,0,0,11,32,0,22,0
30-06 06:59:10,20.058,10.029,67.948,0.752,0,1518956,603340,183652,5604820,4432.887,1083.149,0,7449.656,0,382.111,4062,4232,2.280,1.760,0.970,3,0,210.612,0,0,11,32,0,22,0
30-06 06:59:11,13.241,36.475,49.216,0.500,0,1497968,624252,183652,5604876,5045.524,1025.294,0,4580.844,0,303.791,8625,8504,2.280,1.760,0.970,1,0,1135.218,0,0,11,32,0,22,0
30-06 06:59:12,7.743,22.229,68.184,0.250,0,1471820,650320,183652,5604952,4261.889,1078.959,0,555.464,0,30.970,6061,4466,2.180,1.750,0.980,1,0,478.538,0,0,11,32,0,22,0
30-06 06:59:13,8.505,20.012,69.292,0,0,1450932,671028,183652,5605112,4314.632,1026.626,0,212.129,0,17.010,5794,4432,2.180,1.750,0.980,1,0,368.225,0,0,11,32,0,22,0
30-06 06:59:14,12.750,20.000,66.749,0,0,1448936,672980,183652,5605500,4505.949,1079.988,0,99.999,0,12.000,6273,6231,2.180,1.750,0.980,1,0,355.996,0,0,11,32,0,22,0
30-06 06:59:15,32.930,14.220,52.139,0,0,1470076,651644,183660,5605664,4530.364,1077.708,0,39.915,0,0.998,5158,5440,2.180,1.750,0.980,2,0,190.595,0,0,11,33,0,22,0
30-06 06:59:16,46.009,5.751,48.510,0,0,1597144,524636,183660,5605720,5098.000,1080.212,0,1324.260,0,195.038,2911,1377,2.180,1.750,0.980,2,0,0,0,0,11,33,0,22,0
30-06 06:59:17,48.991,5.749,44.741,0.250,0,1636616,484556,183704,5606204,4659.099,1079.791,0,1175.773,0,106.979,3900,3092,2.160,1.750,0.980,3,0,18.996,0,0,11,49,0,22,0
30-06 06:59:18,31.772,11.008,55.539,0,0,1676556,440624,183732,5609788,5517.848,972.678,0,824.575,0,87.061,5201,7459,2.160,1.750,0.980,1,0,159.111,0,0,11,48,0,23,0
30-06 06:59:19,16.490,16.990,65.210,0.250,0,1681940,435144,183736,5610240,5436.664,1079.338,0,363.777,0,12.992,6714,7777,2.160,1.750,0.980,1,0,303.814,0,0,11,48,0,23,0
30-06 06:59:20,3.499,2.749,92.976,0.250,0,1666412,450660,183736,5609824,5688.559,1079.726,0,407.897,0,31.992,1495,1911,2.160,1.750,0.980,0,0,27.993,0,0,11,48,0,23,0
30-06 06:59:21,0.750,1.250,97.751,0,0,1672340,444732,183736,5609824,4299.022,972.005,0,0,0,0,795,1011,2.160,1.750,0.980,0,0,4.000,0,0,11,48,0,23,0
30-06 06:59:22,0,0.750,98.246,0,0,1670472,446600,183736,5609824,4239.837,1079.958,0,35.999,0,4.000,751,920,1.990,1.720,0.980,0,0,3.000,0,0,11,48,0,23,0
30-06 06:59:23,6.750,3.500,89.749,0,0,1656076,460996,183736,5609824,3981.975,971.994,0,4.000,0,1.000,1901,7758,1.990,1.720,0.980,0,0,37.000,0,0,11,48,0,24,0
30-06 06:59:24,9.509,10.260,79.079,0,0,1625964,490976,183736,5610304,4007.990,864.861,0,0,0,0,4447,5225,1.990,1.720,0.980,1,0,198.197,0,0,11,48,0,24,0
30-06 06:59:25,15.748,12.498,70.240,0,0,1638964,478004,183736,5609956,3979.427,539.922,0,979.859,0,73.989,4986,6263,1.990,1.720,0.980,1,0,238.966,0,0,11,48,0,17,0
30-06 06:59:26,14.237,20.731,64.442,0,0,1683008,433880,183736,5610464,4520.917,939.152,0,0,0,0,6634,7192,1.990,1.720,0.980,1,0,365.670,0,0,12,48,0,17,0
30-06 06:59:27,25.764,13.007,59.033,0.500,0,1671692,445220,183736,5610008,4348.430,1026.574,0,5475.060,0,413.231,5676,6818,1.910,1.710,0.980,0,0,256.143,0,0,12,64,0,17,0
30-06 06:59:28,4.261,8.774,85.730,0,0,1673280,443604,183736,5610384,4538.157,1028.756,0,0,0,0,2943,2445,1.910,1.710,0.980,2,0,148.398,0,0,14,64,0,17,0
30-06 06:59:29,18.002,13.001,67.258,0,0,1670100,446696,183736,5610060,4060.462,1080.123,0,36.004,0,8.001,6218,7976,1.910,1.710,0.980,2,0,214.024,0,0,14,66,0,16,0
30-06 06:59:30,8.752,20.754,69.513,0.250,0,1660544,456052,183736,5610232,4610.888,1080.208,0,2564.494,0,52.010,6163,5014,1.910,1.710,0.980,2,0,423.081,0,0,14,66,0,16,0
30-06 06:59:31,14.180,17.663,66.423,0,0,1656888,459680,183736,5610600,5655.188,1146.362,0,107.471,0,13.931,6073,5955,1.910,1.710,0.980,3,0,284.600,0,0,14,66,0,16,0
30-06 06:59:32,26.372,21.349,51.990,0,0,1714520,402036,183748,5610276,4741.891,1085.009,0,120.557,0,5.023,6559,6312,1.920,1.720,0.980,2,0,434.004,0,0,14,66,0,16,0
30-06 06:59:33,29.004,24.754,45.757,0,0,1784848,331648,183772,5610308,4960.716,1080.156,0,280.040,0,5.001,6853,5573,1.920,1.720,0.980,2,0,607.088,0,0,14,66,0,15,0
30-06 06:59:34,31.108,23.642,43.054,0,0,1858992,255864,183824,5611780,4746.391,1021.350,0,43.801,0,10.950,7119,8807,1.920,1.720,0.980,2,0,519.634,0,0,14,70,0,17,0
30-06 06:59:35,45.574,20.283,34.055,0,0,1939264,175528,183824,5612160,5148.364,1081.757,0,276.449,0,10.016,6135,7299,1.920,1.720,0.980,6,0,272.443,0,0,14,70,0,17,0
30-06 06:59:36,67.267,27.007,5.501,0,0,2059808,190876,174208,5488772,5348.374,1170.301,52.013,1932.496,11.003,14.004,6102,6575,1.920,1.720,0.980,3,0,520.134,0,0,14,70,0,17,0
30-06 06:59:37,66.172,19.727,12.735,0.250,0,2149664,163792,173676,5427908,4245.013,1078.733,479.437,1018.803,44.947,17.979,6277,7020,2.250,1.790,1.010,5,0,339.601,0,0,14,70,0,16,0
30-06 06:59:38,73.888,23.544,2.004,1.002,0,2270264,140428,175168,5331472,4608.587,1082.016,3157.884,1747.256,168.314,122.228,6142,7198,2.250,1.790,1.010,4,0,373.696,0,0,14,70,0,16,0
30-06 06:59:39,74.652,22.295,2.255,0.752,0,2446356,120168,174352,5179680,5002.171,1016.066,272.554,6184.575,15.031,449.915,8638,10978,2.250,1.790,1.010,5,1,324.660,0,0,14,74,0,16,0
30-06 06:59:40,64.399,25.460,6.739,2.246,0,2546956,210444,174084,4994092,6449.855,1078.304,870.631,28039.896,31.950,2024.815,15059,27110,2.250,1.790,1.010,4,1,409.356,0,0,14,76,0,16,0
30-06 06:59:41,68.664,19.476,9.738,1.248,0,2642408,183704,174192,4925996,5206.501,1024.721,595.257,9763.812,13.983,935.832,11008,18383,2.250,1.790,1.010,6,0,247.691,0,0,14,80,0,21,0
30-06 06:59:42,76.187,20.801,2.256,0,0,2756744,137500,174204,4859332,4657.402,1028.518,36.088,9395.001,6.015,597.463,8576,13749,2.470,1.840,1.030,5,0,445.090,0,0,14,91,0,29,0
30-06 06:59:43,43.628,22.188,33.905,0,0,2802916,159444,174204,4792804,4096.516,1023.132,3.989,1372.153,0.997,76.785,8618,11105,2.470,1.840,1.030,1,0,415.834,0,0,14,89,0,32,0
30-06 06:59:44,57.211,15.489,26.482,0.250,0,2915568,183992,174208,4659032,4343.010,1025.294,3181.810,1003.309,34.976,49.966,6739,9569,2.470,1.840,1.030,3,0,193.867,0,0,14,90,0,33,0
30-06 06:59:45,46.074,8.764,43.570,0.501,0,3022224,145020,174232,4593164,4917.881,1151.846,8.013,5989.598,2.003,309.496,4616,5885,2.470,1.840,1.030,4,1,40.064,0,0,14,97,0,33,0
30-06 06:59:46,9.005,19.010,70.788,0,0.250,3036520,130680,174232,4593192,4841.630,1104.600,0,740.402,0,43.023,5690,4472,2.470,1.840,1.030,1,0,342.186,0,0,14,97,0,33,0
30-06 06:59:47,7.741,18.978,70.919,0.250,0,3038092,129072,174232,4593228,4055.380,1078.771,3.995,163.813,0.999,17.980,5659,4312,2.270,1.810,1.030,1,0,341.611,0,0,14,97,0,33,0
30-06 06:59:48,10.492,17.487,70.696,0,0,3045320,187932,174232,4528228,3982.962,1025.218,0,35.973,0,3.997,4833,3534,2.270,1.810,1.030,1,0,274.790,0,0,14,97,0,33,0
30-06 06:59:49,20.498,3.000,75.494,0,0,3113600,119640,174240,4528232,5654.551,2991.763,7.999,0,2.000,0,1755,1179,2.270,1.810,1.030,0,0,0,0,0,14,98,0,33,0
30-06 06:59:50,20.254,3.001,76.266,0,0,3113576,119640,174244,4528252,26351.375,22552.600,48.010,436.089,6.001,30.006,2817,2841,2.270,1.810,1.030,1,0,0,0,0,14,100,0,33,0
30-06 06:59:51,20.556,6.518,72.195,0,0,3089048,144116,174244,4528304,5012.572,1215.290,0,4.011,0,1.003,2578,1867,2.270,1.810,1.030,1,0,64.174,0,0,14,99,0,34,0
30-06 06:59:52,20.448,2.992,75.310,0.249,0,3126896,173860,174244,4462604,9576.842,6780.895,11.970,430.913,2.992,37.904,2322,2155,2.170,1.800,1.020,5,0,0.997,0,0,14,102,0,34,0
30-06 06:59:53,24.783,4.506,69.092,1.252,0,3131940,168064,174256,4463472,5072.743,1850.460,468.623,1622.156,21.028,198.264,4334,6478,2.170,1.800,1.020,1,0,5.007,0,0,14,111,0,34,0
30-06 06:59:54,27.951,4.742,64.887,0.998,0,3142124,157748,174256,4463604,5637.202,2219.143,43.924,1944.620,2.995,170.703,4568,6004,2.170,1.800,1.020,1,0,0.998,0,0,14,112,0,34,0
30-06 06:59:55,31.071,13.781,53.873,0,0,3192600,173844,174256,4398900,4907.194,1028.346,8.018,1266.890,2.005,84.192,4565,3839,2.170,1.800,1.020,2,0,116.265,0,0,14,118,0,34,0
30-06 06:59:56,18.456,2.993,76.815,0.499,0,3222768,143604,174256,4398972,10910.746,7383.234,63.846,853.945,3.990,45.890,2209,2039,2.170,1.800,1.020,0,0,0.998,0,0,14,119,0,34,0
30-06 06:59:57,21.248,4.250,73.243,0.250,0,3229040,137080,174256,4399224,7267.320,3359.686,15.999,1091.898,1.000,108.990,4448,5045,1.990,1.770,1.020,1,0,2.000,0,0,14,121,0,34,0
30-06 06:59:58,38.374,11.788,48.657,0.502,0,3275608,155984,174260,4335296,5897.018,2281.357,4.013,7243.360,1.003,588.899,5089,4483,1.990,1.770,1.020,3,0,100.324,0,0,14,122,0,29,0
30-06 06:59:59,40.512,6.711,52.194,0.249,0,3360388,136168,174260,4272060,6913.420,3444.780,0,465.269,0,31.813,2763,1511,1.990,1.770,1.020,2,0,0,0,0,14,123,0,29,0
30-06 07:00:00,21.066,5.768,72.477,0.251,0,3353964,142568,174260,4272084,27015.699,22276.842,0,1625.095,0,87.274,2789,2239,1.990,1.770,1.020,1,0,55.173,0,0,14,122,0,30,0
30-06 07:00:01,22.053,3.759,72.924,0.251,0,3382272,174804,174260,4212700,7014.729,1727.119,8.019,3997.534,2.005,300.717,2113,1521,1.990,1.770,1.020,0,0,1.002,0,0,14,123,0,30,0
30-06 07:00:02,16.207,4.737,78.541,0,0,3314752,242300,174260,4212724,29280.233,24100.989,3.989,155.587,0.997,3.989,2421,1831,1.910,1.750,1.020,1,0,50.865,0,0,14,122,0,31,0
30-06 07:00:03,22.250,3.500,73.750,0,0,3349860,207184,174260,4212732,4751.998,972.000,0,0,0,0,1768,1172,1.910,1.750,1.020,2,0,0,0,0,14,122,0,31,0
30-06 07:00:04,17.005,3.251,78.021,1.250,0,3358356,198644,174264,4212772,12748.443,8768.368,20.005,4377.182,5.001,272.073,3394,4431,1.910,1.750,1.020,1,0,0,0,0,14,122,0,32,0
30-06 07:00:05,28.752,7.501,62.005,0.250,0,3330332,226400,174264,4213040,4946.392,1026.081,0,968.077,0,69.005,4641,5328,1.910,1.750,1.020,1,0,90.007,0,0,14,124,0,33,0
30-06 07:00:06,18.495,1.999,79.230,0,0,3361672,194912,174264,4213188,28634.628,24453.704,0,423.891,0,11.997,1959,1562,1.910,1.750,1.020,1,0,0,0,0,14,125,0,33,0
30-06 07:00:07,20.761,6.503,71.288,0,0,3378728,177780,174268,4213260,4374.345,1212.650,64.034,3173.702,8.004,14.008,2594,1852,1.840,1.740,1.020,1,0,57.031,0,0,14,124,0,34,0
30-06 07:00:08,18.990,2.499,77.957,0.250,0,3379440,177064,174268,4213264,9912.526,6681.310,0,127.929,0,12.993,1825,1472,1.840,1.740,1.020,1,0,0,0,0,14,125,0,34,0
30-06 07:00:09,22.780,3.755,71.094,1.252,0,3385248,171028,174268,4213492,4703.230,1833.429,64.085,2539.364,3.004,297.394,5667,8550,1.840,1.740,1.020,1,0,1.001,0,0,14,126,0,34,0
30-06 07:00:10,22.699,6.735,68.348,0.748,0,3323632,232556,174268,4213580,4035.004,1776.041,43.902,1408.859,2.993,119.733,4694,6017,1.840,1.740,1.020,1,0,52.882,0,0,14,125,0,36,0
30-06 07:00:11,19.521,2.503,76.831,0.250,0,3372348,183696,174268,4213724,9300.839,6527.906,0,648.686,0,46.049,2057,1859,1.840,1.740,1.020,2,0,1.001,0,0,14,126,0,36,0
30-06 07:00:12,20.061,3.009,76.484,0.251,0,3374312,181692,174268,4213764,8202.055,5549.953,16.049,758.316,1.003,61.187,2860,3317,1.770,1.730,1.020,1,0,0,0,0,14,126,0,36,0
30-06 07:00:13,33.736,5.498,57.976,0.750,0,3384792,171120,174268,4213856,4887.968,1945.191,0,1951.189,0,192.920,7408,11547,1.770,1.730,1.020,2,0,1.000,0,0,14,127,0,37,0
30-06 07:00:14,22.678,5.483,70.526,0,0,3420032,135788,174268,4213948,3853.773,1022.755,0,637.976,0,42.864,2757,2733,1.770,1.730,1.020,2,0,76.756,0,0,14,127,0,37,0
30-06 07:00:15,16.302,2.508,80.256,0.251,0,3434940,120864,174272,4213960,12869.036,9597.604,0,694.214,0,54.173,2169,2185,1.770,1.730,1.020,1,1,1.003,0,0,14,130,0,37,0
30-06 07:00:16,19.252,10.501,68.008,1.750,0,3372488,183276,174272,4214000,5848.656,2281.256,0,5760.646,0,402.045,4963,5814,1.770,1.730,1.020,1,0,147.016,0,0,14,129,0,38,0
30-06 07:00:17,18.693,2.492,77.761,0,0,3423168,132492,174368,4214008,10138.875,6716.382,91.718,358.898,5.982,16.948,1765,1322,1.710,1.720,1.020,1,0,0,0,0,14,130,0,38,0
30-06 07:00:18,19.006,2.751,77.775,0.500,0,3419568,135948,174368,4214152,11512.647,6859.173,0,1872.593,0,161.051,3460,4053,1.710,1.720,1.020,1,0,0,0,0,14,130,0,37,0
30-06 07:00:19,34.530,7.757,56.049,0.751,0,3420176,134824,174388,4214632,5264.567,1080.938,396.344,1269.101,64.056,123.107,8504,11567,1.710,1.720,1.020,3,0,4.003,0,0,14,132,0,37,0
30-06 07:00:20,36.207,13.484,48.193,0.999,0,3397188,157452,174388,4214964,6648.076,3078.331,0,1749.914,0,164.804,9617,14426,1.710,1.720,1.020,1,0,285.659,0,0,14,131,0,38,0
30-06 07:00:21,20.223,3.495,76.400,0,0,3405668,197384,174384,4167316,6718.189,3548.346,0,423.445,0,28.962,2050,1527,1.710,1.720,1.020,1,0,0.999,0,0,14,132,0,38,0
30-06 07:00:22,17.550,8.775,71.956,0.251,0,3333572,269468,174384,4167328,8654.746,5563.909,0,437.250,0,25.072,3600,2976,1.650,1.700,1.020,1,0,146.419,0,0,14,131,0,39,0
30-06 07:00:23,12.751,22.502,62.506,0.250,0,3312848,290116,174384,4167404,4088.381,1080.101,24.002,3808.355,2.000,356.033,6808,12622,1.650,1.700,1.020,1,0,443.041,0,0,14,131,0,40,0
30-06 07:00:24,20.031,15.023,64.098,0.250,0,3331356,271596,174384,4167416,4246.515,1081.660,0,1546.373,0,96.148,6488,8461,1.650,1.700,1.020,2,0,233.358,0,0,14,131,0,40,0
30-06 07:00:25,29.515,24.012,45.523,0,0,3406960,195964,174388,4167444,4154.067,972.484,8.004,256.127,2.001,21.010,6646,5534,1.650,1.700,1.020,2,0,510.254,0,0,14,131,0,40,0
30-06 07:00:26,37.342,18.173,42.818,0,0,3438124,164376,174400,4168284,4507.873,1145.141,51.780,796.620,3.983,56.759,7660,9368,1.650,1.700,1.020,1,0,355.492,0,0,14,137,0,39,0
30-06 07:00:27,44.092,23.298,32.818,0,0,3540908,149536,174400,4081544,3932.181,1028.139,108.225,200.417,8.017,13.027,6514,7651,1.760,1.730,1.030,4,0,434.905,0,0,16,137,0,39,0
30-06 07:00:28,59.223,25.988,13.994,0.250,0,3688896,147328,174412,3938036,3822.286,593.734,27.987,623.720,3.998,47.978,8554,11321,1.760,1.730,1.030,3,0,464.792,0,0,16,143,0,39,0
30-06 07:00:29,50.110,21.046,27.561,0.251,0,3746600,187380,174412,3841248,3475.658,649.431,16.035,6514.354,3.007,595.312,8585,12356,1.760,1.730,1.030,2,0,341.753,0,0,16,159,0,39,0
30-06 07:00:30,33.759,24.256,40.760,0,0,3800636,188440,174412,3787300,3991.008,900.227,72.018,640.162,1.000,17.004,14841,5777,1.760,1.730,1.030,2,0,569.144,0,0,16,159,0,39,0
30-06 07:00:31,25.446,19.708,53.885,0.249,0,3845448,143444,174416,3787916,4533.362,1023.823,7.983,530.871,1.996,32.930,7686,9661,1.760,1.730,1.030,1,0,381.190,0,0,17,159,0,39,0
30-06 07:00:32,27.050,21.289,51.095,0,0,3888392,155872,174416,3733472,4127.653,1082.006,4.007,829.538,1.002,96.178,6016,5082,1.780,1.730,1.030,3,0,422.784,0,0,17,159,0,39,0
30-06 07:00:33,37.505,21.503,40.005,0.250,0,3955980,159228,174420,3664608,4296.554,1026.132,8.001,568.073,2.000,33.004,7458,9458,1.780,1.730,1.030,3,0,369.048,0,0,17,165,0,39,0
30-06 07:00:34,29.243,20.495,49.989,0,0,4012044,139776,174420,3628392,4285.018,1025.765,31.993,91.979,2.000,6.998,6075,5514,1.780,1.730,1.030,2,0,468.893,0,0,17,165,0,39,0
30-06 07:00:35,38.994,27.496,32.245,0,0,4105288,150100,174428,3527292,4927.272,1149.830,27.996,635.906,3.999,34.995,10402,14945,1.780,1.730,1.030,2,0,669.901,0,0,17,173,0,37,0
30-06 07:00:36,22.012,23.012,53.278,0.500,0,4154564,144416,174428,3485044,4559.388,1080.566,4.002,788.413,1.001,59.031,9700,13954,1.780,1.730,1.030,17,0,509.267,0,0,17,183,0,37,0
30-06 07:00:37,31.955,15.478,50.430,1.248,0,4223336,144176,174584,3417324,4713.428,1078.496,3790.715,842.825,218.695,24.965,5601,6338,1.880,1.750,1.040,5,0,214.701,0,0,17,183,0,37,0
30-06 07:00:38,45.641,7.482,45.142,0.249,0,4326036,132468,174496,3327932,4958.180,1300.899,845.983,4636.945,12.969,46.888,3440,2179,1.880,1.750,1.040,2,0,4.988,0,0,17,183,1,37,0
30-06 07:00:39,46.383,8.142,43.915,0.247,0,4443208,117968,174484,3228348,4954.050,1180.287,63.159,288.164,6.908,32.566,3717,2848,1.880,1.750,1.040,2,0,19.737,0,0,17,204,1,37,0
30-06 07:00:40,33.574,18.822,48.580,0.254,0,4375976,228464,174484,3186072,5595.585,1174.056,732.513,447.647,9.156,29.504,5794,5261,1.880,1.750,1.040,5,0,423.230,0,0,17,205,1,37,0
30-06 07:00:41,34.209,27.467,36.456,0.499,0,4451676,149152,174500,3189968,11578.957,6948.573,2313.195,667.191,38.953,48.941,7724,8969,1.880,1.750,1.040,5,0,544.340,0,0,17,206,1,37,0
30-06 07:00:42,50.994,17.498,30.996,0,0,4414408,185752,174512,3190636,7635.039,4071.487,19.997,1215.847,3.999,31.996,5963,8240,1.970,1.770,1.050,4,0,286.964,0,0,17,207,1,38,0
30-06 07:00:43,75.571,15.014,9.008,0,0,4619444,146888,174508,3029216,4451.177,1427.340,1016.954,416.391,21.020,28.026,4699,3845,1.970,1.770,1.050,5,0,28.026,0,0,17,214,2,23,0
30-06 07:00:44,60.492,11.248,23.497,4.499,0,4658904,152248,174592,2985964,13642.176,10438.604,6947.071,2787.627,510.932,163.978,6215,6821,1.970,1.770,1.050,3,0,21.997,0,0,17,229,1,23,0
30-06 07:00:45,44.965,22.233,31.226,0.250,0,4674152,134832,174604,2988092,5218.940,1891.529,59.953,671.478,3.997,36.971,7582,8917,1.970,1.770,1.050,2,0,449.650,0,0,17,225,1,29,0
30-06 07:00:46,39.408,19.205,39.657,0,0,4671912,158184,174604,2968344,10553.329,7159.264,15.963,11006.270,0.998,151.645,7866,10386,1.970,1.770,1.050,3,0,334.219,0,0,17,226,1,29,0
30-06 07:00:47,51.041,25.270,23.519,0,0,4697404,157152,174604,2943928,8942.179,5797.654,100.080,824.662,8.006,56.045,6831,7844,2.050,1.790,1.060,6,0,491.394,0,0,17,225,1,25,0
30-06 07:00:48,58.339,21.533,19.279,0.250,0,4769056,139384,174632,2891344,5529.389,2942.464,1045.586,508.772,46.070,19.029,6704,7996,2.050,1.790,1.060,2,0,328.498,0,0,17,228,1,25,0
30-06 07:00:49,53.692,26.971,18.480,0.250,0,4861040,141400,174632,2798316,13718.108,10118.016,323.649,17688.798,16.982,1033.878,9226,12121,2.050,1.790,1.060,4,0,474.485,0,0,17,229,1,28,0
30-06 07:00:50,63.576,21.776,13.766,0.501,0,4867504,131856,174636,2801860,3676.390,973.162,372.445,588.703,15.018,43.051,8720,13351,2.050,1.790,1.060,2,2,344.411,0,0,17,237,1,29,0
30-06 07:00:51,55.513,19.255,23.756,0.250,0,5015928,126932,174636,2661692,12416.914,10531.472,388.091,808.190,31.007,59.014,6059,6844,2.050,1.790,1.060,4,0,197.046,0,0,17,240,1,27,0
30-06 07:00:52,66.240,11.953,20.918,0,0,5053748,142240,174648,2609892,11557.620,7816.310,470.154,832.730,10.957,38.847,5178,4391,2.130,1.810,1.080,3,0,21.914,0,0,17,242,1,28,0
30-06 07:00:53,61.091,13.771,23.786,1.001,0.250,5110308,145476,174648,2551956,12197.260,9185.752,2607.904,945.415,107.160,69.103,9659,20694,2.130,1.810,1.080,3,0,15.022,0,0,17,249,1,33,0
30-06 07:00:54,52.409,16.300,30.342,0,0,5031000,247900,174652,2529340,10610.288,7137.721,533.624,734.234,6.018,49.150,6042,5009,2.130,1.810,1.080,8,0,273.833,0,0,17,249,1,35,0
30-06 07:00:55,46.054,28.130,24.645,0.498,0,5109828,165556,174776,2532768,5810.294,2979.332,4520.777,1500.619,63.729,76.674,7242,7717,2.130,1.810,1.080,2,0,541.697,0,0,17,250,1,33,0
30-06 07:00:56,63.702,20.064,15.549,0.251,0,5113936,161344,174780,2533492,13905.151,10065.961,569.809,1099.491,9.029,53.169,7779,10437,2.130,1.810,1.080,5,0,245.780,0,0,18,251,1,34,0
30-06 07:00:57,84.344,14.016,1.502,0.250,0,5222336,140524,174780,2449044,4522.018,1343.491,1057.173,412.458,38.042,32.036,5395,3532,2.280,1.850,1.090,4,0,97.108,0,0,18,254,2,34,0
30-06 07:00:58,75.599,10.906,11.154,1.239,0,5326640,133948,174828,2354600,14804.530,11610.035,3129.058,3985.683,156.651,83.283,6033,4775,2.280,1.850,1.090,5,0,9.915,0,0,18,258,1,35,0
30-06 07:00:59,64.531,15.629,18.653,1.008,0,5320876,137816,174832,2356480,4831.729,2134.552,1407.574,1919.786,48.398,249.048,8713,11407,2.280,1.850,1.090,2,0,229.890,0,0,18,262,1,36,0
30-06 07:01:00,36.114,8.219,55.292,0.249,0,5364180,143212,174832,2309592,21403.408,11368.194,541.959,514.064,5.977,33.872,3631,3817,2.280,1.850,1.090,1,0,12.951,0,0,18,268,1,36,0
30-06 07:01:01,43.638,10.533,43.888,0.251,0,5366904,124360,174836,2325684,16611801.154,152269.888,774.441,782.466,7.022,67.212,10687,6987,2.280,1.850,1.090,4,0,57.180,0,0,18,270,1,37,0
30-06 07:01:02,55.181,16.479,27.965,0.250,0,5411652,129992,174836,2276832,10233.198,6784.512,2796.501,2289.136,29.963,223.720,5323,3688,2.260,1.850,1.100,3,0,222.721,0,0,18,271,1,37,0
30-06 07:01:03,37.417,5.488,54.379,0.499,0,5386340,189284,174840,2243700,16055.315,14163.520,255.432,1061.640,1.996,74.834,3870,3525,2.260,1.850,1.100,1,0,6.984,0,0,18,275,1,37,0
30-06 07:01:04,35.745,4.499,58.242,0.250,0,5447840,127360,174840,2244240,64388.500,2355307.085,479.937,775.898,24.997,66.991,5158,6012,2.260,1.850,1.100,1,0,2.000,0,0,18,281,1,39,0
30-06 07:01:05,19.512,2.752,75.046,0.500,0,5428532,146652,174840,2244256,1016731.444,14086524.924,0,644.394,0,61.037,5087,3146,2.260,1.850,1.100,4,0,6.004,0,0,18,285,1,41,0
30-06 07:01:06,45.928,7.488,44.930,0.499,0,5413824,145236,174848,2260356,16393243.017,247508.897,79.875,906.582,4.992,76.880,23034,15217,2.260,1.850,1.100,2,0,0.998,0,0,18,282,1,44,0
30-06 07:01:07,17.536,5.261,76.656,0.251,0,5337440,221564,174848,2260412,15755.029,12120.641,16.033,27319.539,1.002,110.224,3095,3004,2.080,1.820,1.090,1,0,66.134,0,0,18,282,1,42,0
30-06 07:01:08,13.487,15.485,68.935,0.250,0,5272372,286584,174852,2260488,4102.158,1025.040,31.970,523.510,2.997,27.974,5715,5068,2.080,1.820,1.090,2,0,435.592,0,0,18,282,1,42,0
30-06 07:01:09,23.503,4.251,71.760,0,0,5351600,207204,174852,2260640,3990.543,1162.158,0,432.059,0,28.004,2104,1650,2.080,1.820,1.090,1,0,0,0,0,18,282,1,42,0
30-06 07:01:10,12.507,15.509,70.791,0.500,0,5335156,223616,174852,2260672,4108.362,1026.590,0,14332.239,0,1245.716,5523,4241,2.080,1.820,1.090,1,0,293.169,0,0,18,282,1,42,0
30-06 07:01:11,8.496,17.991,71.213,0.999,0,5322800,235900,174852,2260744,4180.807,1025.462,11.994,3502.163,0.999,202.894,6125,5980,2.080,1.820,1.090,0,0,377.802,0,0,18,284,1,42,0
30-06 07:01:12,3.500,2.000,93.762,0,0,5307012,251688,174852,2260744,4120.542,1080.142,0,108.014,0,12.002,1190,1580,1.910,1.790,1.080,1,0,9.001,0,0,18,284,1,40,0
30-06 07:01:13,23.001,3.500,72.252,0.250,0,5343800,214896,174852,2260748,3852.125,972.031,0,276.009,0,22.001,2048,1633,1.910,1.790,1.080,1,0,0,0,0,18,284,1,40,0
30-06 07:01:14,18.269,3.754,77.079,0,0,5291524,267084,174852,2260820,14033.295,10098.286,64.065,676.689,4.004,6.006,2744,2486,1.910,1.790,1.080,1,0,34.035,0,0,18,288,1,41,0
30-06 07:01:15,11.535,16.550,70.462,0,0,5279928,278452,174856,2261020,4960.952,1029.102,8.024,0,2.006,0,5291,3860,1.910,1.790,1.080,1,0,231.698,0,0,18,288,1,41,0
30-06 07:01:16,13.745,16.744,67.727,0.250,0,5281524,276612,174856,2261232,4961.327,1025.654,0,543.817,0,44.985,5649,4656,1.910,1.790,1.080,1,0,218.926,0,0,18,292,1,40,0
30-06 07:01:17,16.686,10.709,71.228,0,0,5315932,242144,174856,2261276,3994.753,1075.894,3.985,95.635,0.996,12.951,3657,2805,1.840,1.780,1.080,1,0,118.548,0,0,18,292,1,40,0
30-06 07:01:18,22.006,4.001,73.269,0,0,5371236,186840,174856,2261276,5061.341,1080.286,0,0,0,0,1991,1511,1.840,1.780,1.080,3,0,1.000,0,0,18,292,1,40,0
30-06 07:01:19,24.241,3.249,71.724,0.500,0,5415408,142128,174856,2261816,5438.051,1163.583,387.861,611.781,11.996,50.982,2595,2419,1.840,1.780,1.080,1,0,3.999,0,0,18,296,1,40,0
30-06 07:01:20,22.497,3.749,72.739,0,0,5397128,160380,174856,2261844,5269.227,1079.842,23.996,107.984,3.999,5.999,2069,1571,1.840,1.780,1.080,2,0,4.999,0,0,18,292,1,38,0
30-06 07:01:21,22.999,5.750,69.996,0.250,0,5373564,203988,174856,2242660,4062.766,1025.941,0,427.975,0,48.997,2513,2424,1.840,1.780,1.080,2,0,4.000,0,0,18,294,1,38,0
30-06 07:01:22,13.265,1.752,84.593,0,0,5383652,193888,174856,2242672,23187.575,19874.921,0,72.080,0,6.007,2360,2379,1.690,1.750,1.080,2,0,2.002,0,0,18,301,1,39,0
30-06 07:01:23,28.474,6.994,63.942,0.250,0.250,5312272,265064,174856,2242872,4368.058,1210.907,183.834,3.996,9.991,0.999,3296,6953,1.690,1.750,1.080,1,0,50.954,0,0,18,294,1,41,0
30-06 07:01:24,24.005,2.501,72.015,0,0,5362268,215068,174856,2242872,4226.870,1026.211,0,236.049,0,21.004,1980,1462,1.690,1.750,1.080,2,0,0,0,0,18,294,1,39,0
30-06 07:01:25,13.725,13.725,71.621,0,0,5293488,283676,174864,2243036,4412.066,1078.061,395.289,275.505,5.989,6.987,4083,2991,1.690,1.750,1.080,1,0,185.666,0,0,18,294,1,39,0
30-06 07:01:26,10.549,19.090,68.823,0.502,0,5301812,275144,174864,2243244,4397.619,1085.088,92.433,683.203,4.019,50.236,5783,5020,1.690,1.750,1.080,1,0,354.663,0,0,18,294,1,39,0
30-06 07:01:27,21.461,7.237,69.873,0,0,5385024,191900,174884,2243256,4158.426,1024.135,0,179.673,0,12.976,2800,2311,1.630,1.740,1.080,1,0,73.865,0,0,18,294,1,39,0
30-06 07:01:28,19.724,2.497,76.898,0.499,0,5387236,183316,175440,2248960,10759.784,4135.536,0,1190.427,0,28.962,2008,1691,1.630,1.740,1.080,1,0,4.993,0,0,18,294,1,39,0
30-06 07:01:29,23.267,6.004,69.051,0,0,5417084,151760,175524,2250536,4349.184,1026.752,0,316.232,0,7.005,10081,18752,1.630,1.740,1.080,3,0,14.010,0,0,18,294,1,39,0
30-06 07:01:30,18.987,4.747,74.201,0,0.250,5378112,190204,175580,2251008,11453.362,4030.312,171.885,507.661,9.993,6.995,8184,15160,1.630,1.740,1.080,1,0,4.997,0,0,18,295,1,39,0
30-06 07:01:31,23.332,6.021,69.996,0.251,0,5380352,187700,175624,2251224,4874.097,1083.802,0,738.591,0,34.120,4243,5518,1.630,1.740,1.080,2,0,17.060,0,0,18,297,1,39,0
30-06 07:01:32,12.750,15.000,70.249,0.250,0,5321076,253012,175708,2245104,4613.933,1215.982,0,907.987,0,33.000,4643,3855,1.580,1.720,1.080,1,0,267.996,0,0,18,296,1,39,0
30-06 07:01:33,24.168,2.990,72.006,0.249,0,5372648,201440,175708,2245116,4883.454,1076.353,0,16842.933,0,127.568,2090,1476,1.580,1.720,1.080,1,0,0,0,0,18,296,1,39,0
30-06 07:01:34,19.747,3.000,76.487,0,0,5389372,184500,175708,2245332,14801.533,11357.107,95.984,175.971,5.999,8.999,2437,2095,1.580,1.720,1.080,2,0,2.000,0,0,18,296,1,42,0
30-06 07:01:35,19.002,8.251,72.008,0,0,5349772,223996,175708,2245436,4646.515,1026.114,16.002,36.004,2.000,3.000,3056,2414,1.580,1.720,1.080,3,0,116.013,0,0,18,296,1,42,0
30-06 07:01:36,20.747,3.000,75.740,0.250,0,5371344,202364,175708,2245500,13328.226,9834.691,47.994,3275.564,2.000,470.937,2539,2353,1.580,1.720,1.080,4,0,0,0,0,18,296,1,43,0
30-06 07:01:37,21.504,6.251,72.013,0.250,0,5336000,237700,175708,2245508,4216.783,756.140,0,208.039,0,14.003,2678,2139,1.540,1.710,1.080,3,0,70.013,0,0,18,296,1,43,0
30-06 07:01:38,18.569,2.258,78.038,0,0,5360164,213520,175708,2245524,12035.475,8782.454,4.015,730.700,1.004,12.045,2127,1889,1.540,1.710,1.080,1,0,0,0,0,18,297,1,43,0
30-06 07:01:39,20.920,5.479,72.473,0,0,5354656,219016,175708,2245536,10481.981,6278.031,0,3.985,0,0.996,2676,1922,1.540,1.710,1.080,1,0,55.787,0,0,18,296,1,44,0
30-06 07:01:40,19.505,3.751,75.518,0,0,5384724,188936,175708,2245548,14107.280,9845.289,0,92.021,0,6.001,2178,1632,1.540,1.710,1.080,2,0,6.001,0,0,18,299,1,45,0
30-06 07:01:41,22.481,5.745,70.191,0.250,0,5358116,215496,175708,2245596,7786.492,2683.757,11.990,351.706,0.999,36.969,3071,2858,1.540,1.710,1.080,2,0,32.972,0,0,18,296,1,47,0
30-06 07:01:42,20.514,2.001,77.303,0,0,5377520,196072,175708,2245616,11686.031,8959.157,0,192.132,0,20.014,2167,1924,1.490,1.700,1.080,0,0,0,0,0,18,297,1,47,0
30-06 07:01:43,16.255,5.002,77.025,0.250,0,5352184,221232,175708,2245792,8268.658,4233.361,32.010,356.114,2.001,39.013,3029,3139,1.490,1.700,1.080,1,0,47.015,0,0,18,296,1,48,0
30-06 07:01:44,19.739,2.998,76.207,0.250,0,5391496,181920,175708,2245792,5821.713,3343.113,0,175.901,0,15.991,2047,1675,1.490,1.700,1.080,2,0,0,0,0,18,297,1,47,0
30-06 07:01:45,20.499,5.000,73.997,0,0,5327216,246188,175708,2245804,13550.498,9097.663,0,443.984,0,18.999,2634,2108,1.490,1.700,1.080,1,0,31.999,0,0,18,296,1,50,0
30-06 07:01:46,20.996,3.249,74.236,0,0,5395152,178188,175708,2245868,6300.838,2991.448,47.991,207.962,2.000,17.997,2206,1948,1.490,1.700,1.080,1,0,0,0,0,18,297,1,50,0
30-06 07:01:47,16.503,2.000,80.766,0.250,0.250,5395136,178188,175708,2245884,13739.680,9994.950,0,316.062,0,32.006,2347,2407,1.370,1.670,1.070,1,0,0,0,0,18,296,1,51,0
30-06 07:01:48,5.250,9.000,83.249,1.500,0,5360040,212000,176304,2246572,9576.882,3924.952,1123.986,235.997,250.997,13.000,3424,3305,1.370,1.670,1.070,0,0,179.998,0,0,18,298,1,44,0
30-06 07:01:49,5.251,6.752,86.772,0.250,0,5345412,226544,176336,2246624,14750.701,3780.949,0,608.153,0,37.009,2794,2634,1.370,1.670,1.070,0,0,125.031,0,0,18,298,1,45,0
30-06 07:01:50,4.512,8.272,86.478,0,0,5343284,228608,176340,2246684,9085.942,2477.528,0,172.454,0,14.037,3023,2744,1.370,1.670,1.070,1,0,138.365,0,0,18,296,1,46,0
30-06 07:01:51,17.447,7.477,71.036,3.240,0,5355692,201844,176856,2260428,4096.642,969.077,6783.537,1168.475,473.571,45.862,3576,3746,1.370,1.670,1.070,2,0,76.768,0,0,18,296,1,46,0
30-06 07:01:52,21.010,2.251,76.785,0,0,5366132,187116,177092,2264384,9658.370,3100.403,4.002,768.348,1.000,12.005,2058,1779,1.260,1.640,1.060,1,0,16.007,0,0,18,296,1,41,1
30-06 07:01:53,17.773,4.255,75.847,1.001,0,5327168,221304,177160,2269080,10311.251,3508.509,624.803,1930.481,13.017,73.094,2788,2670,1.260,1.640,1.060,3,0,33.042,0,0,18,296,1,41,0
30-06 07:01:54,14.486,12.988,70.932,0.250,0,5317420,229100,177164,2271012,4447.760,1013.034,691.341,1714.366,8.991,46.955,4611,4160,1.260,1.640,1.060,1,0,270.742,0,0,18,296,1,41,0
30-06 07:01:55,19.489,3.248,76.958,0,0.250,5370800,175716,177164,2271016,10420.308,6789.292,0,91.950,0,2.998,1969,1578,1.260,1.640,1.060,1,0,0,0,0,18,297,1,41,0
30-06 07:01:56,21.509,5.002,72.529,0.250,0,5368992,177496,177164,2271044,23045.172,18898.521,32.013,592.236,1.000,53.021,3084,3001,1.260,1.640,1.060,2,0,47.019,0,0,18,296,1,43,0
30-06 07:01:57,20.246,3.749,74.987,0.250,0,5425976,120472,177164,2271084,5873.983,3119.460,0,2071.641,0,342.941,2317,2042,1.240,1.630,1.060,0,0,0,0,0,18,297,1,35,0
30-06 07:01:58,19.827,4.016,75.544,0.251,0,5403456,142528,177164,2271548,11834.072,7890.720,449.751,192.750,26.102,11.043,2521,2201,1.240,1.630,1.060,1,0,14.055,0,0,18,296,1,37,0
30-06 07:01:59,23.421,3.239,72.256,0,0,5425632,120348,177164,2271552,5060.906,2531.449,0,147.502,0,3.987,2151,1729,1.240,1.630,1.060,2,0,0.997,0,0,18,297,1,37,0
30-06 07:02:00,21.288,4.758,71.628,1.503,0,5417876,125752,177164,2273904,10513.766,6181.033,2115.777,3598.423,86.154,285.510,4984,7257,1.240,1.630,1.060,6,0,4.007,0,0,18,297,1,37,0
30-06 07:02:01,25.440,4.988,68.338,0.249,0,5347124,196424,177164,2273984,6046.694,2314.524,31.924,893.885,0.998,74.823,3889,4669,1.240,1.630,1.060,1,0,7.981,0,0,18,296,1,37,0
30-06 07:02:02,20.243,2.499,75.976,0.500,0,5379856,163664,177164,2274012,11448.322,7444.608,0,523.832,0,28.991,2438,2405,1.220,1.620,1.060,1,0,1.000,0,0,18,297,1,37,1
30-06 07:02:03,21.499,3.500,72.996,0.500,0,5365988,177392,177164,2274152,9579.500,5537.711,79.996,1079.944,3.000,119.994,4810,6358,1.220,1.620,1.060,1,0,0,0,0,18,296,1,38,0
30-06 07:02:04,9.745,22.738,65.464,0,0,5342824,200540,177164,2274164,4717.433,1079.413,0,2366.712,0,46.974,5532,4273,1.220,1.620,1.060,1,0,368.799,0,0,18,296,1,38,0
30-06 07:02:05,8.788,22.849,66.537,0,0,5338172,205172,177164,2274184,4953.356,976.209,0,530.286,0,41.178,5798,4490,1.220,1.620,1.060,1,0,403.741,0,0,18,296,1,33,0
30-06 07:02:06,8.493,23.231,66.197,0.999,0,5333888,209436,177164,2274204,4793.170,1079.138,0,2258.196,0,132.894,6327,5244,1.220,1.620,1.060,3,0,445.644,0,0,18,296,1,33,0
30-06 07:02:07,8.491,22.975,66.926,0,0,5335804,207500,177164,2274224,4235.313,1078.806,0,247.726,0,23.973,6253,5076,1.200,1.610,1.060,1,0,465.485,0,0,18,296,1,33,0
30-06 07:02:08,8.245,22.736,66.708,0,0,5328012,215264,177164,2274252,4117.426,1079.325,0,115.928,0,14.991,6143,4882,1.200,1.610,1.060,1,0,460.712,0,0,18,296,1,33,0
30-06 07:02:09,7.272,23.821,67.450,0,0,5317292,225952,177164,2274284,4677.856,1219.612,0,1568.646,0,88.261,6460,5311,1.200,1.610,1.060,1,0,527.563,0,0,18,296,1,27,0
30-06 07:02:10,9.248,22.494,67.483,0,0,5308552,234660,177164,2274316,4030.981,971.754,0,139.965,0,14.996,6567,5485,1.200,1.610,1.060,1,0,544.862,0,0,18,296,1,27,0
30-06 07:02:11,9.251,22.002,66.505,0.500,0,5311264,231932,177164,2274348,4977.406,1080.088,0,792.065,0,59.005,7126,6540,1.200,1.610,1.060,1,0,551.045,0,0,18,296,1,27,0
30-06 07:02:12,17.492,9.746,71.468,0,0,5335056,309020,177612,2184684,4188.114,1079.514,3.998,4270.078,1.000,329.851,3392,2959,1.270,1.620,1.070,2,0,108.951,0,0,18,296,1,27,0
30-06 07:02:13,24.672,3.240,71.275,0.249,0,5347332,292080,177868,2189080,4258.534,1042.703,43.861,1858.124,2.991,48.846,2612,2401,1.270,1.620,1.070,3,0,16.946,0,0,18,296,1,27,0
30-06 07:02:14,15.501,1.500,81.506,0.750,0,5357032,281116,177948,2190252,23575.646,12123.847,788.055,1236.086,53.004,36.003,1910,1869,1.270,1.620,1.070,0,0,0,0,0,18,297,1,27,0
30-06 07:02:15,15.543,1.504,80.972,1.003,0,5380312,256340,178040,2191656,25566.966,13954.187,1054.887,1736.753,65.178,58.159,1819,1734,1.270,1.620,1.070,1,0,0,0,0,18,297,1,27,0
30-06 07:02:16,15.499,1.000,81.245,1.000,0,5379816,254600,178180,2193740,26236.282,14923.023,1599.895,1655.892,83.995,53.996,1881,1767,1.270,1.620,1.070,1,0,0,0,0,18,297,1,27,0
30-06 07:02:17,17.204,1.995,78.041,1.247,0,5376148,228780,178260,2223136,20077.317,11021.531,12574.379,1212.757,162.565,39.893,2019,1820,1.330,1.620,1.070,1,0,0,0,0,18,297,1,26,0
30-06 07:02:18,23.747,2.750,72.742,0.500,0,5378356,210512,179120,2238148,6317.269,971.888,0,1491.827,0,65.992,2270,2029,1.330,1.620,1.070,1,0,1.000,0,0,18,297,1,26,0
30-06 07:02:19,24.030,2.753,72.590,0.501,0,5380268,191972,179604,2253980,5352.670,1081.347,0,1946.425,0,107.133,2330,1903,1.330,1.620,1.070,1,0,2.002,0,0,18,297,1,26,0
30-06 07:02:20,22.978,2.997,72.681,0.749,0,5386116,163488,180284,2275560,5107.177,971.083,0,2521.619,0,109.896,2412,2281,1.330,1.620,1.070,1,0,0,0,0,18,297,1,26,0
30-06 07:02:21,23.826,3.260,71.226,0.752,0,5381796,154792,181128,2287508,4631.691,1083.436,0,2624.324,0,105.334,2733,2737,1.330,1.620,1.070,2,0,1.003,0,0,18,297,1,26,0
30-06 07:02:22,22.188,2.992,72.547,0.748,0,5382144,127588,182112,2313016,4708.841,1076.990,0,2405.278,0,93.738,2375,2240,1.380,1.630,1.080,2,0,0,0,0,18,297,1,26,0
30-06 07:02:23,27.084,6.520,65.955,0.251,0,5382660,141264,182396,2301704,4174.986,1257.913,16.050,1592.955,1.003,60.187,3277,6807,1.380,1.630,1.080,4,0,55.172,0,0,18,296,1,26,0
30-06 07:02:24,18.683,3.986,76.476,0.249,0,5384484,134356,182400,2303488,11252.703,4006.652,0,16030.593,0,109.607,2519,4615,1.380,1.630,1.080,1,0,17.936,0,0,18,296,1,27,0
30-06 07:02:25,22.533,5.758,70.101,0.250,0,5391524,125068,182400,2305704,4316.232,1081.562,0,320.463,0,4.006,9982,18528,1.380,1.630,1.080,1,0,11.016,0,0,18,296,1,24,0
30-06 07:02:26,22.707,5.989,69.118,0.250,0,5382508,133868,182404,2305880,4548.314,1077.941,0,1804.554,0,25.950,10714,19121,1.380,1.630,1.080,1,0,15.970,0,0,18,296,1,24,0
30-06 07:02:27,21.089,5.523,72.556,0.251,0,5349060,174704,182436,2298552,4077.180,1084.570,0,911.842,0,24.102,2406,2069,1.350,1.620,1.080,1,0,12.051,0,0,18,296,1,24,0
30-06 07:02:28,23.132,5.472,69.644,0,0,5349148,174604,182440,2298560,4218.449,1074.510,0,409.906,0,11.939,10660,19427,1.350,1.620,1.080,1,0,50.741,0,0,18,296,1,24,0
30-06 07:02:29,20.013,4.503,74.548,0,0,5395908,127828,182444,2298572,8894.679,2437.556,0,112.072,0,5.003,2431,1911,1.350,1.620,1.080,0,0,35.022,0,0,18,297,1,24,0
30-06 07:02:30,20.496,3.499,74.234,0,0,5384620,132840,182444,2304812,7090.513,2856.401,0,1095.770,0,17.996,2172,1725,1.350,1.620,1.080,1,0,3.999,0,0,18,296,1,24,0
30-06 07:02:31,24.519,6.505,68.552,0.500,0,5385924,151944,182444,2285028,4592.501,972.742,0,840.641,0,24.018,11092,19861,1.350,1.620,1.080,1,0,14.011,0,0,18,296,1,24,0
30-06 07:02:32,21.211,6.987,69.870,0,0,5387784,150032,182452,2285068,4413.802,1077.998,0,175.674,0,1.996,10006,18543,1.320,1.610,1.080,1,0,18.965,0,0,18,296,1,24,0
30-06 07:02:33,23.609,4.270,71.579,0.251,0,5321752,223580,182464,2277604,4472.564,976.490,4.018,2109.700,1.005,204.942,2653,2338,1.320,1.610,1.080,1,0,22.102,0,0,18,296,1,24,0
30-06 07:02:34,21.502,5.250,72.007,0,0,5331240,214068,182464,2277628,4660.443,1080.103,4.000,4.000,1.000,1.000,3623,3699,1.320,1.610,1.080,2,0,101.010,0,0,18,296,1,24,0
30-06 07:02:35,23.018,5.254,70.056,0,0,5360592,184708,182464,2277636,4903.940,1080.869,0,144.116,0,6.005,8925,16568,1.320,1.610,1.080,1,0,22.018,0,0,18,296,1,24,0
30-06 07:02:36,19.481,2.997,77.173,0.250,0,5360068,178928,182464,2283884,11425.664,4082.949,0,1222.787,0,23.976,2277,1889,1.320,1.610,1.080,1,0,15.984,0,0,18,296,1,24,0
30-06 07:02:37,22.439,6.981,68.814,0,0,5380488,157424,182464,2284920,4348.269,1077.094,0,430.838,0,5.984,10665,19088,1.300,1.600,1.080,1,0,13.962,0,0,18,296,1,24,0
30-06 07:02:38,22.493,6.998,69.980,0,0,5350560,187240,182464,2285032,4150.789,1045.695,0,175.949,0,1.999,10720,19063,1.300,1.600,1.080,1,0,19.994,0,0,18,296,1,20,0
30-06 07:02:39,21.768,4.003,72.310,0.250,0,5320772,223948,182468,2278204,4964.144,1196.999,400.334,436.364,10.008,13.011,2192,1712,1.300,1.600,1.080,1,0,6.005,0,0,18,296,1,20,0
30-06 07:02:40,21.998,5.499,69.493,2.250,0,5340600,199280,182468,2283032,5651.446,1045.898,2359.769,2615.744,325.968,54.995,3608,4209,1.300,1.600,1.080,2,0,5.999,0,0,18,297,1,20,0
30-06 07:02:41,40.609,10.528,46.124,3.008,0,5401432,137060,182468,2284412,6073.344,1157.114,1363.670,8242.181,56.151,657.770,9028,14374,1.300,1.600,1.080,3,0,9.024,0,0,18,299,1,24,0
30-06 07:02:42,23.695,19.954,54.623,0.249,0,5338960,199324,182468,2284620,4838.763,1151.326,638.517,419.027,4.988,32.924,6441,5822,1.270,1.590,1.080,1,0,428.006,0,0,18,298,1,21,0
30-06 07:02:43,14.044,5.517,69.720,9.279,0,5296512,210236,182468,2316148,3984.549,1049.305,31699.839,910.869,1702.362,28.088,4513,5945,1.270,1.590,1.080,0,1,27.085,0,0,18,298,1,23,0
30-06 07:02:44,9.708,4.481,74.431,9.708,0,5297924,196948,182472,2328004,5130.000,2086.054,11697.833,3767.841,1793.309,391.322,4295,5921,1.270,1.590,1.080,0,0,7.966,0,0,18,299,1,23,0
30-06 07:02:45,2.000,1.500,95.480,0.250,0,5295376,199688,182472,2328040,23375.094,2786.415,0,21123.567,0,335.929,1446,1864,1.270,1.590,1.080,1,0,0,0,0,18,299,1,23,0
30-06 07:02:46,4.251,4.751,89.513,0.250,0,5276828,216924,182472,2329352,718107.706,13107.893,788.114,1056.153,30.004,26.004,2447,2384,1.270,1.590,1.080,0,0,35.005,0,0,18,298,1,19,0
30-06 07:02:47,1.250,1.000,96.506,0.500,0,5277052,216700,182472,2329352,4060.242,1080.064,0,1620.097,0,99.006,1098,1645,1.170,1.560,1.070,0,0,0,0,0,18,298,1,19,0
30-06 07:02:48,1.000,0.500,97.762,0,0,5273408,220344,182472,2329352,4240.515,1080.131,0,144.017,0,14.002,991,1460,1.170,1.560,1.070,0,0,0,0,0,18,298,1,19,0
30-06 07:02:49,1.000,0.500,97.505,0,0,5272032,221720,182472,2329352,4120.199,1154.056,0,28.001,0,4.000,947,1314,1.170,1.560,1.070,1,0,0,0,0,18,298,1,19,0
30-06 07:02:50,1.250,2.000,96.262,0,0,5271108,222644,182472,2329352,4540.558,1150.141,0,34540.247,0,260.032,1557,1985,1.170,1.560,1.070,0,0,0,0,0,18,298,1,17,0
30-06 07:02:51,1.750,1.500,94.728,0.500,0,5269804,223940,182472,2329360,4795.896,1121.742,0,395.909,0,40.991,1487,2029,1.170,1.560,1.070,1,0,1.000,0,0,18,298,1,17,0
30-06 07:02:52,1.750,0.250,96.747,0.250,0,5269116,224600,182472,2329388,4041.872,971.969,15.999,327.990,1.000,40.999,1156,1831,1.160,1.550,1.070,0,0,0,0,0,18,298,1,17,0
30-06 07:02:53,1.250,1.000,96.996,0.250,0,5268740,224976,182472,2329388,4299.818,1079.954,0,111.995,0,9.000,986,1319,1.160,1.550,1.070,0,0,0,0,0,18,298,1,17,0
30-06 07:02:54,1.499,0.750,97.203,0,0,5268496,225216,182472,2329392,3850.121,971.526,0,211.897,0,16.992,958,1341,1.160,1.550,1.070,0,0,0,0,0,18,298,1,16,0
30-06 07:02:55,1.249,2.247,95.387,0.250,0,5268732,224964,182472,2329400,4474.698,1078.722,0,58378.833,0,313.628,1682,2116,1.160,1.550,1.070,0,0,0,0,0,18,298,1,16,0
30-06 07:02:56,1.502,0.751,96.404,0,0,5268732,224964,182472,2329400,4718.515,973.551,0,1109.767,0,23.037,1232,1737,1.160,1.550,1.070,0,0,0,0,0,18,298,1,16,0
30-06 07:02:57,1.000,1.000,97.270,0.250,0,5268732,224964,182472,2329400,4300.872,1154.234,0,84.017,0,12.002,1079,1563,1.060,1.530,1.060,0,0,0,0,0,18,298,1,16,0
30-06 07:02:58,1.500,0.500,97.259,0,0,5268732,224964,182472,2329400,3612.346,972.093,0,176.017,0,11.001,991,1419,1.060,1.530,1.060,0,0,0,0,0,18,298,1,13,0
30-06 07:02:59,1.001,1.001,97.106,0,0,5268732,224964,182472,2329400,4304.694,1081.179,0,36.039,0,5.005,1006,1438,1.060,1.530,1.060,0,0,0,0,0,18,298,1,13,0
30-06 07:03:00,1.252,0.501,97.886,0,0,5268728,224964,182472,2329404,4726.550,1081.499,0,1137.576,0,239.332,938,1258,1.060,1.530,1.060,0,0,0,0,0,18,298,1,13,0
30-06 07:03:01,1.751,1.250,96.033,0.250,0,5268720,224964,182472,2329412,4710.616,972.333,0,312.107,0,26.009,1330,1824,1.060,1.530,1.060,0,0,1.000,0,0,18,298,1,13,0
30-06 07:03:02,2.243,0.748,95.961,0,0,5268720,224964,182472,2329412,4586.206,1076.761,0,235.292,0,27.916,1332,2024,1.060,1.520,1.060,0,0,0,0,0,18,298,1,9,0
30-06 07:03:03,2.000,1.000,96.246,0.250,0,5268968,224712,182472,2329416,4881.793,971.959,0,187.992,0,18.999,1195,1645,1.060,1.520,1.060,0,0,0,0,0,18,298,1,9,0
30-06 07:03:04,0.500,0.750,97.517,0,0,5268968,224712,182472,2329416,4660.797,1080.185,0,308.053,0,9.002,912,1295,1.060,1.520,1.060,0,0,0,0,0,18,298,1,9,0
30-06 07:03:05,2.999,0.750,95.728,0.500,0,5268968,224712,182472,2329416,4736.930,1079.756,0,511.884,0,40.991,1305,1838,1.060,1.520,1.060,0,0,1.000,0,0,18,298,1,9,0
30-06 07:03:06,5.021,7.783,86.370,0,0,5275760,217916,182472,2329420,4757.362,1084.642,180.774,92.395,9.039,10.043,3263,3419,1.060,1.520,1.060,2,0,264.130,0,0,18,298,1,8,0
30-06 07:03:07,8.236,19.967,70.132,0,0,5287376,206068,182472,2329652,4412.603,1078.193,0,55.906,0,5.990,6706,5910,1.050,1.510,1.060,2,0,551.076,0,0,18,298,1,8,0
30-06 07:03:08,8.744,20.737,69.706,0,0,5280852,212560,182472,2329684,4956.873,1079.319,0,0,0,0,6677,5928,1.050,1.510,1.060,1,0,551.652,0,0,18,298,1,8,0
30-06 07:03:09,8.269,22.052,67.659,0.251,0,5317992,175384,182472,2329720,3921.203,974.287,20.047,0,1.002,0,7335,6893,1.050,1.510,1.060,1,0,709.666,0,0,18,298,1,8,0
30-06 07:03:10,18.192,8.971,71.520,1.246,0,5319672,144996,182620,2358352,4001.147,1170.241,35035.453,2559.777,306.017,16.946,3998,3657,1.050,1.510,1.060,1,0,143.539,0,0,18,298,1,8,0
30-06 07:03:11,2.249,1.499,93.441,0.750,0,5317680,146824,182620,2358516,162077.360,5448.550,3.997,3877.544,0.999,197.875,2154,3204,1.050,1.510,1.060,1,0,2.998,0,0,18,299,1,8,0
30-06 07:03:12,3.000,2.000,92.999,0,0,5313540,149956,182620,2359524,1024851.354,24773.646,16.000,579.992,1.000,51.999,2597,2923,0.970,1.480,1.060,0,0,0,0,0,18,299,1,8,0
30-06 07:03:13,3.500,1.000,94.242,0,0,5306420,156104,182620,2360496,1018454.517,21683.116,0,2143.814,0,8.999,2009,1958,0.970,1.480,1.060,0,0,0,0,0,18,301,1,8,0
30-06 07:03:14,2.500,1.500,94.491,0,0,5305036,156960,182620,2361024,556598.727,12814.773,0,7.999,0,1.000,1688,1759,0.970,1.480,1.060,1,0,0,0,0,18,301,1,8,0
30-06 07:03:15,2.251,1.750,95.027,0.250,0,5280656,180512,182628,2361844,861113.842,19216.419,4.001,4509.272,1.000,250.071,1973,1804,0.970,1.480,1.060,0,0,0,0,0,18,301,1,8,0
30-06 07:03:16,1.250,0.750,96.226,0.250,0,5280492,180512,182628,2362024,287372.443,6171.485,0,615.849,0,21.995,1261,1463,0.970,1.480,1.060,0,0,0,0,0,18,301,1,8,0
30-06 07:03:17,3.011,1.505,95.092,0,0,5279012,181280,182632,2362732,651490.465,10977.436,4.014,702.524,1.004,12.043,1508,1489,0.890,1.460,1.050,1,0,0,0,0,18,300,1,9,0
30-06 07:03:18,12.458,13.455,69.515,2.492,0,5329244,119452,183192,2373832,4460.932,215.273,6577.782,23373.051,92.687,688.674,5895,6912,0.890,1.460,1.050,1,0,86.707,0,0,18,300,1,9,0
30-06 07:03:19,10.284,14.548,69.479,3.512,0,5309852,136968,183212,2375760,5883.393,866.857,915.016,14969.342,30.099,1566.162,7783,10184,0.890,1.460,1.050,1,0,116.384,0,0,18,300,1,9,0
30-06 07:03:20,23.513,7.754,67.038,0.500,0,5315688,130160,183212,2376716,5174.958,972.556,0,1556.890,0,90.051,3485,2782,0.890,1.460,1.050,2,0,38.022,0,0,18,300,1,9,0
30-06 07:03:21,24.158,8.219,65.003,0.747,0,5315316,129788,183252,2377388,5019.943,1075.916,11.955,2494.530,2.989,108.588,3850,3304,0.890,1.460,1.050,1,0,32.875,0,0,18,300,1,9,0
30-06 07:03:22,23.258,7.252,67.773,0.500,0,5317144,124856,183412,2380288,4387.503,1080.370,16.005,1608.551,1.000,79.027,3456,3109,0.900,1.450,1.050,1,0,24.008,0,0,18,300,1,9,0
30-06 07:03:23,22.517,7.256,69.053,0.751,0.250,5311404,146576,183468,2365180,4361.323,1042.794,136.104,736.561,33.025,34.026,3683,4068,0.900,1.450,1.050,1,0,16.012,0,0,18,300,1,9,0
30-06 07:03:24,21.302,14.786,62.151,1.253,0,5295972,250360,182112,2279472,4490.914,1082.631,2874.987,5762.003,97.236,116.283,4821,14221,0.900,1.450,1.050,1,0,83.202,0,0,18,300,1,10,0
30-06 07:03:25,15.497,11.498,70.985,0.500,0,5329580,213196,182260,2280004,4631.052,971.801,719.853,2619.464,27.994,8.998,2995,2211,0.900,1.450,1.050,1,0,44.991,0,0,18,300,1,10,0
30-06 07:03:26,22.895,3.982,71.920,0.498,0,5319244,277136,182316,2226856,5159.333,1075.069,2500.530,1035.251,72.667,180.174,2672,2221,0.900,1.450,1.050,0,0,17.918,0,0,18,300,1,10,0
30-06 07:03:27,2.001,1.001,95.806,0.250,0,5292708,303668,182316,2226860,4508.621,1080.628,0,212.123,0,12.007,1118,1602,0.990,1.460,1.060,0,0,0,0,0,18,300,1,9,0
30-06 07:03:28,1.250,0.500,96.999,0,0,5276576,319796,182316,2226864,3965.942,1079.984,0,0,0,0,948,1353,0.990,1.460,1.060,0,0,0,0,0,18,300,1,9,0
30-06 07:03:29,1.750,1.500,96.251,0,0,5278084,318288,182316,2226864,3940.035,1080.010,0,40.000,0,5.000,1163,1575,0.990,1.460,1.060,1,0,0,0,0,18,300,1,9,0
30-06 07:03:30,1.750,1.000,96.726,0,0,5263128,333244,182316,2226864,3699.081,1079.732,0,179.955,0,10.997,939,1323,0.990,1.460,1.060,0,0,0,0,0,18,300,1,9,0
30-06 07:03:31,1.750,1.000,95.995,0.250,0,5263120,333252,182316,2226864,4136.801,1079.948,0,259.988,0,22.999,1260,1750,0.990,1.460,1.060,0,0,1.000,0,0,18,300,1,9,0
30-06 07:03:32,1.251,0.250,97.293,0,0,5261128,335200,182316,2226908,4163.829,972.427,32.014,184.081,1.000,19.008,1061,1638,0.910,1.440,1.050,0,0,0,0,0,18,300,1,9,0
30-06 07:03:33,2.000,0.750,97.002,0,0,5261128,335200,182316,2226908,4720.109,1080.025,0,0,0,0,931,1302,0.910,1.440,1.050,1,0,0,0,0,18,300,1,9,0
30-06 07:03:34,1.250,0.750,97.263,0,0,5261128,335200,182316,2226908,4310.586,1080.147,0,216.029,0,15.002,939,1359,0.910,1.440,1.050,0,0,2.000,0,0,18,300,1,9,0
30-06 07:03:35,1.000,1.000,97.488,0,0,5261124,335200,182316,2226912,4719.414,1079.866,0,67.992,0,5.999,909,1313,0.910,1.440,1.050,0,0,0,0,0,18,300,1,9,0
30-06 07:03:36,2.749,0.500,95.954,0.250,0,5261120,335200,182316,2226916,5044.576,1079.481,0,63.969,0,5.997,1263,1539,0.910,1.440,1.050,0,0,0,0,0,18,300,1,9,0
30-06 07:03:37,1.250,0.500,97.018,0,0,5261120,335200,182316,2226916,3884.739,864.164,0,76.014,0,9.002,897,1289,0.920,1.430,1.050,0,0,0,0,0,18,300,1,9,0
30-06 07:03:38,1.250,1.000,97.482,0,0,5261120,335200,182316,2226916,2787.483,181.966,0,0,0,0,954,1352,0.920,1.430,1.050,0,0,0,0,0,18,300,1,9,0
30-06 07:03:39,1.000,0.500,97.533,0,0,5261116,335200,182316,2226920,5441.815,1196.399,0,0,0,0,893,1248,0.920,1.430,1.050,0,0,0,0,0,18,300,1,9,0
30-06 07:03:40,2.251,2.000,95.022,0,0,5261588,334696,182316,2226952,4873.107,1046.238,0,0,0,0,1148,1335,0.920,1.430,1.050,0,0,6.001,0,0,18,300,1,9,0
30-06 07:03:41,17.316,7.027,74.034,0.753,0,5275772,318412,182316,2229052,5478.026,1158.446,2726.465,566.173,40.154,58.223,2918,2837,0.920,1.430,1.050,2,0,9.035,0,0,18,300,1,9,0
30-06 07:03:42,15.941,5.231,78.211,0,0,5270068,323944,182316,2229224,4017.151,1042.148,541.997,183.322,4.982,23.912,2495,2403,0.920,1.420,1.050,1,0,3.985,0,0,18,300,1,9,0
30-06 07:03:43,1.500,0.750,97.028,0,0,5269956,324056,182316,2229224,4361.243,1154.329,0,36.010,0,4.001,1130,1601,0.920,1.420,1.050,1,0,0,0,0,18,300,1,2,0
30-06 07:03:44,1.750,0.500,96.741,0,0,5269956,324056,182316,2229224,4379.571,1079.894,0,0,0,0,1016,1444,0.920,1.420,1.050,0,0,0,0,0,18,300,1,2,0
30-06 07:03:45,3.000,1.250,94.750,0.250,0,5269944,324056,182316,2229236,4451.996,1045.999,0,420.000,0,29.000,1420,1915,0.920,1.420,1.050,1,0,1.000,0,0,18,300,1,2,0
30-06 07:03:46,3.000,1.000,95.010,0,0,5270184,323804,182316,2229248,4617.500,1164.126,0,104.011,0,6.001,1295,1574,0.920,1.420,1.050,0,0,3.000,0,0,18,300,1,2,0
30-06 07:03:47,4.499,1.250,93.721,0,0.250,5270268,323580,182320,2229384,4030.754,971.700,0,1459.549,0,268.917,1625,2044,0.930,1.410,1.050,0,0,1.999,0,0,18,300,1,4,0
30-06 07:03:48,1.000,0.750,97.244,0,0,5270264,323580,182320,2229388,3819.761,1079.932,0,0,0,0,972,1295,0.930,1.410,1.050,0,0,0,0,0,18,300,1,4,0
30-06 07:03:49,1.497,0.998,96.824,0.250,0,5270264,323580,182320,2229388,3932.843,1151.904,0,175.680,0,10.980,1005,1364,0.930,1.410,1.050,0,0,0,0,0,18,300,1,4,0
30-06 07:03:50,1.252,0.501,97.654,0.250,0,5270264,323580,182320,2229388,3465.450,1081.701,0,44.069,0,5.008,961,1323,0.930,1.410,1.050,0,0,0,0,0,18,300,1,4,0
30-06 07:03:51,2.751,1.250,94.787,0,0,5270280,323580,182320,2229392,4498.752,1080.421,0,4585.786,0,232.090,1567,2136,0.930,1.410,1.050,0,0,1.000,0,0,18,300,1,4,0
30-06 07:03:52,0.750,0.750,96.998,0.250,0,5270280,323580,182320,2229392,4539.916,1079.980,0,51.999,0,7.000,873,1239,0.850,1.390,1.040,0,0,0,0,0,18,300,1,4,0
30-06 07:03:53,1.750,0.750,97.021,0,0,5270280,323580,182320,2229396,4420.963,1080.235,0,32.007,0,5.001,1024,1390,0.850,1.390,1.040,0,0,0,0,0,18,300,1,4,0
30-06 07:03:54,1.000,0.500,97.981,0,0,5270280,323580,182320,2229396,4179.197,1079.793,0,0,0,0,874,1221,0.850,1.390,1.040,0,0,0,0,0,18,300,1,4,0
30-06 07:03:55,1.000,0.750,97.741,0,0,5270280,323580,182320,2229396,4645.575,1025.906,0,0,0,0,867,1245,0.850,1.390,1.040,1,0,0,0,0,18,300,1,4,0
30-06 07:03:56,2.253,2.002,94.611,0.501,0,5274060,319800,182320,2229396,5028.890,1027.203,0,54964.381,0,104.122,1385,1826,0.850,1.390,1.040,1,0,5.006,0,0,18,300,1,4,0
30-06 07:03:57,12.234,3.495,79.397,2.996,0,5284340,306232,182852,2232152,12443.795,8966.323,3251.765,1909.513,577.248,184.759,2902,3429,0.870,1.380,1.040,0,0,0,0,0,18,301,1,4,0
30-06 07:03:58,15.515,3.503,80.325,0.250,0,5284776,305728,182852,2232220,15202.209,11626.867,48.045,132.123,3.003,15.014,2803,3082,0.870,1.380,1.040,0,0,5.005,0,0,18,301,1,6,0
30-06 07:03:59,15.236,3.497,80.678,0,0,5294148,296048,182852,2232528,14831.795,11484.775,63.943,255.772,3.996,23.979,2695,2890,0.870,1.380,1.040,0,0,4.996,0,0,18,301,1,8,0
30-06 07:04:00,13.253,3.751,80.767,0.500,0,5315284,274880,182856,2232556,15495.192,10838.233,16.003,376.077,1.000,42.009,2677,2972,0.870,1.380,1.040,1,0,5.001,0,0,18,300,1,9,1
30-06 07:04:01,15.969,3.992,78.348,0.749,0,5300448,289548,182860,2232720,14285.210,10758.071,0,2758.633,0,186.637,3049,3563,0.870,1.380,1.040,1,0,5.988,0,0,18,301,1,10,0
30-06 07:04:02,14.077,3.268,82.201,0.251,0,5298388,291472,182860,2232856,15006.381,11735.424,0,76.420,0,10.055,2349,2315,0.880,1.380,1.040,1,0,5.028,0,0,18,301,1,11,0
30-06 07:04:03,42.554,7.217,48.277,0,0,5042912,546844,182864,2232956,5346.357,1810.654,91.578,139.358,1.991,12.940,3386,2061,0.880,1.380,1.040,1,0,18.913,0,0,18,284,1,16,0
30-06 07:04:04,54.765,12.503,33.009,0.250,0,5145660,444196,182864,2232984,4467.197,1026.275,48.013,0,8.002,0,3507,1797,0.880,1.380,1.040,3,0,6.002,0,0,18,284,1,16,0
30-06 07:04:05,65.097,11.016,23.285,0,0,5200372,388844,182868,2233608,4486.699,1081.615,424.634,576.861,30.045,21.031,3954,1745,0.880,1.380,1.040,5,0,4.006,0,0,18,282,1,16,0
30-06 07:04:06,81.545,15.305,1.756,1.756,0,5027748,560984,182868,2234276,4856.579,975.531,224.814,566.049,15.054,39.142,6535,6636,0.880,1.380,1.040,3,0,11.040,0,0,18,257,1,22,0
30-06 07:04:07,66.493,8.965,23.908,0,0,5178364,410180,182868,2234464,4642.082,1075.847,0,95.631,0,5.977,3699,1735,1.050,1.400,1.050,4,0,1.992,0,0,18,257,1,22,0
30-06 07:04:08,65.521,9.753,23.257,0.500,0,5286380,298144,182880,2238472,4541.426,1208.379,1572.494,5045.584,101.032,589.185,8141,13781,1.050,1.400,1.050,2,0,2.001,0,0,18,268,1,28,0
30-06 07:04:09,18.235,4.247,75.939,0,0,5346524,237256,182880,2239216,53150.402,18753.969,31.974,143.885,1.998,18.985,4982,7551,1.050,1.400,1.050,0,0,0.999,0,0,18,276,1,30,0
30-06 07:04:10,5.501,1.500,91.511,0.250,0,5344388,239368,182880,2239240,17283.994,3647.421,0,344.040,0,42.005,2523,3598,1.050,1.400,1.050,0,0,0,0,0,18,279,1,30,0
30-06 07:04:11,2.249,1.500,94.727,0.500,0,5335292,248448,182884,2239252,4076.003,1079.736,0,347.915,0,42.989,1568,2350,1.050,1.400,1.050,1,0,1.000,0,0,18,279,1,30,0
30-06 07:04:12,2.251,0.750,96.275,0,0,5331792,251944,182884,2239256,4181.074,1080.277,0,216.055,0,25.006,1221,1725,0.960,1.380,1.050,0,0,0,0,0,18,279,1,30,0
30-06 07:04:13,1.000,0.750,96.991,0.250,0,5328736,255000,182884,2239256,4239.617,1153.896,0,1015.908,0,36.997,1050,1518,0.960,1.380,1.050,0,0,0,0,0,18,279,1,30,0
30-06 07:04:14,1.504,0.501,97.789,0.251,0,5324252,259484,182884,2239256,4372.942,1083.206,0,44.131,0,7.021,1051,1542,0.960,1.380,1.050,0,0,0,0,0,18,279,1,30,0
30-06 07:04:15,1.246,0.499,97.226,0.249,0,5321908,261828,182884,2239256,4766.552,1076.962,0,111.685,0,6.980,934,1291,0.960,1.380,1.050,0,0,0,0,0,18,279,1,30,0
30-06 07:04:16,1.500,0.250,97.002,0,0,5319780,263888,182884,2239324,4483.083,1026.019,68.001,28.001,7.000,4.000,1034,1393,0.960,1.380,1.050,0,0,0,0,0,18,279,1,30,0
30-06 07:04:17,1.250,0.500,97.743,0,0,5318592,265076,182884,2239324,4839.670,1079.926,0,99.993,0,9.999,1026,1527,0.890,1.360,1.040,0,0,0,0,0,18,279,1,30,0
30-06 07:04:18,1.249,0.750,96.705,0,0,5318340,265328,182884,2239324,4443.933,1025.523,0,27.987,0,3.998,1020,1360,0.890,1.360,1.040,0,0,0,0,0,18,279,1,30,0
30-06 07:04:19,1.250,1.000,96.762,0.250,0,5318308,265328,182888,2239352,5080.627,1080.133,28.003,388.048,3.000,29.004,1228,1783,0.890,1.360,1.040,0,0,0,0,0,18,279,1,30,0
30-06 07:04:20,2.761,0.753,95.633,0,0.251,5318300,265328,182888,2239360,4409.638,975.903,0,216.867,0,34.137,1497,2198,0.890,1.360,1.040,0,0,0,0,0,18,279,1,29,0
30-06 07:04:21,1.992,0.996,95.873,0.249,0,5318552,265076,182888,2239360,4001.280,1075.773,0,227.108,0,28.887,1395,2050,0.890,1.360,1.040,0,0,0.996,0,0,18,279,1,29,0
30-06 07:04:22,1.500,0.750,96.230,0,0,5318552,265076,182888,2239360,4511.085,971.803,0,1411.714,0,149.970,1051,1434,0.810,1.330,1.040,0,0,0,0,0,18,279,1,29,0
30-06 07:04:23,1.000,1.000,97.508,0,0,5318552,265076,182888,2239360,4060.341,1080.091,0,4.000,0,1.000,956,1322,0.810,1.330,1.040,0,0,0,0,0,18,279,1,29,0
30-06 07:04:24,6.500,3.750,88.248,0.250,0,5323768,259836,182888,2239384,4177.899,1157.972,20.000,287.993,1.000,17.000,2106,3845,0.810,1.330,1.040,0,0,35.999,0,0,18,279,1,29,0
30-06 07:04:25,1.250,0.500,97.512,0,0,5324020,259584,182888,2239384,4298.529,1158.142,0,24.003,0,4.000,917,1258,0.810,1.330,1.040,0,0,0,0,0,18,279,1,29,0
30-06 07:04:26,1.250,1.250,96.727,0.250,0,5324240,259360,182888,2239388,4116.030,539.873,0,243.943,0,22.995,1112,1636,0.810,1.330,1.040,0,0,0,0,0,18,279,1,29,0
30-06 07:04:27,1.499,0.500,96.716,0,0,5324180,259420,182888,2239388,3910.643,971.663,0,131.954,0,13.995,1117,1631,0.750,1.310,1.030,0,0,0,0,0,18,279,1,29,0
30-06 07:04:28,2.000,0.750,96.248,0.250,0,5323092,260508,182888,2239388,4369.911,1079.978,0,175.996,0,11.000,1173,1541,0.750,1.310,1.030,0,0,0,0,0,18,279,1,29,0
30-06 07:04:29,1.250,1.500,96.500,0,0,5316772,266816,182888,2239400,3887.996,647.999,0,8143.991,0,1008.999,1518,1791,0.750,1.310,1.030,0,0,0,0,0,18,279,1,29,0
30-06 07:04:30,2.757,1.002,94.731,0.251,0,5317024,266564,182892,2239396,4470.920,908.218,0,336.823,0,41.100,1513,2191,0.750,1.310,1.030,2,0,0,0,0,18,279,1,29,0
30-06 07:04:31,1.497,0.748,96.282,0.249,0,5317512,266064,182892,2239408,4393.063,1077.563,0,195.558,0,22.948,1282,1949,0.750,1.310,1.030,0,0,0.998,0,0,18,279,1,29,0
30-06 07:04:32,1.750,0.750,97.017,0,0,5317512,266064,182892,2239408,4746.809,1080.184,0,132.022,0,13.002,1011,1336,0.690,1.290,1.020,0,0,0,0,0,18,279,1,29,0
30-06 07:04:33,2.244,0.748,95.240,0.249,0,5317516,266064,182892,2239408,4733.054,1077.054,0,646.232,0,44.877,1270,1819,0.690,1.290,1.020,0,0,0,0,0,18,279,1,29,0
30-06 07:04:34,1.253,0.501,97.508,0,0,5317516,266064,182892,2239408,4878.912,1124.977,0,28.074,0,4.011,944,1306,0.690,1.290,1.020,0,0,2.005,0,0,18,279,1,29,0
30-06 07:04:35,1.000,1.250,97.243,0,0,5317512,266064,182892,2239412,4745.660,1079.923,0,4.000,0,1.000,894,1242,0.690,1.290,1.020,0,0,0,0,0,18,279,1,29,0
30-06 07:04:36,4.764,5.265,88.007,0.501,0,5308988,273384,183032,2240476,4600.456,1177.444,1536.494,1239.626,97.285,9.026,2268,2607,0.690,1.290,1.020,1,0,65.191,0,0,18,279,1,29,0
30-06 07:04:37,38.904,6.235,54.366,0.748,0,5007088,574812,183032,2241052,4447.017,1518.250,187.537,119.704,10.973,6.983,3193,2157,0.710,1.280,1.020,2,0,15.961,0,0,18,275,1,31,0
30-06 07:04:38,22.503,3.250,72.008,0,0.250,5068500,513324,183032,2241132,4416.520,1420.167,0,64.008,0,3.000,2186,1745,0.710,1.280,1.020,2,0,0,0,0,18,275,1,31,0
30-06 07:04:39,22.161,5.727,70.466,0,0,5140692,440020,183040,2242256,5543.693,1394.389,398.397,0,32.868,0,3741,5049,0.710,1.280,1.020,1,0,16.932,0,0,18,279,1,33,0
30-06 07:04:40,24.350,7.280,67.527,0.251,0,5212192,368480,183040,2242296,6564.918,1357.566,0,799.277,0,68.280,3130,2876,0.710,1.280,1.020,1,0,12.049,0,0,18,279,1,33,0
30-06 07:04:41,25.062,3.509,69.923,0.251,0,5255232,325260,183040,2242476,6298.558,1186.932,0,324.802,0,40.099,2783,2645,0.710,1.280,1.020,1,0,2.005,0,0,18,279,1,33,0
30-06 07:04:42,1.995,0.997,96.255,0,0,5255208,325260,183040,2242500,3969.916,654.338,0,79.797,0,9.975,1116,1527,0.660,1.260,1.020,0,0,0,0,0,18,279,1,33,0
30-06 07:04:43,2.000,0.500,96.240,0.500,0,5247264,333192,183048,2242504,4345.566,1239.876,0,499.950,0,37.996,1149,1622,0.660,1.260,1.020,0,0,0,0,0,18,279,1,33,0
30-06 07:04:44,1.004,0.502,97.844,0,0,5247604,332848,183048,2242508,4226.881,975.434,0,28.099,0,4.014,948,1314,0.660,1.260,1.020,0,0,0,0,0,18,279,1,33,0
30-06 07:04:45,1.497,0.499,96.788,0,0,5247828,332624,183048,2242508,4829.428,1193.388,0,183.598,0,0.998,930,1225,0.660,1.260,1.020,0,0,0,0,0,18,279,1,33,0
30-06 07:04:46,1.499,0.750,97.447,0,0,5240812,339640,183048,2242508,4646.489,971.475,0,51.972,0,2.998,868,1201,0.660,1.260,1.020,0,0,0,0,0,18,279,1,33,0
30-06 07:04:47,3.995,1.498,93.388,0,0,5237456,342848,183048,2242656,4174.995,1168.599,0,3.995,0,0.999,1408,1860,0.600,1.240,1.010,0,0,2.996,0,0,18,279,1,33,0
30-06 07:04:48,4.256,1.502,92.881,0.501,0,5234028,346268,183048,2242664,3945.561,1081.524,0,2195.094,0,97.137,1672,2203,0.600,1.240,1.010,1,0,2.003,0,0,18,279,1,35,0
30-06 07:04:49,2.995,0.749,95.094,0,0,5231028,349260,183052,2242668,3905.585,1044.285,0,203.666,0,20.966,1332,1851,0.600,1.240,1.010,1,0,0.998,0,0,18,279,1,33,0
30-06 07:04:50,2.754,1.252,94.393,0.751,0,5228628,351652,183056,2242672,4126.249,1081.638,0,356.540,0,48.073,1649,2399,0.600,1.240,1.010,0,0,0,0,0,18,279,1,33,0
30-06 07:04:51,2.496,0.749,95.350,0.250,0,5226320,353944,183060,2242684,3932.795,1012.403,3.994,395.376,0.998,37.940,1632,2458,0.600,1.240,1.010,0,0,0.998,0,0,18,279,1,33,0
30-06 07:04:52,1.001,0.751,97.328,0,0,5224312,355948,183060,2242688,4193.339,1220.972,0,172.137,0,15.012,950,1355,0.560,1.220,1.010,0,0,0,0,0,18,279,1,33,0
30-06 07:04:53,1.499,0.749,96.656,0,0,5222560,357700,183060,2242688,4056.061,1078.952,0,611.406,0,67.934,1026,1406,0.560,1.220,1.010,0,0,0,0,0,18,279,1,33,0
30-06 07:04:54,1.501,0.500,97.557,0.250,0,5221024,359236,183060,2242688,4548.652,1146.668,0,4834.818,0,632.369,1022,1358,0.560,1.220,1.010,0,0,0,0,0,18,279,1,33,0
30-06 07:04:55,1.000,0.500,97.008,0,0,5219680,360580,183060,2242688,4954.406,1278.105,0,0,0,0,910,1249,0.560,1.220,1.010,0,0,0,0,0,18,279,1,33,0
30-06 07:04:56,1.500,0.750,96.519,0.250,0,5218128,362124,183060,2242696,4975.957,972.187,0,304.059,0,25.005,1168,1739,0.560,1.220,1.010,0,0,0,0,0,18,279,1,33,0
30-06 07:04:57,1.500,0.750,96.759,0,0,5217388,362864,183060,2242696,4386.414,1244.117,0,88.008,0,12.001,1069,1597,0.510,1.200,1,0,0,0,0,0,18,279,1,33,0
30-06 07:04:58,1.496,0.499,96.959,0,0,5217388,362864,183060,2242696,4193.398,1118.638,0,227.317,0,16.949,1027,1465,0.510,1.200,1,1,0,0,0,0,18,279,1,33,0
30-06 07:04:59,2.006,0.502,96.805,0.251,0,5217384,362864,183060,2242700,4444.023,1083.419,0,36.114,0,5.016,943,1319,0.510,1.200,1,0,0,0,0,0,18,279,1,33,0
30-06 07:05:00,2.252,1.001,96.071,0,0,5217384,362864,183060,2242700,4733.512,1122.833,0,188.140,0,30.022,1389,2041,0.510,1.200,1,1,0,0,0,0,18,279,1,33,0
30-06 07:05:01,1.249,0.999,95.908,0.500,0,5217376,362864,183060,2242708,4912.301,1078.968,0,251.759,0,29.971,1474,2154,0.510,1.200,1,2,0,0.999,0,0,18,279,1,27,0
30-06 07:05:02,1.500,0.750,96.995,0,0,5210220,370020,183060,2242708,4479.752,1079.940,15.999,119.993,1.000,7.000,1038,1371,0.470,1.180,0.990,0,0,3.000,0,0,18,279,1,27,0
30-06 07:05:03,1.000,0.750,97.002,0.250,0,5210272,369948,183060,2242728,4452.075,972.016,0,380.006,0,27.000,968,1388,0.470,1.180,0.990,1,0,0,0,0,18,279,1,27,0
30-06 07:05:04,1.503,1.002,97.466,0,0,5210272,369948,183060,2242728,5271.687,1082.400,0,28.062,0,4.009,965,1312,0.470,1.180,0.990,0,0,0,0,0,18,279,1,27,0
30-06 07:05:05,8.980,1.746,87.052,0.249,0,5210400,369696,183060,2242852,5280.014,969.798,95.783,834.106,5.986,75.828,2751,3924,0.470,1.180,0.990,0,0,0.998,0,0,18,279,1,21,0
30-06 07:05:06,1.253,0.501,97.224,0,0,5210396,369696,183060,2242856,4747.960,1082.499,0,0,0,0,932,1286,0.470,1.180,0.990,0,0,0,0,0,18,279,1,21,0
30-06 07:05:07,4.506,8.261,86.610,0,0,5215544,364544,183060,2242860,4277.457,973.242,0,444.567,0,6.008,2883,2600,0.510,1.180,1,2,0,143.183,0,0,18,279,1,21,0
30-06 07:05:08,15.700,11.713,71.024,0,0,5268340,311732,183060,2242876,4106.947,1166.293,0,27.911,0,1.994,3821,3093,0.510,1.180,1,1,0,167.468,0,0,18,279,1,21,0
30-06 07:05:09,19.996,3.749,74.985,0,0,5314872,265180,183060,2242896,15398.880,8060.367,0,0,0,0,2241,1891,0.510,1.180,1,1,0,0,0,0,18,280,1,7,0
30-06 07:05:10,21.832,4.015,72.019,1.004,0,5313708,266004,183060,2243236,8304.010,5306.818,297.110,1051.928,24.090,126.472,5158,7003,0.510,1.180,1,4,0,1.004,0,0,18,280,1,9,0
30-06 07:05:11,39.596,9.712,48.810,0.498,0,5395716,183844,183068,2243380,5170.901,2480.359,75.706,820.810,3.985,100.609,4569,4712,0.510,1.180,1,3,0,26.895,0,0,18,279,1,10,0
30-06 07:05:12,31.874,6.525,59.982,0.251,0,5440392,139016,183076,2243524,33207.700,29667.982,112.436,293.136,5.019,20.078,3526,3323,0.550,1.170,1,4,0,4.016,0,0,18,284,1,17,0
30-06 07:05:13,14.445,4.483,79.945,0,0,5421272,157960,183076,2243700,13549.253,10144.258,15.939,302.843,0.996,11.954,2311,2230,0.550,1.170,1,0,0,34.867,0,0,18,279,1,21,0
30-06 07:05:14,1.750,0.750,96.993,0,0,5415740,163488,183076,2243704,4391.663,1129.913,0,159.988,0,10.999,969,1385,0.550,1.170,1,0,0,0,0,0,18,279,1,21,0
30-06 07:05:15,1.499,0.250,95.967,0.750,0,5409560,169664,183076,2243708,4478.451,1079.627,0,2535.123,0,155.946,1216,1952,0.550,1.170,1,0,0,0,0,0,18,279,1,21,0
30-06 07:05:16,1.500,0.750,97.014,0,0,5401416,177808,183076,2243708,4857.725,1080.161,0,148.022,0,16.002,1060,1546,0.550,1.170,1,0,0,0,0,0,18,279,1,21,0
30-06 07:05:17,1.000,0.750,97.767,0,0,5394236,184988,183076,2243708,4790.851,1192.212,0,32.006,0,5.001,889,1291,0.510,1.150,0.990,0,0,0,0,0,18,279,1,21,0
30-06 07:05:18,1.500,0.750,96.741,0,0,5386240,192980,183076,2243712,5479.472,1079.896,0,7.999,0,1.000,997,1349,0.510,1.150,0.990,0,0,0,0,0,18,279,1,21,0
30-06 07:05:19,1.500,0.500,98.277,0,0,5377800,201420,183076,2243712,6101.705,1080.302,0,0,0,0,876,1229,0.510,1.150,0.990,0,0,0,0,0,18,279,1,21,0
30-06 07:05:20,2.752,1.501,94.581,0.250,0,5368048,211172,183076,2243712,5684.842,1080.921,0,436.372,0,45.038,1475,2188,0.510,1.150,0.990,0,1,0,0,0,18,279,1,21,0
30-06 07:05:21,1.499,0.999,95.924,0.500,0,5364376,214816,183076,2243740,4313.597,1079.149,15.987,335.735,0.999,42.966,1390,2191,0.510,1.150,0.990,0,0,1.998,0,0,18,279,1,21,0
30-06 07:05:22,1.750,0.750,96.023,0.500,0,5361188,218000,183076,2243744,3672.891,972.236,0,2216.537,0,147.036,1348,2161,0.470,1.130,0.980,0,0,0,0,0,18,279,1,21,0
30-06 07:05:23,1.500,1.000,96.757,0.250,0,5357804,221384,183076,2243744,4300.330,1080.083,0,1720.132,0,128.010,1124,1639,0.470,1.130,0.980,0,0,0,0,0,18,279,1,21,0
30-06 07:05:24,6.496,3.997,88.441,0,0,5350732,228452,183080,2243744,4363.105,1145.240,0,39.973,0,3.997,2238,6878,0.470,1.130,0.980,0,0,35.976,0,0,18,279,1,22,0
30-06 07:05:25,1.004,0.753,97.422,0.251,0,5349928,229256,183080,2243744,4417.128,1042.515,0,2305.986,0,391.696,1023,1315,0.470,1.130,0.980,0,0,0,0,0,18,279,1,21,0
30-06 07:05:26,1.245,0.249,96.592,0,0,5347080,232104,183080,2243744,4669.291,1206.906,0,258.907,0,23.899,1137,1669,0.470,1.130,0.980,0,0,0,0,0,18,279,1,21,0
30-06 07:05:27,1.750,1.000,96.983,0,0,5345656,233524,183080,2243748,4211.242,971.825,0,67.988,0,8.998,1029,1526,0.430,1.120,0.980,1,0,0,0,0,18,279,1,21,0
30-06 07:05:28,1.500,0.500,97.019,0.250,0,5343784,235396,183080,2243748,4180.822,1080.212,0,192.038,0,14.003,1095,1549,0.430,1.120,0.980,1,0,0,0,0,18,279,1,21,0
30-06 07:05:29,0.999,0.999,96.937,0,0,5341924,237256,183080,2243748,3909.441,971.364,0,55.963,0,5.996,1024,1361,0.430,1.120,0.980,0,0,0,0,0,18,279,1,21,0
30-06 07:05:30,2.502,1.001,95.065,0,0,5341272,237908,183080,2243748,3822.604,1122.765,0,416.284,0,41.028,1537,2265,0.430,1.120,0.980,1,0,0,0,0,18,279,1,21,0
30-06 07:05:31,2.000,1.250,96.010,0.500,0,5340856,238308,183080,2243764,3999.403,972.098,0,612.062,0,99.010,1506,2286,0.430,1.120,0.980,0,0,1.000,0,0,18,279,1,21,0
30-06 07:05:32,1.250,0.500,97.231,0.250,0,5340816,238348,183080,2243764,4419.140,1079.790,0,107.979,0,7.998,899,1254,0.470,1.110,0.980,0,0,0,0,0,18,279,1,21,0
30-06 07:05:33,1.998,0.999,96.424,0,0,5340808,238356,183080,2243764,4536.437,1079.152,0,371.708,0,24.980,1032,1423,0.470,1.110,0.980,0,0,0,0,0,18,279,1,21,0
30-06 07:05:34,1.501,0.750,97.558,0,0,5340808,238356,183080,2243764,4574.716,1014.602,0,28.017,0,4.002,938,1303,0.470,1.110,0.980,0,0,0,0,0,18,279,1,21,0
30-06 07:05:35,1.500,0.750,97.262,0,0,5340808,238356,183080,2243764,5020.642,1080.138,0,12.002,0,2.000,951,1317,0.470,1.110,0.980,0,0,0,0,0,18,279,1,21,0
30-06 07:05:36,1.250,0.750,96.495,0,0,5340500,238664,183080,2243764,5036.728,1079.942,0,59.997,0,6.000,1063,1398,0.470,1.110,0.980,0,0,0,0,0,18,279,1,21,0
30-06 07:05:37,1.250,0.500,97.216,0,0,5340524,238640,183080,2243764,4788.336,1079.625,0,47.983,0,5.998,975,1353,0.440,1.100,0.970,0,0,0,0,0,18,279,1,21,0
30-06 07:05:38,1.501,1.001,97.051,0,0,5340524,238640,183080,2243760,4154.202,972.515,0,0,0,0,1024,1371,0.440,1.100,0.970,0,0,3.002,0,0,18,279,0,19,0
30-06 07:05:39,2.250,1.250,95.980,0,0,5340748,238416,183080,2243760,5204.923,1145.763,0,0,0,0,1114,1480,0.440,1.100,0.970,0,0,2.999,0,0,18,279,0,19,0
30-06 07:05:40,4.004,2.002,91.602,0.250,0,5340928,238164,183080,2243832,5642.254,1147.272,32.036,236.262,2.002,28.031,1915,2515,0.440,1.100,0.970,1,0,8.009,0,0,18,279,0,19,0
30-06 07:05:41,2.747,0.999,95.661,0.500,0,5340924,238164,183080,2243836,5176.182,1210.873,0,439.591,0,51.952,1713,2637,0.440,1.100,0.970,0,0,0.999,0,0,18,279,0,19,0
30-06 07:05:42,2.501,0.750,96.040,0,0,5340912,238164,183080,2243848,4361.823,1080.452,0,204.085,0,19.008,1170,1647,0.480,1.090,0.970,0,0,0,0,0,18,279,0,17,0
30-06 07:05:43,2.750,2.250,93.986,0.250,0,5340904,238164,183080,2243856,4239.371,1079.840,0,167.975,0,12.998,1620,2072,0.480,1.090,0.970,1,0,18.997,0,0,18,279,0,17,0
30-06 07:05:44,2.750,1.250,94.747,0,0,5341612,237432,183084,2243876,4601.837,1079.962,0,167.994,0,13.000,1413,1854,0.480,1.090,0.970,0,0,3.000,0,0,18,279,0,17,0
30-06 07:05:45,4.000,1.250,93.745,0.250,0,5341612,237432,183084,2243876,3503.809,365.980,0,239.987,0,19.999,1609,2130,0.480,1.090,0.970,0,0,2.000,0,0,18,279,0,17,0
30-06 07:05:46,1.750,1.000,96.998,0,0,5341600,237432,183084,2243888,3996.917,539.989,0,159.997,0,11.000,1035,1452,0.480,1.090,0.970,0,0,0,0,0,18,279,0,17,0
30-06 07:05:47,1.500,0.250,97.254,0,0,5341600,237432,183084,2243888,4300.167,1080.042,0,648.025,0,38.001,938,1396,0.440,1.070,0.970,0,0,0,0,0,18,279,0,17,0
30-06 07:05:48,1.250,1.000,97.217,0.250,0,5341596,237432,183084,2243892,4090.596,971.666,0,27.990,0,3.999,973,1319,0.440,1.070,0.970,0,0,0,0,0,18,279,0,17,0
30-06 07:05:49,1.750,1.000,96.997,0,0,5341596,237432,183084,2243892,4249.865,1079.966,0,19.999,0,1.000,986,1356,0.440,1.070,0.970,0,0,0,0,0,18,279,0,17,0
30-06 07:05:50,2.251,0.750,95.536,0,0,5341592,237432,183084,2243896,3853.454,1112.420,0,428.162,0,42.016,1485,2230,0.440,1.070,0.970,2,0,0,0,0,18,279,0,15,0
30-06 07:05:51,2.000,1.000,95.484,0.500,0.250,5341844,237180,183084,2243896,4326.275,1121.812,0,295.950,0,38.993,1517,2229,0.440,1.070,0.970,0,0,1.000,0,0,18,279,0,15,0
30-06 07:05:52,1.500,1.000,96.984,0,0,5341840,237180,183084,2243900,4069.337,1079.824,0,163.973,0,14.998,975,1402,0.410,1.060,0.960,0,0,0,0,0,18,279,0,15,0
30-06 07:05:53,1.750,1.000,97.235,0.250,0,5341836,237180,183084,2243904,3291.479,431.932,0,343.946,0,22.996,1054,1470,0.410,1.060,0.960,0,0,0,0,0,18,279,0,15,0
30-06 07:05:54,1.249,0.250,96.685,0,0,5341836,237180,183084,2243904,3377.720,539.636,0,187.873,0,35.976,900,1297,0.410,1.060,0.960,0,0,0,0,0,18,279,0,15,0
30-06 07:05:55,1.501,1.001,97.062,0,0,5341836,237180,183084,2243904,5029.213,1146.733,0,52.033,0,6.004,948,1302,0.410,1.060,0.960,0,0,0,0,0,18,279,0,15,0
30-06 07:05:56,1.750,0.500,96.499,0.250,0,5341836,237180,183084,2243904,4540.933,1103.984,0,1279.981,0,226.997,1126,1626,0.410,1.060,0.960,0,0,0,0,0,18,279,0,15,0
30-06 07:05:57,2.000,0.500,96.263,0,0,5341832,237180,183084,2243908,4966.654,1146.151,0,88.012,0,12.002,1153,1636,0.370,1.040,0.960,0,0,0,0,0,18,279,0,15,0
30-06 07:05:58,1.000,0.750,97.046,0,0,5341832,237180,183084,2243908,4722.237,1122.532,0,200.095,0,12.006,1002,1429,0.370,1.040,0.960,0,0,0,0,0,18,279,0,15,0
30-06 07:05:59,1.500,0.750,97.001,0,0,5341832,237180,183084,2243908,4660.061,1080.014,0,32.000,0,5.000,961,1354,0.370,1.040,0.960,0,0,0,0,0,18,279,0,15,0
30-06 07:06:00,2.255,0.501,95.719,0.501,0,5341832,237180,183084,2243908,5031.518,1124.574,0,396.909,0,41.094,1409,2155,0.370,1.040,0.960,1,0,0,0,0,18,279,0,15,0
30-06 07:06:01,2.989,1.744,93.668,0.498,0,5341820,237180,183084,2243920,10673.222,2448.334,0,279.012,0,32.884,1756,2402,0.370,1.040,0.960,0,0,0.996,0,0,18,279,0,15,0
30-06 07:06:02,1.256,0.502,97.462,0,0,5341816,237180,183084,2243924,4654.039,976.625,0,0,0,0,865,1252,0.340,1.020,0.950,0,0,0,0,0,18,279,0,15,0
30-06 07:06:03,9.957,4.978,84.137,0,0,5365680,213316,183084,2243924,6293.816,3016.969,0,290.744,0,17.923,2036,1872,0.340,1.020,0.950,0,0,36.841,0,0,18,280,0,15,0
30-06 07:06:04,16.261,1.751,80.055,0.250,0,5369564,209096,183084,2244268,12257.367,7077.832,36.025,228.156,3.002,4.003,3029,3745,0.340,1.020,0.950,0,0,2.001,0,0,18,284,0,15,0
30-06 07:06:05,7.265,14.028,77.405,0,0,5352220,226440,183084,2244268,8041.083,4009.019,0,4.008,0,1.002,4503,3673,0.340,1.020,0.950,1,0,261.523,0,0,18,283,0,16,0
30-06 07:06:06,12.723,14.968,70.600,0,0,5376172,202432,183088,2244320,16544.750,2023.688,0,167.643,0,11.974,4679,3729,0.340,1.020,0.950,1,0,236.496,0,0,18,283,0,16,0
30-06 07:06:07,20.249,5.500,72.245,0.250,0,5426820,151024,183096,2245072,4247.692,971.930,739.946,387.972,52.996,6.000,2096,1789,0.400,1.020,0.950,1,0,2.000,0,0,18,283,0,16,0
30-06 07:06:08,23.254,3.251,72.762,1.250,0,5455836,118768,183196,2248212,4326.723,1164.194,1364.228,8.001,144.024,1.000,2284,1919,0.400,1.020,0.950,2,0,0,0,0,18,283,0,16,0
30-06 07:06:09,23.514,4.252,70.291,1.251,0,5435564,182084,181532,2207424,9887.703,2722.570,1749.009,0,170.098,0,2707,2610,0.400,1.020,0.950,1,0,3.002,0,0,18,281,0,16,2
30-06 07:06:10,26.017,4.503,68.295,1.001,0,5473024,144300,181532,2207748,3618.373,1066.700,0,4466.930,0,233.153,4951,6977,0.400,1.020,0.950,2,1,0,0,0,18,282,0,17,2
30-06 07:06:11,24.736,3.248,68.711,1.249,0,5469560,147232,181532,2208296,4324.520,1079.381,491.718,1427.182,47.972,144.917,5849,8001,0.400,1.020,0.950,1,0,0.999,0,0,18,287,0,16,2
30-06 07:06:12,19.735,4.497,72.444,1.499,0,5476740,139196,181532,2209152,5068.073,1921.511,655.492,1674.702,37.971,240.813,4727,6668,0.360,1,0.950,0,0,0.999,0,0,18,288,0,18,2
30-06 07:06:13,10.252,2.000,86.014,0.500,0,5478276,137208,181532,2209604,5411.905,1968.329,176.029,900.151,10.002,129.022,2979,4243,0.360,1,0.950,0,0,0,0,0,18,288,0,18,2
30-06 07:06:14,5.499,1.000,93.241,0,0,5478256,137208,181532,2209624,5440.456,1488.851,0,243.976,0,22.998,1683,2252,0.360,1,0.950,2,0,0,0,0,18,288,0,18,2
30-06 07:06:15,3.253,1.251,92.597,1.001,0,5479984,135444,181536,2209656,5551.789,1027.071,16.017,4016.188,1.001,260.271,2110,3305,0.360,1,0.950,1,0,0,0,0,18,289,0,6,2
30-06 07:06:16,6.494,1.998,90.161,0.500,0,5478220,137092,181536,2209772,11850.288,2983.052,63.937,807.202,3.996,97.903,2660,3785,0.360,1,0.950,0,0,0,0,0,18,288,0,6,2
30-06 07:06:17,23.513,4.252,68.788,1.751,0,5476716,138224,181536,2210144,4214.304,972.532,16.009,2709.481,1.001,325.178,7560,11619,0.500,1.020,0.950,1,0,1.001,0,0,18,291,0,8,2
30-06 07:06:18,23.989,6.247,67.220,1.499,0,5478540,136120,181540,2210420,5667.471,1079.518,0,5301.634,0,385.828,7617,11258,0.500,1.020,0.950,1,0,0,0,0,18,292,0,8,2
30-06 07:06:19,10.498,2.499,83.981,1.250,0,5478644,135916,181540,2210520,6238.556,2023.532,15.996,2647.387,1.000,233.946,3612,5282,0.500,1.020,0.950,0,0,0,0,0,18,290,0,9,2
30-06 07:06:20,10.247,1.999,86.225,1.000,0,5476444,137936,181544,2210696,11715.668,2919.170,0,1027.708,0,128.963,3241,4625,0.500,1.020,0.950,2,0,0,0,0,18,290,0,9,2
30-06 07:06:21,16.008,4.002,77.287,1.501,0,5476864,137432,181548,2210776,4501.167,1080.520,0,2921.406,0,296.143,5976,9301,0.500,1.020,0.950,1,0,1.000,0,0,18,291,0,9,2
30-06 07:06:22,23.981,5.496,67.198,1.499,0,5477060,136880,181548,2211132,4716.321,1079.158,0,8217.590,0,953.256,7843,11259,0.540,1.020,0.950,1,0,0,0,0,18,291,0,12,2
30-06 07:06:23,13.250,3.250,79.001,2.750,0,5477996,135872,181556,2211196,5432.060,1914.021,0,6504.072,0,493.005,4808,7662,0.540,1.020,0.950,1,0,0,0,0,18,290,0,13,2
30-06 07:06:24,16.008,5.503,75.538,0.750,0,5475860,177920,179696,2173804,6423.193,2023.006,52.026,1008.501,2.001,151.075,4495,15874,0.540,1.020,0.950,0,0,36.018,0,0,18,290,0,16,2
30-06 07:06:25,10.771,2.505,84.916,0.751,0,5476104,177652,179704,2173676,5041.870,1959.837,0,2023.962,0,228.447,3154,4360,0.540,1.020,0.950,0,0,0,0,0,18,290,0,17,2
30-06 07:06:26,4.993,0.999,92.113,0.250,0,5476076,177652,179716,2173692,6235.749,1144.302,0,706.951,0,69.896,2177,3034,0.540,1.020,0.950,1,0,0,0,0,18,291,0,17,2
30-06 07:06:27,17.742,2.499,77.467,1.000,0,5469684,183668,179720,2174064,11116.219,2918.745,143.938,5037.833,6.997,620.733,4485,5268,0.490,1,0.950,0,0,0,0,0,18,290,0,16,2
30-06 07:06:28,6.504,1.501,90.305,0.500,0.250,5469672,183668,179720,2174076,10945.708,2855.750,0,948.581,0,108.066,2580,3650,0.490,1,0.950,3,0,0,0,0,18,290,0,16,2
30-06 07:06:29,7.496,0.999,89.202,1.249,0,5469840,183416,179724,2174156,5490.050,1847.008,0,883.525,0,116.937,2686,3858,0.490,1,0.950,0,0,0,0,0,18,290,0,16,2
30-06 07:06:30,8.276,2.759,86.522,0.251,0.251,5469912,183192,179728,2174304,9989.407,2158.787,0,1211.810,0,126.397,3275,4995,0.490,1,0.950,3,0,0,0,0,18,291,0,16,2
30-06 07:06:31,26.501,3.250,67.001,1.750,0,5470044,182940,179764,2174388,4437.088,1080.022,0,3604.072,0,337.007,6146,9199,0.490,1,0.950,2,0,1.000,0,0,18,291,0,16,2
30-06 07:06:32,24.490,5.498,65.973,1.999,0,5470284,182212,179768,2174872,4396.211,1037.578,0,9156.273,0,847.655,7751,11083,0.530,1,0.950,1,0,0,0,0,18,291,0,20,2
30-06 07:06:33,26.419,5.234,63.804,2.492,0,5470088,181960,179808,2175280,4705.517,1076.686,0,3816.254,0,411.733,8575,13431,0.530,1,0.950,1,0,0,0,0,18,291,0,22,2
30-06 07:06:34,18.250,4.250,75.501,0.250,0,5469984,181960,179812,2175380,4032.078,1014.020,0,916.018,0,96.002,5449,7751,0.530,1,0.950,0,0,0,0,0,18,291,0,22,2
30-06 07:06:35,4.250,0.750,93.503,0.250,0,5470464,181456,179812,2175404,4480.152,1080.037,0,1632.056,0,17.001,1648,2039,0.530,1,0.950,0,0,1.000,0,0,18,292,0,22,2
30-06 07:06:36,3.750,1.250,94.000,0,0,5470292,181456,179812,2175576,4349.009,972.002,0,156.000,0,10.000,1460,1699,0.530,1,0.950,0,0,0,0,0,18,292,0,22,2
30-06 07:06:37,16.778,3.506,76.379,1.002,0,5470468,181204,179820,2175644,4487.600,1081.832,0,1678.843,0,218.370,5458,8000,0.570,1,0.950,2,0,0,0,0,18,292,0,22,2
30-06 07:06:38,25.718,4.994,64.920,2.247,0,5470160,181204,179848,2175924,4156.862,970.800,0,2824.509,0,361.553,8017,12581,0.570,1,0.950,1,0,0,0,0,18,292,0,22,2
30-06 07:06:39,26.754,5.251,65.011,1.500,0,5470220,180448,179876,2176592,4840.808,1080.180,272.045,3368.562,16.003,302.050,7723,11340,0.570,1,0.950,4,0,2.000,0,0,18,292,0,24,2
30-06 07:06:40,20.744,5.748,67.981,3.249,0,5474156,176452,179908,2176620,6450.197,1938.458,0,12892.396,0,650.818,5704,8331,0.570,1,0.950,1,0,5.998,0,0,18,291,0,27,2
30-06 07:06:41,9.999,2.500,85.739,1.250,0,5474672,175696,179936,2176832,7227.045,1948.742,63.992,1787.764,3.999,178.976,3375,4940,0.570,1,0.950,0,0,1.000,0,0,18,291,0,29,2
30-06 07:06:42,5.021,1.004,92.131,0.251,0,5474648,175696,179944,2176848,4558.839,1084.482,0,558.307,0,58.241,1912,2659,0.530,0.980,0.950,2,0,0,0,0,18,292,0,29,2
30-06 07:06:43,15.677,3.235,78.881,0.995,0,5487388,162592,179988,2177168,5947.156,1854.318,0,1409.401,0,141.338,3804,5080,0.530,0.980,0.950,1,0,0,0,0,18,290,0,34,2
30-06 07:06:44,11.501,1.750,84.255,0.750,0,5491508,158336,180020,2177272,11249.672,2920.174,0,1372.082,0,162.010,3208,4399,0.530,0.980,0.950,0,0,0,0,0,18,291,0,36,2
30-06 07:06:45,11.801,2.009,84.113,1.004,0.251,5492688,157088,180040,2177320,5478.642,1549.687,0,1618.986,0,154.667,3140,4304,0.530,0.980,0.950,0,0,1.004,0,0,18,291,0,38,2
30-06 07:06:46,12.467,2.244,81.782,0.499,0,5493932,155772,180056,2177376,5523.284,1884.978,0,1268.620,0,145.612,3346,4589,0.530,0.980,0.950,1,0,2.992,0,0,18,291,0,40,2
30-06 07:06:47,14.777,3.006,82.653,0.751,0,5494200,155016,180072,2177848,10042.538,2180.024,176.325,985.820,11.020,77.142,3808,4834,0.480,0.970,0.940,3,0,1.002,0,0,18,291,0,43,2
30-06 07:06:48,6.728,1.744,87.708,1.744,0,5494660,154512,180108,2177856,4198.013,968.772,0,5561.470,0,400.665,3335,5222,0.480,0.970,0.940,0,0,0.997,0,0,18,291,0,43,2
30-06 07:06:49,12.762,2.252,82.827,1.501,0,5495152,153756,180124,2178104,5354.999,2046.911,0,2946.751,0,259.242,3728,5653,0.480,0.970,0.940,0,0,0,0,0,18,291,0,46,2
30-06 07:06:50,15.491,2.748,79.456,0.999,0,5496628,152248,180140,2178120,4715.411,1720.056,0,1998.902,0,163.910,3906,5437,0.480,0.970,0.940,2,0,0,0,0,18,291,0,50,2
30-06 07:06:51,7.019,1.253,89.749,0.501,0,5496528,152248,180144,2178216,4078.319,854.371,0,970.694,0,113.315,2521,3588,0.480,0.970,0.940,2,1,1.003,0,0,18,291,0,51,2
30-06 07:06:52,1.995,0.748,96.270,0.249,0,5496512,152248,180144,2178232,3916.653,1023.557,0,395.057,0,28.931,1234,1822,0.440,0.950,0.930,1,0,0,0,0,18,292,0,51,2
30-06 07:06:53,4.247,1.249,92.677,0.749,0,5497208,151520,180156,2178252,4716.306,1079.155,0,6890.603,0,870.318,2473,2634,0.440,0.950,0.930,0,0,0,0,0,18,291,0,51,2
30-06 07:06:54,4.749,1.000,92.988,0.250,0,5497276,151296,180160,2178404,4391.413,971.870,0,515.931,0,44.994,1846,2518,0.440,0.950,0.930,0,0,0,0,0,18,291,0,51,2
30-06 07:06:55,4.751,1.250,92.767,0.500,0,5497264,151296,180160,2178416,5382.961,1080.193,0,544.097,0,51.009,1838,2572,0.440,0.950,0.930,0,0,0,0,0,18,291,0,51,2
30-06 07:06:56,11.752,1.750,84.266,1.000,0,5497732,150792,180172,2178440,7540.442,2802.536,0,1576.301,0,220.042,3404,4813,0.440,0.950,0.930,0,0,0,0,0,18,291,0,54,2
30-06 07:06:57,10.765,1.752,85.868,0.501,0,5497864,150540,180196,2178536,4428.082,1424.957,0,865.188,0,94.129,2829,3649,0.490,0.950,0.930,0,0,1.001,0,0,18,291,0,56,2
30-06 07:06:58,5.260,1.503,90.927,1.252,0,5497808,150540,180208,2178580,6019.707,1437.796,0,1530.977,0,186.362,2563,3909,0.490,0.950,0.930,1,0,0,0,0,18,292,0,56,2
30-06 07:06:59,13.200,2.491,81.691,1.245,0,5500084,148052,180212,2178788,10239.234,2927.915,0,1888.849,0,228.136,3726,5476,0.490,0.950,0.930,0,0,0,0,0,18,291,0,60,2
30-06 07:07:00,10.004,2.251,85.034,0.750,0,5499928,148052,180212,2178944,5932.363,1178.469,0,1604.639,0,171.068,3836,5429,0.490,0.950,0.930,1,0,0,0,0,18,291,0,62,2
30-06 07:07:01,16.000,3.000,77.502,2.250,0,5500900,147044,180220,2178972,10353.243,3358.079,16.000,8316.195,1.000,589.014,4767,7482,0.490,0.950,0.930,0,0,1.000,0,0,18,291,0,65,2
30-06 07:07:02,3.751,1.000,93.523,0.500,0.250,5500644,147044,180220,2179228,5809.429,1146.282,0,376.092,0,39.010,1606,2259,0.450,0.940,0.930,1,0,0,0,0,18,292,0,66,2
30-06 07:07:03,6.497,1.499,89.956,0.500,0,5500824,146820,180224,2179268,6189.964,1948.045,0,3798.137,0,520.745,2785,3854,0.450,0.940,0.930,0,0,0,0,0,18,291,0,66,2
30-06 07:07:04,10.498,2.499,85.231,0.500,0,5501532,146064,180236,2179304,5993.664,1542.656,0,983.781,0,115.974,2928,4001,0.450,0.940,0.930,0,0,0,0,0,18,291,0,67,2
30-06 07:07:05,11.755,2.501,83.287,1.251,0,5502204,145308,180248,2179376,6289.768,1836.808,0,972.428,0,133.059,3429,4829,0.450,0.940,0.930,0,0,1.000,0,0,18,291,0,69,2
30-06 07:07:06,8.244,1.249,88.686,0.250,0,5502620,144804,180252,2179460,10757.261,2108.483,0,387.721,0,41.970,2478,3136,0.450,0.940,0.930,1,0,0,0,0,18,292,0,69,2
30-06 07:07:07,25.259,5.752,64.524,2.251,0,5502340,144804,180344,2179648,4647.721,1026.380,0,5061.874,0,523.194,8530,13641,0.490,0.940,0.930,2,0,0,0,0,18,292,0,69,2
30-06 07:07:08,25.016,4.753,67.042,1.501,0,5502788,143796,180376,2180176,4422.753,1080.673,32.020,2897.804,1.001,273.170,7692,11222,0.490,0.940,0.930,2,0,0,0,0,18,292,0,68,2
30-06 07:07:09,15.749,3.000,78.996,1.000,0,5503360,143040,180432,2180304,10203.510,2456.882,0,2283.890,0,200.990,5120,7298,0.490,0.940,0.930,0,0,0,0,0,18,291,0,68,2
30-06 07:07:10,14.260,3.252,79.056,1.751,0,5503432,142788,180500,2180416,4559.242,2077.477,0,7733.498,0,498.354,4574,7084,0.490,0.940,0.930,1,0,0,0,0,18,291,0,71,2
30-06 07:07:11,6.000,1.500,91.253,0.250,0,5503224,142788,180504,2180620,5585.193,1146.040,0,1136.039,0,105.004,2397,3404,0.490,0.940,0.930,1,0,1.000,0,0,18,292,0,72,2
30-06 07:07:12,5.256,1.251,91.104,1.001,0,5503168,142788,180520,2180660,5509.284,1866.129,0,1922.192,0,180.206,2524,3892,0.450,0.920,0.920,0,0,0,0,0,18,291,0,68,2
30-06 07:07:13,14.702,2.492,80.237,0.997,0,5503684,142032,180544,2180876,5497.005,1537.965,0,1690.466,0,163.465,4149,5654,0.450,0.920,0.920,0,0,0,0,0,18,291,0,69,2
30-06 07:07:14,10.757,2.251,85.557,0.500,0,5505392,140268,180564,2180912,5676.769,1783.184,0,1228.816,0,146.097,2990,4092,0.450,0.920,0.920,0,0,0,0,0,18,291,0,72,2
30-06 07:07:15,6.744,1.499,90.413,0.250,0,5505516,140016,180576,2181028,10797.657,2107.981,0,983.058,0,67.935,2202,2769,0.450,0.920,0.920,1,0,0,0,0,18,292,0,72,2
30-06 07:07:16,25.830,5.768,63.947,2.257,0,5505368,139764,180716,2181288,5279.256,1029.169,32.099,5091.679,1.003,521.606,8398,13037,0.450,0.920,0.920,1,1,0,0,0,18,292,0,73,2
30-06 07:07:17,24.311,5.514,66.166,1.754,0,5505744,139012,180828,2181560,5335.424,1094.754,0,6303.860,0,473.191,7612,11550,0.500,0.920,0.930,1,0,0,0,0,18,292,0,77,2
30-06 07:07:18,24.439,4.738,67.582,1.247,0,5506376,138004,180900,2181864,5991.146,1023.463,0,2673.372,0,263.347,7371,10630,0.500,0.920,0.930,2,0,0,0,0,18,292,0,81,2
30-06 07:07:19,25.446,5.987,63.365,2.495,0,5506000,137908,181004,2182232,5594.106,1023.823,0,10006.725,0,1190.469,8602,13250,0.500,0.920,0.930,1,0,0.998,0,0,18,292,0,81,2
30-06 07:07:20,24.853,5.021,67.781,0.753,0,5507304,136424,181032,2182384,4980.616,1084.489,0,3205.268,0,403.671,7334,10111,0.500,0.920,0.930,3,0,2.008,0,0,18,292,0,78,2
30-06 07:07:21,25.460,5.991,64.150,2.496,0,5507944,135416,181072,2182716,3982.780,970.484,15.975,7707.963,0.998,597.068,8238,12429,0.500,0.920,0.930,4,0,0.998,0,0,18,292,0,79,2
30-06 07:07:22,24.185,4.737,65.573,1.995,0,5502708,140244,181104,2183092,4168.767,1077.098,0,2820.401,0,365.016,8043,12325,0.540,0.930,0.930,1,0,0,0,0,18,292,0,79,2
30-06 07:07:23,24.363,5.023,67.814,1.256,0,5504360,138480,181116,2183192,4078.869,1085.019,0,2033.406,0,204.948,7342,10549,0.540,0.930,0.930,2,0,0,0,0,18,292,0,80,2
30-06 07:07:24,7.227,3.738,87.225,0.498,0,5527688,153240,179232,2150656,4274.516,1022.774,0,921.094,0,67.786,2559,4850,0.540,0.930,0.930,3,0,33.893,0,0,18,291,0,74,2
30-06 07:07:25,8.982,2.495,86.324,0.499,0,5533584,147624,179248,2148128,4456.930,1023.916,15.968,1153.652,0.998,94.807,2892,8901,0.540,0.930,0.930,0,0,1.996,0,0,18,291,0,77,2
30-06 07:07:26,16.261,3.252,78.303,1.251,0,5533080,147920,179252,2148332,5961.003,2039.369,32.022,2217.489,1.001,278.187,4105,5805,0.540,0.930,0.930,1,0,0,0,0,18,291,0,81,2
30-06 07:07:27,11.540,1.254,85.549,0.251,0,5532288,148596,179252,2148448,4014.030,1083.788,0,927.241,0,51.179,2378,2812,0.740,0.960,0.940,1,0,0,0,0,18,291,0,86,2
30-06 07:07:28,9.223,1.496,86.993,0.997,0,5523604,157196,179280,2148504,11026.382,2911.388,0,1595.281,0,176.478,3080,4373,0.740,0.960,0.940,1,0,0,0,0,18,291,0,86,2
30-06 07:07:29,5.750,1.250,90.744,0.500,0,5523216,157512,179300,2148556,10083.388,2456.851,0,1075.935,0,92.994,2376,3238,0.740,0.960,0.940,0,0,0,0,0,18,291,0,86,2
30-06 07:07:30,10.286,2.258,84.298,2.007,0,5523288,157260,179316,2148720,3953.963,1125.976,0,6490.921,0,464.641,4392,6781,0.740,0.960,0.940,1,0,0,0,0,18,291,0,86,2
30-06 07:07:31,12.953,2.242,81.955,0.996,0,5523864,156504,179340,2148876,5527.112,2030.693,0,2778.004,0,177.362,3676,5401,0.740,0.960,0.940,1,0,0.996,0,0,18,291,0,89,2
30-06 07:07:32,5.016,1.003,92.795,0.251,0,5523840,156504,179344,2148896,4018.766,1149.652,0,682.167,0,60.191,1731,2387,0.680,0.940,0.930,1,0,0,0,0,18,292,0,87,2
30-06 07:07:33,11.211,1.744,84.459,0.747,0,5524100,156000,179376,2149108,5293.757,1923.372,0,1363.302,0,162.440,3333,5055,0.680,0.940,0.930,0,0,0,0,0,18,291,0,90,2
30-06 07:07:34,6.500,1.250,91.498,0.250,0,5524100,156000,179384,2149100,4359.912,1121.977,0,707.986,0,57.999,1880,2583,0.680,0.940,0.930,0,0,0,0,0,18,291,0,92,2
30-06 07:07:35,7.500,1.750,89.002,0.250,0,5524032,156000,179384,2149168,4886.132,1026.028,0,700.019,0,60.002,2225,2864,0.680,0.940,0.930,0,0,0,0,0,18,291,0,94,2
30-06 07:07:36,11.292,1.255,86.569,0.502,0,5524284,155748,179392,2149160,4808.695,1428.256,0,642.364,0,54.199,2310,2939,0.680,0.940,0.930,1,0,0,0,0,18,290,0,100,2
30-06 07:07:37,6.721,1.245,88.873,0.996,0,5524168,155748,179404,2149264,11903.460,2919.604,0,1457.810,0,190.192,2904,4321,0.620,0.930,0.930,0,0,0,0,0,18,291,0,98,2
30-06 07:07:38,23.866,5.024,67.829,2.261,0,5524044,155496,179444,2149600,4125.998,1030.997,0,3677.826,0,392.904,7926,12096,0.620,0.930,0.930,2,0,0,0,0,18,292,0,98,2
30-06 07:07:39,24.966,5.243,64.413,2.746,0,5522604,156628,179484,2149868,5432.692,1078.549,0,12363.369,0,1341.196,9234,14359,0.620,0.930,0.930,1,0,1.997,0,0,18,292,0,98,2
30-06 07:07:40,15.206,3.490,78.523,1.246,0,5524056,154868,179492,2150168,5097.255,969.196,0,2803.889,0,238.311,5060,7490,0.620,0.930,0.930,1,1,5.983,0,0,18,291,0,98,2
30-06 07:07:41,14.252,3.250,79.260,1.250,0,5523940,154868,179516,2150260,5919.736,1663.207,0,2232.278,0,233.029,4102,6045,0.620,0.930,0.930,1,1,1.000,0,0,18,291,0,95,2
30-06 07:07:42,6.278,1.004,91.407,0.502,0,5523848,154868,179524,2150344,3901.371,867.864,0,1980.820,0,121.541,2067,3139,0.570,0.910,0.920,0,0,0,0,0,18,292,0,95,2
30-06 07:07:43,11.942,2.488,83.098,0.995,0,5524560,154112,179524,2150388,7739.575,2364.566,0,1277.821,0,117.432,3192,4374,0.570,0.910,0.920,0,0,0,0,0,18,291,0,98,2
30-06 07:07:44,4.009,1.253,93.706,0,0,5524396,154112,179524,2150552,5419.905,1284.822,0,533.171,0,33.073,1356,1755,0.570,0.910,0.920,0,0,0,0,0,18,291,0,100,2
30-06 07:07:45,3.241,1.247,93.504,0.997,0,5524396,154112,179540,2150536,5689.011,1142.989,0,3383.087,0,222.414,1966,3002,0.570,0.910,0.920,1,0,0,0,0,18,292,0,91,2
30-06 07:07:46,14.762,2.002,81.066,1.001,0,5524756,153636,179552,2150640,11205.158,2922.388,0,1245.018,0,151.124,3695,4863,0.570,0.910,0.920,0,0,1.001,0,0,18,291,0,96,2
30-06 07:07:47,11.243,2.249,84.701,0.500,0,5527344,150876,179556,2150808,8782.918,2868.340,243.859,991.426,4.997,46.973,2741,3415,0.530,0.900,0.920,0,0,2.998,0,0,18,291,0,98,2
30-06 07:07:48,7.504,1.501,90.047,0.250,0,5527296,150624,179560,2151104,5003.591,972.504,0,448.232,0,35.018,2008,2479,0.530,0.900,0.920,1,0,2.001,0,0,18,291,0,102,2
30-06 07:07:49,10.251,2.250,84.508,1.000,0,5522772,155128,179572,2151112,10204.969,2523.240,0,4932.469,0,687.065,4149,6086,0.530,0.900,0.920,2,0,0,0,0,18,292,0,94,2
30-06 07:07:50,26.614,5.524,62.268,3.766,0,5522376,155004,179644,2151560,4390.878,1084.663,0,10264.130,0,841.619,9383,15460,0.530,0.900,0.920,1,0,0,0,0,18,292,0,94,2
30-06 07:07:51,24.963,4.993,68.397,0.999,0,5523380,153744,179656,2151804,4610.077,1120.318,0,2216.671,0,197.703,7999,11882,0.530,0.900,0.920,2,0,0.999,0,0,18,292,0,97,2
30-06 07:07:52,5.485,1.496,91.005,0.499,0,5523232,153744,179668,2151940,4348.277,1077.096,0,1093.053,0,106.712,2461,3729,0.480,0.880,0.910,0,0,0,0,0,18,291,0,97,2
30-06 07:07:53,10.246,1.749,85.720,1.000,0,5523180,153744,179684,2151976,10260.405,2456.139,0,1283.550,0,127.955,3482,4806,0.480,0.880,0.910,0,0,0,0,0,18,291,0,92,2
30-06 07:07:54,15.319,3.014,79.106,0.753,0,5522908,153744,179724,2152208,4439.961,1084.877,0,2217.972,0,229.030,5117,7862,0.480,0.880,0.910,1,0,0,0,0,18,292,0,92,2
30-06 07:07:55,25.598,4.722,63.375,2.982,0,5523228,152988,179816,2152552,4962.606,966.277,0,9428.157,0,748.566,8846,14409,0.480,0.880,0.910,4,0,0.994,0,0,18,292,0,92,2
30-06 07:07:56,25.023,5.505,67.812,1.501,0,5524824,150720,179832,2153208,4801.381,1080.986,0,1705.556,0,187.171,7398,10510,0.480,0.880,0.910,2,0,0,0,0,18,292,0,92,2
30-06 07:07:57,8.752,2.001,85.024,1.000,0,5530096,145176,179852,2153460,5831.666,2066.590,0,3000.857,0,260.074,3225,4843,0.440,0.870,0.900,0,0,0,0,0,18,291,0,90,2
30-06 07:07:58,14.000,3.250,79.752,1.750,0.250,5531044,144168,179888,2153484,5732.160,2000.056,0,1796.050,0,227.006,4067,6045,0.440,0.870,0.900,1,0,0,0,0,18,291,0,91,2
30-06 07:07:59,12.751,2.750,82.007,1.000,0,5531916,143160,179896,2153612,4912.416,2000.170,0,1428.121,0,169.014,3613,4955,0.440,0.870,0.900,0,0,0,0,0,18,291,0,93,2
30-06 07:08:00,7.786,1.507,88.162,0.502,0,5531796,143160,179908,2153720,5807.106,1042.868,0,1068.990,0,107.502,2706,3825,0.440,0.870,0.900,2,1,0,0,0,18,292,0,94,2
30-06 07:08:01,10.949,2.737,83.112,1.493,0,5531960,142908,179932,2153784,11746.194,3427.010,0,1986.730,0,236.895,3875,5533,0.440,0.870,0.900,0,0,0.995,0,0,18,291,0,87,2
30-06 07:08:02,16.999,2.500,78.248,0.750,0,5532108,142656,179948,2153872,10912.660,2853.911,0,1583.951,0,143.996,3872,4735,0.570,0.890,0.910,1,0,0,0,0,18,291,0,88,2
30-06 07:08:03,8.502,1.250,87.766,0.500,0,5531952,142656,179952,2154024,7386.377,1501.280,0,2352.438,0,102.019,2693,3594,0.570,0.890,0.910,1,0,0,0,0,18,291,0,88,2
30-06 07:08:04,6.275,2.008,89.110,1.757,0,5532036,142404,180020,2154124,10486.314,2466.955,0,6678.951,0,427.726,3078,4939,0.570,0.890,0.910,3,0,0,0,0,18,292,0,89,2
30-06 07:08:05,6.973,2.241,88.403,0.747,0,5534792,139384,180040,2154352,12129.389,2801.005,0,7299.348,0,929.352,3157,4278,0.570,0.890,0.910,0,0,0,0,0,18,291,0,83,2
30-06 07:08:06,10.251,2.500,84.760,1.250,0.250,5534732,139384,180060,2154392,11797.423,2920.352,0,1376.166,0,162.020,3397,4736,0.570,0.890,0.910,0,0,0,0,0,18,291,0,83,2
30-06 07:08:07,18.306,3.260,75.983,1.505,0,5534732,139132,180084,2154620,4744.550,1083.322,0,1897.820,0,230.707,5484,8062,0.600,0.890,0.910,1,0,0,0,0,18,292,0,84,2
30-06 07:08:08,25.668,4.735,64.794,1.994,0,5534688,138880,180140,2154860,4346.181,1076.577,0,3138.022,0,360.853,7674,11828,0.600,0.890,0.910,2,0,0,0,0,18,292,0,85,2
30-06 07:08:09,23.848,5.272,68.281,1.255,0,5535852,137372,180148,2155196,4048.641,976.012,96.396,2269.328,5.021,222.916,7369,10648,0.600,0.890,0.910,3,0,0,0,0,18,292,0,86,2
30-06 07:08:10,25.485,4.747,64.462,2.499,0,5535944,136868,180192,2155564,4481.358,1173.308,0,8195.169,0,638.624,8586,12933,0.600,0.890,0.910,2,0,0,0,0,18,293,0,91,2
30-06 07:08:11,28.176,5.735,61.838,2.244,0,5536300,136112,180292,2155864,4245.890,1077.182,31.916,4963.014,0.997,541.583,8752,13607,0.600,0.890,0.910,1,0,0.997,0,0,18,292,0,91,2
30-06 07:08:12,22.996,5.749,67.989,0.750,0,5537272,134600,180336,2156360,4179.304,1079.820,0,2007.666,0,189.968,7801,11673,0.640,0.890,0.910,1,0,0,0,0,18,292,0,92,2
30-06 07:08:13,9.247,2.749,85.470,1.250,0,5537904,133844,180404,2156416,5338.138,2025.294,0,2523.120,0,262.908,3563,5500,0.640,0.890,0.910,0,0,0,0,0,18,291,0,90,2
30-06 07:08:14,7.247,1.250,89.719,1.000,0,5538132,133592,180460,2156384,5888.961,1962.321,0,1783.383,0,181.937,2695,3893,0.640,0.890,0.910,0,0,0,0,0,18,291,0,90,2
30-06 07:08:15,9.500,2.250,86.504,1.000,0,5538452,133088,180476,2156552,6131.279,1964.089,0,1848.084,0,177.008,3328,4739,0.640,0.890,0.910,0,0,0,0,0,18,291,0,90,2
30-06 07:08:16,6.500,1.500,88.248,1.500,0,5538920,132584,180540,2156524,5063.910,894.984,0,6427.886,0,429.992,3189,4963,0.640,0.890,0.910,1,0,0,0,0,18,291,0,91,2
30-06 07:08:17,7.018,2.256,89.228,0.501,0,5539056,132080,180552,2156880,5705.591,1426.649,0,1732.431,0,130.333,2632,3741,0.670,0.890,0.910,0,0,0,0,0,18,291,0,84,2
30-06 07:08:18,3.754,0.250,95.108,0.250,0,5539056,132080,180552,2156880,5684.460,919.044,0,556.633,0,36.041,1538,2080,0.670,0.890,0.910,2,0,0,0,0,18,292,0,84,2
30-06 07:08:19,4.730,0.996,91.369,0.249,0,5539128,131828,180560,2157052,6336.600,1106.391,0,1744.731,0,78.672,2030,2914,0.670,0.890,0.910,0,0,0,0,0,18,291,0,84,2
30-06 07:08:20,8.009,2.253,87.852,1.251,0,5538684,132232,180588,2157064,6304.302,1911.214,0,7420.595,0,960.112,3651,4625,0.670,0.890,0.910,2,0,0,0,0,18,291,0,84,2
30-06 07:08:21,7.493,1.499,88.669,0.749,0,5539764,131016,180620,2157168,5349.087,1553.573,0,1242.858,0,127.883,2720,3976,0.670,0.890,0.910,0,0,0.999,0,0,18,291,0,84,2
30-06 07:08:22,8.751,1.750,86.755,1.000,0,5539764,131016,180644,2157144,5397.328,1910.116,0,1480.090,0,178.011,3020,4322,0.610,0.880,0.910,0,0,0,0,0,18,291,0,79,2
30-06 07:08:23,7.001,1.750,89.763,1.250,0,5539592,131016,180664,2157296,5095.752,1543.228,0,1208.178,0,128.019,2605,3605,0.610,0.880,0.910,0,0,0,0,0,18,291,0,80,2
30-06 07:08:24,7.785,2.009,88.645,0,0,5539844,130764,180684,2157276,3871.235,976.347,0,924.114,0,76.340,2623,3464,0.610,0.880,0.910,1,0,0,0,0,18,292,0,81,2
30-06 07:08:25,9.458,5.475,83.127,0.747,0,5559004,141640,177620,2131412,5370.885,1536.103,0,1194.636,0,118.468,3724,12816,0.610,0.880,0.910,0,0,35.839,0,0,18,291,0,82,2
30-06 07:08:26,8.997,1.999,86.972,1.000,0,5547100,153460,177668,2131448,10988.510,2595.176,3.999,1359.568,1.000,140.955,3118,4290,0.610,0.880,0.910,0,0,0,0,0,18,291,0,79,2
30-06 07:08:27,21.465,4.493,68.639,2.246,0,5547212,153004,177748,2131712,3731.962,754.779,0,7847.303,0,568.081,6984,11286,0.720,0.900,0.910,0,1,0.998,0,0,18,292,0,79,2
30-06 07:08:28,25.041,5.509,65.609,1.753,0,5544288,155460,177780,2132148,4076.749,1081.791,0,3157.226,0,377.625,8130,12492,0.720,0.900,0.910,3,0,0,0,0,18,292,0,79,2
30-06 07:08:29,24.245,5.249,66.737,2.000,0,5544012,155460,177808,2132396,4299.160,1079.789,15.997,2691.474,1.000,297.942,6784,10058,0.720,0.900,0.910,0,0,0,0,0,18,291,0,81,2
30-06 07:08:30,5.265,1.755,91.502,0.752,0,5540888,158512,177816,2132504,4590.653,1070.952,0,1379.803,0,105.290,2245,3248,0.720,0.900,0.910,3,1,1.003,0,0,18,292,0,70,2
30-06 07:08:31,14.218,2.744,79.321,1.746,0,5541000,158260,177868,2132592,4812.159,1077.573,0,2685.949,0,312.296,4516,6825,0.720,0.900,0.910,0,0,0.998,0,0,18,291,0,72,2
30-06 07:08:32,15.274,3.506,78.875,1.252,0.501,5540768,154756,177896,2136300,4727.494,1081.715,4.006,2075.290,1.002,212.337,4792,6839,0.750,0.900,0.910,2,0,1.002,0,0,18,292,0,73,2
30-06 07:08:33,27.447,7.985,59.386,2.994,0,5526760,164348,177972,2140640,4651.078,1077.932,0,14372.428,0,1465.189,9990,15420,0.750,0.900,0.910,1,0,0.998,0,0,18,292,0,73,2
30-06 07:08:34,24.522,3.753,68.811,0.751,0,5527644,163100,177988,2140988,5026.422,1122.988,0,2153.895,0,132.116,7252,10340,0.750,0.900,0.910,2,0,0,0,0,18,291,0,64,2
30-06 07:08:35,25.816,5.765,64.415,2.757,0,5527940,162600,178040,2141140,4862.455,1082.774,0,3601.225,0,429.099,8625,13303,0.750,0.900,0.910,2,0,0,0,0,18,292,0,65,2
30-06 07:08:36,23.667,4.983,68.262,1.495,0,5529048,160836,178076,2141760,4467.395,1022.429,0,2295.980,0,234.182,8129,12068,0.750,0.900,0.910,3,0,0,0,0,18,292,0,66,2
30-06 07:08:37,5.248,1.250,91.722,0,0,5529028,160836,178080,2141776,4530.627,1091.669,0,935.716,0,49.985,2074,2765,0.690,0.880,0.910,0,0,0,0,0,18,292,0,66,2
30-06 07:08:38,22.359,4.773,69.087,1.759,0,5528668,160836,178116,2142100,4126.156,1031.037,0,3002.668,0,369.806,7571,11976,0.690,0.880,0.910,4,0,0,0,0,18,292,0,57,2
30-06 07:08:39,25.637,4.480,66.705,1.493,0,5529688,159576,178140,2142316,4924.218,1021.482,0,2481.026,0,279.763,7865,11387,0.690,0.880,0.910,1,1,1.991,0,0,18,292,0,57,2
30-06 07:08:40,25.602,6.526,64.004,3.012,0,5530812,158068,178160,2142680,5702.613,1084.300,0,9513.725,0,721.862,9072,14157,0.690,0.880,0.910,1,0,6.024,0,0,18,292,0,60,2
30-06 07:08:41,26.227,5.245,63.445,2.248,0,5530584,157816,178200,2143120,5444.288,1091.056,0,5291.420,0,536.536,8789,14110,0.690,0.880,0.910,1,0,0.999,0,0,18,292,0,61,2
30-06 07:08:42,25.753,4.251,67.759,0.750,0,5530336,157816,178216,2143352,4346.577,1026.136,0,2064.274,0,215.029,7281,10610,0.710,0.880,0.910,2,1,0,0,0,18,291,0,59,2
30-06 07:08:43,23.282,5.007,67.341,1.502,0,5530596,157124,178236,2143764,4291.809,1027.391,0,2431.291,0,257.348,7422,10957,0.710,0.880,0.910,1,0,0,0,0,18,292,0,60,2
30-06 07:08:44,14.185,3.733,77.643,2.240,0,5531008,156620,178268,2143824,5361.383,1967.964,0,7704.624,0,485.770,5018,7637,0.710,0.880,0.910,3,1,0,0,0,18,291,0,61,2
30-06 07:08:45,8.502,1.750,87.522,1.000,0,5530772,156620,178280,2144048,10235.593,2800.709,0,1784.452,0,154.039,2858,3933,0.710,0.880,0.910,2,0,0,0,0,18,291,0,63,2
30-06 07:08:46,11.001,3.000,83.254,0.750,0,5530836,156116,178336,2144432,7203.368,1665.085,0,10788.551,0,197.010,3589,4938,0.710,0.880,0.910,1,0,1.000,0,0,18,291,0,53,2
30-06 07:08:47,11.045,2.510,85.598,0.502,0,5545028,141788,178364,2144540,4080.594,867.528,16.065,887.610,1.004,73.298,3261,4320,0.890,0.920,0.920,2,0,3.012,0,0,18,292,0,53,2
30-06 07:08:48,12.199,1.992,81.411,1.992,0,5545272,141324,178464,2144644,5378.621,1882.169,0,2533.459,0,336.599,4666,7168,0.890,0.920,0.920,0,0,1.992,0,0,18,291,0,54,2
30-06 07:08:49,6.773,1.756,90.058,0.502,0,5541648,144892,178468,2144696,9811.544,2117.239,0,1047.582,0,104.357,2580,3574,0.890,0.920,0.920,1,0,0,0,0,18,291,0,56,2
30-06 07:08:50,25.025,5.505,64.814,2.502,0,5541536,144448,178656,2145064,3749.706,1027.015,0,5793.726,0,618.611,9475,15517,0.890,0.920,0.920,6,0,0,0,0,18,292,0,50,2
30-06 07:08:51,25.981,4.746,64.203,2.998,0,5542132,143456,178784,2145332,4313.817,1121.173,0,8054.058,0,627.537,9097,14946,0.890,0.920,0.920,2,0,0.999,0,0,18,292,0,50,2
30-06 07:08:52,24.751,5.000,67.252,1.500,0,5542724,142448,178844,2145672,4052.111,1092.030,0,3692.101,0,329.009,8007,12188,0.900,0.920,0.920,2,0,0,0,0,18,291,0,51,2
30-06 07:08:53,4.486,1.495,92.461,0.997,0,5542488,142448,178860,2145892,5203.751,2027.669,0,2033.650,0,97.695,2045,2857,0.900,0.920,0.920,2,0,0,0,0,18,292,0,51,2
30-06 07:08:54,14.993,3.249,78.715,1.000,0,5543844,140936,178880,2146028,11114.067,2918.705,59.973,1787.207,3.998,198.912,4890,7226,0.900,0.920,0.920,0,0,0,0,0,18,291,0,47,2
30-06 07:08:55,12.559,2.512,82.388,1.005,0,5544032,140684,178932,2146040,4682.073,1085.116,0,2343.046,0,254.198,4945,7623,0.900,0.920,0.920,2,0,0,0,0,18,292,0,47,2
30-06 07:08:56,26.419,5.234,62.806,2.742,0,5543632,140432,179036,2146584,5200.976,1076.683,0,9574.501,0,804.521,9726,16309,0.900,0.920,0.920,2,0,0,0,0,18,292,0,47,2
30-06 07:08:57,23.966,5.243,67.654,2.247,0,5544532,139172,179096,2146884,4845.100,2015.130,31.954,3235.392,0.999,330.529,8039,12117,0.990,0.940,0.930,0,0,0,0,0,18,291,0,48,2
30-06 07:08:58,6.270,1.505,90.783,0.752,0,5544260,139172,179116,2147136,5765.977,1191.715,0,1408.391,0,172.538,2399,3447,0.990,0.940,0.930,1,0,0,0,0,18,292,0,46,2
30-06 07:08:59,7.477,1.246,89.473,0.249,0,5545232,138164,179132,2147156,21061.824,5487.020,0,1862.237,0,85.735,2523,3356,0.990,0.940,0.930,1,0,0,0,0,18,291,0,46,2
30-06 07:09:00,11.503,2.001,83.771,0.750,0,5545220,137912,179156,2147396,15410.854,4475.119,0,1224.306,0,144.036,3574,4859,0.990,0.940,0.930,2,0,0,0,0,18,291,0,46,2
30-06 07:09:01,12.990,2.248,82.433,0.999,0,5546476,136652,179176,2147380,21548.605,5202.800,0,1506.784,0,148.880,3766,4986,0.990,0.940,0.930,0,0,0.999,0,0,18,291,0,47,2
30-06 07:09:02,12.042,2.760,83.795,1.004,0,5546240,136652,179200,2147592,5904.767,1095.854,0,1497.266,0,139.491,4530,6679,0.990,0.940,0.930,1,0,0,0,0,18,293,0,47,2
30-06 07:09:03,25.707,4.992,63.643,2.745,0,5546764,135684,179280,2147940,5430.893,1078.192,0,8869.128,0,759.726,9166,14871,0.990,0.940,0.930,1,0,0,0,0,18,292,0,42,2
30-06 07:09:04,24.219,4.994,67.664,1.248,0,5547592,134424,179348,2148304,4875.817,970.769,0,1869.629,0,192.756,7712,11371,0.990,0.940,0.930,1,1,0,0,0,18,292,0,43,2
30-06 07:09:05,9.193,2.236,84.478,1.491,0,5547848,133920,179384,2148516,6022.811,2031.456,0,2782.817,0,286.233,3709,5804,0.990,0.940,0.930,0,0,0.994,0,0,18,291,0,44,2
30-06 07:09:06,13.572,1.508,83.441,0.754,0,5548020,133696,179420,2148532,10247.137,2361.476,0,6699.394,0,256.354,3244,4149,0.990,0.940,0.930,0,0,0,0,0,18,291,0,44,2
30-06 07:09:07,8.497,2.249,86.970,0.500,0,5548140,133444,179440,2148644,7979.277,2307.213,0,1223.582,0,123.958,2855,3864,0.990,0.940,0.930,0,0,0,0,0,18,291,0,45,2
30-06 07:09:08,8.510,1.752,88.099,0.751,0,5548072,133444,179460,2148692,7671.586,1639.835,0,1133.268,0,104.117,3385,4734,0.990,0.940,0.930,2,0,0,0,0,18,292,0,47,2
30-06 07:09:09,27.242,6.248,61.733,2.749,0,5548268,132688,179620,2149092,9827.233,2402.323,0,8793.524,0,743.791,9218,14778,0.990,0.940,0.930,2,0,0,0,0,18,292,0,47,2
30-06 07:09:10,24.556,5.262,66.651,1.503,0,5548808,131680,179644,2149536,4133.344,1176.660,0,1968.450,0,191.433,8108,11925,0.990,0.940,0.930,3,1,0,0,0,18,292,0,47,2
30-06 07:09:11,13.713,2.992,79.783,1.247,0,5548888,131428,179700,2149652,5687.500,1970.629,31.913,2748.509,0.997,280.236,4586,7005,0.990,0.940,0.930,0,0,0.997,0,0,18,291,0,39,2
30-06 07:09:12,9.011,2.003,86.860,1.001,0,5548676,131428,179724,2149840,9819.485,2803.564,0,1373.747,0,136.173,3091,4249,0.990,0.940,0.930,0,0,0,0,0,18,291,0,41,2
30-06 07:09:13,14.549,3.010,79.265,1.003,0,5548924,130924,179768,2150052,5737.213,1149.851,0,2030.801,0,198.665,5197,7608,0.990,0.940,0.930,2,0,0,0,0,18,292,0,41,2
30-06 07:09:14,27.130,5.974,62.971,2.987,0,5549564,129944,179840,2150320,4699.174,1075.235,0,8315.148,0,693.925,9320,14203,0.990,0.940,0.930,1,0,0,0,0,18,292,0,41,2
30-06 07:09:15,23.848,4.770,68.281,1.004,0,5550408,128936,179856,2150468,5402.209,1084.458,0,3108.781,0,192.793,7730,10916,0.990,0.940,0.930,1,0,0,0,0,18,292,0,39,2
30-06 07:09:16,25.944,5.488,64.111,2.495,0,5550636,127928,179880,2151224,5085.940,1077.656,0,3999.303,0,463.991,8580,13402,0.990,0.940,0.930,5,0,0,0,0,18,292,0,40,2
30-06 07:09:17,22.725,5.494,67.426,0.749,0,5551688,126668,179888,2151424,5020.482,1144.742,0,2201.580,0,207.772,8006,11782,0.990,0.940,0.930,2,0,0,0,0,18,292,0,40,2
30-06 07:09:18,20.486,3.997,72.951,1.749,0,5551732,126416,179896,2151624,7115.228,2041.631,0,2666.212,0,285.808,5335,7492,0.990,0.940,0.930,0,0,0,0,0,18,291,0,41,2
30-06 07:09:19,6.504,1.751,89.556,0.750,0,5551732,126416,179904,2151616,7995.998,1980.238,0,1877.173,0,189.118,2881,4174,0.990,0.940,0.930,1,0,0,0,0,18,291,0,39,2
30-06 07:09:20,8.277,1.505,89.042,0.502,0,5551508,126416,179912,2151832,5939.483,1083.554,0,1597.239,0,143.471,2885,4267,0.990,0.940,0.930,2,0,0,0,0,18,292,0,39,2
30-06 07:09:21,6.238,1.497,88.830,1.996,0,5551924,125912,179932,2151900,5373.711,1432.258,15.969,9134.511,0.998,569.909,3247,5406,0.990,0.940,0.930,1,0,0.998,0,0,18,291,0,39,2
30-06 07:09:22,6.981,2.244,87.507,0.748,0,5551844,125156,179932,2152736,11447.212,2911.914,0,4012.856,0,265.263,2922,4132,0.910,0.930,0.920,0,0,0,0,0,18,291,0,40,2
30-06 07:09:23,19.768,3.753,72.316,1.752,0,5552348,124652,179956,2152712,4303.941,1080.990,0,2522.310,0,314.288,6501,9763,0.910,0.930,0.920,1,0,1.001,0,0,18,292,0,40,2
30-06 07:09:24,26.500,4.250,64.000,2.000,0,5552084,124148,179988,2153448,4211.994,971.999,0,3719.995,0,371.999,8072,12479,0.910,0.930,0.920,2,0,0,0,0,18,292,0,41,2
30-06 07:09:25,28.601,8.530,60.464,1.254,0,5563216,163168,176216,2107500,4616.313,1083.830,4.014,2071.319,1.004,190.674,8104,17833,0.910,0.930,0.920,3,0,36.128,0,0,18,293,0,44,2
30-06 07:09:26,15.698,3.987,75.748,2.990,0.249,5563348,162664,176332,2107756,5789.766,1957.497,15.947,6940.942,0.997,548.179,5508,8560,0.910,0.930,0.920,0,0,0,0,0,18,291,0,45,2
30-06 07:09:27,7.497,1.499,89.465,0.500,0,5563576,162412,176372,2107740,4483.245,1273.501,0,1187.535,0,109.957,2587,3606,0.840,0.910,0.920,0,0,0,0,0,18,291,0,42,2
30-06 07:09:28,11.779,2.757,81.704,1.003,0,5563456,162160,176436,2108048,9658.086,1790.465,0,2450.110,0,232.580,4906,7396,0.840,0.910,0.920,3,0,0,0,0,18,292,0,42,2
30-06 07:09:29,25.420,4.984,65.545,1.745,0,5563260,161908,176608,2108324,4139.046,968.967,31.900,3971.570,0.997,442.615,7787,12287,0.840,0.910,0.920,1,0,0.997,0,0,18,292,0,42,2
30-06 07:09:30,25.808,5.262,65.147,1.754,0,5563128,161404,176788,2108780,4309.714,1082.440,0,4337.777,0,369.834,8004,12081,0.840,0.910,0.920,1,0,0,0,0,18,292,0,43,2
30-06 07:09:31,24.280,5.757,67.584,1.252,0,5563876,160404,176884,2108936,4114.104,973.207,0,2847.533,0,281.349,7409,11025,0.840,0.910,0.920,1,0,1.001,0,0,18,292,0,40,2
30-06 07:09:32,7.232,1.746,86.785,1.496,0,5563564,160404,177080,2109052,5332.787,2162.642,0,7509.394,0,528.690,3589,6010,0.850,0.910,0.920,0,0,0,0,0,18,291,0,41,2
30-06 07:09:33,8.494,1.999,87.692,0.750,0,5563328,160404,177148,2109220,10109.363,2347.459,0,1367.103,0,134.911,2949,3975,0.850,0.910,0.920,0,0,0,0,0,18,291,0,41,2
30-06 07:09:34,10.251,2.000,85.758,0.500,0,5563216,160404,177216,2109264,11310.117,2920.288,0,1336.132,0,133.013,3124,4133,0.850,0.910,0.920,1,0,0,0,0,18,291,0,42,2
30-06 07:09:35,14.257,2.751,81.291,0.750,0,5563612,159648,177300,2109540,4662.334,1080.541,0,1376.689,0,135.068,4054,5309,0.850,0.910,0.920,1,0,0,0,0,18,292,0,41,2
30-06 07:09:36,24.989,4.748,66.721,1.749,0,5563764,159144,177436,2109756,4674.969,1079.531,0,3146.633,0,333.855,7774,11538,0.850,0.910,0.920,1,0,0,0,0,18,292,0,42,2
30-06 07:09:37,24.755,5.001,66.014,1.500,0,5556908,165612,177556,2110024,4540.951,1080.226,0,8033.683,0,567.119,8009,11680,0.870,0.920,0.920,1,0,0,0,0,18,292,0,43,2
30-06 07:09:38,25.371,4.773,67.824,1.005,0,5557960,164268,177596,2110276,4380.944,1085.188,0,2319.087,0,205.985,6991,9891,0.870,0.920,0.920,0,1,0,0,0,18,292,0,45,2
30-06 07:09:39,24.473,5.244,64.928,2.747,0,5556652,165196,177716,2110536,6333.020,1120.765,0,8838.259,0,770.151,9380,15737,0.870,0.920,0.920,1,0,1.998,0,0,18,292,0,44,2
30-06 07:09:40,25.722,5.244,66.179,1.249,0,5558640,162940,177748,2110772,5793.795,1078.845,0,2856.940,0,240.742,8096,11991,0.870,0.920,0.920,1,0,5.994,0,0,18,293,0,44,2
30-06 07:09:41,26.238,3.748,66.719,1.249,0,5558308,162688,177812,2111292,5514.447,1079.500,0,3054.586,0,320.851,7713,11609,0.870,0.920,0.920,4,1,1.000,0,0,18,292,0,45,2
30-06 07:09:42,25.699,4.741,65.620,1.747,0.250,5557932,162688,177872,2111608,4143.806,970.082,0,3628.824,0,398.213,8215,12473,0.880,0.920,0.920,1,0,0,0,0,18,291,0,47,2
30-06 07:09:43,24.826,4.514,68.460,1.254,0,5557980,162324,177888,2111908,4493.806,1083.328,0,2046.287,0,186.573,7121,9917,0.880,0.920,0.920,1,0,0,0,0,18,292,0,47,2
30-06 07:09:44,24.714,6.740,63.657,2.247,0,5557840,162324,177916,2112020,4445.499,970.581,0,7896.452,0,686.995,9066,14482,0.880,0.920,0.920,1,0,0,0,0,18,292,0,41,2
30-06 07:09:45,24.652,4.233,67.482,1.245,0,5558552,161064,177920,2112564,4581.778,1075.722,0,2557.827,0,229.089,7719,11355,0.880,0.920,0.920,3,0,0,0,0,18,292,0,43,2
30-06 07:09:46,17.694,4.237,75.264,0.997,0,5558284,161064,177924,2112828,5224.593,1809.318,0,3863.866,0,264.170,5405,7896,0.880,0.920,0.920,1,0,0,0,0,18,291,0,45,2
30-06 07:09:47,10.553,2.010,84.929,1.256,0,5558516,160812,177932,2112840,3698.678,1661.390,0,1467.410,0,142.721,3128,4516,0.890,0.920,0.920,0,0,0,0,0,18,291,0,47,2
30-06 07:09:48,9.286,3.012,86.588,0.502,0,5558644,160572,177948,2112936,5214.338,1096.276,0,1425.560,0,141.552,2834,4011,0.890,0.920,0.920,2,0,1.004,0,0,18,290,0,45,2
30-06 07:09:49,7.469,1.992,87.882,0.498,0,5561072,158076,177964,2112988,5064.765,1968.745,0,1143.207,0,109.541,2703,3860,0.890,0.920,0.920,0,0,2.987,0,0,18,291,0,45,2
30-06 07:09:50,17.844,4.021,73.890,2.765,0,5561864,157096,178016,2113124,5052.651,1913.091,0,7238.180,0,574.028,5655,8465,0.890,0.920,0.920,0,1,2.011,0,0,18,291,0,49,2
30-06 07:09:51,15.426,2.986,77.875,1.244,0,5561136,157816,178052,2113096,16210.951,5718.468,0,1978.474,0,226.908,4430,6047,0.890,0.920,0.920,0,0,0.995,0,0,18,294,0,50,2
30-06 07:09:52,8.750,2.000,86.999,1.000,0,5561232,157340,178056,2113472,9747.926,2459.981,0,6971.947,0,388.997,3311,4469,0.980,0.940,0.930,0,0,0,0,0,18,294,0,47,2
30-06 07:09:53,6.754,1.251,90.308,0.500,0,5561480,157088,178060,2113472,9669.232,2508.617,0,1092.704,0,95.061,2575,3517,0.980,0.940,0.930,1,0,0,0,0,18,294,0,47,2
30-06 07:09:54,5.268,1.505,91.562,0.502,0,5561508,156864,178068,2113660,10727.559,2573.771,0,1063.625,0,107.366,2274,3241,0.980,0.940,0.930,1,0,0,0,0,18,295,0,47,2
30-06 07:09:55,25.649,5.229,64.247,2.490,0,5560864,157256,178104,2113876,4518.232,1021.981,0,4482.373,0,450.229,8190,13515,0.980,0.940,0.930,2,0,0,0,0,18,295,0,47,2
30-06 07:09:56,24.978,5.245,65.192,1.998,0,5561672,155996,178136,2114296,4778.750,1025.088,0,5587.031,0,433.614,7788,11687,0.980,0.940,0.930,1,0,0,0,0,18,295,0,47,2
30-06 07:09:57,25.612,5.022,65.535,1.758,0,5561612,155996,178172,2114320,4680.389,1084.725,0,3764.399,0,352.536,7726,11445,1.060,0.950,0.930,1,0,0,0,0,18,295,0,47,2
30-06 07:09:58,24.687,6.234,65.831,1.496,0,5561472,155636,178212,2114780,4408.673,1077.232,0,2792.825,0,304.218,7847,11419,1.060,0.950,0.930,2,0,0,0,0,18,295,0,48,2
30-06 07:09:59,18.232,4.246,73.677,1.249,0,5562956,153872,178236,2115036,5694.373,2027.996,0,3188.849,0,313.690,5909,8855,1.060,0.950,0.930,0,0,0,0,0,18,294,0,49,2
30-06 07:10:00,8.761,2.002,86.857,1.752,0,5562832,153872,178280,2115116,6078.462,1970.419,0,2647.250,0,292.359,3618,5417,1.060,0.950,0.930,0,0,0,0,0,18,294,0,48,2
30-06 07:10:01,9.491,1.748,86.669,0.749,0,5562832,153872,178300,2115096,10390.334,2454.716,0,1854.275,0,160.850,3434,4801,1.060,0.950,0.930,0,1,0.999,0,0,18,295,0,48,2
30-06 07:10:02,7.251,1.750,88.510,0.750,0,5562548,153872,178304,2115376,5515.614,1543.172,0,1716.191,0,146.016,2923,4310,0.970,0.940,0.930,0,0,0,0,0,18,294,0,50,2
30-06 07:10:03,8.498,2.000,85.981,1.750,0,5562800,153620,178348,2115332,11714.479,2919.372,0,6454.611,0,444.904,3512,5405,0.970,0.940,0.930,0,0,0,0,0,18,294,0,50,2
30-06 07:10:04,17.535,4.008,75.152,1.503,0,5562704,153368,178348,2115680,4941.967,973.964,0,2076.187,0,238.481,5517,8100,0.970,0.940,0.930,6,0,0,0,0,18,295,0,48,2
30-06 07:10:05,25.939,4.489,65.596,1.247,0,5563484,152360,178368,2115888,5487.116,1077.470,63.850,2561.984,3.991,238.440,7673,11247,0.970,0.940,0.930,1,1,0,0,0,18,295,0,49,2
30-06 07:10:06,24.598,5.020,67.269,1.757,0,5563380,151884,178372,2116464,4848.401,975.905,0,2855.426,0,312.249,8195,12501,0.970,0.940,0.930,1,0,0,0,0,18,295,0,50,2
30-06 07:10:07,19.183,4.235,72.497,1.495,0,5563856,151128,178384,2116732,5566.550,2084.716,0,3053.331,0,311.910,6197,9231,0.900,0.920,0.920,0,0,0,0,0,18,294,0,51,2
30-06 07:10:08,7.004,1.501,90.049,0.750,0.250,5563820,151128,178384,2116768,4414.388,1493.808,0,6703.626,0,382.207,2564,3490,0.900,0.920,0.920,0,0,0,0,0,18,294,0,48,2
30-06 07:10:09,9.034,2.007,87.324,0.753,0,5563764,151128,178388,2116820,16640.735,3902.478,0,1320.900,0,128.477,3464,4938,0.900,0.920,0.920,1,0,0,0,0,18,295,0,48,2
30-06 07:10:10,26.257,6.002,63.017,3.001,0,5563784,150624,178476,2117216,3885.034,1174.312,0,10634.830,0,888.236,9999,16487,0.900,0.920,0.920,2,1,0,0,0,18,295,0,49,2
30-06 07:10:11,21.680,4.485,70.023,1.744,0,5564564,149616,178544,2117376,5491.215,1911.808,0,4928.039,0,309.996,6604,9856,0.900,0.920,0.920,2,0,0.997,0,0,18,294,0,50,2
30-06 07:10:12,6.742,0.999,89.894,0.999,0,5564596,149364,178588,2117552,5594.412,1960.691,0,1869.798,0,192.773,2894,4474,0.900,0.920,0.920,0,0,0,0,0,18,294,0,45,2
30-06 07:10:13,4.014,1.254,93.568,0.251,0,5564580,149364,178596,2117560,4421.003,1029.494,0,975.310,0,67.228,1726,2394,0.900,0.920,0.920,1,0,0,0,0,18,295,0,45,2
30-06 07:10:14,3.737,0.747,93.429,0.747,0,5564484,149364,178640,2117612,5910.674,1902.458,0,1219.805,0,122.578,2147,3348,0.900,0.920,0.920,0,0,0,0,0,18,294,0,45,2
30-06 07:10:15,9.248,1.750,87.232,1.000,0,5564284,149364,178664,2117788,7514.418,2402.494,0,1831.614,0,201.957,3196,4743,0.900,0.920,0.920,0,0,0,0,0,18,294,0,45,2
30-06 07:10:16,4.499,1.500,91.987,0.750,0,5564500,149112,178676,2117812,12268.251,2534.639,0,1183.831,0,106.985,2114,2987,0.900,0.920,0.920,0,0,0,0,0,18,294,0,45,2
30-06 07:10:17,13.793,2.508,81.753,0.752,0,5573264,140068,178724,2118044,5717.685,2033.289,16.050,1962.069,1.003,197.611,3896,5540,0.910,0.930,0.920,1,0,0,0,0,18,294,0,48,2
30-06 07:10:18,7.506,1.751,88.066,1.501,0,5573640,139564,178764,2118132,6716.046,1964.476,0,6516.896,0,445.335,3255,5151,0.910,0.930,0.920,0,0,0,0,0,18,294,0,48,2
30-06 07:10:19,8.489,1.748,87.133,0.499,0,5573524,139624,178772,2118180,5658.406,1024.625,0,1034.612,0,98.867,2608,3538,0.910,0.930,0.920,1,0,0,0,0,18,294,0,49,2
30-06 07:10:20,6.732,1.745,89.506,0.997,0,5573576,139372,178776,2118376,6287.874,1926.752,0,1188.762,0,118.677,2671,3983,0.910,0.930,0.920,3,0,0,0,0,18,295,0,47,2
30-06 07:10:21,8.755,2.251,88.301,0.750,0,5573772,139124,178804,2118400,21000.055,5183.976,0,1352.777,0,137.079,2987,4059,0.910,0.930,0.920,0,0,1.001,0,0,18,294,0,48,2
30-06 07:10:22,2.750,1.000,95.241,0,0,5573992,138872,178804,2118432,4425.591,1497.862,0,631.942,0,43.996,1240,1639,0.840,0.910,0.920,0,0,0,0,0,18,294,0,48,2
30-06 07:10:23,4.750,0.500,92.492,0.500,0,5573964,138872,178820,2118444,12758.863,4051.639,0,851.924,0,71.994,1892,2583,0.840,0.910,0.920,0,0,0,0,0,18,294,0,48,2
30-06 07:10:24,2.500,1.000,96.267,0,0,5573940,138872,178824,2118464,4426.779,1146.202,0,476.084,0,27.005,1123,1536,0.840,0.910,0.920,0,0,0,0,0,18,294,0,46,2
30-06 07:10:25,16.744,5.998,74.224,1.000,0,5569796,166016,178092,2096332,18508.539,4307.496,247.913,2107.264,11.996,200.930,5062,10307,0.840,0.910,0.920,0,0,37.987,0,0,18,294,0,48,2
30-06 07:10:26,13.796,3.512,80.267,1.003,0,5570544,164960,178128,2096720,4317.387,1029.430,0,1709.697,0,192.642,4480,6625,0.840,0.910,0.920,0,1,0,0,0,18,295,0,48,2
30-06 07:10:27,24.281,5.257,65.834,1.752,0,5571380,163700,178196,2097076,4125.285,1081.386,0,3560.562,0,340.436,7693,11389,0.850,0.910,0.920,2,0,0,0,0,18,295,0,48,2
30-06 07:10:28,7.467,1.742,89.360,0.747,0,5571192,163700,178228,2097232,5049.951,1907.671,0,1732.436,0,138.396,2600,3886,0.850,0.910,0.920,0,0,0,0,0,18,294,0,49,2
30-06 07:10:29,18.027,3.756,73.860,2.253,0,5571352,163224,178316,2097460,11374.002,2924.371,0,10892.282,0,826.235,5653,7895,0.850,0.910,0.920,2,0,0,0,0,18,294,0,46,2
30-06 07:10:30,11.507,3.252,82.550,0.750,0,5571516,162972,178364,2097500,3748.261,1026.619,0,1933.166,0,178.107,4254,6307,0.850,0.910,0.920,3,0,0,0,0,18,295,0,46,2
30-06 07:10:31,26.193,4.989,64.110,1.996,0,5571900,161964,178424,2098064,4114.039,1023.770,0,4103.063,0,387.157,8378,12854,0.850,0.910,0.920,1,0,1.996,0,0,18,295,0,46,2
30-06 07:10:32,25.841,4.516,67.236,1.004,0.251,5572216,161460,178484,2098188,4260.966,1192.187,0,2709.517,0,245.864,7226,10540,0.860,0.910,0.920,1,0,0,0,0,18,294,0,48,2
30-06 07:10:33,5.977,1.992,89.906,0.747,0,5572676,160956,178504,2098212,5231.987,1910.692,0,1546.086,0,138.470,2531,3678,0.860,0.910,0.920,1,0,0,0,0,18,295,0,45,2
30-06 07:10:34,12.796,2.509,81.290,1.756,0,5570096,163164,178600,2098488,4134.731,1083.862,16.057,2633.382,1.004,290.033,4503,6514,0.860,0.910,0.920,1,0,0,0,0,18,295,0,45,2
30-06 07:10:35,8.222,1.495,87.450,1.246,0,5570748,162436,178628,2098536,11426.739,2856.187,0,1809.782,0,177.391,3061,4590,0.860,0.910,0.920,1,0,0,0,0,18,294,0,46,2
30-06 07:10:36,13.252,3.000,80.260,1.750,0,5568732,164168,178676,2098772,6363.803,1973.249,0,5672.716,0,394.050,4178,6107,0.860,0.910,0.920,0,0,0,0,0,18,294,0,48,2
30-06 07:10:37,12.022,2.254,83.401,1.002,0,5568896,163916,178684,2098852,8247.977,2312.199,0,1895.442,0,170.309,3686,4896,0.880,0.910,0.920,0,0,0,0,0,18,294,0,45,2
30-06 07:10:38,8.985,2.995,86.605,0.499,0,5568780,163916,178692,2098960,8622.605,1731.110,0,1150.080,0,81.863,3169,4276,0.880,0.910,0.920,1,1,0,0,0,18,295,0,45,2
30-06 07:10:39,25.249,5.250,63.748,2.000,0,5568556,163820,178724,2099248,5141.864,1091.971,0,3475.908,0,418.989,7822,12098,0.880,0.910,0.920,2,0,2.000,0,0,18,294,0,45,2
30-06 07:10:40,27.282,4.756,64.325,1.502,0,5570508,161812,178748,2099280,5446.309,1081.253,0,2691.118,0,293.340,5794,8196,0.880,0.910,0.920,2,0,6.007,0,0,18,295,0,45,2
30-06 07:10:41,24.723,4.994,66.177,0.999,0,5570816,161088,178756,2099688,6336.005,1024.869,0,2525.212,0,256.717,7592,10873,0.880,0.910,0.920,1,0,0.999,0,0,18,295,0,43,2
30-06 07:10:42,23.335,6.022,67.999,1.506,0,5571532,160080,178776,2099960,5158.887,1083.968,0,2950.803,0,258.948,6992,9999,0.890,0.920,0.920,2,0,0,0,0,18,295,0,45,2
30-06 07:10:43,7.727,1.994,86.239,1.745,0,5571692,159828,178800,2100028,5622.991,2023.878,0,4259.117,0,318.038,3060,4697,0.890,0.920,0.920,0,0,0,0,0,18,294,0,47,2
30-06 07:10:44,12.288,3.260,82.007,1.755,0,5571740,159576,178820,2100212,4253.306,1083.389,32.100,9983.232,1.003,751.351,4710,7001,0.890,0.920,0.920,1,0,0,0,0,18,295,0,49,2
30-06 07:10:45,8.468,1.743,86.424,0.747,0,5571564,159576,178824,2100384,11197.761,2909.027,0,1346.919,0,126.523,3299,4554,0.890,0.920,0.920,0,0,0,0,0,18,294,0,47,2
30-06 07:10:46,13.250,3.000,81.497,1.000,0,5571804,159324,178824,2100396,6076.792,2030.930,0,1443.951,0,173.994,3805,5305,0.890,0.920,0.920,1,0,0,0,0,18,294,0,48,2
30-06 07:10:47,10.765,1.752,86.119,0.501,0,5572032,158820,178836,2100660,5710.920,1611.235,0,1109.539,0,114.158,3014,4120,0.890,0.920,0.920,2,0,0,0,0,18,294,0,48,2
30-06 07:10:48,9.244,1.749,87.190,0.749,0,5572484,158328,178840,2100696,9750.306,2347.389,0,1211.169,0,113.922,3111,4328,0.890,0.920,0.920,1,0,0.999,0,0,18,295,0,48,2
30-06 07:10:49,25.488,6.997,62.971,2.499,0,5575552,154852,178848,2101096,4298.053,1079.511,0,5417.546,0,562.745,8800,14065,0.890,0.920,0.920,1,0,2.999,0,0,18,295,0,42,2
30-06 07:10:50,29.365,5.522,60.236,2.510,0,5575804,154348,178884,2101312,3505.723,975.820,0,7906.951,0,657.574,9355,14700,0.890,0.920,0.920,1,0,2.008,0,0,18,295,0,45,2
30-06 07:10:51,24.982,4.747,66.953,0.999,0,5576372,153592,178892,2101492,4433.874,1079.239,0,1690.808,0,177.875,7707,11245,0.890,0.920,0.920,1,0,2.998,0,0,18,295,0,46,2
30-06 07:10:52,12.201,3.237,80.676,1.494,0,5576224,153340,178896,2101888,4960.105,2022.886,0,3780.835,0,260.953,4106,6235,0.820,0.900,0.910,0,0,0,0,0,18,294,0,50,2
30-06 07:10:53,11.497,2.000,84.230,0.750,0,5576164,153340,178900,2101944,4151.009,971.768,0,1395.667,0,153.963,3598,5076,0.820,0.900,0.910,1,0,1.000,0,0,18,295,0,45,2
30-06 07:10:54,12.763,2.503,81.834,1.502,0,5576164,153088,178912,2102180,11491.757,2965.033,0,2214.265,0,258.264,4149,5985,0.820,0.900,0.910,0,0,0,0,0,18,294,0,45,2
30-06 07:10:55,10.742,2.498,83.935,0.999,0,5576112,153088,178912,2102232,4886.218,1921.513,0,1294.998,0,125.903,3191,4349,0.820,0.900,0.910,0,0,0,0,0,18,294,0,47,2
30-06 07:10:56,7.985,1.497,87.840,0.998,0.250,5575968,153088,178932,2102356,5994.087,1143.917,0,1972.409,0,139.746,2940,4266,0.820,0.900,0.910,8,0,0,0,0,18,296,0,48,2
30-06 07:10:57,6.266,1.504,89.975,0.501,0,5576044,152836,178948,2102516,11420.604,2819.061,0,1551.887,0,149.374,2619,3917,0.760,0.890,0.910,0,1,0,0,0,18,294,0,46,2
30-06 07:10:58,25.857,5.523,65.522,2.259,0,5576364,152332,179004,2102644,4619.151,1084.496,0,8912.953,0,699.902,8527,13212,0.760,0.890,0.910,1,1,0,0,0,18,295,0,46,2
30-06 07:10:59,25.606,5.718,63.890,2.237,0,5576452,151856,179076,2102960,4753.220,1115.714,0,4037.254,0,483.277,9101,14153,0.760,0.890,0.910,2,0,0,0,0,18,295,0,46,2
30-06 07:11:00,22.867,4.774,69.103,1.759,0,5577108,150860,179096,2103264,5534.278,1978.107,16.082,8406.956,1.005,677.462,7055,10015,0.760,0.890,0.910,0,0,0,0,0,18,294,0,48,2
30-06 07:11:01,9.989,3.496,84.156,1.249,0,5578048,149600,179120,2103560,10252.512,2400.310,0,2141.600,0,214.759,3174,4368,0.760,0.890,0.910,3,0,0.999,0,0,18,293,0,47,2
30-06 07:11:02,6.230,1.246,90.465,0.498,0,5577968,149600,179128,2103632,8909.912,3022.472,0,1379.651,0,110.651,2422,3494,0.700,0.870,0.900,0,0,0,0,0,18,294,0,47,2
30-06 07:11:03,10.251,1.750,85.008,1.000,0,5577888,149600,179144,2103696,11957.173,2920.287,0,2048.201,0,153.015,3277,4460,0.700,0.870,0.900,0,0,0,0,0,18,294,0,47,2
30-06 07:11:04,9.041,1.758,85.887,1.758,0,5577888,149600,179176,2103664,11893.564,2933.210,0,5629.352,0,403.819,3614,5476,0.700,0.870,0.900,0,0,0,0,0,18,294,0,47,2
30-06 07:11:05,16.930,3.983,75.934,1.494,0,5577984,149096,179212,2104036,4760.179,1075.522,0,3991.380,0,334.607,5627,8773,0.700,0.870,0.900,3,0,0.996,0,0,18,295,0,44,2
30-06 07:11:06,21.745,3.749,70.234,1.500,0,5579216,147584,179232,2104296,5717.672,2030.529,0,2679.378,0,284.934,6632,10157,0.700,0.870,0.900,2,0,0,0,0,18,294,0,47,2
30-06 07:11:07,6.500,1.750,91.007,0.750,0,5579144,147584,179240,2104360,4606.330,1477.106,0,1676.120,0,138.010,2364,3507,0.720,0.870,0.900,0,0,0,0,0,18,294,0,47,2
30-06 07:11:08,6.773,1.505,89.810,0.753,0,5579088,147584,179252,2104404,11393.371,2573.894,0,1505.201,0,156.541,2993,4372,0.720,0.870,0.900,2,0,0,0,0,18,295,0,47,2
30-06 07:11:09,26.419,5.234,65.051,1.495,0,5579768,146576,179280,2104704,10205.825,2341.847,0,2935.035,0,292.108,7834,11553,0.720,0.870,0.900,2,0,0,0,0,18,295,0,48,2
30-06 07:11:10,14.557,3.765,78.559,1.255,0,5579444,146576,179320,2104988,5491.630,2188.620,0,2955.641,0,310.222,4774,7140,0.720,0.870,0.900,0,0,0,0,0,18,294,0,47,2
30-06 07:11:11,14.925,3.483,76.367,2.239,0,5579884,146072,179348,2105024,5242.700,1903.451,0,8393.893,0,574.120,5103,7911,0.720,0.870,0.900,2,0,0.995,0,0,18,294,0,49,2
30-06 07:11:12,7.007,1.501,90.085,1.001,0,5579884,145820,179364,2105260,4250.017,1478.397,0,1229.162,0,120.114,2682,3816,0.740,0.880,0.910,0,0,0,0,0,18,294,0,49,2
30-06 07:11:13,6.774,1.254,89.812,0.502,0,5579860,145820,179376,2105272,11255.052,2477.597,0,1782.184,0,115.400,2596,3587,0.740,0.880,0.910,1,0,0,0,0,18,295,0,49,2
30-06 07:11:14,6.723,1.743,89.389,0.747,0.249,5579768,145820,179392,2105348,11180.908,2854.488,0,1410.312,0,145.414,2768,3962,0.740,0.880,0.910,0,0,0,0,0,18,294,0,47,2
30-06 07:11:15,12.243,3.248,82.200,0.999,0,5580212,145092,179416,2105608,6356.159,2018.780,0,6268.212,0,526.682,3761,5092,0.740,0.880,0.910,0,0,0,0,0,18,294,0,49,2
30-06 07:11:16,12.508,2.752,82.802,1.251,0,5580716,144588,179444,2105580,8671.477,2901.833,0,1380.872,0,138.087,3393,4539,0.740,0.880,0.910,0,0,0,0,0,18,294,0,51,2
30-06 07:11:17,2.500,0.750,95.011,0,0,5580860,144336,179448,2105684,7442.874,1498.176,0,680.080,0,46.005,1378,1908,0.680,0.860,0.900,0,0,0,0,0,18,294,0,51,2
30-06 07:11:18,10.272,1.754,86.682,0.752,0,5580848,144336,179452,2105692,6996.684,1392.923,0,1110.330,0,99.208,2893,3837,0.680,0.860,0.900,1,0,0,0,0,18,295,0,48,2
30-06 07:11:19,7.484,1.996,87.319,0.998,0,5581100,143832,179468,2105928,8083.210,2058.724,0,1500.882,0,161.664,2981,4357,0.680,0.860,0.900,0,0,0,0,0,18,294,0,52,2
30-06 07:11:20,11.305,2.763,81.900,2.261,0,5581284,143580,179492,2105972,12124.143,2880.049,0,7375.981,0,536.618,4395,6748,0.680,0.860,0.900,1,0,0,0,0,18,294,0,52,2
30-06 07:11:21,10.199,1.741,85.575,0.995,0,5581180,143580,179496,2106072,11365.502,2851.824,0,1401.035,0,151.248,3456,4733,0.680,0.860,0.900,0,0,0.995,0,0,18,294,0,53,2
30-06 07:11:22,6.001,1.500,90.261,0.500,0,5581144,143580,179496,2106108,9213.136,2804.346,0,772.095,0,69.009,2274,2981,0.630,0.850,0.900,1,0,0,0,0,18,294,0,52,2
30-06 07:11:23,3.500,1.000,94.261,0.250,0,5581132,143580,179496,2106120,5449.611,1080.121,0,520.058,0,37.004,1486,2013,0.630,0.850,0.900,1,0,0,0,0,18,294,0,52,2
30-06 07:11:24,11.255,2.001,84.287,0.750,0,5580912,143580,179500,2106336,10328.561,2524.115,0,1624.717,0,142.063,3878,5537,0.630,0.850,0.900,2,0,0,0,0,18,295,0,53,2
30-06 07:11:25,29.122,8.285,59.498,1.757,0,5590840,161844,178524,2079296,4137.262,1084.525,16.067,3410.229,1.004,378.580,8636,20699,0.630,0.850,0.900,3,0,36.151,0,0,18,296,0,55,2
30-06 07:11:26,24.416,5.979,65.275,1.246,0,5597384,152932,178588,2081688,4557.325,1142.072,0,2734.594,0,297.975,7752,11719,0.630,0.850,0.900,2,0,0,0,0,18,295,0,55,2
30-06 07:11:27,18.035,4.008,74.145,1.753,0,5596896,152932,178644,2082120,5300.361,2029.968,0,3583.004,0,309.605,5661,8412,0.660,0.850,0.900,1,0,0,0,0,18,294,0,56,2
30-06 07:11:28,11.232,2.745,83.363,1.747,0,5597012,152680,178716,2082184,4185.123,1954.788,0,6689.008,0,445.268,3916,6102,0.660,0.850,0.900,2,1,0,0,0,18,294,0,58,2
30-06 07:11:29,6.494,1.249,91.160,0.250,0,5595396,154092,178728,2082376,5234.822,1036.974,0,1574.443,0,114.886,2309,3363,0.660,0.850,0.900,3,0,0,0,0,18,295,0,58,2
30-06 07:11:30,7.749,2.250,86.737,1.250,0,5595552,153840,178748,2082452,5459.175,2025.694,0,2039.692,0,177.973,3285,4999,0.660,0.850,0.900,0,0,0,0,0,18,294,0,57,2
30-06 07:11:31,24.601,3.765,70.539,0.502,0,5599108,150060,178752,2082672,4334.744,1084.439,0,5333.834,0,425.743,4603,5089,0.660,0.850,0.900,1,0,1.004,0,0,18,295,0,58,2
30-06 07:11:32,15.183,2.489,80.145,0.747,0,5601956,147036,178768,2082832,11466.185,2907.116,0,1537.188,0,177.215,3788,4905,0.770,0.870,0.900,0,0,0,0,0,18,294,0,58,2
30-06 07:11:33,8.501,1.250,87.758,0.750,0.250,5601888,147036,178784,2082884,11840.071,2920.264,0,1332.120,0,140.013,2848,3986,0.770,0.870,0.900,0,0,0,0,0,18,294,0,58,2
30-06 07:11:34,6.508,1.502,89.607,0.501,0,5601648,147036,178812,2083096,9684.540,2749.276,0,1353.613,0,139.166,2753,3983,0.770,0.870,0.900,0,0,0,0,0,18,294,0,56,2
30-06 07:11:35,8.243,2.248,87.676,0.749,0.250,5601624,147036,178824,2083108,6142.839,1145.038,0,1358.858,0,93.921,3271,4805,0.770,0.870,0.900,5,0,0,0,0,18,295,0,56,2
30-06 07:11:36,26.259,4.502,65.523,2.251,0,5601720,146280,178900,2083692,3356.185,108.038,0,3661.293,0,391.138,8337,13187,0.770,0.870,0.900,0,0,1.000,0,0,18,295,0,57,2
30-06 07:11:37,7.262,2.003,87.893,1.502,0,5601920,146028,178928,2083716,5232.506,1812.947,0,4471.269,0,316.515,3034,4805,0.700,0.860,0.900,0,1,0,0,0,18,294,0,58,2
30-06 07:11:38,24.557,3.007,69.911,1.002,0,5602080,145776,178936,2083800,4009.227,1082.491,0,2662.127,0,153.353,6414,8805,0.700,0.860,0.900,1,0,0,0,0,18,298,0,58,2
30-06 07:11:39,25.631,4.230,68.185,0.995,0,5602428,145020,178952,2084192,5805.150,1009.332,127.411,1604.578,7.963,150.305,7007,9784,0.700,0.860,0.900,1,0,3.982,0,0,18,299,0,77,2
30-06 07:11:40,29.003,5.000,63.506,0.750,0,5605844,141248,178980,2084520,5440.479,1080.095,0,1836.162,0,171.015,7005,9157,0.700,0.860,0.900,1,0,7.001,0,0,18,297,0,92,3
30-06 07:11:41,10.745,2.249,84.958,1.249,0,5605536,141248,179000,2084808,12787.673,2876.577,0,1711.153,0,179.911,3575,5129,0.700,0.860,0.900,0,0,1.000,0,0,18,297,0,92,2
30-06 07:11:42,21.266,5.004,70.552,1.501,0,5605748,140996,179004,2084844,4423.265,1080.798,4.003,4050.990,1.001,380.281,6907,10600,0.810,0.870,0.900,1,0,0,0,0,18,297,0,88,2
30-06 07:11:43,25.516,4.253,66.793,1.251,0,5605992,140252,179012,2085320,4254.749,1969.272,0,2325.502,0,239.155,6104,8323,0.810,0.870,0.900,0,0,0,0,0,18,297,0,89,2
30-06 07:11:44,5.265,2.006,91.006,0.752,0,5605928,140252,179012,2085384,5343.007,1149.228,0,1544.338,0,128.361,2241,3297,0.810,0.870,0.900,4,0,0,0,0,18,298,0,89,2
30-06 07:11:45,4.241,1.497,90.807,1.746,0,5605888,140252,179012,2085424,5938.381,1965.823,0,6071.099,0,376.201,2718,4484,0.810,0.870,0.900,1,1,0,0,0,18,297,0,90,2
30-06 07:11:46,6.486,2.245,89.057,1.247,0,5605700,140252,179012,2085612,5889.242,1966.739,0,7380.012,0,520.872,2785,4117,0.810,0.870,0.900,0,0,0.998,0,0,18,297,0,85,2
30-06 07:11:47,7.002,1.250,89.529,0.500,0,5605700,140252,179032,2085592,5892.881,2037.650,0,1268.405,0,133.042,2603,3706,0.820,0.880,0.910,1,0,0,0,0,18,297,0,85,2
30-06 07:11:48,19.245,2.249,77.230,0.250,0,5607028,138740,179032,2085776,3938.982,1079.721,0,571.852,0,34.991,2983,3215,0.820,0.880,0.910,1,0,0,0,0,18,298,0,88,2
30-06 07:11:49,10.502,1.750,85.764,0.500,0,5607780,137984,179040,2085772,5155.815,1543.244,0,1048.166,0,100.016,2553,3382,0.820,0.880,0.910,1,0,0,0,0,18,297,0,88,2
30-06 07:11:50,9.008,4.754,83.072,1.001,0,5647260,154392,177524,2031788,4771.121,1436.240,0,1365.179,0,150.130,3413,4483,0.820,0.880,0.910,0,0,1.001,0,0,18,297,0,83,2
30-06 07:11:51,8.245,2.748,87.201,0.500,0,5648400,153352,177540,2031736,5289.003,1542.126,0,1187.327,0,121.931,3010,4301,0.820,0.880,0.910,0,0,3.998,0,0,18,297,0,83,2
30-06 07:11:52,14.997,2.999,80.235,1.000,0,5648272,153352,177576,2031828,11536.788,2853.453,0,1495.713,0,156.970,4129,5719,0.840,0.880,0.910,0,0,1.000,0,0,18,297,0,86,2
30-06 07:11:53,11.496,2.499,82.973,1.000,0,5640320,161152,177584,2031972,4450.565,1037.665,0,1403.547,0,142.954,3737,5383,0.840,0.880,0.910,3,0,1.000,0,0,18,298,0,86,2
30-06 07:11:54,25.621,4.773,65.812,1.507,0,5641020,159920,177636,2032452,4320.467,1127.341,0,3452.355,0,328.556,7761,11534,0.840,0.880,0.910,1,0,0,0,0,18,298,0,87,2
30-06 07:11:55,12.188,3.731,80.837,1.990,0,5650316,150372,177704,2032636,5909.797,2027.637,0,5010.393,0,403.936,4148,6467,0.840,0.880,0.910,3,1,0,0,0,18,297,0,83,2
30-06 07:11:56,7.503,1.751,87.781,1.250,0,5650464,150148,177756,2032660,6248.178,1932.674,0,3553.239,0,259.090,3148,4636,0.840,0.880,0.910,1,0,0,0,0,18,297,0,83,2
30-06 07:11:57,6.982,1.995,89.016,0.748,0,5648852,151656,177764,2032756,5500.565,1538.961,0,1172.922,0,104.725,2512,3580,0.770,0.860,0.900,0,0,0,0,0,18,297,0,83,2
30-06 07:11:58,6.767,1.504,88.969,0.752,0,5649156,151180,177772,2032920,9696.889,2752.782,0,1676.129,0,121.299,2752,3906,0.770,0.860,0.900,0,0,0,0,0,18,297,0,83,2
30-06 07:11:59,11.258,2.502,84.063,0.500,0,5649336,150928,177780,2032984,5722.309,1146.864,0,1577.188,0,131.099,3631,5089,0.770,0.860,0.900,1,0,1.001,0,0,18,298,0,80,2
30-06 07:12:00,26.502,4.250,65.755,1.500,0,5537976,262136,177824,2033092,4694.354,972.073,12.001,3220.243,1.000,355.027,5618,8364,0.770,0.860,0.900,2,1,0,0,0,18,297,0,80,2
30-06 07:12:01,6.242,3.246,89.133,0.499,0,5480636,319328,177840,2033256,11869.410,268324.555,379.502,1242.368,17.976,74.902,2324,2803,0.770,0.860,0.900,0,0,14.980,0,0,18,297,0,80,2
30-06 07:12:02,10.257,4.503,84.307,0.500,0,5484080,315832,177868,2033280,275075.145,5437.700,24.016,5119.483,3.002,457.311,2540,2314,0.710,0.850,0.900,0,0,20.014,0,0,18,297,0,80,2
30-06 07:12:03,10.508,5.004,81.058,0.500,0,5489148,310676,177884,2033352,424310.774,8970.443,204.147,3138.254,12.009,214.154,2806,2639,0.710,0.850,0.900,1,0,27.019,0,0,18,297,0,77,2
30-06 07:12:04,20.998,6.999,71.992,0,0,5481480,307164,177884,2044516,4585.477,539.938,151.983,103.988,3.000,4.999,2549,1915,0.710,0.850,0.900,1,0,19.998,0,0,18,297,0,77,2
