"pcp-dstat 6.2.0 CSV Output"
"Author:","PCP team <pcp@groups.io> and Dag Wieers <dag@wieers.com>",,,,"URL:","https://pcp.io/ and http://dag.wieers.com/home-made/dstat/"
"Host:","ubuntu",,,,"User:","ubuntu"
"Cmdline:","dstat -tcmndrylpg --tcp --output /tmp/devstack_logs/dstat-csv.log",,,,"Date:","18 Jun 2026 14:40:58 UTC"
"system","total usage",,,,,"memory usage",,,,"net/total",,"dsk/total",,"io/total",,"system",,"load avg",,,"procs",,,"paging",,"tcp sockets",,,,
"time","total usage:usr","total usage:sys","total usage:idl","total usage:wai","total usage:stl","used","free","buf","cach","net/total:recv","net/total:send","dsk/total:read","dsk/total:writ","read","writ","int","csw","1m","5m","15m","run","blk","new","in","out","lis","act","syn","tim","clo"
18-06 14:40:58,,1039984,1375492,168756,5223664,,,,,,,1.320,0.940,0.530,1,0,,,,10,3,0,18,0
18-06 14:40:59,8.255,20.261,69.788,0,0,1046936,1368476,168772,5223708,4802.644,1620.892,0,1228.676,0,53.029,6278,5200,1.320,0.940,0.530,2,2,424.234,0,0,10,3,0,18,0
18-06 14:41:00,11.243,20.737,66.957,0,0,1006604,1408608,168780,5224216,5071.714,1457.056,0,1375.109,0,108.929,6673,6361,1.320,0.940,0.530,2,0,415.731,0,0,10,3,0,17,0
18-06 14:41:01,18.251,16.251,64.002,0,0,975924,1439240,168780,5224316,4680.174,1620.060,0,1020.038,0,8.000,6881,8233,1.320,0.940,0.530,4,0,289.011,0,0,10,3,0,17,0
18-06 14:41:02,7.760,6.258,85.359,0,0,1080932,1333936,168780,5348940,4708.031,1553.991,0,0,0,0,2771,3252,1.320,0.940,0.530,1,0,54.069,0,0,11,5,0,17,0
18-06 14:41:03,23.253,11.001,64.508,0,0,1105880,1308960,168784,5348964,4338.521,1458.175,0,36.004,0,9.001,4181,7446,1.290,0.940,0.540,1,0,156.019,0,0,11,5,0,18,0
18-06 14:41:04,16.699,9.721,72.530,0.249,0,1139872,1274744,168828,5349120,6103.492,1615.102,31.903,307.069,1.994,15.952,3400,2750,1.290,0.940,0.540,4,0,121.631,0,0,11,5,0,19,0
18-06 14:41:05,22.516,2.752,73.301,0.250,0,1189576,1223364,168980,5350272,5738.987,1459.014,0,1509.048,0,23.016,1940,1612,1.290,0.940,0.540,2,0,0,0,0,11,5,0,19,0
18-06 14:41:06,16.502,3.500,70.760,7.751,0,1198388,1208748,169484,5355352,5008.705,1458.205,0,21623.042,0,1644.231,8133,14879,1.290,0.940,0.540,2,0,28.004,0,0,11,7,0,19,0
18-06 14:41:07,12.508,5.504,65.042,13.759,0.250,1206460,1194384,170868,5360060,4340.789,1458.937,0,51709.226,0,3970.551,15717,30294,1.290,0.940,0.540,1,0,54.035,0,0,11,7,0,19,0
18-06 14:41:08,18.986,6.995,72.945,0.500,0,1165668,1235136,170896,5360068,8412.694,2400.201,0,2542.094,0,224.831,2975,2304,1.270,0.940,0.540,1,0,74.944,0,0,11,5,0,19,0
18-06 14:41:09,22.988,2.749,73.213,0,0,1206744,1194060,170896,5360068,4677.623,1619.177,0,703.642,0,28.985,1849,1361,1.270,0.940,0.540,1,0,0,0,0,11,5,0,19,0
18-06 14:41:10,22.518,3.503,71.808,1.251,0,1186004,1214724,170960,5360084,4400.565,1621.313,0,7714.249,0,515.418,2725,3077,1.270,0.940,0.540,1,0,10.008,0,0,11,5,0,19,0
18-06 14:41:11,22.988,2.249,73.462,0.250,0,1228212,1172512,170964,5360084,4095.891,1457.250,0,171.911,0,11.994,1768,1235,1.270,0.940,0.540,1,0,0,0,0,11,5,0,19,0
18-06 14:41:12,12.285,15.294,71.205,0,0,1198160,1202492,170968,5360124,4091.778,1624.676,0,16.046,0,3.009,4844,3712,1.270,0.940,0.540,2,0,317.915,0,0,11,5,0,19,0
18-06 14:41:13,12.712,18.445,67.298,0,0,1173068,1227380,170968,5360284,4366.898,1615.154,0,39.880,0,9.970,6234,6737,1.250,0.940,0.540,1,0,422.732,0,0,11,5,0,19,0
18-06 14:41:14,36.853,14.039,49.387,0,0,1239340,1161084,170972,5360768,4883.588,1624.520,0,0,0,0,5342,5809,1.250,0.940,0.540,2,0,192.536,0,0,11,6,0,19,0
18-06 14:41:15,45.636,4.489,48.878,0,0,1308240,1091564,171012,5361232,5223.952,1615.964,0,1727.685,0,109.726,2769,1297,1.250,0.940,0.540,2,0,0,0,0,11,6,0,19,0
18-06 14:41:16,43.253,8.751,47.253,0,0,1333268,1064748,171100,5362724,4920.312,1620.103,0,15752.999,0,160.010,3142,3387,1.250,0.940,0.540,2,0,0,0,0,11,6,0,19,0
18-06 14:41:17,9.745,5.747,82.705,0.250,0,1351052,1045808,171148,5363632,5037.252,1619.117,0,1635.108,0,59.967,2657,3137,1.250,0.940,0.540,1,0,117.936,0,0,11,5,0,20,0
18-06 14:41:18,21.003,5.251,73.259,0.250,0,1419304,977524,171168,5363632,4578.571,1458.182,0,480.060,0,25.003,2164,1802,1.220,0.940,0.540,1,0,22.003,0,0,11,5,0,20,0
18-06 14:41:19,23.500,2.250,73.750,0,0,1444892,951932,171168,5363636,4919.998,1619.999,0,0,0,0,1701,1134,1.220,0.940,0.540,1,0,0,0,0,11,5,0,20,0
18-06 14:41:20,22.051,3.007,72.667,1.002,0,1401444,995048,171232,5363884,4966.406,1461.356,0,1427.278,0,190.437,3519,4542,1.220,0.940,0.540,1,0,18.041,0,0,11,5,0,22,0
18-06 14:41:21,21.516,4.503,73.306,0.250,0,1465168,931252,171256,5363884,4983.791,1621.233,0,2573.958,0,145.110,2161,1913,1.220,0.940,0.540,1,0,25.019,0,0,11,5,0,22,0
18-06 14:41:22,18.695,2.493,76.774,0.249,0,1463936,932316,171260,5364080,8605.643,5521.730,0,19897.371,0,433.722,2772,2641,1.220,0.940,0.540,1,0,1.994,0,0,11,18,0,22,0
18-06 14:41:23,21.295,2.505,75.408,0.501,0,1380012,1015560,171304,5364452,9502.935,7055.801,268.563,1374.884,66.139,19.040,2352,1996,1.210,0.950,0.550,2,0,8.017,0,0,11,29,0,23,1
18-06 14:41:24,21.449,4.739,73.325,0,0,1447212,948356,171304,5364456,4190.022,1616.151,0,0,0,0,2141,1527,1.210,0.950,0.550,2,0,36.912,0,0,11,29,0,23,1
18-06 14:41:25,16.750,2.000,80.499,0,0,1458176,937364,171304,5364468,10966.875,8310.905,0,0,0,0,2032,1727,1.210,0.950,0.550,1,0,0,0,0,11,29,0,18,1
18-06 14:41:26,35.923,11.476,52.139,0,0,1482064,913456,171304,5364484,4715.948,1562.669,0,11.974,0,2.994,3617,2421,1.210,0.950,0.550,2,0,155.668,0,0,11,29,0,18,1
18-06 14:41:27,28.815,4.009,65.397,0.501,0,1513804,881704,171304,5364496,12763.715,10556.750,0,35279.369,0,193.435,3079,2692,1.210,0.950,0.550,1,0,0,0,0,11,31,0,18,1
18-06 14:41:28,38.118,15.548,45.391,0,0,1430588,964668,171316,5364712,15702.671,11020.157,0,345.070,0,37.115,7213,9139,1.190,0.950,0.550,6,0,357.107,0,0,11,29,0,19,1
18-06 14:41:29,82.011,17.948,0,0,0,1674424,720804,171316,5364740,4965.523,1615.291,0,15.953,0,3.988,5185,3433,1.190,0.950,0.550,7,0,221.355,0,0,11,29,0,19,1
18-06 14:41:30,85.185,12.026,2.505,0,0,1870208,524988,171316,5364764,24230.691,20817.268,0,2309.021,0,44.096,5978,4912,1.190,0.950,0.550,6,0,0,0,0,11,34,0,19,1
18-06 14:41:31,74.431,9.491,14.736,0,0,1660684,734228,171336,5365016,32623.622,27921.001,0,923.140,0,73.931,9037,13421,1.190,0.950,0.550,4,0,153.857,0,0,11,29,0,25,1
18-06 14:41:32,24.963,7.988,65.902,0.250,0,1553052,841848,171336,5365024,8094.911,2398.418,0,275.588,0,10.984,2855,2345,1.190,0.950,0.550,1,0,156.766,0,0,11,29,0,25,1
18-06 14:41:33,14.000,2.250,83.000,0,0,1545576,849312,171336,5365036,11210.942,7679.960,0,107.999,0,6.000,2335,2556,1.170,0.950,0.550,1,0,0,0,0,11,30,0,24,1
18-06 14:41:34,19.502,7.001,72.758,0,0,1493676,901184,171356,5365044,5710.590,2500.258,0,1220.126,0,64.007,2962,2640,1.170,0.950,0.550,1,0,68.007,0,0,11,29,0,25,1
18-06 14:41:35,18.253,2.500,78.512,0,0,1517636,877220,171356,5365048,8559.309,5368.821,0,0,0,0,1915,1555,1.170,0.950,0.550,2,0,0,0,0,11,30,0,25,1
18-06 14:41:36,13.032,8.019,77.187,0.251,0,1474640,920188,171364,5365068,7892.080,4686.330,0,212.514,0,18.044,4120,4144,1.170,0.950,0.550,1,0,188.456,0,0,11,29,0,26,1
18-06 14:41:37,30.463,30.213,39.202,0,0,1499152,895632,171364,5365112,4678.243,1402.274,0,1633.989,0,29.963,6553,5954,1.170,0.950,0.550,5,0,848.955,0,0,11,29,0,25,1
18-06 14:41:38,87.629,12.018,0,0,0,1739828,654888,171364,5365160,5457.026,3349.927,0,196.289,0,7.010,4776,1994,1.480,1.010,0.580,4,0,0,0,0,11,30,0,25,1
18-06 14:41:39,65.098,7.233,26.937,0.249,0,1785972,608532,171372,5365360,38393.368,34388.717,0,606.584,0,36.914,7516,10792,1.480,1.010,0.580,3,0,0,0,0,11,34,0,25,1
18-06 14:41:40,71.883,15.278,12.022,0.501,0,1607076,787228,171424,5365508,22276.117,15829.217,0,4167.693,0,271.501,8741,12520,1.480,1.010,0.580,6,0,289.534,0,0,11,29,0,26,0
18-06 14:41:41,86.791,13.006,0,0,0,1752280,642016,171428,5365508,4834.277,1512.712,0,256.121,0,13.006,4847,2527,1.480,1.010,0.580,6,0,21.010,0,0,11,29,0,26,0
18-06 14:41:42,77.016,10.252,12.003,0,0,1885860,508240,171428,5365660,28699.075,25484.394,0,276.058,0,10.002,5374,5070,1.480,1.010,0.580,5,0,7.001,0,0,11,35,0,26,0
18-06 14:41:43,77.232,9.248,13.747,0.250,0,1850460,543248,171436,5366044,44764.658,39281.925,0,1279.704,0,71.983,11031,18038,1.600,1.050,0.590,6,0,117.973,0,0,11,30,0,31,0
18-06 14:41:44,47.101,11.464,40.621,0,0,1629708,763980,171444,5366056,5931.234,2528.001,0,486.461,0,79.748,3900,3030,1.600,1.050,0.590,2,0,179.432,0,0,11,30,0,31,0
18-06 14:41:45,32.101,2.508,64.704,0,0,1630796,762864,171460,5366064,16649.513,11947.683,0,140.443,0,12.038,3538,3467,1.600,1.050,0.590,2,0,0,0,0,11,30,0,32,0
18-06 14:41:46,55.974,18.991,24.239,0,0,1590360,803228,171460,5366132,14019.453,9017.789,0,2414.872,0,93.956,6478,6692,1.600,1.050,0.590,3,0,377.824,0,0,11,29,0,33,0
18-06 14:41:47,52.315,5.703,40.166,0,0,1652564,741012,171460,5366144,17691.059,13752.771,0,182.484,0,8.926,3926,2857,1.600,1.050,0.590,4,0,0,0,0,11,32,0,33,0
18-06 14:41:48,52.431,13.864,34.282,0,0,1510212,883148,171464,5366356,22290.191,18884.199,0,1145.414,0,54.447,7811,10805,1.470,1.030,0.590,4,0,260.138,0,0,11,29,0,34,1
18-06 14:41:49,86.793,12.006,1.501,0,0,1699760,693592,171468,5366360,5415.698,3365.677,0,148.074,0,8.004,4730,1758,1.470,1.030,0.590,2,0,0,0,0,11,30,1,32,1
18-06 14:41:50,52.143,5.738,40.168,0.249,0,1713328,679812,171476,5366564,38158.657,34201.781,0,299.385,0,27.943,8038,11926,1.470,1.030,0.590,3,0,0,0,0,11,32,0,33,1
18-06 14:41:51,65.785,17.009,17.259,0,0,1632968,760088,171480,5366612,12199.533,7614.078,0,364.195,0,31.017,5599,5814,1.470,1.030,0.590,3,0,324.174,0,0,11,29,0,35,1
18-06 14:41:52,54.088,7.011,38.312,0,0,1670436,722604,171480,5366628,16427.705,13209.474,0,3585.829,0,295.480,4336,3073,1.470,1.030,0.590,3,0,1.002,0,0,11,32,0,35,1
18-06 14:41:53,52.626,14.466,31.426,0.249,0,1526332,866616,171488,5366832,22901.071,18816.689,0,1049.529,0,78.814,8212,11100,1.520,1.050,0.590,4,0,298.298,0,0,11,29,0,34,1
18-06 14:41:54,63.998,9.250,26.499,0,0.250,1631640,761308,171488,5366832,8026.710,5631.797,0,151.995,0,8.000,3681,1544,1.520,1.050,0.590,0,0,1.000,0,0,11,31,1,34,1
18-06 14:41:55,46.351,5.011,47.854,0,0,1603944,788656,171492,5367168,28894.801,23977.113,0,208.453,0,18.039,6876,9481,1.520,1.050,0.590,4,0,5.011,0,0,11,30,0,36,1
18-06 14:41:56,65.018,17.255,18.005,0,0,1614772,777804,171492,5367192,6197.685,2806.763,0,172.047,0,12.003,4671,3267,1.520,1.050,0.590,3,0,282.077,0,0,11,29,0,37,1
18-06 14:41:57,48.398,5.738,44.656,0,0,1679068,713356,171492,5367344,25361.731,19861.284,0,151.681,0,6.985,4850,5028,1.520,1.050,0.590,2,0,0,0,0,11,32,0,34,1
18-06 14:41:58,59.630,10.774,29.565,0,0,1618440,773920,171500,5367400,14704.120,9643.065,0,1346.942,0,101.221,6710,7604,1.640,1.080,0.610,3,0,112.245,0,0,11,29,0,36,1
18-06 14:41:59,53.096,5.733,40.134,0,0,1673808,718532,171500,5367416,16521.101,13311.407,0,0,0,0,3883,2690,1.640,1.080,0.610,3,0,0,0,0,11,32,0,36,1
18-06 14:42:00,54.911,13.289,31.091,0.251,0,1552200,840052,171508,5367492,20149.068,15366.046,0,409.200,0,41.121,7434,9504,1.640,1.080,0.610,9,0,282.829,0,0,11,29,0,38,1
18-06 14:42:01,77.998,21.750,0.250,0,0,1662392,729816,171508,5367532,5057.894,1457.969,0,2427.949,0,118.998,5639,4828,1.640,1.080,0.610,8,0,491.990,0,0,11,29,0,38,1
18-06 14:42:02,80.000,17.750,2.500,0,0,1863064,528976,171508,5367700,20671.113,18061.098,0,172.001,0,8.000,6237,5602,1.640,1.080,0.610,5,0,432.002,0,0,11,34,0,38,1
18-06 14:42:03,76.791,16.153,5.964,0,0,1889468,502296,171516,5370056,48303.015,42392.377,0,878.743,0,63.619,9082,14068,1.910,1.140,0.630,10,0,396.627,0,0,11,31,0,39,1
18-06 14:42:04,81.234,18.108,0.503,0,0,1674152,717556,171516,5368008,12677.523,7697.858,0,370.205,0,37.222,6995,10108,1.910,1.140,0.630,5,0,287.714,0,0,11,29,0,40,1
18-06 14:42:05,83.748,11.750,4.750,0,0,1777852,613840,171516,5368024,17880.534,13371.652,0,147.996,0,8.000,5201,2950,1.910,1.140,0.630,3,0,0,0,0,11,33,0,40,1
18-06 14:42:06,74.755,8.751,16.501,0,0,1738684,652768,171516,5368256,44889.143,38841.720,0,0,0,0,8774,14555,1.910,1.140,0.630,3,0,41.003,0,0,11,32,0,39,1
18-06 14:42:07,33.749,24.749,40.249,0,0,1517060,874340,171516,5368304,13928.608,8986.747,0,1787.950,0,103.997,7809,8254,1.910,1.140,0.630,2,0,761.979,0,0,11,29,0,42,1
18-06 14:42:08,60.128,29.939,9.231,0,0,1604008,787344,171516,5368352,4251.402,1616.730,0,211.572,0,10.978,6007,5398,2.070,1.190,0.650,4,0,797.387,0,0,11,29,0,42,1
18-06 14:42:09,69.408,7.989,22.221,0,0,1710064,681252,171516,5368384,21261.930,18988.931,0,55.926,0,2.996,4805,4051,2.070,1.190,0.650,2,0,0,0,0,11,33,0,42,1
18-06 14:42:10,61.455,13.294,25.084,0.251,0,1634440,756672,171520,5368588,21665.222,17000.673,0,1260.201,0,98.328,8266,11501,2.070,1.190,0.650,4,0,201.672,0,0,11,29,0,46,1
18-06 14:42:11,81.713,11.495,6.747,0,0,1666300,724780,171524,5368612,7203.778,4493.990,0,231.896,0,14.993,4607,2129,2.070,1.190,0.650,3,0,66.970,0,0,11,31,0,46,1
18-06 14:42:12,58.997,6.500,33.248,0,0,1705396,685480,171524,5368812,34605.302,30860.486,0,175.991,0,10.000,7158,11104,2.070,1.190,0.650,3,0,1.000,0,0,11,33,0,46,1
18-06 14:42:13,51.183,4.744,42.694,0.250,0,1705348,685256,171524,5369068,44355.051,38823.278,0,263.656,0,18.975,13111,20413,2.070,1.210,0.660,5,0,0,0,0,11,32,0,46,2
18-06 14:42:14,80.395,14.276,4.759,0.250,0,1595396,795160,171528,5369112,9066.371,6278.337,0,544.984,0,53.096,6129,5672,2.070,1.210,0.660,4,0,120.217,0,0,11,29,0,46,2
18-06 14:42:15,69.500,9.000,21.500,0,0,1728600,661944,171528,5369124,18932.068,17593.063,0,216.001,0,14.000,4523,3299,2.070,1.210,0.660,2,0,2.000,0,0,11,33,0,46,2
18-06 14:42:16,52.726,5.747,39.982,0,0,1728828,661440,171528,5369392,45743.486,38435.763,0,175.921,0,10.995,13000,20784,2.070,1.210,0.660,2,0,0,0,0,11,33,0,46,2
18-06 14:42:17,65.274,13.005,20.758,0,0,1563456,826592,171532,5369608,29686.942,24804.142,0,144.053,0,10.004,9053,12514,2.070,1.210,0.660,4,0,260.096,0,0,11,29,0,50,2
18-06 14:42:18,82.693,11.423,5.463,0,0,1713104,676920,171540,5369620,8903.039,5897.282,0,325.806,0,13.906,4687,1728,2.220,1.250,0.670,3,0,0,0,0,11,31,0,49,2
18-06 14:42:19,60.851,6.789,32.186,0,0,1720952,668856,171540,5369832,36982.609,32186.910,0,1379.971,0,11.064,8358,12371,2.220,1.250,0.670,4,0,0,0,0,11,31,0,51,2
18-06 14:42:20,73.072,12.512,14.014,0,0,1648632,740960,171544,5370036,23600.249,18856.576,0,340.335,0,31.031,7881,10715,2.220,1.250,0.670,4,0,98.097,0,0,11,29,0,51,2
18-06 14:42:21,75.332,10.477,13.221,0,0,1682136,707432,171548,5370056,14357.980,11703.899,0,251.439,0,23.947,5087,3680,2.220,1.250,0.670,3,0,29.933,0,0,11,30,0,52,2
18-06 14:42:22,68.880,13.025,17.283,0,0,1678776,710748,171560,5370088,22636.785,19329.534,0,3117.893,0,145.275,6027,7835,2.220,1.250,0.670,2,0,122.231,0,0,11,33,0,51,2
18-06 14:42:23,66.696,7.217,25.882,0,0,1687860,701436,171564,5370308,36862.114,31161.079,0,350.404,0,42.805,6445,11086,2.290,1.280,0.690,6,0,2.986,0,0,11,36,0,52,2
18-06 14:42:24,74.866,13.315,11.305,0,0,1634160,755068,171564,5370376,19566.543,15374.071,0,152.746,0,10.049,6833,8468,2.290,1.280,0.690,4,0,196.962,0,0,11,33,0,55,2
18-06 14:42:25,72.752,10.750,16.750,0,0,1706556,682644,171564,5370396,19667.456,14089.327,0,120.003,0,6.000,5007,3646,2.290,1.280,0.690,3,0,29.001,0,0,11,36,0,55,2
18-06 14:42:26,64.704,10.742,23.483,0.250,0,1691876,697120,171572,5370552,27034.933,22699.990,0,235.834,0,15.989,7645,9633,2.290,1.280,0.690,3,0,69.951,0,0,11,36,0,55,2
18-06 14:42:27,73.052,11.508,15.011,0,0,1651600,737020,171612,5370844,27085.373,13842.901,0,540.387,0,46.033,5405,5792,2.290,1.280,0.690,3,0,138.099,0,0,11,36,0,57,2
18-06 14:42:28,57.058,8.471,33.886,0.747,0,1669552,718724,171732,5370988,39746.904,21152.636,0,1626.513,0,69.765,5052,4655,2.420,1.330,0.700,4,0,59.798,0,0,11,37,0,59,2
18-06 14:42:29,68.471,9.531,20.817,0.251,0,1712748,674756,171880,5371556,39315.807,19887.143,0,1693.462,0,61.197,4910,4527,2.420,1.330,0.700,3,0,60.194,0,0,11,36,0,60,2
18-06 14:42:30,61.988,10.248,26.745,0.250,0,1642316,744732,172008,5371792,34182.648,24644.420,0,1515.718,0,52.990,5168,4646,2.420,1.330,0.700,3,0,95.982,0,0,11,38,0,59,2
18-06 14:42:31,59.484,7.748,31.991,0.500,0,1613120,773280,172120,5372264,52060.852,24666.297,0,1375.626,0,48.987,6529,7210,2.420,1.330,0.700,3,0,60.983,0,0,11,36,0,61,3
18-06 14:42:32,60.038,10.712,27.901,0.249,0,1666232,712308,172284,5379628,99085.654,17880.777,0,1554.504,0,56.799,5529,4973,2.420,1.330,0.700,1,0,111.605,0,0,11,35,0,62,4
18-06 14:42:33,50.257,5.001,43.256,0.500,0,1659652,699084,172640,5397800,113459.576,18068.640,0,1708.250,0,65.009,5353,6002,2.390,1.340,0.710,2,0,1.000,0,0,11,36,0,62,4
18-06 14:42:34,51.820,10.264,37.300,0.751,0,1524912,815712,173516,5412712,12709.157,8554.548,0,2499.374,0,82.111,5192,5397,2.390,1.340,0.710,3,0,135.182,0,0,11,34,0,57,4
18-06 14:42:35,62.721,6.997,29.486,0.500,0,1609536,717000,173856,5424524,6327.025,3667.275,0,1007.526,0,31.985,3771,1771,2.390,1.340,0.710,2,0,0,0,0,11,35,0,57,4
18-06 14:42:36,48.886,6.017,44.123,1.003,0,1618860,681432,174820,5447220,18287.781,14572.465,0,3028.409,0,128.356,5093,6040,2.390,1.340,0.710,2,0,0,0,0,11,35,0,58,4
18-06 14:42:37,58.921,11.984,27.963,0.749,0,1578932,693144,175852,5471716,7530.966,3663.119,0,5037.288,0,231.691,5769,5389,2.390,1.340,0.710,3,0,137.816,0,0,11,34,0,59,4
18-06 14:42:38,56.785,7.004,34.772,0.750,0,1642800,633836,176612,5464796,12736.947,9697.050,0,1953.219,0,71.044,3956,2397,2.360,1.350,0.720,4,0,1.001,0,0,11,34,0,58,2
18-06 14:42:39,51.900,8.733,38.177,0,0,1612476,663988,176612,5464968,17167.039,10875.120,0,331.364,0,13.973,5050,4947,2.360,1.350,0.720,1,0,93.820,0,0,11,34,0,59,2
18-06 14:42:40,58.167,8.023,33.847,0.251,0,1555956,713280,176752,5471224,15166.462,9643.635,0,1728.955,0,39.112,4012,2837,2.360,1.350,0.720,3,0,9.026,0,0,11,33,0,60,2
18-06 14:42:41,55.836,11.217,31.657,0,0,1602620,665044,176780,5472532,16903.410,13011.827,0,514.491,0,9.971,10646,17536,2.360,1.350,0.720,3,0,55.836,0,0,11,33,0,61,2
18-06 14:42:42,58.385,12.529,27.564,0.251,0,1594644,672784,176796,5472660,11061.536,7976.414,0,1896.378,0,17.039,11576,19590,2.360,1.350,0.720,2,0,31.072,0,0,11,33,0,61,2
18-06 14:42:43,56.540,9.006,34.024,0,0,1623648,651852,176820,5465296,14240.087,11482.134,0,740.525,0,20.014,4460,4241,2.410,1.380,0.730,2,0,26.018,0,0,11,33,0,61,2
18-06 14:42:44,38.130,14.953,45.855,0,0,1518868,756584,176828,5465368,15590.841,12126.763,0,366.843,0,23.925,6064,6288,2.410,1.380,0.730,0,0,325.972,0,0,11,33,0,62,2
18-06 14:42:45,19.501,3.500,75.503,0.250,0,1509320,766120,176836,5465372,7576.299,2454.097,0,288.011,0,17.001,2293,2122,2.410,1.380,0.730,2,0,5.000,0,0,11,32,0,63,2
18-06 14:42:46,18.490,2.499,78.708,0,0,1503628,771804,176836,5465380,9935.731,6378.617,0,151.919,0,9.995,1923,1594,2.410,1.380,0.730,1,0,0,0,0,11,33,0,63,2
18-06 14:42:47,16.043,3.259,78.713,0.251,0,1446060,829208,176852,5465528,10214.678,6276.006,0,705.913,0,53.144,3580,4322,2.410,1.380,0.730,4,0,17.046,0,0,11,32,0,57,2
18-06 14:42:48,10.965,18.192,69.278,0,0,1439448,835816,176852,5465536,4637.125,1549.031,0,3257.550,0,183.412,4512,3048,2.380,1.390,0.740,1,0,266.146,0,0,11,32,0,57,2
18-06 14:42:49,19.735,2.998,76.692,0,0,1491876,783384,176852,5465540,6450.146,3529.344,0,39.970,0,0.999,1730,1139,2.380,1.390,0.740,0,0,0,0,0,11,33,0,57,2
18-06 14:42:50,17.529,2.254,79.131,0.250,0,1484376,790856,176856,5465564,14743.461,10275.047,0,1101.828,0,9.015,3406,4086,2.380,1.390,0.740,1,0,0,0,0,11,32,0,58,2
18-06 14:42:51,20.543,5.512,73.404,0,0,1470708,804524,176856,5465564,4555.555,1569.292,0,4.008,0,1.002,2259,1532,2.380,1.390,0.740,1,0,46.097,0,0,11,32,0,56,1
18-06 14:42:52,16.714,2.744,79.327,0,0,1485376,789812,176888,5465576,9805.650,7100.540,0,191.583,0,19.957,2227,2199,2.380,1.390,0.740,2,0,0.998,0,0,11,33,0,56,1
18-06 14:42:53,17.250,2.000,79.000,0.250,0,1472604,802524,176912,5465612,13468.019,9884.014,0,520.001,0,38.000,4165,5734,2.190,1.360,0.730,2,0,0,0,0,11,32,0,56,1
18-06 14:42:54,11.280,21.556,65.923,0,0,1407744,867224,176912,5465772,4409.541,1461.826,0,6164.133,0,221.580,6151,4978,2.190,1.360,0.730,2,0,567.485,0,0,11,32,0,57,1
18-06 14:42:55,41.402,8.979,49.384,0.249,0,1503736,771164,176928,5465960,4925.394,1616.192,0,319.248,0,20.951,3220,2136,2.190,1.360,0.730,2,0,59.859,0,0,11,32,0,54,1
18-06 14:42:56,39.367,5.767,46.137,7.021,0,1558856,710588,177240,5470972,4393.033,1624.820,0,16196.050,0,1680.987,8990,14930,2.190,1.360,0.730,3,0,74.220,0,0,11,36,0,54,1
18-06 14:42:57,35.748,8.250,39.748,13.249,0,1586580,678272,178072,5474628,4185.769,1565.913,0,53649.035,0,4879.730,18027,35035,2.190,1.360,0.730,5,0,90.995,0,0,11,36,0,54,1
18-06 14:42:58,43.368,6.480,45.362,3.739,0,1574252,691068,178256,5473968,4426.516,1615.080,0,18013.128,0,1465.536,7093,11186,2.330,1.410,0.750,3,0,12.961,0,0,11,32,0,54,1
18-06 14:42:59,41.787,6.506,46.041,5.004,0,1548448,716564,178396,5474144,5104.556,1621.447,0,6141.482,0,1008.901,8119,12238,2.330,1.410,0.750,3,0,2.002,0,0,11,34,0,49,1
18-06 14:43:00,37.063,8.765,44.576,7.262,0,1538360,726056,178628,5474500,5458.334,1514.590,0,15991.347,0,1937.313,11885,19831,2.330,1.410,0.750,1,0,100.171,0,0,11,32,0,49,1
18-06 14:43:01,22.439,4.488,69.562,2.743,0,1528680,735644,178704,5474512,4988.542,1238.658,0,14492.903,0,817.794,3752,5203,2.330,1.410,0.750,1,0,2.992,0,0,11,32,0,49,1
18-06 14:43:02,22.499,3.500,72.996,0.250,0,1582376,681936,178708,5474512,4793.762,1443.928,0,251.987,0,15.999,1950,1477,2.330,1.410,0.750,1,0,1.000,0,0,11,32,0,49,1
18-06 14:43:03,23.765,2.752,73.045,0.250,0,1530032,734256,178708,5474536,5855.613,1512.934,0,1789.104,0,199.123,2078,1505,2.220,1.400,0.750,1,0,1.001,0,0,11,32,0,47,1
18-06 14:43:04,27.243,6.248,65.232,0,0,1571140,693136,178708,5474536,5656.452,1457.601,0,15551.744,0,129.964,3206,9676,2.220,1.400,0.750,1,0,37.990,0,0,11,32,0,48,1
18-06 14:43:05,22.231,3.747,73.439,0,0,1473932,790328,178708,5474552,6787.333,1564.694,0,0,0,0,1803,1216,2.220,1.400,0.750,2,0,0.999,0,0,11,32,0,48,1
18-06 14:43:06,22.505,3.251,73.516,0,0,1479192,785068,178708,5474552,5059.098,1458.316,0,0,0,0,1804,1229,2.220,1.400,0.750,1,0,2.000,0,0,11,32,0,48,1
18-06 14:43:07,22.764,3.002,73.545,0,0,1480892,783284,178708,5474628,3622.212,1092.667,0,0,0,0,1742,1083,2.220,1.400,0.750,1,0,1.001,0,0,11,32,0,41,1
18-06 14:43:08,22.235,3.747,73.201,0,0,1516504,747668,178708,5474632,4598.898,1510.981,0,0,0,0,1838,1209,2.130,1.390,0.760,1,0,1.999,0,0,11,32,0,41,1
18-06 14:43:09,23.005,5.751,70.514,0.250,0,1543260,720868,178708,5474632,4152.820,1512.299,0,78487.493,0,366.072,2752,2263,2.130,1.390,0.760,1,0,0,0,0,11,32,0,41,1
18-06 14:43:10,22.493,2.999,72.978,0,0,1500500,763532,178708,5474732,4801.559,1565.530,0,331.900,0,22.993,1903,1417,2.130,1.390,0.760,1,0,1.000,0,0,11,32,0,41,1
18-06 14:43:11,22.007,3.751,73.525,0,0,1487404,776616,178708,5474744,4473.523,1512.515,0,0,0,0,1826,1310,2.130,1.390,0.760,1,0,1.000,0,0,11,32,0,37,1
18-06 14:43:12,22.989,2.999,72.965,0,0,1502312,761708,178708,5474744,4433.873,1565.249,0,0,0,0,1842,1211,2.130,1.390,0.760,1,0,2.999,0,0,11,32,0,37,1
18-06 14:43:13,23.016,3.252,73.552,0,0,1492652,771348,178708,5474764,4443.140,1621.146,0,0,0,0,1815,1215,2.040,1.390,0.760,1,0,1.001,0,0,11,32,0,37,1
18-06 14:43:14,23.254,2.750,73.512,0,0,1495008,768944,178708,5474804,4380.709,1620.262,0,240.039,0,4.001,1804,1221,2.040,1.390,0.760,1,0,1.000,0,0,11,32,0,37,1
18-06 14:43:15,22.003,3.750,73.509,0,0,1482044,781908,178708,5474804,4697.601,1620.207,0,0,0,0,1758,1146,2.040,1.390,0.760,2,0,2.000,0,0,11,32,0,37,0
18-06 14:43:16,20.298,5.513,73.172,0.251,0,1469024,794824,178708,5474908,4482.555,1515.569,0,172.406,0,3.007,2456,1664,2.040,1.390,0.760,1,0,64.151,0,0,11,32,0,37,0
18-06 14:43:17,8.252,22.256,68.768,0,0,1460808,802980,178708,5474968,4501.164,1620.419,0,968.250,0,11.003,6403,5193,2.040,1.390,0.760,2,0,550.142,0,0,11,32,0,37,0
18-06 14:43:18,9.251,20.002,69.258,0,0,1425820,837792,178708,5475144,4620.539,1620.189,0,276.032,0,6.001,5979,4550,1.950,1.380,0.760,2,0,436.051,0,0,11,32,0,37,0
18-06 14:43:19,12.965,14.710,71.305,0,0,1433352,830240,178708,5475164,4786.936,1615.591,0,706.073,0,108.703,4895,4037,1.950,1.380,0.760,1,0,318.132,0,0,11,32,0,33,0
18-06 14:43:20,22.251,3.500,73.253,0.250,0,1496208,767380,178712,5475164,3795.178,918.043,0,500.023,0,32.001,1858,1435,1.950,1.380,0.760,1,0,2.000,0,0,11,32,0,33,0
18-06 14:43:21,22.557,3.258,73.936,0,0,1503360,760232,178712,5475160,4431.173,1082.730,0,16.040,0,1.003,1766,1209,1.950,1.380,0.760,2,0,1.003,0,0,11,32,0,33,0
18-06 14:43:22,22.447,3.242,73.578,0,0,1508900,754688,178712,5475164,4339.839,1346.847,0,3.991,0,0.998,1934,1422,1.950,1.380,0.760,3,0,2.993,0,0,11,32,0,33,0
18-06 14:43:23,22.530,3.004,73.598,0,0,1496776,766804,178712,5475172,4393.851,1189.584,0,20.027,0,1.001,1752,1185,1.880,1.370,0.760,1,0,1.001,0,0,11,32,0,28,0
18-06 14:43:24,21.939,3.740,73.795,0,0,1547388,716188,178712,5475172,4174.413,1561.665,0,11.967,0,1.994,1776,1257,1.880,1.370,0.760,1,0,1.994,0,0,11,32,0,28,0
18-06 14:43:25,22.527,3.004,73.588,0,0,1518816,744768,178712,5475164,5422.468,1730.064,0,80.096,0,4.005,1732,1119,1.880,1.370,0.760,2,0,1.001,0,0,11,32,0,28,0
18-06 14:43:26,22.750,3.250,73.501,0,0,1539816,723768,178712,5475164,4532.040,1512.013,0,0,0,0,1741,1136,1.880,1.370,0.760,1,0,2.000,0,0,11,32,0,28,0
18-06 14:43:27,22.752,2.750,74.007,0,0,1519292,744268,178712,5475188,4196.382,1566.143,0,24.002,0,1.000,1656,1023,1.880,1.370,0.760,3,0,1.000,0,0,11,32,0,21,0
18-06 14:43:28,22.243,3.999,73.478,0,0,1535356,728216,178712,5475176,4060.781,1511.546,0,7.998,0,1.000,1737,1193,1.810,1.370,0.760,1,0,0,0,0,11,32,0,21,0
18-06 14:43:29,22.504,3.000,73.262,0,0.250,1502468,761092,178712,5475188,4186.689,1566.258,0,124.020,0,10.002,1873,1375,1.810,1.370,0.760,2,0,3.000,0,0,11,32,0,21,0
18-06 14:43:30,21.999,4.000,73.245,0.250,0,1494516,769092,178716,5475160,4668.688,1511.899,0,6083.593,0,320.979,2042,1478,1.810,1.370,0.760,2,0,0,0,0,11,32,0,21,0
18-06 14:43:31,22.488,2.998,73.461,0,0,1520248,743332,178716,5475188,4557.588,1619.143,0,27.985,0,0.999,1727,1077,1.810,1.370,0.760,2,0,1.999,0,0,11,32,0,21,0
18-06 14:43:32,20.506,6.002,73.021,0,0.250,1474912,788756,178716,5475100,4307.221,1566.444,0,0,0,0,1906,1294,1.810,1.370,0.760,2,0,4.001,0,0,11,32,0,16,0
18-06 14:43:33,23.003,2.500,73.760,0,0,1518332,745336,178716,5475100,4560.649,1620.230,0,88.013,0,1.000,1714,1102,1.740,1.360,0.760,1,0,0,0,0,11,32,0,16,0
18-06 14:43:34,22.996,2.750,73.237,0,0,1477044,786548,178716,5475176,4785.139,1565.718,0,3.999,0,1.000,1788,1287,1.740,1.360,0.760,1,0,1.000,0,0,11,32,0,16,0
18-06 14:43:35,21.980,3.747,73.434,0,0,1467880,795720,178716,5475168,4754.714,1618.541,0,55.950,0,1.998,1805,1344,1.740,1.360,0.760,1,0,0.999,0,0,11,32,0,16,0
18-06 14:43:36,22.233,3.497,73.943,0,0,1495512,768084,178720,5475168,4552.521,1564.804,0,91.930,0,2.998,1780,1238,1.740,1.360,0.760,1,0,1.998,0,0,11,32,0,13,0
18-06 14:43:37,22.043,3.507,73.143,0,0,1497008,766592,178720,5475164,4250.335,1514.971,0,0,0,0,1834,1310,1.740,1.360,0.760,1,0,1.002,0,0,11,32,0,13,0
18-06 14:43:38,23.254,3.251,73.013,0,0,1490336,773216,178720,5475208,4546.783,1566.270,0,24.004,0,1.000,1820,1172,1.680,1.360,0.760,1,0,1.000,0,0,11,32,0,13,0
18-06 14:43:39,22.735,3.498,73.202,0,0,1507504,756028,178728,5475220,4169.293,1511.019,0,107.930,0,9.994,1840,1370,1.680,1.360,0.760,3,0,1.999,0,0,11,32,0,13,0
18-06 14:43:40,17.052,11.284,70.966,0,0,1469956,793528,178728,5475268,4516.754,1570.783,0,698.126,0,67.205,3870,2971,1.680,1.360,0.760,1,0,219.669,0,0,11,32,0,9,0
18-06 14:43:41,15.983,11.488,71.922,0,0,1474028,789428,178728,5475296,4227.429,1510.367,0,119.870,0,4.995,3495,2889,1.680,1.360,0.760,1,0,240.740,0,0,11,32,0,9,0
18-06 14:43:42,23.770,2.752,72.561,0,0,1496868,766388,178728,5475476,4285.574,1567.307,0,0,0,0,1857,1059,1.680,1.360,0.760,1,0,7.006,0,0,11,32,0,9,0
18-06 14:43:43,21.747,3.749,73.989,0,0,1481244,781912,178728,5475540,4843.269,1457.780,0,0,0,0,1875,1267,1.630,1.350,0.770,1,0,8.999,0,0,11,32,0,9,0
18-06 14:43:44,23.694,1.746,74.076,0,0,1490844,772312,178728,5475540,4694.972,1616.204,0,0,0,0,1640,970,1.630,1.350,0.770,2,0,0,0,0,11,32,0,6,0
18-06 14:43:45,8.779,22.825,67.721,0,0,1443020,819980,178728,5475692,6295.559,1504.915,40.131,449.468,2.007,36.118,6352,4883,1.630,1.350,0.770,2,0,525.717,0,0,11,32,0,6,0
18-06 14:43:46,7.744,21.984,68.449,0,0,1422640,840316,178728,5475732,6461.179,1564.832,0,267.800,0,6.995,6872,5775,1.630,1.350,0.770,1,0,639.523,0,0,11,32,0,6,0
18-06 14:43:47,8.750,22.001,68.252,0,0,1414880,848036,178728,5475764,6466.213,1566.052,0,880.029,0,10.000,6542,5233,1.630,1.350,0.770,3,0,559.018,0,0,11,32,0,6,0
18-06 14:43:48,7.742,23.226,68.430,0,0,1417672,845220,178728,5475788,4495.389,1660.297,0,1318.647,0,14.985,6427,5161,1.580,1.340,0.770,2,0,561.424,0,0,11,32,0,4,0
18-06 14:43:49,8.509,21.023,69.075,0.250,0,1409564,853288,178728,5475828,4370.757,1567.706,0,892.972,0,18.020,6236,4929,1.580,1.340,0.770,1,0,475.517,0,0,11,32,0,4,0
18-06 14:43:50,7.497,21.242,69.975,0.250,0,1398980,863836,178728,5475864,4335.425,1619.412,0,1015.631,0,44.984,6332,5229,1.580,1.340,0.770,2,0,489.822,0,0,11,32,0,4,0
18-06 14:43:51,8.510,21.525,68.079,0,0,1379188,883592,178728,5475900,4685.444,1621.885,0,552.642,0,80.093,6303,4881,1.580,1.340,0.770,1,0,511.594,0,0,11,32,0,4,0
18-06 14:43:52,9.746,19.742,69.473,0,0,1326916,935808,178744,5475928,4678.200,1619.377,0,39.985,0,9.996,6096,4895,1.580,1.340,0.770,2,0,480.815,0,0,11,32,0,3,0
18-06 14:43:53,31.249,29.499,38.999,0.250,0,1387772,874864,178756,5475988,4531.901,1511.967,0,1075.976,0,61.999,7359,7031,1.610,1.350,0.770,3,0,822.982,0,0,11,32,0,9,0
18-06 14:43:54,66.302,8.724,24.178,0,0,1577556,683848,178820,5477060,4831.593,1561.344,0,275.179,0,10.967,3847,1749,1.610,1.350,0.770,3,0,0.997,0,0,11,32,0,9,0
18-06 14:43:55,50.868,10.023,26.812,10.524,0,1642488,608108,179572,5486040,4920.403,1515.512,376.873,49594.935,4.009,3497.104,14649,27952,1.610,1.350,0.770,3,1,87.202,0,0,11,38,0,10,0
18-06 14:43:56,36.253,12.251,33.253,15.501,0,1691008,549540,179948,5495316,4966.469,1566.148,0,89280.428,0,5923.559,20830,41993,1.610,1.350,0.770,2,0,157.015,0,0,11,36,0,8,0
18-06 14:43:57,36.777,9.007,35.526,17.263,0,1711288,519092,180280,5504832,9796.138,6984.089,0,76079.436,0,5783.214,19726,39131,1.610,1.350,0.770,2,0,48.035,0,0,11,37,0,8,0
18-06 14:43:58,37.720,11.241,34.972,13.489,0,1589008,635356,180704,5510256,9332.557,5360.725,0,57098.465,0,4234.623,17603,33201,1.720,1.380,0.790,4,0,180.856,0,0,11,34,0,9,0
18-06 14:43:59,40.952,23.223,26.469,7.242,0,1598996,619736,181120,5515544,4692.533,1456.303,295.656,37748.023,3.995,2745.801,15537,27971,1.720,1.380,0.790,2,1,302.647,0,0,11,34,0,9,0
18-06 14:44:00,37.069,19.035,31.057,10.269,0,1613848,598256,181256,5521344,13980.855,9895.300,1602.964,47456.764,27.050,3327.153,15849,31039,1.720,1.380,0.790,2,1,209.387,0,0,11,35,0,9,0
18-06 14:44:01,26.956,7.737,49.420,12.979,0,1610932,598764,181416,5523516,16609.088,12625.542,0,45765.844,0,3609.152,17947,33533,1.720,1.380,0.790,2,1,44.927,0,0,11,34,1,9,0
18-06 14:44:02,33.044,9.513,40.304,14.269,0,1604400,602028,181496,5526620,5237.013,1800.411,0,46181.841,0,3784.067,14439,27855,1.720,1.380,0.790,1,1,76.102,0,0,11,34,0,9,0
18-06 14:44:03,31.649,8.224,44.359,12.460,0,1630852,576408,181708,5525556,10310.153,6589.008,0,37002.115,0,3194.822,14016,26721,1.900,1.430,0.800,2,0,14.952,0,0,11,35,0,9,0
18-06 14:44:04,33.805,9.265,42.319,12.020,0,1620544,584516,181968,5527452,17727.791,12571.417,0,42757.440,0,3504.692,18115,40300,1.900,1.430,0.800,0,1,72.117,0,0,11,35,0,9,0
18-06 14:44:05,30.799,11.769,42.818,12.520,0,1538484,665988,182064,5527928,10834.207,5735.108,0,42239.083,0,3554.645,16080,30182,1.900,1.430,0.800,3,0,98.156,0,0,11,36,0,10,0
18-06 14:44:06,41.022,6.253,39.021,12.006,0,1602920,599932,182152,5529428,6123.286,1620.870,0,34118.309,0,2993.606,11092,23474,1.900,1.430,0.800,3,0,36.019,0,0,11,36,0,10,0
18-06 14:44:07,29.200,6.738,47.419,13.726,0,1597028,603052,182192,5532088,16263.124,12562.467,0,47770.119,0,4262.694,17896,36164,1.900,1.430,0.800,3,1,56.902,0,0,11,37,0,10,0
18-06 14:44:08,29.261,7.253,47.769,13.005,0,1494488,702220,182340,5535228,13960.481,10160.990,0,63336.868,0,4866.911,20366,39274,1.990,1.450,0.820,1,1,72.028,0,0,11,36,0,10,0
18-06 14:44:09,34.024,9.006,40.779,14.010,0,1560764,632340,182452,5538616,4263.001,1621.141,0,63144.451,0,5064.565,21041,38274,1.990,1.450,0.820,3,0,99.070,0,0,11,36,0,10,0
18-06 14:44:10,30.513,7.253,47.270,14.006,0,1577632,611676,182500,5542248,13024.446,9817.105,0,57528.055,0,4709.969,19162,37178,1.990,1.450,0.820,1,2,66.028,0,0,11,37,0,10,0
18-06 14:44:11,29.002,5.250,49.503,12.751,0,1581400,611680,182516,5538424,17125.053,13378.822,0,45466.795,0,4047.249,19257,37090,1.990,1.450,0.820,3,0,15.001,0,0,11,36,0,11,0
18-06 14:44:12,33.731,7.996,41.977,12.743,0,1551980,640000,182568,5539476,4447.530,1619.101,0,47857.420,0,3756.913,15120,29261,1.990,1.450,0.820,2,1,88.951,0,0,11,36,0,11,0
18-06 14:44:13,35.756,10.502,48.008,5.001,0,1509760,682232,182592,5539432,8574.509,6733.185,0,21515.787,0,1543.272,7598,11307,1.990,1.460,0.820,0,0,222.039,0,0,11,33,0,12,0
18-06 14:44:14,19.497,4.749,74.239,0.500,0,1449572,742408,182592,5539444,7814.859,4583.331,0,2047.701,0,119.982,3527,3982,1.990,1.460,0.820,1,0,33.995,0,0,11,32,0,13,0
18-06 14:44:15,19.200,3.242,76.301,0.249,0,1488124,703840,182592,5539460,9449.317,6580.810,0,825.843,0,50.867,2241,2079,1.990,1.460,0.820,1,0,0,0,0,11,33,0,13,0
18-06 14:44:16,17.505,6.252,74.772,0.750,0,1457532,734176,182592,5539724,6405.855,3082.893,0,7498.171,0,389.113,3358,3814,1.990,1.460,0.820,1,0,60.017,0,0,11,32,0,14,0
18-06 14:44:17,20.990,2.749,74.964,0.250,0,1466984,724716,182600,5539724,6294.008,3152.501,0,1383.342,0,77.963,1827,1417,1.990,1.460,0.820,1,0,0,0,0,11,33,0,14,0
18-06 14:44:18,18.992,2.249,77.716,0.250,0,1465320,726272,182600,5539832,14162.893,10014.682,0,1415.390,0,64.972,3589,4392,1.910,1.450,0.820,1,0,0,0,0,11,32,0,15,0
18-06 14:44:19,20.751,5.250,73.004,0,0,1424992,766596,182600,5539836,4412.233,1512.080,0,0,0,0,2213,1459,1.910,1.450,0.820,1,0,43.002,0,0,11,32,0,15,0
18-06 14:44:20,18.251,2.500,78.506,0,0,1444972,746476,182600,5539976,10953.785,8049.577,0,44.003,0,4.000,2379,2446,1.910,1.450,0.820,3,0,0,0,0,11,33,0,15,0
18-06 14:44:21,14.303,9.786,74.526,0.251,0,1403288,788104,182600,5540032,9448.003,5441.158,0,401.487,0,30.112,4629,4527,1.910,1.450,0.820,2,0,198.736,0,0,11,32,0,16,0
18-06 14:44:22,23.927,23.429,51.344,0,0,1412344,778708,182616,5540356,4446.487,1076.728,0,809.540,0,58.821,6769,6042,1.910,1.450,0.820,3,0,598.182,0,0,11,32,0,22,0
18-06 14:44:23,65.507,10.001,24.503,0,0,1587452,602812,182640,5541116,4532.467,1512.156,0,1612.166,0,77.008,3934,1754,2,1.480,0.840,3,0,3.000,0,0,11,32,0,22,0
18-06 14:44:24,66.748,8.500,23.749,0.500,0,1708604,478576,182756,5543720,4199.876,1619.952,0,5423.840,0,286.992,4529,2411,2,1.480,0.840,4,0,0,0,0,11,32,0,22,0
18-06 14:44:25,52.310,7.258,33.038,5.506,0,1799144,379652,182892,5551504,4762.464,1663.909,0,19922.856,0,1407.615,10145,14632,2,1.480,0.840,0,1,99.114,0,0,11,38,0,22,0
18-06 14:44:26,22.541,8.515,48.588,17.532,0,1798968,367864,183004,5562896,4387.958,1622.944,0,98602.836,0,6846.417,24611,49392,2,1.480,0.840,3,1,219.398,0,0,11,38,0,22,0
18-06 14:44:27,19.738,6.996,51.469,18.489,0,1798884,358540,183084,5571924,4497.276,1619.020,0,85999.919,0,6357.150,23296,45838,2,1.480,0.840,3,1,182.889,0,0,11,38,0,22,0
18-06 14:44:28,36.004,10.501,36.254,16.002,0,1680464,467404,183192,5581076,4486.504,1566.176,0,84729.510,0,6069.681,22012,43899,2.240,1.540,0.860,2,1,252.028,0,0,11,36,0,22,0
18-06 14:44:29,42.754,10.001,30.753,16.001,0,1747024,391552,183224,5589964,4892.404,1512.125,0,73010.035,0,5361.443,18157,37136,2.240,1.540,0.860,5,1,73.006,0,0,11,36,0,22,0
18-06 14:44:30,36.752,8.501,35.252,16.001,0,1798200,328564,183264,5601300,3487.218,648.040,0,85857.359,0,5598.349,19389,38362,2.240,1.540,0.860,1,1,14.001,0,0,11,38,0,22,0
18-06 14:44:31,29.505,9.002,42.008,16.503,0,1742620,380060,183280,5605244,4398.790,1458.262,0,80326.426,0,5856.052,20894,41672,2.240,1.540,0.860,1,1,150.027,0,0,11,36,0,22,0
18-06 14:44:32,35.973,4.746,50.711,7.744,0,1483640,637248,183296,5606948,4408.649,1510.852,0,14568.926,0,1479.875,8904,14661,2.240,1.540,0.860,1,1,102.922,0,0,11,32,0,22,0
18-06 14:44:33,17.756,10.003,67.271,3.751,0,1486208,634644,183296,5606980,4907.540,1566.492,0,19766.203,0,1132.355,5358,7642,2.140,1.530,0.860,1,0,205.064,0,0,11,32,0,22,0
18-06 14:44:34,23.003,3.000,72.259,0.500,0,1544820,576032,183296,5606980,4826.606,1620.204,0,3264.410,0,185.023,2089,1951,2.140,1.530,0.860,2,0,0,0,0,11,32,0,22,0
18-06 14:44:35,23.683,2.493,72.544,0,0,1571832,549012,183296,5606988,4907.079,1453.876,0,937.341,0,57.836,2302,2119,2.140,1.530,0.860,2,0,1.994,0,0,11,38,0,22,0
18-06 14:44:36,20.500,5.250,73.500,0,0,1516148,604696,183296,5606988,4526.018,1620.006,0,0,0,0,2188,1429,2.140,1.530,0.860,1,0,28.000,0,0,11,32,0,22,0
18-06 14:44:37,23.490,2.749,73.718,0,0,1582924,537916,183296,5606988,4336.132,1457.372,0,39.983,0,3.998,1852,1325,2.140,1.530,0.860,2,0,0,0,0,11,32,0,22,0
18-06 14:44:38,21.583,6.274,71.524,0.502,0,1512024,608756,183300,5607040,4517.276,1626.219,0,666.549,0,48.184,2966,2448,2.050,1.520,0.860,3,0,98.376,0,0,11,32,0,22,0
18-06 14:44:39,12.737,37.463,48.702,0,0,1504964,615740,183300,5607116,4513.560,1456.567,0,715.296,0,102.899,8432,8084,2.050,1.520,0.860,1,0,1196.823,0,0,11,32,0,22,0
18-06 14:44:40,9.251,22.003,68.508,0.250,0,1486356,634276,183300,5607188,4697.580,1620.200,0,144.018,0,16.002,6229,4719,2.050,1.520,0.860,1,0,534.066,0,0,11,32,0,22,0
18-06 14:44:41,9.249,19.497,69.740,0,0,1446400,674052,183300,5607356,5039.266,1689.754,0,19.997,0,4.999,5875,4514,2.050,1.520,0.860,1,0,409.940,0,0,11,32,0,22,0
18-06 14:44:42,16.756,18.257,63.525,0,0,1428096,692280,183300,5607812,5041.948,1620.626,0,28.011,0,7.003,7548,9291,2.050,1.520,0.860,1,0,374.145,0,0,11,32,0,22,0
18-06 14:44:43,38.656,10.724,49.879,0,0,1511644,608608,183312,5607948,4558.903,1616.066,0,7.981,0,0.998,3810,2769,2.210,1.560,0.880,2,0,130.682,0,0,11,33,0,22,0
18-06 14:44:44,45.544,5.756,48.296,0,0,1613140,507080,183312,5607980,4624.422,1621.551,0,16.015,0,1.001,2886,1486,2.210,1.560,0.880,5,0,6.006,0,0,11,37,0,22,0
18-06 14:44:45,47.597,5.762,46.345,0.501,0,1659692,458780,183372,5609352,5866.980,1460.983,0,3579.309,0,394.806,4007,3058,2.210,1.560,0.880,3,0,13.027,0,0,11,49,0,22,0
18-06 14:44:46,20.000,16.500,61.499,0.250,0,1668248,447408,183372,5612052,5559.925,1121.985,0,2967.960,0,146.998,6529,9467,2.210,1.560,0.880,2,0,294.996,0,0,11,48,0,23,0
18-06 14:44:47,15.990,12.242,69.456,0.750,0,1682028,433572,183372,5612064,4583.126,1025.357,0,6172.129,0,295.814,6204,9291,2.210,1.560,0.880,0,1,196.877,0,0,11,48,0,23,0
18-06 14:44:48,0.499,0.748,97.493,0.249,0,1682252,433348,183372,5612064,4520.092,1549.917,0,1348.447,0,75.800,1057,1634,2.030,1.540,0.870,0,0,2.992,0,0,11,48,0,23,0
18-06 14:44:49,0.750,0.750,97.993,0,0,1682252,433348,183372,5612064,4185.693,1565.885,0,35.997,0,4.000,711,989,2.030,1.540,0.870,0,0,2.000,0,0,11,48,0,23,0
18-06 14:44:50,0.500,0.500,98.455,0,0,1682252,433348,183372,5612064,4606.872,1511.302,0,0,0,0,715,987,2.030,1.540,0.870,0,0,1.999,0,0,11,48,0,23,0
18-06 14:44:51,1.255,1.505,96.599,0,0,1682248,433348,183372,5612052,4395.867,1625.869,0,268.971,0,1.004,1117,1267,2.030,1.540,0.870,2,0,19.069,0,0,11,48,0,23,0
18-06 14:44:52,16.454,14.460,68.310,0,0,1661632,453876,183372,5612576,4325.940,1453.947,0,3.989,0,0.997,5295,7556,2.030,1.540,0.870,1,0,258.280,0,0,11,48,0,23,0
18-06 14:44:53,12.000,15.250,71.501,0,0.250,1675108,440376,183372,5612160,4620.070,1620.025,0,4.000,0,1.000,5072,4778,1.870,1.510,0.870,2,0,313.005,0,0,12,48,0,17,0
18-06 14:44:54,19.501,16.501,63.002,0,0,1678352,436920,183372,5612316,4574.165,1696.061,0,88.003,0,3.000,6003,7557,1.870,1.510,0.870,6,0,274.010,0,0,12,48,0,17,0
18-06 14:44:55,13.740,5.746,78.942,0.250,0,1685664,429636,183372,5612324,5353.057,1618.807,0,515.620,0,40.970,2915,3478,1.870,1.510,0.870,1,0,183.865,0,0,12,64,0,17,0
18-06 14:44:56,16.257,17.007,66.027,0,0,1677152,438064,183372,5612816,4153.701,972.398,0,0,0,0,6210,7244,1.870,1.510,0.870,1,0,263.108,0,0,14,66,0,17,0
18-06 14:44:57,10.761,16.266,71.822,0,0,1686748,428460,183372,5612392,4850.881,1567.577,0,484.488,0,11.011,5427,4590,1.870,1.510,0.870,2,0,356.359,0,0,14,66,0,18,0
18-06 14:44:58,10.007,20.264,68.547,0.250,0,1649620,465416,183372,5612996,4923.411,1663.152,0,1044.724,0,42.029,6247,5283,1.720,1.480,0.860,4,0,389.270,0,0,14,66,0,17,0
18-06 14:44:59,23.508,16.255,59.019,0,0,1683828,431040,183372,5612708,5401.735,1662.534,0,104.033,0,8.003,6591,7976,1.720,1.480,0.860,2,0,281.090,0,0,14,66,0,17,0
18-06 14:45:00,28.785,25.531,45.054,0,0,1763868,350916,183372,5612756,5603.730,1621.948,0,380.457,0,9.011,6869,5646,1.720,1.480,0.860,3,0,626.753,0,0,14,66,0,17,0
18-06 14:45:01,30.189,25.199,43.662,0.249,0,1834760,278460,183408,5614208,5628.627,1616.733,0,5237.418,0,383.226,7651,9393,1.720,1.480,0.860,2,0,590.806,0,0,14,70,0,19,0
18-06 14:45:02,37.801,19.276,42.307,0,0,1951556,161604,183408,5614236,5411.279,1716.309,0,576.776,0,82.110,5985,7988,1.720,1.480,0.860,3,0,271.365,0,0,14,70,0,18,0
18-06 14:45:03,69.787,26.170,3.489,0,0,2059404,181828,175416,5497084,5682.630,1615.063,119.634,1176.404,10.966,8.973,5574,5093,1.900,1.530,0.880,5,0,563.278,0,0,14,70,0,18,0
18-06 14:45:04,67.259,19.503,12.752,0,0,2158116,146436,174784,5435912,5732.796,1602.222,268.037,632.088,13.002,10.001,6282,19838,1.900,1.530,0.880,3,1,287.040,0,0,14,70,0,19,0
18-06 14:45:05,71.967,26.738,1.499,0.250,0,2265412,136524,174360,5341404,6360.117,1565.290,451.795,2286.963,20.990,90.959,6310,6919,1.900,1.530,0.880,5,0,544.753,0,0,14,70,0,19,0
18-06 14:45:06,76.970,19.807,2.006,0.501,0,2431916,125036,174020,5189600,6169.670,1516.343,714.045,3297.444,75.215,172.494,6840,8391,1.900,1.530,0.880,6,1,267.767,0,0,14,74,0,17,0
18-06 14:45:07,66.917,27.216,3.496,2.247,0,2548864,124624,173732,5076308,4600.268,1564.051,906.870,31097.255,31.960,2363.056,15336,29223,1.900,1.530,0.880,9,0,460.426,0,0,14,76,0,17,0
18-06 14:45:08,71.547,19.763,7.505,0.500,0,2636640,182768,173844,4933152,4414.895,1512.992,488.320,9101.969,10.007,825.541,11452,18114,2.870,1.730,0.950,7,0,215.141,0,0,14,80,0,21,0
18-06 14:45:09,76.631,21.467,1.747,0,0,2742644,143908,173852,4867276,4119.626,1605.516,23.963,1373.874,4.992,73.886,8193,12389,2.870,1.730,0.950,5,0,449.305,0,0,14,91,0,29,0
18-06 14:45:10,45.134,22.941,31.419,0,0,2818396,136724,173852,4800208,4702.922,1454.265,3.990,1113.141,0.997,64.833,7526,11668,2.870,1.730,0.950,2,0,441.865,0,0,14,89,0,32,0
18-06 14:45:11,56.330,14.837,27.662,0.251,0,2913008,179724,173860,4666180,4860.472,1520.909,3138.384,1046.128,36.212,50.295,6602,7575,2.870,1.730,0.950,5,0,195.143,0,0,14,92,0,32,0
18-06 14:45:12,46.742,9.748,42.243,1.000,0,3022884,137768,173880,4599920,5025.114,1565.724,0,2587.544,0,132.977,5026,7657,2.870,1.730,0.950,3,0,64.989,0,0,14,97,0,35,0
18-06 14:45:13,6.977,20.184,70.272,0.498,0,3038180,121936,173880,4600456,4563.162,1453.275,0,4098.673,0,209.319,6148,5184,2.640,1.700,0.940,1,0,385.746,0,0,14,97,0,35,0
18-06 14:45:14,7.769,20.049,70.923,0,0,3038588,121504,173880,4600496,5353.022,1714.170,0,168.410,0,13.032,5828,4444,2.640,1.700,0.940,1,0,367.895,0,0,14,97,0,32,0
18-06 14:45:15,16.713,10.726,71.841,0.249,0,3069124,157308,173880,4535236,5253.341,1454.771,3.991,39.911,0.998,3.991,3569,2678,2.640,1.700,0.940,1,0,180.599,0,0,14,97,0,32,0
18-06 14:45:16,18.245,2.999,77.729,0,0,3104100,122292,173884,4535272,11061.015,7331.021,35.990,379.897,2.999,1.999,1916,1547,2.640,1.700,0.940,1,0,0,0,0,14,98,0,32,0
18-06 14:45:17,20.254,6.001,72.765,0,0,3095660,198592,173884,4469248,22707.617,19178.900,0,11054.248,0,563.115,3476,2944,2.640,1.700,0.940,1,0,63.013,0,0,14,99,0,33,0
18-06 14:45:18,20.742,3.499,74.972,0,0,3167028,127216,173884,4469256,6258.667,3476.704,3.999,31.988,1.000,3.999,1830,1227,2.510,1.690,0.950,2,0,0,0,0,14,100,0,32,0
18-06 14:45:19,19.004,3.751,76.766,0.500,0,3162576,131540,173900,4469372,9444.000,6129.298,32.007,2352.498,2.000,61.013,2811,3162,2.510,1.690,0.950,1,0,1.000,0,0,14,104,0,32,0
18-06 14:45:20,25.836,4.766,66.220,1.003,0,3164284,129092,173900,4470080,4758.837,1571.229,276.922,1396.648,16.053,191.638,5198,7635,2.510,1.690,0.950,1,1,3.010,0,0,14,107,0,32,0
18-06 14:45:21,24.722,7.991,65.675,0.999,0,3117708,175488,173900,4470260,6329.789,2801.808,95.891,1542.243,3.995,130.851,4988,5698,2.510,1.690,0.950,1,0,112.871,0,0,14,110,0,34,0
18-06 14:45:22,33.283,5.756,60.060,0.501,0.250,3228324,131928,173900,4405260,10598.638,7230.257,0,1413.419,0,80.080,3548,3137,2.510,1.690,0.950,1,0,6.006,0,0,14,117,0,32,0
18-06 14:45:23,19.736,2.998,75.947,0.500,0,3230332,129912,173900,4405268,7988.442,4231.056,0,1231.143,0,110.923,3111,3666,2.390,1.680,0.950,1,0,0.999,0,0,14,117,0,32,0
18-06 14:45:24,34.400,9.722,54.093,0.249,0,3238568,187240,173904,4341340,6152.195,2787.931,15.954,3952.561,3.988,119.654,5333,6243,2.390,1.680,0.950,2,0,95.723,0,0,14,118,0,33,0
18-06 14:45:25,42.997,6.499,49.496,0,0,3357964,132640,173904,4278116,6781.450,3531.713,0,455.963,0,28.998,2997,1565,2.390,1.680,0.950,1,0,5.000,0,0,14,119,0,33,0
18-06 14:45:26,22.809,7.269,69.179,0.501,0,3371860,178812,173904,4219132,26478.329,22951.227,0,1728.460,0,92.238,2817,2216,2.390,1.680,0.950,5,0,55.142,0,0,14,118,0,29,0
18-06 14:45:27,20.699,3.741,74.316,0,0,3439164,155376,173904,4175912,6393.203,3577.161,7.980,211.477,1.995,20.948,1901,1439,2.390,1.680,0.950,0,0,0,0,0,14,119,0,29,0
18-06 14:45:28,17.776,4.256,76.861,0,0,3355952,238560,173904,4175940,26592.368,22792.886,4.006,1866.693,1.001,83.120,2521,2244,2.280,1.670,0.950,1,1,51.074,0,0,14,118,0,30,0
18-06 14:45:29,22.033,3.005,73.861,0.250,0,3426196,168308,173904,4175948,4844.285,2128.200,4.006,1209.819,1.002,65.098,1823,1374,2.280,1.670,0.950,0,0,0,0,0,14,119,0,30,0
18-06 14:45:30,17.242,2.749,77.963,1.000,0,3421132,173280,173904,4176036,12157.204,8568.915,35.983,1983.055,2.999,164.921,3062,3800,2.280,1.670,0.950,1,0,0,0,0,14,118,0,31,0
18-06 14:45:31,20.264,6.254,72.551,0,0,3424988,169408,173904,4176052,4641.269,1459.028,0,288.203,0,23.016,2759,2388,2.280,1.670,0.950,1,0,82.058,0,0,14,118,0,31,0
18-06 14:45:32,26.177,3.740,68.807,0,0,3431784,162176,173904,4176488,27966.518,24752.538,179.496,398.881,11.966,31.910,3652,4447,2.280,1.670,0.950,1,0,8.975,0,0,14,120,0,33,0
18-06 14:45:33,21.071,5.519,73.248,0.251,0,3457676,136272,173904,4176500,4487.188,1517.135,0,184.625,0,10.034,2381,1661,2.170,1.660,0.950,1,0,55.187,0,0,14,120,0,33,0
18-06 14:45:34,15.699,2.243,81.236,0,0,3450192,143696,173904,4176560,11539.493,8245.200,47.844,155.495,3.987,10.964,1712,1396,2.170,1.660,0.950,1,0,0,0,0,14,121,0,33,0
18-06 14:45:35,26.543,4.507,65.355,2.003,0,3443356,150084,173904,4177008,5371.654,1622.614,132.213,3121.028,9.015,365.589,7085,11265,2.170,1.660,0.950,2,1,1.002,0,0,14,122,0,34,0
18-06 14:45:36,20.674,4.982,72.731,0.498,0,3373692,219736,173904,4177020,6400.330,2891.307,0,960.448,0,61.772,2709,2360,2.170,1.660,0.950,1,0,52.805,0,0,14,121,0,35,0
18-06 14:45:37,17.768,2.252,79.080,0,0,3399716,193700,173904,4177032,12108.215,9569.654,0,480.485,0,29.029,1885,1551,2.170,1.660,0.950,2,0,0,0,0,14,122,0,35,0
18-06 14:45:38,22.590,4.016,71.535,0.753,0,3399140,194176,173904,4177148,7075.202,3564.207,8.032,3682.679,2.008,417.665,5576,7598,2.080,1.650,0.950,2,0,0,0,0,14,122,0,35,0
18-06 14:45:39,35.714,7.243,55.944,0.749,0,3335608,257464,173904,4177392,5432.548,2429.562,0,1646.348,0,146.853,8303,12652,2.080,1.650,0.950,2,0,42.957,0,0,14,125,0,36,0
18-06 14:45:40,23.244,4.249,71.980,0.250,0,3402380,190684,173904,4177400,4307.800,1511.579,0,459.872,0,29.992,2211,1746,2.080,1.650,0.950,1,0,35.990,0,0,14,125,0,36,0
18-06 14:45:41,15.502,2.750,80.008,0.250,0,3413148,179876,173904,4177440,13027.301,9987.998,0,1284.128,0,112.011,2743,3432,2.080,1.650,0.950,1,0,0,0,0,14,126,0,36,0
18-06 14:45:42,21.502,9.251,67.507,0.500,0,3412032,180960,173904,4177456,5217.571,2713.297,0,1316.144,0,97.011,3851,3471,2.080,1.650,0.950,2,0,155.017,0,0,14,127,0,37,0
18-06 14:45:43,19.952,2.743,76.566,0.998,0,3409944,183040,173904,4177464,10410.965,7259.543,0,4493.195,0,260.374,2296,2329,1.990,1.640,0.950,1,0,0,0,0,14,128,0,37,0
18-06 14:45:44,21.830,4.015,71.763,0.251,0,3411116,181796,173912,4177528,10419.141,7382.023,0,1075.939,0,103.378,4846,6928,1.990,1.640,0.950,3,0,0,0,0,14,128,0,37,0
18-06 14:45:45,28.198,7.486,62.634,0.499,0.250,3412680,179540,173932,4178200,5932.017,1605.028,419.224,1457.302,68.872,118.780,8523,13499,1.990,1.640,0.950,3,0,2.994,0,0,14,128,0,37,0
18-06 14:45:46,44.306,13.517,41.302,0.751,0,3387384,204592,173932,4178396,7365.315,3554.496,64.081,1441.824,5.006,140.177,12597,18817,1.990,1.640,0.950,3,0,287.363,0,0,14,129,0,38,0
18-06 14:45:47,20.938,2.493,75.028,0,0,3451604,140244,173932,4178524,7167.797,3553.489,0,4079.931,0,355.947,2069,1500,1.990,1.640,0.950,0,0,0,0,0,14,130,0,37,0
18-06 14:45:48,17.043,7.519,74.188,0.251,0,3358232,233612,173932,4178544,10374.305,7250.384,0,517.312,0,28.071,3339,2675,1.910,1.630,0.950,1,0,110.280,0,0,14,129,0,38,0
18-06 14:45:49,8.758,19.768,69.812,0,0,3337248,254560,173932,4178580,4712.216,1621.451,0,440.394,0,28.025,5839,4411,1.910,1.630,0.950,1,0,388.347,0,0,14,129,0,38,0
18-06 14:45:50,18.218,15.473,64.886,0.250,0,3340368,251424,173932,4179044,4449.193,1617.162,0,1601.190,0,78.862,6924,8910,1.910,1.630,0.950,2,0,267.531,0,0,14,129,0,38,0
18-06 14:45:51,28.800,22.790,47.583,0,0,3405640,186088,173936,4178644,4507.878,1622.836,0,428.749,0,38.067,6714,5912,1.910,1.630,0.950,2,0,493.863,0,0,14,129,0,38,0
18-06 14:45:52,38.123,18.189,42.608,0.249,0,3449712,141644,173948,4179460,4038.544,1576.747,47.841,478.406,2.990,32.890,8110,9434,1.910,1.630,0.950,1,0,393.688,0,0,14,135,0,38,0
18-06 14:45:53,47.374,23.061,29.076,0,0,3545256,189428,173952,4038224,4790.583,1624.266,116.305,385.011,9.024,27.071,6253,7125,2,1.650,0.960,5,0,508.335,0,0,16,137,0,38,0
18-06 14:45:54,61.776,23.010,14.256,0,0,3705264,171140,173960,3898272,4982.132,1620.694,36.015,2505.072,6.003,58.025,7608,11177,2,1.650,0.960,6,0,397.170,0,0,16,145,0,38,0
18-06 14:45:55,47.212,22.732,28.977,0.500,0,3791192,135416,173960,3848476,5158.823,1564.733,7.994,431.651,1.998,26.978,9755,12504,2,1.650,0.960,2,0,458.629,0,0,16,159,0,38,0
18-06 14:45:56,34.711,24.223,40.704,0,0,3839092,142284,173964,3794984,4946.419,1600.195,71.919,667.247,0.999,18.979,15192,5882,2,1.650,0.960,3,0,578.347,0,0,16,159,0,38,0
18-06 14:45:57,24.292,17.029,57.599,0,0,3853960,182788,173968,3741028,4734.114,1568.689,0,1153.978,0,139.239,6348,7628,2,1.650,0.960,2,0,278.477,0,0,17,159,0,38,0
18-06 14:45:58,28.992,24.243,45.487,0,0,3932240,133212,173968,3712964,4650.649,1511.561,11.997,567.835,2.999,27.992,6962,6035,2,1.650,0.970,4,0,560.837,0,0,17,159,0,38,0
18-06 14:45:59,38.984,16.993,42.483,0.250,0,3978120,160680,173976,3641184,4604.114,1565.359,7.997,423.826,1.999,26.989,7433,9062,2,1.650,0.970,4,0,279.885,0,0,17,165,0,37,0
18-06 14:46:00,36.295,27.284,35.794,0,0,4052592,150236,173984,3578800,5095.302,1513.873,48.059,100.124,3.004,9.011,8211,12343,2,1.650,0.970,5,0,670.830,0,0,17,165,0,37,0
18-06 14:46:01,35.687,25.705,36.935,0.250,0,4162236,124996,173984,3496140,5464.345,1633.114,27.951,946.328,6.988,64.885,9977,14871,2,1.650,0.970,2,0,620.903,0,0,17,177,0,37,0
18-06 14:46:02,18.777,19.528,60.086,0.250,0,4184760,144952,173984,3454800,5670.103,1554.221,4.006,340.487,1.001,28.040,7238,8765,2,1.650,0.970,1,0,356.509,0,0,17,183,0,37,0
18-06 14:46:03,35.627,11.959,51.074,0.249,0,4274776,138128,173984,3372836,5353.545,1506.806,1004.537,486.323,17.938,29.897,4162,3399,2,1.660,0.970,2,0,117.595,0,0,17,185,0,35,0
18-06 14:46:04,45.849,10.523,42.592,0.251,0,4390188,210884,173988,3189836,5910.733,1461.148,428.924,589.269,14.030,49.106,3602,3437,2,1.660,0.970,11,0,38.082,0,0,17,187,0,35,0
18-06 14:46:05,47.382,6.235,45.637,0.249,0,4469172,131172,173988,3189956,7364.720,1562.123,67.832,327.188,6.983,33.916,4192,9713,2,1.660,0.970,2,0,17.955,0,0,17,208,0,36,0
18-06 14:46:06,29.370,23.597,46.440,0,0,4392528,206928,173996,3190820,5621.033,1463.999,662.716,570.337,8.033,40.165,7034,6391,2,1.660,0.970,4,0,574.353,0,0,17,207,0,36,0
18-06 14:46:07,34.836,25.629,37.076,0,0,4463592,134008,174008,3193000,12169.759,9584.917,1023.187,374.240,20.902,21.897,8528,11496,2,1.660,0.970,16,0,528.514,0,0,17,211,0,35,0
18-06 14:46:08,64.715,15.991,18.990,0,0,4465372,169552,174012,3157052,5412.042,2383.697,79.956,1807.012,9.995,144.921,5575,5912,2.400,1.750,1,3,0,151.917,0,0,17,210,0,36,0
18-06 14:46:09,74.140,14.277,10.770,0.751,0,4656528,148284,174044,2991976,7167.542,4012.581,2408.551,1350.552,95.180,57.108,5273,4709,2.400,1.750,1,4,0,32.061,0,0,17,225,0,36,0
18-06 14:46:10,57.132,12.278,24.807,4.761,0,4692988,127128,174108,2977952,13488.095,10139.375,5773.309,2048.723,461.063,152.351,6779,8407,2.400,1.750,1,3,0,87.201,0,0,17,225,0,41,0
18-06 14:46:11,37.780,27.022,34.778,0,0,4661856,187092,174112,2949660,4655.728,1513.212,4.003,380.304,1.001,23.018,7376,7603,2.400,1.750,1,3,0,553.443,0,0,17,227,0,26,0
18-06 14:46:12,41.723,18.488,38.225,0.250,0,4693120,184064,174120,2921724,12993.539,9816.608,11.992,8894.208,2.998,26.982,7535,9965,2.400,1.750,1,5,0,294.808,0,0,17,229,0,26,0
18-06 14:46:13,54.520,27.508,16.852,0.248,0,4732960,167556,174124,2899872,7618.899,4242.634,63.441,17117.245,5.948,867.361,7825,8710,2.450,1.770,1.010,9,0,526.364,0,0,17,227,0,28,0
18-06 14:46:14,62.269,20.924,16.134,0.252,0,4799928,164324,174144,2836632,10638.650,7285.711,1363.361,2791.259,62.521,158.319,8223,12246,2.450,1.770,1.010,5,0,297.479,0,0,17,232,0,30,0
18-06 14:46:15,51.808,26.279,21.023,0.250,0,4844556,151208,174144,2806244,10084.244,6735.510,180.201,4420.929,12.013,57.064,7529,8761,2.450,1.770,1.010,5,1,560.625,0,0,17,231,0,28,0
18-06 14:46:16,62.126,22.206,14.471,0.499,0,4912976,158412,174156,2732456,4463.093,1578.849,602.797,1077.849,32.934,72.855,8044,12885,2.450,1.770,1.010,3,0,287.426,0,0,17,241,0,29,0
18-06 14:46:17,63.432,13.735,22.226,0.250,0,5071152,131708,174156,2604184,15477.395,12409.686,503.460,950.980,18.980,41.955,5427,5079,2.450,1.770,1.010,3,1,24.973,0,0,17,241,0,30,0
18-06 14:46:18,64.127,12.024,22.545,1.002,0,5075144,140632,174168,2591604,11226.310,8109.116,1823.624,10977.817,91.181,947.884,10923,19752,2.650,1.820,1.040,9,0,15.030,0,0,17,246,0,36,0
18-06 14:46:19,56.333,8.686,33.999,0.248,0,5142444,126884,174168,2539772,14531.512,11582.327,1076.041,837.803,22.831,61.545,5013,4547,2.650,1.820,1.040,2,1,12.905,0,0,17,252,0,36,0
18-06 14:46:20,44.778,26.665,26.665,0.755,0,5069200,222016,174292,2519028,8425.265,4562.302,4568.339,1520.432,66.412,97.605,8046,8780,2.650,1.820,1.040,3,2,555.446,0,0,17,253,0,37,0
18-06 14:46:21,51.565,24.030,23.530,0,0,5121576,169508,174292,2519508,10663.428,7180.042,544.686,676.852,6.008,41.052,7202,10049,2.650,1.820,1.040,4,1,415.523,0,0,17,254,0,37,0
18-06 14:46:22,71.486,18.496,10.248,0,0,5147804,143152,174296,2519748,10522.900,6705.661,799.840,759.848,10.998,20.996,5470,4393,2.650,1.820,1.040,5,0,175.965,0,0,18,256,0,38,0
18-06 14:46:23,81.713,11.995,4.248,1.249,0,5280512,143532,174308,2391332,6440.089,3701.327,2954.665,851.615,149.932,45.979,5449,3559,2.760,1.860,1.050,6,0,11.995,0,0,18,261,0,38,0
18-06 14:46:24,74.486,12.414,11.421,0.497,0,5326000,146856,174332,2344260,13556.406,10200.575,1648.618,1620.810,60.582,147.978,6887,9348,2.760,1.860,1.050,7,0,108.253,0,0,18,264,0,38,0
18-06 14:46:25,46.830,13.092,40.536,0.504,0,5328504,151672,174344,2337240,5338.674,2621.500,906.396,1530.803,15.107,172.215,5309,6449,2.760,1.860,1.050,3,1,133.945,0,0,18,268,0,38,0
18-06 14:46:26,34.752,8.000,56.003,0.250,0,5350028,130116,174344,2337272,30920.712,14994.830,512.028,552.031,4.000,48.003,4239,4051,2.760,1.860,1.050,2,2,9.000,0,0,18,275,0,38,1
18-06 14:46:27,47.676,16.475,33.448,0.250,0,5348792,135892,174348,2333268,16521101.415,152132.200,3055.284,714.897,32.949,51.920,11695,7135,2.760,1.860,1.050,4,1,268.585,0,0,18,272,0,39,0
18-06 14:46:28,47.384,8.230,43.643,0.249,0,5434616,131944,174348,2254012,12442.578,10007.532,255.376,494.790,1.995,44.890,3602,2466,2.780,1.880,1.060,0,1,3.990,0,0,18,276,0,36,0
18-06 14:46:29,35.138,6.275,56.973,0.251,0,5406832,159764,174348,2254024,17467.406,13306.109,0,1076.215,0,75.295,4648,5503,2.780,1.880,1.060,2,1,7.028,0,0,18,284,0,39,0
18-06 14:46:30,24.023,3.754,69.568,0.250,0,5447272,118692,174348,2254656,415451.835,16411870.465,480.468,432.421,26.025,46.045,4933,4039,2.780,1.880,1.060,2,1,2.002,0,0,18,283,0,40,0
18-06 14:46:31,34.010,6.752,58.268,0.500,0,5380776,177284,174356,2262520,10485801.318,164542.796,16.005,984.298,1.000,81.025,16012,11319,2.780,1.880,1.060,5,0,6.002,0,0,18,287,0,42,0
18-06 14:46:32,31.635,7.473,59.036,0.249,0,5368932,180852,174356,2270780,6569620.667,147613.274,47.827,25396.003,2.989,74.729,11710,9741,2.780,1.880,1.060,0,1,66.758,0,0,18,285,0,43,0
18-06 14:46:33,13.233,2.247,82.395,0.499,0,5347156,202612,174356,2270796,15189.720,10802.289,0,8665.002,0,1010.717,2793,2876,2.640,1.860,1.060,4,1,0,0,0,18,284,0,44,0
18-06 14:46:34,12.303,17.575,69.297,0,0,5333116,216564,174356,2270888,4296.400,1464.271,32.138,6451.630,3.013,218.938,5630,4953,2.640,1.860,1.060,3,0,437.875,0,0,18,284,0,44,0
18-06 14:46:35,23.134,3.234,71.888,0,0,5402076,147604,174356,2270888,4856.569,1438.762,0,2690.465,0,27.860,2098,1623,2.640,1.860,1.060,2,0,0,0,0,18,284,0,44,0
18-06 14:46:36,10.562,17.352,70.413,0.251,0,5375540,174088,174360,2270936,4544.631,1466.594,8.047,1710.020,2.012,106.625,5526,4608,2.640,1.860,1.060,2,0,298.751,0,0,18,284,0,40,0
18-06 14:46:37,8.211,19.159,71.412,0.249,0,5360048,189520,174360,2270996,4566.364,1451.124,11.943,1791.512,0.995,15.925,5942,4683,2.640,1.860,1.060,1,0,370.246,0,0,18,284,0,40,0
18-06 14:46:38,4.268,1.757,92.136,0.251,0,5353004,196520,174360,2271040,4087.110,1355.675,0,301.261,0,34.143,1582,1936,2.510,1.850,1.060,1,0,11.046,0,0,18,288,0,40,0
18-06 14:46:39,23.887,3.484,71.163,0,0,5359048,190472,174360,2271044,4257.843,1451.130,0,12114.649,0,43.793,2296,1966,2.510,1.850,1.060,1,0,0,0,0,18,288,0,40,0
18-06 14:46:40,19.762,2.001,76.545,0.500,0,5373228,176120,174360,2271216,13702.137,10506.239,144.086,276.164,9.005,23.014,2628,2615,2.510,1.850,1.060,1,0,3.002,0,0,18,292,0,40,0
18-06 14:46:41,11.046,17.072,70.044,0.251,0,5327308,221784,174364,2271452,4105.233,1193.008,8.034,2422.168,2.008,143.603,5825,4973,2.510,1.850,1.060,1,0,253.062,0,0,18,292,0,40,0
18-06 14:46:42,13.996,17.745,67.483,0.250,0,5315172,233592,174364,2271752,4142.936,1403.639,0,363.907,0,26.993,5596,4433,2.510,1.850,1.060,1,0,250.936,0,0,18,296,0,40,0
18-06 14:46:43,18.685,8.471,72.000,0,0,5351384,197344,174364,2271788,4544.210,1614.390,3.986,279.030,0.997,19.931,3187,2529,2.390,1.840,1.060,1,0,104.636,0,0,18,296,0,40,0
18-06 14:46:44,23.034,3.004,72.608,0.250,0,5416548,132076,174364,2271892,4492.698,1568.338,104.155,500.747,1.001,34.051,2027,1616,2.390,1.840,1.060,1,0,0,0,0,18,296,0,39,0
18-06 14:46:45,23.969,3.246,71.408,0.250,0,5363660,196788,174364,2260148,5469.926,1687.817,283.633,191.752,10.986,23.969,2659,2421,2.390,1.840,1.060,2,0,8.988,0,0,18,296,0,39,0
18-06 14:46:46,24.007,3.501,71.521,0.250,0,5367332,193064,174368,2260196,4741.409,1662.494,24.007,516.153,4.001,38.011,2404,2200,2.390,1.840,1.060,2,1,0,0,0,18,296,0,39,0
18-06 14:46:47,21.477,4.745,72.922,0,0,5413264,147080,174368,2260248,6049.513,2254.582,47.949,167.820,1.998,13.985,2326,2014,2.390,1.840,1.060,1,0,2.997,0,0,18,299,0,39,0
18-06 14:46:48,13.003,1.500,83.769,0,0,5420476,139724,174368,2260392,22272.929,19730.366,0,180.040,0,14.003,2290,2201,2.270,1.820,1.060,1,0,1.000,0,0,18,302,0,39,0
18-06 14:46:49,23.479,4.496,71.437,0,0,5347472,212724,174368,2260396,4468.062,1510.668,0,95.915,0,6.994,2207,1635,2.270,1.820,1.060,1,0,14.987,0,0,18,296,0,39,0
18-06 14:46:50,25.030,2.503,72.085,0.250,0,5373416,186776,174368,2260400,4688.558,1567.859,0,188.223,0,28.033,2035,1482,2.270,1.820,1.060,1,0,0,0,0,18,296,0,39,0
18-06 14:46:51,11.540,16.809,69.995,0,0,5350512,209448,174380,2260604,4487.716,1517.314,429.504,489.715,7.025,17.060,5342,4427,2.270,1.820,1.060,1,0,329.153,0,0,18,296,0,39,0
18-06 14:46:52,15.197,12.705,71.001,0,0,5351924,207876,174388,2260756,4231.145,1560.521,51.818,302.936,4.983,18.934,4463,3610,2.270,1.820,1.060,1,0,271.048,0,0,18,296,0,39,0
18-06 14:46:53,20.331,2.008,76.556,0.502,0,5387644,171072,174432,2261796,11383.454,4470.852,0,337.347,0,22.088,2213,1923,2.170,1.810,1.060,1,0,17.068,0,0,18,297,0,39,0
18-06 14:46:54,23.187,3.989,71.306,0.499,0,5354964,197808,175024,2267020,4786.997,1627.579,0,1360.305,0,34.905,2527,2291,2.170,1.810,1.060,1,0,4.986,0,0,18,296,0,39,0
18-06 14:46:55,18.952,5.237,74.310,0,0,5330232,221332,175052,2268168,9449.875,3704.543,0,271.307,0,9.975,10742,19599,2.170,1.810,1.060,0,0,10.972,0,0,18,297,0,39,0
18-06 14:46:56,22.357,5.778,70.586,0,0,5344216,206968,175140,2268464,6949.108,2424.552,0,852.060,0,26.124,11269,19982,2.170,1.810,1.060,1,0,20.096,0,0,18,297,0,39,0
18-06 14:46:57,18.701,7.730,72.561,0.249,0,5292700,264488,175228,2262436,4488.337,1627.770,0,853.781,0,37.902,3239,2772,2.170,1.810,1.060,2,0,110.712,0,0,18,296,0,39,0
18-06 14:46:58,18.805,8.775,70.956,0.251,0,5366180,190992,175228,2262452,4874.130,1666.832,0,453.314,0,20.058,3292,2786,2.080,1.790,1.060,1,0,158.459,0,0,18,296,0,39,0
18-06 14:46:59,19.921,1.743,77.194,0,0,5384756,172228,175228,2262640,10576.033,7315.969,0,0,0,0,1899,1424,2.080,1.790,1.060,1,0,0,0,0,18,297,0,39,0
18-06 14:47:00,17.747,7.499,73.487,0,0,5319428,237504,175228,2262692,9687.238,6172.877,31.994,0,2.999,0,3234,2734,2.080,1.790,1.060,2,0,115.979,0,0,18,296,0,42,0
18-06 14:47:01,19.249,2.750,76.498,0,0,5368736,188152,175228,2262736,11347.692,7332.801,31.999,155.996,1.000,9.000,2333,2109,2.080,1.790,1.060,1,0,2.000,0,0,18,297,0,42,0
18-06 14:47:02,21.087,5.774,73.303,0,0,5356036,200840,175228,2262748,8056.269,4535.731,0,184.763,0,11.046,2696,2229,2.080,1.790,1.060,1,0,71.294,0,0,18,296,0,43,0
18-06 14:47:03,19.170,3.236,76.180,0,0,5406328,150540,175228,2262756,11537.605,7302.370,0,215.098,0,14.937,2089,1649,1.990,1.780,1.060,1,0,0,0,0,18,297,0,43,0
18-06 14:47:04,20.001,5.500,73.503,0.250,0,5378936,177912,175228,2262776,13811.648,8933.419,0,3152.148,0,452.021,2857,2291,1.990,1.780,1.060,2,0,56.003,0,0,18,296,0,44,0
18-06 14:47:05,24.002,4.750,70.256,0,0,5420540,136300,175228,2262784,12924.024,7399.586,0,1360.108,0,93.007,3037,11958,1.990,1.780,1.060,1,0,36.003,0,0,18,297,0,45,0
18-06 14:47:06,21.462,4.492,72.870,0,0,5399136,157692,175228,2262796,9962.182,6117.059,0,47.914,0,1.996,2508,1961,1.990,1.780,1.060,3,1,31.943,0,0,18,296,0,48,0
18-06 14:47:07,22.048,2.255,74.161,0,0,5409236,147584,175228,2262804,10532.861,7132.481,0,300.653,0,37.080,2324,2159,1.990,1.780,1.060,3,0,0,0,0,18,301,0,48,0
18-06 14:47:08,16.252,4.501,78.762,0.500,0,5363864,192932,175228,2262828,8885.360,6268.960,0,408.062,0,43.007,2936,3057,1.910,1.770,1.060,2,0,47.007,0,0,18,300,0,49,0
18-06 14:47:09,23.745,3.749,71.235,0,0,5404396,152400,175228,2262828,3865.166,1025.779,0,227.951,0,19.996,2244,1995,1.910,1.770,1.060,1,0,0,0,0,18,300,0,47,0
18-06 14:47:10,17.569,3.514,77.553,0.251,0,5379780,176876,175228,2262968,14772.665,11778.979,0,204.799,0,18.071,2629,2337,1.910,1.770,1.060,1,0,27.106,0,0,18,300,0,50,0
18-06 14:47:11,22.420,3.986,72.741,0,0,5392888,163728,175228,2263008,4589.645,1560.439,31.886,247.119,0.996,18.933,2190,1871,1.910,1.770,1.060,1,0,4.982,0,0,18,300,0,50,0
18-06 14:47:12,13.742,2.249,82.703,0.250,0,5397792,158808,175228,2263024,15275.243,12383.901,0,283.837,0,30.982,2254,2323,1.910,1.770,1.060,1,0,0.999,0,0,18,300,0,51,0
18-06 14:47:13,8.748,7.749,80.735,1.250,0,5377296,178084,175768,2263704,8955.340,3961.266,1123.792,247.954,250.953,17.997,3497,3369,1.760,1.740,1.050,1,0,179.967,0,0,18,302,0,45,0
18-06 14:47:14,4.253,5.504,88.811,0.250,0,5369456,185852,175784,2263760,15886.969,4128.851,0,380.263,0,24.017,2534,2456,1.760,1.740,1.050,1,0,125.086,0,0,18,302,0,46,0
18-06 14:47:15,5.263,7.268,86.469,0.251,0,5351308,203948,175784,2263812,10544.659,3968.032,0,573.450,0,32.081,2922,2823,1.760,1.740,1.050,1,0,133.337,0,0,18,300,0,47,0
18-06 14:47:16,20.732,7.743,69.441,1.749,0,5361468,183696,175836,2273756,4514.154,1456.759,2401.953,2310.032,229.804,276.764,3706,3357,1.760,1.740,1.050,2,1,86.926,0,0,18,300,0,47,0
18-06 14:47:17,21.539,3.005,74.636,0,0,5372672,168644,175920,2277404,11076.223,4367.975,4.007,829.515,1.002,18.033,2565,2310,1.760,1.740,1.050,1,0,18.033,0,0,18,301,0,42,0
18-06 14:47:18,17.250,5.500,74.752,1.000,0,5343400,191428,176096,2283684,9904.212,3419.073,1404.030,3496.075,24.001,110.002,3521,3541,1.700,1.720,1.050,1,0,63.001,0,0,18,300,0,42,0
18-06 14:47:19,16.421,10.948,70.164,0.249,0,5352380,182336,176100,2283760,4345.223,1558.548,15.924,636.954,1.990,43.791,4254,3829,1.700,1.720,1.050,1,0,240.848,0,0,18,300,0,42,0
18-06 14:47:20,20.016,2.752,77.063,0,0,5393676,141032,176100,2283768,10231.303,7338.956,0,220.179,0,22.018,1963,1628,1.700,1.720,1.050,1,0,0,0,0,18,301,0,42,0
18-06 14:47:21,20.248,4.999,73.242,0,0.250,5410456,124196,176100,2283824,22268.467,19106.827,31.996,111.987,1.000,13.998,2788,2420,1.700,1.720,1.050,1,0,46.995,0,0,18,300,0,35,0
18-06 14:47:22,18.761,3.752,75.793,0.500,0,5374088,173792,176100,2270780,10419.896,7271.114,0,320.181,0,34.019,2087,1832,1.700,1.720,1.050,1,0,1.001,0,0,18,301,0,35,0
18-06 14:47:23,22.500,3.750,73.000,0.250,0,5357348,190432,176100,2270880,7181.004,4329.002,96.000,216.000,6.000,23.000,2622,2441,1.640,1.710,1.050,2,0,14.000,0,0,18,300,0,37,0
18-06 14:47:24,20.743,2.749,75.726,0,0,5370172,177600,176100,2270888,10018.772,7060.725,0,227.927,0,20.993,2308,2180,1.640,1.710,1.050,1,0,0,0,0,18,301,0,37,0
18-06 14:47:25,22.752,4.250,70.506,1.000,0,5342912,202576,176104,2273168,6996.590,3697.312,2016.170,1416.119,80.007,166.014,5187,7414,1.640,1.710,1.050,2,0,6.001,0,0,18,300,0,35,0
18-06 14:47:26,23.088,4.517,71.774,0.502,0,5401928,143556,176108,2273168,4007.294,1517.793,0,3569.624,0,208.797,2455,2595,1.640,1.710,1.050,3,1,0,0,0,18,300,0,35,0
18-06 14:47:27,16.186,2.241,79.687,0.498,0,5396656,148756,176108,2273240,14411.378,11121.305,31.875,649.448,0.996,74.706,3223,3959,1.640,1.710,1.050,1,0,0,0,0,18,301,0,35,0
18-06 14:47:28,22.349,6.027,70.563,0.251,0,5310744,234584,176108,2273324,5715.368,2900.876,48.214,791.513,2.009,73.325,4300,4953,1.590,1.700,1.050,2,0,81.361,0,0,18,300,0,36,0
18-06 14:47:29,8.739,22.222,67.666,0.250,0,5321192,224108,176108,2273352,4102.889,1456.186,0,483.398,0,34.956,7054,6283,1.590,1.700,1.050,1,0,679.154,0,0,18,300,0,33,0
18-06 14:47:30,8.509,22.523,67.318,0,0,5324316,220940,176108,2273392,4341.411,1621.647,0,4472.544,0,400.407,7238,6458,1.590,1.700,1.050,1,0,695.707,0,0,18,300,0,33,0
18-06 14:47:31,8.745,21.987,67.209,0.250,0,5317204,228016,176108,2273428,4635.196,1457.119,0,2066.750,0,119.927,7357,6972,1.590,1.700,1.050,1,0,687.584,0,0,18,300,0,33,0
18-06 14:47:32,8.502,22.754,67.513,0,0,5317144,228044,176108,2273460,4320.845,1662.325,0,228.045,0,23.004,7024,6170,1.590,1.700,1.050,1,0,663.130,0,0,18,300,0,33,0
18-06 14:47:33,8.506,22.266,68.049,0,0,5322316,222840,176108,2273492,4341.096,1459.041,0,48.034,0,12.009,6889,5911,1.460,1.670,1.050,1,0,603.430,0,0,18,300,0,26,0
18-06 14:47:34,11.240,18.484,70.190,0,0,5332620,212472,176108,2273556,4446.180,1618.609,15.986,111.904,0.999,10.991,5674,4749,1.460,1.670,1.050,1,0,428.632,0,0,18,300,0,26,0
18-06 14:47:35,18.511,7.504,72.793,0,0,5338068,311920,176492,2179948,5120.049,1620.965,4.002,1220.727,1.001,80.048,2430,2037,1.460,1.670,1.050,1,0,37.022,0,0,18,300,0,26,0
18-06 14:47:36,19.175,2.241,76.950,0.249,0,5349272,297892,176612,2182660,12685.618,5086.201,31.876,2685.546,3.984,12.950,2123,1678,1.460,1.670,1.050,2,0,15.938,0,0,18,301,0,26,0
18-06 14:47:37,14.993,1.749,80.714,1.499,0,5358212,287340,176732,2184144,30305.478,17397.237,1023.543,2694.798,65.971,121.946,2366,2738,1.460,1.670,1.050,1,0,0,0,0,18,301,0,25,0
18-06 14:47:38,17.059,2.007,79.525,1.003,0,5379312,264516,176840,2185756,26475.399,15335.943,1396.822,1954.748,66.229,86.298,2266,2266,1.420,1.660,1.050,1,0,0,0,0,18,301,0,25,0
18-06 14:47:39,17.998,1.250,77.991,1.000,0,5393828,248368,176940,2187292,22462.345,13098.452,979.884,1755.792,42.995,66.992,2136,2084,1.420,1.660,1.050,1,0,0,0,0,18,301,0,25,0
18-06 14:47:40,20.689,3.490,74.279,0.997,0,5404504,201840,177100,2222888,8081.977,3557.426,12379.204,1407.815,132.606,48.855,2177,1875,1.420,1.660,1.050,3,0,0.997,0,0,18,301,0,25,0
18-06 14:47:41,22.744,4.249,70.980,1.000,0,5433828,159124,177392,2235700,4184.821,1565.559,0,1991.439,0,63.982,2441,2004,1.420,1.660,1.050,1,0,0,0,0,18,301,0,24,0
18-06 14:47:42,23.999,3.500,71.248,0.250,0,5428160,148904,177420,2251252,4231.909,1511.967,0,1247.973,0,48.999,2377,1991,1.420,1.660,1.050,1,0,7.000,0,0,18,301,0,24,0
18-06 14:47:43,22.711,2.745,72.874,0.998,0,5421736,131448,177904,2274328,3939.198,1563.300,0,2487.704,0,113.803,2446,2278,1.390,1.650,1.040,2,0,0,0,0,18,301,0,24,0
18-06 14:47:44,23.289,2.755,71.870,0.751,0,5399708,126684,178576,2300136,3960.617,1135.898,0,2480.144,0,78.131,2384,2133,1.390,1.650,1.040,3,0,0,0,0,18,301,0,24,0
18-06 14:47:45,23.255,3.001,73.266,0.750,0,5323464,210960,178888,2291536,5298.161,1632.358,0,1784.391,0,62.014,2343,1980,1.390,1.650,1.040,1,0,2.000,0,0,18,300,0,24,0
18-06 14:47:46,19.036,3.507,76.145,0,0,5383408,150976,178916,2291544,10450.881,3567.787,0,605.151,0,4.008,2208,1730,1.390,1.650,1.040,2,0,33.063,0,0,18,301,0,24,0
18-06 14:47:47,22.486,3.748,72.456,0.500,0,5391852,136120,179016,2297824,7590.363,2630.393,15.990,1818.889,0.999,48.970,2533,2417,1.390,1.650,1.040,1,0,3.998,0,0,18,300,0,24,0
18-06 14:47:48,22.763,5.503,69.041,0,0,5353704,189240,179040,2283108,4234.500,1512.893,0,1468.867,0,18.011,10711,19333,1.360,1.640,1.040,1,0,13.008,0,0,18,300,0,24,0
18-06 14:47:49,22.439,6.732,69.562,0,0,5371736,171096,179060,2283200,4653.447,1561.787,0,797.848,0,15.957,9677,17857,1.360,1.640,1.040,1,0,18.949,0,0,18,300,0,24,0
18-06 14:47:50,21.768,4.254,72.310,0.250,0,5321556,228720,179064,2275816,4520.748,1691.402,4.003,812.674,1.001,30.025,2943,2596,1.360,1.640,1.040,2,0,51.042,0,0,18,300,0,22,0
18-06 14:47:51,23.743,5.998,69.230,0,0,5363864,186384,179064,2275844,4558.662,1661.512,0,14407.770,0,81.976,10632,19200,1.360,1.640,1.040,1,0,23.993,0,0,18,300,0,22,0
18-06 14:47:52,17.754,3.001,77.265,0.250,0,5377812,166948,179092,2281280,11076.198,4603.914,0,1452.288,0,20.004,2059,1642,1.360,1.640,1.040,1,0,19.004,0,0,18,300,0,22,0
18-06 14:47:53,23.471,5.243,69.663,0,0,5384812,158028,179120,2283124,4614.241,1617.981,0,495.382,0,11.985,10342,18902,1.330,1.630,1.040,3,0,13.983,0,0,18,300,0,22,0
18-06 14:47:54,23.286,7.011,68.357,0.501,0,5368272,174408,179124,2283264,4493.015,1568.449,0,793.239,0,29.045,11255,20323,1.330,1.630,1.040,1,0,16.025,0,0,18,300,0,22,0
18-06 14:47:55,21.999,4.500,71.747,0,0,5359012,191124,179128,2275848,4996.803,1661.935,0,507.980,0,19.999,2385,1915,1.330,1.630,1.040,1,0,10.000,0,0,18,300,0,22,0
18-06 14:47:56,21.749,5.250,72.246,0,0,5350120,200024,179128,2275856,4439.769,1619.916,0,643.967,0,21.999,3294,2983,1.330,1.630,1.040,2,0,109.994,0,0,18,300,0,22,0
18-06 14:47:57,22.998,3.500,71.993,0.250,0,5351984,187804,179132,2286116,5099.508,1619.844,0,1215.883,0,23.998,2427,2276,1.330,1.630,1.040,1,0,3.000,0,0,18,300,0,22,0
18-06 14:47:58,15.248,1.250,82.988,0,0,5357092,181756,179152,2287020,16898.576,7351.945,3.999,667.904,1.000,20.997,1728,1643,1.300,1.620,1.040,0,0,15.998,0,0,18,301,0,22,0
18-06 14:47:59,24.486,4.747,68.711,0.750,0,5405180,133132,179200,2287488,52857.018,17661.982,255.855,2282.705,1.999,82.953,2690,2319,1.300,1.620,1.040,1,0,4.997,0,0,18,301,0,22,0
18-06 14:48:00,29.254,7.251,61.759,0.500,0,5366728,187656,179360,2271428,142240.751,16393.276,768.107,2104.292,6.001,91.013,3163,2154,1.300,1.620,1.040,2,0,7.001,0,0,18,302,0,22,0
18-06 14:48:01,18.516,1.001,79.320,0.500,0,5367000,186956,179504,2271692,23765.001,13814.207,0,2674.363,0,269.238,2053,1830,1.300,1.620,1.040,1,0,2.002,0,0,18,302,0,22,0
18-06 14:48:02,11.742,0.999,85.942,0.500,0,5386084,167300,179592,2272176,328668.791,15144.715,0,919.376,0,25.982,1850,1663,1.300,1.620,1.040,0,0,0.999,0,0,18,302,0,18,0
18-06 14:48:03,7.272,2.006,88.763,1.003,0.251,5386132,166544,179984,2272488,124220.058,20310.178,28.083,2752.154,4.012,134.398,1910,2154,1.200,1.590,1.040,0,1,0,0,0,18,302,0,18,0
18-06 14:48:04,12.708,1.246,84.222,0.748,0,5377220,166292,180152,2281440,64259.270,15093.269,103.658,1686.443,5.980,62.793,1792,1710,1.200,1.590,1.040,0,0,0.997,0,0,18,302,0,18,0
18-06 14:48:05,8.009,4.755,85.094,0.250,0,5402716,135752,180172,2286432,2673947.937,62409.131,0,1741.930,0,13.014,5605,12824,1.200,1.590,1.040,1,0,37.041,0,0,18,302,0,19,0
18-06 14:48:06,5.753,3.252,87.042,0.250,0,5375580,152788,180232,2296440,5494287.175,90959.825,0,16487.944,0,140.067,6985,4407,1.200,1.590,1.040,1,0,2.001,0,0,18,302,0,14,0
18-06 14:48:07,4.746,2.747,88.668,0.500,0,5373016,135704,180244,2316028,10149140.082,147945.574,15.985,10462.352,0.999,42.960,8989,4814,1.200,1.590,1.040,0,1,0.999,0,0,18,302,0,14,0
18-06 14:48:08,19.005,4.251,74.019,0.750,0,5381156,128860,180484,2314772,778778.120,15064.910,164.043,4081.059,4.001,108.028,3319,3237,1.580,1.660,1.060,1,0,4.001,0,0,18,302,0,14,0
18-06 14:48:09,24.350,4.267,69.032,1.255,0,5379224,136260,183764,2306168,4327.687,1355.540,0,7619.140,0,273.116,3339,3692,1.580,1.660,1.060,4,0,1.004,0,0,18,302,0,14,0
18-06 14:48:10,25.642,3.236,69.956,0.747,0,5386656,139512,184232,2295084,4673.362,1559.447,0,1585.338,0,57.757,2760,2695,1.580,1.660,1.060,3,0,1.992,0,0,18,302,0,13,0
18-06 14:48:11,22.497,3.749,71.739,1.000,0,5378692,151816,184996,2290396,4739.303,1619.762,0,31227.408,0,541.920,2738,2433,1.580,1.660,1.060,2,0,0,0,0,18,302,0,13,0
18-06 14:48:12,21.001,4.500,72.754,0.750,0,5378880,122224,185972,2318840,4380.219,1620.081,0,2508.125,0,86.004,2275,2063,1.580,1.660,1.060,2,0,1.000,0,0,18,302,0,13,0
18-06 14:48:13,23.478,4.496,69.934,0.250,0,5369276,146640,186492,2303720,4795.465,1618.469,0,114739.481,0,632.402,3405,3253,1.540,1.650,1.060,3,0,0,0,0,18,302,0,13,0
18-06 14:48:14,23.768,2.502,72.554,0.500,0,5372088,119072,187868,2326800,4933.696,1621.214,0,1625.217,0,13.010,2087,1648,1.540,1.650,1.060,2,0,0,0,0,18,302,0,8,0
18-06 14:48:15,22.757,3.751,72.023,0.500,0,5369436,128476,189052,2318752,4476.443,1458.470,0,2776.895,0,98.032,2441,2217,1.540,1.650,1.060,1,0,0,0,0,18,302,0,8,0
18-06 14:48:16,23.023,4.004,71.821,0.250,0,5371952,157860,189356,2285936,4250.201,1591.573,0,2382.355,0,245.242,2565,2190,1.540,1.650,1.060,4,0,19.019,0,0,18,300,0,8,0
18-06 14:48:17,18.726,3.246,77.150,0.499,0,5389008,135384,189416,2290976,11141.544,4405.284,31.959,1649.859,0.999,47.938,2258,2184,1.540,1.650,1.060,1,0,17.977,0,0,18,300,0,8,0
18-06 14:48:18,23.473,7.741,66.174,0.250,0,5395860,126420,189452,2292880,4526.769,1510.255,0,120712.504,0,1356.433,12481,22014,1.490,1.640,1.060,4,0,6.992,0,0,18,300,0,7,0
18-06 14:48:19,22.278,5.256,71.088,0.250,0,5391504,130244,189464,2293380,4671.771,1567.937,0,4309.323,0,20.025,6052,9511,1.490,1.640,1.060,2,0,12.015,0,0,18,300,0,7,0
18-06 14:48:20,21.508,6.252,71.028,0,0,5383668,137944,189472,2293476,4550.798,1512.597,0,400.158,0,22.009,7104,11652,1.490,1.640,1.060,1,0,15.006,0,0,18,300,0,7,0
18-06 14:48:21,21.992,4.498,72.722,0,0.250,5343196,186256,189472,2286088,4940.096,1241.522,0,303.883,0,11.995,2067,1538,1.490,1.640,1.060,2,0,5.998,0,0,18,300,0,7,0
18-06 14:48:22,22.506,4.001,71.769,0.500,0,5353760,172180,189676,2289364,4243.128,786.209,776.206,1964.522,23.006,30.008,3027,3329,1.490,1.640,1.060,1,0,1.000,0,0,18,301,0,5,0
18-06 14:48:23,25.245,4.249,67.237,2.000,0,5348312,176464,189676,2290528,4739.115,1619.698,751.860,2207.588,45.991,308.942,7972,12088,1.450,1.630,1.060,1,0,0,0,0,18,302,0,8,0
18-06 14:48:24,10.761,19.019,68.318,0.500,0,5290536,234032,189676,2290736,4642.613,1459.450,128.127,1897.886,1.001,120.119,6285,5770,1.450,1.630,1.060,2,0,416.414,0,0,18,302,0,8,0
18-06 14:48:25,11.182,5.964,71.071,9.940,0,5302992,193568,189676,2318740,5086.287,1610.277,27780.254,365.791,1584.433,18.886,4032,5121,1.450,1.630,1.060,0,1,31.808,0,0,18,302,0,10,0
18-06 14:48:26,7.546,4.025,74.962,11.571,0,5310744,170500,189676,2334048,5457.618,2488.328,15455.203,1968.123,1910.770,18.112,3690,5343,1.450,1.630,1.060,2,1,6.037,0,0,18,303,0,7,0
18-06 14:48:27,1.997,0.749,95.113,0.999,0,5310728,170500,189676,2334064,23923.491,3398.098,0,4705.213,0,517.254,1784,2619,1.450,1.630,1.060,0,0,0,0,0,18,303,0,7,0
18-06 14:48:28,5.000,3.750,90.499,0.250,0,5266728,213532,189680,2334932,702592.509,13939.871,223.998,707.993,6.000,18.000,2459,2466,1.420,1.620,1.060,0,0,35.000,0,0,18,302,0,7,0
18-06 14:48:29,0.499,0.749,96.899,0,0,5266980,213280,189680,2334932,4984.809,1618.315,0,359.625,0,9.990,845,1191,1.420,1.620,1.060,0,0,0,0,0,18,302,0,7,0
18-06 14:48:30,1.752,0.501,96.848,0,0,5266980,213280,189680,2334932,5062.105,1621.635,0,84.085,0,12.012,1152,1656,1.420,1.620,1.060,1,0,1.001,0,0,18,302,0,7,0
18-06 14:48:31,1.750,1.000,96.516,0.250,0.250,5266980,213280,189680,2334932,4800.773,1620.261,0,356.057,0,28.005,1246,1739,1.420,1.620,1.060,0,0,0,0,0,18,302,0,6,0
18-06 14:48:32,1.247,0.499,97.299,0,0,5267476,212780,189680,2334936,4508.699,1454.998,0,191.605,0,1.996,1000,1384,1.420,1.620,1.060,0,0,0.998,0,0,18,302,0,6,0
18-06 14:48:33,1.750,1.000,95.524,0.500,0,5267344,212780,189680,2335068,4861.242,1662.425,0,360.092,0,46.012,1218,1697,1.300,1.590,1.060,1,0,0,0,0,18,302,0,6,0
18-06 14:48:34,1.754,0.752,96.453,0,0,5267344,212780,189680,2335068,4527.515,1461.070,0,340.716,0,29.061,1109,1640,1.300,1.590,1.060,0,0,0,0,0,18,302,0,6,0
18-06 14:48:35,1.000,0.750,97.217,0,0,5267344,212780,189680,2335068,4713.412,1457.509,0,0,0,0,902,1248,1.300,1.590,1.060,0,0,0,0,0,18,302,0,6,0
18-06 14:48:36,1.498,0.499,96.641,0.250,0,5267344,212780,189680,2335068,4974.395,1618.177,0,119.865,0,12.985,979,1284,1.300,1.590,1.060,4,0,0,0,0,18,302,0,6,0
18-06 14:48:37,1.501,0.751,96.565,0.500,0,5267336,212780,189680,2335076,4531.038,1458.978,0,276.185,0,29.019,1170,1714,1.300,1.590,1.060,1,0,0,0,0,18,302,0,6,0
18-06 14:48:38,2.500,0.750,94.992,0,0,5267752,212332,189680,2335108,4217.651,1457.879,0,163.986,0,19.998,1242,1664,1.280,1.580,1.060,0,0,0,0,0,18,302,0,6,0
18-06 14:48:39,2.250,0.750,95.496,0,0,5268000,212080,189680,2335112,4559.826,1619.938,0,259.990,0,22.999,1172,1701,1.280,1.580,1.060,0,0,0,0,0,18,302,0,6,0
18-06 14:48:40,1.501,0.500,97.035,0,0,5267996,212080,189680,2335116,4536.656,1528.558,0,60.022,0,5.002,941,1414,1.280,1.580,1.060,1,0,0,0,0,18,302,0,6,0
18-06 14:48:41,1.250,0.750,96.745,0.250,0,5267996,212080,189680,2335116,4619.750,1619.912,0,1647.911,0,91.995,1064,1575,1.280,1.580,1.060,0,0,0,0,0,18,302,0,6,0
18-06 14:48:42,1.749,1.499,95.466,0.500,0,5269252,210824,189680,2335116,4286.494,1457.488,0,2143.247,0,102.964,1157,1604,1.280,1.580,1.060,0,0,6.998,0,0,18,302,0,6,0
18-06 14:48:43,0.750,0.750,96.809,0,0,5269244,210824,189680,2335124,4983.057,1620.994,32.020,112.069,1.001,10.006,960,1377,1.180,1.560,1.050,0,0,0,0,0,18,302,0,6,0
18-06 14:48:44,1.750,1.250,95.515,0.250,0,5269716,210320,189680,2335156,4500.700,1620.252,0,30444.735,0,367.057,1692,2265,1.180,1.560,1.050,0,0,0,0,0,18,302,0,6,0
18-06 14:48:45,1.250,1.000,97.220,0,0,5269708,210320,189680,2335156,5775.205,1619.497,0,0,0,0,954,1257,1.180,1.560,1.050,0,0,0,0,0,18,302,0,6,0
18-06 14:48:46,1.750,2.500,94.749,0.250,0,5268284,211740,189680,2335160,5589.969,1619.991,0,591.997,0,18.000,1153,1443,1.180,1.560,1.050,3,1,0,0,0,18,302,0,6,0
18-06 14:48:47,0.750,0.500,97.040,0,0,5268284,211740,189680,2335160,5402.210,1620.663,0,164.067,0,14.006,1025,1573,1.180,1.560,1.050,0,0,0,0,0,18,302,0,6,0
18-06 14:48:48,4.007,5.760,89.412,0.501,0,5274136,205696,189680,2335352,4239.662,1514.738,180.326,1290.332,9.016,259.469,2351,2389,1.080,1.530,1.040,1,0,145.263,0,0,18,302,0,6,0
18-06 14:48:49,8.012,20.029,69.851,0,0,5284132,195664,189680,2335388,4432.383,1568.259,0,196.283,0,17.025,6745,5960,1.080,1.530,1.040,2,0,553.798,0,0,18,302,0,6,0
18-06 14:48:50,8.255,20.512,69.792,0,0,5280744,199012,189680,2335428,4399.645,1620.975,0,38899.386,0,385.232,7086,6623,1.080,1.530,1.040,2,0,592.356,0,0,18,302,0,6,0
18-06 14:48:51,9.233,20.962,68.876,0,0,5284340,195360,189680,2335468,4671.586,1617.087,0,0,0,0,7234,6644,1.080,1.530,1.040,1,0,687.761,0,0,18,302,0,6,0
18-06 14:48:52,16.475,9.985,71.891,0.250,0,5323400,155960,189856,2335632,4391.311,1455.783,323.507,3.994,40.938,0.998,4211,3494,1.080,1.530,1.040,1,0,224.658,0,0,18,302,0,6,0
18-06 14:48:53,5.246,2.248,91.183,0,0,5341328,138068,189856,2335692,20539.959,2821.934,31.977,719.473,2.998,26.980,2051,2424,1,1.500,1.040,0,0,18.986,0,0,18,303,0,6,0
18-06 14:48:54,2.000,1.000,95.250,0.500,0,5341196,138068,189856,2335824,145126.161,6120.007,0,540.001,0,41.000,1526,2114,1,1.500,1.040,0,0,0,0,0,18,303,0,6,0
18-06 14:48:55,1.750,1.250,95.994,0,0,5339228,139688,189856,2336172,378090.196,11741.230,0,2607.829,0,15.999,1502,1552,1,1.500,1.040,1,0,0,0,0,18,303,0,6,0
18-06 14:48:56,1.751,1.000,95.529,0,0,5334836,143596,189856,2336656,515121.092,15364.626,0,0,0,0,1585,1524,1,1.500,1.040,2,1,0,0,0,18,303,0,6,0
18-06 14:48:57,2.749,1.000,94.228,0,0,5330472,147032,189856,2337584,986937.911,27893.554,0,635.853,0,36.991,2335,2497,1,1.500,1.040,0,0,0,0,0,18,303,0,6,0
18-06 14:48:58,1.250,1.250,96.502,0,0,5325444,151884,189856,2337760,191947.219,9137.153,0,2084.035,0,4.000,1224,1391,0.910,1.480,1.030,0,0,0,0,0,18,303,0,6,0
18-06 14:48:59,11.501,4.500,82.754,0.250,0,5341464,135740,189856,2337884,133680.337,4164.197,256.012,172.008,2.000,11.001,1976,1662,0.910,1.480,1.030,1,0,5.000,0,0,18,303,0,6,0
18-06 14:49:00,19.499,6.000,72.747,0,0,5339884,145644,189864,2329740,308825.061,8321.624,771.965,1575.929,7.000,14.999,2803,1948,0.910,1.480,1.030,0,0,7.000,0,0,18,303,0,6,0
18-06 14:49:01,2.502,1.501,95.073,0,0,5335044,149892,189864,2330332,630394.521,15329.831,0,24.019,0,2.002,1969,1912,0.910,1.480,1.030,0,0,2.002,0,0,18,303,0,6,0
18-06 14:49:02,1.748,0.749,96.162,0,0,5326136,158496,189864,2330636,318372.594,8389.348,0,1298.815,0,3.996,1381,1506,0.910,1.480,1.030,0,0,0.999,0,0,18,303,0,6,0
18-06 14:49:03,1.001,0.751,96.819,0,0,5318480,166024,189864,2330764,94944.970,3283.351,32.023,396.284,1.001,18.013,1157,1518,0.840,1.450,1.030,0,0,0,0,0,18,303,0,6,0
18-06 14:49:04,1.499,1.249,95.944,0.250,0,5300476,183824,189864,2330968,210496.223,3597.884,0,1687.008,0,242.857,1293,1685,0.840,1.450,1.030,0,0,0,0,0,18,303,0,6,0
18-06 14:49:05,6.249,2.999,89.734,0,0,5297544,186400,189864,2331324,374301.583,6910.755,0,127.977,0,5.999,2434,7485,0.840,1.450,1.030,1,0,35.994,0,0,18,303,0,7,0
18-06 14:49:06,0.750,0.250,97.001,0,0,5297372,186400,189864,2331496,168931.750,2766.029,0,476.005,0,5.000,1052,1291,0.840,1.450,1.030,1,0,0,0,0,18,303,0,7,0
18-06 14:49:07,12.299,8.785,76.805,2.008,0,5330700,129272,190312,2354624,141143.394,2355.368,4618.369,22236.445,135.539,567.256,5118,6607,0.840,1.450,1.030,1,0,64.256,0,0,18,302,0,7,0
18-06 14:49:08,10.958,13.698,68.488,4.234,0,5322052,128448,190804,2362404,4602.400,1613.828,23.909,16879.450,2.989,1738.352,8871,12455,0.930,1.460,1.030,1,0,138.470,0,0,18,302,0,7,0
18-06 14:49:09,23.846,8.785,66.768,0.502,0,5310236,139108,190828,2363448,4837.413,1463.875,0,1815.285,0,113.455,3861,3357,0.930,1.460,1.030,1,0,40.161,0,0,18,302,0,7,0
18-06 14:49:10,23.664,6.975,67.504,0.747,0,5321056,127100,190896,2364352,4739.708,1614.111,0,1626.068,0,94.655,3656,3025,0.930,1.460,1.030,1,0,31.884,0,0,18,302,0,7,0
18-06 14:49:11,24.554,7.266,66.397,0.501,0,5311024,133604,191128,2367188,4333.603,1407.118,0,1423.154,0,60.133,3687,3378,0.930,1.460,1.030,1,0,27.060,0,0,18,302,0,7,0
18-06 14:49:12,24.439,4.988,70.076,0.249,0,5315264,125828,191208,2369752,4063.936,1131.199,63.842,522.706,14.963,21.946,2963,3249,0.930,1.460,1.030,2,0,16.958,0,0,18,302,0,9,0
18-06 14:49:13,16.012,12.259,68.552,1.751,0,5348448,151960,189988,2319772,4281.236,1459.103,3310.502,5708.314,148.112,121.092,3981,5110,0.940,1.450,1.030,1,0,51.039,0,0,18,302,0,9,0
18-06 14:49:14,18.960,7.484,72.346,0.499,0,5352784,144452,190000,2320200,5149.070,1616.568,299.365,3584.391,16.964,188.600,2974,2214,0.940,1.450,1.030,1,0,41.911,0,0,18,302,0,9,0
18-06 14:49:15,17.767,3.003,78.323,0.250,0,5316784,235080,190044,2266892,5213.875,1513.415,2246.100,172.161,57.053,5.005,2339,1938,0.940,1.450,1.030,1,0,18.017,0,0,18,302,0,9,0
18-06 14:49:16,1.500,0.750,96.274,0,0,5291372,260492,190044,2266892,5147.277,1566.389,0,408.101,0,25.006,1074,1468,0.940,1.450,1.030,0,0,0,0,0,18,302,0,9,0
18-06 14:49:17,1.500,0.500,97.237,0.250,0,5282436,269420,190044,2266900,4757.350,1457.801,0,127.983,0,14.998,1044,1561,0.940,1.450,1.030,1,0,0,0,0,18,302,0,9,0
18-06 14:49:18,1.250,0.750,96.984,0,0,5277572,274284,190044,2266900,5013.170,1511.750,0,59.990,0,5.999,942,1277,0.860,1.430,1.030,0,0,0,0,0,18,302,0,9,0
18-06 14:49:19,1.250,0.750,96.784,0,0,5277796,274060,190044,2266900,4727.683,1566.558,0,248.088,0,21.007,1015,1456,0.860,1.430,1.030,0,0,0,0,0,18,302,0,9,0
18-06 14:49:20,1.249,0.500,97.183,0,0,5278036,273820,190044,2266900,5173.444,1618.887,0,0,0,0,866,1214,0.860,1.430,1.030,0,0,0,0,0,18,302,0,9,0
18-06 14:49:21,0.501,0.251,97.769,0,0,5278260,273596,190044,2266900,5063.917,1624.465,0,0,0,0,880,1256,0.860,1.430,1.030,1,0,0,0,0,18,302,0,9,0
18-06 14:49:22,1.248,0.749,97.072,0,0,5278260,273596,190044,2266900,4916.962,1617.028,0,59.890,0,6.987,956,1345,0.860,1.430,1.030,0,0,0.998,0,0,18,302,0,9,0
18-06 14:49:23,1.500,0.250,97.012,0.250,0,5278256,273596,190044,2266904,4852.615,1620.205,16.002,88.011,1.000,14.002,1148,1668,0.790,1.410,1.020,1,0,0,0,0,18,302,0,9,0
18-06 14:49:24,1.749,0.999,95.440,0.250,0,5278176,273596,190044,2266984,4641.093,1511.053,47.970,735.539,1.999,57.964,1361,2171,0.790,1.410,1.020,0,0,0,0,0,18,302,0,6,0
18-06 14:49:25,1.250,0.500,97.277,0.250,0,5278176,273596,190044,2266984,5046.422,1566.441,0,3729.050,0,382.108,1141,1426,0.790,1.410,1.020,0,0,0,0,0,18,302,0,6,0
18-06 14:49:26,1.498,0.749,96.845,0,0,5278176,273596,190044,2266984,4790.322,1509.581,0,3.994,0,0.998,980,1303,0.790,1.410,1.020,1,0,0,0,0,18,302,0,6,0
18-06 14:49:27,1.001,1.001,97.385,0,0,5278200,273596,190048,2266992,4358.034,1514.096,0,400.555,0,31.043,1100,1720,0.790,1.410,1.020,0,0,0,0,0,18,302,0,6,0
18-06 14:49:28,1.000,0.250,97.260,0,0,5278200,273596,190048,2266992,3894.416,1176.126,0,16.002,0,2.000,901,1275,0.730,1.380,1.010,0,0,0,0,0,18,302,0,4,0
18-06 14:49:29,1.000,0.500,97.486,0,0,5278200,273596,190048,2266992,4481.374,1511.789,0,107.985,0,9.999,909,1316,0.730,1.380,1.010,0,0,0,0,0,18,302,0,4,0
18-06 14:49:30,1.000,0.500,97.234,0,0,5278200,273596,190048,2266992,5162.171,1565.748,0,7.999,0,1.000,902,1265,0.730,1.380,1.010,1,0,0,0,0,18,302,0,4,0
18-06 14:49:31,1.501,0.750,96.783,0,0,5278196,273596,190048,2266996,4773.632,1512.517,0,0,0,0,1089,1501,0.730,1.380,1.010,0,0,0,0,0,18,302,0,4,0
18-06 14:49:32,1.499,1.000,96.463,0,0,5278196,273596,190048,2266996,4664.222,1607.387,0,0,0,0,975,1337,0.730,1.380,1.010,0,0,1.000,0,0,18,302,0,4,0
18-06 14:49:33,1.250,0.500,97.528,0.250,0,5278196,273596,190048,2266996,4303.225,1512.431,0,76.022,0,6.002,1001,1360,0.670,1.360,1.010,0,0,0,0,0,18,302,0,4,0
18-06 14:49:34,1.500,0.750,96.776,0,0,5278192,273596,190048,2267000,4699.287,1458.399,0,88.024,0,9.002,968,1363,0.670,1.360,1.010,0,0,0,0,0,18,302,0,4,0
18-06 14:49:35,1.750,0.500,96.992,0,0.250,5278192,273596,190048,2267000,4196.672,1079.916,0,0,0,0,906,1309,0.670,1.360,1.010,0,0,0,0,0,18,302,0,4,0
18-06 14:49:36,1.499,0.500,97.203,0,0,5278192,273596,190048,2267000,5097.541,1619.219,0,0,0,0,935,1284,0.670,1.360,1.010,3,0,0,0,0,18,302,0,4,0
18-06 14:49:37,0.750,0.750,97.005,0.250,0,5278192,273596,190048,2267000,4882.274,1566.088,0,100.006,0,12.001,1066,1651,0.670,1.360,1.010,0,0,0,0,0,18,302,0,4,0
18-06 14:49:38,1.756,1.003,96.320,0,0,5278144,273596,190048,2267048,4661.499,1625.404,8.027,84.280,2.007,12.040,1168,1614,0.620,1.340,1,0,0,0,0,0,18,302,0,4,0
18-06 14:49:39,1.746,0.997,96.254,0.499,0,5278132,273596,190052,2267056,4965.285,1508.138,0,446.856,0,43.888,1300,1909,0.620,1.340,1,0,0,0,0,0,18,302,0,4,0
18-06 14:49:40,1.000,0.750,96.989,0.500,0,5278132,273596,190052,2267056,4696.481,1619.821,0,2823.688,0,276.969,1183,1864,0.620,1.340,1,0,0,0,0,0,18,302,0,4,0
18-06 14:49:41,0.750,0.750,97.481,0,0,5278356,273372,190052,2267056,4645.105,1619.688,0,2395.538,0,22.996,937,1275,0.620,1.340,1,0,0,0,0,0,18,302,0,4,0
18-06 14:49:42,1.250,1.000,96.469,0,0,5278096,273624,190052,2267064,4404.562,1619.471,7.997,0,1.000,0,1039,1320,0.620,1.340,1,0,0,6.998,0,0,18,302,0,4,0
18-06 14:49:43,1.000,0.750,97.760,0,0,5278096,273624,190052,2267064,4304.452,1458.153,0,0,0,0,864,1227,0.570,1.310,1,0,0,0,0,0,18,302,0,4,0
18-06 14:49:44,1.499,0.500,96.714,0,0,5278092,273624,190052,2267068,4404.339,1619.389,0,0,0,0,946,1282,0.570,1.310,1,1,0,0,0,0,18,302,0,4,0
18-06 14:49:45,5.504,2.752,90.809,0,0,5297244,254472,190052,2267068,5618.658,1458.950,0,32.021,0,3.002,1374,1543,0.570,1.310,1,1,0,5.003,0,0,18,302,0,4,0
18-06 14:49:46,13.003,3.751,78.515,3.251,0,5302576,246632,190544,2269096,16043.145,10619.082,2488.488,55010.784,509.100,90.018,3440,3990,0.570,1.310,1,3,0,5.001,0,0,18,302,0,6,0
18-06 14:49:47,14.247,3.749,80.236,0.500,0,5297796,251264,190544,2269244,16299.128,11944.895,127.977,583.897,5.999,59.989,2802,3066,0.570,1.310,1,1,0,4.999,0,0,18,302,0,8,0
18-06 14:49:48,14.239,3.497,81.436,0,0,5312844,235924,190544,2269536,14961.331,11934.691,0,239.813,0,25.980,2590,2661,0.520,1.290,0.990,2,0,4.996,0,0,18,302,0,9,0
18-06 14:49:49,15.009,3.502,79.547,0.250,0,5323764,224836,190544,2269704,13690.118,10689.339,16.009,288.171,1.001,29.017,2534,2702,0.520,1.290,0.990,1,0,5.003,0,0,18,302,0,10,0
18-06 14:49:50,15.499,3.000,80.497,0,0,5318676,229908,190544,2269720,15292.429,11880.556,0,223.992,0,19.999,2500,2561,0.520,1.290,0.990,1,0,5.000,0,0,18,302,0,11,0
18-06 14:49:51,28.978,4.497,65.201,0,0,5310292,238100,190548,2269908,15435.399,12114.894,43.967,2106.417,8.993,336.747,3618,2993,0.520,1.290,0.990,3,0,18.986,0,0,18,298,0,14,0
18-06 14:49:52,43.857,10.275,45.862,0.251,0,5074356,474100,190552,2269928,2147.225,162.395,36.088,196.478,8.020,15.037,3996,3508,0.520,1.290,0.990,4,0,6.015,0,0,18,284,0,16,0
18-06 14:49:53,85.403,13.984,0,0.250,0,5108696,439780,190552,2269972,3871.623,1294.536,23.973,195.779,2.997,19.977,5779,4140,0.800,1.340,1.010,4,0,3.995,0,0,18,280,0,16,0
18-06 14:49:54,85.146,15.026,0.250,0.250,0,5219796,327624,190560,2271020,4457.637,1622.780,661.133,729.249,40.069,27.046,6362,5162,0.800,1.340,1.010,4,0,5.009,0,0,18,282,0,16,0
18-06 14:49:55,58.432,10.238,29.715,0,0,5173232,372564,190560,2272704,5051.113,1618.114,223.739,299.651,8.990,27.967,9248,12039,0.800,1.340,1.010,3,0,1.998,0,0,18,276,0,23,0
18-06 14:49:56,43.172,9.428,46.150,0,0,5224588,321248,190560,2272712,4406.549,1649.479,0,115.126,0,8.932,3925,3457,0.800,1.340,1.010,4,0,6.947,0,0,18,274,0,23,0
18-06 14:49:57,39.245,6.289,54.087,0.252,0,5316472,228068,190560,2274008,4546.331,1537.582,289.806,547.411,14.088,45.282,5509,9600,0.800,1.340,1.010,1,0,1.006,0,0,18,280,0,24,0
18-06 14:49:58,29.110,4.768,65.246,0.753,0,5415648,127536,190576,2275348,23022.952,11858.788,333.259,786.972,44.167,43.163,5353,7773,0.820,1.330,1.010,1,0,2.008,0,0,18,284,0,29,0
18-06 14:49:59,23.016,7.505,67.297,0.500,0,5459316,157376,189224,2203516,48587.791,11724.154,3242.255,636.443,47.033,51.035,4975,6909,0.820,1.330,1.010,1,0,5.003,0,0,18,294,0,29,0
18-06 14:50:00,20.170,6.972,71.219,0,0,5436808,216304,187736,2169344,5335.926,1679.367,848.648,143.434,8.965,11.953,3637,3802,0.820,1.330,1.010,0,0,6.972,0,0,18,294,0,29,0
18-06 14:50:01,3.500,3.000,91.255,0.250,0,5333360,319572,187740,2169532,4878.287,1458.086,176.010,1564.092,10.001,163.010,2389,3365,0.820,1.330,1.010,0,0,5.000,0,0,18,283,0,30,0
18-06 14:50:02,1.499,1.000,96.463,0.250,0,5329804,323128,187740,2169532,4940.119,1551.409,0,995.621,0,65.975,1205,1800,0.820,1.330,1.010,0,0,1.000,0,0,18,283,0,30,0
18-06 14:50:03,1.250,0.750,97.003,0,0,5327660,325268,187740,2169536,4878.146,1458.044,0,172.005,0,18.001,1112,1479,0.750,1.310,1,0,0,0,0,0,18,283,0,30,0
18-06 14:50:04,0.750,1.000,97.000,0,0,5324100,328828,187740,2169536,6119.983,1619.996,0,72.000,0,8.000,937,1327,0.750,1.310,1,0,0,0,0,0,18,283,0,30,0
18-06 14:50:05,6.501,3.251,89.014,0,0,5315484,337424,187740,2169556,6396.017,1458.232,20.003,0,1.000,0,2213,5568,0.750,1.310,1,0,0,36.006,0,0,18,283,0,31,0
18-06 14:50:06,1.748,0.999,95.903,0.250,0,5313616,339292,187740,2169556,5474.435,1456.519,0,9758.080,0,1186.793,1574,1789,0.750,1.310,1,1,0,0,0,0,18,283,0,31,0
18-06 14:50:07,1.505,0.251,97.055,0.251,0,5313612,339292,187740,2169560,4532.240,1462.596,0,385.210,0,30.095,1138,1724,0.750,1.310,1,1,0,0,0,0,18,283,0,31,0
18-06 14:50:08,0.748,0.748,96.291,0,0,5313588,339292,187740,2169584,4148.983,1454.838,15.965,239.480,0.998,29.935,1320,1991,0.690,1.290,1,0,0,0,0,0,18,283,0,31,0
18-06 14:50:09,3.001,1.250,95.270,0.750,0,5313580,339292,187740,2169592,4278.910,1458.310,0,740.157,0,63.013,1539,2163,0.690,1.290,1,1,0,0,0,0,18,283,0,29,0
18-06 14:50:10,1.500,0.500,96.469,0.250,0,5313808,339052,187752,2169592,4473.583,1457.538,0,251.920,0,32.990,1365,2087,0.690,1.290,1,0,0,0,0,0,18,283,0,29,0
18-06 14:50:11,2.001,0.750,96.280,0,0,5313800,339052,187752,2169600,4819.495,1458.452,0,100.031,0,8.002,1083,1522,0.690,1.290,1,0,0,1.000,0,0,18,283,0,29,0
18-06 14:50:12,3.250,1.500,94.242,0,0,5315020,337816,187752,2169616,4679.615,1619.867,0,435.964,0,3.000,1528,1939,0.690,1.290,1,1,0,4.000,0,0,18,283,0,29,0
18-06 14:50:13,2.250,0.750,95.521,0.250,0,5315008,337816,187752,2169628,4861.050,1620.350,0,348.075,0,18.004,1366,1759,0.640,1.270,0.990,0,0,1.000,0,0,18,283,0,29,0
18-06 14:50:14,2.249,0.500,96.222,0,0,5315000,337816,187752,2169636,5236.491,1817.476,0,115.967,0,11.997,1206,1824,0.640,1.270,0.990,0,0,1.000,0,0,18,283,0,29,0
18-06 14:50:15,0.500,0.250,98.088,0,0,5315000,337816,187752,2169636,5608.012,1687.508,0,32.029,0,4.004,958,1372,0.640,1.270,0.990,0,0,0,0,0,18,283,0,29,0
18-06 14:50:16,1.246,0.748,97.218,0,0,5315000,337816,187752,2169636,4624.580,1453.781,0,71.792,0,9.971,969,1373,0.640,1.270,0.990,0,0,0,0,0,18,283,0,29,0
18-06 14:50:17,1.503,0.250,96.428,0.250,0,5314996,337816,187752,2169640,4868.987,1622.996,0,432.799,0,34.063,1230,1859,0.640,1.270,0.990,0,0,0,0,0,18,283,0,29,0
18-06 14:50:18,1.000,1.250,96.763,0,0,5314996,337816,187752,2169640,4458.590,1458.193,0,56.007,0,7.001,991,1357,0.580,1.240,0.980,0,0,0,0,0,18,283,0,29,0
18-06 14:50:19,1.750,0.500,96.021,0,0,5314988,337816,187756,2169644,4923.070,1620.352,0,216.047,0,28.006,1272,1817,0.580,1.240,0.980,3,0,0,0,0,18,283,0,29,0
18-06 14:50:20,1.750,0.750,96.237,0.500,0,5314984,337816,187756,2169648,4654.350,1457.797,0,407.943,0,39.994,1370,2112,0.580,1.240,0.980,0,0,0,0,0,18,283,0,29,0
18-06 14:50:21,0.750,0.500,97.996,0,0,5314984,337816,187756,2169648,4859.791,1619.930,0,0,0,0,875,1243,0.580,1.240,0.980,0,0,0,0,0,18,283,0,29,0
18-06 14:50:22,1.250,0.500,96.741,0,0,5314980,337816,187756,2169652,4557.593,1457.870,0,1291.885,0,7.999,978,1367,0.580,1.240,0.980,0,0,1.000,0,0,18,283,0,29,0
18-06 14:50:23,2.000,0.750,96.012,0.500,0,5314972,337816,187764,2169652,4440.543,1620.198,0,332.041,0,35.004,1319,1854,0.540,1.220,0.980,0,0,0,0,0,18,283,0,29,0
18-06 14:50:24,1.250,0.750,96.513,0.250,0,5314968,337816,187764,2169656,3954.528,1134.151,0,2392.319,0,120.016,1320,2061,0.540,1.220,0.980,0,0,0,0,0,18,283,0,29,0
18-06 14:50:25,1.000,0.750,96.739,0,0,5314968,337816,187764,2169656,3900.546,863.899,0,99.988,0,6.999,1017,1391,0.540,1.220,0.980,0,0,0,0,0,18,283,0,29,0
18-06 14:50:26,8.763,5.508,84.372,0.751,0,5293592,357872,187904,2170692,4820.958,1698.451,1145.654,0,104.150,0,2531,2849,0.540,1.220,0.980,3,0,72.104,0,0,18,279,0,31,0
18-06 14:50:27,36.112,4.981,58.278,0,0,5011380,640256,187908,2170752,4419.165,2100.000,71.727,406.452,4.981,35.863,3161,2469,0.540,1.220,0.980,4,0,6.973,0,0,18,279,0,31,0
18-06 14:50:28,22.307,4.261,72.436,0.251,0,5088416,562892,187908,2171080,4573.740,1804.632,328.844,4.010,18.046,1.003,2241,1774,0.650,1.240,0.990,1,0,2.005,0,0,18,279,0,31,0
18-06 14:50:29,23.810,5.263,69.927,0,0,5154984,495244,187920,2172168,4467.302,1714.337,232.588,308.781,25.063,22.056,3256,5022,0.650,1.240,0.990,2,0,16.041,0,0,18,283,0,33,0
18-06 14:50:30,22.749,5.000,70.748,0.500,0,5209420,440796,187928,2172172,4608.890,1685.960,0,479.989,0,48.999,2782,2786,0.650,1.240,0.990,1,0,6.000,0,0,18,283,0,33,0
18-06 14:50:31,17.453,2.244,79.286,0,0,5216452,433576,187928,2172360,4966.613,1880.930,0,19.946,0,4.987,1831,1539,0.650,1.240,0.990,0,0,0.997,0,0,18,283,0,33,0
18-06 14:50:32,5.750,1.250,91.492,0.250,0,5216352,433572,187928,2172464,4739.601,1661.860,71.994,483.959,6.999,74.994,2304,3584,0.650,1.240,0.990,0,0,1.000,0,0,18,283,0,33,0
18-06 14:50:33,1.498,0.499,96.363,0,0,5216236,433604,187932,2172544,4719.311,1563.783,79.887,583.173,4.993,37.946,1200,1692,0.600,1.220,0.980,1,0,0,0,0,18,283,0,33,0
18-06 14:50:34,1.252,0.751,97.149,0,0,5216236,433604,187932,2172544,4659.144,1556.386,0,188.289,0,2.003,969,1305,0.600,1.220,0.980,0,0,0,0,0,18,283,0,33,0
18-06 14:50:35,1.000,0.250,97.737,0.250,0,5216236,433604,187932,2172544,5582.263,1565.793,0,107.986,0,9.999,930,1330,0.600,1.220,0.980,1,0,0,0,0,18,283,0,33,0
18-06 14:50:36,0.998,0.749,97.095,0,0,5216232,433604,187932,2172548,4271.162,1545.525,0,0,0,0,885,1220,0.600,1.220,0.980,0,0,0,0,0,18,283,0,33,0
18-06 14:50:37,2.002,0.501,96.867,0,0,5216224,433604,187940,2172548,4597.569,1513.834,0,228.276,0,21.025,1223,1790,0.600,1.220,0.980,0,0,0,0,0,18,283,0,33,0
18-06 14:50:38,2.001,1.501,95.783,0.250,0,5216180,433604,187940,2172592,4427.532,1566.542,4.001,4745.642,1.000,615.213,1363,1738,0.550,1.200,0.970,0,0,0,0,0,18,283,0,33,0
18-06 14:50:39,1.751,0.750,95.279,0.250,0,5216176,433604,187940,2172596,4159.245,1458.436,0,384.115,0,45.013,1422,2068,0.550,1.200,0.970,1,0,0,0,0,18,283,0,33,0
18-06 14:50:40,1.250,0.500,96.487,0.250,0,5216172,433604,187944,2172596,4308.406,1651.772,0,243.966,0,32.995,1371,2068,0.550,1.200,0.970,0,0,0,0,0,18,283,0,33,0
18-06 14:50:41,1.000,0.750,97.978,0,0,5216172,433604,187944,2172596,4245.040,1565.646,0,103.976,0,8.998,930,1323,0.550,1.200,0.970,0,0,0,0,0,18,283,0,33,0
18-06 14:50:42,1.250,1.750,95.495,0,0,5216416,433356,187944,2172600,3709.813,1349.932,0,63.997,0,6.000,1180,1473,0.550,1.200,0.970,0,0,7.000,0,0,18,283,0,33,0
18-06 14:50:43,1.000,0.250,96.998,0.250,0,5216416,433356,187944,2172600,3713.905,1133.971,0,975.975,0,125.997,988,1392,0.510,1.180,0.970,0,0,0,0,0,18,283,0,33,0
18-06 14:50:44,1.250,0.750,97.482,0,0,5216416,433356,187944,2172600,4363.188,1643.694,0,0,0,0,958,1262,0.510,1.180,0.970,0,0,0,0,0,18,283,0,33,0
18-06 14:50:45,1.250,0.750,97.524,0,0,5216416,433356,187944,2172600,6642.647,1698.421,0,0,0,0,959,1298,0.510,1.180,0.970,0,0,0,0,0,18,283,0,33,0
18-06 14:50:46,1.250,0.500,97.755,0,0,5216416,433356,187944,2172600,6026.335,1620.090,0,4.000,0,1.000,897,1226,0.510,1.180,0.970,1,0,0,0,0,18,283,0,33,0
18-06 14:50:47,1.000,1.250,96.013,0.250,0,5216408,433356,187944,2172608,5846.816,1710.239,0,292.041,0,30.004,1291,1878,0.510,1.180,0.970,0,0,0,0,0,18,283,0,33,0
18-06 14:50:48,1.500,0.250,97.269,0,0,5216408,433356,187944,2172608,4586.883,1620.312,0,52.010,0,6.001,937,1322,0.470,1.160,0.960,0,0,0,0,0,18,283,0,33,0
18-06 14:50:49,1.498,0.749,96.119,0,0.250,5216408,433356,187944,2172608,4254.182,1659.730,0,195.732,0,23.967,1233,1729,0.470,1.160,0.960,0,0,0,0,0,18,283,0,33,0
18-06 14:50:50,1.501,0.751,96.827,0.250,0,5216392,433356,187948,2172620,4612.681,1513.207,0,484.386,0,44.035,1382,2142,0.470,1.160,0.960,1,0,0,0,0,18,283,0,27,0
18-06 14:50:51,0.750,0.250,98.031,0,0,5216392,433356,187948,2172620,4681.460,1662.518,0,0,0,0,879,1270,0.470,1.160,0.960,0,0,0,0,0,18,283,0,27,0
18-06 14:50:52,1.000,0.750,97.489,0,0,5216392,433356,187948,2172620,4065.534,1565.820,0,7.999,0,2.000,922,1325,0.470,1.160,0.960,0,0,1.000,0,0,18,283,0,27,0
18-06 14:50:53,0.750,0.500,96.752,0.250,0,5216384,433356,187952,2172624,4218.068,1458.024,0,680.011,0,27.000,1192,1822,0.430,1.140,0.960,0,0,0,0,0,18,283,0,27,0
18-06 14:50:54,2.249,0.750,95.937,0.250,0,5216376,433356,187960,2172624,4349.158,1511.012,0,275.820,0,26.982,1158,1678,0.430,1.140,0.960,0,0,0,0,0,18,283,0,21,0
18-06 14:50:55,1.001,0.501,97.606,0,0,5216376,433356,187960,2172624,4988.431,1567.707,0,0,0,0,955,1331,0.430,1.140,0.960,0,0,0,0,0,18,283,0,21,0
18-06 14:50:56,1.000,0.750,97.456,0,0,5216376,433356,187960,2172624,4585.927,1457.341,0,0,0,0,880,1253,0.430,1.140,0.960,0,0,0,0,0,18,283,0,21,0
18-06 14:50:57,5.514,10.778,81.460,0.501,0,5237724,411988,187964,2172640,4950.765,1552.002,0,360.931,0,30.078,4208,3953,0.430,1.140,0.960,1,0,251.649,0,0,18,283,0,21,0
18-06 14:50:58,20.451,6.485,72.578,0,0,5301324,348384,187964,2172644,4926.304,1594.215,0,834.020,0,166.604,2805,2315,0.480,1.130,0.960,1,0,59.858,0,0,18,283,0,12,0
18-06 14:50:59,18.067,2.760,78.040,0,0,5313864,335816,187968,2172668,13541.399,10284.277,4.015,200.747,1.004,15.056,2831,2850,0.480,1.130,0.960,1,0,0,0,0,18,284,0,14,0
18-06 14:51:00,27.642,5.977,64.498,0.747,0,5335608,313188,188028,2173492,7402.069,3882.824,589.695,1406.503,37.852,174.319,6283,9097,0.480,1.130,0.960,2,0,3.984,0,0,18,283,0,15,0
18-06 14:51:01,37.888,8.280,52.691,0.251,0,5398276,250264,188076,2173700,13891.485,10458.007,196.715,3998.532,9.033,244.890,3806,3463,0.480,1.130,0.960,2,0,27.098,0,0,18,286,0,16,0
18-06 14:51:02,27.907,5.731,65.033,0.498,0,5425036,223380,188084,2173816,33174.183,29646.965,63.787,526.242,4.983,27.907,3789,3857,0.480,1.130,0.960,0,0,35.880,0,0,18,283,0,20,0
18-06 14:51:03,0.750,0.500,97.481,0,0,5417172,231240,188088,2173816,4595.125,1337.745,0,767.854,0,84.984,914,1370,0.440,1.110,0.950,0,0,0,0,0,18,283,0,20,0
18-06 14:51:04,1.000,1.000,97.281,0,0,5407848,240564,188088,2173816,5539.784,1500.483,0,12.004,0,2.001,882,1230,0.440,1.110,0.950,0,0,0,0,0,18,283,0,20,0
18-06 14:51:05,3.250,1.250,93.764,0.250,0,5410648,237756,188092,2174164,6919.998,1662.240,0,240.035,0,18.003,1474,1826,0.440,1.110,0.950,1,0,16.002,0,0,18,283,0,20,0
18-06 14:51:06,6.497,2.749,90.209,0,0,5370032,278340,188092,2173852,5637.444,1619.266,31.985,99.955,1.999,8.996,2171,12704,0.440,1.110,0.950,1,0,22.990,0,0,18,283,0,20,0
18-06 14:51:07,2.000,1.000,96.023,0,0,5365624,282732,188096,2173864,11004.609,2997.711,0,112.027,0,14.003,1379,1882,0.440,1.110,0.950,0,0,0,0,0,18,283,0,20,0
18-06 14:51:08,1.750,0.500,96.484,0.250,0,5362188,286164,188096,2173868,4679.213,1619.728,0,151.974,0,14.997,1101,1624,0.400,1.100,0.950,0,0,0,0,0,18,283,0,20,0
18-06 14:51:09,3.500,1.500,93.502,0.500,0,5361796,286528,188100,2173892,4218.071,1458.024,0,2628.044,0,429.007,1915,2531,0.400,1.100,0.950,0,0,3.000,0,0,18,283,0,20,0
18-06 14:51:10,4.247,1.249,93.189,0,0,5357232,291060,188100,2173924,4094.314,1618.938,15.990,391.743,0.999,45.970,2019,2947,0.400,1.100,0.950,0,0,2.998,0,0,18,283,0,20,0
18-06 14:51:11,2.501,0.500,95.290,0.250,0,5354996,293284,188104,2173932,4579.938,1458.617,0,212.090,0,20.008,1327,1895,0.400,1.100,0.950,1,0,1.000,0,0,18,283,0,20,0
18-06 14:51:12,1.500,0.750,97.005,0,0,5351668,296600,188108,2173940,4140.224,1620.088,0,200.011,0,17.001,1121,1552,0.400,1.100,0.950,0,0,1.000,0,0,18,283,0,20,0
18-06 14:51:13,0.750,0.750,97.720,0.250,0,5350176,298088,188108,2173944,4516.628,1457.557,0,107.967,0,7.998,910,1321,0.370,1.080,0.940,0,0,0,0,0,18,283,0,20,0
18-06 14:51:14,1.251,0.500,97.294,0,0,5349216,299040,188116,2173944,4922.239,1620.737,0,584.266,0,39.018,1011,1469,0.370,1.080,0.940,0,0,0,0,0,18,283,0,18,0
18-06 14:51:15,1.500,0.750,97.259,0,0,5347932,300324,188116,2173944,5327.504,1590.150,0,8.001,0,2.000,960,1385,0.370,1.080,0.940,0,0,0,0,0,18,283,0,18,0
18-06 14:51:16,0.250,0.500,97.738,0,0.250,5348184,300072,188116,2173944,5405.331,1685.791,0,7.999,0,2.000,832,1247,0.370,1.080,0.940,0,0,0,0,0,18,283,0,18,0
18-06 14:51:17,2.000,0.500,96.480,0,0,5347932,300324,188116,2173944,4996.948,1457.693,0,227.952,0,20.996,1169,1750,0.370,1.080,0.940,0,0,0,0,0,18,283,0,18,0
18-06 14:51:18,1.250,0.500,97.772,0.250,0,5347932,300324,188116,2173944,5059.158,1458.334,0,48.011,0,6.001,899,1279,0.340,1.060,0.940,0,0,0,0,0,18,283,0,18,0
18-06 14:51:19,1.250,0.500,96.243,0,0,5347928,300324,188116,2173948,4679.650,1619.879,0,235.982,0,33.997,1266,1872,0.340,1.060,0.940,0,0,0,0,0,18,283,0,18,0
18-06 14:51:20,2.251,1.250,94.781,0.750,0,5347880,300324,188120,2173992,4938.633,1620.536,32.011,572.189,1.000,66.022,1714,2732,0.340,1.060,0.940,0,0,0,0,0,18,283,0,18,0
18-06 14:51:21,1.250,0.250,97.467,0,0,5347880,300324,188120,2173992,4396.494,1457.501,0,103.964,0,7.997,915,1358,0.340,1.060,0.940,1,0,0,0,0,18,283,0,18,0
18-06 14:51:22,0.500,0.750,97.761,0,0,5348128,300076,188120,2173992,5026.566,1686.190,0,4.000,0,1.000,955,1332,0.340,1.060,0.940,0,0,1.000,0,0,18,283,0,18,0
18-06 14:51:23,1.250,0.500,96.770,0,0,5347872,300328,188124,2173992,4620.945,1620.332,0,404.083,0,30.006,1186,1784,0.310,1.040,0.930,0,0,0,0,0,18,283,0,18,0
18-06 14:51:24,1.250,0.750,96.728,0.250,0,5347868,300328,188124,2173996,4079.068,1619.630,0,531.879,0,31.993,1144,1718,0.310,1.040,0.930,0,0,0,0,0,18,283,0,18,0
18-06 14:51:25,2.000,0.500,96.241,0,0.250,5347736,300328,188124,2174128,10657.045,2996.731,0,0,0,0,1169,1508,0.310,1.040,0.930,0,0,0,0,0,18,283,0,18,0
18-06 14:51:26,1.749,0.750,96.962,0,0,5347728,300328,188124,2174136,4798.117,1619.365,0,0,0,0,969,1326,0.310,1.040,0.930,0,0,0,0,0,18,283,0,18,0
18-06 14:51:27,1.251,1.001,96.058,0.250,0,5347720,300328,188132,2174136,4820.918,1500.908,0,372.225,0,30.018,1205,1848,0.310,1.040,0.930,0,0,0,0,0,18,283,0,16,0
18-06 14:51:28,1.250,0.250,97.993,0,0,5347720,300328,188132,2174136,4337.697,1457.898,0,11.999,0,2.000,890,1277,0.290,1.020,0.930,0,0,0,0,0,18,283,0,16,0
18-06 14:51:29,1.250,0.750,96.479,0,0,5347964,300076,188132,2174144,4618.974,1619.640,0,211.953,0,21.995,1238,1786,0.290,1.020,0.930,0,0,2.000,0,0,18,283,0,16,0
18-06 14:51:30,1.500,1.000,95.238,0.500,0,5347964,300076,188132,2174144,4846.404,1589.805,0,467.942,0,51.994,1673,2647,0.290,1.020,0.930,1,0,0,0,0,18,283,0,16,0
18-06 14:51:31,1.250,0.500,97.273,0,0,5347964,300076,188132,2174144,4713.136,1512.364,0,100.024,0,8.002,962,1413,0.290,1.020,0.930,0,0,0,0,0,18,283,0,14,0
18-06 14:51:32,1.500,1.500,95.736,0,0,5347624,300412,188132,2174148,3939.439,1121.840,0,0,0,0,1253,1497,0.290,1.020,0.930,0,0,18.997,0,0,18,283,0,14,0
18-06 14:51:33,1.250,0.750,96.783,0.250,0,5347624,300412,188132,2174148,5107.763,1566.541,0,412.142,0,30.010,1015,1408,0.260,1.010,0.920,1,0,0,0,0,18,283,0,14,0
18-06 14:51:34,1.500,0.500,97.229,0.250,0,5347620,300412,188136,2174148,4411.059,1511.677,0,67.985,0,7.998,1031,1345,0.260,1.010,0.920,0,0,0,0,0,18,283,0,14,0
18-06 14:51:35,1.000,0.500,96.739,0,0,5347840,300188,188136,2174152,5282.387,1705.802,0,7.999,0,2.000,980,1368,0.260,1.010,0.920,0,0,0,0,0,18,283,0,14,0
18-06 14:51:36,1.250,0.250,97.519,0,0,5347840,300188,188136,2174152,4462.879,1242.245,0,32.006,0,3.001,931,1300,0.260,1.010,0.920,1,0,0,0,0,18,283,0,14,0
18-06 14:51:37,1.500,1.250,96.254,0,0,5347836,300188,188136,2174156,5016.221,1296.057,0,352.015,0,33.001,1243,1857,0.260,1.010,0.920,0,0,0,0,0,18,283,0,14,0
18-06 14:51:38,2.500,1.000,95.490,0.250,0,5347780,300188,188136,2174212,4805.484,1685.819,0,243.974,0,43.995,1359,1774,0.320,1.010,0.920,0,0,0,0,0,18,283,0,14,0
18-06 14:51:39,1.750,0.500,95.992,0,0,5347780,300188,188136,2174212,4621.611,1619.864,0,323.973,0,35.997,1307,1817,0.320,1.010,0.920,0,0,0,0,0,18,283,0,14,0
18-06 14:51:40,2.001,0.500,96.278,0.500,0,5347780,300188,188136,2174212,4814.419,1566.462,0,1524.449,0,287.085,1401,2097,0.320,1.010,0.920,0,0,0,0,0,18,283,0,14,0
18-06 14:51:41,1.250,1.000,96.745,0.500,0,5347780,300188,188136,2174212,4985.743,1685.913,0,2823.854,0,180.991,1344,2144,0.320,1.010,0.920,0,0,0,0,0,18,283,0,14,0
18-06 14:51:42,1.750,1.250,95.977,0,0,5347796,300188,188136,2174212,4846.852,1565.629,0,0,0,0,1198,1440,0.320,1.010,0.920,0,0,6.998,0,0,18,283,0,14,0
18-06 14:51:43,1.500,0.500,97.272,0,0,5347796,300188,188136,2174212,5101.145,1620.364,0,0,0,0,970,1315,0.300,0.990,0.920,0,0,0,0,0,18,283,0,14,0
18-06 14:51:44,0.750,0.750,97.508,0,0,5347796,300188,188136,2174212,4246.339,1566.125,0,0,0,0,906,1264,0.300,0.990,0.920,0,0,0,0,0,18,283,0,14,0
18-06 14:51:45,1.000,0.250,97.243,0,0,5347792,300188,188136,2174216,5928.592,1511.896,0,0,0,0,973,1339,0.300,0.990,0.920,1,0,0,0,0,18,283,0,14,0
18-06 14:51:46,1.000,0.750,97.710,0,0,5347792,300188,188136,2174216,5875.603,1697.308,0,3.998,0,1.000,913,1254,0.300,0.990,0.920,0,0,0,0,0,18,283,0,14,0
18-06 14:51:47,1.000,0.750,96.772,0,0,5347788,300188,188136,2174220,5539.277,1458.336,0,340.078,0,31.007,1198,1787,0.300,0.990,0.920,0,0,0,0,0,18,283,0,14,0
18-06 14:51:48,1.250,0.500,97.230,0.250,0,5347788,300188,188136,2174220,4619.037,1619.662,0,63.987,0,9.998,960,1329,0.270,0.970,0.910,0,0,0,0,0,18,283,0,14,0
18-06 14:51:49,1.501,0.500,96.285,0,0,5347788,300188,188136,2174220,4699.705,1458.529,0,132.048,0,18.007,1207,1708,0.270,0.970,0.910,2,0,0,0,0,18,283,0,14,0
18-06 14:51:50,1.750,0.750,95.983,0.500,0,5347784,300188,188136,2174224,4150.250,1133.795,0,407.926,0,40.993,1400,2067,0.270,0.970,0.910,0,0,0,0,0,18,283,0,14,0
18-06 14:51:51,1.000,0.500,97.748,0,0,5347784,300188,188136,2174224,4443.912,1403.972,0,439.991,0,98.998,881,1291,0.270,0.970,0.910,0,0,0,0,0,18,283,0,14,0
18-06 14:51:52,1.505,1.756,95.834,0,0,5347924,300048,188136,2174224,4367.204,1559.429,0,4.014,0,1.003,1277,1498,0.270,0.970,0.910,2,0,23.080,0,0,18,283,0,14,0
18-06 14:51:53,17.718,4.492,76.611,0,0,5373948,273692,188136,2174564,12818.666,9623.482,31.942,315.426,1.996,25.953,3484,4212,0.250,0.960,0.910,1,0,14.973,0,0,18,286,0,14,0
18-06 14:51:54,10.512,4.756,83.848,0,0,5361236,286372,188136,2174596,7613.900,4440.190,24.028,524.613,3.004,27.032,2882,3023,0.250,0.960,0.910,2,0,79.092,0,0,18,287,0,15,0
18-06 14:51:55,7.741,19.478,70.419,0,0,5354344,293116,188136,2174744,16890.568,2511.111,103.880,55.936,3.995,5.993,6379,5259,0.250,0.960,0.910,1,0,421.515,0,0,18,287,0,15,0
18-06 14:51:56,21.211,4.492,72.864,0.250,0,5409944,236976,188144,2175276,4856.958,1682.867,515.041,0,53.900,0,2143,1760,0.250,0.960,0.910,2,0,1.996,0,0,18,287,0,15,0
18-06 14:51:57,22.756,4.001,72.018,0.750,0,5458132,187080,188212,2176916,4981.274,1620.415,704.180,788.202,76.019,32.008,2414,2266,0.250,0.960,0.910,1,1,0,0,0,18,287,0,15,0
18-06 14:51:58,21.739,3.248,72.465,1.999,0,5490488,149112,188364,2182288,4773.692,1811.124,2398.840,567.725,237.885,5.997,2427,2180,0.390,0.970,0.910,1,0,2.999,0,0,18,286,0,15,1
18-06 14:51:59,24.821,4.262,69.448,0.251,0,5513300,161260,186392,2150132,4729.455,1823.187,64.183,677.929,4.011,54.154,4281,5572,0.390,0.970,0.910,1,0,0,0,0,18,286,0,13,2
18-06 14:52:00,24.729,3.997,69.691,0.749,0,5514524,159512,186416,2150632,5232.536,1618.619,295.748,1654.588,25.978,137.882,6181,8531,0.390,0.970,0.910,0,1,0,0,0,18,291,0,14,2
18-06 14:52:01,15.724,2.745,77.870,1.248,0,5514908,158248,186432,2151496,6401.339,2457.906,722.796,1285.858,41.930,177.704,4228,6059,0.390,0.970,0.910,0,0,0.998,0,0,18,292,0,17,2
18-06 14:52:02,13.504,2.501,82.022,0.750,0,5513128,159576,186444,2151936,7538.050,3011.819,192.052,4213.146,10.003,595.162,4153,5720,0.390,0.970,0.910,0,0,1.000,0,0,18,292,0,18,2
18-06 14:52:03,6.496,0.999,91.437,0.749,0,5502616,170020,186448,2152000,5913.914,1907.682,31.978,715.506,1.999,66.954,2072,2741,0.360,0.960,0.910,1,0,0,0,0,18,292,0,18,2
18-06 14:52:04,4.503,1.001,91.805,0.500,0,5498644,173924,186456,2152060,12803.721,3010.816,32.019,852.514,2.001,91.055,2193,2987,0.360,0.960,0.910,2,0,0,0,0,18,293,0,7,2
18-06 14:52:05,24.545,5.510,66.121,1.753,0,5496284,175152,186504,2153144,6176.267,1460.665,709.294,2344.277,43.079,307.561,8185,12582,0.360,0.960,0.910,1,0,1.002,0,0,18,295,0,13,2
18-06 14:52:06,29.945,5.989,60.889,2.246,0,5507180,163716,186560,2153628,6991.232,2385.643,31.942,7781.788,1.996,590.921,9312,22132,0.360,0.960,0.910,0,0,35.934,0,0,18,294,0,18,2
18-06 14:52:07,5.499,1.500,91.225,0.500,0,5502648,168204,186572,2153660,11624.841,2900.212,0,1715.534,0,114.969,2346,3209,0.360,0.960,0.910,1,0,0,0,0,18,295,0,18,2
18-06 14:52:08,7.000,1.500,89.005,0.750,0,5492652,178104,186596,2153732,11215.603,3298.177,0,804.043,0,109.006,2917,4219,0.330,0.940,0.900,1,0,0,0,0,18,294,0,17,2
18-06 14:52:09,24.008,4.251,68.772,1.250,0,5490924,179320,186664,2154176,4159.312,1458.460,0,3489.101,0,413.130,8097,12201,0.330,0.940,0.900,2,0,0,0,0,18,295,0,17,2
18-06 14:52:10,23.001,4.500,68.754,2.000,0,5493040,176724,186808,2154512,4487.240,2333.125,16.001,3676.196,1.000,361.019,7824,11890,0.330,0.940,0.900,0,0,1.000,0,0,18,294,0,18,2
18-06 14:52:11,8.756,2.252,86.812,0.500,0,5492464,177216,186828,2154576,5850.151,1525.082,0,2942.088,0,207.147,2995,4379,0.330,0.940,0.900,3,0,3.002,0,0,18,295,0,18,2
18-06 14:52:12,10.494,2.749,83.956,0.999,0,5492028,177420,186864,2154772,5495.112,2397.740,0,10122.680,0,985.482,4348,6243,0.330,0.940,0.900,1,0,1.999,0,0,18,296,0,21,2
18-06 14:52:13,13.997,2.749,81.733,1.000,0,5491996,177168,186880,2155040,5644.799,2506.467,159.966,1923.591,9.998,189.960,4122,6038,0.300,0.930,0.900,1,0,2.000,0,0,18,294,0,25,2
18-06 14:52:14,17.808,2.508,78.004,0.752,0,5492160,176608,186888,2155428,6100.838,2437.927,144.470,758.466,7.023,90.294,3926,4704,0.300,0.930,0.900,0,0,0,0,0,18,294,0,27,2
18-06 14:52:15,5.750,1.500,92.003,0.250,0,5490792,177944,186892,2155456,11079.394,3047.108,0,460.016,0,51.002,2144,2933,0.300,0.930,0.900,0,0,0,0,0,18,294,0,27,2
18-06 14:52:16,3.488,0.498,93.672,0.249,0,5490780,177900,186912,2155492,11869.500,3052.328,0,864.976,0,94.669,2074,2954,0.300,0.930,0.900,1,0,1.993,0,0,18,295,0,27,2
18-06 14:52:17,6.250,1.250,90.747,0.750,0,5490764,177856,186916,2155548,11707.554,3351.872,0,1099.958,0,122.995,2460,3674,0.300,0.930,0.900,0,0,0,0,0,18,294,0,27,2
18-06 14:52:18,22.322,4.765,69.223,1.505,0,5491176,177012,186968,2155928,5282.997,1571.055,48.155,2435.837,3.010,311.001,7728,11831,0.360,0.930,0.900,4,0,0,0,0,18,295,0,27,2
18-06 14:52:19,24.404,4.233,67.484,1.743,0,5492692,175144,187020,2156228,4960.437,1613.636,0,4542.087,0,355.598,8352,12718,0.360,0.930,0.900,2,0,0,0,0,18,296,0,28,2
18-06 14:52:20,25.092,5.269,65.993,1.255,0,5493112,174116,187120,2156736,4852.840,1463.380,16.059,3689.564,1.004,411.513,9042,14302,0.360,0.930,0.900,1,0,0,0,0,18,295,0,29,2
18-06 14:52:21,9.220,1.495,87.217,0.997,0,5493596,173556,187144,2156788,4886.151,1507.112,0,5801.183,0,354.849,3959,6377,0.360,0.930,0.900,0,0,0.997,0,0,18,296,0,29,2
18-06 14:52:22,4.000,1.000,93.759,0.250,0,5493820,173304,187148,2156812,5194.510,1632.160,0,596.059,0,32.003,1571,1847,0.360,0.930,0.900,0,0,1.000,0,0,18,296,0,29,2
18-06 14:52:23,5.500,1.500,91.758,0.250,0,5494036,173052,187160,2156836,4712.401,1512.129,0,436.037,0,47.004,2125,2895,0.330,0.910,0.890,2,0,0,0,0,18,296,0,29,2
18-06 14:52:24,25.804,5.011,64.886,2.255,0,5493836,172800,187204,2157244,4735.926,1569.289,0,2870.015,0,421.884,8939,14772,0.330,0.910,0.890,1,0,0,0,0,18,296,0,29,2
18-06 14:52:25,24.946,4.740,67.604,0.998,0,5495304,171036,187216,2157528,11028.259,2816.936,0,3472.525,0,271.416,8086,12209,0.330,0.910,0.890,1,0,0,0,0,18,296,0,30,2
18-06 14:52:26,9.499,1.250,87.239,1.000,0,5500260,165744,187216,2157864,4725.424,1631.801,271.967,3079.625,14.998,139.983,3017,4403,0.330,0.910,0.890,0,0,0,0,0,18,295,0,30,2
18-06 14:52:27,14.254,2.751,79.770,1.250,0,5502852,162912,187216,2158104,6141.534,2627.656,0,8990.246,0,1063.266,4624,6473,0.330,0.910,0.890,0,0,0,0,0,18,295,0,34,2
18-06 14:52:28,9.022,2.005,86.712,1.253,0,5512808,152836,187220,2158220,5402.234,2331.712,64.157,2149.265,4.010,211.518,3018,4362,0.300,0.900,0.890,0,0,0,0,0,18,295,0,36,2
18-06 14:52:29,5.498,1.749,89.464,1.249,0,5513052,152584,187224,2158232,4438.215,1619.349,0,6213.501,0,409.835,3035,4891,0.300,0.900,0.890,0,0,1.999,0,0,18,296,0,36,2
18-06 14:52:30,16.226,2.247,79.134,0.749,0,5520012,145528,187224,2158328,6152.953,2399.472,0,5428.019,0,131.806,3876,5110,0.300,0.900,0.890,1,0,0.999,0,0,18,296,0,41,2
18-06 14:52:31,8.995,1.749,86.949,0.750,0,5527764,137716,187232,2158380,11582.216,3350.038,0,1411.173,0,149.912,3023,4349,0.300,0.900,0.890,0,0,0,0,0,18,295,0,42,2
18-06 14:52:32,16.497,2.000,79.483,1.000,0,5529708,135448,187240,2158696,5359.874,2479.479,31.993,1159.756,1.000,139.971,3650,5117,0.300,0.900,0.890,0,0,1.000,0,0,18,295,0,47,2
18-06 14:52:33,11.303,2.009,85.149,1.256,0,5532400,132436,187248,2158992,11905.734,3077.406,16.075,1949.124,1.005,241.129,3850,5680,0.280,0.880,0.880,0,1,0,0,0,18,295,0,49,2
18-06 14:52:34,3.000,0.500,94.995,0.500,0,5532640,132184,187256,2158996,4905.766,1565.925,0,887.958,0,68.997,1590,2243,0.280,0.880,0.880,1,0,0,0,0,18,296,0,49,2
18-06 14:52:35,13.191,2.240,82.379,0.747,0,5533292,131428,187272,2159084,6666.971,2575.400,0,1624.682,0,199.103,3512,5218,0.280,0.880,0.880,1,0,0,0,0,18,295,0,52,2
18-06 14:52:36,13.507,2.001,81.541,1.001,0,5534076,130420,187272,2159308,6023.041,2587.306,0,1896.958,0,180.091,3642,5353,0.280,0.880,0.880,0,0,0,0,0,18,295,0,57,2
18-06 14:52:37,7.748,1.250,89.475,0.250,0,5534296,130168,187272,2159340,5158.587,1619.556,0,991.728,0,87.976,2282,3138,0.280,0.880,0.880,0,0,0,0,0,18,295,0,58,2
18-06 14:52:38,5.014,1.755,90.753,1.253,0,5534972,129412,187300,2159392,4470.459,1462.075,0,7091.765,0,466.300,2992,4726,0.260,0.870,0.880,0,0,0,0,0,18,295,0,59,2
18-06 14:52:39,2.244,1.247,94.491,0.249,0,5534956,129412,187308,2159400,4667.206,1615.571,0,319.125,0,33.907,1544,2249,0.260,0.870,0.880,1,0,0,0,0,18,296,0,59,2
18-06 14:52:40,4.497,0.999,92.937,0.250,0,5534904,129412,187332,2159428,4232.131,1457.012,0,903.388,0,108.926,2059,3023,0.260,0.870,0.880,0,0,0,0,0,18,295,0,59,2
18-06 14:52:41,4.502,0.750,93.046,0.250,0,5535136,129160,187332,2159448,4742.342,1662.821,0,448.221,0,45.022,1861,2531,0.260,0.870,0.880,0,0,0,0,0,18,295,0,59,2
18-06 14:52:42,11.277,2.757,83.700,1.253,0,5530112,133980,187340,2159644,6828.304,3079.353,0,5011.967,0,691.651,3479,4640,0.260,0.870,0.880,0,0,7.017,0,0,18,295,0,63,2
18-06 14:52:43,11.222,1.746,84.288,0.748,0,5530752,133224,187360,2159740,5478.250,1623.924,0,1508.215,0,196.507,3488,5238,0.240,0.850,0.870,1,0,0,0,0,18,295,0,65,2
18-06 14:52:44,6.272,1.254,92.318,0,0,5531996,131964,187364,2159752,4148.308,1137.925,0,405.398,0,27.093,1603,2036,0.240,0.850,0.870,1,0,0,0,0,18,296,0,68,2
18-06 14:52:45,9.714,1.245,85.683,1.245,0,5531896,131964,187380,2159836,13521.954,3693.331,0,1486.498,0,192.288,3295,4968,0.240,0.850,0.870,0,0,0,0,0,18,295,0,69,2
18-06 14:52:46,8.749,2.250,88.236,0.500,0,5531640,131964,187384,2160088,5325.139,1565.747,0,1023.834,0,112.982,2933,4250,0.240,0.850,0.870,0,0,0,0,0,18,295,0,69,2
18-06 14:52:47,13.002,2.000,82.016,1.000,0.250,5532208,131208,187408,2160252,6353.203,2478.469,16.003,1876.355,1.000,223.042,3841,5735,0.240,0.850,0.870,0,0,0,0,0,18,295,0,74,2
18-06 14:52:48,7.528,1.506,89.830,0.753,0,5532176,131208,187416,2160276,5844.463,2389.776,0,1248.585,0,136.501,2435,3564,0.220,0.840,0.870,1,0,0,0,0,18,295,0,75,2
18-06 14:52:49,3.989,0.748,93.254,0.499,0,5532148,131208,187420,2160300,4540.041,1767.344,0,865.720,0,74.803,1738,2493,0.220,0.840,0.870,2,0,0,0,0,18,296,0,75,2
18-06 14:52:50,7.992,1.748,87.663,0.999,0,5531932,131208,187436,2160500,6145.922,2080.942,0,7005.072,0,476.529,3588,6053,0.220,0.840,0.870,0,0,0,0,0,18,295,0,76,2
18-06 14:52:51,10.498,1.750,85.483,0.500,0,5532108,130956,187436,2160576,11493.718,3459.313,0,1195.763,0,133.973,3100,4340,0.220,0.840,0.870,0,0,0,0,0,18,295,0,78,2
18-06 14:52:52,13.283,3.007,81.701,1.253,0,5532076,130704,187448,2160848,4571.257,1666.103,0,1640.039,0,197.486,4859,7448,0.220,0.840,0.870,3,0,1.002,0,0,18,296,0,78,2
18-06 14:52:53,26.021,4.253,65.053,1.751,0,5532400,129948,187460,2161268,4203.396,1621.310,32.026,3887.141,1.001,448.362,8776,14606,0.280,0.840,0.870,2,0,0,0,0,18,296,0,78,2
18-06 14:52:54,19.903,3.981,72.896,1.493,0,5533860,128184,187468,2161564,3974.692,1504.691,0,3590.558,0,322.434,7067,10785,0.280,0.840,0.870,1,0,0,0,0,18,295,0,78,2
18-06 14:52:55,7.775,1.756,88.790,1.003,0,5533848,128184,187472,2161572,4577.942,1571.128,16.052,2829.234,1.003,236.773,2683,4034,0.280,0.840,0.870,2,0,0,0,0,18,292,0,80,2
18-06 14:52:56,7.239,1.248,89.617,0.499,0,5533960,127932,187476,2161708,5873.285,2476.325,31.953,6821.877,0.999,376.441,2802,4748,0.280,0.840,0.870,0,0,0,0,0,18,295,0,81,2
18-06 14:52:57,7.996,1.749,87.961,0.750,0,5533868,127932,187504,2161772,6494.097,2456.902,0,1235.448,0,145.935,2979,4382,0.280,0.840,0.870,0,0,0,0,0,18,295,0,81,2
18-06 14:52:58,10.251,2.000,85.757,1.000,0,5533832,127724,187516,2162004,5613.439,1921.150,0,6544.512,0,787.062,4010,5416,0.340,0.840,0.870,0,0,0,0,0,18,295,0,82,2
18-06 14:52:59,11.050,1.256,85.388,1.005,0,5534156,127220,187528,2162172,6048.458,2441.082,0,2230.124,0,200.912,3144,4367,0.340,0.840,0.870,0,0,0,0,0,18,295,0,84,2
18-06 14:53:00,4.240,1.497,92.288,0.249,0,5534612,126716,187540,2162208,10891.934,2482.287,0,1121.419,0,71.835,2145,2906,0.340,0.840,0.870,1,0,0,0,0,18,296,0,84,2
18-06 14:53:01,26.473,3.996,66.183,1.998,0,5534696,126212,187556,2162612,5006.948,1510.476,15.984,2917.057,0.999,371.625,8111,12592,0.340,0.840,0.870,2,0,0,0,0,18,296,0,81,2
18-06 14:53:02,24.496,4.749,67.489,1.750,0,5535384,125204,187576,2162912,4729.215,1659.725,0,3903.352,0,350.942,8006,12200,0.340,0.840,0.870,1,0,1.000,0,0,18,296,0,81,2
18-06 14:53:03,23.726,4.495,67.680,1.748,0,5535916,124448,187660,2163052,5052.790,1456.498,0,2905.004,0,338.651,8829,13424,0.470,0.860,0.880,2,1,0,0,0,18,296,0,81,2
18-06 14:53:04,25.621,4.521,66.313,2.512,0,5536576,123188,187716,2163596,5572.339,1531.238,0,7985.746,0,604.859,8934,14366,0.470,0.860,0.880,1,1,0,0,0,18,296,0,81,2
18-06 14:53:05,23.188,4.987,68.067,1.496,0.249,5536880,122684,187724,2163788,5659.784,1454.091,0,3095.678,0,277.255,8397,12439,0.470,0.860,0.880,3,0,0,0,0,18,296,0,75,2
18-06 14:53:06,29.083,8.775,58.668,1.755,0,5553684,167500,184308,2105632,6197.791,1624.664,0,3417.811,0,409.175,9952,22672,0.470,0.860,0.880,1,0,37.107,0,0,18,296,0,76,2
18-06 14:53:07,23.892,4.729,67.197,2.240,0,5554404,166432,184340,2105948,10234.777,2983.526,0,8784.328,0,567.437,9020,14097,0.470,0.860,0.880,1,0,0,0,0,18,295,0,76,2
18-06 14:53:08,4.017,1.506,93.141,0.502,0,5554596,166180,184376,2105972,4639.492,1626.835,0,1502.312,0,110.464,2097,3123,0.430,0.850,0.870,6,0,0,0,0,18,296,0,76,2
18-06 14:53:09,3.234,0.498,94.045,0.249,0,5554556,166180,184376,2106012,4299.202,1612.201,0,664.784,0,65.682,1994,3029,0.430,0.850,0.870,0,0,0,0,0,18,295,0,70,2
18-06 14:53:10,14.002,2.500,81.013,1.250,0,5553128,167416,184460,2106120,5589.905,2470.400,0,1492.241,0,215.035,4163,6157,0.430,0.850,0.870,0,0,0,0,0,18,295,0,73,2
18-06 14:53:11,17.252,2.750,78.007,0.750,0,5555284,164916,184552,2106372,9634.901,3340.312,0,1784.167,0,215.020,4079,5748,0.430,0.850,0.870,2,0,3.000,0,0,18,295,0,79,2
18-06 14:53:12,7.753,1.751,88.288,0.750,0,5555468,164692,184576,2106388,7639.257,2073.884,0,1156.493,0,92.039,2484,3315,0.430,0.850,0.870,0,0,3.001,0,0,18,295,0,80,2
18-06 14:53:13,5.012,1.253,92.221,0.251,0,5553024,167060,184608,2106432,6767.248,1371.292,0,7730.561,0,931.236,2235,2718,0.480,0.850,0.870,1,0,1.002,0,0,18,296,0,74,2
18-06 14:53:14,6.737,0.998,89.578,0.749,0,5552984,166808,184668,2106664,4509.319,1455.199,0,1628.864,0,159.693,2826,4112,0.480,0.850,0.870,0,0,0,0,0,18,295,0,75,2
18-06 14:53:15,12.990,2.748,80.688,2.498,0,5552776,166808,184776,2106764,5742.580,2576.017,0,6506.991,0,459.646,4038,6368,0.480,0.850,0.870,0,0,0,0,0,18,295,0,80,2
18-06 14:53:16,13.244,1.749,82.465,0.750,0,5553012,166304,184844,2106964,4348.152,2350.001,0,1071.545,0,105.955,2777,4222,0.480,0.850,0.870,1,0,1.000,0,0,18,295,0,84,2
18-06 14:53:17,5.759,1.252,90.899,0.501,0,5552940,166304,184888,2106992,5495.008,1526.502,0,973.596,0,99.163,2172,3018,0.480,0.850,0.870,4,0,0,0,0,18,296,0,84,2
18-06 14:53:18,2.498,0.500,95.670,0,0,5552908,166304,184900,2107012,4736.032,1618.644,0,671.437,0,62.947,1478,2374,0.440,0.840,0.870,1,0,0,0,0,18,295,0,84,2
18-06 14:53:19,7.994,1.499,89.188,0.749,0,5552840,166304,184936,2107044,4574.818,1456.987,0,779.458,0,71.950,2404,3348,0.440,0.840,0.870,0,0,0,0,0,18,295,0,85,2
18-06 14:53:20,16.984,2.997,76.928,1.249,0,5553392,165552,185028,2107152,9183.399,3146.053,0,1874.245,0,254.761,4680,6519,0.440,0.840,0.870,0,0,0,0,0,18,295,0,91,2
18-06 14:53:21,9.508,2.002,86.577,0.751,0,5553184,165552,185040,2107348,8322.367,2071.834,0,956.847,0,91.081,3159,4271,0.440,0.840,0.870,1,0,0,0,0,18,296,0,89,2
18-06 14:53:22,26.865,5.273,62.769,2.511,0,5553416,164824,185184,2107700,5348.939,1693.262,0,3752.091,0,474.033,8457,13566,0.440,0.840,0.870,1,0,1.004,0,0,18,296,0,89,2
18-06 14:53:23,23.463,5.242,66.396,1.997,0,5553368,164572,185316,2107868,4672.683,1617.467,0,8055.387,0,542.151,8220,12293,0.480,0.840,0.870,1,0,0,0,0,18,295,1,91,2
18-06 14:53:24,11.978,2.495,82.600,0.998,0,5553116,164572,185344,2108092,4431.960,1617.066,0,1381.494,0,163.703,4321,6258,0.480,0.840,0.870,0,0,0,0,0,18,295,0,92,2
18-06 14:53:25,14.496,2.749,80.226,1.500,0,5553748,163816,185376,2108184,13112.064,5554.333,0,2671.198,0,249.925,3910,5634,0.480,0.840,0.870,0,0,0,0,0,18,296,0,94,2
18-06 14:53:26,7.494,1.249,90.174,0.250,0,5553688,163816,185384,2108236,5911.048,1684.589,0,1187.006,0,89.925,2113,2818,0.480,0.840,0.870,0,0,0,0,0,18,297,0,96,2
18-06 14:53:27,12.507,1.751,83.044,0.750,0,5553988,163312,185396,2108428,11355.015,3943.089,0,1188.630,0,122.065,3282,4485,0.480,0.840,0.870,1,0,0,0,0,18,296,0,99,2
18-06 14:53:28,4.256,1.252,92.879,0.501,0,5555704,161548,185428,2108444,5936.275,1877.617,0,781.089,0,71.099,1657,2163,0.450,0.830,0.860,1,0,0,0,0,18,296,0,100,2
18-06 14:53:29,4.242,0.998,93.568,0.250,0,5556200,161044,185432,2108448,4551.126,1616.847,0,566.895,0,41.918,1730,2429,0.450,0.830,0.860,2,0,1.996,0,0,18,296,0,101,2
18-06 14:53:30,11.540,2.007,83.289,1.003,0.251,5556088,161044,185464,2108528,10723.214,2821.793,0,1380.792,0,171.596,3490,5145,0.450,0.830,0.860,0,0,0,0,0,18,296,0,100,2
18-06 14:53:31,11.224,1.496,86.296,0.499,0,5557680,159280,185476,2108688,7949.248,2204.799,0,1241.072,0,57.864,2388,3020,0.450,0.830,0.860,1,0,0,0,0,18,296,0,102,2
18-06 14:53:32,6.261,1.252,90.157,0.501,0,5557876,159028,185492,2108728,5576.737,1928.367,0,1113.945,0,140.245,2338,3293,0.450,0.830,0.860,1,0,1.002,0,0,18,296,0,104,2
18-06 14:53:33,8.518,2.255,87.435,0.752,0,5557756,159028,185520,2108820,10463.189,2601.517,16.034,1374.916,1.002,137.291,3339,4839,0.410,0.810,0.860,1,0,0,0,0,18,297,0,104,2
18-06 14:53:34,26.641,4.731,62.495,3.237,0,5556432,159904,185588,2109208,4619.161,1452.078,0,14911.185,0,1568.603,10402,16714,0.410,0.810,0.860,1,0,0,0,0,18,297,0,92,2
18-06 14:53:35,23.741,3.999,69.475,1.499,0,5556560,159428,185600,2109544,4353.434,1457.476,0,2443.121,0,231.917,7938,12129,0.410,0.810,0.860,0,0,0,0,0,18,296,0,92,2
18-06 14:53:36,3.256,1.002,94.420,0.501,0,5556556,159428,185604,2109544,4586.270,1460.634,0,1077.944,0,61.110,1590,2194,0.410,0.810,0.860,1,0,0,0,0,18,297,0,92,2
18-06 14:53:37,7.487,1.996,88.591,0.250,0,5556732,159176,185608,2109616,10645.915,2895.809,0,1565.194,0,139.749,3094,4443,0.410,0.810,0.860,0,0,0,0,0,18,296,0,93,2
18-06 14:53:38,21.039,5.009,69.878,2.004,0,5556660,158924,185620,2109928,5247.614,1460.676,0,4500.245,0,369.677,7885,12243,0.460,0.810,0.860,1,0,0,0,0,18,297,0,84,2
18-06 14:53:39,25.464,5.992,65.158,1.498,0,5557288,157412,185632,2110800,5170.685,1455.940,0,4094.208,0,386.453,8126,12148,0.460,0.810,0.860,1,0,0,0,0,18,297,0,84,2
18-06 14:53:40,21.847,4.771,69.309,2.260,0,5558592,155900,185652,2110988,6226.780,3075.722,0,7601.915,0,574.563,7605,11584,0.460,0.810,0.860,1,1,0,0,0,18,296,0,87,2
18-06 14:53:41,8.249,1.750,88.492,1.000,0.250,5559272,155144,185676,2111040,4637.590,1499.868,0,3071.729,0,260.977,3004,4469,0.460,0.810,0.860,0,1,0,0,0,18,297,0,87,2
18-06 14:53:42,6.471,1.742,89.095,0.498,0,5560468,153888,185676,2111100,6122.151,2593.204,0,1023.345,0,108.506,2553,3641,0.460,0.810,0.860,1,0,6.968,0,0,18,296,0,84,2
18-06 14:53:43,10.748,2.999,83.734,1.000,0,5560816,153384,185676,2111256,5898.849,2605.491,0,1715.665,0,209.959,3742,5624,0.420,0.800,0.860,0,0,0,0,0,18,296,0,85,2
18-06 14:53:44,11.501,2.500,84.004,1.250,0,5560704,153132,185684,2111612,5850.265,2607.118,0,1652.075,0,208.009,3810,5533,0.420,0.800,0.860,0,0,0,0,0,18,296,0,86,2
18-06 14:53:45,12.020,1.502,84.390,0.250,0,5560612,153132,185692,2111696,5726.467,1622.683,0,1057.749,0,71.118,2891,3499,0.420,0.800,0.860,4,0,0,0,0,18,297,0,86,2
18-06 14:53:46,3.742,0.998,93.306,0.499,0,5560700,152880,185696,2111856,12329.385,3291.162,0,1345.205,0,104.782,2127,3143,0.420,0.800,0.860,1,0,0,0,0,18,296,0,79,2
18-06 14:53:47,9.754,2.251,86.284,0.750,0,5560880,152628,185708,2111916,12256.855,3137.243,0,1724.683,0,174.069,3373,4806,0.420,0.800,0.860,0,0,0,0,0,18,296,0,79,2
18-06 14:53:48,8.754,1.501,86.286,0.750,0,5561052,152376,185716,2111988,10521.437,2921.232,0,1380.582,0,143.060,3360,4637,0.470,0.800,0.860,0,0,0,0,0,18,296,0,80,2
18-06 14:53:49,7.996,1.999,86.962,1.749,0,5561356,151872,185744,2112160,3746.347,1638.277,0,5333.647,0,360.841,3362,4928,0.470,0.800,0.860,0,0,0,0,0,18,296,0,80,2
18-06 14:53:50,14.753,3.001,79.017,1.500,0,5545524,167612,185772,2112224,11736.557,3009.656,0,8037.751,0,996.217,5639,7505,0.470,0.800,0.860,1,0,0,0,0,18,298,0,74,2
18-06 14:53:51,26.834,4.765,64.200,2.006,0,5545828,166884,185800,2112620,4365.600,1558.856,0,4008.488,0,456.422,8759,13766,0.470,0.800,0.860,1,0,0,0,0,18,297,0,75,2
18-06 14:53:52,24.667,4.485,68.271,1.246,0,5546932,165392,185812,2112996,4291.599,1560.763,95.679,2463.733,4.983,243.184,7790,11395,0.470,0.800,0.860,1,0,0.997,0,0,18,297,0,76,2
18-06 14:53:53,24.113,4.772,68.571,1.507,0,5546988,164916,185844,2113384,4312.166,1519.104,0,2877.457,0,304.424,8170,11905,0.510,0.810,0.860,1,0,0,0,0,18,297,0,79,2
18-06 14:53:54,26.999,5.750,63.997,2.500,0,5547028,164440,185880,2113784,4157.821,1457.937,0,8755.624,0,755.968,9753,15755,0.510,0.810,0.860,1,0,0,0,0,18,297,0,77,2
18-06 14:53:55,23.130,4.725,67.898,1.741,0,5548976,162172,185908,2114076,5462.657,2488.091,0,3557.542,0,328.297,7873,11979,0.510,0.810,0.860,0,0,0,0,0,18,296,0,78,2
18-06 14:53:56,6.533,1.005,90.710,0.503,0,5548896,162172,185940,2114124,5339.100,1598.112,0,1929.795,0,185.944,2463,3871,0.510,0.810,0.860,0,1,0,0,0,18,296,0,78,2
18-06 14:53:57,2.487,0.746,94.248,0.746,0,5548852,162172,185948,2114160,6058.748,2490.741,0,1177.731,0,95.492,1767,2541,0.510,0.810,0.860,1,0,0,0,0,18,297,0,78,2
18-06 14:53:58,8.258,1.501,88.087,0.500,0,5549204,161668,185956,2114304,6271.199,2505.477,0,1689.670,0,163.161,3064,4423,0.470,0.790,0.850,0,0,0,0,0,18,296,0,74,2
18-06 14:53:59,6.999,1.750,88.736,0.750,0,5549272,161416,185968,2114476,5774.069,2082.664,0,1607.741,0,143.977,2868,4102,0.470,0.790,0.850,0,0,0,0,0,18,296,0,74,2
18-06 14:54:00,7.750,2.000,88.755,0.750,0,5549312,161164,185972,2114684,6528.332,2504.127,0,1648.084,0,165.008,3130,4643,0.470,0.790,0.850,0,0,0,0,0,18,296,0,74,2
18-06 14:54:01,5.251,1.750,89.514,1.250,0,5549244,161164,186000,2114724,6085.984,2083.337,0,5736.927,0,364.059,2908,4484,0.470,0.790,0.850,0,0,0,0,0,18,296,0,75,2
18-06 14:54:02,7.750,1.250,88.746,0.500,0,5549420,160912,186012,2114788,6514.728,2597.892,0,1087.955,0,123.995,2626,3684,0.470,0.790,0.850,0,0,1.000,0,0,18,296,0,75,2
18-06 14:54:03,3.766,1.255,94.912,0.251,0,5549392,160912,186012,2114816,5260.829,1464.355,0,546.371,0,34.148,1522,2088,0.430,0.780,0.850,1,0,0,0,0,18,297,0,76,2
18-06 14:54:04,4.228,1.243,92.262,0.497,0,5549608,160660,186020,2114844,7535.183,2072.051,0,1078.302,0,109.422,2189,3206,0.430,0.780,0.850,0,0,0,0,0,18,296,0,76,2
18-06 14:54:05,6.501,1.750,88.770,1.000,0,5549640,160408,186036,2115048,7987.787,2341.524,0,7605.701,0,981.220,3370,4314,0.430,0.780,0.850,0,0,0,0,0,18,296,0,76,2
18-06 14:54:06,12.983,4.245,80.896,0.499,0,5565516,144460,186044,2115112,7211.753,2216.158,0,1174.494,0,121.844,4011,12614,0.430,0.780,0.850,0,0,35.954,0,0,18,296,0,77,2
18-06 14:54:07,10.766,2.253,83.874,1.502,0,5565576,144260,186056,2115240,11472.027,3302.902,0,2087.098,0,171.254,3891,5536,0.430,0.780,0.850,0,0,0,0,0,18,296,0,78,2
18-06 14:54:08,6.999,1.750,88.491,0.750,0,5563268,146372,186072,2115420,9842.037,3393.668,0,3027.704,0,146.986,2713,3905,0.400,0.770,0.840,0,0,0,0,0,18,296,0,80,2
18-06 14:54:09,9.254,1.751,86.790,0.750,0,5560924,148660,186088,2115460,5456.538,1524.709,0,1312.611,0,140.065,3469,5041,0.400,0.770,0.840,1,0,0,0,0,18,297,0,80,2
18-06 14:54:10,26.742,5.498,63.731,2.499,0,5559652,149472,186128,2115864,4395.672,1619.511,0,3882.827,0,481.854,9441,14796,0.400,0.770,0.840,1,0,1.000,0,0,18,297,0,82,2
18-06 14:54:11,24.552,6.013,65.388,2.004,0,5560364,148372,186204,2116176,4232.966,1527.235,0,7804.531,0,543.150,8722,13613,0.400,0.770,0.840,1,0,3.006,0,0,18,297,0,82,2
18-06 14:54:12,8.481,1.996,87.305,0.998,0,5559264,149336,186228,2116288,4130.782,1616.393,47.893,2622.149,2.993,223.501,3001,4365,0.400,0.770,0.840,0,0,2.993,0,0,18,296,0,84,2
18-06 14:54:13,16.000,5.000,76.501,1.750,0,5556888,144020,186256,2123936,4518.070,1458.023,20.000,6316.098,4.000,874.014,5050,6983,0.610,0.800,0.850,0,0,3.000,0,0,18,296,0,87,2
18-06 14:54:14,11.813,2.765,82.942,0.754,0,5555620,145156,186264,2124060,5077.035,1628.672,0,1765.401,0,194.033,4337,6548,0.610,0.800,0.850,1,0,0,0,0,18,297,0,89,2
18-06 14:54:15,24.635,5.226,65.445,2.240,0,5563100,137160,186308,2124532,4394.536,1451.242,0,3503.684,0,447.914,8950,14169,0.610,0.800,0.850,1,0,0,0,0,18,297,0,79,2
18-06 14:54:16,24.089,5.269,67.750,1.506,0,5564188,135648,186384,2124880,4759.584,1626.007,0,7672.345,0,530.962,8570,13337,0.610,0.800,0.850,2,0,0,0,0,18,297,0,81,2
18-06 14:54:17,25.516,4.503,65.540,2.502,0,5570256,128968,186488,2125388,5043.102,1620.997,0,4230.603,0,468.288,9093,14725,0.610,0.800,0.850,1,0,0,0,0,18,297,0,83,2
18-06 14:54:18,19.668,3.983,74.192,0.498,0,5570956,127964,186532,2125648,4660.674,1613.310,0,2509.594,0,200.170,6613,9834,0.560,0.790,0.850,2,0,0.996,0,0,18,297,0,83,2
18-06 14:54:19,7.748,1.250,88.232,1.000,0,5570932,127964,186552,2125680,4679.060,1619.675,0,1423.714,0,127.974,3247,4696,0.560,0.790,0.850,1,0,1.000,0,0,18,297,0,71,2
18-06 14:54:20,24.995,5.499,65.237,2.500,0,5566728,131740,186640,2126020,4456.142,1619.688,0,3543.318,0,440.915,8920,13977,0.560,0.790,0.850,1,0,0,0,0,18,297,0,73,2
18-06 14:54:21,24.326,4.514,67.963,1.755,0,5566528,131488,186688,2126424,4110.874,1462.580,32.101,7989.019,1.003,600.882,8664,13593,0.560,0.790,0.850,1,0,0,0,0,18,297,0,73,2
18-06 14:54:22,23.717,4.993,66.658,2.247,0,5566508,130984,186732,2126904,4549.729,1683.679,0,2816.118,0,378.478,8743,13590,0.560,0.790,0.850,1,0,0.999,0,0,18,297,0,74,2
18-06 14:54:23,26.059,4.260,66.400,1.503,0,5566120,130984,186768,2127240,4287.713,1461.310,0,3604.165,0,370.840,7888,12553,0.590,0.790,0.850,1,0,0,0,0,18,297,0,68,2
18-06 14:54:24,24.748,4.250,68.244,1.250,0,5566424,130228,186784,2127676,4703.572,1523.861,0,4663.576,0,307.972,8185,12250,0.590,0.790,0.850,2,0,0,0,0,18,296,0,69,2
18-06 14:54:25,12.707,2.492,81.226,1.744,0,5566788,129472,186804,2128048,11779.310,3868.964,0,2108.894,0,223.248,4074,6009,0.590,0.790,0.850,1,0,0,0,0,18,296,0,70,2
18-06 14:54:26,8.741,2.248,86.663,0.999,0,5566952,129220,186828,2128112,11442.480,3360.617,3.996,11676.244,0.999,242.756,3188,4568,0.590,0.790,0.850,0,0,0.999,0,0,18,296,0,70,2
18-06 14:54:27,10.784,3.260,81.509,2.257,0,5567204,128716,186848,2128344,6364.190,2526.013,0,6765.463,0,470.493,4329,6605,0.590,0.790,0.850,0,0,0,0,0,18,296,0,64,2
18-06 14:54:28,9.510,1.502,86.844,1.001,0,5567140,128716,186848,2128408,4865.281,1621.760,16.017,2314.513,1.001,156.170,3004,4053,0.540,0.780,0.850,2,0,0,0,0,18,297,0,65,2
18-06 14:54:29,12.510,1.751,82.065,1.501,0,5567796,127960,186864,2128492,4970.938,1837.456,0,2085.652,0,274.217,4406,6626,0.540,0.780,0.850,0,0,2.002,0,0,18,298,0,66,2
18-06 14:54:30,7.490,1.997,88.386,0.749,0,5567724,127960,186868,2128560,10043.023,2430.859,0,1046.648,0,102.867,2852,3963,0.540,0.780,0.850,0,1,0.999,0,0,18,299,0,66,2
18-06 14:54:31,25.211,5.242,65.898,2.496,0,5567864,127456,186900,2128892,4211.489,1455.749,0,3490.603,0,459.290,8826,14268,0.540,0.780,0.850,5,1,0.998,0,0,18,299,0,55,2
18-06 14:54:32,26.244,5.499,64.234,2.000,0,5568312,126452,186932,2129416,4618.863,1619.601,0,4582.872,0,487.880,9418,15535,0.540,0.780,0.850,1,1,1.000,0,0,18,299,0,55,2
18-06 14:54:33,22.954,3.992,68.861,2.495,0,5569000,125444,186944,2129724,4203.540,2503.961,0,6530.856,0,489.016,7526,11854,0.580,0.790,0.850,0,0,0,0,0,18,298,0,57,2
18-06 14:54:34,6.499,2.250,88.743,0.750,0,5568856,125444,186952,2129860,5527.535,1685.858,115.990,3195.731,7.999,210.982,2574,3946,0.580,0.790,0.850,1,0,0,0,0,18,299,0,57,2
18-06 14:54:35,12.761,1.752,83.324,1.001,0,5568996,125192,186960,2129964,11763.425,3463.069,0,1693.501,0,182.161,4307,6305,0.580,0.790,0.850,0,0,0,0,0,18,298,0,57,2
18-06 14:54:36,15.488,2.998,77.690,1.749,0,5569012,124940,186960,2130200,4422.576,1564.789,0,2238.267,0,273.788,5765,9181,0.580,0.790,0.850,2,0,0,0,0,18,299,0,57,2
18-06 14:54:37,25.617,4.521,65.800,2.009,0,5569644,123932,186968,2130568,5008.856,1693.729,0,4090.666,0,433.980,9120,14802,0.580,0.790,0.850,1,0,0,0,0,18,299,0,59,2
18-06 14:54:38,21.117,4.472,69.809,1.739,0,5569680,123428,186980,2131024,5922.571,2605.534,31.799,4062.327,0.994,357.739,7243,10742,0.690,0.810,0.850,1,0,0,0,0,18,298,0,60,2
18-06 14:54:39,10.272,2.004,84.680,2.004,0.251,5569856,123176,186992,2131096,4788.183,1917.077,0,8053.127,0,477.015,3658,5615,0.690,0.810,0.850,1,0,0,0,0,18,298,0,59,2
18-06 14:54:40,6.978,1.994,88.475,0.748,0,5570316,122672,186996,2131136,20816.330,5623.529,0,1579.094,0,136.576,2863,3859,0.690,0.810,0.850,2,0,0,0,0,18,299,0,59,2
18-06 14:54:41,11.031,1.755,85.237,0.752,0,5570224,122672,187000,2131224,21041.466,6046.802,0,5904.406,0,316.880,3133,4331,0.690,0.810,0.850,0,0,0,0,0,18,298,0,60,2
18-06 14:54:42,16.749,2.750,77.996,0.500,0,5572116,120656,187000,2131348,10289.466,3405.823,0,1291.933,0,116.994,3382,3991,0.690,0.810,0.850,0,0,7.000,0,0,18,298,0,60,2
18-06 14:54:43,8.539,2.009,87.901,0.753,0,5572040,120656,187008,2131420,5854.734,1585.239,0,1458.661,0,156.716,3009,4230,0.640,0.790,0.850,3,0,0,0,0,18,299,0,57,2
18-06 14:54:44,25.268,5.004,65.297,2.502,0,5571804,120404,187020,2131896,3980.847,1459.044,0,3318.373,0,426.305,8785,14018,0.640,0.790,0.850,1,0,0,0,0,18,299,0,57,2
18-06 14:54:45,24.742,3.999,68.228,1.250,0,5572504,119396,187028,2132196,6240.980,1565.493,0,3174.972,0,271.912,7990,12122,0.640,0.790,0.850,1,1,0,0,0,18,299,0,59,2
18-06 14:54:46,9.705,3.484,84.362,1.493,0,5574040,117612,187036,2132436,6428.399,2410.898,0,2313.348,0,242.882,3916,5866,0.640,0.790,0.850,0,0,0,0,0,18,298,0,60,2
18-06 14:54:47,9.251,2.250,84.508,2.500,0,5574192,117360,187068,2132504,11215.071,2889.276,0,6412.613,0,440.042,3950,6028,0.640,0.790,0.850,0,0,0,0,0,18,298,0,59,2
18-06 14:54:48,8.752,2.000,86.771,0.750,0,5574120,117360,187072,2132572,11522.778,3298.795,0,1688.407,0,153.037,3106,4368,0.670,0.800,0.850,0,0,0,0,0,18,298,0,59,2
18-06 14:54:49,9.539,2.008,84.843,0.502,0,5573976,117360,187076,2132712,4082.497,1572.354,0,1417.729,0,135.548,4072,5916,0.670,0.800,0.850,1,0,0,0,0,18,300,0,60,2
18-06 14:54:50,27.140,4.980,64.240,1.992,0,5566664,124164,187100,2133196,4709.930,1505.903,0,4418.112,0,509.935,9280,14604,0.670,0.800,0.850,3,0,0,0,0,18,299,0,60,2
18-06 14:54:51,25.344,5.269,67.248,1.506,0,5567552,122932,187108,2133532,4938.244,1626.007,0,3223.910,0,313.157,8248,12213,0.670,0.800,0.850,3,0,0,0,0,18,298,0,61,2
18-06 14:54:52,5.254,1.001,91.826,0.500,0,5567856,122460,187108,2133700,5720.745,2517.088,0,2189.816,0,154.128,2248,3433,0.670,0.800,0.850,1,0,1.001,0,0,18,298,0,61,2
18-06 14:54:53,7.466,1.742,88.594,0.498,0,5566720,123524,187116,2133764,11569.992,3551.728,0,1843.554,0,171.216,3190,4669,0.610,0.780,0.840,0,0,0,0,0,18,298,0,62,2
18-06 14:54:54,22.599,5.022,68.549,2.009,0,5566684,123316,187140,2133984,5001.817,1627.097,0,6954.334,0,622.716,8543,13642,0.610,0.780,0.840,1,0,0,0,0,18,299,0,62,2
18-06 14:54:55,24.746,4.249,67.989,1.000,0,5566952,122812,187160,2134200,4608.225,1511.746,0,5535.069,0,361.939,8110,12407,0.610,0.780,0.840,2,0,0,0,0,18,299,0,62,2
18-06 14:54:56,25.219,5.244,66.419,1.498,0,5567580,121552,187180,2134812,4899.998,1564.084,0,3072.237,0,370.546,8803,13583,0.610,0.780,0.840,1,0,0,0,0,18,299,0,58,2
18-06 14:54:57,25.033,4.256,66.839,1.502,0,5568272,120320,187188,2135344,4483.939,1580.093,0,8238.912,0,557.739,8748,13470,0.610,0.780,0.840,1,0,0,0,0,18,299,0,58,2
18-06 14:54:58,19.160,3.981,74.154,1.244,0,5569844,146776,185680,2108836,6455.841,2517.241,0,2818.832,0,315.526,6349,9678,0.810,0.820,0.860,0,0,0,0,0,18,298,0,61,2
18-06 14:54:59,6.752,1.500,89.021,1.250,0,5569632,146776,185708,2109020,6484.555,2412.578,0,2756.661,0,249.060,3017,4488,0.810,0.820,0.860,1,0,0,0,0,18,298,0,61,2
18-06 14:55:00,8.791,2.009,86.650,1.758,0,5570300,146032,185760,2109044,5247.195,1573.254,0,6988.223,0,471.173,3777,5947,0.810,0.820,0.860,0,1,0,0,0,18,299,0,60,2
18-06 14:55:01,3.484,0.995,92.580,0.249,0,5571316,144780,185768,2109272,6079.438,1966.086,15.928,1270.241,0.995,111.495,2206,3235,0.810,0.820,0.860,2,0,2.986,0,0,18,298,0,60,2
18-06 14:55:02,6.998,1.750,88.479,0.500,0,5571748,144276,185788,2109324,11452.255,3297.210,0,1423.659,0,137.967,2950,4124,0.810,0.820,0.860,0,0,1.000,0,0,18,298,0,60,2
18-06 14:55:03,24.007,11.753,61.267,1.750,0,5585328,129748,185852,2110192,5451.507,1660.459,588.163,3649.009,21.006,397.110,9434,14610,0.900,0.840,0.860,3,0,332.092,0,0,18,299,0,61,2
18-06 14:55:04,24.854,5.523,67.532,1.506,0,5584520,130160,185896,2110544,5876.512,1518.333,0,4201.525,0,378.579,8361,12989,0.900,0.840,0.860,1,0,0,0,0,18,299,0,59,2
18-06 14:55:05,23.657,4.482,68.230,1.245,0,5584336,129956,185960,2110864,6082.962,2373.620,15.937,2836.790,0.996,310.772,7617,11541,0.900,0.840,0.860,0,0,0,0,0,18,298,0,61,2
18-06 14:55:06,9.998,5.249,82.736,0.250,0,5588716,157844,184448,2080128,6930.864,1920.685,0,2371.611,0,159.974,3482,13342,0.900,0.840,0.860,0,0,35.994,0,0,18,298,0,64,2
18-06 14:55:07,6.254,1.751,88.806,1.501,0,5588376,158064,184528,2080168,18123.351,4442.783,0,6151.853,0,424.266,3366,5242,0.900,0.840,0.860,2,0,0,0,0,18,299,0,64,2
18-06 14:55:08,25.182,4.239,66.322,1.995,0,5588192,157812,184616,2080516,4667.487,1615.669,15.957,4348.343,0.997,429.848,8582,13372,0.910,0.840,0.860,5,0,0,0,0,18,299,0,63,2
18-06 14:55:09,26.170,5.536,63.663,2.516,0,5587928,157560,184716,2080932,4394.508,1576.225,0,5966.707,0,639.146,9516,15710,0.910,0.840,0.860,1,0,0,0,0,18,299,0,65,2
18-06 14:55:10,23.652,4.979,67.969,1.494,0,5588096,156816,184784,2081440,4438.669,1613.337,0,3724.618,0,234.033,8201,12516,0.910,0.840,0.860,2,0,0,0,0,18,299,0,65,2
18-06 14:55:11,8.744,0.999,87.938,0.999,0,5587996,156816,184824,2081500,6135.645,2598.156,0,3257.688,0,279.801,3175,5042,0.910,0.840,0.860,0,0,0,0,0,18,298,0,67,2
18-06 14:55:12,6.748,1.750,88.226,0.750,0,5584632,160092,184848,2081564,10371.174,3028.175,0,7242.026,0,445.878,3011,4282,0.910,0.840,0.860,0,0,1.000,0,0,18,298,0,59,2
18-06 14:55:13,12.242,3.748,81.449,1.749,0,5586468,158008,184884,2081776,11479.807,3469.826,0,7071.569,0,470.705,4406,6408,1,0.860,0.870,0,0,2.998,0,0,18,298,0,59,2
18-06 14:55:14,16.525,2.754,78.120,1.002,0,5584664,159668,184896,2081908,4238.509,1514.326,0,1991.058,0,202.311,4646,6058,1,0.860,0.870,1,0,2.003,0,0,18,299,0,64,2
18-06 14:55:15,27.339,7.274,62.202,1.505,0,5595040,148844,184924,2082332,4878.815,1571.093,72.234,2953.574,5.016,350.135,8511,12898,1,0.860,0.870,3,0,43.140,0,0,18,299,0,64,2
18-06 14:55:16,24.489,6.497,64.220,2.249,0,5595124,148368,184936,2082708,4589.862,1511.296,31.985,5121.614,1.000,425.802,9131,14259,1,0.860,0.870,1,0,45.979,0,0,18,299,0,57,2
18-06 14:55:17,24.760,5.002,67.779,1.251,0,5595012,148208,184960,2082956,4547.921,1296.548,0,2649.119,0,262.111,7100,10489,1,0.860,0.870,1,0,0,0,0,18,300,0,58,2
18-06 14:55:18,24.905,6.226,64.254,2.241,0,5594848,147956,185012,2083320,4458.926,1291.056,0,3717.764,0,447.287,8407,12954,1,0.860,0.870,1,0,0,0,0,18,299,0,58,2
18-06 14:55:19,24.713,5.492,65.902,1.747,0,5596812,145660,185048,2083616,4303.594,1347.994,0,7305.127,0,504.249,8545,12556,1,0.860,0.870,4,0,0,0,0,18,299,0,58,2
18-06 14:55:20,27.089,4.515,64.463,2.257,0,5596380,145660,185088,2084008,4313.236,1246.113,0,3700.212,0,453.497,8732,13969,1,0.860,0.870,3,0,0,0,0,18,299,0,57,2
18-06 14:55:21,24.049,4.509,67.889,1.002,0,5596336,145408,185088,2084304,4501.202,1515.097,0,3266.678,0,283.580,7400,11130,1,0.860,0.870,2,0,0,0,0,18,298,0,58,2
18-06 14:55:22,24.385,5.225,66.188,1.244,0,5596780,144652,185112,2084592,5300.996,1678.085,0,3001.841,0,313.521,8401,12675,1,0.860,0.870,1,0,0.995,0,0,18,299,0,59,2
18-06 14:55:23,25.783,5.257,64.833,2.503,0,5596608,144400,185152,2084976,4417.626,1513.928,0,9207.727,0,714.910,9214,14559,1,0.870,0.870,1,0,0,0,0,18,299,0,62,2
18-06 14:55:24,26.270,4.003,66.049,1.251,0.250,5596804,143896,185180,2085256,4563.398,1621.207,0,2305.717,0,262.195,7292,10477,1,0.870,0.870,2,0,0,0,0,18,298,0,61,2
18-06 14:55:25,6.275,1.255,90.855,0.251,0.251,5596780,143896,185184,2085276,12429.564,4041.792,0,2726.653,0,98.384,2222,3054,1,0.870,0.870,3,0,0,0,0,18,298,0,61,3
18-06 14:55:26,8.461,2.240,86.106,0.747,0,5596792,143644,185204,2085496,5873.114,2559.284,0,1640.490,0,178.184,3145,4885,1,0.870,0.870,0,0,0,0,0,18,297,0,62,3
18-06 14:55:27,11.999,2.000,83.740,1.500,0,5596692,143644,185212,2085588,6319.246,2569.693,0,1907.772,0,204.976,3868,5683,1,0.870,0.870,0,0,0,0,0,18,297,0,64,3
18-06 14:55:28,11.997,2.499,83.482,0.750,0,5596976,143140,185216,2085804,5720.782,2496.469,0,7634.375,0,439.906,3737,5163,1,0.870,0.870,0,0,0,0,0,18,297,0,61,3
18-06 14:55:29,9.533,1.254,87.305,0.753,0,5596904,143140,185216,2085876,8796.751,4158.537,0,1569.486,0,135.474,2666,3691,1,0.870,0.870,1,0,2.007,0,0,18,298,0,63,2
18-06 14:55:30,9.745,1.499,86.706,0.999,0,5597084,142888,185232,2085932,17820.933,4503.709,0,2198.881,0,226.885,3494,5072,1,0.870,0.870,4,0,0,0,0,18,299,0,63,2
18-06 14:55:31,3.490,1.246,92.235,1.246,0,5596884,142888,185244,2086120,11854.977,3342.407,0,6309.891,0,401.847,2929,4782,1,0.870,0.870,1,0,0,0,0,18,298,0,63,2
18-06 14:55:32,9.500,2.750,85.748,0.750,0,5597012,142636,185244,2086244,11422.716,3405.915,55.999,1387.965,4.000,142.996,3464,4999,1,0.870,0.870,0,0,1.000,0,0,18,298,0,62,2
18-06 14:55:33,21.844,4.268,70.304,1.507,0,5596700,142636,185276,2086524,4527.569,1193.157,0,2812.154,0,356.541,7437,11560,1.240,0.920,0.890,1,1,0,0,0,18,299,0,62,2
18-06 14:55:34,25.219,4.744,66.918,1.998,0,5597324,141628,185320,2086864,4498.516,1402.290,0,4043.071,0,381.535,8757,13606,1.240,0.920,0.890,1,0,0,0,0,18,300,0,63,2
18-06 14:55:35,25.203,4.242,67.124,1.248,0,5598200,140396,185360,2087180,5318.981,1509.157,0,2730.856,0,292.449,7523,11273,1.240,0.920,0.890,2,0,0,0,0,18,299,0,63,2
18-06 14:55:36,24.725,5.495,65.934,1.998,0,5597868,140396,185372,2087500,4901.110,1564.439,0,3040.966,0,353.647,8385,12810,1.240,0.920,0.890,2,0,0,0,0,18,299,0,64,2
18-06 14:55:37,14.991,3.248,78.205,1.999,0,5599920,138128,185456,2087628,6534.254,2525.552,0,7439.734,0,526.698,5410,8816,1.240,0.920,0.890,0,0,0,0,0,18,298,0,60,2
18-06 14:55:38,7.753,2.001,87.783,1.250,0,5599664,138128,185492,2087848,6259.329,2454.913,0,2801.042,0,227.084,3238,4729,1.380,0.960,0.900,0,0,0,0,0,18,298,0,60,2
18-06 14:55:39,12.505,2.251,83.532,1.250,0.250,5599316,138128,185532,2088156,5675.198,1921.744,0,2597.006,0,203.079,4068,5925,1.380,0.960,0.900,1,0,0,0,0,18,298,0,60,2
18-06 14:55:40,4.254,1.251,92.087,0.250,0,5599536,137876,185540,2088180,4567.298,1567.475,0,1545.454,0,140.132,2111,3239,1.380,0.960,0.900,2,0,0,0,0,18,298,0,60,2
18-06 14:55:41,6.743,0.999,90.160,1.249,0,5599344,137876,185556,2088356,11337.653,3348.649,0,1450.548,0,143.856,2641,3948,1.380,0.960,0.900,0,0,0,0,0,18,298,0,57,2
18-06 14:55:42,23.599,5.523,67.281,1.255,0,5599728,137124,185600,2088680,4324.075,1656.926,0,2458.276,0,302.263,8037,11963,1.380,0.960,0.900,2,0,7.029,0,0,18,299,0,57,2
18-06 14:55:43,24.947,5.239,66.110,2.245,0,5600164,136396,185696,2088872,4849.764,1616.588,0,12681.234,0,869.165,9039,14187,1.350,0.960,0.900,1,0,0,0,0,18,299,0,57,2
18-06 14:55:44,24.790,4.758,66.607,1.753,0,5601336,134884,185724,2089184,4387.027,1622.599,0,3377.409,0,337.541,7836,11596,1.350,0.960,0.900,1,1,0,0,0,18,298,0,58,2
18-06 14:55:45,4.733,1.495,91.922,0.498,0,5601172,134884,185736,2089336,7607.853,2514.029,0,1434.880,0,102.634,2290,3440,1.350,0.960,0.900,2,0,0,0,0,18,299,0,55,2
18-06 14:55:46,7.244,1.249,89.429,0.999,0,5601092,134884,185756,2089396,12567.065,3457.267,0,2869.731,0,145.885,2704,4080,1.350,0.960,0.900,0,0,0,0,0,18,298,0,55,2
18-06 14:55:47,23.517,4.503,67.297,2.502,0,5601232,134380,185852,2089664,5343.755,1621.139,0,3502.461,0,457.321,8528,13547,1.350,0.960,0.900,1,0,0,0,0,18,299,0,56,2
18-06 14:55:48,24.488,5.497,66.468,1.749,0,5601788,133372,185928,2090040,4781.732,2390.866,0,3858.170,0,380.819,8233,12553,1.240,0.940,0.900,0,0,0,0,0,18,298,0,57,2
18-06 14:55:49,6.022,1.757,88.579,1.757,0,5601664,133372,186016,2090076,4852.008,1096.068,0,8045.862,0,541.008,3369,5445,1.240,0.940,0.900,1,0,0,0,0,18,299,0,55,2
18-06 14:55:50,3.734,0.996,92.597,0.996,0,5601836,133120,186020,2090152,5962.031,2492.145,15.931,1421.807,0.996,124.458,2225,3543,1.240,0.940,0.900,0,0,0,0,0,18,298,0,55,2
18-06 14:55:51,5.254,1.501,91.313,1.001,0,5601768,133120,186028,2090212,5386.740,2342.627,0,1192.828,0,127.088,2393,3539,1.240,0.940,0.900,0,0,0,0,0,18,298,0,55,2
18-06 14:55:52,8.000,1.750,87.245,1.250,0,5601940,132868,186056,2090264,6725.604,2942.827,0,1699.900,0,195.988,3034,4568,1.240,0.940,0.900,0,0,1.000,0,0,18,298,0,55,2
18-06 14:55:53,5.000,1.250,91.251,0.500,0,5601892,132868,186064,2090304,11665.138,2967.035,0,1240.015,0,119.001,2331,3261,1.140,0.930,0.890,0,0,0,0,0,18,298,0,49,2
18-06 14:55:54,14.005,2.501,80.778,1.501,0,5601804,132616,186096,2090612,5319.862,2405.842,0,1680.588,0,194.068,4106,5764,1.140,0.930,0.890,1,0,0,0,0,18,298,0,50,2
18-06 14:55:55,7.491,1.748,89.139,0.749,0,5601580,132616,186120,2090812,6188.306,2339.092,0,1350.321,0,137.829,2638,3870,1.140,0.930,0.890,0,0,0,0,0,18,298,0,50,2
18-06 14:55:56,5.005,1.501,91.840,0.500,0,5601828,132364,186128,2090808,4102.010,1459.427,0,1081.057,0,96.094,1983,2888,1.140,0.930,0.890,1,0,0,0,0,18,299,0,50,2
18-06 14:55:57,6.251,1.500,90.014,0.500,0,5601728,132364,186140,2090896,6335.951,2473.371,0,1312.197,0,136.020,2680,3982,1.140,0.930,0.890,0,0,0,0,0,18,298,0,50,2
18-06 14:55:58,7.207,1.243,88.717,0.497,0,5601932,132112,186144,2090940,20594.270,5590.413,0,1240.547,0,109.343,2497,3364,1.050,0.910,0.890,0,0,0,0,0,18,298,0,50,2
18-06 14:55:59,4.527,1.257,93.297,0.251,0,5599908,134056,186144,2091020,4852.476,1819.678,0,5270.931,0,391.296,2076,2642,1.050,0.910,0.890,0,0,0,0,0,18,298,0,50,2
18-06 14:56:00,5.247,1.749,88.697,2.499,0,5599824,134056,186196,2091052,13939.684,4656.222,0,6871.900,0,467.721,3304,5346,1.050,0.910,0.890,0,0,0,0,0,18,298,0,50,2
18-06 14:56:01,3.002,0.500,95.315,0.250,0,5599816,134056,186200,2091056,5163.547,1621.114,0,1072.737,0,36.025,1330,1815,1.050,0.910,0.890,0,0,0,0,0,18,298,0,47,2
18-06 14:56:02,10.998,2.000,84.485,0.750,0,5599460,134056,186216,2091396,18544.669,4902.119,0,1619.709,0,190.966,3911,5643,1.050,0.910,0.890,0,0,1.000,0,0,18,298,0,49,2
18-06 14:56:03,12.300,2.761,82.838,1.255,0,5599564,133804,186236,2091524,6028.617,1721.028,0,1743.118,0,204.836,4477,6590,0.970,0.890,0.880,1,0,0,0,0,18,299,0,49,2
18-06 14:56:04,24.656,4.483,66.248,1.992,0,5600392,132544,186272,2091920,6048.951,2490.510,0,2586.146,0,314.801,7989,12096,0.970,0.890,0.880,0,0,0,0,0,18,298,0,51,2
18-06 14:56:05,7.285,1.256,90.682,0.502,0,5600452,132292,186296,2092088,7458.524,1531.293,0,1780.480,0,126.603,2333,3267,0.970,0.890,0.880,2,0,1.005,0,0,18,299,0,46,2
18-06 14:56:06,12.947,2.739,80.920,1.245,0,5600560,132040,186328,2092200,12944.194,3445.942,0,2569.518,0,249.980,4583,6638,0.970,0.890,0.880,1,0,3.984,0,0,18,298,0,46,2
18-06 14:56:07,22.252,7.251,67.255,1.750,0,5609700,152760,185056,2063616,4218.338,1458.117,72.006,3180.255,2.000,369.030,7761,15420,0.970,0.890,0.880,3,0,32.003,0,0,18,299,0,48,2
18-06 14:56:08,24.220,4.494,66.666,1.997,0,5609396,152760,185088,2063888,4887.871,1522.092,0,8437.421,0,548.313,8066,12188,1.050,0.910,0.890,2,0,0,0,0,18,299,0,48,2
18-06 14:56:09,20.826,4.517,72.265,1.506,0,5609604,152256,185104,2064168,5500.141,2576.435,0,2701.894,0,304.114,6723,10100,1.050,0.910,0.890,0,0,1.004,0,0,18,298,0,42,2
18-06 14:56:10,10.503,1.750,84.271,1.250,0,5609548,152256,185120,2064208,4546.107,1458.355,16.004,3068.747,1.000,242.059,3899,5756,1.050,0.910,0.890,0,0,0,0,0,18,299,0,42,2
18-06 14:56:11,10.214,1.993,85.201,1.495,0,5609872,151752,185124,2064384,9685.053,3382.145,0,2208.260,0,249.127,3753,5684,1.050,0.910,0.890,1,0,0,0,0,18,298,0,43,2
18-06 14:56:12,8.017,1.754,87.188,0.752,0,5610064,151504,185128,2064436,5646.155,1527.288,0,2160.652,0,137.296,2868,4027,1.050,0.910,0.890,2,0,1.002,0,0,18,296,0,44,2
18-06 14:56:13,6.985,2.495,89.557,0.748,0,5613092,148256,185136,2064648,5288.596,2560.479,0,1225.358,0,106.770,2713,3867,0.960,0.900,0.880,1,0,2.994,0,0,18,299,0,42,2
18-06 14:56:14,13.250,2.250,81.750,1.000,0,5613476,147780,185140,2064736,11514.954,3297.987,0,6071.976,0,475.998,3954,5356,0.960,0.900,0.880,0,0,2.000,0,0,18,298,0,45,2
18-06 14:56:15,20.530,4.507,70.353,2.754,0,5613380,147528,185164,2065060,4842.123,1460.148,0,6525.599,0,536.790,7423,11826,0.960,0.900,0.880,2,0,3.004,0,0,18,299,0,45,2
18-06 14:56:16,24.793,6.011,64.112,3.506,0,5613192,147276,185172,2065492,5235.152,1688.953,32.056,5685.940,1.002,599.047,9631,16033,0.960,0.900,0.880,1,0,0,0,0,18,299,0,45,2
18-06 14:56:17,24.539,5.008,68.109,1.002,0.250,5613128,147024,185172,2065808,4747.624,1622.606,0,2139.435,0,206.331,8466,12552,0.960,0.900,0.880,1,0,0,0,0,18,299,0,46,2
18-06 14:56:18,12.940,2.488,80.876,1.244,0,5612864,147024,185176,2066068,5992.263,2558.159,0,2281.440,0,245.862,4521,6764,0.890,0.880,0.880,0,0,0,0,0,18,298,0,41,2
18-06 14:56:19,9.756,2.752,82.797,2.251,0,5613032,146772,185184,2066144,5042.863,1620.920,0,6827.877,0,480.273,3964,6445,0.890,0.880,0.880,0,0,0,0,0,18,299,0,41,2
18-06 14:56:20,11.501,2.000,84.004,1.250,0,5612928,146772,185192,2066240,11452.501,3460.151,0,2572.112,0,275.012,4341,6460,0.890,0.880,0.880,1,0,0,0,0,18,298,0,42,2
18-06 14:56:21,10.794,2.008,85.094,1.255,0,5613012,146520,185192,2066408,5640.831,2418.790,0,1285.202,0,127.516,3173,4472,0.890,0.880,0.880,2,0,0,0,0,18,298,0,44,2
18-06 14:56:22,7.468,1.743,88.372,0.747,0,5612932,146520,185196,2066484,4646.114,2008.404,0,1238.698,0,133.429,2994,4409,0.890,0.880,0.880,0,0,0.996,0,0,18,298,0,41,2
18-06 14:56:23,6.746,1.749,89.203,0.750,0,5612884,146520,185204,2066524,11375.012,3169.332,0,1087.428,0,105.944,2845,4074,0.820,0.870,0.870,1,0,0,0,0,18,299,0,41,2
18-06 14:56:24,24.599,5.271,65.765,2.510,0,5612796,146268,185232,2066836,3933.880,1463.910,0,3968.018,0,500.018,9487,15177,0.820,0.870,0.870,1,0,0,0,0,18,299,0,41,2
18-06 14:56:25,25.652,5.230,64.503,2.490,0,5613092,145260,185308,2067472,10502.750,2919.810,0,8387.855,0,671.427,9346,14884,0.820,0.870,0.870,1,0,0,0,0,18,299,0,43,2
18-06 14:56:26,25.829,4.764,66.954,1.505,0,5613280,144756,185404,2067692,4110.506,1528.651,0,3486.608,0,320.977,8135,12222,0.820,0.870,0.870,3,0,0,0,0,18,298,0,38,2
18-06 14:56:27,5.470,1.492,91.006,0.746,0,5613140,144756,185428,2067808,5689.127,2557.123,0,1515.774,0,129.298,2413,3666,0.820,0.870,0.870,1,0,0,0,0,18,298,0,38,2
18-06 14:56:28,13.057,2.762,81.605,1.507,0,5613044,144756,185500,2067832,4356.976,1464.378,0,2081.064,0,251.094,4316,6222,0.750,0.850,0.870,1,0,0,0,0,18,299,0,39,2
18-06 14:56:29,8.227,2.244,86.263,0.748,0,5613204,144252,185580,2068096,11642.974,3450.509,0,7100.469,0,505.609,3611,5121,0.750,0.850,0.870,1,0,1.995,0,0,18,298,0,40,2
18-06 14:56:30,12.994,2.499,81.214,1.249,0,5613456,143760,185624,2068276,5882.357,2405.919,15.993,1943.127,1.000,221.900,4102,5842,0.750,0.850,0.870,0,0,1.000,0,0,18,298,0,36,2
18-06 14:56:31,10.261,2.252,84.090,1.502,0,5613460,143508,185660,2068488,11423.254,3367.613,0,1918.058,0,171.184,3367,4907,0.750,0.850,0.870,1,0,0,0,0,18,298,0,36,2
18-06 14:56:32,10.038,2.008,85.824,1.004,0,5613896,143004,185680,2068536,4396.620,1626.147,0,1573.950,0,142.539,3773,5425,0.750,0.850,0.870,0,1,1.004,0,0,18,299,0,36,2
18-06 14:56:33,25.662,5.730,62.287,3.239,0,5613644,142752,185808,2068912,4143.842,1453.036,0,8355.453,0,735.487,9091,14541,0.850,0.870,0.880,3,0,0,0,0,18,299,0,36,2
18-06 14:56:34,25.061,4.762,65.910,1.504,0,5613644,142392,185856,2069224,4450.820,1623.948,0,3239.876,0,312.760,8117,11920,0.850,0.870,0.880,1,0,0,0,0,18,299,0,37,2
18-06 14:56:35,13.209,2.741,80.498,1.495,0,5613772,142140,185868,2069336,6257.391,2554.993,0,2181.165,0,228.285,4131,6205,0.850,0.870,0.880,0,0,0,0,0,18,298,0,38,2
18-06 14:56:36,12.242,2.249,82.447,1.249,0,5613552,142140,185888,2069536,9367.956,3569.697,0,2066.667,0,187.879,3596,5108,0.850,0.870,0.880,0,0,0,0,0,18,298,0,40,2
18-06 14:56:37,7.008,1.252,90.359,0.501,0,5613732,141888,185900,2069596,5619.748,1857.230,0,1381.659,0,108.130,2407,3528,0.850,0.870,0.880,2,0,0,0,0,18,298,0,41,2
18-06 14:56:38,8.999,2.250,85.745,1.500,0,5613624,141888,185920,2069684,12162.266,3872.766,0,2255.864,0,227.986,3629,5355,0.780,0.860,0.870,0,0,0,0,0,18,298,0,37,2
18-06 14:56:39,7.000,2.000,88.252,0.250,0,5613800,141636,185936,2069744,10700.282,2716.072,0,1584.042,0,129.003,2982,4348,0.780,0.860,0.870,1,0,0,0,0,18,299,0,37,2
18-06 14:56:40,24.736,5.497,65.214,2.499,0,5614060,140880,185976,2070200,5713.870,1619.113,0,8191.512,0,620.660,8728,13785,0.780,0.860,0.870,1,0,0,0,0,18,300,0,37,2
18-06 14:56:41,10.994,2.499,83.706,1.499,0,5614416,140376,186020,2070304,6454.626,2448.720,0,2562.661,0,224.882,3758,5691,0.780,0.860,0.870,0,0,0,0,0,18,298,0,38,2
18-06 14:56:42,10.995,2.999,83.715,1.249,0,5614584,140124,186044,2070364,12089.908,3500.526,0,1851.220,0,165.930,3384,4431,0.780,0.860,0.870,0,0,6.997,0,0,18,298,0,38,2
18-06 14:56:43,14.274,3.256,79.134,0.751,0,5614348,140124,186056,2070588,4585.776,1460.477,0,3822.482,0,203.345,4844,7200,0.800,0.860,0.870,2,0,0,0,0,18,299,0,38,2
18-06 14:56:44,23.981,4.247,67.946,1.749,0,5614276,139872,186080,2070888,4568.389,2492.030,0,2937.678,0,323.744,7644,11545,0.800,0.860,0.870,0,0,0.999,0,0,18,298,0,40,2
18-06 14:56:45,7.504,1.251,88.792,1.000,0,5614212,139872,186088,2070944,6646.138,1524.720,0,6955.284,0,490.231,2560,3388,0.800,0.860,0.870,2,0,0,0,0,18,299,0,40,2
18-06 14:56:46,10.994,2.749,83.956,0.999,0.250,5614496,139368,186096,2071156,7162.270,2624.633,0,2378.761,0,250.869,3639,5347,0.800,0.860,0.870,0,0,0,0,0,18,298,0,39,2
18-06 14:56:47,10.754,3.251,82.280,2.501,0,5614624,139116,186132,2071244,12659.560,3299.188,0,8210.957,0,569.205,4387,6746,0.800,0.860,0.870,0,0,0,0,0,18,298,0,39,2
18-06 14:56:48,8.001,1.500,88.012,1.000,0,5614572,139116,186136,2071292,11154.513,3298.447,0,1264.171,0,122.017,2899,4111,0.900,0.880,0.880,4,0,0,0,0,18,298,0,39,2
18-06 14:56:49,9.996,1.749,85.716,1.000,0,5614304,139116,186164,2071532,4750.110,2493.008,0,1275.492,0,140.944,3141,4476,0.900,0.880,0.880,0,0,0,0,0,18,298,0,40,2
18-06 14:56:50,8.013,2.504,86.890,1.002,0,5614500,138892,186172,2071552,5692.176,1526.461,0,1462.357,0,167.270,2891,4209,0.900,0.880,0.880,6,1,0,0,0,18,297,0,38,4
18-06 14:56:51,5.492,0.999,91.371,0.499,0,5614932,138388,186176,2071620,11755.351,3893.486,0,998.586,0,75.893,2093,2898,0.900,0.880,0.880,0,0,0,0,0,18,298,0,39,2
18-06 14:56:52,3.751,1.250,94.269,0.250,0,5615168,138136,186176,2071636,6228.276,1875.384,0,852.175,0,71.015,1596,2324,0.900,0.880,0.880,0,0,1.000,0,0,18,298,0,39,2
18-06 14:56:53,14.002,2.500,80.511,1.000,0,5615176,137884,186184,2071872,5720.751,2561.336,0,1772.233,0,212.028,4266,6124,0.900,0.880,0.880,0,0,0,0,0,18,298,0,41,2
18-06 14:56:54,8.500,1.750,87.248,0.750,0,5615112,137884,186196,2071924,5966.849,2495.937,0,1631.959,0,180.995,3047,4514,0.900,0.880,0.880,0,0,0,0,0,18,298,0,41,2
18-06 14:56:55,7.250,1.750,89.494,0.750,0,5615316,137632,186196,2071972,16242.933,4423.709,0,1499.901,0,156.990,3036,4461,0.900,0.880,0.880,0,0,0,0,0,18,298,0,41,2
18-06 14:56:56,5.248,1.749,90.460,0.750,0,5615360,137380,186232,2072144,9958.551,3011.654,0,6053.296,0,377.831,2948,4622,0.900,0.880,0.880,0,0,0,0,0,18,298,0,41,2
18-06 14:56:57,3.001,0.750,94.017,0.250,0,5615328,137380,186244,2072164,5493.986,1855.333,0,612.110,0,54.010,1741,2648,0.900,0.880,0.880,1,0,0,0,0,18,298,0,41,2
18-06 14:56:58,6.013,2.004,90.199,0.501,0,5615228,137380,186260,2072248,11760.885,3069.756,0,1210.665,0,137.302,2720,3995,0.910,0.880,0.880,4,0,0,0,0,18,299,0,40,2
18-06 14:56:59,25.301,5.762,66.383,1.253,0,5615804,134860,186292,2074160,4767.577,1460.935,0,2517.056,0,323.650,8350,12754,0.910,0.880,0.880,3,0,0,0,0,18,299,0,43,2
18-06 14:57:00,25.246,4.499,66.739,1.750,0,5615876,133600,186320,2075320,5536.115,1619.741,15.997,3339.466,1.000,373.940,8501,13206,0.910,0.880,0.880,1,0,0,0,0,18,299,0,46,2
18-06 14:57:01,15.449,2.492,79.238,1.246,0,5616512,132844,186328,2075432,6436.704,2396.072,0,2376.138,0,238.212,5004,7486,0.910,0.880,0.880,0,0,0,0,0,18,298,0,48,2
18-06 14:57:02,11.742,2.248,83.190,1.499,0,5616792,132340,186332,2075652,6621.229,2630.105,0,3001.837,0,274.802,3872,5680,0.910,0.880,0.880,0,0,0.999,0,0,18,298,0,50,2
18-06 14:57:03,9.534,2.509,84.550,1.505,0,5616976,132088,186360,2075692,5501.530,1557.529,0,6446.886,0,451.603,3693,5620,0.840,0.870,0.880,1,0,0,0,0,18,298,0,50,2
18-06 14:57:04,5.004,1.001,92.332,0.500,0,5616916,132088,186364,2075748,6343.660,2406.147,0,2025.807,0,84.075,2049,3001,0.840,0.870,0.880,1,0,0,0,0,18,298,0,50,2
18-06 14:57:05,24.112,3.729,69.850,0,0,5627432,121252,186364,2076068,6400.326,1610.770,0,616.468,0,26.846,4194,4490,0.840,0.870,0.880,1,0,0,0,0,18,298,0,51,2
18-06 14:57:06,9.768,1.252,86.155,1.002,0,5620380,128056,186368,2076312,12677.801,3303.942,0,6876.367,0,472.850,3397,4602,0.840,0.870,0.880,0,0,0,0,0,18,298,0,52,2
18-06 14:57:07,12.993,4.748,79.959,0.750,0,5638248,162572,182160,2028664,17174.211,4672.609,0,1439.263,0,150.923,4306,10415,0.840,0.870,0.880,0,0,35.982,0,0,18,298,0,52,2
18-06 14:57:08,7.501,2.500,87.013,1.000,0,5641756,158996,182164,2028728,11290.636,3298.478,0,1408.204,0,152.022,3074,4369,0.770,0.850,0.870,0,0,0,0,0,18,298,0,52,2
18-06 14:57:09,13.253,3.001,80.520,1.000,0,5637492,163048,182172,2028932,4321.067,1620.400,0,1636.404,0,186.046,4741,6863,0.770,0.850,0.870,2,0,0,0,0,18,299,0,52,2
18-06 14:57:10,23.238,5.247,67.466,2.249,0.250,5625800,174400,182180,2029264,4466.761,2498.748,0,3534.229,0,382.808,7682,11948,0.770,0.850,0.870,1,0,0,0,0,18,298,0,54,2
18-06 14:57:11,6.752,1.750,88.775,0.500,0,5625760,174400,182192,2029292,5709.631,1686.482,0,2876.822,0,161.046,2732,3948,0.770,0.850,0.870,1,0,0,0,0,18,302,0,51,2
18-06 14:57:12,26.276,3.253,69.069,0.751,0,5625724,173644,182216,2030060,4324.349,1621.631,512.515,1661.671,29.029,139.140,7232,9982,0.770,0.850,0.870,1,0,2.002,0,0,18,300,1,68,2
18-06 14:57:13,25.037,5.758,66.848,1.753,0,5628536,170632,182252,2030224,4478.539,1460.132,24.035,6870.030,3.004,447.654,8115,12118,0.790,0.860,0.870,1,0,5.007,0,0,18,304,0,72,2
18-06 14:57:14,31.018,5.003,60.786,1.251,0,5669452,129080,182280,2030832,11787.952,3396.003,80.047,1841.086,4.002,197.116,7249,10156,0.790,0.860,0.870,1,0,1.001,0,0,18,302,0,88,2
18-06 14:57:15,10.737,2.247,84.645,0.250,0,5670104,128324,182296,2030920,4811.020,1683.907,35.955,1470.173,2.996,122.847,3936,5885,0.790,0.860,0.870,1,0,1.998,0,0,18,302,0,83,2
18-06 14:57:16,25.752,5.000,66.006,1.750,0,5670632,127208,182320,2031484,4860.461,1620.154,0,8220.779,0,794.075,8069,12434,0.790,0.860,0.870,1,0,3.000,0,0,18,302,0,86,2
18-06 14:57:17,8.482,1.497,87.068,1.497,0,5670788,126956,182328,2031572,5791.891,2472.830,0,2402.976,0,226.526,3300,5269,0.790,0.860,0.870,0,0,0.998,0,0,18,301,0,87,2
18-06 14:57:18,6.500,1.250,89.748,1.000,0,5670720,126956,182348,2031620,6030.886,2510.953,0,1747.967,0,162.997,2754,4057,0.730,0.840,0.870,0,0,0,0,0,18,301,0,87,2
18-06 14:57:19,6.502,1.500,89.272,1.000,0,5670880,126732,182368,2031664,5934.467,2348.581,0,2544.629,0,158.039,2840,4093,0.730,0.840,0.870,0,0,0,0,0,18,301,0,84,2
18-06 14:57:20,6.499,1.750,88.991,0.750,0.250,5670912,126492,182376,2031864,6179.368,2348.760,4.000,1767.819,1.000,174.982,2918,4280,0.730,0.840,0.870,0,0,0,0,0,18,301,0,85,2
18-06 14:57:21,13.751,2.750,80.505,1.500,0,5672640,124476,182400,2032128,4740.268,1620.092,0,5928.336,0,351.020,3472,4748,0.730,0.840,0.870,1,0,0,0,0,18,302,0,85,2
18-06 14:57:22,7.992,1.748,88.666,0.999,0,5673072,123976,182428,2032168,5473.801,1985.115,0,1062.990,0,96.908,2357,3245,0.730,0.840,0.870,0,0,0.999,0,0,18,301,0,86,2
18-06 14:57:23,6.755,1.501,89.812,0.751,0,5673396,123472,182444,2032332,5378.685,1922.317,0,1072.735,0,105.072,2464,3619,0.670,0.830,0.860,0,0,0,0,0,18,301,0,83,2
18-06 14:57:24,5.995,1.499,90.425,0.500,0,5673340,123472,182460,2032372,5650.286,2081.264,0,1175.020,0,118.901,2474,3602,0.670,0.830,0.860,0,0,0,0,0,18,301,0,83,2
18-06 14:57:25,8.755,2.001,87.302,1.001,0,5673208,123472,182508,2032456,17260.321,4545.718,0,1352.809,0,145.087,3112,4352,0.670,0.830,0.860,0,0,0,0,0,18,301,0,83,2
18-06 14:57:26,13.469,3.492,80.312,0.998,0,5673360,123220,182532,2032532,4088.451,1520.449,0,1636.178,0,189.557,4699,7034,0.670,0.830,0.860,1,0,0,0,0,18,302,0,83,2
18-06 14:57:27,26.121,4.019,66.057,1.758,0,5673760,122464,182588,2032832,4350.233,1627.570,0,2881.402,0,309.439,7871,11474,0.670,0.830,0.860,3,1,0,0,0,18,301,0,82,2
18-06 14:57:28,4.243,1.248,92.097,1.248,0,5673480,122464,182624,2033076,5411.037,2572.739,0,2148.441,0,156.740,2147,3320,0.610,0.810,0.860,1,0,0,0,0,18,301,0,82,2
18-06 14:57:29,5.748,1.749,90.215,0.750,0,5673384,122464,182676,2033120,5746.743,2352.076,0,1839.278,0,179.929,2893,4290,0.610,0.810,0.860,0,0,1.999,0,0,18,301,0,82,2
18-06 14:57:30,6.000,1.500,88.995,1.500,0,5673536,122212,182728,2033168,5647.679,2214.874,0,5563.684,0,361.979,3313,5307,0.610,0.810,0.860,0,0,0,0,0,18,300,0,82,3
18-06 14:57:31,7.504,1.501,89.043,0.750,0,5673460,122212,182748,2033224,11800.710,3461.675,0,1324.641,0,128.062,2897,4117,0.610,0.810,0.860,2,0,0,0,0,18,300,0,79,3
18-06 14:57:32,17.000,3.500,75.999,1.500,0,5674168,121236,182784,2033456,4559.942,1619.979,0,7195.909,0,714.991,6309,9658,0.610,0.810,0.860,2,0,1.000,0,0,18,300,0,80,3
18-06 14:57:33,14.741,2.998,80.699,0.750,0,5493084,302384,182800,2033360,6200.120,267496.597,135.915,2166.644,7.995,122.923,2387,2407,0.650,0.820,0.860,1,0,13.991,0,0,18,300,0,80,3
18-06 14:57:34,1.250,0.500,97.259,0,0,5493076,302384,182808,2033360,4338.397,1458.133,0,732.067,0,50.005,1098,1575,0.650,0.820,0.860,1,0,0,0,0,18,300,0,80,3
18-06 14:57:35,1.250,0.500,95.534,0.750,0,5492420,303024,182824,2033360,5178.844,1620.577,0,2672.952,0,148.053,1328,2062,0.650,0.820,0.860,0,0,0,0,0,18,300,0,78,3
18-06 14:57:36,1.501,1.001,96.827,0,0,5492420,303024,182824,2033360,5062.029,1459.161,0,0,0,0,955,1327,0.650,0.820,0.860,0,0,0,0,0,18,300,0,78,3
18-06 14:57:37,1.999,0.500,95.976,0.500,0,5492636,302800,182828,2033364,4744.802,1685.574,0,331.916,0,36.991,1337,1952,0.650,0.820,0.860,0,0,0,0,0,18,300,0,78,3
18-06 14:57:38,2.746,0.999,95.125,0.250,0,5492576,302800,182832,2033420,4512.090,1456.093,0,243.681,0,23.969,1532,2195,0.590,0.800,0.850,0,0,0,0,0,18,300,0,78,3
18-06 14:57:39,2.001,1.001,95.815,0,0,5492572,302800,182832,2033424,4641.145,1458.989,0,548.372,0,49.033,1426,2050,0.590,0.800,0.850,0,0,0,0,0,18,300,0,75,3
18-06 14:57:40,1.999,0.750,95.959,0.500,0,5492564,302800,182840,2033424,4601.036,1619.309,0,683.708,0,52.977,1443,2271,0.590,0.800,0.850,0,0,0,0,0,18,300,0,75,3
18-06 14:57:41,1.248,0.499,97.360,0,0,5492564,302800,182840,2033424,4357.714,1455.900,0,195.718,0,14.978,936,1385,0.590,0.800,0.850,0,0,0,0,0,18,300,0,75,3
18-06 14:57:42,1.753,1.753,95.410,0.250,0,5492552,302800,182848,2033428,4655.787,1622.714,0,584.978,0,26.044,1362,1713,0.590,0.800,0.850,0,0,7.012,0,0,18,300,0,75,3
18-06 14:57:43,1.500,0.500,97.248,0,0,5492552,302800,182848,2033428,4243.914,1457.971,0,0,0,0,989,1348,0.550,0.790,0.850,0,0,0,0,0,18,300,0,75,3
18-06 14:57:44,1.000,0.500,97.260,0,0,5492552,302800,182848,2033428,4380.453,1620.167,0,0,0,0,1019,1390,0.550,0.790,0.850,0,0,0,0,0,18,300,0,74,3
18-06 14:57:45,1.000,0.750,97.248,0,0,5492552,302800,182848,2033428,5596.880,1619.965,0,0,0,0,962,1402,0.550,0.790,0.850,0,0,0,0,0,18,300,0,74,3
18-06 14:57:46,1.000,0.500,97.259,0,0,5492552,302800,182848,2033428,5604.547,1524.149,0,40.004,0,5.000,966,1382,0.550,0.790,0.850,0,0,0,0,0,18,300,0,74,3
18-06 14:57:47,1.750,0.750,96.737,0.250,0,5492548,302800,182848,2033432,5709.227,1619.781,0,527.929,0,74.990,1321,1908,0.550,0.790,0.850,0,0,0,0,0,18,300,0,74,3
18-06 14:57:48,1.000,0.750,96.721,0,0,5492292,303056,182848,2033432,4558.629,1619.513,0,1003.698,0,187.943,1183,1815,0.500,0.780,0.840,0,0,0,0,0,18,300,0,71,3
18-06 14:57:49,2.001,0.750,95.778,0.500,0,5492288,303056,182848,2033436,4381.259,1620.466,0,436.125,0,40.011,1281,1930,0.500,0.780,0.840,0,0,0,0,0,18,300,0,71,3
18-06 14:57:50,1.745,0.997,95.753,0.249,0,5492280,303056,182852,2033440,3366.318,646.333,0,390.992,0,40.895,1399,2244,0.500,0.780,0.840,1,0,0,0,0,18,300,0,71,3
18-06 14:57:51,1.254,0.752,97.275,0,0,5492280,303056,182852,2033440,3700.464,812.297,0,220.624,0,16.045,989,1450,0.500,0.780,0.840,0,0,0,0,0,18,300,0,71,3
18-06 14:57:52,1.000,0.750,97.460,0,0,5492280,303056,182852,2033440,4198.293,1619.342,0,11.995,0,1.999,981,1388,0.500,0.780,0.840,1,0,0,0,0,18,300,0,69,3
18-06 14:57:53,1.751,0.750,96.053,0.250,0,5492528,302808,182852,2033440,4226.313,1524.834,0,96.053,0,12.007,1273,1795,0.460,0.760,0.840,0,0,1.001,0,0,18,300,0,69,3
18-06 14:57:54,1.250,0.750,96.722,0,0,5492524,302808,182852,2033444,4276.751,1457.574,0,251.926,0,22.993,1189,1754,0.460,0.760,0.840,0,0,0,0,0,18,300,0,69,3
18-06 14:57:55,1.500,0.500,97.241,0,0,5492520,302808,182856,2033444,4876.551,1619.851,0,195.982,0,14.999,1020,1479,0.460,0.760,0.840,0,0,0,0,0,18,300,0,69,3
18-06 14:57:56,1.250,0.500,97.240,0,0,5492520,302808,182856,2033444,4637.533,1457.853,0,0,0,0,933,1329,0.460,0.760,0.840,0,0,0,0,0,18,300,0,66,3
18-06 14:57:57,1.500,0.750,96.241,0.250,0,5492508,302808,182860,2033452,4461.566,1241.879,0,267.974,0,23.998,1319,1835,0.460,0.760,0.840,0,0,0,0,0,18,300,0,66,3
18-06 14:57:58,1.000,0.750,97.541,0.500,0,5492504,302808,182864,2033452,4057.689,1296.540,0,148.062,0,22.009,1142,1780,0.420,0.750,0.830,1,0,0,0,0,18,300,0,66,3
18-06 14:57:59,1.750,1.250,94.751,0.250,0,5492456,302808,182904,2033460,4858.068,1512.021,0,3752.053,0,192.003,1867,2900,0.420,0.750,0.830,0,0,0,0,0,18,300,0,66,3
18-06 14:58:00,1.999,1.000,95.470,0.250,0,5492452,302808,182908,2033460,4859.480,1457.544,0,507.841,0,45.986,1475,2275,0.420,0.750,0.830,1,0,0,0,0,18,300,0,63,3
18-06 14:58:01,1.250,0.500,97.280,0,0,5492448,302808,182912,2033460,5367.636,1620.494,0,196.060,0,15.005,1023,1464,0.420,0.750,0.830,0,0,0,0,0,18,300,0,63,3
18-06 14:58:02,0.750,0.500,97.508,0,0,5485048,310208,182912,2033460,5252.419,1686.134,0,8.001,0,1.000,991,1412,0.420,0.750,0.830,0,0,0,0,0,18,300,0,63,3
18-06 14:58:03,1.000,0.750,97.008,0.250,0,5485220,310036,182912,2033460,5312.434,1242.101,0,92.008,0,9.001,1058,1525,0.390,0.740,0.830,0,0,1.000,0,0,18,300,0,63,3
18-06 14:58:04,5.501,2.000,92.273,0,0,5500332,294916,182916,2033464,273267.749,2114.524,8.002,440.109,2.000,80.020,1414,1577,0.390,0.740,0.830,1,0,7.002,0,0,18,300,0,54,3
18-06 14:58:05,11.995,4.498,80.969,0,0,5508736,286304,182940,2033648,284157.444,8322.850,183.930,0,6.997,0,2566,2074,0.390,0.740,0.830,1,0,31.988,0,0,18,300,0,54,3
18-06 14:58:06,16.260,5.753,76.796,0,0,5517808,270468,182940,2040412,145462.381,2861.699,160.095,324.193,5.003,23.014,2618,2340,0.390,0.740,0.830,1,0,24.014,0,0,18,300,0,54,3
