"pcp-dstat 6.2.0 CSV Output"
"Author:","PCP team <pcp@groups.io> and Dag Wieers <dag@wieers.com>",,,,"URL:","https://pcp.io/ and http://dag.wieers.com/home-made/dstat/"
"Host:","ubuntu",,,,"User:","ubuntu"
"Cmdline:","dstat -tcmndrylpg --tcp --output /tmp/devstack_logs/dstat-csv.log",,,,"Date:","15 Jun 2026 15:38:07 UTC"
"system","total usage",,,,,"memory usage",,,,"net/total",,"dsk/total",,"io/total",,"system",,"load avg",,,"procs",,,"paging",,"tcp sockets",,,,
"time","total usage:usr","total usage:sys","total usage:idl","total usage:wai","total usage:stl","used","free","buf","cach","net/total:recv","net/total:send","dsk/total:read","dsk/total:writ","read","writ","int","csw","1m","5m","15m","run","blk","new","in","out","lis","act","syn","tim","clo"
15-06 15:38:07,,1080868,1336244,167724,5221964,,,,,,,1.490,0.980,0.520,2,0,,,,10,5,0,17,0
15-06 15:38:08,18.963,20.959,57.637,0.749,0,1076896,1339828,167892,5222212,42392.817,13510.490,0,2598.900,0,101.800,5657,4387,1.490,0.980,0.520,2,0,332.348,0,0,10,6,0,17,0
15-06 15:38:09,23.042,21.539,53.347,0.501,0,1058044,1357936,168064,5222660,22144.161,13612.688,0,1823.307,0,63.114,5520,3912,1.490,0.980,0.520,1,0,340.618,0,0,10,6,0,17,0
15-06 15:38:10,25.257,19.255,53.765,0.750,0,1054324,1360804,168256,5223188,45704.719,14884.142,0,2056.572,0,65.018,5609,5203,1.690,1.030,0.540,2,0,283.079,0,0,10,6,0,17,0
15-06 15:38:11,31.183,17.213,50.142,0.499,0,1169352,1230960,168432,5362008,142385.436,14132.572,0,1588.580,0,46.899,5691,7716,1.690,1.030,0.540,1,0,187.596,0,0,11,5,0,17,1
15-06 15:38:12,27.467,7.990,63.673,0.499,0,1148004,1232080,169296,5379168,47991.115,2882.523,0,5089.861,0,87.894,3196,2530,1.690,1.030,0.540,3,0,73.911,0,0,11,6,0,17,2
15-06 15:38:13,38.036,13.012,47.544,0.500,0,1148100,1213296,169816,5395236,4864.546,1621.515,0,2806.623,0,105.098,4510,2838,1.690,1.030,0.540,3,0,168.157,0,0,11,6,0,17,2
15-06 15:38:14,41.612,8.022,48.881,0.752,0,1197208,1141968,170380,5414824,4752.747,1624.357,32.086,3208.606,2.005,78.210,3480,2495,1.690,1.030,0.540,2,0,40.108,0,0,11,6,0,19,2
15-06 15:38:15,43.233,4.748,48.981,1.250,0.250,1228720,1090516,171632,5430352,5277.962,1619.375,0,4210.374,0,119.954,2920,2025,1.710,1.040,0.550,2,0,0,0,0,11,6,0,19,2
15-06 15:38:16,35.233,6.747,46.977,9.246,0,1239400,1044076,173600,5461384,5160.509,1565.244,0,27054.938,0,1878.093,10443,18378,1.710,1.040,0.550,4,0,39.981,0,0,11,8,0,19,2
15-06 15:38:17,36.769,9.005,40.521,10.756,0,1263576,1028116,174464,5451632,5218.683,1993.025,0,52406.940,0,3768.937,14047,26395,1.710,1.040,0.550,2,0,61.031,0,0,11,6,0,19,0
15-06 15:38:18,37.666,8.232,53.131,0.499,0,1267080,1018852,174580,5456576,11338.592,4323.312,0,2338.759,0,119.732,3603,2534,1.710,1.040,0.550,2,0,92.792,0,0,11,4,0,19,0
15-06 15:38:19,49.006,10.751,38.255,0,0,1285920,998124,174672,5458200,4426.578,1296.169,0,1492.195,0,155.020,10588,27473,1.710,1.040,0.550,2,0,44.006,0,0,11,4,0,20,0
15-06 15:38:20,43.621,10.028,44.874,1.003,0,1248300,1034604,174740,5459060,5234.469,1624.490,0,8611.804,0,481.330,11559,19363,1.740,1.060,0.560,2,0,22.061,0,0,11,4,0,20,0
15-06 15:38:21,41.445,9.238,48.186,0.250,0,1268004,1022860,174748,5451740,4828.541,1497.996,0,2304.917,0,101.864,3603,2648,1.740,1.060,0.560,2,0,15.979,0,0,11,4,0,20,0
15-06 15:38:22,42.034,9.258,48.290,0,0,1240156,1050668,174748,5451780,3933.227,810.665,0,4.003,0,1.001,3682,2056,1.740,1.060,0.560,2,0,115.094,0,0,11,4,0,19,0
15-06 15:38:23,10.982,23.712,63.398,0,0,1227300,1063528,174748,5451804,3983.615,808.704,0,451.277,0,10.982,5451,3929,1.740,1.060,0.560,2,0,353.434,0,0,11,4,0,19,0
15-06 15:38:24,8.006,22.267,68.051,0,0,1177008,1113664,174748,5451960,4521.404,1459.099,0,32.024,0,8.006,5167,3457,1.740,1.060,0.560,2,0,277.209,0,0,11,4,0,19,0
15-06 15:38:25,24.760,18.007,56.273,0,0,1163272,1127336,174748,5452320,4841.998,1620.669,0,4.002,0,1.000,5265,7007,1.680,1.060,0.560,4,0,212.088,0,0,11,4,0,19,0
15-06 15:38:26,44.424,8.486,46.171,0,0,1267448,1023144,174756,5452436,4347.587,1455.518,0,606.965,0,31.946,3026,1784,1.680,1.060,0.560,2,0,47.918,0,0,11,5,0,13,0
15-06 15:38:27,44.080,7.263,48.588,0,0,1292708,997328,174756,5452984,4448.027,1622.929,0,528.955,0,23.042,2754,1749,1.680,1.060,0.560,3,0,1.002,0,0,11,5,0,13,0
15-06 15:38:28,32.744,11.498,53.490,0,0,1316616,971032,174784,5455308,4457.186,1457.734,0,16684.953,0,192.965,3822,4345,1.680,1.060,0.560,2,0,94.983,0,0,11,4,0,14,0
15-06 15:38:29,12.734,5.493,80.896,0.250,0,1349232,938408,174800,5455312,4733.937,1617.928,0,2245.124,0,49.936,2065,1717,1.680,1.060,0.560,2,0,45.941,0,0,11,4,0,14,0
15-06 15:38:30,22.498,3.750,73.493,0,0,1400180,887460,174800,5455312,4799.568,1619.854,0,7.999,0,2.000,1748,1200,1.620,1.060,0.560,3,0,0,0,0,11,4,0,14,0
15-06 15:38:31,23.985,1.749,73.453,0.250,0,1410956,876456,174812,5455528,5173.711,1618.971,0,1646.953,0,110.929,1930,1507,1.620,1.060,0.560,1,0,0.999,0,0,11,6,0,14,0
15-06 15:38:32,19.751,6.250,71.004,1.250,0,1332624,954660,174900,5455568,4860.305,1620.102,0,2936.184,0,298.019,4171,5170,1.620,1.060,0.560,2,0,42.003,0,0,11,4,0,16,0
15-06 15:38:33,22.546,3.758,72.649,0,0,1378524,908536,174900,5455740,4990.269,1623.340,0,22899.120,0,142.293,1884,1440,1.620,1.060,0.560,3,0,0,0,0,11,4,0,16,0
15-06 15:38:34,19.750,3.250,76.499,0.500,0,1388988,897816,174904,5455932,8830.831,5537.894,0,2763.947,0,183.996,2558,2517,1.620,1.060,0.560,1,0,1.000,0,0,11,17,0,16,0
15-06 15:38:35,18.896,4.475,73.594,1.243,0,1357664,928748,174968,5456180,9399.124,5934.247,266.529,4109.320,65.638,295.370,3147,3028,1.570,1.060,0.560,1,0,44.753,0,0,11,28,0,17,0
15-06 15:38:36,21.583,4.266,73.534,0,0,1415396,871016,174968,5456180,4612.787,1463.644,0,2272.764,0,15.058,1840,1297,1.570,1.060,0.560,2,0,0,0,0,11,28,0,17,0
15-06 15:38:37,18.259,2.251,78.290,0,0,1423444,862956,174968,5456192,11537.902,8477.337,0,0,0,0,2130,1699,1.570,1.060,0.560,3,0,1.001,0,0,11,28,0,18,0
15-06 15:38:38,28.756,16.253,53.511,0,0,1441400,844980,174972,5456208,6269.346,1458.313,0,28966.220,0,553.119,4389,2757,1.570,1.060,0.560,2,0,156.034,0,0,11,28,0,17,0
15-06 15:38:39,36.795,4.756,56.819,0,0,1513480,772888,174972,5456220,14247.233,9629.648,0,532.644,0,8.010,3187,2169,1.570,1.060,0.560,3,0,0,0,0,11,30,0,17,0
15-06 15:38:40,39.258,4.251,56.011,0.250,0,1393084,893208,174976,5456420,16294.121,12213.339,0,184.035,0,18.003,6089,7596,1.690,1.090,0.580,3,0,16.003,0,0,11,28,0,18,0
15-06 15:38:41,60.703,30.976,7.744,0,0,1527852,758396,174976,5456464,4633.416,1618.748,0,967.252,0,23.981,5755,4654,1.690,1.090,0.580,6,0,561.566,0,0,11,28,0,18,0
15-06 15:38:42,81.611,15.224,0.749,0,0,1760356,525880,174976,5456472,13199.450,10420.198,0,3.993,0,0.998,5116,2838,1.690,1.090,0.580,6,0,0,0,0,11,32,0,17,0
15-06 15:38:43,77.352,10.729,9.981,0,0,1823444,462668,174996,5456576,36879.360,32966.854,0,24213.620,0,171.671,9412,12813,1.690,1.090,0.580,5,0,0,0,0,11,31,0,20,0
15-06 15:38:44,47.877,15.040,37.099,0.251,0,1500388,785548,175004,5456744,10194.136,6347.898,0,697.858,0,48.128,6075,6608,1.690,1.090,0.580,1,0,303.809,0,0,11,28,0,23,0
15-06 15:38:45,22.042,3.507,73.890,0,0,1552844,733088,175004,5456748,4252.052,865.639,0,1795.400,0,89.169,1846,1318,1.630,1.090,0.580,1,0,7.013,0,0,11,28,0,23,0
15-06 15:38:46,16.488,2.498,79.440,0,0,1543568,742344,175008,5456764,12150.789,8445.598,0,215.836,0,15.988,2763,3100,1.630,1.090,0.580,1,0,0,0,0,11,28,0,24,0
15-06 15:38:47,17.980,8.241,72.669,0.250,0,1503284,782620,175012,5456768,4445.048,1618.197,0,635.292,0,38.957,2795,2069,1.630,1.090,0.580,1,0,68.923,0,0,11,28,0,24,0
15-06 15:38:48,18.985,4.496,74.941,0,0,1513952,771948,175012,5456772,8406.362,5525.637,0,70332.461,0,364.712,2796,2513,1.630,1.090,0.580,1,0,0,0,0,11,29,0,24,0
15-06 15:38:49,15.537,9.773,74.426,0,0,1463548,822308,175016,5456796,7651.092,4686.081,0,1271.005,0,17.040,4022,3773,1.630,1.090,0.580,3,0,126.299,0,0,11,28,0,25,0
15-06 15:38:50,7.001,24.004,67.763,0,0,1445144,840716,175016,5456792,4380.816,1620.302,0,184.034,0,9.002,5518,3692,1.580,1.080,0.580,2,0,383.071,0,0,11,28,0,25,0
15-06 15:38:51,57.251,30.501,11.750,0.250,0,1514296,771516,175016,5456840,4757.090,1620.031,0,228.004,0,20.000,5780,4365,1.580,1.080,0.580,5,0,529.010,0,0,11,28,0,25,0
15-06 15:38:52,84.008,11.251,5.000,0,0,1734508,551292,175020,5456848,16596.614,13758.338,0,652.063,0,42.004,5152,3023,1.580,1.080,0.580,5,0,0,0,0,11,32,0,25,0
15-06 15:38:53,72.928,8.991,16.734,0.250,0,1649796,635756,175028,5457088,40285.391,35267.325,0,811.202,0,59.941,9512,15712,1.580,1.080,0.580,6,0,39.961,0,0,11,29,0,26,0
15-06 15:38:54,76.574,22.021,1.251,0,0,1631648,653784,175032,5457184,7119.915,4054.938,0,328.319,0,25.024,6269,5757,1.580,1.080,0.580,7,0,277.269,0,0,11,28,0,26,0
15-06 15:38:55,83.266,12.465,4.487,0,0,1793952,491464,175040,5457192,16274.226,13296.601,0,163.540,0,9.972,5081,2862,1.940,1.170,0.610,6,0,0,0,0,11,33,0,26,0
15-06 15:38:56,74.701,9.024,14.539,0,0,1840988,444088,175044,5457528,41488.618,35557.662,0,240.647,0,22.059,8526,13064,1.940,1.170,0.610,6,0,0,0,0,11,32,0,27,1
15-06 15:38:57,75.585,16.713,7.983,0,0,1632636,652228,175052,5457732,23427.798,18301.003,0,283.381,0,27.939,8255,10450,1.940,1.170,0.610,3,0,248.457,0,0,11,28,0,31,0
15-06 15:38:58,41.281,8.006,49.037,0,0,1593428,691416,175056,5457748,10840.078,7447.550,0,188.140,0,7.005,3275,2010,1.940,1.170,0.610,1,0,50.037,0,0,11,30,0,31,0
15-06 15:38:59,33.053,13.772,52.333,0,0,1497720,787076,175072,5457780,19411.874,13951.189,0,336.535,0,28.045,6148,7609,1.940,1.170,0.610,5,0,240.382,0,0,11,28,0,28,0
15-06 15:39:00,67.000,14.750,17.750,0,0,1585200,699536,175100,5457812,4758.014,1458.004,0,3592.010,0,192.001,4572,3065,2.100,1.210,0.630,3,0,138.000,0,0,11,28,0,28,0
15-06 15:39:01,47.981,5.498,45.233,0.250,0,1613216,671352,175100,5457980,24736.449,21142.837,0,2111.185,0,102.960,5520,6404,2.100,1.210,0.630,2,0,0,0,0,11,31,0,28,0
15-06 15:39:02,59.277,19.509,20.759,0,0,1504188,780312,175116,5458032,15016.770,10273.631,0,580.262,0,52.023,6586,7151,2.100,1.210,0.630,4,0,258.116,0,0,11,28,0,29,0
15-06 15:39:03,74.740,9.218,15.197,0,0,1662236,622244,175120,5458048,15655.629,12354.095,0,255.114,0,19.931,4711,2326,2.100,1.210,0.630,4,0,0,0,0,11,32,0,26,0
15-06 15:39:04,65.219,7.024,27.843,0.251,0,1662864,621396,175132,5458252,36068.105,30584.694,0,654.197,0,23.077,9535,13304,2.100,1.210,0.630,4,0,0,0,0,11,29,0,29,0
15-06 15:39:05,60.240,21.996,17.997,0,0,1574648,709576,175136,5458288,5816.047,2084.659,0,275.955,0,25.996,4679,3439,2.170,1.240,0.640,3,0,323.947,0,0,11,28,0,29,0
15-06 15:39:06,54.724,7.247,37.233,0,0,1633908,650300,175140,5458300,18093.505,14595.148,0,219.897,0,10.995,4192,3121,2.170,1.240,0.640,3,0,0,0,0,11,31,0,29,0
15-06 15:39:07,50.094,16.449,32.150,0.249,0,1496172,787836,175144,5458492,21137.002,17619.984,0,1000.875,0,78.754,8776,11315,2.170,1.240,0.640,3,0,299.066,0,0,11,28,0,31,0
15-06 15:39:08,64.066,10.261,25.526,0,0,1627552,656444,175144,5458504,6387.549,3481.569,0,188.193,0,10.010,3627,1449,2.170,1.240,0.640,3,0,0,0,0,11,29,0,31,0
15-06 15:39:09,44.561,5.007,48.317,0,0,1628852,654848,175156,5458840,29240.290,25659.356,0,2295.162,0,52.072,7218,9282,2.170,1.240,0.640,3,0,0,0,0,11,30,0,32,0
15-06 15:39:10,59.056,20.269,20.519,0,0,1558432,725228,175160,5458876,6781.383,3558.349,0,608.573,0,34.032,4706,3451,2.480,1.320,0.670,3,0,287.270,0,0,11,28,0,34,0
15-06 15:39:11,53.600,7.978,37.894,0.249,0,1628292,655356,175160,5458888,16783.100,13895.170,0,95.732,0,6.980,3831,3120,2.480,1.320,0.670,3,0,0,0,0,11,31,0,34,0
15-06 15:39:12,53.928,11.287,34.363,0,0,1516796,766640,175176,5459084,18548.255,14948.367,0,268.888,0,32.106,6767,8151,2.480,1.320,0.670,3,0,112.371,0,0,11,28,0,36,0
15-06 15:39:13,61.731,8.997,28.741,0,0,1615716,667704,175188,5459088,7532.729,4602.612,0,155.953,0,9.997,3970,1914,2.480,1.320,0.670,2,0,0,0,0,11,30,0,36,0
15-06 15:39:14,49.428,5.991,43.686,0,0,1616888,666464,175200,5459136,27444.752,23159.037,0,994.541,0,23.965,6837,8678,2.480,1.320,0.670,7,0,0,0,0,11,29,0,37,0
15-06 15:39:15,51.526,24.012,24.012,0,0,1492240,791060,175212,5459176,5746.881,2375.191,0,2593.300,0,143.072,5630,4489,2.440,1.330,0.680,7,0,463.232,0,0,11,28,0,36,0
15-06 15:39:16,80.594,19.022,0,0,0,1679244,603976,175216,5459220,5181.067,1513.773,0,188.220,0,12.014,5515,4402,2.440,1.330,0.680,8,0,357.419,0,0,11,28,0,36,0
15-06 15:39:17,80.117,18.719,1.248,0.250,0,1814864,468176,175220,5459396,28212.989,24969.394,0,710.816,0,38.935,6892,7462,2.440,1.330,0.680,6,0,333.444,0,0,11,32,0,36,0
15-06 15:39:18,73.366,23.036,3.255,0,0.250,1709880,573024,175236,5459512,39291.925,34675.649,0,428.676,0,39.062,8063,10160,2.440,1.330,0.680,6,1,467.737,0,0,11,30,0,37,0
15-06 15:39:19,77.756,21.752,0.250,0,0,1642596,640096,175256,5459712,12143.983,8603.696,0,424.034,0,32.003,6753,12741,2.440,1.330,0.680,5,0,251.020,0,0,11,28,0,37,0
15-06 15:39:20,79.943,13.740,6.246,0,0,1735448,547224,175260,5459712,18210.966,15317.037,0,131.906,0,7.994,5369,3504,2.650,1.400,0.700,4,0,20.985,0,0,11,32,0,37,0
15-06 15:39:21,73.270,8.502,17.255,0,0,1745104,537348,175260,5459932,40236.015,35620.752,0,0,0,0,9630,14178,2.650,1.400,0.700,4,0,12.003,0,0,11,30,0,40,0
15-06 15:39:22,40.985,23.741,33.738,0,0,1550524,731876,175260,5459976,14693.627,10417.191,0,15.994,0,3.999,7161,7753,2.650,1.400,0.700,1,0,532.805,0,0,11,28,0,42,0
15-06 15:39:23,14.007,29.015,55.780,0,0,1519244,763136,175260,5459996,4414.345,1512.804,0,28.015,0,7.004,6015,4514,2.650,1.400,0.700,3,0,555.295,0,0,11,28,0,42,0
15-06 15:39:24,70.026,27.260,2.751,0,0,1591628,690700,175260,5460044,5230.948,2307.860,0,296.110,0,11.004,5235,3706,2.650,1.400,0.700,3,0,502.187,0,0,11,29,0,42,0
15-06 15:39:25,64.765,8.220,25.408,0.249,0,1686612,595512,175284,5460220,26639.134,23056.163,0,733.333,0,51.812,5548,6747,2.680,1.420,0.710,4,0,0,0,0,11,31,0,43,0
15-06 15:39:26,71.616,15.525,12.771,0,0,1575944,706120,175288,5460272,16210.165,12192.681,0,492.795,0,55.089,6582,8093,2.680,1.420,0.710,5,0,201.325,0,0,11,28,0,46,0
15-06 15:39:27,76.400,12.983,10.237,0,0,1641792,640248,175288,5460296,13243.602,10478.235,0,179.764,0,6.991,4925,2949,2.680,1.420,0.710,4,0,67.911,0,0,11,31,0,46,0
15-06 15:39:28,60.404,7.269,31.581,0,0,1652176,629636,175292,5460516,35963.838,32559.144,0,144.369,0,6.015,8798,13258,2.680,1.420,0.710,2,0,0,0,0,11,32,0,46,0
15-06 15:39:29,57.540,8.256,32.022,0.250,0,1568964,712588,175308,5460720,33563.145,27886.230,0,420.290,0,37.026,10714,16316,2.680,1.420,0.710,5,0,62.043,0,0,11,30,0,46,0
15-06 15:39:30,79.832,12.973,6.486,0,0,1567732,713752,175332,5460760,12407.905,9849.286,0,399.161,0,42.910,5644,5609,2.860,1.480,0.740,4,0,59.874,0,0,11,29,0,46,0
15-06 15:39:31,69.351,8.262,22.533,0,0,1664572,616864,175340,5460800,24426.500,20113.231,0,2916.238,0,144.210,6311,6903,2.860,1.480,0.740,2,0,0,0,0,11,32,0,45,0
15-06 15:39:32,58.725,5.748,34.236,0,0,1632276,648900,175348,5461048,42566.190,37853.162,0,143.940,0,9.996,10929,17319,2.860,1.480,0.740,3,0,2.999,0,0,11,31,0,46,0
15-06 15:39:33,71.076,13.264,15.266,0.250,0,1562432,718528,175356,5461252,26599.361,21414.833,0,164.175,0,8.009,8281,11002,2.860,1.480,0.740,5,0,144.154,0,0,11,28,0,49,0
15-06 15:39:34,75.425,13.487,10.490,0,0,1643968,636900,175376,5461316,13884.281,11002.129,0,271.732,0,21.978,5179,3759,2.860,1.480,0.740,3,0,113.887,0,0,11,32,0,49,0
15-06 15:39:35,64.287,7.504,27.266,0.250,0,1691096,589536,175384,5461536,37836.707,32274.516,0,160.092,0,14.008,8868,13179,2.790,1.490,0.740,3,0,1.001,0,0,11,36,0,46,0
15-06 15:39:36,72.521,14.754,12.254,0,0,1534560,745888,175388,5461716,17837.147,13312.842,0,316.091,0,34.010,7494,9073,2.790,1.490,0.740,5,0,128.037,0,0,11,32,0,48,0
15-06 15:39:37,76.220,10.496,12.995,0,0.250,1659808,620624,175392,5461728,14375.333,11592.430,0,111.956,0,7.997,4910,2557,2.790,1.490,0.740,3,0,1.000,0,0,11,35,0,48,0
15-06 15:39:38,64.781,10.755,24.762,0,0,1613556,666800,175404,5461792,28971.737,23711.243,0,320.152,0,35.017,7674,10839,2.790,1.490,0.740,4,0,116.055,0,0,11,34,0,50,0
15-06 15:39:39,75.031,11.467,11.716,0,0,1650432,629736,175408,5461972,24144.654,19017.592,0,159.535,0,9.971,6473,8963,2.790,1.490,0.740,4,0,62.817,0,0,11,32,0,52,0
15-06 15:39:40,71.405,13.780,14.281,0,0,1634992,645112,175412,5462024,21488.699,17425.870,0,292.636,0,39.085,5874,6196,2.890,1.530,0.760,5,0,82.179,0,0,11,34,0,51,0
15-06 15:39:41,70.025,12.755,16.506,0,0,1629644,650280,175412,5462200,24064.504,19980.060,0,120.042,0,8.003,6459,7316,2.890,1.530,0.760,4,0,86.030,0,0,11,33,0,54,0
15-06 15:39:42,76.265,14.003,10.002,0,0,1615312,664576,175412,5462232,13972.797,10862.174,0,128.026,0,9.002,5233,4157,2.890,1.530,0.760,3,0,68.014,0,0,11,34,0,55,0
15-06 15:39:43,65.914,7.990,24.468,0.250,0,1666484,613208,175420,5462420,29391.867,25077.465,0,251.673,0,21.971,6422,8370,2.890,1.530,0.760,4,0,0,0,0,11,35,0,56,0
15-06 15:39:44,61.300,18.015,21.017,0,0,1467968,811680,175440,5462444,9110.463,5933.861,0,464.380,0,44.036,6176,5562,2.890,1.530,0.760,3,0,258.212,0,0,11,32,0,54,0
15-06 15:39:45,60.438,8.991,30.219,0,0,1551284,728360,175440,5462448,11173.507,8044.725,0,1442.516,0,12.987,3620,1833,2.900,1.560,0.770,2,0,0,0,0,11,34,0,54,0
15-06 15:39:46,46.332,8.014,44.578,0.250,0,1541628,737768,175444,5462684,29512.955,24323.820,0,240.423,0,17.030,7067,9743,2.900,1.560,0.770,3,0,72.127,0,0,11,33,0,56,0
15-06 15:39:47,60.489,13.248,25.245,0,0,1540320,739056,175444,5462700,6515.810,3538.354,0,3123.430,0,127.977,4554,3010,2.900,1.560,0.770,3,0,110.980,0,0,11,32,0,57,0
15-06 15:39:48,51.964,6.495,41.221,0,0,1626196,653100,175452,5462768,21846.757,18150.336,0,227.841,0,14.990,3979,4027,2.900,1.560,0.770,3,0,0,0,0,11,35,0,54,0
15-06 15:39:49,43.195,9.987,45.193,0,0,1581544,697688,175456,5462828,19567.210,15945.798,0,423.464,0,34.956,6257,8741,2.900,1.560,0.770,2,0,152.806,0,0,11,32,0,57,0
15-06 15:39:50,40.761,10.503,48.513,0,0,1495264,783964,175460,5462828,3690.996,810.219,0,156.042,0,11.003,3253,1969,2.830,1.570,0.780,2,0,68.018,0,0,11,32,0,57,0
15-06 15:39:51,34.707,4.744,59.426,0,0,1519184,760036,175460,5462836,18109.453,14097.448,0,163.796,0,9.988,3573,3436,2.830,1.570,0.780,2,0,0,0,0,11,34,0,57,0
15-06 15:39:52,36.610,11.033,51.907,0.251,0,1409856,869216,175464,5462976,10389.339,6501.612,0,597.803,0,43.130,4649,4889,2.830,1.570,0.780,2,0,124.375,0,0,11,32,0,58,0
15-06 15:39:53,39.899,6.733,52.118,0.499,0,1511128,767936,175468,5462980,9789.204,6370.863,0,135.656,0,12.967,3244,2234,2.830,1.570,0.780,3,0,13.965,0,0,11,33,0,58,0
15-06 15:39:54,33.834,8.772,56.641,0,0,1521608,757288,175472,5463136,13504.634,9894.643,0,200.499,0,21.052,4429,4425,2.830,1.570,0.780,2,0,66.165,0,0,11,33,0,59,0
15-06 15:39:55,38.158,4.739,56.364,0,0.249,1477276,801604,175472,5463152,10546.546,7053.976,0,299.278,0,19.952,3323,2910,2.760,1.570,0.790,2,0,4.988,0,0,11,33,0,60,0
15-06 15:39:56,38.931,5.241,54.903,0,0,1518960,759760,175472,5463308,15858.083,11559.650,0,191.663,0,11.979,4840,5082,2.760,1.570,0.790,3,0,0,0,0,11,33,0,60,0
15-06 15:39:57,38.298,7.509,53.567,0.250,0,1524604,754076,175488,5463332,13684.058,8679.820,0,1902.371,0,126.157,3857,4926,2.760,1.570,0.790,2,0,44.055,0,0,11,32,0,61,0
15-06 15:39:58,39.592,6.264,53.875,0,0,1530112,748560,175488,5463340,12144.072,7141.508,0,108.250,0,8.019,2964,2015,2.760,1.570,0.790,2,0,5.012,0,0,11,33,0,61,0
15-06 15:39:59,33.012,5.252,59.272,0.250,0,1474452,804180,175492,5463376,19684.229,14571.352,0,208.076,0,19.007,5200,6240,2.760,1.570,0.790,2,0,64.024,0,0,11,33,0,62,0
15-06 15:40:00,21.202,12.223,65.603,0,0,1463432,815116,175496,5463448,9945.701,5521.620,0,343.230,0,22.949,4313,4459,2.700,1.580,0.790,1,0,217.512,0,0,11,32,0,56,0
15-06 15:40:01,19.794,2.255,77.671,0,0,1505532,773012,175496,5463452,8054.780,3979.785,0,108.239,0,8.018,1718,1208,2.700,1.580,0.790,2,0,0,0,0,11,33,0,56,0
15-06 15:40:02,18.739,2.748,77.454,0.250,0,1487072,791320,175500,5463600,13773.851,9798.203,0,227.865,0,19.988,3586,4351,2.700,1.580,0.790,2,0,0,0,0,11,32,0,57,0
15-06 15:40:03,14.995,14.496,70.228,0,0,1389876,888504,175504,5463608,5398.333,1619.500,0,2227.312,0,139.957,4246,3123,2.700,1.580,0.790,3,0,283.912,0,0,11,32,0,57,0
15-06 15:40:04,20.218,2.496,76.377,0,0,1448004,830368,175508,5463612,6955.826,3418.509,0,143.769,0,6.989,1700,1147,2.700,1.580,0.790,1,0,0,0,0,11,33,0,56,0
15-06 15:40:05,18.535,2.254,77.896,0.501,0,1442504,835828,175524,5463636,15479.091,10385.518,0,372.700,0,24.045,3599,4321,2.560,1.570,0.800,3,0,0,0,0,11,32,0,57,0
15-06 15:40:06,20.462,6.238,73.113,0,0,1393976,884356,175524,5463636,4706.195,1455.277,0,83.843,0,7.985,2277,1500,2.560,1.570,0.800,2,0,45.914,0,0,11,32,0,57,0
15-06 15:40:07,18.994,2.749,76.975,0,0,1426380,851936,175524,5463652,10007.780,6649.861,0,159.949,0,14.995,2109,1937,2.560,1.570,0.800,3,0,1.000,0,0,11,33,0,57,0
15-06 15:40:08,18.507,2.751,76.777,0,0,1421896,856380,175528,5463688,14337.102,10459.722,0,536.191,0,37.013,4800,6387,2.560,1.570,0.800,1,0,0,0,0,11,32,0,52,0
15-06 15:40:09,10.780,20.809,67.941,0,0,1332940,945188,175528,5463832,4402.381,1624.569,0,4.011,0,1.003,5372,3846,2.560,1.570,0.800,1,0,393.106,0,0,11,32,0,52,0
15-06 15:40:10,31.999,15.249,51.748,0.500,0,1425348,852676,175564,5463892,4337.830,1499.941,0,495.981,0,65.997,4334,3256,2.520,1.580,0.800,2,0,233.991,0,0,11,32,0,54,0
15-06 15:40:11,42.955,6.993,48.200,1.498,0,1520220,755232,175692,5466072,4871.916,1618.311,0,4798.992,0,364.620,4396,4899,2.520,1.580,0.800,4,0,22.976,0,0,11,36,0,54,0
15-06 15:40:12,35.040,8.510,42.799,11.764,0,1505248,764052,176632,5470908,4523.219,1459.684,0,35092.490,0,3114.594,14281,26041,2.520,1.580,0.800,3,1,106.122,0,0,11,36,0,49,0
15-06 15:40:13,36.466,8.742,41.211,11.989,0,1571736,695852,177244,5471912,4513.754,1456.630,0,30047.736,0,2960.216,13383,25182,2.520,1.580,0.800,6,0,43.959,0,0,11,36,0,49,0
15-06 15:40:14,44.530,6.254,47.031,1.251,0,1532292,735164,177340,5471948,4923.263,1621.075,0,12460.259,0,769.510,4928,5731,2.520,1.580,0.800,3,0,6.004,0,0,11,32,0,49,0
15-06 15:40:15,41.258,6.751,46.009,4.251,0,1552680,714500,177428,5472136,4518.878,1458.283,0,6761.314,0,1095.213,8121,12699,2.480,1.580,0.810,2,1,1.000,0,0,11,34,0,49,0
15-06 15:40:16,37.505,9.751,44.756,6.751,0,1506428,760156,177688,5472460,5015.653,1458.190,0,16302.122,0,1902.248,11808,19153,2.480,1.580,0.810,2,0,94.012,0,0,11,32,0,47,0
15-06 15:40:17,21.498,4.500,72.494,0.250,0,1511036,755536,177696,5472460,4587.625,1457.881,0,2823.769,0,150.988,2283,2033,2.480,1.580,0.810,1,0,9.999,0,0,11,32,0,47,0
15-06 15:40:18,23.190,3.740,72.811,0.249,0,1499500,767056,177704,5472464,4805.529,1454.226,0,1775.392,0,177.539,2003,1550,2.480,1.580,0.810,2,0,0,0,0,11,32,0,47,0
15-06 15:40:19,27.569,6.015,63.911,0.752,0,1449368,817124,177732,5472492,4709.846,1503.782,0,7133.942,0,381.961,3486,9456,2.480,1.580,0.810,1,0,40.101,0,0,11,32,0,48,0
15-06 15:40:20,22.233,3.997,73.443,0,0,1473364,793128,177732,5472492,4796.294,1618.749,0,3.997,0,0.999,1838,1214,2.360,1.580,0.810,1,0,1.998,0,0,11,32,0,46,0
15-06 15:40:21,22.456,3.244,73.604,0,0,1417468,849012,177732,5472504,4825.456,1497.039,0,0,0,0,1820,1251,2.360,1.580,0.810,1,0,0.998,0,0,11,32,0,46,0
15-06 15:40:22,22.497,3.250,72.990,0,0,1470084,796396,177732,5472504,5519.275,1619.787,0,0,0,0,1843,1165,2.360,1.580,0.810,1,0,2.000,0,0,11,32,0,46,0
15-06 15:40:23,22.824,3.010,73.988,0,0,1448624,817764,177740,5472580,4532.597,1504.846,0,0,0,0,1734,1099,2.360,1.580,0.810,1,0,1.003,0,0,11,32,0,46,0
15-06 15:40:24,21.196,4.489,73.064,0,0,1445232,821152,177740,5472580,4548.412,1615.883,0,171.563,0,2.992,1861,1213,2.360,1.580,0.810,2,0,1.995,0,0,11,32,0,46,0
15-06 15:40:25,24.260,2.001,73.281,0,0,1460636,805744,177740,5472580,5022.107,1620.680,0,200.084,0,38.016,1751,1054,2.250,1.570,0.810,1,0,0,0,0,11,32,0,41,0
15-06 15:40:26,21.795,3.507,73.652,0.251,0,1472644,793608,177756,5472688,4826.989,1623.359,0,428.888,0,33.068,1987,1707,2.250,1.570,0.810,1,0,1.002,0,0,11,32,0,41,0
15-06 15:40:27,22.187,3.989,73.293,0,0,1402164,864076,177756,5472700,4367.681,1615.444,0,0,0,0,1833,1281,2.250,1.570,0.810,1,0,1.994,0,0,11,32,0,41,0
15-06 15:40:28,22.748,3.500,73.243,0,0,1451760,814480,177756,5472700,4859.505,1619.835,0,0,0,0,1813,1125,2.250,1.570,0.810,2,0,2.000,0,0,11,32,0,41,0
15-06 15:40:29,22.566,3.510,73.466,0,0,1472212,794004,177760,5472716,4230.421,1462.294,0,0,0,0,1810,1273,2.250,1.570,0.810,1,0,1.003,0,0,11,32,0,37,0
15-06 15:40:30,22.699,3.243,73.336,0,0,1401428,864740,177764,5472760,4370.198,1616.374,0,3.991,0,0.998,1770,1166,2.230,1.570,0.820,2,0,0.998,0,0,11,32,0,37,0
15-06 15:40:31,21.735,4.247,73.450,0,0,1419044,847124,177764,5472760,5113.534,1618.903,0,391.734,0,5.996,1844,1241,2.230,1.570,0.820,2,0,1.999,0,0,11,32,0,37,0
15-06 15:40:32,23.535,2.754,72.858,0,0,1402196,863944,177764,5472780,4052.030,1027.529,0,0,0,0,1824,1104,2.230,1.570,0.820,1,0,8.012,0,0,11,32,0,37,0
15-06 15:40:33,7.759,22.025,69.078,0,0,1389632,876328,177772,5472916,4837.492,1513.719,0,352.400,0,4.005,5164,3537,2.230,1.570,0.820,1,0,305.347,0,0,11,32,0,35,0
15-06 15:40:34,8.485,21.712,68.131,0,0,1388732,877160,177772,5472976,4703.788,1509.365,0,798.606,0,45.920,5286,3544,2.230,1.570,0.820,2,0,321.439,0,0,11,32,0,35,0
15-06 15:40:35,8.012,21.531,69.099,0,0,1378476,887240,177776,5473140,4802.896,1568.252,0,224.322,0,6.009,5059,3362,2.130,1.560,0.820,1,0,274.394,0,0,11,32,0,35,0
15-06 15:40:36,8.003,21.259,68.030,0.250,0,1380224,885464,177776,5473168,4671.037,1512.660,0,748.326,0,45.020,5432,4140,2.130,1.560,0.820,1,0,302.132,0,0,11,32,0,35,0
15-06 15:40:37,14.481,12.983,71.405,0,0,1425084,840608,177776,5473164,4420.102,1563.913,0,0,0,0,3581,2505,2.130,1.560,0.820,3,0,158.788,0,0,11,32,0,31,0
15-06 15:40:38,22.494,3.249,73.481,0,0,1477384,788308,177776,5473164,5296.620,1457.620,0,0,0,0,1780,1182,2.130,1.560,0.820,3,0,1.999,0,0,11,32,0,31,0
15-06 15:40:39,22.489,3.748,73.465,0,0,1487192,778480,177776,5473180,5433.442,1605.244,0,491.768,0,92.956,1815,1236,2.130,1.560,0.820,4,0,1.000,0,0,11,32,0,31,0
15-06 15:40:40,21.716,4.243,73.386,0,0,1528540,737152,177776,5473160,5797.021,1563.578,0,0,0,0,1870,1286,2.040,1.550,0.820,3,0,1.997,0,0,11,32,0,31,0
15-06 15:40:41,22.560,2.757,73.194,0.251,0,1507496,758172,177780,5473180,5162.676,1516.016,0,2442.470,0,200.531,1777,1118,2.040,1.550,0.820,2,0,1.003,0,0,11,32,0,25,0
15-06 15:40:42,21.416,4.233,73.463,0,0,1522124,743556,177780,5473168,5367.059,1559.914,0,3.984,0,0.996,1720,1190,2.040,1.550,0.820,3,0,0,0,0,11,32,0,25,0
15-06 15:40:43,22.072,3.762,73.990,0,0.251,1505464,760204,177780,5473180,4996.203,1625.271,0,12.039,0,1.003,1784,1098,2.040,1.550,0.820,1,0,3.010,0,0,11,32,0,25,0
15-06 15:40:44,21.472,3.995,73.405,0,0,1501748,763940,177780,5473156,4853.706,1617.902,0,0,0,0,1828,1283,2.040,1.550,0.820,2,0,1.997,0,0,11,32,0,25,0
15-06 15:40:45,23.273,3.003,73.572,0,0,1537016,728672,177780,5473156,4776.683,1513.484,0,24.024,0,1.001,1666,1068,1.960,1.540,0.820,1,0,0,0,0,11,32,0,19,0
15-06 15:40:46,23.048,3.507,72.902,0.251,0,1517680,748000,177792,5473168,4947.338,1623.392,0,2060.305,0,55.115,2119,1814,1.960,1.540,0.820,1,0,1.002,0,0,11,32,0,19,0
15-06 15:40:47,21.691,4.238,73.299,0,0,1527464,738216,177792,5473168,4128.682,1615.571,0,11.967,0,0.997,1797,1197,1.960,1.540,0.820,1,0,2.992,0,0,11,32,0,19,0
15-06 15:40:48,22.510,3.502,73.532,0,0,1450144,815552,177792,5473152,4768.082,1620.708,0,16.007,0,2.001,1787,1221,1.960,1.540,0.820,1,0,1.000,0,0,11,32,0,19,0
15-06 15:40:49,22.008,3.501,73.528,0,0,1487912,777780,177792,5473156,4093.537,1566.588,0,0,0,0,1771,1145,1.960,1.540,0.820,1,0,2.001,0,0,11,32,0,14,0
15-06 15:40:50,23.496,2.500,73.738,0,0,1466968,798696,177792,5473184,4437.255,1511.746,0,27.995,0,1.000,1724,1087,1.880,1.530,0.820,1,0,1.000,0,0,11,32,0,14,0
15-06 15:40:51,22.504,3.751,73.762,0,0,1516952,748800,177792,5473096,4733.775,1458.239,0,124.020,0,2.000,1835,1270,1.880,1.530,0.820,1,0,2.000,0,0,11,32,0,14,0
15-06 15:40:52,23.490,2.249,73.220,0,0,1552484,713268,177792,5473096,4464.155,1619.331,0,87.964,0,1.000,1725,1142,1.880,1.530,0.820,1,0,0,0,0,11,32,0,14,0
15-06 15:40:53,22.746,3.499,73.486,0,0,1503444,762232,177792,5473172,4783.063,1457.714,0,0,0,0,1825,1298,1.880,1.530,0.820,1,0,1.000,0,0,11,32,0,11,0
15-06 15:40:54,22.256,4.501,72.021,0,0,1489588,776092,177792,5473164,4861.412,1620.471,0,16.005,0,2.001,1982,1386,1.880,1.530,0.820,1,0,7.002,0,0,11,32,0,11,0
15-06 15:40:55,22.247,3.749,73.489,0,0,1520912,744768,177792,5473164,5357.222,1457.788,0,171.975,0,37.994,1772,1206,1.810,1.530,0.820,2,0,2.000,0,0,11,32,0,11,0
15-06 15:40:56,22.714,2.995,73.133,0.499,0,1487940,777732,177796,5473168,5154.755,1563.499,0,495.208,0,36.941,1989,1693,1.810,1.530,0.820,2,0,0.998,0,0,11,32,0,11,0
15-06 15:40:57,22.782,3.255,73.604,0,0,1489540,776108,177796,5473192,6160.729,1514.145,0,24.034,0,1.001,1822,1192,1.810,1.530,0.820,1,0,2.003,0,0,11,32,0,8,0
15-06 15:40:58,22.755,3.501,73.515,0,0,1496944,768716,177796,5473180,5987.218,1566.319,0,0,0,0,1751,1216,1.810,1.530,0.820,2,0,0,0,0,11,32,0,8,0
15-06 15:40:59,22.252,3.500,73.507,0,0,1481212,784436,177796,5473192,5132.461,1512.136,0,12.001,0,1.000,1762,1167,1.810,1.530,0.820,1,0,7.001,0,0,11,32,0,8,0
15-06 15:41:00,10.495,20.490,68.218,0,0,1472448,793128,177796,5473248,4543.874,1565.268,0,375.824,0,38.982,5786,4464,1.740,1.520,0.830,1,0,454.787,0,0,11,32,0,8,0
15-06 15:41:01,22.004,4.751,72.762,0,0,1525184,740380,177796,5473260,5357.875,1620.265,0,144.024,0,10.002,1855,1399,1.740,1.520,0.830,3,0,0,0,0,11,32,0,5,0
15-06 15:41:02,23.767,3.002,72.802,0.250,0,1500096,765196,177820,5473504,5015.605,1513.088,0,3222.316,0,148.106,2013,1551,1.740,1.520,0.830,1,0,9.006,0,0,11,32,0,5,0
15-06 15:41:03,22.231,3.747,73.186,0,0,1494208,771084,177820,5473504,5215.430,1618.582,0,0,0,0,1719,1151,1.740,1.520,0.830,2,0,0,0,0,11,32,0,5,0
15-06 15:41:04,20.546,8.770,69.908,0,0,1475076,790156,177820,5473564,5532.500,1623.669,40.091,0,2.005,0,2772,1874,1.740,1.520,0.830,1,0,135.306,0,0,11,32,0,5,0
15-06 15:41:05,8.249,20.998,68.994,0,0,1453708,811432,177820,5473656,5819.477,1619.854,0,139.987,0,5.000,5439,3822,1.680,1.510,0.830,1,0,336.970,0,0,11,32,0,5,0
15-06 15:41:06,7.994,22.234,68.450,0,0,1441436,823680,177820,5473680,4933.380,1618.812,0,219.839,0,32.976,5451,3796,1.680,1.510,0.830,1,0,345.746,0,0,11,32,0,3,0
15-06 15:41:07,8.501,22.503,67.510,0,0,1425876,839212,177820,5473700,4696.664,1350.191,0,608.086,0,9.001,5382,3763,1.680,1.510,0.830,2,0,340.048,0,0,11,32,0,3,0
15-06 15:41:08,9.004,21.758,68.026,0,0,1400084,864984,177820,5473716,3795.478,648.253,0,352.137,0,4.002,5313,3744,1.680,1.510,0.830,2,0,325.127,0,0,11,32,0,3,0
15-06 15:41:09,8.001,22.254,67.261,0,0,1388640,876404,177820,5473732,4512.713,1566.248,0,880.139,0,10.002,5477,3874,1.680,1.510,0.830,2,0,376.059,0,0,11,32,0,3,0
15-06 15:41:10,8.755,22.263,67.789,0,0,1384492,880532,177820,5473752,4320.474,1512.866,0,704.403,0,8.005,5286,3618,1.630,1.500,0.830,1,0,334.191,0,0,11,32,0,3,0
15-06 15:41:11,7.743,22.230,68.438,0,0,1392692,872316,177820,5473768,4438.988,1564.586,0,1186.927,0,70.936,5405,3708,1.630,1.500,0.830,1,0,349.684,0,0,11,32,0,3,0
15-06 15:41:12,8.498,20.246,69.735,0,0,1395716,869268,177820,5473792,4936.968,1457.695,0,287.940,0,7.998,5558,4025,1.630,1.500,0.830,1,0,363.924,0,0,11,32,0,3,0
15-06 15:41:13,7.507,21.270,69.566,0,0,1389812,875144,177820,5473820,4716.461,1513.431,0,168.159,0,6.006,5645,3996,1.630,1.500,0.830,2,0,372.352,0,0,11,32,0,3,0
15-06 15:41:14,7.994,21.985,68.203,0,0,1380232,884704,177820,5473848,5322.324,1564.919,0,223.845,0,7.994,5311,3653,1.630,1.500,0.830,1,0,321.778,0,0,11,32,0,1,0
15-06 15:41:15,7.758,23.273,67.317,0,0,1383160,881760,177820,5473864,5137.115,1513.507,0,40.040,0,10.010,5459,3794,1.580,1.490,0.830,1,0,368.367,0,0,11,32,0,1,0
15-06 15:41:16,9.499,20.497,68.741,0,0,1340332,924556,177836,5473880,5254.287,1457.802,0,7.999,0,2.000,5155,3778,1.580,1.490,0.830,1,0,308.958,0,0,11,32,0,1,0
15-06 15:41:17,21.744,28.992,47.238,0.250,0,1379028,885800,177836,5473908,4996.705,1457.622,0,1315.659,0,183.952,6431,4961,1.580,1.490,0.830,3,0,529.863,0,0,11,32,0,3,0
15-06 15:41:18,59.023,18.757,21.758,0,0.250,1537812,726752,177888,5474052,5882.285,1620.630,0,756.294,0,47.018,4855,3562,1.580,1.490,0.830,3,0,259.101,0,0,11,32,0,7,0
15-06 15:41:19,58.995,12.249,22.248,5.250,0,1663452,593332,178340,5481312,5039.542,1619.853,371.966,15250.615,3.000,1165.894,8360,13716,1.580,1.490,0.830,12,0,85.992,0,0,11,38,0,7,0
15-06 15:41:20,38.463,15.735,31.220,12.238,0,1643524,602432,179336,5489764,4857.334,1618.445,0,80418.750,0,5595.625,20711,44398,1.930,1.570,0.860,4,0,146.859,0,0,11,36,0,9,0
15-06 15:41:21,37.720,11.491,34.722,14.488,0,1688600,545996,179892,5500144,6702.602,3529.158,0,80631.060,0,5841.295,20046,40686,1.930,1.570,0.860,4,0,83.932,0,0,11,37,0,9,0
15-06 15:41:22,39.510,8.752,34.509,13.003,0,1680920,544232,180256,5508912,12951.362,9030.344,0,72414.796,0,5675.473,21295,41440,1.930,1.570,0.860,3,1,42.011,0,0,11,36,0,9,0
15-06 15:41:23,40.014,20.007,29.261,9.503,0,1568688,650100,180608,5514664,4953.781,1554.559,296.106,37665.541,4.001,2867.031,15015,24625,1.930,1.570,0.860,3,1,306.110,0,0,11,34,0,9,0
15-06 15:41:24,41.047,21.274,26.030,9.010,0,1605888,605644,180972,5521276,9820.289,6617.607,256.295,61286.450,2.002,4066.675,18400,35025,1.930,1.570,0.860,8,0,209.241,0,0,11,35,0,9,0
15-06 15:41:25,36.218,15.486,36.218,9.242,0,1623032,586304,181180,5523152,11675.807,8788.328,1350.821,34610.785,26.976,2961.415,16040,29308,2.340,1.660,0.890,3,0,190.833,0,0,11,35,0,9,0
15-06 15:41:26,33.022,7.505,46.280,11.007,0,1587400,619260,181280,5525640,12676.275,8310.425,0,38541.159,0,3430.239,16131,30478,2.340,1.660,0.890,3,1,78.051,0,0,11,34,0,9,0
15-06 15:41:27,36.730,9.245,39.978,11.494,0,1606500,599984,181400,5525692,4335.645,1499.186,0,43080.600,0,3792.940,14484,27243,2.340,1.660,0.890,1,1,24.986,0,0,11,34,0,9,0
15-06 15:41:28,31.009,7.002,46.764,11.503,0,1625204,580668,181620,5526052,11815.521,8461.522,0,40139.962,0,3618.078,15611,28969,2.340,1.660,0.890,5,0,36.011,0,0,11,35,0,9,0
15-06 15:41:29,33.458,6.991,46.940,9.488,0,1617716,585832,181752,5528196,17331.999,13604.730,0,39769.517,0,3470.594,17002,31969,2.340,1.660,0.890,3,1,32.958,0,0,11,35,0,9,0
15-06 15:41:30,39.314,10.767,39.063,8.263,0,1618868,582456,181856,5530240,5905.543,2810.542,0,50317.310,0,4110.643,15419,30928,2.310,1.660,0.900,4,0,122.197,0,0,11,36,0,10,0
15-06 15:41:31,33.477,7.995,44.720,11.492,0.250,1654052,543312,181928,5534024,9809.352,6551.560,0,60179.215,0,4870.699,17377,35672,2.310,1.660,0.900,1,1,62.957,0,0,11,37,0,10,0
15-06 15:41:32,30.026,7.006,48.792,11.009,0,1641824,551520,182076,5537796,14367.268,10523.986,0,43405.064,0,4050.459,18673,36212,2.310,1.660,0.900,3,1,93.079,0,0,11,37,0,10,0
15-06 15:41:33,33.717,10.989,41.459,11.239,0,1544120,646708,182196,5540112,8895.290,5406.706,0,70954.522,0,5544.571,21218,41090,2.310,1.660,0.900,2,0,95.906,0,0,11,36,0,10,0
15-06 15:41:34,36.531,9.008,40.034,11.009,0,1594536,600432,182276,5535856,4864.159,1621.386,0,51215.793,0,4714.031,18447,34906,2.310,1.660,0.900,1,1,21.018,0,0,11,36,0,10,0
15-06 15:41:35,29.981,6.746,49.968,9.744,0,1591624,601420,182288,5537768,15573.978,11731.450,0,41697.166,0,3506.743,16103,30309,2.370,1.680,0.910,1,0,35.977,0,0,11,37,0,10,0
15-06 15:41:36,33.939,12.477,49.660,2.246,0,1447232,745896,182288,5537680,16686.818,11724.793,0,20407.089,0,1350.557,8841,13899,2.370,1.680,0.910,2,0,181.671,0,0,11,32,0,12,0
15-06 15:41:37,19.273,9.762,70.334,0,0,1463112,730008,182288,5537688,5166.158,1621.933,0,969.155,0,39.047,2802,2071,2.370,1.680,0.910,1,0,92.110,0,0,11,32,0,12,0
15-06 15:41:38,18.990,2.499,76.710,0,0,1487668,705444,182288,5537696,11940.793,7172.272,0,2050.934,0,180.906,2356,2178,2.370,1.680,0.910,1,0,0,0,0,11,33,0,12,0
15-06 15:41:39,19.482,5.745,73.181,0.500,0,1454944,737908,182288,5537956,9868.740,4769.525,0,5259.065,0,286.731,3695,4228,2.370,1.680,0.910,1,0,33.968,0,0,11,32,0,13,0
15-06 15:41:40,19.298,2.506,77.694,0,0,1488320,704528,182288,5537960,8641.629,3980.964,0,80.201,0,1.003,1804,1391,2.260,1.670,0.910,0,0,0,0,0,11,33,0,13,0
15-06 15:41:41,16.964,4.989,76.586,0.249,0,1439168,753676,182288,5537964,10305.932,5966.224,0,119.744,0,11.974,2766,2500,2.260,1.670,0.910,1,0,52.887,0,0,11,32,0,14,0
15-06 15:41:42,21.787,4.257,74.127,0,0,1495700,697136,182288,5537972,5289.089,1622.789,0,8.014,0,2.003,1931,1309,2.260,1.670,0.910,1,0,7.012,0,0,11,32,0,14,0
15-06 15:41:43,17.216,2.495,79.094,0,0,1488696,704044,182288,5538068,12409.520,8398.432,0,51.898,0,3.992,2531,2591,2.260,1.670,0.910,2,0,0,0,0,11,33,0,14,0
15-06 15:41:44,17.995,5.998,74.228,0,0,1432876,759848,182288,5538084,8727.467,5134.510,0,223.935,0,18.994,3429,3480,2.260,1.670,0.910,1,0,42.988,0,0,11,32,0,15,0
15-06 15:41:45,21.503,4.001,74.011,0,0,1483832,708892,182288,5538084,5353.788,2071.305,0,144.021,0,9.001,1751,1107,2.160,1.660,0.910,0,0,0,0,0,11,33,0,15,0
15-06 15:41:46,15.507,2.251,80.536,0,0,1474484,718092,182288,5538232,14178.330,10665.762,0,116.052,0,8.004,3083,3502,2.160,1.660,0.910,0,0,0,0,0,11,33,0,15,0
15-06 15:41:47,14.016,13.014,72.080,0.250,0,1454260,738272,182288,5538276,6336.010,2751.044,0,188.208,0,21.023,3998,3074,2.160,1.660,0.910,1,0,149.165,0,0,11,32,0,16,0
15-06 15:41:48,7.490,22.470,67.409,0,0,1436700,755708,182288,5538400,4346.125,1509.959,0,395.465,0,40.945,5316,3614,2.160,1.660,0.910,1,0,332.550,0,0,11,32,0,16,0
15-06 15:41:49,38.851,22.058,38.601,0.501,0,1487768,704412,182308,5538608,4146.821,1570.097,0,782.041,0,60.157,5591,4238,2.160,1.660,0.910,3,0,316.827,0,0,11,32,0,22,0
15-06 15:41:50,64.093,11.472,23.941,0,0,1615008,575732,182364,5539976,3986.239,1334.732,0,287.296,0,13.966,3667,1597,2.220,1.680,0.920,3,0,2.993,0,0,11,32,0,22,0
15-06 15:41:51,67.346,8.512,24.034,0,0,1793052,393812,182496,5543280,4365.197,1243.766,0,4093.812,0,94.134,3924,1745,2.220,1.680,0.920,3,0,6.009,0,0,11,32,0,22,0
15-06 15:41:52,42.987,7.748,37.239,9.247,0,1795072,380484,182648,5553840,4530.625,1511.541,0,54203.550,0,4178.732,17427,32382,2.220,1.680,0.920,2,1,176.946,0,0,11,38,0,22,0
15-06 15:41:53,26.660,9.468,47.091,13.953,0,1791744,372168,182748,5565020,4783.857,1614.552,0,103335.305,0,7101.038,26269,51258,2.220,1.680,0.920,1,1,236.203,0,0,11,38,0,22,0
15-06 15:41:54,31.601,8.026,40.380,15.299,0,1793544,361584,182800,5573408,4620.822,1571.039,0,78576.043,0,6212.929,22594,43371,2.220,1.680,0.920,2,1,171.550,0,0,11,38,0,22,0
15-06 15:41:55,37.170,13.471,32.929,13.720,0,1733372,411380,182896,5583364,4909.383,1616.504,0,76454.652,0,5582.926,20464,40121,2.200,1.690,0.930,4,1,218.527,0,0,11,36,0,22,0
15-06 15:41:56,43.322,10.517,33.055,12.270,0,1796696,338252,182948,5592716,5736.534,1622.697,0,69251.096,0,4893.132,16932,33987,2.200,1.690,0.930,5,0,22.037,0,0,11,36,0,22,0
15-06 15:41:57,37.523,10.507,33.021,15.510,0,1837168,289628,182972,5600580,6183.871,1621.015,0,90520.671,0,6286.936,21756,43031,2.200,1.690,0.930,2,1,54.034,0,0,11,38,0,22,0
15-06 15:41:58,32.491,10.497,41.489,12.247,0,1760736,362584,182984,5603944,6330.252,1511.583,0,65701.853,0,5081.596,20333,38786,2.200,1.690,0.930,4,0,167.954,0,0,11,36,0,22,0
15-06 15:41:59,36.051,11.767,49.570,1.252,0,1483080,640224,182984,5603960,7330.382,1622.298,0,11275.970,0,649.920,5250,5679,2.200,1.690,0.930,2,0,196.278,0,0,11,32,0,22,0
15-06 15:42:00,19.454,7.233,72.079,0.249,0,1491920,631240,182984,5604104,5193.657,1562.287,0,1009.601,0,59.858,2558,1837,2.110,1.680,0.930,1,0,53.872,0,0,11,32,0,22,0
15-06 15:42:01,22.977,3.496,71.928,0.749,0,1538200,584956,182984,5604104,4904.084,1510.486,0,6317.667,0,353.645,2346,2574,2.110,1.680,0.930,2,0,0,0,0,11,32,0,22,0
15-06 15:42:02,23.772,2.252,72.819,0.250,0,1561028,562120,182984,5604112,4414.173,810.766,0,112.106,0,10.009,2315,1946,2.110,1.680,0.930,1,0,2.002,0,0,11,38,0,22,0
15-06 15:42:03,20.985,5.246,73.199,0,0,1487592,635556,182984,5604112,4564.829,1187.175,0,83.942,0,6.995,2136,1370,2.110,1.680,0.930,1,0,26.981,0,0,11,32,0,22,0
15-06 15:42:04,22.279,4.256,73.095,0,0,1496676,626472,182984,5604112,5513.142,1568.031,0,304.394,0,55.071,1914,1269,2.110,1.680,0.930,2,0,1.001,0,0,11,32,0,22,0
15-06 15:42:05,23.250,2.750,73.249,0,0,1532304,590836,182984,5604120,4789.936,1349.982,0,127.998,0,11.000,1998,1551,2.020,1.670,0.930,1,0,2.000,0,0,11,34,0,22,0
15-06 15:42:06,16.284,22.797,59.873,0,0,1465416,657704,182988,5604136,4414.099,1190.454,0,501.033,0,32.066,4869,3857,2.020,1.670,0.930,4,0,452.934,0,0,11,32,0,22,0
15-06 15:42:07,11.749,38.747,48.497,0,0,1454592,668460,182988,5604200,5099.647,1619.888,0,291.980,0,23.998,7139,6069,2.020,1.670,0.930,1,0,806.944,0,0,11,32,0,22,0
15-06 15:42:08,7.744,21.984,68.451,0,0,1453996,669044,182988,5604212,4574.746,1456.964,0,139.900,0,11.991,5213,3403,2.020,1.670,0.930,1,0,335.761,0,0,11,32,0,22,0
15-06 15:42:09,7.500,21.749,68.248,0,0,1450896,672064,182988,5604276,4199.889,1619.957,0,23.999,0,5.000,5175,3375,2.020,1.670,0.930,2,0,294.992,0,0,11,32,0,22,0
15-06 15:42:10,8.486,20.467,69.886,0,0,1439268,683680,182988,5604304,4151.228,1455.625,0,259.577,0,55.909,5108,3474,1.940,1.650,0.930,3,0,266.565,0,0,11,32,0,22,0
15-06 15:42:11,10.014,21.279,67.842,0,0,1416620,706308,182988,5604324,4843.544,1622.192,0,28.038,0,7.009,5255,3576,1.940,1.650,0.930,1,0,278.376,0,0,11,32,0,22,0
15-06 15:42:12,19.761,15.508,62.784,0.750,0,1418140,704736,182988,5604340,4734.558,1620.876,0,7203.893,0,351.190,6608,8185,1.940,1.650,0.930,1,0,180.097,0,0,11,32,0,22,0
15-06 15:42:13,44.109,13.955,40.620,0,0,1537468,585288,182992,5604916,4750.765,1614.821,0,2061.389,0,96.690,4048,2715,1.940,1.650,0.930,2,0,122.607,0,0,11,33,0,22,0
15-06 15:42:14,48.927,4.244,44.933,0.250,0,1611488,511228,182996,5604952,4758.897,1617.586,0,51.923,0,3.994,3236,1853,1.940,1.650,0.930,4,0,9.985,0,0,11,45,0,22,0
15-06 15:42:15,45.968,6.531,47.978,0.251,0,1670008,450844,183068,5606416,4883.188,1627.729,0,3842.245,0,408.942,3765,2756,1.940,1.660,0.930,2,0,9.043,0,0,11,49,0,22,0
15-06 15:42:16,15.468,18.961,63.371,0,0,1693184,424904,183072,5609012,4687.443,1616.704,0,399.186,0,23.951,6147,8665,1.940,1.660,0.930,1,0,291.406,0,0,11,48,0,22,0
15-06 15:42:17,18.741,15.492,64.719,0,0,1698756,419252,183072,5609028,4737.700,1619.214,0,219.893,0,10.995,5988,7824,1.940,1.660,0.930,0,0,200.902,0,0,11,48,0,22,0
15-06 15:42:18,0.750,1.250,97.741,0.250,0,1698756,419252,183072,5609028,4337.583,1457.860,0,1195.885,0,92.991,859,1218,1.940,1.660,0.930,1,0,3.000,0,0,11,48,0,22,0
15-06 15:42:19,0.751,0,97.844,0,0.250,1698624,419252,183072,5609160,4864.684,1621.561,0,64.062,0,5.005,744,1009,1.940,1.660,0.930,0,0,1.001,0,0,11,48,0,16,0
15-06 15:42:20,5.750,3.250,89.495,0,0,1710952,406908,183072,5609160,4637.758,1457.924,0,783.959,0,3.000,1976,5283,1.790,1.630,0.930,0,0,38.998,0,0,11,48,0,17,0
15-06 15:42:21,0.750,0.999,97.938,0,0,1707464,410396,183072,5609156,5113.751,1660.945,0,0,0,0,722,981,1.790,1.630,0.930,0,0,0.999,0,0,11,48,0,17,0
15-06 15:42:22,12.989,13.488,72.187,0,0,1677344,440544,183072,5609500,4280.293,365.683,0,0,0,0,5108,6141,1.790,1.630,0.930,3,0,212.816,0,0,11,48,0,17,0
15-06 15:42:23,13.049,16.814,69.262,0,0,1741548,376304,183072,5609172,4450.838,1138.306,0,3296.471,0,28.106,5003,5710,1.790,1.630,0.930,2,0,311.177,0,0,11,48,0,14,0
15-06 15:42:24,14.705,19.939,63.056,0,0,1743028,374748,183072,5609568,5158.135,1690.799,0,279.141,0,10.966,5971,5867,1.790,1.630,0.930,1,0,278.144,0,0,12,52,0,14,0
15-06 15:42:25,25.559,15.786,58.134,0.501,0,1716352,401452,183072,5609164,4670.780,1623.748,0,513.184,0,47.109,5788,6942,1.720,1.620,0.930,2,0,254.588,0,0,12,64,0,14,0
15-06 15:42:26,3.753,9.007,85.564,0,0,1708016,409732,183072,5609232,4598.426,1459.087,0,308.230,0,19.014,2618,2254,1.720,1.620,0.930,1,0,102.076,0,0,14,64,0,14,0
15-06 15:42:27,18.487,15.989,64.205,0,0,1696984,420748,183072,5609260,4257.026,1618.869,0,87.939,0,12.991,6151,7789,1.720,1.620,0.930,3,0,191.866,0,0,14,64,0,14,0
15-06 15:42:28,9.000,18.749,70.747,0,0.250,1693020,424676,183072,5609288,3917.858,1457.947,0,203.993,0,2.000,4820,3443,1.720,1.620,0.930,1,0,275.990,0,0,14,66,0,14,0
15-06 15:42:29,8.502,20.005,69.269,0,0,1684220,433320,183072,5609444,4141.130,1704.465,0,28.008,0,7.002,5104,3511,1.720,1.620,0.930,3,0,269.073,0,0,14,66,0,14,0
15-06 15:42:30,14.501,19.502,64.255,0,0,1699176,418344,183072,5609804,4200.335,1620.129,0,20.002,0,5.000,6790,7364,1.670,1.610,0.930,14,0,278.022,0,0,14,66,0,14,0
15-06 15:42:31,25.509,22.758,51.517,0,0,1746824,370656,183080,5609476,4536.527,1458.491,0,5341.798,0,383.129,5336,4016,1.670,1.610,0.930,4,0,334.112,0,0,14,66,0,14,0
15-06 15:42:32,27.499,26.499,44.749,0,0,1819764,297564,183104,5609596,4679.874,1619.956,0,483.987,0,5.000,6325,4881,1.670,1.610,0.930,4,0,482.987,0,0,14,66,0,13,0
15-06 15:42:33,29.684,25.444,44.152,0,0,1873980,241784,183160,5611004,4969.025,1616.430,0,47.894,0,8.980,6703,8056,1.670,1.610,0.930,5,0,420.072,0,0,14,70,0,15,0
15-06 15:42:34,31.317,24.803,42.591,0,0,1981204,134480,183160,5611516,4990.638,1713.653,0,36.077,0,9.019,6162,6308,1.670,1.610,0.930,2,0,353.754,0,0,14,70,0,15,0
15-06 15:42:35,51.707,20.483,27.228,0,0,1946872,181768,180828,5600992,5123.774,1456.799,3.997,39.967,0.999,0.999,5082,5487,1.690,1.620,0.930,3,0,293.758,0,0,14,70,0,15,0
15-06 15:42:36,51.700,27.723,19.731,0,0,2079204,161168,174692,5498084,5010.171,1456.596,195.811,5143.043,3.996,345.667,6274,6264,1.690,1.620,0.930,15,0,421.594,0,0,14,70,0,14,0
15-06 15:42:37,65.552,20.016,14.011,0,0,2167776,135640,174084,5436756,4401.499,1459.160,188.150,808.643,16.013,11.009,5286,6497,1.690,1.620,0.930,4,0,278.221,0,0,14,70,0,14,0
15-06 15:42:38,72.771,24.588,0.993,0.745,0,2284432,132408,174140,5326020,4965.325,1448.468,1033.201,1589.540,85.438,104.314,6053,6378,1.690,1.620,0.930,5,0,436.130,0,0,14,74,0,14,0
15-06 15:42:39,66.128,26.652,5.532,1.509,0,2425504,130264,173272,5190944,5754.864,1603.155,756.319,19499.353,15.086,1092.237,11821,16841,1.690,1.620,0.930,7,0,322.844,0,0,14,74,0,14,0
15-06 15:42:40,67.772,26.259,3.501,2.251,0,2515160,169304,173096,5065480,5641.841,1620.529,584.191,26420.622,26.008,2151.702,14710,26499,2.200,1.720,0.970,17,0,400.131,0,0,14,76,0,12,0
15-06 15:42:41,74.524,22.007,2.751,0,0,2637016,195312,173136,4920408,4536.475,1458.474,56.018,1004.327,5.002,44.014,10335,14171,2.200,1.720,0.970,6,0,250.081,0,0,14,82,0,18,0
15-06 15:42:42,62.054,26.273,11.260,0,0,2773100,128060,173144,4852932,4656.068,1513.322,24.021,844.738,6.005,55.048,7690,9895,2.200,1.720,0.970,3,0,485.424,0,0,14,93,0,24,0
15-06 15:42:43,37.265,26.761,34.764,0,0,2814780,155088,173144,4786152,4968.002,1566.631,0,524.211,0,33.013,7549,9942,2.200,1.720,0.970,3,0,378.152,0,0,14,91,0,27,0
15-06 15:42:44,51.977,15.743,30.986,0,0,2893584,143948,173152,4719936,4695.901,1547.308,3110.609,423.811,33.985,21.990,5401,6474,2.200,1.720,0.970,6,0,194.913,0,0,14,94,0,26,0
15-06 15:42:45,50.926,9.237,39.193,0.250,0.250,3021664,153156,173172,4586060,5212.476,1617.665,3.994,683.014,0.999,33.951,3910,4827,2.180,1.730,0.980,4,0,8.987,0,0,14,96,0,29,0
15-06 15:42:46,13.523,18.531,66.112,0.751,0,3044076,130308,173172,4586480,5486.323,1622.758,4.007,2424.119,1.002,141.240,5495,5017,2.180,1.730,0.980,3,0,237.403,0,0,14,99,0,30,0
15-06 15:42:47,7.746,19.491,70.466,0,0,3049440,124924,173172,4586500,4635.758,1457.295,3.998,131.936,1.000,12.994,4874,3486,2.180,1.730,0.980,1,0,239.884,0,0,14,99,0,30,0
15-06 15:42:48,7.990,19.477,70.166,0,0,3046252,128088,173172,4586524,4856.155,1618.052,0,35.957,0,4.994,4842,3240,2.180,1.730,0.980,2,0,239.711,0,0,14,99,0,28,0
15-06 15:42:49,7.504,20.261,70.788,0,0,3051392,122796,173172,4586676,4322.346,1620.880,0,0,0,0,4814,3219,2.180,1.730,0.980,2,0,245.133,0,0,14,99,0,28,0
15-06 15:42:50,21.252,6.001,72.508,0,0,3113452,127388,173176,4521140,4500.497,1620.179,4.000,56.006,1.000,1.000,2122,1455,2.090,1.720,0.980,1,0,30.003,0,0,14,99,0,28,0
15-06 15:42:51,19.273,3.254,76.340,0,0,3133732,174572,173176,4455700,11222.228,8070.513,76.090,180.212,7.008,15.018,2815,2843,2.090,1.720,0.980,2,0,1.001,0,0,14,104,0,28,0
15-06 15:42:52,22.425,6.229,70.765,0.249,0,3088604,219684,173176,4455716,21830.461,18451.689,0,263.126,0,20.930,2738,1948,2.090,1.720,0.980,1,0,64.785,0,0,14,107,0,23,0
15-06 15:42:53,24.774,3.253,70.568,0.500,0,3151808,156480,173176,4455716,5044.871,1621.566,0,176.170,0,20.019,1977,1356,2.090,1.720,0.980,1,0,2.002,0,0,14,111,0,23,0
15-06 15:42:54,18.245,3.999,77.231,0,0,3161876,146416,173176,4455756,11600.133,7930.040,15.996,379.906,1.000,31.992,2728,2745,2.090,1.720,0.980,1,0,6.998,0,0,14,116,0,23,0
15-06 15:42:55,33.980,8.995,54.967,1.249,0,3248608,190088,173196,4328836,5576.676,1708.981,1515.097,1778.940,46.972,205.877,5587,7246,2.160,1.740,0.990,2,0,4.997,0,0,14,119,0,23,0
15-06 15:42:56,25.746,9.999,61.742,0.500,0,3172744,265880,173196,4328908,6781.077,2642.640,3.999,11802.393,1.000,744.899,5505,5848,2.160,1.740,0.990,1,0,114.984,0,0,14,124,0,25,0
15-06 15:42:57,22.521,4.504,72.567,0.751,0,3221372,217244,173196,4328916,5885.448,1621.501,0,2081.927,0,37.034,2196,1836,2.160,1.740,0.990,4,0,2.002,0,0,14,124,0,25,0
15-06 15:42:58,17.996,2.749,78.481,0,0,3241292,197124,173196,4329116,12552.930,7851.080,63.984,0,3.999,0,2169,1869,2.160,1.740,0.990,3,0,0,0,0,14,125,0,25,0
15-06 15:42:59,19.760,4.752,73.786,0.750,0,3244484,193848,173196,4329200,7401.626,3497.713,4.002,3109.523,1.000,223.109,3864,5256,2.160,1.740,0.990,1,0,0,0,0,14,125,0,25,0
15-06 15:43:00,39.291,12.763,46.299,0.501,0,3303080,135188,173208,4329236,6250.555,2762.897,4.004,3059.208,1.001,199.209,4799,4528,2.150,1.740,1,2,0,99.104,0,0,14,124,0,26,0
15-06 15:43:01,38.688,5.990,54.163,0.250,0,3342268,160524,173208,4266260,10212.504,7225.329,0,315.490,0,14.976,2666,1620,2.150,1.740,1,1,0,0,0,0,14,125,0,26,0
15-06 15:43:02,18.987,5.746,73.947,0,0,3295808,206940,173208,4266288,23268.477,19227.347,0,1267.100,0,57.959,2622,1985,2.150,1.740,1,1,0,54.961,0,0,14,124,0,27,0
15-06 15:43:03,21.039,3.006,75.639,0.250,0,3361532,141208,173208,4266296,6859.571,3430.286,8.015,128.235,2.004,13.024,1860,1447,2.150,1.740,1,0,0,0,0,0,14,125,0,27,0
15-06 15:43:04,18.239,5.497,75.206,0,0,3345528,157100,173296,4266320,27414.024,22746.744,83.951,0,4.997,0,2620,1877,2.150,1.740,1,1,0,50.970,0,0,14,124,0,28,0
15-06 15:43:05,31.735,5.747,60.721,0,0,3408248,154376,173296,4207424,5337.462,1619.230,23.989,291.861,3.998,28.986,3640,4276,2.220,1.760,1.010,1,0,7.996,0,0,14,126,0,29,0
15-06 15:43:06,16.021,3.755,79.356,0.751,0,3410904,151644,173300,4207492,11615.490,9120.162,16.021,4121.496,1.001,112.150,3137,3864,2.220,1.760,1.010,0,0,0,0,0,14,127,0,29,0
15-06 15:43:07,18.660,7.962,72.152,0,0,3412404,150132,173300,4207504,5823.919,1809.276,0,310.503,0,18.909,2857,2192,2.220,1.760,1.010,2,0,82.602,0,0,14,126,0,30,0
15-06 15:43:08,18.338,3.517,77.622,0.251,0,3438336,166592,173300,4165688,10550.589,7434.648,4.019,293.407,1.005,22.106,1899,1501,2.220,1.760,1.010,1,0,0,0,0,14,127,0,30,0
15-06 15:43:09,18.973,6.491,72.895,0.250,0,3370860,234048,173300,4165708,21831.445,19147.324,0,1130.366,0,65.905,2637,2022,2.220,1.760,1.010,2,0,54.921,0,0,14,126,0,31,0
15-06 15:43:10,22.023,3.504,74.077,0,0,3424764,180140,173300,4165712,5215.392,2921.020,4.004,68.070,1.001,7.007,1734,1107,2.120,1.750,1.010,1,0,0,0,0,14,127,0,31,0
15-06 15:43:11,17.217,4.242,75.855,0.998,0,3419548,185120,173308,4165940,10539.855,6930.753,27.947,3377.545,3.992,444.151,3985,5202,2.120,1.750,1.010,5,0,0,0,0,14,127,0,31,0
15-06 15:43:12,29.992,4.249,62.983,1.250,0,3424824,179768,173308,4166032,5720.468,2697.278,3.999,1687.548,1.000,210.943,6039,8763,2.120,1.750,1.010,3,0,1.999,0,0,14,129,0,33,0
15-06 15:43:13,19.783,8.014,70.619,0.250,0,3398724,205856,173308,4166044,4165.040,1460.469,0,1342.269,0,75.127,2847,2323,2.120,1.750,1.010,2,0,53.090,0,0,14,129,0,33,0
15-06 15:43:14,19.009,3.001,77.288,0.250,0,3416148,188424,173308,4166052,10623.286,7334.649,0,468.233,0,28.014,1749,1308,2.120,1.750,1.010,4,0,0,0,0,14,130,0,33,0
15-06 15:43:15,21.984,2.498,73.697,0.749,0,3414996,189548,173308,4166080,9528.101,5774.819,0,3193.687,0,219.841,3341,3941,2.030,1.740,1.010,2,0,0.999,0,0,14,132,0,34,0
15-06 15:43:16,31.239,6.998,59.230,0.750,0,3418368,186084,173308,4166172,4669.403,1771.394,0,1451.504,0,163.944,7469,11209,2.030,1.740,1.010,3,0,1.000,0,0,14,133,0,35,0
15-06 15:43:17,25.218,8.240,63.420,0.999,0,3395404,209032,173312,4166184,4188.740,1132.578,0,7826.171,0,584.266,4309,4710,2.030,1.740,1.010,2,0,76.903,0,0,14,133,0,35,0
15-06 15:43:18,18.289,3.006,77.915,0,0,3426660,177772,173312,4166188,10546.315,7186.206,0,224.475,0,13.028,1861,1366,2.030,1.740,1.010,2,0,1.002,0,0,14,134,0,35,0
15-06 15:43:19,17.530,6.511,74.128,1.002,0,3394604,209640,173312,4166376,8922.435,5538.581,16.028,3097.358,1.002,221.383,4073,4892,2.030,1.740,1.010,1,0,79.137,0,0,14,133,0,36,0
15-06 15:43:20,23.666,11.709,63.526,0,0,3444452,159756,173312,4166412,4502.108,1452.871,23.916,151.465,1.993,9.965,3598,6681,2.110,1.760,1.020,3,0,103.634,0,0,14,133,0,37,0
15-06 15:43:21,21.324,3.261,74.008,0.502,0,3461996,142192,173316,4166428,11736.960,8042.065,0,377.317,0,40.140,2641,2551,2.110,1.760,1.020,2,0,0,0,0,14,134,0,36,0
15-06 15:43:22,20.246,4.499,72.736,0.500,0,3457020,147136,173320,4166456,10611.933,6796.676,0,967.811,0,105.979,5358,7516,2.110,1.760,1.020,3,0,0,0,0,14,134,0,36,0
15-06 15:43:23,28.751,6.750,62.251,0.500,0,3449648,153964,173336,4166968,4740.113,1662.040,424.010,832.020,70.002,78.002,6697,9313,2.110,1.760,1.020,7,0,4.000,0,0,14,136,0,36,0
15-06 15:43:24,41.475,15.991,40.226,0.750,0,3347752,255744,173336,4167052,6522.138,3441.962,0,1794.937,0,179.893,11505,16519,2.110,1.760,1.020,7,0,235.860,0,0,14,137,0,37,0
15-06 15:43:25,21.948,6.734,69.836,0,0,3415128,188208,173336,4167212,4916.445,1881.578,15.962,419.015,0.998,25.939,2426,2159,2.020,1.750,1.020,2,0,50.880,0,0,14,137,0,37,0
15-06 15:43:26,19.015,3.253,77.312,0.250,0,3434772,168552,173336,4167224,12097.701,9125.318,0,508.408,0,40.032,2296,2195,2.020,1.750,1.020,2,0,0,0,0,14,137,0,38,0
15-06 15:43:27,11.248,18.247,68.239,0.250,0,3432404,170884,173336,4167260,4431.287,1523.755,0,523.916,0,40.993,5138,3996,2.020,1.750,1.020,2,0,266.957,0,0,14,139,0,38,0
15-06 15:43:28,9.260,21.523,67.821,0,0,3405548,197704,173344,4167288,4564.785,1621.700,0,468.491,0,32.034,5532,3944,2.020,1.750,1.020,4,0,312.327,0,0,14,139,0,38,0
15-06 15:43:29,18.277,16.024,63.846,0.250,0,3386504,216732,173352,4167296,4747.122,1622.434,0,1658.488,0,95.143,5835,7164,2.020,1.750,1.020,1,0,190.285,0,0,14,139,0,38,0
15-06 15:43:30,28.478,23.482,46.714,0.250,0,3450128,153072,173352,4167336,4214.777,1526.832,0,203.844,0,15.988,6053,4854,2.020,1.750,1.020,2,0,330.747,0,0,14,139,0,38,0
15-06 15:43:31,31.745,24.246,43.493,0.250,0,3470524,132156,173364,4167848,4664.207,1619.725,79.986,355.939,4.999,25.996,6290,5494,2.020,1.750,1.020,1,0,363.938,0,0,14,145,0,38,0
15-06 15:43:32,19.016,16.264,62.554,0,0,3466648,135796,173364,4168084,4642.015,1459.262,0,232.201,0,13.011,5792,7725,2.020,1.750,1.020,2,0,200.173,0,0,14,145,0,38,0
15-06 15:43:33,52.988,29.743,16.496,0,0,3623412,126004,173372,4023660,4978.874,1619.634,115.974,7250.361,8.998,702.841,8009,12341,2.020,1.750,1.020,3,0,467.894,0,0,16,151,0,38,0
15-06 15:43:34,53.263,27.251,18.828,0.248,0,3720124,130352,173372,3924324,4554.400,1284.269,91.167,218.009,2.973,17.837,6460,6383,2.020,1.750,1.020,7,0,427.099,0,0,16,155,0,38,0
15-06 15:43:35,41.295,19.137,38.022,0.252,0,3777584,170132,173372,3828100,2701.309,253.814,8.058,616.406,2.014,24.173,7147,10369,2.010,1.760,1.030,2,0,203.454,0,0,16,167,0,38,0
15-06 15:43:36,32.799,25.789,40.811,0,0,3830324,172928,173372,3773888,5022.533,1460.190,8.012,444.667,2.003,27.041,12785,4881,2.010,1.760,1.030,3,0,445.668,0,0,16,167,0,38,0
15-06 15:43:37,20.731,23.978,53.450,0,0,3862476,140684,173376,3773976,2397.765,0,0,2769.419,0,34.967,5580,4395,2.010,1.760,1.030,2,0,344.679,0,0,17,167,0,36,0
15-06 15:43:38,14.770,19.277,64.339,0.250,0,3869268,133860,173376,3774008,5888.148,1692.342,8.011,616.854,2.003,40.055,5711,5898,2.010,1.760,1.030,1,0,231.320,0,0,17,167,0,36,0
15-06 15:43:39,25.255,20.254,53.261,0,0,3909248,149492,173376,3719892,6171.279,1552.322,0,0,0,0,5878,5818,2.010,1.760,1.030,3,0,265.055,0,0,17,167,0,36,0
15-06 15:43:40,30.238,24.990,44.982,0,0,3960100,160604,173384,3659260,5697.766,1619.365,3.998,119.953,1.000,8.996,5926,4492,2.170,1.790,1.040,4,0,353.861,0,0,17,167,0,36,0
15-06 15:43:41,28.514,17.509,51.775,0.500,0,3990480,130148,173384,3659436,5017.467,1458.717,8.004,3917.926,2.001,190.093,7122,9261,2.170,1.790,1.040,4,0,239.118,0,0,17,175,0,31,0
15-06 15:43:42,38.751,28.751,32.001,0.500,0,4095148,134928,173392,3552608,4920.180,1620.059,52.002,1200.044,7.000,139.005,8234,13253,2.170,1.790,1.040,2,0,474.017,0,0,17,185,0,31,0
15-06 15:43:43,31.730,26.983,39.725,0,0,4146192,135468,173392,3501888,4916.902,1618.980,127.919,355.776,5.996,24.984,8332,10394,2.170,1.790,1.040,6,0,449.717,0,0,17,185,0,31,0
15-06 15:43:44,13.258,23.764,61.785,0.250,0,4187676,191416,173392,3406648,4802.741,1620.925,24.014,752.429,6.003,42.024,6089,5683,2.170,1.790,1.040,2,0,332.190,0,0,17,193,0,31,0
15-06 15:43:45,17.982,21.479,58.443,0.250,0,4193740,185296,173392,3406676,4615.482,1708.328,0,587.425,0,43.957,5527,4302,2.080,1.780,1.040,3,0,300.706,0,0,17,209,0,18,0
15-06 15:43:46,20.451,15.712,62.100,0.249,0,4213004,166044,173392,3406684,2991.767,161.609,0,331.199,0,16.959,5832,7050,2.080,1.780,1.040,2,0,204.506,0,0,17,209,0,18,0
15-06 15:43:47,39.355,14.539,45.622,0,0,4331496,138544,173392,3317132,3886.355,1299.462,1656.413,260.695,24.064,26.069,3973,2834,2.080,1.780,1.040,2,0,85.227,0,0,17,209,0,18,0
15-06 15:43:48,43.984,9.747,44.984,0.250,0,4436816,149788,173396,3203780,4456.414,1457.481,91.967,335.880,2.999,28.990,3493,2321,2.080,1.780,1.040,1,0,9.996,0,0,17,216,0,18,0
15-06 15:43:49,30.262,6.753,61.775,0,0,4361656,269344,173396,3160348,4861.978,1620.659,80.033,416.169,7.003,31.013,3320,2675,2.080,1.780,1.040,1,0,42.017,0,0,17,217,0,17,0
15-06 15:43:50,25.763,29.015,44.273,0,0,4430000,200928,173408,3160416,4340.217,1458.745,32.016,160.082,2.001,11.006,6235,5125,2.150,1.800,1.050,3,0,490.250,0,0,17,217,0,17,0
15-06 15:43:51,34.501,28.501,35.501,0.250,0,4457428,170632,173424,3163220,13144.518,9540.376,1020.040,388.015,22.001,26.001,6594,6832,2.150,1.800,1.050,3,0,410.016,0,0,17,227,0,17,0
15-06 15:43:52,46.705,19.481,32.469,0.250,0,4456824,169844,173428,3164936,5487.761,2220.880,51.950,3053.085,3.996,26.974,6104,8324,2.150,1.800,1.050,4,0,212.797,0,0,17,225,0,18,0
15-06 15:43:53,69.573,18.269,11.762,0.501,0,4604344,144432,173432,3046760,6909.219,3592.754,368.385,13966.593,17.018,955.999,5102,4331,2.150,1.800,1.050,4,0,121.127,0,0,17,229,0,17,0
15-06 15:43:54,61.094,13.411,19.371,4.222,0,4650776,181404,173492,2966032,11998.301,9053.859,7088.912,1966.935,427.163,97.353,5954,6052,2.150,1.800,1.050,2,1,33.776,0,0,17,234,0,18,0
15-06 15:43:55,55.833,20.120,23.390,0.755,0,4689916,138152,173528,2970148,5028.010,1557.295,567.387,1070.389,82.492,94.564,6504,7642,2.220,1.820,1.060,4,0,252.507,0,0,17,233,0,22,0
15-06 15:43:56,31.990,26.242,40.238,0.250,0,4672284,195040,173528,2932332,11760.423,8828.315,0,8925.285,0,43.987,6845,6609,2.220,1.820,1.060,2,0,389.881,0,0,17,234,0,22,0
15-06 15:43:57,45.490,22.745,30.993,0,0,4672632,192312,173528,2934700,10332.758,5390.830,151.967,851.815,7.998,70.985,7505,10286,2.220,1.820,1.060,6,0,250.946,0,0,17,237,0,23,0
15-06 15:43:58,53.795,27.523,17.515,0.250,0,4772956,139200,173532,2887980,6954.762,3588.973,76.063,312.259,4.003,20.017,5990,5849,2.220,1.820,1.060,2,0,462.383,0,0,17,238,0,21,0
15-06 15:43:59,57.213,21.986,19.737,0.250,0.250,4822176,185488,173552,2794256,14669.519,10480.226,1259.186,1722.886,62.959,105.932,7901,11481,2.220,1.820,1.060,5,0,272.824,0,0,17,239,0,24,0
15-06 15:44:00,55.233,28.241,15.245,0,0,4877224,128240,173556,2796148,5564.269,1565.513,187.942,351.891,5.998,22.993,7305,8435,2.280,1.840,1.080,4,0,407.873,0,0,17,241,0,24,0
15-06 15:44:01,54.448,26.851,17.652,0,0,4905856,159076,173568,2738392,12567.363,9587.873,1157.586,624.539,38.785,37.791,9271,16875,2.280,1.840,1.080,8,0,332.159,0,0,17,250,0,25,0
15-06 15:44:02,46.946,21.088,30.628,0.502,0,4918704,144708,173568,2739448,8511.549,4330.085,241.007,486.030,8.034,39.164,8055,12721,2.280,1.840,1.080,3,0,257.074,0,0,17,249,0,25,0
15-06 15:44:03,61.779,11.255,26.012,0,0.250,5079580,137472,173568,2589476,10985.149,7336.439,260.122,536.251,2.001,12.006,4079,2195,2.280,1.840,1.080,3,0,3.001,0,0,17,250,0,25,0
15-06 15:44:04,53.988,10.248,34.992,1.000,0,5056972,181008,173576,2569320,17533.999,13251.976,1087.752,11953.272,80.982,1060.758,6139,7410,2.280,1.840,1.080,5,0,20.995,0,0,17,254,0,30,0
15-06 15:44:05,62.449,11.990,23.481,0.500,0,5166432,140116,173576,2502616,8056.358,3973.724,1430.820,927.236,26.978,69.942,5447,5161,2.420,1.880,1.090,4,0,12.989,0,0,17,261,0,31,0
15-06 15:44:06,47.626,24.314,26.821,0.501,0,5123500,179320,173704,2506164,15988.295,12344.656,4291.352,1250.308,64.170,60.159,6971,7012,2.420,1.880,1.090,5,0,411.087,0,0,17,261,0,29,0
15-06 15:44:07,54.073,29.135,16.296,0,0,5162744,139648,173704,2507064,4859.142,1599.961,726.896,1331.326,17.777,72.097,7552,9205,2.420,1.880,1.090,14,0,464.186,0,0,17,265,0,31,0
15-06 15:44:08,57.322,22.474,18.939,0.253,0,5180748,145828,173708,2483692,11442.127,8734.117,1179.767,4294.838,32.322,172.723,7557,9191,2.420,1.880,1.090,6,0,190.904,0,0,18,267,0,31,0
15-06 15:44:09,79.012,17.253,3.000,0.250,0,5220108,137060,173708,2454496,7246.107,4169.637,1348.206,3692.564,46.007,250.038,6604,6323,2.420,1.880,1.090,4,1,78.012,0,0,18,270,0,32,0
15-06 15:44:10,79.224,13.538,5.766,0.752,0,5328292,155148,173728,2332708,10273.083,7245.512,2719.699,822.328,122.346,30.085,5226,3055,2.550,1.910,1.110,4,0,12.034,0,0,18,273,0,30,0
15-06 15:44:11,56.623,20.205,22.200,0.499,0,5307252,197900,173748,2311780,10359.820,7308.647,702.428,10955.487,17.960,178.600,7964,9685,2.550,1.910,1.110,4,0,225.495,0,0,18,276,0,32,0
15-06 15:44:12,41.540,10.945,46.266,0.249,0,5359028,164416,173748,2294324,8687.153,2727.235,811.902,302.473,8.955,27.859,4081,3334,2.550,1.910,1.110,3,0,6.965,0,0,18,279,0,32,0
15-06 15:44:13,31.910,9.045,57.790,0.251,0,5386108,138428,173748,2293432,37971.227,16821.271,518.598,2022.130,5.025,235.178,4016,3505,2.550,1.910,1.110,3,0,8.040,0,0,18,279,0,33,1
15-06 15:44:14,40.250,17.250,41.000,0.250,0,5348888,157344,173748,2311688,16531563.582,124896.571,2784.013,480.002,30.000,44.000,10068,5761,2.550,1.910,1.110,2,0,197.001,0,0,18,280,0,31,0
15-06 15:44:15,35.058,9.200,53.954,0.249,0,5407860,118576,173748,2292004,12787.803,9664.946,15.913,238.690,0.995,21.880,3798,2599,2.420,1.900,1.110,3,0,72.601,0,0,18,283,0,31,0
15-06 15:44:16,36.128,6.774,57.202,0.502,0,5385644,155832,173748,2277172,17041.167,13011.941,0,9525.632,0,949.352,4270,3111,2.420,1.900,1.110,2,0,5.018,0,0,18,283,0,33,0
15-06 15:44:17,33.577,5.513,59.135,0.251,0.251,5420632,139276,173748,2259776,182567.469,7331937.604,465.063,432.990,25.057,36.083,5246,5733,2.420,1.900,1.110,1,0,1.002,0,0,18,287,0,34,0
15-06 15:44:18,23.469,4.494,68.908,0,0,5376440,183456,173748,2259788,8367802.098,9098789.929,0,555.258,0,56.924,6625,5602,2.420,1.900,1.110,2,0,37.949,0,0,18,291,0,33,0
15-06 15:44:19,21.277,7.509,69.087,0.751,0,5306032,237692,173756,2275936,8383063.534,84586.719,96.121,829.046,4.005,74.093,8743,8444,2.420,1.900,1.110,2,0,68.086,0,0,18,288,0,36,0
15-06 15:44:20,15.500,20.500,62.501,0.250,0,5319284,224172,173756,2276188,5546.061,1704.019,200.002,332.004,12.000,14.000,6063,13545,2.230,1.860,1.100,2,0,434.005,0,0,18,288,0,37,0
15-06 15:44:21,23.222,3.745,72.162,0.250,0,5382216,161232,173760,2276192,5110.762,1510.157,0,367.551,0,23.971,2096,1620,2.230,1.860,1.100,2,0,0,0,0,18,288,0,37,0
15-06 15:44:22,11.512,16.016,70.322,0.250,0,5359052,184372,173760,2276216,5151.266,1567.602,0,1369.400,0,84.086,4691,3562,2.230,1.860,1.100,3,0,210.215,0,0,18,288,0,35,0
15-06 15:44:23,8.514,20.785,69.367,0,0,5350788,192596,173760,2276256,5020.488,1584.679,16.027,152.257,2.003,15.025,5389,4053,2.230,1.860,1.100,1,0,291.493,0,0,18,288,0,35,0
15-06 15:44:24,7.488,10.733,80.372,0,0,5345344,197996,173760,2276300,4500.821,1186.108,0,16553.597,0,65.895,3605,2993,2.230,1.860,1.100,1,0,169.729,0,0,18,292,0,35,0
15-06 15:44:25,10.494,3.498,84.201,0,0,5375052,168284,173760,2276304,4707.245,1349.210,0,0,0,0,1639,1529,2.050,1.830,1.090,2,0,8.995,0,0,18,292,0,35,0
15-06 15:44:26,19.742,2.749,76.718,0.250,0,5418252,125076,173760,2276312,11000.358,7275.930,0,259.890,0,22.990,2234,2022,2.050,1.830,1.090,2,0,0,0,0,18,293,0,34,0
15-06 15:44:27,18.278,7.511,72.609,0,0,5384880,158396,173760,2276392,8277.477,4794.227,64.097,192.290,4.006,20.030,3604,3130,2.050,1.830,1.090,1,0,99.149,0,0,18,296,0,35,0
15-06 15:44:28,12.747,16.745,69.981,0.250,0,5378420,164552,173764,2276656,4664.737,1565.576,7.998,5418.533,1.999,63.983,5336,3981,2.050,1.830,1.090,1,0,196.947,0,0,18,296,0,35,0
15-06 15:44:29,15.018,17.020,67.080,0.250,0,5356136,186664,173764,2276812,4551.451,1567.878,16.019,1037.242,1.001,65.078,5479,4754,2.050,1.830,1.090,1,0,188.225,0,0,18,300,0,35,0
15-06 15:44:30,15.509,11.757,71.040,0,0,5373112,169644,173764,2276856,3642.043,1080.606,4.002,44.025,1.001,5.003,3790,2711,2.130,1.850,1.100,1,0,120.067,0,0,18,300,0,34,0
15-06 15:44:31,22.167,4.234,72.479,0,0,5425780,116960,173764,2276856,4458.320,1452.565,0,7.970,0,0.996,2117,1680,2.130,1.850,1.100,2,0,0.996,0,0,18,300,0,34,0
15-06 15:44:32,23.340,3.263,72.026,0.502,0,5438300,124924,173764,2257296,4999.176,1626.238,405.556,184.709,13.050,22.085,2567,2325,2.130,1.850,1.100,1,0,4.015,0,0,18,304,0,34,0
15-06 15:44:33,23.434,2.992,71.548,0,0,5389628,173568,173768,2257320,4726.639,1615.433,0,12249.373,0,40.884,2368,1975,2.130,1.850,1.100,2,0,6.980,0,0,18,300,0,34,0
15-06 15:44:34,23.992,3.749,71.725,0.250,0,5440396,122736,173768,2257384,4904.307,1565.460,23.992,3178.903,3.999,409.859,2333,1908,2.130,1.850,1.100,3,0,0,0,0,18,300,0,34,0
15-06 15:44:35,16.507,4.752,77.534,0,0,5450228,133860,173768,2236648,12212.316,8847.852,0,76.033,0,5.002,2301,2031,2.040,1.840,1.100,1,0,3.001,0,0,18,302,1,35,0
15-06 15:44:36,18.003,1.500,79.765,0,0,5450828,133116,173768,2236792,17033.101,13261.414,0,96.017,0,7.001,2211,1984,2.040,1.840,1.100,2,0,1.000,0,0,18,306,0,36,0
15-06 15:44:37,22.720,5.493,70.657,0.250,0,5370852,213076,173768,2236808,4709.816,1364.209,0,183.759,0,23.969,2358,1835,2.040,1.840,1.100,3,0,14.980,0,0,18,300,0,36,0
15-06 15:44:38,24.034,2.503,72.601,0,0,5398816,185112,173768,2236808,4281.981,757.057,0,0,0,0,1895,1314,2.040,1.840,1.100,2,0,1.001,0,0,18,300,0,36,0
15-06 15:44:39,12.751,16.001,69.503,0.250,0,5316596,267144,173780,2236984,5392.224,1660.069,408.017,920.038,6.000,61.003,4640,4028,2.040,1.840,1.100,4,0,190.008,0,0,18,300,0,36,0
15-06 15:44:40,8.266,20.290,68.634,0.250,0,5321032,262560,173780,2237132,5382.506,1514.957,40.078,80.156,3.006,4.008,5328,3816,1.950,1.820,1.100,1,0,296.579,0,0,18,300,0,36,0
15-06 15:44:41,18.698,9.723,70.802,0,0,5337860,245668,173800,2237176,4729.746,1603.506,15.955,315.117,1.994,23.933,3510,2882,1.950,1.820,1.100,2,0,113.681,0,0,18,300,0,36,0
15-06 15:44:42,18.987,2.498,76.197,0.250,0,5369092,213204,173864,2238344,11329.153,4449.918,0,427.704,0,31.978,2241,1928,1.950,1.820,1.100,2,0,16.988,0,0,18,301,0,36,0
15-06 15:44:43,23.085,5.520,70.258,0.251,0,5364928,211452,174408,2243572,4906.025,1746.417,0,1268.661,0,23.085,5019,8764,1.950,1.820,1.100,1,0,7.026,0,0,18,300,0,36,0
15-06 15:44:44,18.202,4.737,75.051,0.249,0,5364120,211200,174452,2244572,8606.214,3285.302,3.989,355.060,0.997,4.987,4589,8439,1.950,1.820,1.100,1,0,7.979,0,0,18,301,0,36,0
15-06 15:44:45,21.760,7.003,69.783,0,0,5364268,210552,174504,2245024,6937.289,2252.068,216.102,232.110,11.005,6.003,7190,14871,1.960,1.830,1.110,4,0,13.006,0,0,18,301,0,36,0
15-06 15:44:46,21.542,5.010,72.391,0.250,0,5322916,257704,174632,2239080,5321.384,1689.297,8.016,1034.018,2.004,35.068,2412,1947,1.960,1.830,1.110,1,0,21.041,0,0,18,300,0,36,0
15-06 15:44:47,10.985,17.725,69.902,0,0.250,5351536,229076,174632,2239072,4659.478,1605.752,0,0,0,0,4804,3628,1.960,1.830,1.110,3,0,254.644,0,0,18,300,0,36,0
15-06 15:44:48,23.988,3.248,71.965,0,0,5399404,181036,174632,2239244,4857.611,1619.204,0,3.998,0,1.000,2092,1554,1.960,1.830,1.110,2,0,1.000,0,0,18,300,0,36,0
15-06 15:44:49,21.001,3.250,74.503,0.500,0,5417604,162648,174632,2239444,14390.588,11779.482,32.001,804.033,2.000,50.002,2749,2940,1.960,1.830,1.110,2,0,0,0,0,18,304,0,39,0
15-06 15:44:50,17.961,9.729,70.847,0,0,5430412,149812,174632,2239472,4550.190,1616.515,15.966,159.656,1.996,8.981,3248,2474,1.880,1.810,1.110,1,0,115.750,0,0,18,304,0,39,0
15-06 15:44:51,18.763,3.502,77.054,0,0,5394860,203428,174632,2221556,10350.192,7404.145,0,148.103,0,13.009,1892,1595,1.880,1.810,1.110,2,0,0,0,0,18,305,0,39,0
15-06 15:44:52,19.827,7.027,72.280,0,0,5379948,218332,174632,2221564,7777.100,4548.605,0,228.886,0,17.066,2957,2348,1.880,1.810,1.110,1,0,70.272,0,0,18,304,0,40,0
15-06 15:44:53,19.958,3.992,74.843,0.249,0,5391828,206448,174632,2221568,6449.479,3578.498,0,39.916,0,3.992,1990,1504,1.880,1.810,1.110,0,0,0,0,0,18,305,0,40,0
15-06 15:44:54,19.272,6.257,73.582,0,0,5306832,291428,174632,2221584,16838.810,12772.267,0,44.049,0,4.004,2966,2293,1.880,1.810,1.110,1,0,62.069,0,0,18,304,0,41,0
15-06 15:44:55,22.474,3.995,72.667,0,0,5365148,233112,174632,2221584,5214.018,1618.144,0,1690.061,0,326.625,2086,1518,1.810,1.800,1.100,2,0,0,0,0,18,304,0,37,0
15-06 15:44:56,19.223,2.746,76.394,0.999,0,5378140,220020,174632,2221684,15293.811,11782.676,79.889,2356.735,4.993,152.788,2582,2701,1.810,1.800,1.100,2,0,0,0,0,18,304,0,41,0
15-06 15:44:57,21.227,6.493,71.173,0,0,5401740,196420,174632,2221684,5605.971,1510.376,0,211.772,0,18.980,2609,2088,1.810,1.800,1.100,2,0,31.966,0,0,18,304,0,41,0
15-06 15:44:58,20.232,2.997,75.434,0,0.250,5427780,170372,174632,2221692,10456.834,6733.098,0,63.944,0,5.995,2150,1692,1.810,1.800,1.100,2,0,0.999,0,0,18,305,0,41,0
15-06 15:44:59,14.780,5.261,77.659,0.501,0,5417252,180812,174632,2221784,11768.098,6743.809,64.131,2312.736,4.008,177.363,3341,3627,1.810,1.800,1.100,1,0,47.096,0,0,18,304,0,39,0
15-06 15:45:00,22.260,3.251,73.282,0,0,5412656,185408,174632,2221784,5826.534,2265.986,0,64.028,0,8.003,2127,1731,1.740,1.790,1.100,4,0,0,0,0,18,305,0,39,0
15-06 15:45:01,18.258,5.002,75.785,0,0,5368880,229168,174632,2221800,14503.633,10985.024,0,84.038,0,6.003,2641,2178,1.740,1.790,1.100,3,0,35.016,0,0,18,304,0,42,0
15-06 15:45:02,22.704,3.742,72.603,0,0,5431864,166180,174632,2221804,4646.616,1293.388,0,0,0,0,2103,1626,1.740,1.790,1.100,2,0,0,0,0,18,304,0,42,0
15-06 15:45:03,15.004,2.001,82.022,0,0,5436908,161124,174632,2221816,15235.158,11331.092,0,124.034,0,13.004,2229,2160,1.740,1.790,1.100,3,0,0,0,0,18,305,0,37,0
15-06 15:45:04,13.247,11.997,72.731,0.500,0,5349432,248368,174768,2221912,6334.380,3307.154,135.965,243.938,3.999,24.994,4175,3338,1.740,1.790,1.100,2,0,179.954,0,0,18,306,0,38,0
15-06 15:45:05,4.250,1.500,91.502,1.250,0,5349028,247772,175172,2222508,10352.257,3490.087,988.024,204.005,247.006,8.000,1712,2132,1.600,1.760,1.100,1,0,2.000,0,0,18,306,0,38,0
15-06 15:45:06,8.272,8.021,82.967,0.251,0,5328360,268372,175172,2222576,19203.154,4998.054,0,296.775,0,23.060,3133,2978,1.600,1.760,1.100,1,0,128.335,0,0,18,306,0,39,0
15-06 15:45:07,10.743,14.990,72.201,0.250,0,5332240,264412,175172,2222656,5584.216,2092.582,143.902,459.689,15.989,34.976,4630,4057,1.600,1.760,1.100,2,0,209.858,0,0,18,304,0,33,0
15-06 15:45:08,20.709,4.491,72.108,1.497,0,5370796,213480,175176,2235012,4730.678,1616.814,3728.652,554.906,290.428,7.984,2707,2435,1.600,1.760,1.100,2,0,6.986,0,0,18,304,0,33,0
15-06 15:45:09,18.538,2.505,77.408,0.501,0,5378324,202788,175316,2237920,14354.266,5822.872,104.212,1571.203,8.016,41.084,2459,2547,1.600,1.760,1.100,0,0,16.033,0,0,18,305,0,33,0
15-06 15:45:10,17.773,8.010,72.345,1.252,0,5332296,242256,175508,2244216,6101.996,1862.440,1397.832,3660.797,25.033,116.152,3970,3697,1.560,1.740,1.100,1,0,100.131,0,0,18,304,0,33,0
15-06 15:45:11,14.458,15.206,68.301,0,0,5358900,215628,175508,2244240,4310.448,1645.209,3.988,2640.311,0.997,412.798,4408,3620,1.560,1.740,1.100,1,0,204.405,0,0,18,304,0,28,0
15-06 15:45:12,19.823,3.262,76.281,0.251,0,5393864,180656,175508,2244248,10340.049,7251.685,0,212.783,0,25.092,2343,2114,1.560,1.740,1.100,1,0,0,0,0,18,305,0,28,0
15-06 15:45:13,20.145,6.218,72.872,0.249,0,5340772,233728,175508,2244268,22559.933,19207.330,0,119.381,0,11.938,2780,2147,1.560,1.740,1.100,1,0,46.757,0,0,18,304,0,30,0
15-06 15:45:14,21.584,3.765,73.534,0,0,5400344,174152,175508,2244272,6265.239,3479.461,0,88.342,0,13.050,2023,1542,1.560,1.740,1.100,1,0,0,0,0,18,305,0,30,0
15-06 15:45:15,19.239,2.499,77.454,0.500,0,5376744,197312,175508,2244712,12400.702,8514.989,431.746,219.871,26.984,11.993,2333,1949,1.510,1.730,1.100,1,0,4.997,0,0,18,304,0,31,0
15-06 15:45:16,21.476,4.994,72.918,0,0,5433248,140808,175508,2244712,5143.186,1510.293,0,0,0,0,2199,1711,1.510,1.730,1.100,2,0,8.990,0,0,18,304,0,31,0
15-06 15:45:17,17.287,2.756,77.917,0.501,0.251,5439652,132872,175516,2246236,11343.283,8025.180,1491.192,521.116,49.105,67.144,2710,3062,1.510,1.730,1.100,3,0,0,0,0,18,305,0,31,0
15-06 15:45:18,32.465,6.992,57.937,0.749,0,5427540,144176,175516,2247044,6223.251,2802.960,990.925,1166.735,44.951,122.867,5587,7059,1.510,1.730,1.100,3,0,9.989,0,0,18,306,0,32,0
15-06 15:45:19,37.565,9.951,51.248,0.249,0,5449668,133548,175516,2235796,7152.809,3877.921,509.493,2320.583,3.980,60.701,3743,2842,1.510,1.730,1.100,3,0,7.961,0,0,18,307,0,25,0
15-06 15:45:20,28.694,6.796,62.926,0.503,0,5418688,164432,175516,2235736,12228.759,8773.374,346.344,982.650,7.048,95.647,5036,12231,1.390,1.700,1.090,1,0,37.252,0,0,18,307,0,26,0
15-06 15:45:21,17.002,13.501,68.257,0.250,0,5336132,246796,175516,2236084,6427.679,2846.301,0,772.082,0,66.007,4918,4616,1.390,1.700,1.090,3,0,177.019,0,0,18,306,0,27,0
15-06 15:45:22,8.000,22.500,66.499,0,0,5341728,241184,175516,2236100,4757.915,1457.974,0,487.991,0,29.999,5672,4244,1.390,1.700,1.090,2,0,362.993,0,0,18,306,0,27,0
15-06 15:45:23,8.505,23.765,66.542,0.500,0,5352684,230204,175516,2236124,4682.926,1621.013,0,2797.748,0,180.113,6177,5359,1.390,1.700,1.090,1,0,404.253,0,0,18,306,0,27,0
15-06 15:45:24,7.998,23.244,66.982,0,0,5344088,238780,175516,2236144,4964.684,1635.567,0,219.942,0,22.994,5842,4475,1.390,1.700,1.090,2,0,363.904,0,0,18,306,0,26,0
15-06 15:45:25,7.999,22.748,67.245,0,0,5333648,249200,175516,2236164,5171.597,1511.882,0,35.997,0,8.999,5858,4401,1.360,1.690,1.090,3,0,395.969,0,0,18,306,0,26,0
15-06 15:45:26,8.738,23.966,65.656,0.250,0,5318628,264196,175516,2236188,4810.137,1617.692,0,243.652,0,23.966,6203,5069,1.360,1.690,1.090,1,0,445.365,0,0,18,306,0,26,0
15-06 15:45:27,8.012,23.033,67.097,0.250,0,5313428,269368,175516,2236216,4867.031,1622.344,0,2379.437,0,387.560,6593,5426,1.360,1.690,1.090,1,0,492.712,0,0,18,306,0,26,0
15-06 15:45:28,9.251,21.753,67.758,0,0,5317976,264792,175516,2236244,4740.560,1620.191,0,100.012,0,12.001,5833,4431,1.360,1.690,1.090,1,0,381.045,0,0,18,306,0,25,0
15-06 15:45:29,8.996,22.989,67.219,0,0,5316164,266584,175516,2236264,4617.844,1619.244,0,515.759,0,35.983,6164,4940,1.360,1.690,1.090,1,0,415.806,0,0,18,306,0,25,0
15-06 15:45:30,7.491,21.973,67.668,0.250,0,5306520,276156,175516,2236336,4434.622,1618.038,31.961,1945.641,1.998,141.828,5953,4789,1.490,1.710,1.100,2,0,377.542,0,0,18,306,0,25,0
15-06 15:45:31,17.241,9.245,72.460,0,0,5330896,338692,175780,2160464,4592.485,1457.202,3.998,2418.676,0.999,24.986,2635,2256,1.490,1.710,1.100,2,0,59.967,0,0,18,306,0,25,0
15-06 15:45:32,23.753,3.000,72.508,0,0,5340776,324344,175888,2164816,5050.566,1620.182,16.002,844.095,3.000,4.000,2236,1754,1.490,1.710,1.100,1,0,16.002,0,0,18,306,0,25,0
15-06 15:45:33,14.250,1.750,81.998,1.000,0,5350372,313396,175948,2166104,24772.380,12766.680,843.979,1715.957,57.999,41.999,1876,1748,1.490,1.710,1.100,4,0,2.000,0,0,18,307,0,25,0
15-06 15:45:34,17.236,1.998,79.184,0.999,0,5373568,288476,176060,2167708,24727.238,14681.672,1103.074,1566.685,68.942,50.957,1959,1746,1.490,1.710,1.100,0,0,0,0,0,18,307,0,25,0
15-06 15:45:35,17.015,1.251,79.819,0.751,0,5386448,273824,176164,2169372,25321.041,13880.082,1457.268,1689.471,74.064,55.048,1928,1778,1.450,1.700,1.100,2,0,0,0,0,18,307,0,25,0
15-06 15:45:36,16.996,2.749,77.231,1.500,0,5380740,249884,176244,2198932,20767.006,11414.255,12616.966,1367.671,162.961,52.987,2208,1949,1.450,1.700,1.100,2,0,0,0,0,18,307,0,24,0
15-06 15:45:37,22.937,3.490,72.552,0.997,0,5392744,223212,176248,2213588,4026.988,1495.909,0,1595.637,0,78.785,2349,2139,1.450,1.700,1.100,2,0,0.997,0,0,18,307,0,24,0
15-06 15:45:38,25.071,2.758,70.700,0.752,0,5393808,205840,176312,2229412,5882.661,1570.448,0,4773.519,0,193.548,2795,3027,1.450,1.700,1.100,1,0,1.003,0,0,18,307,0,24,0
15-06 15:45:39,24.559,2.255,71.170,0.752,0,5404212,175888,176420,2248620,5028.006,1609.844,0,2265.409,0,95.227,2739,2801,1.450,1.700,1.100,2,0,0,0,0,18,307,0,24,0
15-06 15:45:40,21.927,3.987,71.512,0.997,0,5398812,168604,176680,2260812,4710.322,1560.805,0,17198.757,0,178.406,2683,2750,1.500,1.700,1.100,4,0,0,0,0,18,307,0,23,0
15-06 15:45:41,23.752,3.250,71.505,0.750,0,5397296,144928,177168,2285220,4489.314,1512.106,0,2608.182,0,107.007,2651,2639,1.500,1.700,1.100,3,0,0,0,0,18,307,0,23,0
15-06 15:45:42,23.771,3.753,71.813,0.250,0,5364072,188408,177612,2274260,5012.378,1741.521,0,1669.458,0,67.059,2593,2413,1.500,1.700,1.100,2,0,2.002,0,0,18,306,0,23,0
15-06 15:45:43,17.773,4.005,77.098,0,0,5400812,151620,177640,2274280,11494.636,4434.647,0,1373.749,0,184.235,2172,1732,1.500,1.700,1.100,2,0,33.042,0,0,18,307,0,23,0
15-06 15:45:44,22.507,3.751,72.773,0.250,0,5394900,151132,177744,2280508,5187.670,1752.564,0,1444.465,0,23.007,2206,1793,1.500,1.700,1.100,2,0,8.003,0,0,18,306,0,23,0
15-06 15:45:45,22.909,5.727,69.473,0,0,5402488,142344,177764,2281668,4960.258,1613.578,0,442.240,0,9.960,9263,17168,1.450,1.690,1.100,2,0,8.964,0,0,18,306,0,23,0
15-06 15:45:46,21.526,7.759,69.332,0,0,5402380,142344,177780,2281760,5002.929,1621.922,0,176.209,0,2.002,8578,16604,1.450,1.690,1.100,2,0,19.023,0,0,18,306,0,23,0
15-06 15:45:47,23.042,4.258,71.629,0,0,5362976,189176,177788,2274372,4045.310,1460.640,0,1899.432,0,25.045,3034,2843,1.450,1.690,1.100,2,0,50.091,0,0,18,306,0,23,0
15-06 15:45:48,22.729,6.744,68.686,0.749,0,5383580,168552,177788,2274392,4495.830,1618.499,0,535.503,0,20.981,9785,17697,1.450,1.690,1.100,2,0,25.976,0,0,18,306,0,23,0
15-06 15:45:49,19.216,3.494,76.117,0,0,5386072,160488,177804,2279948,10825.069,4433.247,0,874.471,0,20.963,2176,1914,1.450,1.690,1.100,2,0,16.970,0,0,18,307,0,23,0
15-06 15:45:50,23.310,4.261,70.682,0.251,0,5389384,156232,177836,2280808,4433.393,1798.622,16.041,613.577,1.003,18.046,7346,13137,1.420,1.680,1.100,5,0,7.018,0,0,18,306,0,23,0
15-06 15:45:51,22.289,6.762,69.121,0,0,5382124,162468,177836,2281816,4302.507,1460.549,0,845.475,0,34.059,9303,17112,1.420,1.680,1.100,1,0,13.023,0,0,18,306,0,23,0
15-06 15:45:52,23.716,6.740,68.651,0,0.250,5373912,170640,177844,2281848,4429.581,1563.734,0,571.172,0,17.974,5253,7928,1.420,1.680,1.100,1,0,17.974,0,0,18,306,0,19,0
15-06 15:45:53,23.713,4.493,70.641,0,0,5372252,179748,177844,2274452,5004.290,1509.674,0,914.591,0,158.755,2819,2158,1.420,1.680,1.100,2,0,23.963,0,0,18,306,0,19,0
15-06 15:45:54,22.955,7.236,68.366,0.250,0,5357712,194272,177844,2274468,4688.777,1455.138,0,495.026,0,16.967,3575,3232,1.420,1.680,1.100,3,0,100.802,0,0,18,306,0,19,0
15-06 15:45:55,23.539,3.506,72.620,0,0,5369500,172384,177844,2284536,5454.996,1568.587,0,8.013,0,2.003,2168,1690,1.380,1.670,1.100,3,0,3.005,0,0,18,306,0,19,0
15-06 15:45:56,16.749,1.250,79.744,0,0,5365936,174800,177864,2285600,16178.700,5096.591,4.000,1175.906,1.000,26.998,2025,1841,1.380,1.670,1.100,2,0,15.999,0,0,18,307,0,14,0
15-06 15:45:57,14.250,1.750,82.501,1.000,0,5381532,158852,177944,2285856,25871.319,14326.177,0,1936.024,0,76.001,2006,2069,1.380,1.670,1.100,2,0,0,0,0,18,307,0,14,0
15-06 15:45:58,9.761,1.502,87.100,0.751,0,5378976,160780,178128,2286276,159750.216,16950.440,0,1617.856,0,61.070,1895,1834,1.380,1.670,1.100,1,0,1.001,0,0,18,308,0,14,0
15-06 15:45:59,17.715,1.996,78.343,0.499,0,5396796,142604,178260,2286492,25909.240,11814.398,0,1976.052,0,87.825,2161,2153,1.380,1.670,1.100,2,0,0,0,0,18,308,0,14,0
15-06 15:46:00,15.535,1.503,81.436,0.501,0,5402872,136068,178368,2286820,27303.354,11957.308,32.073,8675.813,1.002,260.595,1973,1960,1.510,1.690,1.110,1,0,0,0,0,18,308,0,13,0
15-06 15:46:01,7.989,1.248,87.880,0.999,0,5401384,136924,178644,2287356,363162.542,22078.878,27.962,2528.550,3.995,105.856,2195,2262,1.510,1.690,1.110,1,0,0,0,0,18,308,0,13,0
15-06 15:46:02,6.012,1.753,90.926,0.751,0,5399692,138144,178888,2287584,91242.408,14994.991,0,2007.882,0,84.163,1763,2036,1.510,1.690,1.110,2,0,0,0,0,18,308,0,13,0
15-06 15:46:03,11.211,1.495,85.450,0,0,5397232,131064,178992,2296964,370228.124,18896.603,103.636,1147.966,5.979,39.860,2109,1878,1.510,1.690,1.110,1,0,0.996,0,0,18,308,0,13,0
15-06 15:46:04,4.502,2.251,90.544,0.500,0,5395244,124076,179012,2305912,4916467.303,69807.939,0,2441.187,0,177.086,4602,3472,1.510,1.690,1.110,1,0,1.000,0,0,18,308,0,13,0
15-06 15:46:05,6.736,3.493,84.827,0.249,0,5369272,141776,179072,2314268,10357102.657,138076.539,0,4977.853,0,27.943,8902,4091,1.390,1.660,1.100,1,0,1.996,0,0,18,308,0,9,0
15-06 15:46:06,14.561,4.519,79.331,1.004,0,5369684,125424,179276,2329924,3287145.774,47239.895,164.686,25092.586,4.017,189.791,4589,2774,1.390,1.660,1.100,2,0,2.008,0,0,18,308,0,9,0
15-06 15:46:07,21.982,4.496,71.442,0.749,0,5370248,156008,182100,2296656,4292.508,1294.947,0,4420.404,0,101.917,2525,2255,1.390,1.660,1.100,1,0,0,0,0,18,308,0,9,0
15-06 15:46:08,22.012,4.502,72.288,0.250,0,5385388,119924,183024,2316152,4100.179,1458.775,0,1524.810,0,43.023,2320,1931,1.390,1.660,1.100,3,0,1.001,0,0,18,308,0,9,0
15-06 15:46:09,24.212,3.994,70.140,0.499,0,5390220,138292,183348,2293020,3869.947,1293.976,0,1545.583,0,64.898,2666,2540,1.390,1.660,1.100,4,0,0,0,0,18,308,0,7,0
15-06 15:46:10,20.833,6.275,70.781,0.753,0.251,5387596,127532,184280,2305656,4578.151,1626.448,0,58214.807,0,436.732,2801,2947,1.360,1.650,1.100,2,0,0,0,0,18,308,0,7,0
15-06 15:46:11,23.206,4.242,70.368,0.749,0,5381604,146392,185180,2292044,4237.052,1455.270,0,33904.402,0,293.450,2982,3106,1.360,1.650,1.100,0,1,0,0,0,18,308,0,7,0
15-06 15:46:12,23.930,3.739,71.043,0.499,0,5396672,122580,186524,2299292,4845.871,1657.168,0,825.593,0,40.881,2490,2214,1.360,1.650,1.100,3,0,0,0,0,18,308,0,7,0
15-06 15:46:13,24.555,3.007,71.159,0.752,0,5393684,131696,187252,2292628,4588.259,1461.267,16.036,2802.266,1.002,55.123,2611,2333,1.360,1.650,1.100,3,0,0,0,0,18,308,0,7,0
15-06 15:46:14,23.016,7.255,65.797,1.751,0,5398436,202572,187216,2218504,5103.624,1621.151,0,154725.857,0,1269.902,5154,5385,1.360,1.650,1.100,4,0,1.001,0,0,18,308,0,7,0
15-06 15:46:15,21.962,4.991,72.625,0.250,0,5350072,285836,187304,2183548,6031.584,1802.887,7.986,1293.766,1.997,156.729,2306,1764,1.330,1.640,1.100,2,0,18.967,0,0,18,306,0,7,0
15-06 15:46:16,18.539,3.507,76.661,0.251,0,5350620,280256,187360,2188492,12188.665,4582.650,12.025,1543.250,2.004,18.038,2114,1752,1.330,1.640,1.100,4,0,18.038,0,0,18,306,0,7,0
15-06 15:46:17,24.222,4.495,69.919,0,0,5381324,247356,187400,2190632,5154.048,1618.131,0,631.271,0,17.979,10225,18745,1.330,1.640,1.100,2,0,6.992,0,0,18,306,0,3,0
15-06 15:46:18,27.309,9.020,62.135,0,0,5421836,206028,187408,2191424,4750.300,1623.520,717.556,2288.963,20.043,9.020,4779,6272,1.330,1.640,1.100,4,0,16.035,0,0,18,306,0,3,0
15-06 15:46:19,39.951,12.735,46.194,0,0.250,5461964,165796,187416,2191520,5093.805,1618.032,511.378,571.305,3.995,23.971,8520,12923,1.330,1.640,1.100,3,0,22.972,0,0,18,306,0,3,0
15-06 15:46:20,25.971,5.993,67.425,0.250,0,5379964,255200,187416,2184132,4674.782,1618.194,259.710,811.095,2.997,26.970,2675,2204,1.300,1.630,1.100,4,0,8.990,0,0,18,306,0,3,0
15-06 15:46:21,24.971,6.742,64.426,2.247,0,5392052,237884,187416,2189360,4709.624,1456.337,2816.784,1502.285,341.610,22.974,3756,11583,1.300,1.630,1.100,3,0,33.961,0,0,18,307,0,1,0
15-06 15:46:22,25.811,4.511,66.407,2.005,0,5392188,236916,187420,2190188,5412.836,1665.951,457.084,5513.074,30.071,412.979,7254,10716,1.300,1.630,1.100,4,1,0,0,0,18,309,0,7,0
15-06 15:46:23,18.015,12.260,66.056,1.001,0,5325592,302860,187424,2190836,4729.990,1567.322,540.456,1997.685,28.024,186.157,6024,6923,1.300,1.630,1.100,2,0,168.142,0,0,18,308,0,7,0
15-06 15:46:24,10.478,18.960,68.855,0.249,0,5321544,306012,187424,2191732,4761.972,1508.823,874.159,355.252,9.979,20.956,5163,3841,1.300,1.630,1.100,2,0,261.449,0,0,18,310,0,7,0
15-06 15:46:25,10.243,5.247,76.201,7.245,0,5308264,310916,187436,2200096,5374.521,2579.330,8350.595,5432.484,1528.011,479.690,3816,5396,1.280,1.620,1.100,1,0,25.983,0,0,18,309,0,9,0
15-06 15:46:26,1.502,0.501,95.890,0,0,5306560,312624,187436,2200092,24973.358,3498.093,0,424.618,0,23.034,1216,1718,1.280,1.620,1.100,3,0,0,0,0,18,309,0,9,0
15-06 15:46:27,6.244,4.246,88.166,0.250,0,5285812,331980,187436,2201484,230693.410,8456.950,167.840,803.235,8.991,27.973,2220,2482,1.280,1.620,1.100,3,0,18.982,0,0,18,308,0,10,1
15-06 15:46:28,2.253,2.754,93.641,0,0,5279424,337700,187436,2202152,668614.879,12069.193,0,28.042,0,7.011,1950,1809,1.280,1.620,1.100,2,0,17.026,0,0,18,308,0,10,0
15-06 15:46:29,2.244,1.247,95.733,0.249,0,5277456,339656,187436,2202164,4505.431,1453.944,0,945.363,0,46.869,1268,1846,1.280,1.620,1.100,0,0,0,0,0,18,308,0,10,0
15-06 15:46:30,0.751,0.501,97.689,0,0,5276740,340372,187436,2202164,4368.455,1124.176,0,56.109,0,8.016,976,1447,1.180,1.590,1.090,1,0,0,0,0,18,308,0,10,0
15-06 15:46:31,1.249,0.499,96.892,0,0,5276740,340372,187436,2202164,4026.511,1174.691,0,71.920,0,5.993,967,1365,1.180,1.590,1.090,0,0,0,0,0,18,308,0,10,0
15-06 15:46:32,2.254,0.501,96.667,0.250,0,5276740,340372,187436,2202164,4251.341,865.495,0,64.111,0,9.016,1042,1430,1.180,1.590,1.090,1,0,0,0,0,18,308,0,10,0
15-06 15:46:33,1.749,1.250,95.718,0,0,5276716,340372,187436,2202188,5370.207,1553.481,15.995,295.901,1.000,33.989,1332,1933,1.180,1.590,1.090,2,0,1.999,0,0,18,308,0,10,0
15-06 15:46:34,2.248,0.749,96.147,0,0.250,5276684,340372,187436,2202220,5020.623,1564.325,0,35.961,0,3.996,1068,1352,1.180,1.590,1.090,1,0,0,0,0,18,308,0,10,0
15-06 15:46:35,1.249,0.750,96.948,0.250,0,5276684,340372,187436,2202220,5159.216,1619.126,0,319.827,0,18.990,966,1401,1.080,1.570,1.090,1,0,0,0,0,18,308,0,10,0
15-06 15:46:36,0.500,0.500,97.687,0,0,5276684,340372,187436,2202220,5593.412,1618.962,0,59.962,0,4.997,875,1232,1.080,1.570,1.090,1,0,0,0,0,18,308,0,10,0
15-06 15:46:37,2.504,0.751,96.408,0,0,5276680,340372,187436,2202224,5408.886,1622.666,0,120.197,0,18.030,1020,1387,1.080,1.570,1.090,2,0,0,0,0,18,308,0,10,0
15-06 15:46:38,1.000,0.750,97.542,0,0,5276680,340372,187436,2202224,5522.396,1620.703,0,0,0,0,977,1286,1.080,1.570,1.090,1,0,1.000,0,0,18,308,0,10,0
15-06 15:46:39,1.998,0.999,95.674,0.500,0,5276676,340372,187436,2202228,6239.030,1712.636,0,415.669,0,25.979,1375,1919,1.080,1.570,1.090,2,0,0,0,0,18,308,0,10,0
15-06 15:46:40,1.001,0.500,98.073,0,0,5276676,340372,187436,2202228,5704.265,1621.212,0,44.033,0,4.003,863,1241,1,1.540,1.080,1,0,0,0,0,18,308,0,10,0
15-06 15:46:41,1.248,0.749,95.591,0,0,5268984,348056,187436,2202236,4946.756,1455.574,0,1425.624,0,259.567,1256,1768,1,1.540,1.080,1,0,0,0,0,18,308,0,10,0
15-06 15:46:42,2.254,0.751,96.400,0.501,0,5268984,348056,187436,2202236,4507.031,1622.531,0,104.162,0,13.020,1196,1671,1,1.540,1.080,1,0,0,0,0,18,308,0,10,0
15-06 15:46:43,1.500,0.750,96.483,0,0,5268968,348056,187436,2202252,4517.182,1457.736,0,211.962,0,22.996,1281,1907,1,1.540,1.080,1,0,0,0,0,18,308,0,10,0
15-06 15:46:44,1.248,0.499,97.094,0,0,5268968,348056,187436,2202252,4802.301,1617.407,0,107.827,0,7.987,843,1255,1,1.540,1.080,1,0,0,0,0,18,308,0,10,0
15-06 15:46:45,1.503,3.256,93.665,0.501,0,5261352,355672,187436,2202252,4836.529,1460.576,0,93512.904,0,871.537,2210,2601,1,1.530,1.080,1,0,0,0,0,18,308,0,10,0
15-06 15:46:46,0.750,0.500,97.516,0,0,5261356,355672,187436,2202252,5057.814,1620.261,0,272.044,0,4.001,989,1367,1,1.530,1.080,1,0,0,0,0,18,308,0,10,0
15-06 15:46:47,1.247,3.492,94.047,0,0,5252056,364968,187436,2202256,4448.379,1454.853,0,0,0,0,1042,1252,1,1.530,1.080,1,0,0,0,0,18,308,0,10,0
15-06 15:46:48,7.521,16.545,74.704,0,0,5262432,354392,187436,2202456,4813.175,1624.447,180.494,4.011,9.025,1.003,4648,3783,1,1.530,1.080,1,0,319.876,0,0,18,308,0,10,0
15-06 15:46:49,8.754,19.759,69.281,0.250,0,5272592,344324,187436,2202480,3859.751,1458.662,0,296.134,0,24.011,6048,5088,1,1.530,1.080,3,0,370.168,0,0,18,308,0,10,0
15-06 15:46:50,7.999,20.248,69.993,0,0,5274156,342736,187436,2202504,4499.536,1619.833,0,119.988,0,5.999,5589,4319,1,1.520,1.080,1,0,343.965,0,0,18,308,0,10,0
15-06 15:46:51,8.010,20.274,69.083,0,0,5282232,334644,187436,2202520,4420.295,1459.749,0,72.086,0,6.007,5674,4314,1,1.520,1.080,1,0,369.443,0,0,18,308,0,10,0
15-06 15:46:52,8.993,22.482,67.196,0,0,5279244,337604,187436,2202548,4676.219,1618.691,3.997,611.506,0.999,126.897,5928,4629,1,1.520,1.080,1,0,406.671,0,0,18,308,0,10,0
15-06 15:46:53,8.991,20.229,68.429,0.250,0,5274712,342088,187436,2202596,5036.787,1618.325,19.979,403.582,0.999,32.966,6019,4981,1,1.520,1.080,2,0,379.607,0,0,18,308,0,10,0
15-06 15:46:54,18.456,4.988,75.071,0.499,0,5330544,282440,187628,2206220,5460.009,2290.550,3806.942,47.886,103.753,4.988,3164,2862,1,1.520,1.080,1,0,40.903,0,0,18,309,0,10,0
15-06 15:46:55,3.010,1.505,94.066,0,0,5330656,282256,187632,2206288,50465.590,3172.662,4.013,2693.050,1.003,19.064,1445,1925,1,1.510,1.080,0,0,3.010,0,0,18,309,0,10,0
15-06 15:46:56,3.971,1.241,93.067,0.248,0,5319136,293548,187632,2206524,236748.315,8094.621,0,488.417,0,25.811,1901,2480,1,1.510,1.080,2,0,1.985,0,0,18,309,0,12,0
15-06 15:46:57,3.270,0.755,94.816,0,0,5318396,293860,187632,2206952,464046.836,14257.068,0,189.128,0,19.114,1723,2038,1,1.510,1.080,2,0,0,0,0,18,309,0,12,0
15-06 15:46:58,2.000,1.750,94.491,0,0,5316456,295108,187632,2207644,737279.855,19738.176,0,4.000,0,1.000,1977,1808,1,1.510,1.080,0,0,1.000,0,0,18,309,0,12,0
15-06 15:46:59,2.503,1.502,94.619,0.250,0,5314880,296000,187632,2208328,730121.411,21141.478,0,2743.436,0,51.064,2136,2301,1,1.510,1.080,0,0,0,0,0,18,309,0,12,0
15-06 15:47:00,1.248,0.499,96.608,0,0,5314844,296000,187636,2208360,63831.244,2676.069,3.994,2144.850,0.999,19.971,1072,1393,0.920,1.490,1.070,1,0,0,0,0,18,309,0,12,0
15-06 15:47:01,1.501,0.750,96.552,0,0,5314608,296000,187636,2208596,217240.512,6309.413,0,4.002,0,1.001,1214,1451,0.920,1.490,1.070,1,0,0,0,0,18,309,0,12,0
15-06 15:47:02,2.251,0.750,96.288,0.250,0,5314192,296000,187636,2209012,442949.838,11296.433,0,804.316,0,167.066,1598,1660,0.920,1.490,1.070,0,0,0,0,0,18,309,0,12,0
15-06 15:47:03,1.999,1.999,94.462,0.500,0,5314780,294796,187636,2209628,599488.371,15304.806,47.981,1747.293,2.999,30.987,2051,2239,0.920,1.490,1.070,1,0,0,0,0,18,309,0,12,0
15-06 15:47:04,1.751,0,96.543,0,0,5307256,302180,187636,2209768,143674.726,3379.499,0,204.091,0,7.003,1064,1429,0.920,1.490,1.070,2,0,0,0,0,18,309,0,12,0
15-06 15:47:05,1.748,1.498,95.116,0.250,0,5307676,301704,187636,2209824,201692.301,4348.861,0,3562.971,0,158.776,1548,2194,0.840,1.460,1.070,2,0,0,0,0,18,309,0,12,0
15-06 15:47:06,1.249,0.749,96.136,0.250,0,5307448,301704,187636,2210052,89905.440,2445.102,0,419.503,0,20.975,1128,1419,0.840,1.460,1.070,1,0,0,0,0,18,309,0,12,0
15-06 15:47:07,1.252,1.001,96.627,0,0,5307856,300948,187636,2210400,372137.961,5521.269,0,424.559,0,8.011,1220,1401,0.840,1.460,1.070,2,0,0,0,0,18,309,0,12,0
15-06 15:47:08,2.755,1.503,94.664,0,0.250,5306616,302052,187640,2210532,282706.444,4105.093,4.007,288.498,1.002,4.007,1326,1427,0.840,1.460,1.070,2,0,1.002,0,0,18,308,0,13,0
15-06 15:47:09,14.017,13.016,68.835,3.004,0,5364232,220336,188196,2234072,4417.476,1513.877,4894.066,22604.019,154.191,624.774,5933,7206,0.840,1.460,1.070,2,0,71.088,0,0,18,308,0,13,0
15-06 15:47:10,8.746,15.243,69.216,4.248,0,5350108,225704,188888,2241488,4363.867,1565.235,31.984,15904.225,3.998,1645.196,8092,10773,0.940,1.470,1.070,2,0,127.937,0,0,18,308,0,13,0
15-06 15:47:11,23.008,8.003,66.524,0.500,0,5361136,213484,188908,2242548,4638.705,1620.596,0,1644.604,0,100.037,3745,3136,0.940,1.470,1.070,2,0,32.012,0,0,18,308,0,13,0
15-06 15:47:12,23.146,7.964,66.948,0.996,0,5355104,218492,188960,2243344,4848.166,1654.549,0,1588.844,0,100.547,3755,3232,0.940,1.470,1.070,3,0,33.848,0,0,18,308,0,13,0
15-06 15:47:13,23.072,7.523,67.711,0.502,0,5359388,211860,189176,2245164,4333.480,1625.055,32.100,1962.104,1.003,221.690,3580,3221,0.940,1.470,1.070,3,0,26.081,0,0,18,308,0,13,0
15-06 15:47:14,22.987,5.747,70.210,0.500,0,5349456,216892,189316,2248932,4917.180,1689.031,183.895,1143.344,42.975,39.977,2772,2322,0.940,1.470,1.070,2,0,13.992,0,0,18,308,0,13,0
15-06 15:47:15,17.261,9.256,70.293,1.751,0,5390724,156820,188704,2268440,5583.405,1620.989,436.266,5575.400,33.020,120.073,3971,4931,0.940,1.460,1.070,0,1,32.020,0,0,18,308,0,13,0
15-06 15:47:16,16.254,10.502,71.517,0,0,5392140,150316,189012,2270024,4836.129,1458.340,1840.429,0,55.013,0,2839,2233,0.940,1.460,1.070,1,0,36.008,0,0,18,308,0,13,0
15-06 15:47:17,21.667,4.483,72.471,0.498,0,5401036,141232,189052,2270228,4791.556,1613.788,251.034,2657.769,18.927,8.965,2588,1892,0.940,1.460,1.070,2,0,33.870,0,0,18,308,0,13,0
15-06 15:47:18,18.073,5.020,76.306,0,0,5376244,222688,189060,2214852,4656.682,1463.873,433.740,8.032,11.044,2.008,2450,2008,0.940,1.460,1.070,4,0,20.081,0,0,18,308,0,13,0
15-06 15:47:19,19.989,7.246,71.709,0,0,5374580,224348,189060,2214856,4557.406,1619.079,511.709,463.736,3.998,31.982,2734,2443,0.940,1.460,1.070,2,0,7.995,0,0,18,308,0,13,0
15-06 15:47:20,6.496,1.999,90.697,0,0,5360156,238768,189060,2214860,4275.496,1457.147,255.850,31.981,1.999,3.998,1376,1453,0.870,1.440,1.070,2,0,0.999,0,0,18,308,0,13,0
15-06 15:47:21,7.243,3.746,88.167,0,0,5334112,264792,189060,2214864,4872.422,1660.440,0,2833.338,0,192.819,2269,5772,0.870,1.440,1.070,1,0,35.966,0,0,18,308,0,14,0
15-06 15:47:22,1.249,0.500,96.699,0.250,0,5327388,271544,189060,2214864,4755.508,1457.237,0,51.973,0,6.996,950,1313,0.870,1.440,1.070,1,0,0,0,0,18,308,0,7,0
15-06 15:47:23,1.999,0.500,95.444,0.250,0,5321240,277684,189060,2214872,4285.507,1457.152,0,1575.084,0,244.858,1369,1878,0.870,1.440,1.070,1,0,0,0,0,18,308,0,7,0
15-06 15:47:24,1.500,0.750,96.998,0.250,0,5316312,282608,189060,2214876,3787.910,1187.972,0,43.999,0,5.000,925,1303,0.870,1.440,1.070,1,0,0,0,0,18,308,0,7,0
15-06 15:47:25,1.751,0.500,97.029,0,0,5311808,287112,189060,2214876,4485.330,1404.416,0,4.001,0,1.000,881,1240,0.800,1.410,1.060,1,0,0,0,0,18,308,0,7,0
15-06 15:47:26,1.503,1.002,96.716,0.251,0,5307864,291056,189060,2214876,5116.439,1569.509,0,296.663,0,27.061,1244,1729,0.800,1.410,1.060,1,0,0,0,0,18,308,0,5,0
15-06 15:47:27,2.248,0.500,96.673,0,0,5304416,294504,189060,2214876,4274.611,1456.845,0,83.933,0,11.990,1151,1679,0.800,1.410,1.060,1,0,0,0,0,18,308,0,5,0
15-06 15:47:28,1.245,0.498,96.891,0,0,5301400,297520,189060,2214876,4064.947,1614.023,0,0,0,0,1023,1370,0.800,1.410,1.060,1,0,0.996,0,0,18,308,0,5,0
15-06 15:47:29,1.755,0.752,96.260,0.251,0,5298564,300348,189060,2214884,4391.842,1624.380,0,417.125,0,38.103,1190,1796,0.800,1.410,1.060,0,0,0,0,0,18,308,0,5,0
15-06 15:47:30,1.252,0.250,98.155,0,0,5297656,301256,189060,2214884,4687.425,1622.570,0,52.082,0,6.010,894,1302,0.730,1.390,1.060,0,0,0,0,0,18,308,0,5,0
15-06 15:47:31,1.000,0.500,97.512,0,0,5296460,302452,189060,2214884,4849.613,1512.191,0,0,0,0,941,1292,0.730,1.390,1.060,1,0,0,0,0,18,308,0,4,0
15-06 15:47:32,1.247,0.249,97.283,0,0,5295920,302992,189060,2214884,4968.898,1616.389,0,0,0,0,889,1297,0.730,1.390,1.060,1,0,0,0,0,18,308,0,4,0
15-06 15:47:33,1.002,0.752,96.953,0,0,5295788,302992,189060,2215016,5277.055,1569.287,0,0,0,0,1099,1403,0.730,1.390,1.060,1,0,2.004,0,0,18,308,0,4,0
15-06 15:47:34,1.999,1.499,96.467,0,0,5295744,302992,189060,2215060,4946.300,1457.499,7.997,575.802,1.999,127.956,1058,1395,0.730,1.390,1.060,1,0,1.000,0,0,18,308,0,4,0
15-06 15:47:35,0.749,0.499,97.357,0,0,5295744,302992,189060,2215060,4884.837,1509.786,0,0,0,0,833,1272,0.670,1.370,1.050,1,0,0,0,0,18,308,0,4,0
15-06 15:47:36,1.002,0.501,97.695,0,0,5295740,302992,189060,2215064,5385.740,1460.913,0,104.208,0,9.018,983,1331,0.670,1.370,1.050,1,0,0,0,0,18,308,0,4,0
15-06 15:47:37,1.499,1.000,96.706,0,0,5295740,302992,189060,2215064,4875.799,1457.342,0,47.978,0,5.997,999,1326,0.670,1.370,1.050,1,0,0,0,0,18,308,0,4,0
15-06 15:47:38,1.999,0.500,95.679,0.250,0,5295736,302992,189060,2215068,5773.697,1456.914,0,255.809,0,22.983,1371,1840,0.670,1.370,1.050,1,0,0.999,0,0,18,308,0,4,0
15-06 15:47:39,2.247,0.749,95.892,0,0,5295736,302992,189060,2215068,5158.167,1402.414,0,91.896,0,11.986,1354,1938,0.670,1.370,1.050,1,0,0,0,0,18,308,0,4,0
15-06 15:47:40,1.002,1.002,97.665,0,0,5295736,302992,189060,2215068,6392.828,1554.633,0,0,0,0,904,1252,0.620,1.340,1.040,1,0,0,0,0,18,308,0,4,0
15-06 15:47:41,1.501,0.500,96.058,0.500,0,5295704,302992,189068,2215092,5452.308,1512.918,8.005,1512.918,2.001,55.033,1289,1849,0.620,1.340,1.040,1,0,0,0,0,18,308,0,4,0
15-06 15:47:42,1.748,0.999,96.390,0,0,5295700,302992,189068,2215096,4175.250,1078.773,0,171.805,0,12.985,1162,1663,0.620,1.340,1.040,1,0,0,0,0,18,308,0,4,0
15-06 15:47:43,1.500,0.750,97.004,0,0,5295448,303244,189068,2215096,4938.185,1458.055,0,0,0,0,1022,1306,0.620,1.340,1.040,1,0,0,0,0,18,308,0,4,0
15-06 15:47:44,1.001,0.500,97.337,0,0,5295448,303244,189068,2215096,4582.118,1459.311,0,176.158,0,11.010,939,1329,0.620,1.340,1.040,1,0,0,0,0,18,308,0,4,0
15-06 15:47:45,1.497,0.499,97.064,0,0,5295448,303244,189068,2215096,5210.026,1616.904,0,582.884,0,120.769,1025,1367,0.570,1.320,1.040,1,0,0,0,0,18,308,0,4,0
15-06 15:47:46,1.250,2.000,95.233,0.250,0,5295448,303244,189068,2215096,5056.109,1619.714,0,55290.252,0,79.986,1157,1525,0.570,1.320,1.040,1,0,0,0,0,18,308,0,4,0
15-06 15:47:47,1.752,0.751,96.101,0.250,0,5295440,303244,189068,2215104,4504.734,1621.704,0,244.257,0,12.013,1220,1755,0.570,1.320,1.040,1,0,0,0,0,18,308,0,4,0
15-06 15:47:48,8.762,3.505,83.615,3.004,0,5314232,281432,189416,2217040,4325.966,1622.237,2279.143,276.381,496.685,21.029,2246,2703,0.570,1.320,1.040,2,0,6.008,0,0,18,308,0,4,0
15-06 15:47:49,16.988,3.997,78.193,0.749,0,5314724,280160,189428,2217136,13558.133,10675.231,79.942,983.284,8.993,23.983,3101,3455,0.570,1.320,1.040,2,0,4.996,0,0,18,308,0,6,0
15-06 15:47:50,15.519,3.004,80.350,0,0,5313032,281800,189428,2217188,14856.407,12057.940,32.040,136.169,2.002,16.020,2495,2569,0.520,1.300,1.030,1,0,5.006,0,0,18,308,0,8,0
15-06 15:47:51,14.485,3.247,81.417,0,0,5314892,279636,189428,2217492,15392.302,12159.599,0,1202.773,0,223.772,2485,2499,0.520,1.300,1.030,2,0,4.995,0,0,18,308,0,9,0
15-06 15:47:52,13.754,3.251,82.023,0.250,0,5319224,275132,189428,2217664,14700.079,11910.305,16.004,328.091,1.000,32.009,2509,2646,0.520,1.300,1.030,1,0,5.001,0,0,18,309,0,10,0
15-06 15:47:53,13.489,2.997,81.930,0,0,5318500,275836,189432,2217680,15112.142,11721.027,0,227.806,0,20.982,2602,2693,0.520,1.300,1.030,1,0,4.996,0,0,18,309,0,11,0
15-06 15:47:54,40.026,6.004,53.284,0,0,5265356,328836,189432,2217824,12678.137,9436.056,0,204.131,0,19.012,3677,2797,0.520,1.300,1.030,4,0,25.016,0,0,18,300,0,14,0
15-06 15:47:55,39.091,10.274,49.867,0.251,0,5111312,482976,189432,2217864,4829.284,1461.415,48.112,116.272,8.019,8.019,2993,1904,0.560,1.290,1.030,4,0,6.014,0,0,18,292,0,16,0
15-06 15:47:56,66.626,11.187,21.380,0,0,5183080,410916,189432,2218156,5702.985,1449.861,67.620,1050.105,3.978,60.659,4108,2428,0.560,1.290,1.030,7,0,2.983,0,0,18,292,0,16,0
15-06 15:47:57,81.748,16.250,2.000,0.250,0,5188636,404796,189440,2218744,6659.812,1619.954,387.989,2243.937,30.999,155.996,6385,5116,0.560,1.290,1.030,5,0,10.000,0,0,18,284,0,21,0
15-06 15:47:58,61.336,9.301,28.406,0.251,0,5065576,527456,189440,2219204,6232.151,1466.034,8.044,249.366,1.006,24.132,4561,3507,0.560,1.290,1.030,3,0,12.066,0,0,18,265,0,24,0
15-06 15:47:59,60.765,8.002,29.508,0.500,0,5192380,399052,189440,2220904,6721.713,1620.413,664.169,3144.801,37.009,178.045,6144,9118,0.560,1.290,1.030,3,0,2.001,0,0,18,273,0,25,0
15-06 15:48:00,45.345,7.973,45.594,0.747,0.249,5307376,282016,189456,2222864,42691.269,16250.527,701.605,502.285,79.728,39.864,5864,7564,0.840,1.340,1.050,3,1,1.993,0,0,18,279,0,31,0
15-06 15:48:01,13.512,4.504,80.569,0.250,0,5323216,265216,189456,2223824,29729.320,7037.994,64.055,10204.691,4.003,1205.026,6501,8730,0.840,1.340,1.050,3,0,0,0,0,18,289,0,31,0
15-06 15:48:02,1.743,0.498,96.375,0,0,5323216,265216,189456,2223824,5080.228,1613.719,0,111.566,0,8.965,997,1428,0.840,1.340,1.050,2,0,0,0,0,18,289,0,31,0
15-06 15:48:03,1.755,0.752,96.525,0,0,5323216,265216,189456,2223824,4771.579,1462.161,0,28.080,0,3.009,1078,1423,0.840,1.340,1.050,2,0,0,0,0,18,289,0,31,0
15-06 15:48:04,1.001,0.751,97.115,0.250,0,5321952,266476,189456,2223828,5526.540,1621.919,0,408.483,0,27.032,1017,1453,0.840,1.340,1.050,1,0,0,0,0,18,289,0,31,0
15-06 15:48:05,7.984,1.747,88.578,0.250,0,5322284,265972,189456,2224000,5389.531,1616.859,155.698,407.209,12.975,46.909,2511,3719,0.770,1.320,1.040,0,0,0,0,0,18,289,0,31,0
15-06 15:48:06,1.002,0.501,97.737,0,0,5321724,266532,189456,2224000,5670.773,1623.944,0,320.779,0,19.046,942,1390,0.770,1.320,1.040,1,0,0,0,0,18,289,0,31,0
15-06 15:48:07,1.249,0.500,96.942,0.250,0,5321720,266532,189456,2224004,5096.957,1619.033,0,91.945,0,9.994,951,1332,0.770,1.320,1.040,2,0,0,0,0,18,289,0,31,0
15-06 15:48:08,1.247,0.499,96.511,0,0,5321720,266532,189456,2224004,4566.674,1454.393,0,183.545,0,0.998,1021,1361,0.770,1.320,1.040,0,0,0.998,0,0,18,289,0,31,0
15-06 15:48:09,2.750,1.250,95.238,0.250,0,5321720,266532,189456,2224004,4329.467,1619.801,0,307.962,0,28.996,1343,1882,0.770,1.320,1.040,0,0,0,0,0,18,289,0,31,0
15-06 15:48:10,1.251,0.750,96.802,0,0,5321916,266308,189456,2224032,4100.205,1458.785,16.009,100.054,1.001,13.007,1083,1616,0.790,1.310,1.040,1,0,0,0,0,18,289,0,31,0
15-06 15:48:11,3.254,1.001,94.606,0.250,0,5321916,266308,189456,2224032,4582.123,1621.813,0,308.345,0,45.050,1542,2350,0.790,1.310,1.040,1,0,0,0,0,18,289,0,30,0
15-06 15:48:12,1.997,0.749,95.611,0,0,5321912,266308,189456,2224036,4691.199,1497.828,0,259.624,0,32.952,1417,2153,0.790,1.310,1.040,1,0,0,0,0,18,289,0,30,0
15-06 15:48:13,1.003,1.003,97.262,0.251,0,5321912,266308,189456,2224036,4692.649,1624.379,0,1435.870,0,11.030,987,1348,0.790,1.310,1.040,1,0,0,0,0,18,289,0,30,0
15-06 15:48:14,2.497,0.749,95.636,0.499,0,5322416,265804,189456,2224036,4572.563,1456.269,0,846.993,0,59.929,1300,1859,0.790,1.310,1.040,1,0,0.999,0,0,18,289,0,30,0
15-06 15:48:15,1.748,0.499,96.898,0.250,0,5322888,265328,189456,2224040,5286.454,1750.164,0,95.899,0,12.986,992,1417,0.720,1.290,1.040,1,0,0,0,0,18,289,0,30,0
15-06 15:48:16,1.251,0.751,97.112,0,0,5322364,265852,189456,2224040,5403.220,1591.832,0,0,0,0,913,1277,0.720,1.290,1.040,1,0,0,0,0,18,289,0,30,0
15-06 15:48:17,1.502,0.501,97.110,0,0,5322608,265600,189456,2224048,4763.406,1459.656,0,144.164,0,11.012,1071,1599,0.720,1.290,1.040,1,0,0,0,0,18,289,0,30,0
15-06 15:48:18,1.249,0.750,97.186,0,0,5322608,265600,189456,2224048,5174.580,1457.037,0,3.997,0,0.999,988,1346,0.720,1.290,1.040,1,0,0.999,0,0,18,289,0,30,0
15-06 15:48:19,2.497,0.499,95.150,0.250,0,5322828,265376,189456,2224052,4745.010,1618.298,0,351.630,0,29.968,1278,1809,0.720,1.290,1.040,1,0,0,0,0,18,289,0,30,0
15-06 15:48:20,1.000,0.750,97.254,0,0,5322816,265376,189456,2224064,4680.188,1620.065,0,100.004,0,12.000,1095,1703,0.670,1.270,1.030,1,0,0,0,0,18,289,0,30,0
15-06 15:48:21,7.009,5.006,86.611,0.250,0,5321456,266764,189456,2224068,4883.249,1664.130,0,1477.891,0,286.366,2575,11227,0.670,1.270,1.030,2,0,36.046,0,0,18,289,0,31,0
15-06 15:48:22,1.751,1.001,96.058,0,0,5320924,267292,189456,2224072,5163.120,1620.980,0,152.092,0,21.013,1124,1646,0.670,1.270,1.030,1,0,0,0,0,18,289,0,31,0
15-06 15:48:23,1.749,0.250,96.455,0,0,5321176,267040,189456,2224072,4335.977,1457.320,0,0,0,0,1005,1334,0.670,1.270,1.030,1,0,0,0,0,18,289,0,31,0
15-06 15:48:24,1.499,0.999,97.671,0,0,5320244,267972,189456,2224072,5095.860,1618.685,0,7.994,0,0.999,949,1310,0.670,1.270,1.030,1,0,0,0,0,18,289,0,30,0
15-06 15:48:25,1.000,0.500,97.474,0.250,0,5320244,267972,189456,2224072,4608.786,1619.573,0,491.870,0,28.992,882,1324,0.610,1.250,1.020,0,0,0,0,0,18,289,0,30,0
15-06 15:48:26,1.249,0.750,96.695,0.250,0,5320240,267972,189456,2224076,4994.181,1619.086,0,243.862,0,22.987,1125,1691,0.610,1.250,1.020,1,0,0,0,0,18,289,0,30,0
15-06 15:48:27,1.749,0.250,96.439,0,0,5320464,267748,189456,2224076,4677.060,1618.982,0,619.611,0,84.947,1126,1594,0.610,1.250,1.020,1,0,0,0,0,18,289,0,30,0
15-06 15:48:28,1.505,1.505,96.595,0,0,5322724,265488,189456,2224076,4353.531,1463.220,0,4.014,0,1.004,1134,1391,0.610,1.250,1.020,1,0,6.021,0,0,18,289,0,30,0
15-06 15:48:29,40.420,8.982,48.155,0.499,0.250,5000892,586300,189596,2225096,4906.328,1854.344,1017.993,455.103,98.805,31.937,4326,3488,0.610,1.250,1.020,2,0,75.850,0,0,18,285,0,32,0
15-06 15:48:30,21.489,5.247,71.964,0,0,5062516,524596,189596,2225176,4275.837,1777.101,71.964,511.741,4.997,7.996,2167,1796,0.640,1.240,1.020,2,0,0,0,0,18,285,0,32,0
15-06 15:48:31,22.732,5.995,70.195,0.250,0,5107224,479260,189596,2225804,4721.277,1846.544,155.877,175.861,18.985,23.981,2714,3564,0.640,1.240,1.020,3,0,1.998,0,0,18,285,0,32,0
15-06 15:48:32,21.544,6.764,69.894,0,0,5225804,360072,189604,2226424,3581.381,595.227,172.355,116.240,14.029,12.025,3030,3556,0.640,1.240,1.020,2,0,17.035,0,0,18,289,0,34,0
15-06 15:48:33,22.053,4.511,72.676,0.251,0,5263568,322300,189608,2226428,4691.336,1666.026,4.010,0,1.002,0,2107,1635,0.640,1.240,1.020,2,0,4.010,0,0,18,289,0,34,0
15-06 15:48:34,14.180,1.990,82.592,0,0,5271868,313760,189608,2226668,4794.314,1534.419,3.980,402.014,0.995,22.887,1637,1511,0.640,1.240,1.020,2,0,0.995,0,0,18,289,0,34,0
15-06 15:48:35,1.504,0.752,96.528,0,0,5271788,313760,189608,2226748,5245.106,1765.083,80.231,164.474,5.014,10.029,1044,1523,0.590,1.220,1.020,1,0,0,0,0,18,289,0,34,0
15-06 15:48:36,1.750,0.750,96.995,0.250,0,5271788,313760,189608,2226748,4098.776,743.959,0,71.996,0,10.999,930,1300,0.590,1.220,1.020,1,0,0,0,0,18,289,0,34,0
15-06 15:48:37,1.999,0.500,96.697,0.250,0,5267756,317792,189608,2226748,4543.487,1295.284,0,4989.241,0,652.639,1105,1384,0.590,1.220,1.020,2,0,0,0,0,18,289,0,34,0
15-06 15:48:38,0.999,0.999,97.178,0,0,5263128,322420,189608,2226748,5861.677,1564.846,0,0,0,0,955,1313,0.590,1.220,1.020,1,0,0.999,0,0,18,289,0,34,0
15-06 15:48:39,1.749,0.749,95.678,0.250,0.250,5258788,326752,189608,2226756,5395.918,1708.707,0,319.758,0,28.978,1297,1829,0.590,1.220,1.020,0,0,0,0,0,18,289,0,34,0
15-06 15:48:40,0.751,0.751,97.819,0,0.250,5255128,330412,189608,2226756,6608.686,1715.216,0,48.034,0,7.005,941,1299,0.540,1.200,1.010,1,0,0,0,0,18,289,0,34,0
15-06 15:48:41,2.249,1.000,94.227,0.500,0,5252072,333460,189608,2226764,4907.814,1511.635,0,2627.365,0,152.963,1873,2894,0.540,1.200,1.010,1,0,0,0,0,18,289,0,34,0
15-06 15:48:42,2.504,0.751,95.888,0.250,0,5249140,336388,189608,2226768,4626.646,1622.330,0,460.662,0,49.070,1517,2227,0.540,1.200,1.010,1,0,0,0,0,18,289,0,34,0
15-06 15:48:43,1.000,1.000,97.235,0,0,5246840,338688,189608,2226768,4739.284,1619.755,0,35.995,0,3.000,1008,1456,0.540,1.200,1.010,1,0,0,0,0,18,289,0,34,0
15-06 15:48:44,1.250,0.500,97.508,0,0,5244692,340836,189608,2226768,4338.341,1598.126,0,140.011,0,10.001,891,1282,0.540,1.200,1.010,1,0,0,0,0,18,289,0,34,0
15-06 15:48:45,0.750,0.250,97.451,0,0,5242668,342856,189608,2226772,4119.916,1079.454,0,31.984,0,3.998,911,1320,0.500,1.180,1.010,1,0,0,0,0,18,289,0,34,0
15-06 15:48:46,1.499,0.500,97.426,0,0,5240928,344596,189608,2226772,5111.124,1696.713,0,0,0,0,900,1243,0.500,1.180,1.010,1,0,0,0,0,18,289,0,34,0
15-06 15:48:47,1.251,0.501,97.364,0,0,5238052,347472,189608,2226772,4549.320,1645.925,0,0,0,0,879,1247,0.500,1.180,1.010,1,0,0,0,0,18,289,0,34,0
15-06 15:48:48,1.999,0.999,96.202,0,0,5235428,350096,189608,2226772,3878.056,1079.459,0,379.810,0,2.998,1088,1452,0.500,1.180,1.010,1,0,1.999,0,0,18,289,0,34,0
15-06 15:48:49,3.504,1.001,94.362,0.250,0,5234208,351308,189608,2226780,3682.377,1549.842,32.038,300.357,2.002,23.027,1443,1978,0.500,1.180,1.010,1,0,2.002,0,0,18,289,0,34,0
15-06 15:48:50,1.748,0.250,96.875,0,0,5233840,351644,189608,2226812,4346.385,1510.049,0,35.954,0,2.996,924,1414,0.540,1.180,1.010,1,0,0,0,0,18,289,0,34,0
15-06 15:48:51,2.002,1.251,95.108,0,0,5233588,351896,189608,2226812,4628.270,1567.785,0,364.415,0,42.048,1549,2196,0.540,1.180,1.010,1,0,0,0,0,18,289,0,34,0
15-06 15:48:52,1.748,0.499,96.142,0.749,0,5233584,351896,189608,2226816,4526.912,1510.302,0,123.861,0,17.980,1240,1810,0.540,1.180,1.010,2,0,0,0,0,18,289,0,28,0
15-06 15:48:53,1.750,0.500,97.017,0,0,5233584,351896,189608,2226816,4338.763,1458.256,60.011,32.006,3.001,3.001,957,1345,0.540,1.180,1.010,1,0,1.000,0,0,18,289,0,28,0
15-06 15:48:54,1.249,1.749,95.700,0,0,5234020,351396,189608,2226880,3254.296,485.746,0,323.830,0,18.990,1079,1408,0.540,1.180,1.010,1,0,5.997,0,0,18,289,0,28,0
15-06 15:48:55,1.249,0.749,97.159,0,0,5234020,351396,189608,2226880,5095.235,1618.487,0,31.970,0,3.996,833,1235,0.500,1.160,1,1,0,0,0,0,18,289,0,28,0
15-06 15:48:56,2.252,1.001,95.855,0.501,0,5234256,351156,189608,2226884,5903.487,1621.782,0,268.295,0,23.025,1328,1874,0.500,1.160,1,1,0,1.001,0,0,18,289,0,28,0
15-06 15:48:57,3.256,1.002,94.916,0,0,5232912,352472,189608,2226912,6010.485,1622.831,0,104.182,0,12.021,1514,2140,0.500,1.160,1,2,0,3.005,0,0,18,289,0,21,0
15-06 15:48:58,3.486,1.494,94.133,0,0,5233128,352248,189608,2226920,6335.267,1613.700,0,952.282,0,201.214,1411,1731,0.500,1.160,1,1,0,1.992,0,0,18,289,0,23,0
15-06 15:48:59,4.771,4.018,90.401,0,0,5235108,350260,189608,2226928,5456.226,1609.145,0,329.463,0,34.152,2238,2619,0.500,1.160,1,1,0,46.205,0,0,18,289,0,23,0
15-06 15:49:00,9.483,18.218,70.375,0,0,5250676,334672,189608,2226948,3909.074,754.663,0,3.993,0,0.998,5017,3827,0.460,1.140,0.990,3,0,265.530,0,0,18,289,0,23,0
15-06 15:49:01,23.716,4.244,70.648,0.250,0,5326776,258568,189608,2226952,4133.029,940.641,0,247.642,0,28.958,2557,2360,0.460,1.140,0.990,4,0,0,0,0,18,289,0,7,0
15-06 15:49:02,16.277,2.755,79.631,0,0,5326740,258568,189608,2226988,14264.449,11302.580,32.053,236.389,2.003,20.033,2951,3157,0.460,1.140,0.990,1,0,0,0,0,18,290,0,9,0
15-06 15:49:03,27.749,6.750,62.498,1.250,0,5344812,239932,189612,2227548,7731.776,2963.914,515.985,1931.944,31.999,235.993,6176,8446,0.460,1.140,0.990,3,0,4.000,0,0,18,289,0,10,0
15-06 15:49:04,40.434,8.985,50.168,0,0,5376616,207780,189612,2227896,6289.686,3670.980,167.725,379.378,8.985,21.964,3170,2158,0.460,1.140,0.990,3,0,26.956,0,0,18,290,0,10,0
15-06 15:49:05,32.841,6.518,59.414,0,0,5408788,175524,189620,2227972,41805.689,36959.278,28.078,172.477,3.008,8.022,3841,3263,0.500,1.140,1,3,0,18.050,0,0,18,291,0,21,0
15-06 15:49:06,1.745,1.745,95.217,0.249,0,5409420,174892,189620,2227972,5008.102,1657.070,0,167.502,0,13.958,1270,1660,0.500,1.140,1,2,0,16.950,0,0,18,291,0,21,0
15-06 15:49:07,2.004,0.251,96.449,0,0,5405532,178780,189620,2227972,4433.143,1545.187,0,152.314,0,12.025,1008,1427,0.500,1.140,1,1,0,0,0,0,18,291,0,21,0
15-06 15:49:08,1.749,0.750,96.451,0.250,0,5399576,184732,189620,2227976,4463.743,1619.181,0,2234.870,0,399.798,1092,1439,0.500,1.140,1,2,0,0.999,0,0,18,291,0,21,0
15-06 15:49:09,2.249,1.499,94.696,0.500,0,5391980,192324,189620,2227980,4121.638,1457.165,0,2854.364,0,170.902,1542,2452,0.500,1.140,1,1,0,0,0,0,18,291,0,21,0
15-06 15:49:10,0.749,0.500,97.405,0,0,5385412,198888,189620,2227984,4555.574,1618.428,0,51.950,0,6.993,913,1400,0.460,1.120,0.990,1,0,0,0,0,18,291,0,21,0
15-06 15:49:11,2.004,1.002,94.682,0.250,0,5379436,204864,189620,2227984,4363.394,1460.810,0,545.048,0,56.108,1626,2531,0.460,1.120,0.990,2,0,0,0,0,18,291,0,21,0
15-06 15:49:12,2.750,1.250,95.246,0.250,0,5374400,209888,189620,2227996,4859.788,1661.928,0,279.988,0,33.999,1454,2218,0.460,1.120,0.990,1,0,0,0,0,18,291,0,21,0
15-06 15:49:13,1.249,0.250,96.923,0.250,0,5369908,214356,189620,2228020,4556.392,1618.718,15.987,127.899,0.999,14.988,1133,1667,0.460,1.120,0.990,1,0,0.999,0,0,18,291,0,21,0
15-06 15:49:14,1.251,0.501,97.359,0,0,5366104,218160,189620,2228020,4925.528,1663.867,0,580.652,0,37.042,993,1517,0.460,1.120,0.990,2,0,0,0,0,18,291,0,21,0
15-06 15:49:15,2.247,1.498,95.393,0.250,0,5363048,221196,189624,2228036,10453.263,2993.639,0,119.865,0,12.985,1193,1534,0.420,1.100,0.980,2,0,0,0,0,18,291,0,21,0
15-06 15:49:16,1.500,0.500,97.007,0,0,5360076,224168,189624,2228036,5057.345,1620.111,0,840.057,0,180.012,1174,1376,0.420,1.100,0.980,1,0,2.000,0,0,18,291,0,21,0
15-06 15:49:17,1.249,0.749,96.928,0,0,5357516,226728,189624,2228036,5234.096,1816.645,0,31.976,0,2.998,968,1356,0.420,1.100,0.980,1,0,0,0,0,18,291,0,21,0
15-06 15:49:18,1.502,1.251,95.853,0.751,0,5355512,228732,189624,2228036,4703.069,1459.573,0,3075.315,0,140.151,1348,2067,0.420,1.100,0.980,3,0,1.001,0,0,18,291,0,21,0
15-06 15:49:19,2.002,0.500,96.076,0.250,0,5353468,230776,189624,2228036,4683.724,1621.289,0,476.379,0,34.027,1277,1782,0.420,1.100,0.980,1,0,0,0,0,18,291,0,21,0
15-06 15:49:20,0.998,0.749,96.813,0,0,5352416,231804,189624,2228060,4629.076,1455.195,0,31.938,0,3.992,833,1234,0.390,1.080,0.980,2,0,0,0,0,18,291,0,21,0
15-06 15:49:21,7.996,4.498,85.960,0.250,0,5339240,244976,189624,2228064,4422.923,1499.296,0,379.822,0,42.980,2715,10131,0.390,1.080,0.980,1,0,35.983,0,0,18,291,0,21,0
15-06 15:49:22,2.254,0.751,96.158,0,0,5339240,244976,189624,2228064,4833.955,1622.670,0,156.257,0,24.040,1239,1830,0.390,1.080,0.980,1,0,0,0,0,18,291,0,21,0
15-06 15:49:23,1.251,0.500,97.076,0.250,0,5339240,244976,189624,2228064,4607.620,1459.147,0,76.060,0,11.009,1105,1588,0.390,1.080,0.980,1,0,0,0,0,18,291,0,21,0
15-06 15:49:24,1.250,0.750,97.015,0,0,5339240,244976,189624,2228064,4946.776,1620.254,0,472.074,0,32.005,1047,1537,0.390,1.080,0.980,1,0,0,0,0,18,291,0,21,0
15-06 15:49:25,1.246,0.499,97.224,0,0,5339240,244976,189624,2228064,4784.414,1453.872,0,31.909,0,3.989,915,1281,0.360,1.060,0.970,1,0,0,0,0,18,291,0,21,0
15-06 15:49:26,1.252,0.501,96.424,0.250,0,5333232,250976,189624,2228072,4731.522,1622.923,0,268.484,0,26.047,1186,1788,0.360,1.060,0.970,1,0,0,0,0,18,291,0,21,0
15-06 15:49:27,1.998,0.749,96.423,0,0,5333228,250976,189624,2228076,4420.491,1456.843,0,83.933,0,11.990,1135,1711,0.360,1.060,0.970,1,0,0,0,0,18,291,0,21,0
15-06 15:49:28,1.000,0.750,97.042,0,0,5333228,250976,189624,2228076,5008.168,1620.701,0,0,0,0,984,1340,0.360,1.060,0.970,1,0,1.000,0,0,18,291,0,21,0
15-06 15:49:29,1.752,0.751,96.375,0,0,5333480,250724,189624,2228076,4892.337,1622.101,0,372.482,0,31.040,1226,1792,0.360,1.060,0.970,1,0,0,0,0,18,291,0,19,0
15-06 15:49:30,1.248,0.499,97.618,0.250,0,5333480,250724,189624,2228076,4913.378,1617.819,0,35.952,0,4.993,852,1267,0.330,1.040,0.970,2,0,0,0,0,18,291,0,19,0
15-06 15:49:31,1.750,0.500,96.263,0.250,0,5333472,250724,189628,2228080,4495.609,1578.214,0,328.044,0,35.005,1493,2159,0.330,1.040,0.970,0,0,0,0,0,18,291,0,19,0
15-06 15:49:32,1.251,1.001,96.612,0,0,5333468,250724,189628,2228084,4503.205,1699.965,0,80.093,0,12.014,1228,1771,0.330,1.040,0.970,1,0,2.002,0,0,18,291,0,19,0
15-06 15:49:33,1.248,0.499,97.612,0,0,5333468,250724,189628,2228084,4919.061,1683.625,0,59.915,0,5.992,1010,1468,0.330,1.040,0.970,1,0,0,0,0,18,291,0,17,0
15-06 15:49:34,1.250,0.750,96.537,0.500,0,5333684,250472,189628,2228120,5292.009,1620.615,0,1332.506,0,214.081,1229,1631,0.330,1.040,0.970,2,0,0,0,0,18,291,0,17,0
15-06 15:49:35,2.002,0.751,97.324,0,0,5333684,250472,189628,2228120,4905.739,1513.153,0,32.024,0,4.003,963,1337,0.300,1.030,0.960,1,0,0,0,0,18,291,0,17,0
15-06 15:49:36,2.247,1.998,95.137,0,0,5336668,247480,189628,2228128,5276.715,1564.137,0,63.924,0,7.990,1308,1512,0.300,1.030,0.960,1,0,17.979,0,0,18,291,0,17,0
15-06 15:49:37,2.499,0.500,95.465,0,0,5336664,247480,189628,2228132,4590.332,1511.451,0,59.978,0,5.998,1174,1489,0.300,1.030,0.960,1,0,0,0,0,18,291,0,17,0
15-06 15:49:38,2.002,0.751,96.606,0.250,0,5336664,247480,189628,2228132,5451.974,1749.918,0,96.105,0,12.013,1277,1747,0.300,1.030,0.960,1,0,1.001,0,0,18,291,0,17,0
15-06 15:49:39,1.997,0.998,95.836,0,0,5336660,247480,189628,2228136,6440.956,1509.412,0,135.767,0,14.974,1273,1735,0.300,1.030,0.960,1,0,0,0,0,18,291,0,17,0
15-06 15:49:40,1.503,0.752,97.726,0,0,5336656,247480,189628,2228140,5893.622,1663.846,0,0,0,0,920,1268,0.280,1.010,0.960,1,0,0,0,0,18,291,0,17,0
15-06 15:49:41,1.999,0.749,94.934,0.500,0,5336656,247480,189628,2228140,4559.848,1564.918,0,743.486,0,71.950,1734,2643,0.280,1.010,0.960,2,0,0,0,0,18,291,0,17,0
15-06 15:49:42,2.247,0.999,95.634,0.250,0,5336656,247480,189628,2228140,4346.731,1510.169,0,251.695,0,32.960,1538,2237,0.280,1.010,0.960,1,0,0,0,0,18,291,0,17,0
15-06 15:49:43,1.252,0.751,97.407,0,0,5336656,247480,189628,2228140,4553.355,1568.534,0,0,0,0,930,1271,0.280,1.010,0.960,1,0,0,0,0,18,291,0,17,0
15-06 15:49:44,1.746,0.499,96.544,0,0,5336656,247480,189628,2228140,5001.322,1508.779,0,283.395,0,17.962,1053,1465,0.280,1.010,0.960,3,0,0,0,0,18,291,0,17,0
15-06 15:49:45,1.502,0.501,96.885,0,0,5336656,247480,189628,2228140,4982.949,1568.187,0,652.910,0,141.197,1026,1399,0.260,0.990,0.950,1,0,0,0,0,18,291,0,17,0
15-06 15:49:46,1.251,0.750,97.561,0,0,5336656,247480,189628,2228140,4978.125,1578.991,0,0,0,0,987,1310,0.260,0.990,0.950,1,0,0,0,0,18,291,0,17,0
15-06 15:49:47,1.750,0.750,95.490,0.250,0,5336644,247480,189628,2228152,4859.510,1619.837,0,99.990,0,11.999,1199,1656,0.260,0.990,0.950,1,0,0,0,0,18,291,0,17,0
15-06 15:49:48,2.000,0.750,96.742,0,0,5336640,247480,189628,2228156,4877.572,1817.841,0,251.978,0,20.998,1136,1465,0.260,0.990,0.950,1,0,1.000,0,0,18,291,0,17,0
15-06 15:49:49,2.497,0.499,95.874,0.250,0,5336640,247480,189628,2228156,4254.427,1617.881,0,131.827,0,17.976,1271,1813,0.260,0.990,0.950,1,0,0,0,0,18,291,0,17,0
15-06 15:49:50,1.503,0.751,97.420,0,0,5336640,247480,189628,2228156,4327.558,1622.834,0,28.049,0,1.002,919,1265,0.240,0.970,0.950,1,0,0,0,0,18,291,0,17,0
15-06 15:49:51,1.999,0.500,95.947,0.250,0,5336636,247480,189628,2228160,4694.415,1661.085,0,479.736,0,46.974,1454,2092,0.240,0.970,0.950,1,0,0,0,0,18,291,0,17,0
15-06 15:49:52,1.498,0.999,96.358,0,0,5336632,247480,189628,2228164,4613.224,1617.624,0,123.818,0,14.978,1200,1704,0.240,0.970,0.950,1,0,0,0,0,18,291,0,17,0
15-06 15:49:53,1.002,1.002,97.445,0,0,5336632,247480,189628,2228164,4466.926,1460.919,0,0,0,0,946,1313,0.240,0.970,0.950,1,0,0,0,0,18,291,0,17,0
15-06 15:49:54,2.000,1.250,95.772,0.250,0,5336628,247480,189628,2228168,3584.829,864.200,0,280.065,0,21.005,1133,1425,0.240,0.970,0.950,1,0,6.001,0,0,18,291,0,17,0
15-06 15:49:55,0.999,0.499,96.896,0,0,5336628,247480,189628,2228168,4429.255,1132.786,0,643.311,0,136.853,928,1291,0.220,0.960,0.940,1,0,0,0,0,18,291,0,17,0
15-06 15:49:56,14.764,6.506,78.575,0,0,5362508,221312,189628,2228464,13473.831,9572.115,0,256.244,0,23.022,3303,3864,0.220,0.960,0.940,1,0,38.036,0,0,18,295,0,17,0
15-06 15:49:57,14.781,3.006,80.417,0.251,0,5343044,240724,189628,2228516,14498.032,5836.089,4.008,212.440,1.002,27.056,3131,3491,0.220,0.960,0.940,2,0,27.056,0,0,18,295,0,18,0
15-06 15:49:58,15.204,19.940,63.558,0,0,5351544,231876,189632,2228860,10464.417,2089.693,151.543,7.976,10.967,0.997,7118,6879,0.220,0.960,0.940,1,0,451.637,0,0,18,295,0,19,0
15-06 15:49:59,22.248,6.250,69.995,0.250,0,5402532,180812,189632,2228936,12975.998,2061.841,51.996,2887.777,2.000,175.986,3207,3569,0.220,0.960,0.940,2,0,25.998,0,0,18,295,0,20,0
15-06 15:50:00,22.825,4.013,72.989,0,0,5454284,128676,189660,2229292,5670.554,1890.185,136.446,333.090,9.030,5.016,2088,1655,0.280,0.960,0.940,1,0,2.007,0,0,18,293,0,20,2
15-06 15:50:01,22.190,3.241,71.057,2.493,0,5396492,209756,188092,2207832,5306.563,1561.751,2975.904,897.558,306.167,34.905,2956,3082,0.280,0.960,0.940,2,0,0,0,0,18,293,0,20,2
15-06 15:50:02,21.987,4.747,71.707,0.250,0,5462496,143560,188092,2208008,5516.673,1660.998,0,291.824,0,13.992,2258,1951,0.280,0.960,0.940,2,0,2.998,0,0,18,293,0,18,2
15-06 15:50:03,25.314,4.511,68.924,0.501,0,5465360,140480,188092,2208224,5010.628,1461.684,0,1118.820,0,107.270,6804,9792,0.280,0.960,0.940,0,0,0,0,0,18,298,0,20,2
15-06 15:50:04,27.409,3.488,66.280,1.246,0,5482668,121984,188100,2209388,5453.894,2495.715,916.956,1088.387,58.805,141.530,4807,6089,0.280,0.960,0.940,1,0,0.997,0,0,18,300,0,22,2
15-06 15:50:05,3.501,1.250,94.019,0,0,5483660,120996,188104,2209392,6369.274,1686.337,0,1432.287,0,130.026,1662,2319,0.260,0.940,0.940,2,0,0,0,0,18,301,0,22,2
15-06 15:50:06,12.023,2.755,82.655,1.753,0,5485844,143828,186248,2186656,8058.140,2976.593,192.361,5121.623,11.021,663.246,4209,5667,0.260,0.940,0.940,1,0,0,0,0,18,300,0,8,2
15-06 15:50:07,8.251,1.500,88.512,0.500,0,5486196,143352,186260,2186768,12161.601,3460.456,64.008,1176.155,4.001,132.017,2938,4093,0.260,0.940,0.940,0,0,0,0,0,18,300,0,9,2
15-06 15:50:08,14.504,3.751,79.771,0.750,0,5487228,141872,186292,2187184,5463.457,1620.432,196.052,1164.311,12.003,147.039,4649,6566,0.260,0.940,0.940,1,0,3.001,0,0,18,303,0,11,2
15-06 15:50:09,26.767,5.754,64.541,2.001,0,5487992,140864,186320,2187400,4700.992,1458.929,0,7680.889,0,584.372,8474,13209,0.260,0.940,0.940,1,0,1.001,0,0,18,303,0,12,2
15-06 15:50:10,20.201,4.240,72.075,1.247,0,5487788,140612,186352,2187824,6065.302,2557.802,15.961,2390.208,0.998,265.357,5906,8539,0.400,0.960,0.940,2,0,0,0,0,18,302,0,13,2
15-06 15:50:11,10.495,1.749,84.462,1.249,0,5487724,140612,186376,2187864,5327.612,1920.139,0,1535.312,0,166.925,3379,4734,0.400,0.960,0.940,1,1,0,0,0,18,302,0,13,2
15-06 15:50:12,6.270,1.505,89.791,0.502,0,5487640,140612,186396,2187928,10866.189,3006.737,0,1147.717,0,119.387,2845,4377,0.400,0.960,0.940,2,0,0,0,0,18,303,0,15,2
15-06 15:50:13,24.952,5.739,66.372,1.747,0,5488308,139604,186436,2188228,4629.106,1455.204,0,3792.713,0,382.266,8001,12117,0.400,0.960,0.940,1,0,0,0,0,18,303,0,15,2
15-06 15:50:14,26.017,5.253,64.292,2.251,0,5490104,137588,186536,2188348,4983.293,1621.071,0,7356.861,0,578.382,7664,11685,0.400,0.960,0.940,3,0,1.001,0,0,18,302,0,17,2
15-06 15:50:15,6.259,1.502,90.373,0.501,0,5489888,137588,186548,2188552,12380.823,3782.139,0,684.931,0,66.090,2260,3048,0.360,0.940,0.940,2,0,0,0,0,18,304,0,17,2
15-06 15:50:16,11.717,2.493,83.262,0.748,0.249,5489696,137668,186584,2188628,6217.250,2392.170,0,1587.468,0,171.510,3577,4997,0.360,0.940,0.940,1,0,0,0,0,18,302,0,19,2
15-06 15:50:17,13.516,2.753,82.098,0.751,0,5490444,136688,186604,2188840,6165.392,2402.881,0,1065.277,0,139.167,3570,4907,0.360,0.940,0.940,2,0,0,0,0,18,302,0,20,2
15-06 15:50:18,12.247,2.749,83.729,0,0,5491252,135684,186604,2189036,4978.771,1619.600,143.964,11.997,6.998,2.000,2560,2542,0.360,0.940,0.940,3,0,1.000,0,0,18,303,0,20,3
15-06 15:50:19,11.237,1.498,83.404,0.749,0,5491136,135684,186640,2189116,11814.358,3078.445,0,1186.630,0,129.850,3416,4537,0.360,0.940,0.940,1,0,0,0,0,18,302,0,21,2
15-06 15:50:20,8.514,1.503,88.149,1.002,0,5490964,135684,186644,2189284,11774.933,3033.135,0,1101.865,0,125.212,2797,3988,0.500,0.960,0.940,1,0,0,0,0,18,302,0,21,2
15-06 15:50:21,13.005,4.752,80.030,0.750,0,5503736,150588,185008,2166624,12061.498,3461.291,0,1252.467,0,153.057,3759,6593,0.500,0.960,0.940,4,0,35.013,0,0,18,304,0,21,2
15-06 15:50:22,14.704,3.738,79.753,0.498,0,5490364,163964,185028,2163976,5070.275,1561.158,0,2121.420,0,107.666,4563,8202,0.500,0.960,0.940,4,0,1.994,0,0,18,305,0,22,2
15-06 15:50:23,25.075,5.516,64.943,2.257,0,5490296,163712,185048,2164276,4754.140,1624.833,0,5392.038,0,476.417,7878,11815,0.500,0.960,0.940,3,0,0,0,0,18,305,0,23,2
15-06 15:50:24,23.784,5.508,67.347,1.502,0,5491100,162732,185112,2164388,4987.214,1664.408,0,5832.437,0,421.610,7503,10758,0.500,0.960,0.940,1,0,0,0,0,18,306,0,26,2
15-06 15:50:25,24.754,5.001,66.010,1.750,0,5490744,162732,185152,2164704,4900.745,1620.246,0,4060.617,0,365.056,7885,11785,0.540,0.960,0.940,1,0,0,0,0,18,305,0,27,2
15-06 15:50:26,16.440,2.989,78.216,0.747,0,5486904,166332,185172,2164924,5130.351,1506.524,0,8066.678,0,961.505,5307,6748,0.540,0.960,0.940,3,0,0.996,0,0,18,306,0,29,2
15-06 15:50:27,3.499,0.500,94.722,0.250,0,5486632,166576,185180,2164944,4558.662,1619.525,0,423.876,0,31.991,1619,2145,0.540,0.960,0.940,1,0,1.000,0,0,18,306,0,29,2
15-06 15:50:28,3.506,1.002,94.402,0,0,5487092,166072,185180,2164988,4807.724,1622.607,0,16.026,0,3.005,1468,1744,0.540,0.960,0.940,1,0,1.002,0,0,18,306,0,29,2
15-06 15:50:29,23.044,3.507,70.636,1.002,0,5487176,165820,185264,2165072,4675.024,1569.028,0,2063.984,0,249.482,5594,8099,0.540,0.960,0.940,1,0,0,0,0,18,306,0,29,2
15-06 15:50:30,24.982,5.246,65.952,1.749,0,5487112,165568,185332,2165320,4494.708,1510.893,0,2534.144,0,307.775,7506,10755,0.810,1.010,0.960,1,0,0.999,0,0,18,306,0,29,2
15-06 15:50:31,24.673,4.237,67.540,0.997,0,5488432,163804,185368,2165728,4820.007,1626.939,159.504,1874.170,9.969,198.383,7492,10623,0.810,1.010,0.960,3,0,0,0,0,18,306,0,31,2
15-06 15:50:32,7.264,1.503,88.667,1.503,0,5492212,159772,185424,2165924,4510.474,1298.440,112.211,7441.982,6.011,497.936,3270,5358,0.810,1.010,0.960,3,0,2.004,0,0,18,305,0,31,2
15-06 15:50:33,15.490,3.248,79.198,1.499,0,5497796,153976,185520,2166040,5404.454,2205.553,0,2126.605,0,224.852,4028,5769,0.810,1.010,0.960,1,0,0,0,0,18,305,0,34,2
15-06 15:50:34,10.242,2.748,83.682,0.749,0,5501660,149944,185572,2166156,6177.960,2420.026,63.948,1095.107,3.997,151.876,3115,4266,0.810,1.010,0.960,1,0,0,0,0,18,305,0,35,2
15-06 15:50:35,7.009,1.752,90.867,0.501,0,5501468,149944,185572,2166348,4523.814,1459.876,0,5310.825,0,121.156,2206,2897,0.750,1,0.950,2,0,0,0,0,18,306,0,35,2
15-06 15:50:36,16.458,2.244,78.300,0.249,0.249,5504032,147172,185592,2166536,6206.113,2396.864,0,1113.150,0,122.686,3770,5060,0.750,1,0.950,3,0,0,0,0,18,304,0,43,2
15-06 15:50:37,11.274,3.257,83.430,1.253,0,5511980,139124,185612,2166616,11796.395,3371.258,0,1346.900,0,161.347,3273,4438,0.750,1,0.950,3,0,0,0,0,18,305,0,44,2
15-06 15:50:38,13.965,1.746,82.545,0.499,0,5511860,139124,185648,2166700,6644.473,2023.966,15.960,1260.864,0.998,133.668,3017,3985,0.750,1,0.950,1,0,0.998,0,0,18,305,0,46,2
15-06 15:50:39,10.735,1.997,84.385,0.749,0,5512808,138120,185660,2166744,6578.068,1972.322,0,1078.536,0,114.844,2977,3982,0.750,1,0.950,3,1,0,0,0,18,305,0,48,2
15-06 15:50:40,5.282,1.258,91.799,0.252,0,5512776,138120,185668,2166768,11195.899,3109.581,0,1090.516,0,113.679,2117,2914,0.770,1,0.950,2,0,0,0,0,18,306,0,48,2
15-06 15:50:41,9.460,2.241,83.402,2.241,0,5513232,137364,185700,2167036,5095.722,1613.263,15.933,7572.380,0.996,568.626,4555,7155,0.770,1,0.950,1,0,0,0,0,18,305,0,48,2
15-06 15:50:42,14.019,3.254,81.359,1.001,0,5521968,128544,185708,2167112,5893.886,2534.391,0,1874.508,0,244.327,3917,5742,0.770,1,0.950,1,0,0,0,0,18,305,0,51,2
15-06 15:50:43,14.519,2.253,80.858,0.250,0,5523000,127284,185720,2167328,4730.339,2414.235,0,913.224,0,108.145,3163,4445,0.770,1,0.950,4,0,0,0,0,18,305,0,56,2
15-06 15:50:44,3.252,0.750,94.809,0.250,0,5515144,135124,185724,2167340,6071.806,1687.057,0,464.291,0,50.031,1570,2160,0.770,1,0.950,3,0,0,0,0,18,306,0,56,2
15-06 15:50:45,6.476,1.245,90.667,0.498,0,5515368,134872,185732,2167360,5021.554,1614.071,0,589.833,0,55.795,1998,2713,0.710,0.980,0.950,2,0,0,0,0,18,305,0,58,2
15-06 15:50:46,5.760,1.002,91.162,0,0,5515856,134368,185732,2167376,4673.312,1460.598,0,524.934,0,47.084,1856,2463,0.710,0.980,0.950,1,0,0,0,0,18,305,0,58,2
15-06 15:50:47,5.493,1.498,92.127,0.999,0,5516044,134144,185732,2167412,4613.847,1687.749,0,511.318,0,44.940,1810,2478,0.710,0.980,0.950,2,0,0,0,0,18,305,0,59,2
15-06 15:50:48,4.999,1.500,91.733,0.250,0,5516272,133892,185736,2167432,4757.114,1457.729,0,519.903,0,50.991,1896,2603,0.710,0.980,0.950,1,0,1.000,0,0,18,305,0,59,2
15-06 15:50:49,12.775,2.004,81.661,0.751,0,5516184,133892,185760,2167496,7631.077,3400.719,0,1314.597,0,175.346,3574,4943,0.710,0.980,0.950,1,0,0,0,0,18,305,0,61,2
15-06 15:50:50,4.506,2.003,92.884,0.250,0,5516432,133640,185764,2167496,4764.860,1460.102,0,624.900,0,43.062,1680,2223,0.730,0.980,0.950,3,0,0,0,0,18,306,0,61,2
15-06 15:50:51,11.712,1.994,83.728,1.246,0.249,5516188,133640,185780,2167724,7235.509,2677.308,0,1766.266,0,217.295,3786,5406,0.730,0.980,0.950,1,0,0,0,0,18,305,0,63,2
15-06 15:50:52,17.035,3.006,76.906,1.754,0,5516712,133044,185824,2167752,11699.743,3702.514,0,8549.350,0,951.932,5017,6055,0.730,0.980,0.950,2,0,0,0,0,18,305,0,69,2
15-06 15:50:53,10.494,2.499,83.202,1.749,0,5516864,132540,185860,2168068,6333.334,1685.025,0,6792.068,0,461.733,3969,6012,0.730,0.980,0.950,1,0,0,0,0,18,305,0,71,2
15-06 15:50:54,4.003,1.251,93.577,0,0,5525916,123472,185860,2168084,4683.878,1621.342,0,676.560,0,34.028,1446,1856,0.730,0.980,0.950,2,0,3.002,0,0,18,306,0,71,2
15-06 15:50:55,11.980,2.995,83.111,1.248,0,5526272,122968,185868,2168224,6205.648,2484.855,15.973,1357.735,0.998,173.710,3351,4839,0.670,0.960,0.940,1,0,2.995,0,0,18,305,0,74,2
15-06 15:50:56,9.230,1.497,86.567,0.748,0,5526200,122968,185896,2168268,6839.531,2483.746,0,1073.729,0,136.711,2875,4202,0.670,0.960,0.940,2,0,0,0,0,18,305,0,76,2
15-06 15:50:57,12.271,2.004,83.396,1.002,0,5524952,123968,185928,2168484,12346.587,3237.661,0,2985.219,0,415.727,3435,4596,0.670,0.960,0.940,1,0,0,0,0,18,305,0,78,2
15-06 15:50:58,7.270,1.504,90.002,0,0,5525188,123728,185936,2168480,5956.680,1624.549,0,300.842,0,21.059,1859,2229,0.670,0.960,0.940,1,1,2.006,0,0,18,306,0,80,2
15-06 15:50:59,9.992,3.247,83.931,0.749,0,5528840,119960,185952,2168580,12629.631,3457.162,0,1418.835,0,170.860,3370,4678,0.670,0.960,0.940,1,0,1.998,0,0,18,305,0,78,2
15-06 15:51:00,24.503,5.001,67.007,2.000,0,5528676,119708,186028,2168920,5340.592,1620.180,32.004,2792.310,1.000,344.038,7357,11085,0.700,0.970,0.950,2,0,2.000,0,0,18,306,0,81,2
15-06 15:51:01,26.295,6.010,63.108,2.755,0,5528016,120160,186096,2169060,5256.013,1622.783,16.027,7949.633,1.002,636.091,8863,13712,0.700,0.970,0.950,1,0,1.002,0,0,18,306,0,84,2
15-06 15:51:02,18.171,3.983,74.427,0.996,0.249,5528160,119660,186128,2169384,4958.475,1612.998,0,3237.944,0,275.803,6526,9677,0.700,0.970,0.950,0,0,0,0,0,18,305,0,85,2
15-06 15:51:03,9.245,2.249,86.203,0.500,0,5528156,119660,186156,2169360,5277.126,1619.118,15.991,1239.325,0.999,137.925,2705,3781,0.700,0.970,0.950,2,0,0,0,0,18,306,0,88,2
15-06 15:51:04,7.000,2.000,90.499,1.000,0,5528112,119408,186176,2169636,6037.930,2427.972,0,1315.985,0,114.999,2373,3449,0.700,0.970,0.950,1,0,0,0,0,18,305,0,87,2
15-06 15:51:05,8.529,1.254,87.794,1.003,0,5528048,119408,186196,2169680,6731.519,2399.026,0,1464.901,0,155.520,2796,3940,0.640,0.950,0.940,1,0,0,0,0,18,305,0,90,2
15-06 15:51:06,12.498,2.750,82.988,0.750,0,5527772,119408,186216,2169936,5971.136,2082.699,15.998,2023.707,1.000,225.967,3980,5729,0.640,0.950,0.940,1,0,0,0,0,18,305,0,95,2
15-06 15:51:07,9.230,1.247,87.809,0.249,0,5527756,119408,186244,2169924,5900.200,1916.841,0,981.870,0,74.838,2334,3001,0.640,0.950,0.940,4,0,0,0,0,18,305,0,98,2
15-06 15:51:08,4.263,1.755,91.527,1.003,0,5527876,119156,186280,2170020,10563.001,3006.107,0,1448.388,0,161.489,2273,3357,0.640,0.950,0.940,1,0,1.003,0,0,18,306,0,95,2
15-06 15:51:09,26.009,6.502,63.023,2.751,0,5527724,118904,186392,2170312,3979.428,1458.523,0,8907.197,0,701.252,9072,13929,0.640,0.950,0.940,1,0,1.000,0,0,18,306,0,95,2
15-06 15:51:10,24.144,5.974,66.210,1.493,0,5526268,150936,184584,2142572,4384.794,1517.354,0,2799.737,0,272.805,7481,10870,0.670,0.950,0.940,1,0,0,0,0,18,306,0,97,2
15-06 15:51:11,24.544,4.758,66.869,1.503,0,5527288,149584,184612,2142876,4885.711,1622.893,0,3289.865,0,296.529,7837,11304,0.670,0.950,0.940,4,0,0,0,0,18,306,0,98,2
15-06 15:51:12,25.758,5.502,63.269,2.501,0,5527080,149400,184692,2143188,4381.287,1620.476,0,9626.828,0,1230.361,8978,12910,0.670,0.950,0.940,2,0,0,0,0,18,306,0,94,2
15-06 15:51:13,24.716,5.742,66.659,1.248,0,5528148,148140,184772,2143300,4451.904,1456.006,0,7158.198,0,481.341,7576,10941,0.670,0.950,0.940,2,0,0,0,0,18,306,0,95,2
15-06 15:51:14,24.073,5.015,67.205,1.755,0,5528276,147664,184812,2143608,5296.116,1667.073,0,2162.581,0,256.781,7423,10487,0.670,0.950,0.940,2,1,0,0,0,18,306,0,96,2
15-06 15:51:15,26.250,5.500,65.001,1.750,0,5528500,147160,184848,2143852,11203.168,2835.042,0,3224.048,0,363.005,7793,11183,0.700,0.950,0.940,1,0,0,0,0,18,306,0,96,2
15-06 15:51:16,23.465,4.992,68.147,0.998,0,5530108,145396,184860,2143996,5708.365,1617.553,0,2004.967,0,172.739,6935,9522,0.700,0.950,0.940,3,0,0,0,0,18,306,0,90,2
15-06 15:51:17,8.248,1.500,87.976,0.750,0,5529912,145396,184872,2144180,5158.620,1619.567,0,1559.583,0,143.961,3059,4346,0.700,0.950,0.940,1,0,0,0,0,18,305,0,91,2
15-06 15:51:18,5.745,1.748,91.170,0.999,0,5530112,145144,184872,2144232,5155.476,1618.580,0,1214.934,0,108.904,2334,3544,0.700,0.950,0.940,1,0,0.999,0,0,18,305,0,92,2
15-06 15:51:19,15.244,2.999,78.970,1.000,0,5531520,143632,184884,2144320,6137.665,2577.020,0,2331.113,0,258.902,4222,6231,0.700,0.950,0.940,2,0,0,0,0,18,305,0,96,2
15-06 15:51:20,9.028,2.006,86.766,1.254,0,5531720,143380,184892,2144364,5005.354,1624.985,0,5404.579,0,344.055,2728,3856,0.640,0.930,0.940,1,0,0,0,0,18,304,0,98,2
15-06 15:51:21,11.242,2.248,83.188,0.999,0,5531740,143128,184916,2144572,11466.479,3295.551,0,2098.441,0,206.846,3698,5268,0.640,0.930,0.940,1,0,0,0,0,18,305,0,100,2
15-06 15:51:22,11.992,5.246,81.444,0.500,0,5539492,168200,183388,2113652,11057.359,2994.930,0,919.365,0,90.937,3860,10701,0.640,0.930,0.940,2,0,35.975,0,0,18,305,0,101,2
15-06 15:51:23,9.495,2.249,85.202,0.750,0,5539348,168200,183416,2113768,4755.300,1457.173,0,2558.547,0,126.928,3381,4810,0.640,0.930,0.940,1,0,0,0,0,18,305,0,102,2
15-06 15:51:24,13.294,2.508,83.277,1.003,0,5539356,167948,183496,2113932,4521.057,2031.767,0,1199.996,0,146.488,3232,4497,0.640,0.930,0.940,1,0,0,0,0,18,305,0,101,2
15-06 15:51:25,2.740,0.747,93.904,0.249,0,5539540,167696,183512,2113984,4716.641,549.976,0,980.392,0,84.688,1683,2613,0.590,0.920,0.930,1,0,0,0,0,18,305,0,101,2
15-06 15:51:26,16.290,3.258,78.943,1.253,0,5539404,167696,183560,2114072,6069.852,2421.926,0,1640.013,0,186.456,3894,5346,0.590,0.920,0.930,1,0,0,0,0,18,305,0,105,2
15-06 15:51:27,6.236,1.497,89.548,0.249,0,5539476,167444,183588,2114224,4968.815,1616.362,0,1245.197,0,107.757,2230,3174,0.590,0.920,0.930,1,0,0,0,0,18,305,0,107,2
15-06 15:51:28,8.760,1.752,88.348,0.250,0,5539696,167192,183596,2114244,4162.634,1459.625,0,824.918,0,68.076,2394,3081,0.590,0.920,0.930,1,0,1.001,0,0,18,305,0,103,2
15-06 15:51:29,7.503,1.501,89.285,0.500,0,5539656,167192,183608,2114272,4681.840,1620.637,0,708.278,0,55.022,2051,2569,0.590,0.920,0.930,1,0,0,0,0,18,304,0,107,2
15-06 15:51:30,14.258,2.501,78.794,2.501,0,5539724,166940,183748,2114316,11053.191,2856.600,0,6679.741,0,524.294,4422,6670,0.620,0.920,0.930,1,0,0,0,0,18,305,0,109,2
15-06 15:51:31,19.013,4.003,75.049,1.001,0,5539908,166436,183828,2114556,3931.591,1014.669,0,1977.303,0,235.155,5937,8661,0.620,0.920,0.930,1,0,0,0,0,18,306,0,111,2
15-06 15:51:32,27.265,4.502,64.785,1.751,0,5539804,166212,183900,2114812,4742.558,1620.874,0,3798.048,0,444.240,8141,12776,0.620,0.920,0.930,3,0,2.001,0,0,18,306,0,109,2
15-06 15:51:33,24.240,4.998,66.973,1.250,0,5536516,169228,183940,2115044,4798.095,1619.357,31.987,8464.640,1.000,1046.585,7724,10859,0.620,0.920,0.930,2,0,0,0,0,18,305,0,109,2
15-06 15:51:34,2.742,1.496,94.231,0.748,0,5536400,169228,183944,2115156,4786.346,1615.392,0,1543.596,0,97.721,1564,2219,0.620,0.920,0.930,5,0,0,0,0,18,306,0,109,2
15-06 15:51:35,12.490,2.997,81.681,0.999,0,5537136,168252,183980,2115360,6494.541,2579.832,0,2022.300,0,218.816,3605,5268,0.570,0.910,0.930,1,0,0,0,0,18,305,0,112,2
15-06 15:51:36,7.025,1.254,91.075,0.502,0,5537100,168252,183984,2115392,5213.577,1463.214,0,1260.491,0,98.350,2099,2864,0.570,0.910,0.930,2,0,0,0,0,18,306,0,108,2
15-06 15:51:37,13.486,2.997,80.914,1.249,0,5536996,168252,184032,2115452,11338.921,3894.851,0,7140.393,0,480.488,3798,5387,0.570,0.910,0.930,1,0,0,0,0,18,305,0,111,2
15-06 15:51:38,5.500,1.250,91.994,0.500,0,5537220,168000,184056,2115456,7287.549,2036.874,0,723.955,0,72.995,2130,2958,0.570,0.910,0.930,1,0,1.000,0,0,18,305,0,113,2
15-06 15:51:39,13.991,1.999,81.696,0.750,0,5537128,168000,184096,2115508,6316.808,2428.389,0,1191.210,0,148.901,3534,4856,0.570,0.910,0.930,2,0,0,0,0,18,305,0,117,2
15-06 15:51:40,4.995,0.749,92.153,0.250,0,5537200,167748,184108,2115676,10411.061,2579.290,0,487.488,0,24.974,1722,2159,0.530,0.890,0.920,3,0,0,0,0,18,305,0,107,2
15-06 15:51:41,7.233,1.497,89.545,0.499,0,5539104,165732,184116,2115780,9343.597,3336.358,59.863,830.099,2.993,85.803,2603,3699,0.530,0.890,0.920,2,0,0,0,0,18,305,0,109,2
15-06 15:51:42,8.521,2.005,87.470,1.253,0,5539052,165732,184132,2115816,11426.763,2908.321,0,1896.774,0,177.447,2902,4064,0.530,0.890,0.920,1,0,0,0,0,18,305,0,110,2
15-06 15:51:43,19.288,5.010,72.893,1.503,0,5539972,164648,184184,2115928,5049.941,1623.195,0,2204.339,0,271.535,5961,8812,0.530,0.890,0.920,2,0,0,0,0,18,306,0,110,2
15-06 15:51:44,25.747,4.999,64.992,1.750,0,5540580,163640,184300,2116212,4397.456,1457.820,0,4083.495,0,448.945,8395,12675,0.530,0.890,0.920,1,0,0,0,0,18,306,0,103,2
15-06 15:51:45,24.476,5.495,66.685,2.248,0,5542192,161624,184388,2116528,5200.899,1456.571,0,5986.129,0,461.547,7854,11875,0.560,0.890,0.920,4,0,0,0,0,18,305,0,105,2
15-06 15:51:46,2.501,1.250,95.278,0,0,5542164,161624,184404,2116540,5096.491,1686.493,0,964.282,0,54.016,1450,2095,0.560,0.890,0.920,1,0,0,0,0,18,306,0,105,2
15-06 15:51:47,12.493,1.999,83.452,1.249,0,5542052,161624,184432,2116624,10896.780,2833.383,0,963.450,0,115.934,3663,4912,0.560,0.890,0.920,2,0,0,0,0,18,305,0,105,2
15-06 15:51:48,17.980,3.746,74.669,1.249,0,5542208,161120,184528,2116872,4854.722,1618.241,0,2896.851,0,298.675,6020,8966,0.560,0.890,0.920,2,0,0.999,0,0,18,306,0,105,2
15-06 15:51:49,25.599,5.772,64.751,2.008,0,5542388,160368,184604,2117368,4595.833,1463.679,0,4059.753,0,435.691,8231,12414,0.560,0.890,0.920,1,0,0,0,0,18,306,0,102,2
15-06 15:51:50,24.201,5.239,67.614,1.247,0.249,5543216,159108,184624,2117780,4748.447,1455.073,0,2766.434,0,259.478,7379,10550,0.680,0.910,0.930,2,0,0,0,0,18,306,0,103,2
15-06 15:51:51,8.742,2.498,85.424,2.248,0,5543852,158352,184664,2117860,6451.274,2602.690,0,6042.637,0,434.614,3904,6079,0.680,0.910,0.930,1,0,0,0,0,18,305,0,105,2
15-06 15:51:52,13.984,3.246,79.659,1.498,0,5544344,157596,184688,2118100,6013.145,2603.033,0,3076.493,0,299.658,4312,6435,0.680,0.910,0.930,1,0,0,0,0,18,305,0,106,2
15-06 15:51:53,12.300,2.008,82.583,1.255,0,5543912,157920,184700,2118196,6104.596,2615.538,0,7875.732,0,1028.143,4071,5315,0.680,0.910,0.930,0,0,0,0,0,18,305,0,97,2
15-06 15:51:54,7.493,2.248,87.920,0.999,0,5544396,157416,184712,2118204,4735.670,1618.520,0,2821.421,0,163.850,2845,4076,0.680,0.910,0.930,2,0,0,0,0,18,304,0,98,2
15-06 15:51:55,5.994,1.998,89.656,0.250,0,5544700,156896,184712,2118420,6083.642,2603.279,0,1094.856,0,100.895,2299,3178,0.630,0.900,0.920,1,0,5.994,0,0,18,305,0,98,2
15-06 15:51:56,15.711,1.746,79.303,1.247,0,5545572,155892,184716,2118548,12165.824,3289.840,0,1631.952,0,166.587,4302,5746,0.630,0.900,0.920,2,0,0,0,0,18,305,0,98,2
15-06 15:51:57,11.775,2.255,84.678,1.002,0,5545760,155640,184728,2118600,21816.967,6093.839,0,1607.387,0,153.323,3427,4549,0.630,0.900,0.920,0,0,0,0,0,18,306,0,91,2
15-06 15:51:58,9.521,2.505,85.436,0.501,0,5546192,155148,184736,2118652,6040.142,1298.826,0,1487.236,0,145.316,3078,4309,0.630,0.900,0.920,0,0,2.004,0,0,18,306,0,92,2
15-06 15:51:59,9.003,2.501,86.531,0.500,0,5551892,149364,184756,2118716,11802.186,2488.883,0,1224.434,0,99.035,2950,3735,0.630,0.900,0.920,1,0,2.001,0,0,18,307,0,92,2
15-06 15:52:00,7.979,1.496,87.024,0.997,0,5551620,149364,184776,2118968,12487.503,3451.019,0,1428.283,0,154.598,3085,4382,0.660,0.900,0.920,1,0,1.995,0,0,18,306,0,92,2
15-06 15:52:01,24.940,5.986,64.595,2.993,0,5551516,149140,184824,2119256,4943.122,1454.505,0,9888.240,0,769.152,8323,13107,0.660,0.900,0.920,2,1,0.998,0,0,18,307,0,85,2
15-06 15:52:02,24.877,6.282,65.584,1.759,0,5552492,147892,184856,2119480,5005.474,1628.287,0,2762.057,0,315.606,7742,11379,0.660,0.900,0.920,2,0,0,0,0,18,307,0,86,2
15-06 15:52:03,23.203,4.990,67.862,1.497,0,5538628,161392,184888,2119812,5107.597,1455.036,95.805,7105.528,4.990,895.177,7998,10941,0.660,0.900,0.920,2,0,0,0,0,18,307,0,91,2
15-06 15:52:04,25.237,4.248,66.216,1.749,0,5538628,160892,184924,2120276,5337.284,1619.176,0,2934.507,0,324.835,8044,11689,0.660,0.900,0.920,2,0,0,0,0,18,307,0,93,2
15-06 15:52:05,25.457,5.990,63.392,2.496,0.250,5539652,159664,184964,2120440,5229.089,1497.448,0,8773.050,0,702.802,8850,13935,0.680,0.900,0.920,2,0,0,0,0,18,307,0,82,2
15-06 15:52:06,24.096,5.271,68.774,1.255,0,5540080,158948,185000,2120692,4836.246,1626.472,0,3028.050,0,250.999,7257,10521,0.680,0.900,0.920,1,0,0,0,0,18,307,0,83,2
15-06 15:52:07,7.235,1.497,89.316,0.748,0,5540256,158696,185008,2120760,5786.078,2398.059,0,1644.611,0,158.673,2516,3865,0.680,0.900,0.920,1,0,0,0,0,18,306,0,84,2
15-06 15:52:08,6.244,0.999,89.666,0.999,0,5540660,158224,185020,2120816,6025.331,2500.647,0,1534.556,0,172.837,2522,3713,0.680,0.900,0.920,1,0,0.999,0,0,18,306,0,84,2
15-06 15:52:09,10.240,2.248,84.422,0.749,0,5540800,157972,185048,2120900,5539.850,2501.675,0,1762.362,0,180.832,3580,5143,0.680,0.900,0.920,1,0,0,0,0,18,306,0,78,2
15-06 15:52:10,7.766,1.503,89.434,0.752,0,5541260,157468,185048,2120944,5546.398,2087.290,0,2040.193,0,116.239,2496,3528,0.710,0.900,0.920,1,0,0,0,0,18,306,0,78,2
15-06 15:52:11,8.738,1.748,86.635,0.999,0,5541692,156992,185056,2120980,6399.530,2499.692,0,1565.928,0,188.750,3460,5006,0.710,0.900,0.920,1,0,0,0,0,18,306,0,78,2
15-06 15:52:12,6.515,2.005,89.211,1.253,0,5541536,156992,185084,2121108,4456.564,2087.949,0,5485.001,0,348.827,2808,4445,0.710,0.900,0.920,2,0,0,0,0,18,306,0,78,2
15-06 15:52:13,3.240,0.748,94.462,0.498,0,5541516,156992,185092,2121120,5637.788,1680.868,0,797.565,0,74.772,1715,2513,0.710,0.900,0.920,1,0,0,0,0,18,307,0,75,2
15-06 15:52:14,8.506,1.251,87.565,0.751,0,5541804,156488,185100,2121328,5975.406,2547.879,0,1220.900,0,130.096,2976,4315,0.710,0.900,0.920,1,0,1.001,0,0,18,306,0,75,2
15-06 15:52:15,8.756,2.001,87.310,0.500,0,5541880,156236,185100,2121504,11833.162,3366.322,0,1076.743,0,109.075,2851,3874,0.650,0.890,0.920,1,0,0,0,0,18,306,0,75,2
15-06 15:52:16,8.753,1.751,87.277,0.750,0,5541920,155984,185108,2121708,5947.824,2342.719,0,1308.401,0,145.044,3032,4179,0.650,0.890,0.920,1,0,0,0,0,18,306,0,75,2
15-06 15:52:17,7.498,1.250,89.470,0.750,0,5542116,155732,185116,2121756,5833.075,2082.313,0,1087.641,0,106.965,2564,3529,0.650,0.890,0.920,2,0,0,0,0,18,306,0,73,2
15-06 15:52:18,7.013,1.252,89.163,0.501,0,5542068,155732,185120,2121800,4526.294,1460.676,0,1522.790,0,74.136,2410,3233,0.650,0.890,0.920,2,0,1.002,0,0,18,307,0,73,2
15-06 15:52:19,6.473,1.743,90.119,0.747,0,5542148,155480,185192,2121900,5971.778,1966.694,0,1238.768,0,125.470,2536,3694,0.650,0.890,0.920,1,0,0,0,0,18,306,0,73,2
15-06 15:52:20,8.761,2.002,86.357,0.751,0,5542048,155480,185260,2121944,11680.463,3410.222,0,1165.443,0,120.149,3067,4180,0.600,0.870,0.910,1,0,1.001,0,0,18,306,0,73,2
15-06 15:52:21,20.818,4.264,70.982,2.007,0,5542308,154976,185368,2122080,4732.465,1462.780,0,2628.590,0,326.066,6588,10104,0.600,0.870,0.910,0,1,1.003,0,0,18,307,0,63,2
15-06 15:52:22,28.768,8.505,57.536,2.502,0,5554388,142300,185548,2122480,5223.264,1621.013,0,9261.788,0,694.434,9802,20974,0.600,0.870,0.910,3,0,36.023,0,0,18,307,0,64,2
15-06 15:52:23,21.157,4.480,70.688,1.493,0,5554272,142264,185672,2122508,4318.962,1451.601,15.930,1823.960,0.996,219.034,6666,10031,0.600,0.870,0.910,1,0,0,0,0,18,306,0,66,2
15-06 15:52:24,6.779,2.008,89.879,0.502,0,5554136,142112,185680,2122788,4940.841,1626.862,0,7873.210,0,1031.350,2596,3380,0.600,0.870,0.910,3,0,0,0,0,18,307,0,66,2
15-06 15:52:25,9.953,4.728,81.616,1.493,0,5554804,134060,185716,2130120,3634.919,967.454,0,3439.836,0,382.204,3797,5555,0.550,0.860,0.910,1,0,1.991,0,0,18,306,0,63,2
15-06 15:52:26,18.558,4.012,73.478,1.505,0,5555020,133568,185748,2130364,3032.420,487.514,0,2210.868,0,231.720,5819,8434,0.550,0.860,0.910,3,1,0,0,0,18,307,0,65,2
15-06 15:52:27,27.027,5.756,62.813,3.503,0,5555132,133064,185860,2130672,4264.249,1621.616,0,9097.064,0,802.800,8848,14129,0.550,0.860,0.910,1,0,0,0,0,18,307,0,65,2
15-06 15:52:28,23.997,4.500,68.243,0.750,0,5556092,131804,185880,2130952,4395.520,1685.816,0,2579.718,0,189.979,7435,10679,0.550,0.860,0.910,1,0,1.000,0,0,18,307,0,68,2
15-06 15:52:29,25.255,5.251,65.013,2.751,0,5556784,130796,185912,2131236,4380.886,1620.328,0,3608.730,0,471.095,8622,13939,0.550,0.860,0.910,1,0,0,0,0,18,307,0,68,2
15-06 15:52:30,24.741,4.748,67.226,1.000,0,5557196,130040,185928,2131564,4624.323,1685.389,31.988,2663.034,1.000,250.909,7946,11756,0.590,0.860,0.910,2,0,0,0,0,18,307,0,59,2
15-06 15:52:31,9.965,2.491,84.949,0.498,0,5558132,129032,185944,2131620,4979.363,1614.282,0,1614.282,0,124.559,3729,5143,0.590,0.860,0.910,1,0,0,0,0,18,307,0,60,2
15-06 15:52:32,18.790,4.760,71.400,2.756,0,5557960,129032,185988,2131748,4768.036,1503.164,0,7864.554,0,620.306,7373,11488,0.590,0.860,0.910,6,0,2.004,0,0,18,307,0,60,2
15-06 15:52:33,24.503,5.001,67.008,1.500,0,5558784,127772,186024,2132148,5400.631,1620.189,0,2528.295,0,305.036,8005,12006,0.590,0.860,0.910,3,0,0,0,0,18,307,0,60,2
15-06 15:52:34,25.005,4.751,67.763,1.000,0,5559196,127016,186040,2132476,4518.842,1458.272,0,2296.428,0,247.046,7710,10880,0.590,0.860,0.910,1,0,0,0,0,18,307,0,57,2
15-06 15:52:35,24.463,4.743,65.151,2.746,0.250,5559176,126764,186076,2132712,4876.591,1521.688,0,4541.101,0,501.239,8505,13393,0.860,0.910,0.920,4,0,0,0,0,18,307,0,57,2
15-06 15:52:36,25.012,5.002,66.532,2.001,0,5559964,125756,186116,2132892,4879.370,1620.787,0,9116.427,0,622.302,8089,12233,0.860,0.910,0.920,1,0,0,0,0,18,307,0,57,2
15-06 15:52:37,25.067,5.013,66.929,1.504,0,5560308,125000,186140,2133280,4229.290,1461.903,0,2554.820,0,223.597,7973,11722,0.860,0.910,0.920,2,0,0,0,0,18,307,0,57,2
15-06 15:52:38,16.466,3.243,77.093,1.247,0,5552828,132308,186184,2133408,6145.492,2405.105,0,3069.752,0,326.336,4816,6912,0.860,0.910,0.920,1,0,0.998,0,0,18,306,0,50,2
15-06 15:52:39,9.251,1.500,86.757,0.500,0,5552988,132084,186204,2133452,7119.536,2268.171,0,1300.098,0,146.011,2971,4202,0.860,0.910,0.920,1,0,0,0,0,18,306,0,51,2
15-06 15:52:40,11.975,2.994,82.331,1.247,0,5552080,132776,186228,2133644,11237.948,3459.903,0,10131.218,0,159.672,3405,4696,0.790,0.900,0.920,2,0,0,0,0,18,306,0,53,2
15-06 15:52:41,5.775,1.004,89.893,0.251,0,5552224,132552,186240,2133712,6322.657,1530.696,0,1072.692,0,104.457,2672,3855,0.790,0.900,0.920,1,0,0,0,0,18,307,0,54,2
15-06 15:52:42,13.990,2.748,78.945,1.999,0,5552300,132348,186268,2133812,4736.693,1618.870,15.989,2610.177,0.999,323.774,4602,6806,0.790,0.900,0.920,2,0,0,0,0,18,306,0,44,2
15-06 15:52:43,9.953,2.488,83.360,2.737,0,5552024,132348,186312,2134044,11677.311,3455.815,31.851,6640.898,0.995,464.823,3949,5931,0.790,0.900,0.920,5,0,0,0,0,18,306,0,45,2
15-06 15:52:44,20.065,4.264,72.233,1.505,0,5552380,131844,186332,2134172,4907.811,1516.887,0,2223.162,0,297.960,6781,10262,0.790,0.900,0.920,4,0,0,0,0,18,307,0,46,2
15-06 15:52:45,25.764,5.753,63.034,3.002,0,5552200,131844,186368,2134316,4982.704,1620.880,0,4306.337,0,546.296,9037,13979,0.810,0.900,0.920,3,0,0,0,0,18,307,0,46,2
15-06 15:52:46,24.526,5.506,66.822,1.001,0,5553344,130344,186384,2134656,4768.122,1687.813,0,2230.396,0,213.229,7744,11391,0.810,0.900,0.920,3,0,0,0,0,18,307,0,44,2
15-06 15:52:47,17.958,4.240,73.328,1.995,0,5553076,130344,186388,2134920,5826.356,2567.986,0,8715.590,0,634.514,6580,10127,0.810,0.900,0.920,2,0,0,0,0,18,306,0,45,2
15-06 15:52:48,10.773,2.505,85.178,0.251,0,5553212,129840,186396,2135280,4992.458,1623.400,440.924,2188.584,15.031,122.256,3321,4519,0.810,0.900,0.920,1,0,1.002,0,0,18,307,0,45,2
15-06 15:52:49,9.239,2.247,85.152,1.498,0,5553140,129588,186412,2135588,11546.687,3456.015,0,2828.739,0,223.742,3538,5085,0.810,0.900,0.920,1,0,0,0,0,18,306,0,45,2
15-06 15:52:50,19.750,4.000,72.751,1.750,0,5553068,129588,186420,2135652,4398.078,1458.026,0,2356.042,0,313.006,6162,9366,0.820,0.900,0.920,2,0,0,0,0,18,307,0,45,2
15-06 15:52:51,25.803,5.261,64.131,2.004,0,5553808,128088,186444,2136372,4886.994,1623.320,32.066,4429.058,1.002,477.977,8782,13500,0.820,0.900,0.920,2,0,0,0,0,18,307,0,46,2
15-06 15:52:52,23.390,5.972,66.685,1.244,0,5554120,127584,186448,2136560,4598.292,1612.388,0,2607.689,0,278.684,6916,10109,0.820,0.900,0.920,3,1,0,0,0,18,305,0,47,3
15-06 15:52:53,6.268,2.256,87.752,1.755,0,5554368,127080,186480,2136784,6536.740,2468.076,0,6185.734,0,425.219,3137,5074,0.820,0.900,0.920,1,0,0,0,0,18,306,0,48,2
15-06 15:52:54,12.497,2.249,83.729,0.750,0.250,5554648,126576,186496,2136992,21344.688,6095.483,0,1103.725,0,128.968,3459,4533,0.820,0.900,0.920,1,0,0,0,0,18,306,0,44,2
15-06 15:52:55,11.980,2.496,82.861,0.749,0,5555044,126076,186508,2137084,15861.392,4896.785,0,1090.171,0,108.817,3411,4211,0.840,0.900,0.920,0,0,5.990,0,0,18,306,0,44,2
15-06 15:52:56,15.491,1.999,80.456,0.500,0,5555512,125572,186512,2137116,11196.817,3045.318,0,2386.682,0,102.943,3109,3784,0.840,0.900,0.920,1,0,0,0,0,18,306,0,45,2
15-06 15:52:57,5.263,1.754,91.228,0.501,0,5555320,125572,186516,2137304,18398.909,3963.891,0,950.371,0,97.243,2545,3560,0.840,0.900,0.920,3,0,0,0,0,18,307,0,45,2
15-06 15:52:58,25.520,4.754,65.301,1.751,0,5555400,125320,186564,2137428,4753.735,1471.156,0,2902.280,0,333.262,7558,11138,0.840,0.900,0.920,2,0,2.002,0,0,18,307,0,43,2
15-06 15:52:59,26.535,6.759,62.833,1.752,0,5553624,156308,185264,2109796,5499.294,1514.008,32.042,4578.072,1.001,437.580,8571,13146,0.840,0.900,0.920,3,0,3.004,0,0,18,307,0,43,2
15-06 15:53:00,24.692,4.739,67.841,0.998,0,5553296,156316,185280,2110100,4846.664,2458.250,0,7626.163,0,395.076,6860,9744,1.250,0.990,0.950,1,0,0.998,0,0,18,306,0,45,2
15-06 15:53:01,10.724,2.494,83.300,1.746,0,5553224,156316,185300,2110152,6379.700,1681.966,0,6380.698,0,460.895,4083,6247,1.250,0.990,0.950,8,0,0.998,0,0,18,306,0,46,2
15-06 15:53:02,4.001,0.750,92.274,0.500,0,5553448,156064,185300,2110180,10754.840,2943.777,0,1492.394,0,119.031,2095,2943,1.250,0.990,0.950,1,0,0,0,0,18,306,0,44,2
15-06 15:53:03,11.526,2.005,85.947,0.752,0,5553496,155812,185312,2110372,11859.157,3359.694,0,1403.213,0,130.298,3135,4083,1.250,0.990,0.950,1,0,0,0,0,18,306,0,44,2
15-06 15:53:04,17.786,3.758,74.401,1.002,0,5553420,155560,185452,2110560,5230.633,1623.300,0,2745.581,0,286.583,6018,9129,1.250,0.990,0.950,2,0,0,0,0,18,307,0,44,2
15-06 15:53:05,27.225,5.495,63.442,1.748,0,5553436,155056,185704,2110796,5335.081,1660.469,0,5407.015,0,507.532,8238,12984,1.230,0.990,0.950,5,0,0,0,0,18,307,0,45,2
15-06 15:53:06,23.970,4.994,68.164,0.749,0,5554376,153824,185764,2111028,5050.651,1617.966,0,2021.459,0,190.760,6960,9703,1.230,0.990,0.950,2,0,0,0,0,18,307,0,39,2
15-06 15:53:07,9.494,1.749,86.448,0.999,0,5555316,152592,185832,2111252,5776.525,2568.455,0,2506.492,0,242.854,3205,4892,1.230,0.990,0.950,1,0,0,0,0,18,306,0,40,2
15-06 15:53:08,9.495,2.499,83.957,1.249,0,5555308,152444,185916,2111324,11512.136,3296.321,0,5429.235,0,374.809,3752,5477,1.230,0.990,0.950,1,0,0.999,0,0,18,306,0,41,2
15-06 15:53:09,18.016,4.254,74.818,1.501,0,5555208,152444,186008,2111332,4444.017,1621.466,0,3250.939,0,330.299,6068,8920,1.230,0.990,0.950,2,0,0,0,0,18,307,0,42,2
15-06 15:53:10,27.015,4.252,66.536,1.001,0,5555104,152192,186052,2111644,3581.944,1080.586,0,3013.635,0,336.182,6396,9217,1.210,0.990,0.950,2,0,0,0,0,18,307,0,42,2
15-06 15:53:11,23.778,5.507,67.580,0.751,0,5556308,150680,186080,2111924,4420.230,1459.727,0,2038.412,0,196.232,7277,10234,1.210,0.990,0.950,1,0,0,0,0,18,307,0,39,2
15-06 15:53:12,25.997,5.249,65.243,1.750,0,5556656,150204,186152,2111980,4703.526,1523.846,0,2855.712,0,326.967,7690,11352,1.210,0.990,0.950,0,1,0,0,0,18,307,0,39,2
15-06 15:53:13,24.675,5.733,65.052,1.994,0,5557236,149196,186208,2112352,4785.410,1615.076,0,8199.002,0,632.073,8416,12848,1.210,0.990,0.950,4,0,0,0,0,18,307,0,42,2
15-06 15:53:14,25.043,4.758,67.367,1.252,0,5557704,148444,186252,2112592,4652.051,1526.642,0,2295.973,0,269.466,7497,10899,1.210,0.990,0.950,3,0,0,0,0,18,305,0,43,2
15-06 15:53:15,7.746,1.499,89.459,0.500,0,5557620,148444,186260,2112668,12280.395,4098.129,0,1195.454,0,103.953,2530,3542,1.200,0.990,0.950,1,0,0,0,0,18,306,0,43,2
15-06 15:53:16,7.503,1.501,88.786,0.750,0,5557800,148192,186280,2112720,6428.625,2400.980,0,1384.565,0,153.063,2670,3748,1.200,0.990,0.950,1,0,0,0,0,18,306,0,43,2
15-06 15:53:17,10.985,2.247,83.633,0.999,0,5558056,147716,186304,2112916,6006.626,2080.100,0,1473.945,0,158.779,3526,4875,1.200,0.990,0.950,1,0,0,0,0,18,306,0,43,2
15-06 15:53:18,7.241,1.998,88.894,0.499,0,5558248,147468,186312,2112964,9543.622,2742.730,0,1238.523,0,125.850,2653,3628,1.200,0.990,0.950,1,0,0.999,0,0,18,306,0,43,2
15-06 15:53:19,9.754,2.501,85.538,0.750,0,5558240,147468,186316,2112968,6505.866,1632.719,0,2056.906,0,171.075,3503,5091,1.200,0.990,0.950,2,0,0,0,0,18,307,0,42,2
15-06 15:53:20,24.761,5.502,64.778,2.251,0,5565300,140164,186336,2113192,4682.046,1620.708,0,4537.983,0,511.223,8148,12393,1.180,0.990,0.950,2,0,0,0,0,18,307,0,42,2
15-06 15:53:21,25.256,6.001,65.515,1.750,0,5566364,138904,186364,2113360,5358.261,1620.381,0,13387.150,0,774.182,8487,12783,1.180,0.990,0.950,2,0,0,0,0,18,307,0,42,2
15-06 15:53:22,29.275,8.257,59.301,1.251,0,5575024,157812,185116,2087224,5044.364,1621.403,16.014,3763.256,1.001,281.243,8541,15866,1.180,0.990,0.950,3,0,36.031,0,0,18,306,0,46,2
15-06 15:53:23,3.757,1.252,93.178,0.501,0,5575232,157564,185120,2087260,6814.995,2616.990,0,1306.491,0,99.189,1922,2876,1.180,0.990,0.950,1,0,0,0,0,18,306,0,45,2
15-06 15:53:24,6.246,1.749,90.685,0.749,0,5575168,157564,185140,2087304,11791.549,3457.522,0,1295.072,0,123.911,2614,3864,1.180,0.990,0.950,2,0,0,0,0,18,306,0,45,2
15-06 15:53:25,22.537,4.257,68.363,1.753,0,5575124,157312,185172,2087568,4926.143,1460.414,0,3012.980,0,332.550,7289,10817,1.160,0.990,0.950,1,0,0,0,0,18,307,0,46,2
15-06 15:53:26,27.136,5.228,63.235,2.490,0,5575152,157072,185188,2087764,5095.641,1613.238,0,4771.998,0,547.704,8826,13883,1.160,0.990,0.950,2,0,0.996,0,0,18,307,0,46,2
15-06 15:53:27,26.314,5.012,64.908,1.754,0,5575384,156568,185208,2088016,4288.429,1461.554,0,7381.952,0,534.299,8202,12376,1.160,0.990,0.950,2,0,0,0,0,18,307,0,40,2
15-06 15:53:28,21.480,5.245,69.186,1.748,0,5580060,151544,185212,2088360,5047.351,2531.668,0,2365.821,0,250.769,6255,8933,1.160,0.990,0.950,1,0,0.999,0,0,18,306,0,42,2
15-06 15:53:29,11.272,2.004,84.669,1.252,0.250,5580020,151544,185224,2088388,5202.382,1593.179,0,2637.263,0,238.476,3448,5090,1.160,0.990,0.950,3,0,0,0,0,18,306,0,42,2
15-06 15:53:30,3.000,0.750,95.234,0.250,0,5579836,151544,185228,2088568,10404.285,2996.506,0,815.865,0,63.989,1577,2120,1.070,0.970,0.940,1,0,0,0,0,18,307,0,42,2
15-06 15:53:31,8.978,1.995,86.287,0.748,0,5580028,151292,185232,2088624,11087.616,3331.771,0,1492.314,0,153.621,3309,4595,1.070,0.970,0.940,2,0,0,0,0,18,306,0,36,2
15-06 15:53:32,21.524,3.504,71.329,1.251,0,5580732,150284,185248,2088912,4264.697,1621.786,0,2078.289,0,225.248,6173,8276,1.070,0.970,0.940,2,0,2.002,0,0,18,307,0,38,2
15-06 15:53:33,23.769,5.254,66.053,2.252,0.250,5580572,150284,185292,2089028,4521.605,1459.164,0,8514.790,0,731.583,8468,13531,1.070,0.970,0.940,2,0,0,0,0,18,307,0,39,2
15-06 15:53:34,25.758,5.252,66.520,1.000,0,5580996,149528,185296,2089356,4921.447,1620.476,0,2324.683,0,220.065,7558,11137,1.070,0.970,0.940,2,0,0,0,0,18,307,0,40,2
15-06 15:53:35,25.216,2.996,69.157,0.749,0,5582360,148016,185316,2089484,4813.540,1456.046,0,1653.780,0,166.776,5380,7104,1.070,0.970,0.950,1,0,0,0,0,18,307,0,39,2
15-06 15:53:36,25.774,5.255,65.060,2.753,0,5582536,147540,185352,2089748,5422.012,1621.499,0,3735.453,0,460.426,8457,12638,1.070,0.970,0.950,2,0,0,0,0,18,307,0,40,2
15-06 15:53:37,24.493,4.999,66.981,0.750,0,5582252,147540,185356,2090028,4318.787,1619.545,0,2479.304,0,235.934,7798,11156,1.070,0.970,0.950,1,0,0,0,0,18,307,0,41,2
15-06 15:53:38,25.470,5.743,64.673,1.998,0,5582412,147036,185372,2090356,5513.439,1618.074,0,8801.526,0,639.239,8469,12684,1.070,0.970,0.950,6,0,0.999,0,0,18,307,0,41,2
15-06 15:53:39,25.567,4.762,64.920,2.256,0,5582152,147036,185384,2090604,6152.144,1690.436,0,4748.461,0,500.313,8759,13471,1.070,0.970,0.950,5,0,0,0,0,18,307,0,40,2
15-06 15:53:40,25.494,3.999,69.233,0.500,0,5582500,146532,185384,2090760,5614.585,1605.595,0,1695.573,0,168.957,6770,9601,0.980,0.960,0.940,2,0,0,0,0,18,307,0,43,2
15-06 15:53:41,25.763,5.002,65.032,2.251,0,5582664,146056,185392,2091064,4445.183,1566.770,0,9316.576,0,601.295,8485,12608,0.980,0.960,0.940,2,0,0,0,0,18,307,0,44,2
15-06 15:53:42,25.179,5.235,65.317,1.994,0,5582668,145300,185396,2091812,4666.903,1615.466,0,3031.492,0,319.104,7622,11199,0.980,0.960,0.940,1,0,0,0,0,18,307,0,46,2
15-06 15:53:43,24.260,5.002,68.278,0.750,0,5582916,144544,185396,2092320,4239.716,1910.774,0,2589.048,0,271.110,6811,9804,0.980,0.960,0.940,0,0,0,0,0,18,306,0,43,2
15-06 15:53:44,6.493,2.248,87.657,2.248,0,5582716,144544,185416,2092500,4994.711,1036.902,0,7284.287,0,461.511,3047,4766,0.980,0.960,0.940,2,0,0,0,0,18,307,0,43,2
15-06 15:53:45,9.013,1.753,86.874,1.001,0,5582876,144292,185432,2092576,6321.050,2586.703,0,1710.449,0,181.260,3169,4766,0.900,0.940,0.930,1,0,0,0,0,18,306,0,44,2
15-06 15:53:46,12.241,1.998,82.937,0.749,0,5582876,144040,185472,2092788,5944.509,2461.141,0,1506.862,0,169.872,3490,5011,0.900,0.940,0.930,1,0,0,0,0,18,306,0,45,2
15-06 15:53:47,14.001,3.500,80.255,1.000,0,5583320,143536,185492,2092828,4558.312,2377.163,0,1488.102,0,174.012,3549,4878,0.900,0.940,0.930,2,0,0,0,0,18,306,0,44,2
15-06 15:53:48,8.272,1.504,87.736,0.752,0,5583332,143284,185512,2093048,5280.212,1980.330,0,1279.444,0,133.359,2542,3597,0.900,0.940,0.930,1,0,2.005,0,0,18,306,0,44,2
15-06 15:53:49,9.228,1.746,86.044,0.998,0,5583208,143284,185564,2093120,17956.984,4837.412,0,2222.676,0,234.438,3702,5390,0.900,0.940,0.930,1,0,0,0,0,18,306,0,44,2
15-06 15:53:50,7.504,1.751,87.545,1.251,0,5583096,143284,185616,2093180,11418.858,3353.720,0,2129.092,0,157.081,2997,4273,0.830,0.920,0.930,1,0,0,0,0,18,306,0,44,2
15-06 15:53:51,8.985,1.997,86.855,0.749,0,5583260,143032,185644,2093240,11917.136,3454.242,0,1828.951,0,176.705,3123,4375,0.830,0.920,0.930,1,0,0,0,0,18,306,0,42,2
15-06 15:53:52,16.812,3.764,75.781,1.506,0,5583268,142780,185744,2093384,4103.233,1192.427,0,2874.672,0,318.181,5876,8764,0.830,0.920,0.930,1,0,0,0,0,18,307,0,43,2
15-06 15:53:53,25.233,5.496,64.707,1.999,0,5583368,142276,185928,2093604,4676.895,1349.104,0,11472.383,0,730.515,8442,13160,0.830,0.920,0.930,1,0,0,0,0,18,307,0,44,2
15-06 15:53:54,25.402,4.981,65.248,2.241,0,5583884,141520,185980,2093792,4781.524,1613.764,0,2402.716,0,302.830,7793,11698,0.830,0.920,0.930,2,0,0,0,0,18,307,0,45,2
15-06 15:53:55,25.839,5.268,65.977,1.003,0,5585000,140008,186020,2094148,5545.051,1691.813,0,2460.453,0,234.807,7287,10354,0.840,0.930,0.930,2,1,6.021,0,0,18,307,0,45,2
15-06 15:53:56,25.266,4.503,67.292,1.251,0,5585108,139756,186064,2094248,5946.703,1566.976,0,2237.393,0,226.141,6557,9300,0.840,0.930,0.930,2,0,0,0,0,18,308,0,44,2
15-06 15:53:57,12.687,3.483,77.865,2.488,0,5584256,140256,186148,2094516,12629.559,3874.843,15.921,12832.556,0.995,875.671,5286,8043,0.840,0.930,0.930,1,0,0,0,0,18,306,0,46,2
15-06 15:53:58,7.014,1.754,89.684,1.253,0,5584424,140004,186176,2094572,8013.418,2459.038,0,1458.989,0,158.324,2754,4011,0.840,0.930,0.930,1,0,1.002,0,0,18,306,0,46,2
15-06 15:53:59,14.733,2.497,80.156,0.749,0,5584044,140004,186196,2094932,7805.871,2080.567,0,1769.930,0,181.787,4526,6206,0.840,0.930,0.930,4,0,0,0,0,18,306,0,47,2
15-06 15:54:00,4.763,1.254,92.763,0.501,0,5584264,139764,186204,2094944,5415.337,1624.601,0,1018.886,0,87.247,1869,2704,0.780,0.910,0.920,2,0,1.003,0,0,18,307,0,45,2
15-06 15:54:01,8.230,2.743,86.285,0.748,0,5588080,135744,186216,2095136,12013.106,3397.545,0,1560.118,0,162.595,3394,4844,0.780,0.910,0.920,2,0,1.995,0,0,18,306,0,45,2
15-06 15:54:02,25.289,5.509,65.601,1.502,0,5588184,135492,186252,2095248,3721.746,216.334,0,3220.973,0,353.546,7243,10841,0.780,0.910,0.920,2,0,2.003,0,0,18,307,0,48,2
15-06 15:54:03,26.018,5.254,65.045,2.252,0,5588852,134484,186300,2095540,5379.693,1296.890,0,3558.443,0,359.247,7907,11563,0.780,0.910,0.920,2,0,2.001,0,0,18,307,0,48,2
15-06 15:54:04,25.300,5.511,65.128,1.503,0,5589268,133728,186336,2095844,5162.146,1352.659,0,6568.911,0,487.959,7985,11982,0.780,0.910,0.920,1,0,1.002,0,0,18,306,0,46,2
15-06 15:54:05,17.936,3.737,74.234,1.246,0,5589152,133728,186352,2095944,6126.022,2167.225,0,3076.961,0,278.003,5552,8224,0.790,0.910,0.920,1,0,0,0,0,18,306,0,47,2
15-06 15:54:06,9.767,2.003,86.399,0.751,0,5588968,133728,186352,2096128,8590.805,2690.637,0,1322.279,0,127.219,2861,3863,0.790,0.910,0.920,1,0,0,0,0,18,306,0,47,2
15-06 15:54:07,8.244,2.248,87.941,0.500,0,5588944,133728,186352,2096152,7905.711,2122.580,0,1123.249,0,104.930,2986,4105,0.790,0.910,0.920,4,0,0,0,0,18,307,0,47,2
15-06 15:54:08,24.786,6.259,64.345,2.504,0,5589276,133224,186380,2096296,4442.531,1568.306,0,4021.913,0,451.664,8269,12458,0.790,0.910,0.920,1,0,1.001,0,0,18,307,0,43,2
15-06 15:54:09,24.504,5.001,65.511,1.500,0,5589984,132216,186408,2096568,4122.718,1512.263,0,2920.509,0,334.058,7282,10521,0.790,0.910,0.920,2,0,0,0,0,18,305,0,46,2
15-06 15:54:10,5.987,1.996,90.296,0.998,0,5589932,132216,186420,2096608,5878.748,2572.202,0,2514.332,0,223.496,2656,4103,0.810,0.910,0.930,1,0,0,0,0,18,306,0,47,2
15-06 15:54:11,8.745,2.998,83.205,2.249,0,5589732,132216,186436,2096792,5477.021,2393.698,0,6964.212,0,513.721,4083,6225,0.810,0.910,0.930,1,0,0,0,0,18,306,0,47,2
15-06 15:54:12,8.508,1.752,88.080,1.251,0,5589672,132216,186440,2096848,5856.286,2572.322,0,1533.384,0,176.159,3007,4444,0.810,0.910,0.930,2,0,0,0,0,18,306,0,47,2
15-06 15:54:13,8.749,1.750,86.739,1.000,0,5589868,131964,186452,2096892,6995.141,2942.639,0,1691.792,0,183.977,3110,4695,0.810,0.910,0.930,1,0,0,0,0,18,306,0,47,2
15-06 15:54:14,5.256,1.502,92.110,0.501,0,5589828,131964,186460,2096924,9954.892,2946.520,0,1021.220,0,99.118,2127,3012,0.810,0.910,0.930,1,0,1.001,0,0,18,306,0,47,2
15-06 15:54:15,13.991,2.498,81.197,0.750,0,5590100,131460,186460,2097156,12305.898,3982.378,0,1443.050,0,149.901,3904,5283,0.830,0.920,0.930,1,0,0,0,0,18,306,0,48,2
15-06 15:54:16,4.501,1.000,92.011,0.750,0,5590036,131460,186464,2097216,6215.765,1686.207,0,6132.755,0,396.049,2333,3352,0.830,0.920,0.930,1,0,2.000,0,0,18,307,0,44,2
15-06 15:54:17,4.002,1.000,93.287,0.750,0,5589996,131460,186472,2097248,6033.386,2504.991,0,1156.457,0,119.047,2028,3097,0.830,0.920,0.930,1,0,0,0,0,18,306,0,45,2
15-06 15:54:18,12.491,2.748,82.189,0.749,0,5590292,130956,186472,2097456,5424.976,2254.328,0,1618.799,0,174.870,3609,5136,0.830,0.920,0.930,1,0,0.999,0,0,18,306,0,46,2
15-06 15:54:19,8.481,1.996,86.806,0.998,0,5590512,130704,186472,2097488,17833.073,4872.092,0,1269.158,0,123.723,2730,3641,0.830,0.920,0.930,1,0,0,0,0,18,306,0,46,2
15-06 15:54:20,2.752,0.751,95.568,0,0,5590488,130704,186476,2097508,7480.333,1930.376,0,664.474,0,37.026,1223,1661,0.840,0.920,0.930,1,0,0,0,0,18,306,0,46,2
15-06 15:54:21,3.257,1.253,93.701,0.501,0,5590476,130704,186480,2097516,6687.323,2041.372,0,1166.498,0,64.137,1814,2575,0.840,0.920,0.930,2,0,0,0,0,18,306,0,46,2
15-06 15:54:22,11.970,5.736,80.300,0.499,0,5600660,151068,185496,2068176,13438.537,4769.124,0,1101.258,0,113.717,3707,10114,0.840,0.920,0.930,1,0,35.911,0,0,18,306,0,47,2
15-06 15:54:23,5.010,1.252,91.927,0.751,0,5601300,150388,185496,2068372,10464.204,3002.798,0,925.787,0,94.182,1868,2699,0.840,0.920,0.930,1,0,0,0,0,18,306,0,47,2
15-06 15:54:24,8.007,1.752,88.078,1.001,0,5601092,150388,185500,2068576,7096.251,1988.752,0,6561.780,0,309.272,2974,4228,0.840,0.920,0.930,2,0,0,0,0,18,306,0,42,2
15-06 15:54:25,5.500,2.000,90.505,0.500,0,5600960,150388,185504,2068704,10867.652,2997.180,0,1492.090,0,130.008,2470,3462,0.770,0.900,0.920,2,0,0,0,0,18,307,0,43,2
15-06 15:54:26,25.752,5.250,65.755,1.500,0,5601060,150136,185508,2068852,5223.390,1458.109,0,2624.196,0,299.022,7590,11335,0.770,0.900,0.920,4,0,1.000,0,0,18,307,0,43,2
15-06 15:54:27,19.748,4.500,72.243,1.750,0,5601284,149632,185512,2069128,5865.460,2565.764,0,5547.490,0,622.943,6058,8602,0.770,0.900,0.920,1,0,0,0,0,18,306,0,44,2
15-06 15:54:28,11.708,2.242,83.204,0.498,0,5601200,149632,185512,2069212,3294.295,657.663,0,1785.655,0,151.462,3356,4497,0.770,0.900,0.920,2,0,0.996,0,0,18,307,0,41,2
15-06 15:54:29,9.270,2.004,86.935,1.253,0.251,5601500,149128,185516,2069408,11594.692,3250.923,0,2212.712,0,221.472,3387,4924,0.770,0.900,0.920,1,0,0,0,0,18,306,0,41,2
15-06 15:54:30,20.515,4.253,70.301,1.501,0,5601612,148904,185528,2069508,5163.762,1621.181,0,2894.108,0,331.241,6981,10167,0.710,0.890,0.920,4,0,0,0,0,18,307,0,41,2
15-06 15:54:31,25.198,5.988,65.114,1.996,0,5601552,148652,185536,2069812,5232.099,1682.495,0,6745.945,0,487.983,8474,12976,0.710,0.890,0.920,1,0,0,0,0,18,307,0,41,2
15-06 15:54:32,16.761,3.752,76.050,1.251,0,5602312,147644,185540,2070056,6084.015,2568.695,0,3342.206,0,294.194,5143,7500,0.710,0.890,0.920,1,0,2.001,0,0,18,306,0,40,2
15-06 15:54:33,9.519,2.004,86.170,1.002,0,5602164,147644,185544,2070200,4989.834,1623.199,16.032,1478.915,1.002,154.304,3496,4931,0.710,0.890,0.920,1,0,0,0,0,18,307,0,40,2
15-06 15:54:34,11.218,2.244,83.510,1.246,0.249,5602072,147644,185544,2070292,11692.460,3396.258,0,2117.925,0,240.311,3994,5652,0.710,0.890,0.920,2,0,0,0,0,18,306,0,42,2
15-06 15:54:35,10.527,1.754,85.468,0.752,0,5602072,147392,185548,2070540,5185.233,2549.507,0,1239.162,0,123.315,3102,4400,0.650,0.870,0.910,1,0,0,0,0,18,306,0,44,2
15-06 15:54:36,6.502,1.751,90.285,0.500,0,5602052,147392,185552,2070556,6609.535,1578.606,0,992.381,0,94.036,2465,3386,0.650,0.870,0.910,1,0,0,0,0,18,307,0,44,2
15-06 15:54:37,7.749,1.500,88.485,0.500,0,5602200,147140,185552,2070660,12143.941,3351.432,0,1583.731,0,163.972,3056,4461,0.650,0.870,0.910,1,0,0,0,0,18,306,0,42,2
15-06 15:54:38,20.977,5.494,68.175,2.497,0,5601912,147140,185576,2070924,5905.461,1564.268,0,8154.971,0,620.313,7587,11597,0.650,0.870,0.910,1,0,0.999,0,0,18,307,0,42,2
15-06 15:54:39,25.750,5.250,63.750,2.500,0,5602372,146412,185676,2071092,5368.030,1458.008,0,3624.020,0,494.003,8669,13347,0.650,0.870,0.910,2,0,0,0,0,18,307,0,42,2
15-06 15:54:40,24.290,5.008,68.111,1.002,0,5603396,145152,185696,2071308,6554.682,1716.798,0,1903.102,0,176.287,7209,10231,0.680,0.870,0.910,3,0,0,0,0,18,307,0,42,2
15-06 15:54:41,26.726,5.495,64.191,1.748,0,5603764,144396,185740,2071652,4542.848,2071.107,0,2865.381,0,321.706,7424,10616,0.680,0.870,0.910,0,0,0,0,0,18,306,0,39,2
15-06 15:54:42,5.754,1.251,90.061,1.001,0,5603724,144396,185772,2071660,5221.546,1416.962,0,2145.457,0,172.117,2561,3729,0.680,0.870,0.910,2,0,0,0,0,18,307,0,39,2
15-06 15:54:43,12.761,3.253,81.072,1.752,0,5603572,144396,185796,2071788,4421.910,1579.396,0,7150.322,0,592.524,4659,6504,0.680,0.870,0.910,1,0,0,0,0,18,308,0,42,2
15-06 15:54:44,6.732,1.995,87.272,1.745,0,5603476,144396,185868,2071812,10957.364,2858.530,0,6259.641,0,426.884,3371,5385,0.680,0.870,0.910,1,0,0,0,0,18,306,0,42,2
15-06 15:54:45,13.239,2.748,80.681,1.249,0,5603416,144144,185916,2072076,5635.189,2029.267,15.986,1946.338,0.999,188.839,3875,5325,0.630,0.860,0.910,1,0,0,0,0,18,306,0,39,2
15-06 15:54:46,11.275,1.503,84.437,0.752,0,5603324,144144,185932,2072152,11867.252,3305.312,0,1479.272,0,155.344,3541,4832,0.630,0.860,0.910,1,0,0,0,0,18,306,0,39,2
15-06 15:54:47,8.752,2.251,86.270,0.500,0,5603376,143892,185940,2072344,4501.056,1686.396,0,1084.254,0,100.023,3102,4465,0.630,0.860,0.910,4,0,0,0,0,18,307,0,39,2
15-06 15:54:48,25.034,5.758,65.087,2.003,0,5603480,143640,185972,2072460,4506.036,1622.173,0,3584.802,0,435.584,8168,12612,0.630,0.860,0.910,2,0,1.001,0,0,18,307,0,39,2
15-06 15:54:49,24.905,5.230,65.499,1.992,0,5603120,143640,186024,2072768,4183.995,1613.827,0,3195.775,0,363.609,8053,12145,0.630,0.860,0.910,2,0,0,0,0,18,307,0,37,2
15-06 15:54:50,24.048,5.010,67.886,0.752,0,5604216,142380,186040,2072916,4509.066,1623.264,0,2132.287,0,184.371,7700,11120,0.660,0.860,0.910,2,0,0,0,0,18,308,0,38,2
15-06 15:54:51,13.237,3.996,78.675,2.498,0,5604040,142140,186156,2073200,5449.815,2406.710,0,8172.225,0,588.440,5328,8283,0.660,0.860,0.910,1,0,0,0,0,18,306,0,40,2
15-06 15:54:52,10.494,2.748,84.451,0.999,0,5604080,141888,186180,2073388,4737.233,1619.054,0,1882.900,0,173.898,3725,5355,0.660,0.860,0.910,1,0,0,0,0,18,307,0,40,2
15-06 15:54:53,10.991,2.498,82.934,1.249,0,5604220,141636,186208,2073472,11676.707,3457.249,0,2166.276,0,267.787,4135,6098,0.660,0.860,0.910,1,0,0,0,0,18,306,0,40,2
15-06 15:54:54,11.784,2.256,83.739,0.752,0,5604108,141636,186216,2073576,5874.779,2415.900,0,1231.517,0,128.367,3213,4263,0.660,0.860,0.910,2,0,0,0,0,18,306,0,42,2
15-06 15:54:55,9.001,2.750,85.760,0.500,0,5604712,140880,186232,2073728,5160.611,1620.192,0,2608.309,0,107.013,3034,4050,0.600,0.850,0.900,2,0,6.001,0,0,18,307,0,43,2
15-06 15:54:56,6.729,1.495,88.725,0.997,0,5604600,140880,186280,2073792,11619.050,2803.326,0,1507.336,0,171.469,2928,4272,0.600,0.850,0.900,1,0,0,0,0,18,306,0,43,2
15-06 15:54:57,25.114,5.776,66.051,1.758,0,5604436,140880,186340,2073896,10217.520,1871.521,0,2784.678,0,313.427,7330,10462,0.600,0.850,0.900,2,0,0,0,0,18,307,0,38,2
15-06 15:54:58,26.711,5.492,62.659,2.496,0,5604076,140880,186420,2074176,6416.685,1683.556,0,9170.687,0,768.884,8656,14097,0.600,0.850,0.900,4,0,0.999,0,0,18,307,0,38,2
15-06 15:54:59,25.521,5.254,65.803,1.751,0,5603972,140628,186460,2074492,6142.980,1459.183,0,2722.207,0,305.247,7477,10847,0.600,0.850,0.900,3,0,0,0,0,18,304,0,39,2
15-06 15:55:00,6.978,1.495,89.463,0.498,0,5603908,140628,186460,2074556,6897.898,2554.814,15.949,1570.966,0.997,126.594,2538,3713,0.560,0.830,0.900,1,0,0.997,0,0,18,306,0,39,2
15-06 15:55:01,15.731,3.746,77.659,1.498,0,5605992,138372,186484,2074704,9883.366,3471.913,0,2233.371,0,218.743,4428,6046,0.560,0.830,0.900,2,0,1.998,0,0,18,306,0,39,2
15-06 15:55:02,17.789,3.758,75.916,0.752,0.251,5606288,137868,186500,2074892,11018.029,3401.418,4.009,1747.812,1.002,156.341,4731,6201,0.560,0.830,0.900,5,0,5.011,0,0,18,306,0,41,2
15-06 15:55:03,10.512,2.503,83.849,1.251,0.250,5606148,137868,186516,2075016,13991.584,3422.056,0,5254.228,0,396.470,3983,5898,0.560,0.830,0.900,1,0,1.001,0,0,18,306,0,41,2
15-06 15:55:04,8.993,2.748,85.934,0.749,0,5606092,137868,186516,2075072,5271.927,1564.791,0,1043.194,0,78.939,3216,4452,0.560,0.830,0.900,1,0,0,0,0,18,308,0,41,2
15-06 15:55:05,26.296,5.009,64.112,1.753,0,5606792,136860,186524,2075372,5890.305,1622.839,0,3794.639,0,370.648,7923,12098,0.590,0.840,0.900,3,0,1.002,0,0,18,307,0,38,2
15-06 15:55:06,9.222,2.492,83.996,1.495,0,5606564,136860,186544,2075580,6557.180,2563.252,0,2548.298,0,242.268,3611,5482,0.590,0.840,0.900,1,0,0.997,0,0,18,306,0,39,2
15-06 15:55:07,11.012,2.753,84.845,0.501,0,5606504,136860,186544,2075640,11633.050,3463.886,0,1773.990,0,157.176,3302,4514,0.590,0.840,0.900,1,0,0,0,0,18,306,0,41,2
15-06 15:55:08,14.241,3.998,79.203,1.499,0,5606672,136608,186548,2075720,4857.099,1619.033,0,8163.125,0,539.678,5007,7239,0.590,0.840,0.900,4,0,0.999,0,0,18,307,0,41,2
15-06 15:55:09,24.709,5.491,65.890,1.498,0,5607660,135348,186560,2075980,4444.583,2532.774,0,3142.756,0,350.415,7392,11151,0.590,0.840,0.900,2,0,0,0,0,18,306,0,39,2
15-06 15:55:10,6.752,1.750,88.272,2.000,0,5607456,135348,186564,2076180,5589.387,1686.419,0,7553.875,0,470.117,3184,5023,0.540,0.820,0.890,2,0,0,0,0,18,307,0,39,2
15-06 15:55:11,11.523,3.006,83.416,1.002,0,5607616,135096,186564,2076272,5706.353,2403.782,0,1743.469,0,208.415,3885,5811,0.540,0.820,0.890,2,0,0,0,0,18,306,0,42,2
15-06 15:55:12,10.741,2.748,83.180,1.249,0,5607448,135096,186568,2076436,11491.304,3457.083,0,1838.449,0,221.813,3736,5315,0.540,0.820,0.890,1,0,0,0,0,18,306,0,43,2
15-06 15:55:13,7.491,1.748,88.397,1.249,0,5607828,134604,186568,2076548,11085.091,3294.164,0,1490.265,0,153.821,3015,4323,0.540,0.820,0.890,1,0,0,0,0,18,306,0,40,2
15-06 15:55:14,10.522,1.754,85.433,0.251,0,5607764,134604,186568,2076596,4086.733,2067.418,0,1298.775,0,131.281,3000,4149,0.540,0.820,0.890,1,0,0,0,0,18,306,0,42,2
15-06 15:55:15,8.520,2.255,87.200,1.002,0,5607660,134604,186568,2076700,11552.515,2961.798,0,1250.871,0,130.299,2859,4063,0.500,0.810,0.890,1,0,0,0,0,18,307,0,42,2
15-06 15:55:16,8.465,1.743,88.633,0.249,0,5607476,134604,186568,2076884,11487.467,3829.156,0,896.291,0,81.662,2397,3312,0.500,0.810,0.890,1,0,0,0,0,18,306,0,44,2
15-06 15:55:17,3.757,0.501,94.666,0.250,0,5607472,134604,186568,2076888,6343.141,1878.299,0,524.922,0,30.053,1265,1669,0.500,0.810,0.890,2,0,0,0,0,18,306,0,42,2
15-06 15:55:18,3.500,1.000,93.503,0.500,0,5607460,134604,186568,2076900,6783.252,1929.072,0,804.030,0,80.003,1771,2531,0.500,0.810,0.890,1,0,1.000,0,0,18,306,0,42,2
15-06 15:55:19,15.721,4.492,77.356,1.497,0,5608076,133876,186572,2077008,6294.249,2502.328,0,1856.534,0,224.581,4505,6338,0.500,0.810,0.890,1,0,0,0,0,18,306,0,44,2
15-06 15:55:20,8.523,1.755,85.478,1.504,0,5608068,133876,186572,2077016,7980.265,2693.176,0,7147.044,0,476.269,3524,5576,0.460,0.790,0.880,2,0,0,0,0,18,306,0,44,2
15-06 15:55:21,8.495,1.999,87.946,0.750,0,5607996,133876,186572,2077088,9257.335,2585.418,0,1047.359,0,109.933,2933,4005,0.460,0.790,0.880,3,0,0,0,0,18,306,0,44,2
15-06 15:55:22,7.015,3.257,87.185,1.253,0,5618268,123544,186576,2077144,10594.443,2949.248,4.008,1535.252,1.002,143.304,2791,3867,0.460,0.790,0.880,8,0,15.032,0,0,18,307,0,43,2
15-06 15:55:23,14.193,20.417,62.746,0.249,0,5625088,145608,185840,2049020,9483.643,3330.530,434.244,964.101,18.923,69.718,6108,14350,0.460,0.790,0.880,1,0,438.228,0,0,18,306,0,44,2
15-06 15:55:24,5.762,1.253,90.688,0.501,0,5624248,146424,185840,2049044,11429.708,2961.142,0,5122.625,0,519.077,2502,3213,0.460,0.790,0.880,1,0,0,0,0,18,306,0,44,2
15-06 15:55:25,20.783,4.758,70.863,1.753,0,5624324,145976,185848,2049408,5208.329,1622.595,0,2984.773,0,329.527,6906,10489,0.500,0.800,0.880,2,0,0,0,0,18,307,0,46,2
15-06 15:55:26,25.226,5.245,65.936,1.748,0,5624020,145976,185872,2049688,4992.191,1618.441,0,3764.374,0,257.752,7854,11507,0.500,0.800,0.880,1,0,0.999,0,0,18,307,0,44,2
15-06 15:55:27,25.961,4.493,64.654,2.496,0,5623240,146384,185888,2050044,4599.150,1563.671,0,7185.298,0,557.170,7887,11932,0.500,0.800,0.880,3,0,0,0,0,18,306,0,48,2
15-06 15:55:28,5.506,1.251,91.858,0.501,0,5623080,146384,185888,2050204,5856.902,2569.028,0,1601.888,0,115.136,2346,3468,0.500,0.800,0.880,1,0,1.001,0,0,18,307,0,48,2
15-06 15:55:29,10.745,2.499,83.960,1.000,0,5622972,146384,185908,2050292,5727.256,2414.843,0,1643.213,0,192.908,3569,5105,0.500,0.800,0.880,1,0,0,0,0,18,306,0,49,2
15-06 15:55:30,12.727,2.495,82.849,0.749,0,5623136,146132,185916,2050372,4246.269,1536.203,0,1625.041,0,185.662,3610,5211,0.540,0.800,0.880,1,0,0,0,0,18,306,0,49,2
15-06 15:55:31,15.061,1.757,82.085,0,0,5623184,145880,185924,2050568,4902.980,1692.899,0,831.388,0,58.237,3011,3614,0.540,0.800,0.880,1,0,0,0,0,18,307,0,49,2
15-06 15:55:32,26.387,2.987,68.705,0.498,0,5629644,139076,185936,2050896,4624.150,1847.071,0,1007.674,0,79.658,4473,4863,0.540,0.800,0.880,2,0,1.991,0,0,18,306,0,50,2
15-06 15:55:33,4.510,1.503,92.198,0.752,0,5629604,139076,185944,2050928,11759.204,3069.579,0,1162.492,0,116.249,2196,3124,0.540,0.800,0.880,2,0,0,0,0,18,307,0,50,2
15-06 15:55:34,17.983,2.248,76.176,0.999,0,5629468,139076,185952,2051056,18500.996,5067.069,0,2101.955,0,245.761,4438,6172,0.540,0.800,0.880,1,0,0,0,0,18,306,0,49,2
15-06 15:55:35,14.261,3.503,80.060,0.751,0,5629280,139076,185976,2051220,4655.502,1513.138,0,1645.237,0,172.129,4460,6545,0.580,0.800,0.890,2,0,0,0,0,18,307,0,50,2
15-06 15:55:36,24.256,5.251,67.518,1.750,0,5629548,138572,185996,2051436,5236.395,2445.651,16.004,3632.967,1.000,384.102,7468,11162,0.580,0.800,0.890,4,0,0,0,0,18,306,0,52,2
15-06 15:55:37,6.739,1.747,88.362,1.248,0,5629376,138572,186012,2051592,5417.545,1521.625,0,6761.447,0,413.355,2998,4671,0.580,0.800,0.890,3,0,0,0,0,18,310,0,53,2
15-06 15:55:38,26.261,3.501,68.529,0.250,0,5629716,138068,186020,2051748,6002.526,1620.682,64.027,1252.527,4.002,99.042,6573,8670,0.580,0.800,0.890,2,1,1.000,0,0,18,309,0,50,2
15-06 15:55:39,25.543,4.257,67.363,1.002,0,5629840,137564,186028,2052120,5847.778,1502.512,112.188,6699.202,6.010,496.831,6851,8917,0.580,0.800,0.890,2,0,2.003,0,0,18,312,0,68,2
15-06 15:55:40,27.542,4.507,66.352,0.501,0,5631416,135828,186028,2052280,6013.224,1800.762,0,1273.954,0,100.154,6232,7765,0.610,0.810,0.890,2,0,1.002,0,0,18,310,0,81,2
15-06 15:55:41,16.190,2.989,78.209,1.494,0,5631616,135324,186052,2052560,11892.707,3447.161,0,2096.193,0,194.276,4514,6163,0.610,0.810,0.890,1,0,0,0,0,18,309,0,82,2
15-06 15:55:42,17.564,3.513,77.032,1.255,0,5631412,135324,186064,2052752,4817.632,1625.951,4.015,2388.742,1.004,246.904,5285,7753,0.610,0.810,0.890,1,0,0,0,0,18,310,0,80,2
15-06 15:55:43,23.939,5.237,66.830,1.496,0,5631772,134820,186084,2052876,4787.788,1615.878,0,3590.841,0,389.008,6838,9962,0.610,0.810,0.890,3,0,0,0,0,18,309,0,82,2
15-06 15:55:44,8.005,1.251,89.052,1.251,0,5631804,134568,186092,2053088,5611.274,2641.541,0,2301.343,0,180.105,2712,4038,0.610,0.810,0.890,1,0,0,0,0,18,309,0,83,2
15-06 15:55:45,6.505,1.751,87.570,1.251,0,5631720,134568,186120,2053144,6286.035,2512.012,0,5356.290,0,399.320,3272,5038,0.560,0.790,0.880,0,0,0,0,0,18,309,0,83,2
15-06 15:55:46,6.233,1.745,89.756,1.247,0,5631672,134568,186136,2053176,6211.132,2570.020,0,2269.836,0,179.512,2579,3849,0.560,0.790,0.880,2,0,0,0,0,18,309,0,78,2
15-06 15:55:47,7.004,1.501,89.048,0.500,0,5631592,134568,186148,2053244,5505.995,2349.278,0,1376.749,0,136.074,2746,4001,0.560,0.790,0.880,1,0,0,0,0,18,309,0,78,2
15-06 15:55:48,14.038,2.005,82.472,0.251,0,5632380,133560,186148,2053464,4331.686,1624.382,0,729.969,0,41.111,2973,3401,0.560,0.790,0.880,2,0,2.005,0,0,18,309,0,80,2
15-06 15:55:49,10.235,4.244,84.128,0.749,0,5674700,147876,184532,1998460,5305.275,1918.207,0,1266.156,0,127.814,2974,4031,0.560,0.790,0.880,1,0,0,0,0,18,309,0,80,2
15-06 15:55:50,5.492,1.997,89.616,0.999,0,5674648,147876,184548,1998496,5291.074,1864.207,3.994,1210.187,0.999,127.809,2333,3269,0.520,0.780,0.880,2,0,0,0,0,18,309,0,78,2
15-06 15:55:51,6.239,1.248,88.849,0.749,0,5674604,147876,184560,1998528,5297.001,1594.291,0,1213.938,0,131.776,2607,3783,0.520,0.780,0.880,2,0,0,0,0,18,309,0,78,2
15-06 15:55:52,9.253,2.001,86.277,0.750,0,5674796,147624,184568,1998580,11775.665,3353.044,0,1396.435,0,154.048,3175,4486,0.520,0.780,0.880,1,0,0,0,0,18,309,0,78,2
15-06 15:55:53,14.041,3.009,80.234,1.504,0,5674948,147400,184596,1998624,5161.036,1570.576,0,2282.650,0,210.614,4543,6657,0.520,0.780,0.880,3,0,0,0,0,18,310,0,78,2
15-06 15:55:54,25.787,5.258,65.345,1.252,0,5675652,146140,184632,1999144,4168.054,1243.806,0,7819.357,0,692.005,7787,11108,0.520,0.780,0.880,3,0,0,0,0,18,308,0,76,2
15-06 15:55:55,7.989,3.245,85.629,1.997,0,5680564,141136,184664,1999204,5568.100,2250.807,0,5931.584,0,392.443,3260,4953,0.480,0.770,0.870,2,0,5.991,0,0,18,309,0,77,2
15-06 15:55:56,6.979,1.246,88.232,1.246,0,5680384,141104,184684,1999396,6370.674,2399.720,0,2161.443,0,204.380,2962,4429,0.480,0.770,0.870,1,0,0,0,0,18,309,0,78,2
15-06 15:55:57,8.271,2.256,87.470,0.501,0,5680316,141104,184692,1999456,12185.701,3438.663,0,2754.941,0,125.316,2959,4063,0.480,0.770,0.870,1,0,0,0,0,18,308,0,78,3
15-06 15:55:58,7.485,1.497,88.327,0.998,0.250,5680264,141104,184700,1999500,13034.444,3453.230,0,1377.300,0,134.736,2788,3959,0.480,0.770,0.870,1,0,0.998,0,0,18,308,0,77,3
15-06 15:55:59,16.034,3.758,77.917,0.752,0,5680168,141104,184732,1999564,6012.881,1623.478,0,1968.217,0,216.464,5067,7346,0.480,0.770,0.870,3,0,0,0,0,18,309,0,77,3
15-06 15:56:00,23.517,3.502,70.550,0.751,0,5501828,319360,184768,1999612,7337.188,268153.620,148.105,1801.274,10.007,161.114,3997,4695,0.520,0.770,0.870,1,0,15.011,0,0,18,308,0,77,3
15-06 15:56:01,3.497,1.748,93.163,0.500,0,5502056,319108,184772,1999632,5058.299,1750.373,0,943.123,0,66.938,1936,2857,0.520,0.770,0.870,3,0,2.997,0,0,18,308,0,77,3
15-06 15:56:02,4.493,0.998,93.598,0.250,0,5494356,326800,184772,1999640,5211.537,1617.374,0,754.774,0,45.925,1625,2312,0.520,0.770,0.870,1,0,0.998,0,0,18,308,0,77,3
15-06 15:56:03,2.255,1.002,95.730,0.501,0,5494568,326576,184776,1999648,5529.303,1569.777,0,721.736,0,46.111,1388,2040,0.520,0.770,0.870,1,0,1.002,0,0,18,308,0,73,3
15-06 15:56:04,1.249,0.999,96.439,0.250,0,5494564,326576,184776,1999652,5200.729,1511.050,0,619.610,0,33.979,1043,1506,0.520,0.770,0.870,2,0,0,0,0,18,308,0,73,3
15-06 15:56:05,1.746,0.748,95.787,0.249,0,5494564,326576,184784,1999644,5106.633,1454.762,0,1660.304,0,105.765,1377,2040,0.480,0.760,0.870,1,0,0,0,0,18,308,0,73,3
15-06 15:56:06,1.504,0.752,96.734,0,0,5494552,326576,184784,1999656,5490.298,1623.933,0,124.301,0,12.029,1041,1388,0.480,0.760,0.870,2,0,0,0,0,18,308,0,73,3
15-06 15:56:07,1.996,0.749,96.560,0.250,0,5494544,326576,184784,1999664,4329.475,1455.135,0,367.277,0,30.939,1180,1809,0.480,0.760,0.870,1,0,0,0,0,18,308,0,71,3
15-06 15:56:08,1.003,0.752,97.260,0,0,5494544,326576,184784,1999664,4590.248,1461.901,0,32.086,0,4.011,1021,1413,0.480,0.760,0.870,1,0,1.003,0,0,18,308,0,71,3
15-06 15:56:09,2.491,0.997,94.923,0.249,0,5494544,326576,184784,1999664,4484.559,1614.441,0,390.655,0,35.876,1415,2039,0.480,0.760,0.870,1,0,0,0,0,18,308,0,71,3
15-06 15:56:10,2.250,1.000,95.996,0,0,5494536,326576,184784,1999672,3685.860,1025.961,0,231.991,0,33.999,1159,1627,0.440,0.750,0.860,1,0,0,0,0,18,308,0,71,3
15-06 15:56:11,2.755,1.252,94.418,0.501,0,5494536,326576,184784,1999672,4348.719,1406.496,0,508.903,0,57.101,1731,2538,0.440,0.750,0.860,1,0,0,0,0,18,308,0,65,3
15-06 15:56:12,2.251,0.500,94.803,0.500,0,5494524,326576,184788,1999680,4488.510,1566.876,0,596.333,0,58.032,1600,2397,0.440,0.750,0.860,1,0,0,0,0,18,308,0,65,3
15-06 15:56:13,1.752,1.001,95.353,1.001,0,5494520,326576,184792,1999680,5023.414,1579.703,0,3019.254,0,214.231,1429,2211,0.440,0.750,0.860,1,0,0,0,0,18,308,0,65,3
15-06 15:56:14,1.999,0.999,95.433,0.250,0,5494504,326576,184796,1999692,4402.888,1025.275,0,1187.161,0,65.953,1394,2091,0.440,0.750,0.860,1,0,0.999,0,0,18,308,0,65,3
15-06 15:56:15,2.996,0.999,95.116,0.250,0,5492932,328144,184796,1999696,11349.005,2992.782,0,2312.740,0,368.481,1270,1606,0.400,0.730,0.860,1,0,0,0,0,18,308,0,62,3
15-06 15:56:16,1.500,0.250,96.735,0,0,5492924,328144,184796,1999704,5426.148,1619.746,0,0,0,0,1070,1425,0.400,0.730,0.860,2,0,0,0,0,18,308,0,62,3
15-06 15:56:17,1.252,1.001,96.377,0,0,5492920,328144,184800,1999704,4986.591,1622.144,0,344.455,0,27.036,1228,1891,0.400,0.730,0.860,1,0,0,0,0,18,308,0,62,3
15-06 15:56:18,1.501,0.500,97.554,0,0,5492920,328144,184800,1999704,4310.379,1566.865,0,36.020,0,5.003,974,1408,0.400,0.730,0.860,1,0,1.001,0,0,18,308,0,62,3
15-06 15:56:19,2.247,1.248,95.358,0,0,5492912,328144,184808,1999704,4359.516,1563.674,0,255.620,0,22.966,1407,1995,0.400,0.730,0.860,1,0,0,0,0,18,308,0,59,3
15-06 15:56:20,1.750,0.250,97.525,0,0,5492912,328144,184808,1999704,4861.233,1620.411,0,32.008,0,4.001,979,1398,0.370,0.720,0.850,2,0,0,0,0,18,308,0,59,3
15-06 15:56:21,1.753,1.002,96.189,0.501,0,5492904,328144,184808,1999712,4946.733,1623.194,0,372.733,0,42.083,1478,2166,0.370,0.720,0.850,1,0,0,0,0,18,308,0,59,3
15-06 15:56:22,2.248,0.250,96.162,0,0,5492904,328144,184808,1999712,5510.955,1564.568,0,359.671,0,35.967,1278,1889,0.370,0.720,0.850,1,0,0,0,0,18,308,0,59,3
15-06 15:56:23,5.737,3.991,88.307,0,0,5484336,336712,184808,1999712,5194.660,1562.589,0,31.930,0,3.991,2131,6774,0.370,0.720,0.850,1,0,35.922,0,0,18,308,0,58,3
15-06 15:56:24,1.752,0.250,97.130,0,0,5484336,336712,184808,1999712,4838.452,1514.019,0,84.112,0,2.003,1033,1420,0.370,0.720,0.850,1,0,0,0,0,18,308,0,58,3
15-06 15:56:25,1.251,0.751,97.076,0,0,5484336,336712,184808,1999712,4709.676,1567.223,0,0,0,0,994,1346,0.340,0.710,0.850,1,0,0,0,0,18,308,0,58,3
15-06 15:56:26,1.996,0.998,96.066,0.499,0,5484332,336712,184812,1999712,4839.750,1509.116,0,283.458,0,23.954,1282,1864,0.340,0.710,0.850,1,0,0,0,0,18,308,0,58,3
15-06 15:56:27,2.250,0.750,95.481,0.250,0,5484320,336712,184812,1999724,4531.112,1511.704,0,403.921,0,38.992,1381,2103,0.340,0.710,0.850,1,0,0,0,0,18,308,0,53,3
15-06 15:56:28,1.002,2.254,95.405,0,0,5485956,335076,184812,1999724,4026.530,1201.949,0,152.247,0,1.002,1030,1380,0.340,0.710,0.850,0,0,1.002,0,0,18,308,0,53,3
15-06 15:56:29,1.999,0.999,95.690,0.250,0,5485952,335076,184816,1999724,4289.309,1511.052,0,503.684,0,40.974,1315,1907,0.340,0.710,0.850,1,0,0,0,0,18,308,0,53,3
15-06 15:56:30,1.739,0.497,96.383,0,0,5485952,335076,184816,1999724,4067.940,1287.750,0,516.690,0,104.332,1048,1398,0.310,0.700,0.840,2,0,0,0,0,18,308,0,53,3
15-06 15:56:31,3.018,1.006,94.573,0.252,0,5485944,335076,184820,1999728,3604.845,285.731,0,338.049,0,35.213,1625,2347,0.310,0.700,0.840,2,0,0,0,0,18,308,0,50,3
15-06 15:56:32,13.745,3.999,81.221,0.250,0,5497480,323512,184848,1999728,408474.506,7207.468,3.999,463.837,1.000,27.990,2704,2566,0.310,0.700,0.840,4,0,26.991,0,0,18,308,0,50,3
15-06 15:56:33,11.019,4.257,83.393,0,0,5510332,310464,184852,1999920,289310.233,8532.635,184.316,112.192,7.012,6.010,2328,1943,0.310,0.700,0.840,2,0,22.038,0,0,18,308,0,50,3
15-06 15:56:34,20.782,6.510,71.361,0,0,5493468,314968,184856,2012276,3206.984,540.841,152.237,160.249,3.005,4.006,2497,1794,0.310,0.700,0.840,1,0,20.031,0,0,18,308,0,50,3
