"pcp-dstat 6.2.0 CSV Output"
"Author:","PCP team <pcp@groups.io> and Dag Wieers <dag@wieers.com>",,,,"URL:","https://pcp.io/ and http://dag.wieers.com/home-made/dstat/"
"Host:","ubuntu",,,,"User:","ubuntu"
"Cmdline:","dstat -tcmndrylpg --tcp --output /tmp/devstack_logs/dstat-csv.log",,,,"Date:","18 Jun 2026 18:14:50 UTC"
"system","total usage",,,,,"memory usage",,,,"net/total",,"dsk/total",,"io/total",,"system",,"load avg",,,"procs",,,"paging",,"tcp sockets",,,,
"time","total usage:usr","total usage:sys","total usage:idl","total usage:wai","total usage:stl","used","free","buf","cach","net/total:recv","net/total:send","dsk/total:read","dsk/total:writ","read","writ","int","csw","1m","5m","15m","run","blk","new","in","out","lis","act","syn","tim","clo"
18-06 18:14:50,,1016412,1395080,169364,5226724,,,,,,,1.210,0.850,0.470,2,0,,,,10,6,0,17,0
18-06 18:14:51,22.263,20.762,54.783,0.250,0,1029528,1381280,169384,5227192,43377.007,15602.354,0,3065.838,0,113.068,6767,5980,1.210,0.850,0.470,1,0,538.323,0,0,10,6,0,17,0
18-06 18:14:52,30.736,19.741,48.478,0.500,0,1050244,1338504,169488,5248184,182461.903,12021.459,0,2366.909,0,71.967,6431,5942,1.210,0.850,0.470,3,0,382.824,0,0,10,5,0,17,1
18-06 18:14:53,39.650,15.960,42.892,0.499,0,1172308,1199820,170296,5386324,4345.071,1681.770,0,1340.628,0,55.860,6281,8294,1.280,0.870,0.480,1,0,217.453,0,0,11,4,0,17,2
18-06 18:14:54,28.007,6.252,64.516,0.250,0,1174028,1180032,170740,5402020,4399.080,1500.369,0,2112.519,0,34.008,3051,2382,1.280,0.870,0.480,3,0,77.019,0,0,11,6,0,17,2
18-06 18:14:55,38.350,11.781,48.125,1.504,0,1185144,1140444,171804,5426516,4632.069,1624.232,0,4539.829,0,264.690,4889,3800,1.280,0.870,0.480,4,0,202.528,0,0,11,6,0,19,2
18-06 18:14:56,42.887,6.234,48.871,0.748,0,1236580,1058276,172948,5452980,4625.802,1454.165,31.916,4165.017,1.995,93.753,3273,2256,1.280,0.870,0.480,3,0,7.979,0,0,11,6,0,19,2
18-06 18:14:57,45.253,5.000,48.503,0.750,0,1264808,1034300,173824,5446016,4961.299,2100.127,0,2808.169,0,72.004,3156,1909,1.280,0.870,0.480,3,0,1.000,0,0,11,4,0,19,0
18-06 18:14:58,28.319,8.020,47.867,13.032,0,1280368,1010280,174720,5453468,8714.310,2802.854,0,35783.507,0,2891.070,13407,24120,1.420,0.910,0.490,2,0,89.218,0,0,11,7,0,19,0
18-06 18:14:59,35.223,9.243,43.466,10.492,0,1237292,1043384,175204,5461896,7047.503,3460.301,0,44281.461,0,2903.735,11443,19721,1.420,0.910,0.490,2,0,105.917,0,0,11,4,0,19,0
18-06 18:15:00,43.656,8.981,46.150,0.249,0,1303092,976124,175232,5463060,4610.039,1616.507,0,1400.973,0,43.905,10626,18255,1.420,0.910,0.490,3,0,11.974,0,0,11,4,0,19,0
18-06 18:15:01,44.114,9.274,44.866,0.752,0,1326508,952448,175312,5463152,4650.054,1461.789,0,9131.672,0,441.144,11334,19590,1.420,0.910,0.490,3,0,20.052,0,0,11,4,0,19,0
18-06 18:15:02,43.393,7.232,47.632,0.249,0,1191224,1095952,175336,5455788,4924.835,1616.008,0,1189.063,0,61.847,3333,2032,1.420,0.910,0.490,2,0,23.941,0,0,11,4,0,19,0
18-06 18:15:03,34.478,5.496,59.962,0.250,0,1229976,1057204,175336,5455784,4694.991,1457.066,0,239.846,0,19.987,2763,1797,1.380,0.910,0.500,2,0,65.958,0,0,11,4,0,19,0
18-06 18:15:04,12.524,15.530,70.636,0,0,1173060,1114084,175336,5455820,5350.294,1623.123,0,1318.537,0,83.160,5140,3951,1.380,0.910,0.500,2,0,354.682,0,0,11,4,0,19,0
18-06 18:15:05,12.461,19.190,67.040,0,0,1160436,1126548,175336,5456324,6280.297,1614.934,0,35.887,0,8.972,6213,5673,1.380,0.910,0.500,2,0,383.796,0,0,11,4,0,19,0
18-06 18:15:06,34.397,13.307,51.469,0,0,1178084,1108796,175336,5456492,5905.178,1626.937,0,4.017,0,1.004,5285,5505,1.380,0.910,0.500,2,0,192.822,0,0,11,5,0,19,0
18-06 18:15:07,45.338,4.982,48.826,0,0,1213604,1072752,175336,5457020,6414.105,1614.238,0,227.189,0,4.982,2739,1265,1.380,0.910,0.500,2,0,0,0,0,11,5,0,19,0
18-06 18:15:08,42.960,8.492,47.956,0,0,1255072,1030096,175352,5458196,5285.113,1618.504,0,1214.877,0,64.940,2939,2432,1.430,0.930,0.500,6,0,0,0,0,11,5,0,19,0
18-06 18:15:09,20.049,10.025,68.920,0.251,0,1273376,1010844,175364,5459364,4469.000,1461.598,0,26092.223,0,515.268,4208,4157,1.430,0.930,0.500,1,0,140.345,0,0,11,4,0,20,0
18-06 18:15:10,21.499,4.500,73.747,0,0.250,1347964,936252,175368,5459364,4683.800,1713.927,0,115.995,0,4.000,1764,1374,1.430,0.930,0.500,1,0,0,0,0,11,4,0,20,0
18-06 18:15:11,24.251,1.250,73.753,0,0,1370696,913320,175368,5459564,4380.174,1620.064,0,40.002,0,1.000,1655,1076,1.430,0.930,0.500,1,0,0,0,0,11,4,0,20,0
18-06 18:15:12,21.522,5.005,70.320,2.002,0,1350712,933228,175476,5459600,3999.003,1459.461,0,4308.313,0,356.357,4659,6137,1.430,0.930,0.500,5,0,44.044,0,0,11,4,0,22,0
18-06 18:15:13,22.457,2.994,73.360,0,0,1401008,882928,175480,5459600,4491.433,1616.916,0,578.896,0,8.983,1858,1327,1.400,0.930,0.510,1,0,0,0,0,11,4,0,18,0
18-06 18:15:14,19.249,4.250,75.497,0.250,0,1414340,869320,175480,5459796,8590.633,5537.763,0,24538.951,0,120.995,2778,2688,1.400,0.930,0.510,1,0,1.000,0,0,11,17,0,18,0
18-06 18:15:15,19.264,4.753,74.804,0.751,0,1391084,891948,175520,5460176,9267.655,5971.288,268.193,3646.618,66.047,69.050,2744,2283,1.400,0.930,0.510,1,0,45.032,0,0,11,28,0,19,0
18-06 18:15:16,20.992,2.499,75.972,0,0,1411836,871196,175520,5460176,6554.609,3422.751,0,43.984,0,3.999,1728,1167,1.400,0.930,0.510,1,0,0,0,0,11,29,0,19,0
18-06 18:15:17,17.051,7.773,74.973,0,0,1393252,889756,175520,5460200,10511.208,6526.377,0,32.095,0,5.015,3134,2664,1.400,0.930,0.510,3,0,149.444,0,0,11,28,0,18,0
18-06 18:15:18,42.860,7.226,48.840,0,0,1481768,801232,175520,5460208,5203.005,1656.589,0,0,0,0,2854,1408,1.450,0.950,0.520,2,0,6.977,0,0,11,28,0,18,0
18-06 18:15:19,30.311,4.259,64.130,0,0,1490648,792132,175532,5460408,21094.767,17900.291,0,22537.693,0,189.384,5806,7454,1.450,0.950,0.520,1,0,0,0,0,11,30,0,18,0
18-06 18:15:20,55.837,23.036,20.782,0,0,1494568,788192,175540,5460420,8572.298,3768.846,0,280.435,0,32.050,6181,6173,1.450,0.950,0.520,6,0,578.898,0,0,11,28,0,19,0
18-06 18:15:21,86.500,12.500,0.500,0,0,1731460,551264,175540,5460456,10385.965,7267.975,0,483.998,0,3.000,5038,2758,1.450,0.950,0.520,5,0,0,0,0,11,30,0,19,0
18-06 18:15:22,80.165,9.989,9.490,0,0,1827588,455056,175544,5460520,36646.049,32109.871,0,363.614,0,19.979,8545,10360,1.450,0.950,0.520,4,1,0.999,0,0,11,33,0,20,0
18-06 18:15:23,62.090,13.216,23.440,0,0,1512408,770004,175556,5460740,14272.320,10803.236,0,694.216,0,64.833,6987,8999,1.570,0.980,0.530,1,0,309.205,0,0,11,28,0,25,0
18-06 18:15:24,19.758,3.752,76.283,0,0,1517624,764764,175556,5460744,6237.666,3832.638,0,32818.024,0,230.098,2157,1776,1.570,0.980,0.530,0,0,0,0,0,11,29,0,25,0
18-06 18:15:25,17.041,3.759,77.937,0.501,0,1477020,805348,175560,5460756,10220.549,6364.286,0,1222.937,0,50.120,3290,3605,1.570,0.980,0.530,1,0,26.063,0,0,11,28,0,24,0
18-06 18:15:26,20.505,5.501,73.517,0,0,1470524,811840,175560,5460760,4339.001,1458.336,0,0,0,0,2162,1541,1.570,0.980,0.530,1,0,42.010,0,0,11,28,0,24,0
18-06 18:15:27,15.744,1.999,81.470,0,0,1475300,807056,175560,5460768,11021.938,7725.153,0,0,0,0,2388,2591,1.570,0.980,0.530,4,0,0,0,0,11,29,0,24,0
18-06 18:15:28,12.259,16.512,69.551,0,0,1444340,837988,175564,5460792,5330.919,2478.822,0,372.274,0,29.021,5598,4946,1.600,1,0.540,1,0,438.322,0,0,11,28,0,25,0
18-06 18:15:29,57.504,26.752,15.751,0,0,1536848,745460,175568,5460808,4740.370,1620.127,0,232.018,0,22.002,5904,4794,1.600,1,0.540,5,0,600.047,0,0,11,28,0,25,0
18-06 18:15:30,83.216,10.496,5.748,0,0,1754196,528036,175568,5460852,20536.704,17904.767,0,64853.802,0,392.841,6041,4414,1.600,1,0.540,4,0,0,0,0,11,33,0,25,0
18-06 18:15:31,74.767,8.752,15.754,0,0,1746200,535780,175584,5461088,38754.729,33577.563,0,392.088,0,51.011,9289,15666,1.600,1,0.540,7,0,30.007,0,0,11,30,0,26,0
18-06 18:15:32,81.998,17.750,0.750,0.250,0,1602328,679560,175596,5461168,5770.856,2615.935,0,363.991,0,32.999,5577,4660,1.600,1,0.540,6,0,280.993,0,0,11,28,0,26,0
18-06 18:15:33,88.581,10.730,0.499,0,0.250,1790164,491636,175596,5461256,12893.404,10236.473,0,546.957,0,84.838,5304,3521,1.960,1.080,0.570,6,0,0,0,0,11,31,0,26,0
18-06 18:15:34,72.702,9.744,16.989,0,0,1822556,458888,175600,5461604,44463.823,40905.158,0,147.903,0,10.993,8680,13411,1.960,1.080,0.570,3,0,49.967,0,0,11,33,0,27,0
18-06 18:15:35,61.165,13.035,24.566,0,0,1536376,744992,175612,5461668,22191.723,16515.447,0,613.651,0,39.105,8188,10229,1.960,1.080,0.570,2,0,248.669,0,0,11,28,0,31,0
18-06 18:15:36,39.105,4.982,54.797,0.249,0,1608160,673196,175612,5461680,10644.586,7306.945,0,179.336,0,6.974,2892,1807,1.960,1.080,0.570,1,0,0,0,0,11,30,0,31,0
18-06 18:15:37,34.382,12.799,52.200,0,0,1505564,775612,175624,5461848,18344.333,14091.025,0,1011.880,0,70.269,6633,8223,1.960,1.080,0.570,5,0,297.139,0,0,11,28,0,33,0
18-06 18:15:38,68.714,11.994,18.740,0,0,1602928,678228,175624,5461868,4755.522,1457.241,0,3.998,0,0.999,4147,1966,2.040,1.110,0.580,3,0,81.957,0,0,11,28,0,33,0
18-06 18:15:39,45.742,5.249,48.242,0,0,1618448,662656,175624,5461920,29410.135,26443.625,0,0,0,0,5619,8036,2.040,1.110,0.580,2,0,0,0,0,11,31,0,33,0
18-06 18:15:40,69.795,18.012,12.508,0.500,0,1525512,755556,175632,5461944,9125.935,4963.228,0,5387.504,0,353.230,6338,5524,2.040,1.110,0.580,4,0,258.168,0,0,11,28,0,34,0
18-06 18:15:41,72.503,8.750,17.501,0,0,1667004,614124,175632,5461980,20098.699,17206.598,0,208.007,0,20.001,5342,3896,2.040,1.110,0.580,4,0,0,0,0,11,32,0,34,0
18-06 18:15:42,61.500,15.000,23.000,0.250,0,1586324,694732,175648,5462032,30703.084,26192.072,0,1252.003,0,90.000,10961,15490,2.040,1.110,0.580,3,0,324.001,0,0,11,28,0,32,0
18-06 18:15:43,64.945,9.991,24.729,0,0,1602976,678020,175648,5462088,3868.698,1552.675,0,3.997,0,0.999,3666,1488,2.120,1.150,0.590,3,0,0.999,0,0,11,28,0,32,0
18-06 18:15:44,50.759,6.751,42.008,0,0,1629568,651180,175652,5462328,27261.016,24394.489,0,116.021,0,9.002,7016,11893,2.120,1.150,0.590,2,0,36.007,0,0,11,30,0,34,0
18-06 18:15:45,62.852,16.461,19.953,0,0,1555240,725332,175652,5462488,11582.749,7682.924,0,3092.724,0,119.718,6216,6109,2.120,1.150,0.590,3,0,298.298,0,0,11,28,0,35,0
18-06 18:15:46,53.509,6.001,39.006,0,0,1645224,635328,175656,5462504,16991.798,13352.199,0,112.018,0,6.001,3893,2802,2.120,1.150,0.590,3,0,0,0,0,11,31,0,31,0
18-06 18:15:47,52.900,14.040,32.091,0.251,0,1550064,730148,175672,5462828,22778.491,17767.303,0,858.430,0,65.185,8587,11102,2.120,1.150,0.590,3,0,287.815,0,0,11,28,0,34,0
18-06 18:15:48,65.288,8.722,25.667,0,0,1591396,688744,175688,5462848,5742.389,2928.509,0,1893.862,0,106.654,3950,2008,2.190,1.180,0.610,2,0,0,0,0,11,29,0,34,0
18-06 18:15:49,46.551,4.505,48.053,0.250,0,1600236,679684,175696,5463060,27710.460,23948.324,0,508.559,0,47.052,7513,9706,2.190,1.180,0.610,5,0,0,0,0,11,29,0,35,0
18-06 18:15:50,62.298,13.010,24.769,0,0,1554608,725292,175696,5463072,5347.086,2424.853,0,356.272,0,15.011,4381,2628,2.190,1.180,0.610,4,0,112.086,0,0,11,28,0,36,0
18-06 18:15:51,53.791,5.754,39.530,0,0,1632644,647232,175696,5463092,18650.244,16389.518,0,1148.877,0,133.102,4970,4583,2.190,1.180,0.610,2,0,0,0,0,11,31,0,36,0
18-06 18:15:52,55.013,19.504,25.256,0,0,1508900,770912,175700,5463148,16032.684,12272.820,0,460.106,0,52.012,7650,9064,2.190,1.180,0.610,5,0,430.099,0,0,11,28,0,38,0
18-06 18:15:53,80.268,19.504,0,0,0,1663292,616468,175700,5463200,4381.004,1662.381,0,208.048,0,15.003,5503,4487,2.570,1.270,0.640,8,0,406.093,0,0,11,28,0,38,0
18-06 18:15:54,80.341,18.464,0.749,0,0,1821040,458480,175704,5463388,22136.277,19439.604,0,670.675,0,38.923,6630,6572,2.570,1.270,0.640,7,0,383.243,0,0,11,32,0,38,0
18-06 18:15:55,79.347,16.520,4.005,0,0,1743564,535708,175720,5463612,44791.753,40366.344,0,1425.743,0,46.056,9106,11556,2.570,1.270,0.640,6,0,418.512,0,0,11,30,0,39,0
18-06 18:15:56,81.577,18.017,0.250,0,0,1620828,658368,175728,5463680,11744.020,8018.524,0,336.316,0,28.026,6079,5079,2.570,1.270,0.640,6,0,223.209,0,0,11,28,0,39,0
18-06 18:15:57,78.829,10.228,10.477,0,0,1765068,514104,175728,5463704,21143.256,17168.855,0,115.750,0,7.983,5087,3394,2.570,1.270,0.640,5,0,0,0,0,11,32,0,39,0
18-06 18:15:58,73.294,6.754,19.011,0,0,1749592,529348,175728,5463932,43536.100,38325.977,0,184.110,0,9.005,10956,16315,2.690,1.320,0.660,4,0,50.030,0,0,11,29,0,41,0
18-06 18:15:59,26.776,24.274,48.047,0,0,1497644,781264,175728,5463976,9141.955,5586.472,0,28.027,0,7.007,7191,6929,2.690,1.320,0.660,2,0,750.735,0,0,11,28,0,42,0
18-06 18:16:00,58.529,31.766,9.004,0,0,1554736,724144,175728,5464004,5282.601,1620.798,0,140.069,0,14.007,6013,5412,2.690,1.320,0.660,4,0,802.395,0,0,11,28,0,42,0
18-06 18:16:01,72.406,7.740,20.224,0,0,1676276,602548,175728,5464056,19973.064,17734.971,0,3.995,0,0.999,4887,3981,2.690,1.320,0.660,4,0,0,0,0,11,32,0,42,0
18-06 18:16:02,61.561,12.012,24.774,0.250,0,1621548,657048,175752,5464260,23186.852,18259.996,0,716.706,0,73.072,8489,11132,2.690,1.320,0.660,4,0,202.199,0,0,11,28,0,46,0
18-06 18:16:03,81.949,12.742,5.497,0,0,1623032,655548,175752,5464276,8502.660,6039.207,0,179.887,0,9.994,4840,2462,2.710,1.350,0.670,3,0,66.958,0,0,11,30,0,46,0
18-06 18:16:04,62.055,7.006,31.278,0,0,1661196,617168,175752,5464488,35848.978,32230.750,0,144.129,0,8.007,7311,11459,2.710,1.350,0.670,2,0,0,0,0,11,32,0,46,0
18-06 18:16:05,54.458,5.246,39.719,0,0,1660908,617168,175772,5464744,42204.488,35937.316,0,355.726,0,34.973,13016,20130,2.710,1.350,0.670,3,0,0,0,0,11,30,0,46,0
18-06 18:16:06,80.813,15.262,3.753,0,0,1528288,749708,175776,5464812,10717.340,5525.299,0,3086.402,0,145.113,5890,5373,2.710,1.350,0.670,4,0,120.093,0,0,11,28,0,46,0
18-06 18:16:07,70.871,8.485,20.213,0.250,0,1656296,621664,175776,5464840,25235.000,19443.557,0,207.622,0,13.975,5183,4675,2.710,1.350,0.670,5,0,0,0,0,11,32,0,46,0
18-06 18:16:08,54.025,6.253,38.518,0,0,1655888,621664,175780,5465240,49126.875,42534.806,0,140.065,0,8.004,12962,21441,2.660,1.360,0.680,3,0,0,0,0,11,31,0,47,0
18-06 18:16:09,72.092,15.269,12.266,0,0,1517512,759968,175780,5465308,23484.841,19201.398,0,156.198,0,9.011,8334,10499,2.660,1.360,0.680,4,0,260.331,0,0,11,28,0,50,0
18-06 18:16:10,76.950,9.993,12.742,0,0,1649340,628116,175780,5465328,12399.879,9772.600,0,259.830,0,30.980,4592,2210,2.660,1.360,0.680,4,0,0,0,0,11,31,0,49,0
18-06 18:16:11,61.737,8.248,28.994,0,0,1639444,637756,175796,5465564,39050.965,34868.825,0,623.872,0,37.992,11284,16637,2.660,1.360,0.680,6,0,33.993,0,0,11,30,0,50,1
18-06 18:16:12,77.328,13.514,8.258,0,0,1560328,716680,175816,5465732,15307.355,12161.199,0,332.333,0,33.033,6886,8083,2.660,1.360,0.680,5,0,95.095,0,0,11,28,0,51,0
18-06 18:16:13,73.247,8.500,17.499,0.250,0,1674140,602852,175820,5465744,16043.337,15677.352,0,135.994,0,17.999,4760,3679,2.600,1.370,0.690,3,0,0,0,0,11,30,0,52,0
18-06 18:16:14,71.946,12.990,15.239,0,0,1647228,629720,175832,5465780,25942.644,21183.195,0,347.741,0,31.976,6810,10009,2.600,1.370,0.690,4,0,120.910,0,0,11,32,0,53,0
18-06 18:16:15,70.195,9.492,19.734,0,0,1630788,645900,175840,5466024,31011.481,26813.800,0,159.874,0,13.989,6441,9943,2.600,1.370,0.690,8,0,59.953,0,0,11,34,0,53,0
18-06 18:16:16,72.410,13.733,13.733,0,0,1616888,659740,175844,5466072,20113.006,16059.044,0,223.722,0,10.986,6921,7790,2.600,1.370,0.690,3,0,167.791,0,0,11,33,0,55,0
18-06 18:16:17,77.823,10.009,11.511,0,0,1686976,589624,175848,5466060,19841.552,15286.293,0,124.116,0,7.007,5148,4933,2.600,1.370,0.690,3,0,25.023,0,0,11,34,0,56,0
18-06 18:16:18,70.330,11.263,18.521,0,0,1713456,562932,175848,5466268,23198.241,18787.251,0,120.136,0,8.009,6302,7439,2.720,1.410,0.710,3,0,45.051,0,0,11,34,0,57,0
18-06 18:16:19,61.545,11.258,26.519,0.250,0,1576008,700200,175868,5466432,21721.719,17281.506,0,544.394,0,55.040,6022,6772,2.720,1.410,0.710,3,0,138.100,0,0,11,33,0,58,0
18-06 18:16:20,56.723,10.995,32.235,0,0,1594892,681308,175872,5466436,11092.815,7885.314,0,227.893,0,21.990,4737,3653,2.720,1.410,0.710,3,0,119.944,0,0,11,33,0,59,0
18-06 18:16:21,53.194,8.741,36.961,0,0,1590144,685968,175876,5466512,16976.138,13755.526,0,239.748,0,16.982,4675,4934,2.720,1.410,0.710,2,0,85.910,0,0,11,34,0,60,0
18-06 18:16:22,55.567,9.011,34.541,0,0,1555672,720260,175880,5466688,19090.851,15593.665,0,176.211,0,8.010,5885,7509,2.720,1.410,0.710,3,0,55.066,0,0,11,33,0,61,0
18-06 18:16:23,53.647,8.983,36.929,0,0,1535616,740152,175884,5466844,14415.364,12019.956,0,183.648,0,14.971,4450,4182,2.740,1.440,0.720,2,0,42.918,0,0,11,34,0,58,0
18-06 18:16:24,44.559,7.260,47.814,0.250,0,1552984,722696,175884,5466924,20585.463,17354.152,0,280.374,0,20.027,5573,6652,2.740,1.440,0.720,1,0,86.115,0,0,11,34,0,59,0
18-06 18:16:25,35.681,9.232,53.646,0,0,1484052,791600,175888,5466944,12469.829,8168.167,0,255.505,0,25.950,4725,5268,2.740,1.440,0.720,2,0,134.739,0,0,11,32,0,61,0
18-06 18:16:26,40.440,5.991,53.172,0,0,1582460,693180,175892,5466952,9905.401,7018.656,0,1801.345,0,15.976,2985,1909,2.740,1.440,0.720,3,0,0.999,0,0,11,33,0,61,0
18-06 18:16:27,35.285,5.505,58.308,0,0,1536176,739248,175904,5467156,17117.050,13677.624,0,180.179,0,14.014,5128,6680,2.740,1.440,0.720,2,0,34.034,0,0,11,32,0,59,0
18-06 18:16:28,36.744,9.498,53.241,0.250,0,1553096,722316,175904,5467168,9022.470,6343.924,0,155.974,0,7.999,3542,2542,2.600,1.430,0.720,2,0,103.982,0,0,11,33,0,59,0
18-06 18:16:29,36.944,6.241,55.666,0,0,1530824,744552,175916,5467192,11621.417,8672.878,0,315.523,0,29.955,3722,3415,2.600,1.430,0.720,2,0,59.909,0,0,11,33,0,60,0
18-06 18:16:30,37.690,5.025,56.787,0.251,0,1478316,797040,175920,5467208,11531.187,8790.357,0,229.156,0,21.107,4326,4503,2.600,1.430,0.720,2,0,5.025,0,0,11,33,0,61,0
18-06 18:16:31,39.095,4.233,55.281,0.249,0,1517304,758016,175920,5467240,16463.774,12986.550,0,270.927,0,12.949,4418,4859,2.600,1.430,0.720,1,0,0,0,0,11,33,0,61,0
18-06 18:16:32,36.120,7.525,56.689,0,0,1473420,801872,175920,5467264,14611.671,10222.049,0,252.842,0,24.080,3984,4227,2.600,1.430,0.720,2,0,44.147,0,0,11,32,0,62,0
18-06 18:16:33,38.194,5.492,55.169,0,0,1510356,764792,175924,5467404,12245.981,8340.728,0,183.730,0,12.981,3270,2945,2.470,1.430,0.720,2,0,4.993,0,0,11,33,0,62,0
18-06 18:16:34,29.799,9.015,60.349,0.250,0,1503876,771236,175932,5467432,17554.865,13559.295,0,228.376,0,20.033,5130,6202,2.470,1.430,0.720,4,0,156.257,0,0,11,33,0,63,0
18-06 18:16:35,18.945,6.980,72.541,0,0,1492624,782408,175932,5467508,9289.222,5286.760,0,287.172,0,22.934,3571,3956,2.470,1.430,0.720,1,0,125.638,0,0,11,32,0,58,0
18-06 18:16:36,18.254,2.250,78.266,0,0.250,1531236,743788,175936,5467512,10313.091,6653.349,0,140.028,0,8.002,1978,1655,2.470,1.430,0.720,2,0,0,0,0,11,33,0,58,0
18-06 18:16:37,18.233,2.248,78.425,0.250,0,1512324,762656,175952,5467540,11059.468,7278.069,0,4307.898,0,205.804,3385,4130,2.470,1.430,0.720,1,0,0,0,0,11,32,0,59,0
18-06 18:16:38,15.019,13.267,71.090,0,0,1452924,822044,175956,5467548,4523.755,1459.857,0,168.214,0,15.019,4039,3079,2.350,1.420,0.720,1,0,284.362,0,0,11,32,0,59,0
18-06 18:16:39,18.749,2.750,77.496,0,0,1489464,785492,175956,5467556,9770.475,6651.643,0,0,0,0,1921,1556,2.350,1.420,0.720,1,0,0,0,0,11,33,0,57,0
18-06 18:16:40,19.003,4.751,75.764,0,0,1468852,806084,175956,5467576,11184.054,7301.341,0,752.138,0,125.023,3602,3981,2.350,1.420,0.720,1,0,48.009,0,0,11,32,0,58,0
18-06 18:16:41,21.742,2.999,74.224,0.250,0,1527168,747764,175960,5467576,5388.114,2916.979,0,299.895,0,44.984,1804,1335,2.350,1.420,0.720,0,0,0,0,0,11,33,0,58,0
18-06 18:16:42,17.256,2.751,78.776,0.250,0,1509668,765124,175964,5467728,15563.042,11105.598,0,184.060,0,21.007,3921,4975,2.350,1.420,0.720,2,0,1.000,0,0,11,33,0,58,0
18-06 18:16:43,15.286,12.529,71.417,0.501,0,1459644,814948,175992,5467896,8183.152,4731.073,0,2104.927,0,128.300,5805,6247,2.240,1.410,0.730,1,0,357.838,0,0,11,32,0,54,0
18-06 18:16:44,37.401,15.958,44.632,0,0,1470840,803708,176020,5467904,4907.039,1615.732,0,247.347,0,17.953,5185,12554,2.240,1.410,0.730,2,0,304.196,0,0,11,32,0,57,0
18-06 18:16:45,42.054,7.259,48.062,2.253,0,1550688,720324,176232,5470760,4746.088,1622.081,0,6764.677,0,557.715,5576,7029,2.240,1.410,0.730,2,1,32.041,0,0,11,36,0,57,0
18-06 18:16:46,36.289,8.009,42.296,11.262,0,1521052,743288,177488,5475936,4763.171,1459.585,0,52661.169,0,4423.803,17406,33558,2.240,1.410,0.730,6,0,121.132,0,0,11,36,0,57,0
18-06 18:16:47,40.653,6.983,44.893,4.988,0,1561500,702436,177668,5476124,5583.639,1616.133,0,23320.197,0,1956.319,9006,15629,2.240,1.410,0.730,2,0,24.940,0,0,11,32,0,51,0
18-06 18:16:48,44.625,5.766,48.637,0.752,0,1585904,677984,177684,5476152,4841.609,1462.110,0,1825.130,0,224.631,4109,3936,2.380,1.450,0.740,3,0,2.006,0,0,11,34,0,51,0
18-06 18:16:49,38.503,8.001,43.503,8.001,0,1506752,756272,178036,5476652,5590.413,1620.120,0,20197.494,0,2707.200,15884,27658,2.380,1.450,0.740,2,0,14.001,0,0,11,32,0,51,0
18-06 18:16:50,23.677,6.231,69.038,0.748,0,1423584,839380,178084,5476664,4956.755,1656.904,0,11373.020,0,597.163,3544,4566,2.380,1.450,0.740,1,0,86.733,0,0,11,32,0,51,0
18-06 18:16:51,22.000,3.500,72.999,0,0,1484784,778176,178084,5476668,4705.959,1619.986,0,79.999,0,8.000,1883,1383,2.380,1.450,0.740,3,0,1.000,0,0,11,32,0,49,0
18-06 18:16:52,22.248,4.000,73.242,0.500,0,1508940,754008,178096,5476668,4484.525,1457.845,0,2655.719,0,129.986,2035,1668,2.380,1.450,0.740,2,0,3.000,0,0,11,32,0,49,0
18-06 18:16:53,22.753,3.500,72.760,0,0,1469376,793548,178096,5476692,4860.678,1620.226,0,120.017,0,12.002,1917,1431,2.270,1.450,0.750,2,0,1.000,0,0,11,32,0,49,0
18-06 18:16:54,22.751,3.750,72.503,0,0,1484868,778036,178096,5476696,5100.180,1662.059,0,0,0,0,1915,1213,2.270,1.450,0.750,2,0,8.000,0,0,11,32,0,49,0
18-06 18:16:55,22.001,3.750,73.752,0,0,1488940,773952,178096,5476708,5040.149,1620.048,0,8.000,0,2.000,1795,1339,2.270,1.450,0.750,2,0,1.000,0,0,11,32,0,49,0
18-06 18:16:56,22.252,3.250,73.758,0,0,1525284,737608,178104,5476700,5220.572,1620.178,0,0,0,0,1776,1256,2.270,1.450,0.750,1,0,2.000,0,0,11,32,0,46,0
18-06 18:16:57,22.983,2.748,73.694,0,0,1479548,783256,178104,5476784,4591.540,1456.902,0,303.771,0,0.999,1773,1175,2.270,1.450,0.750,1,0,0.999,0,0,11,32,0,46,0
18-06 18:16:58,22.001,3.250,73.754,0.250,0,1527528,735272,178104,5476784,4800.229,1620.077,0,908.043,0,132.006,1867,1220,2.170,1.440,0.750,2,0,2.000,0,0,11,32,0,46,0
18-06 18:16:59,23.239,2.749,73.214,0,0,1478804,783908,178104,5476872,4455.834,1457.292,0,515.749,0,39.981,1908,1513,2.170,1.440,0.750,2,0,1.000,0,0,11,32,0,46,0
18-06 18:17:00,21.765,3.753,73.799,0,0,1468212,794464,178112,5476896,4863.245,1621.082,0,0,0,0,1798,1266,2.170,1.440,0.750,2,0,1.001,0,0,11,32,0,41,0
18-06 18:17:01,22.805,2.506,73.679,0,0,1483116,779560,178112,5476896,4751.532,1623.941,0,4.010,0,1.002,1766,1177,2.170,1.440,0.750,2,0,1.002,0,0,11,32,0,41,0
18-06 18:17:02,22.715,3.495,73.138,0,0,1469392,793280,178116,5476896,4947.445,1455.777,3.994,119.817,0.998,5.991,1932,1252,2.170,1.440,0.750,1,0,5.991,0,0,11,32,0,41,0
18-06 18:17:03,22.497,3.250,73.990,0,0,1463464,799172,178124,5476920,5099.335,1619.789,0,0,0,0,1795,1348,2.080,1.430,0.750,1,0,0,0,0,11,32,0,41,0
18-06 18:17:04,22.480,3.747,73.435,0,0,1448392,814204,178124,5476956,4514.005,1456.711,0,0,0,0,1843,1273,2.080,1.430,0.750,1,0,0.999,0,0,11,32,0,37,0
18-06 18:17:05,23.248,2.500,73.742,0,0,1473324,789272,178124,5476956,5999.364,1619.828,0,0,0,0,1782,1065,2.080,1.430,0.750,1,0,2.000,0,0,11,32,0,37,0
18-06 18:17:06,11.041,17.314,70.262,0,0,1439996,822376,178132,5477148,6805.343,1626.055,0,529.974,0,6.022,5388,4125,2.080,1.430,0.750,1,0,416.551,0,0,11,32,0,37,0
18-06 18:17:07,8.976,20.446,69.317,0.249,0,1414536,847716,178136,5477192,6198.649,1454.164,0,1073.169,0,18.950,6000,4604,2.080,1.430,0.750,1,0,437.845,0,0,11,32,0,37,0
18-06 18:17:08,8.272,21.556,69.181,0,0,1411448,850772,178136,5477224,5714.931,1624.244,0,705.844,0,121.317,6219,4788,1.990,1.420,0.750,1,0,479.252,0,0,11,32,0,37,0
18-06 18:17:09,20.688,4.486,73.030,0.249,0,1463444,798772,178140,5477224,4624.049,1453.614,0,578.255,0,41.874,2476,2221,1.990,1.420,0.750,1,0,36.889,0,0,11,32,0,37,0
18-06 18:17:10,22.998,2.750,73.744,0,0,1515876,746340,178140,5477224,4589.655,1713.871,0,15.999,0,1.000,1777,1180,1.990,1.420,0.750,1,0,2.000,0,0,11,32,0,37,0
18-06 18:17:11,22.251,3.750,73.503,0,0,1470524,791692,178140,5477224,3986.160,1620.065,0,36.001,0,1.000,1763,1300,1.990,1.420,0.750,1,0,1.000,0,0,11,32,0,37,0
18-06 18:17:12,22.502,2.500,73.758,0,0,1500196,762020,178140,5477224,4183.439,1620.170,0,36.004,0,3.000,1782,1218,1.990,1.420,0.750,1,0,3.000,0,0,11,32,0,31,0
18-06 18:17:13,22.499,4.000,73.498,0,0.250,1499432,762776,178140,5477232,4225.878,1619.953,0,4.000,0,1.000,1770,1276,1.910,1.420,0.750,1,0,1.000,0,0,11,32,0,31,0
18-06 18:17:14,22.750,3.000,73.999,0,0,1540960,721248,178140,5477232,4139.954,1619.982,0,12.000,0,1.000,1711,1081,1.910,1.420,0.750,1,0,2.000,0,0,11,32,0,31,0
18-06 18:17:15,21.750,3.750,73.751,0,0,1506664,755556,178140,5477220,4098.069,1458.024,0,68.001,0,2.000,1738,1202,1.910,1.420,0.750,1,0,1.000,0,0,11,32,0,31,0
18-06 18:17:16,22.001,3.500,73.504,0,0,1538796,723424,178140,5477220,5160.298,1620.093,0,0,0,0,1676,1005,1.910,1.420,0.750,1,0,2.000,0,0,11,32,0,26,0
18-06 18:17:17,23.000,3.250,73.749,0,0,1479368,782820,178140,5477248,5056.926,1619.976,0,3955.942,0,232.997,1743,1173,1.910,1.420,0.750,2,0,1.000,0,0,11,32,0,26,0
18-06 18:17:18,21.995,3.749,73.485,0,0,1526408,735792,178140,5477236,4757.003,1457.694,0,3.999,0,1.000,1727,1105,1.840,1.410,0.750,1,0,2.000,0,0,11,32,0,26,0
18-06 18:17:19,22.256,3.251,73.270,0.250,0,1485628,776556,178148,5477248,4441.192,1620.435,0,744.200,0,92.025,1919,1548,1.840,1.410,0.750,1,0,1.000,0,0,11,32,0,26,0
18-06 18:17:20,22.499,4.000,73.748,0,0,1525220,736992,178148,5477220,5057.853,1457.958,0,0,0,0,1732,1132,1.840,1.410,0.750,1,0,2.000,0,0,11,32,0,19,0
18-06 18:17:21,23.249,2.750,73.747,0,0,1498228,763956,178148,5477248,4919.797,1619.933,0,27.999,0,1.000,1676,1051,1.840,1.410,0.750,1,0,1.000,0,0,11,32,0,19,0
18-06 18:17:22,22.500,3.500,73.501,0,0,1523288,738984,178148,5477160,4937.047,1620.015,0,0,0,0,1731,1215,1.840,1.410,0.750,1,0,1.000,0,0,11,32,0,19,0
18-06 18:17:23,21.503,4.001,73.761,0,0,1544608,717664,178148,5477160,4198.643,1458.223,0,88.013,0,1.000,1685,1104,1.770,1.400,0.750,1,0,2.000,0,0,11,32,0,19,0
18-06 18:17:24,22.246,3.499,73.238,0,0,1486232,775964,178148,5477236,4919.179,1619.730,0,55.991,0,2.999,1773,1259,1.770,1.400,0.750,1,0,1.000,0,0,11,32,0,15,0
18-06 18:17:25,22.002,3.500,73.756,0,0,1479128,783056,178148,5477248,4772.374,1512.119,0,144.011,0,30.002,1794,1276,1.770,1.400,0.750,1,0,1.000,0,0,11,32,0,15,0
18-06 18:17:26,22.254,3.501,73.763,0,0,1520108,742096,178148,5477228,4666.812,1566.272,0,0,0,0,1736,1167,1.770,1.400,0.750,2,0,2.000,0,0,11,32,0,15,0
18-06 18:17:27,22.723,2.996,73.664,0,0,1475536,786648,178148,5477248,4453.787,1618.106,0,67.920,0,1.998,1705,1180,1.770,1.400,0.750,1,0,0.999,0,0,11,32,0,15,0
18-06 18:17:28,22.777,3.254,73.586,0,0,1487628,774552,178148,5477252,4403.160,1459.711,0,24.028,0,1.001,1685,1107,1.710,1.400,0.760,1,0,1.001,0,0,11,32,0,11,0
18-06 18:17:29,21.998,4.000,73.495,0.250,0,1505864,756320,178148,5477248,4619.683,1619.889,0,483.967,0,37.997,1955,1609,1.710,1.400,0.760,2,0,2.000,0,0,11,32,0,11,0
18-06 18:17:30,21.302,5.012,73.178,0,0,1475184,786972,178148,5477276,4571.097,1623.942,0,44.107,0,3.007,2354,1595,1.710,1.400,0.760,1,0,75.183,0,0,11,32,0,11,0
18-06 18:17:31,11.214,18.192,69.527,0,0,1455740,806384,178148,5477308,4039.068,1507.175,0,219.298,0,9.968,5184,4015,1.710,1.400,0.760,1,0,383.771,0,0,11,32,0,11,0
18-06 18:17:32,23.004,3.001,73.264,0,0,1497832,764280,178148,5477320,4457.848,1620.308,0,12.002,0,1.000,1806,1279,1.710,1.400,0.760,2,0,1.000,0,0,11,32,0,8,0
18-06 18:17:33,22.000,3.500,73.499,0,0,1481288,780572,178148,5477568,4005.972,1565.989,0,0,0,0,1807,1169,1.650,1.390,0.760,2,0,9.000,0,0,11,32,0,8,0
18-06 18:17:34,22.763,2.501,73.792,0,0,1490532,771328,178148,5477568,4322.468,1620.926,0,0,0,0,1646,1060,1.650,1.390,0.760,2,0,0,0,0,11,32,0,8,0
18-06 18:17:35,13.527,17.285,68.637,0,0,1458676,803032,178148,5477712,4208.422,1623.248,40.080,364.730,2.004,36.072,5036,3949,1.650,1.390,0.760,2,0,382.766,0,0,11,32,0,8,0
18-06 18:17:36,8.257,22.018,68.806,0,0,1454168,807512,178148,5477740,4767.856,1555.258,0,320.259,0,8.006,6520,5339,1.650,1.390,0.760,2,0,568.460,0,0,11,32,0,5,0
18-06 18:17:37,8.249,21.747,68.239,0,0,1438368,823244,178148,5477784,4656.265,1133.821,0,447.929,0,6.999,6544,5376,1.650,1.390,0.760,1,0,579.908,0,0,11,32,0,5,0
18-06 18:17:38,8.494,21.983,67.948,0,0,1426248,835332,178148,5477808,4974.195,1510.844,0,1614.765,0,19.985,6551,5293,1.520,1.370,0.750,3,0,581.555,0,0,11,32,0,5,0
18-06 18:17:39,8.491,22.226,68.677,0,0,1424704,836840,178148,5477844,4647.028,1510.384,0,1786.089,0,48.948,6728,5753,1.520,1.370,0.750,1,0,570.390,0,0,11,32,0,5,0
18-06 18:17:40,8.516,21.040,69.632,0,0,1414216,847292,178148,5477880,5456.376,1568.984,0,252.480,0,9.017,6431,5368,1.520,1.370,0.750,1,0,548.042,0,0,11,32,0,5,0
18-06 18:17:41,7.742,22.226,68.427,0,0,1406776,854684,178148,5477924,5320.340,1564.336,0,403.571,0,43.953,6599,5442,1.520,1.370,0.750,1,0,588.374,0,0,11,32,0,3,0
18-06 18:17:42,9.748,20.496,68.737,0,0,1366364,895000,178164,5477964,4788.091,1511.713,0,31.994,0,7.998,5948,4707,1.520,1.370,0.750,1,0,455.913,0,0,11,32,0,3,0
18-06 18:17:43,32.293,30.040,36.549,0.250,0,1413720,847548,178188,5477996,4325.788,1622.170,0,1149.538,0,67.090,7076,6754,1.800,1.430,0.780,3,0,791.058,0,0,11,32,0,9,0
18-06 18:17:44,68.547,12.712,17.947,0,0,1613104,646956,178260,5479052,4384.991,1453.687,0,346.971,0,10.967,4123,12679,1.800,1.430,0.780,5,0,35.894,0,0,11,32,0,10,0
18-06 18:17:45,52.654,11.283,26.578,9.277,0,1669412,579732,179120,5488032,4753.902,1624.751,373.091,51875.707,3.009,3643.656,15760,29470,1.800,1.430,0.780,4,0,91.267,0,0,11,36,0,8,0
18-06 18:17:46,41.947,10.737,32.459,11.985,0,1657904,578248,179836,5499844,5139.542,1564.035,0,70359.596,0,5489.103,20218,39560,1.800,1.430,0.780,2,1,168.788,0,0,11,36,0,8,0
18-06 18:17:47,38.173,8.483,38.422,12.475,0,1680640,544996,180136,5509644,10830.101,6530.794,0,96652.562,0,7113.616,22364,45684,1.800,1.430,0.780,3,0,56.885,0,0,11,37,0,8,0
18-06 18:17:48,38.319,17.532,31.056,10.269,0,1641720,575108,180656,5518032,10739.448,5864.620,296.537,62673.494,4.007,4705.521,19999,36849,2.210,1.520,0.810,4,1,332.602,0,0,11,34,0,9,0
18-06 18:17:49,45.717,21.734,23.983,7.495,0,1624520,584480,181032,5524748,5294.194,1456.953,931.331,60417.570,14.989,4317.896,18242,36661,2.210,1.520,0.810,3,1,252.818,0,0,11,34,0,9,0
18-06 18:17:50,34.309,11.520,41.071,10.268,0,1639448,565236,181328,5528652,10427.940,7291.544,669.151,69106.889,12.021,5185.922,18968,37720,2.210,1.520,0.810,5,0,161.277,0,0,11,35,0,9,0
18-06 18:17:51,32.712,6.742,48.444,9.989,0,1643368,561060,181512,5528664,17026.448,13274.757,0,70878.610,0,5378.823,22247,43354,2.210,1.520,0.810,2,1,32.962,0,0,11,35,0,9,0
18-06 18:17:52,36.012,9.503,41.764,11.004,0,1604880,598248,181800,5529628,6965.339,3755.261,0,55598.672,0,5261.767,19027,37055,2.210,1.520,0.810,2,0,79.027,0,0,11,34,0,9,0
18-06 18:17:53,38.056,6.510,44.065,9.264,0,1624912,575840,181956,5531808,9418.852,6661.798,0,45699.210,0,4217.202,14657,29618,2.120,1.510,0.810,2,0,36.053,0,0,11,35,0,9,0
18-06 18:17:54,31.434,7.983,49.147,9.730,0,1618876,578988,182040,5534504,13799.941,10105.720,0,51303.969,0,4386.763,19047,37132,2.120,1.510,0.810,5,1,68.855,0,0,11,35,0,9,0
18-06 18:17:55,28.269,8.506,49.284,11.758,0,1514228,679656,182124,5538276,11872.172,8251.680,0,73062.293,0,5630.876,20442,41661,2.120,1.510,0.810,2,1,127.087,0,0,11,34,0,10,0
18-06 18:17:56,36.042,8.760,40.297,13.015,0,1577776,611936,182292,5542144,4805.633,1621.901,0,56522.259,0,5335.254,19587,39274,2.120,1.510,0.810,10,0,118.138,0,0,11,36,0,10,0
18-06 18:17:57,30.492,7.748,47.987,11.247,0,1595708,591776,182368,5544196,10985.997,7113.056,0,81941.600,0,6425.244,21537,43849,2.120,1.510,0.810,5,0,53.985,0,0,11,37,0,10,0
18-06 18:17:58,29.249,6.750,51.749,10.250,0,1598792,591776,182392,5541100,14527.695,10699.775,0,52178.904,0,4629.903,20294,39549,2.270,1.550,0.830,4,0,23.999,0,0,11,37,0,10,0
18-06 18:17:59,36.741,9.498,49.488,3.249,0,1398416,792032,182412,5541192,9733.630,6262.475,0,21866.675,0,1743.575,10033,15910,2.270,1.550,0.830,2,0,121.970,0,0,11,32,0,11,0
18-06 18:18:00,20.458,7.235,70.354,0.998,0,1453144,737256,182416,5541236,6837.820,3855.005,0,13739.507,0,744.456,4066,5451,2.270,1.550,0.830,1,0,137.714,0,0,11,33,0,11,0
18-06 18:18:01,18.769,2.252,77.079,0.501,0,1451368,738872,182416,5541396,16025.526,12629.023,0,993.024,0,48.050,4345,5676,2.270,1.550,0.830,0,0,0,0,0,11,33,0,11,0
18-06 18:18:02,18.015,5.004,76.062,0,0,1421664,768548,182416,5541424,12690.384,8230.735,0,2417.979,0,213.174,4433,5208,2.270,1.550,0.830,1,0,57.047,0,0,11,32,0,12,0
18-06 18:18:03,22.234,3.248,73.446,0,0,1486204,704008,182416,5541424,4436.752,1660.784,0,779.429,0,29.978,1787,1267,2.170,1.540,0.830,1,0,0,0,0,11,32,0,12,0
18-06 18:18:04,15.746,1.750,81.729,0,0,1487436,702760,182416,5541440,13787.465,10275.366,0,419.892,0,21.994,3132,3716,2.170,1.540,0.830,1,0,0,0,0,11,32,0,12,1
18-06 18:18:05,20.740,5.247,72.715,0.250,0,1507300,682896,182416,5541440,5441.358,1577.234,0,2610.732,0,134.934,2343,1925,2.170,1.540,0.830,1,0,33.984,0,0,11,32,0,13,0
18-06 18:18:06,12.498,2.250,84.735,0,0,1529620,660536,182416,5541480,8864.428,3970.296,0,47.991,0,3.999,1391,1124,2.170,1.540,0.830,1,0,0,0,0,11,33,0,13,0
18-06 18:18:07,15.012,1.501,82.565,0,0,1517560,672332,182416,5541744,10414.192,5821.580,0,168.132,0,22.017,2251,2659,2.170,1.540,0.830,1,0,0,0,0,11,32,0,14,0
18-06 18:18:08,19.462,6.487,73.355,0.250,0,1476656,713232,182416,5541748,5928.318,1616.814,0,375.261,0,12.974,2406,1676,2.070,1.530,0.830,1,0,59.882,0,0,11,32,0,14,0
18-06 18:18:09,12.774,1.753,84.661,0,0,1493720,696164,182416,5541752,9630.268,6659.633,0,152.289,0,8.015,1633,1555,2.070,1.530,0.830,1,0,0,0,0,11,33,0,14,0
18-06 18:18:10,18.248,2.500,78.493,0,0,1460728,729044,182416,5541864,10595.091,6997.399,0,179.985,0,10.999,3393,3823,2.070,1.530,0.830,1,0,13.999,0,0,11,32,0,15,0
18-06 18:18:11,20.980,4.496,73.681,0,0,1463564,726208,182416,5541864,4256.017,1618.485,0,103.903,0,4.995,2022,1418,2.070,1.530,0.830,1,0,28.973,0,0,11,32,0,15,0
18-06 18:18:12,13.739,2.498,82.684,0,0,1473124,716512,182416,5542000,10870.312,8504.203,0,0,0,0,2120,2241,2.070,1.530,0.830,1,0,0.999,0,0,11,33,0,15,0
18-06 18:18:13,12.024,2.756,83.417,0.251,0,1435804,753820,182416,5542012,8654.365,5552.140,0,176.354,0,18.036,3023,3557,1.990,1.520,0.830,1,0,33.066,0,0,11,32,0,16,0
18-06 18:18:14,10.765,24.534,64.839,0,0,1406420,783032,182416,5542184,3905.387,1622.238,0,248.343,0,17.023,6684,5563,1.990,1.520,0.830,4,0,668.923,0,0,11,34,0,17,0
18-06 18:18:15,63.025,12.255,24.260,0,0,1544196,644864,182440,5542552,4381.767,1620.654,0,584.236,0,47.019,4647,3043,1.990,1.520,0.830,3,0,100.040,0,0,11,32,0,22,0
18-06 18:18:16,66.715,8.496,24.737,0,0,1701800,484040,182560,5545368,4663.534,1607.150,0,3562.117,0,155.918,4029,1769,1.990,1.520,0.830,3,0,0,0,0,11,32,0,22,0
18-06 18:18:17,61.518,7.252,28.008,2.251,0,1808908,370696,182716,5550940,4984.419,1566.446,0,14940.253,0,1036.295,7189,8322,1.990,1.520,0.830,1,1,54.015,0,0,11,38,0,22,0
18-06 18:18:18,30.493,9.498,44.240,12.997,0,1804196,360644,182864,5565048,4784.865,1565.629,0,107830.430,0,7737.165,27565,55665,2.150,1.560,0.850,5,1,272.935,0,0,11,38,0,22,0
18-06 18:18:19,41.759,9.252,33.757,12.003,0,1802384,352340,182944,5574744,4861.071,1620.357,0,95545.046,0,8043.772,31688,63720,2.150,1.560,0.850,3,1,198.044,0,0,11,38,0,22,0
18-06 18:18:20,43.228,12.744,30.735,12.494,0,1725960,417108,183048,5585900,5157.403,1619.185,0,111068.065,0,7655.145,24721,51499,2.150,1.560,0.850,3,1,257.870,0,0,11,36,0,22,0
18-06 18:18:21,44.997,11.249,30.498,11.249,0,1763068,365980,183108,5599352,4517.724,1457.911,0,102941.705,0,6893.578,22555,46241,2.150,1.560,0.850,4,0,42.997,0,0,11,36,0,22,0
18-06 18:18:22,47.479,9.996,27.988,11.245,0,1813520,307040,183132,5607488,4515.046,1619.299,0,104070.963,0,7572.723,24280,49718,2.150,1.560,0.850,4,0,101.956,0,0,11,38,0,22,0
18-06 18:18:23,46.496,11.749,38.497,2.750,0,1499668,619520,183144,5608796,4465.609,1565.863,0,27901.558,0,2132.813,9685,15730,2.140,1.570,0.850,1,0,241.979,0,0,11,32,0,22,0
18-06 18:18:24,19.266,8.007,70.809,1.501,0,1513100,606072,183144,5608812,4175.496,1513.267,0,15468.951,0,900.754,4502,5935,2.140,1.570,0.850,1,0,128.107,0,0,11,32,0,22,0
18-06 18:18:25,23.217,2.496,73.646,0.250,0,1564256,554916,183144,5608812,4373.839,1617.721,0,986.610,0,59.916,1842,1388,2.140,1.570,0.850,1,0,0,0,0,11,32,0,22,0
18-06 18:18:26,24.991,1.749,72.474,0.250,0,1586300,532864,183144,5608820,4396.428,1457.479,0,3482.755,0,183.934,2485,2367,2.140,1.570,0.850,1,0,1.999,0,0,11,34,0,22,0
18-06 18:18:27,20.482,4.996,73.934,0,0,1519640,599524,183144,5608820,4752.736,1618.548,0,107.903,0,9.991,2142,1456,2.140,1.570,0.850,1,0,27.975,0,0,11,32,0,22,0
18-06 18:18:28,22.263,3.002,73.792,0,0,1565688,553472,183144,5608824,4788.713,1566.888,0,0,0,0,1721,1196,2.040,1.560,0.860,2,0,0,0,0,11,32,0,22,0
18-06 18:18:29,20.294,7.767,70.903,0,0,1501868,617272,183148,5608840,4301.254,1515.260,0,156.336,0,20.043,3021,2439,2.040,1.560,0.860,3,0,142.306,0,0,11,32,0,22,0
18-06 18:18:30,12.238,37.713,48.951,0,0,1483140,635932,183148,5608904,4675.363,1618.395,0,787.219,0,52.947,8416,8089,2.040,1.560,0.860,1,0,1169.840,0,0,11,32,0,22,0
18-06 18:18:31,7.996,22.240,68.218,0,0,1476300,642704,183148,5608972,4395.961,1457.324,0,227.894,0,19.991,6060,4484,2.040,1.560,0.860,1,0,491.772,0,0,11,32,0,22,0
18-06 18:18:32,8.258,20.270,69.818,0,0,1440596,678232,183148,5609140,4881.762,1621.582,0,16.016,0,4.004,5708,4270,2.040,1.560,0.860,1,0,369.360,0,0,11,32,0,22,0
18-06 18:18:33,10.505,21.760,66.530,0,0,1452936,665836,183148,5609532,4261.912,1620.727,0,32.014,0,8.004,6777,6525,1.960,1.550,0.860,1,0,374.168,0,0,11,32,0,22,0
18-06 18:18:34,31.669,13.216,53.863,0,0,1479872,638696,183156,5609696,4474.616,1562.026,0,0,0,0,4727,5034,1.960,1.550,0.860,2,0,190.515,0,0,11,33,0,22,0
18-06 18:18:35,43.754,6.751,49.004,0,0,1595796,522832,183156,5609748,4620.399,1620.140,0,0,0,0,2678,1269,1.960,1.550,0.860,3,0,0,0,0,11,33,0,22,0
18-06 18:18:36,49.459,5.246,44.713,0.250,0,1650192,467876,183200,5610232,4768.010,1552.701,0,847.291,0,82.931,3979,3149,1.960,1.550,0.860,2,0,18.984,0,0,11,49,0,22,0
18-06 18:18:37,32.097,11.033,55.669,0,0,1679292,434772,183232,5613816,5252.947,1624.933,0,1500.555,0,114.347,5450,8130,1.960,1.550,0.860,1,0,163.496,0,0,11,48,0,22,0
18-06 18:18:38,16.457,15.709,66.078,0.249,0,1689896,424060,183232,5613852,4907.246,1615.800,0,4240.978,0,311.191,6748,8032,1.880,1.540,0.860,0,0,299.222,0,0,11,48,0,22,0
18-06 18:18:39,2.250,2.000,94.481,0,0,1665112,448840,183232,5613844,4799.014,1619.667,0,87.982,0,8.998,1390,1800,1.880,1.540,0.860,1,0,27.994,0,0,11,48,0,22,0
18-06 18:18:40,0.750,0.750,98.006,0,0,1663012,450940,183232,5613844,4620.300,1620.105,0,412.027,0,25.002,746,1014,1.880,1.540,0.860,0,0,3.000,0,0,11,48,0,22,0
18-06 18:18:41,0.500,0.500,98.009,0,0,1661172,452776,183232,5613848,4560.424,1620.151,0,0,0,0,718,928,1.880,1.540,0.860,0,0,3.000,0,0,11,48,0,22,0
18-06 18:18:42,0.750,0.500,98.252,0,0,1659412,454536,183232,5613848,4587.111,1620.039,0,0,0,0,783,1023,1.880,1.540,0.860,0,0,2.000,0,0,11,48,0,22,0
18-06 18:18:43,10.753,10.002,79.019,0,0,1637876,476048,183232,5613916,4441.093,1620.399,0,4.001,0,1.000,4378,5263,1.810,1.530,0.860,0,0,198.049,0,0,11,48,0,22,0
18-06 18:18:44,18.277,17.526,62.343,0,0,1685328,428552,183232,5613924,4446.661,1622.430,0,468.702,0,6.009,6251,12967,1.810,1.530,0.860,1,0,373.560,0,0,12,48,0,23,0
18-06 18:18:45,15.991,18.240,64.714,0,0,1667564,446124,183232,5614536,4451.491,1695.045,0,0,0,0,6832,7780,1.810,1.530,0.860,1,0,313.823,0,0,12,48,0,23,0
18-06 18:18:46,20.224,8.489,69.160,0.499,0,1669076,444596,183232,5614100,4614.004,1617.898,0,587.237,0,43.943,3803,4275,1.810,1.530,0.860,0,0,194.747,0,0,12,64,0,15,0
18-06 18:18:47,9.997,12.746,75.975,0,0,1673748,439852,183232,5614148,6194.995,1619.476,0,0,0,0,4594,4794,1.810,1.530,0.860,2,0,201.935,0,0,14,66,0,15,0
18-06 18:18:48,14.785,15.787,69.413,0,0,1665628,447804,183232,5614280,6214.598,1461.433,0,52.122,0,8.019,5612,6847,1.750,1.520,0.860,1,0,310.730,0,0,14,66,0,16,0
18-06 18:18:49,9.743,19.236,68.949,0,0,1648620,464628,183232,5614464,4976.288,1660.761,0,1830.634,0,35.973,6121,4850,1.750,1.520,0.860,1,0,397.703,0,0,14,66,0,16,0
18-06 18:18:50,18.244,15.495,64.730,0.250,0,1661864,451364,183232,5614476,4578.584,1541.523,0,547.831,0,29.991,6708,8311,1.750,1.520,0.860,2,0,240.926,0,0,14,66,0,15,0
18-06 18:18:51,29.043,25.288,45.067,0,0,1745380,367784,183244,5614512,3965.929,1622.426,0,404.605,0,10.015,6873,5808,1.750,1.520,0.860,2,0,619.927,0,0,14,66,0,15,0
18-06 18:18:52,30.739,23.742,43.984,0,0,1793676,318460,183300,5615468,4395.441,1619.426,0,23.991,0,5.998,7089,8027,1.750,1.520,0.860,1,0,615.782,0,0,14,66,0,15,0
18-06 18:18:53,36.452,22.221,40.697,0,0,1919092,192348,183320,5616384,4332.333,1498.040,0,31.958,0,7.990,5991,9300,1.770,1.530,0.870,2,0,382.500,0,0,14,70,0,17,0
18-06 18:18:54,63.563,23.774,12.262,0,0.250,1994820,192300,176144,5549364,4984.935,1621.605,28.028,552.547,5.005,64.063,4886,4680,1.770,1.530,0.870,5,0,439.435,0,0,14,70,0,17,0
18-06 18:18:55,67.069,20.021,12.763,0,0,2105292,149004,167476,5492580,4462.600,1549.597,244.252,1893.952,16.017,9.009,5681,8365,1.770,1.530,0.870,3,0,284.293,0,0,14,70,0,17,0
18-06 18:18:56,69.151,26.118,3.980,0.497,0,2217492,127204,166880,5404424,5074.397,1611.867,1564.108,1846.683,94.523,90.543,5659,5550,1.770,1.530,0.870,7,0,525.349,0,0,14,70,0,17,0
18-06 18:18:57,77.581,19.270,2.002,1.001,0,2368448,123252,168780,5258716,5242.460,1621.689,2086.173,744.776,120.125,30.031,7218,7862,1.770,1.530,0.870,6,0,262.273,0,0,14,74,0,17,0
18-06 18:18:58,64.239,26.850,6.022,2.007,0,2496920,191900,168392,5066196,4835.974,1463.439,517.925,24599.431,13.048,1730.432,12910,21833,2.190,1.620,0.900,7,0,427.589,0,0,14,76,0,16,0
18-06 18:18:59,70.799,21.515,6.254,0.751,0,2589812,165480,168516,5001256,4803.328,1621.123,416.288,27759.231,23.016,2464.707,14521,28475,2.190,1.620,0.900,4,0,237.164,0,0,14,76,0,17,0
18-06 18:19:00,73.277,22.852,2.981,0.497,0,2703576,193700,168524,4861940,4659.893,1609.601,516.662,1641.395,16.891,65.576,7820,14394,2.190,1.620,0.900,8,0,486.855,0,0,14,87,0,24,0
18-06 18:19:01,48.569,25.165,25.165,0,0,2768200,127108,168524,4864528,4892.151,1630.717,0,724.763,0,54.357,8800,11913,2.190,1.620,0.900,7,0,486.195,0,0,14,89,0,30,0
18-06 18:19:02,49.172,17.472,32.698,0,0,2867272,166548,168528,4729004,5228.758,1617.450,3107.102,535.156,33.946,25.959,5991,6722,2.190,1.620,0.900,3,0,253.600,0,0,14,92,0,30,0
18-06 18:19:03,58.172,9.238,31.708,0,0,2995596,177144,168532,4593608,4497.974,1444.065,0,555.256,0,25.965,4603,6584,2.170,1.630,0.910,2,0,8.988,0,0,14,94,0,32,0
18-06 18:19:04,16.784,17.035,65.132,0.501,0,3015468,155844,168552,4595004,3503.107,757.537,8.016,3815.741,2.004,213.433,5967,5693,2.170,1.630,0.910,1,0,300.610,0,0,14,97,0,33,0
18-06 18:19:05,8.493,19.484,70.942,0,0,3018644,152632,168552,4595040,5173.742,1546.727,3.997,915.247,0.999,53.956,5849,4811,2.170,1.630,0.910,2,0,372.693,0,0,14,97,0,33,0
18-06 18:19:06,10.229,16.965,70.606,0.499,0,3044292,126900,168552,4595124,6167.437,1616.707,11.976,139.715,2.994,10.978,5037,3991,2.170,1.630,0.910,1,0,317.354,0,0,14,97,0,33,0
18-06 18:19:07,20.001,3.750,76.254,0,0,3103488,134072,168556,4529848,7926.443,3586.200,4.000,4.000,1.000,1.000,1744,1226,2.170,1.630,0.910,1,0,0,0,0,14,98,0,32,0
18-06 18:19:08,20.003,2.250,76.763,0,0,3104176,133324,168560,4529904,27614.701,22631.852,44.007,184.031,5.001,13.002,2766,2876,2.080,1.620,0.910,1,0,0,0,0,14,100,0,32,0
18-06 18:19:09,20.248,5.999,72.743,0,0,3105916,131564,168564,4529920,5051.517,1751.832,4.000,311.970,1.000,20.998,2425,1772,2.080,1.620,0.910,1,0,62.994,0,0,14,99,0,33,0
18-06 18:19:10,18.997,3.499,76.739,0,0,3137264,168080,168564,4463884,10611.470,7816.873,7.999,143.979,2.000,18.997,2346,2402,2.080,1.620,0.910,0,0,1.000,0,0,14,102,0,33,0
18-06 18:19:11,25.581,4.765,67.465,1.254,0,3138580,166204,168580,4464412,5282.825,1833.840,184.588,1737.534,11.035,212.677,5218,7228,2.080,1.620,0.910,1,0,5.016,0,0,14,111,0,31,0
18-06 18:19:12,25.253,6.251,66.758,0.500,0,3072148,232352,168580,4464696,5444.626,2763.318,16.002,1216.140,1.000,124.014,4462,5568,2.080,1.620,0.910,1,0,33.004,0,0,14,110,0,33,0
18-06 18:19:13,28.968,8.740,61.183,0.499,0,3185092,186492,168580,4399680,3973.652,1456.406,0,883.034,0,54.940,3326,2490,2.070,1.630,0.910,2,0,82.909,0,0,14,114,0,33,0
18-06 18:19:14,25.750,3.250,70.001,0,0,3209384,162104,168580,4399776,10678.116,8057.088,72.001,580.006,6.000,45.000,3242,3326,2.070,1.630,0.910,1,0,2.000,0,0,14,119,0,33,0
18-06 18:19:15,23.729,4.996,68.939,0.999,0,3233704,137700,168588,4399848,7455.382,4721.809,3.996,11577.723,0.999,749.335,5253,7272,2.070,1.630,0.910,2,0,4.996,0,0,14,120,0,27,0
18-06 18:19:16,39.826,12.524,46.589,0.501,0,3287436,149628,168588,4335868,4628.865,1623.108,4.008,3823.322,1.002,240.460,4298,3862,2.070,1.630,0.910,3,0,97.186,0,0,14,120,0,27,0
18-06 18:19:17,33.652,4.985,60.324,0,0,3352616,149248,168588,4272644,10492.309,7311.613,0,331.032,0,14.956,2511,1460,2.070,1.630,0.910,1,0,0,0,0,14,121,0,27,0
18-06 18:19:18,19.737,4.747,74.949,0.250,0,3322044,179816,168588,4272648,22651.579,19066.020,0,255.826,0,13.990,2476,1961,1.990,1.620,0.910,2,0,54.963,0,0,14,120,0,28,0
18-06 18:19:19,18.007,2.251,78.530,0,0.250,3362720,138992,168588,4272796,10636.025,7377.792,0,264.100,0,14.005,1831,1364,1.990,1.620,0.910,3,0,0,0,0,14,121,0,28,0
18-06 18:19:20,19.295,5.763,74.173,0,0,3331440,170244,168592,4272820,22990.744,19153.775,12.028,753.762,3.007,46.108,2662,2208,1.990,1.620,0.910,2,0,51.119,0,0,14,120,0,29,0
18-06 18:19:21,19.456,2.245,77.825,0.249,0,3374840,126832,168592,4272832,10361.755,7255.723,0,99.776,0,9.978,1816,1398,1.990,1.620,0.910,2,0,0,0,0,14,121,0,29,0
18-06 18:19:22,17.749,6.250,73.998,0.500,0,3294004,207604,168592,4272896,6544.809,3425.900,4.000,663.981,1.000,96.997,3699,4229,1.990,1.620,0.910,1,0,82.998,0,0,14,120,0,30,0
18-06 18:19:23,31.250,5.000,62.501,0,0,3367652,133824,168592,4273028,4420.057,1620.021,0,460.006,0,32.000,3873,4744,2.710,1.770,0.970,1,0,8.000,0,0,14,122,0,31,0
18-06 18:19:24,17.018,3.754,78.833,0.250,0,3344704,156644,168592,4273156,27646.027,24848.089,0,252.265,0,13.014,2337,1876,2.710,1.770,0.970,1,0,32.034,0,0,14,122,0,32,0
18-06 18:19:25,21.977,3.996,73.673,0,0,3357388,143960,168592,4273156,4255.542,1618.305,0,271.715,0,15.983,1971,1449,2.710,1.770,0.970,1,0,22.976,0,0,14,122,0,32,0
18-06 18:19:26,16.044,3.008,77.962,1.003,0,3355196,146068,168592,4273240,11253.549,8294.516,0,4235.498,0,184.501,3686,5016,2.710,1.770,0.970,2,0,0,0,0,14,124,0,32,0
18-06 18:19:27,24.679,4.487,68.054,0.997,0,3329960,171048,168592,4273496,5570.946,2863.748,0,4889.909,0,375.917,6297,9426,2.710,1.770,0.970,1,0,17.948,0,0,14,123,0,34,0
18-06 18:19:28,21.252,5.250,72.506,0,0,3342196,219096,168592,4214364,4472.356,1512.120,0,728.058,0,42.003,2264,1739,2.570,1.760,0.970,1,0,36.003,0,0,14,123,0,34,0
18-06 18:19:29,15.286,2.005,82.193,0,0,3355064,206216,168592,4214376,14649.325,11679.366,0,252.592,0,15.035,1968,1745,2.570,1.760,0.970,1,0,0,0,0,14,124,0,34,0
18-06 18:19:30,24.908,4.982,67.251,1.245,0,3355976,205236,168592,4214448,4517.265,1452.619,11.956,6165.160,2.989,512.103,5829,8053,2.570,1.760,0.970,1,0,0,0,0,14,124,0,34,0
18-06 18:19:31,35.297,7.260,56.826,0.250,0,3312124,248872,168592,4214664,5397.249,2555.432,0,997.340,0,100.134,7277,8607,2.570,1.760,0.970,1,0,80.108,0,0,14,129,0,35,0
18-06 18:19:32,18.497,3.000,76.987,0,0,3362220,198736,168604,4214692,10059.326,7169.807,3.999,415.931,1.000,20.997,1946,1507,2.570,1.760,0.970,1,0,1.000,0,0,14,130,0,35,0
18-06 18:19:33,18.508,7.003,72.780,1.000,0,3352276,208600,168604,4214772,8316.459,5531.301,48.020,1012.421,3.001,119.050,4344,5091,2.440,1.750,0.970,1,0,148.062,0,0,14,131,0,36,0
18-06 18:19:34,22.738,3.748,72.212,0.500,0,3422228,138624,168604,4214796,4197.816,1619.158,0,5621.075,0,312.837,2433,2578,2.440,1.750,0.970,1,0,0,0,0,14,131,0,36,0
18-06 18:19:35,11.499,1.750,85.740,0.250,0,3424472,136368,168604,4214808,15020.316,12804.564,0,251.972,0,12.999,1925,1887,2.440,1.750,0.970,0,0,0,0,0,14,132,0,36,0
18-06 18:19:36,21.777,4.756,71.589,0.751,0,3418588,142168,168612,4214884,5255.554,1919.394,4.005,1830.282,1.001,182.227,5609,8116,2.440,1.750,0.970,2,0,0,0,0,14,132,0,36,0
18-06 18:19:37,34.337,7.018,57.145,0.501,0,3422168,137868,168628,4215572,6232.855,3095.875,421.071,1010.571,69.176,103.263,9164,13863,2.440,1.750,0.970,5,0,3.008,0,0,14,131,0,37,0
18-06 18:19:38,35.126,12.705,50.323,0.249,0,3392896,166996,168628,4215668,4928.617,1941.154,0,1211.726,0,107.620,7763,10497,2.330,1.730,0.970,1,0,284.995,0,0,14,131,0,37,0
18-06 18:19:39,20.564,2.006,77.493,0,0,3421544,138340,168628,4215676,10506.907,7574.724,0,457.433,0,20.063,1880,1500,2.330,1.730,0.970,1,0,0,0,0,14,132,0,37,0
18-06 18:19:40,15.007,11.505,71.532,0.250,0,3338816,221076,168628,4215700,6398.903,3155.432,4.002,3713.685,1.000,350.159,4763,3730,2.330,1.730,0.970,1,0,250.113,0,0,14,131,0,38,0
18-06 18:19:41,10.495,21.490,66.717,0,0,3307300,252424,168628,4216228,4585.760,1709.165,0,955.533,0,37.981,7164,7162,2.330,1.730,0.970,1,0,448.781,0,0,14,131,0,38,0
18-06 18:19:42,25.493,15.496,58.235,0,0,3351476,208216,168628,4215904,4705.765,1619.575,0,395.896,0,21.994,5690,6108,2.330,1.730,0.970,2,0,320.916,0,0,14,131,0,38,0
18-06 18:19:43,30.751,24.001,44.501,0.250,0,3402028,157492,168636,4216068,4140.101,1620.039,0,1920.047,0,121.003,6575,5883,2.380,1.750,0.980,2,0,497.012,0,0,14,133,0,38,0
18-06 18:19:44,38.915,17.711,42.158,0.249,0,3488072,146064,168640,4144236,4609.925,1686.315,87.808,327.285,5.987,22.950,6876,11592,2.380,1.750,0.980,6,0,297.350,0,0,16,139,0,38,0
18-06 18:19:45,60.434,27.835,11.284,0.251,0,3609856,134196,168652,4034820,4481.656,1624.951,16.049,658.005,4.012,46.141,7822,19307,2.380,1.750,0.980,4,0,578.764,0,0,16,145,0,39,0
18-06 18:19:46,61.556,18.193,18.691,0,0,3712952,126260,168652,3940452,5383.011,1614.903,15.950,833.370,3.987,43.862,7591,12066,2.380,1.750,0.980,4,0,295.069,0,0,16,161,0,39,0
18-06 18:19:47,34.767,26.013,38.519,0,0,3777320,160416,168652,3843016,6616.238,1566.767,8.004,252.123,1.000,12.006,15794,8355,2.380,1.750,0.980,3,0,564.276,0,0,16,161,0,39,0
18-06 18:19:48,27.967,22.973,49.192,0,0,3817620,175416,168656,3789508,5785.169,1600.111,71.915,627.259,0.999,19.976,6580,5748,2.190,1.720,0.970,3,0,496.414,0,0,17,161,0,38,0
18-06 18:19:49,23.310,15.289,59.403,0.251,0,3863436,129576,168656,3789192,4992.848,1624.180,12.031,794.043,3.008,49.126,6482,8196,2.190,1.720,0.970,2,0,278.717,0,0,17,161,0,38,0
18-06 18:19:50,30.911,23.931,44.123,0,0,3903296,145112,168656,3735580,4744.373,1453.824,7.977,299.141,1.994,26.923,7074,6741,2.190,1.720,0.970,6,0,503.554,0,0,17,161,0,38,0
18-06 18:19:51,40.122,18.305,40.372,0.251,0,3962260,150440,168664,3672316,4573.867,1695.139,32.097,605.837,2.006,14.043,6540,6788,2.190,1.720,0.970,2,0,321.976,0,0,17,167,0,38,0
18-06 18:19:52,37.635,26.918,35.143,0,0,4056500,122092,168672,3608052,4264.017,1615.082,19.939,2069.698,1.994,17.945,8280,12699,2.190,1.720,0.970,6,0,664.975,0,0,17,167,0,37,0
18-06 18:19:53,29.869,25.853,43.673,0,0,4135992,141328,168672,3511388,4443.638,1463.810,100.399,754.997,8.032,51.203,10629,15467,2.020,1.700,0.970,1,0,551.188,0,0,17,179,0,37,0
18-06 18:19:54,21.898,17.170,58.975,0,0,4151184,147104,168672,3491300,4299.976,1612.491,0,426.016,0,25.879,6547,8604,2.020,1.700,0.970,1,0,335.438,0,0,17,187,0,37,0
18-06 18:19:55,37.087,12.780,49.116,0.501,0,4256464,143060,168672,3391576,4769.228,1503.540,449.057,589.388,7.017,35.083,4147,3143,2.020,1.700,0.970,2,0,118.278,0,0,17,187,0,37,0
18-06 18:19:56,50.825,9.717,37.371,0.747,0,4394192,128952,168676,3270620,4903.111,1614.439,601.927,15753.736,12.955,906.876,3997,2536,2.020,1.700,0.970,4,0,9.966,0,0,17,203,0,35,0
18-06 18:19:57,34.356,5.016,60.688,0,0,4312780,299124,168680,3184124,4970.395,1462.530,52.162,172.534,4.012,9.028,3094,2505,2.020,1.700,0.970,2,0,20.062,0,0,17,207,0,35,0
18-06 18:19:58,27.325,26.072,45.375,0.251,0,4368376,242748,168684,3184892,4753.057,1714.710,882.424,701.928,13.036,50.138,6998,6738,2.020,1.700,0.980,3,0,568.562,0,0,17,207,0,35,0
18-06 18:19:59,35.380,24.666,38.370,0,0,4448432,160600,168708,3187284,13277.912,9573.491,928.846,239.188,20.929,19.932,7532,9775,2.020,1.700,0.980,10,0,469.406,0,0,17,211,0,35,0
18-06 18:20:00,64.755,17.251,17.001,0.250,0,4448672,158208,168744,3189492,4849.380,1845.145,144.011,1428.112,18.001,54.004,6036,6467,2.020,1.700,0.980,3,0,209.016,0,0,17,214,0,32,0
18-06 18:20:01,73.090,14.518,11.514,0.501,0,4625268,146108,168752,3030128,6855.426,3428.214,1758.161,3452.243,52.064,248.305,5214,4669,2.020,1.700,0.980,3,0,23.028,0,0,17,225,0,32,0
18-06 18:20:02,58.854,11.020,24.544,4.258,0,4644816,149876,168820,3007656,13855.572,9717.233,6243.072,2159.830,487.865,157.279,7038,9016,2.020,1.700,0.980,2,0,45.080,0,0,17,226,0,36,0
18-06 18:20:03,37.704,25.219,35.956,0.250,0,4641448,164652,168824,2996472,6269.316,2493.943,3.995,651.202,0.999,38.952,7706,7751,2.010,1.710,0.980,3,0,545.332,0,0,17,227,0,37,0
18-06 18:20:04,40.498,19.999,38.498,0,0.250,4688324,123004,168832,2991760,12343.482,9406.605,11.999,9075.619,3.000,37.998,7517,9938,2.010,1.710,0.980,4,0,287.988,0,0,17,228,0,22,0
18-06 18:20:05,51.026,27.264,20.510,0.500,0,4693120,150592,168836,2960512,9548.874,4698.398,244.125,1948.995,13.007,122.062,7639,8395,2.010,1.710,0.980,6,0,539.275,0,0,17,227,0,23,0
18-06 18:20:06,61.909,20.969,15.977,0.250,0,4793544,143772,168856,2868540,9180.567,4069.046,1150.317,726.936,55.918,29.956,6440,9689,2.010,1.710,0.980,6,0,296.566,0,0,17,230,0,26,0
18-06 18:20:07,51.632,27.320,20.302,0.251,0,4781824,221616,168856,2803840,16360.780,10135.883,184.471,882.253,5.013,56.143,8452,9876,2.010,1.710,0.980,4,0,542.385,0,0,17,231,0,27,0
18-06 18:20:08,63.412,19.723,16.477,0,0,4876508,123700,168868,2807108,6291.315,1617.767,527.272,926.721,28.960,59.917,8574,14344,2.090,1.730,0.990,5,0,278.615,0,0,17,241,0,28,0
18-06 18:20:09,59.647,15.723,24.208,0.250,0,5054104,110832,168872,2646468,12103.042,9714.179,247.571,319.447,16.971,15.972,4835,4400,2.090,1.730,0.990,2,0,105.817,0,0,17,242,0,28,0
18-06 18:20:10,54.399,11.532,32.339,0.752,0,5016244,209128,168884,2587584,15703.122,11570.775,1776.879,1058.908,83.229,49.135,10110,20741,2.090,1.730,0.990,3,1,12.033,0,0,17,245,0,32,0
18-06 18:20:11,60.451,10.946,26.618,0.498,0,5130148,119636,168884,2564108,7257.109,4599.254,1206.035,788.102,30.847,71.646,5427,6511,2.090,1.730,0.990,3,0,15.921,0,0,17,252,0,34,0
18-06 18:20:12,42.421,23.344,33.385,0.251,0,5078496,196116,169016,2539732,14680.318,11789.638,4204.991,1766.136,70.284,90.365,7989,8713,2.090,1.730,0.990,3,0,488.976,0,0,17,251,0,33,0
18-06 18:20:13,54.061,25.028,20.523,0.250,0,5075756,198628,169016,2540100,4024.555,1621.835,1125.273,5101.774,12.014,51.058,7387,8702,2.170,1.750,1,3,0,409.463,0,0,17,251,0,33,0
18-06 18:20:14,65.384,20.137,13.425,0,0,5165068,134536,169020,2515976,15319.316,12350.919,536.996,751.795,7.956,20.883,6828,7018,2.170,1.750,1,5,0,236.676,0,0,18,254,0,35,0
18-06 18:20:15,83.290,14.300,1.254,1.003,0,5224672,128212,169036,2465100,4575.933,1625.660,3235.265,429.495,146.510,28.098,5567,3709,2.170,1.750,1,5,0,21.073,0,0,18,258,0,35,0
18-06 18:20:16,80.570,11.760,7.256,0.250,0,5304484,125988,169060,2390056,12050.432,9385.125,1505.303,2742.374,66.057,252.218,7858,11184,2.170,1.750,1,6,0,20.017,0,0,18,260,1,34,0
18-06 18:20:17,41.280,14.175,42.026,0.249,0,5277888,152184,169064,2390460,12561.170,5856.839,815.660,16571.831,9.947,1292.125,6375,6909,2.170,1.750,1,2,0,217.841,0,0,18,266,0,35,0
18-06 18:20:18,40.092,9.021,50.616,0.501,0,5337900,142132,169064,2342108,24454.860,10499.984,513.172,593.355,4.009,45.103,3801,2798,2.070,1.740,1,2,0,9.021,0,0,18,270,0,35,1
18-06 18:20:19,40.385,18.060,39.632,0.502,0,5254004,222384,169068,2346776,17087909.348,276909.751,3070.231,9315.041,33.110,75.251,22890,15093,2.070,1.740,1,3,0,271.906,0,0,18,270,0,36,0
18-06 18:20:20,56.497,10.702,31.857,0,0,5381952,134932,169068,2307856,4593.397,1128.936,509.714,525.642,3.982,34.844,3903,2304,2.070,1.740,1,2,0,3.982,0,0,18,271,0,34,0
18-06 18:20:21,30.402,3.518,64.825,0.503,0,5389560,127148,169068,2308036,25612.453,21612.392,16.081,1210.069,1.005,74.373,3987,4071,2.070,1.740,1,3,0,2.010,0,0,18,279,0,36,0
18-06 18:20:22,34.803,5.220,57.424,0.249,0,5380856,135200,169068,2308688,180385.522,7614495.608,477.292,676.164,25.853,61.650,5654,5790,2.070,1.740,1,1,0,8.949,0,0,18,280,0,37,0
18-06 18:20:23,24.069,3.009,71.956,0,0,5393340,122696,169068,2308708,8252781.162,8870202.929,0,457.308,0,28.080,11528,4771,1.990,1.720,1,2,0,0,0,0,18,286,0,37,0
18-06 18:20:24,37.085,9.271,52.119,0.501,0,5272756,249036,169080,2303672,9094579.665,187129.945,112.256,19320.080,7.016,126.288,17538,15077,1.990,1.720,1,1,0,73.167,0,0,18,282,0,38,0
18-06 18:20:25,19.907,2.737,76.144,0.498,0,5323896,197892,169080,2303676,6794.256,3878.877,0,3189.100,0,187.126,2155,2343,1.990,1.720,1,1,0,0,0,0,18,283,0,38,0
18-06 18:20:26,16.553,3.511,78.752,0.251,0,5264844,256924,169080,2303696,13165.139,10097.320,0,613.965,0,52.167,2825,2904,1.990,1.720,1,2,0,32.103,0,0,18,282,0,39,0
18-06 18:20:27,12.974,15.219,69.610,0.499,0,5272256,249424,169080,2303784,4539.886,1550.886,31.936,323.351,2.994,20.958,5342,4787,1.990,1.720,1,1,0,403.191,0,0,18,282,0,39,0
18-06 18:20:28,22.820,4.012,71.972,0,0,5321636,200044,169080,2303784,4574.094,1625.007,0,308.952,0,25.077,2396,1978,1.910,1.710,1,2,0,20.062,0,0,18,282,0,39,0
18-06 18:20:29,8.742,19.481,70.682,0.250,0,5329552,192080,169080,2303832,4183.947,1564.485,3.996,1082.951,0.999,62.939,6005,4880,1.910,1.710,1,1,0,362.649,0,0,18,282,0,37,0
18-06 18:20:30,8.722,12.959,76.755,0,0,5321332,200232,169080,2303900,4517.563,1507.183,27.911,378.789,1.994,36.882,4813,4308,1.910,1.710,1,0,0,287.083,0,0,18,286,0,37,0
18-06 18:20:31,8.252,3.251,87.019,0.250,0,5329444,192120,169080,2303900,4320.928,1620.348,0,224.048,0,25.005,1731,2012,1.910,1.710,1,1,0,9.002,0,0,18,286,0,37,0
18-06 18:20:32,20.002,2.250,77.257,0,0,5386516,135044,169080,2303908,6931.613,7201.636,0,1848.163,0,198.017,1992,1694,1.910,1.710,1,0,0,1.000,0,0,18,287,0,37,0
18-06 18:20:33,16.812,7.779,73.772,0,0,5346196,175144,169080,2304128,11057.756,4937.197,64.237,0,4.015,0,3521,2817,1.830,1.700,1,1,0,114.422,0,0,18,290,0,37,0
18-06 18:20:34,13.465,16.457,68.323,0.249,0,5318824,202044,169088,2304528,4608.047,1615.809,23.938,390.986,2.992,35.907,5447,4437,1.830,1.700,1,1,0,216.439,0,0,18,294,0,37,0
18-06 18:20:35,12.040,17.057,70.235,0,0,5288160,232592,169088,2304628,4575.311,1695.674,0,148.497,0,10.034,5229,3929,1.830,1.700,1,1,0,224.752,0,0,18,294,0,37,0
18-06 18:20:36,21.663,4.980,72.459,0.249,0,5339228,181508,169088,2304644,4633.394,1505.952,3.984,235.056,0.996,19.920,2544,2116,1.830,1.700,1,2,0,48.804,0,0,18,294,0,37,0
18-06 18:20:37,22.969,3.995,71.902,0,0,5398616,140448,169088,2286384,4736.529,1605.806,291.602,75.896,5.992,6.990,2130,1622,1.830,1.700,1,1,0,1.997,0,0,18,294,0,36,0
18-06 18:20:38,24.766,2.752,71.547,0.250,0,5349568,189256,169088,2286624,4609.052,1609.065,112.074,320.212,7.005,40.027,2901,2882,1.770,1.690,1,2,0,7.005,0,0,18,294,0,36,0
18-06 18:20:39,23.005,3.251,72.265,0,0,5408472,130312,169088,2286664,4666.993,1566.333,24.005,260.055,4.001,15.003,2104,1735,1.770,1.690,1,1,0,0,0,0,18,294,0,36,0
18-06 18:20:40,18.505,5.251,75.518,0,0,5430928,131016,169088,2263792,7130.737,3940.960,0,172.042,0,16.004,2209,1997,1.770,1.690,1,2,0,3.001,0,0,18,297,0,36,0
18-06 18:20:41,16.511,1.251,80.802,0.250,0,5425644,136504,169088,2263648,20848.309,18054.525,0,316.202,0,24.015,2313,2116,1.770,1.690,1,1,0,1.001,0,0,18,294,0,36,0
18-06 18:20:42,21.999,5.250,72.247,0,0,5342136,220012,169088,2263648,4322.838,1565.941,0,3903.853,0,516.981,2299,1781,1.770,1.690,1,2,0,15.999,0,0,18,294,0,36,0
18-06 18:20:43,24.248,2.250,71.994,0,0,5278000,284140,169088,2263656,4485.635,1565.873,0,919.925,0,20.998,1974,1459,1.790,1.690,1.010,3,0,0,0,0,18,294,0,36,0
18-06 18:20:44,9.027,19.808,69.956,0.251,0,5286244,275572,169096,2263972,4318.722,1570.627,441.300,385.135,9.027,16.047,6185,5229,1.790,1.690,1.010,1,0,430.267,0,0,18,294,0,36,0
18-06 18:20:45,23.182,10.220,65.308,0.249,0,5308800,252788,169120,2264160,4293.365,1561.405,171.495,697.946,8.974,47.859,4640,13493,1.790,1.690,1.010,2,0,206.393,0,0,18,294,0,36,0
18-06 18:20:46,18.802,4.513,75.460,0.501,0,5322196,233728,169636,2269196,10883.229,4465.403,0,1203.342,0,36.100,2355,2232,1.790,1.690,1.010,1,0,17.047,0,0,18,294,0,36,1
18-06 18:20:47,24.172,4.486,69.028,0,0,5321992,232512,169664,2270560,5547.161,1668.634,0,546.243,0,13.955,10422,19089,1.790,1.690,1.010,2,0,8.971,0,0,18,294,0,36,0
18-06 18:20:48,18.993,3.999,75.723,0,0,5323128,230032,169748,2271804,12006.776,4571.392,35.987,567.800,6.998,18.993,2379,2204,1.720,1.680,1.010,1,0,7.997,0,0,18,295,0,36,0
18-06 18:20:49,21.264,6.504,70.045,0.250,0.250,5323464,229556,169796,2271896,4909.133,1567.000,0,596.381,0,16.010,10817,19332,1.720,1.680,1.010,2,0,19.012,0,0,18,295,0,36,0
18-06 18:20:50,15.268,11.764,71.586,0.250,0,5268348,290656,169880,2265876,4533.459,1742.098,0,945.138,0,32.039,4108,3393,1.720,1.680,1.010,1,0,214.258,0,0,18,294,0,36,0
18-06 18:20:51,21.472,5.742,71.406,0.250,0,5318416,240580,169880,2265884,4673.839,1617.868,0,103.863,0,11.984,2436,1946,1.720,1.680,1.010,1,0,54.928,0,0,18,294,0,36,0
18-06 18:20:52,18.756,2.251,78.525,0,0,5335684,223120,169880,2266076,12913.159,10234.296,0,15961.141,0,18.006,2116,1813,1.720,1.680,1.010,1,0,1.000,0,0,18,298,0,37,0
18-06 18:20:53,19.032,9.015,70.869,0,0,5336452,222180,169880,2266248,6022.084,3311.545,28.047,0,2.003,0,3568,2815,1.660,1.670,1.010,3,0,118.198,0,0,18,294,0,39,0
18-06 18:20:54,19.699,3.491,75.307,0,0,5378784,179812,169880,2266284,10165.900,7260.360,31.918,163.580,0.997,10.972,2257,2015,1.660,1.670,1.010,2,0,5.985,0,0,18,295,0,39,0
18-06 18:20:55,20.518,5.755,72.812,0,0,5349064,209516,169880,2266300,7933.768,4534.869,0,348.297,0,25.021,2772,2293,1.660,1.670,1.010,1,0,70.060,0,0,18,294,0,40,0
18-06 18:20:56,19.485,2.998,76.441,0.250,0,5387420,171148,169880,2266312,10857.639,7327.357,0,107.917,0,9.992,2074,1681,1.660,1.670,1.010,1,0,0,0,0,18,295,0,40,0
18-06 18:20:57,24.005,6.501,69.266,0,0,5306660,251888,169880,2266332,12742.865,8947.012,0,772.174,0,22.005,3324,3022,1.660,1.670,1.010,1,0,59.013,0,0,18,298,0,41,0
18-06 18:20:58,21.742,2.999,73.223,0,0,5357896,200624,169880,2266360,10688.097,7114.402,0,107.961,0,11.996,2616,2551,1.530,1.640,1,1,0,1.999,0,0,18,299,0,41,0
18-06 18:20:59,21.810,4.513,72.952,0.251,0,5360076,198408,169880,2266396,9247.651,5765.994,12.033,228.634,1.003,20.056,2866,2572,1.530,1.640,1,1,0,33.092,0,0,18,298,0,44,0
18-06 18:21:00,18.714,3.244,76.853,0,0,5414016,144464,169880,2266400,7317.962,3943.436,0,187.640,0,19.962,2121,1934,1.530,1.640,1,3,0,0,0,0,18,299,0,44,0
18-06 18:21:01,17.298,3.008,78.468,0.251,0,5380072,178404,169880,2266404,13212.742,10086.047,0,429.193,0,49.137,2968,3204,1.530,1.640,1,2,0,22.061,0,0,18,298,0,44,0
18-06 18:21:02,21.936,4.736,72.291,0,0,5421364,137092,169880,2266424,4894.817,1507.631,0,881.446,0,90.737,2253,1819,1.530,1.640,1,1,0,25.925,0,0,18,298,0,44,0
18-06 18:21:03,18.236,2.498,78.189,0.250,0,5369440,206420,169880,2249276,15599.872,11819.811,0,2302.210,0,370.712,2206,1875,1.490,1.630,1,4,0,0,0,0,18,298,0,47,0
18-06 18:21:04,20.984,5.746,71.946,0,0,5406188,169628,169880,2249320,5381.983,1564.832,31.976,475.645,0.999,30.977,2572,2213,1.490,1.630,1,1,0,31.976,0,0,18,298,0,47,0
18-06 18:21:05,15.514,1.752,81.324,0.250,0,5410100,165704,169880,2249332,15194.919,11455.493,0,204.187,0,20.018,2059,1935,1.490,1.630,1,3,0,0,0,0,18,299,0,41,0
18-06 18:21:06,10.531,10.531,76.974,0.752,0,5370972,204056,170220,2249768,9296.084,3741.902,617.800,260.760,124.362,26.076,4121,3766,1.490,1.630,1,1,0,180.526,0,0,18,300,0,42,0
18-06 18:21:07,1.746,0.499,95.274,0.998,0,5357200,217328,170428,2250060,11861.907,3727.173,502.809,247.414,125.702,12.969,1230,1658,1.490,1.630,1,1,0,0,0,0,18,300,0,42,0
18-06 18:21:08,6.248,7.747,84.470,0,0,5323172,251280,170452,2250112,20271.884,5091.213,0,675.763,0,42.985,3391,3285,1.370,1.600,0.990,0,0,124.956,0,0,18,300,0,43,0
18-06 18:21:09,1.000,0.500,97.248,0,0,5319924,254528,170452,2250112,4891.917,1511.974,0,303.995,0,22.000,1053,1510,1.370,1.600,0.990,0,0,0,0,0,18,300,0,38,0
18-06 18:21:10,10.009,13.011,75.065,0.751,0,5300272,273492,170452,2250800,5694.924,2069.790,620.537,224.194,57.049,19.016,4350,3506,1.370,1.600,0.990,1,0,211.183,0,0,18,298,0,39,0
18-06 18:21:11,23.032,4.006,71.849,0.250,0,5302944,260464,170468,2261072,4311.925,1568.155,384.528,925.271,50.069,18.025,2330,1913,1.370,1.600,0.990,2,0,3.004,0,0,18,298,0,39,0
18-06 18:21:12,15.887,2.234,79.930,0.248,0,5303912,254728,170616,2265564,15577.961,6020.089,15.887,969.092,3.972,15.887,2011,1691,1.370,1.600,0.990,1,0,17.873,0,0,18,298,0,39,0
18-06 18:21:13,14.387,13.125,71.428,1.010,0,5251652,303664,170764,2268708,4165.562,1581.016,1461.884,3275.105,24.230,107.016,5127,4812,1.340,1.590,1,1,0,272.589,0,0,18,298,0,39,0
18-06 18:21:14,21.685,5.982,71.036,0,0,5319560,235628,170764,2268836,3888.275,1615.130,111.663,139.579,6.979,8.973,2555,2261,1.340,1.590,1,1,0,32.901,0,0,18,298,0,32,0
18-06 18:21:15,18.482,2.248,76.675,0.749,0,5331532,223504,170768,2268984,27829.797,24797.761,0,2425.629,0,133.869,2426,2558,1.340,1.590,1,1,0,0,0,0,18,298,0,35,0
18-06 18:21:16,23.072,5.768,70.720,0.251,0,5319828,235180,170772,2269008,5222.271,1570.894,0,208.650,0,24.075,2755,2490,1.340,1.590,1,2,0,47.147,0,0,18,298,0,35,0
18-06 18:21:17,17.924,2.489,77.672,0.249,0,5329192,225604,170772,2269220,12981.244,9266.912,254.925,155.345,14.937,11.950,2150,1867,1.340,1.590,1,1,0,0,0,0,18,299,0,36,0
18-06 18:21:18,23.017,5.004,71.803,0,0,5297260,257300,170772,2269456,6410.711,2898.130,176.129,416.306,11.008,24.018,2502,2189,1.310,1.580,1,1,0,14.010,0,0,18,298,0,33,0
18-06 18:21:19,18.998,1.750,77.493,0.250,0,5326980,227576,170772,2269460,10551.061,7838.303,0,1443.872,0,267.976,2010,1580,1.310,1.580,1,0,0,0,0,0,18,299,0,33,0
18-06 18:21:20,22.760,5.252,69.032,1.501,0,5292916,259108,170772,2271992,7402.406,3138.444,2417.112,1224.563,102.047,166.076,5082,7202,1.310,1.580,1,3,0,6.003,0,0,18,298,0,34,0
18-06 18:21:21,21.745,3.249,73.984,0,0,5356988,195024,170772,2272004,6093.653,3531.219,0,427.905,0,23.995,2099,1706,1.310,1.580,1,0,0,0,0,0,18,299,0,34,0
18-06 18:21:22,17.549,2.758,78.467,0.251,0,5354656,197188,170772,2272172,12925.816,9278.710,112.311,730.023,5.014,70.194,3367,4299,1.310,1.580,1,1,0,1.003,0,0,18,299,0,31,0
18-06 18:21:23,16.512,13.760,67.798,1.001,0,5311280,240392,170772,2272344,5313.755,2848.013,0,5848.133,0,280.198,6508,7697,1.210,1.560,0.990,1,0,342.242,0,0,18,298,0,32,0
18-06 18:21:24,7.751,23.003,67.260,0,0,5308116,243524,170772,2272376,4380.625,1620.231,0,408.058,0,31.004,6874,6017,1.210,1.560,0.990,1,0,615.088,0,0,18,298,0,32,0
18-06 18:21:25,8.489,22.971,67.913,0,0,5309660,241948,170772,2272408,4060.794,1563.995,0,243.688,0,21.972,6870,5926,1.210,1.560,0.990,1,0,629.193,0,0,18,298,0,32,0
18-06 18:21:26,8.994,22.486,66.708,0,0,5309596,241972,170772,2272448,4185.334,1565.003,0,627.600,0,47.969,7141,6377,1.210,1.560,0.990,2,0,644.589,0,0,18,298,0,27,0
18-06 18:21:27,8.017,22.297,68.393,0.251,0,5308796,242736,170772,2272484,4332.083,1569.290,0,224.471,0,24.050,7113,6304,1.210,1.560,0.990,1,0,662.389,0,0,18,298,0,27,0
18-06 18:21:28,8.495,22.986,66.960,0,0,5311152,240344,170772,2272520,4483.351,1565.075,0,191.887,0,22.986,6968,6243,1.190,1.550,0.990,2,0,611.639,0,0,18,298,0,27,0
18-06 18:21:29,12.210,15.699,70.521,0,0,5320900,259476,170772,2244536,4531.299,1560.936,15.948,342.888,0.997,19.935,5145,4337,1.190,1.550,0.990,1,0,364.816,0,0,18,298,0,27,0
18-06 18:21:30,20.484,6.495,71.944,0.500,0,5342720,315008,170888,2177724,4602.407,1564.778,3.997,4020.861,0.999,256.799,2546,2232,1.190,1.550,0.990,1,0,3.997,0,0,18,298,0,26,0
18-06 18:21:31,16.742,2.749,79.214,0.250,0,5344904,310640,170936,2179856,10268.337,4308.044,19.991,1507.316,3.998,25.988,2155,2038,1.190,1.550,0.990,0,0,15.993,0,0,18,299,0,26,0
18-06 18:21:32,11.750,1.250,83.999,0.750,0,5352252,302228,170980,2180872,20344.834,11288.908,815.993,1691.986,51.000,68.999,1834,1931,1.190,1.550,0.990,2,0,1.000,0,0,18,299,0,26,0
18-06 18:21:33,9.512,1.752,86.607,1.001,0,5347312,306412,171032,2181644,21212.209,12109.963,400.495,5711.056,48.059,230.285,1751,1909,1.330,1.570,1,1,0,0,0,0,18,299,0,26,0
18-06 18:21:34,15.967,1.497,81.080,0.998,0,5373112,279232,171032,2183020,21253.480,11561.782,1301.274,1448.965,59.875,49.895,1899,1714,1.330,1.570,1,1,0,0,0,0,18,299,0,25,0
18-06 18:21:35,16.040,1.504,80.201,1.003,0,5375024,275828,171040,2184500,21353.427,12370.952,994.488,1640.104,46.115,56.140,1939,1755,1.330,1.570,1,1,0,0,0,0,18,299,0,25,0
18-06 18:21:36,18.976,3.246,75.656,1.248,0,5369920,246704,171060,2218700,10982.388,5497.187,12396.635,862.930,131.837,30.962,2111,1791,1.330,1.570,1,1,0,0.999,0,0,18,299,0,25,0
18-06 18:21:37,23.252,2.750,72.506,0.750,0,5374776,229488,171060,2230808,5149.391,1554.118,0,1172.089,0,56.004,2308,2044,1.330,1.570,1,1,0,0,0,0,18,299,0,25,0
18-06 18:21:38,24.500,3.250,71.249,0.250,0,5363168,225728,171176,2245860,5085.922,1565.976,0,1779.973,0,42.999,2574,2463,1.310,1.560,1,2,0,0,0,0,18,299,0,25,0
18-06 18:21:39,22.249,2.750,72.247,1.250,0,5370224,196376,171348,2267568,5205.755,1565.926,0,2959.861,0,137.993,2537,2476,1.310,1.560,1,1,0,0,0,0,18,299,0,25,0
18-06 18:21:40,23.597,3.012,72.048,0.502,0,5368740,181380,171812,2283268,4926.345,1572.494,0,3020.474,0,214.887,2542,2289,1.310,1.560,1,1,0,2.008,0,0,18,299,0,25,0
18-06 18:21:41,22.987,2.998,71.709,0.999,0,5364996,161244,172596,2306144,4739.292,1619.075,0,2526.556,0,95.945,2458,2403,1.310,1.560,1,1,0,0,0,0,18,299,0,25,0
18-06 18:21:42,21.993,4.998,72.227,0,0,5373192,170212,172636,2288828,5097.398,1793.436,15.995,243.923,1.000,7.997,2315,1745,1.310,1.560,1,2,0,28.991,0,0,18,298,0,23,0
18-06 18:21:43,17.204,3.491,77.792,0.249,0,5394436,142636,172780,2294964,11250.909,4656.546,0,16376.201,0,130.651,2219,2168,1.280,1.550,1,1,0,8.976,0,0,18,298,0,23,0
18-06 18:21:44,22.250,6.500,69.000,0.250,0,5370340,181824,172820,2280004,5039.980,1661.994,0,979.996,0,4.000,10597,19155,1.280,1.550,1,1,0,14.000,0,0,18,298,0,23,0
18-06 18:21:45,26.623,11.805,61.284,0.251,0,5363760,188144,172840,2280224,4627.462,1573.297,0,1707.921,0,28.130,10329,22872,1.280,1.550,1,2,0,56.261,0,0,18,298,0,24,0
18-06 18:21:46,22.405,4.730,71.945,0.249,0,5294096,265232,172840,2272836,4453.113,1505.614,0,573.567,0,29.873,2421,2190,1.280,1.550,1,2,0,9.958,0,0,18,298,0,23,0
18-06 18:21:47,23.344,4.769,69.780,0,0,5322092,237224,172840,2272848,5800.291,1668.701,0,734.951,0,15.060,10055,18379,1.280,1.550,1,2,0,48.194,0,0,18,298,0,23,0
18-06 18:21:48,17.917,3.733,76.397,0.249,0,5359316,198944,172840,2273904,11330.637,4378.764,0,350.381,0,23.890,2363,2160,1.340,1.560,1.010,1,0,32.848,0,0,18,299,0,23,0
18-06 18:21:49,23.514,4.252,70.541,0,0,5354328,198500,172856,2279260,5024.954,1795.055,0,1356.798,0,30.018,6857,11563,1.340,1.560,1.010,2,0,8.005,0,0,18,298,0,23,0
18-06 18:21:50,23.095,6.778,68.531,0.251,0,5365600,186188,172884,2280256,4444.234,1572.452,0,445.829,0,14.058,13687,26374,1.340,1.560,1.010,2,0,14.058,0,0,18,298,0,23,0
18-06 18:21:51,19.470,6.740,73.137,0.250,0,5322268,236884,172944,2272860,4524.993,1509.662,0,1210.126,0,152.763,2358,1918,1.340,1.560,1.010,1,0,14.977,0,0,18,298,0,23,0
18-06 18:21:52,23.381,3.482,72.133,0,0,5343732,215396,172948,2272884,5210.523,1653.597,0,366.139,0,4.975,2251,1743,1.340,1.560,1.010,5,0,21.889,0,0,18,298,0,23,0
18-06 18:21:53,26.654,8.047,64.121,0,0,5333984,217660,172948,2280368,4872.202,1508.733,16.093,341.980,1.006,23.134,3749,3306,1.390,1.570,1.010,2,0,102.594,0,0,18,298,0,23,0
18-06 18:21:54,35.953,8.489,55.178,0,0,5365824,182284,172964,2283792,9163.001,2888.218,766.996,870.860,5.992,2.996,3261,2074,1.390,1.570,1.010,2,0,29.961,0,0,18,299,0,23,0
18-06 18:21:55,16.704,1.995,78.783,0.499,0,5367856,179940,172980,2284092,17820.999,8163.553,255.298,3821.492,1.995,177.512,2249,2324,1.390,1.570,1.010,0,1,0.997,0,0,18,299,0,20,0
18-06 18:21:56,11.757,2.001,85.048,0.500,0.250,5380364,167024,173096,2284364,18967.731,11429.466,0,1224.693,0,43.024,1648,1764,1.390,1.570,1.010,0,0,0,0,0,18,299,0,20,0
18-06 18:21:57,8.002,1.000,88.770,0.500,0,5377428,169612,173132,2284668,150918.386,14073.113,0,1356.300,0,51.011,1641,1700,1.390,1.570,1.010,0,0,0,0,0,18,300,0,20,0
18-06 18:21:58,17.501,2.000,79.006,0.750,0,5394768,151976,173176,2284908,27925.985,11091.788,0,1624.115,0,82.006,2347,2493,1.360,1.560,1.010,1,0,0,0,0,18,300,0,20,0
18-06 18:21:59,16.992,1.999,79.712,0.500,0,5395844,150440,173300,2285240,21193.821,12376.056,0,1411.322,0,45.978,1966,1745,1.360,1.560,1.010,1,0,1.000,0,0,18,300,0,18,0
18-06 18:22:00,10.754,1.751,85.280,0.500,0,5390628,155016,173464,2285692,349402.621,18044.281,0,1912.666,0,94.033,2642,2990,1.360,1.560,1.010,0,0,3.001,0,0,18,300,0,18,0
18-06 18:22:01,12.000,2.250,83.002,1.000,0,5386076,159136,173504,2286072,110280.501,20448.464,28.001,4076.092,4.000,368.008,2746,3174,1.360,1.560,1.010,0,0,2.000,0,0,18,300,0,20,0
18-06 18:22:02,10.003,1.500,86.774,0.500,0,5376916,158916,173520,2295400,552908.943,20271.681,104.029,932.261,6.002,38.011,2207,2108,1.360,1.560,1.010,0,0,2.001,0,0,18,300,0,20,0
18-06 18:22:03,4.250,2.000,89.741,1.000,0,5373756,150616,173528,2306816,5692402.987,66945.520,0,6843.338,0,57.994,4752,3850,1.250,1.530,1.010,0,0,3.000,0,0,18,300,0,16,0
18-06 18:22:04,4.749,3.999,87.981,0,0,5369660,133680,173532,2327920,10789008.352,101122.437,0,29169.780,0,320.932,6105,4122,1.250,1.530,1.010,2,0,1.000,0,0,18,300,0,16,0
18-06 18:22:05,17.505,2.751,77.771,0.750,0,5363160,137504,173752,2330692,1587716.389,20112.490,164.045,4129.127,4.001,106.029,2829,2362,1.250,1.530,1.010,2,0,1.000,0,0,18,300,0,16,0
18-06 18:22:06,22.238,3.748,72.212,0.999,0,5348664,133552,177016,2345460,6716.495,1619.155,0,4261.776,0,96.949,2485,2238,1.250,1.530,1.010,1,0,0,0,0,18,300,0,16,0
18-06 18:22:07,24.010,3.001,71.529,0.250,0,5353520,137708,177500,2336232,7732.170,1512.620,0,1368.561,0,37.015,2373,1987,1.250,1.530,1.010,3,0,0,0,0,18,300,0,12,0
18-06 18:22:08,23.501,4.000,71.002,0.750,0,5363512,132408,178276,2330672,5866.154,1566.041,0,2344.061,0,105.003,2751,2739,1.230,1.520,1,1,0,0,0,0,18,300,0,12,0
18-06 18:22:09,21.741,5.997,70.470,0.750,0,5363112,146468,179256,2316872,4262.185,1403.403,0,48371.407,0,297.873,2681,2414,1.230,1.520,1,2,0,0,0,0,18,300,0,12,0
18-06 18:22:10,24.009,2.001,72.276,0.250,0,5365768,129092,179780,2330776,3779.346,1228.437,0,1436.511,0,50.018,2266,1951,1.230,1.520,1,1,0,0,0,0,18,300,0,12,0
18-06 18:22:11,24.005,6.001,68.763,0.500,0,5367516,133504,181160,2323448,3840.744,1620.314,0,162579.508,0,1531.297,3722,5070,1.230,1.520,1,1,0,0,0,0,18,300,0,10,0
18-06 18:22:12,23.292,3.005,71.881,0.501,0,5368256,123052,182288,2332036,4016.317,1514.759,0,2564.672,0,91.166,2483,2299,1.230,1.520,1,1,0,1.002,0,0,18,300,0,10,0
18-06 18:22:13,22.469,3.745,72.149,0.499,0,5313424,216656,182620,2292684,4264.041,1911.329,0,1386.063,0,62.912,2574,2345,1.210,1.510,1,1,0,18.973,0,0,18,298,0,10,0
18-06 18:22:14,18.988,3.248,76.953,0,0,5341196,183452,182712,2297724,11101.156,4732.083,0,1854.856,0,21.986,2024,1647,1.210,1.510,1,1,0,17.989,0,0,18,298,0,10,0
18-06 18:22:15,23.722,5.244,68.669,0,0,5355748,166888,182744,2299588,4452.761,1456.286,0,543.361,0,22.973,10405,18983,1.210,1.510,1,2,0,6.992,0,0,18,298,0,10,0
18-06 18:22:16,22.041,6.763,69.630,0.751,0,5359888,162100,182780,2300088,4808.948,1623.020,0,72258.452,0,907.689,6223,9873,1.210,1.510,1,2,0,12.022,0,0,18,298,0,10,0
18-06 18:22:17,20.238,6.996,71.206,0,0,5366576,155296,182816,2300180,5085.882,1511.074,0,2478.481,0,21.987,7498,12553,1.210,1.510,1,1,0,14.991,0,0,18,298,0,10,0
18-06 18:22:18,22.504,5.751,70.763,0,0.250,5330964,198596,182816,2292860,4966.902,1608.292,64.012,736.134,2.000,29.005,2501,2129,1.280,1.520,1.010,1,0,6.001,0,0,18,298,0,10,0
18-06 18:22:19,22.574,4.264,72.489,0.251,0,5348996,177420,182816,2295972,5297.480,1667.502,638.106,610.013,13.043,12.040,2558,2314,1.280,1.520,1.010,3,0,0,0,0,18,299,0,7,0
18-06 18:22:20,25.713,4.993,65.904,1.997,0,5341372,183824,182816,2297192,4765.069,1509.804,846.768,3674.655,50.926,296.569,7765,11660,1.280,1.520,1.010,2,1,0,0,0,18,301,0,10,0
18-06 18:22:21,13.764,16.267,68.071,0.250,0,5268332,256564,182816,2297492,4791.026,1567.644,128.134,2050.151,1.001,133.140,6432,6551,1.280,1.520,1.010,1,0,376.395,0,0,18,300,0,10,0
18-06 18:22:22,11.465,7.975,71.529,7.228,0,5249648,265588,182828,2307140,5226.878,2166.318,9614.344,3038.627,1563.178,333.970,4661,5797,1.280,1.520,1.010,1,0,80.751,0,0,18,301,0,12,0
18-06 18:22:23,2.250,1.250,94.985,0.750,0,5252020,263216,182828,2307140,8028.770,2689.588,0,3227.506,0,161.975,1486,2286,1.170,1.500,1,0,0,0,0,0,18,301,0,10,0
18-06 18:22:24,2.500,1.000,95.011,0,0,5237220,277816,182828,2307340,90497.807,4611.551,92.011,0,1.000,0,1181,1497,1.170,1.500,1,1,0,2.000,0,0,18,301,0,10,0
18-06 18:22:25,3.999,4.249,91.485,0,0,5215552,298352,182828,2308476,746644.419,18606.895,155.974,923.846,6.999,19.997,2336,2245,1.170,1.500,1,0,0,32.994,0,0,18,300,0,10,0
18-06 18:22:26,1.250,0.500,97.252,0,0,5215132,298768,182828,2308480,4560.080,1620.028,0,4.000,0,1.000,989,1441,1.170,1.500,1,0,0,0,0,0,18,300,0,10,0
18-06 18:22:27,1.000,0.250,97.500,0,0,5214988,298912,182828,2308480,4548.995,1511.998,0,0,0,0,821,1225,1.170,1.500,1,0,0,0,0,0,18,300,0,10,0
18-06 18:22:28,1.500,0.500,96.500,0,0,5214988,298912,182828,2308480,4919.979,1619.993,0,96.000,0,12.000,1141,1693,1.080,1.470,1,0,0,0,0,0,18,300,0,10,0
18-06 18:22:29,1.250,0.250,97.726,0,0,5214988,298912,182828,2308480,4124.996,1565.619,0,199.951,0,14.996,895,1234,1.080,1.470,1,0,0,0,0,0,18,300,0,10,0
18-06 18:22:30,1.754,1.253,95.949,0.501,0,5214984,298912,182828,2308484,4629.589,1665.449,0,332.689,0,46.095,1304,1908,1.080,1.470,1,0,0,0,0,0,18,300,0,10,0
18-06 18:22:31,2.253,1.251,95.108,0.751,0,5211628,302240,182828,2308512,3982.524,1459.658,16.018,1693.924,1.001,121.138,1731,2751,1.080,1.470,1,0,0,0,0,0,18,300,0,10,0
18-06 18:22:32,0.498,0.249,97.190,0,0,5211876,301988,182828,2308516,4562.469,1614.857,0,362.844,0,18.940,949,1431,1.080,1.470,1,0,0,0.997,0,0,18,300,0,10,0
18-06 18:22:33,1.501,0.750,97.791,0.250,0,5211876,301988,182828,2308516,4053.680,1512.627,0,320.133,0,16.007,923,1293,0.990,1.450,0.990,0,0,0,0,0,18,300,0,10,0
18-06 18:22:34,0.999,0.500,96.696,0.500,0,5211876,301988,182828,2308516,4363.586,1565.134,0,2014.885,0,99.945,1127,1696,0.990,1.450,0.990,2,0,0,0,0,18,300,0,10,0
18-06 18:22:35,1.000,0.500,97.526,0,0,5211872,301988,182828,2308520,4353.160,1512.403,0,0,0,0,849,1216,0.990,1.450,0.990,0,0,0,0,0,18,300,0,10,0
18-06 18:22:36,1.000,0.500,97.730,0,0,5211872,301988,182828,2308520,4185.133,1565.676,0,0,0,0,871,1248,0.990,1.450,0.990,1,0,0,0,0,18,300,0,10,0
18-06 18:22:37,0.500,0.750,97.803,0,0,5211872,301988,182828,2308520,4939.698,1620.885,0,8.004,0,2.001,895,1229,0.990,1.450,0.990,1,0,0,0,0,18,300,0,10,0
18-06 18:22:38,1.749,0.750,95.715,0,0,5211872,301988,182828,2308520,4590.342,1511.454,0,1307.528,0,248.910,1314,1901,0.910,1.420,0.990,1,0,0,0,0,18,300,0,10,0
18-06 18:22:39,0.750,0.750,97.498,0,0,5211868,301988,182828,2308524,3809.939,809.987,0,207.997,0,15.000,851,1241,0.910,1.420,0.990,0,0,0,0,0,18,300,0,10,0
18-06 18:22:40,1.500,0.750,97.263,0,0,5211736,301988,182828,2308656,4148.562,1188.161,0,76.010,0,9.001,925,1303,0.910,1.420,0.990,0,0,0,0,0,18,300,0,10,0
18-06 18:22:41,1.250,0.750,95.983,0.250,0,5211852,301736,182828,2308792,4365.213,1565.718,0,395.929,0,34.994,1236,1890,0.910,1.420,0.990,0,0,0,0,0,18,300,0,10,0
18-06 18:22:42,1.250,1.000,96.769,0,0,5212576,301012,182828,2308792,4577.905,1620.320,0,8553.691,0,69.014,1149,1524,0.910,1.420,0.990,0,0,1.000,0,0,18,300,0,10,0
18-06 18:22:43,1.500,0.250,97.237,0,0,5212576,301012,182828,2308792,3931.470,1511.796,0,267.964,0,10.999,879,1280,0.840,1.400,0.980,0,0,0,0,0,18,300,0,10,0
18-06 18:22:44,1.500,1.000,97.737,0,0,5212576,301012,182828,2308792,4439.415,1619.787,0,0,0,0,886,1213,0.840,1.400,0.980,0,0,0,0,0,18,300,0,10,0
18-06 18:22:45,9.790,12.050,76.315,0.502,0,5222468,290948,182828,2308792,4157.156,1626.713,176.729,245.011,9.037,23.095,4611,15149,0.840,1.400,0.980,1,0,407.682,0,0,18,300,0,11,0
18-06 18:22:46,7.742,20.479,69.679,0,0,5237432,275924,182828,2309024,4781.119,1564.403,0,99.898,0,11.988,6580,5875,0.840,1.400,0.980,1,0,481.508,0,0,18,300,0,11,0
18-06 18:22:47,7.259,21.527,69.587,0,0,5242128,271204,182828,2309060,5844.267,1622.017,0,38183.476,0,326.406,7321,6600,0.840,1.400,0.980,1,0,610.759,0,0,18,300,0,11,0
18-06 18:22:48,8.235,20.961,68.372,0,0,5246088,267416,182832,2309096,5210.252,1616.975,27.948,111.791,2.994,13.974,7181,6757,0.770,1.380,0.980,1,0,631.818,0,0,18,300,0,10,0
18-06 18:22:49,17.465,8.233,72.853,0.249,0,5279740,233392,182988,2309280,5216.463,2291.371,307.379,183.629,35.927,11.976,3920,3301,0.770,1.380,0.980,0,0,126.744,0,0,18,301,0,10,0
18-06 18:22:50,1.498,0.250,96.875,0,0,5275520,237520,182988,2309372,99667.454,3793.108,0,67.912,0,3.995,994,1329,0.770,1.380,0.980,0,0,0,0,0,18,301,0,10,0
18-06 18:22:51,2.250,2.751,93.769,0.250,0,5261484,250652,182988,2310276,907498.320,21952.507,32.007,184.038,1.000,19.004,2216,2301,0.770,1.380,0.980,0,0,0,0,0,18,301,0,10,0
18-06 18:22:52,1.500,1.500,94.026,0,0,5252444,258564,182988,2311404,1185420.364,25878.059,0,4789.306,0,25.007,2092,1984,0.770,1.380,0.980,1,0,1.000,0,0,18,301,0,10,0
18-06 18:22:53,8.290,2.763,88.673,0,0,5279212,231416,182988,2311784,412894.120,10514.117,0,522.491,0,18.086,1916,1847,0.790,1.370,0.980,1,0,4.019,0,0,18,301,0,10,0
18-06 18:22:54,19.665,7.468,70.446,0,0.249,5333140,176572,182988,2312700,939396.837,22342.671,764.703,1314.333,5.974,3.983,3499,2452,0.790,1.370,0.980,1,0,14.936,0,0,18,301,0,10,0
18-06 18:22:55,7.250,2.500,89.501,0,0,5338884,170544,182988,2312984,289937.787,6953.115,256.004,384.006,2.000,13.000,1692,1635,0.790,1.370,0.980,0,0,1.000,0,0,18,301,0,10,0
18-06 18:22:56,1.750,1.250,95.516,0,0,5329928,179044,182988,2313440,470555.466,9013.503,0,580.097,0,12.002,1523,1691,0.790,1.370,0.980,1,0,0,0,0,18,301,0,10,0
18-06 18:22:57,11.257,8.005,78.797,1.251,0,5332340,153932,183504,2335504,232152.862,5157.107,3970.392,21452.924,59.036,258.156,4131,4540,0.790,1.370,0.980,4,0,53.032,0,0,18,300,0,11,0
18-06 18:22:58,9.992,14.238,69.443,4.496,0,5330004,146000,184056,2343828,4915.989,1618.679,31.974,18460.936,4.996,2036.338,9534,13367,0.810,1.360,0.980,1,0,149.878,0,0,18,300,0,11,0
18-06 18:22:59,23.357,8.288,66.807,0.502,0,5316808,158172,184080,2344744,4492.672,1518.989,0,2969.664,0,329.516,3798,2949,0.810,1.360,0.980,2,0,39.180,0,0,18,300,0,11,0
18-06 18:23:00,24.094,7.452,67.065,0.745,0,5301068,172948,184144,2345532,4814.798,1555.917,0,1442.651,0,86.440,3750,3075,0.810,1.360,0.980,1,0,30.800,0,0,18,300,0,11,0
18-06 18:23:01,24.299,6.513,67.136,0.251,0,5302280,168096,184376,2348476,4795.739,1569.187,0,1851.760,0,93.189,3885,3920,0.810,1.360,0.980,1,0,24.049,0,0,18,300,0,11,0
18-06 18:23:02,24.832,5.769,68.726,0.251,0,5305560,161272,184460,2351056,4624.184,1516.981,64.211,822.702,15.049,33.109,3743,4307,0.810,1.360,0.980,3,0,20.066,0,0,18,300,0,11,0
18-06 18:23:03,17.420,11.447,69.181,1.493,0,5317352,219772,184168,2283672,4837.676,1612.559,1509.036,5622.056,85.605,110.490,4560,5076,0.820,1.360,0.980,5,0,50.766,0,0,18,301,0,13,0
18-06 18:23:04,20.107,8.797,70.122,0.251,0,5325732,208312,184176,2284092,4708.956,1411.480,269.428,2971.749,17.091,28.149,3234,2807,0.820,1.360,0.980,2,0,45.240,0,0,18,300,0,11,0
18-06 18:23:05,17.682,2.988,78.448,0,0,5310032,280844,184208,2228596,5074.467,1171.491,79.693,127.509,11.954,8.965,2146,1802,0.820,1.360,0.980,2,0,17.931,0,0,18,300,0,11,0
18-06 18:23:06,1.000,0.500,97.213,0,0,5309980,280844,184212,2228644,5683.840,1565.405,7.997,219.916,1.999,7.997,979,1364,0.820,1.360,0.980,0,0,0,0,0,18,300,0,11,0
18-06 18:23:07,1.750,0.750,96.752,0,0,5307556,283268,184212,2228644,6169.154,1512.038,0,4.000,0,1.000,981,1305,0.820,1.360,0.980,0,0,0,0,0,18,300,0,11,0
18-06 18:23:08,2.001,0.500,96.068,0.250,0,5305088,285732,184212,2228648,5824.148,1621.155,0,304.217,0,25.018,1299,1876,0.760,1.330,0.970,0,0,0,0,0,18,300,0,11,0
18-06 18:23:09,1.249,0.500,98.169,0,0,5298632,292184,184212,2228652,5035.860,1660.635,3.997,211.826,0.999,15.987,932,1356,0.760,1.330,0.970,0,0,0,0,0,18,300,0,11,0
18-06 18:23:10,1.250,0.250,96.775,0.250,0,5288852,301964,184212,2228652,5091.330,1660.434,0,44.011,0,6.002,906,1341,0.760,1.330,0.970,0,0,0,0,0,18,300,0,11,0
18-06 18:23:11,1.500,1.000,96.761,0.500,0,5281936,308820,184216,2228708,4652.534,1512.174,32.004,640.073,1.000,50.006,1294,2050,0.760,1.330,0.970,0,0,0,0,0,18,300,0,11,0
18-06 18:23:12,0.750,1.000,97.018,0,0,5276316,314440,184216,2228708,4877.894,1620.297,0,52.010,0,4.001,926,1335,0.760,1.330,0.970,0,0,1.000,0,0,18,300,0,11,0
18-06 18:23:13,1.249,0,97.935,0,0,5270932,319824,184216,2228708,4257.172,1618.925,0,35.976,0,3.997,859,1274,0.700,1.310,0.970,0,0,0,0,0,18,300,0,11,0
18-06 18:23:14,0.750,0.250,97.226,0,0,5266908,323848,184216,2228708,4498.886,1619.599,0,19.995,0,2.999,902,1284,0.700,1.310,0.970,0,0,0,0,0,18,300,0,11,0
18-06 18:23:15,1.501,0.750,97.060,0.250,0,5263548,327200,184216,2228716,4442.746,1621.002,0,304.188,0,29.018,1198,1747,0.700,1.310,0.970,0,0,0,0,0,18,300,0,11,0
18-06 18:23:16,2.000,0.750,96.230,0,0,5263548,327200,184216,2228716,4407.101,1457.703,0,83.983,0,11.998,1176,1695,0.700,1.310,0.970,0,0,0,0,0,18,300,0,11,0
18-06 18:23:17,0.502,0.753,97.909,0,0,5261236,329512,184216,2228716,4837.191,1626.791,0,3145.128,0,200.838,960,1333,0.700,1.310,0.970,0,0,0,0,0,18,300,0,11,0
18-06 18:23:18,1.495,0.498,96.909,0.249,0,5258532,332212,184216,2228720,4741.326,1452.891,0,99.650,0,12.954,1129,1706,0.640,1.290,0.960,0,0,0,0,0,18,300,0,11,0
18-06 18:23:19,0.500,0.750,97.688,0,0,5256396,334396,184216,2228720,5096.757,1618.970,0,203.870,0,15.990,957,1358,0.640,1.290,0.960,0,0,0,0,0,18,300,0,11,0
18-06 18:23:20,1.750,0.250,97.502,0,0,5254732,336060,184216,2228720,5400.113,1620.034,0,0,0,0,866,1218,0.640,1.290,0.960,0,0,0,0,0,18,300,0,11,0
18-06 18:23:21,0.500,0.750,96.531,0.250,0,5253044,337740,184216,2228728,4819.539,1458.466,0,504.161,0,39.012,1178,1768,0.640,1.290,0.960,0,0,0,0,0,18,300,0,6,0
18-06 18:23:22,1.250,0.750,97.503,0,0,5251576,339208,184216,2228728,4719.135,1242.036,0,32.001,0,4.000,897,1305,0.640,1.290,0.960,0,0,1.000,0,0,18,300,0,6,0
18-06 18:23:23,1.250,0.500,97.499,0,0,5250040,340744,184216,2228728,4349.961,1349.988,0,12.000,0,1.000,892,1269,0.590,1.270,0.960,0,0,0,0,0,18,300,0,6,0
18-06 18:23:24,1.000,0.250,97.235,0,0,5249020,341764,184216,2228728,4365.343,1565.765,0,0,0,0,890,1249,0.590,1.270,0.960,2,0,0,0,0,18,300,0,6,0
18-06 18:23:25,1.250,0.500,97.485,0,0,5248660,342120,184216,2228732,4185.358,1565.760,0,75.988,0,7.999,878,1286,0.590,1.270,0.960,0,0,0,0,0,18,300,0,4,0
18-06 18:23:26,1.500,0.500,96.764,0,0,5248656,342120,184216,2228736,4292.619,1512.218,0,64.009,0,6.001,1100,1555,0.590,1.270,0.960,0,0,0,0,0,18,300,0,4,0
18-06 18:23:27,1.250,0.500,97.224,0,0,5248656,342120,184216,2228736,4455.817,1619.570,0,0,0,0,887,1259,0.590,1.270,0.960,0,0,0,0,0,18,300,0,4,0
18-06 18:23:28,1.751,1.250,96.281,0,0,5249152,341616,184224,2228736,4433.441,1512.492,4.001,276.090,1.000,28.009,1228,1772,0.540,1.250,0.950,0,0,0,0,0,18,300,0,4,0
18-06 18:23:29,1.500,0.500,97.015,0.500,0,5249116,341648,184224,2228740,4426.670,1566.237,0,2040.309,0,99.015,1081,1614,0.540,1.250,0.950,1,0,0,0,0,18,300,0,4,0
18-06 18:23:30,1.499,0.750,96.713,0.250,0,5249112,341652,184224,2228740,4738.182,1619.379,0,1127.567,0,209.919,1174,1694,0.540,1.250,0.950,0,0,0,0,0,18,300,0,4,0
18-06 18:23:31,1.500,0.500,96.520,0,0,5249108,341652,184224,2228744,5171.086,1620.340,0,96.020,0,15.003,1213,1716,0.540,1.250,0.950,0,0,0,0,0,18,300,0,4,0
18-06 18:23:32,1.001,0.750,97.560,0,0,5248960,341800,184224,2228744,5000.052,1620.989,0,208.127,0,15.009,934,1316,0.540,1.250,0.950,0,0,1.001,0,0,18,300,0,4,0
18-06 18:23:33,1.000,1.000,97.452,0,0,5249108,341652,184224,2228744,4617.721,1689.166,0,6041.018,0,34.983,1000,1339,0.500,1.230,0.950,0,0,0,0,0,18,300,0,4,0
18-06 18:23:34,1.250,0.250,97.263,0,0,5249108,341652,184224,2228744,4906.638,1566.204,0,0,0,0,955,1315,0.500,1.230,0.950,1,0,0,0,0,18,300,0,4,0
18-06 18:23:35,5.520,2.258,91.324,0.251,0,5266236,323804,184232,2229456,4877.323,1625.774,754.680,337.198,51.182,60.214,1378,1549,0.500,1.230,0.950,1,0,5.018,0,0,18,300,0,4,0
18-06 18:23:36,12.006,3.252,81.541,2.501,0,5246804,340604,184804,2231516,13506.813,10568.331,2569.296,1020.515,512.258,15.008,3101,3799,0.500,1.230,0.950,1,0,5.003,0,0,18,300,0,6,0
18-06 18:23:37,14.184,3.235,80.622,0.498,0,5244704,342624,184808,2231592,15255.561,11867.427,79.627,330.453,4.977,28.865,2538,2602,0.500,1.230,0.950,1,0,4.977,0,0,18,300,0,8,0
18-06 18:23:38,15.015,4.004,79.580,0,0,5247112,339932,184808,2231876,14960.091,12010.115,0,50554.998,0,88.089,2964,3222,0.540,1.220,0.950,1,0,5.005,0,0,18,300,0,9,0
18-06 18:23:39,13.247,2.999,81.980,0.500,0,5251448,335428,184808,2232044,13372.747,10560.431,15.996,251.939,1.000,24.994,2433,2623,0.540,1.220,0.950,2,0,4.999,0,0,18,300,0,10,0
18-06 18:23:40,14.004,3.751,80.522,0,0,5269992,316864,184808,2232064,15188.139,11968.262,0,284.077,0,28.008,2558,2668,0.540,1.220,0.950,2,0,5.001,0,0,18,300,0,11,0
18-06 18:23:41,17.989,3.998,76.703,0.250,0,5264288,322428,184808,2232204,15657.396,12020.627,15.990,271.833,2.998,26.983,2916,2889,0.540,1.220,0.950,4,0,18.988,0,0,18,296,0,14,0
18-06 18:23:42,40.603,9.023,50.127,0,0,5007156,579608,184808,2232220,4694.935,1569.991,4.010,156.398,1.003,10.025,2937,1665,0.540,1.220,0.950,5,0,6.015,0,0,18,284,0,16,0
18-06 18:23:43,67.477,12.746,19.493,0,0,5132392,454364,184808,2232252,4050.618,1511.484,19.993,167.943,3.999,13.995,4079,1928,0.900,1.280,0.970,7,0,0,0,0,18,280,0,17,0
18-06 18:23:44,86.193,13.241,0.250,0,0,5135060,451380,184816,2232592,4602.953,1564.964,159.894,287.809,5.996,8.994,5511,3478,0.900,1.280,0.970,5,0,5.996,0,0,18,276,0,17,0
18-06 18:23:45,67.060,13.262,19.267,0,0,5248160,337704,184816,2233224,4550.082,1567.406,84.075,4984.471,4.004,593.532,6443,19289,0.900,1.280,0.970,2,1,37.033,0,0,18,278,0,22,0
18-06 18:23:46,48.380,11.471,38.654,0,0,5120432,464132,184816,2234584,4520.743,1508.244,155.613,267.334,9.975,30.923,6249,10068,0.900,1.280,0.970,3,0,8.978,0,0,18,272,0,23,0
18-06 18:23:47,44.629,8.023,46.134,0,0,5243636,340928,184816,2234584,5492.905,1624.704,0,124.360,0,8.023,3950,3370,0.900,1.280,0.970,3,0,2.006,0,0,18,272,0,23,0
18-06 18:23:48,38.901,6.733,52.118,0.748,0,5322344,260564,184832,2236240,5910.993,1689.710,387.017,1727.614,51.868,152.613,5793,9326,0.980,1.300,0.970,3,0,0.997,0,0,18,279,0,28,0
18-06 18:23:49,20.473,5.992,70.907,0.499,0,5378968,203164,184832,2237020,61482.041,20682.765,31.958,1298.290,1.997,93.876,6642,10315,0.980,1.300,0.970,0,0,0.999,0,0,18,290,0,30,0
18-06 18:23:50,5.004,1.001,92.080,0,0,5379212,202912,184832,2237028,10149.866,2640.306,0,420.367,0,31.027,2719,4043,0.980,1.300,0.970,0,0,0,0,0,18,290,0,30,0
18-06 18:23:51,2.750,0.750,95.010,0.250,0,5379204,202912,184832,2237036,4306.464,1566.169,0,172.019,0,14.002,1961,3059,0.980,1.300,0.970,0,0,0,0,0,18,290,0,30,0
18-06 18:23:52,3.502,1.001,93.562,0,0.250,5379204,202912,184832,2237036,4530.015,1621.079,0,484.322,0,6.004,1860,2841,0.980,1.300,0.970,0,0,1.001,0,0,18,290,0,30,0
18-06 18:23:53,8.244,2.748,86.932,0,0,5407916,174196,184832,2237040,4628.394,1564.781,0,287.776,0,14.988,2362,3089,1.070,1.310,0.980,1,0,3.997,0,0,18,290,0,30,0
18-06 18:23:54,20.487,8.994,69.207,0.250,0.250,5455088,176524,182952,2189804,4703.054,1618.986,1371.141,115.927,30.981,12.992,3699,3770,1.070,1.310,0.980,2,0,14.991,0,0,18,290,0,30,0
18-06 18:23:55,6.501,2.250,89.268,0.250,0,5319000,312536,182952,2189892,4766.942,1620.320,264.052,188.037,4.001,23.005,1877,2235,1.070,1.310,0.980,1,0,2.000,0,0,18,279,0,31,0
18-06 18:23:56,1.250,0.750,97.515,0,0,5319224,312312,182952,2189892,4706.748,1620.257,0,48.008,0,6.001,1083,1434,1.070,1.310,0.980,0,0,0,0,0,18,279,0,31,0
18-06 18:23:57,1.000,0.250,97.218,0,0,5306520,325016,182952,2189892,4815.431,1619.472,0,0,0,0,932,1297,1.070,1.310,0.980,0,0,0,0,0,18,279,0,30,0
18-06 18:23:58,2.751,1.000,95.777,0.250,0,5306292,325112,182952,2190024,4861.375,1662.470,0,372.105,0,41.012,1516,2202,0.980,1.290,0.970,0,0,0,0,0,18,279,0,30,0
18-06 18:23:59,0.753,0.502,97.337,0,0,5304732,326648,182952,2190048,4862.827,1571.438,16.056,260.903,1.003,30.104,1237,1904,0.980,1.290,0.970,0,0,0,0,0,18,279,0,30,0
18-06 18:24:00,2.491,0.747,94.892,0.249,0,5300804,330564,182956,2190056,4754.061,1506.316,0,402.481,0,60.771,1799,2755,0.980,1.290,0.970,0,0,0,0,0,18,279,0,30,0
18-06 18:24:01,1.251,0.500,97.067,0,0,5289556,341812,182956,2190056,4503.101,1621.116,0,184.127,0,21.014,1203,1713,0.980,1.290,0.970,0,0,0,0,0,18,279,0,30,0
18-06 18:24:02,1.251,0.750,97.305,0,0,5289552,341812,182956,2190060,4851.730,1582.891,0,112.063,0,8.005,961,1396,0.980,1.290,0.970,0,0,1.001,0,0,18,279,0,30,0
18-06 18:24:03,2.499,1.000,95.954,0.250,0,5289792,341572,182956,2190060,4483.829,1565.242,0,107.948,0,7.996,1216,1585,0.980,1.280,0.970,0,0,1.000,0,0,18,279,0,30,0
18-06 18:24:04,3.250,2.000,93.491,0.250,0,5290668,340592,182956,2190164,5037.490,1697.828,79.992,579.941,4.999,34.996,1556,2203,0.980,1.280,0.970,0,0,3.000,0,0,18,279,0,30,0
18-06 18:24:05,4.001,0.750,94.265,0,0,5288780,342468,182956,2190176,5684.927,1644.268,0,104.017,0,9.001,1426,1832,0.980,1.280,0.970,1,0,2.000,0,0,18,279,0,32,0
18-06 18:24:06,1.250,1.000,95.739,0.500,0,5270088,361112,182956,2190224,6825.219,1565.821,4.000,10186.835,1.000,1093.875,1764,1690,0.980,1.280,0.970,0,0,0,0,0,18,279,0,30,0
18-06 18:24:07,1.250,0.250,98.000,0,0,5270088,361112,182956,2190224,7142.981,1565.996,0,4.000,0,1.000,906,1238,0.980,1.280,0.970,0,0,0,0,0,18,279,0,30,0
18-06 18:24:08,1.250,0.750,96.258,0.250,0,5270080,361112,182964,2190224,6646.575,1566.135,0,344.030,0,32.003,1251,1761,0.900,1.260,0.970,0,0,0,0,0,18,279,0,30,0
18-06 18:24:09,1.750,1.000,96.515,0,0,5270076,361112,182964,2190228,4906.776,1566.248,0,300.047,0,23.004,1131,1605,0.900,1.260,0.970,0,0,0,0,0,18,279,0,30,0
18-06 18:24:10,2.499,1.000,94.730,0.500,0,5270068,361112,182968,2190232,4770.986,1511.679,0,2699.426,0,186.960,1906,3061,0.900,1.260,0.970,1,0,0,0,0,18,279,0,30,0
18-06 18:24:11,1.500,0.500,96.994,0,0,5270068,361112,182968,2190232,4069.740,1659.894,0,91.994,0,7.999,1043,1445,0.900,1.260,0.970,0,0,0,0,0,18,279,0,30,0
18-06 18:24:12,1.001,0.750,97.305,0,0,5270068,361112,182968,2190232,4471.540,1566.890,0,148.084,0,9.005,1067,1564,0.900,1.260,0.970,1,0,0,0,0,18,279,0,30,0
18-06 18:24:13,1.249,0.750,96.952,0.250,0,5270560,360612,182968,2190240,4089.964,1565.221,0,251.875,0,14.993,984,1326,0.830,1.240,0.960,0,0,1.000,0,0,18,279,0,30,0
18-06 18:24:14,1.000,0.750,97.761,0,0,5270780,360388,182968,2190244,4646.545,1620.190,0,44.005,0,8.001,906,1273,0.830,1.240,0.960,0,0,0,0,0,18,279,0,30,0
18-06 18:24:15,1.500,0.500,96.481,0.500,0,5270768,360388,182972,2190252,4811.054,1565.692,0,327.936,0,28.994,1235,1807,0.830,1.240,0.960,0,0,0,0,0,18,279,0,30,0
18-06 18:24:16,2.260,2.009,94.911,0,0,5271592,359264,183104,2190424,4937.374,1866.078,389.687,88.383,14.061,13.057,1514,1889,0.830,1.240,0.960,2,0,12.052,0,0,18,279,0,30,0
18-06 18:24:17,39.320,7.466,51.763,0.498,0,4956860,673320,183116,2191176,5418.142,1947.067,656.986,215.014,84.612,11.945,3927,3069,0.830,1.240,0.960,2,0,67.689,0,0,18,275,0,32,0
18-06 18:24:18,22.520,4.754,71.562,0,0,5020796,609312,183116,2191248,5430.728,1941.690,72.063,188.164,5.004,17.015,2400,2092,0.840,1.230,0.960,2,0,0,0,0,18,275,0,32,0
18-06 18:24:19,21.946,5.736,70.325,0.249,0,5090628,538248,183124,2192508,5217.050,1819.483,399.010,666.346,40.898,77.807,3219,5199,0.840,1.230,0.960,1,0,16.958,0,0,18,279,0,34,0
18-06 18:24:20,22.541,5.761,71.130,0.250,0,5161084,467776,183128,2192520,5387.829,1755.202,8.015,204.373,2.004,30.055,2816,2737,0.840,1.230,0.960,1,0,6.011,0,0,18,279,0,34,0
18-06 18:24:21,23.007,3.001,72.522,0,0,5202440,426244,183128,2192696,4801.467,1662.508,0,0,0,0,2026,1476,0.840,1.230,0.960,2,0,0,0,0,18,279,0,34,0
18-06 18:24:22,2.499,0.750,95.976,0,0,5202276,426392,183128,2192712,4755.793,1759.553,0,127.968,0,12.997,1336,1882,0.840,1.230,0.960,0,0,1.999,0,0,18,279,0,34,0
18-06 18:24:23,6.525,1.255,91.352,0.251,0,5199400,429040,183128,2192940,4617.781,1626.262,224.866,622.397,14.054,50.193,2232,3233,0.860,1.230,0.970,2,0,1.004,0,0,18,279,0,34,0
18-06 18:24:24,1.245,0.498,96.397,0,0,5197984,430432,183128,2192964,4290.275,1560.281,0,87.679,0,11.956,1237,1823,0.860,1.230,0.970,0,0,0,0,0,18,279,0,34,0
18-06 18:24:25,0.750,0.500,97.506,0,0,5196920,431496,183128,2192964,4114.244,1512.090,0,188.011,0,2.000,823,1237,0.860,1.230,0.970,0,0,0,0,0,18,279,0,34,0
18-06 18:24:26,0.998,0.748,97.049,0.249,0,5196920,431496,183128,2192964,4311.071,1616.651,0,339.297,0,18.961,1000,1412,0.860,1.230,0.970,0,0,0,0,0,18,279,0,34,0
18-06 18:24:27,1.496,0.499,97.501,0,0.249,5196916,431496,183128,2192968,4252.128,1651.777,0,31.918,0,3.990,915,1278,0.860,1.230,0.970,0,0,0,0,0,18,279,0,34,0
18-06 18:24:28,2.009,0.753,96.415,0.753,0,5196996,431416,183128,2192968,4491.340,1518.539,0,128.554,0,18.078,1175,1692,0.790,1.210,0.960,0,0,0,0,0,18,279,0,34,0
18-06 18:24:29,2.251,0.500,96.561,0,0,5196916,431496,183128,2192968,4548.890,1566.996,0,288.183,0,27.017,1176,1603,0.790,1.210,0.960,1,0,0,0,0,18,279,0,34,0
18-06 18:24:30,1.999,0.750,95.698,0,0,5196912,431496,183128,2192972,4529.522,1651.097,0,211.884,0,32.982,1488,2338,0.790,1.210,0.960,0,0,0,0,0,18,279,0,34,0
18-06 18:24:31,1.250,0.750,96.753,0,0,5190128,438276,183128,2192976,4380.157,1620.058,0,5204.187,0,694.025,1372,1784,0.790,1.210,0.960,0,0,0,0,0,18,279,0,34,0
18-06 18:24:32,1.000,0.750,97.545,0.250,0,5190128,438276,183128,2192976,4865.240,1608.741,0,120.055,0,8.004,909,1315,0.790,1.210,0.960,0,0,0,0,0,18,279,0,34,0
18-06 18:24:33,1.000,0,97.742,0,0,5190128,438276,183128,2192976,4111.658,1511.874,0,107.991,0,7.999,951,1363,0.720,1.190,0.950,0,0,1.000,0,0,18,279,0,34,0
18-06 18:24:34,1.499,0.500,96.945,0,0,5190128,438276,183128,2192976,4435.482,1697.037,0,435.753,0,29.983,1069,1487,0.720,1.190,0.950,1,0,0,0,0,18,279,0,34,0
18-06 18:24:35,1.000,0.500,97.763,0,0,5190128,438276,183128,2192976,4244.571,1644.221,0,44.006,0,4.001,902,1242,0.720,1.190,0.950,0,0,0,0,0,18,279,0,34,0
18-06 18:24:36,1.250,0.750,97.239,0,0,5190208,438196,183128,2192976,4439.478,1619.809,0,0,0,0,908,1289,0.720,1.190,0.950,0,0,0,0,0,18,279,0,34,0
18-06 18:24:37,1.500,0.500,97.257,0,0,5190128,438276,183128,2192976,3875.263,1116.076,0,388.026,0,2.000,877,1273,0.720,1.190,0.950,0,0,0,0,0,18,279,0,34,0
18-06 18:24:38,1.250,0.750,96.501,0.250,0,5190200,438196,183128,2192984,4498.059,1512.020,0,128.002,0,15.000,1178,1749,0.670,1.170,0.950,0,0,0,0,0,18,279,0,29,0
18-06 18:24:39,1.501,0.750,96.786,0,0,5190116,438276,183128,2192988,4887.816,1620.602,0,312.116,0,24.009,1153,1563,0.670,1.170,0.950,1,0,0,0,0,18,279,0,29,0
18-06 18:24:40,2.750,0.500,95.242,0.500,0,5190188,438196,183128,2192996,5169.550,1703.852,0,227.980,0,34.997,1592,2396,0.670,1.170,0.950,0,0,0,0,0,18,279,0,29,0
18-06 18:24:41,1.500,0.500,97.501,0,0,5190108,438276,183128,2192996,5040.058,1620.019,0,48.001,0,6.000,1008,1385,0.670,1.170,0.950,0,0,0,0,0,18,279,0,29,0
18-06 18:24:42,1.002,0.501,97.682,0,0,5190108,438276,183128,2192996,4465.311,1623.021,0,0,0,0,839,1243,0.670,1.170,0.950,0,0,0,0,0,18,279,0,22,0
18-06 18:24:43,0.998,0.749,97.572,0,0,5190108,438276,183128,2192996,4224.296,1509.247,0,327.403,0,19.964,875,1296,0.610,1.150,0.940,0,0,0.998,0,0,18,279,0,22,0
18-06 18:24:44,1.000,0.500,97.474,0,0,5190108,438276,183128,2192996,4050.919,1511.597,0,43.988,0,3.999,899,1260,0.610,1.150,0.940,1,0,0,0,0,18,279,0,22,0
18-06 18:24:45,1.750,1.250,95.484,0.250,0,5190432,437948,183128,2193000,3773.376,1273.789,0,243.960,0,22.996,1261,1787,0.610,1.150,0.940,4,0,9.998,0,0,18,279,0,22,0
18-06 18:24:46,6.253,2.501,90.287,0,0,5172584,455796,183128,2193000,4353.793,1512.623,0,84.035,0,12.005,2133,10891,0.610,1.150,0.940,2,0,26.011,0,0,18,279,0,23,0
18-06 18:24:47,2.760,6.525,89.590,0,0,5181384,446988,183132,2193004,5845.178,1662.307,4.015,184.701,1.004,12.046,2623,2491,0.610,1.150,0.940,2,0,137.522,0,0,18,279,0,16,0
18-06 18:24:48,18.431,8.718,71.235,0,0,5242076,386272,183132,2193028,5678.865,1613.993,3.985,143.466,0.996,15.941,3593,3511,0.720,1.160,0.950,1,0,173.355,0,0,18,279,0,16,0
18-06 18:24:49,19.054,2.758,76.969,0.251,0,5271784,356548,183136,2193040,11468.677,7847.359,4.011,316.903,1.003,21.060,2257,2030,0.720,1.160,0.950,1,0,0,0,0,18,281,0,17,0
18-06 18:24:50,22.275,2.753,74.082,1.001,0,5271924,355288,183156,2194140,7937.834,5192.779,901.003,1009.123,53.059,144.160,4819,6499,0.720,1.160,0.950,2,0,1.001,0,0,18,280,0,18,0
18-06 18:24:51,39.146,7.979,51.114,0.748,0,5312872,314212,183172,2194252,5581.106,2774.595,91.755,4492.012,4.987,314.162,5069,6257,0.720,1.160,0.950,2,0,25.931,0,0,18,279,0,11,0
18-06 18:24:52,33.960,5.494,59.181,0,0,5358136,268760,183180,2194432,28998.147,25648.058,111.869,2061.593,4.994,361.578,3457,2752,0.720,1.160,0.950,1,0,3.995,0,0,18,281,0,17,0
18-06 18:24:53,11.999,3.000,83.741,0,0,5367128,259724,183180,2194476,18724.897,15166.297,31.996,131.985,2.000,5.999,2172,2214,0.670,1.140,0.940,0,0,35.996,0,0,18,279,0,22,0
18-06 18:24:54,2.000,1.500,95.727,0,0,5364576,262276,183180,2194476,4216.994,1499.642,0,123.970,0,6.998,1107,1440,0.670,1.140,0.940,0,0,5.999,0,0,18,279,0,22,0
18-06 18:24:55,1.000,0.750,97.512,0,0,5356228,270620,183184,2194476,4380.542,1620.200,0,20.002,0,5.001,811,1222,0.670,1.140,0.940,0,0,0,0,0,18,279,0,22,0
18-06 18:24:56,1.250,0.500,96.739,0.500,0,5348056,278780,183192,2194480,4651.486,1511.833,0,1271.859,0,74.992,1069,1597,0.670,1.140,0.940,2,0,0,0,0,18,279,0,22,0
18-06 18:24:57,2.499,0.500,94.957,0,0,5336632,290200,183196,2194480,4860.791,1607.270,0,115.947,0,12.994,1274,1691,0.670,1.140,0.940,0,0,1.999,0,0,18,279,0,22,0
18-06 18:24:58,2.501,1.251,95.557,0.250,0,5326936,299856,183196,2194520,4922.925,1620.963,32.019,192.114,2.001,22.013,1374,1965,0.610,1.130,0.940,0,0,1.001,0,0,18,279,0,22,0
18-06 18:24:59,1.250,0.500,96.731,0.250,0,5320840,305952,183196,2194520,4679.104,1619.690,0,63.988,0,8.998,1094,1492,0.610,1.130,0.940,0,0,0,0,0,18,279,0,21,0
18-06 18:25:00,2.499,1.000,95.213,0.250,0.250,5315212,311568,183196,2194532,4798.138,1619.372,0,347.865,0,50.980,1729,2637,0.610,1.130,0.940,0,0,0,0,0,18,279,0,21,0
18-06 18:25:01,1.501,0.750,95.785,0,0,5310508,316272,183196,2194532,4293.581,1512.557,0,288.106,0,35.013,1488,2353,0.610,1.130,0.940,1,0,1.000,0,0,18,279,0,21,0
18-06 18:25:02,3.250,1.500,94.511,0,0,5306684,320072,183196,2194556,5343.598,1566.175,4.000,164.018,1.000,9.001,1634,1954,0.610,1.130,0.940,0,0,6.001,0,0,18,279,0,21,0
18-06 18:25:03,3.750,1.000,93.992,0.250,0,5305140,321600,183196,2194572,4679.614,1619.866,0,187.984,0,14.999,1426,1801,0.560,1.110,0.930,0,0,3.000,0,0,18,279,0,21,0
18-06 18:25:04,3.260,0.752,94.532,0,0,5302160,324564,183196,2194588,10744.087,3005.977,0,256.767,0,26.078,1610,1994,0.560,1.110,0.930,0,0,1.003,0,0,18,279,0,21,0
18-06 18:25:05,1.246,0.499,97.215,0.499,0,5300868,325852,183196,2194592,6132.022,1585.352,0,107.684,0,7.977,946,1294,0.560,1.110,0.930,0,0,0,0,0,18,279,0,21,0
18-06 18:25:06,1.250,1.000,96.980,0,0,5299796,326872,183196,2194644,6784.572,1685.645,3.999,127.973,1.000,8.998,1100,1447,0.560,1.110,0.930,0,0,0,0,0,18,279,0,21,0
18-06 18:25:07,1.000,0.500,96.984,0,0,5298948,327720,183196,2194644,6661.902,1565.742,0,463.924,0,29.995,974,1399,0.560,1.110,0.930,0,0,0,0,0,18,279,0,19,0
18-06 18:25:08,1.751,0.750,96.285,0,0,5294760,331904,183200,2194644,5493.978,1512.545,0,1912.689,0,331.119,1240,1728,0.520,1.090,0.930,0,0,0,0,0,18,279,0,19,0
18-06 18:25:09,1.997,0.749,97.120,0.250,0,5295012,331652,183200,2194644,5033.286,1617.842,0,243.675,0,22.969,1182,1608,0.520,1.090,0.930,1,0,0,0,0,18,279,0,19,0
18-06 18:25:10,2.002,1.001,95.597,0.250,0,5276204,350448,183200,2194656,4222.268,1459.475,0,244.247,0,36.036,1504,2361,0.520,1.090,0.930,0,0,0,0,0,18,279,0,19,0
18-06 18:25:11,1.000,0.500,96.764,0.250,0,5276572,350080,183200,2194656,4994.718,1714.246,0,276.040,0,34.005,1293,1875,0.520,1.090,0.930,0,0,0,0,0,18,279,0,19,0
18-06 18:25:12,1.250,0.750,97.522,0,0,5276572,350080,183200,2194656,4476.030,1458.336,0,104.024,0,7.002,896,1329,0.520,1.090,0.930,0,0,0,0,0,18,279,0,19,0
18-06 18:25:13,6.998,13.247,77.481,0,0,5293620,332440,183232,2195216,4318.962,1619.611,571.863,355.914,28.993,18.995,4525,4666,0.480,1.070,0.920,0,0,418.899,0,0,18,279,0,19,0
18-06 18:25:14,0.500,0.750,97.259,0.500,0,5291220,334840,183232,2195216,4320.395,1620.148,0,416.038,0,27.002,1001,1432,0.480,1.070,0.920,0,0,0,0,0,18,279,0,19,0
18-06 18:25:15,1.750,0.750,96.748,0,0,5290516,335544,183232,2195216,4457.899,1597.964,0,267.994,0,26.999,1191,1793,0.480,1.070,0.920,0,0,0,0,0,18,279,0,19,0
18-06 18:25:16,2.000,0.750,96.503,0.250,0,5290508,335544,183236,2195220,4500.136,1620.049,0,104.003,0,15.000,1252,1803,0.480,1.070,0.920,0,0,0,0,0,18,279,0,19,0
18-06 18:25:17,1.254,0.251,97.274,0,0,5289836,336216,183236,2195220,5215.700,1516.273,0,176.497,0,11.031,1002,1413,0.480,1.070,0.920,0,0,0,0,0,18,279,0,19,0
18-06 18:25:18,1.496,0.748,96.729,0,0,5290088,335964,183236,2195220,4619.074,1561.630,0,103.710,0,12.964,1159,1695,0.440,1.050,0.920,1,0,0,0,0,18,279,0,19,0
18-06 18:25:19,2.004,0.501,96.707,0,0,5289708,336216,183236,2195348,5203.119,1689.611,0,88.188,0,13.028,1226,1637,0.440,1.050,0.920,0,0,2.004,0,0,18,279,0,15,0
18-06 18:25:20,1.501,1.001,96.551,0.250,0,5289704,336216,183236,2195352,4982.642,1620.859,0,548.291,0,90.048,1328,2114,0.440,1.050,0.920,0,0,0,0,0,18,279,0,15,0
18-06 18:25:21,1.500,0.250,97.012,0,0,5289452,336468,183236,2195352,5178.644,1818.226,0,100.012,0,7.001,1142,1482,0.440,1.050,0.920,0,0,0,0,0,18,279,0,15,0
18-06 18:25:22,1.496,0.748,97.503,0,0,5289452,336468,183236,2195352,5163.928,1615.910,0,131.667,0,11.970,942,1360,0.440,1.050,0.920,0,0,0,0,0,18,279,0,15,0
18-06 18:25:23,1.250,1.750,95.242,0.250,0,5290452,335464,183236,2195356,4839.614,1619.871,0,1163.907,0,205.984,1386,1629,0.400,1.030,0.910,0,0,18.998,0,0,18,279,0,15,0
18-06 18:25:24,1.003,0.752,97.517,0,0,5290452,335464,183236,2195356,4243.640,1516.159,0,52.143,0,4.011,970,1378,0.400,1.030,0.910,0,0,0,0,0,18,279,0,15,0
18-06 18:25:25,1.001,0,97.827,0,0,5290448,335464,183236,2195360,4309.406,1567.239,0,96.076,0,10.008,911,1354,0.400,1.030,0.910,0,0,0,0,0,18,279,0,15,0
18-06 18:25:26,1.248,0.998,97.093,0,0,5290444,335464,183236,2195364,4552.657,1617.391,0,83.865,0,7.987,993,1423,0.400,1.030,0.910,0,0,0,0,0,18,279,0,15,0
18-06 18:25:27,0.749,0.250,97.310,0,0,5290444,335464,183236,2195364,4226.736,1455.155,0,31.938,0,2.994,926,1314,0.400,1.030,0.910,0,0,0,0,0,18,279,0,15,0
18-06 18:25:28,2.256,0.752,96.504,0.251,0,5290444,335464,183236,2195364,4702.371,1624.273,0,188.496,0,29.076,1176,1751,0.370,1.020,0.910,0,0,0,0,0,18,279,0,15,0
18-06 18:25:29,1.998,0.499,95.647,0.499,0,5290444,335464,183236,2195364,4347.326,1510.376,0,3200.559,0,159.828,1415,2152,0.370,1.020,0.910,0,0,0,0,0,18,279,0,15,0
18-06 18:25:30,2.247,0.998,95.106,0.250,0,5290432,335464,183236,2195376,4359.418,1563.639,0,487.264,0,53.919,1611,2544,0.370,1.020,0.910,0,0,0,0,0,18,279,0,15,0
18-06 18:25:31,1.252,0.501,97.147,0,0,5290424,335464,183236,2195384,4807.251,1622.447,0,100.151,0,14.021,1226,1781,0.370,1.020,0.910,0,0,0,0,0,18,279,0,15,0
18-06 18:25:32,0.999,0.749,97.615,0,0,5290424,335464,183236,2195384,4528.723,1455.982,0,107.851,0,7.989,878,1288,0.370,1.020,0.910,0,0,0,0,0,18,279,0,15,0
18-06 18:25:33,1.250,0.500,97.229,0,0,5290424,335464,183236,2195384,4858.957,1619.652,0,19.996,0,1.000,935,1309,0.340,1,0.900,0,0,1.000,0,0,18,279,0,15,0
18-06 18:25:34,1.250,0.500,97.260,0.500,0,5290424,335464,183236,2195384,4538.476,1578.166,0,836.088,0,131.014,1051,1404,0.340,1,0.900,0,0,0,0,0,18,279,0,15,0
18-06 18:25:35,0.750,0.500,97.968,0,0,5290424,335464,183236,2195384,4784.420,1565.483,0,31.989,0,3.999,904,1292,0.340,1,0.900,0,0,0,0,0,18,279,0,15,0
18-06 18:25:36,1.000,0.750,97.035,0,0,5290420,335464,183240,2195384,4879.739,1818.648,4.001,52.019,1.000,3.001,923,1330,0.340,1,0.900,0,0,0,0,0,18,279,0,15,0
18-06 18:25:37,1.250,0.500,97.503,0,0,5290420,335460,183240,2195388,4969.157,1512.048,0,4.000,0,1.000,904,1288,0.340,1,0.900,0,0,0,0,0,18,279,0,15,0
18-06 18:25:38,1.250,0.500,96.510,0,0,5290420,335460,183240,2195388,4426.450,1566.159,0,160.016,0,13.001,1166,1716,0.310,0.980,0.900,0,0,0,0,0,18,279,0,15,0
18-06 18:25:39,1.502,0.501,97.403,0.250,0,5290420,335460,183240,2195388,5057.923,1622.542,0,236.370,0,20.031,1106,1600,0.310,0.980,0.900,0,0,0,0,0,18,279,0,15,0
18-06 18:25:40,2.246,0.749,96.074,0.250,0,5290416,335460,183244,2195388,4551.639,1617.030,0,227.582,0,34.936,1417,2190,0.310,0.980,0.900,1,0,0,0,0,18,279,0,15,0
18-06 18:25:41,1.000,0.500,97.252,0,0,5290412,335460,183244,2195392,4852.098,1620.033,0,44.001,0,6.000,869,1269,0.310,0.980,0.900,0,0,0,0,0,18,279,0,15,0
18-06 18:25:42,0.750,0.250,97.759,0,0,5290412,335460,183244,2195392,4663.435,1620.151,0,0,0,0,849,1254,0.310,0.980,0.900,0,0,0,0,0,18,279,0,15,0
18-06 18:25:43,9.285,5.019,85.576,0,0,5312336,313536,183244,2195392,4616.577,1760.704,0,361.376,0,22.084,1915,1844,0.370,0.980,0.900,0,0,38.145,0,0,18,279,1,15,0
18-06 18:25:44,17.171,1.742,79.633,0,0,5320036,305500,183244,2195736,12503.357,9224.473,35.835,1134.768,2.986,191.119,2995,3696,0.370,0.980,0.900,0,0,1.991,0,0,18,284,0,15,0
18-06 18:25:45,7.279,13.053,78.567,0.251,0,5309176,316344,183244,2195752,7904.921,4909.827,0,253.022,0,23.093,4478,3933,0.370,0.980,0.900,1,0,249.006,0,0,18,283,0,16,0
18-06 18:25:46,19.677,13.201,65.758,0,0,5331360,294100,183248,2195808,22839.807,3740.213,0,119.559,0,14.945,5174,14545,0.370,0.980,0.900,2,0,284.950,0,0,18,283,0,18,0
18-06 18:25:47,21.488,4.747,72.710,0.250,0,5390184,234908,183248,2196176,5699.901,1565.149,363.802,551.700,26.985,10.994,2074,1800,0.370,0.980,0.900,1,0,1.999,0,0,18,283,0,18,0
18-06 18:25:48,22.761,2.751,71.786,2.001,0,5413296,206180,183420,2201620,5578.777,1608.801,2449.219,696.347,252.126,29.014,2562,2598,0.420,0.980,0.900,0,1,0,0,0,18,283,0,17,0
18-06 18:25:49,21.748,4.500,71.495,0.750,0,5468600,149280,183460,2203176,4963.619,1817.861,639.951,511.961,61.995,21.998,2331,1993,0.420,0.980,0.900,2,0,3.000,0,0,18,281,0,17,2
18-06 18:25:50,24.804,5.261,67.898,0.501,0,5473944,143736,183464,2203368,4335.441,1689.680,44.096,1110.418,3.007,121.264,6352,8797,0.420,0.980,0.900,1,0,0,0,0,18,282,0,20,2
18-06 18:25:51,24.748,3.250,69.494,1.000,0,5466476,150008,183500,2204536,4171.660,1553.873,915.925,2019.835,63.995,214.982,4805,6314,0.420,0.980,0.900,4,0,1.000,0,0,18,287,0,21,3
18-06 18:25:52,11.466,1.994,84.751,0.499,0,5473148,143204,183500,2204668,5586.610,2509.637,63.813,590.268,3.988,72.786,2895,3958,0.420,0.980,0.900,0,0,0,0,0,18,288,0,19,2
18-06 18:25:53,13.504,2.751,81.776,1.000,0,5471672,144352,183524,2204972,6560.120,2863.926,192.062,1320.427,10.003,184.059,4026,5705,0.390,0.970,0.890,0,0,1.000,0,0,18,288,0,20,2
18-06 18:25:54,8.519,2.756,86.948,1.253,0,5470672,145236,183524,2205088,11267.693,3347.634,64.146,1134.587,4.009,123.281,2923,3946,0.390,0.970,0.890,0,0,6.014,0,0,18,288,0,20,2
18-06 18:25:55,8.000,2.000,86.752,1.250,0,5467380,148360,183544,2205236,4800.085,1686.030,16.000,5180.091,1.000,346.006,3603,5605,0.390,0.970,0.890,2,0,1.000,0,0,18,291,0,20,2
18-06 18:25:56,25.462,4.743,65.652,1.498,0,5463548,151396,183580,2205996,4345.546,1509.758,319.525,2440.376,24.963,307.543,8211,12561,0.390,0.970,0.890,1,0,0.999,0,0,18,291,0,12,2
18-06 18:25:57,20.255,4.001,73.018,1.750,0,5461484,153072,183604,2206360,6084.504,2510.621,16.004,2600.643,1.000,289.071,6539,9770,0.390,0.970,0.890,0,0,0,0,0,18,290,0,13,2
18-06 18:25:58,6.498,1.500,89.724,0.750,0,5456196,158312,183616,2206396,4550.667,1962.425,0,1695.503,0,129.962,2507,3681,0.350,0.950,0.890,0,0,0,0,0,18,290,0,13,2
18-06 18:25:59,8.029,1.756,88.822,0.753,0,5451540,162760,183636,2206584,11772.721,3074.155,0,1577.725,0,167.608,3237,4866,0.350,0.950,0.890,1,0,0,0,0,18,291,0,13,2
18-06 18:26:00,24.708,4.992,64.640,1.997,0,5444100,169776,183676,2206968,4418.491,1563.343,15.973,9176.404,0.998,1082.161,9267,14350,0.350,0.950,0.890,2,0,0,0,0,18,291,0,13,2
18-06 18:26:01,17.968,3.993,74.366,2.246,0,5441736,171968,183684,2207132,6009.197,2557.402,31.943,8620.503,0.998,633.860,6444,10510,0.350,0.950,0.890,2,0,0,0,0,18,290,0,15,2
18-06 18:26:02,11.251,2.250,83.255,0.750,0,5440064,173584,183684,2207188,5175.331,2442.156,0,2008.128,0,186.012,3491,5035,0.350,0.950,0.890,0,0,0,0,0,18,290,0,16,2
18-06 18:26:03,6.526,2.259,90.354,0.753,0,5438976,174492,183684,2207368,5850.946,1692.638,0,1204.725,0,95.374,2356,3257,0.410,0.950,0.890,0,1,1.004,0,0,18,291,0,16,2
18-06 18:26:04,9.961,2.490,84.915,0.498,0,5442992,170380,183688,2207460,11635.146,3922.541,0,964.200,0,123.513,3286,4543,0.410,0.950,0.890,0,0,2.988,0,0,18,290,0,17,2
18-06 18:26:05,23.339,3.011,71.523,0.753,0,5443804,168972,183688,2208056,12624.121,3473.239,305.163,762.908,17.065,95.364,5557,7070,0.410,0.950,0.890,2,0,2.008,0,0,18,290,0,21,2
18-06 18:26:06,7.249,2.000,88.492,1.000,0,5444264,168460,183700,2208096,13474.794,3393.696,0,1359.878,0,139.987,2998,4263,0.410,0.950,0.890,0,0,1.000,0,0,18,290,0,21,2
18-06 18:26:07,5.729,1.245,90.412,0.498,0,5444048,168460,183700,2208312,10010.521,2634.138,0,1107.852,0,111.582,2572,3692,0.410,0.950,0.890,0,0,0,0,0,18,290,0,21,2
18-06 18:26:08,8.283,1.757,88.855,0.502,0,5444040,168460,183700,2208320,8697.737,1807.218,0,1172.683,0,133.533,3342,5070,0.450,0.950,0.890,1,0,0,0,0,18,291,0,21,2
18-06 18:26:09,25.747,5.249,66.743,1.500,0,5445284,166696,183716,2208824,4739.523,1619.837,0,3747.622,0,399.960,8576,13152,0.450,0.950,0.890,1,0,0,0,0,18,291,0,21,2
18-06 18:26:10,25.158,4.982,65.759,1.993,0,5445456,166444,183740,2208880,4529.379,1560.274,0,9796.053,0,651.609,8967,14094,0.450,0.950,0.890,1,0,0,0,0,18,291,0,21,2
18-06 18:26:11,24.778,4.505,67.575,1.001,0,5446364,164932,183748,2209476,4541.047,1607.787,0,2919.244,0,257.286,8449,12867,0.450,0.950,0.890,1,0,0,0,0,18,292,0,22,2
18-06 18:26:12,6.740,0.749,91.863,0.250,0,5446608,164680,183748,2209484,4690.007,1617.588,0,207.690,0,15.976,1708,2306,0.450,0.950,0.890,0,0,0.999,0,0,18,292,0,22,2
18-06 18:26:13,3.250,1.000,94.249,0,0,5446828,164428,183748,2209516,4185.957,1705.982,0,4.000,0,1.000,1363,1668,0.420,0.940,0.890,0,0,1.000,0,0,18,292,0,22,2
18-06 18:26:14,10.761,2.002,86.088,0.250,0,5446796,164428,183748,2209548,4356.456,1513.548,0,460.471,0,67.069,3756,5366,0.420,0.940,0.890,1,0,0,0,0,18,292,0,23,2
18-06 18:26:15,26.247,4.999,65.241,1.750,0,5446720,163924,183768,2210108,4365.424,1565.793,0,3303.564,0,437.942,8991,14259,0.420,0.940,0.890,2,0,0,0,0,18,292,0,23,2
18-06 18:26:16,24.295,5.009,68.126,1.252,0,5448684,161404,183784,2210648,4360.035,1514.792,272.502,2304.247,16.030,241.445,7665,11229,0.420,0.940,0.890,1,1,0,0,0,18,291,0,24,2
18-06 18:26:17,2.751,1.000,93.779,1.000,0,5448652,161404,183792,2210672,5658.775,1620.508,0,6730.111,0,411.129,2283,3715,0.420,0.940,0.890,1,0,0,0,0,18,292,0,24,2
18-06 18:26:18,13.945,2.241,81.429,0.996,0,5458880,151072,183796,2210772,6101.959,2522.063,0,1673.407,0,208.180,3844,5791,0.380,0.920,0.880,0,0,0,0,0,18,291,0,28,2
18-06 18:26:19,10.263,1.752,85.607,0.501,0,5462304,147544,183800,2210872,6491.106,2382.976,64.080,772.965,4.005,123.154,3055,4215,0.380,0.920,0.880,0,0,2.003,0,0,18,291,0,30,2
18-06 18:26:20,6.495,1.749,90.685,0.250,0,5466552,143248,183804,2210916,5032.419,1564.886,0,8453.984,0,1000.288,2979,3810,0.380,0.920,0.880,1,0,0,0,0,18,292,0,31,2
18-06 18:26:21,22.579,3.512,70.997,1.003,0,5475620,176992,181928,2170164,7144.894,2876.020,0,1742.070,0,190.664,4939,6537,0.380,0.920,0.880,1,0,0,0,0,18,291,0,38,2
18-06 18:26:22,5.228,1.245,91.366,0.498,0,5476972,175612,181928,2170192,10406.231,2876.900,0,5791.640,0,160.326,2115,3049,0.380,0.920,0.880,2,0,1.992,0,0,18,292,0,38,2
18-06 18:26:23,10.002,1.500,87.013,0.500,0,5481248,171252,181928,2170276,5701.884,2149.333,0,1232.191,0,121.019,2803,4009,0.350,0.910,0.880,0,0,1.000,0,0,18,291,0,39,2
18-06 18:26:24,11.004,2.251,84.531,1.250,0,5486220,166216,181932,2170336,11810.379,3461.283,0,1276.473,0,148.055,3165,4331,0.350,0.910,0.880,1,0,0,0,0,18,291,0,41,2
18-06 18:26:25,9.999,1.500,86.241,0.750,0,5487300,164956,181948,2170500,4679.491,1619.824,15.998,1495.837,1.000,161.982,3206,4537,0.350,0.910,0.880,0,0,0,0,0,18,291,0,44,2
18-06 18:26:26,5.780,2.262,90.467,1.759,0,5487392,164704,181976,2170632,4764.599,1628.407,0,7522.840,0,517.673,2963,4752,0.350,0.910,0.880,1,0,0,0,0,18,292,0,44,2
18-06 18:26:27,11.447,1.244,84.114,0.747,0,5488296,163724,182000,2170684,6009.391,2574.173,0,1170.622,0,144.337,2901,4218,0.350,0.910,0.880,0,0,0,0,0,18,291,0,47,2
18-06 18:26:28,14.499,2.750,80.743,0.750,0,5488320,163424,182040,2170920,5765.519,2531.789,0,1107.908,0,145.988,3651,5161,0.480,0.920,0.880,0,0,0,0,0,18,291,0,52,2
18-06 18:26:29,6.750,0.750,90.999,0.250,0,5489300,162444,182048,2170912,4379.953,1619.982,0,455.995,0,52.999,1997,2704,0.480,0.920,0.880,0,0,0,0,0,18,291,0,53,2
18-06 18:26:30,5.501,1.500,91.017,0.750,0,5489480,162192,182060,2170972,3788.701,1188.220,0,808.149,0,90.017,2519,3795,0.480,0.920,0.880,0,0,0,0,0,18,291,0,53,2
18-06 18:26:31,4.520,1.004,92.905,0.251,0.251,5489480,162192,182072,2170960,4463.475,1410.153,0,578.524,0,56.245,1843,2650,0.480,0.920,0.880,0,0,0,0,0,18,291,0,53,2
18-06 18:26:32,1.494,0.498,96.373,0,0,5489436,162192,182072,2171004,4577.113,1452.324,0,342.661,0,21.914,1134,1713,0.480,0.920,0.880,1,0,0,0,0,18,292,0,53,2
18-06 18:26:33,3.745,0.749,94.365,0,0,5489412,162192,182076,2171024,4553.485,1617.685,0,527.246,0,51.926,1685,2465,0.450,0.910,0.880,0,0,0.999,0,0,18,291,0,53,2
18-06 18:26:34,12.010,1.501,84.568,1.001,0,5491848,159672,182096,2171088,7201.772,3398.724,0,1176.943,0,159.128,3247,4580,0.450,0.910,0.880,0,0,0,0,0,18,291,0,57,2
18-06 18:26:35,10.250,1.500,85.251,1.000,0,5491920,159420,182132,2171232,6768.071,2384.025,0,1660.017,0,185.002,3268,4774,0.450,0.910,0.880,0,0,0,0,0,18,291,0,59,2
18-06 18:26:36,10.784,1.505,88.028,0.251,0,5492564,158664,182148,2171328,4821.229,2023.392,0,934.953,0,64.203,2325,2945,0.450,0.910,0.880,1,0,0,0,0,18,292,0,63,2
18-06 18:26:37,5.478,1.245,90.131,0.747,0,5492728,158412,182156,2171408,12807.588,3350.290,15.935,1669.169,0.996,188.230,2897,4324,0.450,0.910,0.880,0,0,0,0,0,18,291,0,63,2
18-06 18:26:38,9.508,2.002,85.819,1.251,0,5492548,158412,182192,2171552,4863.911,1621.304,0,7878.334,0,528.425,4117,6775,0.410,0.890,0.870,0,0,0,0,0,18,291,0,63,2
18-06 18:26:39,13.251,3.000,81.757,1.000,0,5493624,157152,182212,2171716,5798.485,2425.203,16.001,1312.110,1.000,174.015,3544,5265,0.410,0.890,0.870,0,0,0,0,0,18,291,0,66,2
18-06 18:26:40,8.248,1.500,87.978,0.750,0,5495500,155136,182244,2171824,6389.389,2488.373,0,2395.396,0,167.958,3140,4785,0.410,0.890,0.870,0,0,0,0,0,18,291,0,68,2
18-06 18:26:41,5.518,1.254,91.803,0.251,0,5494496,156108,182260,2171840,4998.520,1625.372,0,5004.540,0,632.089,2491,2663,0.410,0.890,0.870,2,0,2.007,0,0,18,290,0,69,2
18-06 18:26:42,4.487,0.997,92.732,0.748,0,5494404,156108,182272,2171920,5853.103,1915.470,0,933.306,0,93.729,1971,3002,0.410,0.890,0.870,0,0,0,0,0,18,291,0,71,2
18-06 18:26:43,10.495,1.749,84.957,0.750,0,5494224,156108,182276,2172096,11731.035,3458.242,0,947.518,0,124.936,3292,4594,0.380,0.880,0.870,0,0,0.999,0,0,18,291,0,74,2
18-06 18:26:44,17.013,3.002,77.060,1.501,0.250,5494568,155604,182308,2172224,4923.852,1621.268,0,2021.581,0,255.200,5760,9107,0.380,0.880,0.870,2,0,0,0,0,18,291,0,74,2
18-06 18:26:45,26.288,5.508,63.591,2.754,0,5495508,153844,182428,2172924,5053.252,1969.827,96.138,6204.905,3.004,577.829,9152,14455,0.380,0.880,0.870,1,0,0,0,0,18,292,0,74,2
18-06 18:26:46,24.428,7.229,63.064,1.496,0,5500908,191200,180464,2132680,10784.150,2642.196,55.835,6807.893,0.997,481.578,8166,20312,0.380,0.880,0.870,0,0,35.894,0,0,18,291,0,76,2
18-06 18:26:47,6.008,2.503,89.365,1.001,0,5501128,190840,180468,2132816,6565.452,1622.088,0,2166.790,0,146.188,2248,3112,0.380,0.880,0.870,2,0,0,0,0,18,292,0,76,2
18-06 18:26:48,9.984,1.498,86.109,0.499,0,5500868,190844,180484,2133056,6848.771,2585.761,31.948,1493.551,0.998,163.732,3060,4602,0.350,0.860,0.860,0,0,0,0,0,18,291,0,80,2
18-06 18:26:49,9.255,1.751,87.044,1.251,0,5501608,190088,180512,2133044,6352.215,2351.190,0,1524.772,0,168.085,2962,4239,0.350,0.860,0.860,0,0,0,0,0,18,291,0,80,2
18-06 18:26:50,12.996,1.999,81.726,1.250,0,5501292,190088,180524,2133348,5593.382,2124.386,0,1643.525,0,191.944,4223,6238,0.350,0.860,0.860,0,0,0,0,0,18,291,0,82,2
18-06 18:26:51,7.036,1.256,91.467,0.251,0,5501292,190088,180524,2133348,4462.802,1628.320,0,868.437,0,58.298,1852,2426,0.350,0.860,0.860,4,0,0,0,0,18,292,0,85,2
18-06 18:26:52,6.223,1.742,87.864,1.991,0,5501020,190256,180556,2133420,6131.074,2419.375,0,10856.321,0,1044.413,3387,5279,0.350,0.860,0.860,0,0,0,0,0,18,291,0,86,2
18-06 18:26:53,23.362,5.275,68.075,1.256,0,5500736,190256,180588,2133672,8135.846,1197.719,0,2242.708,0,285.363,6792,9910,0.320,0.850,0.860,5,0,1.005,0,0,18,292,0,87,2
18-06 18:26:54,25.507,4.751,64.518,2.251,0,5501528,189004,180656,2134064,4417.255,1296.368,0,3525.001,0,377.107,8671,12848,0.320,0.850,0.860,1,0,6.002,0,0,18,292,0,80,2
18-06 18:26:55,24.404,5.229,67.484,1.245,0,5501256,189004,180704,2134288,4721.377,1613.635,0,2143.545,0,235.073,7585,10971,0.320,0.850,0.860,1,0,0,0,0,18,292,0,81,2
18-06 18:26:56,26.747,5.999,63.244,2.250,0,5500936,188752,180764,2134800,5065.501,1619.840,0,3547.651,0,442.956,8787,13949,0.320,0.850,0.860,2,0,1.000,0,0,18,292,0,82,2
18-06 18:26:57,23.994,4.999,66.732,1.750,0,5501356,188248,180812,2134836,4859.702,1457.611,0,8001.863,0,549.853,8267,12583,0.320,0.850,0.860,2,0,0,0,0,18,292,0,83,2
18-06 18:26:58,24.993,4.499,66.231,1.500,0,5500940,188248,180840,2135224,4830.601,1685.512,0,2379.311,0,226.934,6933,9799,0.610,0.900,0.880,2,0,0,0,0,18,292,0,80,2
18-06 18:26:59,24.794,6.011,64.365,1.753,0,5501380,187492,180876,2135504,4345.795,1502.695,0,3454.196,0,412.740,8284,12404,0.610,0.900,0.880,3,0,0,0,0,18,292,0,80,2
18-06 18:27:00,25.493,5.498,67.230,1.250,0.250,5501796,186736,180916,2135804,4738.623,1619.529,0,2359.315,0,217.937,7999,11299,0.610,0.900,0.880,3,0,0,0,0,18,292,0,81,2
18-06 18:27:01,5.739,1.747,89.826,0.749,0,5501656,186736,180968,2135892,4100.053,1455.180,0,4802.691,0,269.478,2820,4649,0.610,0.900,0.880,0,0,0,0,0,18,291,0,81,2
18-06 18:27:02,5.500,1.500,91.004,0.500,0,5501716,186484,180984,2136068,5187.236,1620.074,0,1168.053,0,106.005,2341,3326,0.610,0.900,0.880,1,0,0,0,0,18,291,0,79,2
18-06 18:27:03,16.723,2.746,78.125,1.248,0,5502144,185980,181020,2136108,5549.156,2412.156,0,2048.735,0,238.620,4085,5873,0.560,0.890,0.870,0,0,0.998,0,0,18,291,0,83,2
18-06 18:27:04,12.793,2.007,83.031,0.753,0,5502260,185728,181044,2136220,10857.796,3007.191,0,5514.689,0,328.112,3251,4199,0.560,0.890,0.870,1,0,0,0,0,18,292,0,86,2
18-06 18:27:05,8.946,2.485,85.237,0.746,0,5508688,179180,181100,2136284,12798.980,3439.303,0,2015.869,0,188.863,3337,4921,0.560,0.890,0.870,1,0,2.982,0,0,18,291,0,87,2
18-06 18:27:06,9.538,2.259,86.846,0.251,0,5507028,180584,181112,2136528,11958.618,3008.981,0,839.342,0,76.304,2763,3426,0.560,0.890,0.870,0,0,2.008,0,0,18,291,0,84,2
18-06 18:27:07,12.503,2.501,81.521,0.750,0,5504964,182544,181140,2136604,7158.846,1620.418,0,7798.011,0,958.247,4033,5165,0.560,0.890,0.870,0,0,1.000,0,0,18,291,0,85,2
18-06 18:27:08,14.063,2.511,81.867,1.256,0,5505520,181916,181160,2136656,5556.903,2524.313,0,1273.708,0,152.684,3283,4612,0.680,0.910,0.880,0,0,0,0,0,18,291,0,88,2
18-06 18:27:09,3.243,0.748,93.800,0.249,0.249,5505520,181692,181168,2136872,5875.458,1682.409,0,1049.759,0,84.819,1813,2607,0.680,0.910,0.880,2,0,0,0,0,18,292,0,88,2
18-06 18:27:10,17.500,3.000,77.249,1.250,0,5507168,179928,181204,2136952,5497.957,2415.981,0,2095.984,0,244.998,4304,6203,0.680,0.910,0.880,0,0,0,0,0,18,291,0,94,2
18-06 18:27:11,7.234,0.998,89.550,0.499,0,5507128,179928,181224,2136972,4374.211,1710.173,0,1197.320,0,96.783,2081,2870,0.680,0.910,0.880,1,0,0,0,0,18,291,0,95,2
18-06 18:27:12,7.494,0.999,89.674,0.749,0,5507816,179172,181252,2137012,4453.242,1618.634,0,1063.103,0,83.929,2112,2864,0.680,0.910,0.880,0,0,0,0,0,18,291,0,98,2
18-06 18:27:13,5.518,1.003,92.805,0,0,5507924,178924,181256,2137148,4153.639,1625.337,0,521.713,0,29.096,1395,1784,0.700,0.910,0.880,1,0,1.003,0,0,18,292,0,100,2
18-06 18:27:14,13.218,1.247,82.299,0.998,0,5507804,178924,181300,2137224,12441.604,3913.439,0,1659.945,0,216.471,3894,5320,0.700,0.910,0.880,0,0,0,0,0,18,291,0,103,2
18-06 18:27:15,18.050,4.262,72.951,2.507,0,5507984,178672,181360,2137236,4229.648,1462.026,0,7753.351,0,606.671,6563,10698,0.700,0.910,0.880,2,0,0,0,0,18,292,0,103,2
18-06 18:27:16,26.304,5.261,65.133,2.004,0,5507904,178168,181420,2137760,4749.673,1623.306,16.033,3659.453,1.002,417.851,8087,12465,0.700,0.910,0.880,2,0,0,0,0,18,291,1,104,2
18-06 18:27:17,23.646,4.729,68.948,0.996,0,5508672,177160,181436,2137984,5052.860,1451.639,0,2198.367,0,230.988,7624,11360,0.700,0.910,0.880,1,0,0,0,0,18,291,0,104,2
18-06 18:27:18,3.994,0.749,92.603,0.250,0,5507996,177756,181436,2138064,4852.283,1617.428,0,1877.015,0,129.794,1951,2797,0.730,0.910,0.880,4,0,0,0,0,18,292,0,98,2
18-06 18:27:19,12.515,2.753,81.600,1.001,0,5508020,177504,181456,2138272,5885.226,2544.124,0,2246.759,0,240.295,3833,5580,0.730,0.910,0.880,0,0,2.002,0,0,18,291,0,101,2
18-06 18:27:20,7.747,1.999,87.216,1.250,0,5508204,177252,181484,2138312,5203.988,1565.395,0,6081.649,0,399.845,3227,4985,0.730,0.910,0.880,2,0,0,0,0,18,292,0,102,2
18-06 18:27:21,12.993,1.999,83.453,0.750,0,5508376,177000,181508,2138368,11224.704,3896.814,0,1335.251,0,120.932,2994,3990,0.730,0.910,0.880,1,0,0,0,0,18,291,0,106,2
18-06 18:27:22,4.000,1.000,93.747,0,0,5503028,182336,181508,2138380,6587.812,1874.947,0,5295.849,0,659.981,1495,1644,0.730,0.910,0.880,0,0,0,0,0,18,291,0,98,2
18-06 18:27:23,4.504,1.001,92.330,0.250,0,5504252,181108,181516,2138376,6196.374,2038.768,0,836.726,0,95.082,1681,2344,0.670,0.890,0.870,2,0,1.001,0,0,18,291,0,100,2
18-06 18:27:24,11.803,1.507,85.383,0.502,0,5504208,181108,181516,2138420,4785.467,1863.359,0,530.379,0,46.207,2340,2789,0.670,0.890,0.870,1,0,0,0,0,18,290,0,105,2
18-06 18:27:25,5.724,1.244,91.091,0.747,0,5504284,180856,181520,2138592,11217.657,2888.039,0,1011.461,0,120.459,2364,3431,0.670,0.890,0.870,1,0,0,0,0,18,291,0,105,2
18-06 18:27:26,10.253,1.250,86.275,0.250,0,5505704,179092,181524,2138932,8426.418,2804.805,304.087,680.195,8.002,65.019,2641,3208,0.670,0.890,0.870,0,0,0,0,0,18,291,0,102,2
18-06 18:27:27,7.993,1.749,88.175,0.999,0,5505624,179092,181556,2138980,11677.027,3060.386,0,1258.925,0,161.862,2479,3573,0.670,0.890,0.870,0,0,0,0,0,18,291,0,103,2
18-06 18:27:28,13.038,2.758,81.741,0.752,0,5505608,179092,181580,2138972,4513.317,1624.794,0,1640.841,0,133.394,4115,5875,0.860,0.930,0.890,1,0,0,0,0,18,293,0,104,2
18-06 18:27:29,26.485,5.747,62.963,2.249,0,5505640,178588,181648,2139408,4617.302,1619.054,0,4153.573,0,506.704,8744,13871,0.860,0.930,0.890,2,0,0,0,0,18,292,0,104,2
18-06 18:27:30,24.526,5.005,66.821,1.251,0,5507288,176572,181724,2139700,4384.642,1621.717,0,3679.896,0,331.351,8031,12009,0.860,0.930,0.890,1,0,0,0,0,18,292,0,97,2
18-06 18:27:31,4.482,1.245,91.125,1.494,0,5507176,176572,181744,2139792,4780.339,1613.364,0,6134.769,0,411.308,2809,4733,0.860,0.930,0.890,1,0,0,0,0,18,291,0,97,2
18-06 18:27:32,10.756,1.751,85.300,0.750,0,5507228,176320,181744,2139992,10936.351,2890.679,0,2933.704,0,143.083,3607,4947,0.860,0.930,0.890,1,0,0,0,0,18,291,0,98,2
18-06 18:27:33,17.329,4.521,75.845,1.005,0,5507508,175816,181752,2140208,4747.624,1573.165,0,2382.853,0,251.144,6139,9147,0.870,0.930,0.890,2,0,1.005,0,0,18,292,0,99,2
18-06 18:27:34,25.472,4.495,65.178,1.998,0,5508960,173576,181780,2140968,4734.737,1618.201,0,4694.782,0,448.501,8768,14235,0.870,0.930,0.890,1,0,0,0,0,18,292,0,99,2
18-06 18:27:35,24.173,4.236,68.033,1.495,0,5509896,172316,181804,2141268,5095.761,2602.706,0,2500.033,0,271.136,7273,10677,0.870,0.930,0.890,0,0,0,0,0,18,291,0,96,2
18-06 18:27:36,6.017,1.254,90.760,0.501,0,5510080,172064,181816,2141324,6145.614,1690.846,0,1781.105,0,132.379,2296,3226,0.870,0.930,0.890,1,0,0,0,0,18,292,0,96,2
18-06 18:27:37,9.229,1.995,85.801,1.247,0,5510668,171308,181860,2141448,6382.212,2596.983,0,6880.059,0,517.800,3808,6263,0.870,0.930,0.890,0,0,0,0,0,18,291,0,98,2
18-06 18:27:38,13.003,2.751,81.767,1.000,0,5510068,171852,181888,2141476,5739.224,2443.521,0,7313.560,0,967.206,4228,5772,0.800,0.910,0.880,0,0,0,0,0,18,291,0,99,2
18-06 18:27:39,12.007,2.501,83.046,1.251,0,5510748,171016,181940,2141580,4972.732,1796.987,0,1644.904,0,199.109,3766,5384,0.800,0.910,0.880,4,0,0,0,0,18,291,0,94,2
18-06 18:27:40,8.000,1.750,88.748,0.250,0,5509984,171676,181948,2141676,3389.927,809.983,0,1175.975,0,89.998,2608,3630,0.800,0.910,0.880,1,0,0,0,0,18,291,0,94,2
18-06 18:27:41,8.492,1.748,87.914,0.500,0,5510812,170544,181960,2141968,10879.347,2971.091,0,1510.521,0,147.855,3104,4449,0.800,0.910,0.880,0,0,0,0,0,18,291,0,94,2
18-06 18:27:42,9.254,1.501,86.784,0.750,0,5511120,170040,181980,2142144,11222.398,3245.272,0,1268.497,0,126.049,3127,4456,0.800,0.910,0.880,1,0,0,0,0,18,291,0,94,2
18-06 18:27:43,8.248,1.999,87.225,0.750,0,5511568,169568,181984,2142164,11231.809,3351.048,0,1599.546,0,164.953,3114,4428,0.730,0.900,0.880,0,0,1.000,0,0,18,291,0,86,2
18-06 18:27:44,8.004,2.001,88.042,1.000,0,5511588,169316,182008,2142372,10016.794,3341.599,0,1300.622,0,146.070,3110,4285,0.730,0.900,0.880,0,0,0,0,0,18,291,0,86,2
18-06 18:27:45,9.252,2.001,86.523,0.750,0,5511524,169316,182020,2142424,5955.608,1925.520,0,1768.478,0,182.049,3890,5939,0.730,0.900,0.880,1,0,0,0,0,18,292,0,87,2
18-06 18:27:46,30.509,8.252,56.766,2.501,0,5515140,165208,182108,2142940,10263.928,2638.753,0,10282.934,0,846.241,11182,21578,0.730,0.900,0.880,1,0,36.010,0,0,18,292,0,88,2
18-06 18:27:47,24.201,4.740,68.363,1.247,0,5516300,163696,182140,2143148,5378.198,1508.969,95.808,2506.965,4.990,251.495,8025,12081,0.730,0.900,0.880,2,0,0,0,0,18,292,0,83,2
18-06 18:27:48,26.102,5.020,66.510,2.259,0,5516104,163444,182164,2143572,5226.404,1572.138,0,3798.831,0,437.709,9332,14315,0.760,0.900,0.880,1,0,0,0,0,18,292,0,88,2
18-06 18:27:49,25.790,4.757,64.850,2.003,0,5516260,162716,182208,2144100,5107.851,1622.494,0,9326.334,0,771.185,9256,15202,0.760,0.900,0.880,2,0,0,0,0,18,292,0,88,2
18-06 18:27:50,23.644,3.733,69.440,1.244,0,5517276,161456,182216,2144336,5575.074,2555.574,0,3213.632,0,319.571,7004,11055,0.760,0.900,0.880,1,0,0,0,0,18,291,0,89,2
18-06 18:27:51,6.996,1.499,88.705,1.249,0,5517128,161456,182224,2144476,5668.125,2502.731,0,2306.830,0,221.887,2807,4493,0.760,0.900,0.880,1,0,0,0,0,18,291,0,81,2
18-06 18:27:52,3.254,1.001,94.363,0.250,0,5517244,161204,182224,2144612,4462.353,1621.945,0,969.162,0,62.074,1493,2122,0.760,0.900,0.880,1,0,0,0,0,18,292,0,81,2
18-06 18:27:53,6.269,1.755,90.025,1.254,0,5517052,161296,182236,2144700,5172.798,2401.334,0,8337.462,0,1054.220,3175,4615,0.700,0.890,0.870,0,0,1.003,0,0,18,291,0,81,2
18-06 18:27:54,6.480,2.243,89.728,0.498,0,5519280,159032,182244,2144728,5458.473,2076.712,0,1579.218,0,150.544,2492,3560,0.700,0.890,0.870,0,0,5.982,0,0,18,291,0,81,2
18-06 18:27:55,6.999,1.500,89.239,0.500,0,5519232,159032,182264,2144756,5850.310,2503.705,0,1315.845,0,147.983,2741,4009,0.700,0.890,0.870,0,0,0,0,0,18,291,0,76,2
18-06 18:27:56,6.000,1.000,91.750,0.250,0,5519148,159032,182280,2144824,5461.028,2029.010,0,1056.005,0,94.000,2204,3253,0.700,0.890,0.870,0,0,0,0,0,18,291,0,77,2
18-06 18:27:57,6.994,1.749,88.178,1.249,0,5518924,159032,182296,2145032,6942.305,2500.948,0,5523.469,0,399.672,3338,5226,0.700,0.890,0.870,0,0,0,0,0,18,291,0,78,2
18-06 18:27:58,7.254,1.501,90.049,0.500,0,5518888,159032,182296,2145068,5818.174,2084.137,0,2253.229,0,70.038,2388,3222,0.640,0.870,0.870,1,0,0,0,0,18,291,0,78,2
18-06 18:27:59,4.262,1.253,92.752,0.501,0,5518968,158780,182308,2145228,4618.572,1570.275,0,1512.116,0,107.292,2027,2964,0.640,0.870,0.870,3,0,0,0,0,18,292,0,75,2
18-06 18:28:00,6.976,1.495,88.949,0.997,0,5518876,158780,182316,2145312,6056.487,2440.733,0,1546.761,0,191.352,3078,4614,0.640,0.870,0.870,0,0,0,0,0,18,291,0,75,2
18-06 18:28:01,6.004,1.501,90.809,0.500,0,5518808,158780,182324,2145372,5510.567,1976.279,0,1192.772,0,112.073,2431,3597,0.640,0.870,0.870,0,0,0,0,0,18,291,0,75,2
18-06 18:28:02,9.494,2.249,86.699,0.500,0,5518996,158528,182332,2145428,5970.519,2081.786,0,1479.138,0,148.913,3383,4741,0.640,0.870,0.870,0,0,0,0,0,18,291,0,77,2
18-06 18:28:03,8.005,1.751,88.058,1.251,0,5519032,158276,182344,2145632,11041.248,3300.166,0,1288.846,0,135.089,2829,4133,0.590,0.860,0.860,0,0,1.001,0,0,18,291,0,73,2
18-06 18:28:04,10.498,2.250,84.984,0.250,0,5518952,158276,182348,2145708,10399.086,2996.449,0,1367.748,0,120.978,3761,5485,0.590,0.860,0.860,2,0,0,0,0,18,293,0,73,2
18-06 18:28:05,27.625,5.525,63.287,2.511,0,5520992,155756,182396,2146140,5442.664,1464.637,0,8924.442,0,738.346,9901,16310,0.590,0.860,0.860,4,0,4.018,0,0,18,292,0,73,2
18-06 18:28:06,26.179,5.485,65.323,0.997,0,5521688,154748,182420,2146428,5983.782,1615.621,47.870,2202.032,2.992,255.308,8116,12142,0.590,0.860,0.860,1,0,1.995,0,0,18,291,0,78,2
18-06 18:28:07,3.506,1.503,93.420,0.501,0,5521568,154748,182424,2146544,7085.897,1298.363,0,1426.596,0,91.166,1916,2798,0.590,0.860,0.860,1,0,1.002,0,0,18,292,0,70,2
18-06 18:28:08,13.445,1.743,81.418,1.245,0,5521736,154244,182472,2146832,5041.412,1236.949,0,2665.116,0,312.723,4400,6973,0.540,0.840,0.860,0,0,0,0,0,18,291,0,72,2
18-06 18:28:09,16.569,5.774,75.060,1.506,0,5515104,153232,182512,2154464,4940.426,1626.726,12.050,8113.545,3.012,1030.260,6063,8402,0.540,0.840,0.860,1,0,3.012,0,0,18,292,0,73,2
18-06 18:28:10,26.012,5.253,65.031,2.501,0,5515360,152564,182568,2154820,5222.492,1620.774,32.015,5142.454,1.000,541.258,9686,15608,0.540,0.840,0.860,1,0,0,0,0,18,292,0,73,2
18-06 18:28:11,23.674,4.486,68.030,0.997,0,5517528,150044,182600,2155140,4728.741,1848.037,0,7184.816,0,487.427,8155,12640,0.540,0.840,0.860,1,0,0,0,0,18,293,0,64,2
18-06 18:28:12,25.312,5.513,65.911,2.005,0,5518592,148344,182632,2155708,5115.480,1569.830,0,3805.284,0,441.076,8730,13762,0.540,0.840,0.860,1,0,0,0,0,18,292,0,64,2
18-06 18:28:13,17.188,3.238,76.974,0.747,0,5519876,146864,182640,2155896,4244.798,1614.219,0,2463.178,0,187.329,6088,9177,0.500,0.830,0.850,2,0,0.996,0,0,18,292,0,64,2
18-06 18:28:14,10.030,1.755,87.013,0.502,0,5520116,146612,182648,2155900,4439.408,1570.744,0,1480.472,0,125.379,3641,5543,0.500,0.830,0.850,2,0,0,0,0,18,293,0,64,2
18-06 18:28:15,25.549,4.509,65.625,2.505,0,5519756,146348,182696,2156476,4688.941,1623.095,0,3859.359,0,479.915,9017,14588,0.500,0.830,0.850,2,0,0,0,0,18,292,0,55,2
18-06 18:28:16,24.733,4.997,67.204,1.749,0,5521436,144360,182724,2156756,4602.821,1564.919,0,8566.084,0,643.556,8936,13838,0.500,0.830,0.850,3,0,0,0,0,18,292,0,57,2
18-06 18:28:17,24.718,5.243,65.666,2.247,0,5521236,144108,182760,2157172,5050.522,1617.925,0,4254.543,0,504.353,8970,14817,0.500,0.830,0.850,1,0,0,0,0,18,292,0,57,2
18-06 18:28:18,25.424,4.237,67.547,1.246,0,5522240,142848,182772,2157416,4845.448,1615.149,0,4450.633,0,281.156,7966,11923,0.700,0.860,0.870,1,0,0,0,0,18,292,0,57,2
18-06 18:28:19,24.605,4.268,68.041,1.255,0,5523064,141588,182780,2157844,5045.587,1651.064,0,2450.484,0,264.130,8096,11862,0.700,0.860,0.870,2,0,2.009,0,0,18,292,0,58,2
18-06 18:28:20,7.714,1.742,86.849,1.244,0,5523004,141336,182792,2158144,5255.739,2022.663,0,3993.566,0,349.387,3551,5961,0.700,0.860,0.870,0,0,0,0,0,18,291,0,56,2
18-06 18:28:21,9.006,2.001,86.556,1.251,0,5523272,140832,182820,2158352,11559.464,3258.104,0,6944.484,0,466.301,3908,5989,0.700,0.860,0.870,0,0,0,0,0,18,291,0,56,2
18-06 18:28:22,11.752,2.500,83.512,0.750,0,5523552,140328,182836,2158560,5833.832,2246.320,0,1572.224,0,175.025,3679,5422,0.700,0.860,0.870,0,0,1.000,0,0,18,291,0,57,2
18-06 18:28:23,9.749,2.250,85.991,0.500,0,5523464,140328,182856,2158628,4857.495,1457.848,15.998,1355.859,1.000,147.985,3466,4817,0.640,0.850,0.860,1,0,1.000,0,0,18,292,0,57,2
18-06 18:28:24,10.001,2.250,84.757,1.500,0,5524128,139572,182872,2158704,11562.965,3460.289,36.003,11284.942,2.000,277.023,4031,5870,0.640,0.850,0.860,1,0,0,0,0,18,291,0,49,2
18-06 18:28:25,9.738,1.748,86.147,0.749,0,5523868,139572,182880,2158956,4153.037,1456.260,0,1518.186,0,192.770,3791,5669,0.640,0.850,0.860,1,0,0,0,0,18,292,0,49,2
18-06 18:28:26,26.152,5.532,64.878,2.263,0,5524112,139068,182892,2159204,4103.924,1629.499,0,4023.455,0,513.996,9472,15339,0.640,0.850,0.860,1,0,0,0,0,18,292,0,50,2
18-06 18:28:27,24.399,4.481,66.474,2.241,0,5524384,138312,182900,2159680,4948.472,1505.754,0,8624.224,0,677.191,9298,14913,0.640,0.850,0.860,1,0,0,0,0,18,292,0,52,2
18-06 18:28:28,19.491,4.748,72.968,1.249,0,5525532,136828,182912,2160004,5763.479,2518.898,0,3222.591,0,315.862,6654,10114,0.590,0.830,0.860,0,0,0,0,0,18,291,0,44,2
18-06 18:28:29,9.276,2.006,86.743,0.752,0,5527196,134812,182920,2160348,4739.300,1570.407,369.036,1925.403,12.034,131.369,2935,4307,0.590,0.830,0.860,2,0,0,0,0,18,292,0,44,2
18-06 18:28:30,9.472,1.496,85.501,0.997,0,5527280,134560,182956,2160480,11501.503,3342.266,0,2983.311,0,261.239,3717,5756,0.590,0.830,0.860,0,0,0,0,0,18,291,0,44,2
18-06 18:28:31,20.564,4.514,72.474,1.755,0,5527260,134560,182964,2160492,4694.531,1625.030,0,2740.482,0,350.084,7210,11238,0.590,0.830,0.860,2,0,0,0,0,18,292,0,45,2
18-06 18:28:32,24.184,4.737,65.821,2.244,0,5527616,133552,182984,2161120,4983.413,1615.595,0,9613.788,0,766.909,9660,16061,0.590,0.830,0.860,1,0,0,0,0,18,292,0,42,2
18-06 18:28:33,15.993,4.498,76.218,1.249,0,5527056,175800,181584,2121536,5957.482,2621.892,0,3262.621,0,245.896,5597,8507,0.540,0.820,0.850,1,0,1.000,0,0,18,291,0,43,2
18-06 18:28:34,9.252,1.250,88.268,0.250,0,5527836,174820,181596,2121724,12034.509,3711.774,0,1588.331,0,119.025,2709,3585,0.540,0.820,0.850,0,0,0,0,0,18,291,0,43,2
18-06 18:28:35,10.272,1.754,85.686,1.002,0,5526816,175776,181600,2121784,14851.174,4817.437,0,1575.413,0,141.306,3103,4295,0.540,0.820,0.850,0,0,0,0,0,18,291,0,43,2
18-06 18:28:36,6.232,0.997,90.493,0.249,0,5526864,175524,181612,2121976,19391.987,5186.287,0,965.262,0,80.771,2261,3025,0.540,0.820,0.850,2,0,0,0,0,18,292,0,41,2
18-06 18:28:37,11.508,1.501,85.061,0.751,0,5527700,174544,181616,2122180,11941.511,3462.468,0,1216.867,0,125.089,3155,4396,0.540,0.820,0.850,0,0,0,0,0,18,291,0,41,2
18-06 18:28:38,18.309,2.508,76.244,1.003,0,5527900,174292,181632,2122216,4213.511,1625.211,0,1536.928,0,182.585,5122,7902,0.580,0.820,0.850,1,0,0,0,0,18,292,0,41,2
18-06 18:28:39,25.681,4.737,65.575,1.995,0,5527708,174048,181684,2122600,4547.830,1615.677,0,3570.446,0,453.786,8906,14124,0.580,0.820,0.850,6,1,0,0,0,18,292,0,41,2
18-06 18:28:40,23.488,4.997,67.715,1.999,0,5529300,172032,181704,2123004,4689.562,2516.691,0,8071.803,0,606.685,8313,13286,0.580,0.820,0.850,0,0,0,0,0,18,291,0,38,2
18-06 18:28:41,6.772,1.505,90.043,1.003,0,5529284,172032,181704,2123020,4980.208,1366.447,0,3154.266,0,242.790,2706,4071,0.580,0.820,0.850,3,0,0,0,0,18,292,0,38,2
18-06 18:28:42,3.736,0.996,93.388,0.498,0,5529096,172032,181708,2123204,9577.869,2662.677,0,960.277,0,85.668,1922,2799,0.580,0.820,0.850,0,0,0,0,0,18,291,0,38,2
18-06 18:28:43,8.255,1.501,87.553,0.500,0,5529540,171528,181716,2123256,11488.891,3408.044,0,1332.799,0,132.079,3096,4421,0.530,0.810,0.850,0,0,1.001,0,0,18,291,0,39,2
18-06 18:28:44,19.789,3.757,73.145,1.503,0,5529464,171276,181736,2123564,4601.107,1514.999,16.032,2476.902,1.002,312.619,6956,10798,0.530,0.810,0.850,2,1,0,0,0,18,292,0,39,2
18-06 18:28:45,25.007,4.501,66.768,1.250,0,5529976,170268,181756,2124040,4973.325,1955.521,32.009,9458.519,1.000,558.149,8750,13478,0.530,0.810,0.850,2,0,0,0,0,18,292,0,41,2
18-06 18:28:46,22.665,6.974,66.999,1.743,0,5552288,184960,180644,2088940,11493.918,3520.803,0,3008.723,0,298.880,7479,19137,0.530,0.810,0.850,0,0,35.866,0,0,18,291,0,46,2
18-06 18:28:47,6.775,1.757,89.583,0.753,0,5544200,192992,180704,2089060,5188.275,1970.320,0,5970.180,0,379.410,2970,4536,0.530,0.810,0.850,0,0,0,0,0,18,291,0,46,2
18-06 18:28:48,9.734,2.246,84.861,0.998,0,5544060,192992,180768,2089136,12521.558,2950.184,0,1856.968,0,191.687,3996,6021,0.570,0.810,0.850,3,0,0,0,0,18,292,0,39,2
18-06 18:28:49,26.851,4.266,64.995,1.757,0,5544080,192516,180848,2089512,3481.146,650.456,0,5733.652,0,507.918,9010,14595,0.570,0.810,0.850,2,0,0,0,0,18,291,0,39,2
18-06 18:28:50,25.232,4.997,67.453,1.499,0.500,5543912,192516,180880,2089648,3689.424,1091.238,0,2770.066,0,249.826,8213,12214,0.570,0.810,0.850,1,0,0,0,0,18,292,0,41,2
18-06 18:28:51,26.205,5.241,64.890,1.747,0,5544004,191536,180952,2090464,3965.248,970.348,0,3993.200,0,485.174,9397,14943,0.570,0.810,0.850,2,0,0,0,0,18,292,0,41,2
18-06 18:28:52,24.000,4.750,68.250,1.000,0,5543772,191536,180976,2090672,4295.000,1458.000,0,2300.000,0,217.000,7877,11730,0.570,0.810,0.850,1,0,0,0,0,18,293,0,40,2
18-06 18:28:53,9.231,2.994,84.574,1.247,0,5544200,190780,181016,2090960,5648.270,2577.647,0,8358.641,0,566.823,4173,7096,0.520,0.800,0.840,0,0,0.998,0,0,18,291,0,41,2
18-06 18:28:54,6.752,2.000,88.522,0.750,0,5545436,189520,181028,2090972,6152.503,2520.616,16.004,1664.407,2.000,173.042,2994,4279,0.520,0.800,0.840,0,0,6.001,0,0,18,291,0,41,2
18-06 18:28:55,9.744,0.999,86.446,0.750,0,5545300,189520,181052,2091084,6610.858,2081.696,0,1463.083,0,144.909,3373,4797,0.520,0.800,0.840,0,0,0,0,0,18,291,0,41,2
18-06 18:28:56,6.502,2.001,89.774,1.000,0,5544816,189268,181068,2091804,10610.815,2914.773,0,1240.329,0,133.035,2486,3720,0.520,0.800,0.840,2,0,0,0,0,18,291,0,40,2
18-06 18:28:57,6.754,1.501,89.552,0.500,0,5544532,189268,181088,2092068,6728.903,2167.257,0,1292.750,0,146.085,2970,4558,0.520,0.800,0.840,2,0,0,0,0,18,292,0,40,2
18-06 18:28:58,25.822,5.515,64.931,2.507,0,5544072,189268,181156,2092460,4693.067,1624.523,0,3802.588,0,477.329,9150,14532,0.800,0.850,0.860,2,0,0,0,0,18,292,0,41,2
18-06 18:28:59,24.975,5.245,66.934,0.999,0,5545088,188008,181188,2092672,4495.569,1618.405,0,2897.145,0,271.732,8879,13498,0.800,0.850,0.860,1,0,0,0,0,18,292,0,41,2
18-06 18:29:00,14.462,3.241,79.040,1.247,0,5545168,187532,181256,2093000,5543.249,2442.500,15.958,12801.934,0.997,768.954,5615,8841,0.800,0.850,0.860,0,0,0,0,0,18,291,0,42,2
18-06 18:29:01,7.754,1.751,88.547,0.750,0.250,5544868,187788,181268,2093032,11261.928,3395.787,0,2269.194,0,184.097,3036,4517,0.800,0.850,0.860,4,0,0,0,0,18,291,0,41,2
18-06 18:29:02,13.303,2.510,82.326,1.506,0,5545088,187288,181312,2093268,4595.211,1692.708,0,2007.958,0,217.863,4949,7479,0.800,0.850,0.860,4,0,0,0,0,18,292,0,41,2
18-06 18:29:03,25.156,5.230,64.757,1.993,0,5545060,186812,181392,2093692,4782.049,1613.941,0,3969.100,0,480.197,9252,14643,0.740,0.840,0.850,1,0,0.996,0,0,18,292,0,41,2
18-06 18:29:04,26.000,5.000,65.500,1.500,0,5545392,186056,181432,2094076,11361.059,2997.016,0,5380.028,0,404.002,8625,13548,0.740,0.840,0.850,3,0,0,0,0,18,292,0,42,2
18-06 18:29:05,17.990,4.248,74.957,1.499,0,5546088,185048,181464,2094356,7293.808,2434.601,0,2838.369,0,294.831,6161,9464,0.740,0.840,0.850,1,0,0,0,0,18,291,0,40,2
18-06 18:29:06,9.253,2.751,85.531,1.501,0,5551760,179056,181512,2094608,12265.425,2998.082,0,6510.349,0,431.156,3773,5777,0.740,0.840,0.850,0,0,3.001,0,0,18,291,0,40,2
18-06 18:29:07,8.747,1.749,87.471,0.250,0,5551680,179056,181540,2094660,7847.397,1920.363,0,2339.224,0,157.948,2807,3923,0.740,0.840,0.850,3,0,1.999,0,0,18,291,0,43,2
18-06 18:29:08,6.529,1.507,90.397,0.502,0,5551612,179056,181560,2094708,10868.791,3010.236,0,1313.777,0,125.552,2814,4148,0.840,0.860,0.860,2,0,1.004,0,0,18,292,0,43,2
18-06 18:29:09,25.504,4.751,66.011,1.500,0,5551480,178804,181588,2095064,4518.733,1458.236,0,2840.461,0,349.057,8654,12921,0.840,0.860,0.860,4,0,1.000,0,0,18,292,0,37,2
18-06 18:29:10,25.182,4.737,65.822,1.745,0,5551648,178300,181636,2095352,4609.508,1615.622,0,5090.205,0,514.605,8960,14283,0.840,0.860,0.860,2,0,0,0,0,18,292,0,40,2
18-06 18:29:11,24.786,3.755,69.100,1.001,0,5552492,177040,181656,2095748,4139.972,1446.086,0,2551.681,0,240.347,6937,10059,0.840,0.860,0.860,0,0,0,0,0,18,292,0,41,2
18-06 18:29:12,25.431,4.737,65.571,2.493,0,5552520,176788,181700,2095928,4093.843,1184.771,0,7786.778,0,693.111,9006,14353,0.840,0.860,0.860,1,0,0,0,0,18,292,0,41,2
18-06 18:29:13,25.363,5.022,68.053,1.256,0,5553308,175528,181716,2096384,4279.035,1627.239,0,3620.104,0,303.349,8588,13023,0.850,0.860,0.860,1,0,1.004,0,0,18,293,0,39,2
18-06 18:29:14,24.400,4.980,66.479,1.743,0,5552964,175528,181732,2096712,4200.869,1452.079,0,2924.076,0,343.599,8625,13172,0.850,0.860,0.860,1,0,0,0,0,18,292,0,40,2
18-06 18:29:15,24.595,4.267,68.264,1.004,0,5553324,174800,181752,2097060,4698.186,1626.295,0,9139.377,0,543.102,8212,12857,0.850,0.860,0.860,1,0,0,0,0,18,292,0,40,2
18-06 18:29:16,24.222,4.994,66.422,1.748,0,5554268,173540,181768,2097360,4854.291,1618.097,0,8162.400,0,606.287,9288,14919,0.850,0.860,0.860,2,0,0,0,0,18,292,0,41,2
18-06 18:29:17,24.997,4.249,67.242,2.250,0,5554116,173288,181800,2097732,5176.371,1619.803,0,4511.452,0,449.945,8300,12901,0.850,0.860,0.860,5,0,0,0,0,18,292,0,39,2
18-06 18:29:18,23.665,4.484,68.007,1.246,0,5555072,172028,181844,2097992,4914.419,2495.074,0,2526.960,0,268.041,7604,11631,0.780,0.850,0.860,0,1,0,0,0,18,291,0,41,2
18-06 18:29:19,6.492,1.498,89.889,0.499,0,5554960,172028,181848,2098100,5766.877,1749.839,0,2968.333,0,121.849,2496,3498,0.780,0.850,0.860,1,1,1.998,0,0,18,292,0,41,2
18-06 18:29:20,8.014,2.003,87.649,1.252,0,5554988,171776,181864,2098308,5942.099,2467.193,0,2191.725,0,225.383,3241,5097,0.780,0.850,0.860,1,0,0,0,0,18,291,0,42,2
18-06 18:29:21,11.748,2.250,83.989,1.000,0,5555440,171272,181872,2098352,5645.242,2516.662,0,1879.748,0,194.974,3541,5148,0.780,0.850,0.860,0,0,0,0,0,18,291,0,41,2
18-06 18:29:22,12.003,2.501,81.273,1.500,0,5555688,170768,181884,2098596,5978.690,2497.706,0,6761.911,0,513.145,4417,6774,0.780,0.850,0.860,1,0,0,0,0,18,291,0,43,2
18-06 18:29:23,9.499,1.750,87.492,0.750,0,5556784,169508,181892,2098752,7236.302,4077.607,223.978,1223.882,13.999,113.989,2941,4212,0.720,0.830,0.850,0,0,1.000,0,0,18,292,0,44,2
18-06 18:29:24,7.519,1.504,88.724,0.501,0,5556436,169508,181896,2099096,18406.566,4517.428,0,1555.936,0,169.429,2999,4490,0.720,0.830,0.850,3,0,0,0,0,18,293,0,44,2
18-06 18:29:25,4.999,1.749,92.473,0.500,0,5556640,169256,181908,2099132,11330.738,3297.051,0,1335.615,0,135.961,2514,3765,0.720,0.830,0.850,0,0,0,0,0,18,292,0,42,2
18-06 18:29:26,7.230,0.997,89.251,0.748,0,5556592,169256,181912,2099176,11703.392,3450.387,0,1348.244,0,136.619,2909,4073,0.720,0.830,0.850,0,0,0,0,0,18,292,0,42,2
18-06 18:29:27,21.474,4.245,71.165,1.498,0,5556796,168752,181928,2099460,4603.525,1510.204,0,2704.783,0,346.588,7405,11543,0.720,0.830,0.850,6,0,0,0,0,18,293,0,42,2
18-06 18:29:28,25.334,4.766,67.222,1.505,0,5557456,167744,181936,2099800,4440.697,1571.200,0,3274.839,0,340.126,8499,13196,0.740,0.830,0.850,3,0,0,0,0,18,294,0,44,2
18-06 18:29:29,25.312,5.263,66.414,1.754,0,5557760,167240,181948,2099988,4575.266,1407.466,0,3893.587,0,391.965,8829,13725,0.740,0.830,0.850,3,0,0,0,0,18,293,0,40,2
18-06 18:29:30,26.158,4.484,66.267,1.744,0,5559496,164972,181952,2100524,3760.764,1130.023,31.888,8430.329,0.996,631.776,9108,14434,0.740,0.830,0.850,1,0,0,0,0,18,293,0,42,2
18-06 18:29:31,9.991,2.747,84.922,1.249,0,5560128,164216,181992,2100608,5594.837,2568.630,0,9882.881,0,572.472,3891,5768,0.740,0.830,0.850,0,0,0.999,0,0,18,292,0,43,2
18-06 18:29:32,6.001,0.500,90.267,0.750,0,5560052,164216,182040,2100640,5541.068,2400.463,0,1540.297,0,164.032,2678,3977,0.740,0.830,0.850,0,0,0,0,0,18,292,0,43,2
18-06 18:29:33,13.250,2.750,82.252,1.250,0,5560288,163712,182072,2100876,5641.129,2029.046,0,2340.054,0,235.005,4485,6405,0.680,0.820,0.850,0,0,1.000,0,0,18,292,0,41,2
18-06 18:29:34,5.764,1.253,90.467,0.251,0,5560464,163460,182088,2100936,5466.112,2045.908,0,1391.338,0,96.231,2132,2899,0.680,0.820,0.850,3,0,0,0,0,18,292,0,41,2
18-06 18:29:35,4.990,1.497,92.060,0.499,0,5560424,163460,182100,2100964,10545.226,2936.936,0,1971.928,0,92.808,2166,3149,0.680,0.820,0.850,0,1,0,0,0,18,293,0,41,2
18-06 18:29:36,25.008,5.502,65.520,2.251,0,5560904,162452,182160,2101432,4801.444,1620.487,0,8354.512,0,654.197,9231,14940,0.680,0.820,0.850,2,0,1.000,0,0,18,292,0,44,2
18-06 18:29:37,24.985,4.747,66.959,1.749,0.250,5560900,161948,182200,2101900,5173.857,1619.016,0,3158.081,0,326.801,8593,13288,0.680,0.820,0.850,1,0,0,0,0,18,293,0,46,2
18-06 18:29:38,20.229,4.495,71.677,1.249,0,5562032,160688,182240,2101988,6013.877,2563.390,0,2885.063,0,325.668,7089,10808,0.630,0.810,0.840,0,0,0,0,0,18,292,0,48,2
18-06 18:29:39,7.009,1.252,90.368,0.501,0,5561772,160688,182256,2102232,5118.688,2085.725,0,1790.339,0,119.156,2424,3393,0.630,0.810,0.840,2,0,0,0,0,18,292,0,49,2
18-06 18:29:40,7.779,1.506,88.079,0.753,0,5561724,160688,182268,2102268,11699.640,3020.266,0,1927.188,0,186.696,3544,5489,0.630,0.810,0.840,1,0,0,0,0,18,293,0,49,2
18-06 18:29:41,25.409,5.231,65.265,2.242,0,5561544,160436,182304,2102664,4649.276,1630.136,0,3878.050,0,463.333,9024,14421,0.630,0.810,0.840,2,0,0,0,0,18,293,0,48,2
18-06 18:29:42,19.742,4.498,72.220,1.999,0,5563160,158672,182344,2102836,5854.552,2565.927,0,7912.691,0,598.750,6825,10779,0.630,0.810,0.840,0,0,0,0,0,18,292,0,50,2
18-06 18:29:43,6.000,1.250,89.999,1.000,0,5563012,158672,182360,2102968,5730.938,2503.973,0,2135.977,0,199.998,2981,4630,0.580,0.790,0.840,0,0,1.000,0,0,18,292,0,50,2
18-06 18:29:44,5.521,1.255,91.854,0.502,0,5562960,158672,182364,2103016,17428.077,2501.628,0,1365.255,0,129.498,2576,3372,0.580,0.790,0.840,0,0,0,0,0,18,292,0,50,2
18-06 18:29:45,3.001,1.000,94.534,0.250,0,5562792,158672,182372,2103176,4561.649,1967.711,0,840.304,0,67.024,1662,2435,0.580,0.790,0.840,1,0,0,0,0,18,293,0,50,2
18-06 18:29:46,6.729,1.744,88.221,1.246,0,5563428,157944,182404,2103236,12902.221,3882.728,0,7284.975,0,517.365,3283,4823,0.580,0.790,0.840,1,0,5.981,0,0,18,292,0,46,2
18-06 18:29:47,9.237,4.993,84.878,0.499,0,5570000,179156,181652,2076228,12900.425,2950.751,0,1246.206,0,103.850,3401,9651,0.580,0.790,0.840,0,0,29.957,0,0,18,292,0,47,2
18-06 18:29:48,13.004,2.251,82.525,0.750,0,5570036,178932,181676,2076392,7162.157,2566.773,0,1684.507,0,179.054,3959,5641,0.530,0.780,0.830,0,0,0,0,0,18,292,0,49,2
18-06 18:29:49,7.774,1.505,89.028,0.752,0,5570256,178680,181676,2076424,6322.770,2402.512,0,1340.191,0,129.405,2631,3579,0.530,0.780,0.830,1,0,0,0,0,18,292,0,49,2
18-06 18:29:50,11.745,2.499,82.716,1.000,0,5570240,178428,181708,2076660,6074.473,2482.967,0,2027.157,0,235.902,3884,5867,0.530,0.780,0.830,1,0,0,0,0,18,292,0,44,2
18-06 18:29:51,5.984,1.496,90.760,1.496,0,5570156,178428,181724,2076728,4488.124,2011.677,0,6686.308,0,429.863,2835,4508,0.530,0.780,0.830,2,0,0,0,0,18,292,0,44,2
18-06 18:29:52,4.014,0.753,93.077,0.251,0.251,5570004,178428,181724,2076880,20676.618,5245.422,0,682.397,0,60.211,1841,2494,0.530,0.780,0.830,2,0,0,0,0,18,293,0,44,2
18-06 18:29:53,1.743,0.996,95.595,0.249,0,5569996,178428,181724,2076888,5940.807,2028.398,0,458.058,0,31.865,1269,1915,0.570,0.780,0.830,0,0,0.996,0,0,18,292,0,44,2
18-06 18:29:54,4.766,2.007,92.555,0,0,5570984,177424,181732,2076896,13281.707,4452.652,0,565.862,0,51.168,1844,2214,0.570,0.780,0.830,1,1,6.020,0,0,18,292,0,42,2
18-06 18:29:55,2.741,0.748,94.439,0.249,0,5570944,177424,181736,2076932,4656.666,1956.557,0,737.571,0,71.764,1477,2254,0.570,0.780,0.830,1,0,0,0,0,18,292,0,42,2
18-06 18:29:56,4.248,1.249,92.460,0.500,0,5570912,177424,181744,2076956,11337.099,2953.723,0,1159.499,0,95.959,2095,2979,0.570,0.780,0.830,0,0,0,0,0,18,292,0,42,2
18-06 18:29:57,7.759,1.752,89.105,0.501,0,5570824,177424,181768,2077020,12233.452,3410.028,0,1121.325,0,121.143,2942,4117,0.570,0.780,0.830,0,0,0,0,0,18,292,0,42,2
18-06 18:29:58,19.725,3.246,74.156,1.248,0,5570648,177424,181772,2077192,4734.015,1617.954,0,2001.470,0,242.693,6326,9784,0.680,0.800,0.840,0,1,0,0,0,18,293,0,42,2
18-06 18:29:59,22.060,3.510,70.694,1.253,0,5570400,177172,181780,2077684,6517.867,2572.050,0,2707.422,0,284.781,6676,9770,0.680,0.800,0.840,1,0,1.003,0,0,18,292,0,43,2
18-06 18:30:00,11.256,2.501,84.298,1.001,0,5570644,176920,181796,2077676,4802.729,1620.921,0,2253.280,0,216.123,3880,5780,0.680,0.800,0.840,2,0,0,0,0,18,295,0,44,2
18-06 18:30:01,7.984,1.746,87.072,1.247,0,5570268,176920,181820,2078028,12197.073,3518.809,0,6802.099,0,462.056,3912,6211,0.680,0.800,0.840,0,0,0,0,0,18,294,0,45,2
18-06 18:30:02,21.592,4.268,71.054,1.506,0,5570544,176416,181836,2078240,5532.677,1518.498,0,6873.415,0,674.888,8497,11864,0.680,0.800,0.840,1,0,0,0,0,18,295,0,47,2
18-06 18:30:03,25.216,3.995,68.907,0.999,0,5571192,175408,181852,2078584,5033.175,1617.806,0,2732.295,0,241.672,8050,12060,0.870,0.840,0.850,2,0,0.999,0,0,18,296,0,48,2
18-06 18:30:04,10.969,2.742,83.019,1.247,0,5571660,174652,181864,2078860,11754.279,3878.204,0,2660.594,0,257.284,3951,5982,0.870,0.840,0.850,0,0,0.997,0,0,18,294,0,49,2
18-06 18:30:05,9.498,1.500,86.481,0.750,0,5571756,174400,181876,2079004,5878.686,1619.638,15.996,1859.584,1.000,185.958,3473,4978,0.870,0.840,0.850,2,0,0,0,0,18,295,0,49,2
18-06 18:30:06,10.245,1.749,85.204,1.249,0,5572144,173896,181896,2079100,13348.837,3458.144,0,2534.640,0,266.857,4045,5998,0.870,0.840,0.850,0,0,0,0,0,18,294,0,48,2
18-06 18:30:07,11.009,3.002,84.316,0.751,0,5571860,173896,181908,2079372,7723.036,2568.007,0,2021.580,0,214.167,3569,5204,0.870,0.840,0.850,0,0,0,0,0,18,294,0,51,2
18-06 18:30:08,11.753,2.751,83.018,1.500,0,5575084,170632,181932,2079388,11402.532,3394.754,0,5977.327,0,438.097,4349,6653,0.800,0.830,0.850,0,0,3.001,0,0,18,294,0,51,2
18-06 18:30:09,10.541,1.757,86.838,0.251,0,5575176,170380,181936,2079544,6559.512,1529.950,0,1264.920,0,116.453,3410,4830,0.800,0.830,0.850,6,0,2.008,0,0,18,295,0,53,2
18-06 18:30:10,27.641,4.980,63.251,2.490,0,5574976,170156,181944,2079960,4840.964,1613.655,15.937,4275.189,0.996,516.967,9716,15881,0.800,0.830,0.850,1,0,2.988,0,0,18,295,0,46,2
18-06 18:30:11,22.991,4.998,67.224,1.499,0,5576000,168644,181948,2080444,4982.083,1713.341,0,5973.702,0,443.829,8797,13816,0.800,0.830,0.850,1,0,0,0,0,18,295,0,47,2
18-06 18:30:12,22.502,5.000,69.255,1.250,0,5576636,167888,181956,2080556,4607.318,2342.162,0,2544.175,0,265.018,7303,11097,0.800,0.830,0.850,0,0,0,0,0,18,294,0,49,2
18-06 18:30:13,7.523,2.257,88.275,1.254,0,5578212,165872,181996,2080956,5485.104,1691.274,200.626,5998.705,13.041,372.160,3301,4898,0.820,0.830,0.850,1,0,5.016,0,0,18,296,0,49,2
18-06 18:30:14,11.981,2.746,81.874,1.747,0,5578080,165872,182012,2081072,5378.692,1971.954,0,3566.491,0,380.412,4932,7504,0.820,0.830,0.850,1,0,0,0,0,18,294,0,47,2
18-06 18:30:15,4.997,1.499,91.445,0,0,5578024,165872,182012,2081128,10080.976,2941.242,0,739.558,0,57.965,2218,3122,0.820,0.830,0.850,1,0,0,0,0,18,295,0,47,2
18-06 18:30:16,8.239,1.997,87.637,0.999,0,5577792,165872,182020,2081352,5838.497,2633.616,0,1557.998,0,170.781,2992,4574,0.820,0.830,0.850,0,0,0,0,0,18,294,0,48,2
18-06 18:30:17,9.252,2.251,86.271,0.750,0,5578216,165396,182024,2081400,11723.787,3298.784,0,6609.571,0,454.108,3624,5020,0.820,0.830,0.850,1,0,0,0,0,18,294,0,48,2
18-06 18:30:18,17.832,3.767,75.849,1.256,0,5578048,165396,182028,2081564,4641.331,1627.480,0,2061.474,0,251.154,6433,9856,0.830,0.830,0.850,1,0,0,0,0,18,294,0,46,2
18-06 18:30:19,26.385,5.227,63.473,2.489,0,5577936,165144,182044,2081912,4623.850,1517.387,0,5085.836,0,587.440,9779,16114,0.830,0.830,0.850,4,0,1.991,0,0,18,295,0,46,2
18-06 18:30:20,24.106,4.771,67.548,1.758,0,5578824,163644,182052,2082500,4951.867,1627.185,0,8537.701,0,605.675,9508,15164,0.830,0.830,0.850,1,0,0,0,0,18,295,0,48,2
18-06 18:30:21,12.679,2.486,81.790,0.994,0,5578936,163392,182056,2082636,6224.993,2555.628,0,2569.550,0,232.691,4296,6528,0.830,0.830,0.850,0,0,0,0,0,18,294,0,49,2
18-06 18:30:22,9.999,2.000,86.244,0.750,0,5578808,163392,182060,2082760,4354.674,1457.891,0,1763.868,0,173.987,3595,5258,0.830,0.830,0.850,1,0,1.000,0,0,18,295,0,44,2
18-06 18:30:23,9.495,2.249,85.458,1.000,0,5579128,162888,182080,2082924,11650.264,3458.297,0,2023.004,0,225.889,4065,5921,0.760,0.820,0.850,3,0,1.000,0,0,18,294,0,45,2
18-06 18:30:24,11.768,3.005,83.377,1.002,0,5578932,162888,182128,2083072,5488.357,2573.919,0,1674.550,0,184.281,3503,5203,0.760,0.820,0.850,0,0,0,0,0,18,294,0,46,2
18-06 18:30:25,8.252,1.250,88.518,0.500,0,5578796,162888,182148,2083188,5596.149,2083.428,0,1420.292,0,108.022,2736,3851,0.760,0.820,0.850,1,0,0,0,0,18,294,0,47,2
18-06 18:30:26,5.002,1.250,91.784,0.500,0,5578696,162888,182192,2083244,10174.728,2998.099,0,1364.500,0,123.045,2268,3194,0.760,0.820,0.850,1,0,0,0,0,18,295,0,47,2
18-06 18:30:27,25.244,5.499,65.235,2.249,0,5578868,162384,182304,2083464,4947.837,1619.619,0,3851.095,0,477.888,9020,14604,0.760,0.820,0.850,1,0,1.000,0,0,18,295,0,46,2
18-06 18:30:28,26.545,5.259,65.611,2.003,0,5578884,161880,182392,2083864,3998.738,1514.552,0,9916.710,0,752.268,9269,14794,0.780,0.820,0.850,1,0,0,0,0,18,295,0,46,2
18-06 18:30:29,13.226,3.244,80.106,1.248,0,5578756,161628,182436,2084200,5516.097,2504.504,15.971,2463.577,0.998,265.523,4684,6890,0.780,0.820,0.850,1,0,0,0,0,18,294,0,48,2
18-06 18:30:30,13.002,3.000,82.011,0.750,0,5580980,159360,182456,2084224,8355.115,3570.476,0,2124.283,0,210.028,3965,5836,0.780,0.820,0.850,1,0,0,0,0,18,296,0,50,2
18-06 18:30:31,5.997,1.249,90.211,0.500,0,5580816,159360,182464,2084380,4504.039,2016.122,0,1659.277,0,134.941,2572,3899,0.780,0.820,0.850,1,0,0,0,0,18,296,0,46,2
18-06 18:30:32,7.003,1.751,89.282,0.500,0,5580748,159360,182476,2084436,12492.475,3593.287,0,1436.515,0,137.049,2800,3959,0.780,0.820,0.850,1,0,0,0,0,18,296,0,46,2
18-06 18:30:33,5.015,1.003,92.279,0.752,0,5580852,159108,182480,2084580,10330.287,2843.612,0,7089.472,0,503.525,2236,3107,0.800,0.830,0.850,1,0,1.003,0,0,18,297,0,46,2
18-06 18:30:34,25.659,4.982,67.013,1.495,0,5581468,158100,182500,2084952,5028.206,1680.055,0,3093.054,0,361.720,8663,13289,0.800,0.830,0.850,1,0,0,0,0,18,297,0,47,2
18-06 18:30:35,12.502,2.500,82.010,1.250,0,5581644,157852,182528,2084996,5978.742,2408.299,0,7564.939,0,502.062,4485,7277,0.800,0.830,0.850,0,0,0,0,0,18,294,0,47,2
18-06 18:30:36,8.501,1.500,88.006,0.500,0,5581796,157600,182528,2085096,9964.734,3178.234,0,1936.143,0,155.011,2858,4114,0.800,0.830,0.850,0,0,0,0,0,18,294,0,47,2
18-06 18:30:37,13.544,3.261,81.015,1.254,0,5581544,157600,182540,2085336,6048.803,1366.474,0,3431.234,0,207.680,4840,7696,0.800,0.830,0.850,1,0,0,0,0,18,295,0,47,2
18-06 18:30:38,21.913,4.233,69.722,1.494,0,5581940,156844,182572,2085664,5655.484,2389.487,0,3557.835,0,361.561,7510,11765,0.740,0.810,0.840,1,0,0,0,0,18,294,0,50,2
18-06 18:30:39,7.277,2.007,88.580,0.753,0,5581864,156844,182576,2085736,4757.729,1626.059,0,1967.331,0,162.606,2725,4000,0.740,0.810,0.840,1,0,0,0,0,18,295,0,43,2
18-06 18:30:40,8.975,1.994,86.260,0.997,0,5581912,156592,182592,2085924,5602.421,2391.350,0,2497.056,0,234.348,3438,5331,0.740,0.810,0.840,1,0,0,0,0,18,294,0,44,2
18-06 18:30:41,8.248,1.500,87.233,1.000,0,5582092,156340,182604,2085984,11612.687,3459.311,0,2259.550,0,193.961,3126,4548,0.740,0.810,0.840,0,0,0,0,0,18,294,0,44,2
18-06 18:30:42,6.750,1.750,90.000,0.750,0,5582320,156088,182604,2086008,10993.988,3081.997,0,1787.998,0,160.000,2731,4039,0.740,0.810,0.840,0,0,0,0,0,18,294,0,44,2
18-06 18:30:43,10.753,2.501,84.021,1.250,0,5582640,155584,182612,2086184,5411.359,2291.576,0,6237.567,0,428.108,3964,6157,0.740,0.810,0.840,0,0,1.000,0,0,18,294,0,42,2
18-06 18:30:44,9.272,2.005,86.209,0.501,0,5582508,155584,182620,2086308,4496.889,1611.903,0,1291.127,0,137.333,2905,4145,0.680,0.800,0.840,2,0,0,0,0,18,294,0,43,2
18-06 18:30:45,4.241,0.748,93.558,0.249,0,5582432,155584,182628,2086376,11308.777,4129.520,0,794.369,0,56.883,1839,2577,0.680,0.800,0.840,0,0,0,0,0,18,294,0,43,2
18-06 18:30:46,4.251,1.250,92.773,0.500,0,5582668,155332,182632,2086388,11870.949,3067.762,0,928.231,0,91.023,2037,2992,0.680,0.800,0.840,2,0,0,0,0,18,295,0,43,2
18-06 18:30:47,15.735,4.995,77.926,0.749,0,5581476,186892,182116,2056564,7515.826,2546.569,0,1754.325,0,208.801,4625,12506,0.680,0.800,0.840,0,0,35.966,0,0,18,294,0,44,2
18-06 18:30:48,10.002,1.500,86.265,1.250,0,5582188,186136,182124,2056600,11808.064,3394.593,0,1776.311,0,200.035,3434,4866,0.680,0.800,0.840,0,0,0,0,0,18,294,0,44,2
18-06 18:30:49,8.001,1.500,87.260,0.750,0.250,5582380,185884,182124,2056660,12036.444,3526.423,0,1556.187,0,165.020,2946,4336,0.780,0.820,0.840,0,0,0,0,0,18,294,0,45,2
18-06 18:30:50,7.250,2.000,89.497,0.250,0,5582432,185660,182128,2056828,9167.697,3409.887,0,1127.963,0,97.997,2710,3913,0.780,0.820,0.840,1,0,1.000,0,0,18,294,0,46,2
18-06 18:30:51,2.501,0.750,95.274,0.250,0,5582412,185660,182128,2056848,4021.008,1620.406,0,708.177,0,42.011,1237,1709,0.780,0.820,0.840,0,0,0,0,0,18,294,0,43,2
18-06 18:30:52,8.009,1.502,88.352,0.501,0,5582572,185408,182136,2056932,11431.134,2958.399,0,1285.477,0,131.151,3264,4886,0.780,0.820,0.840,1,1,0,0,0,18,296,0,43,2
18-06 18:30:53,25.298,5.260,65.875,2.505,0,5583448,184176,182148,2057276,4328.213,1623.080,16.030,14687.871,1.002,1066.023,9107,14619,0.780,0.820,0.840,2,0,1.002,0,0,18,295,0,43,2
18-06 18:30:54,25.008,5.502,66.272,1.500,0,5585008,180148,182160,2059732,4561.500,1620.533,0,2836.933,0,321.106,8448,13125,0.800,0.820,0.840,1,0,6.002,0,0,18,296,0,44,2
18-06 18:30:55,10.952,1.991,83.633,1.245,0,5584860,180148,182168,2059872,6172.944,2554.802,0,3158.158,0,290.726,3835,6044,0.800,0.820,0.840,0,0,0,0,0,18,294,0,45,2
18-06 18:30:56,10.754,2.001,84.529,0.750,0,5585052,179896,182172,2059928,6248.125,2510.854,0,1604.546,0,167.057,3531,5132,0.800,0.820,0.840,0,0,0,0,0,18,294,0,47,2
18-06 18:30:57,10.758,2.502,85.063,0.500,0,5585276,179644,182176,2059952,6493.838,2458.832,0,1465.091,0,148.110,3226,4563,0.800,0.820,0.840,1,0,0,0,0,18,294,0,49,2
18-06 18:30:58,8.001,1.750,88.508,0.500,0,5586528,178132,182176,2060212,4486.406,1566.142,0,1552.141,0,108.010,2530,3518,0.800,0.820,0.840,1,0,0,0,0,18,295,0,49,2
18-06 18:30:59,26.540,3.005,69.855,0.250,0,5596420,168052,182180,2060396,5047.567,1622.432,0,837.255,0,55.083,4185,4567,0.820,0.820,0.850,1,0,0,0,0,18,295,0,49,2
18-06 18:31:00,6.237,1.996,88.069,1.497,0,5597188,167044,182212,2060604,11683.976,3345.122,0,6957.694,0,499.972,3636,6203,0.820,0.820,0.850,0,0,0,0,0,18,294,0,49,2
18-06 18:31:01,8.750,1.750,88.002,0.750,0,5597744,166288,182220,2060796,11667.222,3472.066,0,1356.026,0,148.003,3020,4350,0.820,0.820,0.850,0,0,0,0,0,18,294,0,49,2
18-06 18:31:02,11.750,1.500,84.498,0.750,0,5597696,166288,182228,2060836,11843.729,3351.923,0,1419.967,0,155.996,3061,4211,0.820,0.820,0.850,0,0,0,0,0,18,294,0,49,2
18-06 18:31:03,12.802,3.263,81.834,1.255,0,5598124,165812,182232,2060880,4564.610,1572.411,0,6068.742,0,630.571,4686,7075,0.820,0.820,0.850,1,0,1.004,0,0,18,295,0,44,2
18-06 18:31:04,23.660,3.487,68.989,1.245,0,5598504,165056,182240,2061248,11201.626,3752.804,0,3024.558,0,336.726,7651,11655,0.830,0.830,0.850,0,0,0,0,0,18,294,0,46,2
18-06 18:31:05,6.753,1.751,89.546,0.500,0,5598464,165056,182244,2061284,7031.629,1686.871,0,1576.814,0,116.060,2578,3587,0.830,0.830,0.850,2,0,0,0,0,18,298,0,47,2
18-06 18:31:06,26.033,4.255,68.336,0.751,0,5599500,163548,182248,2061752,7014.875,1567.984,176.223,1457.844,11.014,124.157,7408,10390,0.830,0.830,0.850,0,0,1.001,0,0,18,298,0,64,2
18-06 18:31:07,24.506,3.751,69.017,1.000,0,5600640,162300,182248,2061844,5990.478,1512.373,0,2692.664,0,210.052,7268,10232,0.830,0.830,0.850,1,0,2.000,0,0,18,298,0,69,2
18-06 18:31:08,22.684,3.739,71.042,1.246,0,5601324,161040,182256,2062412,12045.756,3396.064,0,7398.354,0,417.778,6473,9212,0.830,0.830,0.850,0,0,0,0,0,18,297,0,77,2
18-06 18:31:09,14.558,4.016,79.569,0.753,0,5643388,148216,181740,2033688,4791.192,1518.081,4.016,2200.816,1.004,167.672,4330,6528,0.770,0.810,0.840,4,0,4.016,0,0,18,298,0,77,2
18-06 18:31:10,29.996,5.249,61.492,1.250,0,5643384,147760,181772,2034188,4559.433,1619.798,0,3279.592,0,349.956,8820,13577,0.770,0.810,0.840,2,0,2.000,0,0,18,298,0,79,2
18-06 18:31:11,9.672,1.240,86.548,1.240,0,5643152,147760,181808,2034384,5247.431,2592.965,0,2571.142,0,233.109,3301,5265,0.770,0.810,0.840,0,0,0.992,0,0,18,297,0,80,2
18-06 18:31:12,5.777,1.507,90.674,0.754,0,5643064,147760,181832,2034448,5483.640,2521.791,0,2037.527,0,186.874,2566,4004,0.770,0.810,0.840,0,0,0,0,0,18,297,0,77,2
18-06 18:31:13,4.500,1.250,91.496,0.750,0,5643500,147260,181848,2034496,5484.754,2509.887,0,1347.940,0,133.994,2413,3571,0.770,0.810,0.840,0,0,1.000,0,0,18,297,0,77,2
18-06 18:31:14,6.503,1.751,89.789,0.500,0,5643724,147008,181852,2034520,5547.385,2511.080,0,1296.558,0,135.058,2659,3829,0.700,0.800,0.840,0,0,0,0,0,18,297,0,77,2
18-06 18:31:15,14.771,2.504,81.869,0.250,0,5644600,145748,181856,2034900,4308.261,1514.201,0,977.420,0,71.103,3491,4244,0.700,0.800,0.840,1,0,0,0,0,18,298,0,78,2
18-06 18:31:16,3.494,1.248,92.093,1.747,0,5644508,145748,181876,2034972,5950.844,2145.339,0,5969.811,0,417.288,2797,4694,0.700,0.800,0.840,1,0,0,0,0,18,297,0,75,2
18-06 18:31:17,4.749,1.250,92.734,0.250,0,5644452,145748,181892,2035012,6570.892,2082.649,0,1019.828,0,96.984,2146,3155,0.700,0.800,0.840,1,0,0,0,0,18,297,0,75,2
18-06 18:31:18,4.999,1.500,90.981,0.500,0,5644536,145496,181900,2035172,5999.739,2028.574,0,1107.767,0,117.975,2460,3688,0.700,0.800,0.840,1,0,0,0,0,18,297,0,76,2
18-06 18:31:19,7.255,1.751,88.810,0.500,0,5644988,144992,181904,2035220,11961.018,3420.293,0,1180.792,0,128.086,2956,4331,0.650,0.790,0.830,1,0,2.001,0,0,18,297,0,77,2
18-06 18:31:20,20.262,3.752,72.792,1.501,0,5644968,144740,181924,2035472,4742.708,1620.926,0,2405.374,0,301.172,6977,10694,0.650,0.790,0.830,1,0,1.001,0,0,18,298,0,77,2
18-06 18:31:21,26.557,4.259,66.392,1.253,0,5646076,143480,181932,2035616,4856.395,1569.359,0,2749.886,0,270.579,6545,9303,0.650,0.790,0.830,3,0,0,0,0,18,297,0,80,2
18-06 18:31:22,4.734,0.997,92.679,0.747,0,5645816,143480,181944,2035864,5988.251,2461.471,0,1961.204,0,144.499,2173,3538,0.650,0.790,0.830,1,0,0,0,0,18,297,0,80,2
18-06 18:31:23,5.247,0.999,91.452,0.750,0,5646492,142728,181968,2035916,5813.957,2459.713,0,1799.058,0,184.903,2593,3880,0.650,0.790,0.830,0,0,0.999,0,0,18,297,0,80,2
18-06 18:31:24,6.008,1.252,91.615,0.501,0,5645400,143772,181976,2035956,5704.157,1977.481,0,7337.206,0,494.621,2460,3442,0.590,0.770,0.830,1,0,0,0,0,18,297,0,78,2
18-06 18:31:25,6.996,1.499,88.955,0.500,0,5645628,143520,181984,2035972,11788.993,3458.238,0,1451.261,0,142.927,2941,4104,0.590,0.770,0.830,0,0,0,0,0,18,297,0,79,2
18-06 18:31:26,17.028,3.756,76.124,2.003,0,5645504,143520,182040,2036040,4553.392,1568.546,0,6867.148,0,546.888,6562,10329,0.590,0.770,0.830,2,0,0,0,0,18,297,0,80,3
18-06 18:31:27,16.028,1.753,80.639,0.501,0,5466564,322012,182144,2036384,6540.258,267935.224,460.793,713.228,27.047,38.066,2254,2196,0.590,0.770,0.830,0,0,14.024,0,0,18,297,0,80,2
18-06 18:31:28,1.746,0.748,96.305,0.499,0,5466464,322164,182148,2036328,4357.172,1562.834,0,826.326,0,42.913,1164,1849,0.590,0.770,0.830,1,0,0,0,0,18,297,0,78,2
18-06 18:31:29,1.249,0.499,96.645,0,0,5466460,322164,182152,2036328,4467.155,1510.362,0,811.120,0,33.963,1036,1495,0.710,0.790,0.830,2,0,0,0,0,18,297,0,78,2
18-06 18:31:30,2.251,1.251,94.289,0.500,0,5466184,322420,182172,2036328,4862.032,1620.677,0,904.378,0,88.037,1889,3022,0.710,0.790,0.830,0,0,0,0,0,18,297,0,78,2
18-06 18:31:31,1.502,1.251,96.352,0.250,0,5466404,322180,182192,2036328,4156.387,973.027,0,708.748,0,56.059,1396,2194,0.710,0.790,0.830,1,0,0,0,0,18,297,0,78,2
18-06 18:31:32,0.998,0.499,96.835,0.250,0,5466392,322180,182192,2036340,5170.194,1629.225,0,483.177,0,30.947,1075,1586,0.710,0.790,0.830,0,0,0,0,0,18,297,0,74,2
18-06 18:31:33,1.500,0.500,96.973,0.250,0,5466392,322180,182192,2036340,4988.609,1619.548,0,459.872,0,32.991,1070,1529,0.710,0.790,0.830,0,0,1.000,0,0,18,297,0,74,2
18-06 18:31:34,1.500,0.750,97.018,0.250,0,5466388,322180,182196,2036340,4866.885,1686.306,0,1024.186,0,106.019,1113,1625,0.730,0.800,0.830,0,0,0,0,0,18,297,0,74,2
18-06 18:31:35,1.000,0.500,97.259,0,0,5466388,322180,182196,2036340,5040.455,1620.146,0,36.003,0,5.000,998,1370,0.730,0.800,0.830,0,0,0,0,0,18,297,0,74,2
18-06 18:31:36,1.243,0.497,95.945,0,0.249,5466388,322180,182208,2036328,4951.336,1610.676,0,155.102,0,15.908,1084,1542,0.730,0.800,0.830,0,1,0,0,0,18,297,0,71,2
18-06 18:31:37,1.760,0.754,97.283,0,0,5466368,322180,182208,2036348,5627.846,1628.928,0,124.683,0,15.083,1074,1531,0.730,0.800,0.830,0,0,0,0,0,18,297,0,71,2
18-06 18:31:38,1.500,0.750,96.515,0,0,5466364,322180,182208,2036352,4832.736,1512.230,0,128.020,0,17.003,1140,1753,0.730,0.800,0.830,0,0,0,0,0,18,297,0,71,2
18-06 18:31:39,1.502,0.501,96.859,0,0,5466232,322180,182212,2036480,4625.184,1621.818,0,1249.400,0,15.017,1038,1472,0.750,0.800,0.840,1,1,0,0,0,18,297,0,71,2
18-06 18:31:40,2.004,0.501,95.701,0.501,0,5466216,322180,182228,2036480,4621.718,1635.439,0,501.054,0,60.126,1645,2588,0.750,0.800,0.840,1,0,0,0,0,18,297,0,67,2
18-06 18:31:41,1.496,0.997,96.480,0.249,0,5459660,328716,182236,2036492,4666.915,1615.471,0,1826.878,0,302.153,1318,1785,0.750,0.800,0.840,1,0,1.994,0,0,18,297,0,67,2
18-06 18:31:42,1.000,0.250,96.738,0,0,5459652,328716,182240,2036496,4562.432,1565.805,0,283.965,0,17.998,1091,1621,0.750,0.800,0.840,0,0,0,0,0,18,297,0,67,2
18-06 18:31:43,1.250,1.000,97.008,0.250,0,5459652,328716,182240,2036496,4292.352,1512.124,0,40.003,0,6.000,1058,1485,0.750,0.800,0.840,0,0,1.000,0,0,18,297,0,67,2
18-06 18:31:44,1.250,0.250,97.747,0,0,5459648,328716,182240,2036500,4619.845,1619.946,0,0,0,0,977,1417,0.850,0.820,0.840,0,0,0,0,0,18,297,0,66,2
18-06 18:31:45,1.500,1.000,95.979,0,0,5459640,328716,182248,2036500,4403.057,1804.614,0,255.945,0,22.995,1229,1794,0.850,0.820,0.840,0,0,0,0,0,18,297,0,66,2
18-06 18:31:46,2.501,0.500,95.523,0,0,5459628,328716,182248,2036512,10822.591,2650.635,0,208.050,0,21.005,1455,1941,0.850,0.820,0.840,0,0,0,0,0,18,297,0,66,2
18-06 18:31:47,6.497,3.498,89.460,0,0,5479488,308856,182248,2036236,6472.116,1577.297,0,71.968,0,5.997,2223,11404,0.850,0.820,0.840,0,0,35.984,0,0,18,297,0,67,2
18-06 18:31:48,1.501,0.750,96.301,0.250,0,5479460,308856,182260,2036512,5028.669,1566.832,0,116.062,0,16.008,1214,1799,0.850,0.820,0.840,0,0,0,0,0,18,297,0,64,2
18-06 18:31:49,1.251,0.500,96.594,0,0,5479456,308856,182264,2036512,5225.095,1663.622,0,224.219,0,18.018,1112,1580,0.870,0.820,0.840,1,0,0,0,0,18,297,0,64,2
18-06 18:31:50,2.747,1.249,94.895,0.499,0,5479444,308856,182272,2036516,4099.458,1522.313,0,515.429,0,57.936,1827,2856,0.870,0.820,0.840,0,0,0,0,0,18,297,0,64,2
18-06 18:31:51,1.250,0.750,96.502,0.250,0,5479416,308856,182288,2036528,4860.099,1620.033,0,364.007,0,28.001,1160,1674,0.870,0.820,0.840,0,0,0,0,0,18,297,0,64,2
18-06 18:31:52,1.250,0.250,97.477,0,0,5479412,308856,182292,2036528,5027.825,1511.647,0,303.929,0,21.995,1110,1655,0.870,0.820,0.840,0,0,0,0,0,18,297,0,64,2
18-06 18:31:53,1.250,1.000,96.479,0,0,5479412,308856,182292,2036528,4545.033,1565.667,0,59.987,0,6.999,1041,1476,0.870,0.820,0.840,0,0,1.000,0,0,18,297,0,62,2
18-06 18:31:54,1.251,1.501,95.556,0,0,5479412,308856,182292,2036528,4502.626,1620.945,0,0,0,0,1133,1452,0.880,0.830,0.840,0,0,6.004,0,0,18,297,0,62,2
18-06 18:31:55,1.749,0.500,96.966,0,0,5479412,308856,182292,2036528,4590.372,1511.464,0,531.811,0,111.960,1017,1408,0.880,0.830,0.840,0,0,0,0,0,18,297,0,62,2
18-06 18:31:56,1.250,1.000,97.008,0,0,5479412,308856,182292,2036528,4440.359,1620.131,0,52.004,0,6.000,1036,1459,0.880,0.830,0.840,1,0,0,0,0,18,297,0,62,2
18-06 18:31:57,1.000,0.250,97.514,0,0,5479412,308856,182292,2036528,4951.716,1404.203,0,0,0,0,993,1433,0.880,0.830,0.840,0,0,0,0,0,18,297,0,58,2
18-06 18:31:58,6.270,1.755,90.784,0.502,0,5482744,305508,182328,2036508,134344.758,1570.920,24.075,457.433,3.009,45.141,1818,2360,0.880,0.830,0.840,0,0,4.013,0,0,18,297,0,58,2
18-06 18:31:59,12.707,4.734,80.480,0.498,0,5498920,289048,182380,2036740,428462.810,9518.029,183.384,2914.211,6.977,175.411,3188,2987,1.050,0.860,0.860,2,0,34.883,0,0,18,297,0,58,2
18-06 18:32:00,17.497,5.999,75.237,0.500,0,5491516,290088,182412,2043072,149325.600,3123.448,151.973,927.836,2.999,73.987,3320,3306,1.050,0.860,0.860,2,0,23.996,0,0,18,297,0,58,2
