"pcp-dstat 6.2.0 CSV Output"
"Author:","PCP team <pcp@groups.io> and Dag Wieers <dag@wieers.com>",,,,"URL:","https://pcp.io/ and http://dag.wieers.com/home-made/dstat/"
"Host:","ubuntu",,,,"User:","ubuntu"
"Cmdline:","dstat -tcmndrylpg --tcp --output /tmp/devstack_logs/dstat-csv.log",,,,"Date:","26 Jun 2026 17:10:06 UTC"
"system","total usage",,,,,"memory usage",,,,"net/total",,"dsk/total",,"io/total",,"system",,"load avg",,,"procs",,,"paging",,"tcp sockets",,,,
"time","total usage:usr","total usage:sys","total usage:idl","total usage:wai","total usage:stl","used","free","buf","cach","net/total:recv","net/total:send","dsk/total:read","dsk/total:writ","read","writ","int","csw","1m","5m","15m","run","blk","new","in","out","lis","act","syn","tim","clo"
26-06 17:10:06,,984704,1435396,168528,5219128,,,,,,,1.330,0.840,0.460,2,0,,,,10,4,0,17,0
26-06 17:10:07,17.268,20.772,60.565,0.501,0,1000344,1419332,168584,5219436,19603.881,5931.318,0,648.691,0,26.028,5259,3830,1.390,0.860,0.470,1,0,317.338,0,0,10,5,0,17,0
26-06 17:10:08,15.970,21.210,59.887,0.250,0,979208,1440228,168688,5219544,37506.093,10015.066,0,1125.871,0,39.925,5491,3869,1.390,0.860,0.470,3,0,342.353,0,0,10,6,0,17,0
26-06 17:10:09,26.756,20.005,52.012,0.750,0.250,994912,1423500,168876,5220180,27010.343,15243.579,0,1984.466,0,60.014,5898,5296,1.390,0.860,0.470,2,0,285.067,0,0,10,6,0,17,0
26-06 17:10:10,30.523,18.514,49.037,0.751,0,1016980,1395848,169152,5259892,45754.575,15161.457,4947.739,5400.081,91.069,72.054,7189,8254,1.390,0.860,0.470,3,0,226.171,0,0,11,5,0,17,1
26-06 17:10:11,27.960,6.241,62.911,0.999,0,1118580,1290512,169328,5353336,22822.643,12490.292,2244.817,1769.491,35.949,73.895,3302,2862,1.390,0.860,0.470,2,0,38.945,0,0,11,7,1,17,1
26-06 17:10:12,34.479,12.243,49.970,0.500,0,1149156,1234164,169656,5377432,176133.742,8807.637,0,1726.948,0,63.961,4207,2564,1.440,0.880,0.470,3,0,106.935,0,0,11,6,1,17,2
26-06 17:10:13,37.531,11.760,48.540,0.250,0.250,1185236,1178688,170648,5393216,4896.037,1587.309,32.026,3382.789,2.002,82.068,4335,3275,1.440,0.880,0.470,2,0,144.119,0,0,11,6,1,19,2
26-06 17:10:14,43.161,5.738,48.400,0.748,0,1237500,1110268,171164,5406664,4955.774,1636.623,0,2323.206,0,32.932,3052,1897,1.440,0.880,0.470,4,1,0,0,0,11,6,1,19,2
26-06 17:10:15,39.405,6.024,47.436,5.271,0.251,1265544,1052744,172584,5431956,5212.442,1592.245,0,15159.453,0,1001.929,7086,10272,1.440,0.880,0.470,2,1,10.039,0,0,11,8,1,19,2
26-06 17:10:16,30.926,9.727,42.398,13.468,0,1270432,1012396,174596,5462528,5242.431,1570.235,0,68811.017,0,5061.864,18129,33118,1.440,0.880,0.470,2,0,62.849,0,0,11,8,1,19,2
26-06 17:10:17,40.754,8.751,45.254,3.750,0,1251516,1035772,175448,5455476,5604.491,2100.184,0,15017.315,0,1115.098,6463,8201,1.480,0.900,0.480,2,0,90.008,0,0,11,4,1,19,0
26-06 17:10:18,43.082,7.264,48.843,0.250,0.250,1274912,1012552,175448,5455396,4286.187,1271.428,0,977.868,0,53.101,3120,1767,1.480,0.900,0.480,2,0,35.067,0,0,11,5,1,19,0
26-06 17:10:19,41.209,4.745,51.948,0.999,0,1250888,1029484,175620,5461656,11120.877,3848.151,0,9818.180,0,597.402,3638,3396,1.480,0.900,0.480,2,0,13.986,0,0,11,4,1,19,0
26-06 17:10:20,42.545,9.760,45.549,0.250,0,1274876,1004100,175660,5462860,5031.369,1567.673,0,6947.414,0,263.281,10267,17304,1.480,0.900,0.480,2,0,13.014,0,0,11,4,1,19,0
26-06 17:10:21,43.901,8.231,45.897,0,0,1305148,973696,175684,5462912,4353.184,1023.692,0,87.802,0,0.998,10583,17613,1.480,0.900,0.480,2,0,19.955,0,0,11,4,1,19,0
26-06 17:10:22,29.513,23.761,45.520,0.250,0,1162352,1124580,175692,5455556,5028.249,1640.734,0,1768.791,0,17.008,5974,4455,1.520,0.920,0.490,3,0,403.180,0,0,11,4,1,19,0
26-06 17:10:23,25.759,22.507,51.017,0,0,1111936,1174844,175692,5456156,4727.561,1566.517,0,52.017,0,11.004,6220,6192,1.520,0.920,0.490,1,0,414.137,0,0,11,4,1,19,0
26-06 17:10:24,32.687,16.718,49.155,0,0,1147216,1139508,175692,5456196,4650.984,1616.866,0,866.321,0,118.770,5441,5727,1.520,0.920,0.490,2,0,193.625,0,0,11,5,1,19,0
26-06 17:10:25,45.794,5.255,48.296,0,0,1226812,1059800,175700,5456296,4864.622,1621.541,0,15879.086,0,99.094,2737,1417,1.520,0.920,0.490,2,0,0,0,0,11,5,1,19,0
26-06 17:10:26,43.264,7.502,48.516,0,0,1257380,1028624,175704,5456908,5334.746,1606.526,0,1660.543,0,60.020,2783,1632,1.520,0.920,0.490,4,0,0,0,0,11,5,1,13,0
26-06 17:10:27,24.479,10.491,63.946,0.250,0,1281144,1002632,175720,5459056,5517.358,1618.638,0,1962.349,0,103.913,3953,4636,1.720,0.970,0.510,1,0,120.898,0,0,10,4,1,13,0
26-06 17:10:28,21.769,4.504,72.562,0,0,1344992,938760,175724,5459060,4864.146,1621.382,0,380.324,0,4.003,2044,1608,1.720,0.970,0.510,1,0,19.016,0,0,11,4,1,13,0
26-06 17:10:29,23.983,2.248,73.449,0,0,1372712,911040,175724,5459060,5801.980,1564.916,0,0,0,0,1788,1215,1.720,0.970,0.510,1,0,0.999,0,0,11,4,1,13,0
26-06 17:10:30,22.761,3.502,70.534,1.000,0,1390508,892952,175760,5459308,5794.817,1512.735,0,22514.943,0,317.154,4029,5210,1.720,0.970,0.510,1,0,1.000,0,0,11,4,1,15,0
26-06 17:10:31,20.496,5.999,72.736,0,0,1385628,897816,175760,5459316,6121.846,1639.691,0,0,0,0,2284,1600,1.720,0.970,0.510,2,0,41.992,0,0,11,4,1,15,0
26-06 17:10:32,19.263,2.252,78.554,0,0,1405728,877436,175760,5459508,7739.329,3899.685,0,2401.654,0,39.027,1655,1131,1.660,0.970,0.510,1,0,0,0,0,11,11,1,15,0
26-06 17:10:33,21.268,2.502,73.311,1.251,0,1403372,879216,175828,5459904,7412.124,4383.622,268.222,3935.251,66.055,144.119,2904,3306,1.660,0.970,0.510,0,0,3.002,0,0,11,29,1,15,0
26-06 17:10:34,18.479,6.243,74.417,0,0,1382708,899860,175832,5459920,9035.952,4800.662,0,2916.757,0,23.973,2584,2068,1.660,0.970,0.510,1,0,42.952,0,0,11,28,1,16,0
26-06 17:10:35,18.287,3.257,78.408,0,0,1424764,857796,175832,5459924,8902.893,5549.153,0,19695.585,0,237.477,1851,1980,1.660,0.970,0.510,1,0,0,0,0,11,29,1,16,0
26-06 17:10:36,19.215,10.481,68.876,0,0,1419688,862848,175832,5459948,8207.212,4385.099,0,551.007,0,9.982,3435,2659,1.660,0.970,0.510,2,0,155.719,0,0,11,28,1,17,0
26-06 17:10:37,43.001,6.250,50.002,0,0,1510344,772192,175832,5459948,6367.213,3050.102,0,76.003,0,4.000,2658,1425,1.690,0.990,0.520,4,0,0,0,0,11,29,1,17,0
26-06 17:10:38,30.816,4.760,63.887,0.251,0,1509572,772748,175840,5460156,21168.250,17298.979,0,244.523,0,15.032,6137,7935,1.690,0.990,0.520,5,0,0,0,0,11,30,1,17,0
26-06 17:10:39,50.511,25.506,23.005,0.250,0,1477696,804604,175844,5460172,5828.313,2485.560,0,560.126,0,39.009,5930,5746,1.690,0.990,0.520,7,0,507.114,0,0,11,28,1,16,0
26-06 17:10:40,81.124,16.225,0,0,0,1717096,565184,175844,5462424,7616.209,3803.112,0,231.641,0,0.998,5223,6659,1.690,0.990,0.520,8,0,105.836,0,0,11,29,1,16,0
26-06 17:10:41,82.011,11.965,3.739,0,0,1810808,471372,175844,5460276,32872.114,28546.731,0,299.127,0,15.953,7341,13498,1.690,0.990,0.520,6,0,1.994,0,0,11,33,1,17,0
26-06 17:10:42,67.519,12.550,18.825,0,0,1667784,614188,175864,5460464,22049.718,17676.320,0,598.380,0,67.268,6936,9426,2.200,1.110,0.560,1,0,250.999,0,0,11,28,1,22,1
26-06 17:10:43,19.994,6.748,71.978,0.500,0,1556312,725612,175904,5460472,5300.380,1685.485,0,3470.939,0,196.940,2977,2860,2.200,1.110,0.560,1,0,59.982,0,0,11,28,1,22,0
26-06 17:10:44,18.458,2.494,78.072,0,0,1568580,713328,175916,5460476,8922.600,5517.386,0,311.288,0,15.964,1873,1623,2.200,1.110,0.560,1,0,0,0,0,11,29,1,22,0
26-06 17:10:45,16.043,8.272,74.953,0.501,0,1521288,760564,175952,5460488,8308.475,4542.287,0,60868.653,0,524.419,4236,4768,2.200,1.110,0.560,1,0,68.184,0,0,11,28,1,23,0
26-06 17:10:46,21.718,2.996,74.390,0,0,1544376,737476,175952,5460488,5920.206,3075.432,0,0,0,0,1812,1217,2.200,1.110,0.560,0,0,0,0,0,11,29,1,23,0
26-06 17:10:47,16.479,1.748,80.148,0,0,1518668,763160,175956,5460508,10922.033,7081.943,0,1202.462,0,30.960,2768,3138,2.100,1.100,0.560,2,0,0,0,0,11,28,1,24,0
26-06 17:10:48,10.002,19.253,68.761,0,0,1473436,808380,175956,5460520,4606.714,1566.243,0,172.027,0,9.001,4912,3200,2.100,1.100,0.560,2,0,297.046,0,0,11,28,1,24,0
26-06 17:10:49,19.308,31.093,48.395,0,0,1455136,826660,175956,5460540,4425.264,1516.545,0,228.685,0,20.060,6046,4653,2.100,1.100,0.560,6,0,621.864,0,0,11,28,1,24,0
26-06 17:10:50,82.746,17.499,0,0,0,1648764,633008,175956,5460564,4907.765,1565.925,0,7231.654,0,80.996,5181,3042,2.100,1.100,0.560,6,0,121.994,0,0,11,28,1,24,0
26-06 17:10:51,76.495,9.967,12.708,0,0,1756504,525152,175956,5460744,34126.225,31192.007,0,34325.560,0,507.309,6871,8330,2.100,1.100,0.560,3,0,0,0,0,11,33,1,24,0
26-06 17:10:52,76.496,13.544,10.032,0.502,0,1679192,602348,175992,5460824,27496.451,21312.558,0,678.182,0,77.248,9518,13417,2.170,1.140,0.580,6,0,153.494,0,0,11,28,1,25,0
26-06 17:10:53,81.447,18.238,0.250,0,0,1668628,612820,175992,5460916,6428.796,3666.602,0,2530.345,0,143.906,5287,3231,2.170,1.140,0.580,5,0,156.897,0,0,11,29,1,25,0
26-06 17:10:54,85.521,10.503,2.251,0,0,1833396,447752,175992,5461212,30937.745,26606.661,0,156.039,0,12.003,6820,7452,2.170,1.140,0.580,3,0,0,0,0,11,34,1,25,0
26-06 17:10:55,75.688,11.990,11.990,0,0,1703356,577564,175996,5461432,36401.366,31826.091,0,307.749,0,25.979,9356,14241,2.170,1.140,0.580,2,0,162.867,0,0,11,30,1,28,0
26-06 17:10:56,46.298,13.514,39.291,0,0,1518416,762460,176004,5461468,12078.509,7045.296,0,668.693,0,22.023,5180,5012,2.170,1.140,0.580,2,0,135.140,0,0,11,28,1,29,0
26-06 17:10:57,34.902,5.235,59.583,0,0,1535208,745656,176004,5461480,15356.876,11547.573,0,175.507,0,7.978,3519,2968,2.080,1.130,0.580,2,0,0,0,0,11,30,1,29,0
26-06 17:10:58,44.385,21.566,32.098,0,0,1530128,750672,176016,5461532,13494.175,9875.132,0,1697.179,0,148.453,6952,7298,2.080,1.130,0.580,4,0,329.004,0,0,11,28,1,31,0
26-06 17:10:59,63.012,10.502,26.755,0,0,1590604,690184,176020,5461540,11300.173,8957.722,0,200.038,0,11.002,4048,2192,2.080,1.130,0.580,1,0,51.010,0,0,11,31,1,27,0
26-06 17:11:00,50.222,5.497,41.977,0.250,0,1566856,713724,176036,5461732,27891.615,22481.599,0,987.455,0,56.969,6241,9682,2.080,1.130,0.580,4,0,8.995,0,0,11,28,1,28,0
26-06 17:11:01,73.022,22.257,5.252,0,0.250,1566760,713792,176040,5461756,5470.682,1632.502,0,704.217,0,14.004,5171,3066,2.080,1.130,0.580,4,0,249.077,0,0,11,28,1,28,0
26-06 17:11:02,68.502,8.750,22.501,0,0,1671992,608524,176040,5461792,25252.786,21773.678,0,268.008,0,25.001,5606,5555,2.150,1.160,0.590,3,0,0,0,0,11,32,1,28,0
26-06 17:11:03,58.857,13.467,25.688,0,0,1532304,747984,176068,5461992,26866.645,21596.465,0,422.971,0,36.910,8801,12216,2.150,1.160,0.590,5,0,244.405,0,0,11,28,1,28,0
26-06 17:11:04,62.901,14.284,23.055,0.251,0,1595792,684472,176072,5462008,5370.909,1461.513,0,224.540,0,11.027,3805,1842,2.150,1.160,0.590,3,0,79.190,0,0,11,28,1,28,0
26-06 17:11:05,45.405,6.237,47.401,0,0,1629212,651008,176072,5462052,28150.958,23747.194,0,0,0,0,5883,6872,2.150,1.160,0.590,3,0,0,0,0,11,31,1,28,0
26-06 17:11:06,54.538,19.764,24.767,0,0,1527992,752040,176080,5462232,12681.828,8149.673,0,804.560,0,46.032,6223,6544,2.150,1.160,0.590,3,0,299.208,0,0,11,28,1,30,0
26-06 17:11:07,57.827,7.260,33.795,0,0.250,1599484,680540,176080,5462240,14594.473,11084.790,0,216.289,0,11.015,4212,2547,2.220,1.190,0.610,2,0,0,0,0,11,31,1,30,0
26-06 17:11:08,50.737,7.498,40.490,0.250,0,1579292,700388,176084,5462580,24134.915,19680.038,0,987.751,0,72.982,6593,9001,2.220,1.190,0.610,3,0,42.989,0,0,11,28,1,33,0
26-06 17:11:09,59.924,19.226,20.474,0,0,1553272,726388,176088,5462596,4879.783,1024.695,0,167.786,0,11.985,4445,2688,2.220,1.190,0.610,3,0,244.688,0,0,11,28,1,33,0
26-06 17:11:10,50.897,6.237,42.414,0,0,1602744,676768,176088,5462744,19841.864,16709.201,0,107.782,0,5.988,4039,3866,2.220,1.190,0.610,2,0,0,0,0,11,31,1,33,0
26-06 17:11:11,54.916,13.541,30.342,0.251,0,1468668,810608,176108,5462936,17419.652,11494.744,128.388,930.813,1.003,59.179,6444,7916,2.220,1.190,0.610,3,0,113.343,0,0,11,28,0,35,0
26-06 17:11:12,58.040,8.220,32.632,0,0,1564780,714492,176108,5462940,11194.449,7744.945,0,119.567,0,8.968,3613,1827,2.280,1.220,0.620,3,0,0,0,0,11,30,0,35,0
26-06 17:11:13,51.964,10.543,37.655,0.251,0,1556108,723100,176116,5462992,23655.366,20099.731,0,373.537,0,40.165,6245,8389,2.280,1.220,0.620,5,0,118.488,0,0,11,29,0,36,0
26-06 17:11:14,73.993,24.748,1.250,0,0,1575592,703560,176116,5463052,7214.300,2488.759,0,235.977,0,21.998,5827,5176,2.280,1.220,0.620,7,0,490.952,0,0,11,28,0,37,0
26-06 17:11:15,81.269,18.504,0,0,0,1740304,538820,176116,5463088,11436.718,7858.868,0,192.046,0,8.002,5816,4945,2.280,1.220,0.620,6,0,389.092,0,0,11,30,0,37,0
26-06 17:11:16,78.507,19.752,1.250,0,0,1835092,443832,176124,5463280,37998.215,33302.818,0,1112.094,0,66.006,8048,10002,2.280,1.220,0.620,6,0,371.031,0,0,11,32,0,36,0
26-06 17:11:17,77.978,20.494,1.250,0,0,1736596,542056,176140,5463512,32569.615,27142.179,0,539.844,0,43.987,7341,8547,2.740,1.340,0.660,7,0,365.895,0,0,11,28,0,36,0
26-06 17:11:18,83.517,16.003,0.250,0,0,1661176,617428,176148,5463548,9294.889,5261.069,0,132.027,0,10.002,5415,3419,2.740,1.340,0.660,5,0,125.025,0,0,11,29,0,36,0
26-06 17:11:19,76.504,8.750,14.251,0,0,1759868,518684,176148,5463600,30190.724,26124.492,0,2860.163,0,147.008,6181,7275,2.740,1.340,0.660,5,0,1.000,0,0,11,32,0,37,0
26-06 17:11:20,67.214,13.992,18.240,0,0,1619376,658944,176148,5463828,34388.561,29361.256,0,7.996,0,1.999,9135,14404,2.740,1.340,0.660,3,0,295.841,0,0,11,28,0,41,0
26-06 17:11:21,12.491,28.730,56.711,0,0,1470276,808028,176148,5463844,5339.304,1564.917,0,1011.300,0,35.975,6214,4819,2.740,1.340,0.660,3,0,594.588,0,0,11,28,0,41,0
26-06 17:11:22,59.323,34.042,6.758,0,0.250,1559828,718428,176148,5463888,5318.502,1513.851,0,36.044,0,9.011,5719,4876,3.160,1.450,0.700,4,0,711.870,0,0,11,28,0,41,0
26-06 17:11:23,69.321,7.730,22.442,0.249,0,1666128,612108,176164,5463920,22898.942,20376.448,0,327.156,0,22.941,5561,5355,3.160,1.450,0.700,2,0,0,0,0,11,32,0,41,0
26-06 17:11:24,66.417,15.289,17.795,0.251,0,1603496,674520,176192,5464108,20605.936,15502.072,0,597.506,0,63.159,7823,9720,3.160,1.450,0.700,6,0,201.508,0,0,11,28,0,45,0
26-06 17:11:25,76.503,13.250,9.500,0,0,1636540,641448,176200,5464136,13025.481,9454.349,0,176.007,0,11.000,4802,2955,3.160,1.450,0.700,3,0,67.002,0,0,11,30,1,45,0
26-06 17:11:26,59.393,7.736,32.442,0,0,1660008,617760,176204,5464352,35079.892,30042.953,0,331.404,0,14.973,9204,12675,3.160,1.450,0.700,3,0,0,0,0,11,32,0,45,0
26-06 17:11:27,54.066,6.007,38.297,0,0,1620232,657284,176208,5464596,38293.060,32950.494,0,360.443,0,32.039,12542,18396,2.990,1.440,0.700,4,0,9.011,0,0,11,30,0,45,0
26-06 17:11:28,81.266,14.753,3.751,0,0,1550780,726692,176212,5464632,11478.323,7095.436,0,372.075,0,34.007,6119,5812,2.990,1.440,0.700,4,0,111.022,0,0,11,28,0,45,0
26-06 17:11:29,69.853,9.730,19.459,0,0,1660784,616648,176220,5464628,24544.307,20025.823,0,191.596,0,9.979,5484,5166,2.990,1.440,0.700,4,0,2.994,0,0,11,32,0,45,0
26-06 17:11:30,55.036,6.254,38.025,0,0,1662740,614404,176232,5464892,47417.144,39149.714,0,152.100,0,9.006,12064,19772,2.990,1.440,0.700,4,0,0,0,0,11,31,0,46,0
26-06 17:11:31,70.378,14.526,14.026,0,0,1528996,747932,176236,5465104,29331.450,21934.972,0,769.402,0,14.026,8737,11308,2.990,1.440,0.700,4,0,260.475,0,0,11,28,0,49,0
26-06 17:11:32,78.712,12.244,8.746,0,0,1638208,638704,176240,5465116,10546.896,7492.374,0,179.913,0,8.996,4650,2182,3.070,1.480,0.720,4,0,0,0,0,11,30,0,47,0
26-06 17:11:33,57.127,7.234,34.675,0,0,1662636,613992,176252,5465376,39278.276,33967.731,0,243.475,0,23.948,8835,13355,3.070,1.480,0.720,5,0,1.996,0,0,11,36,0,47,0
26-06 17:11:34,73.193,13.536,12.533,0.251,0,1590572,685856,176264,5465564,19941.498,15604.079,0,364.961,0,36.095,7396,9443,3.070,1.480,0.720,4,0,98.259,0,0,11,32,0,49,0
26-06 17:11:35,69.814,10.721,19.199,0,0,1654028,622392,176268,5465568,10540.932,7394.311,0,111.703,0,7.979,4361,2188,3.070,1.480,0.720,2,0,29.920,0,0,11,34,1,49,0
26-06 17:11:36,54.870,10.022,34.074,0.251,0,1677832,598512,176272,5465632,26013.788,22102.249,0,332.726,0,32.070,6197,8750,3.070,1.480,0.720,3,0,60.131,0,0,11,35,0,48,0
26-06 17:11:37,64.727,12.495,21.492,0,0,1644664,631440,176308,5465836,32028.428,27286.141,0,2407.130,0,143.948,8421,12496,2.980,1.490,0.730,3,0,108.961,0,0,11,34,0,50,0
26-06 17:11:38,77.311,13.010,10.008,0,0,1640916,635140,176308,5465876,15506.301,12235.707,0,0,0,0,5339,5164,2.980,1.490,0.730,3,0,92.073,0,0,11,33,0,52,0
26-06 17:11:39,72.614,10.979,15.721,0,0,1716284,559608,176308,5466036,26210.829,20151.197,0,0,0,0,5973,7140,2.980,1.490,0.730,4,0,43.918,0,0,11,33,0,54,0
26-06 17:11:40,74.374,15.275,10.267,0.250,0,1678156,597688,176308,5466084,16575.552,12485.754,0,3449.734,0,152.253,6319,5985,2.980,1.490,0.730,4,0,111.185,0,0,11,33,0,54,0
26-06 17:11:41,74.013,12.709,12.709,0,0,1664500,611288,176312,5466136,22231.707,19426.702,0,263.156,0,26.914,6611,13951,2.980,1.490,0.730,1,0,107.655,0,0,11,35,0,56,0
26-06 17:11:42,67.477,11.790,20.068,0,0,1552240,723508,176320,5466168,16152.342,11183.626,0,698.349,0,50.169,5386,6201,3.070,1.530,0.740,2,0,132.446,0,0,11,33,0,59,0
26-06 17:11:43,52.648,10.480,35.930,0,0,1595904,679632,176328,5466360,16322.421,12336.133,0,203.606,0,12.975,4618,4391,3.070,1.530,0.740,3,0,53.896,0,0,11,33,0,60,0
26-06 17:11:44,54.344,11.019,34.309,0,0,1618620,656748,176328,5466528,20649.657,16882.152,0,160.277,0,8.014,5885,6479,3.070,1.530,0.740,4,0,96.166,0,0,11,33,0,54,0
26-06 17:11:45,56.247,10.749,31.248,0,0,1552836,722500,176328,5466560,14958.210,10969.421,0,115.994,0,8.000,4745,4132,3.070,1.530,0.740,3,0,85.995,0,0,11,33,0,55,0
26-06 17:11:46,52.011,10.252,38.008,0.250,0.250,1572132,703008,176328,5466752,16707.393,13368.715,0,220.045,0,17.003,5397,5598,3.070,1.530,0.740,2,0,84.017,0,0,11,34,0,56,0
26-06 17:11:47,30.161,4.736,62.814,0,0,1474288,800800,176332,5466796,20405.584,15146.156,0,299.114,0,22.932,5840,7287,2.900,1.530,0.750,2,0,35.894,0,0,11,33,0,57,0
26-06 17:11:48,36.240,10.497,51.986,0,0,1471856,803204,176352,5466804,7199.031,3438.059,0,235.935,0,20.994,4094,3093,2.900,1.530,0.750,2,0,100.972,0,0,11,32,0,56,0
26-06 17:11:49,32.557,5.259,62.108,0,0,1542084,732964,176352,5466816,13887.220,10584.460,0,120.210,0,8.014,3015,2625,2.900,1.530,0.750,3,0,1.002,0,0,11,34,0,56,0
26-06 17:11:50,37.671,6.736,54.386,0.499,0,1528680,746156,176368,5467012,15150.179,10171.636,0,518.910,0,31.933,5085,5828,2.900,1.530,0.750,2,0,33.929,0,0,11,32,0,58,0
26-06 17:11:51,35.491,11.497,51.986,0,0,1537132,737676,176376,5467032,9988.402,6073.420,0,227.941,0,19.995,3777,2814,2.900,1.530,0.750,2,0,103.973,0,0,11,33,0,58,0
26-06 17:11:52,32.531,7.257,59.557,0.250,0.250,1523104,751688,176384,5467040,10117.753,6713.472,0,608.587,0,22.021,3380,3058,2.910,1.550,0.760,2,0,60.058,0,0,11,33,0,58,0
26-06 17:11:53,37.547,4.255,57.321,0,0,1520132,754624,176404,5467048,11719.568,7328.109,0,220.274,0,20.025,3686,3778,2.910,1.550,0.760,4,0,0,0,0,11,32,0,59,0
26-06 17:11:54,35.771,6.004,57.534,0,0,1535872,738856,176404,5467076,13855.244,9665.751,0,116.069,0,8.005,3764,3614,2.910,1.550,0.760,4,0,5.003,0,0,11,33,0,59,0
26-06 17:11:55,34.432,6.986,57.136,0,0,1502196,772504,176408,5467100,16151.890,11822.497,0,107.786,0,6.986,4034,4057,2.910,1.550,0.760,2,0,42.915,0,0,11,33,0,60,0
26-06 17:11:56,36.735,5.998,56.727,0,0,1519912,754744,176424,5467124,12204.007,7951.747,0,275.887,0,28.988,3499,3358,2.910,1.550,0.760,1,0,4.998,0,0,11,33,0,61,0
26-06 17:11:57,36.871,4.264,57.940,0,0,1519984,754520,176424,5467276,17595.655,12713.659,0,429.407,0,54.178,3949,4402,2.840,1.560,0.760,4,0,0,0,0,11,34,0,56,0
26-06 17:11:58,28.491,17.244,52.483,0.250,0,1488636,785780,176424,5467368,15358.052,10871.498,0,379.878,0,24.992,6082,6160,2.840,1.560,0.760,1,0,276.911,0,0,11,32,0,58,0
26-06 17:11:59,21.438,4.487,73.288,0,0,1418296,856116,176428,5467368,4933.722,1453.793,0,163.527,0,12.962,1916,1548,2.840,1.560,0.760,1,0,5.983,0,0,11,32,0,58,0
26-06 17:12:00,18.756,3.251,77.024,0.250,0,1441772,832632,176432,5467372,11915.704,7283.264,0,2624.816,0,137.043,2191,1951,2.840,1.560,0.760,1,0,0,0,0,11,33,0,58,0
26-06 17:12:01,16.761,6.254,76.052,0.250,0,1411904,862464,176444,5467396,10634.296,6564.504,0,568.390,0,42.029,3575,3788,2.840,1.560,0.760,1,0,60.041,0,0,11,32,0,56,0
26-06 17:12:02,13.030,15.536,70.664,0,0,1423124,851236,176444,5467404,5352.459,1623.780,0,92.215,0,7.016,4024,2706,2.770,1.570,0.770,2,0,224.523,0,0,11,32,0,56,0
26-06 17:12:03,18.219,2.496,77.866,0,0,1466232,808124,176444,5467408,7946.281,3964.156,0,0,0,0,1781,1415,2.770,1.570,0.770,1,0,0,0,0,11,33,0,56,0
26-06 17:12:04,18.775,1.752,77.602,0,0,1458496,815824,176456,5467432,14157.680,10036.242,0,352.465,0,20.026,3313,3914,2.770,1.570,0.770,1,0,0,0,0,11,32,0,57,0
26-06 17:12:05,19.954,6.485,73.082,0,0,1402912,871408,176456,5467432,5295.832,1496.561,0,3.991,0,0.998,2293,1528,2.770,1.570,0.770,1,0,45.895,0,0,11,32,0,54,0
26-06 17:12:06,16.743,1.999,79.718,0.250,0,1425432,848876,176464,5467436,11141.549,7275.094,0,231.907,0,20.992,2179,2239,2.770,1.570,0.770,1,0,0,0,0,11,33,0,54,0
26-06 17:12:07,17.547,2.507,78.710,0,0,1421224,852904,176468,5467608,14915.750,10018.699,0,260.695,0,21.056,4162,5491,2.630,1.560,0.770,1,0,0,0,0,11,32,0,54,0
26-06 17:12:08,10.480,18.715,68.370,0.250,0.250,1330208,943796,176476,5467720,5347.859,1455.241,0,211.599,0,9.981,4775,3086,2.630,1.560,0.770,2,0,276.476,0,0,11,32,0,54,0
26-06 17:12:09,17.787,23.048,57.871,0.251,0,1362640,911284,176516,5467756,6673.922,1623.386,0,356.744,0,23.048,5402,3994,2.630,1.560,0.770,2,0,350.732,0,0,11,32,0,51,0
26-06 17:12:10,44.741,6.249,48.740,0,0,1493448,779488,176576,5468640,5116.924,1457.694,0,663.860,0,24.995,2879,1501,2.630,1.560,0.770,2,0,0,0,0,11,32,0,51,0
26-06 17:12:11,37.238,6.748,45.736,8.247,0,1452024,814708,177160,5473660,4443.614,731.772,0,18818.131,0,1778.445,10866,17800,2.630,1.560,0.770,3,0,91.971,0,0,11,36,0,51,0
26-06 17:12:12,35.239,9.247,39.488,13.496,0,1520352,743296,177796,5475984,3730.843,971.699,0,41667.081,0,3699.853,16456,30446,2.660,1.580,0.790,3,0,72.977,0,0,11,36,0,51,0
26-06 17:12:13,41.199,6.742,45.694,4.494,0,1524596,738888,178020,5475904,4392.606,1456.212,0,24913.404,0,1893.674,8367,14749,2.660,1.580,0.790,2,0,12.984,0,0,11,32,0,49,0
26-06 17:12:14,44.596,5.762,49.106,0.251,0,1544252,719232,178020,5475904,4750.261,1623.507,0,801.732,0,36.078,2794,1592,2.660,1.580,0.790,2,0,1.002,0,0,11,34,0,49,0
26-06 17:12:15,35.394,8.225,41.625,10.718,0,1591436,671152,178432,5476368,4803.560,1453.630,0,21379.729,0,2848.437,16205,28060,2.660,1.580,0.790,3,0,2.991,0,0,11,34,0,49,0
26-06 17:12:16,30.757,8.002,59.014,1.250,0,1461128,801296,178508,5476420,5538.332,1620.390,0,4225.016,0,339.082,4263,4613,2.660,1.580,0.790,2,0,99.024,0,0,11,32,0,49,0
26-06 17:12:17,22.250,5.250,71.500,0,0,1496660,765732,178520,5476420,5300.002,1458.000,0,840.000,0,53.000,2175,1644,2.520,1.570,0.790,2,0,8.000,0,0,11,32,0,46,0
26-06 17:12:18,23.001,3.250,72.002,1.250,0,1454240,808068,178568,5476444,5520.156,1620.046,0,7380.208,0,392.011,2362,2746,2.520,1.570,0.790,1,0,1.000,0,0,11,32,0,46,0
26-06 17:12:19,22.000,4.000,73.249,0,0,1492028,770276,178568,5476444,5769.911,1619.975,0,111.998,0,10.000,1934,1462,2.520,1.570,0.790,2,0,3.000,0,0,11,32,0,46,0
26-06 17:12:20,22.501,3.250,73.504,0,0,1483168,779124,178568,5476456,5820.288,1620.080,0,4.000,0,1.000,1744,1138,2.520,1.570,0.790,3,0,1.000,0,0,11,32,0,46,0
26-06 17:12:21,22.754,3.501,74.014,0,0,1549340,712952,178568,5476456,5658.057,1620.303,0,0,0,0,1728,1239,2.520,1.570,0.790,3,0,0,0,0,11,32,0,41,0
26-06 17:12:22,21.903,2.738,73.674,0,0,1563096,699164,178568,5476484,5316.494,1451.582,0,0,0,0,1726,1152,2.400,1.560,0.790,1,0,1.991,0,0,11,32,0,41,0
26-06 17:12:23,22.095,3.766,73.567,0,0,1526768,735444,178568,5476532,4838.824,1627.002,0,12.052,0,2.009,1722,1175,2.400,1.560,0.790,2,0,1.004,0,0,11,32,0,41,0
26-06 17:12:24,21.993,3.999,73.476,0,0,1560512,701700,178568,5476532,5138.325,1619.472,0,3.999,0,1.000,1694,1041,2.400,1.560,0.790,1,0,1.999,0,0,11,32,0,41,0
26-06 17:12:25,23.245,2.499,73.233,0.250,0,1554440,707656,178576,5476628,4816.893,1457.665,0,647.851,0,37.991,1809,1392,2.400,1.560,0.790,1,0,0,0,0,11,32,0,37,0
26-06 17:12:26,21.749,3.500,73.498,0,0,1512460,749612,178576,5476644,3824.873,417.986,0,135.995,0,5.000,1776,1346,2.400,1.560,0.790,1,0,1.000,0,0,11,32,0,37,0
26-06 17:12:27,22.252,3.750,73.507,0,0,1495416,766644,178576,5476656,4268.402,1188.112,0,0,0,0,1720,1228,2.290,1.550,0.790,2,0,1.000,0,0,11,32,0,37,0
26-06 17:12:28,21.740,3.498,73.467,0,0,1526828,735232,178576,5476656,4963.796,1565.305,0,1871.169,0,205.909,1742,1079,2.290,1.550,0.790,6,0,1.999,0,0,11,32,0,37,0
26-06 17:12:29,22.768,3.253,73.559,0,0,1483208,778832,178576,5476676,5796.659,1513.216,0,0,0,0,1809,1256,2.290,1.550,0.790,2,0,2.002,0,0,11,32,0,37,0
26-06 17:12:30,22.496,3.499,73.488,0,0,1488516,773480,178576,5476716,5625.115,1565.754,0,3.999,0,1.000,1733,1077,2.290,1.550,0.790,2,0,1.000,0,0,11,32,0,37,0
26-06 17:12:31,22.685,3.490,73.291,0,0,1498900,763096,178576,5476716,6091.615,1507.697,0,231.340,0,51.852,1770,1272,2.290,1.550,0.790,1,0,0,0,0,11,32,0,37,0
26-06 17:12:32,21.316,4.263,73.477,0,0,1473328,788564,178580,5476820,5101.744,1570.848,0,120.371,0,4.012,2053,1341,2.190,1.540,0.790,2,0,28.087,0,0,11,32,0,37,0
26-06 17:12:33,8.025,21.316,68.212,0,0,1461700,800076,178580,5476916,4497.966,866.691,0,441.370,0,5.016,5346,3768,2.190,1.540,0.790,2,0,333.034,0,0,11,32,0,33,0
26-06 17:12:34,7.743,21.729,69.184,0,0,1443756,817824,178580,5477076,4249.946,1132.919,0,535.489,0,7.992,5274,3662,2.190,1.540,0.790,1,0,316.698,0,0,11,32,0,33,0
26-06 17:12:35,8.240,21.724,67.668,0.250,0,1429824,831716,178584,5477108,5393.428,1618.028,0,858.953,0,40.950,5382,4039,2.190,1.540,0.790,2,0,299.635,0,0,11,32,0,33,0
26-06 17:12:36,8.250,20.500,69.250,0,0,1425128,836364,178584,5477136,5357.028,1620.009,0,8.000,0,2.000,5206,3676,2.190,1.540,0.790,3,0,312.002,0,0,11,32,0,33,0
26-06 17:12:37,17.487,8.744,72.446,0,0,1459168,802336,178584,5477124,5216.147,1618.804,0,443.672,0,86.936,2738,1919,2.090,1.530,0.790,1,0,81.939,0,0,11,32,0,28,0
26-06 17:12:38,22.495,3.749,73.484,0,0,1499628,761872,178584,5477124,5098.901,1619.651,0,27.994,0,2.999,1763,1051,2.090,1.530,0.790,1,0,2.000,0,0,11,32,0,28,0
26-06 17:12:39,22.528,3.004,73.591,0,0,1503368,758136,178584,5477120,4583.662,1459.803,0,0,0,0,1779,1230,2.090,1.530,0.790,1,0,2.002,0,0,11,32,0,28,0
26-06 17:12:40,22.424,3.737,73.251,0,0,1541504,720000,178584,5477120,5501.278,1614.506,0,0,0,0,1819,1175,2.090,1.530,0.790,1,0,1.993,0,0,11,32,0,28,0
26-06 17:12:41,27.040,5.758,66.097,0,0.250,1479252,782244,178584,5477128,5306.784,1622.380,0,104.153,0,3.004,2849,11855,2.090,1.530,0.790,3,0,37.054,0,0,11,32,0,29,0
26-06 17:12:42,23.008,3.751,73.526,0,0,1524904,736588,178584,5477132,5059.819,1458.524,0,4.001,0,1.000,1851,1332,2,1.520,0.790,2,0,2.001,0,0,11,32,0,22,0
26-06 17:12:43,22.260,3.252,73.284,0,0,1423752,837728,178584,5477144,5042.359,1620.758,0,2120.992,0,18.008,1788,1210,2,1.520,0.790,1,0,1.000,0,0,11,32,0,22,0
26-06 17:12:44,21.000,4.250,73.751,0,0,1475184,786320,178584,5477120,5118.099,1458.028,0,8.000,0,1.000,1805,1177,2,1.520,0.790,2,0,2.000,0,0,11,32,0,22,0
26-06 17:12:45,23.751,3.250,72.752,0.250,0,1499852,761624,178588,5477144,4980.134,1620.043,0,496.013,0,32.001,1941,1525,2,1.520,0.790,1,0,0,0,0,11,32,0,22,0
26-06 17:12:46,21.251,4.000,73.252,0,0,1517912,743572,178592,5477132,5255.155,1458.043,0,104.003,0,10.000,1860,1328,2,1.520,0.790,1,0,1.000,0,0,11,32,0,16,0
26-06 17:12:47,23.001,3.250,73.254,0,0,1545372,716112,178592,5477132,5280.271,1620.083,0,12.001,0,1.000,1821,1183,1.920,1.510,0.800,1,0,2.000,0,0,11,32,0,16,0
26-06 17:12:48,22.501,3.500,73.754,0,0,1499596,761904,178592,5477116,5248.258,1458.072,0,260.013,0,35.002,1833,1261,1.920,1.510,0.800,2,0,1.000,0,0,11,32,0,16,0
26-06 17:12:49,21.500,3.500,73.251,0,0,1543944,717556,178592,5477116,4098.071,1458.025,0,0,0,0,1831,1227,1.920,1.510,0.800,1,0,3.000,0,0,11,32,0,16,0
26-06 17:12:50,23.250,2.750,73.500,0,0,1502256,759304,178592,5477056,4698.024,1458.008,0,32.000,0,2.000,1792,1146,1.920,1.510,0.800,1,0,1.000,0,0,11,32,0,12,0
26-06 17:12:51,22.496,3.499,73.736,0,0,1531508,730052,178592,5477056,4954.065,1457.725,0,0,0,0,1800,1190,1.920,1.510,0.800,1,0,2.000,0,0,11,32,0,12,0
26-06 17:12:52,22.754,2.750,73.513,0,0,1543888,717580,178592,5477144,4980.860,1620.280,0,148.026,0,3.001,1663,1043,1.850,1.510,0.800,2,0,1.000,0,0,11,32,0,12,0
26-06 17:12:53,22.497,3.750,73.491,0,0,1481584,779896,178592,5477132,5219.371,1619.805,0,47.994,0,1.000,1806,1307,1.850,1.510,0.800,1,0,1.000,0,0,11,32,0,12,0
26-06 17:12:54,21.002,4.250,73.758,0,0,1476056,785432,178592,5477124,4860.547,1620.182,0,16.002,0,2.000,1823,1301,1.850,1.510,0.800,2,0,1.000,0,0,11,32,0,9,0
26-06 17:12:55,23.001,4.250,71.752,0.500,0,1527640,733816,178616,5477132,5640.136,1620.039,0,4404.106,0,229.006,2326,2350,1.850,1.510,0.800,1,0,2.000,0,0,11,32,0,9,0
26-06 17:12:56,22.750,2.500,73.751,0,0,1486252,775208,178616,5477128,5537.095,1620.028,0,24.000,0,2.000,1744,1143,1.850,1.510,0.800,1,0,1.000,0,0,11,32,0,9,0
26-06 17:12:57,23.486,2.499,73.456,0,0,1483712,777724,178616,5477152,5474.740,1457.132,0,23.986,0,0.999,1738,1119,1.780,1.500,0.800,1,0,0.999,0,0,11,32,0,9,0
26-06 17:12:58,22.762,3.002,73.290,0,0,1503780,757664,178616,5477144,5282.886,1620.885,0,160.087,0,35.019,1772,1204,1.780,1.500,0.800,2,0,0,0,0,11,32,0,6,0
26-06 17:12:59,22.727,3.247,73.425,0,0,1521172,740256,178616,5477160,4992.907,1456.514,0,11.988,0,0.999,1758,1119,1.780,1.500,0.800,1,0,2.997,0,0,11,32,0,6,0
26-06 17:13:00,8.511,21.779,67.841,0,0.250,1469900,791488,178616,5477200,5287.067,1622.168,0,200.268,0,10.013,5040,3381,1.780,1.500,0.800,1,0,306.410,0,0,11,32,0,6,0
26-06 17:13:01,14.452,13.207,71.266,0,0,1462092,799280,178620,5477212,5237.783,1453.223,0,127.581,0,3.987,3541,2421,1.780,1.500,0.800,1,0,153.495,0,0,11,32,0,6,0
26-06 17:13:02,22.568,3.009,73.221,0,0,1485892,775460,178620,5477232,5358.181,1624.907,0,8.024,0,1.003,1690,1077,1.720,1.490,0.800,1,0,0,0,0,11,32,0,4,0
26-06 17:13:03,21.746,3.999,72.988,0,0,1470960,790152,178620,5477464,5117.148,1457.757,0,0,0,0,1822,1205,1.720,1.490,0.800,1,0,8.999,0,0,11,32,0,4,0
26-06 17:13:04,22.248,3.750,73.744,0.250,0,1523124,737988,178620,5477464,5399.543,1619.863,0,455.961,0,71.994,1706,1123,1.720,1.490,0.800,1,0,0,0,0,11,32,0,4,0
26-06 17:13:05,14.753,16.003,67.013,0.250,0,1490308,770684,178624,5477608,5179.013,1500.293,40.008,616.121,2.000,36.007,4322,3430,1.720,1.490,0.800,1,0,245.048,0,0,11,32,0,4,0
26-06 17:13:06,7.253,21.760,68.781,0,0,1465588,795384,178624,5477628,5539.503,1662.751,0,144.065,0,6.003,5285,3621,1.720,1.490,0.800,2,0,319.144,0,0,11,32,0,3,0
26-06 17:13:07,8.245,22.237,68.210,0,0,1446252,814700,178624,5477648,5234.927,1457.145,0,143.916,0,2.998,5305,3732,1.740,1.500,0.810,2,0,331.805,0,0,11,32,0,3,0
26-06 17:13:08,8.258,22.271,68.064,0,0,1432496,828432,178624,5477668,5525.183,1621.521,0,96.090,0,3.003,5431,3752,1.740,1.500,0.810,1,0,350.329,0,0,11,32,0,3,0
26-06 17:13:09,8.255,22.013,67.791,0,0,1432152,828744,178624,5477696,5883.542,1620.976,0,928.559,0,73.044,5656,4075,1.740,1.500,0.810,3,0,387.233,0,0,11,32,0,3,0
26-06 17:13:10,7.990,22.471,68.162,0,0,1415796,845084,178624,5477712,4913.689,1617.922,0,982.738,0,11.985,5544,3882,1.740,1.500,0.810,1,0,369.525,0,0,11,32,0,1,0
26-06 17:13:11,8.262,22.782,68.096,0,0,1399592,861272,178624,5477728,4703.623,1622.284,0,793.117,0,9.013,5568,3861,1.740,1.500,0.810,1,0,369.520,0,0,11,32,0,1,0
26-06 17:13:12,7.758,22.273,68.320,0,0,1402624,858216,178624,5477752,4462.573,1459.496,0,620.636,0,8.008,5378,3736,1.680,1.490,0.810,1,0,334.343,0,0,11,32,0,1,0
26-06 17:13:13,7.732,20.701,69.085,0,0,1405352,855468,178624,5477772,4728.719,1616.145,0,139.667,0,4.988,5157,3378,1.680,1.490,0.810,1,0,284.322,0,0,11,32,0,1,0
26-06 17:13:14,7.497,21.493,69.227,0,0,1399928,860872,178624,5477792,4410.521,1511.493,0,143.952,0,5.998,5013,3360,1.680,1.490,0.810,1,0,276.907,0,0,11,32,0,1,0
26-06 17:13:15,7.752,22.005,68.515,0.250,0,1389572,871204,178628,5477812,4907.095,1566.349,0,428.096,0,36.008,5178,3547,1.680,1.490,0.810,1,0,300.067,0,0,11,32,0,1,0
26-06 17:13:16,7.765,23.546,66.880,0,0,1390000,870756,178628,5477832,5519.693,1514.935,0,40.078,0,10.019,5369,3619,1.680,1.490,0.810,1,0,337.654,0,0,11,32,0,1,0
26-06 17:13:17,8.731,21.204,68.103,0,0,1320416,940316,178628,5477508,4955.337,1562.638,0,15.966,0,3.991,5298,3535,1.630,1.480,0.810,1,0,279.399,0,0,11,32,0,1,0
26-06 17:13:18,17.794,27.318,53.132,0,0,1372588,888108,178636,5477884,5243.069,1624.048,0,396.990,0,21.052,6185,4940,1.630,1.480,0.810,2,0,505.259,0,0,11,32,0,3,0
26-06 17:13:19,54.521,22.509,22.509,0,0.250,1530876,729604,178664,5478040,5119.938,1458.552,0,808.306,0,51.019,5314,4338,1.630,1.480,0.810,3,0,401.152,0,0,11,32,0,7,0
26-06 17:13:20,58.189,12.487,24.225,3.996,0,1653588,600836,178932,5483276,3824.022,647.327,371.613,11492.045,2.997,921.042,6348,8630,1.630,1.480,0.810,4,0,36.962,0,0,11,36,0,7,0
26-06 17:13:21,38.012,11.754,33.511,14.755,0,1586592,656172,179968,5493064,5290.690,1350.431,0,67965.708,0,4885.560,18710,36374,1.630,1.480,0.810,2,0,157.050,0,0,11,36,0,8,0
26-06 17:13:22,43.262,11.503,28.008,14.504,0,1652756,577548,180416,5504644,5008.406,1808.508,0,93230.175,0,6544.838,21028,44051,1.660,1.490,0.820,1,1,87.024,0,0,11,36,1,8,0
26-06 17:13:23,40.011,8.752,34.759,13.504,0,1654836,567500,180776,5511928,13262.491,9705.555,0,73159.257,0,5570.466,18986,38318,1.660,1.490,0.820,2,1,39.010,0,0,11,37,0,8,0
26-06 17:13:24,37.012,25.258,26.258,10.503,0,1624524,591568,181260,5517496,5404.705,2453.774,296.093,50455.919,4.001,3511.108,16211,29333,1.660,1.490,0.820,5,0,395.125,0,0,11,34,0,9,0
26-06 17:13:25,41.476,20.238,25.735,9.994,0,1652988,556312,181680,5523484,10059.271,6756.152,1599.089,52846.902,26.985,3813.828,17141,33175,1.660,1.490,0.820,3,1,199.886,0,0,11,35,0,9,0
26-06 17:13:26,30.766,10.255,45.773,10.755,0,1647808,558000,181712,5526856,14205.198,10196.166,0,42101.333,0,3587.818,17118,31076,1.660,1.490,0.820,5,0,120.061,0,0,11,35,0,9,0
26-06 17:13:27,29.706,9.486,45.931,12.232,0,1555140,648208,181812,5529140,11291.159,7424.925,0,38610.411,0,3504.772,16575,30787,1.760,1.520,0.830,2,1,74.888,0,0,11,34,0,9,0
26-06 17:13:28,37.275,7.505,40.527,12.008,0.250,1606260,596236,182064,5529708,5624.727,1905.262,0,49837.021,0,4142.745,15741,31014,1.760,1.520,0.830,6,0,32.021,0,0,11,34,1,9,0
26-06 17:13:29,27.237,7.996,49.476,12.994,0,1599600,601772,182328,5530528,14644.998,10747.862,0,47989.057,0,4392.900,18061,35143,1.760,1.520,0.830,1,1,36.982,0,0,11,35,0,9,0
26-06 17:13:30,34.800,5.258,49.071,8.012,0,1594084,605372,182388,5532340,18205.227,12253.653,0,30051.293,0,2609.760,14890,26641,1.760,1.520,0.830,2,0,33.048,0,0,11,34,0,9,1
26-06 17:13:31,36.645,10.221,40.135,11.467,0.249,1593800,602780,182476,5535036,5431.413,1585.450,0,43961.841,0,3861.917,17001,31341,1.760,1.520,0.830,3,1,130.625,0,0,11,36,0,10,0
26-06 17:13:32,30.834,7.521,45.875,12.534,0,1616420,577248,182524,5537832,10062.448,6507.751,0,55844.329,0,4370.923,16687,31928,1.860,1.540,0.840,2,0,42.115,0,0,11,37,0,10,0
26-06 17:13:33,27.710,7.988,48.929,12.981,0,1602440,588056,182684,5540736,15316.841,11929.741,0,52412.175,0,4223.889,18949,36386,1.860,1.540,0.840,1,2,50.926,0,0,11,37,0,10,0
26-06 17:13:34,32.734,8.996,43.228,12.994,0,1586592,600884,182796,5543560,9533.235,5465.268,0,55128.445,0,4544.728,19115,36506,1.860,1.540,0.840,1,1,134.933,0,0,11,36,0,10,0
26-06 17:13:35,33.296,8.011,42.559,13.269,0,1636088,551644,182856,5543196,7462.405,3868.394,0,57536.224,0,4727.592,17450,33877,1.860,1.540,0.840,2,0,30.042,0,0,11,37,0,10,0
26-06 17:13:36,31.745,7.499,47.492,10.998,0,1625732,564064,182868,5541100,15863.316,11313.086,0,48695.759,0,4082.309,16966,33355,1.860,1.540,0.840,1,1,14.997,0,0,11,37,0,10,0
26-06 17:13:37,34.781,6.005,49.795,7.006,0,1521960,667200,182912,5541692,13449.090,9545.581,0,18764.869,0,1791.611,11077,19193,1.870,1.550,0.850,3,0,74.067,0,0,11,34,0,12,0
26-06 17:13:38,30.175,14.963,52.369,1.247,0,1445112,743996,182920,5541736,4925.715,1454.373,0,18529.784,0,1037.413,5963,7163,1.870,1.550,0.850,1,0,219.453,0,0,11,32,0,12,0
26-06 17:13:39,17.543,2.506,78.192,0.501,0,1458284,730496,182920,5542064,14096.534,10225.049,0,693.699,0,52.128,3253,3735,1.870,1.550,0.850,0,0,1.002,0,0,11,33,0,12,0
26-06 17:13:40,20.934,5.233,72.270,0.249,0,1453360,735416,182920,5542068,6255.132,1650.757,0,2651.578,0,142.547,2369,1925,1.870,1.550,0.850,1,0,33.892,0,0,11,32,0,13,0
26-06 17:13:41,23.700,4.740,70.601,0,0,1437716,751056,182920,5542072,10605.624,7238.727,0,0,0,0,2739,8163,1.870,1.550,0.850,0,0,35.924,0,0,11,33,0,14,0
26-06 17:13:42,17.836,6.029,75.112,0,0,1433964,754712,182920,5542168,6388.817,2612.602,0,180.872,0,14.068,2866,2609,1.800,1.540,0.850,1,0,60.291,0,0,11,32,0,15,0
26-06 17:13:43,17.191,2.242,79.725,0.249,0,1478508,710164,182920,5542172,7095.566,3957.373,0,187.355,0,13.952,1538,1169,1.800,1.540,0.850,4,0,0,0,0,11,33,0,14,0
26-06 17:13:44,17.014,2.252,79.065,0,0,1471508,717012,182920,5542324,13336.921,9749.983,0,0,0,0,3308,4002,1.800,1.540,0.850,1,0,0,0,0,11,32,0,15,0
26-06 17:13:45,20.780,6.509,72.855,0.250,0,1492376,696144,182920,5542324,5073.314,1622.339,0,108.156,0,10.014,2389,1931,1.800,1.540,0.850,1,0,43.062,0,0,11,32,0,15,0
26-06 17:13:46,18.708,2.245,77.328,0,0,1518200,670316,182920,5542328,10200.370,6740.047,0,163.637,0,10.976,1962,1620,1.800,1.540,0.850,1,0,0,0,0,11,33,0,15,0
26-06 17:13:47,15.249,2.250,80.495,0,0,1440216,748276,182920,5542352,10242.396,7134.580,0,239.986,0,21.999,3202,3901,1.740,1.530,0.850,1,0,0,0,0,11,32,0,16,0
26-06 17:13:48,7.746,22.487,67.961,0,0,1410528,777860,182920,5542456,4497.400,1619.064,0,159.908,0,11.993,5218,3417,1.740,1.530,0.850,2,0,316.817,0,0,11,32,0,16,0
26-06 17:13:49,12.302,25.608,60.004,0.251,0,1414844,773292,182932,5542696,4175.671,1464.196,0,554.346,0,33.140,5878,4466,1.740,1.530,0.850,5,0,439.861,0,0,11,32,0,18,0
26-06 17:13:50,60.750,14.250,25.000,0.250,0,1561068,626696,182960,5543040,4800.005,1620.002,0,996.001,0,44.000,4253,2484,1.740,1.530,0.850,3,0,47.000,0,0,11,32,0,22,0
26-06 17:13:51,63.658,11.733,24.215,0,0,1726852,457460,183076,5546104,4708.188,1455.894,0,1901.249,0,64.906,3705,1569,1.740,1.530,0.850,3,0,0,0,0,11,32,0,22,0
26-06 17:13:52,59.338,8.012,27.791,3.255,0,1817088,361472,183224,5551152,5167.639,1622.398,0,14136.897,0,998.476,7278,8746,1.840,1.550,0.860,0,1,54.080,0,0,11,38,0,22,0
26-06 17:13:53,29.207,9.236,43.186,14.978,0,1814540,350888,183388,5563712,4265.712,970.569,0,95295.530,0,6906.819,25120,50263,1.840,1.550,0.860,2,0,233.656,0,0,11,38,0,22,0
26-06 17:13:54,22.746,9.248,49.742,15.247,0,1811816,344616,183444,5572352,4905.182,1565.739,0,82930.177,0,6169.972,22588,43861,1.840,1.550,0.860,4,0,182.970,0,0,11,38,0,22,0
26-06 17:13:55,34.768,12.506,39.020,12.256,0,1721820,426244,183516,5580360,4834.496,1512.781,0,89118.006,0,6187.194,23246,43727,1.840,1.550,0.860,3,1,219.113,0,0,11,36,0,22,0
26-06 17:13:56,42.692,12.659,29.785,12.659,0,1774544,362292,183604,5591092,5485.439,1554.787,0,85594.698,0,6068.236,21651,42005,1.840,1.550,0.860,3,1,135.026,0,0,11,36,0,22,0
26-06 17:13:57,40.923,11.047,30.630,14.562,0,1820156,303604,183648,5603624,5033.318,1518.431,0,96773.867,0,6733.518,21592,43938,1.930,1.580,0.870,2,1,18.077,0,0,11,36,0,22,0
26-06 17:13:58,44.443,8.788,30.884,12.303,0,1778436,340516,183664,5608280,4820.920,1627.061,0,78335.940,0,5912.658,21090,41944,1.930,1.580,0.870,4,1,106.462,0,0,11,36,0,22,0
26-06 17:13:59,33.485,12.994,48.479,3.498,0,1508184,609992,183668,5608988,4627.964,1619.288,0,23057.858,0,1754.228,9407,14471,1.930,1.580,0.870,1,0,271.880,0,0,11,32,0,22,0
26-06 17:14:00,19.423,7.221,71.717,0.747,0,1503472,614684,183668,5609008,5006.225,1559.839,0,5227.352,0,284.875,3011,3052,1.930,1.580,0.870,1,0,75.701,0,0,11,32,0,22,0
26-06 17:14:01,22.926,2.741,73.015,0.249,0,1551292,566860,183672,5609008,5160.376,1614.798,0,1323.736,0,79.743,1954,1608,1.930,1.580,0.870,1,0,0,0,0,11,32,0,22,0
26-06 17:14:02,24.587,1.756,71.252,0.753,0,1568100,550040,183676,5609016,5539.571,1625.744,0,5186.323,0,316.117,2820,3184,1.860,1.570,0.870,2,0,2.007,0,0,11,38,0,22,0
26-06 17:14:03,21.285,5.259,73.119,0.250,0,1488284,629856,183676,5609016,5260.587,1514.472,0,104.170,0,10.016,2241,1515,1.860,1.570,0.870,1,0,28.046,0,0,11,32,0,22,0
26-06 17:14:04,22.236,3.498,73.454,0,0,1526364,591776,183676,5609016,5682.443,1565.020,0,35.977,0,0.999,1798,1193,1.860,1.570,0.870,1,0,0,0,0,11,32,0,22,0
26-06 17:14:05,24.498,1.500,72.995,0,0.250,1542032,576096,183676,5609028,5537.619,1457.900,0,135.991,0,16.999,2019,1539,1.860,1.570,0.870,1,0,2.000,0,0,11,34,0,22,0
26-06 17:14:06,12.285,36.605,50.144,0.251,0,1473220,644848,183688,5609072,5254.123,1666.797,0,629.813,0,47.136,6995,6065,1.860,1.570,0.870,2,0,773.226,0,0,11,32,0,22,0
26-06 17:14:07,9.738,30.712,57.679,0.250,0,1455040,662992,183688,5609108,5051.765,1456.203,0,639.211,0,97.879,6596,5299,1.790,1.560,0.870,2,0,687.152,0,0,11,32,0,22,0
26-06 17:14:08,7.248,21.994,69.231,0,0,1444152,673804,183692,5609180,4710.712,1511.587,0,19.995,0,4.999,6066,4548,1.790,1.560,0.870,1,0,461.874,0,0,11,32,0,22,0
26-06 17:14:09,9.259,20.770,68.816,0,0,1416516,701400,183692,5609212,5193.007,1459.407,0,24.023,0,6.006,5635,4171,1.790,1.560,0.870,1,0,352.340,0,0,11,32,0,22,0
26-06 17:14:10,14.507,17.758,66.780,0,0.250,1408372,709476,183692,5609580,4962.245,1080.489,0,528.239,0,71.032,5723,6065,1.790,1.560,0.870,2,0,281.127,0,0,11,32,0,22,0
26-06 17:14:11,37.473,12.491,48.215,0,0,1450104,667640,183700,5609796,5233.248,1618.839,0,0,0,0,5223,5574,1.790,1.560,0.870,3,0,184.867,0,0,11,33,0,22,0
26-06 17:14:12,44.405,6.237,48.895,0,0,1561208,556508,183700,5609820,4927.451,1454.885,0,7.983,0,1.996,2770,1267,1.810,1.570,0.880,2,0,0,0,0,11,33,0,22,0
26-06 17:14:13,49.497,5.000,44.497,0.250,0,1628728,488244,183744,5610476,5039.671,1619.894,0,1763.885,0,208.986,3982,3052,1.810,1.570,0.880,2,0,17.999,0,0,11,49,0,22,0
26-06 17:14:14,32.511,13.254,52.768,0,0,1663896,449232,183772,5613896,5567.851,1608.535,0,600.200,0,21.007,7009,9806,1.810,1.570,0.880,2,0,145.048,0,0,11,48,0,22,0
26-06 17:14:15,15.039,17.796,65.669,0.251,0,1654020,458868,183776,5614388,5774.850,1624.177,0,360.928,0,39.101,6945,8099,1.810,1.570,0.880,3,0,282.727,0,0,11,48,0,22,0
26-06 17:14:16,7.728,5.235,85.257,0.748,0,1655244,457644,183776,5614060,5581.101,1615.398,0,8479.843,0,337.040,2654,3495,1.810,1.570,0.880,0,0,67.807,0,0,11,48,0,22,0
26-06 17:14:17,1.250,1.750,96.002,0.500,0,1653988,458904,183776,5614060,5506.142,1566.040,0,2052.053,0,108.003,1075,1491,1.660,1.540,0.880,0,0,9.000,0,0,11,48,0,22,0
26-06 17:14:18,0.250,0.500,98.218,0,0,1652572,460320,183776,5614060,5514.231,1565.498,0,323.896,0,19.994,829,1047,1.660,1.540,0.880,0,0,2.999,0,0,11,48,0,22,0
26-06 17:14:19,0.500,0.500,98.234,0,0,1651152,461740,183776,5614060,5025.174,1565.743,0,3.999,0,1.000,747,969,1.660,1.540,0.880,0,0,2.000,0,0,11,48,0,22,0
26-06 17:14:20,4.509,6.513,87.677,0,0,1619744,493140,183776,5614052,4962.038,1515.065,0,240.486,0,3.006,2535,2384,1.660,1.540,0.880,2,0,113.229,0,0,11,48,0,16,0
26-06 17:14:21,19.020,15.767,63.819,0,0,1610048,502816,183776,5614064,5242.632,1621.742,0,0,0,0,5030,6786,1.660,1.540,0.880,1,0,228.245,0,0,11,48,0,16,0
26-06 17:14:22,10.480,19.713,68.122,0,0,1656696,456104,183776,5614096,5226.207,1692.828,0,3.993,0,0.998,5298,4429,1.850,1.580,0.890,7,0,307.424,0,0,12,48,0,16,0
26-06 17:14:23,29.071,17.041,51.876,0,0,1663196,449560,183776,5614224,5112.440,1623.951,0,316.771,0,29.071,6516,8184,1.850,1.580,0.890,1,0,255.622,0,0,12,64,0,16,0
26-06 17:14:24,4.734,7.474,86.702,0.249,0,1663460,449312,183780,5614124,5200.132,1453.007,0,207.288,0,10.962,2560,2499,1.850,1.580,0.890,0,0,149.486,0,0,12,64,0,14,0
26-06 17:14:25,13.503,17.504,67.267,0,0,1657412,455328,183780,5614152,5221.308,1620.406,0,168.042,0,17.004,5344,5221,1.850,1.580,0.890,1,0,210.053,0,0,14,64,0,14,0
26-06 17:14:26,14.531,15.282,68.395,0,0,1673252,439428,183780,5614188,5598.867,1663.526,0,2821.981,0,52.110,5709,5980,1.850,1.580,0.890,1,0,254.540,0,0,14,66,0,14,0
26-06 17:14:27,7.478,21.186,69.541,0,0,1649552,462940,183780,5614344,4578.267,1549.352,0,19.940,0,4.985,5229,3621,1.780,1.570,0.890,1,0,291.127,0,0,14,66,0,14,0
26-06 17:14:28,11.261,21.520,65.312,0,0,1659780,452684,183780,5614724,4790.515,1651.557,0,5176.879,0,363.342,6167,5745,1.780,1.570,0.890,1,0,309.292,0,0,14,66,0,14,0
26-06 17:14:29,30.569,19.544,48.610,0,0,1726076,386320,183796,5614412,6356.442,1739.953,32.073,20.046,3.007,3.007,5033,5854,1.780,1.570,0.890,5,0,249.567,0,0,14,66,1,14,0
26-06 17:14:30,29.199,24.956,44.921,0,0,1795312,317012,183796,5614480,6348.900,1691.044,0,387.323,0,8.984,6794,5433,1.780,1.570,0.890,6,0,576.991,0,0,14,66,1,14,0
26-06 17:14:31,28.566,25.559,44.854,0,0,1853588,257144,183872,5615916,7835.189,1697.942,0,902.094,0,13.030,6885,8433,1.780,1.570,0.890,2,0,464.077,0,0,14,70,1,16,0
26-06 17:14:32,30.923,25.436,41.895,0,0,1922400,188244,183872,5616404,5432.398,1635.904,0,31.920,0,7.980,6512,6405,2.040,1.630,0.920,2,0,385.036,0,0,14,70,1,15,0
26-06 17:14:33,52.886,20.051,26.568,0,0,1970956,151908,181660,5606608,5474.054,1788.592,4.010,4.010,1.003,1.003,4982,5448,2.040,1.630,0.920,4,0,296.762,0,0,14,70,1,15,0
26-06 17:14:34,53.605,26.678,18.699,0.249,0,2083716,153996,175912,5500096,5325.607,1689.434,219.407,35.903,9.973,8.976,6385,5763,2.040,1.630,0.920,3,0,420.863,0,0,14,70,1,15,0
26-06 17:14:35,65.540,22.428,10.965,0,0,2175280,124548,175508,5439048,5414.620,1507.162,199.360,1004.775,18.939,18.939,5724,6920,2.040,1.630,0.920,6,0,352.867,0,0,14,70,1,15,0
26-06 17:14:36,71.934,25.906,2.012,0.503,0.252,2289888,189116,175296,5264392,5347.231,1541.290,1030.210,2905.514,82.497,97.588,6644,6750,2.040,1.630,0.920,6,0,373.250,0,0,14,74,1,15,0
26-06 17:14:37,68.888,23.712,4.742,1.498,0,2450300,156152,174444,5140344,5670.798,1078.250,43.929,6629.242,3.994,683.890,8814,11838,2.360,1.700,0.940,8,0,269.563,0,0,14,74,1,15,0
26-06 17:14:38,66.243,24.747,5.499,3.000,0,2573208,171204,174460,5006032,5759.413,1619.835,503.949,31992.740,10.999,2266.769,14471,26186,2.360,1.700,0.940,4,1,384.961,0,0,14,76,1,15,0
26-06 17:14:39,69.338,19.775,9.762,0.501,0,2633720,181356,174572,4936556,4425.626,1081.375,841.069,4077.183,27.034,279.355,8278,13427,2.360,1.700,0.940,5,0,202.257,0,0,14,80,1,19,0
26-06 17:14:40,69.027,23.759,6.753,0,0,2768368,183724,174580,4801980,4939.950,1532.605,28.011,1180.466,6.002,64.025,7655,12404,2.360,1.700,0.940,5,0,400.158,0,0,14,91,1,25,0
26-06 17:14:41,42.228,26.736,30.234,0,0,2828472,126244,174580,4802868,4694.587,1619.168,23.988,939.517,1.999,53.972,7912,17738,2.360,1.700,0.940,4,0,506.740,0,0,15,90,1,27,0
26-06 17:14:42,40.937,17.119,40.193,0.496,0,2837328,182704,174580,4735820,5019.634,1446.941,2032.466,785.993,20.841,40.689,6198,8703,2.330,1.710,0.950,3,0,184.589,0,0,14,91,1,28,0
26-06 17:14:43,52.482,14.313,32.393,0.251,0,2997444,159244,174588,4602936,5062.389,1717.596,1141.046,11410.465,14.062,571.528,5920,6477,2.330,1.710,0.950,2,0,128.569,0,0,14,94,1,31,0
26-06 17:14:44,29.759,12.504,56.017,0.250,0,3042296,178668,174608,4539692,5119.556,1458.443,8.002,8426.560,2.001,263.080,4743,4551,2.330,1.710,0.950,1,0,118.036,0,0,14,97,1,30,0
26-06 17:14:45,7.754,19.259,70.283,0,0,3056844,164096,174608,4539716,5282.475,1620.759,4.002,800.375,1.000,50.023,5083,3675,2.330,1.710,0.950,1,0,261.122,0,0,14,97,1,30,0
26-06 17:14:46,7.745,20.238,70.209,0.250,0,3055064,165896,174608,4539744,5012.078,1457.151,0,2562.506,0,299.825,4971,3354,2.330,1.710,0.950,1,0,252.853,0,0,14,97,1,30,0
26-06 17:14:47,7.756,19.764,70.300,0,0,3045772,175168,174608,4539764,5043.591,1621.154,0,0,0,0,4897,3250,2.380,1.730,0.960,1,0,240.171,0,0,14,97,1,30,0
26-06 17:14:48,16.035,11.275,71.907,0,0,3091784,129140,174608,4539780,4870.612,1623.537,4.009,60.131,1.002,2.004,3129,2251,2.380,1.730,0.960,1,0,118.258,0,0,14,97,1,30,0
26-06 17:14:49,17.704,3.990,76.801,0,0,3130752,158192,174612,4473736,10245.503,7387.893,67.825,1567.945,4.987,4.987,2160,1728,2.380,1.730,0.960,2,0,0.997,0,0,14,98,1,28,0
26-06 17:14:50,25.799,2.755,70.633,0.250,0,3135948,152912,174612,4473820,22803.932,19509.731,8.015,360.679,2.004,27.051,2769,2464,2.380,1.730,0.960,2,0,2.004,0,0,14,103,1,29,0
26-06 17:14:51,20.900,7.464,70.165,0,0,3115744,173104,174612,4473832,4495.562,1612.312,0,171.184,0,11.943,2658,1972,2.380,1.730,0.960,4,0,64.692,0,0,14,107,1,29,0
26-06 17:14:52,18.801,2.507,77.709,0.501,0,3139664,149176,174612,4473840,10563.408,7813.011,0,264.712,0,30.081,2266,2232,2.190,1.700,0.950,0,0,1.003,0,0,14,110,1,29,0
26-06 17:14:53,34.319,7.766,55.361,1.002,0,3228832,126144,174624,4409644,6126.294,1853.720,356.716,1531.072,23.046,192.386,5460,7425,2.190,1.700,0.950,1,0,5.010,0,0,14,115,1,23,0
26-06 17:14:54,31.267,4.252,62.533,0.750,0,3236392,118416,174624,4409812,6528.454,2602.377,32.017,1492.790,2.001,169.089,4716,6099,2.190,1.700,0.950,1,0,4.002,0,0,14,120,1,25,0
26-06 17:14:55,17.163,10.199,71.141,0.249,0,3202152,152620,174624,4409832,5551.993,1611.869,0,628.828,0,43.779,3180,2588,2.190,1.700,0.950,3,0,111.438,0,0,14,120,1,25,0
26-06 17:14:56,18.540,2.756,77.917,0.501,0,3236088,118612,174624,4409904,11048.655,7184.381,64.137,444.953,4.009,27.058,2062,1782,2.190,1.700,0.950,1,0,0,0,0,14,121,1,25,0
26-06 17:14:57,19.516,3.503,74.812,0.250,0,3241152,179132,174632,4345924,8091.745,4128.441,8.007,828.691,2.002,80.067,3286,3931,2.100,1.690,0.960,2,0,0,0,0,14,121,1,25,0
26-06 17:14:58,35.566,10.019,52.849,0.501,0,3272180,148048,174636,4345976,5987.182,2656.962,0,1659.099,0,139.260,5020,5348,2.100,1.690,0.960,2,0,95.178,0,0,14,120,1,26,0
26-06 17:14:59,42.380,7.479,49.111,0,0.249,3368984,149628,174636,4249852,5793.646,2909.787,0,686.063,0,27.921,3001,1571,2.100,1.690,0.960,2,0,4.986,0,0,14,121,1,26,0
26-06 17:15:00,21.788,4.257,72.876,0.250,0,3312420,232684,174636,4223764,28862.873,23767.068,0,420.727,0,25.043,2452,1782,2.100,1.690,0.960,1,0,29.050,0,0,14,120,1,27,0
26-06 17:15:01,21.221,5.742,71.900,0.250,0,3383972,161116,174636,4223780,5487.394,1497.924,11.983,2264.861,2.996,112.844,2508,2231,2.100,1.690,0.960,1,0,28.960,0,0,14,120,1,27,0
26-06 17:15:02,17.991,1.999,79.210,0,0,3401164,143916,174636,4223788,29646.143,25011.466,0,103.948,0,5.997,1911,1495,2.010,1.680,0.960,1,0,0,0,0,14,120,1,28,0
26-06 17:15:03,28.760,9.753,60.270,0.250,0,3414480,175980,174728,4179008,6001.987,1620.537,92.030,276.091,6.002,24.008,4764,4755,2.010,1.680,0.960,1,0,59.020,0,0,14,122,1,29,0
26-06 17:15:04,16.985,2.748,78.678,0.250,0,3443820,146620,174728,4179028,12543.597,7988.738,3.996,3308.992,0.999,340.690,2096,1794,2.010,1.680,0.960,1,0,0,0,0,14,124,1,29,0
26-06 17:15:05,19.017,8.758,69.564,1.001,0,3403220,187160,174728,4179088,6884.302,2886.642,4.004,3755.438,1.001,279.256,4347,4986,2.010,1.680,0.960,1,0,82.075,0,0,14,122,1,30,0
26-06 17:15:06,21.002,3.000,75.005,0,0,3423488,166888,174728,4179092,7326.527,3586.258,4.000,384.028,1.000,24.002,1887,1462,2.010,1.680,0.960,0,0,0,0,0,14,123,1,30,0
26-06 17:15:07,17.760,4.753,76.042,0,0.250,3387628,202720,174728,4179120,27587.381,23166.917,0,280.156,0,15.008,2592,1942,1.850,1.650,0.950,1,0,55.031,0,0,14,122,1,31,0
26-06 17:15:08,21.499,4.250,73.248,0.250,0,3419420,170928,174728,4179120,5399.825,1619.947,0,1367.956,0,81.997,1928,1507,1.850,1.650,0.950,1,0,0,0,0,14,122,1,31,0
26-06 17:15:09,18.010,4.252,75.543,1.501,0,3422364,167752,174732,4179348,12063.797,7790.389,0,1340.755,0,200.113,4225,5902,1.850,1.650,0.950,4,0,2.001,0,0,14,124,1,31,0
26-06 17:15:10,26.230,3.497,66.200,1.249,0,3420924,169028,174732,4179512,5783.675,1562.831,47.964,4900.336,2.998,359.731,5659,8442,1.850,1.650,0.950,1,0,0,0,0,14,123,1,33,0
26-06 17:15:11,18.992,7.747,72.720,0.250,0,3391996,197956,174732,4179512,5894.572,1619.333,0,411.830,0,24.990,2572,1926,1.850,1.650,0.950,2,0,52.978,0,0,14,123,1,33,0
26-06 17:15:12,18.004,2.250,79.016,0,0,3411748,178192,174732,4179524,13994.920,11275.353,0,296.062,0,19.004,2082,1750,1.700,1.620,0.950,1,0,0,0,0,14,124,1,33,0
26-06 17:15:13,23.998,4.500,68.744,1.000,0,3410040,179844,174732,4179580,5932.458,1878.828,0,2011.816,0,177.984,4382,6061,1.700,1.620,0.950,2,0,1.000,0,0,14,126,1,33,0
26-06 17:15:14,33.312,9.267,55.853,0.501,0,3377456,212184,174732,4179824,5898.919,2370.388,0,977.810,0,107.198,7594,10323,1.700,1.620,0.950,2,0,68.126,0,0,14,127,1,34,0
26-06 17:15:15,21.021,4.254,73.575,0,0,3452088,137552,174732,4179824,4054.122,810.824,0,432.440,0,27.027,1958,1551,1.700,1.620,0.950,1,0,10.010,0,0,14,127,1,34,0
26-06 17:15:16,15.958,2.493,79.789,0.249,0,3449532,140076,174732,4179856,12813.103,9206.644,0,757.995,0,72.807,2653,3167,1.700,1.620,0.950,1,0,0,0,0,14,128,1,34,0
26-06 17:15:17,18.743,11.746,68.726,0.500,0,3368600,220992,174732,4179872,6340.801,2658.078,0,3698.717,0,275.904,4185,4145,1.640,1.610,0.950,1,0,152.947,0,0,14,127,1,35,0
26-06 17:15:18,18.477,2.247,77.652,0.250,0,3427588,162000,174732,4179876,7743.184,3998.931,0,207.737,0,10.986,1635,1166,1.640,1.610,0.950,1,0,0,0,0,14,128,1,35,0
26-06 17:15:19,20.781,3.505,74.360,0.250,0,3424044,165504,174736,4179912,14164.891,10577.600,0,508.750,0,61.090,3469,4356,1.640,1.610,0.950,2,0,1.001,0,0,14,128,1,35,0
26-06 17:15:20,25.750,6.250,65.499,1.500,0,3426352,163132,174744,4179968,5279.952,1619.985,0,5731.948,0,374.997,7083,10583,1.640,1.610,0.950,1,0,1.000,0,0,14,130,1,35,0
26-06 17:15:21,38.864,11.534,46.386,0.501,0,3387316,201424,174760,4180664,6750.734,3219.411,397.161,1323.870,64.188,142.416,10861,16262,1.640,1.610,0.950,6,0,145.425,0,0,14,129,1,36,0
26-06 17:15:22,25.174,9.721,64.057,0,0,3452524,136100,174760,4180732,5228.227,2117.611,0,821.522,0,63.807,4603,5387,1.590,1.600,0.950,2,0,143.567,0,0,14,129,1,36,0
26-06 17:15:23,18.001,3.250,78.005,0,0,3466756,155160,174764,4147464,12773.842,9030.596,0,684.045,0,26.002,2059,1657,1.590,1.600,0.950,1,0,0,0,0,14,129,1,37,0
26-06 17:15:24,12.769,16.274,68.353,0.501,0,3378228,243656,174764,4147496,5207.840,1712.578,8.012,3288.951,2.003,353.532,4836,3783,1.590,1.600,0.950,1,0,233.351,0,0,14,129,1,37,0
26-06 17:15:25,8.486,21.465,67.390,0.250,0,3359836,261892,174764,4147652,4838.135,1455.634,0,662.922,0,46.924,5439,4049,1.590,1.600,0.950,3,0,269.562,0,0,14,129,1,37,0
26-06 17:15:26,14.541,20.308,63.430,0,0,3360020,261696,174764,4148116,5436.464,1718.889,0,381.084,0,24.068,7075,8610,1.590,1.600,0.950,10,0,267.762,0,0,14,129,1,37,0
26-06 17:15:27,25.769,18.764,54.290,0.250,0,3423040,198624,174764,4147708,5001.690,1529.128,8.006,344.254,1.001,17.013,4973,3864,1.620,1.610,0.950,2,0,256.189,0,0,14,129,1,37,0
26-06 17:15:28,29.501,25.001,43.752,0.250,0,3446656,174468,174776,4148224,5340.269,1620.082,84.004,1820.092,6.000,105.005,6685,6078,1.620,1.610,0.950,3,0,403.020,0,0,14,131,1,37,0
26-06 17:15:29,24.668,16.445,57.807,0.249,0,3461804,159172,174776,4148372,5308.254,1526.895,0,310.960,0,20.930,6557,7855,1.620,1.610,0.950,1,0,241.194,0,0,14,135,1,37,0
26-06 17:15:30,54.645,28.325,16.293,0,0,3609820,157908,174784,4004352,6316.786,1698.513,116.309,276.735,10.027,21.056,8753,11380,1.620,1.610,0.950,3,0,469.247,0,0,16,143,1,37,0
26-06 17:15:31,53.278,27.386,18.174,0,0,3701812,166844,174784,3905304,6786.746,1525.649,95.602,290.789,3.983,22.905,6763,6951,1.620,1.610,0.950,5,0,432.201,0,0,16,147,1,37,0
26-06 17:15:32,41.752,20.751,36.001,0.250,0,3782704,135784,174788,3855472,3702.150,326.013,12.000,640.026,3.000,29.001,8364,14158,1.650,1.610,0.960,3,0,249.010,0,0,16,159,1,37,0
26-06 17:15:33,32.605,25.582,40.882,0.251,0,3838404,135304,174796,3801544,5435.524,1536.955,4.013,421.358,1.003,15.049,15078,4701,1.650,1.610,0.960,4,0,414.336,0,0,16,159,1,37,0
26-06 17:15:34,19.465,21.961,56.399,0,0,3842584,186508,174800,3747616,5288.537,1599.139,3.993,339.393,0.998,25.954,5975,4355,1.650,1.610,0.960,1,0,363.350,0,0,17,159,1,35,0
26-06 17:15:35,17.033,20.039,61.120,0,0,3865568,163500,174800,3748088,5230.230,1623.175,4.008,500.980,1.002,42.082,6673,8462,1.650,1.610,0.960,1,0,267.523,0,0,17,159,1,35,0
26-06 17:15:36,25.174,19.690,53.089,0.249,0,3901288,156544,174800,3719504,5310.920,1527.376,3.988,291.119,0.997,18.943,5208,4094,1.650,1.610,0.960,3,0,259.215,0,0,17,159,1,35,0
26-06 17:15:37,31.252,23.501,43.752,0,0,3956564,141632,174804,3679996,5188.251,1620.078,4.000,632.031,1.000,21.001,6172,4995,1.680,1.620,0.960,3,0,395.019,0,0,17,161,1,35,0
26-06 17:15:38,24.543,17.781,57.099,0,0,3986556,149096,174804,3643400,5168.992,1622.823,32.056,4.007,2.003,1.002,6471,8148,1.680,1.620,0.960,3,0,262.457,0,0,17,165,1,35,0
26-06 17:15:39,40.586,29.061,29.061,0,0,4109604,131148,174816,3540760,4750.050,1623.435,28.059,657.391,4.008,42.089,8145,13458,1.680,1.620,0.960,3,0,573.213,0,0,17,177,1,35,0
26-06 17:15:40,28.749,27.499,42.999,0,0,4167272,159068,174816,3456980,4919.883,1693.960,59.999,647.985,8.000,49.999,9294,12906,1.680,1.620,0.960,2,0,491.988,0,0,17,183,1,35,0
26-06 17:15:41,9.994,21.488,66.213,0.750,0,4170628,155640,174816,3457004,4994.243,1619.106,3.998,4601.460,0.999,33.981,5571,3999,1.680,1.620,0.960,1,0,303.832,0,0,17,185,1,35,0
26-06 17:15:42,30.913,18.199,49.611,0,0,4200316,155060,174816,3428656,4746.660,1543.662,179.496,526.520,8.975,40.885,6894,14933,1.630,1.610,0.960,0,0,282.207,0,0,17,199,1,20,0
26-06 17:15:43,36.109,14.042,48.396,0,0,4296472,147968,174816,3340788,5235.846,1624.918,1717.197,541.639,23.070,30.091,4120,2889,1.630,1.610,0.960,2,0,117.355,0,0,17,199,1,20,0
26-06 17:15:44,42.846,10.462,45.586,0.249,0,4412832,135140,174816,3240228,4681.129,1452.764,95.655,155.440,3.986,17.935,3224,1948,1.630,1.610,0.960,2,0,2.989,0,0,17,199,1,20,0
26-06 17:15:45,37.506,5.501,55.510,0.750,0,4470740,120220,174824,3198188,5280.910,1620.279,64.011,15702.707,7.001,881.152,3642,2910,1.630,1.610,0.960,2,0,10.002,0,0,17,208,1,20,0
26-06 17:15:46,26.612,24.352,47.951,0.251,0,4394780,196104,174836,3198264,4975.892,1464.148,16.067,261.096,1.004,17.072,6294,5099,1.630,1.610,0.960,2,0,468.969,0,0,17,207,1,16,0
26-06 17:15:47,34.192,29.700,34.442,0,0,4465272,121948,174840,3202272,11153.231,7320.680,2180.331,383.355,35.940,23.960,6990,6804,1.820,1.650,0.980,8,0,494.168,0,0,17,208,1,16,0
26-06 17:15:48,52.742,19.247,27.246,0,0,4429132,197016,174844,3164564,7538.811,4395.307,51.992,1015.840,6.999,21.997,6853,8862,1.820,1.650,0.980,5,0,264.958,0,0,17,215,1,17,0
26-06 17:15:49,73.124,15.276,11.269,0.501,0,4610528,141484,174852,3042184,4316.331,1544.624,348.592,400.681,16.027,19.032,4555,3231,1.820,1.650,0.980,4,0,52.088,0,0,17,216,2,17,0
26-06 17:15:50,56.586,11.965,24.679,4.487,0,4655000,138488,174944,3002352,14426.256,11271.385,7817.379,2093.941,529.468,152.559,6396,7916,1.820,1.650,0.980,5,2,28.916,0,0,17,227,1,17,0
26-06 17:15:51,51.435,20.224,27.465,0.250,0,4668496,177160,174952,2952044,5812.656,2409.955,75.904,1062.657,7.990,49.937,6779,7525,1.820,1.650,0.980,5,0,317.599,0,0,17,225,1,23,0
26-06 17:15:52,35.366,23.411,40.597,0,0,4686028,157892,174956,2953748,10550.110,7317.333,0,8754.897,0,30.883,7195,8257,1.830,1.650,0.990,5,0,386.538,0,0,17,226,1,23,0
26-06 17:15:53,46.843,23.925,27.955,0.252,0,4730664,143572,174956,2923888,10694.293,6898.504,201.475,2075.193,15.111,215.578,7084,8888,1.830,1.650,0.990,3,0,390.862,0,0,17,225,1,24,0
26-06 17:15:54,57.271,29.011,12.505,0.500,0,4758364,142540,174956,2897996,5341.980,1620.601,80.030,2668.989,3.001,158.059,7095,8469,1.830,1.650,0.990,3,0,438.162,0,0,17,229,1,23,0
26-06 17:15:55,56.363,21.697,20.700,0.499,0,4841260,127504,174972,2830932,12866.780,9396.201,1316.805,1161.183,60.852,59.855,7855,11547,1.830,1.650,0.990,5,0,254.383,0,0,17,234,1,25,0
26-06 17:15:56,54.135,28.822,16.291,0.251,0,4839096,197788,174976,2764380,9103.769,4707.775,160.401,830.076,9.023,57.143,7037,7552,1.830,1.650,0.990,4,0,464.161,0,0,17,233,1,26,0
26-06 17:15:57,53.501,20.654,25.133,0,0.249,4898148,135444,174984,2767684,6677.953,3569.405,481.760,812.224,26.875,41.806,7587,13742,1.930,1.680,1,2,0,226.945,0,0,17,240,1,27,0
26-06 17:15:58,59.067,20.523,19.022,0.250,0,5017928,140752,174988,2645776,14221.193,10432.879,917.044,1105.259,21.024,50.057,10267,17223,1.930,1.680,1,3,0,152.173,0,0,17,239,1,25,0
26-06 17:15:59,62.093,9.765,27.541,0.501,0,5066852,142284,174996,2596704,10693.952,7796.630,753.123,488.729,47.070,20.030,4346,2698,1.930,1.680,1,2,0,10.015,0,0,17,242,1,26,0
26-06 17:16:00,54.950,11.240,32.470,0.500,0,5147016,127248,175000,2533332,15822.621,11589.468,1406.722,755.314,55.949,82.925,6457,8092,1.930,1.680,1,3,0,11.989,0,0,17,249,1,29,0
26-06 17:16:01,53.312,20.524,24.779,0.501,0,5070908,229384,175124,2508268,8829.193,5023.800,4337.007,4111.747,66.076,89.103,7187,7686,1.930,1.680,1,4,0,335.387,0,0,17,249,1,31,0
26-06 17:16:02,44.254,27.502,26.252,0,0,5127352,172652,175128,2508452,11198.995,7225.642,784.070,632.056,7.001,39.003,6710,6032,2.330,1.770,1.030,5,0,433.038,0,0,17,250,1,30,0
26-06 17:16:03,56.467,21.737,21.987,0.250,0,5068380,231424,175128,2508660,11378.440,6703.136,771.555,775.553,6.996,22.987,6364,7681,2.330,1.770,1.030,3,0,229.867,0,0,18,249,1,31,0
26-06 17:16:04,78.023,17.505,4.501,0,0,5201304,155624,175140,2453860,7935.344,3425.012,740.219,1040.307,19.006,63.019,6137,5639,2.330,1.770,1.030,3,0,159.047,0,0,18,257,1,31,0
26-06 17:16:05,76.052,13.714,8.229,0.997,0,5223524,207844,175148,2382340,15617.416,10572.526,3470.980,2050.671,161.580,221.425,7123,8621,2.330,1.770,1.030,5,0,18.951,0,0,18,260,1,32,0
26-06 17:16:06,79.330,15.816,4.519,0.502,0,5329876,146244,175188,2339000,5879.491,1464.099,1008.200,15661.237,37.155,1308.450,7054,7465,2.330,1.770,1.030,4,0,113.473,0,0,18,263,1,30,0
26-06 17:16:07,36.119,12.953,49.321,0,0,5368008,137220,175192,2311964,15888.457,13288.872,773.200,9338.180,7.971,72.737,4720,4128,2.310,1.770,1.040,2,0,120.563,0,0,18,267,1,30,0
26-06 17:16:08,41.014,10.504,48.266,0,0,5371680,133516,175192,2311996,10878.692,2226.756,512.174,932.316,4.001,34.012,4071,3331,2.310,1.770,1.040,2,0,13.004,0,0,18,269,1,31,0
26-06 17:16:09,35.607,8.776,54.915,0.502,0,5395532,128152,175192,2295240,12477.567,9200.701,770.319,405.220,6.018,31.094,3423,2512,2.310,1.770,1.040,1,0,8.024,0,0,18,270,1,31,0
26-06 17:16:10,23.668,4.484,69.758,0.249,0,5337500,186160,175192,2295264,24793.818,8518.390,0,757.367,0,80.719,3328,3462,2.310,1.770,1.040,1,0,6.976,0,0,18,274,1,29,0
26-06 17:16:11,22.749,4.500,71.247,0.250,0,5384128,129252,175192,2305512,10631440.234,99477.456,0,463.983,0,37.999,6345,3723,2.310,1.770,1.040,2,0,2.000,0,0,18,276,1,29,0
26-06 17:16:12,26.362,16.319,55.235,0.251,0,5354128,151176,175196,2313552,5962452.544,57031.221,2301.776,582.474,27.115,44.188,7683,5662,2.440,1.810,1.050,2,0,263.118,0,0,18,274,1,30,0
26-06 17:16:13,39.836,8.216,50.542,0,0,5416680,128012,175196,2274292,7006.133,3613.113,0,1876.269,0,15.934,2848,1672,2.440,1.810,1.050,2,0,0,0,0,18,275,1,30,0
26-06 17:16:14,31.302,3.756,63.606,0.250,0,5423336,121500,175196,2274240,24147.233,19682.794,4.007,576.961,1.002,57.095,4443,5358,2.440,1.810,1.050,3,0,0,0,0,18,280,1,32,0
26-06 17:16:15,13.470,3.742,79.823,0.499,0.249,5354656,189712,175196,2274708,237562.019,8912211.636,447.007,638.581,25.942,58.869,4485,3893,2.440,1.810,1.050,1,0,37.916,0,0,18,278,1,32,0
26-06 17:16:16,3.750,1.750,91.989,0.250,0,5345064,199304,175196,2274708,777008.892,7520869.499,0,5063.419,0,596.932,3152,1686,2.440,1.810,1.050,1,0,1.000,0,0,18,285,1,32,0
26-06 17:16:17,24.474,7.492,65.430,0.499,0,5336604,191544,175204,2290888,16482849.004,284867.600,31.966,1458.442,1.998,73.921,21838,10852,2.490,1.830,1.060,0,0,6.993,0,0,18,285,1,33,0
26-06 17:16:18,14.514,15.515,67.817,0.500,0,5269168,258876,175204,2290992,7604.548,3125.102,32.032,3823.795,2.002,227.226,4803,4084,2.490,1.830,1.060,1,0,215.214,0,0,18,282,1,35,0
26-06 17:16:19,14.527,13.775,69.628,0.250,0,5305380,222624,175204,2291032,5456.015,1639.009,16.029,16446.189,2.004,47.086,4453,3766,2.490,1.830,1.060,1,0,251.462,0,0,18,282,1,34,0
26-06 17:16:20,24.757,4.751,69.271,0.250,0,5316752,211236,175204,2291048,4939.479,1458.437,4.001,536.161,1.000,42.013,2653,2227,2.490,1.830,1.060,1,0,16.005,0,0,18,286,1,34,0
26-06 17:16:21,7.755,19.264,69.799,0,0,5310848,217112,175204,2291076,4898.441,1459.025,0,144.101,0,11.008,4987,3581,2.490,1.830,1.060,2,0,237.167,0,0,18,286,1,34,0
26-06 17:16:22,8.258,20.520,69.567,0,0,5301812,226128,175204,2291096,4472.318,1459.409,12.012,4.004,1.001,1.001,4975,3488,2.370,1.810,1.060,1,0,253.245,0,0,18,286,1,34,0
26-06 17:16:23,4.977,10.701,82.126,0.249,0,5292752,235152,175204,2291132,4437.817,1451.399,0,1035.291,0,162.262,3326,2644,2.370,1.810,1.060,0,0,164.253,0,0,18,286,1,33,0
26-06 17:16:24,11.263,3.504,83.845,0.250,0,5328320,199596,175204,2291136,4683.328,1459.661,0,280.319,0,37.042,1950,2078,2.370,1.810,1.060,1,0,9.010,0,0,18,286,1,33,0
26-06 17:16:25,19.532,3.255,76.125,0.501,0,5368880,159024,175204,2291148,10427.108,7182.785,0,360.592,0,35.058,2383,2386,2.370,1.810,1.060,1,0,0,0,0,18,287,1,33,0
26-06 17:16:26,19.463,6.488,72.861,0,0,5333260,194560,175204,2291232,8318.122,4883.678,63.878,147.718,3.992,8.983,3386,2698,2.370,1.810,1.060,1,0,80.846,0,0,18,290,1,34,0
26-06 17:16:27,12.303,17.324,69.799,0.251,0,5323320,204204,175208,2291492,4820.666,1626.975,88.379,405.739,6.026,30.129,5194,4205,2.580,1.870,1.080,1,0,178.766,0,0,18,290,1,33,0
26-06 17:16:28,12.241,16.987,68.947,0,0,5322308,205080,175208,2291628,4856.298,1618.766,0,199.848,0,15.988,5223,3932,2.580,1.870,1.080,1,0,201.846,0,0,18,292,1,33,0
26-06 17:16:29,14.948,12.457,70.257,0.249,0,5351944,175240,175208,2291816,6168.642,1688.155,3.986,139.517,0.997,9.965,4071,3023,2.580,1.870,1.080,1,0,141.510,0,0,18,292,1,33,0
26-06 17:16:30,22.993,4.499,71.978,0,0,5399068,139308,175208,2280808,6537.996,1735.468,0,195.940,0,15.995,2178,1711,2.580,1.870,1.080,1,0,1.000,0,0,18,292,1,33,0
26-06 17:16:31,23.352,3.766,71.562,0.251,0,5419752,147884,175208,2252064,5792.235,1430.231,457.995,196.858,16.070,23.101,2526,2300,2.580,1.870,1.080,1,0,6.026,0,0,18,296,1,33,0
26-06 17:16:32,23.426,3.240,71.773,0,0,5325424,242164,175208,2252112,4254.559,1258.026,3.987,406.715,0.997,24.921,2119,1634,2.450,1.850,1.080,1,0,4.984,0,0,18,292,1,33,0
26-06 17:16:33,22.986,3.498,72.455,0,0,5382152,185376,175208,2252172,4755.036,1531.046,23.985,95.940,3.998,6.996,2070,1726,2.450,1.850,1.080,4,0,0,0,0,18,292,1,33,0
26-06 17:16:34,16.972,4.243,77.624,0,0,5410952,156572,175208,2252176,11273.666,8524.137,0,123.799,0,12.979,2160,1946,2.450,1.850,1.080,2,0,2.995,0,0,18,295,1,33,0
26-06 17:16:35,21.271,2.502,75.323,0.250,0,5417096,150272,175208,2252332,17581.083,13532.149,0,272.265,0,37.036,2765,2862,2.450,1.850,1.080,1,0,3.003,0,0,18,302,1,35,0
26-06 17:16:36,22.003,5.001,71.758,0,0,5401472,165896,175208,2252332,5315.626,1532.180,0,224.026,0,18.002,2359,1828,2.450,1.850,1.080,2,0,15.002,0,0,18,296,1,35,0
26-06 17:16:37,24.325,2.006,72.975,0.251,0,5424360,142964,175208,2252376,5296.314,1625.005,32.099,3189.826,1.003,437.347,2222,1862,2.340,1.840,1.080,1,0,0,0,0,18,296,1,35,0
26-06 17:16:38,11.001,17.252,70.010,0.250,0,5365240,201920,175216,2252532,5298.721,1458.198,392.053,660.090,5.001,27.004,4688,3566,2.340,1.840,1.080,1,0,236.032,0,0,18,296,1,35,0
26-06 17:16:39,9.726,19.203,68.332,0,0,5355068,211940,175216,2252684,5147.351,1616.029,39.902,179.559,1.995,15.961,5539,4348,2.340,1.840,1.080,1,0,308.243,0,0,18,296,1,35,0
26-06 17:16:40,21.763,5.753,71.542,0,0,5388236,178732,175240,2252700,5074.988,1586.934,0,396.233,0,24.014,2775,2391,2.340,1.840,1.080,1,0,58.034,0,0,18,296,1,35,0
26-06 17:16:41,18.240,2.998,76.710,0.500,0,5331508,229540,175808,2257940,11884.728,4744.496,0,1119.409,0,31.983,2166,1922,2.340,1.840,1.080,1,0,15.992,0,0,18,296,1,35,0
26-06 17:16:42,28.744,7.499,61.738,0.250,0,5361420,197508,175884,2259936,5158.986,1619.682,0,575.887,0,12.997,8259,27134,2.390,1.860,1.090,1,0,42.992,0,0,18,296,1,36,0
26-06 17:16:43,18.243,5.748,74.972,0,0,5409532,148952,175932,2260316,11774.543,4559.274,19.992,479.818,3.998,8.997,2081,1718,2.390,1.860,1.090,1,0,7.997,0,0,18,297,1,35,0
26-06 17:16:44,20.760,8.754,69.283,0,0,5422064,136276,175980,2260412,4894.338,1512.722,0,16711.982,0,34.016,10675,18815,2.390,1.860,1.090,1,0,19.009,0,0,18,297,1,35,0
26-06 17:16:45,17.796,12.282,67.927,0.251,0,5328116,236236,176064,2254412,5035.133,1798.692,0,1227.201,0,45.118,4474,4179,2.390,1.860,1.090,1,0,173.452,0,0,18,296,1,35,0
26-06 17:16:46,21.438,8.974,68.304,0.249,0,5362712,201608,176064,2254444,5401.474,1657.237,15.954,119.656,0.997,7.977,3386,2846,2.390,1.860,1.090,1,0,100.711,0,0,18,296,1,35,0
26-06 17:16:47,20.488,2.249,75.705,0.250,0,5388168,175904,176064,2254692,10665.699,7274.702,47.972,303.821,1.999,27.983,2395,2243,2.440,1.880,1.100,1,0,0.999,0,0,18,297,1,35,0
26-06 17:16:48,16.320,9.792,72.814,0.251,0,5349372,214632,176064,2254760,9619.544,6092.311,48.208,160.694,4.017,10.043,3473,2665,2.440,1.880,1.100,1,0,116.503,0,0,18,296,1,38,0
26-06 17:16:49,23.159,3.984,71.966,0,0,5420084,143912,176064,2254768,4972.390,1675.393,0,243.042,0,15.937,2183,1732,2.440,1.880,1.100,1,0,0.996,0,0,18,296,1,38,0
26-06 17:16:50,17.056,4.515,76.503,0,0,5383056,180932,176064,2254776,14165.814,10169.608,0,164.544,0,14.046,2684,2295,2.440,1.880,1.100,1,0,39.129,0,0,18,296,1,39,0
26-06 17:16:51,20.939,5.733,72.539,0.249,0,5406236,157752,176064,2254776,4994.439,1561.448,0,215.372,0,15.953,2324,1816,2.440,1.880,1.100,2,0,30.910,0,0,18,296,1,32,0
26-06 17:16:52,16.495,2.499,79.725,0,0,5419768,144204,176064,2254792,12715.082,13969.695,0,1587.511,0,302.907,2272,1860,2.240,1.840,1.100,0,0,0,0,0,18,297,1,32,0
26-06 17:16:53,21.008,5.752,72.276,0,0,5378992,184972,176064,2254800,10333.764,1506.549,0,0,0,0,2590,1953,2.240,1.840,1.100,1,0,56.020,0,0,18,296,1,33,0
26-06 17:16:54,17.492,2.249,78.714,0.250,0,5402928,161032,176064,2254804,7532.560,3625.345,0,147.932,0,19.991,2087,2020,2.240,1.840,1.100,1,0,0,0,0,18,297,1,33,0
26-06 17:16:55,18.258,3.251,77.033,0.250,0.250,5335052,228888,176064,2254824,13921.951,9351.997,0,428.183,0,38.016,2713,2685,2.240,1.840,1.100,2,0,23.010,0,0,18,296,1,36,0
26-06 17:16:56,22.004,4.751,72.263,0,0,5395948,167992,176064,2254824,5523.968,1566.275,0,160.028,0,14.002,2165,1789,2.240,1.840,1.100,1,0,9.002,0,0,18,296,1,33,0
26-06 17:16:57,14.242,2.249,82.202,0.250,0,5407380,156484,176064,2254900,13393.223,10627.829,63.963,283.835,2.998,26.984,2251,2470,2.380,1.880,1.110,0,0,0,0,0,18,297,1,33,0
26-06 17:16:58,18.512,4.503,76.050,0.250,0,5400700,163144,176064,2254920,8166.366,3323.184,0,676.444,0,50.033,2747,2566,2.380,1.880,1.110,1,0,47.031,0,0,18,296,1,34,0
26-06 17:16:59,16.994,2.499,78.722,0,0,5400688,163148,176064,2254928,11461.965,7330.420,0,899.683,0,101.964,1980,1674,2.380,1.880,1.110,1,0,1.000,0,0,18,297,1,34,0
26-06 17:17:00,20.076,5.019,74.531,0.251,0,5336892,226724,176064,2255148,10385.200,6151.219,80.303,232.879,5.019,13.049,2725,2320,2.380,1.880,1.110,1,0,32.121,0,0,18,296,1,35,0
26-06 17:17:01,23.153,3.734,71.200,0,0,5370152,193460,176068,2255148,5762.746,1613.210,3.983,107.547,0.996,12.946,2235,1867,2.380,1.880,1.110,1,0,2.987,0,0,18,296,1,35,0
26-06 17:17:02,11.506,2.501,84.793,0.250,0,5370136,193460,176068,2255164,16268.266,12571.388,0,260.132,0,27.014,2274,2487,2.270,1.870,1.110,1,0,0,0,0,18,296,1,36,0
26-06 17:17:03,11.997,10.998,72.734,1.250,0,5345140,217220,176628,2255840,6028.673,3161.304,1123.753,419.908,250.945,29.993,4253,3707,2.270,1.870,1.110,0,0,179.960,0,0,18,298,1,36,0
26-06 17:17:04,2.753,1.752,95.093,0.250,0.250,5339324,222972,176648,2255884,19663.267,3968.889,0,332.326,0,28.027,1449,1731,2.270,1.870,1.110,1,0,13.013,0,0,18,296,1,31,0
26-06 17:17:05,6.244,8.491,83.165,0,0,5347956,214328,176648,2255896,10797.951,4580.313,0,355.636,0,25.973,3195,2977,2.270,1.870,1.110,0,0,111.886,0,0,18,298,1,31,0
26-06 17:17:06,9.538,15.060,74.043,0.251,0,5343436,218560,176648,2256184,6205.581,1981.850,224.891,192.764,11.044,14.056,4391,3345,2.270,1.870,1.110,1,0,208.827,0,0,18,296,1,32,0
26-06 17:17:07,18.500,4.000,72.251,2.750,0.250,5361544,185088,176804,2271304,5072.086,1512.026,6672.113,804.014,470.008,17.000,2794,2937,2.330,1.880,1.120,1,0,6.000,0,0,18,296,1,32,0
26-06 17:17:08,31.928,7.733,58.867,0.499,0,5411068,132720,176844,2274024,16015.943,5636.311,518.832,4853.074,5.987,398.104,3435,2535,2.330,1.880,1.120,2,0,23.946,0,0,18,297,1,29,0
26-06 17:17:09,33.451,11.233,52.922,0.999,0,5337632,199812,176864,2280300,5925.286,1803.348,1773.392,3638.649,25.962,119.824,4801,4218,2.330,1.880,1.120,1,0,102.849,0,0,18,296,1,29,0
26-06 17:17:10,14.999,14.499,68.747,0.250,0,5368484,168908,176864,2280352,5697.719,1553.923,0,251.988,0,25.999,4197,3566,2.330,1.880,1.120,2,0,204.990,0,0,18,296,1,29,0
26-06 17:17:11,18.742,2.999,77.216,0,0,5410276,127108,176864,2280360,11309.996,7407.722,0,151.933,0,11.995,1957,1633,2.330,1.880,1.120,2,0,0,0,0,18,297,1,29,0
26-06 17:17:12,21.083,6.275,72.536,0.251,0,5399620,137736,176864,2280388,22901.450,19640.571,0,188.745,0,25.099,2944,2433,2.470,1.920,1.140,1,0,47.186,0,0,18,296,1,30,0
26-06 17:17:13,20.421,2.739,75.210,0,0,5395864,141488,176864,2280392,6430.193,3560.265,0,0,0,0,1880,1423,2.470,1.920,1.140,0,0,0,0,0,18,297,1,30,0
26-06 17:17:14,19.005,3.251,75.770,0.500,0,5354240,182736,176864,2280768,12331.270,8444.239,368.098,92.024,23.006,1.000,2485,2058,2.470,1.920,1.140,1,0,14.004,0,0,18,296,1,32,0
26-06 17:17:15,22.995,4.749,71.235,0,0,5397104,139872,176864,2280768,4964.941,1565.666,0,139.970,0,11.997,2306,1979,2.470,1.920,1.140,1,0,0,0,0,18,296,1,32,0
26-06 17:17:16,18.291,3.007,75.921,0.752,0,5393124,142124,176864,2282480,12610.372,8188.423,1715.861,873.966,58.131,112.253,3791,5045,2.470,1.920,1.140,3,0,1.002,0,0,18,297,1,28,0
26-06 17:17:17,23.946,5.488,68.844,0.748,0,5361460,173032,176864,2283236,6588.040,2852.523,494.876,710.387,29.932,73.832,4017,5011,2.350,1.900,1.140,1,0,10.975,0,0,18,296,1,29,0
26-06 17:17:18,19.497,3.000,76.489,0,0,5390064,144420,176864,2283244,11284.430,7331.980,0,415.942,0,28.996,2035,1704,2.350,1.900,1.140,1,0,0,0,0,18,297,1,29,0
26-06 17:17:19,19.309,3.511,74.479,0.752,0,5379816,154484,176868,2283424,10316.685,6577.200,112.345,1023.142,4.012,111.342,4793,6380,2.350,1.900,1.140,1,0,1.003,0,0,18,296,1,29,1
26-06 17:17:20,12.984,17.978,67.418,0.250,0,5329756,204512,176876,2283448,5585.198,1753.864,3.995,2564.876,0.999,63.922,5238,4316,2.350,1.900,1.140,2,0,309.623,0,0,18,296,1,27,0
26-06 17:17:21,7.765,24.548,66.128,0.250,0,5330836,203412,176876,2283468,5219.134,1514.942,0,496.965,0,34.066,5730,4366,2.350,1.900,1.140,1,0,383.745,0,0,18,296,1,27,0
26-06 17:17:22,8.483,23.205,65.622,0.499,0,5329696,204528,176876,2283488,4038.095,1023.995,0,3089.951,0,176.654,6200,5199,2.240,1.890,1.140,3,0,385.246,0,0,18,296,1,27,0
26-06 17:17:23,8.023,22.816,67.195,0,0,5324680,209520,176876,2283512,5174.994,1624.707,0,2250.521,0,374.084,6039,4435,2.240,1.890,1.140,2,0,394.142,0,0,18,296,1,27,0
26-06 17:17:24,8.452,23.120,66.127,0.249,0,5322540,211636,176876,2283536,5248.421,1449.829,0,282.408,0,28.837,5881,4614,2.240,1.890,1.140,2,0,363.949,0,0,18,296,1,27,0
26-06 17:17:25,9.283,22.581,65.486,0.251,0,5318344,215812,176876,2283556,4817.379,1625.865,0,525.897,0,44.159,6190,5175,2.240,1.890,1.140,3,0,406.466,0,0,18,296,1,27,0
26-06 17:17:26,8.247,22.741,66.972,0,0,5314948,219188,176876,2283576,4629.093,1443.406,0,171.929,0,14.994,5519,4134,2.240,1.890,1.140,1,0,353.854,0,0,18,296,1,27,0
26-06 17:17:27,8.984,21.961,67.382,0,0,5311436,222680,176876,2283596,3521.814,646.864,0,31.944,0,7.986,5707,4383,2.220,1.890,1.140,1,0,379.334,0,0,18,296,1,27,0
26-06 17:17:28,8.255,21.763,67.039,0.250,0,5317656,216436,176876,2283620,4728.744,1566.909,0,380.221,0,29.017,5741,4337,2.220,1.890,1.140,1,0,369.214,0,0,18,296,1,26,0
26-06 17:17:29,9.280,22.071,66.965,0.251,0.251,5317852,216212,176876,2283648,5870.857,1591.110,0,196.632,0,18.058,5921,4734,2.220,1.890,1.140,1,0,379.218,0,0,18,296,1,26,0
26-06 17:17:30,13.752,12.752,71.009,0,0,5317548,324440,176884,2187168,7486.945,1640.207,20.003,3168.400,2.000,108.014,3877,3157,2.220,1.890,1.140,1,0,149.019,0,0,18,296,1,26,0
26-06 17:17:31,23.002,3.957,71.726,0,0,5356168,274796,177500,2197576,5806.370,1569.075,0,1448.377,0,5.936,2341,1805,2.220,1.890,1.140,1,0,4.947,0,0,18,296,1,26,0
26-06 17:17:32,13.338,1.258,83.803,0.252,0,5356664,273312,177596,2198472,15589.878,6705.248,124.824,918.058,15.100,12.080,1737,1543,2.120,1.880,1.140,0,0,16.106,0,0,18,297,1,26,0
26-06 17:17:33,16.005,1.751,80.526,1.000,0,5369668,258696,177776,2199904,27625.038,16689.460,956.313,1880.615,68.022,60.020,2001,1871,2.120,1.880,1.140,0,0,0,0,0,18,297,1,26,0
26-06 17:17:34,13.748,1.250,83.489,0.750,0,5376204,250660,177884,2201296,20608.357,10970.593,1187.848,1323.830,58.992,51.993,1739,1702,2.120,1.880,1.140,2,0,0,0,0,18,297,1,26,0
26-06 17:17:35,18.314,1.756,77.520,1.254,0,5390060,235036,178044,2202900,25696.543,14671.123,1224.266,2055.161,54.189,97.339,2578,2960,2.120,1.880,1.140,1,0,0,0,0,18,297,1,26,0
26-06 17:17:36,19.669,2.739,75.439,1.494,0,5404168,186160,178228,2237448,13803.114,6938.405,12388.942,1434.090,137.434,59.754,2315,2009,2.120,1.880,1.140,1,0,0.996,0,0,18,297,1,24,0
26-06 17:17:37,22.932,2.493,72.535,0.499,0,5417676,158716,179144,2250220,5035.096,1698.971,0,1738.853,0,51.847,2323,2038,2.030,1.860,1.140,0,1,0,0,0,18,297,1,24,0
26-06 17:17:38,23.867,3.015,72.102,0.251,0,5409020,150412,179572,2266400,5143.120,1465.156,0,1020.987,0,38.187,2274,1933,2.030,1.860,1.140,1,0,0,0,0,18,297,1,24,0
26-06 17:17:39,21.957,3.992,71.611,1.248,0,5413792,121488,180528,2289340,5030.214,1616.854,0,3672.855,0,305.406,3002,3261,2.030,1.860,1.140,2,0,0.998,0,0,18,297,1,24,0
26-06 17:17:40,23.502,6.500,67.504,1.000,0,5408420,229364,159940,2220408,5146.337,1640.108,8.001,17525.149,2.000,208.014,2927,2874,2.030,1.860,1.140,3,0,0,0,0,18,297,1,24,0
26-06 17:17:41,22.992,3.749,71.475,0.750,0,5408044,243008,160764,2213748,5189.183,1685.410,0,2063.278,0,71.975,2360,2114,2.030,1.860,1.140,1,0,0,0,0,18,296,1,24,0
26-06 17:17:42,25.516,8.255,65.040,0,0,5370888,280072,160816,2213788,5395.351,2060.279,140.087,28.017,12.007,3.002,3390,11743,1.950,1.850,1.140,1,0,71.044,0,0,18,297,1,25,0
26-06 17:17:43,18.554,2.758,77.224,0.251,0,5370332,274028,161096,2220040,11280.662,4079.813,4.012,1921.564,1.003,33.096,2023,1714,1.950,1.850,1.140,1,0,3.009,0,0,18,296,1,25,0
26-06 17:17:44,22.188,6.731,68.809,0.249,0,5390092,253192,161132,2221080,4776.717,1077.005,7.978,402.880,1.994,11.967,9670,17961,1.950,1.850,1.140,1,0,12.964,0,0,18,296,1,25,0
26-06 17:17:45,24.006,6.752,66.517,0.500,0,5374800,268216,161200,2221280,5059.315,1458.379,48.012,2276.592,2.001,57.015,8980,16511,1.950,1.850,1.140,1,0,17.004,0,0,18,296,1,24,0
26-06 17:17:46,21.993,5.248,71.476,0.250,0,5329004,321300,161292,2213956,5051.303,1565.474,3.999,2855.041,1.000,158.947,2628,2465,1.950,1.850,1.140,1,0,12.996,0,0,18,296,1,24,0
26-06 17:17:47,24.008,6.002,68.772,0.250,0,5343476,306712,161296,2214068,5013.587,1512.479,88.028,464.147,2.001,9.003,9827,17970,1.870,1.830,1.140,3,0,49.016,0,0,18,296,1,24,0
26-06 17:17:48,19.779,4.507,74.110,0,0,5362272,287864,161308,2214108,11435.976,4435.584,0,957.421,0,31.046,2473,2214,1.870,1.830,1.140,4,0,36.054,0,0,18,297,1,24,0
26-06 17:17:49,24.193,3.991,70.085,0.249,0,5354344,289420,161400,2220372,4876.522,1875.585,19.953,1237.088,1.995,28.932,2772,2509,1.870,1.830,1.140,1,0,6.984,0,0,18,296,1,23,0
26-06 17:17:50,24.522,6.756,66.560,0.250,0,5371044,271504,161428,2221528,4684.251,1663.509,0,940.854,0,32.029,14667,27312,1.870,1.830,1.140,1,0,17.015,0,0,18,296,1,23,0
26-06 17:17:51,21.501,6.250,71.004,0,0,5369480,280432,161444,2214148,4767.247,1620.084,0,560.029,0,19.001,7051,11590,1.870,1.830,1.140,1,0,15.001,0,0,18,296,1,23,0
26-06 17:17:52,22.248,4.750,72.493,0,0,5373104,276836,161464,2214132,4665.521,1565.839,0,635.935,0,23.998,2438,1966,1.800,1.820,1.140,1,0,21.998,0,0,18,296,1,23,0
26-06 17:17:53,20.062,9.530,69.215,0,0,5390596,252652,161536,2220752,5342.574,1570.873,20.062,76.237,4.012,4.012,3378,2573,1.800,1.820,1.140,2,0,96.299,0,0,18,296,1,21,0
26-06 17:17:54,22.677,2.741,72.767,0.249,0,5383040,255756,161580,2225060,4858.418,2256.762,0,1120.407,0,24.920,2497,2295,1.800,1.820,1.140,0,0,16.946,0,0,18,297,1,21,0
26-06 17:17:55,16.003,1.750,80.015,0.750,0,5388000,250400,161656,2225360,22137.147,8365.567,4.001,2304.432,1.000,241.045,2196,2279,1.800,1.820,1.140,1,0,0,0,0,18,297,1,21,0
26-06 17:17:56,9.996,1.250,86.969,0.750,0,5382808,254992,161816,2225776,45434.933,15417.548,0,1679.406,0,58.979,1604,1697,1.800,1.820,1.140,0,0,0,0,0,18,297,1,21,0
26-06 17:17:57,5.751,1.000,91.269,0.250,0,5377968,259564,161884,2225972,132431.969,10083.053,0,996.203,0,42.009,1589,1776,1.660,1.790,1.130,0,0,0,0,0,18,298,1,18,0
26-06 17:17:58,18.004,1.500,78.767,1.000,0,5394380,242776,161992,2226216,26496.797,12922.827,0,1628.356,0,63.014,1893,1683,1.660,1.790,1.130,0,0,0,0,0,18,298,1,18,0
26-06 17:17:59,15.468,1.497,82.082,0.499,0,5408452,228228,162120,2226556,38124.939,10304.901,31.935,1277.385,0.998,52.892,1986,2026,1.660,1.790,1.130,0,0,0.998,0,0,18,298,1,18,0
26-06 17:18:00,7.506,1.501,88.827,0.751,0,5407728,228228,162388,2227000,342099.266,18258.759,0,1825.576,0,81.070,2059,2146,1.660,1.790,1.130,0,0,0,0,0,18,298,1,18,0
26-06 17:18:01,11.263,2.253,83.844,1.251,0,5391836,243452,162784,2227472,106657.738,20104.570,132.148,11977.446,10.011,310.348,2125,2158,1.660,1.790,1.130,1,0,0,0,0,18,298,1,12,0
26-06 17:18:02,8.499,2.500,86.237,0.250,0,5376028,247124,162904,2239440,1888488.300,41436.534,0,2527.606,0,49.992,3299,2496,1.520,1.760,1.120,1,0,2.000,0,0,18,298,1,12,0
26-06 17:18:03,5.511,3.257,87.933,0.251,0.251,5378280,230996,162988,2253200,7258711.449,92295.891,0,4938.267,0,27.056,6520,3104,1.520,1.760,1.120,0,0,2.004,0,0,18,298,1,12,0
26-06 17:18:04,6.485,3.990,84.549,0.748,0,5365468,218672,163164,2278096,9721087.162,123996.599,163.610,12613.949,3.990,63.848,8797,3851,1.520,1.760,1.120,1,0,0.998,0,0,18,298,1,12,0
26-06 17:18:05,22.258,2.751,73.025,0.750,0,5380444,192492,163616,2288732,276915.556,5362.831,0,1988.679,0,91.031,2665,2609,1.520,1.760,1.120,1,0,1.000,0,0,18,298,1,10,0
26-06 17:18:06,22.495,3.749,71.735,1.000,0,5391376,164560,166880,2302120,6015.764,1619.667,0,16540.600,0,308.937,2634,2465,1.520,1.760,1.120,1,0,0,0,0,18,298,1,10,0
26-06 17:18:07,23.254,2.750,72.512,0.250,0,5390516,148700,167332,2318084,5580.915,1620.266,0,1224.201,0,42.007,2335,2020,1.640,1.780,1.130,1,0,0,0,0,18,298,1,10,0
26-06 17:18:08,36.499,11.500,49.249,2.000,0,5427480,149696,165000,2282636,5399.860,1619.958,3743.903,2743.929,60.998,122.997,3919,2943,1.640,1.780,1.130,3,0,8.000,0,0,18,298,1,10,0
26-06 17:18:09,36.257,10.252,50.509,1.000,0,5447284,128208,164824,2284596,6181.108,1620.291,712.128,79278.217,8.001,611.110,4315,4160,1.640,1.780,1.130,2,0,5.001,0,0,18,298,1,9,0
26-06 17:18:10,24.478,3.747,70.687,0.500,0,5423492,155100,164988,2281480,5786.865,1510.659,3.996,1218.918,0.999,65.941,2649,2586,1.640,1.780,1.130,2,0,0,0,0,18,298,1,9,0
26-06 17:18:11,24.247,2.500,71.241,0.500,0,5416948,148256,165640,2293952,5480.275,1403.814,3.999,3567.528,1.000,193.974,2664,2573,1.640,1.780,1.130,0,1,1.000,0,0,18,298,1,9,0
26-06 17:18:12,22.264,6.754,68.544,1.001,0,5416964,155120,165432,2287552,4162.685,1134.732,0,160791.711,0,1608.037,4937,6430,1.590,1.770,1.130,2,0,0,0,0,18,298,1,9,0
26-06 17:18:13,22.338,4.267,72.034,0.753,0,5411728,194764,165576,2253044,5397.306,1963.752,4.016,1730.832,1.004,51.202,2323,1918,1.590,1.770,1.130,2,0,19.075,0,0,18,296,1,7,0
26-06 17:18:14,17.167,2.737,78.373,0,0,5388068,213284,165648,2258080,12270.953,4646.641,0,1337.564,0,17.914,1977,1604,1.590,1.770,1.130,1,0,17.914,0,0,18,296,1,7,0
26-06 17:18:15,23.262,6.253,67.786,0.250,0,5399676,200084,165692,2259612,5358.872,1392.746,8.004,444.238,2.001,12.006,10125,18362,1.590,1.770,1.130,1,0,7.004,0,0,18,296,1,7,0
26-06 17:18:16,20.510,6.003,72.287,0,0,5398384,200448,165748,2260452,5007.536,1188.602,0,2429.230,0,17.009,2189,1681,1.590,1.770,1.130,1,0,8.004,0,0,18,296,1,7,0
26-06 17:18:17,22.084,8.533,68.511,0,0,5404668,194028,165788,2260548,5318.298,1463.586,0,88.337,0,1.004,10781,19024,1.620,1.770,1.140,1,0,25.096,0,0,18,296,1,4,0
26-06 17:18:18,21.172,4.733,72.483,0,0,5365260,240744,165832,2253260,5380.144,1614.043,0,713.367,0,17.934,2050,1481,1.620,1.770,1.140,1,0,0.996,0,0,18,296,1,4,0
26-06 17:18:19,19.742,5.498,71.220,2.499,0,5376492,225020,165856,2257728,5355.743,1499.368,2235.058,871.633,317.866,15.993,2743,2844,1.620,1.770,1.140,4,0,5.997,0,0,18,296,1,4,0
26-06 17:18:20,25.118,4.270,68.571,0.754,0,5378168,222060,165940,2258928,5485.689,1627.622,815.820,2338.953,36.169,125.588,5197,6871,1.620,1.770,1.140,1,0,1.005,0,0,18,298,1,8,0
26-06 17:18:21,23.197,8.231,66.100,1.497,0,5296144,302636,166064,2260252,5077.473,1508.575,818.143,1632.294,46.894,211.520,6832,9473,1.620,1.770,1.140,1,0,68.844,0,0,18,298,1,9,0
26-06 17:18:22,8.980,20.455,67.851,0.249,0,5301832,296816,166080,2260368,5553.775,1562.561,51.886,3240.866,2.993,398.124,5867,4464,1.650,1.770,1.140,2,0,321.293,0,0,18,298,1,8,0
26-06 17:18:23,11.725,8.482,69.602,8.233,0,5304560,276412,166096,2278028,4849.720,1616.573,17458.994,247.475,1413.005,11.975,4256,4972,1.650,1.770,1.140,0,1,57.877,0,0,18,298,1,10,0
26-06 17:18:24,9.019,4.009,73.158,12.276,0,5302228,250464,166136,2306268,5818.542,2640.692,28485.401,1912.122,2224.796,43.093,4346,6446,1.650,1.770,1.140,0,0,6.013,0,0,18,299,1,10,0
26-06 17:18:25,2.249,1.750,94.477,0.750,0,5298000,254612,166220,2306264,5464.684,1619.610,0,5042.786,0,274.934,1898,3130,1.650,1.770,1.140,2,0,0,0,0,18,299,1,10,0
26-06 17:18:26,1.250,0.500,96.992,0,0,5293784,258812,166224,2306276,9690.200,2387.803,0,155.987,0,13.999,1057,1441,1.650,1.770,1.140,0,0,0,0,0,18,299,1,10,0
26-06 17:18:27,1.500,0.250,97.005,0,0,5289680,262916,166224,2306276,5171.277,1524.082,0,0,0,0,964,1310,1.520,1.740,1.140,0,0,0,0,0,18,299,1,10,0
26-06 17:18:28,0.500,0.500,96.994,0.250,0,5287268,265304,166248,2306276,5519.637,1619.893,4.000,243.984,1.000,18.999,1004,1482,1.520,1.740,1.140,0,0,0,0,0,18,299,1,10,0
26-06 17:18:29,1.750,1.000,96.751,0,0,5287000,265556,166260,2306280,9965.116,2491.029,4.000,756.009,1.000,143.002,1249,1539,1.520,1.740,1.140,1,0,3.000,0,0,18,299,1,10,0
26-06 17:18:30,1.250,0.750,96.502,0,0,5286996,265556,166264,2306280,22576.510,2066.047,0,60.001,0,6.000,1049,1425,1.520,1.740,1.140,0,0,0,0,0,18,299,1,10,0
26-06 17:18:31,1.750,1.000,95.736,0.250,0,5286936,265556,166280,2306324,22601.733,1927.721,31.995,231.966,1.000,32.995,1349,1920,1.520,1.740,1.140,0,0,2.000,0,0,18,299,1,10,0
26-06 17:18:32,2.000,0.250,96.245,0,0,5286936,265556,166280,2306324,5904.712,3119.848,0,283.986,0,17.999,1050,1393,1.400,1.710,1.130,0,0,0,0,0,18,299,1,10,0
26-06 17:18:33,1.751,1.250,96.537,0,0,5286936,265556,166284,2306320,19581.453,1862.709,4.002,36.014,1.000,4.002,1002,1320,1.400,1.710,1.130,0,0,1.000,0,0,18,299,1,10,0
26-06 17:18:34,0.999,0.500,97.196,0.250,0,5286880,265556,166288,2306372,6670.303,1759.025,0,83.953,0,9.994,1002,1400,1.400,1.710,1.130,0,0,0,0,0,18,299,1,10,0
26-06 17:18:35,2.501,1.000,94.782,0,0,5286872,265556,166304,2306364,6704.243,1524.510,0,220.074,0,29.010,1423,2067,1.400,1.710,1.130,0,0,0,0,0,18,299,1,10,0
26-06 17:18:36,1.000,0.500,96.763,0.250,0,5286728,265556,166316,2306496,14551.005,1892.261,92.013,272.037,1.000,17.002,1038,1415,1.400,1.710,1.130,0,0,1.000,0,0,18,299,1,10,0
26-06 17:18:37,1.002,0.751,97.929,0,0.250,5286728,265556,166316,2306496,29059.050,1989.632,0,0,0,0,967,1355,1.290,1.690,1.120,0,0,0,0,0,18,299,1,10,0
26-06 17:18:38,1.498,0.250,96.846,0,0,5286660,265556,166320,2306560,17154.709,1815.112,0,39.936,0,0.998,904,1285,1.290,1.690,1.120,0,0,0,0,0,18,299,1,10,0
26-06 17:18:39,1.000,0.250,96.982,0,0,5286652,265556,166328,2306560,9760.232,1817.671,0,143.974,0,11.998,1123,1713,1.290,1.690,1.120,0,0,1.000,0,0,18,299,1,10,0
26-06 17:18:40,1.749,1.249,95.450,0.250,0,5286648,265556,166332,2306560,19833.564,1956.970,0,259.863,0,22.988,1263,1815,1.290,1.690,1.120,0,0,0,0,0,18,299,1,10,0
26-06 17:18:41,1.751,2.501,95.056,0,0,5296096,256080,166352,2306568,4999.948,1620.956,0,136.080,0,16.009,1365,1986,1.290,1.690,1.120,0,0,0,0,0,18,299,1,10,0
26-06 17:18:42,6.470,4.479,87.346,0.249,0,5290592,261564,166360,2306580,5944.522,1516.988,11.945,111.485,0.995,8.959,2321,6023,1.180,1.660,1.120,0,0,35.834,0,0,18,299,1,11,0
26-06 17:18:43,1.256,3.265,93.670,0,0,5290188,261952,166364,2306592,9378.022,1759.886,0,94571.771,0,1116.001,2556,3017,1.180,1.660,1.120,0,0,0,0,0,18,299,1,11,0
26-06 17:18:44,1.000,1.000,97.255,0.500,0,5282800,269404,166380,2306592,6332.306,1524.074,0,1608.078,0,24.001,940,1417,1.180,1.660,1.120,0,0,0,0,0,18,299,1,11,0
26-06 17:18:45,2.000,0.500,95.731,0,0,5282792,269404,166384,2306596,14301.117,2015.594,0,111.977,0,12.997,1250,1737,1.180,1.660,1.120,0,0,0,0,0,18,299,1,11,0
26-06 17:18:46,1.500,0.250,97.500,0,0,5282780,269404,166396,2306596,8378.988,1685.998,0,272.000,0,19.000,1010,1432,1.180,1.660,1.120,0,0,0,0,0,18,299,1,10,0
26-06 17:18:47,1.250,0.750,97.006,0,0,5282240,269944,166396,2306596,5024.307,1458.089,0,8.000,0,1.000,965,1321,1.090,1.630,1.110,0,0,0,0,0,18,299,1,10,0
26-06 17:18:48,0.750,0.500,97.508,0,0,5281132,271052,166396,2306596,5006.395,1620.128,0,40.003,0,2.000,913,1286,1.090,1.630,1.110,0,0,0,0,0,18,299,1,10,0
26-06 17:18:49,1.250,0.750,96.991,0,0,5280876,271304,166400,2306596,4783.575,1531.864,0,67.994,0,5.999,968,1402,1.090,1.630,1.110,0,0,1.000,0,0,18,299,1,10,0
26-06 17:18:50,2.750,1.250,95.002,0.250,0,5280840,271304,166408,2306624,9342.228,1794.044,20.000,100.002,2.000,12.000,1267,1668,1.090,1.630,1.110,0,0,1.000,0,0,18,299,1,8,0
26-06 17:18:51,3.251,2.000,93.519,0,0,5280816,271304,166416,2306640,8838.783,1656.334,0,120.024,0,17.003,1647,2340,1.090,1.630,1.110,0,0,3.001,0,0,18,299,1,8,0
26-06 17:18:52,5.251,0.750,93.010,0,0,5280932,271080,166432,2306732,10665.111,1752.182,16.002,148.015,1.000,12.001,1643,2198,1,1.600,1.100,0,0,2.000,0,0,18,299,1,10,0
26-06 17:18:53,0.501,1.002,96.481,0.251,0,5280928,271080,166436,2306732,7497.923,1527.652,0,3456.262,0,173.415,1027,1477,1,1.600,1.100,0,0,0,0,0,18,299,1,10,0
26-06 17:18:54,1.247,0.748,96.737,0,0,5280908,271080,166448,2306740,13784.544,1878.895,0,327.111,0,13.962,1103,1650,1,1.600,1.100,0,0,0,0,0,18,299,1,10,0
26-06 17:18:55,1.751,0.750,95.779,0.500,0,5280860,271080,166492,2306744,5101.563,1620.496,0,628.192,0,55.017,1387,2159,1,1.600,1.100,0,0,0,0,0,18,299,1,10,0
26-06 17:18:56,1.000,0.750,97.511,0,0,5280860,271080,166492,2306744,11528.327,1860.214,0,4.000,0,1.000,968,1358,1,1.600,1.100,0,0,0,0,0,18,299,1,10,0
26-06 17:18:57,1.999,0.250,96.974,0,0,5280860,271080,166492,2306744,7152.072,1685.546,0,3.999,0,1.000,1064,1454,0.920,1.580,1.100,0,0,0,0,0,18,299,1,10,0
26-06 17:18:58,1.500,0.500,97.242,0,0,5280844,271080,166508,2306744,9635.218,1751.858,0,335.973,0,24.998,974,1406,0.920,1.580,1.100,1,0,0,0,0,18,299,1,10,0
26-06 17:18:59,1.000,0.250,97.026,0,0,5280844,271080,166508,2306744,6467.723,1578.420,0,8.002,0,1.000,992,1414,0.920,1.580,1.100,0,0,1.000,0,0,18,299,1,10,0
26-06 17:19:00,1.250,0.750,96.481,0,0,5280840,271080,166508,2306748,10371.995,1115.784,0,3.999,0,1.000,1031,1453,0.920,1.580,1.100,0,0,0,0,0,18,299,1,10,0
26-06 17:19:01,1.750,0.500,96.982,0,0,5280804,271080,166508,2306784,4944.084,1187.780,31.994,99.981,1.000,10.998,1107,1697,0.920,1.580,1.100,0,0,0,0,0,18,299,1,10,0
26-06 17:19:02,1.500,1.000,96.976,0.500,0,5280796,271080,166516,2306784,6232.437,1145.713,0,351.912,0,28.993,1046,1497,0.850,1.550,1.090,0,0,0,0,0,18,299,1,10,0
26-06 17:19:03,0.750,0.500,97.290,0,0,5280796,271080,166516,2306784,6874.821,1524.626,0,0,0,0,924,1332,0.850,1.550,1.090,0,0,0,0,0,18,299,1,10,0
26-06 17:19:04,1.250,0.500,96.989,0,0,5280788,271080,166524,2306784,10632.800,1685.810,0,47.995,0,5.999,983,1347,0.850,1.550,1.090,0,0,0,0,0,18,299,1,10,0
26-06 17:19:05,2.747,0.999,94.658,0,0,5280784,271080,166536,2306776,7764.452,1596.448,0,183.821,0,23.977,1393,1885,0.850,1.550,1.090,0,0,0,0,0,18,299,1,10,0
26-06 17:19:06,1.001,0.751,97.375,0.250,0,5280768,271080,166536,2306792,7346.449,1634.102,0,220.283,0,17.022,1038,1422,0.850,1.550,1.090,0,0,0,0,0,18,299,1,10,0
26-06 17:19:07,3.998,5.747,88.207,0,0,5265320,285540,166540,2307776,674562.860,12909.644,479.764,483.762,16.992,4.998,2475,2048,0.780,1.520,1.090,0,0,32.984,0,0,18,298,1,11,0
26-06 17:19:08,15.756,7.503,76.279,0,0,5284916,265940,166540,2307780,5314.032,1512.578,512.196,88.034,4.002,1.000,2230,1709,0.780,1.520,1.090,1,0,8.003,0,0,18,298,1,11,0
26-06 17:19:09,15.494,4.498,78.718,0.250,0,5315364,235476,166552,2307784,5091.913,1133.535,511.790,1367.440,3.998,231.905,2289,2180,0.780,1.520,1.090,0,0,4.998,0,0,18,298,1,11,0
26-06 17:19:10,1.250,1.000,96.262,0,0,5299664,251156,166568,2307788,5852.706,1512.182,0,316.038,0,25.003,1167,1720,0.780,1.520,1.090,0,0,0,0,0,18,298,1,11,0
26-06 17:19:11,1.500,0.250,96.726,0.250,0,5287748,263012,166572,2307844,5373.643,1457.632,31.992,123.969,1.000,14.996,1139,1639,0.780,1.520,1.090,0,0,0,0,0,18,298,1,11,0
26-06 17:19:12,1.501,0.750,96.547,0,0,5287324,263436,166572,2307844,5462.643,1662.804,0,108.052,0,9.004,1128,1533,0.720,1.500,1.080,2,0,0,0,0,18,298,1,11,0
26-06 17:19:13,1.002,0.251,98.231,0,0,5285172,265588,166572,2307844,5198.228,1623.820,0,0,0,0,856,1237,0.720,1.500,1.080,0,0,0,0,0,18,298,1,11,0
26-06 17:19:14,0.748,1.496,97.019,0,0,5281120,269640,166572,2307844,4994.134,1616.160,0,0,0,0,851,1266,0.720,1.500,1.080,0,0,0,0,0,18,298,1,11,0
26-06 17:19:15,2.000,0.250,95.494,0,0,5279436,271288,166608,2307844,4885.696,1619.899,0,559.965,0,42.997,1262,1902,0.720,1.500,1.080,0,0,0,0,0,18,298,1,11,0
26-06 17:19:16,1.000,0.750,97.245,0.250,0,5277984,272728,166616,2307848,5744.706,1619.917,0,219.989,0,15.999,988,1426,0.720,1.500,1.080,1,0,0,0,0,18,298,1,11,0
26-06 17:19:17,1.500,1.250,96.251,0,0,5277724,272988,166616,2307848,5058.041,1458.012,0,0,0,0,1073,1342,0.660,1.470,1.070,0,0,6.000,0,0,18,298,1,11,0
26-06 17:19:18,1.000,0.500,97.221,0,0,5276620,274092,166616,2307848,5698.325,1619.524,0,1723.493,0,64.981,935,1256,0.660,1.470,1.070,0,0,0,0,0,18,298,1,11,0
26-06 17:19:19,1.250,0.750,97.241,0,0,5276684,274124,166616,2307852,5117.522,1457.864,0,63.994,0,5.999,1032,1404,0.660,1.470,1.070,0,0,1.000,0,0,18,298,1,11,0
26-06 17:19:20,1.499,0.750,95.967,0,0,5276676,274124,166624,2307852,5638.039,1619.437,0,71.975,0,8.997,1100,1547,0.660,1.470,1.070,0,0,0,0,0,18,298,1,11,0
26-06 17:19:21,1.752,1.001,96.087,0.751,0,5276636,274124,166656,2307860,5209.736,1459.327,0,1901.729,0,96.087,1299,1937,0.660,1.470,1.070,0,0,0,0,0,18,298,1,11,0
26-06 17:19:22,1.500,0.750,96.486,0,0,5276872,273872,166672,2307860,5099.275,1619.770,0,339.952,0,26.996,1045,1422,0.610,1.450,1.070,0,0,0,0,0,18,298,1,11,0
26-06 17:19:23,1.250,0.500,96.967,0,0,5277092,273648,166672,2307864,4636.416,1527.478,0,59.980,0,1.000,924,1298,0.610,1.450,1.070,0,0,0,0,0,18,298,1,4,0
26-06 17:19:24,1.751,0.500,97.029,0.250,0,5277080,273648,166684,2307864,5021.481,1620.478,0,108.032,0,13.004,1118,1685,0.610,1.450,1.070,0,0,0,0,0,18,298,1,4,0
26-06 17:19:25,2.249,1.250,94.973,0.250,0,5277044,273648,166716,2307868,4936.603,1457.588,0,1167.670,0,203.942,1474,2225,0.610,1.450,1.070,0,0,0,0,0,18,298,1,4,0
26-06 17:19:26,1.250,0.500,97.523,0,0,5277036,273648,166724,2307868,5672.352,1714.408,0,108.026,0,8.002,971,1371,0.610,1.450,1.070,0,0,0,0,0,18,298,1,4,0
26-06 17:19:27,5.266,8.776,85.255,0,0,5281128,269368,166724,2308056,5133.350,1462.373,172.516,0,11.033,0,3138,2925,0.560,1.420,1.060,1,0,203.609,0,0,18,298,1,4,0
26-06 17:19:28,7.258,20.773,70.077,0.250,0,5289344,261096,166748,2308088,4755.197,1621.772,0,352.385,0,23.025,6376,5435,0.560,1.420,1.060,1,0,487.533,0,0,18,298,1,4,0
26-06 17:19:29,6.737,21.208,70.362,0,0,5278136,272264,166756,2308116,6048.132,1616.827,7.984,0,1.996,0,6101,5062,0.560,1.420,1.060,2,0,416.183,0,0,18,298,0,4,0
26-06 17:19:30,7.756,21.767,68.553,0,0,5282464,267912,166756,2308140,5524.296,1691.315,0,8.006,0,2.002,6204,5030,0.560,1.420,1.060,1,0,464.361,0,0,18,298,0,4,0
26-06 17:19:31,8.261,21.029,69.095,0,0,5281420,268860,166760,2308232,5484.556,1622.235,84.116,0,5.007,0,6242,5178,0.560,1.420,1.060,3,0,463.639,0,0,18,298,0,4,0
26-06 17:19:32,16.433,9.213,71.957,0.498,0,5294304,254628,166936,2309404,4959.828,1613.438,1314.653,0,62.745,0,3732,2875,0.590,1.420,1.060,2,0,166.324,0,0,18,298,0,4,0
26-06 17:19:33,6.267,4.011,87.733,1.003,0,5287516,244216,166960,2326580,5144.683,2139.691,17213.782,0,197.525,0,2369,2607,0.590,1.420,1.060,0,0,28.075,0,0,18,299,0,4,0
26-06 17:19:34,0.748,0.499,97.254,0,0,5287996,243716,166976,2326584,4967.445,1615.916,0,175.556,0,9.975,929,1332,0.590,1.420,1.060,0,0,0,0,0,18,299,0,4,0
26-06 17:19:35,3.249,1.250,94.718,0.250,0,5287948,243716,167004,2326604,19707.284,1787.391,0,243.917,0,30.989,1531,2223,0.590,1.420,1.060,0,0,0,0,0,18,299,0,4,0
26-06 17:19:36,1.500,0.500,96.484,0.250,0,5287892,243716,167016,2326648,43741.946,2021.674,0,327.947,0,21.996,1028,1450,0.590,1.420,1.060,1,0,0,0,0,18,299,0,4,0
26-06 17:19:37,0.500,0.751,98.070,0,0,5287892,243716,167016,2326648,4969.527,1296.920,0,0,0,0,931,1277,0.540,1.390,1.060,0,0,0,0,0,18,299,0,4,0
26-06 17:19:38,1.250,0.500,96.968,0,0,5287828,243716,167016,2326712,72897.763,2771.079,0,35.988,0,1.000,942,1249,0.540,1.390,1.060,0,0,0,0,0,18,299,0,4,0
26-06 17:19:39,1.500,0.250,96.023,0.250,0,5287968,243464,167052,2326788,56839.827,2700.657,16.004,1612.392,4.001,26.006,1283,1860,0.540,1.390,1.060,0,0,1.000,0,0,18,299,0,4,0
26-06 17:19:40,1.500,1.250,96.248,0,0,5288180,243240,167064,2326788,61932.556,2357.945,0,271.994,0,22.999,1284,1853,0.540,1.390,1.060,0,0,0,0,0,18,299,0,4,0
26-06 17:19:41,1.250,0.250,97.473,0,0,5280276,251080,167064,2326852,15250.792,1841.492,0,0,0,0,899,1262,0.540,1.390,1.060,0,0,0,0,0,18,299,0,4,0
26-06 17:19:42,2.008,1.757,95.401,0,0,5296380,234952,167064,2327392,28853.163,1982.324,0,4.017,0,1.004,1245,1732,0.500,1.370,1.050,6,0,27.114,0,0,18,299,0,4,0
26-06 17:19:43,5.721,2.488,89.802,0.249,0,5293480,237844,167072,2326876,3980.161,1074.644,0,206.968,0,14.926,2292,7058,0.500,1.370,1.050,0,0,8.955,0,0,18,299,0,4,0
26-06 17:19:44,1.752,0.500,96.585,0,0,5293928,237368,167076,2326900,29632.097,1831.613,0,100.088,0,12.011,1124,1633,0.500,1.370,1.050,0,0,0,0,0,18,299,0,4,0
26-06 17:19:45,1.504,1.003,96.009,0,0,5293236,237992,167092,2326952,59367.995,2298.194,0,445.200,0,40.108,1342,1915,0.500,1.370,1.050,0,0,0,0,0,18,299,0,4,0
26-06 17:19:46,1.247,0.499,97.003,0.249,0,5291880,239312,167092,2326988,34325.675,2010.884,0,35.909,0,2.992,1035,1394,0.500,1.370,1.050,0,0,0,0,0,18,299,0,4,0
26-06 17:19:47,1.000,0.250,97.498,0,0,5290688,240468,167092,2327024,43269.266,2123.964,0,0,0,0,948,1343,0.460,1.350,1.040,0,0,0,0,0,18,299,0,4,0
26-06 17:19:48,0.750,0.500,97.734,0,0,5290244,240856,167112,2327060,40131.235,2225.625,0,215.964,0,15.997,994,1392,0.460,1.350,1.040,0,0,0,0,0,18,299,0,4,0
26-06 17:19:49,3.000,1.000,95.008,0,0,5290408,240632,167120,2327112,50870.289,2634.222,0,276.023,0,57.005,1283,1636,0.460,1.350,1.040,1,0,2.000,0,0,18,299,0,4,0
26-06 17:19:50,2.749,1.250,94.227,0,0,5293388,237624,167128,2327132,31820.234,2201.463,0,91.978,0,6.998,1397,1890,0.460,1.350,1.040,0,0,2.000,0,0,18,299,0,4,0
26-06 17:19:51,3.750,1.000,93.752,0,0,5293344,237624,167128,2327176,10893.180,1644.027,0,80.001,0,6.000,1519,1880,0.460,1.350,1.040,0,0,2.000,0,0,18,299,0,4,0
26-06 17:19:52,2.749,1.000,95.222,0,0.250,5293544,237372,167140,2327216,42221.650,2423.291,0,99.971,0,11.996,1355,1786,0.420,1.320,1.040,0,0,1.000,0,0,18,299,0,4,0
26-06 17:19:53,1.250,0.500,97.260,0,0,5293508,237372,167140,2327252,37627.835,2172.221,0,0,0,0,899,1244,0.420,1.320,1.040,1,0,0,0,0,18,299,0,4,0
26-06 17:19:54,1.501,1.001,96.315,0.500,0,5293436,237372,167188,2327276,24258.288,1921.290,0,384.258,0,37.025,1280,1835,0.420,1.320,1.040,0,0,0,0,0,18,299,0,4,0
26-06 17:19:55,2.500,0.750,95.746,0.500,0,5293356,237372,167224,2327320,48301.953,2315.902,0,335.986,0,34.999,1415,2105,0.420,1.320,1.040,0,0,0,0,0,18,299,0,4,0
26-06 17:19:56,1.250,1.250,96.491,0,0,5285508,245180,167224,2327360,53341.853,2555.753,0,1023.901,0,204.980,1042,1344,0.420,1.320,1.040,1,0,0,0,0,18,299,0,2,0
26-06 17:19:57,1.250,0.500,97.001,0,0,5285480,245180,167224,2327388,28874.444,1986.031,0,0,0,0,1016,1310,0.390,1.300,1.030,0,0,0,0,0,18,299,0,2,0
26-06 17:19:58,0.750,1.000,97.237,0,0,5285472,245180,167232,2327388,7509.001,1211.839,0,323.957,0,22.997,913,1328,0.390,1.300,1.030,0,0,0,0,0,18,299,0,2,0
26-06 17:19:59,1.250,0.500,97.018,0,0,5285464,245180,167236,2327392,5266.980,1608.299,0,36.007,0,3.001,994,1350,0.390,1.300,1.030,0,0,1.000,0,0,18,299,0,2,0
26-06 17:20:00,1.499,0.500,96.713,0,0,5285408,245180,167236,2327448,66086.879,2543.033,0,3.998,0,1.000,1040,1361,0.390,1.300,1.030,0,0,0,0,0,18,299,0,2,0
26-06 17:20:01,1.500,0.500,97.004,0,0,5285396,245180,167240,2327456,11207.505,1698.077,0,308.014,0,55.002,1045,1407,0.390,1.300,1.030,1,0,0,0,0,18,299,0,2,0
26-06 17:20:02,0.750,0.500,97.270,0,0,5285356,245180,167240,2327496,47676.030,2094.441,0,0,0,0,985,1339,0.360,1.280,1.030,1,0,0,0,0,18,299,0,2,0
26-06 17:20:03,6.751,1.500,91.010,0.500,0,5285540,244424,167276,2328032,34579.938,2016.230,352.040,260.030,25.003,34.004,2339,3397,0.360,1.280,1.030,0,0,0,0,0,18,299,0,2,0
26-06 17:20:04,1.000,0.250,97.244,0,0,5285500,244424,167284,2328064,39595.705,2213.872,0,347.980,0,21.999,985,1418,0.360,1.280,1.030,1,0,0,0,0,18,299,0,2,0
26-06 17:20:05,2.000,1.000,95.740,0,0.250,5285480,244424,167288,2328080,19226.055,1895.808,0,115.988,0,11.999,1274,1755,0.360,1.280,1.030,0,0,0,0,0,18,299,0,2,0
26-06 17:20:06,1.000,0.500,97.469,0.250,0,5285452,244424,167292,2328104,27934.192,1385.563,0,203.936,0,15.995,978,1386,0.360,1.280,1.030,0,0,0,0,0,18,299,0,2,0
26-06 17:20:07,0.750,0.500,96.998,0,0,5285412,244424,167292,2328144,50804.861,1601.964,0,0,0,0,912,1250,0.330,1.260,1.020,1,0,0,0,0,18,299,0,2,0
26-06 17:20:08,16.763,7.506,75.810,0,0,5343560,186228,167300,2328184,35349.925,1951.542,512.405,92.073,4.003,12.009,2413,1980,0.330,1.260,1.020,1,0,8.006,0,0,18,299,0,1,0
26-06 17:20:09,14.739,4.996,78.193,0,0,5339640,190096,167312,2328224,32570.071,2026.511,511.624,267.803,3.997,23.982,2442,2204,0.330,1.260,1.020,0,0,4.996,0,0,18,299,0,1,0
26-06 17:20:10,2.250,0.750,95.767,0.500,0,5333152,196544,167328,2328248,28773.157,1974.354,0,1184.212,0,25.004,1365,2069,0.330,1.260,1.020,0,0,0,0,0,18,299,0,1,0
26-06 17:20:11,2.500,1.250,94.250,0,0,5325048,204424,167352,2328448,31696.868,1955.992,191.999,187.999,14.000,22.000,1535,2070,0.330,1.260,1.020,0,0,5.000,0,0,18,299,0,1,0
26-06 17:20:12,1.750,0.500,96.758,0,0,5319752,209716,167352,2328452,4462.364,1242.101,0,4.000,0,1.000,1033,1375,0.300,1.240,1.010,0,0,0,0,0,18,299,0,1,0
26-06 17:20:13,1.999,1.000,96.462,0.250,0,5315016,214372,167380,2328504,60360.026,2620.959,0,491.805,0,35.986,1110,1516,0.300,1.240,1.010,0,0,0,0,0,18,299,0,1,0
26-06 17:20:14,0.750,0.500,97.506,0,0,5310908,218448,167380,2328536,41432.580,1548.096,0,0,0,0,902,1236,0.300,1.240,1.010,0,0,0,0,0,18,299,0,1,0
26-06 17:20:15,1.750,1.250,95.488,0,0,5307316,222012,167400,2328544,6395.181,1307.832,0,163.979,0,21.997,1384,1991,0.300,1.240,1.010,1,0,0,0,0,18,299,0,1,0
26-06 17:20:16,0.750,0.750,95.780,0.750,0,5304380,224908,167424,2328560,30630.461,2148.664,0,3325.027,0,365.113,1254,1787,0.300,1.240,1.010,0,0,0,0,0,18,299,0,1,0
26-06 17:20:17,1.250,1.250,96.256,0,0,5301876,227388,167424,2328584,23659.409,2082.124,0,0,0,0,1145,1366,0.280,1.220,1.010,0,0,6.000,0,0,18,299,0,1,0
26-06 17:20:18,1.500,0.500,97.030,0,0,5299460,229776,167432,2328604,20216.212,1950.599,0,56.017,0,7.002,968,1351,0.280,1.220,1.010,0,0,0,0,0,18,299,0,1,0
26-06 17:20:19,1.500,0.500,97.222,0,0,5298108,231112,167432,2328620,18242.742,1817.476,0,51.985,0,5.998,1035,1411,0.280,1.220,1.010,2,0,1.000,0,0,18,299,0,1,0
26-06 17:20:20,1.500,0.750,96.229,0.250,0,5298100,231112,167440,2328620,35996.214,1895.590,0,123.973,0,12.997,1162,1579,0.280,1.220,1.010,0,0,0,0,0,18,299,0,1,0
26-06 17:20:21,1.000,0.500,97.013,0,0,5298064,231112,167440,2328656,11402.486,1752.228,0,68.009,0,1.000,1012,1368,0.280,1.220,1.010,0,0,0,0,0,18,299,0,1,0
26-06 17:20:22,1.750,0.750,96.979,0,0,5298040,231112,167440,2328680,28909.671,2147.530,0,0,0,0,1075,1346,0.260,1.200,1,0,0,0,0,0,18,299,0,1,0
26-06 17:20:23,0.500,1.000,97.261,0,0,5298024,231112,167440,2328696,18340.006,978.107,0,56.006,0,3.000,935,1286,0.260,1.200,1,0,0,0,0,0,18,299,0,1,0
26-06 17:20:24,2.000,0.500,96.730,0,0,5298012,231108,167444,2328708,29233.945,1337.723,0,115.976,0,13.997,1138,1703,0.260,1.200,1,0,0,0,0,0,18,299,0,1,0
26-06 17:20:25,2.001,0.500,95.031,0.500,0.250,5297956,231108,167468,2328740,23005.475,2082.677,0,492.160,0,62.020,1452,2165,0.260,1.200,1,0,0,0,0,0,18,299,0,1,0
26-06 17:20:26,1.500,0.750,97.239,0,0,5297936,231108,167468,2328760,21034.663,1461.838,0,0,0,0,997,1376,0.260,1.200,1,0,0,0,0,0,18,299,0,1,0
26-06 17:20:27,1.500,0.750,97.015,0,0,5297912,231108,167468,2328784,27136.115,948.144,0,0,0,0,993,1372,0.230,1.180,1,0,0,0,0,0,18,299,0,1,0
26-06 17:20:28,0.999,0.250,97.699,0,0,5297900,231108,167468,2328796,18170.571,1787.073,0,0,0,0,885,1278,0.230,1.180,1,0,0,0,0,0,18,299,0,1,0
26-06 17:20:29,1.251,1.000,96.791,0,0,5295828,233152,167480,2328816,25776.969,2124.904,0,328.140,0,22.009,1029,1438,0.230,1.180,1,0,0,1.000,0,0,18,299,0,1,0
26-06 17:20:30,0.999,0.499,97.144,0,0,5296080,232900,167480,2328816,24996.773,1839.996,0,3.996,0,0.999,940,1268,0.230,1.180,1,0,0,0,0,0,18,299,0,1,0
26-06 17:20:31,1.252,0.751,96.867,0,0,5296048,232900,167480,2328848,17378.047,1766.139,0,0,0,0,1004,1331,0.230,1.180,1,2,0,2.002,0,0,18,299,0,1,0
26-06 17:20:32,1.000,0.500,97.489,0,0,5296024,232900,167480,2328872,32396.400,1919.787,0,0,0,0,935,1309,0.220,1.160,0.990,0,0,0,0,0,18,299,0,1,0
26-06 17:20:33,1.250,0.750,97.025,0,0,5295992,232900,167480,2328904,38027.668,2482.631,4.001,0,1.000,0,1033,1356,0.220,1.160,0.990,1,0,0,0,0,18,299,0,1,0
26-06 17:20:34,1.250,0.750,96.984,0,0,5295936,232900,167496,2328944,4979.155,1619.725,0,63.989,0,5.999,962,1345,0.220,1.160,0.990,0,0,0,0,0,18,299,0,1,0
26-06 17:20:35,2.000,0.500,95.523,0.250,0,5295896,232900,167524,2328956,26814.586,1788.439,0,176.043,0,24.006,1317,1957,0.220,1.160,0.990,0,0,0,0,0,18,299,0,1,0
26-06 17:20:36,1.250,0.750,97.491,0,0,5296116,232660,167528,2328972,19137.237,1949.820,0,243.978,0,18.998,1048,1458,0.220,1.160,0.990,0,0,0,0,0,18,299,0,1,0
26-06 17:20:37,1.000,0.750,97.491,0,0,5296088,232660,167528,2329000,24257.737,2015.812,0,903.916,0,177.983,1015,1340,0.200,1.140,0.990,0,0,0,0,0,18,299,0,1,0
26-06 17:20:38,1.250,0.500,96.976,0,0,5296068,232660,167528,2329020,27581.047,2147.459,0,0,0,0,920,1275,0.200,1.140,0.990,0,0,0,0,0,18,299,0,1,0
26-06 17:20:39,1.500,0.500,96.008,0.250,0,5296044,232660,167532,2329040,15039.181,1722.135,0,180.014,0,15.001,1240,1821,0.200,1.140,0.990,0,0,1.000,0,0,18,299,0,1,0
26-06 17:20:40,1.500,1.000,96.513,0.250,0,5296012,232660,167552,2329052,39699.430,2520.345,0,820.112,0,26.004,1235,1774,0.200,1.140,0.990,0,0,0,0,0,18,299,0,1,0
26-06 17:20:41,1.500,0.250,96.479,0,0,5295976,232660,167552,2329088,22728.095,1919.586,0,51.989,0,3.999,1092,1545,0.200,1.140,0.990,0,0,0,0,0,18,299,0,1,0
26-06 17:20:42,1.500,0.750,97.249,0,0,5295956,232660,167552,2329108,24511.734,2147.977,0,4.000,0,1.000,1072,1478,0.180,1.120,0.980,0,0,0,0,0,18,299,0,1,0
26-06 17:20:43,6.502,4.251,88.020,0,0,5300664,227928,167564,2329120,19938.634,1788.416,0,224.052,0,15.003,2183,7633,0.180,1.120,0.980,0,0,36.008,0,0,18,299,0,2,0
26-06 17:20:44,1.000,0.500,97.488,0,0,5300636,227928,167564,2329148,29852.383,791.904,0,0,0,0,883,1287,0.180,1.120,0.980,0,0,0,0,0,18,299,0,2,0
26-06 17:20:45,4.751,0.750,92.775,0,0.250,5298672,229888,167568,2329148,5341.414,1620.429,0,100.026,0,13.003,1576,2065,0.180,1.120,0.980,0,0,2.001,0,0,18,301,0,1,0
26-06 17:20:46,2.249,0.750,96.228,0.250,0,5298840,229636,167576,2329224,42063.522,2249.493,31.993,203.954,2.000,13.997,1188,1645,0.180,1.120,0.980,0,0,1.000,0,0,18,301,0,1,0
26-06 17:20:47,1.250,1.000,96.994,0,0,5298812,229636,167576,2329252,36171.883,2387.860,0,0,0,0,996,1306,0.170,1.100,0.980,0,0,0,0,0,18,301,0,1,0
26-06 17:20:48,1.500,0.250,97.261,0.250,0,5299020,229412,167588,2329256,4398.505,1458.168,0,732.084,0,146.017,982,1379,0.170,1.100,0.980,1,0,0,0,0,18,301,0,1,0
26-06 17:20:49,1.500,1.000,96.494,0,0,5299484,228912,167596,2329284,31239.962,2279.851,0,51.997,0,6.000,1016,1417,0.170,1.100,0.980,0,0,1.000,0,0,18,301,0,1,0
26-06 17:20:50,1.999,0.750,96.221,0,0,5299460,228912,167596,2329308,24032.741,1775.464,0,55.983,0,5.998,1112,1503,0.170,1.100,0.980,0,0,0,0,0,18,301,0,1,0
26-06 17:20:51,3.500,1.750,93.489,0,0,5301180,227176,167596,2329324,7838.049,1685.796,0,0,0,0,1437,1835,0.170,1.100,0.980,0,0,3.000,0,0,18,301,0,1,0
26-06 17:20:52,3.501,1.000,93.780,0,0,5301144,227176,167596,2329360,31358.105,1764.569,0,116.037,0,7.002,1497,1896,0.310,1.110,0.980,0,0,2.001,0,0,18,301,0,3,0
26-06 17:20:53,2.499,0.750,95.701,0,0,5300092,228184,167612,2329388,25736.796,1817.068,0,123.936,0,13.993,1229,1745,0.310,1.110,0.980,0,0,0.999,0,0,18,301,0,3,0
26-06 17:20:54,2.001,0.500,96.570,0,0,5300544,227708,167628,2329396,5353.865,1621.170,0,100.072,0,13.009,1117,1647,0.310,1.110,0.980,0,0,0,0,0,18,301,0,3,0
26-06 17:20:55,1.750,1.000,95.740,0.250,0,5300488,227708,167648,2329432,37240.024,2147.771,0,167.982,0,23.997,1392,2098,0.310,1.110,0.980,1,0,0,0,0,18,301,0,3,0
26-06 17:20:56,1.000,0.250,97.278,0,0,5296472,231712,167648,2329444,19144.595,1992.582,0,108.032,0,25.007,980,1383,0.310,1.110,0.980,0,0,0,0,0,18,301,0,3,0
26-06 17:20:57,0.750,0.750,97.441,0,0,5296472,231712,167648,2329444,5576.651,1619.028,0,15.990,0,0.999,1034,1397,0.370,1.110,0.980,0,0,0,0,0,18,301,0,3,0
26-06 17:20:58,1.500,1.000,96.772,0.250,0,5296424,231712,167668,2329472,33711.538,2052.459,0,608.136,0,40.009,1020,1443,0.370,1.110,0.980,0,0,0,0,0,18,301,0,3,0
26-06 17:20:59,0.500,0.750,97.000,0,0,5296424,231712,167668,2329472,4979.994,1619.998,0,0,0,0,972,1376,0.370,1.110,0.980,0,0,1.000,0,0,18,301,0,3,0
26-06 17:21:00,2.000,0.750,96.745,0,0,5296400,231712,167672,2329492,27544.466,1961.891,0,55.997,0,7.000,1074,1475,0.370,1.110,0.980,0,0,0,0,0,18,301,0,3,0
26-06 17:21:01,0.750,0.250,97.777,0,0,5296396,231712,167672,2329496,5418.492,1620.446,0,0,0,0,955,1286,0.370,1.110,0.980,0,0,0,0,0,18,301,0,3,0
26-06 17:21:02,1.750,0.500,96.478,0,0,5296392,231712,167676,2329496,45837.321,2303.463,0,75.982,0,5.999,1022,1396,0.340,1.090,0.980,0,0,0,0,0,18,301,0,3,0
26-06 17:21:03,1.250,0.750,97.250,0,0,5296336,231712,167676,2329552,20208.078,1896.007,0,8.000,0,1.000,1000,1359,0.340,1.090,0.980,0,0,0,0,0,18,301,0,3,0
26-06 17:21:04,0.500,0.500,97.009,0,0,5296336,231712,167676,2329552,14863.332,1788.160,0,912.082,0,175.016,1129,1401,0.340,1.090,0.980,0,0,0,0,0,18,301,0,3,0
26-06 17:21:05,3.000,1.000,96.012,0.250,0,5296308,231712,167684,2329572,14277.745,1644.201,0,132.016,0,18.002,1350,1838,0.340,1.090,0.980,0,0,0,0,0,18,301,0,3,0
26-06 17:21:06,1.500,0.250,96.737,0,0,5296296,231712,167696,2329572,14902.946,1829.748,0,207.971,0,15.998,1028,1466,0.340,1.090,0.980,0,0,1.000,0,0,18,301,0,3,0
26-06 17:21:07,0.750,0.500,97.533,0,0,5296272,231712,167696,2329596,18860.318,1842.617,0,0,0,0,970,1306,0.390,1.090,0.980,0,0,0,0,0,18,301,0,3,0
26-06 17:21:08,16.306,7.024,76.515,0,0,5337944,190016,167696,2329620,34409.185,2143.424,513.780,12.042,4.014,2.007,2265,1714,0.390,1.090,0.980,1,0,8.028,0,0,18,301,0,3,0
26-06 17:21:09,15.197,5.232,77.731,0.249,0,5366172,161764,167700,2329640,16793.895,1769.876,510.235,103.641,3.986,11.959,2387,2115,0.390,1.090,0.980,0,0,4.983,0,0,18,301,0,3,0
26-06 17:21:10,1.500,0.500,96.254,0.500,0,5358868,169028,167716,2329664,29119.289,1830.081,0,260.012,0,23.001,1227,1817,0.390,1.090,0.980,0,0,0,0,0,18,301,0,3,0
26-06 17:21:11,1.500,0.500,96.982,0,0,5349756,178136,167716,2329668,7589.618,1685.693,0,499.909,0,1.000,1023,1394,0.390,1.090,0.980,0,0,0,0,0,18,301,0,3,0
26-06 17:21:12,1.250,0.500,96.990,0,0,5341988,185880,167716,2329692,28679.171,4726.534,0,31.997,0,3.000,1177,1563,0.440,1.090,0.980,0,0,0,0,0,18,301,0,3,0
26-06 17:21:13,2.000,1.250,95.731,0,0,5335512,191940,167724,2330100,432816.274,10659.839,0,291.941,0,17.996,1511,1672,0.440,1.090,0.980,0,0,0,0,0,18,301,0,3,0
26-06 17:21:14,2.000,1.250,94.764,0,0,5329856,196756,167724,2330940,892687.026,20077.879,0,1236.177,0,4.001,2004,1845,0.440,1.090,0.980,0,0,0,0,0,18,301,0,3,0
26-06 17:21:15,2.751,1.250,94.269,0.250,0,5325320,201128,167728,2331100,160998.639,6330.283,0,1304.264,0,193.039,1744,2134,0.440,1.090,0.980,0,0,0,0,0,18,301,0,3,0
26-06 17:21:16,1.500,0.750,96.017,0,0,5319072,207028,167740,2331436,355038.247,10435.800,0,520.090,0,19.003,1569,1690,0.440,1.090,0.980,0,0,0,0,0,18,301,0,3,0
26-06 17:21:17,3.499,2.500,91.986,0,0,5318824,206768,167740,2331944,530883.043,14787.717,0,599.907,0,4.999,1997,1789,0.410,1.070,0.970,1,0,5.999,0,0,18,300,0,4,0
26-06 17:21:18,12.796,12.044,70.505,3.262,0,5357452,141528,168724,2357560,5511.931,1517.487,6892.925,23304.270,157.570,678.453,5933,7252,0.410,1.070,0.970,1,0,81.294,0,0,18,300,0,4,0
26-06 17:21:19,9.976,14.715,68.837,4.240,0,5361340,129332,169912,2364560,5179.768,1508.438,279.340,14793.065,8.979,1561.313,7984,10320,0.410,1.070,0.970,2,0,119.717,0,0,18,300,0,4,0
26-06 17:21:20,22.970,7.241,66.664,0.749,0,5337228,152108,170052,2365724,4931.626,1456.118,0,1402.188,0,81.894,3569,2869,0.410,1.070,0.970,2,0,32.957,0,0,18,300,0,4,0
26-06 17:21:21,22.511,7.754,67.284,0.750,0,5355172,133128,170188,2366608,4777.415,1458.737,0,1748.884,0,105.053,3645,3019,0.410,1.070,0.970,1,0,36.018,0,0,18,300,0,4,0
26-06 17:21:22,23.769,7.256,67.303,0.500,0,5326252,159364,170416,2369016,4701.718,1459.154,0,1413.117,0,61.048,3436,2892,0.450,1.070,0.970,2,0,26.021,0,0,18,300,0,4,0
26-06 17:21:23,22.282,6.259,70.351,0.501,0,5334564,147784,170540,2372112,4584.591,1460.099,60.086,600.864,14.020,25.036,3110,3232,0.450,1.070,0.970,1,0,18.026,0,0,18,300,0,4,0
26-06 17:21:24,15.708,10.472,70.063,1.745,0,5363908,131228,168104,2363256,5066.502,1346.413,3674.212,5636.983,88.764,115.692,4007,4504,0.450,1.070,0.970,1,0,29.920,0,0,18,300,0,4,0
26-06 17:21:25,16.791,12.030,69.923,0.501,0,5361328,145536,167160,2349904,5010.370,1461.609,356.881,2983.366,18.045,40.099,3326,2974,0.450,1.070,0.970,1,0,49.121,0,0,18,300,0,4,0
26-06 17:21:26,22.939,3.241,72.307,0.249,0,5382064,139520,165944,2336684,6064.841,1751.334,406.916,0,31.915,0,2245,1633,0.450,1.070,0.970,1,0,14.960,0,0,18,300,0,4,0
26-06 17:21:27,7.005,2.752,88.813,0,0,5316560,261944,165952,2281108,5223.728,1621.157,88.063,4.003,9.006,1.001,1884,1998,0.420,1.050,0.970,0,0,16.011,0,0,18,300,0,4,0
26-06 17:21:28,1.250,0.250,97.740,0,0,5308308,270184,165968,2281104,5939.387,1619.833,4.000,439.955,1.000,22.998,933,1366,0.420,1.050,0.970,1,0,0,0,0,18,300,0,4,0
26-06 17:21:29,1.000,0.750,97.270,0,0,5307092,271392,165968,2281112,5941.240,1620.338,0,0,0,0,957,1331,0.420,1.050,0.970,0,0,1.000,0,0,18,300,0,4,0
26-06 17:21:30,0.749,0.749,97.109,0,0,5299028,279456,165968,2281112,6051.234,1617.657,0,966.600,0,198.712,1010,1411,0.420,1.050,0.970,0,0,0,0,0,18,300,0,4,0
26-06 17:21:31,1.501,0.500,96.809,0,0,5299024,279456,165968,2281116,6939.196,1458.882,0,0,0,0,944,1332,0.420,1.050,0.970,0,1,2.001,0,0,18,300,0,4,0
26-06 17:21:32,1.250,1.250,96.480,0.250,0,5297212,281268,165992,2281108,4806.991,1187.751,0,3571.250,0,233.951,1233,1707,0.380,1.030,0.960,0,0,0,0,0,18,300,0,4,0
26-06 17:21:33,1.250,0.750,96.756,0,0,5292476,285964,165992,2281148,4558.302,918.061,0,0,0,0,937,1261,0.380,1.030,0.960,0,0,0,0,0,18,300,0,4,0
26-06 17:21:34,1.250,0.750,97.258,0.250,0,5290548,287880,166000,2281152,5012.427,1512.129,0,68.006,0,6.001,945,1312,0.380,1.030,0.960,0,0,0,0,0,18,300,0,4,0
26-06 17:21:35,3.249,1.000,94.479,0,0,5288820,289556,166048,2281156,4469.027,809.824,0,211.954,0,31.993,1560,2305,0.380,1.030,0.960,1,0,0,0,0,18,300,0,4,0
26-06 17:21:36,1.250,0.750,97.017,0.500,0,5287332,291024,166076,2281148,4719.828,972.171,0,404.071,0,27.005,934,1430,0.380,1.030,0.960,0,0,1.000,0,0,18,300,0,4,0
26-06 17:21:37,1.250,0.500,97.015,0,0,5286028,292308,166084,2281160,5122.799,1242.194,0,32.005,0,3.000,1013,1312,0.350,1.020,0.960,0,0,0,0,0,18,300,0,4,0
26-06 17:21:38,1.250,0.750,97.759,0,0,5284904,293432,166084,2281160,5086.447,1566.138,0,0,0,0,917,1257,0.350,1.020,0.960,0,0,0,0,0,18,300,0,4,0
26-06 17:21:39,1.750,0.750,95.997,0,0,5284720,293604,166092,2281164,4835.867,1295.964,0,91.997,0,12.000,1199,1691,0.350,1.020,0.960,0,0,1.000,0,0,18,300,0,4,0
26-06 17:21:40,2.247,0.749,95.886,0,0,5284696,293604,166116,2281164,4816.260,1240.522,0,255.695,0,22.973,1277,1774,0.350,1.020,0.960,0,0,0,0,0,18,300,0,4,0
26-06 17:21:41,1.001,0.751,97.361,0,0,5284696,293604,166116,2281164,5108.808,1567.782,0,0,0,0,1013,1403,0.350,1.020,0.960,0,0,0,0,0,18,300,0,4,0
26-06 17:21:42,1.250,0.500,97.002,0,0,5284696,293604,166116,2281164,5192.117,1512.034,0,16.000,0,3.000,1026,1380,0.410,1.020,0.960,2,0,0,0,0,18,300,0,4,0
26-06 17:21:43,5.735,3.491,88.019,0.249,0,5283852,294436,166128,2281164,4727.606,1615.764,0,223.414,0,14.961,2256,8047,0.410,1.020,0.960,0,0,35.906,0,0,18,300,0,5,0
26-06 17:21:44,2.256,0.752,96.739,0,0,5277932,300324,166144,2281180,4992.322,1624.009,0,120.297,0,12.030,1115,1633,0.410,1.020,0.960,0,0,0,0,0,18,300,0,5,0
26-06 17:21:45,2.250,1.000,94.991,0.250,0,5277752,300324,166196,2281308,5289.517,1619.852,0,407.963,0,44.996,1437,2080,0.410,1.020,0.960,0,0,0,0,0,18,300,0,5,0
26-06 17:21:46,1.251,0.500,97.543,0,0,5277752,300324,166196,2281308,5165.257,1566.685,0,748.327,0,160.070,945,1336,0.410,1.020,0.960,0,0,0,0,0,18,300,0,4,0
26-06 17:21:47,1.000,0.500,97.215,0,0,5277752,300324,166196,2281308,5278.091,1661.399,0,19.993,0,1.999,980,1341,0.370,1,0.950,0,0,0,0,0,18,300,0,4,0
26-06 17:21:48,0.750,0.500,97.277,0,0,5277468,300596,166208,2281308,4907.373,1566.438,0,240.067,0,16.004,958,1370,0.370,1,0.950,0,0,0,0,0,18,300,0,4,0
26-06 17:21:49,1.249,0.999,96.886,0,0,5277448,300596,166224,2281312,5333.708,1618.091,0,47.943,0,5.993,1041,1404,0.370,1,0.950,0,0,0.999,0,0,18,300,0,4,0
26-06 17:21:50,2.002,0.501,95.852,0,0,5277428,300596,166240,2281316,4911.251,1567.676,0,100.107,0,9.010,1147,1574,0.370,1,0.950,0,0,0,0,0,18,300,0,4,0
26-06 17:21:51,1.000,0.250,97.459,0,0,5277424,300596,166240,2281320,4431.132,1295.454,0,0,0,0,900,1360,0.370,1,0.950,0,0,0,0,0,18,300,0,4,0
26-06 17:21:52,1.251,0.500,96.789,0,0,5277420,300596,166240,2281324,4597.864,1296.526,0,2404.975,0,22.009,980,1319,0.340,0.980,0.950,0,0,0,0,0,18,300,0,4,0
26-06 17:21:53,3.499,1.750,93.986,0,0,5278880,299120,166240,2281340,4341.334,1241.809,0,15.998,0,1.000,1369,1775,0.340,0.980,0.950,0,0,3.000,0,0,18,300,0,4,0
26-06 17:21:54,5.002,1.251,91.043,0.250,0,5278836,299120,166280,2281344,4538.130,1296.609,0,308.145,0,25.012,1740,2276,0.340,0.980,0.950,1,0,1.000,0,0,18,302,0,5,0
26-06 17:21:55,10.497,2.499,85.727,0.750,0,5279548,298140,166316,2281576,4996.671,1457.612,191.949,287.923,11.997,35.990,2966,3994,0.340,0.980,0.950,0,0,1.999,0,0,18,302,0,4,0
26-06 17:21:56,1.000,0.250,96.996,0,0,5279544,298140,166316,2281580,5836.743,1661.927,0,0,0,0,995,1402,0.340,0.980,0.950,0,0,0,0,0,18,302,0,4,0
26-06 17:21:57,10.251,4.750,79.507,4.000,0,5300636,273952,166688,2284304,6935.586,3084.261,3076.260,55100.656,554.047,280.024,2493,2882,0.390,0.980,0.950,0,0,5.000,0,0,18,303,0,4,0
26-06 17:21:58,15.999,3.750,78.747,0.250,0,5299876,274232,166724,2284748,13237.423,9121.603,31.999,1439.937,2.000,43.998,2944,3295,0.390,0.980,0.950,0,0,5.000,0,0,18,303,0,6,0
26-06 17:21:59,14.523,3.505,80.626,0.250,0,5300528,273476,166732,2284844,15519.238,11401.808,80.125,200.313,5.008,20.031,2622,2716,0.390,0.980,0.950,2,0,6.009,0,0,18,302,0,8,0
26-06 17:22:00,13.736,3.497,81.419,0,0,5304872,268968,166744,2284996,16123.020,11920.186,0,143.857,0,16.983,2532,2574,0.390,0.980,0.950,1,0,4.995,0,0,18,302,0,9,0
26-06 17:22:01,14.005,3.751,81.527,0,0,5320176,253628,166748,2285028,14603.872,10620.543,16.005,124.041,1.000,16.005,2363,2475,0.390,0.980,0.950,1,0,5.002,0,0,18,302,0,10,0
26-06 17:22:02,12.743,3.498,81.702,0.250,0.250,5319540,254100,166768,2285172,15588.855,11957.985,0,1107.350,0,116.931,2534,2574,0.360,0.970,0.940,1,0,4.997,0,0,18,302,0,11,0
26-06 17:22:03,27.993,4.249,66.233,0,0,5310592,263008,166784,2285196,16036.868,12144.871,0,115.970,0,11.997,3360,2866,0.360,0.970,0.940,3,0,18.995,0,0,18,298,0,14,0
26-06 17:22:04,43.143,9.782,46.655,0.251,0,5096476,477184,166792,2285200,5510.282,1517.033,24.080,192.639,5.017,9.030,3059,1685,0.360,0.970,0.940,5,0,4.013,0,0,18,286,0,16,0
26-06 17:22:05,69.313,11.761,18.767,0,0,5189960,383644,166796,2285252,5525.025,1621.475,32.029,260.237,5.005,32.029,4194,2381,0.360,0.970,0.940,4,0,0,0,0,18,284,0,16,0
26-06 17:22:06,83.017,15.753,0,1.000,0,5165324,407164,166804,2286408,5538.146,1620.335,960.199,192.040,84.017,3.001,5172,3432,0.360,0.970,0.940,6,0,6.001,0,0,18,280,0,16,0
26-06 17:22:07,65.762,10.502,22.754,0.250,0,5153908,417952,166820,2287020,5581.035,1620.300,32.006,4128.765,1.000,529.098,4756,3946,0.490,0.980,0.950,4,0,3.001,0,0,18,272,0,21,0
26-06 17:22:08,76.693,17.987,4.746,0.250,0,5274060,295828,166828,2289084,5150.149,1175.121,1506.873,179.866,47.964,14.989,7151,6935,0.490,0.980,0.950,4,0,15.988,0,0,18,274,0,23,0
26-06 17:22:09,75.271,16.755,6.752,0.250,0,5410504,158048,166856,2290408,4905.372,864.242,1648.461,756.211,39.011,28.008,7333,9861,0.490,0.980,0.950,2,0,16.004,0,0,18,280,0,24,0
26-06 17:22:10,34.256,9.252,54.510,0.500,0,5446800,140820,165852,2272956,12628.296,5867.067,932.169,540.098,56.010,50.009,4916,5490,0.490,0.980,0.950,2,0,3.001,0,0,18,282,0,29,0
26-06 17:22:11,18.168,4.231,74.912,0.498,0,5433476,180876,163180,2249752,53171.858,16397.941,31.856,230.957,1.991,22.897,4843,8850,0.490,0.980,0.950,1,0,0.996,0,0,18,294,0,29,0
26-06 17:22:12,4.749,1.250,91.982,0.500,0,5434376,179924,163220,2249764,12152.663,2661.488,0,487.906,0,36.993,2657,3907,0.450,0.970,0.940,1,0,0,0,0,18,294,0,29,0
26-06 17:22:13,2.499,2.249,92.229,0,0,5344452,269856,163248,2249772,5010.883,1511.663,0,599.866,0,19.996,1906,2642,0.450,0.970,0.940,0,0,1.000,0,0,18,283,0,30,0
26-06 17:22:14,0.750,0.500,97.024,0,0,5337812,276488,163256,2249772,5239.309,1458.364,0,52.013,0,3.001,1008,1332,0.450,0.970,0.940,0,0,0,0,0,18,283,0,30,0
26-06 17:22:15,2.500,1.250,94.485,0.750,0,5337280,276956,163312,2249780,5325.135,1565.746,0,1883.694,0,118.981,1378,2125,0.450,0.970,0.940,0,0,0,0,0,18,283,0,30,0
26-06 17:22:16,1.250,0.500,97.030,0,0,5336616,277604,163324,2249784,5810.794,1512.467,0,248.077,0,16.005,1077,1488,0.450,0.970,0.940,0,1,0,0,0,18,283,0,30,0
26-06 17:22:17,2.000,1.500,95.249,0,0,5330240,284056,163328,2249784,5237.930,1457.980,0,39.999,0,6.000,1255,1619,0.420,0.950,0.940,0,0,6.000,0,0,18,283,0,30,0
26-06 17:22:18,0.750,0.500,97.488,0,0,5330224,284056,163344,2249784,5417.355,1457.826,0,75.991,0,6.999,924,1332,0.420,0.950,0.940,0,0,0,0,0,18,283,0,30,0
26-06 17:22:19,1.250,0.750,96.256,0.250,0,5330216,284056,163352,2249784,4748.310,1188.078,0,768.050,0,12.001,1052,1466,0.420,0.950,0.940,1,0,1.000,0,0,18,283,0,29,0
26-06 17:22:20,1.501,0.750,97.048,0,0,5330212,284056,163360,2249780,5882.898,1620.799,32.016,120.059,2.001,14.007,1131,1629,0.420,0.950,0.940,0,0,0,0,0,18,283,0,29,0
26-06 17:22:21,1.250,0.750,95.743,0.250,0,5328468,285696,163424,2249820,5296.603,1619.879,0,2227.833,0,115.991,1405,2154,0.420,0.950,0.940,0,0,0,0,0,18,283,0,29,0
26-06 17:22:22,1.999,0.999,95.701,0.250,0,5328672,285444,163468,2249824,4949.481,1511.231,0,315.839,0,36.981,1397,2070,0.380,0.930,0.930,0,0,0,0,0,18,283,0,29,0
26-06 17:22:23,0.750,0.750,97.261,0.250,0,5328896,285220,163468,2249824,4500.530,1620.191,0,8561.008,0,1060.125,1106,1425,0.380,0.930,0.930,0,0,0,0,0,18,283,0,29,0
26-06 17:22:24,1.750,0.750,96.224,0.250,0,5328496,285608,163480,2249824,5078.650,1619.569,0,135.964,0,14.996,1180,1743,0.380,0.930,0.930,0,0,0,0,0,18,283,0,29,0
26-06 17:22:25,2.251,1.000,95.045,0.500,0,5326668,287376,163536,2249828,4880.314,1458.692,0,504.239,0,52.025,1454,2152,0.380,0.930,0.930,0,0,0,0,0,18,283,0,29,0
26-06 17:22:26,1.000,0.500,97.471,0,0,5325120,288924,163536,2249828,5611.335,1887.440,0,0,0,0,963,1306,0.380,0.930,0.930,0,0,0,0,0,18,283,0,29,0
26-06 17:22:27,0.999,0.750,96.937,0,0,5323752,290280,163544,2249832,5126.684,1588.972,0,31.979,0,2.998,982,1311,0.350,0.920,0.930,4,0,0,0,0,18,283,0,29,0
26-06 17:22:28,0.751,0.500,97.318,0,0,5322456,291464,163548,2249940,4983.459,1621.125,108.075,316.219,1.001,21.015,983,1433,0.350,0.920,0.930,0,0,0,0,0,18,283,0,29,0
26-06 17:22:29,1.500,0.750,97.000,0,0,5322088,291820,163556,2249944,6078.011,1458.003,0,56.000,0,4.000,1000,1350,0.350,0.920,0.930,0,0,1.000,0,0,18,283,0,29,0
26-06 17:22:30,1.250,0.500,96.728,0,0,5322088,291820,163556,2249944,6118.610,1619.632,0,23.995,0,2.999,986,1334,0.350,0.920,0.930,0,0,0,0,0,18,283,0,29,0
26-06 17:22:31,1.250,0.750,97.028,0,0,5322084,291820,163556,2249948,5796.687,1458.425,0,0,0,0,985,1373,0.350,0.920,0.930,0,0,2.001,0,0,18,283,0,29,0
26-06 17:22:32,2.751,0.750,96.049,0.250,0,5322032,291820,163604,2249952,4972.514,1350.683,0,352.178,0,36.018,1446,2116,0.490,0.940,0.930,0,0,0,0,0,18,283,0,29,0
26-06 17:22:33,1.250,1.499,96.462,0,0,5321988,291820,163604,2249996,4566.199,1187.532,3.998,3.998,1.000,1.000,1015,1355,0.490,0.940,0.930,0,0,0,0,0,18,283,0,29,0
26-06 17:22:34,0.750,0.250,97.240,0,0.250,5321980,291820,163612,2249996,4899.487,1079.887,0,51.995,0,5.999,916,1322,0.490,0.940,0.930,0,0,0,0,0,18,283,0,29,0
26-06 17:22:35,1.750,0.750,96.002,0.250,0,5321964,291820,163628,2249996,4416.111,1026.026,0,308.008,0,30.001,1227,1832,0.490,0.940,0.930,0,0,0,0,0,18,283,0,29,0
26-06 17:22:36,1.250,1.000,97.502,0,0,5321952,291820,163636,2250000,4909.097,1512.030,0,192.004,0,12.000,958,1367,0.490,0.940,0.930,1,0,0,0,0,18,283,0,29,0
26-06 17:22:37,0.750,0.250,97.262,0,0,5321948,291820,163640,2250000,5580.691,1620.201,0,28.003,0,4.000,954,1258,0.610,0.950,0.940,0,0,0,0,0,18,283,0,29,0
26-06 17:22:38,6.247,6.747,85.714,0.750,0.250,5301112,311640,163788,2250876,5883.529,1857.220,1003.578,423.822,95.960,66.972,2490,2783,0.610,0.950,0.940,4,0,71.970,0,0,18,279,0,31,0
26-06 17:22:39,44.425,4.267,50.197,0,0,5009308,603636,163824,2250888,5180.382,1979.789,84.332,389.533,7.028,25.099,3357,2501,0.610,0.950,0.940,2,0,10.039,0,0,18,279,0,31,0
26-06 17:22:40,22.425,4.236,71.510,0,0,5068376,544484,163828,2250968,5680.908,1933.502,0,279.062,0,22.923,2249,2070,0.610,0.950,0.940,1,0,0,0,0,18,279,0,31,0
26-06 17:22:41,21.502,6.501,70.507,0.500,0,5125260,486268,163932,2252216,5489.554,1932.195,488.049,100.010,65.007,6.001,3074,4633,0.610,0.950,0.940,3,0,17.002,0,0,18,283,0,33,0
26-06 17:22:42,21.740,6.997,70.468,0.500,0,5230284,381188,163972,2252232,5515.523,1697.238,15.993,247.889,3.998,24.989,2695,2407,0.640,0.960,0.940,2,0,5.997,0,0,18,283,0,33,0
26-06 17:22:43,27.264,5.753,65.532,0,0,5260712,350760,163972,2252232,4894.425,1554.770,0,0,0,0,2948,12842,0.640,0.960,0.940,2,0,36.018,0,0,18,283,0,34,0
26-06 17:22:44,6.748,1.500,90.974,0,0,5263412,347868,163972,2252424,5168.505,1703.507,0,27.992,0,4.999,1259,1514,0.640,0.960,0.940,1,0,1.999,0,0,18,283,0,33,0
26-06 17:22:45,2.250,0.500,95.984,0.500,0,5263376,347868,164008,2252424,5057.161,1597.735,0,499.917,0,36.994,1263,1886,0.640,0.960,0.940,0,0,0,0,0,18,283,0,33,0
26-06 17:22:46,1.000,0.500,96.992,0,0,5260988,350252,164012,2252424,5236.553,1661.858,0,515.956,0,12.999,1049,1493,0.640,0.960,0.940,0,0,0,0,0,18,283,0,33,0
26-06 17:22:47,1.250,0.250,97.231,0,0,5254680,356560,164012,2252424,4817.068,1499.710,0,227.956,0,4.999,965,1329,0.590,0.940,0.930,0,0,0,0,0,18,283,0,33,0
26-06 17:22:48,1.250,0.750,97.501,0,0,5249600,361640,164012,2252424,5100.056,1710.019,0,4.000,0,1.000,933,1307,0.590,0.940,0.930,0,0,0,0,0,18,283,0,33,0
26-06 17:22:49,1.500,0.750,96.767,0,0,5245520,365712,164020,2252424,4698.836,1458.259,0,64.011,0,6.001,1052,1429,0.590,0.940,0.930,0,0,1.000,0,0,18,283,0,33,0
26-06 17:22:50,0.750,0.250,96.986,0,0,5241880,369348,164020,2252428,4457.342,1457.785,0,47.993,0,5.999,925,1330,0.590,0.940,0.930,0,0,0,0,0,18,283,0,33,0
26-06 17:22:51,2.000,0.500,96.516,0.250,0,5231116,380100,164032,2252428,5015.838,1458.244,0,48.008,0,6.001,1111,1466,0.590,0.940,0.930,0,0,0,0,0,18,283,0,33,0
26-06 17:22:52,2.000,1.000,95.748,0,0,5228396,382760,164084,2252436,4697.906,1457.971,0,339.993,0,34.999,1392,2101,0.540,0.920,0.930,0,0,1.000,0,0,18,283,0,33,0
26-06 17:22:53,1.250,0.500,97.228,0,0,5210540,400612,164084,2252440,5250.813,1511.658,0,0,0,0,926,1260,0.540,0.920,0.930,0,0,0,0,0,18,283,0,33,0
26-06 17:22:54,1.755,0.501,96.264,0.251,0,5207588,403552,164092,2252444,4197.492,1710.684,0,4400.046,0,573.570,1340,1720,0.540,0.920,0.930,0,0,0,0,0,18,283,0,33,0
26-06 17:22:55,4.241,2.245,91.796,0.249,0,5210532,400532,164144,2252468,4849.235,1616.412,0,514.857,0,46.896,1922,2732,0.540,0.920,0.930,1,0,2.993,0,0,18,283,0,33,0
26-06 17:22:56,3.250,1.000,94.760,0,0,5210532,400532,164144,2252468,5223.560,1608.172,0,0,0,0,1295,1687,0.540,0.920,0.930,0,0,2.000,0,0,18,283,0,33,0
26-06 17:22:57,2.238,0.746,95.222,0,0,5210508,400532,164156,2252480,5447.780,1807.971,0,111.382,0,12.928,1196,1666,0.500,0.910,0.920,0,0,0.994,0,0,18,283,0,33,0
26-06 17:22:58,1.760,0.503,98.045,0,0,5210492,400532,164168,2252484,5046.042,1586.818,0,108.604,0,8.045,900,1312,0.500,0.910,0.920,0,0,0,0,0,18,283,0,33,0
26-06 17:22:59,0.750,0.750,96.972,0,0,5210492,400532,164168,2252484,5398.438,1709.505,0,0,0,0,970,1367,0.500,0.910,0.920,0,0,1.000,0,0,18,283,0,33,0
26-06 17:23:00,1.250,0.500,96.997,0.500,0,5210704,400308,164180,2252484,5159.837,1619.949,0,919.971,0,126.996,1013,1423,0.500,0.910,0.920,0,0,0,0,0,18,283,0,29,0
26-06 17:23:01,1.000,0.500,96.996,0,0,5210700,400308,164184,2252484,5014.817,1457.947,0,31.999,0,4.000,998,1409,0.500,0.910,0.920,0,0,0,0,0,18,283,0,29,0
26-06 17:23:02,1.749,1.499,95.689,0.250,0,5210900,400056,164236,2252484,5276.616,1618.962,0,315.797,0,35.977,1385,2063,0.460,0.890,0.920,1,0,0,0,0,18,283,0,29,0
26-06 17:23:03,1.501,0.250,97.306,0,0,5210900,400056,164236,2252484,5000.885,1458.842,0,0,0,0,934,1335,0.460,0.890,0.920,0,0,0,0,0,18,283,0,29,0
26-06 17:23:04,1.251,0.500,97.049,0,0,5210892,400056,164244,2252484,5208.643,1566.795,0,76.039,0,9.005,1008,1441,0.460,0.890,0.920,0,0,1.001,0,0,18,283,0,21,0
26-06 17:23:05,1.750,0.500,95.979,0,0,5210852,400056,164280,2252488,5130.886,1511.672,0,307.933,0,28.994,1232,1805,0.460,0.890,0.920,0,0,0,0,0,18,283,0,21,0
26-06 17:23:06,1.500,1.000,96.727,0.250,0,5210824,400056,164304,2252492,5313.735,1457.653,0,227.946,0,17.996,1079,1488,0.460,0.890,0.920,0,0,0,0,0,18,283,0,21,0
26-06 17:23:07,1.000,0.500,97.247,0,0,5210820,400056,164308,2252492,5999.813,1619.950,0,27.999,0,4.000,916,1263,0.420,0.880,0.910,0,0,0,0,0,18,283,0,21,0
26-06 17:23:08,1.000,0,97.752,0,0,5210820,400056,164308,2252492,5488.093,1500.025,0,0,0,0,942,1336,0.420,0.880,0.910,0,0,0,0,0,18,283,0,14,0
26-06 17:23:09,4.504,7.257,85.834,0.250,0,5216572,394272,164328,2252504,6306.202,1711.683,4.004,384.378,1.001,65.064,2853,2820,0.420,0.880,0.910,1,0,111.109,0,0,18,283,0,14,0
26-06 17:23:10,13.987,13.987,70.183,0,0,5245564,365236,164356,2252520,6048.200,1132.914,0,291.720,0,23.977,4493,3832,0.420,0.880,0.910,1,0,200.807,0,0,18,283,0,14,0
26-06 17:23:11,19.248,3.000,76.743,0,0,5301144,309372,164360,2252524,8368.258,6984.381,4.000,0,1.000,0,2196,1811,0.420,0.880,0.910,0,0,0,0,0,18,284,0,14,0
26-06 17:23:12,19.781,4.006,73.615,1.502,0,5298636,309148,164520,2253864,12758.951,6006.392,1318.061,2744.291,87.136,216.338,4412,5759,0.470,0.880,0.910,6,0,0,0,0,18,284,0,10,0
26-06 17:23:13,34.944,7.987,55.661,0.499,0,5321972,285436,164616,2254144,6144.131,3025.141,83.865,555.108,4.992,65.894,5027,6020,0.470,0.880,0.910,2,0,25.958,0,0,18,283,0,11,0
26-06 17:23:14,37.152,8.535,53.218,0,0,5446972,160220,164632,2254340,33540.663,25272.728,140.577,128.528,6.025,8.033,3967,3252,0.470,0.880,0.910,2,0,5.021,0,0,18,284,0,18,0
26-06 17:23:15,18.435,4.733,74.238,0,0,5443976,163012,164652,2254524,21076.715,17006.062,163.424,2451.360,9.965,406.567,3210,2806,0.470,0.880,0.910,0,0,34.877,0,0,18,283,0,23,0
26-06 17:23:16,1.500,0.500,97.470,0,0,5428684,178304,164652,2254524,5553.312,1569.523,0,7.998,0,1.000,986,1393,0.470,0.880,0.910,0,0,0,0,0,18,283,0,22,0
26-06 17:23:17,1.500,1.500,95.522,0,0,5416200,190756,164652,2254524,5701.294,1620.368,0,164.037,0,1.000,1108,1374,0.430,0.870,0.910,0,0,6.001,0,0,18,283,0,22,0
26-06 17:23:18,3.749,1.500,93.237,1.000,0,5403528,203168,164824,2254612,5717.212,1457.799,79.989,2843.608,4.999,170.976,1655,2463,0.430,0.870,0.910,1,0,0,0,0,18,285,0,22,0
26-06 17:23:19,1.250,0.750,96.728,0.250,0,5393288,213396,164832,2254616,5878.678,1661.626,0,171.961,0,10.998,1131,1580,0.430,0.870,0.910,0,0,1.000,0,0,18,285,0,22,0
26-06 17:23:20,1.750,0.500,96.728,0,0,5383892,222784,164840,2254616,5610.705,1511.651,0,55.987,0,6.998,972,1474,0.430,0.870,0.910,0,0,0,0,0,18,285,0,22,0
26-06 17:23:21,1.250,0.750,97.529,0,0,5375592,231072,164852,2254616,5584.685,1566.473,0,72.022,0,6.002,940,1321,0.430,0.870,0.910,0,0,0,0,0,18,285,0,22,0
26-06 17:23:22,1.249,0.749,95.432,0.250,0.250,5368140,238504,164872,2254616,5847.842,1510.926,0,327.767,0,38.972,1351,2078,0.390,0.850,0.900,0,0,0,0,0,18,285,0,22,0
26-06 17:23:23,2.252,0.751,96.064,0,0,5361852,244736,164904,2254640,5269.513,1567.045,16.011,192.128,1.001,27.018,1249,1841,0.390,0.850,0.900,0,0,1.001,0,0,18,285,0,22,0
26-06 17:23:24,1.500,0.500,96.493,0.250,0,5353880,252688,164916,2254648,4997.658,1457.900,0,219.985,0,21.998,1149,1696,0.390,0.850,0.900,0,0,0,0,0,18,285,0,22,0
26-06 17:23:25,2.250,1.000,94.757,0.250,0,5349556,256988,164928,2254660,5100.352,1620.112,0,356.025,0,47.003,1516,2252,0.390,0.850,0.900,0,0,0,0,0,18,285,0,22,0
26-06 17:23:26,1.250,0.250,96.991,0,0,5346032,260512,164928,2254660,5098.542,1553.860,0,0,0,0,990,1369,0.390,0.850,0.900,0,0,0,0,0,18,285,0,22,0
26-06 17:23:27,1.000,0.750,97.502,0,0,5342780,263764,164928,2254660,4464.097,1414.031,0,0,0,0,888,1307,0.440,0.850,0.900,0,0,0,0,0,18,285,0,22,0
26-06 17:23:28,1.500,0.750,96.026,0.750,0,5340504,265996,164968,2254664,4885.346,1524.420,0,832.229,0,64.018,1243,1840,0.440,0.850,0.900,0,0,0,0,0,18,285,0,22,0
26-06 17:23:29,2.499,1.250,95.222,0,0,5338560,267908,164988,2254676,11456.683,3062.113,0,1095.683,0,204.941,1496,1863,0.440,0.850,0.900,0,0,2.999,0,0,18,285,0,22,0
26-06 17:23:30,0.750,0.500,97.283,0,0,5336832,269636,164988,2254676,5521.876,1620.550,0,36.012,0,5.002,900,1302,0.440,0.850,0.900,0,0,0,0,0,18,285,0,22,0
26-06 17:23:31,1.250,0.750,97.253,0,0,5335948,270520,164988,2254676,5897.179,1620.049,0,0,0,0,1033,1389,0.440,0.850,0.900,0,0,0,0,0,18,285,0,22,0
26-06 17:23:32,2.001,0.500,96.036,0.250,0,5335628,270800,165028,2254676,5013.876,1512.566,0,324.121,0,35.013,1407,2118,0.410,0.840,0.900,0,0,0,0,0,18,285,0,22,0
26-06 17:23:33,1.250,1.250,96.486,0,0,5335844,270552,165040,2254696,4799.309,1619.767,15.998,107.984,1.000,12.998,1193,1744,0.410,0.840,0.900,0,0,0,0,0,18,285,0,22,0
26-06 17:23:34,1.499,0.999,96.201,0,0,5335340,271012,165044,2254736,4797.536,1619.168,0,67.965,0,5.997,1009,1372,0.410,0.840,0.900,2,0,0,0,0,18,285,0,22,0
26-06 17:23:35,2.249,0.999,94.695,0.250,0,5335304,271012,165112,2254704,4783.210,1565.087,0,203.881,0,29.983,1487,2142,0.410,0.840,0.900,2,0,0,0,0,18,285,0,22,0
26-06 17:23:36,1.251,0.751,97.079,0,0,5335244,271012,165140,2254736,5213.227,1513.227,0,624.506,0,41.033,1031,1504,0.410,0.840,0.900,0,0,0,0,0,18,285,0,22,0
26-06 17:23:37,1.249,0.250,97.174,0,0,5335240,271012,165144,2254736,4902.156,1564.773,0,31.975,0,3.997,887,1243,0.370,0.830,0.890,0,0,0,0,0,18,285,0,22,0
26-06 17:23:38,1.250,0.500,97.037,0.250,0,5335240,271012,165152,2254728,4893.861,1512.575,0,148.056,0,15.006,1066,1594,0.370,0.830,0.890,0,0,0,0,0,18,285,0,22,0
26-06 17:23:39,1.750,1.000,96.018,0,0,5335448,270760,165172,2254752,4606.866,1566.295,0,396.074,0,49.009,1277,1883,0.370,0.830,0.890,0,0,1.000,0,0,18,285,0,22,0
26-06 17:23:40,2.249,0.750,96.205,0,0,5335432,270760,165188,2254752,4995.655,1457.316,0,283.867,0,42.980,1214,1754,0.370,0.830,0.890,0,0,0,0,0,18,285,0,22,0
26-06 17:23:41,1.000,0.750,96.798,0,0,5335428,270760,165188,2254756,4957.477,1458.729,0,0,0,0,1011,1414,0.370,0.830,0.890,0,0,2.001,0,0,18,285,0,20,0
26-06 17:23:42,2.500,1.000,95.761,0.250,0,5335392,270760,165224,2254756,4232.472,1512.169,0,264.029,0,35.004,1459,2162,0.340,0.810,0.890,1,0,0,0,0,18,285,0,20,0
26-06 17:23:43,6.000,4.000,87.754,0.500,0,5326728,279424,165232,2254756,4290.184,1590.068,0,176.008,0,17.001,2794,8882,0.340,0.810,0.890,0,0,36.002,0,0,18,285,0,21,0
26-06 17:23:44,2.249,0.750,95.465,0.250,0,5326928,279200,165252,2254760,4468.373,1589.421,0,243.911,0,24.991,1231,1794,0.340,0.810,0.890,0,0,0,0,0,18,285,0,21,0
26-06 17:23:45,2.750,2.750,92.765,1.000,0,5327284,278700,165388,2254768,4546.732,1566.252,0,3060.492,0,200.032,2013,2871,0.340,0.810,0.890,1,0,18.003,0,0,18,285,0,18,0
26-06 17:23:46,1.250,0.500,96.745,0,0,5327280,278700,165392,2254768,4728.769,1511.926,0,1035.949,0,200.990,1064,1476,0.340,0.810,0.890,0,0,0,0,0,18,285,0,18,0
26-06 17:23:47,1.500,0.500,97.507,0,0,5327280,278700,165392,2254768,4920.369,1662.125,0,136.010,0,9.001,970,1378,0.320,0.800,0.880,0,0,0,0,0,18,285,0,18,0
26-06 17:23:48,1.000,0.750,96.532,0,0,5327276,278700,165400,2254764,4667.560,1566.523,0,744.249,0,45.015,1224,1797,0.320,0.800,0.880,0,0,0,0,0,18,285,0,18,0
26-06 17:23:49,1.251,0.500,97.060,0.250,0,5327516,278448,165408,2254768,4923.022,1620.995,0,220.135,0,17.010,1087,1556,0.320,0.800,0.880,0,0,1.001,0,0,18,285,0,18,0
26-06 17:23:50,1.249,0.749,96.671,0.250,0,5327020,278928,165424,2254768,4702.158,1618.677,0,75.938,0,9.992,945,1354,0.320,0.800,0.880,0,0,0,0,0,18,285,0,18,0
26-06 17:23:51,1.000,0.750,97.473,0,0,5327016,278928,165424,2254772,5261.530,1619.547,0,0,0,0,958,1343,0.320,0.800,0.880,0,0,0,0,0,18,285,0,18,0
26-06 17:23:52,1.999,1.000,95.475,0.500,0,5326948,278928,165488,2254776,5036.669,1511.601,0,327.913,0,34.991,1384,2068,0.290,0.780,0.880,0,0,0,0,0,18,285,0,18,0
26-06 17:23:53,1.001,0.500,97.551,0,0,5326944,278928,165488,2254780,4848.546,1706.896,0,0,0,0,949,1286,0.290,0.780,0.880,0,0,0,0,0,18,285,0,18,0
26-06 17:23:54,2.000,1.000,96.229,0,0,5326908,278928,165516,2254788,4299.083,1079.770,0,163.965,0,21.995,1236,1785,0.290,0.780,0.880,0,0,0,0,0,18,285,0,18,0
26-06 17:23:55,4.749,2.000,91.989,0.250,0,5327072,278688,165576,2254804,4317.507,917.895,0,531.939,0,48.994,1865,2718,0.290,0.780,0.880,1,0,3.000,0,0,18,285,0,18,0
26-06 17:23:56,4.000,0.750,93.504,0,0,5327048,278688,165588,2254816,5629.250,1554.069,0,104.005,0,7.000,1446,1805,0.290,0.780,0.880,0,0,2.000,0,0,18,285,0,20,0
26-06 17:23:57,2.499,1.249,94.946,0,0,5327116,278464,165604,2254956,5023.168,1565.118,0,107.939,0,11.993,1340,1865,0.270,0.770,0.870,0,0,0.999,0,0,18,285,0,18,0
26-06 17:23:58,1.501,0.751,96.574,0.250,0,5327112,278464,165620,2254944,5268.035,1645.260,0,180.138,0,20.015,1131,1656,0.270,0.770,0.870,0,0,0,0,0,18,285,0,18,0
26-06 17:23:59,1.250,0.500,96.752,0,0,5327096,278464,165624,2254956,5384.095,1644.029,0,104.002,0,8.000,1089,1540,0.270,0.770,0.870,0,0,1.000,0,0,18,285,0,18,0
26-06 17:24:00,0.750,0.250,97.464,0,0,5327088,278464,165632,2254956,4912.164,1133.576,0,111.958,0,8.997,942,1347,0.270,0.770,0.870,0,0,0,0,0,18,285,0,18,0
26-06 17:24:01,1.749,0.750,95.957,0.250,0,5327300,278240,165644,2254956,5146.692,1511.322,0,1103.505,0,183.918,1061,1432,0.270,0.770,0.870,1,0,0,0,0,18,285,0,18,0
26-06 17:24:02,1.751,1.251,95.579,0.250,0.250,5327264,278240,165680,2254956,5570.621,1567.300,0,356.296,0,43.036,1500,2187,0.250,0.760,0.870,0,0,0,0,0,18,285,0,18,0
26-06 17:24:03,1.250,0.250,97.503,0,0,5327264,278240,165680,2254956,6212.196,1554.049,0,0,0,0,991,1354,0.250,0.760,0.870,0,0,0,0,0,18,285,0,18,0
26-06 17:24:04,1.246,0.997,96.433,0,0,5327256,278240,165684,2254960,5800.934,1614.693,0,63.790,0,5.980,998,1387,0.250,0.760,0.870,1,0,0,0,0,18,285,0,18,0
26-06 17:24:05,7.778,4.265,87.063,0.251,0,5350428,255060,165712,2254940,5600.109,1625.838,0,337.211,0,32.115,2086,2282,0.250,0.760,0.870,1,0,37.133,0,0,18,285,0,18,0
26-06 17:24:06,17.500,2.250,78.252,0,0,5361024,244224,165736,2255164,13827.297,9695.208,24.001,244.005,3.000,18.000,2959,3367,0.250,0.760,0.870,0,0,2.000,0,0,18,290,0,19,0
26-06 17:24:07,6.266,10.778,82.213,0,0,5358320,246908,165744,2255176,8490.991,4556.802,0,24.062,0,3.008,3668,3084,0.310,0.760,0.870,1,0,196.509,0,0,18,289,0,20,0
26-06 17:24:08,10.472,17.453,69.813,0.249,0,5360964,244076,165760,2255348,17460.315,2603.040,0,207.445,0,17.952,5583,4583,0.310,0.760,0.870,1,0,301.195,0,0,18,289,0,20,0
26-06 17:24:09,21.247,5.499,71.741,0.250,0,5426076,178840,165788,2255432,5329.298,1349.822,75.990,587.923,4.999,25.997,2388,2294,0.310,0.760,0.870,1,0,3.000,0,0,18,289,0,20,0
26-06 17:24:10,22.485,2.748,72.202,0.999,0,5451456,150872,165980,2257828,5284.476,1229.180,1087.275,703.531,108.927,71.952,2336,2223,0.310,0.760,0.870,1,0,0,0,0,18,289,0,20,0
26-06 17:24:11,22.567,3.510,70.711,1.755,0,5458044,139220,166220,2262468,6379.998,1823.430,2182.499,605.804,217.648,22.066,2740,2670,0.310,0.760,0.870,1,0,4.012,0,0,18,287,0,20,2
26-06 17:24:12,24.430,4.986,68.554,0.249,0,5489332,139040,163024,2236172,5071.520,1561.542,0,2369.235,0,320.086,4118,4554,0.360,0.770,0.870,1,0,0,0,0,18,288,0,20,2
26-06 17:24:13,24.506,3.751,68.766,0.500,0,5490212,137860,163136,2236360,4519.077,1458.348,64.015,792.189,4.001,97.023,6617,8926,0.360,0.770,0.870,1,0,0,0,0,18,291,0,21,2
26-06 17:24:14,28.001,5.000,65.501,1.250,0,5506040,120640,163336,2237552,11072.227,3365.069,948.019,1156.024,62.001,159.003,4639,5799,0.360,0.770,0.870,1,0,1.000,0,0,18,292,0,22,2
26-06 17:24:15,5.272,1.004,92.128,0.502,0,5502604,123992,163408,2237564,4827.822,1192.898,0,502.061,0,60.247,2044,2823,0.360,0.770,0.870,1,0,0,0,0,18,294,0,22,2
26-06 17:24:16,8.948,1.988,85.503,1.491,0,5500308,125596,163716,2237948,6655.287,2439.808,174.982,4708.610,8.948,361.895,3354,5267,0.360,0.770,0.870,0,0,0,0,0,18,292,0,22,2
26-06 17:24:17,8.014,2.254,87.908,0.250,0,5498672,127116,163780,2238000,6178.118,1978.560,16.029,512.923,1.002,67.121,2635,3263,0.330,0.750,0.870,0,0,6.011,0,0,18,292,0,22,2
26-06 17:24:18,8.009,1.502,87.850,1.001,0,5496320,129248,163884,2238116,12429.169,3409.887,64.073,768.877,4.005,110.126,2971,4165,0.330,0.750,0.870,0,0,0,0,0,18,292,0,10,2
26-06 17:24:19,11.750,2.750,83.501,0.500,0,5494344,130672,164012,2238540,3980.057,540.008,208.003,2000.029,13.000,121.002,4020,5992,0.330,0.750,0.870,1,0,1.000,0,0,18,296,0,12,2
26-06 17:24:20,26.574,3.761,66.937,1.755,0,5490672,133432,164272,2239192,5567.553,1516.235,553.546,2575.194,34.095,274.768,6530,9381,0.330,0.750,0.870,2,0,1.003,0,0,18,295,0,13,2
26-06 17:24:21,23.495,5.749,67.235,1.250,0,5493072,130184,164600,2239712,5115.891,1619.649,63.986,2715.411,3.999,279.939,7091,10443,0.330,0.750,0.870,2,0,0,0,0,18,293,0,15,2
26-06 17:24:22,6.974,1.245,88.918,0.996,0,5496192,126720,164788,2239868,6880.280,2500.652,0,1761.415,0,161.397,2760,4421,0.310,0.740,0.860,1,0,0,0,0,18,296,0,15,2
26-06 17:24:23,9.502,3.001,84.765,0.750,0,5495676,126924,165044,2239924,11831.088,3460.611,0,5677.002,0,393.069,3640,5467,0.310,0.740,0.860,0,0,0,0,0,18,296,0,15,2
26-06 17:24:24,19.575,4.266,73.533,1.506,0,5493880,128124,165336,2240228,5701.972,1626.267,32.124,1879.241,2.008,270.041,6586,9905,0.310,0.740,0.860,1,1,0,0,0,18,297,0,16,2
26-06 17:24:25,25.015,4.503,66.791,1.001,0,5494664,126864,165504,2240536,5103.098,1620.984,0,3646.214,0,280.170,8030,11639,0.310,0.740,0.860,1,0,0,0,0,18,297,0,16,2
26-06 17:24:26,10.451,2.737,83.608,1.244,0,5496872,124344,165700,2240652,6325.336,2388.797,15.925,3133.306,0.995,293.623,3747,5700,0.310,0.740,0.860,0,0,0.995,0,0,18,296,0,18,2
26-06 17:24:27,12.502,2.750,81.512,0.750,0,5482160,138740,165812,2240856,5958.866,2169.315,0,7273.057,0,889.129,4303,5247,0.280,0.730,0.860,0,0,0,0,0,18,296,0,19,2
26-06 17:24:28,11.998,2.750,83.488,1.250,0,5482268,138488,165892,2240920,5499.214,2332.667,0,1311.812,0,138.980,3226,4453,0.280,0.730,0.860,0,0,0,0,0,18,296,0,20,2
26-06 17:24:29,7.979,1.496,88.022,0.499,0,5482700,138016,165900,2240952,12934.462,3120.908,143.628,1045.290,6.982,88.770,2580,3171,0.280,0.730,0.860,3,0,0.997,0,0,18,296,0,20,2
26-06 17:24:30,17.545,2.506,77.198,0.501,0,5483008,137260,165956,2241344,12417.880,3306.489,0,1223.140,0,138.355,3951,4836,0.280,0.730,0.860,0,0,0,0,0,18,296,0,20,2
26-06 17:24:31,7.498,2.249,86.227,2.249,0,5483256,136796,166128,2241388,12085.772,3177.151,0,5614.500,0,390.896,3448,5113,0.280,0.730,0.860,1,0,0,0,0,18,296,0,20,2
26-06 17:24:32,8.250,2.000,87.755,0.750,0,5483360,136544,166244,2241420,7244.385,2118.113,0,1292.069,0,137.007,3139,4506,0.260,0.720,0.850,0,0,0,0,0,18,296,0,20,2
26-06 17:24:33,8.036,2.260,87.389,0.502,0,5483520,136292,166316,2241440,10542.949,2227.921,0,715.185,0,82.367,3107,4366,0.260,0.720,0.850,3,0,0,0,0,18,297,0,20,2
26-06 17:24:34,25.208,5.241,65.640,1.747,0,5483788,135352,166576,2241836,3997.317,862.558,0,3354.392,0,346.421,7840,11672,0.260,0.720,0.850,1,0,0,0,0,18,297,0,21,2
26-06 17:24:35,24.698,5.239,66.859,0.748,0,5484944,133840,166704,2242064,4987.467,1454.927,0,2442.841,0,229.515,7469,10746,0.260,0.720,0.850,3,0,0,0,0,18,298,0,25,2
26-06 17:24:36,25.832,4.514,65.960,1.756,0,5484588,133588,166972,2242404,5193.509,1625.166,0,2772.814,0,317.008,7601,11514,0.260,0.720,0.850,1,0,0,0,0,18,297,0,27,2
26-06 17:24:37,13.448,3.486,80.187,0.249,0,5485504,132328,167060,2242660,5139.961,1613.709,0,1267.060,0,106.584,4666,6575,0.320,0.720,0.850,1,0,0,0,0,18,297,0,27,2
26-06 17:24:38,4.748,1.749,90.969,1.250,0,5485400,132328,167156,2242668,5084.264,1565.465,0,4674.404,0,285.902,2303,3499,0.320,0.720,0.850,0,0,1.000,0,0,18,298,0,27,2
26-06 17:24:39,4.501,1.250,92.528,0,0,5485584,132080,167164,2242724,5133.554,1512.458,0,156.047,0,15.005,1837,2277,0.320,0.720,0.850,3,0,1.000,0,0,18,298,0,27,2
26-06 17:24:40,22.254,4.001,70.763,1.500,0,5485732,131576,167360,2242884,4980.933,1620.304,0,2220.416,0,289.054,6766,9931,0.320,0.720,0.850,2,0,0,0,0,18,298,0,27,2
26-06 17:24:41,25.321,6.268,65.182,1.755,0,5486148,130568,167648,2243200,5071.192,1624.546,0,8796.617,0,513.437,8376,13018,0.320,0.720,0.850,1,0,2.006,0,0,18,298,0,30,2
26-06 17:24:42,26.775,3.754,65.812,1.251,0,5489108,126872,167816,2243768,5044.763,1621.531,272.257,7703.273,16.015,967.914,6926,9306,0.370,0.730,0.850,1,0,0,0,0,18,298,0,34,2
26-06 17:24:43,12.735,3.746,80.408,1.498,0,5505140,122376,168064,2232156,6372.706,2584.043,31.963,3955.473,0.999,344.606,4202,6312,0.370,0.730,0.850,3,0,11.986,0,0,18,297,0,37,2
26-06 17:24:44,13.965,6.733,75.558,1.496,0,5529204,158736,165964,2175668,6733.910,2482.699,63.838,5980.821,3.990,427.914,4618,13939,0.370,0.730,0.850,2,0,23.939,0,0,18,297,0,39,2
26-06 17:24:45,7.495,1.749,89.193,0.999,0,5521160,166620,166100,2175692,4641.052,1523.033,0,1499.048,0,113.928,2411,3437,0.370,0.730,0.850,0,0,0,0,0,18,298,0,39,2
26-06 17:24:46,21.514,3.252,72.298,0.500,0,5525448,162084,166260,2175780,6706.476,2801.870,0,1484.991,0,110.073,4375,5645,0.370,0.730,0.850,1,0,0,0,0,18,296,0,46,2
26-06 17:24:47,4.750,1.500,91.497,0.500,0,5525252,162084,166404,2175832,11966.627,2942.908,0,1487.954,0,144.995,2407,3447,0.340,0.710,0.850,2,0,0,0,0,18,297,0,45,2
26-06 17:24:48,8.997,1.749,86.720,0.750,0,5525044,162088,166540,2175900,6312.840,2082.287,0,3294.872,0,464.841,3062,4381,0.340,0.710,0.850,0,0,0,0,0,18,297,0,47,2
26-06 17:24:49,13.499,2.250,81.995,1.250,0,5525324,161584,166660,2176004,11726.237,3231.790,0,1367.911,0,149.990,3426,4635,0.340,0.710,0.850,0,0,1.000,0,0,18,297,0,50,2
26-06 17:24:50,10.506,2.251,84.049,0.750,0,5525456,160828,166876,2176412,5403.121,1686.974,16.009,3093.787,1.001,154.089,3403,4618,0.340,0.710,0.850,0,0,0,0,0,18,297,0,50,2
26-06 17:24:51,3.497,1.249,93.676,0.500,0,5520968,165256,166928,2176420,5011.044,1456.850,0,767.394,0,60.952,1655,2194,0.340,0.710,0.850,1,0,0,0,0,18,298,0,50,2
26-06 17:24:52,13.506,2.501,81.534,1.000,0,5521320,164500,167244,2176508,6322.623,2588.073,0,1844.765,0,224.093,3665,5540,0.400,0.720,0.850,0,0,0,0,0,18,297,0,53,2
26-06 17:24:53,15.744,2.249,79.218,1.000,0,5521372,163996,167528,2176676,6155.510,2423.020,0,1547.374,0,183.926,3679,5142,0.400,0.720,0.850,0,0,0,0,0,18,297,0,57,2
26-06 17:24:54,7.253,1.751,88.035,1.751,0,5521188,163744,167896,2176744,4939.949,1458.575,0,6510.568,0,419.165,2976,4732,0.400,0.720,0.850,1,0,0,0,0,18,297,0,58,2
26-06 17:24:55,6.777,2.761,88.851,0,0,5523824,161012,167960,2176776,5782.875,1626.433,0,510.017,0,50.199,2449,3250,0.400,0.720,0.850,1,0,3.012,0,0,18,298,0,58,2
26-06 17:24:56,5.975,1.245,91.119,0.747,0,5523728,161012,168024,2176808,5113.594,1493.747,0,470.032,0,50.787,2024,2756,0.400,0.720,0.850,0,0,1.992,0,0,18,297,0,59,2
26-06 17:24:57,5.251,1.500,91.274,0.500,0,5523576,161012,168140,2176844,5281.392,1620.427,0,572.151,0,57.015,2151,3009,0.360,0.710,0.840,0,0,1.000,0,0,18,297,0,60,2
26-06 17:24:58,4.749,1.250,92.230,0.250,0,5523472,161012,168244,2176844,5458.830,1619.653,0,559.880,0,56.988,1964,2754,0.360,0.710,0.840,0,0,0,0,0,18,297,0,61,2
26-06 17:24:59,11.251,1.250,85.510,0.500,0,5523176,161012,168452,2176932,7736.868,3396.381,0,1124.126,0,156.018,3106,4384,0.360,0.710,0.840,0,0,1.000,0,0,18,297,0,63,2
26-06 17:25:00,12.001,2.000,83.756,1.000,0,5522736,161012,168736,2177088,7536.522,2612.181,0,1572.109,0,208.014,3547,5034,0.360,0.710,0.840,1,0,0,0,0,18,297,0,66,2
26-06 17:25:01,5.000,1.500,92.251,0,0,5523408,160256,168760,2177148,5195.042,1458.012,8.000,460.004,1.000,29.000,1602,2108,0.360,0.710,0.840,1,0,3.000,0,0,18,298,0,68,2
26-06 17:25:02,12.499,1.750,82.990,1.750,0,5523036,160256,169028,2177252,13102.432,3922.531,0,1671.800,0,229.972,3876,5735,0.330,0.690,0.840,0,0,0,0,0,18,297,0,70,2
26-06 17:25:03,13.000,2.500,82.251,0.750,0,5522288,160556,169204,2177524,5238.072,1458.020,0,5576.077,0,707.010,4007,5451,0.330,0.690,0.840,0,0,0,0,0,18,297,0,71,2
26-06 17:25:04,11.998,2.000,83.739,0.750,0,5522448,160052,169412,2177660,5291.335,2520.683,15.998,1467.816,1.000,154.981,3050,4506,0.330,0.690,0.840,0,0,0,0,0,18,297,0,74,2
26-06 17:25:05,5.763,1.503,90.709,0.501,0,5522372,160052,169500,2177648,6521.015,1527.517,0,1034.382,0,101.233,2210,3173,0.330,0.690,0.840,1,0,0,0,0,18,298,0,76,2
26-06 17:25:06,5.736,1.995,89.028,1.746,0,5522124,159800,169912,2177732,6469.839,2321.202,0,7138.170,0,508.729,3290,5436,0.330,0.690,0.840,0,0,0,0,0,18,297,0,76,2
26-06 17:25:07,8.995,2.249,86.453,0.750,0,5522068,159548,170024,2177928,6131.646,2123.838,0,951.480,0,110.939,2847,3991,0.310,0.680,0.830,0,0,0,0,0,18,297,0,75,2
26-06 17:25:08,12.035,1.755,83.997,1.003,0,5522068,159296,170192,2178012,11881.904,3241.522,0,1215.571,0,154.454,3372,4801,0.310,0.680,0.830,0,0,0,0,0,18,297,0,77,2
26-06 17:25:09,10.230,2.994,84.087,0.250,0,5522228,159044,170296,2178000,4808.679,1521.052,0,1149.771,0,123.760,3815,5574,0.310,0.680,0.830,2,0,0.998,0,0,18,298,0,77,2
26-06 17:25:10,26.250,5.750,63.501,2.500,0,5521992,158288,170796,2178492,5830.074,1620.021,0,4364.055,0,503.006,8791,14013,0.310,0.680,0.830,1,0,0,0,0,18,298,0,77,2
26-06 17:25:11,23.997,4.749,67.991,1.000,0,5522784,157028,171000,2178756,5014.343,1597.791,31.996,3343.562,1.000,269.965,7718,10977,0.310,0.680,0.830,3,0,0,0,0,18,299,0,78,2
26-06 17:25:12,8.249,2.250,87.490,0.750,0,5522380,157028,171184,2178980,4859.419,1619.806,0,2651.683,0,234.972,3462,5010,0.280,0.670,0.830,0,0,0,0,0,18,297,0,78,2
26-06 17:25:13,14.245,2.999,79.225,1.749,0.250,5522204,156776,171520,2179072,6283.985,2589.170,0,6010.073,0,457.853,4344,6599,0.280,0.670,0.830,2,0,0,0,0,18,297,0,81,2
26-06 17:25:14,9.251,1.500,87.013,1.000,0,5522576,156272,171648,2179076,12430.867,3726.560,0,1800.270,0,169.025,3081,4281,0.280,0.670,0.830,0,0,0,0,0,18,297,0,82,2
26-06 17:25:15,5.513,1.754,90.967,0.501,0,5522716,156020,171680,2179156,5859.998,1623.879,0,966.308,0,76.182,2332,3171,0.280,0.670,0.830,2,0,0,0,0,18,298,0,78,2
26-06 17:25:16,7.737,1.498,88.852,0.749,0,5523032,155516,171784,2179240,7186.004,2079.529,0,1940.760,0,171.713,2900,4248,0.280,0.670,0.830,0,0,0,0,0,18,297,0,80,2
26-06 17:25:17,12.741,2.498,81.941,0.749,0,5523860,154512,171896,2179304,12599.993,3457.529,0,1263.097,0,144.896,3411,4342,0.580,0.730,0.850,0,0,5.996,0,0,18,297,0,83,2
26-06 17:25:18,18.575,17.069,63.004,0.753,0,5534788,142976,171976,2179816,5421.866,1626.560,216.875,1646.641,11.045,143.579,7399,9458,0.580,0.730,0.850,2,0,416.680,0,0,18,298,0,83,2
26-06 17:25:19,26.888,4.979,63.486,2.241,0,5534316,142724,172328,2180188,4539.150,914.204,31.868,4130.846,0.996,499.924,8900,13892,0.580,0.730,0.850,1,0,0.996,0,0,18,298,0,84,2
26-06 17:25:20,23.855,4.771,67.549,1.256,0,5534820,141716,172488,2180532,4198.563,1084.796,16.071,3700.360,1.004,311.377,7841,11451,0.580,0.730,0.850,1,0,0,0,0,18,298,0,85,2
26-06 17:25:21,26.464,5.243,62.665,2.247,0,5534764,141212,172808,2180772,5128.075,1456.034,0,8943.922,0,667.099,9176,14763,0.580,0.730,0.850,2,0,0.999,0,0,18,298,0,86,2
26-06 17:25:22,25.672,4.486,66.798,1.745,0,5534004,141212,173136,2181204,5264.056,1615.108,0,4693.784,0,367.886,7663,11383,0.610,0.730,0.850,1,0,0,0,0,18,298,0,86,2
26-06 17:25:23,24.262,5.503,67.783,1.251,0,5526580,148184,173280,2181512,4940.387,1458.705,0,9704.688,0,1207.583,8211,11172,0.610,0.730,0.850,1,0,0,0,0,18,298,0,82,2
26-06 17:25:24,25.499,5.500,64.248,2.000,0,5526848,147336,173524,2181848,4899.823,1619.941,0,3451.875,0,421.985,8933,14052,0.610,0.730,0.850,2,0,0,0,0,18,298,0,83,2
26-06 17:25:25,25.004,5.751,65.011,2.250,0,5528824,144820,173740,2182172,5146.888,1566.270,0,7353.269,0,564.097,8802,13388,0.610,0.730,0.850,0,0,0,0,0,18,297,0,83,2
26-06 17:25:26,3.511,1.003,94.287,0.251,0,5528816,144820,173768,2182152,5768.544,1558.741,32.098,834.538,1.003,65.198,1809,2544,0.610,0.730,0.850,0,1,0,0,0,18,298,0,83,2
26-06 17:25:27,3.739,0.748,93.478,0.499,0,5528948,144568,173780,2182260,5567.818,1709.033,0,422.771,0,42.875,1837,2624,0.560,0.720,0.840,0,0,0,0,0,18,297,0,83,2
26-06 17:25:28,14.994,2.999,79.970,1.250,0,5533100,140032,173936,2182484,6155.664,2415.083,15.994,2131.191,1.000,233.911,3999,5894,0.560,0.720,0.840,0,0,0,0,0,18,297,0,82,2
26-06 17:25:29,17.009,1.751,79.043,0.750,0,5538496,134488,173988,2182580,13522.332,3461.877,0,1336.725,0,117.063,3728,4611,0.560,0.720,0.840,2,1,1.001,0,0,18,297,0,87,2
26-06 17:25:30,6.273,1.505,89.824,0.502,0,5542284,130628,174044,2182592,12398.717,3007.848,0,1425.140,0,141.510,2698,3699,0.560,0.720,0.840,2,0,0,0,0,18,297,0,87,2
26-06 17:25:31,2.740,1.245,94.658,0.249,0,5542204,130628,174068,2182648,12027.523,2986.205,0,793.133,0,57.791,1625,2183,0.560,0.720,0.840,1,0,0,0,0,18,298,0,87,2
26-06 17:25:32,8.992,1.748,86.418,0.999,0,5542140,130376,174136,2182896,5378.925,1456.626,0,1554.533,0,175.834,3349,4964,0.520,0.710,0.840,0,0,0,0,0,18,297,0,87,2
26-06 17:25:33,14.261,3.002,80.060,1.001,0,5542144,130128,174260,2183016,6410.839,2580.948,0,1733.308,0,200.151,3817,5262,0.520,0.710,0.840,0,0,0,0,0,18,297,0,91,2
26-06 17:25:34,12.291,2.258,84.031,0.753,0,5542328,129916,174316,2182988,5203.427,1625.444,0,5634.872,0,701.349,3262,4300,0.520,0.710,0.840,2,1,0,0,0,18,296,0,95,2
26-06 17:25:35,5.732,1.994,90.212,1.246,0,5542020,129916,174372,2183240,6146.371,2570.790,0,1475.288,0,152.513,2651,4121,0.520,0.710,0.840,0,0,0,0,0,18,297,0,95,2
26-06 17:25:36,5.997,1.749,88.955,1.249,0,5541916,129916,174456,2183260,5534.205,1619.182,0,6144.897,0,399.798,2850,4425,0.520,0.710,0.840,0,0,0,0,0,18,297,0,91,2
26-06 17:25:37,6.770,1.504,90.763,0.501,0.251,5542128,129664,174464,2183292,4874.146,1624.715,0,473.374,0,45.131,2167,2901,0.480,0.690,0.830,0,0,0,0,0,18,297,0,92,2
26-06 17:25:38,15.216,1.247,81.320,0.499,0,5542320,129412,174472,2183344,6942.627,2312.879,0,606.657,0,58.870,3000,3804,0.480,0.690,0.830,2,0,0,0,0,18,297,0,97,2
26-06 17:25:39,8.276,2.257,86.273,1.254,0,5542492,129084,174576,2183396,10888.453,3072.723,0,1817.752,0,225.714,3439,4967,0.480,0.690,0.830,1,0,1.003,0,0,18,298,0,97,2
26-06 17:25:40,25.979,5.496,63.949,2.248,0.250,5541972,129084,174728,2183764,5053.957,1456.835,0,3053.557,0,404.676,8418,13092,0.480,0.690,0.830,0,1,0,0,0,18,298,0,95,2
26-06 17:25:41,24.292,4.758,67.116,1.252,0,5540664,129968,174832,2184084,5426.415,1622.816,0,3502.076,0,325.565,7923,11732,0.480,0.690,0.830,6,0,2.003,0,0,18,298,0,95,2
26-06 17:25:42,14.176,3.731,78.592,0.995,0,5541348,128964,174912,2184324,4912.508,1450.473,0,2686.062,0,248.709,5317,7862,0.440,0.680,0.830,0,0,0,0,0,18,297,0,96,2
26-06 17:25:43,13.502,3.000,80.510,2.250,0,5550700,119420,175040,2184388,4812.574,2516.300,0,6676.796,0,442.053,3970,6087,0.440,0.680,0.830,0,0,0,0,0,18,297,0,99,2
26-06 17:25:44,10.769,5.510,82.395,0.250,0,5549316,187096,173032,2122348,5870.365,1580.791,0,1077.903,0,85.150,3342,13712,0.440,0.680,0.830,1,0,36.064,0,0,18,297,0,89,2
26-06 17:25:45,15.800,2.508,79.251,1.003,0,5549032,187096,173124,2122540,9005.473,3438.873,0,1416.478,0,160.507,3826,5305,0.440,0.680,0.830,1,0,0,0,0,18,297,0,92,2
26-06 17:25:46,1.990,0.746,95.768,0,0,5549260,186844,173136,2122552,7865.416,2093.464,0,553.216,0,26.865,1207,1650,0.440,0.680,0.830,0,0,0,0,0,18,297,0,92,2
26-06 17:25:47,4.501,1.000,92.281,0.250,0,5549432,186620,173180,2122560,6409.125,1918.636,0,772.256,0,71.024,1837,2543,0.400,0.670,0.820,1,0,0,0,0,18,297,0,93,2
26-06 17:25:48,15.743,2.749,78.713,0.750,0,5549212,186620,173320,2122640,11435.559,3350.406,0,1399.334,0,162.922,4007,5178,0.400,0.670,0.820,0,0,0,0,0,18,297,0,89,2
26-06 17:25:49,11.257,1.501,85.300,0.500,0,5551152,184604,173356,2122680,9573.600,3333.950,0,728.426,0,54.032,2600,3150,0.400,0.670,0.820,0,0,2.001,0,0,18,297,0,91,2
26-06 17:25:50,4.000,0.750,94.506,0,0,5551120,184604,173380,2122688,4620.271,1620.095,0,520.030,0,33.002,1303,1715,0.400,0.670,0.820,0,0,0,0,0,18,297,0,92,2
26-06 17:25:51,5.999,1.500,89.480,0.750,0,5551076,184364,173492,2122860,11957.356,3062.323,0,1391.692,0,173.962,2835,4271,0.400,0.670,0.820,0,1,1.000,0,0,18,298,0,92,2
26-06 17:25:52,26.631,5.779,64.317,2.261,0,5551060,183636,173896,2123200,5366.475,1628.032,0,5173.523,0,473.335,8591,12986,0.450,0.680,0.820,3,0,0,0,0,18,298,0,88,2
26-06 17:25:53,24.469,4.994,66.165,1.748,0,5551520,182628,174220,2123424,5213.341,1617.933,0,7746.106,0,571.270,8334,12873,0.450,0.680,0.820,2,0,0,0,0,18,298,0,89,2
26-06 17:25:54,17.430,3.237,75.696,1.245,0,5551640,182124,174360,2123668,4679.192,1452.163,0,2219.080,0,211.151,5384,7870,0.450,0.680,0.820,1,0,0,0,0,18,297,0,89,2
26-06 17:25:55,13.503,3.501,81.271,1.000,0,5552536,181016,174476,2123764,4987.271,1967.502,0,7681.958,0,945.241,3970,5318,0.450,0.680,0.820,1,0,3.001,0,0,18,297,0,89,2
26-06 17:25:56,6.023,1.506,90.344,0.502,0,5552488,181016,174516,2123772,10496.943,2009.647,0,967.682,0,63.241,2225,2913,0.450,0.680,0.820,1,0,2.008,0,0,18,298,0,86,2
26-06 17:25:57,24.335,6.456,63.818,1.738,0,5552456,179756,174860,2124720,4992.209,1555.471,0,3361.248,0,414.196,8309,12832,0.660,0.720,0.840,3,0,0.993,0,0,18,298,0,86,2
26-06 17:25:58,25.396,5.280,65.627,1.257,0,5553380,178496,175092,2124820,4980.593,1520.730,0,4517.937,0,383.200,8077,12018,0.660,0.720,0.840,2,0,0,0,0,18,298,0,86,2
26-06 17:25:59,22.452,5.239,68.355,2.245,0,5554088,177236,175328,2125136,6172.890,2547.589,31.932,6705.758,1.996,506.923,7375,10767,0.660,0.720,0.840,1,0,1.996,0,0,18,297,0,87,2
26-06 17:26:00,8.270,2.506,87.465,1.002,0.251,5554524,176732,175412,2125120,5445.408,1515.732,0,1808.453,0,161.397,2754,3933,0.660,0.720,0.840,1,0,0,0,0,18,298,0,77,2
26-06 17:26:01,7.973,1.744,87.205,0.747,0,5553848,176932,175512,2125496,6845.813,2610.159,0,1347.436,0,150.490,2795,4147,0.660,0.720,0.840,1,0,0,0,0,18,297,0,78,2
26-06 17:26:02,13.754,3.501,79.271,1.500,0,5560040,170520,175612,2125616,6159.611,2443.639,32.008,1828.478,1.000,231.060,4229,6013,0.600,0.700,0.830,0,0,0,0,0,18,297,0,80,2
26-06 17:26:03,12.002,2.000,82.761,0.750,0,5560096,170268,175720,2125704,4672.633,2001.271,0,1708.232,0,176.024,3480,4979,0.600,0.700,0.830,0,0,0,0,0,18,297,0,81,2
26-06 17:26:04,8.026,1.505,89.290,0.752,0,5560024,170268,175784,2125712,6541.217,1583.135,0,1075.488,0,91.296,2351,3127,0.600,0.700,0.830,1,0,0,0,0,18,298,0,73,2
26-06 17:26:05,11.212,2.242,83.221,0.249,0,5559776,170268,175908,2125836,12387.532,3448.456,0,1638.515,0,163.453,3723,5048,0.600,0.700,0.830,0,0,0,0,0,18,297,0,74,2
26-06 17:26:06,9.244,1.749,85.941,1.249,0,5559812,170016,176032,2125928,12136.638,3457.618,0,1750.794,0,182.874,3365,4816,0.600,0.700,0.830,0,0,0,0,0,18,297,0,74,2
26-06 17:26:07,9.037,2.008,87.102,0.753,0,5560044,169512,176096,2126136,12057.780,3449.957,0,1216.923,0,124.504,3032,4134,0.720,0.720,0.840,1,1,1.004,0,0,18,297,0,74,2
26-06 17:26:08,8.472,2.243,85.715,1.495,0,5559684,169512,176292,2126300,6296.052,2433.902,0,6861.172,0,486.382,3946,6147,0.720,0.720,0.840,0,0,0,0,0,18,297,0,69,2
26-06 17:26:09,6.512,1.503,89.665,0.751,0,5559848,169264,176328,2126348,11621.387,2546.687,0,841.549,0,87.160,2700,3885,0.720,0.720,0.840,2,0,1.002,0,0,18,298,0,69,2
26-06 17:26:10,26.933,4.738,64.588,2.244,0,5559512,169012,176600,2126660,5173.048,1615.954,0,3080.288,0,427.929,8749,13299,0.720,0.720,0.840,1,0,0,0,0,18,298,0,69,2
26-06 17:26:11,24.291,5.509,66.111,1.002,0,5559756,168268,176744,2127000,5692.530,1622.717,0,2604.360,0,253.424,7871,11453,0.720,0.720,0.840,2,0,1.002,0,0,18,298,0,69,2
26-06 17:26:12,26.102,4.518,65.254,2.008,0,5559708,167764,176860,2127436,4658.158,1180.602,96.376,2927.411,5.020,305.190,8199,11695,0.740,0.730,0.840,1,0,0,0,0,18,298,0,70,2
26-06 17:26:13,24.395,5.228,64.473,2.489,0,5559596,167260,177176,2127736,4548.475,1182.922,0,8726.541,0,706.965,8720,13567,0.740,0.730,0.840,2,0,0,0,0,18,298,0,69,2
26-06 17:26:14,24.491,5.498,66.474,1.250,0,5559072,167260,177344,2128092,4746.169,1187.542,0,2878.889,0,286.889,7636,11268,0.740,0.730,0.840,1,0,0,0,0,18,298,0,69,2
26-06 17:26:15,21.492,4.748,69.476,1.499,0,5554212,171756,177436,2128364,6317.778,2565.098,0,10668.248,0,1329.532,7393,10014,0.740,0.730,0.840,1,0,0,0,0,18,297,0,71,2
26-06 17:26:16,7.002,1.750,88.770,1.500,0,5554092,171756,177512,2128408,6367.435,2341.528,0,1860.419,0,194.044,2733,4121,0.740,0.730,0.840,0,0,0,0,0,18,297,0,71,2
26-06 17:26:17,4.269,2.009,91.914,0.251,0,5556292,169496,177532,2128448,5183.321,1627.322,0,2716.221,0,69.312,1816,2315,0.680,0.720,0.830,4,0,6.027,0,0,18,298,0,64,2
26-06 17:26:18,7.464,1.493,88.325,0.746,0,5556136,169496,177616,2128520,6161.347,2437.270,0,1735.647,0,172.171,2988,4537,0.680,0.720,0.830,0,0,0,0,0,18,297,0,64,2
26-06 17:26:19,6.998,1.500,88.474,0.500,0,5556288,169244,177672,2128564,6285.171,1974.425,0,1415.588,0,126.963,2799,3853,0.680,0.720,0.830,0,0,1.000,0,0,18,297,0,64,2
26-06 17:26:20,8.500,2.500,86.498,1.250,0,5556404,168992,177740,2128632,6616.812,2449.930,0,1331.962,0,143.996,2974,4154,0.680,0.720,0.830,0,0,0,0,0,18,297,0,64,2
26-06 17:26:21,7.253,2.001,86.790,1.751,0,5556216,168992,177836,2128724,6066.809,1975.915,0,4922.279,0,321.149,3084,4458,0.680,0.720,0.830,1,0,0,0,0,18,297,0,60,2
26-06 17:26:22,8.503,2.001,87.277,0.750,0,5556160,168992,177912,2128704,7045.159,2515.771,0,1364.418,0,157.048,3162,4606,0.620,0.710,0.830,1,0,0,0,0,18,297,0,60,2
26-06 17:26:23,4.245,0.749,93.390,0.499,0,5556176,168740,177912,2128940,5103.967,1618.087,0,611.277,0,37.955,1482,2006,0.620,0.710,0.830,2,1,0,0,0,18,298,0,60,2
26-06 17:26:24,6.007,2.002,89.360,0.501,0,5555980,168740,177936,2129112,6302.742,2085.562,0,1289.584,0,136.167,2641,3744,0.620,0.710,0.830,0,0,0,0,0,18,297,0,60,2
26-06 17:26:25,8.747,2.249,86.216,1.000,0,5555852,168740,177984,2129192,6120.586,2394.056,0,1527.398,0,173.931,3467,5003,0.620,0.710,0.830,1,0,0,0,0,18,297,0,58,2
26-06 17:26:26,6.253,1.501,90.039,0.750,0,5556000,168488,178028,2129252,6814.916,2083.892,0,1160.497,0,110.047,2531,3663,0.620,0.710,0.830,0,0,0,0,0,18,297,0,59,2
26-06 17:26:27,9.277,2.006,86.251,0.752,0,5555740,168488,178060,2129480,6337.430,2183.350,0,1432.165,0,151.440,3416,4809,0.650,0.710,0.830,0,0,0,0,0,18,297,0,60,2
26-06 17:26:28,6.478,1.495,88.953,0.748,0,5555724,168488,178092,2129464,6505.244,2421.900,0,1299.654,0,142.523,2712,3925,0.650,0.710,0.830,0,0,0,0,0,18,297,0,60,2
26-06 17:26:29,8.529,2.509,87.550,0.251,0,5556896,167228,178116,2129556,21394.417,5710.596,0,927.182,0,77.265,2870,3822,0.650,0.710,0.830,2,0,2.007,0,0,18,299,0,56,2
26-06 17:26:30,26.021,5.254,63.802,2.752,0,5556680,166976,178280,2129860,6108.939,1459.180,0,3735.020,0,464.375,8502,13149,0.650,0.710,0.830,2,0,1.001,0,0,18,299,0,57,2
26-06 17:26:31,24.908,7.223,63.265,1.494,0,5551896,163856,178452,2137576,7367.665,1506.411,0,13481.981,0,1262.317,8997,12950,0.650,0.710,0.830,1,0,1.993,0,0,18,299,0,57,2
26-06 17:26:32,12.237,2.997,82.160,0.749,0,5552248,163352,178504,2137676,4580.991,1024.879,15.983,1849.977,0.999,198.783,4254,6356,0.600,0.700,0.820,0,0,0,0,0,18,298,0,59,2
26-06 17:26:33,15.013,3.503,78.570,1.752,0.250,5552888,162348,178564,2137980,3591.181,648.574,0,2434.156,0,265.235,4366,6483,0.600,0.700,0.820,0,0,0,0,0,18,298,0,54,2
26-06 17:26:34,5.271,1.004,92.113,0.251,0,5552876,162348,178572,2137984,4790.876,1517.981,4.016,887.497,1.004,59.233,1893,2567,0.600,0.700,0.820,4,0,0,0,0,18,299,0,54,2
26-06 17:26:35,25.521,5.254,64.553,2.752,0,5552996,161592,178684,2138508,4942.028,1459.189,0,3795.093,0,502.410,9149,14596,0.600,0.700,0.820,1,0,0,0,0,18,299,0,56,2
26-06 17:26:36,25.648,4.731,64.992,2.241,0,5554596,159576,178832,2138776,5100.754,1398.449,0,8195.471,0,588.663,9051,13874,0.600,0.700,0.820,2,0,0,0,0,18,299,0,59,2
26-06 17:26:37,25.580,5.517,65.455,1.505,0,5555300,158316,178888,2139276,4187.135,770.417,32.101,2885.050,1.003,308.969,7760,11619,0.550,0.690,0.820,1,0,0,0,0,18,299,0,53,2
26-06 17:26:38,24.405,4.981,66.241,1.743,0,5555924,157308,178944,2139604,4898.882,1506.122,0,3382.799,0,327.721,7879,11985,0.550,0.690,0.820,1,0,0,0,0,18,299,0,54,2
26-06 17:26:39,14.242,2.748,80.952,0.750,0,5557068,156052,178964,2139696,5025.007,1241.261,0,1643.021,0,122.927,4733,6814,0.550,0.690,0.820,2,0,0.999,0,0,18,299,0,55,2
26-06 17:26:40,13.506,3.752,79.784,1.251,0,5556868,156052,178968,2139892,3943.701,756.326,0,2132.920,0,237.102,4899,7536,0.550,0.690,0.820,2,0,0,0,0,18,299,0,55,2
26-06 17:26:41,26.295,4.508,64.861,1.503,0,5557200,155296,179044,2140240,4272.283,649.106,0,2953.034,0,346.591,8069,11944,0.550,0.690,0.820,0,1,2.003,0,0,18,299,0,50,2
26-06 17:26:42,24.300,5.010,66.387,2.004,0,5558316,153784,179164,2140516,5082.493,1515.128,0,6822.085,0,491.014,8016,11642,0.670,0.710,0.830,0,1,0,0,0,18,299,0,51,2
26-06 17:26:43,25.230,4.247,66.946,1.998,0,5558344,153280,179364,2140792,5021.963,1564.742,0,3129.484,0,366.705,8486,13217,0.670,0.710,0.830,2,0,0,0,0,18,299,0,52,2
26-06 17:26:44,28.414,8.724,59.072,1.495,0,5569836,141080,179528,2141320,5156.457,1746.735,0,4761.647,0,470.582,9225,19268,0.670,0.710,0.830,1,0,35.892,0,0,18,298,0,53,2
26-06 17:26:45,24.758,4.751,67.521,1.000,0.250,5570016,140576,179588,2141584,5101.568,1620.498,0,2032.625,0,191.059,7337,10740,0.670,0.710,0.830,1,0,0,0,0,18,300,0,48,2
26-06 17:26:46,19.787,3.507,72.887,2.254,0.250,5570420,139568,179740,2142036,6709.651,2576.859,0,12687.924,0,397.750,6158,9173,0.670,0.710,0.830,1,0,0,0,0,18,298,0,50,2
26-06 17:26:47,5.486,1.496,89.274,1.496,0,5570304,139568,179808,2142084,4825.777,1946.071,0,6319.993,0,392.007,2767,4370,0.620,0.700,0.820,0,0,0,0,0,18,298,0,51,2
26-06 17:26:48,9.797,2.763,84.909,1.005,0,5570408,139316,179880,2142160,12167.627,3023.568,0,3597.333,0,197.954,3621,5174,0.620,0.700,0.820,2,0,0,0,0,18,296,0,52,2
26-06 17:26:49,5.974,0.996,90.852,0.747,0,5570704,138816,179904,2142340,5846.371,2494.067,0,963.775,0,92.594,2357,3380,0.620,0.700,0.820,0,0,0.996,0,0,18,298,0,42,2
26-06 17:26:50,13.765,2.503,81.840,1.502,0,5570780,138564,179996,2142424,4851.317,1567.718,16.018,2046.243,1.001,269.295,4209,6309,0.620,0.700,0.820,1,0,0,0,0,18,299,0,42,2
26-06 17:26:51,7.514,1.002,88.159,0.751,0,5570904,138312,180044,2142504,11659.084,3358.073,0,1258.275,0,133.241,3100,4491,0.620,0.700,0.820,0,0,0,0,0,18,298,0,42,2
26-06 17:26:52,21.259,4.752,70.528,2.251,0,5570964,137808,180192,2142800,4787.921,1566.629,32.013,2661.068,1.000,371.149,7581,11666,0.650,0.700,0.820,1,0,0,0,0,18,299,0,43,2
26-06 17:26:53,25.920,5.234,63.802,2.492,0,5570760,137556,180396,2143052,4707.391,1357.786,0,5475.009,0,589.172,8709,14404,0.650,0.700,0.820,2,0,0,0,0,18,299,0,45,2
26-06 17:26:54,25.013,5.003,65.783,1.501,0,5571356,136548,180520,2143340,4524.294,1242.630,0,6455.273,0,446.226,8056,11821,0.650,0.700,0.820,1,0,0,0,0,18,299,0,41,2
26-06 17:26:55,19.487,4.247,72.453,1.499,0,5571488,136044,180620,2143612,6052.103,2249.552,0,2678.276,0,277.821,6053,8977,0.650,0.700,0.820,0,0,0,0,0,18,298,0,45,2
26-06 17:26:56,11.483,3.245,82.129,0.499,0,5574760,132540,180668,2143796,4905.753,1294.088,19.970,1757.404,1.997,114.830,3438,4596,0.650,0.700,0.820,1,0,2.996,0,0,18,299,0,45,2
26-06 17:26:57,14.272,3.005,80.123,1.002,0,5575100,132036,180732,2143896,11821.147,3357.154,0,1430.196,0,161.248,4367,6260,0.680,0.710,0.820,1,0,1.002,0,0,18,300,0,46,2
26-06 17:26:58,22.769,5.254,68.056,1.751,0,5575384,131084,180892,2144404,4984.088,1621.330,256.210,2570.108,16.013,341.280,7288,10805,0.680,0.710,0.820,1,0,2.002,0,0,18,299,0,45,2
26-06 17:26:59,25.541,5.759,64.104,2.504,0,5575112,130832,181056,2144764,5220.467,1634.651,0,8750.192,0,702.139,8961,14348,0.680,0.710,0.820,1,0,1.002,0,0,18,299,0,45,2
26-06 17:27:00,24.454,5.490,65.626,1.996,0,5576128,129320,181152,2145164,5928.817,1616.950,0,3641.132,0,347.345,7809,11887,0.680,0.710,0.820,2,0,0,0,0,18,298,0,46,2
26-06 17:27:01,4.501,1.000,93.015,0.500,0,5576088,129320,181172,2145184,6804.086,2569.410,0,1308.209,0,92.015,2012,2766,0.680,0.710,0.820,2,0,0,0,0,18,299,0,46,2
26-06 17:27:02,8.996,1.999,85.711,0.750,0,5575812,129320,181216,2145416,21972.934,6093.209,0,1787.181,0,184.915,3422,4974,0.620,0.700,0.820,0,0,0,0,0,18,298,0,44,2
26-06 17:27:03,10.995,1.249,85.460,0.500,0,5575996,129068,181244,2145456,16391.313,5010.650,0,1419.334,0,133.937,3238,4343,0.620,0.700,0.820,0,0,0,0,0,18,298,0,44,2
26-06 17:27:04,12.512,2.252,83.330,0.751,0,5576492,128312,181272,2145688,18092.330,4266.086,0,2142.052,0,123.118,3242,4130,0.620,0.700,0.820,3,0,0,0,0,18,298,0,44,2
26-06 17:27:05,10.240,2.498,85.417,0.749,0,5576684,128060,181296,2145724,5328.826,1198.836,0,1118.914,0,113.889,3537,5149,0.620,0.700,0.820,0,1,0,0,0,18,299,0,44,2
26-06 17:27:06,25.879,5.276,64.320,2.261,0,5576364,127836,181444,2146120,5415.984,1519.571,0,8719.443,0,613.054,8226,12822,0.620,0.700,0.820,1,0,0,0,0,18,299,0,40,2
26-06 17:27:07,23.404,4.731,67.224,1.743,0,5572348,131460,181580,2146376,5290.285,1547.647,0,7636.654,0,540.780,8213,12622,0.650,0.700,0.820,3,0,0,0,0,18,299,0,41,2
26-06 17:27:08,20.248,3.250,73.744,1.250,0,5572628,130984,181656,2146496,7025.445,2528.800,0,2371.813,0,267.979,5199,7643,0.650,0.700,0.820,2,0,0,0,0,18,298,0,42,2
26-06 17:27:09,8.742,0.999,86.167,0.999,0,5573032,130480,181684,2146568,9333.992,2658.435,0,2169.906,0,185.821,3159,4596,0.650,0.700,0.820,0,0,0.999,0,0,18,298,0,42,2
26-06 17:27:10,7.260,1.502,89.379,0.250,0,5573224,130256,181716,2146568,7173.335,1309.887,0,913.316,0,74.107,2353,2985,0.650,0.700,0.820,3,0,0,0,0,18,299,0,43,2
26-06 17:27:11,5.494,1.249,91.143,0.999,0,5573044,130256,181764,2146700,12163.705,3348.065,0,1354.408,0,142.832,2589,3721,0.650,0.700,0.820,0,0,0,0,0,18,298,0,43,2
26-06 17:27:12,24.506,6.001,65.016,2.000,0,5572996,129824,181884,2147060,5059.226,1500.364,0,3380.819,0,404.098,8062,11972,0.680,0.710,0.820,1,0,0,0,0,18,299,0,44,2
26-06 17:27:13,25.502,4.750,64.754,2.500,0,5572512,129824,181952,2147476,3820.247,1080.070,0,8200.530,0,615.040,8606,13450,0.680,0.710,0.820,2,0,0,0,0,18,299,0,45,2
26-06 17:27:14,24.998,5.250,66.744,1.000,0,5581028,121004,182008,2147724,10413.020,3286.691,0,3155.703,0,285.973,7018,10185,0.680,0.710,0.820,0,0,0,0,0,18,298,0,46,2
26-06 17:27:15,6.779,1.506,89.628,0.753,0,5573100,128844,182024,2147796,5657.835,1217.127,0,1928.123,0,137.580,2336,3280,0.680,0.710,0.820,1,0,0,0,0,18,298,0,47,2
26-06 17:27:16,5.972,1.244,89.587,0.995,0,5573268,128592,182064,2147840,11911.109,3444.128,0,1437.376,0,154.289,2705,3997,0.680,0.710,0.820,0,0,0,0,0,18,298,0,48,2
26-06 17:27:17,24.031,5.257,67.338,1.502,0,5574620,127000,182128,2148016,5407.042,1622.113,0,2795.641,0,364.475,7833,11808,0.710,0.710,0.820,2,0,3.004,0,0,18,299,0,50,2
26-06 17:27:18,24.719,4.994,65.669,1.498,0,5574812,126244,182192,2148516,5499.205,1564.067,0,3124.140,0,315.610,8151,12446,0.710,0.710,0.820,1,0,2.996,0,0,18,299,0,48,2
26-06 17:27:19,24.345,5.522,66.510,1.757,0,5574676,125992,182244,2148852,5360.927,1626.349,0,9023.224,0,563.199,8359,12701,0.710,0.710,0.820,1,0,1.004,0,0,18,299,0,49,2
26-06 17:27:20,25.936,4.738,65.340,1.746,0,5574936,124480,182356,2149992,5386.810,1616.043,0,2908.877,0,327.199,8414,12698,0.710,0.710,0.820,3,0,0,0,0,18,299,0,50,2
26-06 17:27:21,23.966,5.991,67.653,0.749,0,5585344,199696,171244,2077088,5321.404,1509.845,0,1789.446,0,152.782,7009,9578,0.710,0.710,0.820,2,0,0,0,0,18,299,0,50,2
26-06 17:27:22,10.003,3.751,82.772,1.750,0,5599092,185788,171320,2077172,6547.739,2528.672,0,2540.675,0,275.073,3844,5707,0.650,0.700,0.820,0,0,0,0,0,18,298,0,51,2
26-06 17:27:23,8.248,1.999,87.224,0.750,0,5598984,185788,171372,2077228,5465.401,2194.358,0,2111.382,0,208.939,2975,4376,0.650,0.700,0.820,0,0,0,0,0,18,298,0,52,2
26-06 17:27:24,10.746,2.749,83.969,1.250,0,5598992,185536,171436,2077408,5548.966,1758.355,0,2003.266,0,185.932,3538,5086,0.650,0.700,0.820,0,0,0,0,0,18,298,0,52,2
26-06 17:27:25,7.511,1.753,87.877,0.751,0,5598376,186012,171492,2077492,5987.686,2271.295,0,1502.179,0,158.230,2908,4255,0.650,0.700,0.820,0,0,0,0,0,18,298,0,53,2
26-06 17:27:26,5.011,1.253,91.442,1.253,0,5596872,187468,171520,2077512,10827.770,2655.585,0,1495.144,0,135.284,2345,3407,0.650,0.700,0.820,1,0,0,0,0,18,299,0,51,2
26-06 17:27:27,25.195,5.239,64.359,1.996,0,5596256,187672,171644,2077800,5290.405,1548.606,0,9431.329,0,667.537,8805,13567,0.680,0.700,0.820,2,0,0,0,0,18,299,0,53,2
26-06 17:27:28,25.564,5.764,64.411,2.506,0,5596616,186744,171832,2078180,5052.644,1624.064,32.080,8120.321,1.003,573.435,8353,12944,0.680,0.700,0.820,4,0,0,0,0,18,298,0,55,2
26-06 17:27:29,25.441,5.238,65.350,1.497,0,5597920,185236,171912,2078304,11719.038,3002.093,15.963,3100.866,0.998,287.339,7373,10691,0.680,0.700,0.820,1,0,0.998,0,0,18,296,0,58,2
26-06 17:27:30,5.245,1.499,90.920,0.749,0,5597456,185236,171960,2078720,6818.008,2511.792,0,1834.388,0,141.875,2477,3749,0.680,0.700,0.820,1,0,0,0,0,18,299,0,56,2
26-06 17:27:31,7.749,1.250,88.236,0.500,0,5597392,185236,171976,2078768,12797.969,2973.528,0,1399.778,0,130.979,2914,4135,0.680,0.700,0.820,0,0,0,0,0,18,298,0,56,2
26-06 17:27:32,21.005,4.501,70.265,1.750,0,5597176,185236,172056,2078904,5179.137,1458.320,0,2624.576,0,291.064,7167,10203,0.700,0.710,0.820,1,0,0,0,0,18,299,0,57,2
26-06 17:27:33,25.569,7.019,61.415,3.259,0,5597088,184760,172204,2079320,5560.925,1624.360,0,9529.576,0,792.126,9120,14654,0.700,0.710,0.820,1,0,1.003,0,0,18,299,0,57,2
26-06 17:27:34,25.187,4.738,66.583,1.496,0.249,5597776,183752,172248,2079596,5771.552,1615.955,0,2214.456,0,251.371,7544,11087,0.700,0.710,0.820,4,0,0,0,0,18,299,0,58,2
26-06 17:27:35,24.497,4.499,67.492,1.500,0,5598160,182996,172296,2079920,5977.299,2532.703,0,3795.555,0,297.965,7090,10069,0.700,0.710,0.820,0,0,0,0,0,18,298,0,54,2
26-06 17:27:36,7.010,1.252,88.883,0.751,0,5598128,182996,172328,2079920,7416.107,1688.529,0,1962.940,0,171.256,2722,4068,0.700,0.710,0.820,5,0,0,0,0,18,298,0,55,2
26-06 17:27:37,2.995,1.248,93.847,0.499,0,5595608,185432,172348,2079984,11565.159,2992.125,0,5814.527,0,404.341,2125,2802,0.650,0.700,0.810,0,0,0,0,0,18,298,0,55,2
26-06 17:27:38,8.999,1.750,86.990,1.000,0,5595404,185432,172364,2080172,12219.559,3351.605,0,1511.822,0,145.983,3230,4549,0.650,0.700,0.810,2,0,0,0,0,18,298,0,55,2
26-06 17:27:39,22.342,3.263,71.544,1.506,0,5595976,184676,172416,2080304,5106.991,1572.463,0,5767.706,0,400.647,5324,7189,0.650,0.700,0.810,2,0,1.004,0,0,18,299,0,51,2
26-06 17:27:40,25.503,4.751,65.007,2.250,0,5595924,184424,172464,2080560,4794.509,1134.120,32.003,3540.376,1.000,389.041,8201,12229,0.650,0.700,0.810,1,0,0,0,0,18,299,0,51,2
26-06 17:27:41,24.409,4.981,66.502,1.743,0,5596220,183668,172504,2080980,5414.786,1452.577,31.881,3176.143,0.996,320.802,8154,12214,0.650,0.700,0.810,1,1,1.993,0,0,18,299,0,51,2
26-06 17:27:42,24.093,4.768,67.261,1.506,0,5596892,182660,172576,2081244,5406.958,1572.094,0,2758.693,0,277.074,8023,11443,0.680,0.700,0.820,2,1,0,0,0,18,299,0,51,2
26-06 17:27:43,26.142,5.228,63.984,2.241,0.249,5596680,182408,172668,2081616,4324.056,1236.867,0,3700.643,0,441.169,8246,12891,0.680,0.700,0.820,2,0,0,0,0,18,299,0,49,2
26-06 17:27:44,29.130,8.287,59.516,1.256,0,5612624,166080,172716,2081936,4556.365,1301.819,0,7091.697,0,487.177,9560,22500,0.680,0.700,0.820,1,0,36.162,0,0,18,299,0,50,2
26-06 17:27:45,24.937,5.237,64.587,2.244,0,5610036,168280,172780,2082260,4606.402,1693.735,0,5426.337,0,433.907,7726,11766,0.680,0.700,0.820,1,0,0,0,0,18,299,0,51,2
26-06 17:27:46,25.446,4.740,65.861,1.497,0,5607224,170760,172824,2082548,5032.409,1562.711,0,3089.498,0,309.349,7618,11321,0.680,0.700,0.820,1,0,0,0,0,18,298,0,52,2
26-06 17:27:47,24.818,4.763,67.684,1.253,0,5605600,172072,172856,2082828,4734.892,1558.243,0,2218.039,0,190.519,7285,9926,0.780,0.720,0.820,1,0,0,0,0,18,299,0,47,2
26-06 17:27:48,25.767,5.754,63.792,2.001,0,5603808,173524,172908,2083116,4789.119,1567.020,0,3642.372,0,455.296,8790,13603,0.780,0.720,0.820,1,0,0,0,0,18,299,0,47,2
26-06 17:27:49,25.164,4.485,66.771,1.993,0,5601736,175312,173016,2083292,4755.665,1548.680,0,8347.328,0,557.086,6673,9960,0.780,0.720,0.820,2,0,0.997,0,0,18,299,0,47,2
26-06 17:27:50,26.087,4.013,66.723,1.254,0,5601484,175312,173056,2083504,4908.421,1517.075,0,1950.526,0,206.691,6854,9652,0.780,0.720,0.820,2,0,0,0,0,18,298,0,50,2
26-06 17:27:51,4.488,1.496,91.505,0.499,0,5601376,175312,173068,2083600,6623.289,3023.914,0,1436.160,0,118.683,2403,3666,0.780,0.720,0.820,2,0,0,0,0,18,298,0,48,2
26-06 17:27:52,9.997,2.249,84.227,1.250,0,5601636,174808,173100,2083812,6438.251,2570.302,0,1759.522,0,201.945,3543,5236,0.720,0.710,0.820,0,0,0,0,0,18,298,0,49,2
26-06 17:27:53,11.995,2.499,82.718,0.500,0,5601528,174808,173136,2083884,6377.541,2570.009,0,7189.228,0,376.855,3529,4898,0.720,0.710,0.820,0,0,0,0,0,18,298,0,50,2
26-06 17:27:54,13.503,3.251,81.769,1.000,0,5601504,174556,173200,2084096,5039.167,2377.551,0,1776.412,0,208.048,3694,5389,0.720,0.710,0.820,0,0,0,0,0,18,298,0,51,2
26-06 17:27:55,7.498,1.750,88.232,1.250,0,5601456,174556,173228,2084116,6366.677,1825.621,0,1655.656,0,157.967,2798,4198,0.720,0.710,0.820,3,0,0,0,0,18,298,0,47,2
26-06 17:27:56,11.501,2.750,82.755,1.250,0,5602776,173068,173280,2084232,18787.192,5192.329,0,1904.121,0,210.013,3932,5813,0.720,0.710,0.820,0,0,3.000,0,0,18,298,0,47,2
26-06 17:27:57,13.285,3.760,80.461,1.504,0,5642824,132760,173324,2084432,11785.880,3414.948,0,7483.608,0,502.316,4662,6631,0.660,0.700,0.810,0,0,2.005,0,0,18,298,0,48,2
26-06 17:27:58,8.977,1.746,86.279,0.997,0,5642744,132760,173344,2084492,11784.851,3277.615,0,1200.928,0,136.650,3087,4428,0.660,0.700,0.810,1,1,0.997,0,0,18,298,0,48,2
26-06 17:27:59,15.758,3.752,78.037,1.000,0,5642580,132760,173456,2084544,4354.086,1632.782,0,1856.889,0,214.103,5567,8652,0.660,0.700,0.810,2,0,1.000,0,0,18,299,0,44,2
26-06 17:28:00,25.836,4.264,65.720,2.007,0,5642340,132508,173556,2084936,4900.367,1529.107,0,3479.622,0,407.361,9139,14555,0.660,0.700,0.810,2,0,0,0,0,18,299,0,45,2
26-06 17:28:01,24.749,5.250,66.748,1.750,0,5642076,132256,173740,2085268,5582.806,1565.946,0,2907.899,0,318.989,8549,13514,0.660,0.700,0.810,1,0,0,0,0,18,300,0,46,2
26-06 17:28:02,26.154,4.484,64.016,2.242,0,5642000,131752,173852,2085736,5412.230,1506.497,0,6938.654,0,576.893,8647,13500,0.690,0.710,0.810,1,0,0,0,0,18,299,0,46,2
26-06 17:28:03,16.991,4.248,75.210,1.499,0,5646120,127172,173928,2086120,6708.465,2461.703,0,2290.793,0,247.869,5609,8258,0.690,0.710,0.810,1,0,0,0,0,18,298,0,47,2
26-06 17:28:04,6.502,1.750,89.022,0.750,0,5646012,127172,174000,2086156,6858.662,2454.595,0,1980.480,0,183.044,2893,4287,0.690,0.710,0.810,0,0,0,0,0,18,298,0,47,2
26-06 17:28:05,9.257,2.252,86.314,1.001,0,5645856,127172,174064,2086248,5722.264,1459.087,0,3330.482,0,175.131,3105,4522,0.690,0.710,0.810,1,0,0,0,0,18,299,0,48,2
26-06 17:28:06,5.996,0.999,90.438,0.999,0,5645628,127172,174108,2086432,6733.374,2027.607,0,1958.654,0,164.887,2662,4056,0.690,0.710,0.810,0,0,0,0,0,18,298,0,48,2
26-06 17:28:07,8.506,2.252,87.064,0.751,0,5645804,126920,174136,2086480,12544.185,3450.526,0,1461.070,0,140.103,3151,4254,0.710,0.710,0.820,0,0,0,0,0,18,298,0,48,2
26-06 17:28:08,18.298,4.011,74.949,1.504,0,5645836,126668,174248,2086588,5520.631,1570.161,0,7303.355,0,596.581,6036,8993,0.710,0.710,0.820,2,0,0,0,0,18,299,0,49,2
26-06 17:28:09,24.014,5.003,66.287,2.001,0,5645356,126668,174392,2086924,6423.625,1620.915,0,8800.967,0,635.359,8874,13729,0.710,0.710,0.820,1,0,1.001,0,0,18,299,0,49,2
26-06 17:28:10,25.010,5.252,67.027,0.750,0,5644996,126668,174456,2087220,6242.513,1620.653,0,2805.129,0,256.103,7965,11762,0.710,0.710,0.820,1,0,0,0,0,18,299,0,51,2
26-06 17:28:11,15.239,3.497,78.443,1.499,0,5645716,125660,174504,2087460,6758.115,2630.099,0,2066.506,0,240.826,5149,7608,0.710,0.710,0.820,0,0,0.999,0,0,18,298,0,50,2
26-06 17:28:12,10.480,1.497,84.340,0.998,0,5645852,125408,174572,2087508,11986.301,3495.381,0,2215.804,0,208.605,3711,5382,0.820,0.730,0.820,0,0,0,0,0,18,298,0,51,2
26-06 17:28:13,10.241,2.747,85.172,0.250,0.250,5638204,132996,174596,2087544,4647.764,1510.623,0,1618.525,0,137.874,3627,5209,0.820,0.730,0.820,0,0,0,0,0,18,300,0,51,2
26-06 17:28:14,26.978,5.745,61.700,2.248,0,5638324,132492,174656,2087868,10387.633,2616.892,0,3976.797,0,494.602,8417,13384,0.820,0.730,0.820,1,0,0,0,0,18,299,0,52,2
26-06 17:28:15,22.242,5.748,67.725,1.999,0,5639140,131260,174752,2088188,5086.097,2176.186,0,7025.372,0,517.806,7067,10589,0.820,0.730,0.820,2,0,0,0,0,18,298,0,49,2
26-06 17:28:16,7.526,1.254,88.554,1.003,0,5639336,131008,174768,2088228,7989.400,2523.655,0,2765.485,0,227.781,2894,4314,0.820,0.730,0.820,1,0,0,0,0,18,298,0,49,2
26-06 17:28:17,2.741,0.748,94.198,0.249,0,5639292,131008,174776,2088264,5594.061,1507.167,0,968.893,0,71.770,1601,2267,0.750,0.720,0.820,1,0,0,0,0,18,299,0,49,2
26-06 17:28:18,5.499,2.250,89.989,1.000,0,5640108,130000,174796,2088436,6324.231,2502.696,0,1391.831,0,145.982,2554,3772,0.750,0.720,0.820,0,0,5.999,0,0,18,298,0,49,2
26-06 17:28:19,8.499,2.000,86.241,1.000,0,5640028,130000,174820,2088492,6967.245,2834.693,0,1911.793,0,219.976,3443,5109,0.750,0.720,0.820,0,0,1.000,0,0,18,298,0,49,2
26-06 17:28:20,6.251,1.500,91.018,0.500,0,5639936,130000,174868,2088536,11631.288,3009.592,0,1196.235,0,114.022,2235,3109,0.750,0.720,0.820,0,0,0,0,0,18,298,0,45,2
26-06 17:28:21,14.751,3.250,78.006,1.250,0,5640160,129496,174888,2088796,6189.464,2459.185,0,2388.179,0,175.013,3972,5236,0.750,0.720,0.820,0,0,0,0,0,18,298,0,48,2
26-06 17:28:22,9.003,1.501,87.034,1.000,0,5640400,129244,174916,2088780,6319.453,2450.951,0,1504.584,0,176.068,3037,4417,0.690,0.710,0.810,0,0,0,0,0,18,298,0,49,2
26-06 17:28:23,4.253,1.251,93.565,0.250,0,5640336,129244,174920,2088840,4355.020,1513.049,0,716.497,0,46.032,1499,2027,0.690,0.710,0.810,1,0,0,0,0,18,299,0,49,2
26-06 17:28:24,10.496,2.749,83.465,1.000,0,5640384,128992,174972,2088992,6348.354,2417.992,0,1851.228,0,206.914,3534,5288,0.690,0.710,0.810,0,0,0,0,0,18,298,0,49,2
26-06 17:28:25,8.742,1.748,86.424,0.749,0,5640548,128740,175012,2089040,21160.469,5715.994,0,7289.616,0,469.589,3659,5602,0.690,0.710,0.810,1,0,0,0,0,18,298,0,50,2
26-06 17:28:26,3.500,1.000,94.502,0.500,0,5640412,128740,175012,2089176,5409.140,1984.051,0,612.016,0,47.001,1550,2141,0.690,0.710,0.810,0,0,0,0,0,18,298,0,50,2
26-06 17:28:27,4.503,1.501,91.813,0.500,0,5640384,128740,175012,2089204,14061.589,4756.244,0,700.478,0,70.048,2030,2750,0.640,0.700,0.810,0,0,0,0,0,18,298,0,50,2
26-06 17:28:28,4.244,0.749,93.372,0.499,0,5640368,128740,175028,2089204,5946.861,2030.221,0,802.901,0,81.888,1866,2707,0.640,0.700,0.810,0,0,0,0,0,18,298,0,46,2
26-06 17:28:29,9.515,2.253,85.632,0.501,0,5640400,128488,175040,2089412,23297.956,5821.985,0,6125.453,0,441.682,3721,4698,0.640,0.700,0.810,2,0,3.005,0,0,18,298,0,47,2
26-06 17:28:30,9.270,2.004,86.184,0.501,0,5640528,128264,175048,2089500,7923.942,1635.497,0,889.903,0,80.171,3248,4568,0.640,0.700,0.810,2,0,0,0,0,18,300,0,48,2
26-06 17:28:31,25.699,4.990,65.620,1.747,0,5641192,127256,175060,2089832,6424.257,1616.793,0,2710.623,0,318.369,7884,12095,0.640,0.700,0.810,1,0,0,0,0,18,299,0,48,2
26-06 17:28:32,10.988,2.248,84.408,1.249,0,5641264,127004,175092,2089980,6067.361,2077.726,0,2689.057,0,263.711,3489,5320,0.580,0.680,0.800,0,0,0,0,0,18,298,0,44,2
26-06 17:28:33,17.797,3.760,75.198,1.504,0,5641084,126752,175132,2090372,7967.958,2638.941,0,2502.582,0,248.654,4946,6821,0.580,0.680,0.800,1,0,0,0,0,18,298,0,47,2
26-06 17:28:34,7.732,2.494,85.555,1.247,0,5641276,126500,175148,2090416,8528.538,2119.164,0,5192.152,0,330.246,3562,5268,0.580,0.680,0.800,1,0,0,0,0,18,300,0,47,2
26-06 17:28:35,27.350,5.771,63.733,1.756,0,5642228,125116,175184,2090812,5391.731,1517.553,32.118,3504.826,1.004,349.278,8408,12641,0.580,0.680,0.800,1,0,1.004,0,0,18,299,0,48,2
26-06 17:28:36,22.704,5.738,67.612,0.998,0,5640676,126372,175204,2091088,5451.861,1562.807,0,2586.715,0,190.611,7218,10338,0.580,0.680,0.800,1,1,0,0,0,18,299,0,47,2
26-06 17:28:37,7.240,1.498,88.881,0.999,0,5641340,125644,175212,2091144,6569.239,2400.798,0,1821.571,0,167.776,2827,4303,0.540,0.670,0.800,0,0,0,0,0,18,298,0,48,2
26-06 17:28:38,12.046,2.510,82.815,1.506,0,5641672,125140,175236,2091292,5031.135,1517.773,16.061,2593.865,1.004,294.119,4390,6517,0.540,0.670,0.800,2,0,0,0,0,18,299,0,48,2
26-06 17:28:39,10.201,1.991,84.596,0.746,0,5641696,124900,175256,2091488,11744.962,3336.083,0,6047.148,0,526.488,3567,4953,0.540,0.670,0.800,0,0,0.995,0,0,18,298,0,49,2
26-06 17:28:40,13.751,2.750,80.007,1.000,0,5641792,124648,175276,2091608,6172.533,2459.212,0,1940.167,0,198.017,4123,5781,0.540,0.670,0.800,0,0,0,0,0,18,298,0,47,2
26-06 17:28:41,12.256,3.001,82.037,1.751,0,5642164,124144,175316,2091700,8715.939,2741.239,0,6254.827,0,433.196,4155,6161,0.540,0.670,0.800,0,0,2.001,0,0,18,298,0,47,2
26-06 17:28:42,9.027,1.755,87.012,0.502,0,5642216,123892,175328,2091888,7972.044,2130.425,0,1179.558,0,109.330,3235,4409,0.490,0.660,0.800,1,0,0,0,0,18,299,0,47,2
26-06 17:28:43,24.182,5.734,65.565,1.994,0,5642076,123640,175404,2092204,4786.523,1615.452,0,3119.218,0,393.891,7961,12086,0.490,0.660,0.800,2,0,0,0,0,18,299,0,48,2
26-06 17:28:44,28.865,7.530,60.743,2.008,0,5672660,153428,174144,2036964,4630.524,1638.555,0,3991.969,0,413.655,9023,20091,0.490,0.660,0.800,3,0,36.145,0,0,18,299,0,50,2
26-06 17:28:45,25.250,5.750,65.751,0.750,0,5655188,171064,174168,2033692,5406.088,1686.027,0,2152.035,0,199.003,7730,13108,0.490,0.660,0.800,2,0,0,0,0,18,300,0,53,2
26-06 17:28:46,10.711,2.491,83.699,1.495,0,5650708,175260,174228,2033916,6672.971,2560.779,0,3096.848,0,270.028,3795,5902,0.490,0.660,0.800,0,0,0,0,0,18,298,0,54,2
26-06 17:28:47,10.242,2.248,85.437,0.500,0.250,5650828,175036,174252,2033996,5142.183,1606.807,0,2382.232,0,224.833,3636,5036,0.530,0.670,0.800,0,0,0,0,0,18,299,0,54,2
26-06 17:28:48,11.497,2.749,82.481,1.500,0,5650836,174784,174308,2034184,11060.470,3027.308,0,2407.449,0,265.939,4137,6179,0.530,0.670,0.800,0,0,0,0,0,18,298,0,51,2
26-06 17:28:49,13.043,2.759,79.514,2.007,0,5651120,174280,174416,2034296,4986.568,1808.007,0,7472.829,0,510.697,4368,6745,0.530,0.670,0.800,0,0,1.003,0,0,18,298,0,52,2
26-06 17:28:50,7.977,1.745,88.241,0.499,0.249,5651052,174280,174432,2034348,5025.240,1615.256,0,1017.013,0,72.786,2706,3529,0.530,0.670,0.800,1,0,0,0,0,18,299,0,52,2
26-06 17:28:51,6.500,1.500,89.504,0.750,0,5650976,174280,174468,2034388,11864.517,3298.144,0,1356.059,0,134.006,2714,3939,0.530,0.670,0.800,0,0,0,0,0,18,298,0,52,2
26-06 17:28:52,24.256,3.501,68.017,1.250,0,5650700,174280,174520,2034612,4667.177,1566.395,0,2396.604,0,290.073,6908,10215,0.570,0.670,0.800,1,0,0,0,0,18,299,0,50,2
26-06 17:28:53,26.570,4.763,64.671,2.005,0,5648440,176016,174620,2035036,3922.363,974.575,0,3493.229,0,418.105,7148,11295,0.570,0.670,0.800,6,0,0,0,0,18,299,0,52,2
26-06 17:28:54,25.193,5.238,66.099,1.497,0,5648832,175260,174664,2035356,5174.207,1616.316,0,8009.745,0,618.590,7883,11468,0.570,0.670,0.800,3,0,0,0,0,18,299,0,52,2
26-06 17:28:55,24.724,5.244,65.430,1.498,0,5649216,174504,174788,2035604,4898.773,1456.446,0,6413.157,0,485.482,7927,11710,0.570,0.670,0.800,1,1,0,0,0,18,299,0,52,2
26-06 17:28:56,10.756,3.502,83.549,1.001,0,5649856,173752,174812,2035692,7083.113,2517.462,0,2645.536,0,225.131,3570,5265,0.570,0.670,0.800,0,0,3.002,0,0,18,298,0,50,2
26-06 17:28:57,13.534,2.506,81.705,0.501,0,5649760,173752,174840,2035760,5265.236,1515.810,0,2714.824,0,159.401,4094,5421,0.530,0.660,0.790,1,0,2.005,0,0,18,299,0,52,2
26-06 17:28:58,12.221,1.995,81.805,1.746,0,5649872,173500,174876,2035864,12339.560,3451.765,0,2162.840,0,256.388,4367,6373,0.530,0.660,0.790,0,0,0.998,0,0,18,298,0,52,2
26-06 17:28:59,11.996,3.249,82.721,0.750,0,5649844,173248,174912,2036108,6063.904,2515.131,0,1583.453,0,172.940,3774,5347,0.530,0.660,0.790,4,0,1.000,0,0,18,298,0,53,2
26-06 17:29:00,10.509,2.252,84.321,1.001,0,5650032,172996,174932,2036152,7183.016,2216.857,0,1369.147,0,129.108,3312,4394,0.530,0.660,0.790,2,0,0,0,0,18,298,0,54,2
26-06 17:29:01,6.500,1.750,90.496,0.250,0,5649980,172996,174944,2036192,11770.518,2996.877,0,1323.946,0,106.996,2449,3483,0.530,0.660,0.790,1,0,0,0,0,18,299,0,53,2
26-06 17:29:02,25.994,4.749,64.235,2.499,0,5649388,172996,175044,2036684,5204.782,1565.634,0,4139.031,0,483.887,8712,14127,0.560,0.670,0.800,4,0,0,0,0,18,299,0,53,2
26-06 17:29:03,25.764,5.253,64.534,2.251,0,5648992,172996,175108,2037016,5028.677,1566.834,0,9300.951,0,714.380,9127,14168,0.560,0.670,0.800,2,0,0,0,0,18,299,0,56,2
26-06 17:29:04,17.489,3.748,76.704,0.750,0,5649316,172492,175132,2037172,6436.123,2560.457,15.990,2742.348,0.999,258.844,5355,7835,0.560,0.670,0.800,0,0,0,0,0,18,298,0,57,2
26-06 17:29:05,12.243,2.748,82.701,0.999,0,5649044,172492,175164,2037412,5358.799,2494.510,0,1898.866,0,166.900,3354,4809,0.560,0.670,0.800,0,0,0,0,0,18,298,0,56,2
26-06 17:29:06,7.250,1.500,87.747,0.750,0,5649004,172492,175180,2037436,9338.698,2533.918,0,1363.956,0,108.996,2461,3329,0.560,0.670,0.800,3,0,0,0,0,18,299,0,57,2
26-06 17:29:07,5.756,1.501,90.587,1.251,0,5648948,172492,175184,2037488,12440.892,3463.311,0,1385.324,0,143.137,2594,3813,0.600,0.670,0.800,1,0,0,0,0,18,298,0,57,2
26-06 17:29:08,8.243,1.748,86.672,0.500,0,5648876,172492,175208,2037536,11896.272,3295.028,0,1370.764,0,160.855,3263,4652,0.600,0.670,0.800,0,0,0,0,0,18,298,0,57,2
26-06 17:29:09,20.504,4.501,71.263,1.250,0,5648832,172240,175228,2037812,5821.068,1620.297,0,2188.401,0,286.052,6647,10096,0.600,0.670,0.800,1,0,1.000,0,0,18,299,0,54,2
26-06 17:29:10,21.502,5.251,69.508,2.250,0,5648720,171988,175300,2038104,6666.763,2516.288,0,7284.833,0,559.064,7250,10842,0.600,0.670,0.800,0,0,0,0,0,18,298,0,55,2
26-06 17:29:11,8.500,1.500,88.500,0.750,0,5648660,171988,175304,2038160,7264.037,1975.010,32.000,1964.010,1.000,130.001,2581,3592,0.600,0.670,0.800,2,1,0,0,0,18,298,0,55,2
26-06 17:29:12,5.022,1.256,91.158,0.502,0,5648820,171736,175332,2038224,9904.370,2456.002,0,2025.072,0,125.562,2529,3788,0.630,0.680,0.800,2,0,0,0,0,18,299,0,55,2
26-06 17:29:13,24.640,5.227,66.702,1.493,0,5648760,171484,175360,2038508,3715.418,967.681,0,2453.052,0,293.689,8095,11986,0.630,0.680,0.800,1,0,0,0,0,18,299,0,51,2
26-06 17:29:14,14.998,2.750,78.740,1.250,0,5649144,170728,175408,2038832,12118.450,3882.503,0,2483.682,0,261.966,4856,7068,0.630,0.680,0.800,0,0,0,0,0,18,298,0,52,2
26-06 17:29:15,14.500,3.000,79.248,1.000,0,5649564,170224,175424,2038900,5399.887,2451.949,0,8051.831,0,551.988,4044,5632,0.630,0.680,0.800,0,0,0,0,0,18,298,0,54,2
26-06 17:29:16,7.536,2.009,88.418,0.754,0.251,5649644,169972,175424,2039072,6107.848,1205.695,0,1663.859,0,133.631,2679,3787,0.630,0.680,0.800,4,0,0,0,0,18,298,0,56,2
26-06 17:29:17,3.727,0.994,91.939,0.994,0,5649584,169972,175436,2039120,12087.299,3331.686,0,2071.370,0,169.964,2331,3476,0.580,0.670,0.790,1,0,0,0,0,18,299,0,53,2
26-06 17:29:18,9.261,2.753,84.605,1.252,0,5650524,168964,175460,2039164,12624.671,3464.300,0,6556.138,0,457.568,3861,5979,0.580,0.670,0.790,0,0,6.007,0,0,18,298,0,54,2
26-06 17:29:19,11.755,2.251,83.536,1.251,0,5650656,168712,175472,2039272,5994.594,2453.062,0,1408.610,0,168.073,3473,5009,0.580,0.670,0.790,0,0,1.000,0,0,18,298,0,56,2
26-06 17:29:20,11.998,2.500,83.233,0.500,0,5650704,168460,175480,2039468,8879.237,3481.309,0,1359.730,0,142.972,3412,4754,0.580,0.670,0.790,0,0,0,0,0,18,298,0,57,2
26-06 17:29:21,2.500,0.750,94.768,0.250,0,5650696,168460,175480,2039476,7837.471,2038.383,0,660.124,0,44.008,1387,2029,0.580,0.670,0.790,1,0,0,0,0,18,298,0,56,2
26-06 17:29:22,2.757,0.501,94.989,0,0,5650684,168460,175484,2039484,6989.597,2043.144,0,753.898,0,65.164,1755,2621,0.530,0.660,0.790,0,0,0,0,0,18,298,0,56,2
26-06 17:29:23,8.729,1.995,88.290,0.499,0,5650652,168460,175484,2039516,6835.711,1979.284,0,1029.547,0,106.746,2494,3404,0.530,0.660,0.790,1,0,0,0,0,18,299,0,56,2
26-06 17:29:24,9.994,2.249,84.700,1.249,0,5650536,168460,175512,2039604,6148.383,2451.558,0,1870.899,0,228.865,3464,5371,0.530,0.660,0.790,0,0,0,0,0,18,298,0,57,2
26-06 17:29:25,11.249,2.500,83.742,1.000,0,5650572,168208,175540,2039792,11730.880,3297.685,0,1579.849,0,179.983,3692,5268,0.530,0.660,0.790,1,0,0,0,0,18,298,0,50,2
26-06 17:29:26,8.751,1.500,87.007,0.750,0,5650500,168208,175552,2039852,11652.920,2920.231,0,1368.108,0,140.011,3035,4246,0.530,0.660,0.790,1,0,0,0,0,18,298,0,50,2
26-06 17:29:27,6.500,1.500,90.253,0.250,0,5650464,168208,175556,2039884,10186.321,3438.108,0,956.030,0,77.002,2264,3005,0.570,0.660,0.790,0,0,0,0,0,18,298,0,51,2
26-06 17:29:28,3.500,1.250,93.488,0.500,0,5650452,168208,175560,2039892,4757.402,1457.817,0,1283.839,0,52.993,1539,2146,0.570,0.660,0.790,0,0,0,0,0,18,298,0,51,2
26-06 17:29:29,10.761,3.003,82.588,1.502,0,5650560,167956,175620,2039976,18454.558,4510.780,0,6594.989,0,474.503,4486,6899,0.570,0.660,0.790,1,0,1.001,0,0,18,300,0,50,2
26-06 17:29:30,25.604,5.020,66.019,1.757,0,5649244,167200,175644,2042024,6765.609,1548.318,0,2538.359,0,304.242,7848,11793,0.570,0.660,0.790,2,0,0,0,0,18,299,0,51,2
26-06 17:29:31,25.249,4.750,65.747,1.250,0.250,5649572,165940,175660,2042940,7046.628,1619.914,0,2455.870,0,285.985,7701,11489,0.570,0.660,0.790,1,0,0,0,0,18,299,0,52,2
26-06 17:29:32,18.160,3.483,73.882,1.493,0,5650204,165184,175672,2043052,6394.171,2498.562,0,2730.408,0,303.489,5682,8467,0.850,0.720,0.810,0,0,0,0,0,18,298,0,53,2
26-06 17:29:33,10.753,3.001,84.022,0.750,0,5650196,164932,175692,2043292,4563.185,1960.509,0,2364.614,0,194.050,3250,4721,0.850,0.720,0.810,0,0,0,0,0,18,298,0,50,2
26-06 17:29:34,7.031,1.758,90.149,0.502,0,5650156,164932,175708,2043316,5323.561,1042.614,0,1466.490,0,119.529,2411,3455,0.850,0.720,0.810,1,1,0,0,0,18,299,0,50,2
26-06 17:29:35,8.216,1.992,86.139,1.494,0,5650320,164680,175716,2043396,6339.432,2501.516,0,6934.936,0,551.688,3448,5100,0.850,0.720,0.810,1,0,0,0,0,18,298,0,51,2
26-06 17:29:36,24.590,3.262,71.009,0,0,5658104,156616,175720,2043672,5798.185,1625.941,0,847.095,0,47.172,4030,4431,0.850,0.720,0.810,1,0,0,0,0,18,299,0,52,2
26-06 17:29:37,13.458,2.741,80.997,0.748,0,5662108,152332,175732,2043940,12251.749,3341.567,0,1539.194,0,154.518,3699,5015,0.780,0.710,0.800,0,0,0,0,0,18,298,0,49,2
26-06 17:29:38,8.490,1.998,85.901,1.249,0,5662060,152332,175732,2043988,12234.936,3456.027,0,5357.841,0,371.573,3498,5242,0.780,0.710,0.800,0,0,0,0,0,18,298,0,49,2
26-06 17:29:39,7.753,2.001,88.284,1.250,0,5662252,152080,175748,2044032,10664.054,3287.250,0,1284.488,0,128.049,2773,3910,0.780,0.710,0.800,0,0,1.000,0,0,18,298,0,50,2
26-06 17:29:40,9.791,2.510,85.353,0.502,0,5662212,152080,175756,2044064,6293.051,1096.539,0,1048.340,0,90.374,3387,4666,0.780,0.710,0.800,2,0,0,0,0,18,300,0,50,2
26-06 17:29:41,25.391,5.725,64.472,1.494,0,5662484,151324,175776,2044528,5871.725,1613.056,0,2740.205,0,310.663,7931,11962,0.780,0.710,0.800,1,0,2.987,0,0,18,300,0,48,2
26-06 17:29:42,12.536,2.758,81.733,1.254,0,5662636,150820,175784,2044872,6490.470,2464.012,0,2803.979,0,284.810,4333,6478,0.720,0.690,0.800,0,0,0,0,0,18,298,0,49,2
26-06 17:29:43,18.455,2.993,75.816,0.998,0,5663076,150064,175792,2045180,5013.819,1562.204,267.350,1464.442,14.964,92.775,4698,5988,0.720,0.690,0.800,1,0,0,0,0,18,302,0,52,2
26-06 17:29:44,26.484,3.998,67.210,0.750,0,5664680,148048,175800,2045584,5282.818,1684.985,131.921,2562.457,7.995,159.904,6772,8927,0.720,0.690,0.800,3,0,0.999,0,0,18,303,0,69,2
26-06 17:29:45,27.750,8.250,60.500,0.750,0,5679336,154440,172364,2028140,4217.989,1037.997,0,1735.995,0,144.000,7380,16704,0.720,0.690,0.800,1,0,38.000,0,0,18,305,0,80,2
26-06 17:29:46,31.129,4.483,61.511,0.996,0,5678948,154440,172404,2028488,10769.194,3327.084,0,1812.962,0,188.269,6089,7768,0.720,0.690,0.800,1,0,0,0,0,18,302,0,82,2
26-06 17:29:47,25.680,4.280,65.710,2.266,0,5679520,153472,172476,2028804,6423.934,1534.735,36.254,9015.059,2.014,665.656,8076,12555,0.820,0.720,0.810,2,0,0,0,0,18,302,0,82,2
26-06 17:29:48,17.190,3.986,74.739,1.246,0,5679192,153472,172508,2029100,6058.877,2565.058,0,2838.106,0,293.975,5511,8183,0.820,0.720,0.810,0,0,0,0,0,18,301,0,84,2
26-06 17:29:49,7.003,1.501,88.289,1.000,0,5679336,153220,172560,2029160,5871.586,2349.034,0,1864.821,0,179.079,2893,4132,0.820,0.720,0.810,0,0,1.000,0,0,18,301,0,84,2
26-06 17:29:50,7.001,2.000,88.507,1.000,0,5679316,153220,172580,2029160,6205.514,2552.211,0,1720.142,0,170.014,2713,3923,0.820,0.720,0.810,2,0,0,0,0,18,301,0,81,2
26-06 17:29:51,5.523,1.506,91.375,0.753,0,5679108,153220,172600,2029348,5198.345,1626.679,0,1490.119,0,125.515,2253,3235,0.820,0.720,0.810,1,0,0,0,0,18,301,0,82,2
26-06 17:29:52,2.997,0.999,93.147,0.499,0,5679064,153220,172604,2029388,5930.450,2398.351,0,1290.575,0,113.874,2109,3093,0.750,0.700,0.800,1,0,0,0,0,18,302,0,82,2
26-06 17:29:53,24.405,3.237,70.724,0.498,0,5679616,152464,172632,2029564,6290.484,2074.913,0,1055.885,0,96.623,4353,4753,0.750,0.700,0.800,0,0,0,0,0,18,301,0,84,2
26-06 17:29:54,4.004,1.001,92.852,0.751,0,5679604,152464,172648,2029560,6081.703,2085.298,0,900.993,0,68.075,1893,2766,0.750,0.700,0.800,2,0,0,0,0,18,301,0,80,2
26-06 17:29:55,4.510,1.002,91.964,0.251,0,5679528,152464,172676,2029608,5232.174,1623.778,0,1250.910,0,129.301,2242,3449,0.750,0.700,0.800,2,1,0,0,0,18,302,0,80,2
26-06 17:29:56,4.488,2.493,90.756,1.247,0,5679404,152464,172704,2029704,6301.086,2023.568,0,11692.614,0,744.003,2614,4252,0.750,0.700,0.800,1,0,0,0,0,18,301,0,80,2
26-06 17:29:57,13.504,5.252,78.773,0.750,0,5730104,129428,170372,2004604,12134.537,3461.009,0,1336.390,0,134.039,3892,5164,0.690,0.690,0.800,0,0,3.001,0,0,18,301,0,80,2
26-06 17:29:58,23.253,5.501,67.510,1.500,0,5730056,129156,170412,2004884,4592.660,1512.217,0,2604.374,0,335.048,7286,10913,0.690,0.690,0.800,2,0,2.000,0,0,18,302,0,79,2
26-06 17:29:59,22.727,4.745,69.181,1.499,0,5730752,128148,170432,2005176,6065.966,2586.427,0,3476.542,0,268.733,6634,9385,0.690,0.690,0.800,3,0,1.998,0,0,18,301,0,82,2
26-06 17:30:00,8.005,1.751,87.300,1.251,0,5730652,128148,170460,2005248,5212.974,2407.373,0,2693.537,0,243.139,3058,4665,0.690,0.690,0.800,0,0,0,0,0,18,301,0,82,2
26-06 17:30:01,3.511,1.254,93.803,0.752,0,5730640,128148,170460,2005260,7365.814,1637.293,0,1211.918,0,93.302,1817,2675,0.690,0.690,0.800,1,0,0,0,0,18,302,0,82,2
26-06 17:30:02,6.254,1.251,89.559,0.750,0,5730568,128148,170488,2005304,6771.436,1976.295,0,1400.918,0,144.094,2584,3728,0.720,0.700,0.800,0,0,0,0,0,18,301,0,79,2
26-06 17:30:03,8.968,1.993,86.687,0.747,0,5730380,128148,170500,2005480,12549.665,3393.740,0,1546.414,0,143.482,3067,4284,0.720,0.700,0.800,0,0,0,0,0,18,301,0,79,2
26-06 17:30:04,20.014,4.003,73.300,1.251,0,5730212,128148,170540,2005608,5023.418,1080.735,0,2057.400,0,236.161,5850,8619,0.720,0.700,0.800,1,0,1.001,0,0,18,302,0,80,2
26-06 17:30:05,20.736,3.248,73.200,0.999,0,5558184,300020,170628,2005676,7496.852,268113.878,339.767,6447.572,14.990,404.722,3550,4618,0.720,0.700,0.800,1,0,13.990,0,0,18,301,0,80,2
26-06 17:30:06,1.250,1.000,96.738,0,0,5558168,300020,170628,2005692,5434.312,1457.815,0,459.942,0,22.997,1111,1579,0.720,0.700,0.800,0,0,0,0,0,18,301,0,74,2
26-06 17:30:07,1.250,0.500,96.720,0.250,0,5558168,300020,170628,2005692,5098.435,1619.503,0,463.858,0,27.991,1130,1678,0.660,0.690,0.800,0,0,0,0,0,18,301,0,74,2
26-06 17:30:08,2.000,1.000,95.522,0.750,0,5558164,300020,170632,2005692,4759.088,1458.333,0,1000.229,0,75.017,1490,2385,0.660,0.690,0.800,1,0,0,0,0,18,301,0,74,2
26-06 17:30:09,1.500,0.750,95.974,0.250,0,5558164,300020,170632,2005692,5458.540,1619.567,0,547.853,0,41.989,1246,1953,0.660,0.690,0.800,0,0,0,0,0,18,301,0,74,2
26-06 17:30:10,1.749,0.999,96.181,0.250,0,5558152,300020,170632,2005704,5576.017,1618.844,0,291.792,0,24.982,1279,1892,0.660,0.690,0.800,0,0,0.999,0,0,18,301,0,73,2
26-06 17:30:11,1.753,0.250,96.141,0,0,5558148,300020,170636,2005704,6025.822,1622.375,0,356.522,0,31.045,1355,2088,0.660,0.690,0.800,0,0,1.001,0,0,18,301,0,73,2
26-06 17:30:12,1.750,1.000,95.486,0.250,0,5558136,300020,170644,2005708,4799.274,1619.755,0,3719.437,0,452.931,1586,2284,0.610,0.670,0.790,0,0,0,0,0,18,301,0,73,2
26-06 17:30:13,1.250,1.000,97.498,0,0,5558132,300020,170648,2005708,4577.888,1457.964,0,99.998,0,9.000,961,1369,0.610,0.670,0.790,0,0,0,0,0,18,301,0,73,2
26-06 17:30:14,2.499,0.500,95.727,0.250,0,5558120,300020,170648,2005720,10799.438,3062.274,0,107.974,0,15.996,1319,1713,0.610,0.670,0.790,0,0,0,0,0,18,301,0,71,2
26-06 17:30:15,2.751,0.500,95.538,0.250,0,5558116,300020,170648,2005724,4901.934,1080.426,0,192.076,0,24.009,1311,1914,0.610,0.670,0.790,0,0,0,0,0,18,301,0,71,2
26-06 17:30:16,0.750,0.750,96.749,0,0,5557988,300020,170648,2005852,4874.936,917.988,0,171.998,0,11.000,1074,1558,0.610,0.670,0.790,1,0,0,0,0,18,301,0,71,2
26-06 17:30:17,1.500,0.500,96.987,0,0,5557988,300020,170648,2005852,5819.249,1619.791,0,31.996,0,3.999,1012,1426,0.560,0.660,0.790,0,0,0,0,0,18,301,0,71,2
26-06 17:30:18,3.249,2.500,92.732,0,0,5557892,300020,170660,2005936,5362.946,1523.701,67.987,263.948,8.998,32.994,1859,2480,0.560,0.660,0.790,0,0,8.998,0,0,18,301,0,66,2
26-06 17:30:19,1.500,0.500,96.469,0.500,0,5557880,300020,170668,2005940,6178.022,1619.481,0,891.714,0,101.967,1159,1705,0.560,0.660,0.790,0,0,0,0,0,18,301,0,66,2
26-06 17:30:20,1.001,1.001,96.560,0,0,5557872,300020,170672,2005944,5121.203,1458.912,0,92.058,0,13.008,1109,1590,0.560,0.660,0.790,0,0,1.001,0,0,18,301,0,66,2
26-06 17:30:21,1.750,0.500,97.257,0,0.250,5557872,300020,170672,2005944,4955.353,1458.104,0,0,0,0,949,1388,0.560,0.660,0.790,0,0,0,0,0,18,301,0,66,2
26-06 17:30:22,1.749,0.749,94.936,0.500,0,5557864,300020,170676,2005948,5276.466,1618.916,0,475.681,0,42.971,1515,2323,0.510,0.650,0.780,1,0,0,0,0,18,301,0,63,2
26-06 17:30:23,1.251,0.500,97.294,0,0,5557864,300020,170676,2005948,4820.194,1458.664,0,68.031,0,6.003,961,1406,0.510,0.650,0.780,0,0,0,0,0,18,301,0,63,2
26-06 17:30:24,1.749,1.000,95.955,0.250,0,5557860,300020,170676,2005952,4735.788,1457.319,0,303.858,0,17.992,1267,1905,0.510,0.650,0.780,0,0,0,0,0,18,301,0,63,2
26-06 17:30:25,2.250,0.750,95.502,0,0,5558084,299796,170680,2005948,4878.099,1458.030,0,340.007,0,35.001,1493,2245,0.510,0.650,0.780,2,0,0,0,0,18,301,0,63,2
26-06 17:30:26,1.997,0.749,95.837,0,0,5558072,299796,170680,2005960,5246.076,1455.524,0,287.511,0,18.968,1170,1625,0.510,0.650,0.780,0,0,0,0,0,18,301,0,63,2
26-06 17:30:27,1.003,0.752,97.245,0,0,5558072,299796,170680,2005960,5243.224,1624.096,0,32.081,0,4.010,1036,1422,0.470,0.640,0.780,0,0,0,0,0,18,301,0,61,2
26-06 17:30:28,1.500,0.500,96.478,0.250,0,5558072,299796,170680,2005960,5098.837,1619.631,0,199.954,0,26.994,1343,2125,0.470,0.640,0.780,0,0,0,0,0,18,301,0,61,2
26-06 17:30:29,2.000,0.750,95.743,0.500,0,5558060,299796,170680,2005972,11399.140,3062.769,0,403.970,0,27.998,1297,1712,0.470,0.640,0.780,0,0,0,0,0,18,301,0,61,2
26-06 17:30:30,1.500,2.750,94.496,0,0,5554076,303780,170680,2005972,5825.781,1685.937,0,323.988,0,6.000,1109,1480,0.470,0.640,0.780,0,0,1.000,0,0,18,301,0,61,2
26-06 17:30:31,1.499,1.000,97.466,0,0,5554076,303780,170680,2005972,5894.941,1619.434,0,0,0,0,951,1405,0.470,0.640,0.780,0,0,0,0,0,18,301,0,59,2
26-06 17:30:32,1.749,0.750,95.439,0.250,0,5554064,303780,170688,2005976,5234.633,1457.063,0,407.738,0,40.974,1505,2288,0.430,0.630,0.770,1,0,0,0,0,18,301,0,59,2
26-06 17:30:33,1.502,1.001,96.626,0,0,5554060,303780,170688,2005980,4884.357,1501.955,0,869.131,0,186.242,1078,1461,0.430,0.630,0.770,0,0,0,0,0,18,301,0,59,2
26-06 17:30:34,0.999,0.250,96.939,0.250,0,5554024,303780,170692,2006012,4916.924,1618.987,0,83.947,0,6.996,1018,1489,0.430,0.630,0.770,0,0,0,0,0,18,301,0,59,2
26-06 17:30:35,2.751,1.000,95.024,0,0,5554024,303780,170696,2006008,5179.290,1458.363,0,228.057,0,29.007,1417,1960,0.430,0.630,0.770,0,0,0,0,0,18,301,0,54,2
26-06 17:30:36,2.750,2.000,94.252,0,0,5565052,292692,170708,2006056,134467.224,2066.034,60.001,180.003,11.000,12.000,1211,1577,0.430,0.630,0.770,1,0,3.000,0,0,18,301,0,54,2
26-06 17:30:37,11.500,3.500,83.501,0,0,5562720,294992,170728,2006068,282252.707,7498.072,0,76.001,0,4.000,2306,1916,0.400,0.620,0.770,1,0,22.000,0,0,18,301,0,54,2
26-06 17:30:38,8.750,5.000,84.753,0.250,0,5575132,282404,170736,2006236,291987.888,9982.406,152.006,368.015,6.000,25.001,2719,2720,0.400,0.620,0.770,1,0,22.001,0,0,18,301,0,54,2
26-06 17:30:39,21.011,7.004,71.036,0,0,5559384,288204,170740,2016180,3553.779,486.243,152.076,812.407,3.002,47.024,2781,2458,0.400,0.620,0.770,1,0,20.010,0,0,18,301,0,53,2
