"pcp-dstat 6.2.0 CSV Output"
"Author:","PCP team <pcp@groups.io> and Dag Wieers <dag@wieers.com>",,,,"URL:","https://pcp.io/ and http://dag.wieers.com/home-made/dstat/"
"Host:","ubuntu",,,,"User:","ubuntu"
"Cmdline:","dstat -tcmndrylpg --tcp --output /tmp/devstack_logs/dstat-csv.log",,,,"Date:","18 Jun 2026 19:58:07 UTC"
"system","total usage",,,,,"memory usage",,,,"net/total",,"dsk/total",,"io/total",,"system",,"load avg",,,"procs",,,"paging",,"tcp sockets",,,,
"time","total usage:usr","total usage:sys","total usage:idl","total usage:wai","total usage:stl","used","free","buf","cach","net/total:recv","net/total:send","dsk/total:read","dsk/total:writ","read","writ","int","csw","1m","5m","15m","run","blk","new","in","out","lis","act","syn","tim","clo"
18-06 19:58:07,,1047196,1366832,165808,5226792,,,,,,,1.480,0.970,0.520,1,0,,,,10,3,1,19,0
18-06 19:58:08,9.246,20.990,68.967,0.500,0,1047524,1366512,165828,5226748,9874.272,3942.112,0,1295.380,0,57.972,6126,5056,1.480,0.970,0.520,1,0,449.785,0,0,10,4,1,19,0
18-06 19:58:09,21.949,18.707,56.619,0.499,0,1027632,1385972,165908,5227300,23250.173,8266.861,0,10423.867,0,472.905,6123,5857,1.480,0.970,0.520,2,0,366.152,0,0,10,5,1,19,0
18-06 19:58:10,27.541,16.775,54.330,0.501,0.250,1025668,1387416,166060,5227800,38739.101,12985.140,0,1390.049,0,46.068,5980,7315,1.480,0.970,0.520,1,0,291.430,0,0,10,6,1,18,0
18-06 19:58:11,20.523,7.509,71.081,0.501,0,1158716,1253368,166232,5352888,24144.638,13701.684,0,1541.765,0,48.055,3868,3988,1.440,0.970,0.520,2,0,86.099,0,0,11,8,1,18,0
18-06 19:58:12,30.969,11.239,56.942,0.499,0,1173708,1237696,166400,5353268,42882.531,13620.194,0,1738.238,0,62.936,4200,2913,1.440,0.970,0.520,2,0,174.823,0,0,11,10,1,18,0
18-06 19:58:13,34.029,6.756,57.799,0.751,0,1210152,1182868,166676,5370640,185073.469,14541.215,32.027,5136.315,2.002,138.116,3225,2403,1.440,0.970,0.520,1,1,36.030,0,0,11,7,1,20,1
18-06 19:58:14,45.402,4.989,47.897,0.499,0,1246848,1125104,167756,5387696,4645.963,1822.064,0,5947.152,0,84.817,3167,1974,1.440,0.970,0.520,2,0,0,0,0,11,6,1,20,2
18-06 19:58:15,35.070,7.264,45.340,10.020,0,1250168,1098012,168980,5408140,4707.372,1460.908,0,29751.229,0,1922.828,10820,17596,1.440,0.970,0.520,2,0,28.056,0,0,11,8,1,20,2
18-06 19:58:16,30.509,9.003,42.762,15.254,0,1261700,1055868,170348,5434740,4998.413,1620.458,0,54027.276,0,3447.975,15799,28089,1.570,1,0.530,0,2,48.014,0,0,11,8,1,20,2
18-06 19:58:17,40.636,9.473,44.127,4.238,0,1218120,1079380,171524,5450900,4804.559,1453.932,0,22963.755,0,1608.500,6994,9392,1.570,1,0.530,2,0,80.774,0,0,11,6,1,20,2
18-06 19:58:18,43.528,6.254,48.031,1.251,0,1260116,1010524,172620,5474044,4743.045,1621.041,0,4382.813,0,426.274,3350,2172,1.570,1,0.530,2,0,0,0,0,11,6,1,20,2
18-06 19:58:19,43.971,6.995,47.719,0.750,0,1270540,1017780,172672,5456576,5138.647,1936.736,0,8302.583,0,607.604,3627,2859,1.570,1,0.530,2,0,28.981,0,0,11,4,1,20,0
18-06 19:58:20,39.767,6.253,53.023,0.500,0,1253652,1027808,172796,5462692,11190.915,4575.010,0,1892.831,0,77.034,2936,1817,1.570,1,0.530,2,0,19.008,0,0,11,4,1,20,0
18-06 19:58:21,41.270,11.756,45.022,0,0,1202444,1077396,172848,5463868,4999.461,1620.798,0,636.313,0,20.010,10975,18289,1.680,1.040,0.550,3,0,124.061,0,0,11,4,1,20,0
18-06 19:58:22,29.550,26.545,42.822,0,0,1179068,1100400,172936,5464116,4685.889,1534.584,0,224.378,0,13.022,12994,20042,1.680,1.040,0.550,4,0,517.872,0,0,11,4,1,20,0
18-06 19:58:23,40.016,19.508,39.266,0.500,0,1131532,1155864,172960,5457320,4561.842,1620.654,0,2220.897,0,54.022,6203,6519,1.680,1.040,0.550,5,0,249.101,0,0,11,4,1,20,0
18-06 19:58:24,58.163,11.483,29.955,0,0,1227496,1059880,172976,5457344,4271.608,1455.821,0,3.994,0,0.999,3822,2081,1.680,1.040,0.550,2,0,152.771,0,0,11,5,1,20,0
18-06 19:58:25,44.234,6.998,48.233,0,0,1262376,1024452,172980,5457884,4318.476,1619.428,0,7689.286,0,59.979,2808,1453,1.680,1.040,0.550,2,0,0,0,0,11,5,1,20,0
18-06 19:58:26,37.503,9.751,51.504,0,0,1279840,1004544,173056,5460204,4475.375,1458.122,0,2840.238,0,125.010,4290,4613,1.710,1.050,0.550,1,0,101.008,0,0,11,4,1,21,0
18-06 19:58:27,16.255,6.752,75.773,0.250,0,1346852,937512,173072,5460208,4561.394,1620.495,0,472.144,0,25.008,2297,1986,1.710,1.050,0.550,1,0,40.012,0,0,11,4,1,21,0
18-06 19:58:28,23.235,2.498,73.452,0,0,1383616,900744,173072,5460212,4626.971,1618.940,0,0,0,0,1720,1142,1.710,1.050,0.550,2,0,0,0,0,11,4,1,21,0
18-06 19:58:29,23.461,2.496,71.133,1.248,0,1405284,878724,173172,5460460,4372.797,1617.336,0,3797.744,0,246.594,3528,4539,1.710,1.050,0.550,1,0,0.998,0,0,11,10,1,21,0
18-06 19:58:30,20.532,6.761,71.862,0.501,0,1359900,924084,173196,5460460,4567.135,1622.535,0,11069.293,0,211.330,2574,2254,1.710,1.050,0.550,1,0,42.066,0,0,11,4,1,23,0
18-06 19:58:31,20.267,1.751,76.813,0.250,0,1386556,897136,173196,5460652,7423.056,4008.270,0,1297.058,0,16.013,1827,1429,1.650,1.050,0.560,2,0,1.001,0,0,11,11,1,23,0
18-06 19:58:32,20.748,3.000,74.744,0.250,0,1388008,895148,173240,5461060,10673.201,7661.427,267.980,1567.883,65.995,45.997,2897,3007,1.650,1.050,0.560,1,0,3.000,0,0,11,28,1,24,0
18-06 19:58:33,20.237,5.746,73.203,0,0,1368032,915120,173240,5461064,4856.899,1618.966,0,0,0,0,2248,1595,1.650,1.050,0.560,1,0,42.973,0,0,11,28,1,24,0
18-06 19:58:34,16.740,2.249,79.701,0,0,1392172,890968,173240,5461076,10655.448,8108.014,0,0,0,0,1956,1664,1.650,1.050,0.560,0,0,0,0,0,11,29,1,24,0
18-06 19:58:35,31.272,12.509,55.539,0,0,1421568,861544,173240,5461096,6058.207,1819.263,0,22927.920,0,94.065,3827,2685,1.650,1.050,0.560,2,0,156.108,0,0,11,28,1,19,0
18-06 19:58:36,35.971,4.996,57.453,0.250,0.250,1483372,799724,173240,5461108,12630.772,9336.440,0,3089.498,0,30.975,3193,2350,1.680,1.070,0.560,2,0,0,0,0,11,30,1,19,0
18-06 19:58:37,34.345,8.022,56.155,0.501,0,1451980,830896,173252,5461316,16378.097,12407.163,0,360.994,0,28.077,6625,8265,1.680,1.070,0.560,2,0,98.271,0,0,11,28,1,20,0
18-06 19:58:38,70.493,26.997,3.000,0,0,1591436,691388,173260,5461356,4517.543,1531.845,0,523.947,0,81.992,5639,4445,1.680,1.070,0.560,6,0,479.951,0,0,11,28,1,20,0
18-06 19:58:39,83.995,12.999,2.750,0,0,1815668,467140,173260,5461368,16388.101,13391.265,0,167.991,0,14.999,5300,3575,1.680,1.070,0.560,7,0,0,0,0,11,31,1,20,0
18-06 19:58:40,81.168,9.490,8.991,0,0,1832580,450132,173268,5461612,37583.153,34301.457,0,27668.137,0,595.400,8623,13559,1.680,1.070,0.560,9,0,13.986,0,0,11,29,1,24,1
18-06 19:58:41,38.669,14.470,45.654,0,0,1510044,772640,173268,5461640,5652.154,2593.564,0,662.611,0,29.937,4479,4496,1.630,1.070,0.570,1,0,296.379,0,0,11,28,1,26,0
18-06 19:58:42,19.282,2.755,77.881,0,0,1509620,773056,173272,5461644,8134.651,5377.023,0,148.249,0,9.015,1927,1619,1.630,1.070,0.570,1,0,0,0,0,11,29,1,26,0
18-06 19:58:43,15.754,6.502,76.021,0.250,0,1476248,806396,173288,5461660,6953.950,4435.244,0,864.242,0,55.015,3423,3560,1.630,1.070,0.570,2,0,68.019,0,0,11,28,1,25,0
18-06 19:58:44,22.245,3.249,73.485,0,0,1539200,743444,173288,5461660,3667.238,1187.753,0,543.887,0,5.999,1729,1123,1.630,1.070,0.570,3,0,0,0,0,11,28,1,25,0
18-06 19:58:45,14.991,3.248,79.953,0,0,1513196,769420,173296,5461680,11635.107,8525.949,0,32836.548,0,286.830,3222,3676,1.630,1.070,0.570,1,0,0,0,0,11,28,1,26,0
18-06 19:58:46,10.018,20.037,68.376,0.751,0,1475748,806820,173340,5461684,5306.766,1622.987,0,3454.357,0,186.343,5535,4446,1.500,1.050,0.560,1,0,352.649,0,0,11,28,1,26,0
18-06 19:58:47,35.255,31.255,32.255,0,0,1472660,809872,173340,5461720,6060.878,1620.235,0,276.040,0,20.003,6147,5032,1.500,1.050,0.560,6,0,686.099,0,0,11,28,1,26,0
18-06 19:58:48,85.582,12.974,1.248,0,0,1710604,571904,173348,5461736,8729.841,5721.754,0,826.376,0,46.908,5040,2443,1.500,1.050,0.560,5,0,0,0,0,11,31,1,26,0
18-06 19:58:49,67.123,9.267,23.543,0,0,1750988,531308,173348,5461944,40261.015,36439.990,0,92.169,0,7.013,8190,11725,1.500,1.050,0.560,3,0,0,0,0,11,33,1,26,0
18-06 19:58:50,71.014,19.254,8.752,0.250,0,1593092,689032,173392,5462072,16606.359,12032.434,0,65105.169,0,514.104,8574,10748,1.500,1.050,0.560,6,0,310.063,0,0,11,28,1,27,0
18-06 19:58:51,84.246,15.749,0.250,0,0,1715160,566944,173396,5462080,6666.721,4146.827,0,1179.951,0,10.000,4885,2498,1.940,1.150,0.600,4,0,1.000,0,0,11,29,2,27,0
18-06 19:58:52,81.464,12.456,5.730,0,0,1859864,422132,173400,5462180,32660.343,29382.849,0,717.481,0,42.850,7620,16578,1.940,1.150,0.600,6,0,35.874,0,0,11,34,1,28,0
18-06 19:58:53,79.449,11.779,8.271,0,0,1714696,566924,173408,5462548,37515.797,32898.253,0,300.752,0,26.065,9589,15574,1.940,1.150,0.600,5,0,168.421,0,0,11,29,1,32,0
18-06 19:58:54,50.381,12.720,36.414,0,0,1594372,687224,173408,5462572,5666.641,2637.782,0,175.586,0,9.976,3713,2445,1.940,1.150,0.600,4,0,129.694,0,0,11,28,1,33,0
18-06 19:58:55,32.316,4.509,61.876,0,0,1604092,677328,173428,5462728,18942.544,15844.240,0,356.726,0,27.055,4016,4778,1.940,1.150,0.600,2,0,0,0,0,11,29,1,33,0
18-06 19:58:56,43.796,22.273,33.035,0,0,1513232,768144,173432,5462768,10070.564,5696.976,0,256.269,0,20.021,5509,5296,1.940,1.160,0.610,3,0,378.397,0,0,11,28,1,34,0
18-06 19:58:57,56.948,7.243,34.968,0,0,1605168,676200,173432,5462776,12954.153,9730.102,0,191.825,0,9.991,3686,2056,1.940,1.160,0.610,2,0,0,0,0,11,31,1,34,0
18-06 19:58:58,53.553,5.505,40.040,0.751,0,1573096,708208,173440,5462832,25966.912,21570.525,0,684.683,0,53.053,7405,10207,1.940,1.160,0.610,4,0,22.022,0,0,11,28,1,35,0
18-06 19:58:59,76.653,19.226,3.745,0,0,1578664,702608,173444,5462860,4350.493,1294.361,0,199.747,0,10.986,5210,3001,1.940,1.160,0.610,5,0,235.702,0,0,11,28,1,30,0
18-06 19:59:00,66.345,7.260,25.787,0,0,1667992,613228,173452,5462904,26908.484,25001.757,0,468.670,0,22.032,5770,6740,1.940,1.160,0.610,5,0,0,0,0,11,32,1,30,0
18-06 19:59:01,57.254,19.501,22.502,0,0,1538808,742332,173456,5462976,23634.694,18067.295,0,2412.173,0,138.010,8478,11044,2.190,1.220,0.630,3,0,325.023,0,0,11,28,1,33,0
18-06 19:59:02,58.079,8.226,32.903,0,0,1634760,646360,173460,5462992,10247.751,7879.741,0,219.353,0,8.974,3501,1553,2.190,1.220,0.630,1,0,0,0,0,11,31,1,33,0
18-06 19:59:03,51.139,5.515,42.114,0.251,0,1628928,651744,173484,5463372,29049.765,23915.845,0,838.273,0,58.158,7875,10559,2.190,1.220,0.630,3,0,6.016,0,0,11,29,1,31,0
18-06 19:59:04,57.012,19.254,23.005,0,0,1572428,708232,173488,5463396,5938.208,2159.439,0,300.061,0,26.005,4943,3404,2.190,1.220,0.630,3,0,299.061,0,0,11,28,1,31,0
18-06 19:59:05,54.677,5.992,38.698,0,0,1647972,632672,173488,5463412,20178.934,16313.119,0,139.812,0,6.991,4258,3333,2.190,1.220,0.630,2,0,0,0,0,11,31,1,31,0
18-06 19:59:06,49.211,17.486,32.474,0.250,0,1514576,765712,173496,5463760,21761.631,14880.123,0,955.238,0,47.962,7000,8906,2.330,1.270,0.650,3,0,286.771,0,0,11,28,1,34,0
18-06 19:59:07,58.996,8.749,32.248,0,0,1647328,632952,173496,5463768,10406.234,7591.441,0,99.993,0,7.999,3601,1740,2.330,1.270,0.650,0,0,0,0,0,11,31,1,34,0
18-06 19:59:08,50.293,5.254,43.537,0.250,0,1616820,663260,173504,5463960,26097.094,21238.981,0,324.275,0,37.031,7575,9843,2.330,1.270,0.650,3,0,8.007,0,0,11,28,1,36,0
18-06 19:59:09,60.974,14.494,23.990,0,0,1570680,709388,173504,5463972,4484.124,1607.328,0,155.935,0,7.997,4238,2293,2.330,1.270,0.650,3,0,103.957,0,0,11,28,1,36,0
18-06 19:59:10,49.952,6.744,42.209,0,0,1626300,653736,173512,5463996,19763.000,18056.641,0,147.858,0,9.990,4559,4112,2.330,1.270,0.650,1,0,0,0,0,11,31,1,36,0
18-06 19:59:11,59.411,21.057,19.302,0,0,1486576,793380,173532,5464060,15412.747,10643.830,0,2811.616,0,108.293,7778,9447,2.390,1.300,0.660,7,0,462.252,0,0,11,28,1,38,0
18-06 19:59:12,80.752,19.001,0,0,0,1674616,605300,173532,5464100,4102.118,1242.036,0,976.028,0,14.000,5494,4521,2.390,1.300,0.660,7,0,407.012,0,0,11,28,1,38,0
18-06 19:59:13,81.749,17.250,0.750,0,0,1814852,464868,173540,5464268,27027.665,24305.698,0,823.990,0,51.999,6599,6592,2.390,1.300,0.660,7,0,415.995,0,0,11,31,1,38,0
18-06 19:59:14,78.558,17.208,4.240,0,0,1854740,424684,173556,5464544,41362.906,38135.794,0,490.800,0,44.890,8928,11381,2.390,1.300,0.660,5,0,316.227,0,0,11,29,1,39,0
18-06 19:59:15,82.452,17.292,0.251,0,0,1708980,570392,173564,5464584,11656.511,7560.493,0,248.608,0,19.047,5645,4247,2.390,1.300,0.660,4,0,254.623,0,0,11,29,1,39,0
18-06 19:59:16,79.075,8.980,11.475,0,0,1767364,511968,173564,5464624,29714.300,26502.402,0,2414.661,0,114.746,6470,7035,2.600,1.360,0.680,3,0,0,0,0,11,33,1,37,0
18-06 19:59:17,64.872,11.522,22.292,0,0,1607912,671192,173564,5464848,35192.131,29713.836,0,176.331,0,11.021,9742,14441,2.600,1.360,0.680,5,0,201.378,0,0,11,29,1,41,0
18-06 19:59:18,22.974,31.714,44.450,0.250,0,1482904,796156,173564,5464892,6269.937,2644.021,0,243.725,0,20.976,7467,7047,2.600,1.360,0.680,5,0,976.900,0,0,11,28,1,42,0
18-06 19:59:19,75.918,21.227,2.747,0,0,1615768,663256,173564,5464928,7061.347,3582.118,0,19.978,0,4.995,5132,3575,2.600,1.360,0.680,3,0,422.542,0,0,11,29,1,42,0
18-06 19:59:20,65.366,6.762,27.298,0,0,1674532,604300,173564,5465112,29380.124,25606.429,0,152.270,0,13.023,6516,8156,2.600,1.360,0.680,3,0,0,0,0,11,31,1,43,0
18-06 19:59:21,71.023,18.256,10.253,0,0,1548980,729748,173608,5465168,13412.345,8517.759,0,684.222,0,64.021,6988,7171,2.710,1.410,0.700,4,0,269.087,0,0,11,28,1,46,0
18-06 19:59:22,74.144,8.488,17.225,0,0,1658628,620076,173612,5465188,19227.398,16521.283,0,179.742,0,6.990,4781,3394,2.710,1.410,0.700,2,0,0,0,0,11,32,1,46,0
18-06 19:59:23,55.587,6.009,38.560,0,0,1660116,618316,173624,5465444,41607.003,36269.664,0,849.327,0,54.084,10922,18035,2.710,1.410,0.700,2,0,0,0,0,11,32,1,46,0
18-06 19:59:24,63.267,10.253,24.757,0.250,0,1543168,735012,173652,5465660,30265.131,25142.755,0,416.112,0,47.013,10565,15495,2.710,1.410,0.700,5,0,80.021,0,0,11,29,1,46,0
18-06 19:59:25,78.498,12.250,9.500,0,0,1617432,660724,173656,5465680,10979.726,8171.796,0,239.994,0,22.999,4966,2819,2.710,1.410,0.700,4,0,39.999,0,0,11,30,1,46,0
18-06 19:59:26,64.686,7.243,27.723,0,0,1661016,616916,173664,5465892,35410.195,31799.744,0,159.843,0,10.989,8409,11966,2.730,1.430,0.720,2,0,0,0,0,11,32,1,46,0
18-06 19:59:27,53.943,8.741,35.463,0,0,1608832,668836,173668,5466140,41368.279,35637.336,0,111.882,0,6.993,11860,18612,2.730,1.430,0.720,5,0,139.852,0,0,11,30,1,48,0
18-06 19:59:28,81.399,14.777,3.506,0,0,1581220,696404,173672,5466180,10274.853,6750.386,0,128.235,0,8.015,5303,4175,2.730,1.430,0.720,4,0,120.221,0,0,11,28,1,49,0
18-06 19:59:29,66.925,8.241,25.471,0,0,1667652,609796,173672,5466356,28029.552,24804.171,0,111.874,0,6.992,6150,6819,2.730,1.430,0.720,3,0,0,0,0,11,32,1,49,0
18-06 19:59:30,63.681,9.989,25.473,0,0,1610528,666664,173692,5466584,35419.895,29856.880,0,227.755,0,21.976,10559,16403,2.730,1.430,0.720,6,0,67.927,0,0,11,29,1,51,0
18-06 19:59:31,83.702,13.282,3.258,0,0,1619552,657616,173700,5466600,6997.914,3898.423,0,272.659,0,24.058,5067,2774,2.830,1.480,0.730,3,0,61.148,0,0,11,29,1,51,0
18-06 19:59:32,67.236,9.248,21.745,0.250,0,1652964,624120,173708,5466668,23595.973,20017.735,0,3379.280,0,168.964,5970,6060,2.830,1.480,0.730,6,0,61.987,0,0,11,34,1,51,0
18-06 19:59:33,71.238,10.748,17.747,0,0,1758312,518556,173712,5466884,28793.063,24461.805,0,199.966,0,15.997,7328,12159,2.830,1.480,0.730,4,0,59.990,0,0,11,34,1,51,0
18-06 19:59:34,68.763,13.753,17.753,0,0,1629732,647096,173712,5466920,25547.651,21684.947,0,188.034,0,13.002,6314,7950,2.830,1.480,0.730,4,0,141.026,0,0,11,34,1,53,0
18-06 19:59:35,72.267,11.003,15.504,0.250,0,1630444,646284,173732,5466960,20456.921,16615.997,0,1644.396,0,104.025,6505,7132,2.830,1.480,0.730,4,0,88.021,0,0,11,34,1,55,0
18-06 19:59:36,74.501,11.250,14.250,0,0,1618068,658476,173736,5467132,19514.222,15595.177,0,108.001,0,9.000,5582,5569,2.850,1.500,0.750,5,0,68.001,0,0,11,34,1,55,0
18-06 19:59:37,76.458,8.495,14.242,0,0,1681900,594588,173740,5467180,21531.179,17382.457,0,343.811,0,34.981,6331,8035,2.850,1.500,0.750,3,0,8.995,0,0,11,32,2,57,0
18-06 19:59:38,55.486,10.497,33.742,0,0,1552632,723820,173744,5467212,16960.866,13754.647,0,327.920,0,29.993,5139,4901,2.850,1.500,0.750,3,0,146.964,0,0,11,32,1,59,0
18-06 19:59:39,55.506,11.501,32.003,0,0,1596652,679616,173744,5467392,11671.241,8327.885,0,208.022,0,15.002,4158,3899,2.850,1.500,0.750,3,0,102.011,0,0,11,33,1,59,0
18-06 19:59:40,52.270,9.458,38.332,0,0,1612084,664000,173752,5467568,24409.757,20522.834,0,175.230,0,8.961,4804,6825,2.850,1.500,0.750,3,0,95.580,0,0,11,34,1,56,0
18-06 19:59:41,58.044,9.800,31.660,0,0,1585392,690652,173756,5467600,15858.355,11934.473,0,422.139,0,42.214,4536,4602,2.860,1.530,0.760,3,0,87.443,0,0,11,33,1,58,0
18-06 19:59:42,52.376,7.732,38.658,0,0,1545172,730652,173772,5467800,19219.490,15013.449,0,299.291,0,23.943,4962,5561,2.860,1.530,0.760,3,0,85.797,0,0,11,34,1,59,0
18-06 19:59:43,34.193,6.240,58.403,0.250,0,1511776,763996,173772,5467848,19466.701,15397.452,0,1876.886,0,37.937,6692,9026,2.860,1.530,0.760,2,0,67.887,0,0,11,32,1,61,0
18-06 19:59:44,42.075,8.766,48.587,0.250,0,1569272,706496,173776,5467848,4433.908,1568.798,0,168.300,0,10.018,3305,1870,2.860,1.530,0.760,2,0,67.120,0,0,11,32,1,57,0
18-06 19:59:45,33.032,3.754,61.811,0,0,1591404,684164,173784,5468040,20047.710,16209.937,0,180.177,0,13.013,4553,5173,2.860,1.530,0.760,2,0,0,0,0,11,34,1,57,0
18-06 19:59:46,40.466,10.241,48.709,0,0,1548816,726720,173784,5468064,8269.112,4333.390,0,187.844,0,10.991,4553,3897,2.870,1.550,0.770,2,0,137.885,0,0,11,32,1,59,0
18-06 19:59:47,35.969,4.746,58.700,0.250,0,1608284,667228,173792,5468080,15274.934,11596.081,0,243.791,0,18.984,3137,2697,2.870,1.550,0.770,2,0,0.999,0,0,11,34,1,59,0
18-06 19:59:48,36.515,6.253,56.023,0.250,0,1539724,735752,173800,5468108,12982.271,8360.395,0,1072.435,0,81.033,5051,5985,2.870,1.550,0.770,2,0,65.026,0,0,11,32,1,61,0
18-06 19:59:49,40.060,6.009,53.830,0,0,1570636,704840,173800,5468108,9339.957,6384.541,0,4.006,0,1.001,2861,1959,2.870,1.550,0.770,2,0,0,0,0,11,33,1,60,0
18-06 19:59:50,33.280,5.005,61.055,0,0,1536848,738572,173800,5468160,20585.528,17432.690,0,0,0,0,5842,6975,2.870,1.550,0.770,1,0,43.039,0,0,11,33,1,61,0
18-06 19:59:51,40.754,8.001,50.505,0.250,0,1547232,728168,173804,5468176,6716.715,2792.297,0,264.028,0,22.002,3305,2599,2.800,1.560,0.780,2,0,6.001,0,0,11,32,1,62,0
18-06 19:59:52,40.235,5.748,52.731,0,0,1573772,701484,173804,5471652,17490.550,14766.555,0,259.904,0,9.996,4117,12878,2.800,1.560,0.780,4,0,35.987,0,0,12,34,1,62,0
18-06 19:59:53,33.262,10.254,55.521,0.250,0,1492216,782996,173812,5468356,15391.704,10670.955,0,300.111,0,34.013,6764,9715,2.800,1.560,0.780,2,0,186.069,0,0,11,32,1,63,0
18-06 19:59:54,21.451,5.238,71.835,0,0,1519696,755456,173812,5468416,5955.305,3523.896,0,191.559,0,9.977,2453,1797,2.800,1.560,0.780,1,0,95.780,0,0,11,33,1,63,0
18-06 19:59:55,16.782,2.004,79.653,0,0,1507948,767172,173820,5468440,14148.122,10437.008,0,705.352,0,51.098,3634,4631,2.800,1.560,0.780,1,0,0,0,0,11,32,1,64,0
18-06 19:59:56,14.976,12.729,70.385,0,0,1406308,868804,173820,5468448,4569.544,1617.361,0,211.655,0,17.971,4164,3233,2.660,1.550,0.780,1,0,283.537,0,0,11,32,1,64,0
18-06 19:59:57,19.761,3.002,78.042,0,0,1460460,814648,173820,5468452,6795.669,3865.087,0,0,0,0,1690,1240,2.660,1.550,0.780,1,0,0,0,0,11,33,1,57,0
18-06 19:59:58,19.980,1.998,76.675,0.250,0.250,1424888,850196,173820,5468476,13285.965,9971.217,0,215.788,0,7.992,3367,4011,2.660,1.550,0.780,1,0,0.999,0,0,11,32,1,58,0
18-06 19:59:59,19.983,5.246,73.188,0,0.250,1430260,844824,173820,5468476,4496.204,1618.633,0,263.777,0,1.998,2183,1518,2.660,1.550,0.780,1,0,44.962,0,0,11,32,1,58,0
18-06 20:00:00,18.013,3.252,78.306,0,0,1444872,830176,173820,5468492,13082.272,9957.057,0,4.003,0,1.001,2865,3044,2.660,1.550,0.780,1,0,2.001,0,0,11,33,1,58,0
18-06 20:00:01,17.776,6.509,74.357,0,0,1397860,876944,173836,5468716,12324.776,7300.530,0,324.468,0,30.043,4830,5700,2.520,1.540,0.780,1,0,116.168,0,0,11,32,1,55,0
18-06 20:00:02,17.019,21.524,60.318,0.751,0,1411416,863292,173860,5468788,6897.781,1393.572,0,3628.093,0,179.202,6337,5178,2.520,1.540,0.780,2,0,511.577,0,0,11,32,1,57,0
18-06 20:00:03,44.644,6.734,47.387,0,0,1537200,736744,173952,5469444,4377.557,1185.173,0,363.134,0,7.981,2991,1583,2.520,1.540,0.780,2,0,7.981,0,0,11,32,0,57,0
18-06 20:00:04,38.023,7.505,45.027,8.255,0,1575272,691160,174760,5475520,5929.583,1566.947,0,27588.671,0,2487.503,11506,21660,2.520,1.540,0.780,2,1,119.072,0,0,11,36,0,57,0
18-06 20:00:05,38.983,8.746,41.232,9.246,0,1586448,677860,175284,5476980,4861.912,1403.397,0,54920.409,0,4337.137,15332,31118,2.520,1.540,0.780,10,0,51.978,0,0,11,36,0,54,0
18-06 20:00:06,44.842,6.764,46.345,1.503,0,1584684,679496,175412,5476980,5582.459,595.222,0,14630.032,0,810.664,4278,4870,2.480,1.550,0.790,2,0,7.014,0,0,11,32,0,54,0
18-06 20:00:07,40.252,6.750,45.002,5.750,0,1593496,669920,175828,5477316,6572.275,1512.063,0,13080.547,0,2072.087,13369,22149,2.480,1.550,0.790,1,1,4.000,0,0,11,34,0,54,0
18-06 20:00:08,32.175,7.981,55.869,3.242,0,1567352,695700,175996,5477504,3290.309,915.859,0,10555.328,0,1045.556,7522,10950,2.480,1.550,0.790,2,0,99.767,0,0,11,32,0,54,0
18-06 20:00:09,22.502,3.000,73.007,0.250,0,1540544,722456,176032,5477516,3156.304,1026.099,0,1548.149,0,77.007,2009,1764,2.480,1.550,0.790,2,0,1.000,0,0,11,32,0,49,0
18-06 20:00:10,23.011,3.752,72.786,0.500,0,1548128,714820,176084,5477516,4206.072,1714.845,0,6062.987,0,316.156,2401,2614,2.480,1.550,0.790,2,0,2.001,0,0,11,32,0,49,0
18-06 20:00:11,23.273,2.753,73.073,0,0,1501284,761624,176096,5477540,4761.776,1621.627,0,136.137,0,13.013,1869,1328,2.680,1.610,0.810,2,0,2.002,0,0,11,32,0,49,0
18-06 20:00:12,22.252,3.750,73.757,0,0,1538684,724224,176096,5477540,4338.388,1458.130,0,1816.163,0,196.018,1924,1221,2.680,1.610,0.810,3,0,2.000,0,0,11,32,0,49,0
18-06 20:00:13,22.497,3.250,73.739,0,0,1514228,748668,176096,5477552,4559.312,1619.755,0,7.999,0,1.000,1776,1188,2.680,1.610,0.810,3,0,1.000,0,0,11,32,0,47,0
18-06 20:00:14,22.475,3.246,73.667,0,0,1530480,732412,176096,5477556,4554.866,1618.176,0,0,0,0,1755,1164,2.680,1.610,0.810,4,0,1.998,0,0,11,32,0,47,0
18-06 20:00:15,23.253,2.750,73.260,0,0,1513308,749484,176104,5477632,4920.693,1620.228,0,0,0,0,1682,1104,2.680,1.610,0.810,3,0,1.000,0,0,11,32,0,47,0
18-06 20:00:16,23.020,2.502,73.813,0,0,1524780,738012,176104,5477632,4881.145,1621.377,0,8.007,0,1.001,1721,1198,2.550,1.600,0.810,5,0,0,0,0,11,32,0,47,0
18-06 20:00:17,22.256,3.501,73.520,0.250,0,1544192,718608,176108,5477632,3662.979,702.188,0,392.105,0,13.003,1941,1564,2.550,1.600,0.810,4,0,2.001,0,0,11,32,0,43,0
18-06 20:00:18,22.492,3.249,73.473,0,0,1499712,762960,176124,5477708,4534.362,1295.532,0,363.869,0,21.992,1807,1252,2.550,1.600,0.810,2,0,1.000,0,0,11,32,0,43,0
18-06 20:00:19,21.478,3.746,73.673,0,0.250,1489724,772908,176124,5477744,4693.119,1456.485,0,3.996,0,0.999,1772,1230,2.550,1.600,0.810,2,0,0.999,0,0,11,32,0,43,0
18-06 20:00:20,21.988,3.498,73.708,0,0,1512104,750528,176124,5477744,4423.504,1565.117,0,0,0,0,1765,1170,2.550,1.600,0.810,2,0,1.999,0,0,11,32,0,43,0
18-06 20:00:21,23.032,3.255,73.854,0,0,1483856,778752,176128,5477760,4555.407,1514.130,0,0,0,0,1795,1294,2.420,1.580,0.810,2,0,2.003,0,0,11,32,0,37,0
18-06 20:00:22,22.518,2.752,73.307,0,0,1493200,769356,176132,5477804,4861.789,1459.137,0,4.003,0,1.001,1766,1245,2.420,1.580,0.810,3,0,1.001,0,0,11,32,0,37,0
18-06 20:00:23,21.995,3.749,74.231,0.250,0,1496440,766116,176132,5477804,4876.783,1457.636,0,331.917,0,50.987,1814,1250,2.420,1.580,0.810,3,0,2.000,0,0,11,32,0,37,0
18-06 20:00:24,19.457,5.987,73.089,0,0,1471576,790872,176136,5477908,4508.095,1454.803,0,0,0,0,2565,1694,2.420,1.580,0.810,1,0,79.825,0,0,11,32,0,37,0
18-06 20:00:25,8.276,21.818,68.714,0,0,1450220,812148,176136,5477976,4662.547,1462.563,0,975.042,0,12.038,6530,5250,2.420,1.580,0.810,1,0,558.743,0,0,11,32,0,37,0
18-06 20:00:26,8.240,20.975,69.416,0,0,1454928,807384,176140,5478024,4889.099,1456.242,0,275.667,0,5.993,5953,4533,2.390,1.590,0.820,2,0,425.486,0,0,11,32,0,37,0
18-06 20:00:27,13.487,14.236,71.430,0.250,0,1450296,811972,176144,5478056,4933.188,1456.579,0,367.641,0,17.982,4671,3980,2.390,1.590,0.820,1,0,305.702,0,0,11,32,0,37,0
18-06 20:00:28,22.752,3.250,73.507,0,0,1512596,749676,176152,5478040,4500.450,1620.162,0,924.092,0,111.011,1893,1307,2.390,1.590,0.820,1,0,2.000,0,0,11,32,0,37,0
18-06 20:00:29,22.004,3.501,73.762,0,0,1499840,762436,176152,5478036,4260.687,1620.261,0,16.003,0,1.000,1776,1239,2.390,1.590,0.820,1,0,1.000,0,0,11,32,0,37,0
18-06 20:00:30,21.739,3.998,73.714,0,0,1553492,708784,176152,5478036,4317.866,1619.200,0,0,0,0,1767,1185,2.390,1.590,0.820,1,0,1.999,0,0,11,32,0,33,0
18-06 20:00:31,22.240,3.249,73.716,0,0,1527496,734764,176152,5478048,4574.895,1619.255,0,23.989,0,1.999,1855,1340,2.280,1.580,0.820,1,0,1.999,0,0,11,32,0,33,0
18-06 20:00:32,21.999,4.250,73.245,0,0,1557164,705064,176152,5478080,4799.691,1619.896,0,0,0,0,1873,1245,2.280,1.580,0.820,1,0,2.000,0,0,11,32,0,33,0
18-06 20:00:33,22.514,3.502,73.546,0,0,1553008,709204,176152,5478092,4442.794,1663.046,0,88.055,0,3.002,1797,1213,2.280,1.580,0.820,1,0,1.001,0,0,11,32,0,33,0
18-06 20:00:34,21.505,3.501,73.768,0,0,1600768,661464,176152,5478072,4219.012,1458.350,0,80.019,0,3.001,1832,1227,2.280,1.580,0.820,1,0,2.000,0,0,11,32,0,29,0
18-06 20:00:35,23.494,2.999,73.481,0,0,1552164,710044,176152,5478096,4918.751,1619.589,0,23.994,0,1.000,1763,1117,2.280,1.580,0.820,1,0,1.000,0,0,11,32,0,29,0
18-06 20:00:36,21.497,3.749,73.990,0,0,1568272,693948,176152,5478084,4996.298,1619.772,0,0,0,0,1792,1222,2.180,1.570,0.820,1,0,2.000,0,0,11,32,0,29,0
18-06 20:00:37,23.238,2.749,73.213,0,0,1546588,715620,176152,5478096,4995.479,1457.265,0,175.911,0,11.994,1896,1497,2.180,1.570,0.820,1,0,0.999,0,0,11,32,0,29,0
18-06 20:00:38,21.755,4.001,73.267,0,0,1571240,690976,176168,5478068,4921.166,1620.384,0,2472.586,0,41.010,1961,1537,2.180,1.570,0.820,1,0,2.000,0,0,11,32,0,21,0
18-06 20:00:39,22.749,2.750,73.747,0,0,1544124,718064,176168,5478096,4637.792,1457.935,0,187.992,0,35.998,1757,1137,2.180,1.570,0.820,1,0,1.000,0,0,11,32,0,21,0
18-06 20:00:40,22.516,3.002,73.554,0,0,1555184,707092,176168,5478008,4683.416,1621.182,0,4.003,0,1.001,1760,1178,2.180,1.570,0.820,1,0,0,0,0,11,32,0,21,0
18-06 20:00:41,21.998,4.000,73.743,0,0,1574188,688088,176168,5478008,4152.593,1133.889,0,0,0,0,1776,1108,2.080,1.560,0.820,1,0,3.000,0,0,11,32,0,21,0
18-06 20:00:42,23.488,2.749,73.963,0,0,1527444,734756,176168,5478084,3042.458,863.562,0,87.955,0,0.999,1725,1217,2.080,1.560,0.820,1,0,0.999,0,0,11,32,0,16,0
18-06 20:00:43,21.504,3.751,73.513,0.250,0,1484840,777368,176168,5478076,4038.710,1458.256,0,76.013,0,3.001,1758,1357,2.080,1.560,0.820,2,0,1.000,0,0,11,32,0,16,0
18-06 20:00:44,22.764,2.752,74.046,0,0,1513548,748660,176168,5478076,4682.935,1621.016,0,132.083,0,28.018,1769,1173,2.080,1.560,0.820,2,0,2.001,0,0,11,32,0,16,0
18-06 20:00:45,22.982,3.248,73.694,0,0,1502244,759968,176168,5478072,4334.686,1456.886,0,19.985,0,0.999,1801,1258,2.080,1.560,0.820,1,0,0.999,0,0,11,32,0,16,0
18-06 20:00:46,22.004,3.001,73.514,0,0,1517724,744464,176168,5478096,5740.089,1242.236,0,28.005,0,2.000,1800,1173,2,1.550,0.820,2,0,1.000,0,0,11,32,0,11,0
18-06 20:00:47,22.756,3.501,73.270,0,0,1521064,741108,176188,5478092,5031.373,1350.368,0,168.046,0,23.006,2050,1834,2,1.550,0.820,1,0,0,0,0,11,32,0,11,0
18-06 20:00:48,20.797,6.013,72.663,0.251,0,1509660,752460,176196,5478136,5037.266,1569.510,0,4016.984,0,240.538,2728,2305,2,1.550,0.820,1,0,85.191,0,0,11,32,0,11,0
18-06 20:00:49,13.469,15.215,70.338,0,0,1517440,744660,176196,5478156,4609.384,1658.181,0,219.494,0,9.977,4685,3915,2,1.550,0.820,2,0,376.134,0,0,11,32,0,11,0
18-06 20:00:50,22.499,3.250,73.496,0,0,1560480,701600,176196,5478176,4019.756,1619.902,0,0,0,0,1658,1099,2,1.550,0.820,1,0,0,0,0,11,32,0,9,0
18-06 20:00:51,22.739,3.248,73.965,0,0,1458480,803360,176196,5478416,4472.889,1457.312,0,0,0,0,1876,1262,1.910,1.540,0.820,2,0,9.995,0,0,11,32,0,9,0
18-06 20:00:52,23.016,2.502,73.803,0,0,1505216,756624,176196,5478416,4415.158,1513.082,0,8.006,0,1.001,1631,1054,1.910,1.540,0.820,2,0,0,0,0,11,32,0,9,0
18-06 20:00:53,17.784,20.789,59.863,0,0,1455864,805796,176196,5478564,4436.380,1568.964,40.076,300.568,2.004,7.013,6498,14977,1.910,1.540,0.820,1,0,506.958,0,0,11,32,0,10,0
18-06 20:00:54,8.496,21.240,68.218,0,0,1451400,810220,176196,5478596,4515.884,1457.317,0,287.865,0,5.997,6338,5111,1.910,1.540,0.820,1,0,541.746,0,0,11,32,0,5,0
18-06 20:00:55,8.003,22.759,68.277,0,0,1444484,817088,176196,5478632,4593.816,1512.598,0,600.237,0,41.016,6431,5094,1.910,1.540,0.820,2,0,535.212,0,0,11,32,0,5,0
18-06 20:00:56,9.002,22.505,68.514,0,0,1442072,819468,176196,5478660,8884.854,1566.327,0,1496.312,0,17.004,6736,5550,1.840,1.530,0.830,1,0,621.130,0,0,11,32,0,5,0
18-06 20:00:57,8.477,21.192,68.561,0,0,1431376,830116,176200,5478700,7676.816,1453.988,0,1200.687,0,19.945,6428,5315,1.840,1.530,0.830,2,0,507.599,0,0,11,32,0,5,0
18-06 20:00:58,8.272,20.806,69.688,0,0,1424816,836632,176216,5478728,8741.616,1504.063,0,1034.796,0,42.114,6191,4846,1.840,1.530,0.830,2,0,458.238,0,0,11,32,0,4,0
18-06 20:00:59,8.752,22.004,68.513,0,0,1420168,841240,176216,5478760,5779.074,1458.271,0,284.053,0,11.002,6304,5010,1.840,1.530,0.830,1,0,500.093,0,0,11,32,0,4,0
18-06 20:01:00,8.737,21.219,69.150,0,0,1415088,846276,176216,5478804,5769.630,1455.888,0,43.936,0,10.984,6307,4936,1.840,1.530,0.830,1,0,519.247,0,0,11,32,0,4,0
18-06 20:01:01,23.283,29.041,47.066,0.250,0,1401292,860008,176236,5478840,5124.240,1622.292,0,1662.349,0,189.267,7563,7069,2.010,1.580,0.840,7,0,801.132,0,0,11,32,0,8,0
18-06 20:01:02,63.003,14.001,22.001,0.250,0,1581380,678920,176336,5479672,4860.201,1620.067,0,476.020,0,26.001,4124,2556,2.010,1.580,0.840,4,0,113.005,0,0,11,32,0,8,0
18-06 20:01:03,54.377,11.474,24.694,8.481,0,1653312,597188,177084,5487836,5331.969,1616.353,371.163,29485.470,2.993,2239.946,11467,20323,2.010,1.580,0.840,3,1,81.815,0,0,11,38,0,8,0
18-06 20:01:04,39.748,13.249,30.749,14.249,0,1677024,562236,177772,5497700,4739.809,1619.935,0,78160.856,0,5692.771,20752,41326,2.010,1.580,0.840,3,0,165.993,0,0,11,36,0,9,0
18-06 20:01:05,40.834,9.520,33.068,13.277,0,1702812,525088,178068,5508324,10724.995,6557.448,0,94778.369,0,6964.282,22545,45689,2.010,1.580,0.840,3,2,60.123,0,0,11,37,0,9,0
18-06 20:01:06,38.210,16.233,32.966,9.740,0,1641376,579588,178628,5514464,10845.657,5979.746,0,64204.853,0,4660.126,18729,35342,2.170,1.620,0.860,2,1,301.684,0,0,11,34,0,9,0
18-06 20:01:07,46.012,21.005,22.006,10.003,0,1651644,560640,179196,5522180,5867.476,1566.394,816.205,56019.095,9.002,4030.014,17780,34874,2.170,1.620,0.860,1,2,214.054,0,0,11,34,0,9,0
18-06 20:01:08,32.279,13.762,40.786,11.510,0,1657844,550164,179288,5526204,14274.700,11070.850,1080.962,49347.905,22.020,3709.300,16832,31802,2.170,1.620,0.860,2,1,193.172,0,0,11,35,0,9,0
18-06 20:01:09,27.996,7.249,47.743,14.498,0,1652560,552208,179420,5529236,15395.642,11622.220,0,53323.832,0,4312.339,18879,36704,2.170,1.620,0.860,4,1,56.991,0,0,11,34,0,9,0
18-06 20:01:10,35.005,9.251,40.256,12.752,0,1639856,565436,179652,5528456,3982.592,1366.203,0,51583.662,0,4252.632,16702,32214,2.170,1.620,0.860,4,0,54.008,0,0,11,34,0,9,0
18-06 20:01:11,32.382,8.220,44.837,12.206,0,1651420,551504,179908,5530532,11851.923,8159.344,0,49962.405,0,4120.025,16428,31213,2.160,1.620,0.870,5,0,42.844,0,0,11,35,0,9,0
18-06 20:01:12,29.824,6.516,48.872,11.027,0,1640096,561920,180032,5531272,16906.112,13710.151,0,54142.868,0,4308.733,19891,36730,2.160,1.620,0.870,3,0,27.067,0,0,11,35,0,9,0
18-06 20:01:13,37.772,10.006,38.773,10.506,0,1606092,593700,180080,5533392,5383.171,2711.597,0,36889.728,0,3463.040,14789,28167,2.160,1.620,0.870,2,0,113.067,0,0,11,34,0,10,0
18-06 20:01:14,33.259,8.502,44.011,12.003,0,1625060,571296,180156,5536656,9311.427,6491.692,0,63644.588,0,5081.324,18471,36480,2.160,1.620,0.870,2,0,60.016,0,0,11,37,0,10,0
18-06 20:01:15,29.466,7.491,48.194,12.236,0,1616516,576576,180268,5539696,15045.605,11257.984,0,50138.034,0,4297.032,19361,36642,2.160,1.620,0.870,4,1,56.934,0,0,11,37,0,10,0
18-06 20:01:16,33.534,9.510,44.545,12.012,0,1530016,658296,180376,5544216,9887.000,6162.233,0,52993.599,0,4474.526,18804,37259,2.150,1.630,0.870,2,1,129.131,0,0,11,36,0,10,0
18-06 20:01:17,35.756,8.001,40.757,13.252,0,1590472,596368,180400,5545576,5776.984,2918.497,0,63454.810,0,5525.941,19097,38756,2.150,1.630,0.870,0,1,51.009,0,0,11,37,0,10,0
18-06 20:01:18,28.747,7.249,48.495,11.999,0,1587348,602616,180452,5542432,15135.357,10828.824,0,61529.321,0,4926.465,20082,39355,2.150,1.630,0.870,5,0,14.998,0,0,11,37,0,10,0
18-06 20:01:19,37.770,6.253,49.526,5.253,0,1419424,769988,180472,5542964,14328.406,10810.588,0,29723.363,0,2476.280,12367,21966,2.150,1.630,0.870,2,0,69.036,0,0,11,32,0,12,0
18-06 20:01:20,22.695,10.475,65.842,0.249,0,1422040,767324,180472,5543008,4461.283,1508.377,0,1336.789,0,68.835,3389,2913,2.150,1.630,0.870,1,0,224.461,0,0,11,32,0,12,0
18-06 20:01:21,17.770,2.503,78.586,0,0,1442112,747236,180472,5543024,13421.747,9771.736,0,937.030,0,47.052,2906,3169,1.970,1.600,0.870,3,0,1.001,0,0,11,33,0,12,0
18-06 20:01:22,21.502,5.251,73.008,0,0,1459952,729392,180472,5543024,5679.641,2269.256,0,2576.291,0,196.022,2598,2259,1.970,1.600,0.870,1,0,35.004,0,0,11,32,0,13,0
18-06 20:01:23,18.224,1.997,78.140,0.250,0,1473820,715516,180472,5543032,9669.374,7070.037,0,523.263,0,28.959,1854,1604,1.970,1.600,0.870,0,0,0,0,0,11,33,0,13,0
18-06 20:01:24,18.009,6.003,74.787,0.500,0,1483436,705640,180472,5543292,5922.938,2763.371,0,3149.563,0,176.087,3219,3250,1.970,1.600,0.870,1,0,60.030,0,0,11,32,0,14,0
18-06 20:01:25,18.748,2.750,77.744,0,0,1520264,668804,180472,5543300,10113.180,6754.452,0,55.995,0,6.000,2018,1747,1.970,1.600,0.870,1,0,0,0,0,11,33,0,14,0
18-06 20:01:26,19.537,3.256,76.142,0,0,1483568,705392,180472,5543408,10823.238,6971.035,0,44.082,0,1.002,3639,4048,1.900,1.590,0.870,1,0,43.081,0,0,11,32,0,15,0
18-06 20:01:27,22.482,3.497,73.691,0,0,1513608,675352,180472,5543408,4634.294,1456.835,0,99.920,0,8.993,1890,1517,1.900,1.590,0.870,1,0,0,0,0,11,32,0,15,0
18-06 20:01:28,16.731,1.998,79.910,0,0,1509948,678864,180472,5543556,13834.489,11129.522,0,143.839,0,8.990,3061,3549,1.900,1.590,0.870,0,0,0,0,0,11,33,0,15,0
18-06 20:01:29,12.273,13.274,73.134,0.250,0,1467060,721640,180472,5543668,6338.656,2753.063,0,356.656,0,25.046,4953,4387,1.900,1.590,0.870,1,0,354.652,0,0,11,32,0,16,0
18-06 20:01:30,38.511,19.756,40.762,0.250,0,1496064,692368,180484,5543924,3436.993,756.218,0,784.227,0,58.017,6038,5006,1.900,1.590,0.870,3,0,443.128,0,0,11,32,0,22,0
18-06 20:01:31,65.252,9.750,24.501,0,0,1645140,541912,180548,5545232,4719.170,1242.045,0,328.012,0,11.000,3868,1710,1.980,1.610,0.880,3,0,4.000,0,0,11,32,0,22,0
18-06 20:01:32,67.326,7.979,23.689,0.249,0,1781824,401296,180680,5548576,5146.672,1615.816,0,6670.726,0,190.507,4223,1858,1.980,1.610,0.880,3,0,5.985,0,0,11,32,0,22,0
18-06 20:01:33,42.847,7.517,38.087,9.522,0,1798808,371868,180760,5560400,5069.526,1503.418,0,67301.019,0,4961.280,19278,37010,1.980,1.610,0.880,3,1,198.451,0,0,11,38,0,22,0
18-06 20:01:34,30.504,9.001,43.756,13.752,0,1797124,360556,180796,5572880,4606.652,1566.222,0,116056.427,0,8244.167,29821,60935,1.980,1.610,0.880,8,0,258.037,0,0,11,38,0,22,0
18-06 20:01:35,39.238,9.247,36.489,12.996,0,1709176,437996,180872,5583004,4890.512,1511.540,0,93191.652,0,7135.829,24880,49657,1.980,1.610,0.880,5,0,208.936,0,0,11,36,0,22,0
18-06 20:01:36,45.007,11.252,28.755,12.752,0,1763440,372520,180900,5593800,5075.840,1458.241,0,89578.832,0,6391.058,21214,43529,2.070,1.640,0.890,2,1,155.026,0,0,11,36,0,22,0
18-06 20:01:37,41.011,11.003,32.259,13.004,0,1816376,307020,180924,5605820,5231.433,1620.444,0,112950.937,0,7755.124,22773,50857,2.070,1.640,0.890,3,0,48.013,0,0,11,36,0,22,0
18-06 20:01:38,49.615,9.724,29.171,9.973,0,1772008,346944,180968,5610084,4737.120,1615.607,0,75518.666,0,5589.801,19211,38548,2.070,1.640,0.890,2,0,172.531,0,0,11,36,0,22,0
18-06 20:01:39,27.773,10.008,61.551,0.250,0,1503240,615660,180968,5610136,4633.812,1621.334,0,952.784,0,56.046,3842,3066,2.070,1.640,0.890,1,0,249.205,0,0,11,32,0,22,0
18-06 20:01:40,22.995,3.749,72.236,0.500,0,1541064,577836,180968,5610136,4499.110,1619.680,0,6542.706,0,363.928,2479,2766,2.070,1.640,0.890,1,0,1.000,0,0,11,32,0,22,0
18-06 20:01:41,22.984,2.498,72.951,0,0,1571336,547552,180968,5610144,4921.665,1564.939,0,155.894,0,11.992,2399,2108,1.980,1.630,0.890,1,0,2.998,0,0,11,38,0,22,0
18-06 20:01:42,22.064,4.262,73.462,0,0,1532532,586356,180968,5610144,4725.641,1516.377,0,100.289,0,9.026,2249,1582,1.980,1.630,0.890,2,0,27.078,0,0,11,32,0,22,0
18-06 20:01:43,21.698,3.492,73.324,0,0,1523304,595584,180968,5610144,4654.816,1562.247,0,47.885,0,5.986,1848,1268,1.980,1.630,0.890,1,0,0.998,0,0,11,32,0,22,0
18-06 20:01:44,23.755,2.251,73.267,0.250,0,1552520,566360,180968,5610152,4292.991,1512.349,0,588.136,0,47.011,2124,1793,1.980,1.630,0.890,1,0,2.000,0,0,11,34,0,22,0
18-06 20:01:45,14.522,32.299,52.079,0,0,1482864,635960,180968,5610208,4432.761,1568.392,0,312.477,0,27.041,7339,6848,1.980,1.630,0.890,3,0,978.492,0,0,11,32,0,22,0
18-06 20:01:46,8.751,25.254,64.761,0.250,0,1479764,638980,180968,5610288,5183.869,1404.235,0,160.027,0,17.003,6524,5172,1.820,1.600,0.890,1,0,662.111,0,0,11,32,0,22,0
18-06 20:01:47,8.247,20.743,69.977,0,0,1473272,645436,180968,5610324,5332.213,1133.620,0,11.996,0,2.999,5894,4522,1.820,1.600,0.890,1,0,412.862,0,0,11,32,0,22,0
18-06 20:01:48,9.257,20.766,69.054,0,0,1443840,674676,180968,5610488,5075.969,1513.183,0,40.031,0,10.008,5911,4533,1.820,1.600,0.890,1,0,412.322,0,0,11,32,0,22,0
18-06 20:01:49,24.716,16.228,58.170,0,0,1453064,665428,180972,5610836,4332.072,1497.950,0,363.503,0,51.929,6610,8254,1.820,1.600,0.890,3,0,247.661,0,0,11,32,0,22,0
18-06 20:01:50,44.508,7.501,47.008,0,0,1561628,556732,180976,5611072,4140.718,1620.281,0,72.012,0,4.001,2990,1446,1.820,1.600,0.890,2,0,24.004,0,0,11,33,0,22,0
18-06 20:01:51,50.722,3.998,44.975,0,0,1633784,484536,180992,5611088,4352.623,1527.166,0,663.638,0,32.982,3802,2876,1.840,1.610,0.890,2,0,17.990,0,0,11,49,0,22,0
18-06 20:01:52,41.797,8.510,49.056,0,0,1685868,427904,181048,5615136,4685.310,1621.838,0,1177.334,0,141.160,6126,8679,1.840,1.610,0.890,1,0,59.067,0,0,11,48,0,22,0
18-06 20:01:53,18.508,20.759,58.774,0.250,0,1703456,410168,181048,5615588,4741.960,1620.670,0,4417.826,0,306.127,8674,16976,1.840,1.610,0.890,1,0,442.183,0,0,11,48,0,23,0
18-06 20:01:54,6.482,3.241,88.750,0,0,1697392,416208,181048,5615168,4832.397,1561.604,0,1196.632,0,29.916,1854,2219,1.840,1.610,0.890,0,0,27.921,0,0,11,48,0,23,0
18-06 20:01:55,0.500,0.750,98.005,0.250,0,1705456,408144,181048,5615168,5088.258,1566.079,0,264.013,0,7.000,760,994,1.840,1.610,0.890,0,0,3.000,0,0,11,48,0,23,0
18-06 20:01:56,0.750,0.250,97.780,0,0,1705328,408144,181048,5615296,4874.515,1566.487,0,0,0,0,755,942,1.690,1.580,0.890,0,0,3.001,0,0,11,48,0,22,0
18-06 20:01:57,0.250,0.250,98.620,0,0,1705328,408144,181048,5615296,5406.562,1664.020,0,0,0,0,716,919,1.690,1.580,0.890,0,0,1.001,0,0,11,48,0,22,0
18-06 20:01:58,6.246,7.245,85.946,0,0,1659588,453932,181048,5615632,4736.997,1618.974,0,0,0,0,3680,4155,1.690,1.580,0.890,2,0,142.909,0,0,11,48,0,22,0
18-06 20:01:59,16.748,12.999,68.992,0,0,1676468,437016,181048,5615292,5039.419,1619.813,0,4.000,0,1.000,4605,6215,1.690,1.580,0.890,10,0,211.976,0,0,11,48,0,22,0
18-06 20:02:00,12.993,21.989,63.717,0,0.250,1682516,430876,181048,5615708,4493.661,1857.034,0,371.806,0,4.997,6911,7619,1.690,1.580,0.890,2,0,445.768,0,0,12,48,0,22,0
18-06 20:02:01,25.784,12.266,61.331,0,0,1685260,428168,181048,5615300,4961.559,1459.930,0,268.355,0,28.037,4968,6566,1.630,1.570,0.890,3,0,172.228,0,0,12,64,0,21,0
18-06 20:02:02,4.501,8.752,85.519,0,0,1691696,421680,181048,5615368,3676.831,756.171,0,180.041,0,10.002,2926,2721,1.630,1.570,0.890,3,0,200.045,0,0,14,64,0,21,0
18-06 20:02:03,18.770,13.264,66.572,0,0,1688380,424928,181048,5615384,4508.875,1405.520,0,32.035,0,7.008,6277,8406,1.630,1.570,0.890,1,0,231.250,0,0,14,66,0,21,0
18-06 20:02:04,9.240,20.727,69.424,0.250,0,1664960,448148,181048,5615588,4692.861,1456.405,0,643.296,0,37.958,6505,5569,1.630,1.570,0.890,1,0,495.457,0,0,14,66,0,14,0
18-06 20:02:05,16.479,17.228,64.917,0,0,1682164,430936,181048,5616044,6697.480,1647.904,0,2093.337,0,28.963,6490,7792,1.630,1.570,0.890,1,0,288.633,0,0,14,66,0,14,0
18-06 20:02:06,27.547,23.790,48.332,0,0,1754740,358304,181060,5615656,6480.021,1514.576,0,300.511,0,8.014,6430,5452,1.660,1.580,0.900,2,0,504.859,0,0,14,66,0,14,0
18-06 20:02:07,29.194,24.703,45.413,0,0,1795544,317328,181084,5615768,4988.421,1455.206,0,107.793,0,3.992,6747,5508,1.660,1.580,0.900,2,0,584.877,0,0,14,66,0,14,0
18-06 20:02:08,31.532,25.276,42.043,0,0,1869984,241392,181136,5617496,4250.356,1567.607,0,44.045,0,11.011,8188,10453,1.660,1.580,0.900,5,0,489.502,0,0,14,70,0,15,0
18-06 20:02:09,53.507,20.003,26.254,0,0,1945100,185520,175772,5603888,4352.602,1512.209,4.001,408.056,1.000,8.001,5078,5277,1.660,1.580,0.900,5,0,318.044,0,0,14,70,0,15,0
18-06 20:02:10,69.598,22.782,7.511,0,0,2071080,175316,168768,5497380,3747.251,1644.304,100.140,624.876,17.024,10.014,5402,5881,1.660,1.580,0.900,4,0,408.573,0,0,14,70,0,15,0
18-06 20:02:11,72.599,19.210,6.736,0.748,0,2169172,137980,165128,5441752,4433.806,1562.760,5720.139,802.336,167.652,8.981,7269,8589,1.930,1.630,0.920,5,1,316.344,0,0,14,70,0,15,0
18-06 20:02:12,71.771,24.757,2.251,0.750,0,2285464,180788,166584,5285004,4525.304,1732.499,5593.612,2424.699,193.056,111.032,6862,7274,1.930,1.630,0.920,5,0,412.119,0,0,14,74,1,15,0
18-06 20:02:13,71.296,23.765,3.752,0.500,0,2474676,120720,166244,5158568,4202.713,1695.094,456.295,11175.215,17.011,952.615,10861,15400,1.930,1.630,0.920,6,1,326.211,0,0,14,74,1,15,0
18-06 20:02:14,70.000,24.000,4.500,1.500,0,2574664,158780,166244,5024516,4560.001,1694.000,488.000,35740.007,25.000,2531.001,15192,27700,1.930,1.630,0.920,6,0,404.000,0,0,14,76,1,15,0
18-06 20:02:15,71.391,18.472,8.986,0.250,0,2647816,156792,166348,4954264,4912.483,1733.348,519.206,6889.458,11.982,362.445,8851,12681,1.930,1.630,0.920,6,0,236.638,0,0,14,80,1,19,0
18-06 20:02:16,66.607,24.539,8.514,0,0,2764664,177892,166356,4818968,5125.224,1696.723,76.122,7115.417,9.014,368.591,9489,15311,2.340,1.720,0.950,4,0,505.812,0,0,14,91,1,26,0
18-06 20:02:17,43.960,21.481,33.969,0.250,0,2815920,125188,166356,4820884,4633.822,1530.620,0,555.499,0,34.968,8655,13419,2.340,1.720,0.950,4,0,402.637,0,0,14,89,1,28,0
18-06 20:02:18,60.162,13.980,25.463,0.499,0,2941556,137096,166360,4686604,4912.807,1617.632,2935.702,527.228,32.952,27.959,5650,7505,2.340,1.720,0.950,5,0,165.757,0,0,14,90,1,30,0
18-06 20:02:19,41.305,10.264,46.562,0.250,0,3028644,185916,166384,4553400,4463.903,1534.029,176.233,3600.762,6.008,206.273,4788,5072,2.340,1.720,0.950,1,0,86.114,0,0,14,97,1,32,0
18-06 20:02:20,7.505,20.263,71.295,0,0,3045420,169096,166384,4553428,4428.792,1657.045,0,44.028,0,5.003,5722,4203,2.340,1.720,0.950,1,0,366.231,0,0,14,97,1,30,0
18-06 20:02:21,7.976,18.943,70.788,0,0,3054132,160344,166384,4553468,4535.432,1507.490,7.976,139.582,1.994,12.961,5722,4401,2.230,1.710,0.950,1,0,345.965,0,0,14,97,1,30,0
18-06 20:02:22,14.543,12.788,71.963,0,0,3092180,122276,166384,4553488,3959.713,1191.525,0,40.119,0,4.012,3921,2935,2.230,1.710,0.950,1,0,198.587,0,0,14,97,1,30,0
18-06 20:02:23,18.505,2.751,77.272,0,0,3125864,156672,166388,4487476,10384.909,7205.018,36.010,0,3.001,0,1967,1634,2.230,1.710,0.950,1,0,0,0,0,14,98,1,30,0
18-06 20:02:24,20.515,4.253,74.306,0.250,0,3094040,188452,166400,4487508,21138.967,18324.842,20.015,8818.661,5.004,499.377,2855,2498,2.230,1.710,0.950,3,0,30.023,0,0,14,99,1,30,0
18-06 20:02:25,22.484,5.746,71.198,0,0,3169816,179584,166400,4422492,4039.072,1241.100,3.997,7578.505,0.999,341.752,2386,1683,2.230,1.710,0.950,1,0,33.975,0,0,14,101,1,30,0
18-06 20:02:26,18.235,1.998,77.936,0.500,0,3176596,172788,166400,4422512,11084.962,8045.440,3.997,335.726,0.999,31.974,2504,2652,2.130,1.700,0.950,4,0,0.999,0,0,14,106,1,30,0
18-06 20:02:27,26.242,5.248,65.980,1.000,0,3180816,167996,166412,4423040,4530.608,1511.535,19.994,2039.373,1.999,230.929,5159,7377,2.130,1.700,0.950,2,0,3.999,0,0,14,111,1,30,0
18-06 20:02:28,23.243,8.997,66.481,0.500,0,3124680,223996,166416,4423156,5323.494,2600.265,19.994,1215.656,1.999,122.965,4705,5499,2.130,1.700,0.950,3,0,111.968,0,0,14,112,1,31,0
18-06 20:02:29,35.228,6.246,57.463,0.250,0,3276484,137688,166416,4359308,6165.084,3583.723,7.995,587.627,1.999,47.970,3255,2646,2.130,1.700,0.950,0,0,4.997,0,0,14,119,1,31,0
18-06 20:02:30,18.046,2.005,78.198,0.752,0,3274784,139284,166420,4359408,11410.944,8052.425,64.163,2049.198,4.010,119.303,2686,3254,2.130,1.700,0.950,4,0,1.003,0,0,14,119,1,31,0
18-06 20:02:31,32.975,9.243,57.207,0.749,0,3259292,219384,166420,4296348,6022.525,2921.829,0,1886.598,0,159.881,5968,7270,2.040,1.690,0.950,2,0,87.935,0,0,14,122,1,32,0
18-06 20:02:32,43.273,8.755,47.775,0,0,3343380,196508,166420,4236388,4670.486,1566.834,8.004,424.226,2.001,25.013,3045,1748,2.040,1.690,0.950,2,0,15.008,0,0,14,122,1,26,0
18-06 20:02:33,27.020,5.254,66.300,0.250,0,3345420,194444,166424,4236408,28374.394,24882.762,0,1705.286,0,95.072,3066,2423,2.040,1.690,0.950,2,0,54.041,0,0,14,122,1,27,0
18-06 20:02:34,21.678,4.485,73.505,0,0,3369060,170788,166424,4236424,4664.451,1614.618,7.973,115.615,1.993,12.957,1893,1400,2.040,1.690,0.950,1,0,0.997,0,0,14,122,1,27,0
18-06 20:02:35,16.804,3.261,78.754,0,0,3350644,189184,166424,4236444,28583.253,25022.762,0,0,0,0,2320,1815,2.040,1.690,0.950,2,0,41.133,0,0,14,122,1,28,0
18-06 20:02:36,21.712,3.743,73.621,0,0,3364812,175016,166424,4236444,4541.063,1239.833,0,51.909,0,4.991,1904,1347,1.960,1.680,0.950,1,0,9.983,0,0,14,122,1,28,0
18-06 20:02:37,16.974,2.995,77.633,0.749,0,3369304,170464,166428,4236500,12178.612,8902.558,11.982,2012.961,2.995,178.730,3058,4118,1.960,1.680,0.950,1,0,0,0,0,14,122,1,29,0
18-06 20:02:38,19.541,7.265,72.902,0,0,3401152,138600,166428,4236516,4407.212,1461.054,0,148.310,0,9.019,2621,1939,1.960,1.680,0.950,1,0,82.172,0,0,14,122,1,29,0
18-06 20:02:39,26.247,4.250,67.992,0.250,0,3415764,123740,166428,4236764,28037.855,24699.230,0,415.953,0,30.997,4117,5406,1.960,1.680,0.950,1,0,7.999,0,0,14,125,1,30,0
18-06 20:02:40,20.472,5.243,72.902,0,0,3379752,159740,166428,4236776,4537.883,1641.787,0,155.790,0,8.988,2392,1706,1.960,1.680,0.950,1,0,54.926,0,0,14,124,1,31,0
18-06 20:02:41,17.513,2.752,79.310,0,0,3409680,129808,166428,4236780,10448.916,7857.953,0,224.170,0,15.011,1787,1475,1.800,1.650,0.950,0,0,1.001,0,0,14,125,1,31,0
18-06 20:02:42,22.788,5.259,68.364,2.254,0,3410620,128556,166432,4237088,5558.256,1893.153,20.033,7139.890,2.003,578.964,6458,10551,1.800,1.650,0.950,2,0,1.002,0,0,14,126,1,31,0
18-06 20:02:43,22.962,5.990,68.887,0.499,0,3372732,166388,166432,4237144,5606.782,2747.483,0,2575.765,0,179.705,4618,5749,1.800,1.650,0.950,3,0,52.913,0,0,14,125,1,33,0
18-06 20:02:44,19.740,2.499,77.211,0,0,3407476,131644,166432,4237144,10030.955,7165.396,0,231.883,0,15.992,1823,1339,1.800,1.650,0.950,1,0,0,0,0,14,126,1,33,0
18-06 20:02:45,20.296,4.009,73.666,0.501,0,3406760,132168,166432,4237336,9330.048,5846.189,0,1310.957,0,170.384,4347,6095,1.800,1.650,0.950,4,0,0,0,0,14,126,1,33,0
18-06 20:02:46,35.653,6.981,55.349,0.748,0,3412188,126608,166432,4237468,6321.769,2413.422,0,1312.423,0,155.576,9489,14894,1.740,1.640,0.950,2,1,1.995,0,0,14,129,1,34,0
18-06 20:02:47,20.520,7.257,71.571,0,0,3389424,149348,166432,4237476,6005.960,1621.609,0,424.421,0,27.027,2852,2291,1.740,1.640,0.950,2,0,77.076,0,0,14,129,1,34,0
18-06 20:02:48,16.269,2.253,81.094,0.250,0,3409292,129452,166432,4237504,13517.631,10126.710,0,472.546,0,38.044,2070,1932,1.740,1.640,0.950,1,0,0,0,0,14,130,1,34,0
18-06 20:02:49,21.919,6.974,68.996,0.249,0,3362016,176644,166432,4237588,5576.497,2756.864,51.810,1131.839,3.985,108.601,4262,4757,1.740,1.640,0.950,1,0,147.458,0,0,14,131,1,35,0
18-06 20:02:50,20.800,3.258,75.432,0,0,3413208,125444,166432,4237592,9982.134,7414.927,0,3540.560,0,289.700,2080,1493,1.740,1.640,0.950,1,0,2.005,0,0,14,134,1,35,0
18-06 20:02:51,17.746,3.249,77.484,0.500,0,3415592,122924,166432,4237728,10417.887,7395.500,0,847.828,0,73.985,3609,4497,1.600,1.610,0.940,1,0,1.000,0,0,14,134,1,35,0
18-06 20:02:52,29.504,6.251,61.758,0.750,0,3419436,118948,166452,4237840,4366.538,1566.193,108.013,1796.222,11.001,159.020,8717,13391,1.600,1.610,0.940,5,0,1.000,0,0,14,134,1,35,0
18-06 20:02:53,50.838,15.777,32.306,0.501,0,3363568,226332,166452,4187144,6358.980,3500.044,344.595,1879.245,62.107,166.287,12980,26586,1.600,1.610,0.940,3,0,324.560,0,0,14,133,1,37,0
18-06 20:02:54,30.001,5.750,62.503,0.500,0,3433572,156276,166452,4187180,4934.229,1742.081,0,6984.324,0,422.020,4648,6447,1.600,1.610,0.940,1,0,0,0,0,14,133,1,37,0
18-06 20:02:55,17.999,5.000,76.245,0.250,0,3426080,163752,166452,4187196,11795.152,8908.360,4.000,1099.921,1.000,8.999,2785,2273,1.600,1.610,0.940,1,0,57.996,0,0,14,133,1,38,0
18-06 20:02:56,9.003,19.006,70.022,0,0,3383580,206216,166452,4187244,5072.580,1656.516,4.001,732.228,1.000,72.022,6105,4726,1.470,1.580,0.940,1,0,400.125,0,0,14,133,1,38,0
18-06 20:02:57,17.967,16.470,64.631,0,0,3365148,224632,166452,4187712,5174.460,1509.217,0,351.352,0,12.976,6596,7948,1.470,1.580,0.940,2,0,311.426,0,0,14,133,1,37,0
18-06 20:02:58,28.752,21.502,49.004,0,0,3416396,173212,166452,4187436,4798.364,1512.115,0,28.002,0,7.001,6259,5152,1.470,1.580,0.940,3,0,434.033,0,0,14,133,1,37,0
18-06 20:02:59,36.258,20.755,42.009,0.250,0,3455736,133368,166464,4187932,4578.998,1500.327,64.014,476.104,4.001,31.007,7056,7441,1.470,1.580,0.940,1,0,393.086,0,0,14,139,1,37,0
18-06 20:03:00,39.119,21.678,38.372,0.249,0,3538776,133912,166464,4105852,4126.235,1618.600,75.747,314.949,4.983,21.927,7051,8089,1.470,1.580,0.940,5,0,441.527,0,0,16,139,1,37,0
18-06 20:03:01,61.333,26.786,11.515,0,0,3682824,187228,166464,3911604,5456.343,1514.038,92.124,648.873,5.007,49.066,9140,14222,1.510,1.590,0.940,3,0,523.705,0,0,16,145,1,37,0
18-06 20:03:02,55.678,17.807,26.083,0,0,3771916,147400,166464,3862472,4656.847,1245.973,4.013,369.177,1.003,24.077,8124,11903,1.510,1.590,0.940,3,0,290.928,0,0,16,161,1,37,0
18-06 20:03:03,33.764,25.011,40.517,0,0,3840524,134432,166464,3808144,5034.132,1440.610,0,640.271,0,14.006,15531,6204,1.510,1.590,0.940,2,0,617.261,0,0,16,161,1,37,0
18-06 20:03:04,26.972,19.480,52.196,0,0,3876268,154112,166476,3754644,5344.507,1618.337,0,403.585,0,23.975,7407,8495,1.510,1.590,0.940,1,0,395.593,0,0,17,161,1,37,0
18-06 20:03:05,27.494,20.496,50.989,0.500,0,3916448,143828,166476,3724956,5998.702,1619.650,7.998,299.935,2.000,21.995,6066,5385,1.510,1.590,0.940,2,0,437.905,0,0,17,161,1,37,0
18-06 20:03:06,39.282,19.016,41.034,0,0,3983856,119636,166484,3683016,6622.441,1621.332,4.003,916.753,1.001,34.028,7378,8587,2.030,1.700,0.980,1,0,359.295,0,0,17,167,1,37,0
18-06 20:03:07,30.123,21.908,48.297,0,0,4031548,141448,166488,3614768,5423.182,1559.439,35.849,91.615,2.987,6.971,6869,6229,2.030,1.700,0.980,5,0,538.733,0,0,17,167,1,37,0
18-06 20:03:08,40.864,26.825,30.335,0,0,4134720,134260,166488,3520796,4498.545,1640.575,20.056,537.499,2.006,32.089,12824,19064,2.030,1.700,0.980,4,0,667.862,0,0,17,175,1,37,0
18-06 20:03:09,20.526,21.276,56.570,0,0,4178184,153920,166488,3459616,4459.545,1567.950,12.015,620.772,3.004,47.059,7518,8984,2.030,1.700,0.980,3,0,445.554,0,0,17,183,1,35,0
18-06 20:03:10,27.692,14.470,55.633,0.748,0,4238432,121868,166488,3431468,4145.316,1710.417,570.804,16058.360,9.979,858.202,5957,6896,2.030,1.700,0.980,2,0,192.597,0,0,17,187,1,35,0
18-06 20:03:11,43.742,9.498,45.492,0,0,4361776,139416,166488,3293816,5006.079,1619.702,1255.769,4295.210,14.997,53.990,3342,2249,2.030,1.700,0.990,2,0,2.000,0,0,17,187,1,35,0
18-06 20:03:12,44.170,7.237,48.162,0.250,0,4463704,141080,166348,3192696,4270.226,1455.351,199.637,283.484,9.982,34.936,3482,2857,2.030,1.700,0.990,1,0,18.965,0,0,17,208,0,35,0
18-06 20:03:13,30.383,18.079,50.471,0.251,0,4387272,217276,166356,3192908,4650.339,1627.117,20.088,425.863,2.009,31.136,5837,5250,2.030,1.700,0.990,2,0,404.770,0,0,17,207,0,35,0
18-06 20:03:14,35.488,27.990,35.488,0.250,0,4458392,144400,166368,3194980,10104.491,7258.479,919.681,455.842,19.993,34.988,7498,8059,2.030,1.700,0.990,4,0,550.809,0,0,17,208,0,35,0
18-06 20:03:15,52.392,18.213,28.442,0,0,4425100,215812,166376,3157668,7714.156,4582.588,195.598,1161.614,10.977,31.934,6516,8100,2.030,1.700,0.990,4,0,268.449,0,0,17,209,0,37,0
18-06 20:03:16,73.329,14.766,11.262,0,0,4589632,133816,166376,3077964,4761.139,1701.837,340.367,544.588,15.016,42.045,4843,3876,2.430,1.790,1.020,5,0,45.049,0,0,17,216,1,37,0
18-06 20:03:17,60.038,12.008,23.265,4.503,0.500,4655872,152080,166468,2995968,14357.120,11311.185,7628.846,2333.482,512.325,156.099,6448,7298,2.430,1.790,1.020,3,0,29.018,0,0,17,227,0,23,0
18-06 20:03:18,50.266,21.007,28.259,0,0,4642920,171996,166468,2989532,5498.790,2413.786,60.020,552.180,4.001,29.009,6986,7962,2.430,1.790,1.020,4,0,394.128,0,0,17,227,0,29,0
18-06 20:03:19,39.021,23.513,37.020,0.250,0,4688756,158724,166476,2958444,11902.335,9303.952,8.004,8960.769,2.001,39.021,7391,10954,2.430,1.790,1.020,1,0,402.214,0,0,17,228,0,29,0
18-06 20:03:20,49.871,23.439,25.684,0,0,4697724,147884,166476,2959844,8160.872,4522.292,239.380,750.058,13.964,49.871,6784,7615,2.430,1.790,1.020,5,0,451.830,0,0,17,227,0,30,0
18-06 20:03:21,57.648,23.561,17.796,0.251,0,4801184,121284,166500,2885044,7069.203,7219.591,1046.695,425.095,46.119,16.041,6587,8890,2.950,1.910,1.060,3,0,367.947,0,0,17,230,0,30,0
18-06 20:03:22,54.982,23.992,19.994,0.250,0,4793544,195476,166504,2819128,13251.725,6815.801,291.906,1735.440,14.995,103.966,8347,12038,2.950,1.910,1.060,5,0,422.864,0,0,17,231,0,30,0
18-06 20:03:23,61.517,23.910,14.196,0.249,0,4905632,120488,166516,2783772,4542.825,1613.898,294.885,872.701,12.951,57.782,6971,11662,2.950,1.910,1.060,13,0,399.490,0,0,17,237,0,31,0
18-06 20:03:24,53.523,18.508,26.762,0.500,0,4970892,150792,166516,2690188,13650.950,11731.113,604.263,708.309,39.017,50.022,6615,8550,2.950,1.910,1.060,2,0,191.083,0,0,17,242,0,31,0
18-06 20:03:25,66.873,12.523,20.037,0,0,5033956,136992,166524,2642392,11446.113,8277.268,857.582,781.441,13.024,31.057,7595,13797,2.950,1.910,1.060,3,0,11.020,0,0,17,244,0,32,0
18-06 20:03:26,57.102,11.020,30.054,0.501,0,5138532,127896,166536,2549564,12852.926,9783.451,1783.181,753.344,95.170,74.132,6047,7289,2.960,1.930,1.070,5,0,12.021,0,0,17,249,0,34,0
18-06 20:03:27,53.704,14.987,30.474,0.500,0.250,5041084,224876,166536,2550040,10187.314,7417.676,607.482,2405.949,8.992,234.800,5741,5127,2.960,1.930,1.070,3,0,209.821,0,0,17,251,0,37,0
18-06 20:03:28,46.502,28.501,23.751,0.500,0,5092500,169596,166660,2553760,6554.288,7201.317,4416.194,1367.060,65.003,72.003,8086,9024,2.960,1.930,1.070,2,0,549.024,0,0,17,252,0,37,0
18-06 20:03:29,58.221,19.656,21.149,0,0,5070384,191612,166664,2554160,12548.834,6698.882,812.106,871.820,9.952,24.881,6444,7908,2.960,1.930,1.070,6,0,251.793,0,0,18,251,0,38,0
18-06 20:03:30,80.057,18.069,1.255,0.251,0,5233964,139004,166664,2447576,5290.279,2929.228,702.694,505.939,15.058,28.108,5587,3787,2.960,1.930,1.070,5,0,141.543,0,0,18,259,0,36,0
18-06 20:03:31,78.664,12.736,6.743,0.749,0,5314108,155224,166680,2354312,14841.823,11085.917,3803.854,19147.130,182.801,1554.306,7802,8873,2.960,1.950,1.090,6,0,14.984,0,0,18,258,0,37,0
18-06 20:03:32,69.655,16.977,12.483,0.250,0,5345204,122640,166684,2355824,4986.217,1941.359,687.065,5069.104,17.976,154.789,7354,9182,2.960,1.950,1.090,2,0,228.689,0,0,18,264,0,38,0
18-06 20:03:33,33.359,9.029,56.935,0,0,5369312,132156,166684,2323996,17326.364,10886.414,818.663,345.123,9.029,25.082,3600,2804,2.960,1.950,1.090,2,0,8.026,0,0,18,267,0,38,0
18-06 20:03:34,41.765,10.004,47.768,0.500,0,5330864,181820,166684,2313988,2181049.613,48140.760,512.189,9139.372,4.001,66.024,7062,5421,2.960,1.950,1.090,3,0,14.005,0,0,18,271,0,37,0
18-06 20:03:35,49.490,17.247,30.994,0.500,0,5391812,133708,166684,2301740,14929287.093,269088.875,3055.385,263.947,31.994,13.997,24251,15033,2.960,1.950,1.090,3,0,264.947,0,0,18,271,0,37,0
18-06 20:03:36,44.463,7.993,46.461,0.250,0,5376000,176108,166684,2275584,11781.129,8583.808,271.772,603.494,2.997,63.946,3961,3371,2.800,1.930,1.080,2,0,8.992,0,0,18,275,0,38,0
18-06 20:03:37,41.008,4.751,52.761,0.250,0,5434668,128780,166688,2264484,14045.806,10584.114,144.029,1012.202,9.002,48.010,4740,5816,2.800,1.930,1.080,2,0,2.000,0,0,18,282,0,40,0
18-06 20:03:38,17.711,2.744,76.082,0.249,0,5404852,158164,166688,2264916,418321.578,14427464.669,383.153,606.659,22.949,63.859,4832,3718,2.800,1.930,1.080,1,0,0.998,0,0,18,280,0,40,0
18-06 20:03:39,29.045,5.509,63.599,0,0,5441656,121320,166688,2264956,8174480.966,2036671.705,0,1886.929,0,19.030,5637,4286,2.800,1.930,1.080,2,0,5.008,0,0,18,284,0,41,0
18-06 20:03:40,30.680,7.233,61.608,0.499,0,5343924,217648,166692,2266636,8402600.228,75799.843,191.560,17056.810,8.979,98.773,7872,7907,2.800,1.930,1.080,0,0,66.846,0,0,18,283,0,45,0
18-06 20:03:41,12.301,15.063,70.042,0.251,0,5259216,302136,166692,2266840,6688.919,2673.157,32.134,606.532,3.013,46.193,5411,4935,2.740,1.930,1.090,1,0,382.597,0,0,18,282,0,46,0
18-06 20:03:42,22.250,4.750,72.751,0.250,0,5325624,235668,166692,2266912,4440.083,1620.030,0,5208.098,0,122.002,2345,1999,2.740,1.930,1.090,1,0,56.001,0,0,18,282,0,44,0
18-06 20:03:43,14.251,13.001,70.755,0,0,5271296,289948,166696,2266956,4278.301,1458.103,4.000,1208.085,1.000,73.005,4546,3621,2.740,1.930,1.090,1,0,218.015,0,0,18,282,0,44,0
18-06 20:03:44,8.490,20.726,69.918,0.250,0,5280536,280644,166700,2267016,4554.650,1660.050,15.981,283.667,1.998,22.973,6117,4892,2.740,1.930,1.090,1,0,388.544,0,0,18,282,0,44,0
18-06 20:03:45,1.998,3.497,92.918,0.250,0,5280356,280800,166700,2267040,4454.063,1498.675,15.986,231.795,0.999,21.981,1736,1976,2.740,1.930,1.090,1,0,62.944,0,0,18,282,0,44,0
18-06 20:03:46,21.973,3.995,72.662,0.499,0,5339948,221204,166700,2267044,5770.027,1618.045,0,339.590,0,35.957,2486,2200,2.680,1.930,1.100,1,0,10.987,0,0,18,286,0,42,0
18-06 20:03:47,14.735,2.498,80.919,0,0,5352192,208944,166700,2267060,12559.449,9242.763,0,12004.004,0,19.980,1951,1838,2.680,1.930,1.100,1,0,0,0,0,18,287,0,42,0
18-06 20:03:48,14.047,12.793,72.742,0,0,5310260,250588,166704,2267312,6827.697,2606.665,76.253,180.600,7.023,16.053,4443,3603,2.680,1.930,1.100,2,0,166.554,0,0,18,290,0,43,0
18-06 20:03:49,12.010,16.014,71.062,0,0,5303564,257088,166704,2267476,4323.773,1621.415,0,40.035,0,4.003,5258,3965,2.680,1.930,1.100,3,0,219.191,0,0,18,290,0,43,0
18-06 20:03:50,14.750,15.500,67.500,0.250,0,5317576,242828,166704,2267724,4217.985,1457.995,20.000,615.998,2.000,58.000,5352,4484,2.680,1.930,1.100,1,0,217.999,0,0,18,294,0,41,0
18-06 20:03:51,22.463,3.744,73.131,0,0,5376552,183848,166704,2267728,4407.830,1455.632,0,39.935,0,3.994,2010,1595,2.540,1.920,1.090,3,0,1.997,0,0,18,294,0,41,0
18-06 20:03:52,23.731,3.247,72.690,0.250,0,5413112,146996,166704,2268020,4686.157,1618.673,291.761,6450.710,5.995,752.383,2331,1655,2.540,1.920,1.090,2,0,2.998,0,0,18,296,0,41,0
18-06 20:03:53,27.720,4.995,64.929,0.250,0,5385216,174604,166704,2268308,4163.471,1456.416,279.696,647.296,14.984,47.948,3536,13288,2.540,1.920,1.090,2,0,41.954,0,0,18,294,0,42,0
18-06 20:03:54,23.259,3.751,72.278,0,0,5377508,182272,166704,2268348,4921.926,1620.634,24.009,240.094,4.002,22.009,2280,2036,2.540,1.920,1.090,1,0,0,0,0,18,294,0,40,0
18-06 20:03:55,16.520,4.005,78.095,0,0,5409716,149964,166704,2268452,13489.434,10564.871,96.117,156.190,5.006,15.018,2382,2177,2.540,1.920,1.090,1,0,3.004,0,0,18,297,0,41,0
18-06 20:03:56,20.008,2.751,76.780,0.250,0,5288856,270676,166704,2268600,15738.178,11597.552,0,80.031,0,7.003,2459,2154,2.420,1.900,1.090,1,0,16.006,0,0,18,294,0,42,0
18-06 20:03:57,21.955,4.241,72.851,0.249,0,5365212,194320,166704,2268600,5448.846,1616.691,0,143.706,0,12.973,2053,1653,2.420,1.900,1.090,2,0,0,0,0,18,294,0,42,0
18-06 20:03:58,21.574,5.770,71.747,0,0,5360196,199196,166704,2268740,5205.890,1575.414,0,160.552,0,22.076,2805,2128,2.420,1.900,1.090,1,0,79.272,0,0,18,294,0,41,0
18-06 20:03:59,9.733,18.468,70.129,0,0,5361224,197996,166716,2268900,5390.696,1617.209,427.263,235.593,8.984,2.995,5815,4713,2.420,1.900,1.090,1,0,422.271,0,0,18,294,0,41,0
18-06 20:04:00,20.755,6.252,72.018,0.250,0,5411364,147800,166732,2268940,4381.082,1662.410,16.004,772.191,1.000,48.012,3087,2900,2.420,1.900,1.090,2,0,98.024,0,0,18,294,0,41,0
18-06 20:04:01,18.782,3.506,76.380,0.501,0,5391388,161856,167196,2274300,12158.712,4676.967,0,1350.300,0,39.067,2212,1995,2.310,1.890,1.090,2,0,19.032,0,0,18,294,0,41,0
18-06 20:04:02,23.917,5.232,69.261,0,0,5373784,177492,167276,2276172,5082.430,1614.419,0,430.512,0,5.979,9743,18231,2.310,1.890,1.090,2,0,10.962,0,0,18,294,0,41,0
18-06 20:04:03,18.239,4.747,75.705,0.250,0,5350004,200760,167332,2276596,11610.076,4396.378,51.969,519.690,7.995,10.993,3549,4553,2.310,1.890,1.090,3,0,13.992,0,0,18,295,0,41,0
18-06 20:04:04,22.767,5.254,70.053,0,0,5358484,192204,167376,2276612,5764.381,1621.232,0,580.441,0,25.019,8339,14766,2.310,1.890,1.090,1,0,15.011,0,0,18,295,0,41,0
18-06 20:04:05,14.532,13.529,70.904,0.251,0,5322140,234400,167460,2270676,5902.844,1635.559,0,913.989,0,31.068,4655,3746,2.310,1.890,1.090,1,0,269.587,0,0,18,294,0,41,0
18-06 20:04:06,23.992,3.499,71.475,0.250,0,5375032,181504,167460,2270680,6812.615,1457.490,0,2579.097,0,127.955,2350,2159,2.200,1.870,1.090,1,0,0,0,0,18,294,0,41,0
18-06 20:04:07,17.707,1.995,79.058,0,0,5391828,164512,167460,2270876,14424.901,10260.035,0,0,0,0,2008,1705,2.200,1.870,1.090,3,0,0,0,0,18,297,0,42,1
18-06 20:04:08,18.564,7.777,72.750,0,0,5402748,153484,167460,2270984,5810.002,3070.571,96.332,56.193,7.024,2.007,3112,2529,2.200,1.870,1.090,2,0,118.408,0,0,18,294,0,44,0
18-06 20:04:09,19.204,2.993,76.816,0,0,5400764,155464,167460,2270988,10181.555,7315.437,0,0,0,0,1957,1572,2.200,1.870,1.090,1,0,0,0,0,18,295,0,44,0
18-06 20:04:10,19.971,6.241,72.644,0.250,0,5366144,190020,167460,2271052,7158.562,4456.502,47.930,359.476,1.997,23.965,2965,2596,2.200,1.870,1.090,1,0,69.898,0,0,18,294,0,45,0
18-06 20:04:11,19.502,2.000,76.756,0,0,5405524,150636,167460,2271056,9995.791,7171.568,0,216.017,0,19.002,2149,1917,2.100,1.860,1.090,1,0,1.000,0,0,18,295,0,45,0
18-06 20:04:12,21.760,5.502,71.782,0.250,0,5405548,150556,167460,2271112,12212.413,8978.980,32.014,244.108,2.001,20.009,2865,2451,2.100,1.860,1.090,2,0,57.025,0,0,18,296,0,46,0
18-06 20:04:13,23.008,4.001,71.525,0,0,5422612,133996,167460,2270620,5823.007,3425.180,0,3361.158,0,472.163,2612,2333,2.100,1.860,1.090,0,0,3.001,0,0,18,299,0,46,0
18-06 20:04:14,22.320,4.765,71.725,0,0,5333204,223260,167460,2270764,13469.191,9972.237,108.339,413.295,7.022,34.107,3339,3240,2.100,1.860,1.090,1,0,34.107,0,0,18,298,0,49,0
18-06 20:04:15,21.714,3.245,74.129,0.250,0,5395840,160620,167460,2270768,6462.426,3580.142,0,195.680,0,19.967,2224,2010,2.100,1.860,1.090,0,0,0,0,0,18,299,0,48,0
18-06 20:04:16,16.488,1.499,80.942,0.250,0,5394116,162164,167460,2270948,14601.623,10589.474,31.977,375.733,1.999,41.970,2508,2776,2.020,1.840,1.090,4,0,0,0,0,18,298,0,49,0
18-06 20:04:17,21.553,5.764,71.427,0.251,0,5417364,138912,167460,2270952,4751.785,1624.028,0,208.517,0,20.050,2715,2482,2.020,1.840,1.090,1,0,47.117,0,0,18,298,0,49,0
18-06 20:04:18,17.967,1.747,78.857,0,0,5415616,140648,167460,2270964,15016.735,11657.834,0,491.108,0,27.949,2147,1938,2.020,1.840,1.090,2,0,0,0,0,18,298,0,52,0
18-06 20:04:19,21.280,5.508,72.602,0,0,5385084,171172,167460,2270972,4566.393,1622.271,0,64.090,0,5.007,2350,1822,2.020,1.840,1.090,1,0,32.045,0,0,18,298,0,45,0
18-06 20:04:20,15.232,2.497,81.155,0,0,5403136,153080,167460,2271012,12629.160,9771.518,31.962,359.577,0.999,26.968,2126,2170,2.020,1.840,1.090,1,0,0,0,0,18,299,0,45,0
18-06 20:04:21,11.249,9.250,77.746,1.000,0,5375340,180276,167684,2271388,7662.624,5296.740,459.977,383.981,114.994,32.998,3987,3845,1.930,1.830,1.090,0,1,180.991,0,0,18,300,0,46,0
18-06 20:04:22,2.253,1.502,94.355,1.001,0,5359692,195396,167936,2271664,18344.373,4370.854,532.591,252.280,133.148,20.022,1455,1839,1.930,1.830,1.090,3,0,11.012,0,0,18,298,0,47,1
18-06 20:04:23,4.236,6.728,88.213,0,0,5359116,195888,167936,2271748,10200.830,4777.465,0,303.015,0,11.961,2513,2376,1.930,1.830,1.090,3,0,114.627,0,0,18,300,0,42,0
18-06 20:04:24,16.030,11.522,70.634,0,0,5367352,187300,167984,2272052,4274.131,1803.431,264.503,605.151,21.040,36.069,4620,4017,1.930,1.830,1.090,3,0,211.402,0,0,18,298,0,43,0
18-06 20:04:25,23.002,3.500,72.507,0.250,0,5380268,162916,168660,2282752,4278.406,1458.138,20.002,1288.122,4.000,22.002,2203,1931,1.930,1.830,1.090,2,0,2.000,0,0,18,298,0,43,0
18-06 20:04:26,15.758,2.251,80.791,0,0,5373736,165564,168728,2286484,15885.062,6120.106,8.004,784.398,2.001,27.014,2098,1859,1.860,1.810,1.090,1,0,18.009,0,0,18,298,0,43,0
18-06 20:04:27,14.262,12.260,71.059,1.501,0,5297404,238588,168872,2289600,4281.559,1459.213,1437.195,3138.609,24.020,106.088,5336,5002,1.860,1.810,1.090,1,0,294.245,0,0,18,298,0,34,0
18-06 20:04:28,21.721,4.244,72.654,0,0,5362136,173852,168872,2289604,4212.461,1456.085,0,1809.620,0,305.598,2016,1663,1.860,1.810,1.090,1,0,6.991,0,0,18,298,0,34,0
18-06 20:04:29,19.454,1.995,77.816,0,0,5378724,157248,168872,2289620,28371.768,24895.007,0,0,0,0,2091,1654,1.860,1.810,1.090,2,0,0,0,0,18,298,0,36,0
18-06 20:04:30,20.836,5.774,71.797,0.251,0,5400308,135548,168872,2289736,4235.527,1464.058,96.399,329.363,5.021,33.137,2789,2689,1.860,1.810,1.090,1,0,47.195,0,0,18,298,0,36,0
18-06 20:04:31,18.452,2.493,77.547,0.499,0,5400464,135072,168872,2290056,13580.368,10446.591,303.204,367.037,17.953,42.887,2605,2670,1.790,1.800,1.090,3,0,0.997,0,0,18,298,0,37,0
18-06 20:04:32,22.509,5.002,72.028,0,0,5374716,160760,168872,2290100,4387.732,1686.666,0,120.047,0,7.003,2401,1919,1.790,1.800,1.090,1,0,14.006,0,0,18,298,0,37,0
18-06 20:04:33,16.254,2.251,80.021,0,0,5403932,131540,168872,2290104,10342.688,8190.129,0,324.084,0,21.005,1834,1615,1.790,1.800,1.090,1,0,0,0,0,18,299,0,37,0
18-06 20:04:34,26.719,4.994,66.422,0.999,0,5342708,190800,168872,2292068,6530.347,2921.576,1698.010,1694.015,60.929,202.762,5479,7777,1.790,1.800,1.090,2,0,5.993,0,0,18,298,0,38,0
18-06 20:04:35,19.314,2.258,77.759,0,0,5391968,141536,168872,2292072,10480.947,7399.673,0,345.151,0,17.057,2029,1701,1.790,1.800,1.090,1,0,0,0,0,18,299,0,35,0
18-06 20:04:36,18.714,3.992,75.105,0.499,0,5380952,152396,168876,2292224,9092.408,5332.683,127.753,946.169,6.986,91.822,3977,5302,1.650,1.770,1.080,1,0,0,0,0,18,299,0,35,0
18-06 20:04:37,13.523,16.779,68.368,0.250,0,5346028,187268,168876,2292276,6180.644,2850.910,0,801.380,0,66.114,6122,6108,1.650,1.770,1.080,2,0,452.780,0,0,18,298,0,36,0
18-06 20:04:38,8.502,22.504,67.513,0,0.250,5342812,190452,168876,2292308,4938.938,1500.285,0,2340.445,0,52.010,7074,6249,1.650,1.770,1.080,2,0,652.124,0,0,18,298,0,36,0
18-06 20:04:39,8.997,22.243,67.229,0.250,0,5345608,187616,168876,2292348,4858.501,1689.479,0,2695.169,0,160.950,7144,6679,1.650,1.770,1.080,1,0,622.808,0,0,18,298,0,30,0
18-06 20:04:40,8.750,23.001,67.503,0,0,5341604,191592,168876,2292376,4878.210,1458.063,0,256.011,0,30.001,6922,5998,1.650,1.770,1.080,2,0,613.026,0,0,18,298,0,30,0
18-06 20:04:41,8.750,22.250,67.499,0,0,5338448,194708,168876,2292416,4756.964,1619.988,0,111.999,0,15.000,6971,6139,1.590,1.760,1.080,1,0,610.995,0,0,18,298,0,30,0
18-06 20:04:42,9.502,21.504,67.763,0,0,5335104,198028,168876,2292440,4338.801,1458.269,0,44.008,0,11.002,6609,5605,1.590,1.760,1.080,2,0,564.104,0,0,18,298,0,30,0
18-06 20:04:43,12.482,15.478,70.401,0,0,5309348,249888,168880,2266868,4194.110,1617.728,19.972,31.955,1.997,4.993,5178,4333,1.590,1.760,1.080,1,0,356.499,0,0,18,298,0,25,0
18-06 20:04:44,21.014,6.004,71.796,0.250,0,5324124,315332,169024,2197648,4160.693,1458.944,32.021,2993.938,1.001,33.021,2470,2383,1.590,1.760,1.080,2,0,4.003,0,0,18,298,0,25,0
18-06 20:04:45,18.970,1.747,77.378,0.499,0,5332672,304528,169064,2199860,14935.457,6480.784,171.729,1150.187,20.967,39.937,2260,2077,1.590,1.760,1.080,2,0,15.975,0,0,18,299,0,25,0
18-06 20:04:46,16.489,2.249,79.698,1.249,0,5345120,290668,169064,2201260,27689.052,15913.685,947.386,2066.660,70.954,81.947,2334,2398,1.470,1.730,1.080,2,0,0,0,0,18,299,0,25,0
18-06 20:04:47,16.503,1.500,79.763,1.000,0,5367676,266476,169064,2202888,26048.178,14450.318,1320.212,1688.271,78.013,59.009,2141,2099,1.470,1.730,1.080,2,0,0,0,0,18,299,0,25,0
18-06 20:04:48,17.746,1.500,78.484,1.000,0,5373932,258664,169068,2204420,23268.231,13034.328,1183.757,1787.634,61.987,69.986,1987,1780,1.470,1.730,1.080,2,0,0,0,0,18,299,0,25,0
18-06 20:04:49,20.499,2.500,74.246,1.000,0,5377616,218848,169192,2240384,10739.424,5449.708,12431.333,7967.573,136.993,595.968,2402,1982,1.470,1.730,1.080,3,0,1.000,0,0,18,299,0,25,0
18-06 20:04:50,23.008,3.251,72.524,0.750,0,5377096,202492,169508,2256664,4441.475,1620.538,0,1904.632,0,60.020,2243,2057,1.470,1.730,1.080,3,0,0,0,0,18,299,0,25,0
18-06 20:04:51,23.790,2.755,72.371,0.501,0,5384328,173020,169692,2278372,5125.595,1622.721,0,2468.139,0,104.175,2393,2397,1.430,1.720,1.080,1,0,1.002,0,0,18,299,0,25,0
18-06 20:04:52,22.739,2.499,72.214,1.249,0,5383156,158148,170308,2293580,4377.840,1619.201,0,4957.553,0,205.898,2651,2840,1.430,1.720,1.080,1,0,0,0,0,18,299,0,24,0
18-06 20:04:53,27.259,5.502,66.273,0.750,0,5397096,120552,170580,2319908,4321.501,1620.563,0,2140.744,0,76.026,3366,11123,1.430,1.720,1.080,2,0,36.013,0,0,19,300,0,24,0
18-06 20:04:54,23.019,7.256,67.304,0.751,0,5306248,338136,170164,2200280,5026.053,1795.448,152.123,2726.199,13.010,106.086,3050,5730,1.430,1.720,1.080,1,0,2.002,0,0,18,298,0,25,0
18-06 20:04:55,18.705,4.240,75.568,0.249,0,5355064,288228,170168,2201364,11536.240,4388.440,7.981,494.809,1.995,22.945,2243,1783,1.430,1.720,1.080,1,0,32.921,0,0,18,299,0,25,0
18-06 20:04:56,22.782,5.257,70.347,0.250,0,5374936,262888,170168,2206720,5106.076,1796.489,0,1486.059,0,24.033,8020,13812,1.390,1.700,1.080,2,0,8.011,0,0,18,298,0,23,0
18-06 20:04:57,22.530,5.257,70.344,0,0,5404180,232616,170172,2207724,4343.801,1459.950,0,88.118,0,1.001,10001,17938,1.390,1.700,1.080,2,0,13.017,0,0,18,298,0,23,0
18-06 20:04:58,20.198,6.234,71.815,0,0,5369880,274080,170224,2200508,4328.878,1496.156,0,1835.285,0,12.967,5672,8810,1.390,1.700,1.080,2,0,15.959,0,0,18,298,0,23,0
18-06 20:04:59,22.295,5.511,71.395,0,0,5377316,266672,170232,2200532,4689.539,1623.302,88.179,14485.466,2.004,82.167,5032,7012,1.390,1.700,1.080,2,0,54.110,0,0,18,298,0,23,0
18-06 20:05:00,23.703,4.741,70.360,0.250,0,5401300,242664,170232,2200556,4998.077,1497.028,0,1245.527,0,27.945,7322,13061,1.390,1.700,1.080,1,0,35.929,0,0,18,298,0,22,0
18-06 20:05:01,19.985,2.748,75.942,0.500,0,5369072,268656,170232,2206744,11847.942,4503.557,31.976,1710.692,5.995,37.971,2318,2178,1.360,1.690,1.080,1,0,6.995,0,0,18,298,0,22,0
18-06 20:05:02,24.029,5.256,68.832,0,0,5391008,245484,170232,2207932,5106.060,1621.925,64.076,380.452,1.001,8.010,10323,18812,1.360,1.690,1.080,3,0,13.015,0,0,18,298,0,22,0
18-06 20:05:03,22.260,7.754,68.531,0,0,5380928,255188,170232,2208308,4580.099,1458.668,168.077,432.198,9.004,6.003,10444,18724,1.360,1.690,1.080,2,0,26.012,0,0,18,298,0,22,0
18-06 20:05:04,22.253,4.751,71.260,0.250,0,5350388,293284,170248,2200820,4878.699,1528.219,0,1312.188,0,60.009,2614,2543,1.360,1.690,1.080,2,0,6.001,0,0,18,298,0,22,0
18-06 20:05:05,21.734,5.496,72.196,0,0,5331864,311780,170248,2200848,6055.431,1618.778,15.988,883.333,2.998,162.877,3186,2648,1.360,1.690,1.080,2,0,109.917,0,0,18,298,0,22,0
18-06 20:05:06,33.926,7.733,56.876,0.748,0,5386916,245292,170868,2211600,5902.172,1496.747,710.456,1373.016,17.961,25.944,3184,2276,1.410,1.700,1.080,4,0,7.983,0,0,18,298,0,22,0
18-06 20:05:07,33.391,6.528,59.501,0,0,5418164,213060,170916,2212472,19662.843,8061.966,775.266,1345.670,7.030,124.525,3163,2077,1.410,1.700,1.080,0,0,25.106,0,0,18,299,0,22,0
18-06 20:05:08,14.229,1.498,82.626,0.749,0,5408600,222152,170920,2212936,56543.910,17785.236,0,1877.175,0,65.901,1893,1843,1.410,1.700,1.080,1,0,1.997,0,0,18,300,0,19,0
18-06 20:05:09,8.499,1.250,87.991,0.500,0,5390040,240368,170976,2213200,131533.436,12615.699,0,1451.850,0,57.994,1737,1857,1.410,1.700,1.080,1,0,0,0,0,18,300,0,19,0
18-06 20:05:10,17.488,1.749,79.446,0.500,0,5412700,217420,170980,2213464,23502.894,14025.389,0,1566.926,0,55.962,1868,1651,1.410,1.700,1.080,2,0,0,0,0,18,300,0,19,0
18-06 20:05:11,12.745,1.249,83.966,0.250,0,5419944,209688,170980,2213948,317467.724,15228.751,0,963.605,0,26.989,2021,1830,1.300,1.670,1.070,1,0,1.000,0,0,18,300,0,19,0
18-06 20:05:12,2.997,0.749,94.908,0.250,0,5414392,215088,171028,2214048,38517.584,7621.596,0,943.084,0,43.957,1252,1610,1.300,1.670,1.070,1,0,0,0,0,18,300,0,17,0
18-06 20:05:13,5.258,1.002,92.140,0.751,0,5408852,220224,171220,2214244,66145.173,12156.410,28.042,1818.754,4.006,89.135,1726,2195,1.300,1.670,1.070,0,0,0,0,0,18,300,0,17,0
18-06 20:05:14,6.753,2.251,88.535,1.000,0,5403416,225228,171388,2214500,58125.043,12294.874,96.038,9923.934,4.002,152.060,2134,2770,1.300,1.670,1.070,1,0,0,0,0,18,300,0,17,0
18-06 20:05:15,12.256,2.251,83.790,0.250,0,5391044,226132,171456,2225868,1444996.389,43358.536,24.011,996.472,3.001,43.020,4006,3577,1.300,1.670,1.070,1,0,4.002,0,0,18,300,0,17,0
18-06 20:05:16,7.248,3.499,85.476,0.750,0,5380936,222460,171628,2239424,7327877.475,119951.632,175.950,7057.978,10.997,75.978,9083,5494,1.200,1.640,1.070,1,0,4.999,0,0,18,300,0,16,0
18-06 20:05:17,6.260,2.254,87.889,0.501,0,5375188,210616,171644,2256952,8969275.748,135293.874,4.006,10368.390,1.002,44.070,9309,4701,1.200,1.640,1.070,0,0,2.003,0,0,18,300,0,16,0
18-06 20:05:18,17.972,2.746,77.881,0.749,0,5386820,182656,171868,2272952,1436924.706,25186.381,163.749,3786.194,3.994,80.876,3137,2365,1.200,1.640,1.070,1,0,0.998,0,0,18,300,0,16,0
18-06 20:05:19,21.744,3.749,72.230,1.000,0,5390204,161260,175160,2287528,4618.706,1619.546,0,24381.171,0,472.868,2539,2387,1.200,1.640,1.070,2,0,0,0,0,18,300,0,16,0
18-06 20:05:20,23.735,2.748,72.703,0.250,0,5397784,137332,175616,2303180,4395.170,1457.062,0,1235.205,0,39.974,2200,1918,1.200,1.640,1.070,2,0,0,0,0,18,300,0,12,0
18-06 20:05:21,21.748,4.500,71.495,0.750,0,5414448,156496,176180,2267216,4654.657,1457.892,0,1911.859,0,84.994,2491,2310,1.260,1.650,1.070,2,0,1.000,0,0,18,300,0,12,0
18-06 20:05:22,21.974,5.743,70.415,0.749,0,5387608,139092,177164,2310124,4432.657,1456.245,19.976,104422.124,4.994,613.261,2776,2872,1.260,1.650,1.070,2,0,0,0,0,18,300,0,12,0
18-06 20:05:23,24.042,2.504,72.125,0.250,0,5375612,186564,177540,2274632,4245.350,1298.248,0,1610.789,0,53.092,2251,1940,1.260,1.650,1.070,2,0,0,0,0,18,300,0,12,0
18-06 20:05:24,24.512,4.252,70.284,0.750,0,5378312,159192,178924,2297696,4322.068,1620.776,20.010,3005.438,2.001,69.033,2775,2799,1.260,1.650,1.070,2,0,0,0,0,18,300,0,9,0
18-06 20:05:25,22.504,2.751,72.514,1.000,0,5380408,125464,180076,2327808,4860.952,1620.317,4.001,2748.539,1.000,101.020,2388,2202,1.260,1.650,1.070,2,0,0,0,0,18,300,0,9,0
18-06 20:05:26,22.790,5.259,70.875,0,0,5325116,212080,180404,2296000,5811.249,1971.477,4.007,2488.389,1.002,252.445,2651,2045,1.240,1.640,1.070,1,0,19.034,0,0,18,298,0,9,0
18-06 20:05:27,18.959,3.243,76.584,0.499,0,5357008,175104,180404,2301068,11256.533,4658.873,19.957,4326.596,1.996,42.907,2084,1700,1.240,1.640,1.070,5,0,17.961,0,0,18,298,0,9,0
18-06 20:05:28,24.221,6.992,67.170,0,0,5374632,155372,180428,2303104,3913.332,1456.263,3.995,105282.414,0.999,1093.695,11933,21141,1.240,1.640,1.070,3,0,6.992,0,0,18,298,0,9,0
18-06 20:05:29,22.271,5.505,71.317,0,0,5375440,154192,180436,2303432,4083.860,1621.533,0,88.083,0,1.001,6579,11379,1.240,1.640,1.070,3,0,12.011,0,0,18,298,0,9,0
18-06 20:05:30,21.005,6.252,71.018,0,0,5373404,156156,180444,2303524,3858.983,1458.371,0,3432.874,0,28.007,5294,8397,1.240,1.640,1.070,2,0,15.004,0,0,18,298,0,9,0
18-06 20:05:31,22.273,4.755,72.075,0.250,0,5353436,183548,180464,2296132,4701.865,1621.678,0,792.820,0,24.025,2382,2087,1.220,1.630,1.070,3,0,7.007,0,0,18,298,0,9,0
18-06 20:05:32,24.247,3.250,71.241,0,0,5350060,183044,181092,2299384,4903.400,1541.811,923.887,1971.759,28.996,41.995,3266,3601,1.220,1.630,1.070,2,0,0,0,0,18,299,0,9,0
18-06 20:05:33,25.676,4.986,66.059,2.493,0,5348624,182820,181100,2301036,4941.728,1615.335,1208.510,5571.908,74.784,500.554,8304,13055,1.220,1.630,1.070,7,0,0,0,0,18,300,0,8,0
18-06 20:05:34,11.013,18.022,68.833,0.250,0,5287856,243284,181100,2301340,5030.041,1459.753,228.274,1878.256,5.006,117.141,6296,5670,1.220,1.630,1.070,1,0,407.489,0,0,18,300,0,8,0
18-06 20:05:35,11.277,6.516,71.671,9.523,0,5276544,219688,181108,2336240,4855.589,1503.589,34999.535,1034.469,1859.438,27.065,4647,6096,1.220,1.630,1.070,0,1,41.098,0,0,18,300,0,10,0
18-06 20:05:36,5.990,3.245,81.863,6.988,0,5278112,206876,181116,2347476,5779.313,2630.591,11217.197,3074.846,1750.066,325.454,3644,5372,1.200,1.620,1.070,2,0,5.990,0,0,18,301,0,10,0
18-06 20:05:37,2.502,1.501,94.830,0.250,0,5278360,206624,181116,2347480,44166.479,3806.230,0,324.275,0,24.020,1339,1848,1.200,1.620,1.070,1,0,1.001,0,0,18,301,0,8,0
18-06 20:05:38,2.000,1.000,95.741,0,0,5276764,207888,181188,2347740,123518.132,4188.598,91.991,319.969,1.000,13.999,1183,1484,1.200,1.620,1.070,1,0,2.000,0,0,18,301,0,8,0
18-06 20:05:39,4.500,4.500,88.745,0.250,0,5245776,237880,181232,2348692,684984.853,13575.303,271.986,1947.900,9.000,81.996,2554,2480,1.200,1.620,1.070,0,0,32.998,0,0,18,300,0,9,0
18-06 20:05:40,0.999,0.499,97.108,0,0,5245776,237880,181232,2348692,4433.528,1617.639,0,107.843,0,12.981,871,1365,1.200,1.620,1.070,1,0,0,0,0,18,300,0,9,0
18-06 20:05:41,1.748,0.999,96.870,0.250,0,5246028,237628,181232,2348692,4810.542,1617.828,0,223.700,0,4.993,1109,1626,1.110,1.590,1.070,2,0,0.999,0,0,18,300,0,9,0
18-06 20:05:42,0.751,0.250,97.317,0,0,5246028,237628,181232,2348692,4170.858,1459.000,0,4.003,0,1.001,823,1226,1.110,1.590,1.070,1,0,0,0,0,18,300,0,9,0
18-06 20:05:43,1.751,1.001,95.828,0.250,0,5246012,237628,181232,2348708,4503.667,1621.320,0,608.495,0,67.055,1220,1851,1.110,1.590,1.070,3,0,0,0,0,18,300,0,9,0
18-06 20:05:44,1.251,0.500,96.796,0,0,5245884,237628,181232,2348836,4982.384,1662.796,0,92.044,0,12.006,1097,1575,1.110,1.590,1.070,1,0,0,0,0,18,300,0,9,0
18-06 20:05:45,1.500,0.500,96.758,0,0,5245884,237628,181232,2348836,4740.386,1620.132,0,256.021,0,27.002,1118,1672,1.110,1.590,1.070,1,0,0,0,0,18,300,0,9,0
18-06 20:05:46,1.998,0.749,96.167,0.250,0,5245876,237628,181232,2348844,5352.387,1618.605,0,239.793,0,25.978,1239,1820,1.020,1.560,1.060,2,0,0,0,0,18,300,0,9,0
18-06 20:05:47,1.502,0.501,97.119,0,0,5245876,237628,181232,2348844,5406.606,1621.982,0,0,0,0,1035,1475,1.020,1.560,1.060,0,0,0,0,0,18,300,0,9,0
18-06 20:05:48,0.999,0.250,97.688,0.250,0.250,5246112,237388,181232,2348848,4994.842,1457.079,0,239.848,0,14.991,940,1349,1.020,1.560,1.060,1,0,0,0,0,18,300,0,9,0
18-06 20:05:49,0.750,0.750,97.263,0,0,5246112,237388,181232,2348848,4680.642,1620.222,0,32.004,0,4.001,856,1209,1.020,1.560,1.060,0,0,0,0,0,18,300,0,9,0
18-06 20:05:50,1.249,0.499,97.635,0,0,5246112,237388,181232,2348848,3983.291,1456.278,0,0,0,0,816,1187,1.020,1.560,1.060,2,0,0,0,0,18,300,0,9,0
18-06 20:05:51,1.250,0.500,97.484,0,0,5246108,237388,181232,2348852,4336.294,1619.736,0,0,0,0,939,1318,0.930,1.540,1.060,1,0,1.000,0,0,18,300,0,9,0
18-06 20:05:52,0.750,0.750,97.443,0,0,5246108,237388,181232,2348852,4215.521,1457.143,0,0,0,0,852,1180,0.930,1.540,1.060,1,0,0,0,0,18,300,0,9,0
18-06 20:05:53,1.254,1.254,96.314,0.251,0,5246100,237388,181232,2348860,3912.751,1625.297,0,18945.743,0,140.458,1306,1776,0.930,1.540,1.060,0,0,0,0,0,18,300,0,9,0
18-06 20:05:54,6.237,3.742,89.321,0,0,5254904,228576,181232,2348868,4508.955,1455.081,7.984,87.824,0.998,12.974,2471,7735,0.930,1.540,1.060,1,0,35.928,0,0,18,300,0,10,0
18-06 20:05:55,1.251,0.500,97.065,0.250,0,5254904,228576,181232,2348868,5163.471,1621.090,0,48.032,0,6.004,926,1278,0.930,1.540,1.060,1,0,0,0,0,18,300,0,10,0
18-06 20:05:56,1.250,0.750,97.286,0,0,5255156,228324,181232,2348868,5497.016,1458.535,0,220.081,0,17.006,1081,1465,0.860,1.510,1.050,1,0,0,0,0,18,300,0,10,0
18-06 20:05:57,1.249,0.499,97.138,0,0,5255152,228324,181232,2348872,5052.186,1456.324,0,31.963,0,3.995,945,1274,0.860,1.510,1.050,2,0,0,0,0,18,300,0,9,0
18-06 20:05:58,1.747,1.747,96.088,0.250,0,5247328,236148,181236,2348868,5109.393,1455.548,0,60154.668,0,466.215,1741,2238,0.860,1.510,1.050,1,0,0,0,0,18,300,0,9,0
18-06 20:05:59,4.769,11.546,82.581,0,0,5253860,229404,181236,2349080,4745.043,1572.310,180.725,0,9.036,0,3727,3397,0.860,1.510,1.050,1,0,289.160,0,0,18,300,0,9,0
18-06 20:06:00,7.244,19.734,70.194,0,0,5275220,208012,181236,2349112,4408.482,1510.794,0,1203.040,0,27.978,6825,6229,0.860,1.510,1.050,2,0,534.573,0,0,18,300,0,9,0
18-06 20:06:01,7.753,20.259,70.030,0.250,0,5283904,199304,181236,2349152,5119.208,1620.699,0,92.040,0,12.005,7231,6869,0.870,1.500,1.050,1,0,643.277,0,0,18,300,0,9,0
18-06 20:06:02,8.760,21.275,68.831,0.250,0,5295972,186436,181240,2349948,4865.750,1621.917,780.923,1225.448,15.018,262.310,7401,6952,0.870,1.500,1.050,1,0,690.816,0,0,18,300,0,9,0
18-06 20:06:03,16.198,5.732,75.509,0.748,0.249,5319168,158916,181396,2354240,5216.318,2288.681,4397.936,8616.445,123.605,196.372,3648,3339,0.870,1.500,1.050,2,0,72.767,0,0,18,301,0,9,0
18-06 20:06:04,2.748,0.749,95.420,0,0,5311384,166504,181396,2354436,216857.399,7265.882,0,87.926,0,11.990,1541,1943,0.870,1.500,1.050,2,0,0,0,0,18,301,0,9,0
18-06 20:06:05,2.248,1.499,94.417,0,0,5312344,164516,181396,2355464,1101677.565,31196.576,0,0,0,0,2387,1966,0.870,1.500,1.050,0,0,0,0,0,18,301,0,9,0
18-06 20:06:06,12.533,5.013,80.712,0,0,5329392,146552,181396,2356380,948527.684,25487.820,292.768,2310.056,4.011,17.045,2936,2104,0.880,1.490,1.050,5,0,5.013,0,0,18,301,0,9,0
18-06 20:06:07,19.277,8.261,71.849,0,0,5310228,207392,181156,2315768,601743.840,14546.060,805.110,36.050,8.011,4.006,3313,2260,0.880,1.490,1.050,0,0,7.010,0,0,18,301,0,9,0
18-06 20:06:08,1.747,1.248,95.110,0,0,5297648,219180,181164,2316552,824763.547,19656.152,3.994,1677.538,0.999,10.984,2101,1942,0.880,1.490,1.050,1,0,1.997,0,0,18,301,0,9,0
18-06 20:06:09,2.249,0.500,96.472,0,0,5297432,219180,181164,2316768,287387.980,7586.782,0,275.919,0,5.998,1350,1530,0.880,1.490,1.050,1,0,0,0,0,18,301,0,9,0
18-06 20:06:10,2.247,1.248,94.858,0.250,0,5289888,226020,181176,2317460,649736.412,14136.839,15.976,778.834,3.994,11.982,1708,1607,0.880,1.490,1.050,1,0,0,0,0,18,300,0,10,0
18-06 20:06:11,13.021,12.019,70.112,2.754,0,5339692,149188,181744,2343912,4842.769,1460.343,7475.994,24956.037,125.201,814.306,6271,7842,0.890,1.480,1.050,1,0,105.169,0,0,18,300,0,10,0
18-06 20:06:12,13.780,12.277,68.899,3.758,0,5334064,147228,182012,2351100,4407.556,1461.168,280.608,13914.167,9.020,1458.161,7552,9732,0.890,1.480,1.050,1,0,103.224,0,0,18,300,0,10,0
18-06 20:06:13,23.247,7.249,67.992,1.250,0,5328832,151112,182044,2352396,4157.491,1457.821,35.996,3195.609,2.000,317.961,3738,3211,0.890,1.480,1.050,3,0,37.995,0,0,18,300,0,10,0
18-06 20:06:14,24.262,7.504,66.783,0.750,0,5341756,137516,182096,2352984,3979.948,1458.714,0,3161.547,0,111.054,3885,3356,0.890,1.480,1.050,1,0,34.017,0,0,18,300,0,10,0
18-06 20:06:15,24.232,6.245,67.701,0.500,0,5324552,151572,182356,2355808,4620.645,1402.981,0,2841.936,0,127.907,3709,3697,0.890,1.480,1.050,1,1,23.983,0,0,18,300,0,10,0
18-06 20:06:16,22.200,5.238,70.342,0.249,0,5328740,144812,182392,2358308,5207.284,1508.606,167.623,2701.921,38.912,147.668,4319,5846,0.980,1.490,1.050,2,0,17.960,0,0,18,300,0,10,0
18-06 20:06:17,15.490,12.242,69.456,1.749,0,5376908,153008,175280,2309564,5096.757,1618.970,4481.149,5508.495,126.919,116.926,3757,3677,0.980,1.490,1.050,2,0,43.972,0,0,18,300,0,10,0
18-06 20:06:18,20.696,7.730,69.817,0.499,0,5390868,136156,175308,2310092,4727.627,1615.771,658.277,3295.376,30.919,45.880,3074,2722,0.980,1.490,1.050,2,0,44.883,0,0,18,300,0,8,0
18-06 20:06:19,16.815,3.012,79.306,0.251,0,5306260,277496,175344,2254688,5059.534,1626.279,148.574,216.837,15.058,14.054,2438,2359,0.980,1.490,1.050,0,0,20.078,0,0,18,300,0,10,0
18-06 20:06:20,0.750,0.750,97.250,0.250,0,5306472,277272,175344,2254700,4739.987,1619.995,0,28.000,0,3.000,985,1521,0.980,1.490,1.050,1,0,0,0,0,18,300,0,10,0
18-06 20:06:21,1.248,0.499,96.601,0,0,5304120,279620,175344,2254704,5426.647,1455.759,0,175.730,0,10.983,1008,1394,0.900,1.470,1.050,1,0,0.998,0,0,18,300,0,10,0
18-06 20:06:22,1.249,0.750,97.437,0,0,5300032,283708,175344,2254704,5076.707,1618.950,0,31.979,0,3.997,945,1303,0.900,1.470,1.050,1,0,0,0,0,18,300,0,10,0
18-06 20:06:23,1.252,0.250,97.675,0,0,5296148,287592,175344,2254704,3586.444,811.458,0,24.043,0,2.004,863,1232,0.900,1.470,1.050,1,0,0,0,0,18,300,0,10,0
18-06 20:06:24,1.748,0.999,95.883,0,0,5292744,290992,175348,2254704,3723.471,1186.557,0,279.660,0,24.970,1265,1886,0.900,1.470,1.050,0,0,0,0,0,18,300,0,10,0
18-06 20:06:25,1.251,0.750,97.549,0,0,5290484,293252,175348,2254704,4280.152,1458.733,0,72.036,0,10.005,922,1310,0.900,1.470,1.050,1,0,0,0,0,18,300,0,10,0
18-06 20:06:26,1.502,0.751,96.395,0.250,0,5288796,294936,175348,2254708,4629.987,1568.367,0,68.103,0,6.009,1125,1469,0.910,1.460,1.050,2,0,0,0,0,18,300,0,10,0
18-06 20:06:27,1.247,0.249,97.230,0,0,5287312,296412,175352,2254712,4639.103,1507.808,0,31.911,0,2.992,924,1288,0.910,1.460,1.050,1,0,0,0,0,18,300,0,10,0
18-06 20:06:28,1.002,0.751,97.683,0,0,5286024,297700,175352,2254712,4225.938,1460.744,0,0,0,0,915,1267,0.910,1.460,1.050,1,0,0,0,0,18,300,0,10,0
18-06 20:06:29,1.498,0.499,96.869,0,0,5284896,298828,175352,2254712,3972.648,1456.038,0,1146.455,0,228.692,1005,1354,0.910,1.460,1.050,1,0,0,0,0,18,300,0,10,0
18-06 20:06:30,1.253,0.752,96.703,0.251,0,5284824,298900,175352,2254712,4134.678,1569.294,0,276.580,0,24.050,1077,1573,0.910,1.460,1.050,1,0,0,0,0,18,300,0,10,0
18-06 20:06:31,1.501,0.750,96.791,0.250,0,5284824,298900,175352,2254712,4851.080,1512.648,0,84.036,0,12.005,1127,1660,0.840,1.430,1.040,0,0,1.000,0,0,18,300,0,10,0
18-06 20:06:32,1.749,0.750,95.970,0,0,5284784,298900,175352,2254752,4544.567,1565.506,0,0,0,0,1082,1462,0.840,1.430,1.040,1,0,0,0,0,18,300,0,10,0
18-06 20:06:33,1.499,0.250,97.699,0,0,5284784,298900,175352,2254752,4497.665,1619.159,0,179.907,0,10.994,923,1300,0.840,1.430,1.040,0,0,0,0,0,18,300,0,10,0
18-06 20:06:34,1.999,0.999,95.448,0,0,5277224,306452,175352,2254760,4229.692,1511.176,0,2846.447,0,223.878,1385,1855,0.840,1.430,1.040,1,0,0,0,0,18,300,0,7,0
18-06 20:06:35,0.751,0.500,97.843,0,0,5277248,306492,175352,2254760,5044.813,1663.587,0,52.050,0,5.005,887,1275,0.840,1.430,1.040,2,0,0,0,0,18,300,0,7,0
18-06 20:06:36,1.251,0.500,97.801,0,0,5277248,306492,175352,2254760,5059.628,1620.842,0,4.002,0,1.001,896,1284,0.770,1.410,1.040,1,0,0,0,0,18,300,0,7,0
18-06 20:06:37,0.750,0.500,97.999,0,0,5277244,306492,175356,2254760,5099.968,1619.990,0,40.000,0,1.000,869,1222,0.770,1.410,1.040,2,0,0,0,0,18,300,0,7,0
18-06 20:06:38,1.250,0.500,97.212,0,0,5277240,306492,175356,2254764,4738.154,1619.369,0,0,0,0,895,1238,0.770,1.410,1.040,1,0,0,0,0,18,300,0,5,0
18-06 20:06:39,1.000,0.500,96.978,0,0,5277236,306492,175356,2254768,4337.016,1457.669,0,0,0,0,1008,1400,0.770,1.410,1.040,1,0,0,0,0,18,300,0,5,0
18-06 20:06:40,0.999,0.999,97.161,0.250,0,5277232,306492,175360,2254768,3197.065,539.505,0,599.450,0,123.886,966,1356,0.770,1.410,1.040,2,0,0,0,0,18,300,0,5,0
18-06 20:06:41,1.999,0.750,95.948,0,0,5277224,306492,175364,2254772,5050.246,1565.146,0,75.959,0,6.996,1129,1514,0.710,1.390,1.030,1,0,0.999,0,0,18,300,0,5,0
18-06 20:06:42,0.752,0.501,97.774,0,0,5277224,306492,175364,2254772,4651.032,1462.097,0,8.022,0,1.003,926,1304,0.710,1.390,1.030,0,0,0,0,0,18,300,0,4,0
18-06 20:06:43,0.998,0.499,97.766,0,0,5277224,306492,175364,2254772,4341.617,1508.393,0,0,0,0,894,1274,0.710,1.390,1.030,1,0,0,0,0,18,300,0,4,0
18-06 20:06:44,1.751,0.500,96.321,0,0,5272604,311080,175384,2254784,4249.140,1567.158,4.003,2389.766,1.001,45.033,1228,1740,0.710,1.390,1.030,2,0,0,0,0,18,300,0,4,0
18-06 20:06:45,0.999,0.499,96.641,0.250,0,5272488,311188,175392,2254784,4466.959,1510.296,0,83.905,0,11.986,1055,1602,0.710,1.390,1.030,1,0,0,0,0,18,300,0,4,0
18-06 20:06:46,2.000,1.250,96.230,0,0,5272484,311188,175392,2254788,6103.752,1457.702,0,103.979,0,12.997,1268,1736,0.730,1.380,1.030,1,0,0,0,0,18,300,0,4,0
18-06 20:06:47,1.252,0.501,97.132,0,0,5272484,311188,175392,2254788,5693.755,1568.136,0,0,0,0,1084,1518,0.730,1.380,1.030,1,0,0,0,0,18,300,0,4,0
18-06 20:06:48,1.001,0.500,97.318,0,0,5272480,311188,175396,2254788,5675.994,1513.065,0,288.203,0,18.013,926,1345,0.730,1.380,1.030,1,0,0,0,0,18,300,0,4,0
18-06 20:06:49,7.499,3.000,86.993,2.250,0,5296032,286016,175592,2256212,4277.639,1457.877,1607.864,54667.393,214.982,78.993,1774,1940,0.730,1.380,1.030,1,1,5.000,0,0,18,300,0,4,0
18-06 20:06:50,12.249,4.250,80.746,1.750,0,5289080,291364,175880,2257528,13447.311,10682.453,1703.913,1859.905,350.982,211.989,3104,3618,0.730,1.380,1.030,2,0,5.000,0,0,18,300,0,6,0
18-06 20:06:51,14.488,3.497,80.185,0.250,0,5291612,288620,175880,2257740,15554.482,11979.359,79.936,307.752,4.996,27.977,2693,2837,0.670,1.360,1.020,1,0,5.995,0,0,18,300,0,8,0
18-06 20:06:52,14.033,3.007,81.192,0,0.251,5298996,280928,175884,2258044,16199.377,12200.904,0,200.475,0,21.050,2494,2587,0.670,1.360,1.020,1,0,5.012,0,0,18,300,0,9,0
18-06 20:06:53,13.448,3.487,80.940,0.249,0,5315544,264204,175888,2258216,13629.804,10576.496,15.939,255.023,0.996,27.893,2376,2511,0.670,1.360,1.020,1,0,4.981,0,0,18,300,0,10,0
18-06 20:06:54,19.810,6.269,73.222,0,0,5336104,243616,175896,2258236,15123.928,12097.738,0,328.999,0,38.116,4269,11042,0.670,1.360,1.020,3,0,41.125,0,0,18,300,0,12,0
18-06 20:06:55,29.209,4.743,64.409,0.250,0,5330148,249420,175900,2258384,15704.709,12064.875,0,303.569,0,28.959,3424,2855,0.670,1.360,1.020,3,0,18.973,0,0,18,296,0,14,0
18-06 20:06:56,39.563,9.265,50.580,0.250,0,5090764,488884,175904,2258400,4942.820,1514.396,32.051,152.241,6.010,14.022,2927,1759,0.700,1.350,1.020,4,0,4.006,0,0,18,284,0,16,0
18-06 20:06:57,64.132,11.229,23.706,0,0,5184348,395248,175912,2258448,4803.165,1563.125,35.934,646.810,4.991,35.934,3894,1812,0.700,1.350,1.020,4,0,0,0,0,18,284,0,16,0
18-06 20:06:58,64.012,12.752,23.004,0.250,0,5231944,346944,175920,2259148,4232.817,1512.292,512.099,404.078,36.007,14.003,4264,2634,0.700,1.350,1.020,5,0,4.001,0,0,18,286,0,16,0
18-06 20:06:59,70.443,11.030,18.049,0,0,5103124,475324,175928,2259612,4438.137,1570.294,56.154,112.307,7.019,12.033,4855,4970,0.700,1.350,1.020,4,0,5.014,0,0,18,270,0,21,0
18-06 20:07:00,66.222,11.245,21.491,0.250,0,5177872,400440,175932,2259812,4470.102,1553.340,11.995,99.958,1.999,13.994,4866,3772,0.700,1.350,1.020,4,0,6.997,0,0,18,268,0,21,0
18-06 20:07:01,63.626,8.202,26.345,0.497,0,5303800,271824,175940,2262540,5582.223,1449.489,1562.824,4815.724,67.603,598.486,6899,9586,0.880,1.380,1.030,5,0,2.982,0,0,18,274,0,26,0
18-06 20:07:02,32.185,6.286,59.593,0.754,0,5394188,179044,175976,2264896,24086.462,11960.757,470.706,1416.141,55.318,48.278,7213,12835,0.880,1.380,1.030,0,0,2.012,0,0,18,280,0,32,0
18-06 20:07:03,15.216,4.490,78.822,0,0,5415804,157160,175980,2265144,49327.343,11845.187,31.928,267.395,1.995,32.925,4853,6191,0.880,1.380,1.030,1,0,5.986,0,0,18,290,0,32,0
18-06 20:07:04,4.245,0.999,92.649,0.499,0,5415792,157160,175984,2265152,5559.920,1564.289,0,251.725,0,28.968,2437,3616,0.880,1.380,1.030,0,0,0,0,0,18,290,0,32,0
18-06 20:07:05,3.751,0.750,93.780,0.250,0,5415808,157160,175988,2265152,7474.366,1512.479,0,1528.484,0,163.052,2181,3041,0.880,1.380,1.030,1,0,0,0,0,18,290,0,32,0
18-06 20:07:06,14.281,5.011,78.673,0,0,5429104,178928,172864,2234696,7792.158,1461.218,288.636,1062.339,4.009,42.093,3073,3802,0.890,1.370,1.030,3,1,5.011,0,0,18,290,0,32,0
18-06 20:07:07,19.734,6.245,72.442,0.250,0,5451380,156524,172876,2234816,7719.812,1564.746,863.308,1730.613,10.991,101.918,3716,4041,0.890,1.370,1.030,1,0,6.994,0,0,18,290,0,32,0
18-06 20:07:08,3.997,0.999,93.937,0,0,5441880,166012,172884,2234820,4377.054,1618.910,0,71.952,0,5.996,2016,2948,0.890,1.370,1.030,1,0,1.999,0,0,18,290,0,32,0
18-06 20:07:09,4.498,1.249,93.449,0,0,5369352,238588,172888,2234812,4169.719,1511.173,0,83.954,0,10.994,2007,2800,0.890,1.370,1.030,1,0,0.999,0,0,18,279,0,33,0
18-06 20:07:10,0.999,1.249,96.692,0,0,5373368,234552,172896,2234824,4621.219,1712.969,0,87.947,0,9.994,1004,1413,0.890,1.370,1.030,0,0,0,0,0,18,279,0,33,0
18-06 20:07:11,1.501,0.500,96.835,0.250,0,5365008,242904,172900,2234828,4881.266,1621.417,0,48.042,0,6.005,1039,1438,0.820,1.350,1.030,1,0,1.001,0,0,18,279,0,32,0
18-06 20:07:12,1.251,0.751,97.316,0.250,0,5361400,246416,172908,2234916,4503.075,1621.107,80.055,96.066,4.003,12.008,1085,1659,0.820,1.350,1.030,0,0,0,0,0,18,279,0,32,0
18-06 20:07:13,2.251,0.750,95.295,0,0,5358312,249488,172912,2234928,4804.268,1620.765,16.008,320.151,1.000,41.019,1624,2450,0.820,1.350,1.030,1,0,0,0,0,18,279,0,32,0
18-06 20:07:14,1.750,0.500,96.237,0.250,0,5355376,252400,172924,2234940,4631.373,1565.788,0,295.960,0,32.996,1360,2040,0.820,1.350,1.030,2,0,0,0,0,18,279,0,32,0
18-06 20:07:15,1.500,1.000,97.005,0,0,5353020,254752,172932,2234936,4858.241,1512.075,0,224.011,0,22.001,1225,1803,0.820,1.350,1.030,2,0,0,0,0,18,279,0,32,0
18-06 20:07:16,2.000,1.000,95.480,0.250,0,5351164,256588,172944,2234944,5427.842,1565.666,0,307.934,0,32.993,1335,1874,0.920,1.360,1.030,1,0,0,0,0,18,279,0,32,0
18-06 20:07:17,0.500,0.250,97.585,0,0,5349360,258388,172944,2234948,4982.347,1513.320,0,472.412,0,10.009,916,1278,0.920,1.360,1.030,1,0,0,0,0,18,279,0,32,0
18-06 20:07:18,3.241,1.995,93.744,0.249,0,5339852,267804,172948,2235036,4828.806,1717.308,63.826,450.768,3.989,23.935,1503,1990,0.920,1.360,1.030,1,1,2.992,0,0,18,279,0,32,0
18-06 20:07:19,3.508,0.501,94.720,0,0,5339848,267804,172948,2235040,4259.872,1423.298,0,160.372,0,15.035,1387,1732,0.920,1.360,1.030,1,0,2.005,0,0,18,279,0,32,0
18-06 20:07:20,2.249,0.999,95.946,0,0,5339832,267804,172956,2235048,3905.791,1187.328,0,119.932,0,13.992,1201,1764,0.920,1.360,1.030,1,0,0.999,0,0,18,279,0,32,0
18-06 20:07:21,1.750,0.500,96.504,0.250,0,5328256,279360,172964,2235060,4665.199,1458.062,4.000,8612.367,1.000,1023.044,1463,1738,0.840,1.340,1.030,1,0,1.000,0,0,18,279,0,32,0
18-06 20:07:22,0.749,0.999,97.418,0,0,5328256,279360,172964,2235060,4148.516,1510.731,0,231.805,0,10.991,956,1353,0.840,1.340,1.030,1,0,0,0,0,18,279,0,32,0
18-06 20:07:23,2.250,0.750,95.256,0.250,0,5328232,279360,172984,2235064,4158.255,1458.089,0,572.035,0,53.003,1444,2175,0.840,1.340,1.030,2,0,0,0,0,18,279,0,32,0
18-06 20:07:24,2.247,0.499,96.376,0.499,0,5328220,279360,172988,2235072,4180.611,1563.984,0,183.763,0,26.965,1309,1924,0.840,1.340,1.030,0,0,0,0,0,18,279,0,32,0
18-06 20:07:25,1.002,0.501,97.443,0,0,5328212,279360,172992,2235076,4406.720,1460.891,0,72.143,0,8.016,910,1281,0.840,1.340,1.030,1,0,0,0,0,18,279,0,32,0
18-06 20:07:26,1.250,0.750,96.772,0,0,5328200,279360,173008,2235072,5008.124,1620.364,0,352.079,0,24.005,1004,1431,0.770,1.320,1.020,1,0,0,0,0,18,279,0,32,0
18-06 20:07:27,0.749,0.499,97.861,0,0,5328068,279360,173008,2235204,4733.298,1617.709,0,31.955,0,3.994,895,1339,0.770,1.320,1.020,0,0,0,0,0,18,279,0,32,0
18-06 20:07:28,1.000,0.750,97.503,0,0,5328060,279360,173012,2235208,4320.129,1620.048,0,44.001,0,4.000,964,1343,0.770,1.320,1.020,1,0,0,0,0,18,279,0,32,0
18-06 20:07:29,1.502,0.250,97.388,0,0,5328052,279360,173016,2235212,4177.939,1514.153,0,80.114,0,6.009,940,1331,0.770,1.320,1.020,2,0,0,0,0,18,279,0,32,0
18-06 20:07:30,8.498,5.499,83.984,0.750,0,5311612,294872,173168,2235972,3853.287,1695.686,1027.810,267.950,100.981,18.996,2720,3165,0.770,1.320,1.020,4,1,72.986,0,0,18,275,0,34,0
18-06 20:07:31,37.974,5.246,56.212,0.250,0,5019400,587016,173184,2236100,3798.436,1754.816,87.941,175.881,8.994,17.988,3108,2236,0.950,1.340,1.030,4,0,7.995,0,0,18,275,0,34,0
18-06 20:07:32,22.495,4.249,71.734,0.250,0,5095244,510408,173516,2236532,4351.000,2011.538,651.850,3.999,40.991,1.000,2289,1870,0.950,1.340,1.030,1,0,2.000,0,0,18,275,0,34,0
18-06 20:07:33,23.495,5.499,69.984,0.500,0,5153676,450720,173708,2237616,3917.113,1397.684,423.904,355.919,46.989,26.994,3606,5553,0.950,1.340,1.030,3,0,15.996,0,0,18,279,0,36,0
18-06 20:07:34,22.534,6.009,71.109,0,0,5211620,392812,173708,2237644,3599.496,865.321,0,809.235,0,50.076,2561,2508,0.950,1.340,1.030,2,0,5.008,0,0,18,279,0,36,0
18-06 20:07:35,19.988,2.249,76.204,0,0,5239952,364296,173708,2237828,3244.050,751.548,0,243.853,0,43.974,1873,1500,0.950,1.340,1.030,2,0,0.999,0,0,18,279,0,36,0
18-06 20:07:36,1.248,0.749,97.342,0,0,5240172,364072,173708,2237832,4915.005,1563.457,0,215.649,0,5.990,950,1317,0.880,1.320,1.030,2,0,0,0,0,18,279,0,36,0
18-06 20:07:37,1.752,0.751,96.131,0.250,0,5238764,365464,173720,2237836,4538.194,1514.067,0,408.558,0,33.045,1246,1799,0.880,1.320,1.030,0,1,1.001,0,0,18,279,0,36,0
18-06 20:07:38,1.251,0.250,97.053,0,0,5233492,370732,173720,2237840,4848.665,1608.884,0,100.055,0,11.006,1029,1423,0.880,1.320,1.030,1,0,0,0,0,18,279,0,36,0
18-06 20:07:39,7.001,1.250,90.259,0.500,0,5233728,370056,173740,2238260,4158.422,1458.148,396.040,560.057,24.002,40.004,2273,3415,0.880,1.320,1.030,0,1,0,0,0,18,279,0,36,0
18-06 20:07:40,1.249,0.500,97.199,0,0,5227628,376148,173748,2238260,4599.570,1601.154,0,243.871,0,19.989,957,1326,0.880,1.320,1.030,1,0,0,0,0,18,279,0,36,0
18-06 20:07:41,1.248,0.250,97.318,0,0,5224224,379552,173748,2238260,4195.150,1563.075,0,0,0,0,930,1327,0.810,1.300,1.020,1,0,0.998,0,0,18,279,0,36,0
18-06 20:07:42,1.249,0.750,96.945,0.250,0,5221024,382748,173748,2238264,4409.489,1511.139,0,4993.156,0,681.612,1178,1413,0.810,1.300,1.020,1,0,0,0,0,18,279,0,36,0
18-06 20:07:43,2.001,1.001,95.564,0.250,0.250,5218228,385544,173760,2238252,4262.853,1761.179,0,236.158,0,27.018,1474,2073,0.810,1.300,1.020,1,1,0,0,0,18,279,0,36,0
18-06 20:07:44,1.503,0.752,96.460,0.251,0,5215760,387992,173764,2238268,4209.177,1623.540,0,324.708,0,35.076,1300,1877,0.810,1.300,1.020,1,0,0,0,0,18,279,0,36,0
18-06 20:07:45,1.500,0.500,96.486,0.250,0,5213612,390132,173764,2238276,4799.294,1619.762,0,139.979,0,14.998,1114,1630,0.810,1.300,1.020,3,1,0,0,0,18,279,0,36,0
18-06 20:07:46,1.250,0.750,97.268,0,0,5211732,392004,173772,2238276,5644.062,1566.295,0,188.035,0,20.004,1107,1660,0.900,1.310,1.020,1,1,0,0,0,18,279,0,36,0
18-06 20:07:47,1.250,0.500,97.212,0,0,5210088,393644,173772,2238280,5997.662,1619.369,0,103.959,0,7.997,888,1267,0.900,1.310,1.020,1,0,0,0,0,18,279,0,36,0
18-06 20:07:48,1.250,1.000,97.246,0,0,5208648,395080,173776,2238280,5231.791,1751.930,0,143.994,0,8.000,991,1382,0.900,1.310,1.020,1,1,0,0,0,18,279,0,36,0
18-06 20:07:49,1.248,0.250,96.844,0.250,0,5207388,396336,173780,2238280,4564.658,1749.186,0,347.441,0,27.955,940,1388,0.900,1.310,1.020,1,0,0,0,0,18,279,0,36,0
18-06 20:07:50,1.503,0.751,97.687,0,0,5206432,397292,173780,2238280,3999.642,1514.895,0,0,0,0,931,1332,0.900,1.310,1.020,2,0,0,0,0,18,279,0,36,0
18-06 20:07:51,1.500,0.500,97.009,0,0,5207184,396540,173780,2238280,4383.407,1656.154,0,0,0,0,996,1395,0.830,1.290,1.020,2,0,1.000,0,0,18,279,0,36,0
18-06 20:07:52,0.749,0.999,96.874,0,0,5206932,396792,173780,2238280,4406.273,1510.037,0,0,0,0,894,1298,0.830,1.290,1.020,1,0,0,0,0,18,279,0,32,0
18-06 20:07:53,1.750,0.750,95.771,0,0.250,5206932,396792,173796,2238264,4366.968,1608.356,0,136.030,0,21.005,1297,1866,0.830,1.290,1.020,0,0,0,0,0,18,279,0,32,0
18-06 20:07:54,7.256,4.253,87.568,0.500,0,5207300,396364,173828,2238292,4175.251,1513.178,0,492.383,0,54.042,2792,10215,0.830,1.290,1.020,1,0,36.028,0,0,18,279,0,33,0
18-06 20:07:55,1.750,0.250,95.998,0.250,0,5206740,396868,173884,2238292,5025.908,1565.971,0,2911.947,0,178.997,1403,2198,0.830,1.290,1.020,1,0,0,0,0,18,279,0,33,0
18-06 20:07:56,1.750,0.750,96.983,0,0,5206740,396868,173884,2238292,5388.028,1511.727,0,71.987,0,9.998,935,1289,0.760,1.270,1.010,1,0,0,0,0,18,279,0,24,0
18-06 20:07:57,1.249,0.250,97.175,0,0,5206740,396868,173884,2238292,4694.385,1596.770,0,0,0,0,901,1219,0.760,1.270,1.010,1,0,0,0,0,18,279,0,24,0
18-06 20:07:58,1.249,0.500,97.175,0,0,5206992,396616,173884,2238292,4070.842,1133.121,0,683.470,0,152.881,997,1287,0.760,1.270,1.010,1,0,0,0,0,18,279,0,24,0
18-06 20:07:59,0.751,0.250,97.861,0,0,5206988,396616,173884,2238296,4268.864,1405.601,0,0,0,0,893,1263,0.760,1.270,1.010,1,0,0,0,0,18,279,0,24,0
18-06 20:08:00,1.998,0.999,96.398,0.250,0,5206980,396616,173892,2238296,4924.793,1456.460,0,99.894,0,12.986,1102,1658,0.760,1.270,1.010,1,0,0,0,0,18,279,0,19,0
18-06 20:08:01,4.515,10.536,83.030,0,0,5214888,388696,173892,2238308,5521.646,1715.794,0,297.003,0,25.085,4155,4169,0.860,1.280,1.020,1,0,279.945,0,0,18,279,0,19,0
18-06 20:08:02,21.235,5.246,72.698,0,0,5281504,322072,173892,2238316,5116.341,1618.842,0,0,0,0,2300,1852,0.860,1.280,1.020,2,0,32.976,0,0,18,279,0,19,0
18-06 20:08:03,17.482,3.496,77.421,0,0.250,5300052,302144,173920,2238336,13693.068,10998.809,23.976,255.740,5.994,20.979,2792,2923,0.860,1.280,1.020,0,0,5.994,0,0,18,280,0,21,0
18-06 20:08:04,28.504,6.251,61.758,1.750,0,5321600,279236,173960,2239656,7583.030,3500.475,1092.148,1628.221,63.009,206.028,6310,8850,0.860,1.280,1.020,3,0,4.001,0,0,18,279,0,11,0
18-06 20:08:05,37.950,8.988,51.931,0,0,5408084,192580,173968,2239812,15330.677,10448.150,143.809,371.508,6.991,17.976,3435,2478,0.860,1.280,1.020,2,0,26.964,0,0,18,283,0,13,0
18-06 20:08:06,28.485,5.247,65.216,0.250,0,5418804,181572,173972,2240100,35109.443,30152.064,239.873,171.909,13.993,6.996,3322,2980,0.870,1.280,1.020,0,0,34.982,0,0,18,279,0,21,0
18-06 20:08:07,1.253,0.501,97.698,0.251,0,5412380,187992,173976,2240100,5891.933,1665.373,0,188.382,0,12.024,978,1393,0.870,1.280,1.020,2,0,0,0,0,18,279,0,21,0
18-06 20:08:08,1.250,0.750,97.002,0,0,5406352,194020,173976,2240100,4158.095,1500.034,0,120.003,0,9.000,963,1344,0.870,1.280,1.020,1,0,0,0,0,18,279,0,21,0
18-06 20:08:09,0.500,0.999,96.420,0.250,0,5398292,202064,173988,2240104,4514.270,1540.727,3.997,2673.791,0.999,158.869,1249,1979,0.870,1.280,1.020,1,0,0,0,0,18,279,0,21,0
18-06 20:08:10,1.249,0.250,97.413,0,0,5388028,212328,173988,2240104,3890.518,1442.709,0,67.939,0,5.995,926,1398,0.870,1.280,1.020,4,0,0,0,0,18,279,0,21,0
18-06 20:08:11,2.002,1.001,95.609,0,0,5378944,221408,173988,2240108,6697.616,1955.223,0,348.396,0,67.076,1156,1489,0.800,1.250,1.010,1,0,1.001,0,0,18,279,0,21,0
18-06 20:08:12,2.752,0.500,95.308,0.250,0,5371092,229248,173988,2240120,7981.880,2125.299,0,68.042,0,7.004,1299,1585,0.800,1.250,1.010,2,0,1.001,0,0,18,279,0,20,0
18-06 20:08:13,3.748,0.750,93.939,0.250,0,5365368,234940,173988,2240152,4842.834,1564.977,31.979,187.877,1.999,26.982,1575,2222,0.800,1.250,1.010,0,0,1.999,0,0,18,279,0,20,0
18-06 20:08:14,1.999,1.500,94.471,0.500,0,5358404,241860,174000,2240184,4456.648,1457.558,15.995,2391.275,1.000,408.876,1695,2437,0.800,1.250,1.010,2,0,1.000,0,0,18,279,0,20,0
18-06 20:08:15,1.751,0.250,96.531,0,0,5352568,247676,174008,2240196,4519.439,1458.464,0,192.061,0,20.006,1219,1749,0.800,1.250,1.010,1,0,0,0,0,18,279,0,20,0
18-06 20:08:16,2.251,0.750,95.060,0.250,0,5334272,265960,174016,2240200,4551.870,1512.954,0,260.164,0,29.018,1295,1770,0.820,1.250,1.010,2,0,0,0,0,18,279,0,20,0
18-06 20:08:17,1.499,0.750,97.200,0,0,5332096,268136,174016,2240200,4843.520,1565.199,0,131.932,0,9.995,1054,1497,0.820,1.250,1.010,0,0,0,0,0,18,279,0,20,0
18-06 20:08:18,1.748,0.499,96.373,0,0,5330192,270040,174016,2240200,5045.327,1563.932,0,107.857,0,8.988,1066,1461,0.820,1.250,1.010,1,0,0.999,0,0,18,279,0,20,0
18-06 20:08:19,2.750,1.250,94.739,0.250,0,5330660,269536,174024,2240228,4717.432,1751.789,0,691.917,0,45.994,1472,2020,0.820,1.250,1.010,0,0,3.000,0,0,18,279,0,20,0
18-06 20:08:20,3.508,0.752,94.708,0.251,0,5329696,270368,174024,2240360,4708.351,1635.596,0,152.335,0,17.037,1542,2154,0.820,1.250,1.010,1,0,2.004,0,0,18,279,0,22,0
18-06 20:08:21,1.250,0.750,97.002,0,0,5327780,272272,174024,2240372,4949.124,1566.039,0,0,0,0,1059,1429,0.750,1.230,1.010,1,0,1.000,0,0,18,279,0,20,0
18-06 20:08:22,1.249,0.500,97.655,0,0,5326792,273260,174024,2240372,5015.124,1618.426,0,0,0,0,949,1316,0.750,1.230,1.010,1,0,0,0,0,18,279,0,20,0
18-06 20:08:23,1.498,0.999,95.883,0.250,0,5325956,274076,174044,2240372,4286.778,1510.160,0,319.611,0,34.957,1417,2121,0.750,1.230,1.010,0,0,0,0,0,18,279,0,20,0
18-06 20:08:24,2.002,0.500,95.573,0,0,5326172,273852,174056,2240368,4429.406,1567.205,0,488.376,0,51.039,1495,2322,0.750,1.230,1.010,1,0,0,0,0,18,279,0,20,0
18-06 20:08:25,1.252,1.001,97.120,0.250,0,5326168,273852,174056,2240372,4417.436,1654.036,0,152.187,0,15.018,1008,1391,0.750,1.230,1.010,2,0,0,0,0,18,279,0,20,0
18-06 20:08:26,2.247,0.499,95.383,0,0,5326160,273852,174056,2240380,10569.989,2873.463,0,163.798,0,13.983,1148,1486,0.770,1.220,1.010,0,0,0,0,0,18,279,0,20,0
18-06 20:08:27,1.501,0.751,97.325,0,0,5326152,273852,174056,2240388,4107.170,1591.228,0,108.083,0,8.006,972,1364,0.770,1.220,1.010,2,0,0,0,0,18,279,0,20,0
18-06 20:08:28,0.749,0.499,96.863,0,0,5326148,273852,174060,2240388,4563.569,1617.720,0,291.589,0,17.975,1018,1400,0.770,1.220,1.010,1,0,0,0,0,18,279,0,20,0
18-06 20:08:29,1.001,0.751,97.645,0.250,0,5326148,273852,174060,2240388,4404.538,1460.167,0,32.048,0,4.006,899,1273,0.770,1.220,1.010,1,0,0,0,0,18,279,0,20,0
18-06 20:08:30,2.001,1.000,96.277,0.500,0,5325880,274108,174068,2240392,4399.249,1458.414,0,1136.323,0,222.063,1336,1756,0.770,1.220,1.010,3,0,0,0,0,18,279,0,20,0
18-06 20:08:31,1.249,0.750,95.948,0,0,5325876,274108,174072,2240392,4546.558,1511.188,0,255.863,0,23.987,1198,1710,0.790,1.220,1,1,0,0.999,0,0,18,279,0,20,0
18-06 20:08:32,1.749,0.500,96.192,0,0,5325840,274108,174072,2240428,4589.249,1511.094,0,19.988,0,0.999,1095,1403,0.790,1.220,1,1,0,0,0,0,18,279,0,20,0
18-06 20:08:33,2.500,1.000,95.491,0.250,0,5325836,274108,174072,2240432,4531.556,1511.852,0,191.981,0,24.998,1438,2067,0.790,1.220,1,1,0,2.000,0,0,18,279,0,18,0
18-06 20:08:34,1.999,0.750,95.205,1.000,0,5325804,274108,174096,2240440,4809.715,1751.168,0,2226.942,0,151.928,1698,2705,0.790,1.220,1,1,0,0,0,0,18,279,0,18,0
18-06 20:08:35,1.252,0.751,96.909,0,0,5325800,274108,174096,2240444,4733.783,1568.579,0,352.580,0,16.026,959,1354,0.790,1.220,1,1,0,0,0,0,18,279,0,18,0
18-06 20:08:36,1.750,1.750,95.772,0,0,5326212,273688,174100,2240448,4744.088,1566.359,0,264.061,0,14.003,1298,1530,0.730,1.200,1,1,0,18.004,0,0,18,279,0,18,0
18-06 20:08:37,0.999,0.499,96.861,0.250,0,5326188,273692,174116,2240452,4898.969,1563.756,0,1561.758,0,81.882,1051,1591,0.730,1.200,1,1,0,0,0,0,18,279,0,16,0
18-06 20:08:38,1.000,0.500,97.248,0,0,5326188,273692,174116,2240452,4439.898,1661.962,0,63.999,0,4.000,987,1350,0.730,1.200,1,3,0,0,0,0,18,279,0,16,0
18-06 20:08:39,0.999,0.500,97.448,0,0,5325840,274040,174116,2240452,4499.605,1619.138,0,7.996,0,1.999,975,1367,0.730,1.200,1,1,0,0,0,0,18,279,0,16,0
18-06 20:08:40,1.250,0.500,97.245,0,0,5325840,274040,174116,2240452,4139.790,1619.918,0,47.998,0,6.000,935,1323,0.730,1.200,1,1,0,0,0,0,18,279,0,16,0
18-06 20:08:41,1.500,1.000,97.265,0,0,5325840,274040,174116,2240452,4517.680,1620.244,0,620.093,0,133.020,1063,1500,0.670,1.180,0.990,1,0,1.000,0,0,18,279,0,16,0
18-06 20:08:42,1.251,0.501,96.847,0,0,5326064,273816,174116,2240452,4128.145,1645.652,0,52.052,0,7.007,993,1360,0.670,1.180,0.990,0,0,0,0,0,18,279,0,16,0
18-06 20:08:43,1.752,1.001,96.087,0.250,0,5326064,273816,174116,2240452,4189.787,1567.417,0,136.123,0,22.020,1289,1875,0.670,1.180,0.990,2,0,0,0,0,18,279,0,16,0
18-06 20:08:44,1.748,0.500,95.914,0.250,0,5326044,273816,174120,2240468,4527.940,1510.646,0,435.609,0,43.961,1408,2131,0.670,1.180,0.990,1,0,0,0,0,18,279,0,16,0
18-06 20:08:45,1.498,0.499,96.618,0.250,0,5326036,273816,174128,2240468,4779.483,1563.868,0,187.744,0,19.973,1185,1771,0.670,1.180,0.990,1,0,0,0,0,18,279,0,16,0
18-06 20:08:46,1.754,0.752,96.237,0.251,0,5326028,273816,174132,2240472,5267.983,1461.602,0,208.514,0,21.052,1196,1791,0.780,1.190,1,1,0,0,0,0,18,279,0,16,0
18-06 20:08:47,0.500,0.500,97.486,0,0,5326024,273816,174136,2240472,6239.120,1619.772,0,259.963,0,40.994,930,1286,0.780,1.190,1,1,0,0,0,0,18,279,0,16,0
18-06 20:08:48,1.499,0.500,97.190,0,0,5326024,273816,174136,2240472,5904.369,1457.104,0,7.995,0,1.999,919,1241,0.780,1.190,1,1,0,0,0,0,18,279,0,16,0
18-06 20:08:49,1.248,0.499,97.353,0,0,5326020,273816,174140,2240472,4211.626,1455.797,0,359.456,0,20.968,931,1346,0.780,1.190,1,1,0,0,0,0,18,279,0,16,0
18-06 20:08:50,1.002,0.501,97.977,0,0,5326020,273816,174140,2240472,4239.830,1593.695,0,44.102,0,4.009,847,1274,0.780,1.190,1,1,0,0,0,0,18,279,0,16,0
18-06 20:08:51,0.750,0.750,97.250,0,0.250,5326016,273816,174140,2240476,4655.012,1458.004,0,456.001,0,102.000,1060,1435,0.710,1.170,0.990,1,0,1.000,0,0,18,279,0,16,0
18-06 20:08:52,0.999,0.999,97.170,0,0,5326016,273816,174140,2240476,4514.261,1456.793,0,0,0,0,895,1309,0.710,1.170,0.990,1,0,0,0,0,18,279,0,16,0
18-06 20:08:53,1.998,0.749,95.673,0.500,0,5325992,273816,174164,2240476,4376.488,1618.701,0,167.865,0,24.980,1242,1865,0.710,1.170,0.990,1,0,0,0,0,18,279,0,16,0
18-06 20:08:54,6.995,3.747,87.437,0,0,5326156,273640,174172,2240480,4496.745,1660.798,0,459.667,0,48.965,2862,7517,0.710,1.170,0.990,2,0,35.974,0,0,18,279,0,17,0
18-06 20:08:55,0.752,0.251,97.720,0,0,5326152,273640,174176,2240480,4810.831,1665.750,0,48.108,0,6.014,899,1336,0.710,1.170,0.990,2,0,0,0,0,18,279,0,17,0
18-06 20:08:56,4.002,3.252,92.051,0,0,5332588,267196,174180,2240484,5105.812,1566.863,0,48.026,0,6.003,1619,1718,0.660,1.150,0.990,2,0,37.020,0,0,18,279,0,17,0
18-06 20:08:57,19.025,3.505,77.101,0.250,0,5354200,245328,174184,2240744,13397.496,9599.536,32.042,813.062,2.003,133.174,2839,3406,0.660,1.150,0.990,3,0,0,0,0,18,282,0,16,0
18-06 20:08:58,7.745,6.495,84.191,0.250,0,5358036,241380,174188,2240852,8103.335,4541.825,23.983,79.944,2.998,6.995,3096,2888,0.660,1.150,0.990,1,0,125.912,0,0,18,283,0,17,0
18-06 20:08:59,8.981,18.211,71.097,0,0,5351292,248068,174196,2240900,16900.588,2598.402,3.991,15.966,0.998,1.996,5861,4764,0.660,1.150,0.990,2,0,373.196,0,0,18,283,0,18,0
18-06 20:09:00,22.317,4.012,72.466,0,0,5411680,187588,174200,2240984,4393.098,1624.845,72.215,397.184,4.012,13.039,2251,2047,0.660,1.150,0.990,1,0,2.006,0,0,18,283,0,18,0
18-06 20:09:01,22.942,3.491,72.067,0.748,0,5438660,158872,174284,2242624,4952.458,1454.317,698.232,387.020,74.811,24.937,2360,2264,0.840,1.180,1,1,1,0.997,0,0,18,283,0,18,0
18-06 20:09:02,21.554,3.509,71.931,1.504,0.251,5449300,142492,174436,2247996,5329.445,1774.477,2410.080,192.486,239.604,3.008,2470,2288,0.840,1.180,1,1,0,3.008,0,0,18,282,0,18,1
18-06 20:09:03,23.743,5.249,68.980,0.500,0,5493648,134028,172980,2214804,4912.602,1655.529,15.995,959.727,1.000,50.985,3956,4798,0.840,1.180,1,1,0,5.998,0,0,18,282,0,18,2
18-06 20:09:04,24.249,4.250,69.248,0.500,0,5493028,134328,173068,2215036,5297.885,1457.968,0,835.982,0,105.998,6210,8431,0.840,1.180,1,1,0,0,0,0,18,285,0,19,2
18-06 20:09:05,22.429,3.987,70.777,1.495,0,5494760,131340,173160,2216188,7693.752,2401.432,1036.733,1351.740,66.790,183.422,4664,6245,0.840,1.180,1,1,0,0.997,0,0,18,288,0,21,2
18-06 20:09:06,10.268,1.503,85.398,0.751,0,5490884,134944,173204,2216416,7999.834,2348.060,224.388,1278.210,12.021,149.258,2902,4147,0.780,1.160,0.990,2,0,0,0,0,18,289,0,15,2
18-06 20:09:07,5.749,1.500,90.739,0.750,0,5488108,137372,173280,2216688,7172.120,1920.764,15.998,8015.017,1.000,773.905,3028,4568,0.780,1.160,0.990,1,0,0,0,0,18,288,0,17,2
18-06 20:09:08,7.751,1.750,89.010,1.000,0,5486804,138504,173340,2216800,11634.317,3298.373,64.007,988.112,4.000,95.011,2741,3863,0.780,1.160,0.990,0,0,0,0,0,18,288,0,17,2
18-06 20:09:09,20.466,3.993,72.131,0.998,0,5486016,138860,173436,2217136,4302.910,1347.779,47.921,2104.532,2.995,227.625,6355,9703,0.780,1.160,0.990,1,0,0.998,0,0,18,291,0,19,2
18-06 20:09:10,24.769,4.253,67.801,1.251,0,5486384,138048,173540,2217476,3928.950,1337.004,0,2501.878,0,234.176,7864,11958,0.780,1.160,0.990,1,0,0,0,0,18,292,0,12,2
18-06 20:09:11,9.486,2.496,85.625,1.248,0,5485948,138208,173596,2217696,8475.590,3271.210,15.977,2440.427,0.999,239.649,3420,5301,0.710,1.150,0.990,1,0,0.999,0,0,18,290,0,13,2
18-06 20:09:12,8.771,1.504,87.205,0.752,0,5484652,139404,173620,2217772,15265.952,4081.612,0,1595.758,0,156.368,3309,4564,0.710,1.150,0.990,0,0,0,0,0,18,290,0,14,2
18-06 20:09:13,17.018,3.754,76.833,1.502,0,5483160,140636,173676,2217976,4685.052,1621.749,16.017,2370.556,1.001,263.284,5569,8944,0.710,1.150,0.990,2,0,0,0,0,18,291,0,14,2
18-06 20:09:14,23.757,4.751,67.270,1.250,0.250,5483440,139832,173760,2218416,4381.307,1620.483,0,8214.451,0,623.186,8735,14170,0.710,1.150,0.990,0,1,0,0,0,18,291,0,14,2
18-06 20:09:15,7.228,1.495,88.476,1.246,0,5483264,139912,173776,2218496,5780.073,2390.586,0,2432.456,0,203.369,3038,4615,0.710,1.150,0.990,1,0,0,0,0,18,290,0,15,2
18-06 20:09:16,12.752,2.750,82.515,1.000,0,5486720,136220,173792,2218716,6518.171,2562.460,0,1436.258,0,187.034,3938,5519,0.740,1.140,0.990,0,0,0,0,0,18,290,0,16,2
18-06 20:09:17,11.758,2.502,83.559,0.751,0,5490128,132696,173828,2218796,5922.215,2401.709,0,1473.048,0,166.118,3540,4991,0.740,1.140,0.990,2,0,0,0,0,18,290,0,17,2
18-06 20:09:18,10.768,1.753,86.392,0.250,0,5490976,131700,173828,2218944,5358.788,1622.661,144.237,621.018,7.011,39.064,2371,2775,0.740,1.140,0.990,1,0,1.002,0,0,18,292,0,17,2
18-06 20:09:19,9.732,2.246,85.088,0.749,0,5493676,128692,173868,2219212,11796.609,3357.627,0,1413.317,0,147.720,3532,5030,0.740,1.140,0.990,2,0,2.994,0,0,18,290,0,19,2
18-06 20:09:20,13.001,2.500,82.504,0.750,0,5493288,128440,173892,2219828,11459.522,3298.150,416.019,1340.061,20.001,141.006,3984,5845,0.740,1.140,0.990,1,0,2.000,0,0,18,290,0,23,2
18-06 20:09:21,6.755,1.751,88.809,0.500,0,5493744,127936,173896,2219872,12084.059,3300.201,0,1152.769,0,121.081,2675,3921,0.680,1.120,0.980,1,0,1.001,0,0,18,290,0,23,2
18-06 20:09:22,16.748,3.250,77.242,2.000,0,5493864,127684,173984,2219912,5021.468,1759.814,0,6295.334,0,507.946,6092,9822,0.680,1.120,0.980,2,0,0,0,0,18,291,0,21,2
18-06 20:09:23,25.048,5.260,66.376,1.503,0,5485060,174316,172688,2185084,4408.396,1460.782,0,10828.624,0,1146.183,9005,13171,0.680,1.120,0.980,2,0,0,0,0,18,290,0,24,2
18-06 20:09:24,25.463,5.242,66.153,1.248,0,5485028,173840,172792,2185488,4074.041,1617.634,0,2712.033,0,357.477,8838,13904,0.680,1.120,0.980,1,0,0,0,0,18,290,0,25,2
18-06 20:09:25,16.981,2.997,78.163,0.749,0,5486332,172328,172844,2185644,3150.483,593.338,0,1182.680,0,99.888,5274,7827,0.680,1.120,0.980,1,0,0.999,0,0,18,292,0,25,2
18-06 20:09:26,4.504,1.251,93.073,0,0,5486268,172360,172848,2185672,10549.285,2717.134,0,552.434,0,27.021,1619,1896,0.620,1.100,0.980,1,0,0,0,0,18,292,0,25,2
18-06 20:09:27,3.748,0.500,93.962,0.750,0,5486212,172360,172860,2185716,4744.088,1751.294,0,471.810,0,24.990,1455,1775,0.620,1.100,0.980,1,0,0,0,0,18,292,0,25,2
18-06 20:09:28,22.267,4.253,70.054,1.251,0,5486340,171856,173064,2185888,4263.316,1621.261,0,2437.896,0,313.244,7566,12007,0.620,1.100,0.980,1,0,0,0,0,18,292,0,26,2
18-06 20:09:29,24.428,5.484,67.300,1.745,0,5486192,171352,173316,2186288,4367.052,1615.211,0,6983.295,0,544.386,9002,14097,0.620,1.100,0.980,1,0,0,0,0,18,292,0,27,2
18-06 20:09:30,13.281,2.255,81.691,0.501,0,5488804,168076,173420,2186848,4269.984,1623.797,272.638,1824.266,16.038,183.429,4422,6625,0.620,1.100,0.980,0,0,0,0,0,18,291,0,28,2
18-06 20:09:31,13.725,2.495,80.601,1.248,0,5489592,167068,173556,2186932,5666.560,2581.244,0,2008.300,0,225.584,3902,5743,0.650,1.100,0.980,1,0,0.998,0,0,18,291,0,31,2
18-06 20:09:32,5.758,1.502,91.877,0.250,0,5489504,167068,173596,2186980,4372.042,1568.167,64.089,1037.434,4.006,69.095,1812,2494,0.650,1.100,0.980,3,0,0,0,0,18,292,0,33,2
18-06 20:09:33,5.496,1.749,90.187,0.749,0,5491016,165304,173732,2187096,5459.173,2378.333,3.997,5919.850,0.999,169.881,2653,4130,0.650,1.100,0.980,1,0,1.999,0,0,18,291,0,34,2
18-06 20:09:34,14.016,2.253,82.344,1.001,0,5491256,164828,173868,2187196,5801.637,2405.752,0,1429.636,0,167.191,3895,5529,0.650,1.100,0.980,2,0,0,0,0,18,290,0,37,2
18-06 20:09:35,14.963,2.244,80.299,0.998,0,5498400,157268,173964,2187516,11364.553,3289.765,0,1400.494,0,157.605,3874,5176,0.650,1.100,0.980,1,0,0,0,0,18,291,0,41,2
18-06 20:09:36,10.775,1.754,85.696,0.501,0,5498504,157016,174044,2187584,5805.296,2087.782,32.073,1335.058,1.002,129.296,2821,3942,0.840,1.130,0.990,0,0,0,0,0,18,291,0,43,2
18-06 20:09:37,9.000,1.500,86.504,1.000,0,5502572,152732,174200,2187644,4644.231,1855.092,0,6028.299,0,381.019,2947,4505,0.840,1.130,0.990,3,0,1.000,0,0,18,291,0,46,2
18-06 20:09:38,4.244,1.498,93.129,0.499,0,5502708,152480,174272,2187688,11713.724,3100.956,0,7110.727,0,797.959,2386,3156,0.840,1.130,0.990,3,0,0,0,0,18,291,0,46,2
18-06 20:09:39,7.497,1.749,87.718,0.500,0,5502640,152228,174328,2187952,4276.422,1457.462,15.994,787.709,1.000,109.959,3047,4517,0.840,1.130,0.990,1,0,0,0,0,18,291,0,46,2
18-06 20:09:40,14.022,2.254,81.378,1.502,0,5503444,151220,174440,2188044,5386.490,2428.828,0,1310.065,0,200.316,3514,5205,0.840,1.130,0.990,1,0,0,0,0,18,291,0,50,2
18-06 20:09:41,13.030,2.005,83.190,0.501,0,5504716,149708,174516,2188208,4647.624,1623.712,8.018,1487.400,1.002,145.332,2899,4014,0.850,1.130,0.990,2,0,1.002,0,0,18,290,0,55,2
18-06 20:09:42,4.479,0.995,93.054,0.249,0,5504604,149708,174568,2188268,5292.636,2413.434,0,800.165,0,72.652,1820,2692,0.850,1.130,0.990,1,0,0,0,0,18,291,0,55,2
18-06 20:09:43,6.766,1.504,90.467,0.501,0,5504776,149456,174628,2188288,4294.301,1527.664,0,866.077,0,86.207,2313,3268,0.850,1.130,0.990,1,0,0,0,0,18,291,0,56,2
18-06 20:09:44,5.753,1.251,91.048,0.500,0,5504680,149456,174692,2188320,3902.072,1620.861,0,864.459,0,88.047,2298,3337,0.850,1.130,0.990,1,0,0,0,0,18,291,0,56,2
18-06 20:09:45,4.244,1.248,92.621,0.250,0,5504872,149204,174728,2188344,4331.956,1455.969,0,722.991,0,72.898,1844,2720,0.850,1.130,0.990,1,0,0,0,0,18,291,0,57,2
18-06 20:09:46,5.494,1.249,92.142,0.499,0,5504816,149204,174764,2188364,5290.814,1618.108,0,886.963,0,84.901,2110,2964,0.790,1.110,0.990,1,0,0,0,0,18,291,0,57,2
18-06 20:09:47,10.510,1.501,85.578,1.251,0,5505180,148700,174840,2188428,7863.162,3399.096,0,1497.364,0,183.167,3191,4636,0.790,1.110,0.990,1,0,1.001,0,0,18,291,0,61,2
18-06 20:09:48,7.026,1.004,91.344,0.251,0,5505248,148448,174856,2188596,6224.407,2489.361,0,859.231,0,73.276,2095,2902,0.790,1.110,0.990,1,0,0,0,0,18,290,0,64,2
18-06 20:09:49,4.750,1.500,91.002,1.000,0,5504952,148448,175100,2188648,5529.133,1686.041,0,7396.178,0,495.012,3020,5276,0.790,1.110,0.990,1,0,0,0,0,18,291,0,65,2
18-06 20:09:50,14.712,1.745,81.040,0.748,0,5505000,148196,175216,2188736,11857.212,3751.259,0,1412.333,0,189.508,4025,5728,0.790,1.110,0.990,1,0,0,0,0,18,291,0,69,2
18-06 20:09:51,9.492,1.249,86.427,0.999,0.250,5505468,147440,175288,2188952,4703.030,1618.634,0,1075.092,0,126.893,3367,4786,0.800,1.110,0.990,0,0,0.999,0,0,18,291,0,69,2
18-06 20:09:52,8.491,1.998,87.154,0.749,0,5505816,146936,175344,2189052,4093.468,1456.388,15.982,970.925,0.999,123.863,2593,3639,0.800,1.110,0.990,3,0,0,0,0,18,292,0,72,2
18-06 20:09:53,7.244,0.999,90.677,0.749,0,5505684,146936,175404,2189124,5475.577,2624.880,0,1091.119,0,117.905,2412,3705,0.800,1.110,0.990,1,0,0,0,0,18,291,0,74,2
18-06 20:09:54,12.523,4.007,81.151,0.501,0,5537804,150624,174192,2158868,5459.168,2331.342,0,5566.367,0,702.308,4197,8924,0.800,1.110,0.990,1,0,34.063,0,0,18,291,0,77,2
18-06 20:09:55,10.013,2.754,85.866,0.501,0,5523676,164488,174260,2156364,5362.222,2085.809,0,1506.028,0,141.190,3140,8153,0.800,1.110,0.990,2,0,2.003,0,0,18,291,0,78,2
18-06 20:09:56,11.219,1.745,84.015,0.997,0,5523812,164236,174304,2156436,7713.399,2678.499,0,1424.012,0,162.545,3206,4444,0.820,1.110,0.990,0,0,0,0,0,18,291,0,83,2
18-06 20:09:57,6.030,1.256,92.203,0.754,0,5523740,164236,174320,2156492,8215.361,2243.020,0,747.673,0,58.286,2147,2922,0.820,1.110,0.990,2,0,0,0,0,18,292,0,84,2
18-06 20:09:58,25.743,5.249,64.483,1.999,0,5523720,163760,174432,2156876,4522.836,1523.608,0,3771.029,0,508.869,9513,15216,0.820,1.110,0.990,1,0,0,0,0,18,292,0,84,2
18-06 20:09:59,24.955,4.242,67.878,1.248,0,5523344,163760,174480,2157204,4809.370,1455.388,15.971,9335.249,0.998,644.843,8899,14029,0.820,1.110,0.990,1,0,0,0,0,18,292,0,83,2
18-06 20:10:00,6.492,1.498,90.140,0.749,0,5523160,163760,174508,2157360,4494.532,1618.032,63.922,1701.930,3.995,135.835,2899,4446,0.820,1.110,0.990,1,0,0,0,0,18,291,0,83,2
18-06 20:10:01,12.984,2.247,81.150,0.749,0,5523180,163508,174528,2157572,6826.594,2425.014,0,1681.929,0,195.759,3794,5523,0.750,1.090,0.980,1,0,0.999,0,0,18,291,0,88,2
18-06 20:10:02,7.267,1.754,89.463,1.002,0,5523104,163508,174552,2157624,7188.152,2517.006,0,1728.123,0,171.409,2702,3976,0.750,1.090,0.980,1,0,0,0,0,18,291,0,90,2
18-06 20:10:03,10.250,2.500,86.752,0.250,0,5523308,163256,174584,2157640,5160.118,2017.046,0,1184.027,0,118.003,3287,4365,0.750,1.090,0.980,1,0,6.000,0,0,18,292,0,91,2
18-06 20:10:04,3.749,0.500,91.974,0.750,0,5523052,163256,174612,2157868,5981.289,1523.564,0,1631.533,0,137.961,2201,3476,0.750,1.090,0.980,2,0,0,0,0,18,291,0,91,2
18-06 20:10:05,10.488,1.998,85.651,1.498,0,5523176,163004,174672,2157936,13699.208,3456.016,0,6576.419,0,462.467,3779,5719,0.750,1.090,0.980,1,0,0,0,0,18,291,0,94,2
18-06 20:10:06,18.275,4.005,75.602,1.001,0,5522880,163004,174704,2158200,7166.687,1622.193,48.065,2659.595,2.003,281.380,6385,9522,0.850,1.110,0.990,2,0,0,0,0,18,292,0,95,2
18-06 20:10:07,23.689,5.236,65.581,1.745,0,5523396,161996,174756,2158640,4985.122,1496.135,0,4061.508,0,431.884,9102,14506,0.850,1.110,0.990,6,0,1.995,0,0,18,292,0,93,2
18-06 20:10:08,25.038,4.757,67.603,1.502,0,5522944,161996,174804,2159044,4817.312,1622.463,32.049,3196.852,1.002,350.532,8527,13419,0.850,1.110,0.990,3,0,0,0,0,18,292,0,95,2
18-06 20:10:09,25.557,4.510,65.897,1.754,0,5522588,161996,174860,2159344,4107.171,1461.263,0,4024.987,0,434.971,8464,13374,0.850,1.110,0.990,1,0,0,0,0,18,292,0,95,2
18-06 20:10:10,24.717,5.493,66.910,1.748,0,5522612,161564,174888,2159724,4438.051,1711.706,0,14884.049,0,1412.107,9147,13660,0.850,1.110,0.990,3,0,0,0,0,18,292,0,97,2
18-06 20:10:11,26.523,5.004,64.556,2.502,0,5522576,161060,175040,2160112,6946.007,2224.924,0,3767.258,0,444.384,9160,14454,0.870,1.100,0.990,2,0,2.002,0,0,18,292,0,95,2
18-06 20:10:12,24.529,4.255,68.080,1.001,0,5522272,161060,175088,2160368,7595.872,1585.852,0,2575.008,0,222.260,7880,11668,0.870,1.100,0.990,1,0,0,0,0,18,293,0,98,2
18-06 20:10:13,5.488,1.497,90.295,0.249,0,5522180,161060,175104,2160444,4954.741,1562.450,0,1344.944,0,137.687,2934,4459,0.870,1.100,0.990,1,0,0,0,0,18,291,0,98,2
18-06 20:10:14,6.004,1.501,91.309,1.001,0,5522176,160808,175152,2160652,4895.158,1512.976,32.021,1865.203,1.001,161.104,2683,4011,0.870,1.100,0.990,1,0,0,0,0,18,291,0,99,2
18-06 20:10:15,13.498,2.750,80.987,1.000,0,5522828,159804,175252,2160904,6244.987,2523.590,179.971,1875.696,10.998,219.964,3922,5869,0.870,1.100,0.990,2,0,2.000,0,0,18,291,0,101,2
18-06 20:10:16,12.748,2.500,82.737,0.750,0,5522964,159552,175320,2160952,4728.233,1511.755,0,1567.746,0,125.980,3146,4029,0.800,1.090,0.980,5,0,0,0,0,18,292,0,105,2
18-06 20:10:17,5.495,1.499,90.663,0.999,0,5522664,159552,175396,2161176,11469.979,3402.731,3.996,6046.191,0.999,422.594,3067,5071,0.800,1.090,0.980,0,0,0,0,0,18,291,0,107,2
18-06 20:10:18,7.016,0.752,90.207,0,0,5522840,159312,175424,2161212,10395.904,2895.658,0,1142.627,0,88.203,2458,3241,0.800,1.090,0.980,0,0,1.002,0,0,18,291,0,107,2
18-06 20:10:19,10.943,2.238,83.815,0.995,0,5525416,156564,175460,2161348,5013.984,1611.638,0,1169.930,0,126.344,3615,5126,0.800,1.090,0.980,2,0,2.985,0,0,18,291,0,103,2
18-06 20:10:20,15.515,3.003,79.576,0.751,0,5525876,155808,175532,2161572,6145.893,2578.472,0,2174.084,0,180.173,3951,5627,0.800,1.090,0.980,1,0,2.002,0,0,18,291,0,107,2
18-06 20:10:21,6.764,1.754,90.694,0.251,0,5526100,155584,175540,2161564,5428.593,1623.467,0,737.575,0,50.107,2009,2660,0.730,1.070,0.980,1,0,1.002,0,0,18,292,0,108,2
18-06 20:10:22,8.490,1.498,86.896,0.749,0,5525944,155584,175612,2161648,5813.026,2574.911,0,1358.370,0,161.806,2916,4381,0.730,1.070,0.980,0,0,0,0,0,18,291,0,112,2
18-06 20:10:23,6.498,1.000,90.723,0.500,0,5525876,155584,175656,2161672,4184.739,1565.528,0,987.702,0,100.970,2425,3467,0.730,1.070,0.980,1,0,0,0,0,18,291,0,108,2
18-06 20:10:24,8.499,1.250,88.742,0.500,0,5525672,155584,175680,2161852,4749.547,1619.846,0,1159.889,0,131.987,2662,3688,0.730,1.070,0.980,1,0,0,0,0,18,291,0,109,2
18-06 20:10:25,14.056,1.506,83.081,0.753,0,5525620,155584,175712,2161872,5617.370,2091.328,0,915.646,0,74.296,2884,3748,0.730,1.070,0.980,1,0,0,0,0,18,291,0,115,2
18-06 20:10:26,6.252,1.500,90.026,0.750,0,5525692,155332,175792,2161972,17269.063,4730.387,0,1496.439,0,190.056,2881,4236,0.750,1.070,0.980,1,0,0,0,0,18,292,0,115,2
18-06 20:10:27,25.004,5.001,66.010,1.750,0,5525644,154828,175984,2162332,4312.674,1632.255,0,3096.484,0,420.066,8430,13238,0.750,1.070,0.980,0,1,0,0,0,18,292,0,115,2
18-06 20:10:28,24.253,5.001,66.757,1.750,0,5525260,154828,176084,2162616,4352.455,1512.158,0,7016.734,0,518.054,8831,13605,0.750,1.070,0.980,1,0,0,0,0,18,292,0,112,2
18-06 20:10:29,9.956,1.742,85.870,0.996,0,5525296,154576,176172,2162744,3928.614,1559.100,0,2982.800,0,231.973,3985,6251,0.750,1.070,0.980,0,0,0,0,0,18,291,0,112,2
18-06 20:10:30,14.030,2.004,81.171,1.002,0,5525200,154324,176300,2162964,5403.370,2479.217,0,2176.580,0,228.481,3830,5716,0.750,1.070,0.980,0,0,0,0,0,18,291,0,116,2
18-06 20:10:31,5.985,1.746,91.023,0.748,0,5524056,155444,176344,2162944,4882.841,1454.379,0,9065.427,0,1038.414,2763,3450,0.690,1.050,0.970,0,0,0.998,0,0,18,292,0,118,2
18-06 20:10:32,11.787,2.508,84.266,0.502,0,5524144,155192,176364,2163088,11388.959,3911.349,0,1304.118,0,101.320,2923,3829,0.690,1.050,0.970,0,0,0,0,0,18,291,0,115,2
18-06 20:10:33,4.489,1.247,92.525,0.249,0,5524128,155192,176384,2163084,6109.146,1870.452,0,786.089,0,63.845,1805,2511,0.690,1.050,0.970,1,0,1.995,0,0,18,291,0,117,2
18-06 20:10:34,5.006,1.251,92.107,0.751,0,5524064,155192,176420,2163112,6269.308,1985.314,0,913.064,0,90.105,2009,2958,0.690,1.050,0.970,0,0,0,0,0,18,291,0,119,2
18-06 20:10:35,4.002,0.750,94.057,0,0,5524312,154940,176420,2163116,4774.916,1512.924,0,944.577,0,35.021,1279,1722,0.690,1.050,0.970,2,0,0,0,0,18,292,0,120,2
18-06 20:10:36,11.494,2.249,84.453,0.750,0,5524332,154688,176452,2163316,11283.776,3296.182,0,1275.297,0,145.920,3233,4418,0.640,1.030,0.970,1,0,0,0,0,18,291,0,113,2
18-06 20:10:37,8.738,0.999,87.629,0.250,0,5526060,152924,176452,2163352,9107.441,3219.560,0,758.953,0,59.917,2289,2923,0.640,1.030,0.970,1,0,0,0,0,18,291,0,117,2
18-06 20:10:38,5.520,1.255,92.083,0.753,0,5526004,152924,176496,2163364,6036.844,2124.688,0,1184.285,0,140.508,2024,3008,0.640,1.030,0.970,0,0,0,0,0,18,291,0,118,2
18-06 20:10:39,9.989,1.748,84.661,0.749,0,5525860,152924,176540,2163464,10622.829,2647.216,0,1398.529,0,158.833,3718,5625,0.640,1.030,0.970,1,0,0,0,0,18,292,0,120,2
18-06 20:10:40,25.737,5.997,64.467,2.749,0,5526476,151664,176696,2163952,4197.842,1619.168,0,8959.395,0,793.592,9632,15929,0.640,1.030,0.970,3,0,0,0,0,18,292,0,115,2
18-06 20:10:41,22.272,4.254,69.820,1.501,0,5528504,149396,176756,2164132,4941.928,1621.617,0,2562.555,0,236.236,8001,12163,0.670,1.030,0.970,1,0,1.001,0,0,18,291,0,115,2
18-06 20:10:42,4.000,1.250,94.003,0,0,5528444,149396,176760,2164188,4584.147,1524.049,0,988.032,0,61.002,1588,2189,0.670,1.030,0.970,3,0,0,0,0,18,291,0,116,2
18-06 20:10:43,7.982,1.497,86.800,0.998,0,5528216,149396,176788,2164388,10435.935,2990.105,0,1520.494,0,148.657,3357,4813,0.670,1.030,0.970,1,0,0,0,0,18,291,0,118,2
18-06 20:10:44,21.313,4.012,71.211,1.755,0,5528092,149144,176896,2164656,3809.292,1462.335,0,2924.670,0,365.082,7428,11754,0.670,1.030,0.970,1,0,0,0,0,18,292,0,109,2
18-06 20:10:45,24.465,4.743,66.654,1.498,0,5528820,147392,177040,2165520,4553.417,1617.661,0,4297.786,0,391.434,8414,13039,0.670,1.030,0.970,2,0,0,0,0,18,292,0,109,2
18-06 20:10:46,18.977,3.995,74.162,0.999,0,5529936,145880,177184,2165772,5987.892,2442.101,0,3328.049,0,334.603,6328,9711,0.850,1.060,0.980,0,0,0,0,0,18,291,0,110,2
18-06 20:10:47,11.534,2.507,82.994,2.257,0,5530808,144872,177304,2165788,5295.572,1624.778,0,7658.520,0,540.590,4034,6259,0.850,1.060,0.980,0,1,0,0,0,18,291,0,113,2
18-06 20:10:48,4.249,1.250,92.985,0.250,0,5530936,144620,177344,2165872,6636.898,2443.594,0,3075.489,0,191.968,2259,3362,0.850,1.060,0.980,2,0,0,0,0,18,292,0,108,2
18-06 20:10:49,11.978,2.246,83.350,0.749,0,5537560,137824,177420,2165968,5364.346,2386.705,0,1605.111,0,184.668,3452,5205,0.850,1.060,0.980,1,0,0,0,0,18,291,0,110,2
18-06 20:10:50,11.492,2.748,83.195,0.750,0.250,5537692,137572,177452,2166056,3979.362,1686.882,0,1558.967,0,184.877,3722,5386,0.850,1.060,0.980,1,0,0,0,0,18,291,0,111,2
18-06 20:10:51,13.035,1.755,84.228,0.752,0,5537876,137068,177492,2166336,4306.651,1461.955,0,1135.071,0,87.236,2956,3776,0.870,1.060,0.980,3,0,1.003,0,0,18,292,0,113,2
18-06 20:10:52,4.480,1.244,92.330,0.249,0,5540700,134056,177520,2166496,11235.858,3336.812,0,8083.208,0,935.741,2645,3238,0.870,1.060,0.980,0,0,0,0,0,18,291,0,105,2
18-06 20:10:53,8.512,2.003,86.874,1.252,0,5540860,133804,177556,2166552,10928.645,3302.728,0,1414.024,0,150.215,3380,4959,0.870,1.060,0.980,1,0,0,0,0,18,291,0,105,2
18-06 20:10:54,8.264,2.003,88.145,0.751,0,5540752,133804,177596,2166620,11574.030,3465.698,0,1718.826,0,176.290,3286,4816,0.870,1.060,0.980,0,0,0,0,0,18,291,0,105,2
18-06 20:10:55,13.246,4.748,78.975,0.500,0.250,5544520,161204,170836,2143196,11611.287,3458.894,0,1927.384,0,209.933,4421,9393,0.870,1.060,0.980,1,0,35.988,0,0,18,291,0,106,2
18-06 20:10:56,14.758,3.752,78.540,2.001,0,5544324,161204,170968,2143260,5059.601,1620.833,0,6811.501,0,534.275,5887,9400,1.040,1.090,0.990,1,0,0,0,0,18,292,0,93,2
18-06 20:10:57,25.233,4.747,66.204,1.749,0,5544664,160196,171060,2143836,4962.573,1564.919,0,3373.670,0,386.733,9126,14246,1.040,1.090,0.990,2,0,0,0,0,18,292,0,94,2
18-06 20:10:58,23.987,3.998,68.464,1.749,0,5544956,159440,171148,2144212,4797.474,1619.147,95.949,2670.594,3.998,293.845,8037,12120,1.040,1.090,0.990,2,0,0,0,0,18,292,0,94,2
18-06 20:10:59,25.513,5.003,66.284,2.001,0,5544716,158936,171240,2144864,4562.361,1620.839,32.017,3205.659,1.001,384.199,9108,13934,1.040,1.090,0.990,2,0,0,0,0,18,292,0,95,2
18-06 20:11:00,25.262,4.502,66.281,1.251,0,5545668,157676,171372,2145040,4233.955,1512.698,0,3781.746,0,386.178,8450,13061,1.040,1.090,0.990,1,0,0,0,0,18,292,0,92,2
18-06 20:11:01,18.738,4.747,73.203,1.749,0,5546284,156668,171448,2145356,6199.041,2510.397,0,8318.688,0,618.605,7043,11212,1.270,1.140,1.010,1,0,0.999,0,0,18,291,0,93,2
18-06 20:11:02,6.742,1.498,88.397,1.249,0,5546220,156668,171500,2145368,5996.043,2392.225,0,2505.094,0,212.753,2844,4166,1.270,1.140,1.010,0,0,0,0,0,18,291,0,94,2
18-06 20:11:03,8.021,2.507,88.232,0.251,0,5547288,155416,171516,2145536,5279.895,1570.132,0,1259.314,0,137.361,2931,4098,1.270,1.140,1.010,6,0,6.016,0,0,18,292,0,94,2
18-06 20:11:04,2.996,0.999,94.374,0.749,0,5547188,155416,171536,2145616,5785.294,2069.244,0,950.734,0,94.874,1884,2920,1.270,1.140,1.010,1,0,0,0,0,18,291,0,85,2
18-06 20:11:05,6.496,1.249,90.448,0.500,0,5547628,154912,171556,2145660,7440.704,1811.954,0,1167.326,0,111.935,2524,3562,1.270,1.140,1.010,2,0,0,0,0,18,291,0,86,2
18-06 20:11:06,8.236,2.246,87.598,0.749,0,5547516,154912,171592,2145736,7686.646,2474.701,0,1657.121,0,166.710,3152,4414,1.170,1.120,1,1,0,0,0,0,18,291,0,86,2
18-06 20:11:07,6.012,1.503,90.183,0.501,0,5547584,154660,171608,2145904,7247.667,1924.895,0,1362.758,0,120.243,2460,3449,1.170,1.120,1,1,0,0,0,0,18,291,0,87,2
18-06 20:11:08,6.758,1.502,90.101,0.501,0,5547492,154660,171628,2145976,5825.541,2483.789,0,1161.304,0,129.145,2682,3958,1.170,1.120,1,3,0,0,0,0,18,291,0,79,2
18-06 20:11:09,5.978,0.996,90.673,0.498,0,5547464,154660,171644,2145988,5837.964,1979.866,0,1119.964,0,115.584,2303,3373,1.170,1.120,1,2,0,0,0,0,18,291,0,80,2
18-06 20:11:10,8.040,2.010,87.933,1.507,0,5547328,154660,171720,2146048,4027.838,2434.993,0,6057.837,0,412.029,3231,4903,1.170,1.120,1,0,0,0,0,0,18,291,0,80,2
18-06 20:11:11,3.486,0.747,93.883,0.249,0,5547272,154660,171724,2146100,8394.153,2387.657,0,1235.167,0,68.731,1789,2496,1.160,1.120,1,2,0,0.996,0,0,18,291,0,81,2
18-06 20:11:12,5.253,1.251,91.302,0.750,0,5547192,154660,171736,2146168,8915.093,2696.541,0,7896.511,0,996.569,2646,3407,1.160,1.120,1,2,0,0,0,0,18,291,0,80,2
18-06 20:11:13,9.762,2.503,84.358,0.751,0,5547248,154408,171760,2146340,5227.684,2031.597,0,1465.874,0,167.214,3941,5616,1.160,1.120,1,1,0,0,0,0,18,291,0,78,2
18-06 20:11:14,8.744,1.999,87.937,0.999,0,5547292,154156,171788,2146520,11426.781,3457.513,0,1402.991,0,158.886,3215,4544,1.160,1.120,1,1,0,0,0,0,18,291,0,78,2
18-06 20:11:15,13.273,3.005,80.640,1.252,0,5547284,153904,171828,2146740,4748.217,1622.808,0,1698.940,0,200.347,5217,8533,1.160,1.120,1,2,0,0,0,0,18,292,0,78,2
18-06 20:11:16,26.523,4.504,65.558,1.752,0,5548288,152444,171888,2147120,5647.981,1567.382,0,3246.863,0,387.342,9029,14501,1.060,1.100,0.990,1,0,1.001,0,0,18,292,0,81,2
18-06 20:11:17,20.908,3.982,71.434,1.742,0,5548416,151940,171940,2147428,5302.557,1559.107,47.789,3619.996,2.987,354.433,7256,11183,1.060,1.100,0.990,1,0,0,0,0,18,291,0,73,2
18-06 20:11:18,7.270,1.755,88.245,1.253,0,5548796,151436,171996,2147496,5174.353,1624.506,0,6790.837,0,448.243,3265,5160,1.060,1.100,0.990,1,0,0,0,0,18,292,0,73,2
18-06 20:11:19,8.245,1.749,88.442,0.999,0,5548756,151184,172028,2147756,4754.864,1457.039,0,1850.779,0,186.877,3133,4695,1.060,1.100,0.990,1,0,0,0,0,18,291,0,74,2
18-06 20:11:20,20.783,6.260,69.611,1.252,0,5539556,152812,172092,2155248,5094.134,1568.505,8.013,6678.665,2.003,846.351,7350,10552,1.060,1.100,0.990,3,0,3.005,0,0,18,292,0,75,2
18-06 20:11:21,26.900,4.982,64.261,1.993,0,5542940,148808,172172,2155788,4352.837,1506.406,3.985,3443.214,0.996,388.557,9086,14702,0.980,1.080,0.990,3,0,3.985,0,0,18,292,0,74,2
18-06 20:11:22,25.617,5.525,65.299,1.507,0,5544840,146544,172268,2156056,4639.210,1464.696,0,9479.339,0,582.664,9381,14921,0.980,1.080,0.990,3,0,3.014,0,0,18,292,0,78,2
18-06 20:11:23,25.665,5.482,64.537,1.993,0,5545256,145536,172352,2156608,4545.008,1614.674,0,4720.429,0,451.511,9095,14125,0.980,1.080,0.990,1,1,0,0,0,18,292,0,79,2
18-06 20:11:24,13.760,2.752,81.308,0.751,0,5546028,144528,172384,2156812,3388.400,1026.727,0,1597.131,0,144.102,4847,7537,0.980,1.080,0.990,0,0,0,0,0,18,292,0,79,2
18-06 20:11:25,13.277,2.756,82.669,0.501,0,5545944,144528,172388,2156892,3799.749,973.986,0,1314.681,0,126.257,4356,6387,0.980,1.080,0.990,3,0,0,0,0,18,292,0,72,2
18-06 20:11:26,25.988,3.748,66.218,1.749,0,5545776,144276,172488,2157212,10398.032,2875.626,0,3590.285,0,424.797,7411,11561,1.220,1.130,1.010,1,0,0,0,0,18,292,0,72,2
18-06 20:11:27,23.973,4.745,67.924,1.998,0,5546896,142764,172548,2157544,4518.919,1588.214,0,8082.912,0,590.336,9017,14416,1.220,1.130,1.010,2,0,0,0,0,18,292,0,72,2
18-06 20:11:28,25.504,4.751,66.261,1.750,0,5547044,142008,172668,2158032,4412.741,1512.254,0,2844.477,0,383.064,8925,14056,1.220,1.130,1.010,5,0,0,0,0,18,292,0,73,2
18-06 20:11:29,24.253,4.501,68.008,1.500,0,5547732,141000,172724,2158296,4666.556,1566.187,0,2704.322,0,302.036,7831,11921,1.220,1.130,1.010,1,0,0,0,0,18,292,0,67,2
18-06 20:11:30,23.759,4.752,68.775,1.250,0,5548084,140244,172780,2158644,4741.741,1620.595,0,2480.911,0,267.098,8212,12291,1.220,1.130,1.010,1,0,0,0,0,18,291,0,67,2
18-06 20:11:31,11.487,2.497,83.406,0.749,0.250,5548636,139236,172820,2159060,6269.901,2569.091,0,2209.498,0,246.721,4084,6121,1.120,1.110,1,1,0,0.999,0,0,18,291,0,68,2
18-06 20:11:32,6.998,2.000,88.231,0.750,0,5548408,139236,172840,2159268,11164.571,3351.271,0,2295.501,0,194.958,3097,4506,1.120,1.110,1,1,0,0,0,0,18,291,0,68,2
18-06 20:11:33,11.512,2.503,83.333,1.251,0,5548532,138984,172864,2159372,5725.725,2573.573,0,11107.105,0,261.261,3946,5712,1.120,1.110,1,1,0,2.002,0,0,18,291,0,60,2
18-06 20:11:34,10.754,2.501,83.527,2.001,0,5548676,138732,172904,2159440,4501.479,1620.533,16.005,7342.413,1.000,530.174,4466,7046,1.120,1.110,1,1,0,0,0,0,18,292,0,61,2
18-06 20:11:35,9.473,1.745,86.255,0.748,0,5548736,138480,172924,2159612,10216.007,3330.548,0,1982.374,0,214.392,3642,5295,1.120,1.110,1,1,0,0,0,0,18,291,0,62,2
18-06 20:11:36,7.269,1.253,88.729,0.752,0,5548864,138228,172944,2159716,6521.799,1582.075,0,1335.440,0,157.405,2865,4194,1.030,1.090,0.990,2,0,0,0,0,18,292,0,63,2
18-06 20:11:37,27.018,5.003,65.043,2.252,0,5549088,137736,173012,2159900,4082.728,1080.722,0,3690.466,0,462.309,9297,14854,1.030,1.090,0.990,3,0,1.001,0,0,18,292,0,52,2
18-06 20:11:38,25.709,4.243,65.895,1.498,0,5549500,136728,173052,2160456,4690.525,1539.547,0,5227.669,0,395.370,8602,13656,1.030,1.090,0.990,2,0,0,0,0,18,292,0,53,2
18-06 20:11:39,22.231,4.746,68.940,1.499,0,5549388,136476,173132,2160740,4927.730,2506.828,0,4544.063,0,385.666,7664,11426,1.030,1.090,0.990,0,0,0,0,0,18,291,0,55,2
18-06 20:11:40,6.258,2.003,90.372,0.250,0,5549596,136224,173156,2160760,5673.650,1526.058,0,2194.960,0,160.216,2464,3624,1.030,1.090,0.990,2,0,0,0,0,18,292,0,55,2
18-06 20:11:41,13.761,2.502,80.312,1.001,0,5551060,134460,173208,2161008,11987.313,3408.648,20.016,2089.623,2.002,222.173,4562,6737,0.950,1.080,0.990,0,0,1.001,0,0,18,291,0,53,2
18-06 20:11:42,15.013,3.753,77.565,2.502,0,5550992,134460,173236,2161048,5022.233,1579.331,0,8026.766,0,600.506,6268,10390,0.950,1.080,0.990,0,1,0,0,0,18,292,0,53,2
18-06 20:11:43,25.749,5.000,65.497,2.000,0,5550680,134208,173348,2161500,4097.822,1457.937,31.999,5775.750,1.000,519.977,9109,14434,0.950,1.080,0.990,1,0,0,0,0,18,292,0,54,2
18-06 20:11:44,24.691,4.988,67.090,1.496,0,5551320,133204,173388,2161824,4638.921,2388.296,0,2837.224,0,320.235,7935,11954,0.950,1.080,0.990,1,0,0,0,0,18,291,0,58,2
18-06 20:11:45,4.507,1.502,91.399,0.501,0,5551220,133204,173400,2161912,5657.248,1688.761,0,1686.757,0,132.216,2355,3508,0.950,1.080,0.990,1,0,0,0,0,18,292,0,54,2
18-06 20:11:46,8.993,1.499,87.185,0.749,0,5550356,133828,173416,2162136,21901.724,5928.594,0,2578.084,0,189.859,2935,4273,1.030,1.090,1,1,0,0,0,0,18,291,0,54,2
18-06 20:11:47,10.738,1.998,84.658,0.999,0.250,5550276,133828,173428,2162204,21609.493,6089.376,0,1654.201,0,151.835,3427,4495,1.030,1.090,1,0,0,0,0,0,18,291,0,55,2
18-06 20:11:48,13.972,2.246,80.839,1.248,0,5551272,132568,173500,2162396,10478.071,3387.234,0,5904.207,0,408.185,3682,5148,1.030,1.090,1,1,0,0,0,0,18,291,0,56,2
18-06 20:11:49,7.534,1.758,89.409,0.753,0,5551476,132316,173504,2162440,5929.110,1639.496,0,1318.026,0,106.487,3021,4523,1.030,1.090,1,1,0,0,0,0,18,292,0,50,2
18-06 20:11:50,25.206,5.740,64.887,2.246,0,5551224,132064,173592,2162856,4344.432,1509.371,0,3897.211,0,498.132,9092,14427,1.030,1.090,1,2,0,0,0,0,18,292,0,51,2
18-06 20:11:51,24.697,4.490,67.605,0.998,0,5552132,130880,173632,2163092,4746.818,1616.532,0,3165.210,0,274.411,8325,12358,1.030,1.090,1,4,0,0.998,0,0,18,293,0,53,2
18-06 20:11:52,9.511,2.503,85.846,1.251,0,5552092,130628,173652,2163364,6026.748,2586.896,0,2250.520,0,238.267,3665,5536,1.030,1.090,1,1,0,0,0,0,18,291,0,54,2
18-06 20:11:53,8.996,1.749,86.709,0.750,0,5552016,130628,173672,2163420,10574.949,2995.569,0,3014.560,0,177.915,3298,4561,1.030,1.090,1,3,0,0,0,0,18,291,0,55,2
18-06 20:11:54,10.006,2.251,85.555,0.750,0,5551924,130628,173716,2163468,11580.403,3300.110,0,7300.667,0,329.210,3458,5002,1.030,1.090,1,1,0,1.001,0,0,18,291,0,52,2
18-06 20:11:55,16.547,5.265,75.463,1.755,0,5559160,174440,168992,2117612,5012.160,1462.131,0,6394.064,0,443.252,5704,11394,1.030,1.090,1,1,0,36.102,0,0,18,292,0,53,2
18-06 20:11:56,26.976,4.996,64.443,1.998,0,5558632,174440,169128,2118004,4992.615,1618.578,0,3440.978,0,452.602,8686,13945,1.030,1.090,1,2,0,0,0,0,18,292,0,53,2
18-06 20:11:57,24.203,4.741,68.118,1.248,0,5557648,175076,169176,2118304,4515.257,1521.055,0,3277.653,0,331.358,7896,11969,1.030,1.090,1,3,0,0,0,0,18,292,0,53,2
18-06 20:11:58,6.745,1.499,89.935,0.749,0,5557532,175076,169220,2118376,5835.814,2568.158,0,2042.535,0,172.876,2546,3996,1.030,1.090,1,1,0,0,0,0,18,291,0,52,2
18-06 20:11:59,8.004,1.501,87.298,0.500,0,5557680,174824,169264,2118436,11699.456,3299.821,0,1740.961,0,162.089,3201,4610,1.030,1.090,1,1,0,0,0,0,18,291,0,52,2
18-06 20:12:00,19.569,3.763,73.006,2.007,0,5557284,174824,169332,2118764,4594.132,1463.138,0,2797.825,0,323.135,6786,10766,1.030,1.090,1,2,0,0,0,0,18,292,0,53,2
18-06 20:12:01,25.237,4.997,66.716,1.499,0,5557868,173844,169404,2119088,5354.295,1619.182,0,3634.164,0,376.810,8494,13317,1.030,1.090,1,2,0,0.999,0,0,18,292,0,53,2
18-06 20:12:02,25.006,4.251,67.016,1.500,0,5558576,172584,169520,2119524,5059.197,1458.345,0,7917.873,0,558.132,8301,12879,1.030,1.090,1,2,0,0,0,0,18,292,0,52,2
18-06 20:12:03,26.979,4.746,64.450,1.749,0,5559640,170828,169612,2120124,4994.161,1456.880,0,3525.290,0,375.711,8873,13763,1.030,1.090,1,1,0,5.995,0,0,18,292,0,52,2
18-06 20:12:04,25.501,4.750,67.254,1.250,0,5560720,169568,169644,2120272,5100.299,1620.095,0,2876.169,0,306.018,7911,11641,1.030,1.090,1,2,0,0,0,0,18,291,0,54,2
18-06 20:12:05,4.754,0.500,93.070,0.500,0,5560744,169316,169680,2120464,6695.034,2584.944,0,1953.469,0,131.099,2071,3128,1.030,1.090,1,2,0,0,0,0,18,292,0,54,2
18-06 20:12:06,4.238,1.745,91.746,0.499,0,5560648,169316,169724,2120516,8604.178,2595.813,0,2082.235,0,207.426,2669,4194,0.940,1.070,0.990,1,0,0,0,0,18,291,0,52,2
18-06 20:12:07,9.735,1.747,86.117,0.998,0,5560020,169064,169772,2121348,7263.780,2079.788,0,1817.193,0,164.746,3333,4905,0.940,1.070,0.990,1,0,0,0,0,18,291,0,52,2
18-06 20:12:08,8.265,2.004,86.911,1.503,0,5560028,168812,169848,2121524,11576.386,3466.404,0,7389.652,0,440.814,3579,5579,0.940,1.070,0.990,1,0,0,0,0,18,291,0,52,2
18-06 20:12:09,12.266,3.004,82.855,1.001,0,5560208,168588,169864,2121552,3983.061,1459.855,0,6676.483,0,432.550,4749,7291,0.940,1.070,0.990,2,0,0,0,0,18,292,0,52,2
18-06 20:12:10,25.474,4.495,65.184,2.248,0,5560180,168084,169896,2122052,4637.290,1550.425,0,4615.313,0,522.469,8933,14206,0.940,1.070,0.990,4,0,0,0,0,18,292,0,49,2
18-06 20:12:11,24.259,4.752,68.274,0.750,0,5560832,167076,169928,2122376,7224.560,2385.846,0,2220.787,0,206.073,7970,11941,1.030,1.080,1,1,0,1.000,0,0,18,293,0,50,2
18-06 20:12:12,13.472,2.744,80.835,0.998,0,5560656,167076,169984,2122496,9044.516,3054.757,15.967,2311.276,0.998,238.513,4537,6711,1.030,1.080,1,1,0,0,0,0,18,291,0,51,2
18-06 20:12:13,9.016,2.003,86.650,1.252,0,5561596,166068,170008,2122540,10054.436,3237.615,0,1951.384,0,174.302,3138,4504,1.030,1.080,1,2,0,0,0,0,18,293,0,51,2
18-06 20:12:14,16.512,3.503,76.805,1.751,0,5561288,166068,170104,2122752,6078.388,1703.230,0,6404.624,0,511.369,6427,9990,1.030,1.080,1,1,0,0,0,0,18,294,0,48,2
18-06 20:12:15,25.733,5.746,64.708,1.999,0,5561576,165312,170164,2123160,4295.233,971.374,0,4473.118,0,506.674,9224,15181,1.030,1.080,1,1,0,0,0,0,18,294,0,48,2
18-06 20:12:16,25.305,5.011,65.893,1.754,0,5561500,164808,170236,2123668,4945.707,1515.280,0,3495.568,0,366.794,8679,13989,1.030,1.080,1,2,0,1.002,0,0,18,294,0,48,2
18-06 20:12:17,18.421,3.734,74.927,1.245,0,5562408,163548,170276,2123980,5952.345,2427.537,31.863,3218.130,0.996,274.816,5985,8955,1.030,1.080,1,1,0,0,0,0,18,293,0,50,2
18-06 20:12:18,8.499,1.500,87.236,1.000,0,5562348,163548,170332,2123984,8820.620,2768.567,0,3063.521,0,238.963,3069,4597,1.030,1.080,1,0,0,0,0,0,18,293,0,44,2
18-06 20:12:19,7.527,1.505,90.067,1.254,0,5562372,163296,170364,2124180,5989.093,2036.171,0,7024.740,0,383.350,2802,4163,1.030,1.080,1,0,0,0,0,0,18,293,0,44,2
18-06 20:12:20,3.994,0.749,92.354,0.499,0,5562772,162820,170388,2124232,11203.274,2950.332,0,1078.294,0,101.839,2106,3156,1.030,1.080,1,2,0,0,0,0,18,294,0,44,2
18-06 20:12:21,24.814,4.762,67.674,1.755,0,5563908,161320,170428,2124556,5070.062,1624.184,0,2771.139,0,338.873,8366,12746,1.020,1.080,1,0,1,2.005,0,0,18,294,0,45,2
18-06 20:12:22,25.882,5.226,64.954,1.742,0,5567456,157312,170456,2124988,4698.595,1612.653,0,4001.769,0,410.132,9018,13849,1.020,1.080,1,3,0,2.986,0,0,18,294,0,39,2
18-06 20:12:23,26.869,4.269,66.544,1.004,0,5567996,156556,170492,2125168,4580.248,1627.193,0,2655.740,0,253.119,7170,10647,1.020,1.080,1,1,0,2.009,0,0,18,294,0,44,2
18-06 20:12:24,25.234,4.997,64.958,2.498,0,5567500,156556,170536,2125620,4557.052,1618.953,0,4245.254,0,536.653,9521,15476,1.020,1.080,1,1,0,0,0,0,18,294,0,44,2
18-06 20:12:25,24.985,4.997,67.460,1.249,0,5568324,155548,170564,2125776,4677.220,1619.038,0,13400.035,0,745.557,8859,13871,1.020,1.080,1,2,0,0,0,0,18,294,0,44,2
18-06 20:12:26,26.509,4.752,65.523,1.751,0,5567760,155548,170620,2126284,10646.748,2878.013,0,3493.230,0,365.129,8198,12849,1.020,1.080,1,3,0,0,0,0,18,294,0,43,2
18-06 20:12:27,24.687,4.239,67.328,1.247,0,5567376,155548,170652,2126636,4793.719,1747.523,31.918,3251.669,0.997,336.139,7909,11680,1.020,1.080,1,1,0,0,0,0,18,294,0,44,2
18-06 20:12:28,24.774,4.755,67.565,1.251,0,5567052,155548,170696,2126916,4115.970,1513.460,0,2494.406,0,245.237,8000,11832,1.020,1.080,1,2,0,0,0,0,18,294,0,44,2
18-06 20:12:29,25.514,5.003,66.287,1.751,0,5566652,155548,170724,2127288,4216.347,1404.782,0,3361.872,0,396.221,8254,12812,1.020,1.080,1,2,0,0,0,0,18,294,0,45,2
18-06 20:12:30,25.038,5.508,66.350,1.753,0,5566972,155044,170756,2127440,3775.713,1352.046,0,10015.153,0,636.964,8686,13400,1.020,1.080,1,3,0,0,0,0,18,293,0,46,2
18-06 20:12:31,5.751,1.750,90.015,0.750,0,5566772,155044,170764,2127632,5713.961,2922.491,0,2564.431,0,171.029,2578,3952,0.940,1.060,0.990,2,0,1.000,0,0,18,293,0,46,2
18-06 20:12:32,11.713,2.991,82.738,1.246,0.249,5566724,154792,170788,2127908,5396.923,2751.295,31.899,1666.726,0.997,177.439,3634,5182,0.940,1.060,0.990,1,0,0,0,0,18,293,0,47,2
18-06 20:12:33,13.041,2.759,81.255,1.003,0,5566612,154792,170816,2127992,5569.483,2524.926,0,1673.253,0,189.595,3839,5331,0.940,1.060,0.990,0,0,2.006,0,0,18,293,0,49,2
18-06 20:12:34,13.755,2.251,81.532,1.250,0,5566904,154288,170824,2128196,4397.747,1350.536,0,1720.684,0,201.080,3820,5367,0.940,1.060,0.990,2,0,0,0,0,18,293,0,52,2
18-06 20:12:35,3.994,1.747,92.105,0.499,0,5566876,154288,170832,2128216,5399.513,2115.675,0,1050.349,0,89.859,1859,2679,0.940,1.060,0.990,2,0,0,0,0,18,294,0,49,2
18-06 20:12:36,11.709,1.993,82.961,1.246,0,5567764,153280,170852,2128316,21879.854,6844.181,0,1925.300,0,214.254,3968,5698,0.940,1.060,0.990,1,0,0,0,0,18,294,0,50,2
18-06 20:12:37,8.277,2.006,88.034,1.003,0.251,5567936,153028,170856,2128392,11490.107,3308.685,0,1532.951,0,150.486,2905,4075,0.940,1.060,0.990,1,0,0,0,0,18,294,0,50,2
18-06 20:12:38,9.228,2.245,84.801,1.995,0,5568608,152272,170888,2128440,11707.484,3535.690,0,7211.052,0,481.867,3689,5584,0.940,1.060,0.990,3,0,0,0,0,18,294,0,50,2
18-06 20:12:39,16.213,3.741,77.322,0.998,0,5568664,152020,170900,2128624,4387.899,1454.651,15.963,1352.886,0.998,151.651,4679,6760,0.940,1.060,0.990,3,0,0,0,0,18,295,0,46,2
18-06 20:12:40,26.364,5.273,65.031,1.507,0,5568508,151768,170932,2129000,4820.806,1627.022,0,3615.604,0,407.760,8291,12978,0.940,1.060,0.990,2,0,0,0,0,18,295,0,46,2
18-06 20:12:41,25.276,4.505,65.816,1.752,0,5569456,150508,171000,2129244,4821.868,1621.637,0,2946.975,0,327.330,7698,11847,0.950,1.060,0.990,5,0,1.001,0,0,18,295,0,47,2
18-06 20:12:42,25.021,4.504,67.055,1.501,0,5570120,149500,171092,2129496,4629.807,1687.388,0,2890.377,0,320.263,8380,13274,0.950,1.060,0.990,1,0,0,0,0,18,295,0,47,2
18-06 20:12:43,24.200,5.239,67.610,1.497,0,5572112,146980,171136,2129980,4622.420,2499.819,0,2993.795,0,344.286,7970,12079,0.950,1.060,0.990,1,0,0,0,0,18,294,0,46,2
18-06 20:12:44,7.737,1.498,87.109,1.498,0,5572048,146980,171204,2129972,6825.948,2408.101,0,8426.357,0,615.004,4019,6609,0.950,1.060,0.990,2,0,0,0,0,18,294,0,46,2
18-06 20:12:45,2.759,1.254,94.576,0.502,0,5572176,146756,171224,2130048,5057.407,1625.595,0,8441.053,0,362.247,1996,2975,0.950,1.060,0.990,1,0,0,0,0,18,295,0,46,2
18-06 20:12:46,11.704,1.992,83.175,0.996,0,5572408,146252,171252,2130292,7102.229,1913.518,0,1992.210,0,228.108,4428,6614,0.870,1.040,0.990,0,0,0,0,0,18,294,0,47,2
18-06 20:12:47,7.514,1.753,88.411,1.002,0.250,5572264,146252,171280,2130408,13018.735,3466.319,0,1386.528,0,135.247,2887,4022,0.870,1.040,0.990,1,0,0,0,0,18,294,0,42,2
18-06 20:12:48,14.236,2.997,80.423,0.999,0,5572460,146000,171308,2130436,4633.554,1456.602,0,2353.741,0,200.807,4773,7165,0.870,1.040,0.990,2,0,0,0,0,18,295,0,42,2
18-06 20:12:49,24.977,4.995,66.938,0.999,0,5573196,144740,171336,2130932,4316.009,1618.503,0,3097.136,0,307.715,8241,12532,0.870,1.040,0.990,5,0,0,0,0,18,295,0,44,2
18-06 20:12:50,24.846,5.270,67.761,1.506,0,5574108,143480,171372,2131244,3190.269,921.544,0,3814.670,0,302.162,8330,12830,0.870,1.040,0.990,2,0,0,0,0,18,295,0,45,2
18-06 20:12:51,15.941,3.487,75.969,1.993,0,5574328,142976,171396,2131504,5412.968,2084.287,0,6635.444,0,496.164,5836,9236,0.800,1.020,0.980,1,0,0.996,0,0,18,294,0,44,2
18-06 20:12:52,8.749,1.750,87.737,0.500,0,5574284,142976,171428,2131516,7536.873,2685.599,0,1655.753,0,140.979,2811,4031,0.800,1.020,0.980,1,0,0,0,0,18,294,0,44,2
18-06 20:12:53,10.793,2.510,83.831,1.004,0,5574068,142976,171432,2131728,7651.210,2186.634,0,1433.661,0,144.571,4175,6099,0.800,1.020,0.980,3,0,0,0,0,18,296,0,45,2
18-06 20:12:54,26.493,4.999,64.234,2.249,0,5574564,142220,171460,2131960,4170.936,1511.614,0,3974.986,0,488.875,8791,14018,0.800,1.020,0.980,1,0,0,0,0,18,295,0,45,2
18-06 20:12:55,20.220,6.491,70.896,0.999,0,5599020,149012,170704,2101656,5997.231,2509.331,0,2759.964,0,281.588,6539,22701,0.800,1.020,0.980,1,0,35.947,0,0,18,294,0,43,2
18-06 20:12:56,7.748,1.749,87.724,1.250,0,5595776,152160,170740,2101716,6646.045,2502.264,0,3139.076,0,262.923,2972,4485,0.820,1.020,0.980,2,0,0,0,0,18,294,0,44,2
18-06 20:12:57,6.251,1.500,90.509,0.750,0,5593992,153908,170760,2101732,5937.605,2396.244,0,2108.215,0,178.018,2338,3463,0.820,1.020,0.980,1,0,0,0,0,18,294,0,44,2
18-06 20:12:58,5.497,0.750,91.703,0.500,0,5592832,155012,170768,2101780,5897.985,2147.902,0,1679.142,0,154.921,2153,2997,0.820,1.020,0.980,2,1,0,0,0,18,294,0,44,2
18-06 20:12:59,4.247,1.998,90.926,1.249,0,5592780,155012,170780,2101820,6078.027,2477.972,0,6302.843,0,447.634,2865,4783,0.820,1.020,0.980,1,0,0,0,0,18,294,0,43,2
18-06 20:13:00,5.009,1.753,92.167,0.751,0,5592768,154996,170780,2101848,11449.790,3068.572,0,1270.307,0,113.206,2320,3380,0.820,1.020,0.980,3,0,0,0,0,18,295,0,43,2
18-06 20:13:01,11.741,2.498,82.439,0.999,0,5593044,154572,170796,2101980,6452.191,2564.089,0,6990.789,0,486.637,4108,5747,0.750,1,0.980,2,0,0.999,0,0,18,294,0,45,2
18-06 20:13:02,6.252,1.751,90.031,0.750,0,5593176,154320,170804,2102092,5931.013,2341.795,0,1272.432,0,123.042,2544,3696,0.750,1,0.980,1,0,0,0,0,18,294,0,46,2
18-06 20:13:03,13.740,3.248,80.190,1.249,0,5593080,154068,170816,2102428,6226.351,2471.155,0,1826.636,0,200.850,3915,5537,0.750,1,0.980,1,0,5.996,0,0,18,294,0,45,2
18-06 20:13:04,7.994,1.499,88.928,0.500,0,5593540,153576,170828,2102448,6636.661,2320.134,0,1239.003,0,116.906,2546,3597,0.750,1,0.980,1,0,0,0,0,18,294,0,45,2
18-06 20:13:05,4.005,0.751,93.120,0.501,0,5593488,153576,170836,2102476,22497.096,4928.374,0,909.176,0,70.091,1673,2096,0.750,1,0.980,1,0,0,0,0,18,294,0,45,2
18-06 20:13:06,3.257,1.002,93.695,0.251,0,5593476,153576,170840,2102484,9195.107,2320.822,0,837.741,0,64.133,1650,2414,0.690,0.990,0.970,0,0,0,0,0,18,294,0,45,2
18-06 20:13:07,4.490,0.998,92.785,0.499,0,5593448,153576,170844,2102508,13956.710,4022.693,0,981.729,0,85.801,1906,2671,0.690,0.990,0.970,2,0,0,0,0,18,295,0,43,2
18-06 20:13:08,4.246,1.249,92.670,0.500,0,5593424,153576,170856,2102520,11650.995,3006.418,0,1147.015,0,104.910,1913,2760,0.690,0.990,0.970,0,0,0,0,0,18,294,0,43,2
18-06 20:13:09,9.492,1.749,86.931,0.749,0,5593328,153576,170880,2102592,11703.704,3349.340,0,1334.940,0,128.898,3150,4437,0.690,0.990,0.970,1,0,0,0,0,18,294,0,44,2
18-06 20:13:10,21.347,3.767,71.827,1.507,0,5592960,153576,170912,2102928,4844.055,1601.291,16.073,2479.288,1.005,312.422,6931,11062,0.690,0.990,0.970,1,0,0,0,0,18,295,0,45,2
18-06 20:13:11,19.223,4.743,72.649,1.997,0,5593268,152820,170940,2103348,7849.138,3230.530,0,9139.353,0,632.125,7021,11247,0.720,0.990,0.970,1,0,0.999,0,0,18,294,0,45,2
18-06 20:13:12,11.513,2.002,84.093,0.751,0,5593304,152568,170964,2103540,7967.796,2072.288,0,1665.839,0,145.160,3727,5019,0.720,0.990,0.970,2,0,0,0,0,18,295,0,45,2
18-06 20:13:13,7.470,1.494,87.901,0.747,0,5593076,152568,170976,2103756,11449.606,3446.336,0,1629.539,0,172.317,3193,4749,0.720,0.990,0.970,1,0,0,0,0,18,294,0,45,2
18-06 20:13:14,24.814,5.013,68.678,1.755,0,5592980,152316,171012,2104068,4331.254,1624.220,0,2739.117,0,338.881,8101,12262,0.720,0.990,0.970,1,0,0,0,0,18,295,0,46,2
18-06 20:13:15,23.924,4.486,67.785,1.246,0,5594592,150552,171028,2104204,4485.796,1614.887,0,2910.783,0,246.220,7554,11248,0.720,0.990,0.970,3,0,0,0,0,18,295,0,44,2
18-06 20:13:16,13.288,2.758,80.731,1.755,0,5594308,150552,171080,2104436,6234.829,2574.362,0,7353.027,0,571.635,4944,8033,0.660,0.970,0.970,0,0,1.003,0,0,18,294,0,47,2
18-06 20:13:17,9.247,1.749,86.971,0.750,0,5594372,150328,171096,2104580,5458.182,1619.461,15.995,5954.017,1.000,499.834,3849,5064,0.660,0.970,0.970,1,0,0,0,0,18,295,0,47,2
18-06 20:13:18,10.251,1.750,84.760,1.250,0,5594144,150328,171112,2104792,11153.312,3298.388,0,1968.231,0,232.027,3936,5748,0.660,0.970,0.970,3,0,0,0,0,18,294,0,47,2
18-06 20:13:19,10.223,2.494,84.032,0.748,0,5594280,150076,171116,2104904,6004.435,2559.365,0,1855.191,0,160.584,3340,4802,0.660,0.970,0.970,1,0,0,0,0,18,294,0,48,2
18-06 20:13:20,11.263,1.752,86.103,1.001,0,5594264,150076,171120,2104916,6142.346,2085.494,0,1325.585,0,111.133,3073,4052,0.660,0.970,0.970,2,0,1.001,0,0,18,294,0,47,2
18-06 20:13:21,6.744,1.499,89.672,0.250,0,5594252,149824,171124,2105176,11384.129,2832.544,0,1194.964,0,104.909,2603,3568,0.610,0.950,0.960,1,0,1.998,0,0,18,295,0,48,2
18-06 20:13:22,26.852,6.023,63.992,2.008,0,5596148,147568,171152,2105492,5055.127,1692.404,0,3545.415,0,457.732,9661,15334,0.610,0.950,0.960,1,0,4.015,0,0,18,295,0,48,2
18-06 20:13:23,28.229,5.746,62.454,1.999,0,5595900,147316,171172,2105972,4574.664,1456.938,0,5671.864,0,548.600,9779,15567,0.610,0.950,0.960,1,0,1.999,0,0,18,295,0,50,2
18-06 20:13:24,25.284,5.257,65.588,2.503,0,5597152,145804,171212,2106192,4658.264,1514.036,0,8515.451,0,630.848,8803,13576,0.610,0.950,0.960,5,0,1.001,0,0,18,294,0,43,2
18-06 20:13:25,4.476,1.492,91.501,0.497,0,5597020,145804,171220,2106316,5555.672,2503.334,0,3083.169,0,208.860,2367,3821,0.610,0.950,0.960,1,0,0,0,0,18,295,0,43,2
18-06 20:13:26,13.561,2.009,81.116,1.256,0,5597160,145552,171280,2106368,4844.861,1975.916,0,3126.106,0,265.197,4526,6668,0.560,0.940,0.960,1,0,0,0,0,18,296,0,43,2
18-06 20:13:27,7.243,1.499,90.164,0.749,0,5596904,145552,171292,2106612,17094.767,4389.831,0,1266.797,0,127.879,2746,3947,0.560,0.940,0.960,1,0,0,0,0,18,294,0,43,2
18-06 20:13:28,12.216,2.244,82.767,0.748,0,5596756,145552,171320,2106732,5602.201,2402.226,0,1423.984,0,158.553,3590,5091,0.560,0.940,0.960,1,0,0,0,0,18,294,0,42,2
18-06 20:13:29,9.784,2.007,86.302,1.004,0,5596656,145552,171356,2106796,5620.641,2438.521,0,1593.569,0,191.670,3378,4711,0.560,0.940,0.960,0,0,0,0,0,18,294,0,45,2
18-06 20:13:30,11.755,1.751,83.034,0.750,0,5596572,145552,171384,2106852,10356.272,2489.027,0,1548.639,0,163.067,4233,6264,0.560,0.940,0.960,1,0,0,0,0,18,295,0,46,2
18-06 20:13:31,25.997,5.499,64.493,2.000,0,5596296,145300,171464,2107300,5056.422,1619.815,0,3599.589,0,457.948,8892,14357,0.670,0.960,0.960,2,0,1.000,0,0,18,295,0,46,2
18-06 20:13:32,24.964,4.493,66.153,2.247,0,5596040,145048,171556,2107716,4852.921,1617.640,0,15022.086,0,1046.473,9251,14555,0.670,0.960,0.960,2,0,0,0,0,18,295,0,43,2
18-06 20:13:33,25.220,5.244,66.421,1.748,0,5596392,144292,171628,2108048,4478.683,2392.160,0,2660.841,0,281.666,7869,11560,0.670,0.960,0.960,0,0,1.998,0,0,18,294,0,45,2
18-06 20:13:34,5.754,1.001,91.069,0.500,0,5596220,144292,171656,2108192,5888.477,1633.242,0,1649.254,0,134.102,2423,3486,0.670,0.960,0.960,1,0,0,0,0,18,295,0,45,2
18-06 20:13:35,12.504,3.001,82.529,1.501,0,5596328,144040,171688,2108304,4627.640,2017.715,0,2620.929,0,317.112,4796,7239,0.670,0.960,0.960,1,0,0,0,0,18,294,0,46,2
18-06 20:13:36,4.258,1.002,92.171,0.501,0,5596264,144040,171724,2108332,11707.717,3068.692,0,1490.765,0,119.221,2124,3213,0.620,0.940,0.960,1,0,1.002,0,0,18,295,0,40,2
18-06 20:13:37,10.211,2.241,84.175,0.996,0,5596256,143788,171744,2108572,5723.891,2561.108,0,1669.551,0,185.284,3476,5376,0.620,0.940,0.960,1,0,0.996,0,0,18,294,0,42,2
18-06 20:13:38,11.276,2.506,83.692,1.503,0,5596132,143788,171776,2108664,11325.020,3347.691,16.037,5620.914,1.002,390.898,4128,6308,0.620,0.940,0.960,1,0,0,0,0,18,294,0,42,2
18-06 20:13:39,13.244,2.499,81.464,1.000,0,5596284,143536,171780,2108760,4763.920,1619.293,0,1387.394,0,133.942,4911,7243,0.620,0.940,0.960,2,0,0,0,0,18,295,0,43,2
18-06 20:13:40,27.070,5.013,63.916,2.507,0,5596084,143284,171840,2109152,4144.779,1461.801,0,4583.921,0,554.442,9449,14919,0.620,0.940,0.960,2,0,0,0,0,18,295,0,43,2
18-06 20:13:41,25.473,5.244,65.929,1.748,0,5597284,141772,171860,2109444,4931.713,1618.265,0,3332.428,0,329.647,7961,11670,0.650,0.940,0.960,1,0,0.999,0,0,18,294,0,46,2
18-06 20:13:42,4.748,1.000,91.710,0.750,0,5597328,141520,171864,2109648,5807.483,2530.903,15.993,3750.374,1.000,190.917,2386,3738,0.650,0.940,0.960,2,0,0,0,0,18,295,0,46,2
18-06 20:13:43,12.997,2.999,81.230,1.250,0,5597192,141520,171876,2109772,8729.858,3451.153,3.999,2007.508,1.000,218.946,4084,5988,0.650,0.940,0.960,1,0,1.000,0,0,18,294,0,48,2
18-06 20:13:44,7.991,1.498,86.656,0.999,0,5597148,141520,171880,2109812,5535.018,2427.377,0,2057.776,0,183.801,3109,4671,0.650,0.940,0.960,1,0,0,0,0,18,294,0,45,2
18-06 20:13:45,9.244,1.749,86.440,0.999,0,5596936,141520,171896,2110008,17574.750,4324.985,0,1886.685,0,171.880,3350,4660,0.650,0.940,0.960,1,0,0,0,0,18,294,0,46,2
18-06 20:13:46,13.281,3.508,79.939,1.754,0,5597092,141268,171928,2110072,5568.155,1461.453,0,7569.884,0,546.291,5418,8593,0.600,0.930,0.950,2,0,0,0,0,18,295,0,46,2
18-06 20:13:47,24.231,4.746,67.698,1.249,0,5596960,141016,171936,2110448,5947.449,2503.085,0,3761.122,0,359.725,7715,11681,0.600,0.930,0.950,1,0,0,0,0,18,294,0,47,2
18-06 20:13:48,6.501,1.250,90.258,0.750,0,5596928,141016,171944,2110472,5786.515,1524.136,0,6384.568,0,432.038,2294,2956,0.600,0.930,0.950,1,0,0,0,0,18,295,0,45,2
18-06 20:13:49,4.493,1.498,91.367,0.499,0,5596868,141016,171948,2110528,11478.309,3454.976,0,1917.212,0,141.794,2367,3622,0.600,0.930,0.950,1,0,0,0,0,18,294,0,45,2
18-06 20:13:50,24.493,4.749,68.481,1.750,0,5597076,140512,171964,2110808,4618.746,1619.560,0,2571.302,0,291.921,7987,12168,0.600,0.930,0.950,1,0,0,0,0,18,295,0,45,2
18-06 20:13:51,13.488,2.498,80.930,0.999,0,5597296,140008,171976,2111080,5851.912,2557.776,0,2497.828,0,254.778,4419,6792,0.630,0.930,0.950,2,0,0.999,0,0,18,294,0,46,2
18-06 20:13:52,14.296,2.006,81.260,1.003,0,5597348,139756,171988,2111268,6039.321,2568.216,0,2255.215,0,197.632,3830,5319,0.630,0.930,0.950,1,0,0,0,0,18,294,0,42,2
18-06 20:13:53,6.498,1.250,89.724,1.000,0,5597292,139756,171996,2111316,4402.743,1854.470,0,1987.432,0,170.951,2743,4097,0.630,0.930,0.950,1,0,0,0,0,18,294,0,43,2
18-06 20:13:54,6.247,1.499,90.464,0.750,0.250,5597236,139756,171996,2111372,11603.350,3061.773,0,1731.306,0,155.938,2542,3721,0.630,0.930,0.950,1,0,0,0,0,18,295,0,43,2
18-06 20:13:55,10.471,4.986,80.775,1.247,0,5608472,158528,171500,2081992,11314.459,3288.832,0,7191.951,0,497.613,4763,14902,0.630,0.930,0.950,1,0,35.900,0,0,18,294,0,44,2
18-06 20:13:56,11.011,2.503,84.334,1.001,0,5608456,158304,171500,2082232,6149.160,2562.567,0,1505.508,0,158.158,3532,4894,0.580,0.910,0.950,1,0,0,0,0,18,294,0,41,2
18-06 20:13:57,11.501,2.500,83.256,0.500,0,5608632,158052,171504,2082304,11335.783,3923.271,0,1440.099,0,151.010,3274,4695,0.580,0.910,0.950,2,0,0,0,0,18,294,0,42,2
18-06 20:13:58,3.004,0.751,94.626,0.250,0,5608628,158052,171504,2082308,3608.821,1270.698,0,749.001,0,48.064,1416,1975,0.580,0.910,0.950,1,0,0,0,0,18,294,0,42,2
18-06 20:13:59,12.528,2.255,83.440,1.253,0,5608408,158052,171516,2082516,5504.520,1256.859,0,1731.939,0,204.465,3357,4771,0.580,0.910,0.950,2,0,0,0,0,18,292,0,43,2
18-06 20:14:00,5.741,1.248,90.865,0.749,0,5608364,158052,171516,2082560,5461.898,2287.607,0,1349.997,0,134.800,2459,3725,0.580,0.910,0.950,2,0,0,0,0,18,295,0,43,2
18-06 20:14:01,8.717,1.743,86.424,0.747,0,5608540,157800,171524,2082628,11426.923,3016.628,0,1765.345,0,190.283,3519,5052,0.530,0.900,0.940,1,0,0.996,0,0,18,294,0,44,2
18-06 20:14:02,7.007,1.752,89.091,0.501,0,5608464,157800,171532,2082696,11765.029,3301.376,0,1441.474,0,142.145,2880,4208,0.530,0.900,0.940,1,0,0,0,0,18,294,0,45,2
18-06 20:14:03,7.506,2.752,88.316,1.251,0,5607668,158436,171540,2082848,9380.963,3238.404,0,1100.817,0,100.074,2758,3588,0.530,0.900,0.940,1,0,6.004,0,0,18,294,0,45,2
18-06 20:14:04,4.509,1.503,92.177,0.250,0,5608160,157932,171548,2082852,10388.974,2948.669,0,5262.117,0,491.946,2328,3460,0.530,0.900,0.940,1,0,0,0,0,18,294,0,45,2
18-06 20:14:05,16.259,3.502,77.292,1.001,0,5607968,157932,171556,2083036,7992.353,1578.860,0,2049.116,0,233.127,5427,8418,0.530,0.900,0.940,2,1,0,0,0,18,295,0,42,2
18-06 20:14:06,23.738,5.997,65.468,3.248,0,5606212,157680,171600,2085000,6613.765,1661.188,0,10554.838,0,785.616,9549,15254,0.730,0.930,0.950,2,0,0,0,0,18,295,0,42,2
18-06 20:14:07,25.765,4.753,65.788,1.501,0,5605332,157680,171628,2085836,5449.112,1566.895,0,2417.380,0,292.167,7704,11409,0.730,0.930,0.950,1,0,0,0,0,18,294,0,44,2
18-06 20:14:08,4.750,1.500,91.742,0.750,0,5605312,157680,171628,2085856,5669.505,2565.776,0,1951.829,0,136.988,2163,3168,0.730,0.930,0.950,2,0,0,0,0,18,295,0,44,2
18-06 20:14:09,8.997,2.249,87.219,0.750,0,5605036,157680,171644,2086116,6017.854,2564.085,0,2083.257,0,205.927,3353,5060,0.730,0.930,0.950,1,0,0,0,0,18,294,0,44,2
18-06 20:14:10,11.245,2.249,83.712,1.249,0,5604948,157680,171652,2086196,5541.517,2658.808,0,1803.192,0,180.919,3527,4980,0.730,0.930,0.950,1,0,0,0,0,18,294,0,45,2
18-06 20:14:11,15.280,2.254,81.408,0,0,5607864,154660,171656,2086296,6875.314,2389.627,0,721.397,0,39.076,2748,3103,0.750,0.930,0.950,1,0,1.002,0,0,18,295,0,47,2
18-06 20:14:12,23.916,3.737,69.257,0.997,0,5612360,149872,171668,2086576,9064.166,3031.354,0,2846.005,0,134.528,4948,5707,0.750,0.930,0.950,0,0,0,0,0,18,294,0,48,2
18-06 20:14:13,6.503,1.251,91.037,0.250,0,5612540,149620,171672,2086644,8677.483,2940.180,0,920.369,0,92.037,2214,3069,0.750,0.930,0.950,2,0,0,0,0,18,294,0,46,2
18-06 20:14:14,6.994,1.998,88.422,0.749,0,5612584,149368,171688,2086836,12699.748,3072.278,0,1450.715,0,168.850,2917,4296,0.750,0.930,0.950,2,0,0,0,0,18,295,0,46,2
18-06 20:14:15,8.267,2.004,87.425,1.503,0,5612520,149368,171708,2086880,10289.564,2438.874,0,5587.166,0,399.799,3375,5412,0.750,0.930,0.950,0,0,0,0,0,18,294,0,46,2
18-06 20:14:16,22.495,4.749,68.986,1.750,0,5612432,149116,171800,2087128,4700.040,1403.713,15.997,2719.444,1.000,330.932,7495,11706,0.770,0.930,0.950,4,0,0,0,0,18,295,0,46,2
18-06 20:14:17,16.222,3.494,77.119,1.747,0,5613028,148108,171820,2087520,5728.257,2398.920,0,4672.054,0,388.339,5576,8641,0.770,0.930,0.950,1,0,0,0,0,18,294,0,44,2
18-06 20:14:18,14.015,1.752,81.585,0.501,0,5613028,147856,171820,2087772,4800.981,1567.626,208.216,1533.591,12.012,90.093,3913,5385,0.770,0.930,0.950,1,0,0,0,0,18,298,0,47,2
18-06 20:14:19,24.755,4.751,68.014,1.250,0,5613348,147100,171828,2088200,4112.817,1512.301,144.029,7393.470,8.002,552.110,7715,10756,0.770,0.930,0.950,2,0,1.000,0,0,18,299,0,65,2
18-06 20:14:20,26.053,3.758,67.889,0.752,0,5614852,145336,171840,2088448,4407.033,1460.995,0,2420.962,0,160.329,7120,9838,0.770,0.930,0.950,1,0,2.004,0,0,18,298,0,82,2
18-06 20:14:21,20.707,2.245,73.598,0.998,0,5615144,144580,171856,2088896,10781.718,2806.200,0,1856.164,0,186.614,4551,6103,0.710,0.920,0.950,1,0,0.998,0,0,18,297,0,80,2
18-06 20:14:22,12.772,2.755,81.640,1.503,0,5615008,144580,171892,2088996,4954.491,1568.688,4.007,5910.128,1.002,429.736,4806,7402,0.710,0.920,0.950,1,0,0,0,0,18,298,0,81,2
18-06 20:14:23,26.710,4.493,66.150,1.248,0,5615480,143824,171908,2089264,4750.804,1455.795,0,2332.467,0,216.672,7142,10303,0.710,0.920,0.950,2,1,1.997,0,0,18,298,0,81,2
18-06 20:14:24,9.730,2.744,85.078,0.748,0,5616344,142816,171936,2089380,5680.485,2461.011,0,2894.133,0,255.482,3549,5532,0.710,0.920,0.950,1,0,2.994,0,0,18,297,0,82,2
18-06 20:14:25,14.032,5.513,78.179,1.002,0,5652948,154256,165984,2047924,6225.276,2515.769,0,1627.733,0,160.368,4228,5927,0.710,0.920,0.950,2,0,2.005,0,0,18,297,0,80,2
18-06 20:14:26,6.752,1.250,89.529,0.500,0,5653468,153656,166000,2047988,11765.763,3823.223,0,1536.491,0,157.050,2823,4194,0.650,0.900,0.940,1,0,0,0,0,18,297,0,80,2
18-06 20:14:27,5.735,1.496,90.516,0.748,0,5653412,153656,166012,2048032,6316.654,2582.317,0,1436.283,0,151.608,2487,3679,0.650,0.900,0.940,1,0,0,0,0,18,297,0,80,2
18-06 20:14:28,14.751,2.750,82.504,0,0,5653864,152900,166020,2048312,4440.202,2017.092,0,840.038,0,51.002,3178,3883,0.650,0.900,0.940,1,0,0,0,0,18,297,0,83,2
18-06 20:14:29,2.756,0.752,94.447,0.251,0,5653832,152900,166020,2048344,5372.194,1755.658,0,1086.263,0,92.192,1683,2629,0.650,0.900,0.940,1,0,0,0,0,18,298,0,79,2
18-06 20:14:30,4.747,1.249,91.187,0.999,0,5654040,152648,166028,2048380,5503.168,1973.626,0,1574.903,0,179.875,2450,3719,0.650,0.900,0.940,1,0,0,0,0,18,297,0,79,2
18-06 20:14:31,5.754,1.751,91.060,0.500,0,5654224,152396,166064,2048412,5791.842,1598.060,0,1260.836,0,122.081,2497,3602,0.600,0.890,0.940,1,0,1.001,0,0,18,297,0,79,2
18-06 20:14:32,7.488,2.246,87.360,0.749,0,5654316,152172,166104,2048504,11300.888,3238.809,0,1261.977,0,125.798,2874,4047,0.600,0.890,0.940,1,0,0,0,0,18,297,0,79,2
18-06 20:14:33,21.016,4.754,71.053,1.501,0,5654236,151920,166144,2048796,4609.430,1567.166,0,2545.894,0,323.241,6962,10705,0.600,0.890,0.940,3,0,3.002,0,0,18,298,0,77,2
18-06 20:14:34,22.526,4.756,68.831,2.002,0,5653548,152192,166192,2049164,6193.282,2526.971,0,14577.141,0,1040.223,7732,11212,0.600,0.890,0.940,1,0,0,0,0,18,297,0,78,2
18-06 20:14:35,8.228,1.496,88.518,1.247,0,5653544,152192,166200,2049160,5987.283,2400.698,0,1974.816,0,196.484,2931,4323,0.600,0.890,0.940,1,0,0,0,0,18,297,0,78,2
18-06 20:14:36,3.766,1.004,93.137,0.502,0,5653340,152192,166200,2049364,5351.259,1518.316,0,739.074,0,50.209,1603,2083,0.550,0.870,0.930,1,0,0,0,0,18,298,0,78,2
18-06 20:14:37,3.736,0.747,93.141,0.498,0,5653324,152192,166204,2049376,5402.157,1644.654,0,1099.757,0,96.627,1939,2872,0.550,0.870,0.930,1,0,0,0,0,18,297,0,73,2
18-06 20:14:38,6.506,1.501,89.579,0.500,0,5653516,151940,166216,2049424,10267.087,3168.805,0,1293.145,0,130.115,2646,3702,0.550,0.870,0.930,1,0,0,0,0,18,297,0,73,2
18-06 20:14:39,22.306,4.261,70.175,1.754,0.251,5653700,151436,166248,2049712,5902.689,1581.937,0,4154.338,0,590.469,6508,9979,0.550,0.870,0.930,1,0,0,0,0,18,297,0,74,2
18-06 20:14:40,15.236,1.998,80.677,0.749,0,5487080,317468,166272,2050296,7329.370,268423.173,839.241,1830.344,31.971,109.901,2381,2474,0.550,0.870,0.930,1,0,13.987,0,0,18,297,0,74,2
18-06 20:14:41,1.000,0.500,96.497,0.250,0,5487076,317468,166276,2050296,4548.845,1651.944,0,835.971,0,47.998,1111,1611,0.510,0.860,0.930,1,0,1.000,0,0,18,297,0,70,2
18-06 20:14:42,2.247,1.248,94.633,0.749,0,5487064,317468,166288,2050296,4440.514,1683.920,0,2712.649,0,163.798,1371,2135,0.510,0.860,0.930,1,0,0,0,0,18,297,0,70,2
18-06 20:14:43,1.500,0.250,95.476,0.500,0,5487064,317468,166296,2050288,4064.964,1565.601,0,1583.596,0,29.992,1353,2026,0.510,0.860,0.930,0,0,0,0,0,18,297,0,70,2
18-06 20:14:44,1.999,0.750,95.457,0.250,0,5487040,317468,166296,2050312,3898.239,1619.269,0,495.776,0,47.978,1467,2211,0.510,0.860,0.930,1,0,0,0,0,18,297,0,70,2
18-06 20:14:45,1.499,0.999,96.419,0,0,5487040,317468,166296,2050312,4082.559,1684.580,0,399.663,0,32.972,1240,1798,0.510,0.860,0.930,1,0,0,0,0,18,297,0,70,2
18-06 20:14:46,1.755,0.502,96.548,0,0,5487040,317468,166296,2050312,5614.337,1667.148,0,256.793,0,23.071,1230,1797,0.470,0.840,0.920,1,0,0,0,0,18,297,0,67,2
18-06 20:14:47,1.000,0.750,97.483,0.250,0.250,5487040,317468,166296,2050312,5698.998,1619.715,0,175.969,0,10.998,975,1401,0.470,0.840,0.920,0,0,0,0,0,18,297,0,67,2
18-06 20:14:48,1.749,0.250,97.219,0,0,5487040,317468,166296,2050312,5098.353,1619.477,0,35.988,0,4.998,993,1423,0.470,0.840,0.920,1,0,0,0,0,18,297,0,67,2
18-06 20:14:49,1.996,1.247,93.294,0.998,0,5486992,317468,166320,2050336,4208.702,1454.786,0,5108.714,0,266.411,1883,3082,0.470,0.840,0.920,1,0,0,0,0,18,297,0,67,2
18-06 20:14:50,1.253,0.752,97.719,0.251,0,5486984,317468,166320,2050344,3856.634,1190.665,0,408.915,0,27.061,1032,1499,0.470,0.840,0.920,1,0,0,0,0,18,297,0,66,2
18-06 20:14:51,1.750,0.500,96.483,0,0.250,5486980,317468,166324,2050344,4520.180,1403.745,0,407.926,0,7.999,1046,1455,0.430,0.830,0.920,1,0,1.000,0,0,18,297,0,66,2
18-06 20:14:52,0.749,0.749,96.874,0,0,5486980,317468,166324,2050344,4480.155,1563.960,0,67.911,0,2.996,988,1400,0.430,0.830,0.920,1,0,0,0,0,18,297,0,66,2
18-06 20:14:53,1.992,0.747,95.631,0,0,5486980,317468,166324,2050344,3359.034,968.263,0,143.446,0,20.919,1268,1873,0.430,0.830,0.920,3,0,0,0,0,18,297,0,66,2
18-06 20:14:54,2.766,0.754,95.043,0.503,0,5486976,317468,166324,2050348,4350.838,1695.680,0,466.664,0,50.287,1478,2257,0.430,0.830,0.920,3,0,0,0,0,18,297,0,63,2
18-06 20:14:55,5.251,3.251,90.020,0.250,0,5504360,300080,166328,2053100,4218.930,1458.321,0,856.189,0,139.031,1922,6640,0.430,0.830,0.920,3,0,35.008,0,0,18,297,0,63,2
18-06 20:14:56,3.248,1.249,94.195,0,0,5473360,331076,166328,2050352,4874.131,1619.047,0,91.946,0,12.992,1568,8413,0.390,0.820,0.910,3,0,0.999,0,0,18,297,0,64,2
18-06 20:14:57,1.249,0.250,97.168,0,0,5473356,331076,166328,2050356,4700.012,1522.708,0,0,0,0,932,1363,0.390,0.820,0.910,0,0,0,0,0,18,297,0,64,2
18-06 20:14:58,1.000,0.500,97.031,0,0,5473356,331076,166328,2050356,4741.499,1620.512,0,0,0,0,972,1376,0.390,0.820,0.910,0,0,0,0,0,18,297,0,61,2
18-06 20:14:59,1.500,1.000,97.025,0.250,0,5473356,331076,166328,2050356,4409.145,1458.379,0,84.022,0,9.002,1082,1704,0.390,0.820,0.910,1,0,0,0,0,18,297,0,61,2
18-06 20:15:00,1.750,0.500,96.277,0,0,5473344,331076,166328,2050368,5167.469,1686.479,0,408.116,0,32.009,1188,1801,0.390,0.820,0.910,2,0,0,0,0,18,297,0,61,2
18-06 20:15:01,1.500,1.250,95.518,0.250,0,5473592,330824,166328,2050372,5255.990,1458.275,0,564.106,0,72.014,1340,1922,0.360,0.800,0.910,1,0,4.001,0,0,18,297,0,61,2
18-06 20:15:02,1.000,0.500,97.470,0,0,5473592,330824,166332,2050368,5398.336,1619.501,0,231.928,0,13.996,1015,1475,0.360,0.800,0.910,1,0,0,0,0,18,297,0,58,2
18-06 20:15:03,2.501,1.501,94.807,0,0,5473840,330572,166332,2050372,4982.988,1620.972,0,184.110,0,25.015,1524,2030,0.360,0.800,0.910,4,0,6.004,0,0,18,297,0,58,2
18-06 20:15:04,1.749,0.750,96.210,0.250,0,5473840,330572,166332,2050372,4917.949,1619.325,0,411.828,0,43.982,1390,2182,0.360,0.800,0.910,0,0,0,0,0,18,297,0,58,2
18-06 20:15:05,1.250,0.250,96.997,0.250,0,5473840,330572,166332,2050372,6479.808,1619.952,0,783.977,0,124.996,1009,1468,0.360,0.800,0.910,1,0,0,0,0,18,297,0,58,2
18-06 20:15:06,2.246,0.998,96.077,0,0,5473832,330572,166336,2050376,6094.038,1455.382,0,131.763,0,16.969,1242,1843,0.330,0.790,0.900,0,0,0,0,0,18,297,0,57,2
18-06 20:15:07,1.501,0.500,97.545,0.250,0,5473832,330572,166336,2050376,6182.880,1620.755,0,176.082,0,11.005,937,1356,0.330,0.790,0.900,1,0,0,0,0,18,297,0,57,2
18-06 20:15:08,1.249,0.500,97.207,0,0,5473832,330572,166336,2050376,4396.061,1499.339,0,195.914,0,36.984,1050,1418,0.330,0.790,0.900,0,0,1.999,0,0,18,297,0,57,2
18-06 20:15:09,1.252,0.751,96.669,0.250,0,5473820,330572,166340,2050384,4471.796,1526.661,0,176.307,0,24.042,1185,1864,0.330,0.790,0.900,1,0,0,0,0,18,297,0,57,2
18-06 20:15:10,1.498,0.499,96.889,0.250,0,5473820,330572,166340,2050384,4171.215,1294.515,0,335.615,0,24.971,1097,1557,0.330,0.790,0.900,1,0,0,0,0,18,297,0,53,2
18-06 20:15:11,5.496,1.749,91.435,0,0,5489180,315200,166344,2050392,133486.802,2224.430,3.997,251.822,0.999,13.990,1498,1722,0.310,0.770,0.900,1,0,4.996,0,0,18,297,0,53,2
18-06 20:15:12,11.008,4.003,83.310,0,0,5512688,291512,166368,2050548,284891.669,9144.602,152.110,4.003,6.004,1.001,2549,2146,0.310,0.770,0.900,2,0,27.020,0,0,18,297,0,53,2
18-06 20:15:13,15.277,3.256,80.393,0.250,0,5515536,286484,166384,2052712,285478.376,6102.825,152.270,492.874,3.005,34.060,2722,2809,0.310,0.770,0.900,2,0,22.039,0,0,18,297,0,53,2
18-06 20:15:14,21.233,6.245,71.442,0.250,0,5507408,281056,166384,2066252,3209.375,527.568,0,671.451,0,52.957,2881,2657,0.310,0.770,0.900,2,0,17.985,0,0,18,297,0,50,2
