"pcp-dstat 6.2.0 CSV Output"
"Author:","PCP team <pcp@groups.io> and Dag Wieers <dag@wieers.com>",,,,"URL:","https://pcp.io/ and http://dag.wieers.com/home-made/dstat/"
"Host:","ubuntu",,,,"User:","ubuntu"
"Cmdline:","dstat -tcmndrylpg --tcp --output /tmp/devstack_logs/dstat-csv.log",,,,"Date:","15 Jun 2026 14:42:24 UTC"
"system","total usage",,,,,"memory usage",,,,"net/total",,"dsk/total",,"io/total",,"system",,"load avg",,,"procs",,,"paging",,"tcp sockets",,,,
"time","total usage:usr","total usage:sys","total usage:idl","total usage:wai","total usage:stl","used","free","buf","cach","net/total:recv","net/total:send","dsk/total:read","dsk/total:writ","read","writ","int","csw","1m","5m","15m","run","blk","new","in","out","lis","act","syn","tim","clo"
15-06 14:42:24,,1089420,1335256,165164,5218412,,,,,,,1.410,0.960,0.540,2,0,,,,10,3,0,18,0
15-06 14:42:25,7.994,20.484,69.695,0.250,0,1099864,1324668,165176,5218508,4542.408,1564.763,0,1306.967,0,52.958,5485,4217,1.460,0.970,0.550,1,0,304.759,0,0,10,3,0,18,0
15-06 14:42:26,8.484,20.960,69.367,0.250,0,1069416,1355080,165184,5218536,5179.074,1509.108,0,151.709,0,12.975,5087,3329,1.460,0.970,0.550,2,0,293.438,0,0,10,3,0,18,0
15-06 14:42:27,12.021,19.284,67.118,0,0,1047324,1376980,165184,5219036,4916.634,1568.755,0,20.035,0,5.009,5652,5038,1.460,0.970,0.550,1,0,249.438,0,0,10,3,0,18,0
15-06 14:42:28,13.726,17.969,66.384,0,0,1009216,1415084,165184,5218696,4104.856,1509.373,0,15.972,0,3.993,5007,4466,1.460,0.970,0.550,1,0,228.602,0,0,10,3,0,18,0
15-06 14:42:29,9.996,7.747,81.715,0,0,1064544,1359608,165184,5281240,4364.154,1607.320,0,335.858,0,66.972,3902,5260,1.460,0.970,0.550,0,0,73.969,0,0,11,3,0,18,0
15-06 14:42:30,9.254,7.753,82.531,0,0,1064356,1359760,165184,5281272,4353.652,1512.574,0,3269.240,0,18.007,2403,1850,1.420,0.970,0.550,1,0,86.033,0,0,11,5,0,18,0
15-06 14:42:31,13.250,13.500,71.500,0,0,1066156,1357948,165184,5281284,4715.014,1458.004,0,360.001,0,11.000,3806,2498,1.420,0.970,0.550,1,0,158.000,0,0,11,5,0,18,0
15-06 14:42:32,18.994,6.498,72.977,0,0,1096368,1327280,165232,5281684,4456.592,1457.540,31.990,371.883,1.999,27.991,2536,2004,1.420,0.970,0.550,1,0,36.988,0,0,11,5,0,20,0
15-06 14:42:33,23.500,2.250,73.001,0,0,1132168,1290012,165380,5282556,4578.068,1458.022,0,1428.021,0,8.000,1885,1415,1.420,0.970,0.550,2,0,1.000,0,0,11,5,0,20,0
15-06 14:42:34,13.517,6.008,69.589,9.262,0,1143152,1272888,166008,5287828,4703.992,1459.860,0,18868.035,0,1771.256,9039,15999,1.420,0.970,0.550,2,0,28.036,0,0,11,7,0,20,0
15-06 14:42:35,12.007,5.753,65.288,13.508,0,1139928,1270328,167200,5292240,4640.715,1458.853,0,33127.379,0,3015.764,12918,24611,1.390,0.970,0.550,1,2,54.032,0,0,11,7,0,20,0
15-06 14:42:36,19.463,8.234,68.869,2.495,0,1111152,1298784,167432,5292324,4793.892,1563.030,0,17390.958,0,991.117,5487,7700,1.390,0.970,0.550,1,0,74.858,0,0,11,5,0,20,0
15-06 14:42:37,21.503,4.501,73.510,0.250,0,1116116,1293816,167432,5292324,5100.673,1620.214,0,660.087,0,35.005,1792,1518,1.390,0.970,0.550,2,0,0,0,0,11,5,0,20,0
15-06 14:42:38,24.494,3.999,69.983,0.500,0,1097612,1312212,167528,5292336,5808.610,2723.348,0,8825.888,0,538.871,2914,3273,1.390,0.970,0.550,1,0,9.998,0,0,11,5,0,20,1
15-06 14:42:39,22.500,3.250,73.248,0.250,0,1113740,1296084,167528,5292336,5339.890,1619.967,0,243.995,0,21.000,1791,1314,1.390,0.970,0.550,1,0,0,0,0,11,5,0,20,1
15-06 14:42:40,20.531,5.508,73.362,0,0.250,1112012,1297772,167528,5292344,6489.926,1622.481,0,7495.463,0,399.611,2766,1622,1.360,0.980,0.560,1,0,71.109,0,0,11,5,0,20,1
15-06 14:42:41,8.236,20.216,69.135,0,0,1063832,1345908,167528,5292384,7766.111,1671.226,0,15.973,0,3.993,5298,3590,1.360,0.980,0.560,2,0,300.501,0,0,11,5,0,20,0
15-06 14:42:42,8.517,22.044,67.885,0,0,1053104,1356452,167528,5292532,4508.986,1623.235,0,32.064,0,8.016,5336,3680,1.360,0.980,0.560,1,0,305.609,0,0,11,5,0,20,0
15-06 14:42:43,24.496,17.247,57.491,0,0,1075076,1334436,167532,5292892,4665.283,1607.753,0,27.996,0,3.000,6247,7938,1.360,0.980,0.560,3,0,195.970,0,0,11,5,0,20,0
15-06 14:42:44,43.901,9.229,45.647,0,0,1195372,1214112,167548,5293008,4950.829,1508.596,0,183.586,0,3.991,3178,1629,1.360,0.980,0.560,2,0,59.865,0,0,11,6,0,14,0
15-06 14:42:45,48.321,10.015,40.560,0,0,1192068,1216808,167572,5293568,4853.120,1568.301,0,16700.500,0,146.214,3785,16017,1.410,0.990,0.560,4,0,36.053,0,0,11,6,0,15,0
15-06 14:42:46,36.245,10.248,52.242,0,0,1231000,1175036,167704,5295892,4788.278,1511.772,0,12078.179,0,171.974,4005,3639,1.410,0.990,0.560,2,0,77.988,0,0,11,5,0,15,0
15-06 14:42:47,14.235,7.492,76.920,0,0,1285532,1120492,167712,5295896,4555.242,1618.310,0,0,0,0,2380,1873,1.410,0.990,0.560,1,0,61.935,0,0,11,5,0,15,0
15-06 14:42:48,21.243,2.999,73.475,0,0,1335932,1070092,167712,5295896,4012.656,1133.620,0,379.873,0,5.998,1715,1225,1.410,0.990,0.560,1,0,0,0,0,11,5,0,15,0
15-06 14:42:49,23.760,2.001,73.030,0.500,0,1355356,1050436,167712,5296104,3595.475,1134.465,0,2861.174,0,58.024,1872,1308,1.410,0.990,0.560,1,0,1.000,0,0,11,7,0,14,0
15-06 14:42:50,20.235,6.245,70.448,1.499,0,1298020,1107668,167776,5296144,3859.171,1283.059,0,3717.275,0,328.759,4211,5187,1.370,0.990,0.570,1,0,41.969,0,0,11,5,0,16,0
15-06 14:42:51,22.516,4.003,72.553,0,0,1353020,1052660,167780,5296144,4808.499,1567.140,0,29753.652,0,199.145,2038,1692,1.370,0.990,0.570,1,0,0,0,0,11,5,0,16,0
15-06 14:42:52,19.002,2.750,77.009,0.500,0,1371464,1033912,167796,5296340,8591.955,5538.615,0,1352.150,0,27.003,2356,2267,1.370,0.990,0.570,1,0,1.000,0,0,11,18,0,16,0
15-06 14:42:53,22.022,3.003,73.823,0.500,0,1287888,1116852,167836,5296712,9854.732,7035.948,268.265,3655.610,66.065,90.089,2518,1942,1.370,0.990,0.570,1,0,9.009,0,0,11,29,0,16,1
15-06 14:42:54,20.215,5.491,72.875,0,0,1351164,1053568,167836,5296716,7543.043,1509.407,0,11.979,0,2.995,1940,1381,1.370,0.990,0.570,1,0,36.937,0,0,11,29,0,16,0
15-06 14:42:55,17.258,2.751,79.535,0,0,1375960,1028712,167836,5296732,11829.238,8422.730,0,88.039,0,4.002,2024,1669,1.260,0.980,0.560,2,0,6.003,0,0,11,29,0,17,0
15-06 14:42:56,28.579,12.284,57.911,0,0,1423060,981576,167836,5296748,5492.227,1666.621,0,4949.723,0,27.075,3665,2394,1.260,0.980,0.560,2,0,156.434,0,0,11,29,0,17,0
15-06 14:42:57,35.417,5.986,57.864,0,0,1467104,937528,167836,5296752,14611.714,9417.901,0,0,0,0,3176,2311,1.260,0.980,0.560,2,0,0,0,0,11,31,0,16,0
15-06 14:42:58,36.951,4.244,57.174,0,0,1437088,967288,167840,5296996,18288.696,12290.667,0,287.618,0,17.976,6396,7956,1.260,0.980,0.560,2,0,0.999,0,0,11,29,0,17,0
15-06 14:42:59,60.760,29.376,9.541,0,0,1524184,880160,167844,5297024,6067.991,1518.504,0,690.960,0,14.060,5896,4795,1.260,0.980,0.560,6,0,579.482,0,0,11,29,0,17,0
15-06 14:43:00,84.751,13.750,0.250,0,0.250,1748140,656180,167844,5297044,12368.185,9650.144,0,4.000,0,1.000,5078,2744,1.480,1.030,0.580,3,0,0,0,0,11,32,1,17,0
15-06 14:43:01,78.881,9.486,9.486,0,0,1804320,599744,167848,5297280,34099.485,29116.014,0,603.089,0,46.929,8204,11349,1.480,1.030,0.580,5,0,4.992,0,0,11,33,0,19,0
15-06 14:43:02,50.156,12.726,36.432,0,0,1566896,837108,167852,5297332,14973.047,11226.042,0,558.956,0,44.916,6249,7186,1.480,1.030,0.580,1,0,260.514,0,0,11,29,0,23,0
15-06 14:43:03,19.752,5.751,72.757,0,0,1545344,858660,167852,5297332,5192.468,1512.136,0,148.013,0,8.001,2334,1682,1.480,1.030,0.580,2,0,45.004,0,0,11,29,0,23,0
15-06 14:43:04,15.498,2.500,81.740,0,0,1539664,864332,167852,5297340,10504.719,7551.079,0,135.983,0,7.999,2106,2167,1.480,1.030,0.580,0,0,0,0,0,11,30,0,23,0
15-06 14:43:05,18.760,7.254,72.288,0.500,0,1494724,909256,167860,5297348,6908.635,2575.355,0,2581.358,0,159.084,3297,2995,1.440,1.030,0.580,1,0,68.036,0,0,11,29,0,24,0
15-06 14:43:06,19.039,2.505,78.158,0,0,1484472,919504,167860,5297352,9745.748,5553.253,0,1410.859,0,12.024,1977,1584,1.440,1.030,0.580,1,0,0,0,0,11,30,0,24,0
15-06 14:43:07,16.736,5.995,76.185,0,0,1408384,995560,167860,5297368,7912.237,4682.997,0,199.829,0,15.986,3238,3212,1.440,1.030,0.580,3,0,78.933,0,0,11,29,0,25,0
15-06 14:43:08,7.752,22.507,67.520,0,0.250,1406088,997848,167864,5297372,4923.451,1632.481,0,184.054,0,8.002,5389,3397,1.440,1.030,0.580,1,0,346.102,0,0,11,28,0,25,1
15-06 14:43:09,40.711,31.220,26.974,0,0,1441364,962548,167868,5297392,8170.254,2232.883,0,499.526,0,19.981,5834,4484,1.440,1.030,0.580,6,0,612.419,0,0,11,29,0,25,0
15-06 14:43:10,84.954,12.781,2.005,0,0,1699328,704556,167868,5297420,11023.487,9744.414,0,617.484,0,42.101,5230,2943,1.570,1.060,0.600,3,0,0,0,0,11,32,0,25,0
15-06 14:43:11,73.690,9.492,15.987,0,0,1718352,685284,167868,5297660,40994.518,37003.778,0,331.729,0,32.973,8793,14077,1.570,1.060,0.600,3,0,29.976,0,0,11,33,0,25,0
15-06 14:43:12,78.815,19.266,1.501,0.250,0,1579304,824240,167868,5297752,11712.631,7255.966,0,452.372,0,49.040,6887,7525,1.570,1.060,0.600,7,0,280.230,0,0,11,29,0,26,0
15-06 14:43:13,86.239,13.748,0,0,0,1734452,669072,167868,5297772,10550.622,7980.958,0,187.975,0,9.999,5119,2875,1.570,1.060,0.600,5,0,1.000,0,0,11,31,0,25,0
15-06 14:43:14,81.895,11.985,5.493,0,0.250,1801596,601576,167876,5298116,41462.988,38056.343,0,143.816,0,8.989,8785,12189,1.570,1.060,0.600,1,0,49.936,0,0,11,34,0,26,0
15-06 14:43:15,60.017,13.004,25.507,0,0,1638788,764188,167884,5298312,28096.746,21541.939,0,748.206,0,38.010,8618,11441,1.680,1.090,0.610,2,0,180.050,0,0,11,29,0,30,0
15-06 14:43:16,40.759,10.502,48.260,0,0,1540808,862160,167884,5298320,5058.093,1620.350,0,4240.916,0,363.078,3438,1923,1.680,1.090,0.610,2,0,68.015,0,0,11,29,0,30,0
15-06 14:43:17,31.670,4.239,62.592,0,0,1540988,861988,167884,5298344,19268.378,15861.973,0,159.597,0,5.985,4051,4695,1.680,1.090,0.610,1,0,0.997,0,0,11,31,0,25,0
15-06 14:43:18,33.774,22.766,43.030,0.250,0,1435260,967712,167888,5298376,9883.000,5472.877,0,252.179,0,28.020,5837,5354,1.680,1.090,0.610,4,0,378.268,0,0,11,29,0,27,0
15-06 14:43:19,61.324,8.010,30.287,0,0,1576896,826052,167896,5298392,9996.059,6557.911,0,144.174,0,7.008,3785,1669,1.680,1.090,0.610,1,0,0,0,0,11,32,0,27,0
15-06 14:43:20,48.205,5.245,45.208,0,0,1578104,824628,167904,5298592,33267.948,25127.546,0,2837.352,0,144.865,7838,10640,1.710,1.110,0.620,3,0,0,0,0,11,30,0,28,0
15-06 14:43:21,70.152,21.296,8.769,0.251,0,1533000,869708,167904,5298616,5966.891,2131.605,0,489.057,0,26.056,5402,3576,1.710,1.110,0.620,4,0,258.559,0,0,11,29,0,25,0
15-06 14:43:22,72.138,8.986,18.471,0,0,1640504,762168,167924,5298632,21339.814,18185.719,0,3250.944,0,188.707,5368,4915,1.710,1.110,0.620,4,0,0,0,0,11,33,0,25,0
15-06 14:43:23,62.076,13.517,23.529,0.250,0,1507448,894996,167928,5298852,30206.202,25239.085,0,400.493,0,35.043,8998,12971,1.710,1.110,0.620,5,0,245.302,0,0,11,29,0,28,0
15-06 14:43:24,63.964,12.993,22.238,0,0,1576448,825972,167932,5298872,4589.429,1511.154,0,215.879,0,9.994,3957,1813,1.710,1.110,0.620,3,0,79.955,0,0,11,29,0,28,0
15-06 14:43:25,45.389,5.487,48.632,0.249,0,1597236,805132,167932,5298920,26170.281,22907.226,0,1380.638,0,138.662,5424,7003,1.730,1.120,0.630,6,0,0,0,0,11,31,0,29,0
15-06 14:43:26,62.707,18.812,17.558,0,0,1514036,888164,167932,5299088,12877.473,9049.848,0,545.800,0,26.086,6178,6306,1.730,1.120,0.630,3,0,299.989,0,0,11,29,0,30,0
15-06 14:43:27,53.218,7.246,38.726,0,0,1595272,806916,167932,5299100,16664.852,13329.883,0,187.886,0,7.995,4122,2793,1.730,1.120,0.630,3,0,0,0,0,11,32,0,30,0
15-06 14:43:28,53.040,13.760,32.274,0,0,1519400,882448,167936,5299432,21382.986,17622.174,0,300.224,0,27.020,7862,9769,1.730,1.120,0.630,5,0,270.202,0,0,11,29,0,33,0
15-06 14:43:29,64.428,10.488,24.473,0.250,0,1562336,839492,167936,5299452,5848.505,3528.082,0,155.827,0,6.992,3714,1389,1.730,1.120,0.630,2,0,16.981,0,0,11,30,0,33,0
15-06 14:43:30,46.480,5.248,47.729,0,0,1564904,836732,167936,5299644,28087.741,24275.405,0,319.860,0,34.985,6342,8438,1.830,1.150,0.640,2,0,0,0,0,11,30,0,34,0
15-06 14:43:31,60.407,14.478,23.963,0,0,1509068,892548,167936,5299664,6605.799,2451.215,0,183.716,0,8.986,4683,2965,1.830,1.150,0.640,5,0,111.827,0,0,11,29,0,35,0
15-06 14:43:32,54.760,5.501,39.007,0,0,1585308,816292,167936,5299680,19545.467,16495.926,0,180.032,0,9.002,4394,3903,1.830,1.150,0.640,4,0,0,0,0,11,32,0,35,0
15-06 14:43:33,51.615,21.548,26.309,0.251,0.251,1422060,979472,167952,5299724,17234.561,12499.968,0,1347.014,0,103.231,7236,8983,1.830,1.150,0.640,8,0,406.910,0,0,11,29,0,37,0
15-06 14:43:34,78.804,21.015,0,0,0,1629848,771620,167952,5299788,4923.402,1621.120,0,24.017,0,6.004,5476,4303,1.830,1.150,0.640,9,0,362.250,0,0,11,29,0,35,0
15-06 14:43:35,80.001,18.750,0.750,0,0,1791436,609848,167952,5299972,20539.234,17979.205,0,0,0,0,6344,5956,2.250,1.250,0.670,7,0,327.004,0,0,11,33,0,35,0
15-06 14:43:36,74.199,21.235,3.997,0.250,0,1808876,592204,167952,5300164,47624.386,42560.854,0,779.466,0,58.960,9030,11922,2.250,1.250,0.670,6,0,422.711,0,0,11,30,0,36,0
15-06 14:43:37,78.307,21.015,0.500,0,0,1604560,796404,167956,5300272,11003.963,8344.038,0,208.151,0,16.012,6094,5261,2.250,1.250,0.670,5,0,337.244,0,0,11,29,0,36,1
15-06 14:43:38,81.959,10.745,7.246,0,0,1709256,691680,167964,5300292,21059.563,16020.060,0,2182.918,0,116.942,5714,4098,2.250,1.250,0.670,6,0,1.999,0,0,11,33,0,36,1
15-06 14:43:39,73.528,12.005,14.505,0,0,1715992,684752,167964,5300480,43276.323,38182.402,0,4.002,0,1.000,8520,14466,2.250,1.250,0.670,3,0,133.050,0,0,11,31,0,39,1
15-06 14:43:40,28.743,23.994,45.489,0,0,1525600,875056,167964,5300564,12244.134,6974.368,0,15.996,0,3.999,6621,6397,2.150,1.250,0.680,3,0,513.880,0,0,11,29,0,41,1
15-06 14:43:41,26.009,35.513,36.763,0,0,1505024,895620,167964,5300576,5176.870,1512.546,0,48.017,0,12.004,6061,5118,2.150,1.250,0.680,5,0,722.261,0,0,11,29,0,41,1
15-06 14:43:42,75.748,16.750,8.000,0,0,1606932,793664,167964,5300624,10137.795,7483.848,0,20.000,0,2.000,4788,3176,2.150,1.250,0.680,3,0,232.995,0,0,11,31,0,41,1
15-06 14:43:43,60.683,7.492,30.716,0,0,1619500,780884,167976,5300820,28229.635,23788.570,0,1102.775,0,84.906,7902,9976,2.150,1.250,0.680,5,0,16.981,0,0,11,31,0,43,1
15-06 14:43:44,74.321,19.018,6.506,0.250,0,1536620,863700,167996,5300860,9373.921,5852.570,0,432.412,0,43.041,6028,5741,2.150,1.250,0.680,4,0,252.240,0,0,11,29,0,45,1
15-06 14:43:45,72.460,10.494,16.491,0,0,1667416,732880,168000,5300880,19524.107,16855.596,0,1035.422,0,7.996,5403,13032,2.140,1.260,0.680,6,0,35.980,0,0,11,33,0,46,1
15-06 14:43:46,56.450,6.494,35.968,0,0,1667936,732124,168000,5301108,34508.412,29795.589,0,167.851,0,5.995,10105,15095,2.140,1.260,0.680,4,0,0,0,0,11,33,0,45,1
15-06 14:43:47,59.503,7.750,31.251,0,0,1625604,774188,168008,5301332,35918.598,30072.338,0,752.033,0,76.003,11990,17775,2.140,1.260,0.680,4,0,32.001,0,0,11,30,0,45,1
15-06 14:43:48,79.864,15.021,4.757,0,0,1560360,839420,168012,5301340,6599.398,4085.818,0,260.371,0,25.036,4957,2639,2.140,1.260,0.680,3,0,90.128,0,0,11,30,0,45,1
15-06 14:43:49,67.255,9.001,22.752,0,0,1644232,755516,168012,5301372,29005.121,23404.711,0,144.011,0,9.001,5759,6283,2.140,1.260,0.680,2,0,0,0,0,11,33,0,45,1
15-06 14:43:50,47.438,5.742,45.940,0.250,0,1645948,753544,168012,5301620,37543.573,32683.970,0,139.816,0,6.991,11046,17016,2.210,1.290,0.700,2,0,0,0,0,11,32,0,46,1
15-06 14:43:51,46.032,9.507,43.530,0,0,1663004,736280,168016,5301820,25778.039,20056.035,0,116.081,0,8.006,7639,10329,2.210,1.290,0.700,6,0,71.050,0,0,11,32,0,46,1
15-06 14:43:52,67.785,16.258,15.758,0,0,1568764,830496,168016,5301844,10833.604,9026.669,0,208.108,0,12.006,5048,3681,2.210,1.290,0.700,3,0,189.098,0,0,11,30,0,49,1
15-06 14:43:53,57.544,6.975,34.377,0,0,1659120,740104,168024,5301868,14845.767,10891.944,0,298.928,0,25.907,4533,3400,2.210,1.290,0.700,2,0,1.993,0,0,11,37,0,49,1
15-06 14:43:54,40.890,4.515,53.182,0,0,1658932,740104,168024,5302052,23843.550,19556.889,0,116.398,0,9.031,6886,9027,2.210,1.290,0.700,3,0,1.003,0,0,11,37,0,46,1
15-06 14:43:55,50.328,9.717,38.369,0,0,1556860,842112,168024,5302108,21206.336,16204.475,0,0,0,0,6487,8195,2.190,1.300,0.700,3,0,73.747,0,0,11,35,0,48,1
15-06 14:43:56,61.135,9.521,29.064,0.251,0,1636464,762368,168024,5302248,15602.360,11716.803,0,3146.930,0,139.307,4743,5057,2.190,1.300,0.700,2,0,30.066,0,0,11,36,0,48,1
15-06 14:43:57,70.299,9.257,20.014,0,0,1580644,818124,168044,5302292,18300.870,13361.396,0,552.388,0,50.035,5541,5408,2.190,1.300,0.700,5,0,74.052,0,0,11,34,0,50,1
15-06 14:43:58,71.325,13.218,14.215,0,0,1622280,776440,168044,5302340,19882.189,15214.648,0,151.628,0,8.978,5835,6806,2.190,1.300,0.700,5,0,75.814,0,0,11,35,0,49,1
15-06 14:43:59,60.981,9.747,28.741,0,0,1598760,799736,168044,5302556,31053.184,26053.764,0,139.956,0,9.997,6446,9023,2.190,1.300,0.700,3,0,58.981,0,0,11,36,0,50,1
15-06 14:44:00,68.724,11.788,19.313,0,0,1535980,862456,168044,5302608,25591.367,19698.169,0,128.418,0,7.023,7485,10063,2.330,1.350,0.720,8,0,132.431,0,0,11,34,0,53,1
15-06 14:44:01,78.749,14.000,8.250,0,0,1609000,789248,168044,5302792,14274.846,10668.885,0,119.999,0,8.000,5599,4248,2.330,1.350,0.720,4,0,36.000,0,0,11,34,0,54,1
15-06 14:44:02,64.573,9.973,23.934,0,0,1691296,706904,168044,5302840,27057.761,23376.860,0,143.606,0,9.973,6351,8010,2.330,1.350,0.720,2,0,33.907,0,0,11,36,0,47,1
15-06 14:44:03,64.697,13.239,20.983,0,0,1594384,803756,168056,5302888,18290.996,12919.402,0,391.679,0,40.966,6415,6800,2.330,1.350,0.720,4,0,171.859,0,0,11,34,0,50,1
15-06 14:44:04,56.417,10.280,33.599,0.251,0,1580532,817588,168060,5302900,15605.159,11583.263,0,264.783,0,22.065,4453,3374,2.330,1.350,0.720,3,0,61.181,0,0,11,35,0,51,1
15-06 14:44:05,55.288,8.256,35.524,0.250,0,1615840,782080,168068,5303092,16156.077,12126.314,0,292.200,0,24.016,5438,5492,2.390,1.370,0.730,3,0,60.041,0,0,11,34,0,53,1
15-06 14:44:06,52.991,12.498,33.495,0,0,1536688,861200,168068,5303120,17338.154,12858.889,0,199.967,0,12.998,5094,5406,2.390,1.370,0.730,4,0,131.978,0,0,11,34,0,53,1
15-06 14:44:07,53.599,7.978,38.890,0,0,1589964,807760,168068,5303284,16424.688,13274.571,0,167.528,0,8.975,4652,4866,2.390,1.370,0.730,2,0,6.980,0,0,11,34,0,54,1
15-06 14:44:08,48.241,10.998,39.242,0,0,1573436,824208,168072,5303360,16734.786,12892.524,0,243.953,0,16.997,5487,6321,2.390,1.370,0.730,3,0,128.975,0,0,11,34,0,55,2
15-06 14:44:09,33.616,7.275,58.200,0,0,1563844,833772,168076,5303380,15346.754,12170.837,0,252.869,0,20.069,4614,4848,2.390,1.370,0.730,3,0,66.228,0,0,11,34,0,56,2
15-06 14:44:10,38.842,6.225,53.781,0,0,1530820,866760,168080,5303404,10979.214,7780.263,0,243.009,0,21.911,4719,4911,2.360,1.380,0.740,2,0,13.943,0,0,11,33,0,56,2
15-06 14:44:11,36.009,8.252,54.764,0.250,0,1553580,843976,168088,5303420,13097.365,9476.435,0,272.070,0,39.010,3846,3371,2.360,1.380,0.740,2,0,55.014,0,0,11,34,0,56,2
15-06 14:44:12,38.299,6.759,54.069,0,0,1560848,836700,168088,5303428,9979.774,6946.892,0,120.154,0,9.012,3198,2258,2.360,1.380,0.740,2,0,34.044,0,0,11,34,0,57,2
15-06 14:44:13,34.085,8.271,56.140,0.251,0,1560552,836848,168100,5303560,14196.421,10532.279,0,396.991,0,31.078,4590,4891,2.360,1.380,0.740,3,0,99.248,0,0,11,34,0,58,2
15-06 14:44:14,38.414,8.730,51.884,0,0,1502664,894708,168116,5303572,6469.533,3174.900,0,247.447,0,18.958,3596,2733,2.360,1.380,0.740,2,0,65.853,0,0,11,33,0,59,2
15-06 14:44:15,35.238,5.248,59.480,0,0.250,1545280,851940,168116,5303724,15043.856,12052.879,0,151.948,0,9.997,3758,3685,2.250,1.380,0.740,3,0,0,0,0,11,35,0,57,2
15-06 14:44:16,38.987,5.248,55.231,0,0,1465572,931492,168116,5303880,16792.227,12936.553,0,1463.497,0,23.992,4892,5780,2.250,1.380,0.740,2,0,4.998,0,0,11,33,0,59,2
15-06 14:44:17,38.750,8.250,52.000,0,0,1498944,898108,168120,5303884,9385.952,6398.967,0,2967.985,0,143.999,3318,2059,2.250,1.380,0.740,3,0,43.000,0,0,11,34,0,59,2
15-06 14:44:18,34.206,4.494,59.674,0.250,0,1468000,929012,168132,5303920,16144.453,12456.147,0,419.466,0,59.924,3622,4123,2.250,1.380,0.740,3,0,4.994,0,0,11,34,0,60,2
15-06 14:44:19,39.630,5.769,54.177,0.502,0,1450080,946900,168132,5303948,14869.697,8525.922,0,240.789,0,23.076,4295,4602,2.250,1.380,0.740,2,0,20.066,0,0,11,33,0,55,2
15-06 14:44:20,20.203,11.972,66.097,0,0,1458860,938040,168132,5304028,13837.027,10843.943,0,155.640,0,9.977,5141,5126,2.150,1.370,0.740,0,0,256.408,0,0,11,34,0,55,2
15-06 14:44:21,20.026,3.254,75.850,0,0,1416812,980080,168136,5304032,6923.150,2901.835,0,284.376,0,23.030,2351,2164,2.150,1.370,0.740,1,0,5.007,0,0,11,33,0,56,2
15-06 14:44:22,19.473,2.497,76.645,0,0,1445268,951492,168136,5304164,9777.646,6642.927,0,139.809,0,9.986,1842,1501,2.150,1.370,0.740,1,0,0,0,0,11,34,0,56,2
15-06 14:44:23,16.547,6.268,76.467,0.251,0,1413600,983116,168156,5304188,11044.384,7305.760,0,842.394,0,59.168,4367,5007,2.150,1.370,0.740,1,0,101.288,0,0,11,33,0,56,2
15-06 14:44:24,16.456,10.721,71.310,0,0,1455044,941664,168156,5304196,4653.576,1561.830,0,171.542,0,13.963,3440,2418,2.150,1.370,0.740,1,0,183.510,0,0,11,33,0,56,2
15-06 14:44:25,19.000,2.250,77.750,0,0,1480184,916512,168156,5304208,9516.995,6597.996,0,0,0,0,1940,1513,2.060,1.360,0.740,1,0,0,0,0,11,34,0,56,2
15-06 14:44:26,19.500,4.750,74.998,0,0,1458804,937864,168164,5304228,10894.780,7365.851,0,219.996,0,9.000,3489,3775,2.060,1.360,0.740,1,0,45.999,0,0,11,33,0,57,2
15-06 14:44:27,20.244,2.999,75.479,0,0,1464620,932048,168164,5304228,6573.139,3531.001,0,83.976,0,2.999,1788,1266,2.060,1.360,0.740,0,0,0,0,0,11,34,0,52,2
15-06 14:44:28,18.993,2.749,77.223,0.250,0,1454640,941972,168176,5304264,15796.495,11745.907,0,1507.475,0,89.969,4390,5792,2.060,1.360,0.740,1,0,0,0,0,11,34,0,52,2
15-06 14:44:29,14.524,13.272,70.367,0,0,1404416,992068,168180,5304388,7045.728,3734.216,0,212.353,0,20.033,4502,3788,2.060,1.360,0.740,2,0,173.288,0,0,11,33,0,52,2
15-06 14:44:30,10.270,23.045,65.127,0.250,0,1389032,1007396,168188,5304432,4348.479,1502.930,0,360.703,0,22.043,5606,4054,2.050,1.370,0.750,2,0,384.750,0,0,11,33,0,53,2
15-06 14:44:31,39.863,10.713,48.583,0,0,1460852,935332,168248,5304616,4734.721,1680.223,0,928.806,0,47.836,3470,2454,2.050,1.370,0.750,2,0,68.764,0,0,11,33,0,49,2
15-06 14:44:32,40.348,7.017,46.613,4.511,0,1531896,859032,168768,5308796,4589.134,1461.546,0,12181.556,0,1060.573,7856,12078,2.050,1.370,0.750,4,0,62.151,0,0,11,37,0,49,2
15-06 14:44:33,35.970,7.993,40.467,12.240,0,1490024,896320,169616,5312268,4855.988,1618.663,0,45874.099,0,3787.870,15660,29977,2.050,1.370,0.750,1,1,90.925,0,0,11,37,0,49,2
15-06 14:44:34,56.349,10.519,27.298,5.760,0,1436492,948776,170028,5312824,8616.169,2488.381,0,25613.093,0,2090.681,10570,17793,2.050,1.370,0.750,2,0,47.083,0,0,11,33,0,49,3
15-06 14:44:35,56.454,6.745,34.972,0.999,0,1499588,885272,170148,5313012,42057.964,13689.921,0,7146.217,0,347.719,3996,3110,2.130,1.400,0.760,3,0,0.999,0,0,11,34,0,47,3
15-06 14:44:36,49.800,10.010,29.780,8.258,0,1592956,790096,170932,5313840,25433.405,15155.138,0,24976.950,0,2687.685,15974,27264,2.130,1.400,0.760,1,1,3.003,0,0,11,36,0,47,3
15-06 14:44:37,45.711,8.992,42.464,2.248,0,1524248,857884,171276,5314288,45801.732,15030.114,0,9867.540,0,737.368,6672,7899,2.130,1.400,0.760,2,0,98.915,0,0,11,34,0,47,3
15-06 14:44:38,37.168,5.488,55.128,0.998,0,1519860,846060,171432,5329692,147268.570,15322.038,0,5072.756,0,469.958,3255,2076,2.130,1.400,0.760,1,0,1.996,0,0,11,34,0,47,3
15-06 14:44:39,45.499,4.750,46.999,2.000,0,1498444,849096,172300,5345104,49413.183,2357.961,0,9919.836,0,532.991,4041,3687,2.130,1.400,0.760,2,0,2.000,0,0,11,34,0,45,2
15-06 14:44:40,44.476,5.747,48.224,0.250,0,1505564,823192,172840,5361164,5774.856,1457.207,0,1291.297,0,36.980,2975,1608,2.120,1.410,0.770,2,0,0,0,0,11,34,0,45,2
15-06 14:44:41,45.019,5.002,48.520,0.750,0,1541604,765204,173356,5380688,4578.910,1662.693,0,1784.744,0,129.054,3172,1877,2.120,1.410,0.770,2,0,2.001,0,0,11,34,0,45,2
15-06 14:44:42,44.001,5.750,48.501,1.250,0,1497568,790624,174416,5395412,4860.146,1620.049,0,2692.081,0,115.003,3224,2113,2.120,1.410,0.770,2,0,1.000,0,0,11,34,0,45,2
15-06 14:44:43,43.644,5.487,48.632,0.748,0,1524496,734192,175416,5421252,4908.068,1616.071,0,2330.335,0,77.811,3124,1866,2.120,1.410,0.770,2,0,1.995,0,0,11,34,0,40,2
15-06 14:44:44,34.433,7.037,58.058,0,0,1494176,778412,175704,5406728,5332.312,1978.505,0,703.736,0,25.133,2904,1739,2.120,1.410,0.770,2,0,52.278,0,0,11,32,0,40,2
15-06 14:44:45,26.682,6.733,65.333,0,0,1478496,794088,175704,5406732,4640.112,1454.274,0,0,0,0,2692,8078,2.030,1.410,0.770,1,0,37.903,0,0,11,32,0,41,2
15-06 14:44:46,23.748,2.500,73.494,0,0,1424980,847508,175704,5406828,4806.618,1403.888,0,407.968,0,12.999,1913,1397,2.030,1.410,0.770,1,0,1.000,0,0,11,32,0,41,2
15-06 14:44:47,22.252,3.500,73.258,0.500,0,1433148,839316,175716,5406840,3968.433,1188.130,0,488.053,0,31.003,1836,1378,2.030,1.410,0.770,1,0,0,0,0,11,32,0,37,2
15-06 14:44:48,21.490,4.248,73.466,0,0,1441304,831144,175716,5406856,4723.798,1565.270,0,5821.286,0,230.892,1931,1312,2.030,1.410,0.770,2,0,1.000,0,0,11,32,0,37,2
15-06 14:44:49,22.742,2.999,73.474,0,0,1469060,803388,175716,5406856,4650.349,1511.464,0,0,0,0,1789,1165,2.030,1.410,0.770,2,0,1.999,0,0,11,32,0,37,2
15-06 14:44:50,21.767,4.003,73.308,0,0,1441080,831344,175724,5406872,4679.694,1609.270,0,0,0,0,1857,1292,1.940,1.400,0.770,3,0,1.001,0,0,11,32,0,37,2
15-06 14:44:51,22.502,3.000,73.505,0,0,1417916,854460,175724,5406920,4743.344,1566.114,0,0,0,0,1777,1154,1.940,1.400,0.770,1,0,1.000,0,0,11,32,0,36,2
15-06 14:44:52,22.248,3.500,73.493,0,0,1450880,821544,175724,5406920,4471.576,1511.857,0,111.989,0,3.000,1814,1211,1.940,1.400,0.770,2,0,2.000,0,0,11,32,0,36,2
15-06 14:44:53,17.793,8.270,72.926,0,0,1404112,868200,175724,5407032,4811.643,1623.929,0,148.359,0,1.002,2808,1873,1.940,1.400,0.770,1,0,96.233,0,0,11,32,0,36,2
15-06 14:44:54,8.001,23.002,67.756,0,0,1390328,881932,175724,5407084,4518.400,1458.129,0,624.055,0,9.001,5692,4051,1.940,1.400,0.770,2,0,398.035,0,0,11,32,0,36,2
15-06 14:44:55,8.749,20.748,68.743,0,0,1375264,896840,175724,5407240,4859.471,1619.824,0,539.941,0,8.999,5249,3624,1.870,1.390,0.770,1,0,322.965,0,0,11,32,0,36,2
15-06 14:44:56,9.001,21.003,68.510,0,0,1367888,904260,175732,5407280,4775.694,1458.212,0,328.048,0,13.002,5550,4177,1.870,1.390,0.770,1,0,339.049,0,0,11,32,0,31,2
15-06 14:44:57,12.966,14.213,71.064,0,0,1388592,883536,175736,5407296,5505.555,1615.761,0,474.754,0,28.924,4136,3060,1.870,1.390,0.770,1,0,219.424,0,0,11,32,0,31,2
15-06 14:44:58,22.499,3.750,72.996,0,0,1430852,841260,175736,5407312,6413.613,1673.899,0,0,0,0,1876,1286,1.870,1.390,0.770,1,0,2.000,0,0,11,32,0,31,2
15-06 14:44:59,22.500,2.750,73.749,0,0,1403456,868640,175736,5407328,6779.901,1619.976,0,16.000,0,1.000,1716,1093,1.870,1.390,0.770,2,0,1.000,0,0,11,32,0,31,2
15-06 14:45:00,22.242,3.749,73.974,0,0,1411876,860240,175736,5407308,5280.169,1619.438,0,3.999,0,1.000,1768,1293,1.800,1.380,0.780,1,0,1.999,0,0,11,32,0,28,2
15-06 14:45:01,23.009,2.251,73.780,0,0,1427288,844828,175736,5407308,5011.049,1524.623,0,20.008,0,1.000,1718,1022,1.800,1.380,0.780,1,0,0,0,0,11,32,0,28,2
15-06 14:45:02,21.742,4.498,72.723,0,0,1446528,825580,175740,5407316,4292.399,1145.573,0,95.964,0,2.999,1880,1271,1.800,1.380,0.780,2,0,3.999,0,0,11,32,0,28,2
15-06 14:45:03,23.504,2.500,73.512,0,0,1479716,792392,175740,5407316,5280.877,1662.276,0,12.002,0,1.000,1798,1124,1.800,1.380,0.780,1,0,2.000,0,0,11,32,0,28,2
15-06 14:45:04,21.504,4.501,73.515,0,0,1433284,838836,175740,5407304,4878.984,1458.294,0,2088.421,0,10.002,1898,1298,1.800,1.380,0.780,2,0,4.001,0,0,11,32,0,20,2
15-06 14:45:05,22.505,3.251,73.766,0,0,1478348,793768,175740,5407308,4981.102,1620.358,0,24.005,0,1.000,1670,1075,1.730,1.380,0.780,1,0,0,0,0,11,32,0,20,2
15-06 14:45:06,22.998,3.000,73.243,0,0,1431208,840880,175744,5407332,3742.653,485.955,0,191.982,0,10.999,1888,1522,1.730,1.380,0.780,1,0,1.000,0,0,11,32,0,20,2
15-06 14:45:07,22.003,3.500,73.258,0,0,1466288,805812,175744,5407320,4412.502,1512.172,0,304.035,0,21.002,1757,1145,1.730,1.380,0.780,2,0,2.000,0,0,11,32,0,20,2
15-06 14:45:08,22.749,3.000,73.497,0,0,1424448,847640,175744,5407332,4767.805,1457.940,0,12.000,0,1.000,1711,1061,1.730,1.380,0.780,3,0,1.000,0,0,11,32,0,16,2
15-06 14:45:09,21.745,4.249,73.484,0.250,0,1439452,832664,175744,5407304,4622.993,1713.627,0,4019.125,0,133.971,1812,1180,1.730,1.380,0.780,2,0,2.000,0,0,11,32,0,16,2
15-06 14:45:10,23.507,1.751,73.522,0,0,1459108,813008,175744,5407304,4459.332,1458.436,0,28.008,0,1.000,1599,957,1.680,1.370,0.780,2,0,0,0,0,11,32,0,16,2
15-06 14:45:11,20.751,4.750,73.502,0,0,1440872,831304,175744,5407244,4577.114,1620.040,0,0,0,0,1798,1187,1.680,1.370,0.780,3,0,3.000,0,0,11,32,0,16,2
15-06 14:45:12,21.753,3.750,73.759,0,0,1482208,789968,175744,5407244,4486.534,1566.186,0,4.000,0,1.000,1713,1122,1.680,1.370,0.780,1,0,0,0,0,11,32,0,12,1
15-06 14:45:13,22.732,3.247,73.191,0,0,1425284,846804,175744,5407332,4468.413,1510.787,0,187.849,0,2.998,1768,1126,1.680,1.370,0.780,1,0,0.999,0,0,11,32,0,12,1
15-06 14:45:14,21.511,6.754,70.787,0,0,1410092,861984,175744,5407332,4982.639,1620.859,0,89303.307,0,528.280,2979,2602,1.680,1.370,0.780,3,0,2.001,0,0,11,32,0,12,1
15-06 14:45:15,22.483,3.997,73.444,0,0,1427364,844732,175744,5407312,5156.076,1618.768,0,0,0,0,1769,1255,1.620,1.370,0.780,1,0,1.998,0,0,11,32,0,12,1
15-06 14:45:16,23.267,2.752,72.803,0.250,0.250,1443788,828284,175756,5407324,4880.576,1621.188,0,1577.155,0,14.010,1940,1565,1.620,1.370,0.780,1,0,0,0,0,11,32,0,9,1
15-06 14:45:17,21.247,3.999,73.240,0.250,0.250,1425904,846168,175760,5407320,4799.366,1619.786,0,451.940,0,28.996,1911,1513,1.620,1.370,0.780,1,0,1.000,0,0,11,32,0,9,1
15-06 14:45:18,22.499,3.500,73.748,0,0,1409664,862384,175760,5407344,5339.864,1619.959,0,31.999,0,3.000,1826,1249,1.620,1.370,0.780,1,0,1.000,0,0,11,32,0,9,1
15-06 14:45:19,22.743,2.749,73.228,0,0,1446544,825516,175760,5407332,5158.460,1619.517,0,11.996,0,1.000,1794,1204,1.620,1.370,0.780,5,0,1.999,0,0,11,32,0,9,1
15-06 14:45:20,18.238,9.494,71.703,0,0,1399748,872268,175760,5407376,4796.867,1618.943,0,59.961,0,2.998,2971,1979,1.650,1.380,0.790,2,0,114.925,0,0,11,32,0,6,1
15-06 14:45:21,8.509,22.023,67.572,0,0,1380692,891308,175760,5407392,5140.482,1459.556,0,192.205,0,8.009,5241,3427,1.650,1.380,0.790,2,0,314.335,0,0,11,32,0,6,1
15-06 14:45:22,20.742,5.998,72.472,0,0,1433172,838828,175760,5407396,5175.986,1457.433,0,99.961,0,1.999,2208,1714,1.650,1.380,0.790,1,0,32.987,0,0,11,32,0,6,1
15-06 14:45:23,23.759,1.751,73.779,0,0,1453456,818352,175760,5407588,5162.056,1620.645,0,0,0,0,1658,927,1.650,1.380,0.790,1,0,0,0,0,11,32,0,6,1
15-06 14:45:24,21.968,4.244,73.394,0,0,1419076,852668,175760,5407652,4631.303,1455.895,0,1853.320,0,59.913,1953,1346,1.650,1.380,0.790,1,0,9.986,0,0,11,32,0,4,1
15-06 14:45:25,23.525,2.503,73.328,0,0,1426888,844856,175760,5407652,4282.530,1459.544,0,0,0,0,1765,1146,1.600,1.370,0.790,1,0,0,0,0,11,32,0,4,1
15-06 14:45:26,8.761,22.779,66.336,0,0.250,1395036,876572,175760,5407804,5181.689,1459.884,40.052,300.388,2.003,13.017,5545,4188,1.600,1.370,0.790,2,0,363.469,0,0,11,32,0,4,1
15-06 14:45:27,7.754,22.010,68.031,0,0,1379764,891828,175764,5407816,4650.129,1458.668,0,576.264,0,29.013,5255,3694,1.600,1.370,0.790,1,0,309.142,0,0,11,32,0,4,1
15-06 14:45:28,7.256,22.768,68.052,0,0,1370996,900568,175764,5407844,4695.620,1525.176,0,212.164,0,4.003,5453,3797,1.600,1.370,0.790,1,0,341.263,0,0,11,32,0,3,1
15-06 14:45:29,7.982,22.199,67.844,0,0,1367840,903704,175764,5407864,4561.537,1508.540,0,47.890,0,3.991,5372,3771,1.600,1.370,0.790,1,0,328.247,0,0,11,32,0,3,1
15-06 14:45:30,8.003,21.508,67.776,0,0.250,1357412,914116,175764,5407880,4459.704,1458.557,0,708.271,0,9.003,5289,3552,1.630,1.380,0.800,1,0,320.122,0,0,11,32,0,3,1
15-06 14:45:31,8.234,23.205,67.371,0,0,1337280,934228,175764,5407900,4476.402,1455.205,0,878.313,0,9.981,5597,3959,1.630,1.380,0.800,1,0,380.270,0,0,11,32,0,3,1
15-06 14:45:32,8.020,22.557,67.920,0,0,1336972,934520,175764,5407916,5172.969,1624.072,0,1014.543,0,12.030,5459,3765,1.630,1.380,0.800,1,0,352.885,0,0,11,32,0,1,1
15-06 14:45:33,8.489,20.724,69.164,0,0,1335768,935704,175764,5407936,5043.742,1617.993,0,479.405,0,6.991,5341,3722,1.630,1.380,0.800,1,0,334.585,0,0,11,32,0,1,1
15-06 14:45:34,8.015,21.041,69.134,0,0,1331508,939936,175764,5407964,5109.873,1623.136,0,428.829,0,54.105,5499,3924,1.630,1.380,0.800,1,0,349.676,0,0,11,32,0,1,1
15-06 14:45:35,7.493,20.980,69.185,0,0,1337768,933656,175764,5407984,4573.715,1456.635,0,287.730,0,5.994,5307,3723,1.580,1.370,0.800,1,0,335.685,0,0,11,32,0,1,1
15-06 14:45:36,7.745,23.485,67.706,0,0,1330168,941232,175764,5408008,5053.727,1618.952,0,39.974,0,9.994,5477,3814,1.580,1.370,0.800,1,0,358.768,0,0,11,32,0,1,0
15-06 14:45:37,8.003,22.009,68.277,0.250,0,1330584,940792,175764,5408032,5041.977,1620.635,0,148.058,0,10.004,5352,3581,1.580,1.370,0.800,2,0,323.127,0,0,11,32,0,1,0
15-06 14:45:38,12.511,23.270,61.803,0,0,1301828,969504,175780,5408060,5302.565,1459.256,0,368.317,0,19.016,5898,4822,1.580,1.370,0.800,2,0,456.393,0,0,11,32,0,3,0
15-06 14:45:39,43.559,28.539,27.287,0.250,0,1441100,830196,175820,5408056,5707.755,1622.204,0,917.246,0,57.078,6171,5264,1.580,1.370,0.800,3,0,513.698,0,0,11,32,0,7,0
15-06 14:45:40,64.249,10.750,24.250,0.250,0,1604604,665124,175940,5409488,4707.921,1457.975,0,1551.974,0,122.998,3804,1940,1.690,1.400,0.810,3,1,3.000,0,0,11,34,0,7,0
15-06 14:45:41,47.983,8.997,28.740,11.496,0,1553696,704460,176720,5419388,4945.270,1661.419,371.870,41445.505,2.999,3229.870,14815,28357,1.690,1.400,0.810,3,0,134.953,0,0,11,36,0,8,0
15-06 14:45:42,39.758,11.502,34.007,13.003,0,1617228,629896,177160,5429584,4158.842,1458.295,0,80436.293,0,5646.144,20830,40614,1.690,1.400,0.810,4,2,116.024,0,0,11,36,0,8,0
15-06 14:45:43,37.766,9.504,36.516,13.006,0,1633664,604220,177640,5438048,11889.098,9222.955,0,76804.934,0,5767.473,20411,40941,1.690,1.400,0.810,2,1,48.021,0,0,11,37,0,8,0
15-06 14:45:44,40.509,15.753,29.506,11.752,0,1535548,696196,177928,5443700,5582.179,2327.492,0,47277.987,0,3675.776,15674,28421,1.690,1.400,0.810,2,1,225.048,0,0,11,34,0,9,0
15-06 14:45:45,42.987,21.993,24.493,7.998,0,1598612,626176,178220,5451400,5931.186,3368.970,295.909,49524.853,3.999,3613.895,17656,33543,1.880,1.440,0.830,3,1,284.913,0,0,11,35,0,9,0
15-06 14:45:46,39.837,20.168,29.629,8.216,0.249,1595128,625460,178420,5453828,13747.895,10375.657,1593.497,45419.643,26.890,3421.039,17565,36197,1.880,1.440,0.830,1,0,226.077,0,0,11,35,0,10,0
15-06 14:45:47,31.592,7.020,46.134,11.534,0,1588296,627104,178596,5458720,14199.315,10252.832,0,48252.398,0,3837.165,17861,33702,1.880,1.440,0.830,2,0,51.149,0,0,11,34,0,10,0
15-06 14:45:48,33.721,10.241,41.714,12.489,0,1565984,649420,178836,5458376,4562.009,1726.490,0,44608.979,0,3992.508,14958,30064,1.880,1.440,0.830,2,0,62.945,0,0,11,34,0,10,0
15-06 14:45:49,30.306,7.514,45.333,12.523,0,1582972,630044,179036,5460536,10514.355,8400.463,0,45716.153,0,3826.043,14460,28908,1.880,1.440,0.830,1,1,36.066,0,0,11,35,0,9,0
15-06 14:45:50,29.253,7.251,49.006,11.001,0,1575152,637232,179156,5461020,16222.852,12155.388,0,42596.862,0,3772.431,18092,32865,2.050,1.490,0.840,2,0,24.003,0,0,11,35,0,9,0
15-06 14:45:51,36.745,9.999,40.745,10.249,0,1561696,648720,179220,5462860,7584.024,4413.432,0,34235.596,0,3125.598,14255,26737,2.050,1.490,0.840,5,0,109.986,0,0,11,36,0,10,0
15-06 14:45:52,35.007,6.001,45.259,10.752,0,1598568,609664,179288,5464928,9712.877,6653.286,0,33510.476,0,3091.598,13521,25149,2.050,1.490,0.840,2,1,51.010,0,0,11,37,0,10,0
15-06 14:45:53,30.458,7.490,47.185,11.235,0,1586924,618216,179372,5467836,13560.422,10061.216,0,50458.872,0,4072.421,18201,34404,2.050,1.490,0.840,4,0,44.938,0,0,11,37,0,10,0
15-06 14:45:54,30.262,8.753,46.018,11.504,0,1567700,634444,179468,5470652,11094.309,7504.915,0,54817.293,0,4495.746,19646,37248,2.050,1.490,0.840,2,1,79.031,0,0,11,36,0,10,0
15-06 14:45:55,35.545,11.264,38.549,12.266,0,1613448,585896,179544,5473248,5040.434,1676.140,0,52302.768,0,4363.570,17144,34448,2.130,1.510,0.860,4,1,108.138,0,0,11,36,0,10,0
15-06 14:45:56,31.206,8.238,45.436,10.985,0,1625500,572544,179568,5474460,13877.488,9757.281,0,46358.819,0,4045.312,16816,32546,2.130,1.510,0.860,1,1,35.949,0,0,11,37,0,10,0
15-06 14:45:57,30.529,7.507,48.547,10.760,0,1613708,588264,179624,5470492,19330.537,13631.072,0,53911.699,0,4456.273,20467,38632,2.130,1.510,0.860,2,0,15.014,0,0,11,36,0,11,0
15-06 14:45:58,39.406,9.228,42.399,6.734,0,1552472,648308,179648,5471656,6432.728,1454.547,0,33544.362,0,2795.363,11164,20044,2.130,1.510,0.860,2,0,81.806,0,0,11,34,0,12,0
15-06 14:45:59,25.995,12.998,59.990,0,0,1476236,724524,179648,5471700,11449.005,6650.841,0,11.998,0,2.000,4230,3110,2.130,1.510,0.860,1,0,211.963,0,0,11,33,0,12,0
15-06 14:46:00,18.494,5.498,72.974,0.750,0,1431896,768608,179648,5471956,9406.698,5202.174,0,5945.913,0,413.855,3963,4577,2.040,1.500,0.860,1,0,33.988,0,0,11,32,0,13,0
15-06 14:46:01,22.508,3.001,73.526,0,0,1487008,713496,179648,5471956,5594.013,2233.804,0,40.014,0,4.001,1752,1111,2.040,1.500,0.860,0,0,0,0,0,11,33,0,13,0
15-06 14:46:02,16.999,2.500,79.246,0.250,0,1451944,748452,179648,5472064,11333.439,7554.626,0,203.990,0,28.999,2471,2591,2.040,1.500,0.860,1,0,5.000,0,0,11,32,0,14,0
15-06 14:46:03,20.294,6.514,71.905,0.752,0,1488076,712312,179652,5472068,5189.187,1461.150,0,4365.411,0,224.484,2753,2495,2.040,1.500,0.860,2,0,55.119,0,0,11,32,0,14,0
15-06 14:46:04,17.708,2.494,78.064,0,0,1495776,704608,179652,5472072,11037.641,7369.401,0,949.732,0,42.898,2311,2167,2.040,1.500,0.860,1,0,0.998,0,0,11,33,0,14,0
15-06 14:46:05,18.300,5.515,75.206,0.251,0,1442564,757664,179652,5472228,10368.358,6313.267,0,541.481,0,28.077,3602,3692,1.950,1.500,0.860,1,0,43.118,0,0,11,32,0,15,0
15-06 14:46:06,21.695,3.242,73.814,0,0,1462732,737496,179652,5472228,6182.458,3415.414,0,546.626,0,33.915,1968,1527,1.950,1.500,0.860,0,0,0,0,0,11,33,0,15,0
15-06 14:46:07,15.755,2.251,80.273,0.250,0,1458348,741864,179652,5472244,13725.950,9620.769,0,2716.782,0,128.037,3338,4118,1.950,1.500,0.860,1,0,0,0,0,11,33,0,15,0
15-06 14:46:08,12.271,16.027,70.119,0,0,1409056,791044,179652,5472356,5573.432,2538.296,0,320.542,0,23.039,4676,3546,1.950,1.500,0.860,1,0,232.393,0,0,11,32,0,16,0
15-06 14:46:09,9.009,24.774,65.313,0.250,0,1387608,812424,179652,5472424,4868.716,1715.662,0,208.202,0,10.010,5695,4032,1.950,1.500,0.860,3,0,404.392,0,0,11,34,0,16,0
15-06 14:46:10,56.732,16.245,25.992,0.250,0,1491172,708636,179676,5472624,4618.550,1619.492,0,1919.398,0,74.976,4846,3443,2.040,1.520,0.870,3,0,163.949,0,0,11,32,0,22,0
15-06 14:46:11,65.207,10.243,24.234,0.250,0,1657096,539548,179784,5475492,4292.202,1499.023,0,487.682,0,12.992,3901,1771,2.040,1.520,0.870,3,0,0,0,0,11,32,0,22,0
15-06 14:46:12,62.516,8.002,26.257,1.500,0,1783592,408084,179920,5479772,4201.104,1620.426,0,9338.455,0,477.125,5513,5021,2.040,1.520,0.870,4,0,21.006,0,0,11,38,0,22,0
15-06 14:46:13,32.516,10.005,43.771,11.756,0,1778760,401028,180024,5491196,4640.253,1458.708,0,74031.939,0,5576.707,22136,43641,2.040,1.520,0.870,5,0,219.106,0,0,11,38,0,22,0
15-06 14:46:14,26.510,10.254,45.767,13.255,0,1777392,391972,180116,5501176,2821.073,0,0,92603.214,0,6873.614,24911,49169,2.040,1.520,0.870,1,2,208.079,0,0,11,38,0,22,0
15-06 14:46:15,34.894,8.973,37.636,14.706,0,1774196,386908,180184,5509108,5084.625,1615.116,0,88496.400,0,6523.275,21642,43672,2.110,1.550,0.880,4,2,170.484,0,0,11,38,0,22,0
15-06 14:46:16,37.077,13.528,33.570,13.278,0,1656792,494208,180272,5518780,5576.624,1461.045,0,78519.663,0,5715.914,21121,40820,2.110,1.550,0.880,5,0,208.434,0,0,11,36,0,22,0
15-06 14:46:17,44.264,9.753,29.759,13.504,0,1715116,425440,180300,5528764,5223.605,1620.498,0,84041.829,0,5502.691,19219,36943,2.110,1.550,0.880,3,0,0,0,0,11,36,0,22,0
15-06 14:46:18,40.988,8.748,34.740,12.996,0,1750104,382880,180328,5535976,4996.594,1457.590,0,76326.522,0,5481.458,17689,37496,2.110,1.550,0.880,5,0,52.985,0,0,11,38,0,22,0
15-06 14:46:19,35.761,12.004,38.012,12.504,0.250,1663616,466056,180344,5539184,4639.445,1458.454,0,66872.826,0,5195.618,18876,36867,2.110,1.550,0.880,3,0,168.052,0,0,11,36,0,22,0
15-06 14:46:20,28.429,15.461,54.363,0.499,0,1394912,734728,180344,5539216,4805.914,1454.343,0,7221.839,0,411.964,5187,4608,2.020,1.540,0.880,1,0,248.375,0,0,11,32,0,22,0
15-06 14:46:21,21.998,4.250,72.493,0,0.250,1415356,714284,180344,5539216,4594.578,1457.866,0,1251.885,0,77.993,1969,1659,2.020,1.540,0.880,1,0,1.000,0,0,11,32,0,22,0
15-06 14:46:22,22.998,3.250,72.243,0.750,0,1472988,656648,180344,5539220,4759.530,1457.856,0,4247.580,0,247.975,2156,2133,2.020,1.540,0.880,1,0,2.000,0,0,11,32,0,22,0
15-06 14:46:23,24.745,1.250,72.736,0,0,1484936,644692,180344,5539228,5339.006,1619.698,0,147.972,0,11.998,2302,1998,2.020,1.540,0.880,1,0,0,0,0,11,38,0,22,0
15-06 14:46:24,21.011,5.753,73.038,0,0,1415828,713800,180344,5539228,4742.454,1620.839,0,4.002,0,1.001,2171,1398,2.020,1.540,0.880,1,0,28.014,0,0,11,32,0,22,0
15-06 14:46:25,21.754,3.751,73.764,0,0,1463416,666212,180344,5539228,4800.940,1620.317,0,36.007,0,4.001,1757,1168,1.940,1.530,0.880,2,0,1.000,0,0,11,32,0,22,0
15-06 14:46:26,23.247,2.750,72.742,0,0,1492828,636788,180344,5539236,4454.493,1457.834,0,791.910,0,46.995,2082,1771,1.940,1.530,0.880,2,0,2.000,0,0,11,34,0,22,0
15-06 14:46:27,14.293,25.577,58.927,0,0,1341832,787756,180348,5539260,4934.833,1624.884,0,32.096,0,8.024,5214,4220,1.940,1.530,0.880,2,0,514.547,0,0,11,32,0,22,0
15-06 14:46:28,10.977,35.677,51.894,0,0,1340412,789116,180348,5539316,5149.443,1616.685,0,383.214,0,24.949,7027,5939,1.940,1.530,0.880,1,0,796.367,0,0,11,32,0,22,0
15-06 14:46:29,7.013,22.794,67.880,0,0,1346568,782904,180348,5539368,5470.468,1623.106,0,96.184,0,11.021,5373,3496,1.940,1.530,0.880,1,0,355.681,0,0,11,32,0,22,0
15-06 14:46:30,7.733,20.705,70.098,0,0,1354628,774812,180348,5539400,5148.869,1616.506,0,15.965,0,3.991,5162,3530,1.870,1.520,0.880,2,0,296.359,0,0,11,32,0,22,0
15-06 14:46:31,8.770,21.549,68.156,0,0,1337664,791740,180348,5539428,5128.722,1623.711,0,1138.602,0,178.408,5197,3453,1.870,1.520,0.880,4,0,274.628,0,0,11,32,0,22,0
15-06 14:46:32,9.999,20.998,66.993,0,0,1331080,798304,180348,5539792,4137.589,647.936,0,27.997,0,6.999,5794,5001,1.870,1.520,0.880,0,0,280.972,0,0,11,32,0,22,0
15-06 14:46:33,27.246,16.998,54.243,0,0,1381728,747604,180352,5539796,4229.431,809.891,0,0,0,0,5603,6402,1.870,1.520,0.880,3,0,199.973,0,0,11,32,0,22,0
15-06 14:46:34,43.626,7.977,47.365,0,0,1480744,648448,180356,5540028,4983.802,1453.858,0,39.886,0,0.997,2927,1463,1.870,1.520,0.880,2,0,18.946,0,0,11,33,0,22,0
15-06 14:46:35,50.494,4.500,44.245,0.250,0,1558060,571104,180372,5540044,5279.415,1619.820,0,787.913,0,39.996,3869,2965,1.880,1.530,0.890,2,0,16.998,0,0,11,49,0,22,0
15-06 14:46:36,45.607,7.518,46.109,0.251,0,1608020,516700,180428,5544092,5267.408,1461.443,0,1748.118,0,164.387,4660,7177,1.880,1.530,0.890,3,0,9.021,0,0,11,48,0,22,0
15-06 14:46:37,7.982,19.706,69.846,0,0,1620556,504116,180428,5544116,5268.351,1616.426,0,227.497,0,10.976,4874,3435,1.880,1.530,0.890,3,0,260.424,0,0,11,48,0,22,0
15-06 14:46:38,17.796,17.545,63.163,0,0.251,1599420,525180,180428,5544124,5913.272,1461.775,0,136.352,0,13.034,6089,7634,1.880,1.530,0.890,1,0,203.526,0,0,11,48,0,22,0
15-06 14:46:39,0.997,1.247,96.484,0,0,1607912,516668,180428,5544132,5863.831,1615.545,0,39.890,0,3.989,978,1177,1.880,1.530,0.890,0,0,20.942,0,0,11,48,0,22,0
15-06 14:46:40,0.500,1.000,98.211,0,0,1607912,516668,180428,5544132,5115.949,1457.416,0,0,0,0,760,967,1.730,1.500,0.890,0,0,2.999,0,0,11,48,0,22,0
15-06 14:46:41,0.750,0.500,97.534,0,0,1607908,516668,180428,5544132,5616.930,1458.501,0,2352.808,0,20.007,812,1026,1.730,1.500,0.890,0,0,3.001,0,0,11,48,0,22,0
15-06 14:46:42,0.500,0.250,98.229,0.250,0,1607908,516668,180428,5544132,5158.892,1661.643,0,4171.104,0,330.929,923,989,1.730,1.500,0.890,0,0,1.000,0,0,11,48,0,15,0
15-06 14:46:43,11.753,11.253,76.269,0,0,1590452,534076,180428,5544288,5411.378,1620.413,0,0,0,0,4119,4820,1.730,1.500,0.890,1,0,198.050,0,0,11,48,0,15,0
15-06 14:46:44,13.751,15.251,69.254,0.250,0,1631776,492772,180428,5544200,5040.256,1620.082,0,4.000,0,1.000,4875,6195,1.730,1.500,0.890,1,0,235.012,0,0,11,48,0,15,0
15-06 14:46:45,22.728,21.729,53.698,0,0,1671252,453044,180428,5544828,5111.074,1694.367,0,451.565,0,32.968,6453,6563,1.750,1.510,0.890,1,0,372.641,0,0,12,64,0,15,0
15-06 14:46:46,20.261,14.758,63.283,0,0,1667800,456544,180428,5544340,5179.741,1662.880,0,2657.406,0,51.027,5312,12750,1.750,1.510,0.890,3,0,192.102,0,0,12,64,0,14,0
15-06 14:46:47,5.501,10.001,83.262,0,0,1662856,461440,180428,5544404,4800.681,1620.230,0,312.044,0,17.002,2758,2616,1.750,1.510,0.890,1,0,177.025,0,0,12,64,0,14,0
15-06 14:46:48,18.247,15.497,64.488,0.250,0,1652072,472204,180428,5544416,4457.148,1457.721,0,95.982,0,12.998,5507,7101,1.750,1.510,0.890,1,0,183.965,0,0,14,64,0,14,0
15-06 14:46:49,8.763,18.528,70.856,0,0,1645408,478696,180428,5544588,4506.746,1622.429,0,0,0,0,4902,3630,1.750,1.510,0.890,2,0,281.421,0,0,14,66,0,14,0
15-06 14:46:50,9.000,20.500,69.250,0,0,1626888,497060,180428,5544744,4637.970,1583.990,0,32.000,0,8.000,5304,3712,1.770,1.520,0.900,2,0,301.998,0,0,14,66,0,14,0
15-06 14:46:51,13.262,19.518,65.310,0,0,1629572,494360,180428,5545104,5061.682,1621.500,0,16.015,0,4.004,6166,6615,1.770,1.520,0.900,4,0,243.225,0,0,14,66,0,14,0
15-06 14:46:52,25.272,22.269,51.545,0,0,1685992,437864,180436,5544776,4702.112,1459.276,0,136.119,0,7.006,6111,5520,1.770,1.520,0.900,3,0,341.298,0,0,14,66,0,14,0
15-06 14:46:53,28.236,24.737,44.727,0,0,1736388,387416,180460,5544804,5723.082,1619.174,0,447.772,0,5.997,6175,4511,1.770,1.520,0.900,2,0,432.779,0,0,14,66,0,14,0
15-06 14:46:54,28.847,25.116,44.016,0,0,1801648,320540,180508,5546292,4818.368,1450.285,0,47.746,0,7.958,7760,8370,1.770,1.520,0.900,2,0,483.428,0,0,14,70,0,15,0
15-06 14:46:55,30.823,24.809,42.350,0,0,1870240,251852,180508,5546700,5017.907,1714.067,0,32.076,0,8.019,6427,5751,1.790,1.530,0.900,2,0,359.854,0,0,14,70,0,15,0
15-06 14:46:56,53.120,19.795,25.558,0,0,1928568,193340,180516,5546856,5232.786,1461.291,0,236.533,0,1.002,4915,5820,1.790,1.530,0.900,5,0,339.765,0,0,14,70,0,15,0
15-06 14:46:57,51.389,27.191,19.957,0.249,0,2008540,186268,173672,5482776,5747.584,1616.508,103.776,806.258,3.991,11.974,6285,5952,1.790,1.530,0.900,3,0,374.192,0,0,14,70,0,15,0
15-06 14:46:58,67.142,21.044,11.524,0,0,2092648,160488,170236,5428552,6553.820,1623.423,44.093,797.682,5.011,6.013,5506,6785,1.790,1.530,0.900,4,0,316.668,0,0,14,70,0,13,0
15-06 14:46:59,71.859,25.450,1.996,0.499,0,2211476,138764,166040,5338184,5868.450,1616.818,726.570,1568.912,78.845,104.794,6034,7226,1.790,1.530,0.900,4,0,399.214,0,0,14,74,0,13,0
15-06 14:47:00,67.047,25.268,5.504,1.501,0,2369340,127540,166040,5194400,4831.387,1459.023,172.121,11664.178,18.013,1058.742,10402,15479,2.120,1.600,0.930,6,1,265.186,0,0,14,74,0,13,0
15-06 14:47:01,66.918,26.121,4.229,1.990,0,2471456,137996,165656,5085128,5211.168,1612.009,1170.199,31225.214,36.817,2164.272,14579,27899,2.120,1.600,0.930,14,0,455.741,0,0,14,76,0,13,0
15-06 14:47:02,75.212,21.885,2.012,0,0,2561888,121092,165760,5012788,5443.466,1630.021,495.043,9711.706,10.062,529.254,9052,17655,2.120,1.600,0.930,6,0,233.435,0,0,14,86,0,19,0
15-06 14:47:03,61.311,26.276,12.012,0.250,0,2696732,136024,165768,4866224,5705.666,1621.610,68.068,1217.209,6.006,70.070,7577,9275,2.120,1.600,0.930,4,0,554.551,0,0,14,93,0,23,0
15-06 14:47:04,44.257,22.753,32.505,0.250,0,2742336,158412,165768,4799920,5160.770,1620.242,0,1052.157,0,55.008,8408,12125,2.120,1.600,0.930,3,0,369.055,0,0,14,91,0,25,0
15-06 14:47:05,59.874,13.971,24.698,0.249,0,2855340,183700,165772,4664716,5388.669,1616.601,3105.470,854.204,33.929,35.924,4553,4067,2.360,1.660,0.950,5,0,152.679,0,0,14,94,0,25,0
15-06 14:47:06,43.802,12.515,42.300,0.501,0.250,2954348,151864,165800,4599256,5793.857,1712.026,8.009,5182.133,2.002,293.347,5627,8879,2.360,1.660,0.950,3,0,61.072,0,0,14,99,0,28,0
15-06 14:47:07,8.490,19.977,69.421,0,0,2972168,134016,165800,4599284,4452.904,1456.333,0,2453.193,0,300.656,4980,3523,2.360,1.660,0.950,1,0,244.720,0,0,14,99,0,27,0
15-06 14:47:08,7.007,19.770,70.571,0,0,2978516,127672,165800,4599308,4924.982,1621.641,4.004,148.150,1.001,15.015,4963,3500,2.360,1.660,0.950,1,0,250.253,0,0,14,99,0,27,0
15-06 14:47:09,7.734,19.958,70.603,0,0,2968268,137772,165800,4599456,3830.005,1225.442,0,287.400,0,4.990,4913,3275,2.360,1.660,0.950,1,0,244.490,0,0,14,99,0,27,0
15-06 14:47:10,10.750,17.251,70.252,0,0,2990936,184884,165800,4531384,4384.151,1404.048,0,0,0,0,4220,2880,2.250,1.650,0.950,1,0,199.007,0,0,14,99,0,27,0
15-06 14:47:11,19.251,2.750,77.253,0,0,3053932,121884,165804,4531384,6358.279,3831.168,4.000,60.003,1.000,2.000,1641,1106,2.250,1.650,0.950,0,0,0,0,0,14,100,0,20,0
15-06 14:47:12,23.253,3.750,72.009,0.250,0,3058328,183560,165804,4466412,26963.238,22517.704,40.005,7896.948,4.000,549.066,3126,2986,2.250,1.650,0.950,2,0,1.000,0,0,14,103,0,21,0
15-06 14:47:13,20.749,7.250,70.747,0.250,0,3022272,219600,165804,4466428,4793.809,1457.942,0,71.997,0,9.000,2569,1813,2.250,1.650,0.950,2,0,63.997,0,0,14,105,0,21,0
15-06 14:47:14,22.999,2.750,72.997,0,0.250,3066356,175500,165804,4466444,10530.527,7337.671,4.000,395.982,1.000,41.998,2655,2530,2.250,1.650,0.950,1,0,4.000,0,0,14,112,0,21,0
15-06 14:47:15,23.043,4.508,71.384,0.751,0,3071644,169760,165820,4466852,5875.020,2284.285,132.248,1466.751,9.017,161.303,3975,5323,2.070,1.620,0.950,3,0,1.002,0,0,14,117,0,21,0
15-06 14:47:16,40.869,7.974,47.846,0.997,0,3168324,140312,165820,4401248,4759.704,1584.907,139.552,4932.150,10.965,358.847,6392,8169,2.070,1.620,0.950,3,1,7.974,0,0,14,125,0,22,0
15-06 14:47:17,21.540,9.518,68.127,0.250,0,3163224,145388,165820,4401272,5918.053,2768.170,0,4504.413,0,73.137,4270,4195,2.070,1.620,0.950,2,0,113.211,0,0,14,126,0,23,0
15-06 14:47:18,19.736,3.747,75.196,0,0,3219240,156920,165820,4336000,6926.039,3839.250,7.994,331.762,1.999,25.981,2155,2000,2.070,1.620,0.950,1,0,0.999,0,0,14,127,0,23,0
15-06 14:47:19,19.039,2.756,75.655,0.501,0,3215636,160416,165820,4336108,10901.405,7630.683,84.173,701.442,6.012,76.157,2915,3217,2.070,1.620,0.950,1,0,0,0,0,14,127,0,23,0
15-06 14:47:20,31.273,9.007,58.543,0.500,0,3214616,161424,165820,4336120,5782.216,2816.053,0,988.721,0,95.069,5074,5825,2.060,1.620,0.960,3,0,83.061,0,0,14,126,0,24,0
15-06 14:47:21,42.640,8.977,48.126,0,0,3320320,121548,165820,4271916,4984.107,1615.820,0,359.071,0,17.954,3068,1781,2.060,1.620,0.960,2,0,15.959,0,0,14,126,0,24,0
15-06 14:47:22,27.750,5.000,65.750,0.250,0,3285400,221368,165820,4208688,28468.965,24887.970,0,1567.998,0,88.000,2614,1963,2.060,1.620,0.960,1,0,11.000,0,0,14,126,0,25,0
15-06 14:47:23,19.742,6.497,72.470,0,0,3350376,156368,165820,4208712,4636.072,1457.394,7.997,143.940,1.999,15.993,2373,1827,2.060,1.620,0.960,1,0,43.982,0,0,14,126,0,25,0
15-06 14:47:24,17.991,2.249,78.961,0,0,3361168,145568,165820,4208720,28173.026,24875.661,0,0,0,0,1866,1455,2.060,1.620,0.960,1,0,1.000,0,0,14,126,0,26,0
15-06 14:47:25,19.700,7.232,72.068,0,0,3315592,251584,165820,4149344,4327.088,1454.333,0,0,0,0,2431,1629,1.980,1.610,0.960,3,0,50.872,0,0,14,126,0,26,0
15-06 14:47:26,26.578,4.764,67.447,0.251,0,3337268,229592,165908,4149572,10679.145,8049.476,92.269,477.392,7.020,33.097,5040,4903,1.980,1.610,0.960,0,0,8.023,0,0,14,129,0,27,0
15-06 14:47:27,19.493,8.247,70.473,0.500,0,3289300,277500,165908,4149632,5845.757,2736.950,3.998,1115.572,1.000,103.960,4202,4492,1.980,1.610,0.960,1,0,81.969,0,0,14,128,0,28,0
15-06 14:47:28,19.501,3.500,75.755,0,0,3337728,229064,165908,4149640,5767.343,3703.220,4.000,304.018,1.000,24.001,1795,1446,1.980,1.610,0.960,0,0,0,0,0,14,129,0,28,0
15-06 14:47:29,18.763,5.754,74.303,0.500,0,3304248,262508,165908,4149660,26771.225,22767.350,0,904.650,0,51.037,2756,2141,1.980,1.610,0.960,1,0,55.040,0,0,14,128,0,29,0
15-06 14:47:30,21.988,2.998,74.461,0,0,3332960,233792,165908,4149664,5943.878,3422.202,0,99.947,0,15.992,1885,1321,1.900,1.600,0.960,0,0,0,0,0,14,129,0,29,0
15-06 14:47:31,18.255,3.501,75.019,1.500,0,3329032,237628,165912,4149752,9699.501,6373.643,0,3732.963,0,347.089,4364,6348,1.900,1.600,0.960,1,1,1.000,0,0,14,130,0,29,0
15-06 14:47:32,26.507,4.501,65.516,1.250,0,3305956,260652,165912,4149804,5603.406,2830.710,0,2052.515,0,209.052,6171,8974,1.900,1.600,0.960,1,0,6.002,0,0,14,129,0,31,0
15-06 14:47:33,19.746,6.998,71.984,0,0,3361948,204608,165912,4149840,4586.977,1457.675,0,863.807,0,105.976,2612,2184,1.900,1.600,0.960,1,0,46.990,0,0,14,129,0,31,0
15-06 14:47:34,16.241,2.499,79.708,0.250,0,3371912,194636,165912,4149848,14008.653,11452.993,0,583.694,0,34.982,2094,1823,1.900,1.600,0.960,0,0,0.999,0,0,14,130,0,31,0
15-06 14:47:35,25.270,4.253,67.554,1.501,0.250,3365988,200420,165916,4149984,5945.768,1946.561,80.064,6100.893,5.004,443.356,4948,7055,1.830,1.590,0.960,1,0,0,0,0,14,130,0,31,0
15-06 14:47:36,34.302,9.264,54.082,0.751,0,3279660,286604,165916,4150128,5835.898,2489.796,16.024,1326.022,1.002,129.197,7805,11063,1.830,1.590,0.960,1,0,57.087,0,0,14,133,0,32,0
15-06 14:47:37,21.460,4.492,72.866,0,0,3317692,248556,165916,4150144,4491.719,1617.019,0,255.529,0,14.972,2026,1508,1.830,1.590,0.960,2,0,21.960,0,0,14,133,0,32,0
15-06 14:47:38,16.305,2.258,80.269,0.502,0,3331780,234444,165916,4150168,14041.001,10140.946,0,2259.564,0,153.514,2744,3351,1.830,1.590,0.960,1,0,0,0,0,14,134,0,32,0
15-06 14:47:39,16.946,10.716,70.525,0.498,0,3309560,256580,165916,4150252,7219.928,2716.320,47.847,506.382,2.990,45.853,3711,3346,1.830,1.590,0.960,1,0,146.532,0,0,14,133,0,33,0
15-06 14:47:40,19.741,2.249,77.213,0,0,3326192,239948,165916,4150252,7389.446,4002.075,0,291.860,0,16.992,1674,1269,1.840,1.600,0.960,3,0,0,0,0,14,134,0,33,0
15-06 14:47:41,20.471,2.996,75.143,0.250,0,3337392,228608,165916,4150392,14889.777,10708.736,0,1577.751,0,101.855,3217,3498,1.840,1.600,0.960,4,0,1.997,0,0,14,136,0,33,0
15-06 14:47:42,27.795,6.761,63.101,0.751,0,3340456,225360,165924,4150568,4637.433,1706.736,0,1650.646,0,191.307,7062,9209,1.840,1.600,0.960,1,0,1.002,0,0,14,138,0,33,0
15-06 14:47:43,39.890,14.300,43.151,1.004,0,3309928,255304,165940,4151120,6972.471,3548.454,425.493,4953.385,70.247,435.529,11628,16886,1.840,1.600,0.960,2,0,244.859,0,0,14,137,0,34,0
15-06 14:47:44,24.170,6.728,68.026,0.249,0,3337556,227588,165940,4151160,4421.439,1628.636,15.947,550.188,0.997,36.879,3052,3300,1.840,1.600,0.960,1,0,45.849,0,0,14,137,0,34,0
15-06 14:47:45,19.745,2.499,76.982,0,0,3357424,207708,165940,4151172,11923.185,9116.847,0,395.907,0,23.994,2123,1654,1.770,1.590,0.960,1,0,0,0,0,14,137,0,35,0
15-06 14:47:46,16.804,18.811,62.703,0,0,3356804,208244,165940,4151224,4790.486,1462.728,24.078,325.051,2.006,17.055,6181,13827,1.770,1.590,0.960,1,0,345.116,0,0,14,137,0,36,0
15-06 14:47:47,8.745,21.986,66.709,0,0,3284408,280616,165940,4151248,4737.079,1553.042,0,623.615,0,42.974,5450,4113,1.770,1.590,0.960,1,0,279.827,0,0,14,137,0,36,0
15-06 14:47:48,21.018,15.013,63.053,0.250,0,3296624,268260,165940,4151392,4369.659,1567.313,0,492.412,0,37.031,6080,7775,1.770,1.590,0.960,4,0,197.165,0,0,14,137,0,35,0
15-06 14:47:49,27.925,24.435,45.628,0,0,3366880,197960,165940,4151436,4087.063,1523.922,0,374.997,0,19.947,6046,4567,1.770,1.590,0.960,3,0,389.957,0,0,14,137,0,35,0
15-06 14:47:50,31.486,23.739,42.231,0,0,3395600,168884,165956,4152212,4917.796,1619.274,43.980,1427.360,3.998,84.962,7557,7994,1.710,1.580,0.960,1,0,409.816,0,0,14,143,0,35,0
15-06 14:47:51,32.065,16.283,50.853,0.251,0,3446008,117880,165956,4152728,4632.399,1460.964,40.081,232.472,1.002,17.035,5418,7434,1.710,1.580,0.960,6,0,209.425,0,0,16,145,0,35,0
15-06 14:47:52,54.317,30.287,13.767,0.501,0,3568144,181908,165960,3969584,4487.495,1513.854,8.010,4625.665,2.002,249.305,7684,10762,1.710,1.580,0.960,3,0,427.524,0,0,16,151,0,35,0
15-06 14:47:53,60.139,21.620,17.147,0.249,0,3655892,135668,165960,3928804,4876.762,1556.667,11.928,552.686,2.982,49.702,8402,12301,1.710,1.580,0.960,3,0,391.652,0,0,16,167,0,35,0
15-06 14:47:54,26.374,22.606,50.235,0,0,3708252,135864,165964,3876208,4822.583,1718.045,8.038,2033.523,1.005,6.028,6799,7318,1.710,1.580,0.960,5,0,315.477,0,0,16,167,0,35,0
15-06 14:47:55,33.767,25.013,40.020,0,0,3759140,133168,165964,3829044,4862.482,1620.827,84.043,416.212,4.002,21.011,15552,5406,1.810,1.600,0.970,2,0,498.254,0,0,16,167,0,35,0
15-06 14:47:56,14.755,22.508,61.523,0,0,3772072,120064,165976,3829548,5298.949,1620.596,0,156.057,0,12.004,6290,5696,1.810,1.600,0.970,11,0,350.129,0,0,17,167,0,33,0
15-06 14:47:57,23.514,17.010,57.033,0.250,0,3800376,143728,165976,3777792,5523.197,1620.938,8.005,428.248,2.001,35.020,5840,6548,1.810,1.600,0.970,2,0,220.127,0,0,17,167,0,33,0
15-06 14:47:58,29.500,25.000,44.750,0,0,3866048,133416,165976,3723736,5478.024,1528.007,8.000,416.002,2.000,22.000,6101,4647,1.810,1.600,0.970,3,0,376.002,0,0,17,167,0,33,0
15-06 14:47:59,31.721,18.483,48.456,0,0,3903020,151544,165980,3670332,4655.799,971.124,11.989,83.924,1.998,4.995,7084,8320,1.810,1.600,0.970,1,0,273.753,0,0,17,173,0,33,0
15-06 14:48:00,38.972,26.231,33.726,0,0,3983708,137648,165980,3604776,4065.096,647.537,39.971,255.817,3.997,8.994,7715,11415,2.310,1.710,1.010,5,0,377.730,0,0,17,183,0,33,0
15-06 14:48:01,30.475,26.228,41.966,0.250,0,4056836,132468,165980,3538472,5310.645,1456.805,27.977,595.512,3.997,42.965,7720,8397,2.310,1.710,1.010,4,0,507.584,0,0,17,187,0,33,0
15-06 14:48:02,16.764,24.019,57.046,0,0,4101176,162216,165980,3466056,4563.682,1621.308,52.042,824.665,6.005,54.044,8016,11163,2.310,1.710,1.010,1,0,365.295,0,0,17,191,0,33,0
15-06 14:48:03,20.008,21.508,56.022,0.500,0,4100276,163024,165984,3466096,5600.179,1458.567,4.002,16370.369,1.000,868.338,6294,5066,2.310,1.710,1.010,1,0,341.133,0,0,17,207,0,33,0
15-06 14:48:04,23.682,16.702,57.584,0,0,4139752,123540,165984,3466112,5204.970,1705.076,167.516,255.263,1.994,12.963,6060,7136,2.310,1.710,1.010,5,0,231.332,0,0,17,207,0,19,0
15-06 14:48:05,42.235,10.746,46.233,0.250,0,4256604,176368,165984,3300044,5176.142,1457.477,335.879,295.894,4.998,16.994,3171,1815,2.280,1.720,1.020,3,0,23.991,0,0,17,207,0,19,0
15-06 14:48:06,39.006,10.001,50.507,0.250,0,4367100,134824,165992,3232864,5237.772,1620.239,92.014,416.061,7.001,32.005,3392,2493,2.280,1.720,1.020,1,0,9.001,0,0,17,210,0,19,0
15-06 14:48:07,30.848,13.042,54.424,0.251,0,4296100,224264,166000,3214820,4231.501,1462.667,28.090,465.485,4.013,41.131,4258,3441,2.280,1.720,1.020,2,0,187.599,0,0,17,215,0,19,0
15-06 14:48:08,31.535,26.529,40.295,0,0,4370568,148672,166004,3215944,4625.111,1621.792,953.053,16.018,12.013,4.004,6160,4892,2.280,1.720,1.020,5,0,434.480,0,0,17,215,0,16,0
15-06 14:48:09,38.437,27.704,32.447,0.250,0,4401436,129972,166012,3204428,12320.734,9414.515,994.364,491.192,18.969,25.957,7164,8685,2.280,1.720,1.020,3,0,419.310,0,0,17,224,0,16,0
15-06 14:48:10,53.769,18.172,26.884,0,0,4396436,133464,166020,3205912,3760.812,1406.944,43.811,3090.696,3.983,21.906,5279,6910,2.280,1.720,1.020,6,0,203.126,0,0,17,223,0,17,0
15-06 14:48:11,67.101,17.089,16.335,0.503,0,4530388,119112,166020,3089532,10156.077,7371.525,1375.187,470.459,29.152,22.116,4538,3462,2.500,1.770,1.040,3,0,41.215,0,0,17,227,0,17,0
15-06 14:48:12,63.232,12.996,18.495,3.999,0,4596516,168600,166112,2976968,9605.217,6852.015,7273.893,2695.219,494.857,179.948,6786,8812,2.500,1.770,1.040,7,0,27.992,0,0,17,236,0,18,0
15-06 14:48:13,45.434,21.719,31.954,0,0.250,4615552,147768,166112,2978768,4673.241,1659.600,55.919,1653.608,2.996,171.752,6605,6629,2.500,1.770,1.040,4,0,286.586,0,0,17,231,0,22,0
15-06 14:48:14,34.026,26.020,38.030,0.250,0,4596772,163844,166124,2981796,11613.041,9450.357,12.009,13590.581,3.002,496.386,7157,7115,2.500,1.770,1.040,4,0,354.276,0,0,17,232,0,22,0
15-06 14:48:15,44.293,21.020,34.033,0,0,4588328,212272,166124,2942600,8758.484,4782.633,140.136,796.772,8.008,52.050,6818,9110,2.500,1.770,1.040,3,0,292.283,0,0,17,231,0,23,0
15-06 14:48:16,57.270,28.010,13.755,0.250,0,4709764,129056,166124,2905920,6488.215,3587.225,4.001,576.197,1.000,38.013,6388,6401,2.540,1.790,1.050,3,0,459.157,0,0,17,236,0,22,0
15-06 14:48:17,55.627,19.457,22.700,0.748,0,4732408,135916,166140,2877152,14127.700,10571.579,1177.391,2111.322,55.876,137.695,8128,13477,2.540,1.790,1.050,7,0,245.456,0,0,17,237,0,25,0
15-06 14:48:18,55.975,31.236,11.745,0,0,4781148,166444,166148,2798832,5123.736,1619.285,283.875,651.712,10.995,35.984,6866,7568,2.540,1.790,1.050,4,0,499.779,0,0,17,239,0,25,0
15-06 14:48:19,56.340,25.677,16.703,0.249,0,4827160,150040,166164,2770324,12889.472,9789.258,1212.564,666.112,40.884,35.898,11466,23053,2.540,1.790,1.050,6,0,297.158,0,0,17,248,0,26,0
15-06 14:48:20,57.214,15.990,25.484,0.250,0,4868300,138772,166164,2740520,7815.049,4331.256,35.977,487.691,3.997,35.977,8995,13969,2.540,1.790,1.050,4,0,178.887,0,0,17,247,0,24,0
15-06 14:48:21,56.655,12.033,30.333,0,0,5017580,128836,166164,2604788,16247.486,12919.374,332.912,557.527,4.011,14.038,4066,2235,2.580,1.810,1.060,3,0,4.011,0,0,17,251,0,24,0
15-06 14:48:22,51.930,10.985,34.204,0.999,0,5012676,186340,166168,2553516,12438.122,9106.642,1773.593,934.732,94.871,102.860,6378,9240,2.580,1.810,1.060,3,0,22.969,0,0,17,256,0,29,0
15-06 14:48:23,62.206,15.552,21.822,0.251,0,5017692,181116,166168,2553792,5526.340,2365.851,630.091,730.424,9.030,46.153,6037,5785,2.580,1.810,1.060,3,0,183.609,0,0,17,259,0,30,0
15-06 14:48:24,44.198,29.215,24.721,0.499,0,4977724,217356,166288,2557332,15424.728,12297.433,4538.624,1221.553,64.923,55.934,7360,7369,2.580,1.810,1.060,4,0,488.421,0,0,17,259,0,29,0
15-06 14:48:25,58.745,24.248,15.499,0.500,0,5032960,161640,166288,2558272,4439.641,1619.869,735.940,6239.495,17.999,227.982,7783,10456,2.580,1.810,1.060,3,0,302.975,0,0,17,263,0,30,0
15-06 14:48:26,68.346,18.957,11.474,0,0,5133852,125104,166296,2495604,14052.253,11382.285,937.881,1680.204,31.928,207.531,6610,7366,2.610,1.830,1.070,3,0,166.624,0,0,18,267,0,30,0
15-06 14:48:27,79.401,15.730,4.494,0.749,0,5188056,123860,166308,2444252,6441.961,2604.750,3211.992,822.973,143.821,46.941,6118,5169,2.610,1.830,1.070,4,0,21.973,0,0,18,268,0,31,0
15-06 14:48:28,79.478,12.827,6.791,0.503,0,5270544,127880,166332,2361220,10400.580,7214.409,1199.216,941.666,33.200,73.442,6574,6107,2.610,1.830,1.070,2,0,68.412,0,0,18,272,0,32,0
15-06 14:48:29,39.354,14.197,45.083,0.249,0,5220004,200228,166336,2340196,11016.114,7793.076,565.900,15566.227,8.967,1240.396,5572,4569,2.610,1.830,1.070,2,0,167.379,0,0,18,274,0,31,0
15-06 14:48:30,40.513,10.003,48.015,0.250,0,5297308,147804,166340,2315952,23270.266,6439.010,564.176,8910.782,8.002,41.013,3879,3170,2.610,1.830,1.070,3,0,6.002,0,0,18,279,0,31,1
15-06 14:48:31,37.788,17.267,43.544,0.250,0,5303524,123196,166340,2334296,16565309.418,153624.395,3047.062,1837.847,32.032,50.050,11200,6815,2.560,1.830,1.080,3,0,242.243,0,0,18,276,0,32,0
15-06 14:48:32,53.745,10.499,34.996,0.500,0,5307748,150768,166340,2303188,4619.533,1619.836,271.973,575.942,3.000,59.994,4264,3276,2.560,1.830,1.080,3,0,31.997,0,0,18,280,0,32,0
15-06 14:48:33,32.307,5.009,62.110,0,0,5344768,143864,166340,2274320,21254.730,18509.858,4.007,476.846,1.002,47.084,3569,3553,2.560,1.830,1.080,1,0,0,0,0,18,286,0,30,0
15-06 14:48:34,29.150,5.481,62.038,0.498,0,5302328,185652,166340,2274972,253703.744,10394858.414,478.365,912.879,25.911,76.738,6521,6266,2.560,1.830,1.080,1,0,6.976,0,0,18,284,0,32,0
15-06 14:48:35,28.841,4.264,66.210,0,0.251,5364364,123596,166340,2274992,10087904.834,6107018.539,0,1167.701,0,21.067,12989,5407,2.560,1.830,1.080,2,0,0,0,0,18,289,0,32,0
15-06 14:48:36,34.264,9.504,53.022,0.500,0,5224776,247056,166348,2291080,7195419.182,168801.665,48.020,1056.442,3.001,108.045,14895,12045,2.520,1.840,1.080,2,0,118.049,0,0,18,286,0,37,0
15-06 14:48:37,10.707,21.662,64.488,0.498,0,5256144,215572,166348,2291180,4738.783,1493.942,31.871,497.981,2.988,31.871,5555,4937,2.520,1.840,1.080,1,0,383.445,0,0,18,286,0,36,0
15-06 14:48:38,23.015,3.752,72.548,0,0,5317992,153724,166348,2291180,5601.702,1458.964,0,2669.764,0,379.251,2222,1622,2.520,1.840,1.080,1,0,2.001,0,0,18,286,0,36,0
15-06 14:48:39,11.497,15.996,69.981,0.500,0,5248572,223116,166352,2291204,5356.552,1457.606,3.999,1843.502,1.000,101.972,4609,3478,2.520,1.840,1.080,1,0,190.948,0,0,18,286,0,36,0
15-06 14:48:40,8.751,19.002,70.008,0,0,5242140,229512,166352,2291240,5178.604,1458.170,4.000,868.101,1.000,18.002,5151,3863,2.520,1.840,1.080,1,0,258.030,0,0,18,286,0,36,0
15-06 14:48:41,5.748,16.245,75.976,0,0,5244684,226904,166356,2291300,5253.313,1457.532,27.991,16030.850,1.999,20.993,4126,3082,2.400,1.820,1.080,0,0,219.929,0,0,18,286,0,35,0
15-06 14:48:42,9.541,3.013,87.372,0.251,0,5245736,225848,166356,2291304,4416.789,1464.229,0,168.718,0,21.090,1717,1846,2.400,1.820,1.080,1,0,11.047,0,0,18,290,0,35,0
15-06 14:48:43,20.916,3.237,74.203,0,0,5305316,166264,166356,2291308,6580.649,3410.344,0,51.793,0,5.976,1993,1545,2.400,1.820,1.080,0,0,0,0,0,18,291,0,35,0
15-06 14:48:44,18.794,5.012,74.925,0,0,5282648,188848,166356,2291392,11881.723,7958.569,64.150,1018.376,4.009,153.358,3036,2540,2.400,1.820,1.080,2,0,49.115,0,0,18,294,0,36,0
15-06 14:48:45,10.743,17.489,70.205,0,0,5273384,197936,166360,2291596,3235.919,485.688,7.995,0,1.999,0,4818,3381,2.400,1.820,1.080,1,0,177.886,0,0,18,294,0,35,0
15-06 14:48:46,17.510,18.510,61.034,0.250,0,5261540,209424,166368,2291928,5025.833,1662.938,184.104,676.381,10.006,55.031,5880,15320,2.280,1.810,1.080,1,0,220.124,0,0,18,298,0,36,0
15-06 14:48:47,13.970,14.968,70.098,0.249,0,5267712,203020,166368,2292144,4372.534,1616.500,3.991,363.214,0.998,32.929,4899,4210,2.280,1.810,1.080,1,0,192.583,0,0,18,298,0,36,0
15-06 14:48:48,21.746,5.249,71.736,0.250,0.250,5300468,170260,166368,2292148,4679.108,1619.691,0,247.953,0,22.996,2271,1970,2.280,1.810,1.080,1,0,1.000,0,0,18,298,0,36,0
15-06 14:48:49,21.503,5.501,71.510,0.250,0,5336076,166388,166368,2261604,4740.690,1690.246,292.043,124.018,6.001,8.001,2144,1638,2.280,1.810,1.080,1,0,2.000,0,0,18,298,0,34,0
15-06 14:48:50,26.084,3.010,70.728,0.251,0,5292644,209512,166368,2261912,4935.942,1625.249,176.570,706.281,11.036,48.156,2861,2632,2.280,1.810,1.080,1,0,8.026,0,0,18,298,0,34,0
15-06 14:48:51,21.930,3.738,72.518,0.249,0,5351368,150748,166368,2261952,5118.650,1453.358,23.924,115.631,3.987,12.959,2062,1790,2.260,1.810,1.090,1,0,0,0,0,18,298,0,34,0
15-06 14:48:52,22.495,4.499,72.983,0,0,5380044,154164,166368,2230984,5163.820,2224.492,0,31.993,0,3.999,2088,1709,2.260,1.810,1.090,1,0,2.999,0,0,18,301,0,34,0
15-06 14:48:53,12.797,1.506,84.311,0,0,5376056,158016,166368,2231120,23652.155,20059.918,0,4.015,0,1.004,2274,2146,2.260,1.810,1.090,1,0,1.004,0,0,18,304,0,36,0
15-06 14:48:54,23.271,5.004,71.314,0,0,5285276,248772,166368,2231144,4401.944,1459.307,4.004,180.161,1.001,19.017,2300,1773,2.260,1.810,1.090,1,0,18.016,0,0,18,298,0,36,0
15-06 14:48:55,23.895,3.485,70.688,0,0,5320072,213924,166368,2231196,5256.815,1612.886,47.789,2608.495,1.991,387.292,2157,1482,2.260,1.810,1.090,1,0,5.974,0,0,18,298,0,36,0
15-06 14:48:56,16.488,10.992,70.949,0,0,5258424,275388,166380,2231368,4831.559,1456.962,407.710,463.670,5.996,20.985,3711,2854,2.240,1.820,1.090,2,0,137.902,0,0,18,298,0,36,0
15-06 14:48:57,10.030,20.561,67.699,0.501,0,5246684,286940,166380,2231556,5897.365,1624.784,60.177,393.158,6.018,28.083,5693,4494,2.240,1.820,1.090,2,0,310.915,0,0,18,298,0,36,0
15-06 14:48:58,16.461,10.974,70.581,0,0,5236420,297136,166380,2231624,5865.974,1658.035,19.952,259.380,2.993,14.964,3712,2779,2.240,1.820,1.090,1,0,150.640,0,0,18,298,0,36,0
15-06 14:48:59,19.260,3.752,76.288,0,0,5277200,255304,166384,2232672,12590.301,4443.224,0,736.369,0,18.009,2023,1568,2.240,1.820,1.090,1,0,17.009,0,0,18,299,0,36,0
15-06 14:49:00,22.828,3.512,72.499,0.502,0,5258516,268328,166532,2238036,5039.324,1800.189,12.041,1131.891,3.010,22.076,2854,3084,2.240,1.820,1.090,2,0,8.028,0,0,18,298,0,36,0
15-06 14:49:01,19.425,5.479,73.715,0,0,5250480,275072,166564,2239252,9035.118,2785.247,211.185,87.662,3.985,0.996,9038,16683,2.300,1.840,1.100,1,0,7.969,0,0,18,299,0,36,0
15-06 14:49:02,21.334,6.024,70.527,0,0,5260196,265064,166612,2239496,7338.856,3301.983,8.032,2337.190,2.008,30.118,10921,19425,2.300,1.840,1.100,1,0,13.051,0,0,18,299,0,36,0
15-06 14:49:03,21.930,5.732,70.775,0.498,0,5208324,322588,166784,2233672,5382.863,1626.821,3.987,3628.448,0.997,180.426,3118,3137,2.300,1.840,1.100,1,0,42.864,0,0,18,298,0,36,0
15-06 14:49:04,12.991,16.239,69.204,0,0,5245944,285144,166784,2233548,5516.320,1660.892,0,16153.224,0,33.977,4723,3742,2.300,1.840,1.100,1,0,233.844,0,0,18,298,0,36,0
15-06 14:49:05,23.001,3.250,72.502,0,0,5296172,234744,166784,2233720,5400.120,1620.036,0,460.010,0,22.000,1927,1375,2.300,1.840,1.100,1,0,0,0,0,18,298,0,36,0
15-06 14:49:06,20.995,2.499,75.482,0.750,0,5206880,323952,166784,2233804,16171.066,11884.109,47.988,599.854,2.000,39.990,2692,2553,2.280,1.840,1.110,1,0,2.000,0,0,18,300,0,39,0
15-06 14:49:07,20.704,10.477,67.350,0,0,5267008,263780,166784,2233848,4849.203,1616.401,11.973,283.369,0.998,27.938,3723,3619,2.280,1.840,1.110,1,0,117.738,0,0,18,302,0,39,0
15-06 14:49:08,22.046,2.255,74.907,0,0,5296712,234072,166784,2233852,10956.979,8071.929,0,120.252,0,12.025,2491,2263,2.280,1.840,1.110,2,0,2.004,0,0,18,303,0,39,0
15-06 14:49:09,21.256,6.502,71.269,0,0,5270892,259868,166784,2233876,6622.723,3807.991,0,380.099,0,9.002,2929,2368,2.280,1.840,1.110,1,0,70.018,0,0,18,302,0,40,0
15-06 14:49:10,18.947,2.992,76.535,0,0,5293024,237732,166784,2233880,11074.827,7312.417,0,1627.419,0,290.183,2041,1611,2.280,1.840,1.110,1,0,0,0,0,18,303,0,40,0
15-06 14:49:11,19.290,6.764,73.651,0.251,0,5289952,240788,166784,2233896,12758.175,8909.278,0,180.370,0,11.023,2775,2188,2.250,1.840,1.110,1,0,56.115,0,0,18,302,0,41,0
15-06 14:49:12,20.476,2.747,75.912,0,0,5347784,182956,166784,2233896,6287.728,3880.512,0,179.792,0,13.984,2032,1704,2.250,1.840,1.110,0,0,0,0,0,18,303,0,41,0
15-06 14:49:13,19.774,5.006,73.340,0,0,5335480,195236,166784,2233920,13557.565,9371.451,0,104.127,0,10.012,2704,2148,2.250,1.840,1.110,2,0,32.039,0,0,18,302,0,44,0
15-06 14:49:14,23.326,3.261,72.737,0,0,5357488,173228,166784,2233920,5232.021,1934.293,0,56.183,0,6.020,2022,1505,2.250,1.840,1.110,1,0,1.003,0,0,18,303,0,38,0
15-06 14:49:15,12.959,2.243,82.735,0.498,0,5354312,176388,166784,2233936,16005.819,12054.454,0,546.253,0,42.863,2438,2578,2.250,1.840,1.110,1,0,0,0,0,18,302,0,39,0
15-06 14:49:16,20.735,6.245,71.947,0.250,0,5316836,213852,166784,2233948,5173.189,1618.808,0,187.862,0,16.987,2627,2244,2.230,1.840,1.120,1,0,46.965,0,0,18,302,0,39,0
15-06 14:49:17,21.521,3.003,74.823,0,0,5350116,180568,166784,2233952,10594.267,7546.314,0,316.307,0,36.035,2409,2252,2.230,1.840,1.120,0,0,0,0,0,18,303,0,39,0
15-06 14:49:18,20.324,5.520,72.262,0,0,5336180,194352,166784,2234104,9474.381,5847.219,0,289.049,0,27.098,2922,2644,2.230,1.840,1.120,1,0,32.117,0,0,18,302,0,38,0
15-06 14:49:19,20.180,2.242,75.986,0,0,5371208,159320,166784,2234108,10429.802,7146.198,0,115.599,0,7.972,2099,1674,2.230,1.840,1.120,1,0,0,0,0,18,303,0,38,0
15-06 14:49:20,14.251,5.750,78.506,0.500,0,5275544,254988,166784,2234120,10260.820,6786.542,0,2508.200,0,194.016,3142,2922,2.230,1.840,1.120,1,0,67.005,0,0,18,302,0,39,0
15-06 14:49:21,4.495,8.241,83.913,1.498,0,5278372,250892,167376,2234796,10137.526,4394.460,1122.840,239.752,250.741,13.986,2936,2734,2.210,1.850,1.120,0,0,112.883,0,0,18,304,0,39,0
15-06 14:49:22,5.008,9.766,84.136,0,0,5264520,264716,167408,2234792,13924.523,2558.138,0,681.102,0,41.066,2927,2524,2.210,1.850,1.120,1,0,114.185,0,0,18,302,0,37,0
15-06 14:49:23,3.996,5.494,88.152,0.250,0,5262852,266320,167408,2234856,10637.185,4955.496,0,187.791,0,14.983,2139,2072,2.210,1.850,1.120,1,0,57.936,0,0,18,302,0,38,0
15-06 14:49:24,14.250,13.000,70.751,0.500,0,5276776,251424,167432,2235804,4380.052,1620.019,884.011,116.001,80.001,7.000,4071,3157,2.210,1.850,1.120,1,0,165.002,0,0,18,302,0,38,0
15-06 14:49:25,21.094,4.018,72.572,1.256,0,5312800,202108,168112,2248320,4399.534,1627.225,2181.687,24.107,218.972,3.013,2338,2073,2.210,1.850,1.120,2,0,3.013,0,0,18,302,0,38,0
15-06 14:49:26,15.690,2.241,79.946,0.498,0,5274588,236064,168196,2252364,16105.743,6028.073,19.924,3331.330,1.992,331.738,2180,2128,2.120,1.830,1.120,1,0,17.932,0,0,18,302,0,31,0
15-06 14:49:27,15.778,13.274,68.874,1.002,0,5211268,296072,168340,2255516,4688.463,1622.930,1466.648,3598.496,24.043,140.253,5566,5439,2.120,1.830,1.120,2,0,255.461,0,0,18,302,0,31,0
15-06 14:49:28,21.291,5.761,71.889,0.250,0,5279332,227996,168340,2255528,4508.688,1623.128,0,252.487,0,20.039,2445,1916,2.120,1.830,1.120,2,0,46.089,0,0,18,302,0,31,0
15-06 14:49:29,18.435,2.740,78.226,0,0,5299440,207876,168340,2255540,27478.672,24316.756,0,39.860,0,3.986,2100,1754,2.120,1.830,1.120,2,0,0,0,0,18,302,0,33,0
15-06 14:49:30,22.094,5.021,72.056,0.251,0,5259520,247780,168340,2255556,3980.906,909.864,0,482.047,0,28.119,2557,2112,2.120,1.830,1.120,2,0,47.200,0,0,18,302,0,30,0
15-06 14:49:31,19.419,2.490,76.930,0,0,5296556,210736,168340,2255564,10397.759,7653.173,0,35.851,0,3.983,1850,1503,2.190,1.850,1.130,0,0,0,0,0,18,303,0,30,0
15-06 14:49:32,22.004,4.001,73.015,0,0,5322448,184788,168340,2255620,7506.527,4193.853,48.010,216.044,3.001,21.004,2710,2484,2.190,1.850,1.130,1,0,14.003,0,0,18,302,0,32,0
15-06 14:49:33,19.538,3.006,77.150,0.250,0,5354684,152544,168340,2255628,10197.777,7239.039,0,232.451,0,21.041,2133,1988,2.190,1.850,1.130,1,0,0,0,0,18,303,0,32,0
15-06 14:49:34,24.720,3.496,68.417,1.248,0,5348452,157108,168340,2257296,6808.785,3572.689,1582.091,1586.086,52.936,186.775,5663,8152,2.190,1.850,1.130,1,0,1.998,0,0,18,304,0,29,0
15-06 14:49:35,21.479,4.995,72.678,0,0,5323784,181776,168340,2257296,4813.235,1456.558,0,2045.974,0,36.963,2145,1676,2.190,1.850,1.130,1,0,4.995,0,0,18,304,0,29,0
15-06 14:49:36,17.749,2.500,78.495,0.500,0,5335496,170056,168340,2257304,14044.055,10856.269,0,2171.854,0,125.992,2433,2425,2.250,1.870,1.140,0,0,0,0,0,18,305,0,29,0
15-06 14:49:37,21.556,5.013,70.933,1.003,0,5283508,221788,168340,2257560,7338.944,3065.914,80.207,2823.288,3.008,430.110,5370,6845,2.250,1.870,1.140,1,0,31.080,0,0,18,304,0,30,0
15-06 14:49:38,8.764,22.036,67.609,0,0,5294840,210416,168340,2257600,6578.639,1460.362,0,60.097,0,15.024,6569,5406,2.250,1.870,1.140,2,0,561.909,0,0,18,304,0,25,0
15-06 14:49:39,8.750,22.751,67.004,0.250,0,5287176,218044,168340,2257636,4502.236,702.037,0,2160.113,0,131.007,7014,6328,2.250,1.870,1.140,1,0,629.033,0,0,18,304,0,25,0
15-06 14:49:40,8.239,22.221,67.412,0,0,5285792,219400,168340,2257664,5836.381,1402.170,0,435.432,0,28.962,6781,5864,2.250,1.870,1.140,2,0,586.235,0,0,18,304,0,25,0
15-06 14:49:41,8.731,22.702,66.858,0,0,5259828,245336,168340,2257692,5405.512,1616.564,0,119.746,0,17.962,6384,5204,2.310,1.890,1.150,1,0,519.895,0,0,18,304,0,25,0
15-06 14:49:42,9.274,22.559,66.675,0,0.251,5253852,251280,168340,2257724,4738.416,1570.114,0,28.074,0,7.018,6178,4933,2.310,1.890,1.150,2,0,432.132,0,0,18,304,0,25,0
15-06 14:49:43,7.752,23.006,67.768,0,0,5251424,253688,168340,2257744,5161.334,1620.419,0,36.009,0,9.002,5954,4611,2.310,1.890,1.150,1,0,418.108,0,0,18,304,0,25,0
15-06 14:49:44,19.250,26.751,53.001,0,0.250,5268732,236352,168340,2257772,4980.111,1620.036,256.006,96.002,2.000,10.000,6248,4936,2.310,1.890,1.150,3,0,479.011,0,0,18,304,0,25,0
15-06 14:49:45,30.710,18.726,49.186,0,0,5292676,327776,168356,2153756,4825.737,1510.040,786.979,151.803,7.990,3.995,4671,3482,2.310,1.890,1.150,1,0,227.704,0,0,18,304,0,25,0
15-06 14:49:46,27.005,6.751,65.262,0.500,0,5332676,276792,168716,2167332,5089.919,1554.281,0,2968.536,0,22.004,3070,5512,2.290,1.890,1.160,5,0,39.007,0,0,18,304,0,23,0
15-06 14:49:47,7.223,2.491,87.428,0.747,0,5322272,286884,168716,2164680,4844.135,2175.975,3.985,3933.493,0.996,222.181,2700,6768,2.290,1.890,1.160,0,0,15.941,0,0,18,305,0,24,0
15-06 14:49:48,1.500,0.750,96.519,0.250,0,5316756,292400,168716,2164680,4624.902,1404.274,0,148.029,0,18.004,1099,1604,2.290,1.890,1.160,0,0,0,0,0,18,305,0,24,0
15-06 14:49:49,1.751,0.500,96.535,0,0,5310616,298536,168716,2164684,4195.508,1134.408,0,0,0,0,1127,1401,2.290,1.890,1.160,0,0,0,0,0,18,305,0,24,0
15-06 14:49:50,1.500,1.000,96.488,0.250,0,5305324,303828,168716,2164684,4425.437,1565.801,0,3691.531,0,148.981,1032,1359,2.290,1.890,1.160,0,0,0,0,0,18,305,0,24,0
15-06 14:49:51,1.250,0.250,97.498,0,0,5299788,309444,168716,2164684,5032.903,1295.975,0,31.999,0,4.000,893,1249,2.260,1.890,1.160,0,0,0,0,0,18,305,0,24,0
15-06 14:49:52,1.751,0.750,96.030,0,0,5295552,313680,168716,2164684,4089.299,1188.377,0,1076.342,0,226.072,1066,1378,2.260,1.890,1.160,0,0,0,0,0,18,305,0,24,0
15-06 14:49:53,0.750,0.500,97.719,0,0,5291636,317596,168716,2164684,4600.523,1511.515,0,3.999,0,1.000,835,1208,2.260,1.890,1.160,0,0,0,0,0,18,305,0,24,0
15-06 14:49:54,1.999,1.000,95.956,0,0,5289028,320200,168716,2164688,4903.737,1565.278,0,0,0,0,1094,1374,2.260,1.890,1.160,1,0,2.999,0,0,18,305,0,24,0
15-06 14:49:55,1.250,1.500,96.012,0,0,5287236,321992,168716,2164688,5058.656,1458.189,0,0,0,0,1032,1220,2.260,1.890,1.160,1,0,6.001,0,0,18,305,0,22,0
15-06 14:49:56,0.996,1.245,96.352,0,0,5276560,332668,168716,2164688,5201.514,1559.558,0,10891.012,0,62.741,991,1289,2.160,1.880,1.160,0,0,0,0,0,18,305,0,22,0
15-06 14:49:57,3.766,1.004,93.400,0.502,0.251,5275132,334072,168716,2164712,5770.727,1572.739,0,1104.734,0,76.327,1799,2658,2.160,1.880,1.160,1,0,0,0,0,18,305,0,22,0
15-06 14:49:58,1.750,1.250,96.225,0,0,5268184,340984,168716,2164748,5758.483,1619.573,0,67.982,0,9.997,1042,1352,2.160,1.880,1.160,0,0,0,0,0,18,305,0,22,0
15-06 14:49:59,1.000,0.750,96.510,0,0,5268184,340984,168716,2164748,10514.113,2622.278,0,4.000,0,1.000,1081,1359,2.160,1.880,1.160,0,0,0,0,0,18,305,0,22,0
15-06 14:50:00,1.251,3.252,94.813,0,0,5270412,338756,168716,2164748,5369.589,1621.083,0,0,0,0,1027,1226,2.160,1.880,1.160,1,0,0,0,0,18,305,0,22,0
15-06 14:50:01,1.000,1.000,97.474,0,0,5270772,338392,168716,2164752,5811.441,1619.566,0,3615.030,0,13.996,934,1256,1.990,1.850,1.150,0,0,0,0,0,18,305,0,22,0
15-06 14:50:02,1.250,0.500,96.749,0.250,0,5270772,338392,168716,2164752,5665.952,1619.986,0,291.998,0,23.000,1203,1708,1.990,1.850,1.150,0,0,0,0,0,18,305,0,22,0
15-06 14:50:03,1.250,0.750,96.503,0.250,0,5270500,338664,168716,2164752,5626.157,1566.044,0,244.007,0,20.001,1137,1666,1.990,1.850,1.150,0,0,0,0,0,18,305,0,22,0
15-06 14:50:04,1.500,0.500,96.726,0,0,5270500,338664,168716,2164752,4890.786,1511.625,63.984,31.992,1.000,2.999,1065,1346,1.990,1.850,1.150,0,0,1.000,0,0,18,305,0,22,0
15-06 14:50:05,1.500,1.250,95.275,0,0,5271100,337908,168740,2164884,5627.462,1566.407,84.022,208.054,11.003,14.004,1137,1419,1.990,1.850,1.150,0,0,3.001,0,0,18,305,0,22,0
15-06 14:50:06,2.000,1.250,96.247,0.500,0,5271100,337908,168740,2164884,4908.839,1511.950,0,407.987,0,23.999,1161,1667,1.830,1.820,1.150,0,0,0,0,0,18,305,0,22,0
15-06 14:50:07,2.250,1.250,95.002,0,0,5271080,337908,168740,2164904,4546.080,1566.028,16.000,340.006,1.000,38.001,1454,2062,1.830,1.820,1.150,0,0,0,0,0,18,305,0,19,0
15-06 14:50:08,1.250,0.500,97.501,0,0,5265928,343056,168740,2164908,5012.055,1512.017,0,856.009,0,175.002,895,1182,1.830,1.820,1.150,0,0,0,0,0,18,305,0,19,0
15-06 14:50:09,4.001,2.000,93.022,0,0.250,5270688,338272,168740,2164932,4897.183,1606.388,0,352.085,0,21.005,1612,2006,1.830,1.820,1.150,0,0,3.001,0,0,18,305,0,19,0
15-06 14:50:10,2.242,0.747,95.403,0.249,0,5271192,337768,168740,2164932,4350.195,1560.331,0,87.681,0,4.982,1104,1369,1.830,1.820,1.150,1,0,0.996,0,0,18,306,0,20,0
15-06 14:50:11,3.010,1.254,94.315,0.251,0,5271904,337040,168740,2164948,4911.426,1462.893,0,140.470,0,14.047,1497,1990,2,1.850,1.160,0,0,2.007,0,0,18,305,0,20,0
15-06 14:50:12,2.000,0.750,95.749,0,0,5266344,342600,168740,2164948,4831.933,1511.979,0,55.999,0,7.000,1165,1526,2,1.850,1.160,0,0,0,0,0,18,305,0,20,0
15-06 14:50:13,1.250,0.500,96.996,0,0,5266592,342348,168740,2164952,4891.774,1511.930,0,231.989,0,16.999,973,1321,2,1.850,1.160,0,0,0,0,0,18,305,0,20,0
15-06 14:50:14,3.001,1.000,95.029,0.250,0,5266844,342096,168740,2164952,5101.542,2682.811,0,68.021,0,5.002,1089,1326,2,1.850,1.160,0,0,1.000,0,0,18,305,0,20,1
15-06 14:50:15,1.000,0.750,97.476,0,0,5266520,342416,168740,2164956,4650.859,1511.629,0,0,0,0,923,1199,2,1.850,1.160,1,0,0,0,0,18,305,0,17,1
15-06 14:50:16,1.250,1.500,95.995,0,0,5266520,342416,168740,2164956,5236.704,1619.908,0,8179.537,0,64.996,1099,1424,1.840,1.820,1.160,0,0,0,0,0,18,305,0,17,1
15-06 14:50:17,2.500,0.750,95.232,0.250,0,5266480,342416,168740,2164996,4845.080,1565.703,31.994,967.816,1.000,70.987,1575,2359,1.840,1.820,1.160,0,0,0,0,0,18,305,0,17,1
15-06 14:50:18,1.751,0.500,97.071,0.500,0,5266476,342416,168740,2165000,5069.728,1621.192,0,84.062,0,12.009,1123,1592,1.840,1.820,1.160,0,0,0,0,0,18,305,0,17,1
15-06 14:50:19,1.250,0.750,96.727,0,0,5266700,342192,168740,2165000,4944.837,1703.599,0,823.806,0,166.961,1104,1354,1.840,1.820,1.160,1,0,0,0,0,18,305,0,13,1
15-06 14:50:20,0.750,0.750,97.752,0,0,5266700,342192,168740,2165000,5246.097,1620.030,0,180.003,0,11.000,882,1206,1.840,1.820,1.160,0,0,0,0,0,18,305,0,13,1
15-06 14:50:21,1.250,0.750,96.723,0,0,5266696,342192,168740,2165004,4787.677,1511.582,0,3551.019,0,58.984,947,1310,1.700,1.790,1.150,0,0,0,0,0,18,305,0,13,1
15-06 14:50:22,1.750,0.250,96.982,0,0,5266696,342192,168740,2165004,5085.034,1565.703,0,0,0,0,923,1265,1.700,1.790,1.150,0,0,0,0,0,18,305,0,13,1
15-06 14:50:23,1.000,1.000,96.995,0,0,5266696,342192,168740,2165004,4785.773,1565.926,0,4.000,0,1.000,880,1220,1.700,1.790,1.150,0,0,0,0,0,18,305,0,11,1
15-06 14:50:24,1.250,0.500,97.787,0,0,5266696,342192,168740,2165004,4793.796,1512.567,0,0,0,0,979,1288,1.700,1.790,1.150,0,0,1.000,0,0,18,305,0,11,1
15-06 14:50:25,0.750,0.750,97.257,0,0,5266692,342192,168740,2165008,4038.290,1458.105,0,0,0,0,841,1160,1.700,1.790,1.150,0,0,0,0,0,18,305,0,11,1
15-06 14:50:26,1.250,0.250,97.462,0,0,5266692,342192,168740,2165008,8366.760,2455.049,0,0,0,0,873,1217,1.560,1.760,1.140,0,0,0,0,0,18,305,0,11,1
15-06 14:50:27,2.251,1.000,95.541,0.250,0,5266692,342192,168740,2165008,4473.926,1512.651,0,628.270,0,57.025,1527,2294,1.560,1.760,1.140,2,0,0,0,0,18,305,0,10,1
15-06 14:50:28,1.000,0.750,97.279,0,0,5266692,342192,168740,2165008,4459.325,1458.433,0,64.019,0,10.003,948,1326,1.560,1.760,1.140,0,0,0,0,0,18,305,0,10,1
15-06 14:50:29,1.252,0.501,97.688,0,0,5266692,342192,168740,2165008,4600.851,1514.914,0,4.008,0,1.002,962,1286,1.560,1.760,1.140,0,0,0,0,0,18,305,0,10,1
15-06 14:50:30,0.499,0.499,97.518,0,0,5266692,342192,168740,2165008,4626.998,1454.541,0,0,0,0,898,1253,1.560,1.760,1.140,0,0,0,0,0,18,305,0,10,1
15-06 14:50:31,2.000,0.250,96.265,0.250,0,5266688,342192,168740,2165012,4821.748,1404.218,0,256.040,0,23.004,1168,1719,1.430,1.730,1.140,0,0,0,0,0,18,305,0,8,1
15-06 14:50:32,3.000,1.500,94.257,0.250,0,5267328,341548,168740,2165016,4712.335,1512.108,0,384.027,0,51.004,1608,2355,1.430,1.730,1.140,1,0,1.000,0,0,18,305,0,8,1
15-06 14:50:33,1.250,0.750,96.492,0,0,5267328,341548,168740,2165016,4989.580,1619.864,0,175.985,0,18.998,1152,1633,1.430,1.730,1.140,0,0,0,0,0,18,305,0,8,1
15-06 14:50:34,1.250,1.000,96.486,0.250,0,5267320,341548,168740,2165024,4785.294,1607.763,0,779.885,0,152.977,1184,1487,1.430,1.730,1.140,0,0,1.000,0,0,18,305,0,8,1
15-06 14:50:35,1.000,0.500,97.778,0,0,5267320,341548,168740,2165024,4741.360,1620.465,0,352.101,0,20.006,926,1306,1.430,1.730,1.140,0,0,0,0,0,18,305,0,5,1
15-06 14:50:36,0.750,0.250,97.490,0.250,0,5267320,341548,168740,2165024,4922.501,1565.841,0,31.997,0,4.000,852,1223,1.320,1.700,1.130,0,0,0,0,0,18,305,0,5,1
15-06 14:50:37,2.000,1.250,95.269,0.500,0,5267312,341548,168740,2165032,4500.878,1620.316,0,2564.500,0,146.028,1719,2677,1.320,1.700,1.130,0,0,0,0,0,18,305,0,5,1
15-06 14:50:38,1.000,0.250,97.454,0,0,5267312,341548,168740,2165032,5505.423,1565.267,0,35.983,0,3.998,907,1268,1.320,1.700,1.130,0,0,0,0,0,18,305,0,5,1
15-06 14:50:39,0.747,0.498,97.338,0,0,5267312,341548,168740,2165032,5064.567,1559.401,0,0,0,0,926,1235,1.320,1.700,1.130,0,0,0,0,0,18,305,0,5,1
15-06 14:50:40,1.004,0.753,97.421,0,0,5267316,341548,168740,2165032,4680.218,1126.868,0,0,0,0,939,1225,1.320,1.700,1.130,0,0,0,0,0,18,305,0,4,1
15-06 14:50:41,3.001,0.500,95.017,0.250,0,5267308,341548,168740,2165040,5748.051,2694.493,0,132.024,0,11.002,1044,1289,1.210,1.680,1.130,0,0,0,0,0,18,305,0,4,2
15-06 14:50:42,2.250,0.500,96.245,0,0,5267308,341548,168740,2165040,4531.776,1511.925,0,99.995,0,11.999,1115,1498,1.210,1.680,1.130,0,0,0,0,0,18,305,0,4,2
15-06 14:50:43,1.250,0.750,96.737,0,0,5267308,341548,168740,2165040,4905.344,1565.791,0,47.994,0,5.999,946,1294,1.210,1.680,1.130,0,0,0,0,0,18,305,0,4,2
15-06 14:50:44,10.991,5.246,82.431,0,0,5305592,303256,168740,2165048,4588.140,1510.729,255.785,0,1.998,0,1875,1589,1.210,1.680,1.130,1,0,5.995,0,0,18,305,0,4,2
15-06 14:50:45,18.780,7.011,73.369,0,0,5350064,258780,168740,2165052,4511.286,1406.271,769.242,0,6.010,0,2296,1676,1.210,1.680,1.130,3,0,7.011,0,0,18,305,0,4,2
15-06 14:50:46,2.499,0.750,94.980,0,0,5342208,266636,168740,2165052,3970.180,1175.757,0,0,0,0,1066,1384,1.200,1.660,1.120,1,0,0,0,0,18,305,0,4,2
15-06 14:50:47,8.496,3.998,86.955,0.250,0,5313072,295768,168740,2165056,4395.747,1457.253,0,183.906,0,24.987,2631,9054,1.200,1.660,1.120,1,0,35.982,0,0,18,305,0,5,2
15-06 14:50:48,1.000,0.500,96.779,0,0,5309344,299496,168740,2165056,4367.304,1566.468,0,188.056,0,20.006,1130,1694,1.200,1.660,1.120,0,0,0,0,0,18,305,0,4,2
15-06 14:50:49,2.249,0.750,96.225,0,0,5303768,305072,168740,2165056,3811.015,1511.609,0,0,0,0,1099,1356,1.200,1.660,1.120,0,0,0,0,0,18,305,0,4,2
15-06 14:50:50,0.750,0.750,97.245,0.250,0,5296064,312772,168740,2165060,4859.733,1619.911,0,1223.933,0,209.988,999,1312,1.200,1.660,1.120,0,0,0,0,0,18,305,0,4,2
15-06 14:50:51,1.250,0.750,97.501,0,0,5291800,317036,168740,2165060,8704.050,2576.015,0,32.000,0,4.000,892,1253,1.260,1.670,1.130,0,0,0,0,0,18,305,0,4,2
15-06 14:50:52,1.250,0.500,96.758,0,0,5286396,322440,168740,2165060,5040.395,1620.127,0,144.011,0,18.001,983,1360,1.260,1.670,1.130,0,0,0,0,0,18,305,0,4,2
15-06 14:50:53,1.250,0.500,97.774,0,0,5280880,327956,168740,2165060,4773.185,1512.375,0,4.001,0,1.000,859,1245,1.260,1.670,1.130,0,0,0,0,0,18,305,0,4,2
15-06 14:50:54,1.250,0.750,97.268,0,0,5279048,329656,168740,2165192,4920.891,1620.293,0,0,0,0,992,1358,1.260,1.670,1.130,1,0,3.001,0,0,18,305,0,4,2
15-06 14:50:55,1.000,1.000,96.499,0,0,5277180,331524,168740,2165192,5399.958,1619.987,0,0,0,0,1056,1316,1.260,1.670,1.130,1,0,6.000,0,0,18,305,0,4,2
15-06 14:50:56,3.250,0.500,94.988,0.250,0,5274156,334536,168748,2165196,6429.170,2767.643,0,135.982,0,7.999,1037,1345,1.160,1.640,1.120,1,0,0,0,0,18,306,0,4,2
15-06 14:50:57,7.244,1.499,89.925,0,0,5274120,334536,168760,2165220,16661.163,2798.676,31.973,491.592,1.998,34.971,1578,1838,1.160,1.640,1.120,1,0,0,0,0,18,306,0,4,2
15-06 14:50:58,14.508,1.251,82.547,0.500,0,5280784,326724,168780,2166348,22761.040,11549.617,712.408,1220.699,38.022,43.025,1877,1716,1.160,1.640,1.120,0,0,0,0,0,18,307,0,4,2
15-06 14:50:59,12.503,1.750,82.769,1.250,0,5283596,322468,168780,2167784,29098.824,15081.537,1028.241,1840.432,54.013,58.014,1950,1873,1.160,1.640,1.120,1,0,0,0,0,18,307,0,4,2
15-06 14:51:00,16.500,1.500,81.001,0.500,0,5298496,306572,168780,2168776,21509.374,12281.213,752.013,1340.023,52.001,42.001,1868,1664,1.160,1.640,1.120,1,0,0,0,0,18,307,0,4,2
15-06 14:51:01,16.501,1.250,80.505,0.750,0,5296268,307464,168780,2170104,22046.278,12293.713,896.052,1924.112,35.002,172.010,1857,1632,1.070,1.620,1.120,1,0,0,0,0,18,306,0,4,3
15-06 14:51:02,20.979,3.247,72.927,1.249,0,5307832,259344,168908,2206484,8526.444,4078.907,12411.546,1554.440,131.868,71.928,2614,2447,1.070,1.620,1.120,1,0,0.999,0,0,18,305,0,4,4
15-06 14:51:03,23.281,3.004,72.346,0.501,0,5312448,238476,169260,2222104,4944.584,1459.944,0,2242.987,0,67.089,2540,2452,1.070,1.620,1.120,1,0,0,0,0,18,305,0,4,4
15-06 14:51:04,24.077,2.006,72.232,0.502,0,5308424,229908,169372,2234356,5357.205,1625.220,0,910.926,0,27.087,2461,2205,1.070,1.620,1.120,1,0,1.003,0,0,18,305,0,4,4
15-06 14:51:05,21.682,2.741,72.523,0.997,0,5313508,200688,169716,2257736,5281.478,1453.453,0,3098.307,0,131.588,2468,2430,1.070,1.620,1.120,1,0,0,0,0,18,305,0,4,4
15-06 14:51:06,22.734,3.248,72.700,0.749,0,5314396,172488,170444,2283988,5311.376,1526.958,0,2302.429,0,81.944,2388,2212,1.140,1.620,1.120,1,0,0,0,0,18,305,0,4,4
15-06 14:51:07,24.012,3.252,70.786,1.001,0,5285816,210036,170872,2274380,4164.108,1386.702,0,2209.118,0,82.042,2664,2545,1.140,1.620,1.120,2,0,2.001,0,0,18,304,0,4,2
15-06 14:51:08,18.284,4.258,76.392,0,0,5323336,172496,170872,2274404,10239.990,3862.162,0,336.624,0,3.006,2138,1648,1.140,1.620,1.120,1,0,33.061,0,0,18,305,0,4,2
15-06 14:51:09,22.532,2.754,73.855,0.250,0,5309396,180120,170872,2280652,5867.323,2795.966,0,1422.017,0,19.027,2147,1725,1.140,1.620,1.120,1,0,4.006,0,0,18,304,0,4,2
15-06 14:51:10,22.431,6.480,69.287,0,0,5289684,198616,170872,2281852,4161.196,1507.362,0,87.730,0,0.997,9016,16672,1.140,1.620,1.120,1,0,11.963,0,0,18,304,0,4,2
15-06 14:51:11,21.304,7.018,69.928,0,0,5310400,177844,170884,2281896,4538.564,1624.138,0,92.235,0,2.005,9454,17160,1.130,1.610,1.120,1,0,20.051,0,0,18,304,0,4,2
15-06 14:51:12,23.529,5.757,69.587,0,0,5282384,213136,170900,2274644,4565.685,1622.020,0,2134.658,0,20.025,3098,3212,1.130,1.610,1.120,1,0,50.062,0,0,18,304,0,1,2
15-06 14:51:13,24.754,5.751,67.010,0,0,5328064,167420,170904,2274676,4546.676,1608.239,0,300.045,0,6.001,11657,20830,1.130,1.610,1.120,2,0,13.002,0,0,18,304,0,3,2
15-06 14:51:14,18.238,4.997,75.699,0,0,5367144,126596,170904,2276420,11712.094,4491.968,0,407.725,0,17.988,2520,2339,1.130,1.610,1.120,1,0,35.976,0,0,18,305,0,3,2
15-06 14:51:15,23.173,4.734,69.268,0.249,0,5346056,143004,170904,2281084,5059.089,1303.642,0,777.401,0,11.960,10743,19475,1.130,1.610,1.120,1,0,7.973,0,0,18,304,0,3,2
15-06 14:51:16,22.260,7.754,68.531,0.250,0,5330860,180232,170884,2259488,5049.319,1350.620,0,712.327,0,12.006,10814,19144,1.120,1.600,1.120,1,0,17.008,0,0,18,304,0,3,1
15-06 14:51:17,21.560,5.515,71.698,0.251,0,5280852,237604,170904,2252104,5266.537,1516.185,4.011,2178.012,1.003,216.598,2709,2503,1.120,1.600,1.120,1,0,11.030,0,0,18,304,0,3,1
15-06 14:51:18,23.498,4.000,71.743,0,0,5259684,258772,170904,2252136,4757.561,1457.866,0,191.982,0,19.998,2521,2111,1.120,1.600,1.120,1,0,20.998,0,0,18,304,0,3,1
15-06 14:51:19,19.756,6.502,71.771,0,0,5272672,238716,171384,2258724,5397.571,1566.456,0,12.003,0,3.001,3347,2689,1.120,1.600,1.120,1,0,97.028,0,0,18,304,0,3,1
15-06 14:51:20,20.927,2.990,74.491,0,0,5280124,226644,171612,2263016,8597.148,2720.553,0,1024.443,0,10.962,2148,1776,1.120,1.600,1.120,0,0,15.945,0,0,18,305,0,3,1
15-06 14:51:21,15.000,1.750,82.501,0.500,0,5295880,210040,171632,2263840,17952.190,8276.088,584.006,784.008,30.000,28.000,1697,1492,1.030,1.570,1.110,2,0,0,0,0,18,305,0,3,1
15-06 14:51:22,9.748,1.500,87.481,0.500,0,5295432,210040,171632,2264268,23719.804,14140.902,0,1587.652,0,47.989,1602,1761,1.030,1.570,1.110,0,0,0,0,0,18,305,0,3,1
15-06 14:51:23,11.748,0.500,85.238,0.500,0,5293840,211164,171732,2264612,162640.699,15561.866,0,1791.754,0,69.990,1849,1889,1.030,1.570,1.110,0,0,0,0,0,18,306,0,3,1
15-06 14:51:24,16.501,1.500,80.755,0.750,0,5310952,193636,171732,2265024,22485.374,12205.746,320.020,1452.089,31.002,45.003,1873,1683,1.030,1.570,1.110,1,0,1.000,0,0,18,306,0,3,1
15-06 14:51:25,11.999,1.250,85.492,0.250,0,5315368,188692,171732,2265532,147836.235,10789.995,55.995,583.946,8.999,17.998,1597,1485,1.030,1.570,1.110,0,0,0,0,0,18,306,0,3,1
15-06 14:51:26,9.752,1.500,85.766,1.000,0,5317368,185964,171948,2266004,283565.338,23310.220,28.005,3020.547,4.001,116.021,2194,2235,0.950,1.550,1.110,1,0,1.000,0,0,18,306,0,3,1
15-06 14:51:27,13.502,1.500,82.511,1.250,0,5314008,188652,172176,2266444,53437.117,17976.394,104.014,2608.347,6.001,118.016,2345,2608,0.950,1.550,1.110,0,0,0,0,0,18,306,0,3,1
15-06 14:51:28,5.002,2.501,89.785,0.500,0,5307232,181432,172208,2280528,3141012.312,51420.190,0,10208.008,0,433.170,3912,3003,0.950,1.550,1.110,0,0,2.001,0,0,18,306,0,3,1
15-06 14:51:29,4.746,2.997,88.918,0.250,0,5306444,165808,172264,2296852,8352932.756,86641.682,0,4971.391,0,28.973,5273,3566,0.950,1.550,1.110,1,0,1.998,0,0,18,306,0,3,1
15-06 14:51:30,8.503,4.251,83.775,1.000,0,5308156,141644,172404,2319084,7114401.332,69534.163,164.050,13476.102,4.001,75.023,4769,3585,0.950,1.550,1.110,2,0,1.000,0,0,18,306,0,3,1
15-06 14:51:31,21.509,3.752,72.530,0.750,0,5310592,125276,174876,2330400,5239.197,1620.680,0,3845.613,0,90.038,2375,2158,0.950,1.540,1.110,1,0,1.000,0,0,18,306,0,3,1
15-06 14:51:32,23.241,3.499,71.473,0.500,0,5305868,126388,176048,2332564,4784.196,1565.410,3.998,2623.011,1.000,70.973,2505,2398,0.950,1.540,1.110,1,0,0,0,0,18,306,0,3,1
15-06 14:51:33,24.499,3.250,70.747,0.500,0,5309324,138212,176396,2316820,4471.785,1511.927,4.000,15791.241,1.000,118.994,2619,2479,0.950,1.540,1.110,1,0,0,0,0,18,306,0,3,1
15-06 14:51:34,21.751,4.750,71.254,1.000,0,5314264,131524,177096,2317092,4966.264,1608.086,0,2196.117,0,90.005,2554,2314,0.950,1.540,1.110,2,0,1.000,0,0,18,306,0,3,1
15-06 14:51:35,21.998,3.250,72.494,0.750,0,5306516,122188,177444,2332724,4759.615,1631.868,0,2667.784,0,84.993,2379,2188,0.950,1.540,1.110,1,0,0,0,0,18,306,0,3,1
15-06 14:51:36,23.599,6.025,69.541,0.251,0,5311892,131768,178740,2316188,4823.178,1572.579,0,82778.314,0,459.924,3059,2647,1.200,1.580,1.120,1,0,0,0,0,18,306,0,3,1
15-06 14:51:37,24.405,3.237,69.976,0.747,0,5318600,128212,179336,2311784,4454.581,1506.111,0,2868.782,0,70.723,2731,2648,1.200,1.580,1.120,3,0,0,0,0,18,306,0,3,1
15-06 14:51:38,22.478,3.996,71.930,0.749,0,5311700,145248,180420,2300320,5021.141,1564.486,0,2825.266,0,197.809,2387,2174,1.200,1.580,1.120,1,0,0,0,0,18,306,0,3,1
15-06 14:51:39,22.357,4.019,72.849,0.502,0,5275864,216528,180444,2264764,5421.953,1868.946,397.905,221.058,33.159,7.034,2267,1755,1.200,1.580,1.120,1,0,19.091,0,0,18,304,0,3,1
15-06 14:51:40,17.184,3.238,77.453,0,0,5277624,209516,180460,2269972,11762.951,4704.981,0,1689.530,0,17.931,2004,1615,1.200,1.580,1.120,1,0,17.931,0,0,18,304,0,3,1
15-06 14:51:41,22.499,9.250,65.997,0,0,5326304,158816,180460,2271848,5014.744,1457.926,0,126857.533,0,1226.937,10616,17249,1.180,1.570,1.120,2,0,7.000,0,0,18,304,0,3,1
15-06 14:51:42,22.332,5.771,70.761,0,0.251,5314384,170304,180464,2272168,4980.368,1517.597,0,3119.505,0,10.037,5187,8178,1.180,1.570,1.120,2,0,12.044,0,0,18,304,0,3,1
15-06 14:51:43,20.473,6.991,70.408,0.250,0,5311280,173276,180468,2272260,5019.477,1563.967,0,339.559,0,7.990,5832,9719,1.180,1.570,1.120,1,0,14.981,0,0,18,304,0,3,1
15-06 14:51:44,31.946,8.735,58.401,0,0,5302100,189732,180492,2264960,4646.135,1551.374,255.567,335.432,1.997,11.980,2824,1795,1.180,1.570,1.120,2,0,11.980,0,0,18,304,0,3,1
15-06 14:51:45,39.393,11.040,49.178,0.251,0,5349072,139412,180912,2267984,4998.092,1668.038,1409.101,0,19.069,0,3273,1934,1.180,1.570,1.120,3,0,7.025,0,0,18,305,0,3,0
15-06 14:51:46,25.712,4.993,65.155,1.248,0,5327172,160504,180912,2268792,4929.805,1617.639,483.295,6846.009,28.958,400.416,7237,10420,1.250,1.580,1.130,1,1,0,0,0,18,307,0,9,0
15-06 14:51:47,23.021,15.514,59.055,1.251,0,5261312,225724,180912,2269432,4884.543,1621.508,512.477,1929.795,25.023,210.195,7501,16791,1.250,1.580,1.130,2,0,221.206,0,0,18,306,0,11,0
15-06 14:51:48,10.472,17.453,69.065,0.249,0.249,5257396,228752,180912,2270320,5026.544,1615.675,861.693,231.381,9.973,17.952,5178,4044,1.250,1.580,1.130,2,0,254.319,0,0,18,306,0,13,0
15-06 14:51:49,9.756,8.255,70.046,10.507,0,5236200,234684,180920,2285576,4989.264,2174.422,15269.989,2461.610,1940.269,324.212,4379,5666,1.250,1.580,1.130,1,0,16.010,0,0,18,307,0,12,0
15-06 14:51:50,1.746,0.748,94.552,0.748,0,5236204,234684,180920,2285576,9691.744,3413.865,0,3592.492,0,170.643,1390,2110,1.250,1.580,1.130,0,0,0,0,0,18,307,0,12,0
15-06 14:51:51,2.249,0.750,94.940,0,0,5234484,236084,180996,2285820,161615.023,6036.154,91.941,259.834,0.999,13.991,1313,1617,1.140,1.550,1.120,0,0,1.999,0,0,18,307,0,12,0
15-06 14:51:52,5.000,5.500,87.751,0,0,5210072,259016,181052,2287276,700645.769,13114.108,304.003,744.006,19.000,11.000,2615,2227,1.140,1.550,1.120,1,0,33.000,0,0,18,306,0,13,0
15-06 14:51:53,0.750,0.750,97.288,0,0,5208148,260936,181052,2287280,5388.111,1566.614,0,8.003,0,2.001,860,1220,1.140,1.550,1.120,0,0,0,0,0,18,306,0,13,0
15-06 14:51:54,1.500,1.000,96.531,0,0,5206304,262780,181052,2287280,4773.555,1512.493,0,0,0,0,996,1305,1.140,1.550,1.120,0,0,3.001,0,0,18,306,0,13,0
15-06 14:51:55,2.750,1.500,94.484,0.250,0,5205300,263780,181052,2287284,5265.082,1565.727,0,447.922,0,32.994,1314,1783,1.140,1.550,1.120,1,0,5.999,0,0,18,306,0,13,0
15-06 14:51:56,1.500,0.750,97.241,0,0,5203928,265152,181052,2287284,5388.476,1511.853,0,87.991,0,12.999,861,1267,1.050,1.530,1.110,0,0,0,0,0,18,306,0,13,0
15-06 14:51:57,2.749,1.249,93.705,0.750,0,5202792,266280,181052,2287292,5683.269,1607.228,0,967.535,0,91.956,1770,2561,1.050,1.530,1.110,0,0,0,0,0,18,306,0,13,0
15-06 14:51:58,1.750,1.000,96.770,0,0,5201736,267300,181052,2287328,5913.252,1512.320,0,40.008,0,4.001,887,1213,1.050,1.530,1.110,0,0,0,0,0,18,306,0,13,0
15-06 14:51:59,1.000,0.500,96.999,0,0,5200808,268228,181052,2287328,5805.911,1565.976,0,4.000,0,1.000,918,1249,1.050,1.530,1.110,0,0,0,0,0,18,306,0,13,0
15-06 14:52:00,1.500,0.250,96.996,0,0,5200464,268568,181052,2287332,5431.765,1511.935,0,4.000,0,1.000,948,1307,1.050,1.530,1.110,0,0,0,0,0,18,306,0,13,0
15-06 14:52:01,0.750,1.000,97.287,0,0,5200712,268320,181052,2287332,5044.893,1566.588,0,0,0,0,834,1171,0.970,1.500,1.110,0,0,0,0,0,18,306,0,13,0
15-06 14:52:02,1.998,0.250,95.670,0.250,0,5200688,268344,181052,2287332,4881.913,1564.690,0,251.789,0,22.981,1261,1759,0.970,1.500,1.110,0,0,0,0,0,18,306,0,13,0
15-06 14:52:03,1.501,1.001,96.559,0.500,0,5200464,268568,181052,2287332,5823.543,1620.986,0,164.100,0,17.010,1164,1732,0.970,1.500,1.110,0,0,0,0,0,18,306,0,13,0
15-06 14:52:04,1.250,0.750,97.274,0,0,5200424,268596,181052,2287344,5281.327,1620.407,0,0,0,0,989,1360,0.970,1.500,1.110,0,0,1.000,0,0,18,306,0,13,0
15-06 14:52:05,1.000,0.500,97.255,0,0,5200392,268628,181052,2287344,5340.301,1620.091,0,1452.082,0,265.015,1031,1401,0.970,1.500,1.110,0,0,0,0,0,18,306,0,13,0
15-06 14:52:06,1.750,0.500,96.743,0,0,5200388,268628,181052,2287348,5296.605,1619.879,0,255.981,0,22.998,1141,1746,0.890,1.470,1.100,0,0,0,0,0,18,306,0,13,0
15-06 14:52:07,1.500,2.000,94.502,0.250,0,5200380,268628,181052,2287356,5040.095,1620.030,0,30880.580,0,414.008,2347,3349,0.890,1.470,1.100,0,0,0,0,0,18,306,0,13,0
15-06 14:52:08,1.000,0.500,97.474,0,0,5200604,268404,181052,2287356,4724.737,1565.581,0,0,0,0,833,1236,0.890,1.470,1.100,0,0,0,0,0,18,306,0,13,0
15-06 14:52:09,1.250,0.750,97.262,0,0,5200600,268404,181052,2287360,4268.526,1498.185,0,316.039,0,19.002,938,1341,0.890,1.470,1.100,0,0,0,0,0,18,306,0,13,0
15-06 14:52:10,1.000,0.250,96.730,0.250,0,5200600,268404,181052,2287360,3153.334,663.860,0,47.990,0,6.999,896,1295,0.890,1.470,1.100,1,0,0,0,0,18,306,0,13,0
15-06 14:52:11,2.000,0.750,96.498,0,0,5200836,268164,181052,2287364,4936.876,1619.959,0,4.000,0,1.000,1030,1462,0.820,1.450,1.090,0,0,1.000,0,0,18,306,0,13,0
15-06 14:52:12,8.268,12.527,77.665,0,0,5202512,266284,181052,2287568,4407.343,1461.098,180.382,38257.104,9.019,378.803,4434,4327,0.820,1.450,1.090,1,0,227.482,0,0,18,306,0,13,0
15-06 14:52:13,10.238,20.975,66.672,0,0,5211200,257732,181052,2287620,4946.196,1510.228,0,675.208,0,20.975,6504,5778,0.820,1.450,1.090,3,0,446.476,0,0,18,306,0,13,0
15-06 14:52:14,8.003,19.757,69.273,0,0,5213328,255568,181052,2287656,4787.623,1566.531,0,176.060,0,2.001,5882,4733,0.820,1.450,1.090,1,0,377.128,0,0,18,306,0,11,0
15-06 14:52:15,8.741,19.980,68.431,0.250,0,5212400,256476,181052,2287676,4813.133,1456.527,0,1006.982,0,174.823,5993,4637,0.820,1.450,1.090,1,0,396.599,0,0,18,306,0,11,0
15-06 14:52:16,8.008,21.772,67.820,0,0,5217064,251776,181056,2287708,5034.199,1513.563,8.008,160.165,2.002,17.018,6279,5193,0.910,1.460,1.100,1,0,469.485,0,0,18,306,0,11,0
15-06 14:52:17,8.993,18.986,68.448,1.998,0,5231876,186420,181224,2338084,4842.327,1564.813,50481.705,3569.292,431.673,81.938,5875,5625,0.910,1.460,1.100,1,0,283.785,0,0,18,306,0,11,0
15-06 14:52:18,18.206,3.242,76.814,0.499,0,5244376,173716,181232,2338276,5358.021,2128.843,191.536,2059.013,7.981,126.693,3017,3045,0.910,1.460,1.100,0,0,26.935,0,0,18,307,0,11,0
15-06 14:52:19,1.503,0.501,96.451,0,0,5244332,173716,181232,2338320,50046.175,3234.733,0,244.509,0,12.025,1052,1421,0.910,1.460,1.100,0,0,0,0,0,18,307,0,11,0
15-06 14:52:20,1.250,1.000,96.787,0,0,5244104,173716,181232,2338548,246203.228,8697.293,0,1280.485,0,60.023,1299,1691,0.910,1.460,1.100,0,0,0,0,0,18,307,0,11,0
15-06 14:52:21,1.000,1.500,95.995,0,0,5240944,176464,181232,2338960,445251.303,13499.282,0,35.998,0,4.000,1425,1532,0.840,1.430,1.090,1,0,0,0,0,18,307,0,11,0
15-06 14:52:22,2.499,1.000,94.220,0,0,5240240,176464,181236,2339660,746197.918,21941.058,0,0,0,0,2102,2010,0.840,1.430,1.090,1,0,0,0,0,18,307,0,11,0
15-06 14:52:23,2.001,1.501,94.537,0,0,5239792,176212,181236,2340360,734575.249,23059.923,0,3805.473,0,28.011,1951,1893,0.840,1.430,1.090,0,0,0,0,0,18,307,0,11,0
15-06 14:52:24,0.999,0.749,97.394,0,0,5239792,176212,181236,2340360,50215.592,2517.273,0,0,0,0,1017,1357,0.840,1.430,1.090,0,0,0.999,0,0,18,307,0,11,0
15-06 14:52:25,1.251,0.751,96.572,0,0.250,5239824,175960,181236,2340580,191329.966,5488.072,0,0,0,0,1178,1402,0.840,1.430,1.090,0,0,0,0,0,18,307,0,11,0
15-06 14:52:26,7.498,1.749,88.974,0.500,0,5241024,174196,181236,2341144,442466.882,11276.735,0,1823.472,0,251.927,2975,3922,0.770,1.410,1.090,0,0,0,0,0,18,307,0,11,0
15-06 14:52:27,2.752,1.001,93.810,0.500,0,5240448,174196,181236,2341720,571561.247,14247.104,32.020,324.207,1.001,32.020,1936,2489,0.770,1.410,1.090,0,0,0,0,0,18,307,0,11,0
15-06 14:52:28,0.750,0.999,96.694,0,0,5240304,174196,181236,2341864,142094.740,4442.428,0,1299.248,0,2.998,999,1355,0.770,1.410,1.090,0,0,0,0,0,18,307,0,11,0
15-06 14:52:29,1.000,0.750,96.784,0,0,5240204,174196,181236,2341964,105212.531,3504.217,0,568.197,0,31.011,1143,1549,0.770,1.410,1.090,0,0,0,0,0,18,307,0,11,0
15-06 14:52:30,1.250,0.500,97.276,0,0,5240060,174196,181236,2342108,203642.670,4891.289,0,288.076,0,7.002,1038,1332,0.770,1.410,1.090,0,0,0,0,0,18,307,0,11,0
15-06 14:52:31,1.499,0.500,96.188,0,0,5239816,174196,181236,2342352,203738.413,7261.346,0,391.749,0,25.983,1301,1712,0.710,1.390,1.080,0,0,0,0,0,18,307,0,11,0
15-06 14:52:32,4.250,1.250,93.257,0.500,0.250,5239532,174196,181236,2342636,289547.871,5484.433,0,936.074,0,58.005,1948,2533,0.710,1.390,1.080,0,0,1.000,0,0,18,307,0,11,0
15-06 14:52:33,9.503,4.752,83.028,1.250,0,5243636,165312,181680,2346976,200448.648,4825.604,4573.521,864.287,138.046,41.014,2527,2437,0.710,1.390,1.080,2,0,27.009,0,0,18,306,0,12,0
15-06 14:52:34,8.766,16.781,68.875,4.258,0,5259132,127072,181720,2368872,4646.461,1502.736,44.080,29674.033,11.020,1504.740,8114,10953,0.710,1.390,1.080,1,0,119.217,0,0,18,306,0,12,0
15-06 14:52:35,16.714,10.976,68.102,2.245,0,5252808,127616,181868,2373948,4613.961,1400.952,27.939,9199.983,3.991,774.315,5386,6176,0.710,1.390,1.080,1,0,69.848,0,0,18,306,0,12,0
15-06 14:52:36,23.457,8.734,66.129,0.749,0,5249944,129312,181892,2374924,5596.772,1617.045,0,2359.688,0,252.539,3745,2922,0.810,1.400,1.090,2,0,37.931,0,0,18,306,0,12,0
15-06 14:52:37,24.321,7.773,65.190,0.501,0,5251952,126328,181940,2375744,4485.046,1516.411,0,1584.609,0,98.286,3844,3357,0.810,1.400,1.090,1,0,32.093,0,0,18,306,0,12,0
15-06 14:52:38,22.736,6.996,68.958,0.250,0,5239056,163880,182220,2350852,5456.712,1619.024,0,1151.306,0,48.970,3202,2913,0.810,1.400,1.090,1,0,17.989,0,0,18,306,0,12,0
15-06 14:52:39,22.487,5.247,71.208,0.750,0,5232540,168360,182232,2352556,4977.055,1619.042,227.865,311.816,52.969,9.994,4052,5317,0.810,1.400,1.090,0,1,17.989,0,0,18,306,0,12,0
15-06 14:52:40,14.256,11.755,71.028,1.000,0,5269264,132940,182536,2350712,6062.419,1662.664,1580.631,5542.212,42.017,101.040,3435,3187,0.810,1.400,1.090,4,0,43.017,0,0,18,306,0,12,0
15-06 14:52:41,19.507,7.503,71.527,0.250,0,5275944,152992,182544,2322348,4864.828,1566.589,176.066,2693.012,9.003,12.005,2905,2212,0.830,1.390,1.090,1,0,41.015,0,0,18,306,0,12,0
15-06 14:52:42,17.246,3.249,78.483,0.500,0,5224644,259728,182580,2266952,4499.048,1619.657,179.962,179.962,10.998,12.997,2278,1951,0.830,1.390,1.090,0,0,17.996,0,0,18,306,0,12,0
15-06 14:52:43,1.250,1.000,96.771,0,0,5224784,259600,182580,2266952,4921.092,1620.360,0,3100.688,0,194.043,1006,1342,0.830,1.390,1.090,0,0,0,0,0,18,306,0,12,0
15-06 14:52:44,11.490,4.246,82.676,0,0,5249648,234732,182580,2266956,4527.958,1510.651,255.772,0,1.998,0,1782,1559,0.830,1.390,1.090,1,0,5.995,0,0,18,306,0,12,0
15-06 14:52:45,18.511,7.004,73.542,0,0,5303892,180480,182580,2266964,4488.576,1566.899,768.441,0,6.003,0,2342,1679,0.830,1.390,1.090,1,0,7.004,0,0,18,306,0,12,0
15-06 14:52:46,2.250,0.750,95.995,0,0,5269500,214868,182580,2266968,4428.757,1511.917,0,51.997,0,1.000,1003,1321,0.760,1.370,1.080,0,0,0,0,0,18,306,0,12,0
15-06 14:52:47,8.249,4.750,85.493,0.250,0,5239672,244752,182580,2266968,4245.648,1565.870,0,1563.870,0,262.978,2891,7129,0.760,1.370,1.080,0,0,35.997,0,0,18,306,0,7,0
15-06 14:52:48,1.750,0.500,96.755,0,0,5218716,265704,182580,2266972,4052.206,1512.077,0,100.005,0,15.001,1123,1725,0.760,1.370,1.080,0,0,0,0,0,18,306,0,7,0
15-06 14:52:49,2.250,0.500,96.504,0,0,5215300,269120,182580,2266972,3946.150,1566.060,0,0,0,0,1084,1369,0.760,1.370,1.080,0,0,0,0,0,18,306,0,7,0
15-06 14:52:50,0.750,0.500,96.727,0,0,5211192,273228,182580,2266972,3991.047,1511.639,0,195.953,0,10.997,921,1313,0.760,1.370,1.080,0,0,0,0,0,18,306,0,7,0
15-06 14:52:51,1.500,0.500,97.495,0,0,5199668,284752,182580,2266972,5522.739,1565.926,0,51.998,0,5.000,879,1253,0.700,1.340,1.070,1,0,0,0,0,18,306,0,3,0
15-06 14:52:52,1.500,1.000,97.022,0,0,5197744,286676,182580,2266972,4759.063,1458.326,0,0,0,0,1034,1415,0.700,1.340,1.070,0,0,0,0,0,18,306,0,3,0
15-06 14:52:53,1.000,0.250,97.250,0,0,5196056,288360,182580,2266976,5311.984,1511.995,0,4.000,0,1.000,852,1240,0.700,1.340,1.070,0,0,0,0,0,18,306,0,3,0
15-06 14:52:54,1.000,1.000,97.236,0,0,5195084,289332,182580,2266976,5035.259,1565.770,0,0,0,0,999,1350,0.700,1.340,1.070,0,0,3.000,0,0,18,306,0,3,0
15-06 14:52:55,1.750,1.000,96.250,0,0,5194804,289612,182580,2266976,4540.021,1080.005,0,0,0,0,1103,1336,0.700,1.340,1.070,0,0,6.000,0,0,18,306,0,2,0
15-06 14:52:56,1.001,0.500,97.302,0,0,5193676,290740,182580,2266976,4531.414,972.518,0,0,0,0,802,1222,0.640,1.320,1.070,0,0,0,0,0,18,306,0,2,0
15-06 14:52:57,1.999,0.500,95.928,0.250,0,5193468,290940,182580,2266984,6161.377,1564.826,0,351.736,0,30.977,1317,1832,0.640,1.320,1.070,0,0,0,0,0,18,306,0,2,0
15-06 14:52:58,1.000,1.501,96.538,0.250,0,5192196,292172,182580,2267024,6002.383,1620.643,0,668.265,0,135.054,1077,1378,0.640,1.320,1.070,0,0,0,0,0,18,306,0,2,0
15-06 14:52:59,1.500,0.250,97.268,0,0,5192196,292172,182580,2267024,6001.099,1662.305,0,4.001,0,1.000,971,1273,0.640,1.320,1.070,0,0,0,0,0,18,306,0,2,0
15-06 14:53:00,0.750,0.500,97.728,0,0,5192196,292172,182580,2267024,5010.870,1511.659,0,3.999,0,1.000,917,1270,0.640,1.320,1.070,0,0,0,0,0,18,306,0,2,0
15-06 14:53:01,1.250,0.500,97.502,0,0,5192192,292172,182580,2267028,5643.135,1566.038,0,0,0,0,856,1215,0.670,1.320,1.070,0,0,0,0,0,18,306,0,2,0
15-06 14:53:02,1.750,1.000,96.228,0.250,0,5192192,292172,182580,2267028,5610.716,1511.654,0,331.924,0,26.994,1245,1698,0.670,1.320,1.070,0,0,0,0,0,18,306,0,2,0
15-06 14:53:03,1.500,0.500,96.754,0,0,5191928,292424,182584,2267036,5986.234,1566.061,4.000,228.009,1.000,22.001,1176,1668,0.670,1.320,1.070,0,0,0,0,0,18,306,0,2,0
15-06 14:53:04,1.750,0.250,96.502,0,0,5191928,292424,182584,2267036,5192.099,1512.029,0,76.001,0,3.000,1132,1564,0.670,1.320,1.070,0,0,1.000,0,0,18,306,0,2,0
15-06 14:53:05,1.000,0.750,97.233,0.250,0,5191924,292424,182584,2267040,5205.075,1565.722,0,199.964,0,11.998,925,1295,0.670,1.320,1.070,0,0,0,0,0,18,306,0,2,0
15-06 14:53:06,2.001,0.500,96.280,0,0,5191920,292424,182584,2267044,5570.713,1512.465,0,32.010,0,4.001,1075,1408,0.620,1.290,1.060,0,0,1.000,0,0,18,306,0,2,0
15-06 14:53:07,3.499,1.000,94.236,0.250,0,5192676,291668,182584,2267044,4725.319,1565.774,0,127.982,0,14.998,1599,2202,0.620,1.290,1.060,0,0,2.000,0,0,18,306,0,2,0
15-06 14:53:08,1.250,0.750,97.015,0,0,5192672,291668,182584,2267048,4472.671,1512.227,0,624.094,0,136.020,983,1335,0.620,1.290,1.060,0,0,0,0,0,18,306,0,2,0
15-06 14:53:09,1.250,3.000,94.245,0,0,5190396,293932,182588,2267056,4549.754,1659.910,4.000,6403.653,1.000,44.998,1215,1469,0.620,1.290,1.060,0,0,0,0,0,18,306,0,2,0
15-06 14:53:10,1.250,0.750,97.217,0,0,5191056,293272,182588,2267056,4156.609,1457.512,0,31.989,0,3.999,952,1330,0.620,1.290,1.060,0,0,0,0,0,18,306,0,2,0
15-06 14:53:11,1.001,0.751,97.078,0,0,5191052,293272,182588,2267060,4940.993,1621.310,0,4.003,0,1.001,911,1274,0.570,1.270,1.060,1,0,0,0,0,18,306,0,2,0
15-06 14:53:12,6.749,2.750,89.742,0,0,5212948,271376,182588,2267060,4605.583,1565.858,0,51.995,0,5.999,1556,1742,0.570,1.270,1.060,1,0,5.000,0,0,18,306,0,2,0
15-06 14:53:13,13.286,3.259,79.463,3.008,0,5218204,263724,182952,2269092,14017.649,10591.447,2362.345,1110.984,506.360,27.073,3546,4476,0.570,1.270,1.060,1,0,6.016,0,0,18,306,0,4,0
15-06 14:53:14,15.459,4.737,78.042,0,0,5234580,247292,182956,2269144,15057.825,11211.088,15.957,50086.367,0.997,57.846,2722,2803,0.570,1.270,1.060,3,0,3.989,0,0,18,309,0,5,0
15-06 14:53:15,17.251,3.500,77.505,0,0,5220180,261368,182956,2269468,15549.079,11971.831,16.001,388.027,1.000,39.003,3100,3337,0.570,1.270,1.060,1,0,7.000,0,0,18,309,0,8,0
15-06 14:53:16,13.745,3.499,81.221,0.500,0,5219980,261552,182956,2269484,14834.684,11561.856,0,207.925,0,26.990,2652,2863,0.600,1.270,1.060,1,0,4.998,0,0,18,308,0,10,0
15-06 14:53:17,16.000,3.750,78.498,0,0,5218312,263064,182956,2269640,15581.630,11814.719,0,311.993,0,36.999,3037,3312,0.600,1.270,1.060,2,0,11.000,0,0,18,308,0,11,0
15-06 14:53:18,15.073,4.020,78.883,1.256,0,5216996,264364,182956,2269656,15757.479,12183.131,0,2524.252,0,163.795,3194,3811,0.600,1.270,1.060,2,0,19.093,0,0,18,308,0,12,0
15-06 14:53:19,43.626,7.436,47.344,0,0,4978112,503112,182956,2269792,4836.538,1445.607,0,3271.950,0,458.073,3259,1620,0.600,1.270,1.060,2,0,0,0,0,18,292,0,16,0
15-06 14:53:20,60.272,14.879,25.471,0,0,4961768,519632,182956,2269804,4813.678,1525.206,8.070,633.485,2.017,44.384,4052,2454,0.600,1.270,1.060,3,0,7.061,0,0,18,279,0,17,0
15-06 14:53:21,68.414,7.215,23.883,0,0,5066784,414392,182960,2270020,5018.366,1558.350,159.218,549.304,5.971,14.927,4026,1989,0.800,1.300,1.070,4,0,3.980,0,0,18,279,0,17,0
15-06 14:53:22,48.549,6.256,43.544,0,0,5141844,338604,182964,2270744,5063.082,1459.465,0,0,0,0,3411,3668,0.800,1.300,1.070,1,0,1.001,0,0,18,281,0,23,0
15-06 14:53:23,40.707,7.992,50.197,0.250,0,5147824,331268,182976,2272204,46365.242,17184.928,327.655,431.546,43.954,32.965,5637,6652,0.800,1.300,1.070,3,0,3.996,0,0,18,279,0,28,0
15-06 14:53:24,48.486,10.049,40.447,0.251,0,5221556,257520,182980,2272244,26516.187,6394.152,0,478.330,0,50.245,4466,5140,0.800,1.300,1.070,2,0,9.044,0,0,18,279,0,29,0
15-06 14:53:25,39.577,6.969,50.778,0.249,0,5243292,233832,182980,2274196,15816.727,3871.046,0,450.029,0,44.804,7184,12522,0.800,1.300,1.070,1,0,0.996,0,0,18,289,0,32,0
15-06 14:53:26,1.499,0.500,96.716,0,0,5243288,233832,182984,2274196,3879.629,863.695,0,1371.515,0,14.995,1073,1499,0.730,1.270,1.060,1,0,0,0,0,18,289,0,32,0
15-06 14:53:27,2.251,0.750,95.544,0.500,0,5243284,233832,182984,2274200,4548.102,1566.724,0,1276.590,0,53.025,1339,1939,0.730,1.270,1.060,0,0,0,0,0,18,289,0,32,0
15-06 14:53:28,1.748,0.749,96.663,0.250,0,5243284,233832,182984,2274200,4316.094,1618.535,0,135.877,0,18.983,1060,1563,0.730,1.270,1.060,0,0,0,0,0,18,289,0,32,0
15-06 14:53:29,0.750,0.750,97.042,0.250,0,5243284,233832,182984,2274200,4321.888,1620.708,0,76.033,0,7.003,1002,1452,0.730,1.270,1.060,0,0,0,0,0,18,289,0,32,0
15-06 14:53:30,1.000,0.500,97.509,0,0,5243280,233832,182984,2274204,4602.443,1512.146,0,32.003,0,4.000,885,1284,0.730,1.270,1.060,0,0,0,0,0,18,289,0,32,0
15-06 14:53:31,1.250,0.500,97.477,0,0,5243284,233832,182984,2274200,4815.851,1619.614,0,0,0,0,820,1232,0.670,1.250,1.050,0,0,0,0,0,18,289,0,32,0
15-06 14:53:32,1.500,0.500,96.766,0,0,5243280,233832,182984,2274204,4740.796,1620.272,0,264.044,0,23.004,1178,1783,0.670,1.250,1.050,0,0,0,0,0,18,289,0,32,0
15-06 14:53:33,1.501,0.750,96.307,0,0,5243512,233592,182984,2274212,5043.002,1620.965,0,168.100,0,25.015,1277,2062,0.670,1.250,1.050,0,0,0,0,0,18,289,0,32,0
15-06 14:53:34,1.998,0.749,95.674,0.500,0,5243764,233340,182984,2274212,4976.068,1618.721,0,151.880,0,24.980,1421,2104,0.670,1.250,1.050,0,0,0.999,0,0,18,289,0,32,0
15-06 14:53:35,1.250,0.750,97.505,0,0,5242868,234236,182984,2274212,4800.246,1620.083,0,9344.480,0,1117.057,1295,1444,0.670,1.250,1.050,0,0,0,0,0,18,289,0,32,0
15-06 14:53:36,1.000,0.750,96.504,0.250,0,5242868,234236,182984,2274212,4655.200,1458.063,0,696.030,0,45.002,1021,1509,0.620,1.230,1.050,0,0,0,0,0,18,289,0,31,0
15-06 14:53:37,2.250,0.750,95.748,0,0,5242860,234236,182984,2274220,4147.922,1229.977,0,155.997,0,18.000,1329,1854,0.620,1.230,1.050,0,0,0,0,0,18,289,0,31,0
15-06 14:53:38,1.000,0.500,97.487,0,0,5242860,234236,182984,2274220,4769.359,1589.786,0,0,0,0,882,1283,0.620,1.230,1.050,0,0,0,0,0,18,289,0,31,0
15-06 14:53:39,1.500,1.000,96.759,0.250,0,5242860,234236,182984,2274220,5852.522,1512.135,0,724.065,0,127.011,1108,1469,0.620,1.230,1.050,0,0,2.000,0,0,18,289,0,31,0
15-06 14:53:40,0.999,0.499,96.885,0,0,5242860,234236,182984,2274220,5223.790,1660.026,0,47.943,0,6.992,928,1324,0.620,1.230,1.050,0,0,0,0,0,18,289,0,31,0
15-06 14:53:41,1.001,0.751,97.343,0,0,5242860,234236,182984,2274220,5512.254,1591.517,0,4.004,0,1.001,902,1274,0.570,1.210,1.040,0,0,0,0,0,18,289,0,31,0
15-06 14:53:42,1.500,0.750,96.507,0,0,5242856,234236,182984,2274224,4606.344,1566.117,0,76.006,0,9.001,1051,1467,0.570,1.210,1.040,0,0,0,0,0,18,289,0,31,0
15-06 14:53:43,1.500,0.500,96.511,0.500,0.250,5242848,234236,182984,2274232,4652.546,1512.177,0,420.049,0,39.005,1190,1816,0.570,1.210,1.040,0,0,0,0,0,18,289,0,31,0
15-06 14:53:44,2.000,0.750,95.479,0,0,5242848,234236,182984,2274232,5038.876,1619.639,0,179.960,0,26.994,1481,2116,0.570,1.210,1.040,0,0,1.000,0,0,18,289,0,31,0
15-06 14:53:45,1.250,0.750,97.263,0,0,5242844,234236,182984,2274236,4638.622,1458.195,0,0,0,0,906,1292,0.570,1.210,1.040,0,0,0,0,0,18,289,0,31,0
15-06 14:53:46,0.500,0.500,97.236,0.250,0,5242844,234236,182984,2274236,4756.315,1619.767,0,287.959,0,18.997,917,1334,0.520,1.190,1.040,0,0,0,0,0,18,289,0,31,0
15-06 14:53:47,7.755,5.003,85.557,0,0,5256764,220312,182984,2274212,4410.960,1458.979,0,468.314,0,44.030,3151,11792,0.520,1.190,1.040,0,0,36.024,0,0,18,289,0,32,0
15-06 14:53:48,1.250,0.500,96.967,0.250,0,5256764,220312,182984,2274240,4610.442,1619.453,0,83.972,0,11.996,1068,1582,0.520,1.190,1.040,0,0,0,0,0,18,289,0,31,0
15-06 14:53:49,1.500,0.250,97.254,0,0.250,5256328,220748,182984,2274240,4106.178,1620.070,0,0,0,0,933,1295,0.520,1.190,1.040,0,0,0,0,0,18,289,0,31,0
15-06 14:53:50,0.500,1.000,98.030,0,0,5255316,221756,182984,2274244,4563.377,1620.489,0,180.054,0,11.003,890,1313,0.520,1.190,1.040,1,0,0,0,0,18,289,0,31,0
15-06 14:53:51,1.499,0.250,96.696,0,0,5254404,222668,182984,2274244,4754.368,1619.104,0,31.982,0,3.998,943,1365,0.480,1.170,1.030,0,0,0,0,0,18,289,0,31,0
15-06 14:53:52,0.500,0.250,97.516,0,0,5253676,223396,182984,2274244,4278.714,1458.243,0,0,0,0,893,1298,0.480,1.170,1.030,0,0,0,0,0,18,289,0,31,0
15-06 14:53:53,1.500,0.750,97.002,0,0,5252976,224092,182984,2274248,5102.126,1620.040,0,4.000,0,1.000,921,1349,0.480,1.170,1.030,0,0,0,0,0,18,289,0,31,0
15-06 14:53:54,39.760,9.252,49.512,0.250,0,4912940,563704,183124,2274604,5247.254,1828.437,492.118,532.127,31.007,43.010,4475,3633,0.480,1.170,1.030,1,0,80.019,0,0,18,285,0,33,0
15-06 14:53:55,22.544,6.262,70.890,0.250,0,4972420,504164,183124,2274668,5188.215,1781.508,56.110,444.876,1.002,71.140,2298,1805,0.480,1.170,1.030,1,0,6.012,0,0,18,285,0,33,0
15-06 14:53:56,22.464,3.994,72.136,0,0,5026808,449508,183124,2274952,3485.483,473.251,71.886,0,5.991,0,1973,1624,0.520,1.170,1.030,3,0,1.997,0,0,18,285,0,33,0
15-06 14:53:57,22.986,6.996,68.459,0.250,0,5125612,350000,183124,2275676,5654.623,1457.130,0,1027.387,0,57.965,4256,5732,0.520,1.170,1.030,1,0,16.990,0,0,18,289,0,35,0
15-06 14:53:58,22.509,4.752,71.530,0,0,5187572,288008,183124,2275708,5314.239,1554.655,0,124.052,0,11.005,2214,1767,0.520,1.170,1.030,1,0,4.002,0,0,18,289,0,35,0
15-06 14:53:59,14.240,0.999,83.941,0,0,5200208,275184,183124,2275896,6041.727,1830.705,0,31.977,0,6.995,1582,1489,0.520,1.170,1.030,1,0,0.999,0,0,18,289,0,35,0
15-06 14:54:00,0.749,0.500,97.161,0,0,5199096,276292,183124,2275900,4933.478,1456.665,0,0,0,0,872,1262,0.520,1.170,1.030,0,0,0,0,0,18,289,0,35,0
15-06 14:54:01,1.001,0.751,97.090,0.250,0,5197340,278048,183124,2275900,5722.328,1621.510,0,4808.477,0,646.602,1248,1571,0.480,1.150,1.020,0,0,0,0,0,18,289,0,35,0
15-06 14:54:02,2.250,0.500,95.743,0.250,0,5195856,279532,183124,2275900,4817.647,1457.893,0,447.967,0,23.998,1294,1758,0.480,1.150,1.020,0,0,0,0,0,18,289,0,35,0
15-06 14:54:03,2.001,1.001,95.800,0.750,0,5193848,281408,183128,2276028,5402.798,1620.839,0,1464.758,0,97.050,1391,2206,0.480,1.150,1.020,2,0,0,0,0,18,289,0,35,0
15-06 14:54:04,1.749,0.750,94.956,0.250,0,5188248,286996,183128,2276040,5397.511,1709.212,0,1039.521,0,81.962,1577,2371,0.480,1.150,1.020,0,0,1.000,0,0,18,289,0,35,0
15-06 14:54:05,1.500,0.750,97.249,0,0,5183212,292028,183128,2276044,5579.945,1661.984,0,4.000,0,1.000,1014,1360,0.480,1.150,1.020,0,0,0,0,0,18,289,0,35,0
15-06 14:54:06,1.751,1.000,95.793,0.250,0,5178752,296488,183128,2276044,5119.290,1760.788,0,464.208,0,38.017,1273,1866,0.680,1.180,1.040,1,0,0,0,0,18,289,0,35,0
15-06 14:54:07,1.999,0.750,95.190,0,0,5175472,299768,183128,2276044,4677.070,1618.986,0,199.875,0,26.983,1357,1924,0.680,1.180,1.040,0,0,0,0,0,18,289,0,35,0
15-06 14:54:08,1.001,0.250,98.063,0,0,5172668,302572,183128,2276044,4442.835,1621.034,0,0,0,0,829,1259,0.680,1.180,1.040,0,0,0,0,0,18,289,0,35,0
15-06 14:54:09,1.000,1.000,97.247,0.250,0,5170232,305004,183128,2276048,4473.862,1683.948,0,175.995,0,11.000,961,1339,0.680,1.180,1.040,0,0,0,0,0,18,289,0,35,0
15-06 14:54:10,1.250,0.250,97.226,0,0,5168076,307160,183128,2276048,4198.965,1619.601,0,31.992,0,3.999,878,1282,0.680,1.180,1.040,0,0,0,0,0,18,289,0,35,0
15-06 14:54:11,1.250,0.500,97.225,0,0,5166440,308792,183128,2276052,4545.830,1589.591,0,3.999,0,1.000,869,1334,0.630,1.160,1.030,0,0,0,0,0,18,289,0,35,0
15-06 14:54:12,1.500,0.750,96.754,0,0,5165016,310216,183128,2276052,4680.206,1620.071,0,64.003,0,6.000,1048,1440,0.630,1.160,1.030,0,0,0,0,0,18,289,0,35,0
15-06 14:54:13,1.750,1.250,96.011,0.250,0,5163716,311500,183128,2276068,4518.515,1458.166,0,168.019,0,15.002,1123,1762,0.630,1.160,1.030,0,0,0,0,0,18,289,0,35,0
15-06 14:54:14,2.501,1.000,94.275,0.250,0,5162440,312776,183128,2276068,4621.249,1710.462,0,200.054,0,24.006,1644,2363,0.630,1.160,1.030,0,0,2.001,0,0,18,289,0,35,0
15-06 14:54:15,3.499,1.500,94.474,0,0,5159348,315852,183128,2276084,4534.744,1295.641,0,0,0,0,1403,1828,0.630,1.160,1.030,0,0,2.999,0,0,18,289,0,35,0
15-06 14:54:16,9.749,1.750,86.738,0,0,5158612,316508,183128,2276164,3298.556,161.978,95.987,95.987,5.999,11.998,2751,3413,0.580,1.140,1.020,0,0,1.000,0,0,18,289,0,37,0
15-06 14:54:17,3.250,1.500,94.261,0.250,0,5157628,317436,183128,2276220,4518.549,1458.177,0,360.044,0,42.005,1680,2439,0.580,1.140,1.020,0,0,1.000,0,0,18,289,0,29,0
15-06 14:54:18,1.750,1.000,95.736,0.500,0,5157488,317576,183128,2276220,4861.293,1619.764,0,211.969,0,21.997,1150,1746,0.580,1.140,1.020,0,0,1.000,0,0,18,289,0,29,0
15-06 14:54:19,1.000,0.500,97.259,0,0,5157268,317796,183128,2276220,4528.406,1458.131,0,104.009,0,7.001,939,1344,0.580,1.140,1.020,0,0,0,0,0,18,289,0,29,0
15-06 14:54:20,1.250,0.250,97.003,0,0,5157268,317796,183128,2276220,4698.162,1458.050,0,472.016,0,30.001,966,1424,0.580,1.140,1.020,0,0,0,0,0,18,289,0,29,0
15-06 14:54:21,1.500,0.750,97.504,0,0,5157236,317828,183128,2276220,4817.173,1760.063,0,36.001,0,5.000,910,1325,0.530,1.120,1.020,1,0,0,0,0,18,289,0,22,0
15-06 14:54:22,1.250,0.500,96.768,0,0,5157232,317828,183128,2276224,4680.864,1620.299,0,0,0,0,936,1357,0.530,1.120,1.020,0,0,0,0,0,18,289,0,22,0
15-06 14:54:23,1.000,0.750,97.518,0.250,0,5157232,317828,183128,2276224,4578.854,1458.272,0,52.010,0,5.001,859,1286,0.530,1.120,1.020,0,0,0,0,0,18,289,0,22,0
15-06 14:54:24,2.252,1.501,94.574,0,0,5157480,317576,183128,2276228,4755.729,1843.445,0,424.333,0,41.032,1648,2299,0.530,1.120,1.020,1,0,9.007,0,0,18,289,0,22,0
15-06 14:54:25,13.742,14.741,70.209,0,0,5189308,285724,183128,2276252,10639.809,2995.257,0,327.809,0,55.967,5045,4237,0.530,1.120,1.020,1,0,302.824,0,0,18,289,0,10,0
15-06 14:54:26,19.522,3.754,75.083,0,0,5231052,243964,183128,2276268,10580.754,7407.229,0,1573.748,0,290.323,2458,2013,0.570,1.120,1.020,2,0,0,0,0,18,290,0,10,0
15-06 14:54:27,21.472,3.495,72.654,0.999,0,5232052,242704,183128,2276528,8805.378,5593.617,319.578,806.935,18.975,91.879,4463,5859,0.570,1.120,1.020,1,0,0.999,0,0,18,290,0,12,0
15-06 14:54:28,36.906,8.034,54.230,0.502,0,5258996,215572,183128,2276716,5589.702,2673.336,64.273,855.628,4.017,88.375,4670,5122,0.570,1.120,1.020,2,0,25.106,0,0,18,289,0,13,0
15-06 14:54:29,36.483,7.746,54.974,0,0.250,5339412,159788,183072,2252412,25585.835,22228.431,111.947,171.918,4.998,6.997,3533,2983,0.570,1.120,1.020,2,0,4.998,0,0,18,292,0,16,0
15-06 14:54:30,18.434,5.979,74.234,0,0,5267208,231956,183072,2252448,21921.374,18588.328,0,139.500,0,7.971,2692,2358,0.570,1.120,1.020,0,0,34.875,0,0,18,289,0,21,0
15-06 14:54:31,0.999,0.500,97.442,0,0,5248796,250368,183072,2252448,5113.938,1661.006,0,103.938,0,7.995,846,1276,0.520,1.100,1.010,0,0,0,0,0,18,289,0,21,0
15-06 14:54:32,2.508,1.003,94.298,0.752,0,5249764,249388,183072,2252460,4712.876,1504.750,4.013,1958.181,1.003,123.389,1662,2554,0.520,1.100,1.010,0,1,1.003,0,0,18,289,0,21,0
15-06 14:54:33,1.745,0.498,95.706,0.249,0,5244268,254884,183072,2252460,4922.857,1453.529,0,1020.860,0,73.773,1319,2042,0.520,1.100,1.010,0,0,0,0,0,18,289,0,21,0
15-06 14:54:34,1.750,1.000,95.752,0.250,0,5245020,254132,183072,2252460,4818.090,1458.027,0,252.005,0,31.001,1512,2234,0.520,1.100,1.010,0,0,1.000,0,0,18,289,0,21,0
15-06 14:54:35,2.500,0.750,95.246,0,0,5243000,256152,183072,2252460,4979.784,1619.930,0,87.996,0,13.999,1229,1702,0.520,1.100,1.010,0,0,0,0,0,18,289,0,21,0
15-06 14:54:36,1.250,0.750,96.750,0,0,5242884,256264,183072,2252464,4475.001,1458.000,0,0,0,0,919,1356,0.480,1.080,1.010,0,0,0,0,0,18,289,0,21,0
15-06 14:54:37,2.001,1.250,95.777,0.500,0,5242884,256264,183072,2252464,4741.356,1662.475,0,2632.753,0,410.117,1438,1982,0.480,1.080,1.010,0,0,0,0,0,18,289,0,21,0
15-06 14:54:38,1.000,1.250,96.251,0.250,0,5242860,256264,183072,2252488,5478.029,1458.008,16.000,120.001,1.000,15.000,1139,1725,0.480,1.080,1.010,0,0,1.000,0,0,18,289,0,21,0
15-06 14:54:39,1.250,0.500,97.495,0,0,5242860,256264,183072,2252488,5279.728,1619.917,0,0,0,0,923,1283,0.480,1.080,1.010,0,0,0,0,0,18,289,0,21,0
15-06 14:54:40,1.250,0.750,96.765,0,0,5242852,256264,183072,2252496,5658.876,1860.288,0,376.058,0,27.004,1032,1470,0.480,1.080,1.010,0,0,0,0,0,18,289,0,21,0
15-06 14:54:41,1.250,0.500,97.007,0.250,0,5242852,256264,183072,2252496,5117.387,1620.123,0,112.008,0,14.001,944,1465,0.440,1.060,1,0,0,0,0,0,18,289,0,21,0
15-06 14:54:42,1.751,1.251,95.812,0.250,0,5242852,256264,183072,2252496,4749.092,1729.126,0,2597.691,0,116.076,1281,2016,0.440,1.060,1,2,0,0,0,0,18,289,0,21,0
15-06 14:54:43,1.249,0.500,96.913,0.250,0,5242852,256264,183072,2252496,4855.632,1618.544,0,587.472,0,40.963,1091,1595,0.440,1.060,1,0,0,0,0,0,18,289,0,21,0
15-06 14:54:44,2.500,0.250,95.747,0.250,0,5243100,256012,183072,2252500,4679.846,1619.947,0,415.986,0,40.999,1403,2101,0.440,1.060,1,0,0,1.000,0,0,18,289,0,21,0
15-06 14:54:45,1.250,1.000,96.730,0.250,0,5243100,256012,183072,2252500,4637.049,1457.701,0,107.978,0,16.997,1129,1646,0.440,1.060,1,1,0,0,0,0,18,289,0,21,0
15-06 14:54:46,0.750,0.500,97.259,0,0,5243100,256012,183072,2252500,4817.464,1620.156,0,0,0,0,915,1342,0.410,1.040,0.990,0,0,0,0,0,18,289,0,21,0
15-06 14:54:47,5.266,2.758,90.779,0,0,5281140,217964,183072,2254716,4110.625,1462.492,0,662.033,0,51.157,1977,3576,0.410,1.040,0.990,1,0,34.105,0,0,18,289,0,21,0
15-06 14:54:48,3.988,2.243,91.966,0.498,0,5242972,256124,183072,2252516,3491.211,1238.174,0,231.285,0,26.917,1884,8945,0.410,1.040,0.990,0,0,1.994,0,0,18,289,0,22,0
15-06 14:54:49,1.000,0.750,97.260,0,0.250,5243196,255900,183072,2252516,3650.371,1350.137,0,104.011,0,7.001,943,1328,0.410,1.040,0.990,0,0,0,0,0,18,289,0,21,0
15-06 14:54:50,1.500,0.250,96.773,0,0,5243448,255648,183072,2252516,4006.944,1566.369,0,320.075,0,20.005,948,1355,0.410,1.040,0.990,0,0,0,0,0,18,289,0,21,0
15-06 14:54:51,1.000,0.500,97.481,0.250,0,5243444,255648,183072,2252520,4488.131,1651.680,0,31.994,0,3.999,812,1223,0.370,1.030,0.990,0,0,0,0,0,18,289,0,21,0
15-06 14:54:52,1.000,0.500,97.483,0,0,5243444,255648,183072,2252520,4485.236,1565.733,0,0,0,0,872,1229,0.370,1.030,0.990,0,0,0,0,0,18,289,0,21,0
15-06 14:54:53,2.250,0.500,95.505,0,0,5243432,255648,183072,2252532,10618.566,2889.154,0,652.035,0,146.008,1219,1495,0.370,1.030,0.990,0,0,0,0,0,18,289,0,21,0
15-06 14:54:54,2.000,1.000,96.020,0,0,5244156,254924,183072,2252532,4546.949,1566.327,0,400.084,0,41.009,1522,2242,0.370,1.030,0.990,1,0,1.000,0,0,18,289,0,21,0
15-06 14:54:55,2.000,1.250,95.235,0.250,0,5244904,254172,183072,2252536,5263.149,1643.734,0,123.980,0,15.997,1299,1735,0.370,1.030,0.990,1,0,3.000,0,0,18,289,0,21,0
15-06 14:54:56,1.000,1.000,96.765,0,0,5244904,254172,183072,2252536,5049.780,1632.252,0,260.040,0,51.008,1015,1357,0.340,1.010,0.980,0,0,3.000,0,0,18,289,0,21,0
15-06 14:54:57,2.000,1.000,95.518,0.250,0,5244896,254176,183072,2252540,5913.124,1512.288,0,436.083,0,43.008,1356,1955,0.340,1.010,0.980,0,0,2.000,0,0,18,289,0,21,0
15-06 14:54:58,1.250,1.000,96.755,0,0,5243700,255336,183072,2252576,5940.336,1662.094,0,84.005,0,10.001,1051,1401,0.340,1.010,0.980,0,0,0,0,0,18,289,0,17,0
15-06 14:54:59,1.250,0,97.462,0,0,5243256,255780,183072,2252576,6417.526,1619.376,0,83.968,0,1.999,934,1304,0.340,1.010,0.980,0,0,0,0,0,18,289,0,17,0
15-06 14:55:00,1.750,1.750,95.747,0,0,5244768,254268,183072,2252576,5025.847,1565.952,0,43.999,0,3.000,1239,1474,0.340,1.010,0.980,0,0,17.999,0,0,18,289,0,17,0
15-06 14:55:01,1.000,0.750,97.252,0,0,5244764,254268,183072,2252580,5297.126,1620.038,0,28.001,0,3.000,929,1295,0.320,0.990,0.980,0,0,0,0,0,18,289,0,17,0
15-06 14:55:02,2.000,1.000,95.521,0.250,0,5244760,254268,183072,2252584,4532.973,1512.325,4.001,300.064,1.000,23.005,1394,1794,0.320,0.990,0.980,0,0,3.001,0,0,18,289,0,17,0
15-06 14:55:03,1.499,0.749,95.923,0,0,5244752,254268,183076,2252588,5321.753,1564.751,0,155.876,0,14.988,1223,1742,0.320,0.990,0.980,0,0,0,0,0,18,289,0,17,0
15-06 14:55:04,2.251,1.000,95.296,0.250,0,5244748,254268,183076,2252592,5374.572,1512.724,0,280.134,0,33.016,1457,2196,0.320,0.990,0.980,0,0,1.000,0,0,18,289,0,17,0
15-06 14:55:05,3.753,4.254,91.327,0.250,0,5245696,253260,183092,2252636,5150.327,1567.317,44.037,260.219,6.005,21.018,1963,2199,0.320,0.990,0.980,1,0,56.047,0,0,18,289,0,17,0
15-06 14:55:06,6.496,14.740,75.949,0,0,5255144,243704,183096,2252740,4533.936,581.607,107.927,107.927,6.995,4.997,4474,3854,0.290,0.980,0.970,0,0,275.814,0,0,18,289,0,17,0
15-06 14:55:07,1.750,0.750,95.746,0.250,0,5248948,249900,183096,2252740,5117.791,1457.940,0,559.977,0,43.998,1330,2012,0.290,0.980,0.970,0,0,0,0,0,18,289,0,17,0
15-06 14:55:08,0.750,0.750,97.013,0,0,5248948,249900,183096,2252740,5286.727,1686.232,0,860.118,0,178.024,908,1337,0.290,0.980,0.970,1,0,0,0,0,18,289,0,17,0
15-06 14:55:09,1.001,0.501,97.611,0,0,5249200,249648,183096,2252740,4467.065,1553.762,0,0,0,0,973,1331,0.290,0.980,0.970,0,0,0,0,0,18,289,0,17,0
15-06 14:55:10,1.249,0.500,97.407,0,0,5249200,249648,183096,2252740,4987.252,1750.334,0,3.996,0,0.999,940,1318,0.290,0.980,0.970,0,0,0,0,0,18,289,0,17,0
15-06 14:55:11,1.000,0.500,97.249,0,0,5249196,249648,183096,2252744,4240.969,1523.989,0,4.000,0,1.000,844,1229,0.270,0.960,0.970,1,0,0,0,0,18,289,0,17,0
15-06 14:55:12,1.000,1.000,96.997,0.250,0,5249196,249648,183096,2252744,3917.872,1457.952,0,59.998,0,6.000,929,1291,0.270,0.960,0.970,1,0,0,0,0,18,289,0,17,0
15-06 14:55:13,1.250,0.500,96.730,0,0,5249188,249648,183096,2252752,4739.038,1619.671,0,63.987,0,5.999,956,1328,0.270,0.960,0.970,0,0,0,0,0,18,289,0,17,0
15-06 14:55:14,3.011,1.004,94.850,0.502,0,5249672,249160,183096,2252756,5118.879,1625.997,0,413.525,0,41.152,1575,2240,0.270,0.960,0.970,0,0,2.007,0,0,18,289,0,17,0
15-06 14:55:15,3.985,1.743,93.150,0,0,5250644,248164,183096,2252780,5439.557,1613.935,0,151.431,0,21.918,1677,2223,0.270,0.960,0.970,0,0,2.989,0,0,18,289,0,17,0
15-06 14:55:16,4.001,1.000,93.534,0,0,5250640,248164,183096,2252784,5238.917,1620.593,0,100.037,0,9.003,1529,1987,0.250,0.940,0.960,0,0,2.001,0,0,18,289,0,17,0
15-06 14:55:17,2.000,1.000,95.249,0.250,0,5250628,248164,183096,2252796,4757.963,1457.989,0,479.996,0,70.999,1545,2377,0.250,0.940,0.960,0,0,0,0,0,18,289,0,17,0
15-06 14:55:18,1.500,0.500,96.756,0,0,5250628,248164,183096,2252796,5100.293,1620.093,0,204.012,0,23.001,1181,1797,0.250,0.940,0.960,0,0,0,0,0,18,289,0,15,0
15-06 14:55:19,1.250,0.500,97.515,0.250,0,5250620,248164,183096,2252804,5280.801,1620.246,0,108.016,0,8.001,904,1336,0.250,0.940,0.960,0,0,0,0,0,18,289,0,15,0
15-06 14:55:20,5.252,3.751,89.532,0,0,5272796,225988,183096,2252804,4921.785,1620.588,0,416.151,0,25.009,1714,1780,0.250,0.940,0.960,3,0,37.013,0,0,18,289,0,15,0
15-06 14:55:21,19.743,2.499,76.225,0,0,5284820,213668,183096,2253108,13696.461,9559.832,3.999,3.999,1.000,1.000,2555,2786,0.310,0.940,0.960,1,0,0,0,0,18,293,0,15,0
15-06 14:55:22,6.759,8.511,83.356,0,0,5267876,230600,183096,2253120,7540.602,4386.586,0,80.102,0,7.009,3187,2932,0.310,0.940,0.960,1,0,124.158,0,0,18,293,0,16,0
15-06 14:55:23,8.005,19.763,69.794,0.250,0,5272816,225640,183096,2253140,4935.131,1885.196,0,1709.084,0,301.191,5675,4275,0.310,0.940,0.960,1,0,316.201,0,0,18,291,0,16,2
15-06 14:55:24,20.160,9.955,67.696,0.249,0,5316548,181784,183100,2253260,16270.034,2658.079,95.571,768.553,4.978,44.799,3756,3727,0.310,0.940,0.960,2,0,148.335,0,0,18,291,0,17,2
15-06 14:55:25,23.802,4.760,70.153,0.251,0,5366396,131888,183100,2253308,10146.175,2883.301,20.044,164.359,2.004,12.026,2431,2054,0.310,0.940,0.960,1,0,2.004,0,0,18,291,0,17,2
15-06 14:55:26,22.764,4.002,71.293,0.750,0,5368300,142600,183312,2241068,4697.845,1500.909,488.296,392.238,62.038,6.004,2381,2039,0.360,0.950,0.960,1,0,0,0,0,18,291,0,17,2
15-06 14:55:27,22.733,5.746,70.698,0,0,5372380,157352,183192,2224016,4334.794,1456.922,3.997,923.317,0.999,45.966,2467,2209,0.360,0.950,0.960,2,0,2.998,0,0,18,291,0,17,2
15-06 14:55:28,25.249,5.000,66.996,0.750,0,5373584,155868,183192,2224296,4559.759,1619.914,0,2003.894,0,173.991,7240,10226,0.360,0.950,0.960,3,0,0,0,0,18,293,0,18,2
15-06 14:55:29,27.350,3.011,65.238,2.258,0,5385712,142792,183192,2225244,4536.576,1463.347,979.579,3508.821,63.231,315.152,4804,6448,0.360,0.950,0.960,2,0,1.004,0,0,18,300,0,21,2
15-06 14:55:30,6.231,1.745,90.968,0.249,0,5391480,136744,183192,2225528,5481.021,2400.564,0,259.197,0,39.876,2129,3048,0.360,0.950,0.960,0,0,0,0,0,18,298,0,7,2
15-06 14:55:31,14.737,2.248,79.931,0.749,0,5396000,131956,183192,2225796,7034.957,2806.589,191.835,1246.929,10.991,184.841,4025,5709,0.330,0.930,0.960,1,0,0,0,0,18,298,0,9,2
15-06 14:55:32,8.509,1.502,88.339,0.751,0,5396728,130948,183192,2226076,11529.633,3301.331,64.065,1129.139,4.004,132.133,2920,4174,0.330,0.930,0.960,1,0,0,0,0,18,298,0,9,2
15-06 14:55:33,9.270,2.255,86.185,0.752,0,5397404,130220,183192,2226128,5060.841,1623.478,16.034,970.078,1.002,103.221,3204,4649,0.330,0.930,0.960,2,0,0,0,0,18,301,0,9,2
15-06 14:55:34,26.039,4.757,65.099,1.252,0,5398712,128460,183192,2226576,5167.836,1622.460,0,3377.121,0,314.477,7735,11556,0.330,0.930,0.960,1,1,2.003,0,0,18,301,0,11,2
15-06 14:55:35,25.924,4.985,66.805,1.745,0,5401452,125436,183196,2226856,5037.276,2489.723,15.953,3804.879,0.997,347.983,7228,10300,0.330,0.930,0.960,1,2,0,0,0,18,302,0,13,2
15-06 14:55:36,6.246,1.499,88.938,0.999,0,5401380,125436,183196,2226928,5900.872,1684.821,0,5304.290,0,342.760,2683,4081,0.310,0.910,0.950,1,1,0,0,0,18,304,0,13,2
15-06 14:55:37,6.499,1.250,90.233,1.000,0,5401584,125184,183196,2226976,11155.844,3297.363,0,1459.718,0,141.973,2653,3976,0.310,0.910,0.950,0,0,0,0,0,18,302,0,14,2
15-06 14:55:38,22.495,4.999,68.236,1.250,0,5402220,124428,183196,2227096,6238.740,1619.673,0,2923.410,0,317.936,7168,10667,0.310,0.910,0.950,4,0,0,0,0,18,303,0,14,2
15-06 14:55:39,24.049,5.511,67.888,1.253,0,5402548,123744,183196,2227452,5789.740,1460.962,0,8425.083,0,924.875,7694,9800,0.310,0.910,0.950,2,1,0,0,0,18,303,0,14,2
15-06 14:55:40,8.491,1.998,86.654,1.249,0,5403176,122988,183196,2227588,7469.687,2397.332,0,1754.048,0,212.763,3317,4973,0.310,0.910,0.950,1,1,0,0,0,18,300,0,16,2
15-06 14:55:41,12.019,3.255,82.129,1.502,0,5403096,122988,183196,2227668,6833.740,2632.137,0,2820.433,0,259.408,3875,5548,0.280,0.900,0.950,1,0,0,0,0,18,300,0,17,2
15-06 14:55:42,13.249,2.750,81.742,0.750,0,5403696,122232,183196,2227824,5257.487,2399.766,0,1531.851,0,157.985,3490,4759,0.280,0.900,0.950,2,0,0,0,0,18,300,0,18,2
15-06 14:55:43,8.473,1.246,86.474,0.997,0,5404992,120720,183196,2228040,4982.108,1453.364,147.529,5067.835,7.975,286.087,2802,3823,0.280,0.900,0.950,2,0,0,0,0,18,301,0,19,2
15-06 14:55:44,15.504,2.501,80.022,1.000,0,5405500,119968,183196,2228284,11531.144,3298.899,0,884.241,0,120.033,3943,5038,0.280,0.900,0.950,0,0,1.000,0,0,18,300,0,20,2
15-06 14:55:45,7.501,1.500,87.511,0.250,0,5405480,119968,183196,2228304,11699.493,3298.421,0,792.101,0,111.014,2784,3974,0.280,0.900,0.950,0,0,0,0,0,18,300,0,20,2
15-06 14:55:46,10.501,1.500,86.761,1.000,0,5405424,119968,183196,2228360,8217.021,2686.334,0,636.079,0,91.011,2422,3367,0.260,0.880,0.940,2,0,0,0,0,18,300,0,20,2
15-06 14:55:47,8.030,1.757,87.828,0.753,0.251,5405400,119968,183196,2228384,8047.047,2119.916,0,1943.256,0,134.502,3267,4886,0.260,0.880,0.940,4,0,0,0,0,18,301,0,20,2
15-06 14:55:48,29.025,11.510,55.797,1.001,0,5404216,311736,163948,2075028,3819.225,1297.095,456.385,3695.120,29.025,437.369,8952,19222,0.260,0.880,0.940,0,1,36.030,0,0,18,301,0,21,2
15-06 14:55:49,24.641,4.480,67.451,1.493,0,5405216,309976,164140,2075596,4300.921,1612.845,99.558,3169.938,4.978,272.790,7447,10765,0.260,0.880,0.940,1,1,0,0,0,18,301,0,23,2
15-06 14:55:50,25.329,4.765,65.706,1.505,0.251,5405252,309732,164336,2075608,4634.504,1625.086,0,3611.302,0,341.067,7684,11282,0.260,0.880,0.940,2,1,0,0,0,18,301,0,23,2
15-06 14:55:51,16.698,3.738,76.510,0.997,0,5405728,308572,164552,2076076,4682.300,1796.360,3.987,4777.002,0.997,322.986,5940,8906,0.320,0.890,0.940,0,0,0.997,0,0,18,302,0,24,2
15-06 14:55:52,2.999,1.249,94.459,0,0,5405924,308348,164560,2076096,4617.986,1619.294,0,179.922,0,9.996,1476,1855,0.320,0.890,0.940,0,0,0,0,0,18,302,0,24,2
15-06 14:55:53,5.499,0.750,92.231,0.250,0,5406104,308096,164572,2076156,10240.942,2834.430,0,291.941,0,15.997,1621,1904,0.320,0.890,0.940,1,0,1.000,0,0,18,302,0,24,2
15-06 14:55:54,18.822,3.513,75.036,1.255,0,5406416,307392,164788,2076332,5360.421,1626.195,148.566,7315.871,10.038,889.388,5308,7165,0.320,0.890,0.940,1,0,1.004,0,0,18,302,0,25,2
15-06 14:55:55,25.425,4.985,65.059,1.994,0,5406288,306888,165136,2076616,4863.684,1453.721,0,3058.996,0,368.914,7110,10630,0.320,0.890,0.940,4,0,0,0,0,18,302,0,25,2
15-06 14:55:56,23.291,5.259,67.369,1.002,0,5409456,303364,165296,2076892,5673.009,1688.980,192.339,2336.122,10.018,198.350,7146,10119,0.450,0.900,0.950,1,0,6.011,0,0,18,303,0,25,2
15-06 14:55:57,12.231,2.995,81.373,1.248,0,5410820,301096,165408,2077684,4930.312,1455.730,527.178,1282.001,30.952,146.771,3824,5598,0.450,0.900,0.950,0,1,1.997,0,0,18,301,0,25,2
15-06 14:55:58,14.985,3.746,78.419,1.498,0,5412048,299332,165612,2078016,7632.145,2583.341,283.708,7344.441,18.980,283.708,3956,5865,0.450,0.900,0.950,0,1,0,0,0,18,301,0,28,2
15-06 14:55:59,5.247,1.249,91.191,0.250,0,5412684,298576,165640,2078108,4694.944,1457.052,63.958,1538.998,3.997,105.931,1831,2619,0.450,0.900,0.950,2,0,0,0,0,18,302,0,30,2
15-06 14:56:00,6.014,4.010,88.212,0.752,0,5419172,291788,165708,2078340,7378.755,2495.004,128.309,1194.875,7.017,138.333,2519,3599,0.450,0.900,0.950,0,0,0,0,0,18,301,0,30,2
15-06 14:56:01,10.510,2.002,85.078,0.751,0,5419452,291284,165732,2078540,4729.319,1459.333,32.029,1012.925,2.002,105.096,3022,4109,0.420,0.890,0.940,2,1,0,0,0,18,302,0,30,2
15-06 14:56:02,25.756,3.751,66.517,2.251,0,5425392,284732,165980,2078904,11328.824,4016.001,112.028,6545.632,7.002,501.125,5758,8000,0.420,0.890,0.940,0,0,0,0,0,18,301,0,37,2
15-06 14:56:03,8.764,1.753,87.644,0.250,0,5429916,280196,166024,2078872,7762.743,1990.267,0,725.190,0,65.107,2511,3340,0.420,0.890,0.940,1,0,0,0,0,18,301,0,38,2
15-06 14:56:04,3.483,1.244,92.807,0.498,0,5429636,280196,166084,2079092,5493.752,1612.297,95.544,1138.560,2.986,121.420,2393,3667,0.420,0.890,0.940,2,0,0.995,0,0,18,302,0,38,2
15-06 14:56:05,12.024,2.255,83.169,1.253,0,5430244,279440,166184,2079140,12725.904,3467.057,0,2733.564,0,205.418,3610,4996,0.420,0.890,0.940,0,0,0,0,0,18,301,0,41,2
15-06 14:56:06,11.481,1.997,83.610,0.998,0,5430856,278432,166272,2079448,5196.283,1455.558,47.920,1405.642,2.995,148.750,3488,4859,0.380,0.870,0.940,0,2,0,0,0,18,301,0,42,2
15-06 14:56:07,15.818,3.264,79.088,1.004,0,5431700,277424,166416,2079468,5374.965,2529.809,64.275,1823.792,3.013,216.927,4020,5449,0.380,0.870,0.940,0,0,0,0,0,18,301,0,45,2
15-06 14:56:08,2.493,0.499,95.245,0.499,0,5431500,277424,166464,2079620,5812.415,1681.491,0,686.160,0,63.829,1510,2308,0.380,0.870,0.940,1,1,0,0,0,18,302,0,45,2
15-06 14:56:09,15.995,2.749,78.974,0.750,0,5433264,275408,166532,2079804,5782.098,2679.119,7.997,1539.494,1.000,171.943,3784,5183,0.380,0.870,0.940,0,1,0,0,0,18,301,0,50,2
15-06 14:56:10,6.995,1.749,88.191,1.999,0,5433296,275184,166672,2079856,4676.887,1618.922,0,10780.824,0,1015.324,2971,4339,0.380,0.870,0.940,0,1,0,0,0,18,301,0,52,2
15-06 14:56:11,5.497,0.999,91.696,0,0,5433780,274680,166712,2079836,5119.977,1685.005,0,563.667,0,52.969,1858,2581,0.350,0.860,0.930,0,0,0,0,0,18,301,0,52,2
15-06 14:56:12,4.986,1.247,91.496,0.499,0,5433676,274680,166744,2079908,4625.141,1453.958,0,570.414,0,57.839,1963,2689,0.350,0.860,0.930,0,0,0,0,0,18,301,0,52,2
15-06 14:56:13,5.788,1.258,92.349,0.252,0,5433900,274428,166776,2079904,4891.739,1630.580,0,523.396,0,58.379,1860,2567,0.350,0.860,0.930,0,0,0,0,0,18,301,0,52,2
15-06 14:56:14,3.985,1.245,91.651,0.249,0.249,5434072,274188,166796,2079952,4979.058,1452.474,0,510.060,0,50.807,1980,2811,0.350,0.860,0.930,1,0,1.992,0,0,18,302,0,52,2
15-06 14:56:15,13.782,2.506,81.189,1.253,0,5437812,270156,166888,2080152,8245.162,3403.911,0,1323.075,0,172.401,3777,5235,0.350,0.860,0.930,0,1,3.007,0,0,18,301,0,54,2
15-06 14:56:16,14.967,2.744,79.075,1.247,0,5438360,269400,166984,2080264,7727.936,2378.748,3.991,1612.440,0.998,204.548,4039,5813,0.320,0.840,0.930,1,0,1.996,0,0,18,301,0,57,2
15-06 14:56:17,10.765,1.752,85.365,0.751,0,5438340,269400,167028,2080240,4884.580,1459.967,32.043,837.128,1.001,86.116,2812,3835,0.320,0.840,0.930,2,1,0,0,0,18,302,0,60,2
15-06 14:56:18,9.495,1.499,85.451,0.999,0,5438024,269400,167184,2080400,12914.594,3758.844,0,1515.131,0,201.884,3295,4988,0.320,0.840,0.930,2,0,0,0,0,18,301,0,61,2
15-06 14:56:19,10.772,2.004,85.423,0.752,0,5437664,269400,167280,2080664,4647.407,1460.957,0,1643.326,0,170.345,3241,4547,0.320,0.840,0.930,3,0,0,0,0,18,301,0,61,2
15-06 14:56:20,13.460,2.742,79.516,1.496,0,5437896,268896,167432,2080784,6181.814,2577.418,15.953,1667.096,0.997,197.419,3717,5107,0.320,0.840,0.930,2,0,0,0,0,18,301,0,65,2
15-06 14:56:21,6.277,1.004,89.887,1.255,0,5437924,268644,167624,2080816,4855.897,1464.302,0,6897.684,0,416.794,2664,4315,0.300,0.830,0.920,3,0,0,0,0,18,302,0,66,2
15-06 14:56:22,4.481,0.996,92.361,0.498,0,5437764,268644,167720,2080880,6212.854,2317.248,0,868.346,0,99.581,2124,3097,0.300,0.830,0.920,0,1,0,0,0,18,301,0,66,2
15-06 14:56:23,9.501,1.250,87.257,0.500,0,5438236,267888,167808,2081076,5433.433,1921.153,0,1008.080,0,113.009,2855,4024,0.300,0.830,0.920,0,1,0,0,0,18,301,0,67,2
15-06 14:56:24,14.490,2.748,79.945,0.999,0,5438824,267132,167912,2081140,12040.687,3527.565,0,1275.120,0,163.887,3863,5144,0.300,0.830,0.920,0,1,0.999,0,0,18,301,0,68,2
15-06 14:56:25,11.022,2.004,84.918,1.002,0,5439024,266880,168020,2081084,11146.018,3002.932,52.103,1210.391,4.008,128.253,3707,5334,0.300,0.830,0.920,4,0,0,0,0,18,302,0,71,2
15-06 14:56:26,26.211,5.242,64.403,1.997,0,5438648,266376,168320,2081664,5448.792,1617.563,95.856,3303.024,3.994,428.355,7865,12345,0.350,0.830,0.920,2,1,0,0,0,18,302,0,71,2
15-06 14:56:27,24.807,5.011,66.903,1.503,0,5439104,265368,168460,2082076,5171.827,1623.713,96.220,4365.984,3.007,356.816,8026,12000,0.350,0.830,0.920,2,1,0,0,0,18,302,0,72,2
15-06 14:56:28,8.231,1.496,86.547,1.247,0,5439164,265116,168580,2082148,4549.352,1616.217,0,2059.180,0,185.566,3301,4891,0.350,0.830,0.920,1,1,0,0,0,18,301,0,71,2
15-06 14:56:29,15.248,3.250,77.989,2.000,0,5439644,264108,168820,2082436,5617.221,2428.663,47.993,7706.932,2.000,532.926,4672,7198,0.350,0.830,0.920,1,1,0,0,0,18,301,0,74,2
15-06 14:56:30,7.757,1.751,87.824,1.251,0,5439888,263856,168980,2082284,6156.197,2513.122,0,1793.514,0,185.156,2919,4151,0.350,0.830,0.920,0,1,0,0,0,18,301,0,75,2
15-06 14:56:31,3.995,1.748,92.625,0.499,0,5436288,267196,169016,2082508,5070.147,1456.032,0,6519.188,0,747.989,2324,2662,0.330,0.820,0.920,3,0,0,0,0,18,302,0,75,2
15-06 14:56:32,10.010,1.752,85.583,0.751,0,5436252,266944,169080,2082732,5840.698,2085.034,12.012,1785.742,1.001,161.157,3482,5365,0.330,0.820,0.920,0,1,1.001,0,0,18,301,0,71,2
15-06 14:56:33,11.997,1.750,83.481,0.750,0,5436576,266440,169176,2082816,11754.314,3339.237,0,1499.657,0,167.962,3521,4914,0.330,0.820,0.920,1,1,0,0,0,18,301,0,74,2
15-06 14:56:34,13.123,3.467,79.731,0.990,0,5437152,265684,169316,2082856,5112.679,1604.522,0,1838.267,0,197.099,5061,7486,0.330,0.820,0.920,4,1,0.990,0,0,18,302,0,74,2
15-06 14:56:35,27.280,5.052,63.654,2.526,0,5433508,268852,169508,2083140,4686.156,1473.138,4.042,3738.417,1.010,446.589,8317,12811,0.330,0.820,0.920,2,1,1.010,0,0,18,302,0,74,2
15-06 14:56:36,24.317,5.265,67.437,1.504,0,5435148,266948,169592,2083320,4138.478,812.253,0,6112.954,0,440.221,7649,11556,0.380,0.820,0.920,3,1,0,0,0,18,302,0,70,2
15-06 14:56:37,24.516,5.003,66.294,2.001,0,5434396,266948,169840,2083824,3752.510,810.542,0,3690.468,0,380.254,7528,11454,0.380,0.820,0.920,3,0,0,0,0,18,302,0,71,2
15-06 14:56:38,24.355,4.225,66.356,1.740,0,5435368,265688,170060,2083892,5147.403,1491.136,0,3264.595,0,346.938,7591,11308,0.380,0.820,0.920,3,1,0,0,0,18,302,0,72,2
15-06 14:56:39,25.082,4.766,66.719,2.007,0.251,5436340,264176,170276,2084216,5014.461,1462.802,0,7673.189,0,541.778,7513,11177,0.380,0.820,0.920,3,0,0,0,0,18,302,0,75,2
15-06 14:56:40,24.944,5.238,65.602,2.245,0,5436212,263924,170500,2084372,5567.458,1616.359,0,2602.138,0,364.180,7846,11996,0.380,0.820,0.920,2,0,0,0,0,18,302,0,73,2
15-06 14:56:41,23.953,4.990,66.868,0.998,0,5437396,262412,170644,2084556,4993.139,1682.677,0,2143.766,0,217.570,6859,9835,0.430,0.830,0.920,6,0,0,0,0,18,302,0,73,2
15-06 14:56:42,18.553,4.262,74.212,1.254,0,5437700,261656,170736,2084916,4573.076,1624.645,0,2037.827,0,216.619,5720,8432,0.430,0.830,0.920,0,1,0,0,0,18,301,0,74,2
15-06 14:56:43,5.999,1.000,90.730,0.500,0,5438144,261152,170816,2084896,4798.947,1619.645,0,1947.573,0,146.968,2497,3708,0.430,0.830,0.920,0,1,0,0,0,18,301,0,74,2
15-06 14:56:44,5.019,2.259,90.349,1.004,0,5438724,260396,170892,2084996,5420.945,1626.283,0,1192.608,0,126.489,2503,3637,0.430,0.830,0.920,2,2,1.004,0,0,18,302,0,71,2
15-06 14:56:45,10.715,1.993,84.470,1.246,0,5438996,259892,171060,2085060,6077.871,2409.022,0,6103.785,0,433.564,3730,6062,0.430,0.830,0.920,1,0,0,0,0,18,301,0,74,2
15-06 14:56:46,17.728,1.997,77.403,0.749,0,5440056,258632,171168,2085152,10867.396,3389.757,0,1514.105,0,173.782,4034,5329,0.390,0.810,0.910,0,1,0,0,0,18,301,0,78,2
15-06 14:56:47,8.246,2.499,87.707,0.750,0,5439008,259440,171244,2085316,10221.006,2995.536,0,7284.441,0,947.537,3243,4050,0.390,0.810,0.910,1,0,0,0,0,18,301,0,78,2
15-06 14:56:48,10.524,4.761,82.940,0.501,0,5457604,240692,171268,2085448,5587.782,1527.494,80.183,641.467,3.007,42.096,3536,8223,0.390,0.810,0.910,2,0,36.083,0,0,18,302,0,78,2
15-06 14:56:49,7.244,1.249,88.425,0.749,0,5456232,241724,171384,2085672,4016.591,1618.626,0,1330.871,0,153.869,2718,4008,0.390,0.810,0.910,1,0,0,0,0,18,301,0,78,2
15-06 14:56:50,14.230,2.746,81.138,0.999,0,5456256,241500,171500,2085756,5310.691,2413.678,0,1430.032,0,176.757,3596,5005,0.390,0.810,0.910,2,0,0,0,0,18,301,0,81,2
15-06 14:56:51,14.018,2.753,81.352,0.501,0,5455876,241772,171620,2085744,5015.273,2516.147,0,1481.853,0,148.185,3365,4657,0.360,0.800,0.910,0,1,0,0,0,18,301,0,85,2
15-06 14:56:52,3.245,0.998,93.102,0.499,0,5455580,241772,171684,2085976,5657.006,1521.581,0,1297.936,0,110.824,1869,2762,0.360,0.800,0.910,3,0,0,0,0,18,302,0,81,2
15-06 14:56:53,7.010,1.502,90.380,0.501,0,5455756,241532,171716,2086008,9994.383,2514.619,0,929.337,0,81.117,2082,2874,0.360,0.800,0.910,0,1,0,0,0,18,301,0,82,2
15-06 14:56:54,8.996,2.499,84.711,1.749,0,5455812,241284,171876,2086040,2962.627,323.850,0,6249.105,0,414.808,3316,5067,0.360,0.800,0.910,1,0,1.000,0,0,18,301,0,83,2
15-06 14:56:55,15.759,2.001,81.047,0.750,0,5455720,241284,171916,2086092,6684.842,2481.426,0,476.274,0,48.028,3016,3482,0.360,0.800,0.910,1,0,0,0,0,18,301,0,88,2
15-06 14:56:56,7.496,2.499,87.199,0.999,0,5456224,240532,172104,2086152,12308.796,2965.265,0,1179.310,0,159.906,2877,4104,0.730,0.870,0.930,1,0,5.996,0,0,18,302,0,87,2
15-06 14:56:57,25.062,5.514,65.161,2.005,0,5455920,240308,172388,2086396,5834.380,1666.107,16.040,3909.636,1.002,375.927,8094,12160,0.730,0.870,0.930,2,0,2.005,0,0,18,302,0,89,2
15-06 14:56:58,24.710,4.493,66.142,1.498,0,5452172,243488,172596,2086756,5588.900,1455.630,3.993,3154.863,0.998,326.468,7403,10657,0.730,0.870,0.930,1,0,0,0,0,18,302,0,89,2
15-06 14:56:59,20.499,4.500,71.997,1.000,0,5453228,242228,172672,2086884,6909.759,1619.944,0,2571.910,0,223.992,6613,9625,0.730,0.870,0.930,0,0,0,0,0,18,301,0,90,2
15-06 14:57:00,5.738,1.746,89.815,0.748,0,5450908,244460,172700,2086944,5508.631,1616.663,0,2371.106,0,188.611,2430,3608,0.730,0.870,0.930,3,0,0,0,0,18,300,0,91,2
15-06 14:57:01,8.517,1.754,88.427,0.251,0,5450652,244460,172764,2087136,6349.721,2587.183,0,1951.910,0,166.333,2743,3930,0.840,0.890,0.930,0,0,0,0,0,18,301,0,88,2
15-06 14:57:02,10.996,1.999,83.966,2.249,0,5448080,246900,172888,2087144,4917.993,1619.339,0,11731.213,0,1105.549,4127,6041,0.840,0.890,0.930,4,0,0,0,0,18,301,0,91,2
15-06 14:57:03,8.726,1.496,88.503,0,0,5447980,246900,172908,2087224,12691.637,3888.166,0,813.733,0,50.858,2246,2999,0.840,0.890,0.930,0,0,0,0,0,18,301,0,95,2
15-06 14:57:04,4.515,1.254,92.800,0.251,0,5448200,246648,172928,2087236,6711.689,1881.079,0,658.127,0,47.152,1789,2455,0.840,0.890,0.930,0,0,1.003,0,0,18,301,0,96,2
15-06 14:57:05,5.487,0.998,91.528,0.499,0,5448168,246648,172960,2087236,6852.375,2032.070,0,770.131,0,75.816,1895,2627,0.840,0.890,0.930,1,0,0,0,0,18,301,0,88,2
15-06 14:57:06,14.783,2.004,81.181,0.501,0,5448140,246396,173048,2087428,6550.618,2273.073,0,1178.630,0,141.315,3511,4649,0.770,0.870,0.930,0,0,0,0,0,18,301,0,92,2
15-06 14:57:07,6.503,1.000,90.793,0.500,0,5448296,246172,173080,2087464,10497.023,2585.237,0,624.299,0,53.025,2124,2751,0.770,0.870,0.930,4,0,0,0,0,18,302,0,94,2
15-06 14:57:08,5.994,0.999,91.154,0.250,0,5448000,246172,173108,2087732,9378.129,3286.541,243.743,603.365,4.995,50.946,1853,2437,0.770,0.870,0.930,0,0,0,0,0,18,301,0,96,2
15-06 14:57:09,7.254,1.501,88.550,0.500,0,5448468,245668,173196,2087680,11053.291,2956.683,0,1340.763,0,169.096,2694,3939,0.770,0.870,0.930,0,0,0,0,0,18,301,0,90,2
15-06 14:57:10,18.048,4.011,74.448,1.755,0,5448016,245668,173308,2088020,4000.665,1122.994,0,2193.848,0,252.674,6010,8667,0.770,0.870,0.930,1,0,0,0,0,18,302,0,90,2
15-06 14:57:11,25.899,5.728,64.747,1.992,0,5448680,244660,173508,2088164,4523.349,1518.076,0,3697.571,0,444.266,8047,12190,0.950,0.910,0.940,1,0,0,0,0,18,302,0,90,2
15-06 14:57:12,24.285,5.007,66.096,1.502,0,5450584,242396,173624,2088408,4492.518,1568.275,0,6918.038,0,496.721,8112,12257,0.950,0.910,0.940,1,1,0,0,0,18,301,0,91,2
15-06 14:57:13,1.751,1.001,95.829,0.250,0,5450688,242172,173636,2088516,4475.681,1513.245,0,1613.327,0,83.068,1401,2145,0.950,0.910,0.940,1,0,0,0,0,18,302,0,85,2
15-06 14:57:14,12.237,2.497,82.163,0.999,0,5450440,242172,173676,2088724,10842.564,2832.013,0,1518.399,0,162.828,3993,5390,0.950,0.910,0.940,1,0,0.999,0,0,18,301,0,86,2
15-06 14:57:15,17.831,3.014,76.095,1.507,0,5450584,241872,173728,2088828,5002.690,1627.381,0,2197.969,0,254.153,5693,8502,0.950,0.910,0.940,1,1,0,0,0,18,302,0,87,2
15-06 14:57:16,25.205,5.490,64.884,1.996,0,5450700,240892,173832,2089588,5347.481,1617.121,0,3561.660,0,435.225,8483,13032,0.950,0.910,0.940,1,0,0.998,0,0,18,302,0,87,2
15-06 14:57:17,25.220,5.743,64.674,1.748,0,5453764,237620,173908,2089720,4794.375,1618.102,0,3999.308,0,364.572,8049,12088,0.950,0.910,0.940,2,0,2.996,0,0,18,302,0,84,2
15-06 14:57:18,10.480,2.495,82.845,1.248,0,5453604,237432,173996,2089980,6128.566,2600.149,0,12428.811,0,1147.858,4291,6448,0.950,0.910,0.940,0,0,1.996,0,0,18,301,0,87,2
15-06 14:57:19,13.259,3.252,80.556,1.501,0,5453672,237180,174052,2090108,6384.453,2608.819,0,1837.281,0,211.147,4193,5979,0.950,0.910,0.940,0,0,0,0,0,18,301,0,88,2
15-06 14:57:20,14.486,2.997,80.674,1.249,0,5462552,228108,174136,2090216,5093.221,2483.670,0,2541.615,0,247.768,3772,5253,0.950,0.910,0.940,1,0,0,0,0,18,301,0,89,2
15-06 14:57:21,7.495,1.749,88.194,0.500,0,5462348,228108,174184,2090372,6380.956,1684.932,0,1231.220,0,139.911,2651,3819,0.870,0.890,0.940,0,1,0,0,0,18,302,0,81,2
15-06 14:57:22,6.004,1.251,90.563,0.500,0,5462264,228108,174212,2090428,5996.183,2500.745,0,1384.966,0,133.093,2562,3910,0.870,0.890,0.940,0,0,0,0,0,18,301,0,83,2
15-06 14:57:23,16.249,3.000,78.496,0.750,0,5464188,225840,174272,2090712,11920.463,3459.844,31.999,1143.949,2.000,115.995,4106,5145,0.870,0.890,0.940,1,0,0,0,0,18,301,0,87,2
15-06 14:57:24,9.501,2.000,85.509,1.000,0,5464364,225588,174332,2090728,10103.094,3232.350,0,1640.178,0,170.018,3438,4895,0.870,0.890,0.940,0,0,1.000,0,0,18,301,0,89,2
15-06 14:57:25,10.261,2.503,84.588,1.752,0,5464060,225588,174424,2090940,12991.578,3529.689,0,6230.512,0,413.432,3754,5397,0.870,0.890,0.940,2,0,0,0,0,18,301,0,85,2
15-06 14:57:26,7.755,1.751,87.553,0.500,0,5463980,225588,174456,2090988,10367.250,2836.710,32.019,928.560,2.001,99.060,2848,3997,0.800,0.880,0.930,5,0,0,0,0,18,302,0,85,2
15-06 14:57:27,7.737,1.248,88.102,1.248,0,5463820,225588,174524,2091080,9367.314,1998.653,0,1389.673,0,162.728,3076,4593,0.800,0.880,0.930,0,0,0,0,0,18,301,0,85,2
15-06 14:57:28,22.792,5.009,67.874,1.503,0,5463984,225084,174664,2091280,4003.324,1298.375,0,3678.730,0,319.585,7022,10498,0.800,0.880,0.930,3,0,0,0,0,18,302,0,85,2
15-06 14:57:29,25.959,4.742,66.145,1.997,0,5464628,224076,174816,2091492,4612.697,1617.439,0,3658.208,0,381.396,7950,12217,0.800,0.880,0.930,1,0,0,0,0,18,302,0,79,2
15-06 14:57:30,24.331,5.268,68.227,1.505,0,5465444,222816,174932,2091820,4593.288,1462.869,96.321,2444.135,5.017,256.855,7672,11074,0.800,0.880,0.930,1,0,0,0,0,18,302,0,81,2
15-06 14:57:31,24.504,5.251,65.510,2.000,0,5465280,222312,175092,2092328,4835.742,1458.224,0,7605.166,0,605.093,8650,13113,0.820,0.880,0.930,3,1,0,0,0,18,302,0,82,2
15-06 14:57:32,26.906,4.983,64.773,2.491,0.249,5465800,221556,175196,2092460,5084.197,1614.347,0,4392.618,0,460.388,8793,13901,0.820,0.880,0.930,1,0,0,0,0,18,302,0,82,2
15-06 14:57:33,24.555,5.512,65.898,1.253,0,5467644,219316,175284,2092768,4708.570,1503.375,28.063,9164.573,3.007,1168.623,7930,11492,0.820,0.880,0.930,1,0,0,0,0,18,301,0,80,2
15-06 14:57:34,4.995,1.998,90.409,0.999,0,5467472,219316,175336,2092888,6405.561,2456.531,0,2781.204,0,211.787,2704,4282,0.820,0.880,0.930,3,0,0.999,0,0,18,302,0,80,2
15-06 14:57:35,6.494,1.748,88.913,1.249,0,5467176,219316,175456,2093064,6380.787,2447.617,0,6673.502,0,433.578,3334,5207,0.820,0.880,0.930,1,0,0,0,0,18,301,0,81,2
15-06 14:57:36,9.250,1.250,86.004,1.000,0,5467924,218308,175500,2093280,6342.303,2504.120,0,1320.063,0,153.007,3320,4865,0.750,0.870,0.930,0,0,0,0,0,18,301,0,82,2
15-06 14:57:37,7.253,1.751,89.288,0.750,0.250,5468396,217804,175528,2093284,5717.451,2125.911,0,1192.511,0,118.051,2693,3889,0.750,0.870,0.930,1,0,0,0,0,18,301,0,82,2
15-06 14:57:38,7.497,1.999,88.713,0.750,0,5468536,217552,175560,2093364,7227.957,2501.947,0,1223.485,0,136.942,2772,3951,0.750,0.870,0.930,0,0,0,0,0,18,301,0,82,2
15-06 14:57:39,5.766,1.254,92.258,0.251,0,5468488,217552,175564,2093408,6814.031,2088.834,0,726.028,0,43.120,1856,2400,0.750,0.870,0.930,1,0,0,0,0,18,301,0,83,2
15-06 14:57:40,3.754,1.001,93.109,0.501,0,5468672,217300,175592,2093448,5424.356,1459.711,0,1209.417,0,105.123,1859,2822,0.750,0.870,0.930,1,0,0,0,0,18,302,0,84,2
15-06 14:57:41,5.480,1.494,90.414,0.996,0,5468712,217048,175612,2093640,6452.057,2560.498,0,1179.623,0,129.519,2513,3668,0.930,0.900,0.940,0,0,0,0,0,18,301,0,81,2
15-06 14:57:42,7.249,2.000,88.735,0.500,0.250,5468896,216796,175644,2093676,5612.064,1920.680,0,1107.815,0,109.982,2637,3571,0.930,0.900,0.940,0,0,0,0,0,18,301,0,81,2
15-06 14:57:43,8.995,2.249,86.206,0.999,0,5468740,216796,175716,2093760,6267.796,2502.721,3.998,1407.281,0.999,162.917,3087,4421,0.930,0.900,0.940,0,0,0,0,0,18,301,0,83,2
15-06 14:57:44,7.252,1.500,88.272,1.000,0,5468924,216544,175768,2093776,5794.449,1921.480,0,1352.338,0,142.036,2940,4347,0.930,0.900,0.940,0,0,1.000,0,0,18,301,0,83,2
15-06 14:57:45,9.988,2.747,83.647,1.498,0,5469128,216040,175852,2094012,4997.869,1852.727,0,6172.429,0,394.516,3625,5404,0.930,0.900,0.940,0,0,0.999,0,0,18,301,0,83,2
15-06 14:57:46,3.753,1.251,93.567,0.751,0,5469052,216040,175876,2094060,5850.190,1687.208,0,828.593,0,94.067,1973,3032,0.860,0.890,0.930,1,0,0,0,0,18,302,0,78,2
15-06 14:57:47,8.742,1.998,86.675,0.999,0,5469196,215788,175932,2094112,11508.985,3295.133,0,1210.946,0,137.880,3245,4660,0.860,0.890,0.930,0,0,0,0,0,18,301,0,79,2
15-06 14:57:48,27.105,7.027,62.744,1.255,0,5472392,212296,176012,2094152,3979.461,1409.476,0,2248.737,0,285.108,8043,14852,0.860,0.890,0.930,4,0,37.144,0,0,18,302,0,81,2
15-06 14:57:49,24.274,4.755,67.316,1.251,0,5472096,212296,176112,2094524,3177.121,1135.115,0,2778.730,0,308.303,7513,11010,0.860,0.890,0.930,1,0,0,0,0,18,302,0,81,2
15-06 14:57:50,22.395,6.967,67.683,1.991,0,5464328,212336,176180,2102184,3853.955,1644.301,59.720,7739.760,5.972,985.386,6929,9397,0.860,0.890,0.930,0,0,1.991,0,0,18,301,0,77,2
15-06 14:57:51,7.541,1.508,88.984,0.754,0,5464432,212084,176220,2102292,4529.644,1574.567,0,2312.582,0,201.094,2446,3431,0.790,0.870,0.930,1,0,0,0,0,18,301,0,77,2
15-06 14:57:52,10.204,2.489,83.376,1.244,0.249,5465248,211104,176280,2102396,4479.905,1612.766,0,2174.247,0,240.919,3642,5517,0.790,0.870,0.930,0,0,0,0,0,18,301,0,78,2
15-06 14:57:53,18.508,4.252,73.281,2.501,0,5465148,210852,176376,2102652,10710.485,2998.255,0,7291.053,0,507.212,6233,9003,0.790,0.870,0.930,2,0,0,0,0,18,303,0,81,2
15-06 14:57:54,24.752,4.500,64.254,2.750,0,5465404,210100,176556,2102968,4440.283,1620.103,32.002,5164.329,1.000,470.030,8651,13144,0.790,0.870,0.930,1,0,1.000,0,0,18,302,0,72,2
15-06 14:57:55,23.971,4.994,66.920,0.999,0,5467468,207832,176604,2103124,4974.067,1618.070,0,3292.073,0,262.687,7408,10755,0.790,0.870,0.930,2,0,0,0,0,18,302,0,74,2
15-06 14:57:56,25.277,6.006,65.319,2.002,0,5468460,206476,176728,2103412,5488.837,1687.795,0,3319.530,0,408.434,7948,12167,1.050,0.920,0.940,0,1,6.006,0,0,18,302,0,74,2
15-06 14:57:57,24.743,4.749,64.481,1.749,0,5469276,205216,176876,2103708,6270.168,1553.546,0,7109.923,0,504.853,8182,12278,1.050,0.920,0.940,0,0,1.999,0,0,18,302,0,76,2
15-06 14:57:58,11.754,3.251,82.529,0.250,0,5469920,204208,176892,2104056,6168.175,1566.552,4.001,1272.449,1.000,86.030,3731,5076,1.050,0.920,0.940,0,0,0,0,0,18,302,0,69,2
15-06 14:57:59,14.747,2.999,79.232,1.000,0,5469768,204208,176956,2104144,4890.880,1511.654,0,1451.667,0,166.962,4854,7054,1.050,0.920,0.940,7,0,0,0,0,18,302,0,69,2
15-06 14:58:00,25.011,4.752,66.279,2.251,0,5470136,203704,177068,2104168,5088.237,1566.689,0,2889.270,0,341.150,7674,11172,1.050,0.920,0.940,2,0,0,0,0,18,302,0,69,2
15-06 14:58:01,23.848,5.021,68.028,0.753,0,5470584,202696,177120,2104676,4465.272,1355.547,0,2120.678,0,211.867,7320,10575,1.040,0.930,0.940,1,0,0,0,0,18,302,0,69,2
15-06 14:58:02,23.962,4.992,66.645,1.997,0,5470892,202192,177204,2104788,4141.444,1186.122,0,2875.448,0,353.441,8136,12197,1.040,0.930,0.940,0,1,0,0,0,18,302,0,63,2
15-06 14:58:03,25.414,5.482,64.034,2.741,0,5471032,201688,177312,2105044,5064.948,1506.927,0,9085.413,0,740.507,8606,13534,1.040,0.930,0.940,5,0,0,0,0,18,302,0,63,2
15-06 14:58:04,24.012,5.253,67.284,1.001,0,5471704,200684,177356,2105332,5278.640,1608.805,0,10573.288,0,220.110,7268,10361,1.040,0.930,0.940,1,0,1.001,0,0,18,302,0,64,2
15-06 14:58:05,24.570,4.513,67.693,1.504,0,5472652,199424,177400,2105600,5146.659,1516.319,32.091,2378.775,1.003,240.686,6947,9512,1.040,0.930,0.940,2,0,0,0,0,18,302,0,64,2
15-06 14:58:06,9.468,1.993,85.963,0.498,0,5473220,198668,177452,2105736,6301.965,2508.626,0,2419.923,0,195.348,3134,4702,1.120,0.940,0.950,0,0,0.997,0,0,18,301,0,57,2
15-06 14:58:07,12.003,2.001,83.273,1.500,0,5474348,197408,177496,2105824,11068.045,2704.744,32.009,1996.549,2.001,200.055,3548,5047,1.120,0.940,0.950,0,0,1.000,0,0,18,303,0,57,2
15-06 14:58:08,12.493,3.248,81.702,0.999,0,5474464,197156,177544,2105912,4931.124,2084.784,0,1926.876,0,202.882,3711,5320,1.120,0.940,0.950,1,0,0,0,0,18,303,0,59,2
15-06 14:58:09,11.769,1.753,82.384,1.753,0,5474524,196904,177592,2106056,4266.927,1622.634,16.026,6009.757,1.002,438.712,4091,6042,1.120,0.940,0.950,1,0,0,0,0,18,304,0,59,2
15-06 14:58:10,12.222,2.245,82.310,1.746,0,5474592,196652,177640,2106192,5711.801,2518.181,0,2450.338,0,271.373,3947,5761,1.120,0.940,0.950,0,0,0,0,0,18,303,0,52,2
15-06 14:58:11,6.264,1.253,90.447,0.251,0,5474684,196400,177648,2106344,10746.397,2721.926,0,1030.243,0,70.153,2271,3123,1.030,0.930,0.940,1,0,0,0,0,18,304,0,52,2
15-06 14:58:12,24.062,5.264,66.671,2.256,0,5474884,195896,177732,2106564,4122.576,1515.889,0,3051.829,0,425.091,8417,13087,1.030,0.930,0.940,1,0,0,0,0,18,304,0,53,2
15-06 14:58:13,25.169,4.984,64.792,2.492,0,5475004,195392,177820,2106860,4784.636,1614.815,0,4481.609,0,521.326,8815,13728,1.030,0.930,0.940,1,0,0,0,0,18,304,0,54,2
15-06 14:58:14,24.749,4.750,67.247,1.250,0,5475972,194132,177860,2107112,4499.813,1619.933,0,4019.833,0,308.987,7744,11538,1.030,0.930,0.940,1,0,1.000,0,0,18,305,0,52,2
15-06 14:58:15,12.497,3.499,80.232,2.000,0,5476324,193628,177904,2107220,6306.586,2519.435,0,6678.503,0,501.887,4601,7130,1.030,0.930,0.940,0,0,0,0,0,18,303,0,53,2
15-06 14:58:16,18.836,3.014,75.345,0.753,0,5477912,191372,177940,2107852,5293.216,1518.949,442.022,3078.082,15.069,213.979,4602,6254,0.950,0.910,0.940,2,0,1.005,0,0,18,304,0,53,2
15-06 14:58:17,8.212,2.240,86.845,0.995,0,5482124,186864,177948,2108140,12210.004,3390.175,0,1453.216,0,147.312,3325,4929,0.950,0.910,0.940,1,0,2.986,0,0,18,303,0,53,2
15-06 14:58:18,25.010,5.252,64.777,2.001,0,5482052,186612,178012,2108400,5472.239,1458.597,0,2941.204,0,393.161,7920,11948,0.950,0.910,0.940,2,0,2.001,0,0,18,304,0,48,2
15-06 14:58:19,24.502,4.500,66.506,2.000,0,5482124,186360,178068,2108524,4868.430,1512.133,0,4148.366,0,408.036,7814,11879,0.950,0.910,0.940,1,0,0,0,0,18,304,0,48,2
15-06 14:58:20,25.111,5.022,66.794,1.758,0,5482520,185352,178144,2109060,5206.920,2515.071,0,2836.486,0,288.269,7429,10961,0.950,0.910,0.940,0,0,1.004,0,0,18,303,0,49,2
15-06 14:58:21,5.733,1.246,90.230,1.496,0,5482456,185352,178188,2109080,5991.079,1519.455,0,6265.258,0,432.706,2582,4333,0.870,0.900,0.930,1,0,0,0,0,18,304,0,50,2
15-06 14:58:22,8.483,1.497,86.323,0.499,0,5483468,184092,178212,2109304,20881.149,5977.733,0,1576.764,0,147.697,3192,4342,0.870,0.900,0.930,0,0,0,0,0,18,303,0,46,2
15-06 14:58:23,12.256,1.751,83.789,1.000,0,5483376,184092,178256,2109352,19345.047,5980.797,0,1428.668,0,136.064,3380,4602,0.870,0.900,0.930,0,0,0,0,0,18,303,0,46,2
15-06 14:58:24,11.782,2.507,82.725,0.752,0,5484296,183084,178296,2109400,13191.846,3361.133,0,8009.765,0,295.804,3934,5157,0.870,0.900,0.930,1,0,1.003,0,0,18,303,0,47,2
15-06 14:58:25,9.493,2.248,85.439,0.749,0,5484568,182580,178348,2109580,4724.646,1630.842,15.989,1147.186,0.999,134.904,3772,5509,0.870,0.900,0.930,2,0,0,0,0,18,304,0,47,2
15-06 14:58:26,24.521,5.755,65.055,2.252,0,5484576,182328,178432,2109740,4893.119,1513.274,0,3182.679,0,399.336,7985,12185,0.880,0.900,0.930,2,0,0,0,0,18,304,0,47,2
15-06 14:58:27,23.949,5.239,67.108,1.247,0,5484924,181572,178472,2110108,4849.725,1616.575,0,3728.101,0,293.378,7420,10830,0.880,0.900,0.930,2,0,0,0,0,18,303,0,41,3
15-06 14:58:28,16.740,3.748,75.454,2.249,0,5485288,181068,178532,2110184,5776.508,2582.439,31.981,7975.179,0.999,574.653,5979,9368,0.880,0.900,0.930,0,0,0,0,0,18,303,0,43,2
15-06 14:58:29,10.005,1.751,86.290,0.750,0,5485888,180312,178560,2110312,10096.723,2944.377,0,1268.593,0,128.060,2992,4164,0.880,0.900,0.930,0,0,0,0,0,18,303,0,43,2
15-06 14:58:30,7.027,1.255,90.593,0.251,0,5485800,180312,178572,2110388,4587.381,1626.161,0,811.073,0,65.247,2082,2727,0.880,0.900,0.930,2,0,0,0,0,18,303,0,43,2
15-06 14:58:31,4.482,1.245,92.635,0.249,0,5485872,180060,178580,2110560,11891.136,3446.417,0,944.278,0,93.631,2111,3172,1.050,0.930,0.940,0,0,0,0,0,18,303,0,39,2
15-06 14:58:32,25.264,4.502,64.035,2.501,0,5485788,179808,178616,2110860,4982.719,1620.884,0,2953.612,0,392.214,8202,12460,1.050,0.930,0.940,1,0,1.001,0,0,18,304,0,39,2
15-06 14:58:33,24.954,5.490,66.129,1.248,0,5486520,178800,178648,2111104,4763.294,1551.165,0,3493.615,0,345.369,7752,11817,1.050,0.930,0.940,1,0,0,0,0,18,304,0,41,2
15-06 14:58:34,24.271,4.754,68.310,1.752,0,5486940,178044,178712,2111376,4922.299,2451.141,0,7522.569,0,560.489,7382,11139,1.050,0.930,0.940,1,0,1.001,0,0,18,303,0,44,2
15-06 14:58:35,7.754,1.751,88.791,0.250,0,5487072,177820,178732,2111448,6228.903,1975.921,0,4858.264,0,382.178,2825,3804,1.050,0.930,0.940,0,0,1.000,0,0,18,303,0,39,2
15-06 14:58:36,4.500,1.500,91.992,0.750,0,5487256,177568,178744,2111504,12096.885,3008.723,0,1007.907,0,98.991,2364,3334,0.970,0.920,0.940,1,0,0,0,0,18,303,0,39,2
15-06 14:58:37,25.852,5.020,64.254,2.259,0,5486904,177568,178800,2111800,5204.541,1517.991,0,3622.296,0,422.668,8469,12999,0.970,0.920,0.940,3,0,0,0,0,18,304,0,40,2
15-06 14:58:38,24.757,5.001,67.268,1.500,0,5488328,176056,178824,2111864,5011.352,1404.379,0,2796.755,0,261.070,7537,10949,0.970,0.920,0.940,1,0,0,0,0,18,304,0,41,2
15-06 14:58:39,24.489,5.248,66.721,1.749,0,5488704,175300,178852,2112216,4819.903,1133.507,0,2734.810,0,299.870,8085,11993,0.970,0.920,0.940,1,0,0,0,0,18,304,0,39,2
15-06 14:58:40,24.749,5.250,64.747,2.000,0,5488948,174796,178928,2112400,5903.738,1523.932,0,4319.808,0,402.982,8260,12311,0.970,0.920,0.940,0,1,2.000,0,0,18,304,0,39,2
15-06 14:58:41,24.234,5.247,66.956,1.749,0,5489804,173536,178980,2112752,5233.574,1618.940,0,6355.840,0,436.714,7880,11238,0.970,0.920,0.940,2,0,0,0,0,18,304,0,39,2
15-06 14:58:42,9.218,2.491,85.456,1.246,0,5489916,173284,179036,2112836,5419.381,2412.711,0,3153.167,0,281.034,3646,5716,0.970,0.920,0.940,0,0,0,0,0,18,303,0,40,2
15-06 14:58:43,7.501,1.500,88.012,1.250,0,5490252,172780,179040,2113000,6003.850,2411.341,0,1868.265,0,177.025,2769,4034,0.970,0.920,0.940,1,0,0,0,0,18,303,0,35,2
15-06 14:58:44,10.505,2.001,84.541,0.750,0,5490392,172528,179100,2113052,5763.786,2029.981,0,1728.836,0,177.086,3746,5496,0.970,0.920,0.940,0,0,1.000,0,0,18,303,0,36,2
15-06 14:58:45,8.248,1.749,87.974,1.000,0,5490604,172276,179116,2113076,8165.555,2793.164,0,1695.492,0,162.951,2783,3862,0.970,0.920,0.940,0,0,0,0,0,18,303,0,36,2
15-06 14:58:46,6.277,1.758,89.640,0.753,0,5490504,172276,179144,2113148,8603.474,2241.765,0,1225.337,0,126.551,2737,3870,1.210,0.970,0.960,1,0,0,0,0,18,304,0,37,2
15-06 14:58:47,26.760,5.252,64.275,2.251,0,5490560,172024,179216,2113272,4621.762,1620.618,0,3597.371,0,493.188,9430,14727,1.210,0.970,0.960,0,1,0,0,0,18,304,0,35,2
15-06 14:58:48,27.981,7.745,60.460,1.249,0,5518928,190484,178444,2070804,4363.091,1564.957,0,8106.596,0,547.635,9631,21228,1.210,0.970,0.960,2,0,35.976,0,0,19,305,0,36,2
15-06 14:58:49,22.409,5.229,69.220,1.245,0,5496304,212704,178500,2067760,4121.309,2478.960,15.935,2466.013,0.996,265.923,6930,10400,1.210,0.970,0.960,0,0,0,0,0,18,303,0,40,2
15-06 14:58:50,7.500,1.750,88.997,0.500,0,5494404,214572,178528,2067764,5653.781,2082.919,0,6155.762,0,336.987,2555,3523,1.210,0.970,0.960,0,0,1.000,0,0,18,303,0,40,2
15-06 14:58:51,5.269,1.004,91.831,1.004,0,5494204,214572,178548,2067944,11625.941,3019.894,0,1176.243,0,104.377,2200,3254,1.120,0.950,0.950,1,0,0,0,0,18,304,0,37,2
15-06 14:58:52,24.368,4.973,65.893,1.989,0,5493848,214828,178564,2068028,4712.436,1503.842,0,3111.123,0,399.831,8016,11857,1.120,0.950,0.950,3,0,0,0,0,18,304,0,37,2
15-06 14:58:53,26.405,5.784,63.119,2.515,0,5493876,214336,178608,2068448,10783.103,3002.571,0,4534.536,0,529.096,8861,13554,1.120,0.950,0.950,3,0,1.006,0,0,18,304,0,39,2
15-06 14:58:54,24.162,4.982,66.507,1.744,0,5495032,212824,178640,2068772,4575.272,1506.492,0,7432.824,0,560.949,8663,12974,1.120,0.950,0.950,1,0,0.996,0,0,18,304,0,39,2
15-06 14:58:55,16.489,4.497,76.449,1.249,0,5495240,212340,178664,2069024,6607.633,2608.276,0,4864.785,0,373.753,5643,8675,1.120,0.950,0.950,0,0,0,0,0,18,303,0,36,2
15-06 14:58:56,8.997,1.999,86.976,0.750,0.250,5496724,210836,178684,2069024,9335.372,2822.206,0,1251.648,0,124.965,2771,3718,1.030,0.940,0.950,0,0,5.998,0,0,18,303,0,37,2
15-06 14:58:57,8.256,2.001,87.313,0.500,0,5496624,210836,178692,2069116,8207.930,1652.194,0,1204.870,0,105.076,2720,3742,1.030,0.940,0.950,4,0,2.001,0,0,18,303,0,38,2
15-06 14:58:58,5.515,1.504,91.493,0.501,0,5496420,210836,178696,2069316,12029.991,2896.703,4.011,1098.922,1.003,103.275,2303,3146,1.030,0.940,0.950,1,0,0,0,0,18,304,0,38,2
15-06 14:58:59,24.772,3.503,68.309,1.501,0,5496748,210332,178716,2069472,5436.727,1513.316,0,2141.862,0,240.209,6396,8840,1.030,0.940,0.950,3,0,0,0,0,18,304,0,38,2
15-06 14:59:00,24.744,5.499,65.735,2.249,0,5496660,210080,178780,2069748,4664.935,1565.642,0,3535.193,0,442.899,8410,12814,1.030,0.940,0.950,2,0,0,0,0,18,304,0,38,2
15-06 14:59:01,23.716,4.743,67.154,1.248,0,5496312,210080,178800,2070076,4888.001,1186.301,0,6870.162,0,470.327,8222,12411,1.020,0.940,0.950,2,0,0,0,0,18,304,0,39,2
15-06 14:59:02,24.509,5.502,65.775,2.001,0,5497220,209072,178812,2070164,4431.702,1350.519,0,3461.329,0,378.145,7804,11484,1.020,0.940,0.950,1,0,0,0,0,18,304,0,40,2
15-06 14:59:03,24.544,4.258,67.620,1.753,0.250,5497108,208820,178832,2070508,5419.648,1622.889,0,3229.750,0,356.635,7898,12079,1.020,0.940,0.950,2,0,0,0,0,18,304,0,40,2
15-06 14:59:04,25.154,4.234,66.248,0.747,0,5497348,208316,178852,2070752,5379.529,1613.859,0,2303.235,0,227.136,7622,10929,1.020,0.940,0.950,2,0,0.996,0,0,18,304,0,41,2
15-06 14:59:05,25.500,5.750,64.501,2.000,0,5496980,208360,178880,2071048,5340.098,1620.030,0,3784.069,0,454.008,8407,12912,1.020,0.940,0.950,1,0,0,0,0,18,304,0,42,2
15-06 14:59:06,24.502,4.000,68.254,1.500,0,5497488,207720,178892,2071168,4997.328,1620.106,0,13056.857,0,736.048,6875,10062,1.180,0.970,0.960,1,0,0,0,0,18,304,0,43,2
15-06 14:59:07,24.320,4.764,66.692,1.003,0,5497976,206964,178904,2071424,4753.716,1624.688,0,2687.755,0,227.657,7583,11255,1.180,0.970,0.960,2,0,0,0,0,18,305,0,44,2
15-06 14:59:08,26.404,5.231,65.014,2.491,0,5498356,206236,178952,2071724,4800.543,1452.717,0,3551.086,0,454.348,8270,12992,1.180,0.970,0.960,1,0,0,0,0,18,304,0,45,2
15-06 14:59:09,24.009,5.002,68.025,1.000,0,5499368,203980,178956,2072948,4261.566,1620.595,0,2088.768,0,183.067,7805,11342,1.180,0.970,0.960,1,0,0,0,0,18,304,0,46,2
15-06 14:59:10,9.988,1.748,85.145,0.999,0,5499304,203980,178964,2073004,5988.617,2552.853,0,2444.986,0,246.696,3439,5303,1.180,0.970,0.960,1,0,0,0,0,18,303,0,47,2
15-06 14:59:11,11.765,2.753,82.604,0.751,0,5499172,203980,178996,2073104,5736.210,2586.251,0,2250.829,0,219.276,3750,5456,1.090,0.960,0.950,0,0,0,0,0,18,303,0,48,2
15-06 14:59:12,12.997,2.999,80.732,2.249,0,5499256,203728,179028,2073240,5736.711,2408.459,0,5490.766,0,393.911,3894,5649,1.090,0.960,0.950,1,0,0,0,0,18,303,0,46,2
15-06 14:59:13,8.261,2.003,87.619,0.501,0,5499380,203476,179036,2073360,4524.144,1459.983,0,2022.747,0,166.226,2610,3815,1.090,0.960,0.950,1,1,0,0,0,18,304,0,47,2
15-06 14:59:14,7.983,1.247,87.312,0.998,0,5500056,202720,179060,2073416,6098.878,2383.871,0,1428.926,0,163.648,3050,4624,1.090,0.960,0.950,1,0,0.998,0,0,18,305,0,48,2
15-06 14:59:15,15.242,2.998,79.207,0.999,0,5501072,201460,179104,2073616,21940.994,6972.185,0,1950.932,0,228.875,4523,6217,1.090,0.960,0.950,0,0,0,0,0,18,306,0,49,2
15-06 14:59:16,8.508,2.252,87.086,0.751,0,5501488,200968,179128,2073668,12037.853,3301.250,0,2626.586,0,145.143,3068,4293,1,0.940,0.950,0,0,1.001,0,0,18,306,0,47,2
15-06 14:59:17,9.251,2.750,84.757,0.750,0,5504600,197716,179160,2073760,11861.958,3460.279,0,1668.135,0,170.014,3613,5188,1,0.940,0.950,0,0,3.000,0,0,18,306,0,48,2
15-06 14:59:18,17.256,3.501,76.278,1.000,0,5504884,197212,179204,2073936,4999.824,1458.532,116.042,1720.628,8.003,177.065,5530,8314,1,0.940,0.950,1,0,1.000,0,0,18,307,0,51,2
15-06 14:59:19,26.215,4.993,64.914,2.497,0,5504760,196960,179320,2074196,4571.921,1456.064,0,4533.971,0,493.344,8375,13018,1,0.940,0.950,1,0,0.999,0,0,18,307,0,52,2
15-06 14:59:20,25.616,5.023,66.301,1.758,0,5504828,196456,179436,2074520,4882.144,1627.381,0,7714.994,0,620.816,8630,13432,1,0.940,0.950,1,0,0,0,0,18,307,0,53,2
15-06 14:59:21,23.626,5.471,67.397,1.990,0,5504784,196232,179480,2074744,5209.737,1611.567,0,8583.084,0,592.897,8222,12282,0.920,0.930,0.940,1,0,0,0,0,18,307,0,54,2
15-06 14:59:22,25.036,5.257,65.844,1.502,0,5505208,195476,179548,2075008,5167.354,1622.309,0,2803.990,0,298.425,7936,11753,0.920,0.930,0.940,1,0,0,0,0,18,306,0,55,2
15-06 14:59:23,4.521,1.005,92.674,0.502,0,5505044,195476,179556,2075164,6409.295,2581.801,0,2547.644,0,198.909,2284,3446,0.920,0.930,0.940,4,0,0,0,0,18,306,0,55,3
15-06 14:59:24,6.471,1.742,88.360,1.493,0,5505100,195224,179596,2075320,6364.874,2496.966,0,1939.430,0,207.085,3291,4928,0.920,0.930,0.940,0,0,0.996,0,0,18,306,0,53,2
15-06 14:59:25,15.997,2.999,76.987,1.250,0,5504892,194972,179664,2075712,11708.979,3297.431,15.997,2527.564,1.000,273.953,5082,7135,0.920,0.930,0.940,0,0,0,0,0,18,306,0,55,2
15-06 14:59:26,8.002,2.000,86.771,2.000,0,5504832,194972,179720,2075716,8310.976,2848.677,0,6877.635,0,446.106,3353,5084,0.930,0.930,0.940,0,1,0,0,0,18,306,0,55,2
15-06 14:59:27,8.759,1.752,87.840,0.501,0,5504756,194972,179724,2075788,8667.911,2234.297,0,1033.062,0,94.097,3142,4389,0.930,0.930,0.940,2,0,0,0,0,18,307,0,55,2
15-06 14:59:28,24.467,5.742,65.411,1.748,0,5505428,194216,179756,2075840,4332.120,1525.929,0,2884.085,0,326.557,7779,11588,0.930,0.930,0.940,3,0,0,0,0,18,307,0,54,2
15-06 14:59:29,24.516,4.503,65.793,1.751,0.250,5505412,193712,179772,2076344,4550.971,1567.023,0,2905.897,0,323.211,7852,11959,0.930,0.930,0.940,1,0,0,0,0,18,307,0,54,2
15-06 14:59:30,24.257,5.252,68.270,1.000,0.250,5506336,192704,179776,2076424,4599.316,1578.452,0,2108.604,0,188.054,7087,9934,0.930,0.930,0.940,1,1,0,0,0,18,307,0,55,2
15-06 14:59:31,8.232,1.746,86.813,0.998,0,5506084,192704,179796,2076664,6041.954,2397.823,0,2159.338,0,208.550,3127,4697,0.930,0.930,0.940,1,0,0,0,0,18,306,0,56,2
15-06 14:59:32,10.790,3.011,82.304,2.258,0,5506028,192704,179820,2076696,12338.648,3539.093,0,6471.943,0,456.690,3974,5980,0.930,0.930,0.940,0,0,0,0,0,18,306,0,56,2
15-06 14:59:33,16.723,3.494,76.625,1.498,0,5505896,192704,179836,2076812,4750.256,1455.627,0,2116.550,0,244.601,5430,8072,0.930,0.930,0.940,1,0,0,0,0,18,307,0,56,2
15-06 14:59:34,25.291,5.759,63.853,2.003,0,5506400,191948,179896,2077004,4885.855,1502.415,0,3721.984,0,425.684,8355,12632,0.930,0.930,0.940,3,0,1.002,0,0,18,307,0,57,2
15-06 14:59:35,18.458,4.490,73.831,1.497,0,5506780,191192,179920,2077356,6622.816,2399.499,0,2637.952,0,275.369,5687,8297,0.930,0.930,0.940,0,0,0,0,0,18,306,0,58,2
15-06 14:59:36,7.250,1.750,89.006,1.000,0,5506768,191192,179936,2077352,6648.449,2503.169,0,2532.171,0,216.015,2776,4106,0.860,0.910,0.940,0,0,0,0,0,18,306,0,54,2
15-06 14:59:37,6.997,1.749,88.957,1.000,0,5506872,190968,179956,2077452,6261.981,2502.793,0,6600.818,0,449.783,2975,4266,0.860,0.910,0.940,0,0,0,0,0,18,306,0,54,2
15-06 14:59:38,4.754,1.251,91.077,1.251,0,5506864,190968,179964,2077452,6800.738,2084.759,0,6065.118,0,376.318,2492,3951,0.860,0.910,0.940,1,0,0,0,0,18,306,0,55,2
15-06 14:59:39,5.518,1.505,91.804,0.752,0,5507116,190716,179976,2077440,7546.013,2488.248,0,1452.816,0,136.452,2466,3661,0.860,0.910,0.940,0,0,1.003,0,0,18,306,0,55,2
15-06 14:59:40,3.488,0.747,93.184,0.498,0,5507120,190464,179976,2077688,12165.798,3064.621,0,1048.449,0,84.713,2005,2847,0.860,0.910,0.940,2,0,0,0,0,18,307,0,53,2
15-06 14:59:41,12.502,2.250,83.013,0.750,0,5502684,194644,179988,2077932,6456.021,2459.389,0,1500.237,0,157.025,3601,5169,0.870,0.910,0.940,0,0,0,0,0,18,306,0,55,2
15-06 14:59:42,6.751,1.750,89.765,0.750,0,5502624,194644,180008,2077972,5757.936,2504.407,0,2600.423,0,142.023,2619,3691,0.870,0.910,0.940,0,0,0,0,0,18,306,0,55,2
15-06 14:59:43,11.746,2.499,84.224,1.250,0,5502940,194140,180028,2078140,6169.079,2471.230,0,1571.511,0,178.944,3572,5154,0.870,0.910,0.940,1,0,0,0,0,18,306,0,56,2
15-06 14:59:44,7.248,1.500,87.722,1.000,0,5502852,194140,180044,2078212,7926.496,2950.068,0,1387.562,0,140.955,2966,4248,0.870,0.910,0.940,0,0,1.000,0,0,18,306,0,55,2
15-06 14:59:45,4.501,1.250,92.760,0.250,0,5502944,193888,180048,2078368,17469.946,4359.486,0,956.106,0,80.009,1943,2495,0.870,0.910,0.940,0,0,0,0,0,18,306,0,55,2
15-06 14:59:46,2.750,0.500,94.734,0.250,0,5502932,193888,180048,2078380,6188.941,2036.652,0,671.885,0,39.993,1296,1784,0.800,0.900,0.930,0,0,0,0,0,18,306,0,55,2
15-06 14:59:47,3.500,1.000,93.494,0,0,5502924,193888,180052,2078384,9943.344,3396.776,0,783.948,0,59.996,1724,2445,0.800,0.900,0.930,1,0,0,0,0,18,307,0,55,2
15-06 14:59:48,4.001,1.000,93.018,0.500,0,5502884,193888,180060,2078416,8086.569,3004.583,0,1020.198,0,106.021,1945,3013,0.800,0.900,0.930,0,0,0,0,0,18,306,0,54,2
15-06 14:59:49,10.001,5.000,82.756,0.750,0,5513172,183540,180068,2078436,11573.841,2901.211,0,1048.076,0,104.008,3429,9483,0.800,0.900,0.930,0,0,36.003,0,0,18,306,0,55,2
15-06 14:59:50,9.498,1.750,85.983,0.750,0,5513116,183540,180068,2078492,11216.775,3297.346,0,1343.733,0,140.972,3156,4348,0.800,0.900,0.930,0,0,0,0,0,18,306,0,55,2
15-06 14:59:51,18.510,4.002,73.539,1.001,0,5512868,183540,180072,2078736,5091.694,1512.801,0,2125.125,0,260.138,5736,8659,0.740,0.880,0.930,1,0,0,0,0,18,307,0,56,2
15-06 14:59:52,23.246,4.999,67.739,2.000,0,5513912,182280,180088,2078936,4737.232,2445.604,0,8446.631,0,626.898,7504,11409,0.740,0.880,0.930,1,0,0,0,0,18,306,0,57,2
15-06 14:59:53,8.251,2.250,88.010,0.250,0,5513736,182280,180092,2079108,11703.350,2943.339,0,1368.158,0,128.015,2759,3805,0.740,0.880,0.930,1,0,0,0,0,18,307,0,52,2
15-06 14:59:54,13.246,2.499,81.225,1.000,0,5513612,182280,180100,2079224,11529.435,3350.964,0,2267.299,0,253.921,4442,6302,0.740,0.880,0.930,0,0,1.000,0,0,18,306,0,52,2
15-06 14:59:55,16.750,3.500,76.250,1.000,0,5513700,182028,180108,2079380,5086.019,1566.006,0,1636.006,0,173.001,5199,7468,0.740,0.880,0.930,3,0,1.000,0,0,18,307,0,52,2
15-06 14:59:56,24.499,5.500,66.246,1.500,0,5515476,180012,180124,2079604,5362.692,1685.903,0,3207.816,0,302.983,7620,11052,0.760,0.890,0.930,1,0,6.000,0,0,18,307,0,52,2
15-06 14:59:57,24.512,5.002,66.533,1.501,0,5515444,179760,180136,2079876,6255.061,2544.245,0,2841.390,0,305.149,7296,10757,0.760,0.890,0.930,0,0,2.001,0,0,18,306,0,50,2
15-06 14:59:58,6.762,2.504,87.902,1.002,0,5513076,182048,180156,2079936,6619.470,1688.926,0,11483.899,0,753.305,3354,5060,0.760,0.890,0.930,1,0,0,0,0,18,308,0,50,2
15-06 14:59:59,12.479,1.997,82.362,1.747,0,5513160,181796,180168,2080092,6147.718,1905.812,15.973,2451.899,0.998,274.541,4383,6534,0.760,0.890,0.930,0,0,0,0,0,18,306,0,50,2
15-06 15:00:00,4.752,1.501,92.031,0.750,0,5512976,181796,180168,2080276,11915.002,3010.011,0,1068.359,0,100.034,2319,3228,0.760,0.890,0.930,1,0,0,0,0,18,307,0,51,2
15-06 15:00:01,10.241,1.998,84.176,0.749,0,5512836,181796,180184,2080400,7176.704,2630.692,15.986,1494.689,0.999,169.851,3342,4872,0.940,0.920,0.940,0,0,0,0,0,18,306,0,49,2
15-06 15:00:02,13.753,2.250,80.766,1.250,0,5513128,181292,180188,2080608,11191.189,2488.487,0,1824.357,0,200.039,4004,5604,0.940,0.920,0.940,0,0,0,0,0,18,306,0,51,2
15-06 15:00:03,12.295,2.760,82.052,1.004,0,5513100,181292,180212,2080612,4546.762,812.997,0,1750.453,0,183.677,4470,6772,0.940,0.920,0.940,1,0,0,0,0,18,307,0,52,2
15-06 15:00:04,24.930,5.734,64.320,1.994,0,5513204,180816,180220,2080976,5624.240,1615.473,0,3510.164,0,441.762,8076,12157,0.940,0.920,0.940,2,0,0.997,0,0,18,307,0,53,2
15-06 15:00:05,24.744,5.249,64.984,2.499,0,5513836,180060,180260,2081064,4996.808,1457.652,119.971,8346.009,13.997,603.856,8360,12781,0.940,0.920,0.940,2,0,3.999,0,0,18,307,0,49,2
15-06 15:00:06,23.275,5.256,67.574,1.001,0,5513984,179556,180264,2081416,5482.974,1621.767,0,3479.792,0,266.290,7590,11286,1.020,0.940,0.940,6,0,0,0,0,18,307,0,50,2
15-06 15:00:07,8.979,1.746,86.796,0.748,0,5514092,179304,180276,2081548,6383.008,2403.355,0,1943.435,0,187.559,3199,4798,1.020,0.940,0.940,0,0,0,0,0,18,306,0,52,2
15-06 15:00:08,10.996,2.249,83.721,1.000,0,5513880,179304,180276,2081760,5056.233,1457.491,0,1935.324,0,185.935,3447,5062,1.020,0.940,0.940,1,0,0,0,0,18,307,0,52,2
15-06 15:00:09,9.754,2.501,84.287,1.251,0,5513788,179304,180284,2081844,11464.092,3299.466,0,2212.983,0,208.092,3833,5405,1.020,0.940,0.940,0,0,0,0,0,18,306,0,46,2
15-06 15:00:10,12.752,2.751,81.765,0.750,0,5513916,179052,180288,2081964,5845.065,2664.485,0,1572.286,0,185.034,3727,5337,1.020,0.940,0.940,0,0,0,0,0,18,306,0,48,2
15-06 15:00:11,11.008,2.502,85.060,0.751,0,5513992,178800,180292,2082136,9488.740,2335.659,0,1613.146,0,152.108,3322,4605,0.940,0.920,0.940,0,0,0,0,0,18,306,0,49,2
15-06 15:00:12,6.245,1.499,89.173,1.499,0,5514188,178548,180304,2082180,12696.985,2485.844,0,5727.032,0,349.697,2876,4286,0.940,0.920,0.940,0,1,0,0,0,18,307,0,49,2
15-06 15:00:13,24.585,4.265,66.228,2.007,0,5513996,178548,180328,2082348,7345.274,1625.593,0,3965.645,0,352.212,7701,11590,0.940,0.920,0.940,2,0,0,0,0,18,307,0,46,2
15-06 15:00:14,25.725,5.245,64.687,1.998,0,5514020,178296,180368,2082536,4555.592,1618.434,0,3908.218,0,434.579,6936,10347,0.940,0.920,0.940,1,0,0.999,0,0,18,307,0,46,2
15-06 15:00:15,24.311,5.013,66.918,1.253,0,5514064,178044,180392,2082720,5112.852,1624.082,0,2341.887,0,235.592,7295,10726,0.940,0.920,0.940,1,0,0,0,0,18,307,0,47,2
15-06 15:00:16,24.417,5.481,66.024,1.744,0,5514596,177036,180400,2083188,4985.951,1680.255,0,2559.249,0,277.053,7383,10708,1.020,0.940,0.940,2,0,0,0,0,18,306,0,49,2
15-06 15:00:17,6.994,1.499,87.420,1.499,0,5514472,177036,180448,2083264,6014.503,2568.653,0,7233.389,0,504.539,3877,6391,1.020,0.940,0.940,1,0,0.999,0,0,18,307,0,44,2
15-06 15:00:18,15.764,5.004,76.066,1.251,0,5554644,136728,180484,2083364,4804.149,1621.400,0,2790.410,0,302.261,5024,7213,1.020,0.940,0.940,3,0,3.003,0,0,18,307,0,45,2
15-06 15:00:19,12.987,2.747,82.168,0.999,0,5554780,136476,180500,2083464,12047.019,3294.723,0,7516.525,0,528.474,3962,5400,1.020,0.940,0.940,0,0,1.998,0,0,18,306,0,47,2
15-06 15:00:20,12.499,2.500,81.241,1.250,0,5554528,136476,180532,2083684,5431.368,1922.776,0,1639.809,0,184.978,3808,5464,1.020,0.940,0.940,0,0,0,0,0,18,306,0,48,2
15-06 15:00:21,11.752,3.001,83.016,0.750,0,5554432,136476,180552,2083760,6748.282,1876.356,0,1480.281,0,147.028,3256,4528,0.940,0.930,0.940,0,0,0,0,0,18,306,0,41,2
15-06 15:00:22,7.278,2.008,89.095,0.502,0,5554360,136476,180556,2083828,7807.269,2078.057,0,1052.079,0,82.319,2659,3659,0.940,0.930,0.940,1,0,0,0,0,18,307,0,41,2
15-06 15:00:23,24.437,4.738,64.334,2.244,0,5554044,136476,180592,2084108,4506.370,1454.247,0,3538.867,0,432.883,8333,12771,0.940,0.930,0.940,0,1,0,0,0,18,307,0,41,2
15-06 15:00:24,26.710,5.242,62.406,3.495,0,5553984,136224,180660,2084352,4792.808,1617.573,0,9713.424,0,833.749,9255,14500,0.940,0.930,0.940,2,0,0.999,0,0,18,307,0,43,2
15-06 15:00:25,19.250,3.500,73.500,1.500,0,5554008,135972,180704,2084536,11044.049,3777.017,16.000,2452.011,1.000,257.001,5913,8335,0.940,0.930,0.940,0,0,0,0,0,18,306,0,42,2
15-06 15:00:26,11.748,2.500,83.234,1.000,0,5553812,135972,180728,2084708,4928.054,2496.521,0,2067.603,0,176.966,3368,4621,0.870,0.910,0.930,0,0,0,0,0,18,306,0,43,2
15-06 15:00:27,8.020,2.005,87.222,0.752,0,5553708,135972,180732,2084808,8381.333,2539.464,0,1551.950,0,133.339,2859,3828,0.870,0.910,0.930,4,0,0,0,0,18,307,0,43,2
15-06 15:00:28,4.738,1.247,92.019,0.499,0,5553660,135972,180736,2084852,11577.958,3397.478,0,1181.037,0,118.702,2257,3391,0.870,0.910,0.930,0,0,0,0,0,18,306,0,44,2
15-06 15:00:29,8.002,2.250,87.766,1.000,0,5553736,135720,180740,2085024,13815.594,3352.630,0,1372.258,0,136.026,3012,4074,0.870,0.910,0.930,0,0,0,0,0,18,306,0,43,2
15-06 15:00:30,20.731,4.746,70.435,1.249,0,5553888,135468,180760,2085104,7225.296,1510.598,0,2150.005,0,257.761,6692,9684,0.870,0.910,0.930,2,0,0,0,0,18,306,0,43,3
15-06 15:00:31,19.522,4.255,72.581,1.752,0,5554196,134712,180788,2085524,9033.109,2518.819,0,2811.146,0,311.348,6196,9257,1.040,0.940,0.940,1,0,0,0,0,18,306,0,45,2
15-06 15:00:32,9.251,2.500,83.756,2.250,0,5554596,134208,180812,2085604,8128.616,2914.221,0,7392.560,0,499.038,4021,6291,1.040,0.940,0.940,1,0,1.000,0,0,18,306,0,46,2
15-06 15:00:33,6.000,1.750,89.494,0.500,0.250,5554496,134208,180812,2085704,8178.494,2231.862,0,1311.919,0,100.994,2868,4135,1.040,0.940,0.940,4,0,0,0,0,18,307,0,46,2
15-06 15:00:34,26.499,5.000,65.247,2.000,0,5554400,134208,180816,2085796,4979.748,1619.918,0,3271.835,0,364.982,8231,12181,1.040,0.940,0.940,2,0,1.000,0,0,18,307,0,44,2
15-06 15:00:35,12.250,3.000,81.001,1.250,0,5554364,133956,180828,2086072,6020.103,2560.044,0,2792.048,0,274.005,4491,6823,1.040,0.940,0.940,0,0,0,0,0,18,306,0,46,2
15-06 15:00:36,14.502,2.500,80.009,1.500,0,5554396,133704,180840,2086280,6167.674,2560.280,0,2360.258,0,221.024,4289,6062,0.950,0.930,0.940,1,0,0,0,0,18,306,0,48,2
15-06 15:00:37,9.036,1.757,86.597,0.502,0,5554368,133704,180844,2086304,5250.047,1603.428,0,1859.455,0,158.636,2943,4191,0.950,0.930,0.940,4,0,0,0,0,18,306,0,48,2
15-06 15:00:38,6.234,1.247,90.275,0.249,0,5554292,133704,180844,2086380,9576.098,1696.765,0,1564.096,0,132.669,2467,3513,0.950,0.930,0.940,3,0,0,0,0,18,307,0,46,2
15-06 15:00:39,4.744,1.748,92.386,0.999,0,5554208,133704,180844,2086464,12044.203,3293.953,0,6480.039,0,425.477,2577,3686,0.950,0.930,0.940,0,0,0,0,0,18,306,0,46,2
15-06 15:00:40,10.001,2.250,84.259,1.000,0,5554252,133452,180864,2086652,6980.770,2560.282,0,1588.175,0,168.019,3316,4786,0.950,0.930,0.940,0,0,0,0,0,18,306,0,48,2
15-06 15:00:41,13.245,2.999,79.971,1.749,0.250,5554192,133452,180888,2086688,8983.708,3087.869,0,7029.424,0,475.826,4061,6262,0.880,0.910,0.930,0,0,0,0,0,18,306,0,50,2
15-06 15:00:42,2.505,1.002,95.440,0,0,5554148,133452,180888,2086732,5063.091,1067.127,0,681.358,0,30.060,1245,1672,0.880,0.910,0.930,0,0,0,0,0,18,306,0,47,2
15-06 15:00:43,2.740,0.498,94.906,0.249,0,5554140,133452,180888,2086740,6368.899,1868.224,0,1897.119,0,32.881,1230,1656,0.880,0.910,0.930,2,0,0,0,0,18,306,0,47,2
15-06 15:00:44,11.571,2.767,82.506,1.258,0,5554312,133200,180912,2086796,6243.320,1738.671,0,1573.659,0,191.173,3879,5610,0.880,0.910,0.930,2,0,1.006,0,0,18,306,0,47,2
15-06 15:00:45,7.483,1.995,88.051,0.748,0,5554228,133200,180924,2086868,5725.044,2392.586,0,1775.981,0,151.657,2754,4152,0.880,0.910,0.930,1,0,0,0,0,18,306,0,48,2
15-06 15:00:46,9.225,1.496,86.513,1.247,0,5554168,133200,180932,2086920,11145.523,3289.006,0,1444.051,0,160.561,3128,4573,0.970,0.930,0.940,0,0,0,0,0,18,306,0,46,2
15-06 15:00:47,8.248,1.749,86.975,0.750,0,5554124,133200,180936,2086960,11563.638,3524.975,0,1463.574,0,155.955,3066,4416,0.970,0.930,0.940,0,0,0,0,0,18,306,0,46,2
15-06 15:00:48,7.003,1.751,89.787,0.500,0,5554240,132948,180944,2087088,9345.893,3345.394,0,1024.427,0,86.036,2213,2961,0.970,0.930,0.940,1,0,0,0,0,18,306,0,47,2
15-06 15:00:49,8.503,6.502,82.282,0.500,0,5576008,154912,180352,2044212,5487.109,2033.782,0,1012.389,0,94.036,3038,8936,0.970,0.930,0.940,1,0,36.014,0,0,18,306,0,48,2
15-06 15:00:50,12.559,3.265,81.632,1.005,0.251,5575640,154912,180352,2044580,10689.979,2662.448,0,1494.990,0,160.752,4302,6175,0.970,0.930,0.940,2,0,0,0,0,18,307,0,47,2
15-06 15:00:51,24.357,4.971,66.856,1.491,0,5575964,154408,180364,2044748,5045.295,1449.466,15.906,2759.751,0.994,295.262,7740,11507,1.050,0.950,0.950,1,0,0,0,0,18,307,0,49,2
15-06 15:00:52,24.784,5.257,65.591,2.503,0,5576712,153400,180380,2044992,5167.176,1622.253,0,8583.921,0,621.864,8504,13237,1.050,0.950,0.950,2,1,0,0,0,18,307,0,50,2
15-06 15:00:53,13.216,2.743,80.296,0.997,0,5576408,153400,180396,2045280,12015.530,3973.923,0,2110.648,0,226.426,4325,6281,1.050,0.950,0.950,0,0,0,0,0,18,306,0,52,2
15-06 15:00:54,12.780,3.508,82.193,1.504,0,5575856,153892,180400,2045336,5913.895,2570.039,0,2445.747,0,240.565,3860,5866,1.050,0.950,0.950,0,0,1.002,0,0,18,306,0,51,2
15-06 15:00:55,12.288,2.257,82.506,1.003,0,5575148,154504,180408,2045424,4875.140,1625.047,0,6339.689,0,586.822,3539,4611,1.050,0.950,0.950,1,0,1.003,0,0,18,310,0,53,2
15-06 15:00:56,7.218,1.742,88.354,0.747,0,5576560,153004,180408,2045512,6153.446,2457.994,55.750,1274.294,0.996,90.594,2463,3192,0.970,0.930,0.940,1,0,5.973,0,0,18,311,0,53,2
15-06 15:00:57,26.103,4.016,68.771,0,0,5582548,146704,180412,2045820,5602.084,1668.578,0,843.325,0,53.210,4223,4473,0.970,0.930,0.940,1,0,2.008,0,0,18,311,0,53,2
15-06 15:00:58,13.714,2.244,80.536,0.997,0,5584756,144240,180416,2046072,12238.555,3181.565,3.989,1412.256,0.997,139.630,3585,4840,0.970,0.930,0.940,0,0,0,0,0,18,310,0,51,2
15-06 15:00:59,9.245,2.249,84.208,1.749,0,5583332,145576,180432,2046144,11962.980,2486.749,0,6236.861,0,425.786,3742,5535,0.970,0.930,0.940,1,0,0,0,0,18,310,0,51,2
15-06 15:01:00,8.226,1.994,87.741,0.748,0,5584056,144848,180432,2046148,12324.640,3222.493,0,1340.047,0,120.644,2746,3888,0.970,0.930,0.940,3,0,0,0,0,18,310,0,51,2
15-06 15:01:01,8.266,2.254,87.415,0.501,0,5583976,144848,180432,2046228,5052.534,1635.086,0,933.762,0,85.161,3005,4392,0.890,0.920,0.930,1,0,0,0,0,18,312,0,51,2
15-06 15:01:02,26.051,5.761,64.877,1.503,0,5584416,144148,180444,2046476,4901.618,1514.973,0,2320.553,0,276.543,7879,11851,0.890,0.920,0.930,2,0,1.002,0,0,18,311,0,48,2
15-06 15:01:03,10.747,2.499,84.224,1.250,0,5584664,143656,180448,2046716,6515.958,2403.247,0,1959.386,0,222.930,3672,5417,0.890,0.920,0.930,0,0,0,0,0,18,308,0,50,2
15-06 15:01:04,21.259,3.501,72.780,0.750,0,5584876,143404,180452,2046752,5268.138,1566.636,0,1964.797,0,138.056,5753,7708,0.890,0.920,0.930,1,0,1.000,0,0,18,312,0,53,2
15-06 15:01:05,25.482,3.248,68.201,0.999,0,5586824,141072,180456,2047132,4754.607,1456.960,131.906,1978.588,7.994,187.866,5674,7486,0.890,0.920,0.930,3,0,0.999,0,0,18,311,0,69,2
15-06 15:01:06,25.022,4.254,68.060,0.500,0,5587140,140656,180456,2047232,4673.098,1513.327,0,1593.397,0,119.104,6567,8654,0.980,0.940,0.940,1,0,2.002,0,0,18,312,0,67,2
15-06 15:01:07,29.475,4.996,63.447,0.999,0,5586996,140404,180460,2047624,5341.498,2015.302,0,1858.434,0,177.850,6425,7856,0.980,0.940,0.940,0,0,0,0,0,18,309,0,84,2
15-06 15:01:08,5.240,1.497,90.581,1.497,0,5586964,140404,180468,2047648,11359.797,3123.171,0,5920.949,0,381.288,2861,4507,0.980,0.940,0.940,1,0,0,0,0,18,310,0,84,2
15-06 15:01:09,25.123,4.271,67.078,1.759,0,5586648,140404,180488,2047944,4642.715,1627.965,4.020,3669.956,1.005,313.534,6967,10679,0.980,0.940,0.940,2,0,0,0,0,18,310,0,84,2
15-06 15:01:10,18.444,4.237,74.774,1.246,0,5587140,139704,180500,2048140,5632.974,2605.126,0,7748.579,0,598.192,5921,8773,0.980,0.940,0.940,0,0,0,0,0,18,309,0,82,2
15-06 15:01:11,6.001,1.500,88.762,1.250,0,5587140,139704,180508,2048132,6234.810,2577.335,0,2616.340,0,231.030,2913,4359,0.900,0.920,0.940,0,0,0,0,0,18,309,0,82,2
15-06 15:01:12,6.500,1.500,88.751,1.250,0,5586764,139704,180524,2048492,5637.094,2402.040,0,1624.027,0,170.003,2667,3784,0.900,0.920,0.940,0,0,0,0,0,18,309,0,82,2
15-06 15:01:13,5.519,1.254,91.817,0.502,0,5586760,139704,180536,2048484,4060.005,1029.551,0,1324.569,0,114.395,2008,2820,0.900,0.920,0.940,3,0,0,0,0,18,309,0,82,2
15-06 15:01:14,3.488,1.744,92.924,0.498,0,5586940,139456,180540,2048548,5326.317,1963.114,0,1379.162,0,124.563,2191,3341,0.900,0.920,0.940,0,0,0.997,0,0,18,309,0,81,2
15-06 15:01:15,16.998,2.750,77.240,1.000,0,5588260,137972,180552,2048700,6092.188,1920.744,0,1539.795,0,126.983,4296,5447,0.900,0.920,0.940,0,0,0,0,0,18,309,0,81,2
15-06 15:01:16,5.758,1.252,91.376,0.250,0,5588220,137972,180556,2048736,6132.454,1977.726,0,1125.552,0,109.150,2282,3263,0.910,0.920,0.940,0,0,0,0,0,18,309,0,82,2
15-06 15:01:17,7.240,2.247,87.125,1.498,0,5588060,137972,180588,2048864,6264.008,1918.246,0,5440.190,0,385.447,3317,5225,0.910,0.920,0.940,0,0,0,0,0,18,309,0,82,2
15-06 15:01:18,7.760,2.003,87.365,1.001,0,5588224,137480,180608,2049172,6375.390,2379.131,0,1461.924,0,150.198,2847,4070,0.910,0.920,0.940,0,0,1.001,0,0,18,309,0,83,2
15-06 15:01:19,7.237,2.246,87.347,0.499,0,5590436,135224,180612,2049212,10459.633,2483.639,0,1050.156,0,82.855,2919,4052,0.910,0.920,0.940,1,0,2.995,0,0,18,310,0,79,2
15-06 15:01:20,27.341,6.271,63.963,1.756,0,5590304,135224,180660,2049296,4954.487,1462.868,0,2737.108,0,322.072,7979,11503,0.910,0.920,0.940,1,0,2.007,0,0,18,310,0,81,2
15-06 15:01:21,17.450,3.739,74.535,1.246,0,5590720,134468,180704,2049592,6157.226,2409.046,0,3912.705,0,321.073,5461,8001,0.920,0.920,0.940,0,0,0,0,0,18,309,0,82,2
15-06 15:01:22,12.260,1.501,84.066,1.251,0,5590632,134468,180728,2049656,5753.521,2354.850,0,2413.897,0,220.173,2911,4013,0.920,0.920,0.940,0,0,0,0,0,18,309,0,83,2
15-06 15:01:23,3.498,1.499,93.702,0,0,5590572,134468,180728,2049716,4821.533,1523.221,0,1051.462,0,62.968,1541,2113,0.920,0.920,0.940,2,0,0,0,0,18,310,0,80,2
15-06 15:01:24,4.749,1.749,91.221,1.000,0,5590400,134468,180740,2049876,5893.146,2082.345,0,1391.562,0,127.960,2544,3858,0.920,0.920,0.940,0,0,1.000,0,0,18,309,0,80,2
15-06 15:01:25,9.749,2.250,83.996,1.250,0,5590276,134468,180800,2049940,17738.066,4728.751,0,5923.688,0,401.979,4036,5947,0.920,0.920,0.940,0,0,0,0,0,18,309,0,81,2
15-06 15:01:26,20.518,4.254,72.065,1.251,0,5585972,138720,180828,2049964,4921.422,1621.457,0,2362.123,0,297.267,5823,8794,0.840,0.910,0.930,3,0,0,0,0,18,309,0,81,2
15-06 15:01:27,17.493,2.749,77.971,0.750,0,5400504,324228,180864,2049920,6825.436,267847.401,159.940,1483.443,15.994,93.965,2544,2559,0.840,0.910,0.930,1,0,13.995,0,0,18,309,0,76,2
15-06 15:01:28,0.750,1.000,97.238,0.250,0,5400504,324228,180864,2049920,4979.363,1619.793,0,851.891,0,50.993,1117,1747,0.840,0.910,0.930,0,0,0,0,0,18,309,0,76,2
15-06 15:01:29,1.252,0.250,97.396,0,0,5400504,324228,180864,2049920,4915.354,1568.346,0,640.959,0,37.055,1029,1540,0.840,0.910,0.930,0,0,0,0,0,18,309,0,76,2
15-06 15:01:30,1.746,1.247,95.780,0.249,0,5400500,324228,180868,2049920,4609.402,1616.284,0,2186.972,0,134.690,1334,1993,0.840,0.910,0.930,0,0,0,0,0,18,309,0,76,2
15-06 15:01:31,1.000,0.750,96.769,0,0,5395700,329028,180868,2049920,4729.925,1512.296,0,4288.838,0,432.084,1103,1467,0.850,0.910,0.930,1,0,0,0,0,18,309,0,74,2
15-06 15:01:32,2.002,1.001,96.330,0.250,0,5395604,329124,180868,2049920,4970.105,1567.294,0,120.099,0,13.011,1291,1905,0.850,0.910,0.930,0,0,0,0,0,18,309,0,74,2
15-06 15:01:33,1.249,0.500,96.455,0.250,0,5395840,328884,180872,2049920,4889.727,1511.298,0,255.881,0,22.989,1196,1774,0.850,0.910,0.930,0,0,0,0,0,18,309,0,74,2
15-06 15:01:34,2.249,1.250,95.472,0,0,5395836,328884,180872,2049924,4710.614,1511.555,0,335.901,0,34.990,1555,2282,0.850,0.910,0.930,1,0,1.000,0,0,18,309,0,74,2
15-06 15:01:35,2.000,0.750,95.506,0.500,0,5395824,328884,180872,2049936,4906.322,1566.103,0,344.023,0,29.002,1349,1864,0.850,0.910,0.930,0,0,0,0,0,18,309,0,69,2
15-06 15:01:36,2.000,1.000,95.011,0.500,0,5395824,328884,180872,2049936,5255.622,1458.173,0,592.070,0,50.006,1406,2061,0.790,0.890,0.930,0,0,0,0,0,18,309,0,69,2
15-06 15:01:37,2.000,1.000,95.479,0.250,0,5395812,328884,180876,2049944,4724.943,1565.650,0,367.918,0,28.994,1338,1907,0.790,0.890,0.930,1,0,0,0,0,18,309,0,69,2
15-06 15:01:38,0.750,2.501,95.285,0.250,0,5398836,325860,180876,2049944,5313.932,1512.550,0,176.064,0,11.004,1036,1363,0.790,0.890,0.930,0,0,0,0,0,18,309,0,69,2
15-06 15:01:39,1.250,0.750,97.252,0,0,5398740,325956,180876,2049944,6412.125,1632.032,0,32.001,0,4.000,984,1374,0.790,0.890,0.930,0,0,0,0,0,18,309,0,66,2
15-06 15:01:40,1.000,0.750,97.218,0,0,5398740,325956,180876,2049944,5796.093,1577.481,0,623.795,0,1.000,980,1368,0.790,0.890,0.930,0,0,0,0,0,18,309,0,66,2
15-06 15:01:41,1.501,0.250,97.050,0,0,5398740,325956,180876,2049944,5361.769,1632.843,0,4.002,0,1.001,974,1363,0.720,0.880,0.920,0,0,0,0,0,18,309,0,66,2
15-06 15:01:42,1.499,0.749,96.681,0,0,5398740,325956,180876,2049944,4796.571,1618.843,0,75.946,0,8.994,1073,1490,0.720,0.880,0.920,0,0,0,0,0,18,309,0,66,2
15-06 15:01:43,1.001,0.751,96.826,0,0,5398736,325956,180876,2049948,5452.270,1567.228,0,64.050,0,9.007,980,1435,0.720,0.880,0.920,0,0,0,0,0,18,309,0,62,2
15-06 15:01:44,1.750,0.750,96.006,0.250,0,5398736,325956,180876,2049948,4726.320,1566.106,0,152.010,0,24.002,1467,2207,0.720,0.880,0.920,1,0,1.000,0,0,18,309,0,62,2
15-06 15:01:45,1.750,0.500,96.496,0,0,5398736,325956,180876,2049948,5039.778,1619.929,0,347.985,0,28.999,1234,1806,0.720,0.880,0.920,0,0,0,0,0,18,309,0,62,2
15-06 15:01:46,1.500,1.000,96.985,0.250,0,5398676,325956,180884,2050000,4936.241,1619.751,31.995,279.957,1.000,24.996,1161,1868,0.660,0.860,0.920,1,0,0,0,0,18,309,0,62,2
15-06 15:01:47,1.999,1.000,94.974,0.250,0.250,5398668,325956,180884,2050008,4724.712,1565.573,0,475.870,0,44.988,1531,2281,0.660,0.860,0.920,0,0,0,0,0,18,309,0,61,2
15-06 15:01:48,1.750,0.750,96.526,0,0,5398668,325956,180884,2050008,4089.092,1188.317,0,368.098,0,29.008,1154,1783,0.660,0.860,0.920,0,0,0,0,0,18,309,0,61,2
15-06 15:01:49,7.500,4.250,86.247,0,0,5393628,330996,180884,2050008,4069.857,1349.952,0,175.994,0,11.000,2393,7531,0.660,0.860,0.920,1,0,35.999,0,0,18,309,0,62,2
15-06 15:01:50,0.750,1.000,97.496,0,0,5393628,330996,180884,2050008,4545.804,1565.932,0,47.998,0,6.000,970,1377,0.660,0.860,0.920,0,0,0,0,0,18,309,0,62,2
15-06 15:01:51,1.750,0.250,97.270,0,0,5393628,330996,180884,2050008,4669.962,1652.341,0,48.010,0,1.000,984,1353,0.610,0.850,0.910,0,0,0,0,0,18,309,0,58,2
15-06 15:01:52,1.500,0.750,96.490,0,0,5393628,330996,180884,2050008,4591.504,1511.837,0,491.947,0,106.988,1162,1476,0.610,0.850,0.910,0,0,0,0,0,18,309,0,58,2
15-06 15:01:53,2.499,0.750,95.472,0,0,5393616,330996,180884,2050020,10794.854,2888.158,0,3.999,0,1.000,1234,1499,0.610,0.850,0.910,1,0,0,0,0,18,309,0,58,2
15-06 15:01:54,2.250,1.250,94.752,0.250,0,5393612,330996,180888,2050020,4778.096,1578.032,0,184.004,0,24.000,1580,2242,0.610,0.850,0.910,0,0,1.000,0,0,18,309,0,58,2
15-06 15:01:55,1.497,0.749,95.317,0.749,0,5393596,330996,180900,2050024,4776.844,1563.004,0,3373.534,0,161.690,1563,2400,0.610,0.850,0.910,1,0,0,0,0,18,309,0,52,2
15-06 15:01:56,2.004,2.255,94.454,0.251,0,5393556,330996,180908,2050056,5286.441,1581.423,36.078,541.171,2.004,73.158,1364,1874,0.560,0.840,0.900,0,0,6.013,0,0,18,309,0,52,2
15-06 15:01:57,2.750,0.750,94.745,0.500,0,5393408,330996,180912,2050200,4923.724,1403.921,0,531.970,0,51.997,1549,2226,0.560,0.840,0.900,0,0,2.000,0,0,18,309,0,52,2
15-06 15:01:58,6.002,2.251,91.032,0.250,0,5408480,315876,180920,2050240,134018.825,1434.501,12.004,336.117,2.001,25.009,1489,1700,0.560,0.840,0.900,0,0,4.001,0,0,18,309,0,52,2
15-06 15:01:59,11.246,3.999,82.974,0,0,5411812,312264,180944,2050496,284504.652,7999.488,255.920,75.976,18.994,4.998,2453,2071,0.560,0.840,0.900,0,0,29.991,0,0,18,309,0,52,2
15-06 15:02:00,15.761,4.503,78.303,0,0,5408140,311520,180956,2054900,284355.672,4112.801,160.109,4.003,5.003,1.001,2270,1803,0.560,0.840,0.900,1,0,19.013,0,0,18,309,0,51,2
15-06 15:02:01,20.272,6.757,72.077,0,0,5408588,298200,180956,2067740,3520.746,540.575,0,0,0,0,2520,1882,0.600,0.840,0.910,2,0,19.020,0,0,18,309,0,51,2
