"pcp-dstat 6.2.0 CSV Output"
"Author:","PCP team <pcp@groups.io> and Dag Wieers <dag@wieers.com>",,,,"URL:","https://pcp.io/ and http://dag.wieers.com/home-made/dstat/"
"Host:","ubuntu",,,,"User:","ubuntu"
"Cmdline:","dstat -tcmndrylpg --tcp --output /tmp/devstack_logs/dstat-csv.log",,,,"Date:","23 Jun 2026 13:54:30 UTC"
"system","total usage",,,,,"memory usage",,,,"net/total",,"dsk/total",,"io/total",,"system",,"load avg",,,"procs",,,"paging",,"tcp sockets",,,,
"time","total usage:usr","total usage:sys","total usage:idl","total usage:wai","total usage:stl","used","free","buf","cach","net/total:recv","net/total:send","dsk/total:read","dsk/total:writ","read","writ","int","csw","1m","5m","15m","run","blk","new","in","out","lis","act","syn","tim","clo"
23-06 13:54:30,,1054988,1356672,169244,5226520,,,,,,,1.460,0.950,0.520,1,0,,,,10,6,0,17,0
23-06 13:54:31,23.736,21.737,53.218,0.750,0,1086884,1324128,169428,5226892,25178.779,14599.175,0,2174.685,0,128.922,6306,5175,1.460,0.950,0.520,1,0,460.721,0,0,10,6,0,17,0
23-06 13:54:32,22.194,21.446,53.365,0.249,0,1044212,1365972,169604,5227416,40620.407,12629.103,0,1731.627,0,59.849,5668,4078,1.510,0.970,0.530,1,0,346.126,0,0,10,6,0,17,0
23-06 13:54:33,30.504,20.753,47.256,1.000,0,999032,1390696,169840,5247180,189135.575,13571.692,0,12829.599,0,464.058,6861,6871,1.510,0.970,0.530,2,0,284.035,0,0,10,5,0,17,1
23-06 13:54:34,41.587,13.027,44.594,0.251,0,1128472,1244108,170716,5385400,5655.900,1751.685,32.067,1298.732,3.006,55.116,4266,4244,1.510,0.970,0.530,2,0,100.211,0,0,11,4,1,17,2
23-06 13:54:35,36.921,11.475,50.142,0.499,0,1153348,1201168,171188,5401124,4747.779,1528.709,0,3173.169,0,116.749,4244,2931,1.510,0.970,0.530,3,0,104.774,0,0,11,6,1,17,2
23-06 13:54:36,35.589,13.784,48.120,1.003,0,1176052,1153960,172008,5422648,5112.751,1698.235,16.040,3661.131,1.003,144.360,4798,3702,1.510,0.970,0.530,2,0,177.443,0,0,11,6,1,19,2
23-06 13:54:37,43.744,5.999,49.244,0.500,0,1229132,1079576,173056,5439864,5074.338,1531.800,15.998,3751.510,1.000,61.992,3012,1851,1.550,0.980,0.540,1,1,0,0,0,11,6,1,19,2
23-06 13:54:38,40.995,5.749,46.994,4.249,0,1245872,1033420,174500,5465012,5057.339,1531.800,0,17449.718,0,956.875,6106,8754,1.550,0.980,0.540,5,0,9.999,0,0,11,8,1,19,2
23-06 13:54:39,31.767,8.254,46.275,11.756,0,1274284,1014128,175256,5455000,5907.171,2175.168,0,32181.274,0,2656.426,13742,23926,1.550,0.980,0.540,4,0,64.034,0,0,11,6,1,19,0
23-06 13:54:40,35.226,10.243,48.716,3.997,0,1167860,1113608,175588,5460784,11454.035,4246.047,0,31402.163,0,1960.637,9420,15123,1.550,0.980,0.540,2,1,119.917,0,0,11,4,1,19,0
23-06 13:54:41,44.411,8.982,45.409,0.250,0,1236484,1042432,175708,5462984,5135.732,1367.266,0,3377.248,0,158.683,9913,16814,1.550,0.980,0.540,3,0,7.984,0,0,11,4,1,19,0
23-06 13:54:42,44.372,8.523,45.375,0.251,0,1237328,1041172,175744,5463168,4635.720,1570.309,0,4857.328,0,181.498,11693,19392,1.580,1,0.540,4,0,28.077,0,0,11,4,1,19,0
23-06 13:54:43,42.491,8.248,47.490,1.000,0.250,1241972,1044612,175788,5455852,4647.025,1457.694,0,8746.165,0,502.894,3851,3529,1.580,1,0.540,3,0,8.998,0,0,11,4,1,19,0
23-06 13:54:44,44.231,6.997,47.730,0.250,0,1255508,1031068,175812,5455868,4618.024,1619.307,0,4785.952,0,214.908,3732,2528,1.580,1,0.540,3,0,71.969,0,0,11,4,1,19,0
23-06 13:54:45,9.232,18.963,69.614,0,0,1207420,1079112,175812,5455904,4620.947,1690.688,0,67.867,0,4.990,4722,3178,1.580,1,0.540,2,0,237.535,0,0,11,4,1,19,0
23-06 13:54:46,8.750,21.249,67.747,0,0,1165228,1121284,175812,5455924,4739.762,1619.919,0,27.999,0,7.000,5171,3425,1.580,1,0.540,2,0,268.986,0,0,11,4,1,19,0
23-06 13:54:47,13.224,18.713,66.617,0,0,1147460,1138888,175812,5456072,5378.280,1508.992,0,19.960,0,4.990,5263,4648,1.540,1,0.550,3,0,236.529,0,0,11,4,1,19,0
23-06 13:54:48,36.770,15.258,47.026,0,0,1182468,1103832,175816,5456544,4742.603,1620.890,0,15664.598,0,108.059,4836,4946,1.540,1,0.550,2,0,193.106,0,0,11,5,1,13,0
23-06 13:54:49,45.812,4.756,48.566,0,0,1237076,1048696,175824,5457068,4686.380,1622.208,0,320.436,0,21.029,2731,1127,1.540,1,0.550,2,0,0,0,0,11,5,1,13,0
23-06 13:54:50,42.845,9.521,46.854,0.251,0,1274232,1010352,175824,5458252,4930.960,1623.609,0,2200.892,0,91.203,3623,3668,1.540,1,0.550,3,0,0,0,0,11,5,1,13,0
23-06 13:54:51,14.633,9.673,74.159,0,0,1282612,1000716,175840,5459428,4629.132,1553.626,0,2642.951,0,83.336,3433,2949,1.540,1,0.550,1,0,117.068,0,0,11,4,1,13,0
23-06 13:54:52,9.826,4.031,84.656,0,0,1307524,975796,175840,5459432,4624.837,1523.808,0,358.780,0,4.031,1524,1461,1.490,1,0.550,1,0,23.180,0,0,11,4,1,13,0
23-06 13:54:53,21.123,4.225,72.565,0,0,1366772,916544,175840,5459432,4399.605,1556.661,0,9813.127,0,54.672,1881,1486,1.490,1,0.550,1,0,0,0,0,11,4,1,13,0
23-06 13:54:54,24.090,2.008,73.526,0,0,1381920,901192,175840,5459636,4910.418,1591.971,0,8.030,0,2.008,1729,1053,1.490,1,0.550,2,0,0,0,0,11,6,1,13,0
23-06 13:54:55,21.557,5.264,70.688,2.005,0,1273180,1009848,175884,5459676,4116.963,1028.740,0,4740.624,0,372.993,4335,5668,1.490,1,0.550,2,0,44.117,0,0,11,4,1,15,0
23-06 13:54:56,21.432,4.486,73.018,0,0,1340968,942060,175884,5459676,4936.287,1507.202,0,59.810,0,5.981,1772,1202,1.490,1,0.550,1,0,0,0,0,11,4,1,15,0
23-06 13:54:57,19.755,2.501,76.520,0.250,0,1360324,922404,175900,5459872,8904.329,5647.477,0,2076.543,0,176.046,2406,2454,1.450,1,0.550,2,0,1.000,0,0,11,17,1,15,0
23-06 13:54:58,21.748,2.750,73.744,0.500,0,1363972,918148,175940,5460244,10766.152,6230.509,267.979,32917.408,65.995,230.982,2550,2424,1.450,1,0.550,1,0,2.000,0,0,11,28,1,16,0
23-06 13:54:59,19.508,7.003,73.030,0,0,1421352,860760,175940,5460252,5660.315,1458.597,0,2260.925,0,14.006,2252,1544,1.450,1,0.550,2,0,43.018,0,0,11,28,1,16,0
23-06 13:55:00,18.298,5.013,75.447,0.251,0,1429508,852572,175940,5460280,11706.634,8134.286,0,2053.373,0,74.194,2562,2295,1.450,1,0.550,1,3,82.215,0,0,11,29,1,14,0
23-06 13:55:01,30.172,19.699,49.123,0,0,1425972,856056,175940,5460288,5816.974,1783.393,0,23.938,0,5.985,5081,4167,1.450,1,0.550,2,0,404.954,0,0,11,28,1,15,0
23-06 13:55:02,35.825,5.261,57.369,0,0,1484180,797844,175944,5460292,11910.789,7981.612,0,144.300,0,9.019,2962,1911,1.420,1,0.550,2,0,3.006,0,0,11,30,1,15,0
23-06 13:55:03,38.413,5.737,55.375,0,0,1492504,789316,175948,5460492,17763.899,13966.471,0,307.306,0,32.926,5805,7852,1.420,1,0.550,3,0,5.986,0,0,11,28,1,16,0
23-06 13:55:04,56.607,29.556,13.275,0.250,0.250,1491196,790612,175948,5460504,4827.089,1460.750,0,12126.833,0,465.877,5793,4643,1.420,1,0.550,6,0,579.090,0,0,11,28,1,16,0
23-06 13:55:05,81.509,14.252,0,0,0.250,1735504,546268,175952,5460536,7130.821,4189.482,0,272.031,0,11.001,4652,2328,1.420,1,0.550,5,0,1.000,0,0,11,29,2,16,0
23-06 13:55:06,78.401,13.483,5.992,0,0,1861624,420092,175960,5460624,34702.043,31146.547,0,511.352,0,68.913,7389,14843,1.420,1,0.550,3,0,35.954,0,0,11,34,1,17,0
23-06 13:55:07,66.591,13.268,19.276,0.250,0,1640396,641240,175972,5460828,20447.908,15158.689,0,3052.166,0,173.236,7981,10263,1.540,1.030,0.570,2,0,257.351,0,0,11,28,1,23,0
23-06 13:55:08,24.699,6.986,67.112,0,0,1577940,703696,175972,5460828,4818.059,1454.998,0,187.613,0,9.979,2429,1677,1.540,1.030,0.570,1,0,52.891,0,0,11,28,1,23,0
23-06 13:55:09,15.267,5.256,78.089,0,0,1559904,721700,175984,5460836,10389.806,7412.423,0,92985.662,0,632.719,3573,3924,1.540,1.030,0.570,0,0,0,0,0,11,29,1,22,0
23-06 13:55:10,16.984,7.743,73.682,0.250,0,1517760,763828,175988,5460848,6484.992,2685.512,0,119.889,0,15.985,3153,2754,1.540,1.030,0.570,1,0,67.937,0,0,11,28,1,23,0
23-06 13:55:11,20.511,6.503,72.289,0,0,1543776,737780,175992,5460852,7063.773,3973.122,0,8.004,0,2.001,2593,2086,1.540,1.030,0.570,2,0,87.046,0,0,11,29,1,23,0
23-06 13:55:12,18.257,3.501,77.528,0,0,1500776,780760,176000,5460864,9194.281,6206.215,0,364.130,0,30.011,2858,3130,1.500,1.030,0.570,3,0,18.006,0,0,11,28,1,24,0
23-06 13:55:13,7.005,23.016,67.298,0,0,1478240,803288,176000,5460872,4471.164,1459.032,0,184.130,0,10.007,5434,3515,1.500,1.030,0.570,1,0,351.249,0,0,11,28,1,24,0
23-06 13:55:14,25.275,32.031,41.540,0,0,1465144,816380,176004,5460872,4924.788,1621.576,0,1349.312,0,48.047,5916,4668,1.500,1.030,0.570,5,0,624.607,0,0,11,28,1,24,0
23-06 13:55:15,84.647,14.233,0.749,0,0.250,1668708,612776,176008,5460908,7557.767,4490.514,0,127.844,0,12.984,5279,2989,1.500,1.030,0.570,4,0,45.944,0,0,11,30,1,24,0
23-06 13:55:16,77.591,9.261,13.266,0,0,1750140,531152,176008,5461120,39128.740,34735.605,0,300.351,0,48.056,7672,10603,1.500,1.030,0.570,4,0,0,0,0,11,32,1,24,0
23-06 13:55:17,76.765,16.503,5.751,0.500,0,1550436,730740,176012,5461232,21620.264,14743.908,0,712.140,0,68.013,7826,10167,1.860,1.110,0.600,6,0,249.049,0,0,11,28,1,25,0
23-06 13:55:18,84.447,15.490,0,0,0,1699100,582044,176012,5461264,8932.419,3806.621,0,167.895,0,10.993,5186,3133,1.860,1.110,0.600,7,0,60.962,0,0,11,29,1,25,0
23-06 13:55:19,84.676,10.741,4.496,0,0,1831768,449068,176012,5461572,38509.343,33701.545,0,223.804,0,9.991,7170,9357,1.860,1.110,0.600,4,0,0,0,0,11,34,1,25,0
23-06 13:55:20,70.739,11.748,16.498,0,0,1697352,583252,176012,5461804,35929.647,29677.578,0,363.946,0,23.996,8774,12871,1.860,1.110,0.600,3,0,164.975,0,0,11,29,1,30,0
23-06 13:55:21,39.062,12.520,47.075,0.250,0,1556948,723628,176024,5461816,5886.336,2088.312,0,300.477,0,24.038,4148,3251,1.860,1.110,0.600,2,0,133.211,0,0,11,28,1,25,0
23-06 13:55:22,37.215,4.995,56.696,0,0,1601344,679220,176024,5461828,14524.167,11786.774,0,507.517,0,8.991,3601,2989,1.870,1.130,0.610,0,0,0,0,0,11,30,1,25,0
23-06 13:55:23,39.985,19.742,39.485,0,0,1490100,790388,176024,5461904,14228.568,9797.260,0,303.884,0,24.990,6523,7300,1.870,1.130,0.610,4,0,377.856,0,0,11,28,1,27,0
23-06 13:55:24,60.222,8.746,30.236,0,0,1649128,631340,176024,5461924,8467.113,6319.099,0,143.934,0,8.996,3589,1462,1.870,1.130,0.610,1,0,0,0,0,11,31,1,27,0
23-06 13:55:25,48.838,5.259,45.332,0,0,1633412,646852,176040,5462112,29917.928,24944.964,0,1394.514,0,95.172,8236,11272,1.870,1.130,0.610,3,0,1.002,0,0,11,28,1,25,0
23-06 13:55:26,73.232,20.245,6.248,0,0,1532488,747740,176040,5462148,4924.761,1685.576,0,83.979,0,8.998,5014,2869,1.870,1.130,0.610,4,0,257.935,0,0,11,28,1,25,0
23-06 13:55:27,70.242,8.999,20.748,0,0,1660632,619568,176060,5462156,20420.607,17393.962,0,571.933,0,34.996,5066,3592,1.960,1.160,0.620,4,0,0,0,0,11,32,1,25,0
23-06 13:55:28,67.270,9.253,22.757,0.250,0,1611156,668820,176072,5462368,30472.952,26103.668,0,460.135,0,47.014,9469,13188,1.960,1.160,0.620,6,0,148.043,0,0,11,28,1,28,0
23-06 13:55:29,64.491,15.748,19.247,0,0,1580392,699548,176072,5462404,4865.283,1685.752,0,7.999,0,2.000,4010,2269,1.960,1.160,0.620,3,0,175.974,0,0,11,28,1,28,0
23-06 13:55:30,48.913,5.490,44.671,0,0,1638008,641892,176076,5462440,20287.009,18899.470,0,858.477,0,35.936,4785,5074,1.960,1.160,0.620,0,0,0,0,0,11,31,1,28,0
23-06 13:55:31,48.325,19.030,31.799,0.250,0,1544600,735128,176080,5462608,18992.560,12908.090,0,376.586,0,36.056,7045,8234,1.960,1.160,0.620,3,0,299.466,0,0,11,28,1,30,0
23-06 13:55:32,63.075,8.227,27.923,0,0,1603076,676632,176084,5462624,6521.922,3576.088,0,107.701,0,6.981,3694,1426,2.050,1.190,0.630,3,0,0,0,0,11,29,1,30,0
23-06 13:55:33,47.863,5.513,46.109,0,0,1625648,653836,176092,5462836,29647.894,26446.346,0,705.664,0,45.106,6914,9173,2.050,1.190,0.630,3,0,0,0,0,11,30,1,31,0
23-06 13:55:34,58.774,19.758,21.259,0,0,1532288,747048,176092,5462984,7085.843,2696.082,0,16.006,0,4.002,4698,3220,2.050,1.190,0.630,3,0,287.115,0,0,11,28,1,33,0
23-06 13:55:35,52.367,6.733,39.400,0,0,1588868,690456,176092,5462996,16538.967,13294.214,0,119.696,0,7.980,4368,3134,2.050,1.190,0.630,3,0,0.997,0,0,11,31,1,33,0
23-06 13:55:36,51.657,10.532,37.865,0.251,0,1438184,840936,176096,5463196,19165.419,15189.299,0,421.284,0,40.122,7618,9205,2.050,1.190,0.630,4,0,112.342,0,0,11,28,1,35,0
23-06 13:55:37,64.501,10.500,24.250,0,0,1581612,697508,176100,5463192,5236.042,1774.014,0,528.004,0,9.000,3717,1473,2.120,1.220,0.650,2,0,0,0,0,11,28,2,33,0
23-06 13:55:38,43.494,5.249,49.743,0,0,1602136,676912,176108,5463256,28928.898,25244.421,0,3443.512,0,147.979,6734,8796,2.120,1.220,0.650,2,0,0,0,0,11,31,1,33,0
23-06 13:55:39,64.171,23.221,12.235,0,0,1491468,787564,176132,5463248,7313.005,3432.778,0,1454.211,0,96.881,6029,5384,2.120,1.220,0.650,7,1,501.383,0,0,11,28,1,35,0
23-06 13:55:40,81.613,18.275,0,0,0,1697728,581212,176152,5463316,5493.586,1622.240,0,2667.684,0,93.129,5603,4617,2.120,1.220,0.650,7,0,365.505,0,0,11,28,1,35,0
23-06 13:55:41,77.752,20.684,0.997,0,0,1832612,446156,176156,5463504,25760.830,22291.895,0,279.110,0,14.952,6668,6573,2.120,1.220,0.650,7,0,377.795,0,0,11,32,1,35,0
23-06 13:55:42,73.478,20.564,6.019,0,0,1748496,529984,176164,5463776,43582.411,39637.153,0,637.982,0,52.162,9194,11037,2.830,1.380,0.700,5,0,365.134,0,0,11,30,1,36,0
23-06 13:55:43,80.498,18.750,0.250,0,0,1629440,648980,176188,5463808,11271.749,6515.855,0,1751.961,0,157.996,5947,4798,2.830,1.380,0.700,5,0,244.995,0,0,11,28,1,36,0
23-06 13:55:44,81.443,10.243,7.994,0,0,1719036,559340,176188,5463852,25015.581,21040.349,0,0,0,0,5907,5369,2.830,1.380,0.700,5,0,0,0,0,11,32,1,36,0
23-06 13:55:45,69.012,13.502,16.503,0,0,1688908,589248,176188,5464068,39306.965,35326.260,0,24.004,0,3.001,9208,14574,2.830,1.380,0.700,3,0,174.031,0,0,11,29,1,39,1
23-06 13:55:46,24.460,22.962,50.417,0,0,1472500,805624,176188,5464100,9652.173,4978.836,0,11.980,0,2.995,6041,5035,2.830,1.380,0.700,1,0,433.290,0,0,11,28,1,41,0
23-06 13:55:47,20.783,32.050,45.571,0,0,1478108,800000,176188,5464112,4916.692,1514.369,0,36.056,0,9.014,6029,4839,2.850,1.410,0.720,5,0,648.014,0,0,11,28,1,41,0
23-06 13:55:48,73.551,21.265,5.254,0.250,0,1608720,669300,176192,5464164,8484.875,5089.524,0,320.222,0,21.015,5135,3681,2.850,1.410,0.720,6,1,348.241,0,0,11,29,1,41,0
23-06 13:55:49,62.949,7.744,28.727,0,0.250,1667572,610256,176212,5464336,26804.308,24015.565,0,291.764,0,28.977,6825,8407,2.850,1.410,0.720,3,0,4.996,0,0,11,31,1,42,0
23-06 13:55:50,71.303,18.264,10.258,0.250,0,1608304,669456,176244,5464364,11181.272,7460.519,0,664.492,0,58.043,6923,6658,2.850,1.410,0.720,4,0,263.195,0,0,11,28,1,45,0
23-06 13:55:51,71.890,10.983,16.475,0,0,1662884,614832,176244,5464372,16902.213,13872.835,0,187.714,0,10.983,5114,3574,2.850,1.410,0.720,3,0,1.997,0,0,11,31,2,45,0
23-06 13:55:52,54.031,6.254,38.272,0,0,1662948,614524,176244,5464612,38277.060,33575.351,0,144.083,0,8.005,10136,15128,2.780,1.420,0.720,3,0,0,0,0,11,32,1,45,0
23-06 13:55:53,60.207,8.244,29.979,0,0,1639224,637964,176272,5464860,35314.679,30120.404,0,483.653,0,47.966,11277,17203,2.780,1.420,0.720,4,0,29.979,0,0,11,29,1,45,0
23-06 13:55:54,80.875,15.023,4.257,0,0,1565112,712060,176280,5464868,7821.112,4450.893,0,264.409,0,22.034,5013,2945,2.780,1.420,0.720,4,0,90.140,0,0,11,29,1,45,0
23-06 13:55:55,69.864,8.484,21.209,0,0,1649640,627348,176280,5465048,29957.818,26586.366,0,255.504,0,12.975,6101,8117,2.780,1.420,0.720,4,0,0.998,0,0,11,32,1,45,0
23-06 13:55:56,51.076,7.762,39.559,0,0,1636772,639932,176284,5465324,45396.833,38301.231,0,168.251,0,9.013,13913,21029,2.780,1.420,0.720,3,0,45.067,0,0,11,31,1,46,0
23-06 13:55:57,75.288,16.508,7.254,0,0,1522272,754392,176288,5465360,18826.595,14011.141,0,152.078,0,10.005,6407,6743,2.880,1.460,0.740,4,0,215.110,0,0,11,28,1,49,0
23-06 13:55:58,73.954,8.745,17.239,0.250,0,1653360,623232,176304,5465408,22012.233,16961.392,0,1195.252,0,27.982,5502,4414,2.880,1.460,0.740,3,0,1.999,0,0,11,36,1,47,0
23-06 13:55:59,63.986,6.499,28.744,0,0,1633428,642956,176304,5465612,37276.062,30653.472,0,0,0,0,9386,14880,2.880,1.460,0.740,6,0,4.999,0,0,11,34,1,49,0
23-06 13:56:00,77.053,15.761,6.004,0,0,1571224,704976,176316,5465780,14205.833,9486.567,0,376.260,0,36.025,6087,6286,2.880,1.460,0.740,5,0,123.085,0,0,11,32,1,49,0
23-06 13:56:01,69.355,9.480,20.707,0,0,1650636,625520,176328,5465812,19368.527,15890.794,0,247.483,0,22.952,4758,3912,2.880,1.460,0.740,3,0,0,0,0,11,34,1,50,0
23-06 13:56:02,70.656,13.530,14.783,0,0,1660776,615308,176336,5465872,24669.499,19724.575,0,252.558,0,22.049,7026,9426,2.890,1.490,0.750,6,0,120.266,0,0,11,34,1,49,0
23-06 13:56:03,69.701,10.992,19.236,0,0,1706892,568988,176340,5466064,32148.282,27703.423,0,147.895,0,9.993,6610,9590,2.890,1.490,0.750,5,0,64.954,0,0,11,34,1,51,0
23-06 13:56:04,73.794,14.759,11.007,0,0,1648840,626972,176340,5466132,18412.097,14067.478,0,152.092,0,8.005,6269,7368,2.890,1.490,0.750,5,0,125.075,0,0,11,32,1,53,0
23-06 13:56:05,74.746,11.249,13.499,0.250,0,1686936,588708,176340,5466292,17932.973,14143.190,0,279.984,0,10.999,5368,4431,2.890,1.490,0.750,3,0,43.997,0,0,11,33,1,54,0
23-06 13:56:06,67.942,12.989,18.484,0,0,1725544,550068,176344,5466316,23560.773,18559.067,0,351.698,0,42.963,5849,6672,2.890,1.490,0.750,6,0,83.928,0,0,11,34,1,54,0
23-06 13:56:07,70.828,14.266,14.516,0,0,1680044,595348,176356,5466520,20230.147,16412.968,0,404.443,0,37.041,6234,16465,2.980,1.530,0.770,3,0,136.149,0,0,11,34,1,57,0
23-06 13:56:08,54.256,11.200,34.346,0.249,0,1517672,757708,176360,5466528,11899.502,7343.983,0,358.389,0,33.848,5007,4369,2.980,1.530,0.770,6,0,96.566,0,0,11,32,1,59,0
23-06 13:56:09,51.207,9.790,37.903,0,0,1597532,677784,176364,5466588,15992.609,11912.124,0,3783.284,0,160.649,4809,4518,2.980,1.530,0.770,4,0,47.191,0,0,11,34,1,59,0
23-06 13:56:10,54.194,11.738,33.965,0,0,1552180,722968,176368,5466752,20887.430,17691.730,0,179.814,0,8.991,5954,6592,2.980,1.530,0.770,2,0,95.901,0,0,11,33,1,53,0
23-06 13:56:11,56.164,11.482,31.202,0,0,1536964,738140,176368,5466792,14906.273,11051.151,0,307.531,0,39.939,4699,4324,2.980,1.530,0.770,4,0,85.869,0,0,11,33,1,54,0
23-06 13:56:12,57.388,8.270,34.332,0,0,1608832,666096,176376,5466976,14633.105,11700.069,0,288.693,0,19.046,4512,4499,2.980,1.560,0.780,3,0,62.149,0,0,11,34,1,55,0
23-06 13:56:13,32.941,4.741,60.142,0.250,0,1504256,770604,176384,5467028,21567.109,17522.402,0,279.496,0,21.960,6207,7759,2.980,1.560,0.780,1,0,25.953,0,0,11,33,1,56,0
23-06 13:56:14,34.723,13.739,50.211,0,0,1544840,730012,176384,5467032,6907.687,2845.811,0,239.816,0,23.982,4424,3414,2.980,1.560,0.780,2,0,132.898,0,0,11,32,1,56,0
23-06 13:56:15,35.594,5.515,57.902,0,0,1561000,713836,176384,5467048,13836.396,12312.387,0,152.401,0,10.026,3248,2689,2.980,1.560,0.780,1,0,1.003,0,0,11,34,1,56,0
23-06 13:56:16,38.748,7.000,54.247,0,0,1456188,818448,176392,5467240,15114.201,8478.552,0,183.990,0,13.999,4660,4810,2.980,1.560,0.780,2,0,34.998,0,0,11,32,1,58,0
23-06 13:56:17,36.723,9.993,51.961,0.250,0,1565628,708980,176400,5467260,12345.770,6394.220,0,255.809,0,17.987,3914,2839,2.820,1.550,0.780,2,0,102.923,0,0,11,33,1,58,0
23-06 13:56:18,34.522,7.255,56.536,0,0,1539892,734692,176408,5467276,14248.134,9282.951,0,264.169,0,23.015,4263,3836,2.820,1.550,0.780,2,0,60.038,0,0,11,33,1,58,0
23-06 13:56:19,38.667,6.985,53.137,0.249,0,1514132,760428,176412,5467292,12102.175,5936.332,0,243.480,0,20.955,4063,3770,2.820,1.550,0.780,2,0,4.989,0,0,11,32,1,59,0
23-06 13:56:20,36.737,4.748,57.979,0,0,1558424,716116,176412,5467312,16442.986,12700.355,0,143.947,0,9.996,3648,3647,2.820,1.550,0.780,1,0,0,0,0,11,34,1,59,0
23-06 13:56:21,35.294,6.758,57.071,0.501,0,1526056,748436,176412,5467356,16987.997,12320.227,0,340.421,0,23.028,4847,5663,2.820,1.550,0.780,2,0,43.053,0,0,11,32,1,61,0
23-06 13:56:22,40.152,5.736,52.871,0,0,1567592,706896,176412,5467360,6641.841,3829.682,0,175.573,0,12.968,2777,1605,2.670,1.540,0.790,1,0,4.988,0,0,11,33,1,56,0
23-06 13:56:23,34.544,4.756,59.326,0.250,0,1586132,688172,176412,5467544,18291.349,15021.174,0,692.884,0,43.055,4318,4729,2.670,1.540,0.790,3,0,0,0,0,11,34,1,56,0
23-06 13:56:24,29.832,16.796,52.645,0.251,0,1518876,755392,176416,5467568,12486.327,8373.019,0,352.970,0,34.094,6479,6724,2.670,1.540,0.790,3,0,272.750,0,0,11,32,1,58,0
23-06 13:56:25,21.994,4.249,73.231,0,0,1555276,718924,176420,5467632,4844.759,1565.599,0,111.971,0,6.998,1904,1324,2.670,1.540,0.790,1,0,10.997,0,0,11,32,1,58,0
23-06 13:56:26,15.208,2.493,80.530,0,0,1536152,738016,176428,5467652,13839.147,10893.205,0,283.225,0,13.962,3067,3586,2.670,1.540,0.790,0,0,0,0,0,11,33,1,55,0
23-06 13:56:27,12.762,12.261,73.568,0.250,0,1423296,850848,176440,5467664,7228.687,2920.702,0,312.289,0,31.029,4029,3266,2.540,1.530,0.790,1,0,170.157,0,0,11,32,1,56,0
23-06 13:56:28,16.735,9.741,71.685,0,0,1430628,843512,176440,5467668,5007.433,1510.622,0,47.956,0,3.996,2927,2029,2.540,1.530,0.790,1,0,113.896,0,0,11,32,1,56,0
23-06 13:56:29,18.757,2.251,78.528,0,0,1429252,844880,176440,5467676,10010.616,6666.408,0,1140.412,0,9.003,1912,1582,2.540,1.530,0.790,1,0,0,0,0,11,33,1,56,0
23-06 13:56:30,18.244,5.998,74.977,0.250,0,1356820,917292,176440,5467696,11004.674,7405.761,0,2343.292,0,113.966,3838,3946,2.540,1.530,0.790,1,0,45.986,0,0,11,32,1,57,0
23-06 13:56:31,21.498,3.750,72.992,0,0,1424312,849784,176448,5467704,4559.472,1619.813,0,211.975,0,15.998,1759,1290,2.540,1.530,0.790,1,0,0,0,0,11,32,1,54,0
23-06 13:56:32,16.500,2.000,79.748,0,0,1429756,844188,176452,5467852,13343.642,9871.735,0,131.996,0,10.000,2857,3315,2.340,1.500,0.780,1,0,0,0,0,11,33,1,54,0
23-06 13:56:33,17.789,5.763,75.417,0.251,0,1385944,887972,176460,5467872,11004.390,7372.340,0,769.706,0,49.109,4130,4876,2.340,1.500,0.780,3,0,56.124,0,0,11,32,1,54,0
23-06 13:56:34,7.758,24.276,65.821,0,0,1381744,891996,176476,5468028,4865.215,1695.818,0,1097.176,0,78.084,6065,4680,2.340,1.500,0.780,2,0,440.472,0,0,11,32,1,54,0
23-06 13:56:35,37.496,13.248,48.244,0.250,0,1451460,822208,176500,5468076,4365.476,1639.803,0,799.904,0,31.996,3889,2750,2.340,1.500,0.780,2,0,130.984,0,0,11,32,1,51,0
23-06 13:56:36,41.489,7.248,47.238,3.749,0,1533780,736092,176908,5470992,5098.699,1693.568,0,8153.920,0,678.827,6041,8031,2.340,1.500,0.780,2,0,37.990,0,0,11,36,1,51,0
23-06 13:56:37,36.765,7.753,42.267,11.755,0.250,1519112,744660,177956,5475784,4878.934,1694.672,0,38407.225,0,3314.314,14050,26847,2.390,1.530,0.790,3,1,103.041,0,0,11,36,1,51,0
23-06 13:56:38,38.881,7.477,44.365,7.477,0,1511728,751060,178332,5476304,4817.315,1581.180,0,23715.705,0,2237.180,10690,19018,2.390,1.530,0.790,2,0,36.888,0,0,11,32,1,51,0
23-06 13:56:39,44.741,6.999,46.491,1.000,0,1502120,760628,178372,5476304,5205.005,1639.687,0,14237.279,0,791.849,4241,4806,2.390,1.530,0.790,2,0,1.000,0,0,11,32,1,47,0
23-06 13:56:40,37.738,8.247,42.736,8.747,0,1531564,730500,178624,5476728,4710.490,1511.516,0,13259.750,0,2232.285,14049,24887,2.390,1.530,0.790,3,0,2.999,0,0,11,34,1,47,0
23-06 13:56:41,32.254,7.501,58.257,1.000,0,1491076,770804,178688,5476844,5026.567,1640.185,0,9037.020,0,650.073,5239,6403,2.390,1.530,0.790,1,0,99.011,0,0,11,32,1,47,0
23-06 13:56:42,23.507,4.001,71.021,1.250,0,1512228,749608,178728,5476848,4716.397,1458.432,0,10967.248,0,579.172,3038,4191,2.280,1.520,0.800,1,0,0,0,0,11,32,1,47,0
23-06 13:56:43,21.502,4.250,72.756,0.250,0,1542892,718936,178732,5476848,4630.356,1620.125,0,356.027,0,30.002,1912,1312,2.280,1.520,0.800,1,0,3.000,0,0,11,32,1,46,0
23-06 13:56:44,22.501,3.250,73.005,0.250,0,1492396,769404,178736,5476872,4758.300,1458.092,0,2592.164,0,139.009,2057,1754,2.280,1.520,0.800,1,0,1.000,0,0,11,32,1,46,0
23-06 13:56:45,21.989,4.248,72.963,0,0,1512612,749188,178736,5476872,4829.537,1585.191,0,807.588,0,127.935,1841,1187,2.280,1.520,0.800,1,0,2.998,0,0,11,32,1,46,0
23-06 13:56:46,22.760,3.001,73.533,0,0,1469156,792628,178736,5476884,4968.225,1566.702,0,1780.797,0,196.088,1809,1167,2.280,1.520,0.800,1,0,1.000,0,0,11,32,1,46,0
23-06 13:56:47,22.250,3.250,73.749,0,0,1513704,748076,178736,5476888,4746.961,1349.989,0,0,0,0,1817,1221,2.180,1.510,0.800,1,0,2.000,0,0,11,32,1,41,0
23-06 13:56:48,23.654,2.988,72.953,0,0,1482004,779684,178744,5476964,4416.023,1171.232,0,3.984,0,0.996,1759,1135,2.180,1.510,0.800,1,0,0.996,0,0,11,32,1,41,0
23-06 13:56:49,22.593,2.761,73.805,0,0,1511536,750148,178744,5476964,4550.816,1518.277,0,180.747,0,2.008,1753,1146,2.180,1.510,0.800,1,0,0,0,0,11,32,1,41,0
23-06 13:56:50,22.238,3.998,73.212,0,0,1528716,732960,178752,5476972,4797.495,1619.154,0,103.946,0,13.993,1919,1495,2.180,1.510,0.800,1,0,1.999,0,0,11,32,1,41,0
23-06 13:56:51,22.763,2.752,73.041,0.250,0,1475304,786284,178760,5477052,4922.785,1620.917,0,332.188,0,22.012,1832,1243,2.180,1.510,0.800,1,0,1.001,0,0,11,32,1,37,0
23-06 13:56:52,22.001,3.500,73.754,0,0,1469800,791752,178760,5477084,4867.265,1620.088,0,24.001,0,4.000,1814,1301,2.080,1.500,0.800,1,0,1.000,0,0,11,32,1,37,0
23-06 13:56:53,21.747,3.749,73.240,0,0,1504360,757192,178760,5477084,4859.330,1619.777,0,0,0,0,1724,1146,2.080,1.500,0.800,1,0,2.000,0,0,11,32,1,37,0
23-06 13:56:54,23.244,2.999,73.730,0,0.250,1481624,779908,178760,5477104,5026.654,1639.561,0,3.999,0,1.000,1705,1065,2.080,1.500,0.800,1,0,1.000,0,0,11,32,1,37,0
23-06 13:56:55,22.001,3.750,73.252,0,0,1480824,780696,178768,5477108,4356.129,1296.038,0,0,0,0,1827,1346,2.080,1.500,0.800,1,0,1.000,0,0,11,32,1,37,0
23-06 13:56:56,22.003,4.001,73.760,0,0,1484544,776936,178768,5477144,4656.619,1296.172,0,128.017,0,2.000,1813,1271,2.080,1.500,0.800,1,0,1.000,0,0,11,32,1,37,0
23-06 13:56:57,22.243,3.249,73.227,0,0,1522512,738964,178768,5477148,5193.355,1499.525,0,7.997,0,1.000,1725,1103,1.990,1.490,0.800,1,0,1.999,0,0,11,32,1,37,0
23-06 13:56:58,16.055,11.540,71.496,0,0,1475028,786284,178776,5477300,5932.421,1517.223,0,264.912,0,3.010,4131,3098,1.990,1.490,0.800,2,0,275.950,0,0,11,32,1,37,0
23-06 13:56:59,7.749,21.497,69.240,0,0,1455024,806200,178780,5477340,6465.093,1565.780,0,787.889,0,11.998,6043,4618,1.990,1.490,0.800,1,0,455.936,0,0,11,32,1,33,0
23-06 13:57:00,8.500,21.750,68.999,0,0,1448488,812692,178784,5477380,5587.924,1187.984,0,459.994,0,14.000,6520,5473,1.990,1.490,0.800,1,0,510.993,0,0,11,32,1,33,0
23-06 13:57:01,17.200,9.473,72.291,0.249,0,1462268,798896,178788,5477388,5733.422,1346.108,0,857.521,0,110.680,3186,2444,1.990,1.490,0.800,1,0,126.634,0,0,11,32,1,33,0
23-06 13:57:02,22.254,3.501,73.263,0,0,1525364,735816,178788,5477372,5075.917,1458.263,0,0,0,0,1809,1185,1.910,1.490,0.800,2,0,2.000,0,0,11,32,1,33,0
23-06 13:57:03,23.747,3.250,72.242,0,0,1481192,779940,178788,5477388,4817.437,1457.830,0,15.998,0,1.000,1931,1187,1.910,1.490,0.800,1,0,6.999,0,0,11,32,1,28,0
23-06 13:57:04,22.003,3.250,73.761,0,0,1500832,760316,178788,5477372,5580.812,1620.236,0,16.002,0,2.000,1825,1170,1.910,1.490,0.800,2,0,2.000,0,0,11,32,1,28,0
23-06 13:57:05,23.249,2.750,73.497,0,0,1415096,846032,178788,5477392,4775.789,1295.943,0,19.999,0,1.000,1790,1146,1.910,1.490,0.800,3,0,2.000,0,0,11,32,1,28,0
23-06 13:57:06,21.753,4.001,73.510,0,0,1478288,782844,178792,5477380,5122.698,1242.169,0,88.012,0,3.000,1813,1262,1.910,1.490,0.800,1,0,2.000,0,0,11,32,1,28,0
23-06 13:57:07,27.804,5.761,65.125,0,0,1450884,810236,178792,5477392,5728.035,1623.127,0,2128.100,0,16.031,2803,10138,1.840,1.480,0.800,1,0,37.071,0,0,11,32,1,21,0
23-06 13:57:08,21.949,3.242,73.827,0,0,1517892,743252,178792,5477368,4968.354,1616.212,0,0,0,0,1581,1173,1.840,1.480,0.800,1,0,0,0,0,11,32,1,21,0
23-06 13:57:09,21.291,5.010,74.144,0,0,1557072,704072,178792,5477368,5180.048,1623.149,0,4.008,0,1.002,1676,1119,1.840,1.480,0.800,1,0,2.004,0,0,11,32,1,21,0
23-06 13:57:10,22.955,2.994,73.108,0,0,1537708,723404,178792,5477400,4611.043,1690.716,0,227.558,0,12.975,1979,1612,1.840,1.480,0.800,2,0,0.998,0,0,11,32,1,21,0
23-06 13:57:11,22.999,2.750,72.998,0.500,0,1573084,688032,178800,5477388,4679.874,1619.956,0,455.988,0,31.999,1925,1343,1.840,1.480,0.800,1,0,2.000,0,0,11,32,1,21,0
23-06 13:57:12,22.264,3.252,73.546,0,0,1533088,728016,178800,5477400,4806.007,1566.981,0,120.075,0,4.003,1831,1251,1.770,1.470,0.810,1,0,1.001,0,0,11,32,1,16,0
23-06 13:57:13,21.988,3.748,73.959,0,0,1527168,733964,178800,5477372,4711.387,1511.162,0,0,0,0,1799,1190,1.770,1.470,0.810,1,0,1.999,0,0,11,32,1,16,0
23-06 13:57:14,23.229,2.997,72.935,0,0,1483536,777596,178800,5477372,4430.043,1132.988,0,27.975,0,0.999,1754,1089,1.770,1.470,0.810,1,0,0.999,0,0,11,32,1,16,0
23-06 13:57:15,22.276,3.754,73.335,0,0,1492948,768244,178800,5477312,4759.500,1447.673,0,4.005,0,1.001,1869,1328,1.770,1.470,0.810,1,0,1.001,0,0,11,32,1,16,0
23-06 13:57:16,21.998,4.000,73.742,0,0.250,1520812,740380,178800,5477312,5085.482,1607.836,0,339.965,0,59.994,1796,1156,1.770,1.470,0.810,1,0,2.000,0,0,11,32,1,13,0
23-06 13:57:17,23.268,2.752,73.557,0,0,1494292,766812,178800,5477400,6413.965,1513.171,0,88.068,0,1.001,1773,1136,1.710,1.460,0.810,1,0,1.001,0,0,11,32,1,13,0
23-06 13:57:18,21.985,3.248,73.448,0,0,1519128,741976,178800,5477400,5674.020,1564.902,0,15.989,0,1.999,1851,1345,1.710,1.460,0.810,1,0,0.999,0,0,11,32,1,13,0
23-06 13:57:19,22.252,3.750,73.507,0,0,1528936,732188,178800,5477380,6778.656,1512.146,0,0,0,0,1924,1347,1.710,1.460,0.810,1,0,2.000,0,0,11,32,1,13,0
23-06 13:57:20,23.256,3.001,73.519,0,0,1512276,748820,178800,5477408,5631.449,1660.427,0,128.033,0,12.003,1922,1507,1.710,1.460,0.810,2,0,1.000,0,0,11,32,1,9,0
23-06 13:57:21,21.745,3.749,73.233,0.250,0,1512296,748820,178800,5477388,5370.717,1511.639,0,327.922,0,25.994,1812,1376,1.710,1.460,0.810,1,0,0,0,0,11,32,1,9,0
23-06 13:57:22,21.752,3.500,73.508,0,0.250,1476232,784856,178800,5477416,5195.535,1458.150,0,616.063,0,94.010,1787,1214,1.650,1.450,0.810,1,0,1.000,0,0,11,32,1,9,0
23-06 13:57:23,22.504,3.501,73.514,0,0,1516420,744648,178800,5477436,5207.011,1566.304,0,0,0,0,1738,1107,1.650,1.450,0.810,3,0,2.000,0,0,11,32,1,9,0
23-06 13:57:24,17.247,10.498,71.237,0,0,1476632,784388,178800,5477484,5011.052,1511.714,0,91.983,0,4.999,3171,2094,1.650,1.450,0.810,3,0,125.976,0,0,11,32,1,6,0
23-06 13:57:25,7.750,22.750,67.500,0,0,1457000,804004,178800,5477500,5220.001,1620.000,0,168.000,0,7.000,5396,3695,1.650,1.450,0.810,1,0,335.000,0,0,11,32,1,6,0
23-06 13:57:26,21.253,4.251,73.510,0,0,1467312,793696,178800,5477500,5040.665,1620.214,0,108.014,0,3.000,1843,1365,1.650,1.450,0.810,2,0,0,0,0,11,32,1,6,0
23-06 13:57:27,24.250,1.500,73.500,0,0,1488944,771872,178800,5477692,5659.038,1620.011,0,140.001,0,28.000,1665,962,1.600,1.450,0.810,2,0,0,0,0,11,32,1,6,0
23-06 13:57:28,21.282,5.258,73.361,0,0,1481296,779452,178800,5477756,5107.728,1622.455,0,0,0,0,1961,1420,1.600,1.450,0.810,1,0,9.014,0,0,11,32,1,4,0
23-06 13:57:29,21.719,4.244,73.394,0,0,1471388,789352,178800,5477764,5258.417,1563.745,0,0,0,0,2039,1221,1.600,1.450,0.810,1,0,34.950,0,0,11,32,1,4,0
23-06 13:57:30,8.762,23.282,65.338,0,0,1453352,807236,178800,5477896,4718.386,1514.049,40.054,228.309,2.003,7.009,5438,3926,1.600,1.450,0.810,2,0,354.480,0,0,11,32,1,4,0
23-06 13:57:31,8.249,21.747,67.990,0,0,1448652,811916,178800,5477916,4919.290,1619.766,0,111.984,0,3.999,5347,3709,1.600,1.450,0.810,2,0,325.953,0,0,11,32,1,4,0
23-06 13:57:32,7.490,22.968,68.156,0,0,1431244,829272,178800,5477936,4538.733,1455.990,0,207.713,0,3.994,5213,3639,1.550,1.440,0.810,2,0,319.559,0,0,11,32,1,3,0
23-06 13:57:33,8.271,22.308,67.174,0,0,1428504,831996,178800,5477960,4932.748,1624.197,0,16.041,0,3.008,5131,3499,1.550,1.440,0.810,1,0,303.785,0,0,11,32,1,3,0
23-06 13:57:34,8.248,22.245,68.234,0,0,1425232,835248,178800,5477976,4996.807,1531.634,0,791.811,0,8.998,5340,3637,1.550,1.440,0.810,1,0,335.920,0,0,11,32,1,3,0
23-06 13:57:35,8.745,21.238,67.962,0,0,1406808,853648,178800,5477992,4575.468,1531.153,0,887.509,0,10.994,5357,3699,1.550,1.440,0.810,1,0,347.808,0,0,11,32,1,3,0
23-06 13:57:36,8.251,22.752,67.256,0,0,1400016,860424,178800,5478008,5220.486,1694.158,0,796.074,0,10.001,5518,3869,1.550,1.440,0.810,3,0,370.034,0,0,11,32,1,1,0
23-06 13:57:37,8.504,21.010,70.035,0,0,1406588,853816,178800,5478044,5137.551,1532.761,0,612.304,0,9.004,6017,4566,1.430,1.410,0.810,2,0,453.225,0,0,11,32,1,1,0
23-06 13:57:38,7.984,20.458,69.359,0,0,1398540,861836,178800,5478072,4748.318,1528.882,0,203.585,0,7.984,5959,4472,1.430,1.410,0.810,1,0,432.119,0,0,11,32,1,1,0
23-06 13:57:39,7.519,23.310,67.674,0,0,1365924,894420,178800,5478104,5113.115,1698.356,0,248.638,0,14.036,6383,5064,1.430,1.410,0.810,1,0,534.371,0,0,11,32,1,1,0
23-06 13:57:40,9.251,20.001,69.254,0,0,1326056,934208,178816,5478132,4818.312,1458.094,0,116.008,0,9.001,6114,4952,1.430,1.410,0.810,1,0,483.031,0,0,11,32,1,1,0
23-06 13:57:41,34.489,30.990,34.489,0.500,0,1411564,848632,178844,5478176,4858.401,1693.443,0,939.691,0,55.982,7231,6823,1.430,1.410,0.810,3,0,771.746,0,0,11,32,1,7,0
23-06 13:57:42,62.238,12.998,23.746,0.250,0,1585300,674036,178900,5478980,4756.118,1619.700,0,407.924,0,23.996,3904,1859,1.560,1.440,0.820,3,0,0,0,0,11,32,1,7,0
23-06 13:57:43,52.001,10.201,25.876,9.455,0,1645412,603332,179604,5487680,4597.971,1612.276,370.226,26787.662,2.986,2163.634,11477,21468,1.560,1.440,0.820,4,0,79.619,0,0,11,38,1,8,0
23-06 13:57:44,37.933,14.319,31.150,14.570,0,1685596,551248,180544,5498220,5365.880,1670.055,0,96951.604,0,6659.117,22228,46067,1.560,1.440,0.820,4,1,168.814,0,0,11,36,1,8,0
23-06 13:57:45,39.987,9.497,32.739,13.496,0,1712588,513364,180816,5508460,9941.765,6723.812,0,89063.021,0,6612.848,20648,43807,1.560,1.440,0.820,4,1,54.982,0,0,11,37,1,8,0
23-06 13:57:46,41.442,14.979,31.206,11.234,0,1594436,624312,181212,5515012,9844.232,5803.883,0,55722.069,0,4250.056,17196,32488,1.560,1.440,0.820,8,0,218.694,0,0,11,34,1,9,0
23-06 13:57:47,43.225,21.737,23.237,9.994,0,1642216,567568,181612,5523572,4740.266,1565.097,295.829,52461.742,3.998,3775.822,16882,33701,1.670,1.470,0.830,3,0,268.845,0,0,11,34,1,9,0
23-06 13:57:48,37.080,17.538,32.570,9.019,0,1669300,536512,181908,5526676,11771.246,8519.271,1603.439,52637.893,27.058,4199.006,17634,33317,1.670,1.470,0.830,1,1,233.501,0,0,11,35,1,9,0
23-06 13:57:49,28.224,7.743,49.703,11.739,0,1660376,542012,182004,5529924,16174.841,12930.882,0,50037.107,0,4068.187,18659,35886,1.670,1.470,0.830,2,0,53.949,0,0,11,35,1,9,0
23-06 13:57:50,35.790,9.511,40.796,11.513,0,1633976,568676,182148,5529504,6735.577,2828.182,0,44065.572,0,3912.401,15826,30000,1.670,1.470,0.830,2,1,51.057,0,0,11,34,1,9,0
23-06 13:57:51,32.252,7.000,43.752,12.751,0,1674428,527220,182408,5530196,9897.542,6652.364,0,43218.366,0,4148.227,15764,31537,1.670,1.470,0.830,3,0,42.002,0,0,11,35,1,9,0
23-06 13:57:52,34.573,7.213,46.513,9.203,0,1660784,539068,182552,5531828,13296.110,9872.590,0,41161.826,0,3318.058,15832,29204,1.700,1.480,0.840,7,0,29.848,0,0,11,35,1,9,0
23-06 13:57:53,36.860,7.773,42.377,10.281,0,1619040,578724,182628,5533788,11558.613,8182.503,0,32641.748,0,3111.317,15583,28902,1.700,1.480,0.840,2,0,116.348,0,0,11,36,1,10,0
23-06 13:57:54,35.310,8.515,42.322,12.271,0,1656416,537252,182692,5537704,4748.088,1622.764,0,80525.172,0,6102.395,16470,38248,1.700,1.480,0.840,2,0,69.118,0,0,11,36,1,10,0
23-06 13:57:55,28.007,7.252,50.263,11.503,0,1653516,536956,182812,5540664,14359.692,10567.717,0,48616.501,0,4143.065,17026,33493,1.700,1.480,0.840,3,1,64.016,0,0,11,37,1,10,0
23-06 13:57:56,30.084,7.459,46.991,12.432,0,1643848,543840,182916,5543268,13672.694,10205.789,0,57145.258,0,4481.318,19888,38271,1.700,1.480,0.840,6,0,83.540,0,0,11,36,1,10,0
23-06 13:57:57,34.709,9.558,39.236,12.073,0,1564296,621572,182968,5544992,4985.018,1466.833,0,43437.568,0,3960.851,15473,29519,1.720,1.480,0.840,3,0,66.400,0,0,11,36,1,10,0
23-06 13:57:58,30.695,8.984,45.668,12.727,0,1596584,594428,182996,5539824,11227.860,7263.970,0,49287.591,0,4325.242,17368,33474,1.720,1.480,0.840,2,1,11.979,0,0,11,37,1,10,0
23-06 13:57:59,32.415,6.732,48.872,9.725,0,1590832,598304,183008,5541680,16965.517,11842.948,0,44770.614,0,3379.140,15650,28964,1.720,1.480,0.840,2,0,29.922,0,0,11,35,1,11,0
23-06 13:58:00,31.293,14.770,51.321,1.001,0.250,1410036,779024,183008,5541740,9867.614,5733.911,0,8575.832,0,448.619,5828,6381,1.720,1.480,0.840,1,0,267.369,0,0,11,32,1,12,0
23-06 13:58:01,19.499,3.000,76.497,0.250,0,1448804,740256,183008,5541740,7008.765,3585.880,0,683.977,0,42.999,1717,1262,1.720,1.480,0.840,0,0,0,0,0,11,33,1,12,0
23-06 13:58:02,20.499,2.500,75.748,0.500,0,1448756,740032,183012,5542008,12884.642,8497.764,0,5275.853,0,312.991,3694,4764,1.660,1.480,0.840,1,0,0,0,0,11,32,1,13,0
23-06 13:58:03,21.002,6.000,71.255,0.250,0,1427300,761460,183012,5542008,5160.370,1620.116,0,64.005,0,7.001,2346,1685,1.660,1.480,0.840,1,0,40.003,0,0,11,32,1,13,0
23-06 13:58:04,16.996,1.999,80.479,0,0,1443636,745120,183012,5542012,11530.039,7500.074,0,0,0,0,1863,1610,1.660,1.480,0.840,1,0,0,0,0,11,33,1,13,0
23-06 13:58:05,19.054,6.769,72.955,0,0,1454664,734080,183012,5542024,5932.709,2292.457,0,116.328,0,12.034,2975,2559,1.660,1.480,0.840,1,0,61.172,0,0,11,32,1,14,0
23-06 13:58:06,18.748,3.000,77.494,0,0,1506204,682452,183012,5542112,7659.372,3970.674,0,4.000,0,1.000,1677,1163,1.660,1.480,0.840,1,0,0,0,0,11,33,1,14,0
23-06 13:58:07,24.937,4.738,69.324,0.249,0,1512724,675776,183012,5542264,13905.700,9597.636,0,271.311,0,20.947,4375,14744,1.610,1.470,0.850,1,0,35.909,0,0,11,32,1,16,0
23-06 13:58:08,20.259,5.503,72.784,0,0,1526920,661580,183012,5542264,4658.162,1296.602,0,120.056,0,9.004,2240,1590,1.610,1.470,0.850,1,0,43.020,0,0,11,32,1,16,0
23-06 13:58:09,18.244,2.499,78.476,0,0,1537036,651456,183012,5542272,11166.516,7546.646,0,175.945,0,1.000,2284,2243,1.610,1.470,0.850,1,0,0,0,0,11,33,1,15,0
23-06 13:58:10,15.797,6.519,76.476,0,0,1499140,689288,183012,5542336,9551.198,6307.622,0,224.663,0,22.065,3823,3938,1.610,1.470,0.850,1,0,89.264,0,0,11,32,1,16,0
23-06 13:58:11,7.981,22.198,67.593,0.249,0,1479396,708916,183012,5542452,5193.913,1562.364,0,155.638,0,7.981,5387,3546,1.610,1.470,0.850,1,0,338.213,0,0,11,32,1,16,0
23-06 13:58:12,30.565,24.301,43.592,0,0,1484584,703528,183028,5542648,4183.831,1461.084,0,1038.191,0,79.167,5750,4787,1.800,1.510,0.860,3,0,369.780,0,0,11,32,1,22,0
23-06 13:58:13,62.904,12.481,23.963,0,0,1597068,590004,183052,5543664,4824.639,1509.697,0,4513.114,0,39.939,3785,1632,1.800,1.510,0.860,4,0,2.995,0,0,11,32,1,22,0
23-06 13:58:14,65.433,9.740,23.976,0,0,1762276,421920,183168,5546120,4781.134,1564.408,0,3480.458,0,217.778,3883,1531,1.800,1.510,0.860,4,0,0,0,0,11,32,1,22,0
23-06 13:58:15,49.597,8.016,33.065,6.513,0,1805688,369824,183320,5554084,4406.642,1460.865,0,37052.666,0,2416.740,12179,20227,1.800,1.510,0.860,1,0,103.202,0,0,11,38,1,22,0
23-06 13:58:16,26.991,9.747,46.984,14.745,0,1804664,358736,183408,5565692,5098.288,1619.456,0,96091.727,0,7012.645,25603,51543,1.800,1.510,0.860,3,0,236.920,0,0,11,38,1,22,0
23-06 13:58:17,32.503,10.751,41.754,12.501,0,1804788,349160,183484,5574768,6439.626,1662.161,0,97509.473,0,7616.740,28444,57899,2.140,1.580,0.890,8,1,186.018,0,0,11,38,1,22,0
23-06 13:58:18,39.672,11.477,32.935,12.974,0,1718520,425476,183576,5584300,6227.682,1616.802,3.992,73083.443,0.998,5231.652,20595,39620,2.140,1.580,0.890,2,1,230.544,0,0,11,36,1,22,0
23-06 13:58:19,44.528,9.506,31.770,11.757,0,1781040,353180,183628,5593636,6816.244,1512.942,0,73561.804,0,5366.341,18650,37884,2.140,1.580,0.890,1,1,70.044,0,0,11,36,1,22,0
23-06 13:58:20,38.657,10.475,37.160,11.722,0,1831676,291692,183652,5604040,5450.838,1709.871,0,103166.884,0,7189.639,20678,45593,2.140,1.580,0.890,2,1,40.901,0,0,11,38,1,22,0
23-06 13:58:21,40.691,10.801,35.165,11.303,0,1773684,344416,183652,5609156,5170.285,1573.390,0,71230.566,0,5529.974,20525,40322,2.140,1.580,0.890,2,0,180.849,0,0,11,36,1,22,0
23-06 13:58:22,33.960,11.736,52.688,0.999,0,1498336,619840,183652,5609080,4811.332,1618.094,0,6408.451,0,365.569,4782,4416,2.050,1.580,0.890,1,0,248.707,0,0,11,32,1,22,0
23-06 13:58:23,23.207,3.494,72.367,0.250,0,1539484,578664,183652,5609108,4431.876,1617.036,0,1321.578,0,72.866,2038,1697,2.050,1.580,0.890,1,0,0.998,0,0,11,32,1,22,0
23-06 13:58:24,23.008,3.251,71.524,0.750,0,1578336,539812,183652,5609108,4519.544,1458.498,0,4909.677,0,294.100,2422,2467,2.050,1.580,0.890,1,0,2.001,0,0,11,34,1,22,0
23-06 13:58:25,25.033,1.252,73.348,0.250,0,1580904,537236,183652,5609116,4806.404,1622.161,0,404.539,0,60.080,2165,1763,2.050,1.580,0.890,1,0,1.001,0,0,11,34,1,22,0
23-06 13:58:26,20.212,5.739,73.363,0,0,1485844,632292,183652,5609120,4014.513,700.693,0,0,0,0,2182,1477,2.050,1.580,0.890,1,0,27.948,0,0,11,32,1,22,0
23-06 13:58:27,22.003,3.750,73.509,0,0,1536368,581768,183652,5609120,4493.577,1296.166,0,40.005,0,4.001,1793,1265,1.960,1.570,0.890,3,0,0,0,0,11,32,1,22,0
23-06 13:58:28,24.253,1.500,73.008,0,0,1550584,567548,183652,5609124,5146.563,1566.171,0,296.032,0,24.003,2033,1610,1.960,1.570,0.890,1,0,2.000,0,0,11,34,1,22,0
23-06 13:58:29,11.770,35.560,51.087,0,0,1474372,643724,183656,5609152,4978.439,1352.292,0,308.523,0,42.071,6560,5306,1.960,1.570,0.890,3,0,711.206,0,0,11,32,1,22,0
23-06 13:58:30,10.258,31.776,56.295,0,0.250,1456316,661728,183656,5609204,4391.530,1188.956,0,584.470,0,80.064,6489,5312,1.960,1.570,0.890,2,0,666.536,0,0,11,32,1,22,0
23-06 13:58:31,8.229,21.195,68.822,0,0,1458636,659320,183656,5609276,4825.548,1292.664,0,99.743,0,10.972,6051,4573,1.960,1.570,0.890,1,0,489.736,0,0,11,32,1,22,0
23-06 13:58:32,8.517,20.541,69.139,0,0,1427172,690752,183656,5609304,4668.365,1244.497,0,12.024,0,3.006,5036,3333,1.890,1.560,0.890,2,0,260.523,0,0,11,32,1,22,0
23-06 13:58:33,9.002,21.505,67.766,0,0,1417292,700616,183656,5609320,4953.183,1512.361,0,28.007,0,7.002,5196,3527,1.890,1.560,0.890,2,0,280.067,0,0,11,32,1,22,0
23-06 13:58:34,17.194,16.696,63.794,0,0,1429840,688032,183656,5609328,4949.981,1634.710,0,7.974,0,1.994,5473,6265,1.890,1.560,0.890,3,0,201.348,0,0,11,32,1,22,0
23-06 13:58:35,42.647,13.547,43.901,0,0,1519284,598540,183664,5609824,4575.763,1699.856,0,52.180,0,2.007,4046,2583,1.890,1.560,0.890,2,0,131.453,0,0,11,33,1,22,0
23-06 13:58:36,49.323,4.235,44.839,0.249,0,1605544,512160,183668,5609936,5083.795,1687.956,0,1514.576,0,201.279,3238,1823,1.890,1.560,0.890,2,0,8.968,0,0,11,45,1,22,0
23-06 13:58:37,45.295,6.006,47.797,0,0,1671112,444876,183740,5611288,5168.086,1641.615,0,1501.478,0,113.111,3565,2498,1.890,1.560,0.900,2,0,10.010,0,0,11,49,1,22,0
23-06 13:58:38,15.788,19.045,63.401,0.251,0,1659708,453416,183744,5614016,4977.838,1643.909,0,549.306,0,34.081,6485,9639,1.890,1.560,0.900,2,0,281.670,0,0,11,48,1,23,0
23-06 13:58:39,16.211,13.467,69.831,0,0,1677932,435116,183744,5614028,4967.955,1689.903,0,195.526,0,9.976,5186,7171,1.890,1.560,0.900,0,0,211.487,0,0,11,48,1,23,0
23-06 13:58:40,0.250,0.750,97.482,0,0,1677932,435116,183744,5614028,5384.992,1607.699,0,123.977,0,8.998,808,1007,1.890,1.560,0.900,0,0,2.999,0,0,11,48,1,23,0
23-06 13:58:41,0.750,0.500,98.252,0,0,1677952,435116,183744,5614028,5256.105,1370.027,0,36.001,0,4.000,757,1008,1.890,1.560,0.900,0,0,2.000,0,0,11,48,1,23,0
23-06 13:58:42,0.750,0.250,98.226,0,0,1677952,435116,183744,5614028,4847.797,1241.692,0,7.998,0,2.000,753,976,1.740,1.540,0.890,0,0,2.000,0,0,11,48,1,17,0
23-06 13:58:43,1.254,1.504,96.789,0,0,1672208,440860,183744,5614020,4786.308,1516.533,0,0,0,0,979,1219,1.740,1.540,0.890,1,0,11.033,0,0,11,48,1,17,0
23-06 13:58:44,15.968,16.217,65.617,0,0,1695568,417348,183744,5614608,4596.652,1562.822,0,2315.292,0,17.963,5394,6571,1.740,1.540,0.890,1,0,267.456,0,0,11,48,1,17,0
23-06 13:58:45,12.284,16.044,70.442,0,0,1678872,434044,183744,5614172,4169.385,1536.195,0,4.011,0,1.003,4345,4147,1.740,1.540,0.890,2,0,236.646,0,0,11,48,1,17,0
23-06 13:58:46,15.696,19.682,62.286,0.249,0,1681456,431384,183744,5614648,5018.747,1851.635,0,231.205,0,8.969,5946,5572,1.740,1.540,0.890,1,0,290.003,0,0,12,52,1,16,0
23-06 13:58:47,22.780,14.269,61.330,0,0,1676232,436632,183744,5614164,5081.661,1459.914,0,200.262,0,22.029,5075,6028,1.680,1.530,0.900,3,0,173.227,0,0,12,64,1,16,0
23-06 13:58:48,4.247,11.243,82.947,0.500,0,1681352,431464,183744,5614232,4976.833,1660.943,0,639.593,0,39.975,2885,2835,1.680,1.530,0.900,2,0,166.894,0,0,12,64,1,16,0
23-06 13:58:49,19.045,15.787,63.901,0,0.251,1664108,448692,183744,5614244,4288.163,1461.464,0,805.910,0,16.038,5914,7703,1.680,1.530,0.900,1,0,184.437,0,0,14,64,1,16,0
23-06 13:58:50,9.218,18.187,71.005,0,0.249,1689840,422904,183744,5614284,4875.167,1506.797,0,3.986,0,0.997,4809,3522,1.680,1.530,0.900,1,0,255.119,0,0,14,66,1,15,0
23-06 13:58:51,8.027,21.321,68.730,0,0,1669064,443520,183748,5614440,5042.866,1655.537,0,20.067,0,5.017,5139,3505,1.680,1.530,0.900,1,0,269.903,0,0,14,66,1,15,0
23-06 13:58:52,10.708,21.666,64.748,0,0.249,1660756,451792,183748,5614896,5137.010,1613.721,0,5219.689,0,370.558,5769,4665,1.630,1.520,0.900,1,0,268.953,0,0,14,66,1,15,0
23-06 13:58:53,24.332,17.309,57.444,0,0,1698476,414040,183756,5614472,4766.115,1699.747,0,16.054,0,2.007,5540,5618,1.630,1.520,0.900,2,0,223.757,0,0,14,66,1,15,0
23-06 13:58:54,28.956,24.962,44.931,0,0,1779752,332676,183756,5614516,4792.676,1617.528,0,603.078,0,10.983,5976,4246,1.630,1.520,0.900,2,0,397.393,0,0,14,66,1,14,0
23-06 13:58:55,28.786,25.532,44.555,0,0,1838560,272288,183832,5615944,4597.695,1513.875,0,32.040,0,5.006,6458,6924,1.630,1.520,0.900,2,0,445.552,0,0,14,70,1,16,0
23-06 13:58:56,28.231,25.982,44.220,0,0,1940724,170092,183832,5615988,5096.538,1708.839,0,35.976,0,8.994,6062,4738,1.630,1.520,0.900,2,0,414.718,0,0,14,70,1,16,0
23-06 13:58:57,38.649,18.203,41.891,0,0,1948132,162468,183836,5616176,5283.242,1615.792,0,11.969,0,2.992,5511,6732,1.660,1.530,0.900,4,0,231.397,0,0,14,70,1,16,0
23-06 13:58:58,47.819,28.040,23.534,0,0,2049844,132436,178056,5552280,6188.879,1622.327,20.029,937.345,3.004,30.043,6474,5815,1.660,1.530,0.900,3,0,453.651,0,0,14,70,1,16,0
23-06 13:58:59,59.747,20.499,18.999,0,0,2115388,122868,175600,5500152,5625.698,1565.916,187.990,859.954,2.000,11.999,5998,8710,1.660,1.530,0.900,4,0,262.986,0,0,14,70,1,16,0
23-06 13:59:00,67.137,29.201,2.995,0.250,0,2226420,174212,174732,5342024,5482.776,1509.460,511.140,9364.245,26.955,427.281,6344,6766,1.660,1.530,0.900,5,0,483.187,0,0,14,70,1,16,0
23-06 13:59:01,75.001,22.000,2.000,0.500,0.250,2374868,181796,174416,5189744,5808.052,1566.014,724.006,3824.034,77.001,109.001,6747,7100,1.660,1.530,0.900,5,0,249.002,0,0,14,74,1,16,0
23-06 13:59:02,65.457,27.838,3.511,3.260,0,2475484,197720,174164,5075968,5091.065,1462.615,517.633,32470.460,13.041,2384.524,13042,25272,1.930,1.590,0.930,4,0,381.203,0,0,14,76,1,14,0
23-06 13:59:03,71.107,25.288,2.754,0.751,0,2577232,165652,174276,5008312,4959.428,1514.268,428.642,13756.605,23.035,1174.760,11740,21992,1.930,1.590,0.930,5,0,345.518,0,0,14,76,1,16,0
23-06 13:59:04,72.396,23.217,3.245,0,0,2689624,125632,174284,4937192,5138.647,1563.762,455.348,914.691,10.984,43.937,7506,12290,1.930,1.590,0.930,4,0,419.400,0,0,14,87,1,23,0
23-06 13:59:05,49.565,27.896,21.669,0.249,0,2751672,202484,174288,4801032,5352.047,1506.384,0,3020.738,0,342.722,7928,10601,1.930,1.590,0.930,2,0,460.284,0,0,14,89,1,29,0
23-06 13:59:06,39.883,18.311,40.886,0,0,2793988,160104,174288,4801232,3886.975,756.525,0,662.211,0,36.121,6146,7117,1.930,1.590,0.930,4,0,230.770,0,0,14,91,1,27,0
23-06 13:59:07,65.423,17.729,16.231,0.250,0,2939652,220184,174304,4600568,4759.388,1228.551,3204.222,16572.460,37.955,688.189,6594,19648,2.330,1.680,0.960,2,0,166.803,0,0,14,94,1,31,0
23-06 13:59:08,31.831,11.780,54.890,0.251,0,3001464,157996,174320,4601100,4653.847,1245.170,12.031,1339.410,3.008,79.202,4295,3918,2.330,1.680,0.960,1,0,131.334,0,0,14,97,1,32,0
23-06 13:59:09,7.217,20.158,70.677,0,0,3018380,140876,174320,4601308,4511.412,1505.131,0,11.945,0,2.986,5041,3464,2.330,1.680,0.960,2,0,259.814,0,0,14,97,1,32,0
23-06 13:59:10,7.757,19.768,70.065,0,0,3013880,145348,174320,4601336,4013.736,1425.327,0,156.145,0,14.013,5285,3894,2.330,1.680,0.960,1,0,291.271,0,0,14,97,1,29,0
23-06 13:59:11,8.261,19.276,70.594,0,0,3021044,138156,174320,4601364,4902.534,1297.730,4.005,32.043,1.001,4.005,5067,3558,2.330,1.680,0.960,1,0,275.367,0,0,14,97,1,29,0
23-06 13:59:12,20.497,5.999,72.739,0,0,3084396,140664,174324,4536592,5126.250,1661.757,3.999,535.922,1.000,5.999,2147,1533,2.230,1.660,0.960,1,0,32.995,0,0,14,97,1,29,0
23-06 13:59:13,19.744,3.499,75.478,0,0,3105868,186932,174324,4470744,11672.611,7992.680,75.978,1999.420,6.998,20.994,2840,2975,2.230,1.660,0.960,2,0,1.000,0,0,14,102,1,29,0
23-06 13:59:14,19.496,6.249,73.237,0,0,3052320,240668,174324,4470656,22016.970,18807.558,0,191.965,0,10.998,2628,1850,2.230,1.660,0.960,2,0,62.988,0,0,14,101,1,24,0
23-06 13:59:15,24.005,3.501,71.766,0,0,3108480,184500,174324,4470664,7425.644,3895.863,4.001,228.050,1.000,34.008,2406,2057,2.230,1.660,0.960,3,0,4.001,0,0,14,108,1,24,0
23-06 13:59:16,18.738,2.998,76.201,0.500,0,3108652,184024,174340,4470924,9646.805,5749.308,3.997,539.653,0.999,36.976,2466,2615,2.230,1.660,0.960,1,0,0,0,0,14,110,1,24,0
23-06 13:59:17,28.781,6.007,62.318,1.752,0,3143524,148744,174340,4471332,5971.503,1279.393,112.122,2110.298,7.008,247.269,5624,7924,2.130,1.650,0.960,3,0,6.007,0,0,14,115,1,24,0
23-06 13:59:18,37.980,10.494,49.723,0.250,0,3203860,155236,174340,4406404,6885.292,2383.716,7.996,1415.238,1.999,126.932,5918,6563,2.130,1.650,0.960,1,0,114.938,0,0,14,120,1,26,0
23-06 13:59:19,18.497,3.249,77.486,0,0,3252320,172324,174340,4342488,11375.952,6303.865,63.988,387.930,3.999,25.995,2165,2142,2.130,1.650,0.960,2,0,0,0,0,14,121,1,26,0
23-06 13:59:20,19.992,2.999,74.720,0.750,0,3248688,175916,174344,4342524,7507.952,3905.415,47.981,1631.338,5.998,100.959,3106,3780,2.130,1.650,0.960,1,0,1.000,0,0,14,121,1,26,0
23-06 13:59:21,34.363,9.281,54.931,0.502,0,3220212,204176,174348,4342736,6732.154,2757.073,0,1099.619,0,109.360,5254,5711,2.130,1.650,0.960,2,0,95.314,0,0,14,122,1,27,0
23-06 13:59:22,43.587,7.472,47.074,0,0,3330116,159080,174348,4279516,4996.288,1452.560,0,498.134,0,29.888,3046,1631,2.120,1.660,0.960,2,0,4.981,0,0,14,122,1,27,0
23-06 13:59:23,24.736,5.247,68.711,0.500,0,3298800,190344,174348,4279568,29146.273,25171.554,7.995,4545.391,1.999,367.789,2889,2329,2.120,1.660,0.960,1,0,23.986,0,0,14,122,1,28,0
23-06 13:59:24,21.272,5.255,72.325,0.250,0,3342304,207132,174348,4220360,4642.840,1459.521,8.008,132.138,2.002,14.015,2216,1706,2.120,1.660,0.960,1,0,31.032,0,0,14,122,1,28,0
23-06 13:59:25,18.558,2.508,78.243,0,0,3288180,261400,174348,4220216,28802.455,25101.962,4.012,32.100,1.003,4.012,2067,1613,2.120,1.660,0.960,2,0,6.019,0,0,14,122,1,29,0
23-06 13:59:26,18.952,6.733,73.066,0,0,3353744,195812,174348,4220240,4907.628,1615.926,0,0,0,0,2280,1627,2.120,1.660,0.960,1,0,45.884,0,0,14,122,1,29,0
23-06 13:59:27,19.794,4.009,75.669,0,0,3364748,184760,174348,4220288,11832.363,7947.708,8.018,1106.465,2.004,27.060,2620,2721,1.950,1.630,0.960,4,0,5.011,0,0,14,125,1,30,0
23-06 13:59:28,23.009,10.004,65.024,0.500,0,3382372,166888,174348,4220536,5974.228,2769.033,0,936.349,0,93.035,5387,6847,1.950,1.630,0.960,1,0,85.032,0,0,14,124,1,31,0
23-06 13:59:29,19.439,1.994,77.507,0.249,0,3417908,131352,174348,4220536,7003.036,3852.916,0,251.212,0,13.956,1620,1146,1.950,1.630,0.960,0,0,0,0,0,14,125,1,31,0
23-06 13:59:30,18.500,5.750,74.249,0.250,0,3352664,196572,174348,4220560,26899.730,22874.771,0,1067.989,0,57.999,2674,2140,1.950,1.630,0.960,1,0,54.999,0,0,14,124,1,32,0
23-06 13:59:31,20.746,3.249,75.237,0,0,3398172,151060,174348,4220564,6529.866,3585.377,0,0,0,0,1762,1157,1.950,1.630,0.960,0,0,0,0,0,14,125,1,32,0
23-06 13:59:32,18.757,4.252,74.527,1.501,0,3399236,149764,174348,4220796,9934.620,6308.299,0,6466.356,0,491.179,4931,7825,1.950,1.640,0.970,2,0,1.000,0,0,14,126,1,32,0
23-06 13:59:33,26.712,4.244,65.906,0.499,0,3368516,180372,174348,4220908,5809.710,2855.925,0,3287.309,0,266.620,5689,8440,1.950,1.640,0.970,1,0,4.993,0,0,14,125,1,34,0
23-06 13:59:34,21.028,6.258,72.097,0.250,0,3388800,160100,174348,4220912,5070.821,1568.109,16.022,340.458,1.001,18.024,2446,1943,1.950,1.640,0.970,1,0,50.067,0,0,14,125,0,34,0
23-06 13:59:35,15.547,2.257,80.496,0,0,3401928,146916,174348,4220964,15255.528,11820.050,32.098,946.888,2.006,106.324,2337,2279,1.950,1.640,0.970,1,0,1.003,0,0,14,126,0,34,0
23-06 13:59:36,25.226,3.747,68.686,0.999,0,3399944,148840,174348,4221024,5005.337,1522.582,0,1138.939,0,118.889,4873,6664,1.950,1.640,0.970,2,0,0,0,0,14,126,0,34,0
23-06 13:59:37,36.180,6.987,54.395,0.499,0,3368440,180096,174348,4221272,6414.667,2481.229,0,1205.682,0,129.751,8773,13769,1.960,1.640,0.970,1,0,9.981,0,0,14,129,0,35,0
23-06 13:59:38,21.746,6.999,70.236,0.250,0,3424704,123820,174348,4221284,5057.011,1457.715,0,475.907,0,28.994,2808,2268,1.960,1.640,0.970,1,0,69.986,0,0,14,131,0,35,0
23-06 13:59:39,17.743,2.749,78.467,0,0,3391304,203716,174348,4175512,12575.728,9579.984,0,351.852,0,17.992,1900,1580,1.960,1.640,0.970,0,0,0,0,0,14,132,0,34,0
23-06 13:59:40,16.511,10.257,71.298,0.751,0,3322820,272152,174348,4175560,7689.191,3184.149,8.005,1020.689,2.001,111.075,4532,4885,1.960,1.640,0.970,1,0,147.099,0,0,14,131,0,35,0
23-06 13:59:41,21.487,3.998,73.457,0,0,3398084,196880,174348,4175568,5005.037,1457.137,0,415.754,0,24.985,1833,1346,1.960,1.640,0.970,1,0,0,0,0,14,131,0,35,0
23-06 13:59:42,17.001,2.250,79.002,0.500,0,3402236,192724,174348,4175572,16382.510,12946.403,0,636.020,0,56.002,2657,3397,1.800,1.620,0.970,1,0,0,0,0,14,132,0,35,0
23-06 13:59:43,25.747,5.499,66.492,0.750,0,3394360,200512,174352,4175656,4413.498,1457.834,0,4535.484,0,438.950,7254,10881,1.800,1.620,0.970,1,0,0,0,0,14,132,0,35,0
23-06 13:59:44,35.321,8.517,53.357,1.253,0,3349020,245084,174368,4176376,6485.016,3214.451,444.893,7647.348,66.133,481.967,8696,13199,1.800,1.620,0.970,3,0,29.058,0,0,14,131,0,36,0
23-06 13:59:45,27.958,14.978,54.918,0.499,0,3356304,237568,174368,4176608,4834.816,1783.350,15.976,1302.065,0.999,105.843,7019,9197,1.800,1.620,0.970,1,0,260.613,0,0,14,131,0,36,0
23-06 13:59:46,18.249,2.500,77.996,0.250,0,3392536,201280,174368,4176616,10829.424,7508.601,0,347.981,0,17.999,1784,1342,1.800,1.620,0.970,1,0,0,0,0,14,132,0,36,0
23-06 13:59:47,16.287,12.278,70.660,0.251,0,3367460,226316,174368,4176640,6770.338,3413.734,0,1904.314,0,93.211,4304,3549,1.730,1.610,0.970,3,0,187.425,0,0,14,131,0,37,0
23-06 13:59:48,8.999,19.997,68.491,0,0,3326168,267556,174368,4176676,4947.347,1661.781,3.999,355.953,1.000,30.996,5694,4481,1.730,1.610,0.970,1,0,324.957,0,0,14,131,0,37,0
23-06 13:59:49,16.463,17.960,63.856,0.249,0,3313232,280472,174368,4177044,4687.453,1454.727,0,323.273,0,21.951,5972,6669,1.730,1.610,0.970,2,0,253.430,0,0,14,131,0,37,0
23-06 13:59:50,29.837,21.814,48.392,0,0,3387632,206012,174368,4176744,4753.926,1666.883,0,361.058,0,26.076,6455,5705,1.730,1.610,0.970,2,0,462.354,0,0,14,131,0,37,0
23-06 13:59:51,37.030,22.268,39.282,0,0,3422528,170720,174380,4177564,4693.809,1691.372,80.065,288.234,5.004,20.016,6635,8645,1.730,1.610,0.970,2,0,424.344,0,0,14,137,0,37,0
23-06 13:59:52,40.732,22.990,36.234,0,0,3501828,180672,174380,4089428,4277.079,1133.491,51.977,247.889,1.999,11.995,6359,5923,1.760,1.610,0.970,5,0,429.807,0,0,16,137,0,37,0
23-06 13:59:53,59.450,27.976,12.240,0.250,0,3641444,133096,174388,3998740,3521.035,863.273,23.980,515.566,2.997,37.968,6951,12157,1.760,1.610,0.970,3,0,404.659,0,0,16,143,0,37,0
23-06 13:59:54,53.194,21.727,24.225,0.250,0,3715880,158036,174388,3900852,4323.475,1186.758,15.983,371.611,2.997,25.973,8537,13748,1.760,1.610,0.970,2,0,221.768,0,0,16,159,0,37,0
23-06 13:59:55,33.269,25.014,40.523,0.250,0,3791160,134368,174392,3849704,4792.748,1440.826,0,588.337,0,12.007,14718,4385,1.760,1.610,0.970,2,0,349.200,0,0,16,159,0,35,0
23-06 13:59:56,23.499,23.749,50.499,0,0,3820492,160448,174392,3795596,4471.876,1511.958,75.998,763.979,2.000,24.999,5734,4195,1.760,1.610,0.970,1,0,358.990,0,0,17,159,0,35,0
23-06 13:59:57,8.754,22.011,67.784,0,0,3808364,172516,174392,3795640,5271.625,1512.753,8.004,252.126,2.001,21.010,5247,3687,1.620,1.590,0.970,3,0,262.131,0,0,17,159,0,35,0
23-06 13:59:58,20.480,17.234,59.693,0.500,0,3831188,149680,174392,3795656,6026.233,1510.554,0,9994.435,0,821.214,6326,7484,1.620,1.590,0.970,3,0,208.800,0,0,17,159,0,35,0
23-06 13:59:59,28.057,24.299,45.592,0,0,3897492,138572,174392,3741932,6571.288,1460.954,0,72.146,0,2.004,5843,4236,1.620,1.590,0.970,2,0,355.719,0,0,17,159,0,35,0
23-06 14:00:00,32.134,21.423,46.333,0,0,3921848,183044,174400,3675012,5725.332,1522.504,7.971,223.194,1.993,23.914,6098,6147,1.620,1.590,0.970,1,0,325.824,0,0,17,165,0,36,0
23-06 14:00:01,30.613,21.580,46.672,0,0,3970788,169344,174400,3640044,5560.540,1463.406,100.371,140.519,11.041,4.015,6502,10593,1.620,1.590,0.970,5,0,275.016,0,0,17,167,0,36,0
23-06 14:00:02,35.499,26.249,36.999,0,0,4073300,133528,174408,3575116,6574.861,1457.969,23.999,475.990,3.000,39.999,7076,7681,1.650,1.590,0.970,2,0,489.990,0,0,17,177,0,36,0
23-06 14:00:03,25.207,25.456,46.919,0.250,0,4128504,141488,174412,3513232,5450.615,1617.215,135.766,666.852,10.981,52.909,9171,13091,1.650,1.590,0.970,2,0,431.257,0,0,17,183,0,36,0
23-06 14:00:04,19.766,21.517,56.545,0.751,0,4143764,147596,174412,3492544,5764.569,1621.285,0,828.657,0,51.040,5874,4969,1.650,1.590,0.970,2,0,338.268,0,0,17,201,0,33,0
23-06 14:00:05,14.744,19.991,63.222,0,0,4162464,128852,174412,3492916,5263.700,1655.277,7.997,371.838,1.999,29.987,6575,7507,1.650,1.590,0.970,5,0,266.883,0,0,17,201,0,33,0
23-06 14:00:06,30.767,15.259,53.530,0.250,0,4220432,141364,174412,3423388,5282.973,1620.912,768.432,704.396,12.007,87.049,3990,3027,1.650,1.590,0.970,2,0,127.072,0,0,17,201,0,33,0
23-06 14:00:07,44.683,12.164,41.704,0.248,0,4362372,139556,174412,3287332,5438.445,1650.300,468.677,480.593,12.908,37.732,3643,4484,1.670,1.600,0.980,4,0,34.754,0,0,17,201,0,33,0
23-06 14:00:08,40.143,7.778,50.932,0.251,0,4442484,161664,174416,3186292,5224.620,1571.601,72.258,445.588,9.032,50.179,4084,15139,1.670,1.600,0.980,2,0,14.050,0,0,17,210,0,18,0
23-06 14:00:09,28.864,14.557,55.971,0,0,4332180,272120,174424,3186196,5180.433,1626.415,16.063,248.982,1.004,14.055,4601,3657,1.670,1.600,0.980,2,0,284.121,0,0,17,209,0,18,0
23-06 14:00:10,37.736,27.989,32.488,0,0.250,4420784,179600,174436,3190120,5415.945,2318.120,3090.827,315.880,45.983,18.993,6669,6610,1.670,1.600,0.980,3,0,545.793,0,0,17,216,0,18,0
23-06 14:00:11,40.915,18.711,39.418,0.249,0,4430700,167660,174436,3192108,12763.517,9478.334,51.892,950.029,3.992,18.961,7332,8750,1.670,1.600,0.980,5,0,284.410,0,0,17,217,0,19,0
23-06 14:00:12,70.932,20.231,8.242,0.250,0,4530944,144236,174444,3118312,4604.575,1510.549,79.923,187.820,8.991,9.990,5155,4038,1.860,1.640,1,4,0,157.848,0,0,17,218,0,18,0
23-06 14:00:13,62.377,13.277,21.293,3.257,0,4626572,129480,174472,3039804,11399.258,9330.036,6356.970,1286.625,356.728,35.072,5385,5106,1.860,1.640,1,3,0,29.059,0,0,17,225,0,18,0
23-06 14:00:14,54.147,16.469,26.949,1.248,0,4582528,300544,174536,2916112,8619.562,4639.153,1888.399,5984.587,182.652,153.707,7439,9261,1.860,1.640,1,2,0,208.602,0,0,17,225,0,23,0
23-06 14:00:15,37.832,26.558,33.824,0.251,0,4667904,212744,174536,2918848,4435.646,1569.413,0,9737.174,0,41.089,6811,7167,1.860,1.640,1,5,0,434.946,0,0,17,225,0,23,0
23-06 14:00:16,38.538,19.519,41.291,0,0,4720312,158612,174548,2920220,14711.443,11939.722,88.086,512.503,5.005,32.031,6916,8917,1.860,1.640,1,4,0,288.283,0,0,17,226,0,23,0
23-06 14:00:17,59.689,26.473,12.987,0.250,0,4718276,193260,174552,2887936,7052.824,2356.602,195.801,727.260,7.992,53.945,6587,7264,2.110,1.700,1.020,6,0,524.466,0,0,17,229,0,24,0
23-06 14:00:18,57.878,18.960,22.203,0.748,0,4789824,141808,174572,2868356,12078.617,7317.622,1133.618,806.306,54.885,53.887,6583,9273,2.110,1.700,1.020,6,0,224.528,0,0,17,232,0,26,0
23-06 14:00:19,51.333,27.043,19.531,0.501,0,4776484,220240,174576,2804324,11806.987,6750.856,308.496,17315.846,10.016,1225.972,8327,11221,2.110,1.700,1.020,6,0,440.709,0,0,17,233,0,27,0
23-06 14:00:20,59.186,24.723,14.984,0,0,4883896,141628,174584,2776492,5264.266,1658.194,527.426,938.977,28.968,51.943,8536,14782,2.110,1.700,1.020,3,0,313.658,0,0,17,239,0,26,0
23-06 14:00:21,51.530,20.413,25.641,0,0,4956132,141960,174588,2705384,14732.123,11459.092,768.719,764.736,17.924,32.860,10978,18878,2.110,1.700,1.020,2,0,183.218,0,0,17,240,0,26,0
23-06 14:00:22,62.582,9.802,27.144,0.754,0.251,5028408,128880,174588,2647964,11979.564,7767.213,382.027,478.539,7.037,29.155,4266,2811,2.260,1.740,1.030,4,0,8.043,0,0,17,242,0,27,0
23-06 14:00:23,59.253,11.751,27.001,0.500,0.250,5111120,162536,174600,2534560,13287.725,9832.536,1152.063,804.044,90.005,76.004,6213,7856,2.260,1.740,1.030,2,1,11.001,0,0,17,249,0,32,0
23-06 14:00:24,53.593,15.527,30.052,0.250,0,5019212,281636,174600,2508708,10977.078,7731.437,1198.082,813.414,15.026,59.103,5607,5529,2.260,1.740,1.030,5,0,169.294,0,0,17,249,0,32,0
23-06 14:00:25,47.170,29.949,21.963,0.250,0,5112972,184376,174728,2512088,6384.132,3525.998,4292.693,1464.507,63.891,75.871,7326,7456,2.260,1.740,1.030,2,0,481.181,0,0,17,250,0,32,0
23-06 14:00:26,52.058,23.026,24.027,0,0,5073980,223316,174728,2512508,13825.327,10519.662,784.870,828.919,8.009,26.029,6369,7655,2.260,1.740,1.030,3,0,333.370,0,0,17,249,0,33,0
23-06 14:00:27,75.582,18.708,4.989,0,0,5172216,152952,174732,2485784,4479.026,1508.640,742.347,1508.640,19.956,56.873,6410,6430,2.400,1.770,1.050,4,0,166.629,0,0,18,258,0,35,0
23-06 14:00:28,73.979,13.996,10.497,1.250,0,5274296,134624,174744,2404872,13561.210,11242.858,3215.101,1979.447,157.956,223.937,6137,6481,2.400,1.770,1.050,3,1,12.996,0,0,18,259,0,33,0
23-06 14:00:29,81.691,12.780,5.012,0.251,0,5267464,161712,174768,2385360,6200.475,2289.345,1182.761,1262.948,32.075,102.239,6539,8731,2.400,1.770,1.050,5,0,85.199,0,0,18,263,0,35,0
23-06 14:00:30,40.113,14.700,43.351,0.249,0,5337432,164268,174772,2315196,11371.031,8287.598,817.199,605.923,9.966,40.860,4640,3711,2.400,1.770,1.050,2,0,154.471,0,0,18,269,0,35,0
23-06 14:00:31,34.144,9.289,54.982,0.251,0,5282420,219008,174772,2315468,20112.976,8881.524,562.376,614.597,7.030,49.208,4020,4024,2.400,1.770,1.050,4,0,13.055,0,0,18,272,0,36,0
23-06 14:00:32,43.997,9.749,45.497,0,0,5356288,134704,174772,2325892,11098156.297,176580.626,511.964,383.973,4.000,21.998,9255,5301,2.370,1.780,1.050,3,0,7.000,0,0,18,272,0,35,0
23-06 14:00:33,35.752,15.751,46.252,0.500,0,5382828,131788,174772,2303136,5618404.314,99804.015,2880.145,852.043,35.002,80.004,8726,7455,2.370,1.780,1.050,3,0,262.013,0,0,18,274,0,36,0
23-06 14:00:34,41.578,7.220,50.043,0.249,0,5403336,142956,174772,2272420,10759.521,7326.712,0,434.205,0,37.844,3539,2918,2.370,1.780,1.050,3,0,6.971,0,0,18,277,0,36,0
23-06 14:00:35,38.406,5.271,55.475,0.251,0,5406980,138948,174772,2272788,13947.596,10977.544,321.304,489.988,17.069,39.159,4631,5332,2.370,1.780,1.050,1,0,1.004,0,0,18,282,0,37,0
23-06 14:00:36,18.671,4.232,74.435,0.498,0,5348064,197452,174772,2273200,414397.806,16328316.725,191.191,9328.534,10.954,91.612,4914,3453,2.370,1.780,1.050,1,0,5.975,0,0,18,280,0,37,0
23-06 14:00:37,39.330,6.012,51.855,0.251,0,5401764,133744,174784,2283196,13862293.070,163253.978,20.041,2809.714,2.004,237.483,16575,9622,2.340,1.780,1.060,1,0,1.002,0,0,18,286,0,38,0
23-06 14:00:38,24.542,6.762,66.113,0.751,0,5321544,227028,174784,2271284,3257652.965,83060.196,48.082,969.660,3.005,92.158,8145,6385,2.340,1.780,1.060,1,0,66.113,0,0,18,282,0,42,0
23-06 14:00:39,10.727,18.460,68.101,0.249,0,5284756,263736,174784,2271364,4955.194,1562.592,31.930,16456.112,2.993,1206.369,5559,4274,2.340,1.780,1.060,1,0,318.306,0,0,18,282,0,42,0
23-06 14:00:40,20.040,8.266,71.392,0,0,5344048,204408,174784,2271384,4869.707,1623.236,0,376.751,0,18.036,3009,2552,2.340,1.780,1.060,1,0,117.234,0,0,18,282,0,40,0
23-06 14:00:41,17.692,9.220,71.517,0.498,0,5273552,274888,174784,2271400,5561.913,1614.749,0,2635.430,0,107.650,3595,2836,2.340,1.780,1.060,1,0,124.595,0,0,18,282,0,40,0
23-06 14:00:42,8.767,18.786,70.634,0.250,0,5276888,271520,174784,2271432,5345.106,1568.966,4.008,16154.543,1.002,31.059,5455,4101,2.230,1.770,1.060,1,0,287.544,0,0,18,282,0,40,0
23-06 14:00:43,8.482,13.721,75.588,0,0,5277788,270576,174784,2271476,5115.047,1616.539,11.974,271.419,0.998,28.938,4522,3900,2.230,1.770,1.060,0,0,258.447,0,0,18,286,0,40,0
23-06 14:00:44,7.500,2.750,88.999,0,0,5305504,242856,174784,2271480,5699.967,1619.991,0,0,0,0,1502,1577,2.230,1.770,1.060,1,0,9.000,0,0,18,286,0,39,0
23-06 14:00:45,19.240,2.749,76.958,0,0,5366724,181632,174784,2271484,7141.130,3882.896,0,55.970,0,5.997,1992,1525,2.230,1.770,1.060,0,0,0.999,0,0,18,287,0,39,0
23-06 14:00:46,20.052,5.264,74.441,0.251,0,5332924,215424,174784,2271492,12353.773,8256.235,64.165,0,4.010,0,3015,2421,2.230,1.770,1.060,3,0,53.137,0,0,18,290,0,40,0
23-06 14:00:47,10.747,17.496,69.733,0.250,0,5329196,218868,174788,2271724,5221.739,1565.622,87.979,4842.831,5.999,64.984,4977,3731,2.130,1.750,1.060,1,0,169.959,0,0,18,290,0,40,0
23-06 14:00:48,14.779,18.286,64.376,1.002,0.501,5311032,236816,174788,2271952,4081.992,1136.225,0,2641.171,0,186.365,5814,5099,2.130,1.750,1.060,1,0,188.369,0,0,18,294,0,40,0
23-06 14:00:49,10.706,17.179,69.712,0,0,5305852,241748,174788,2272168,4485.469,1398.223,3.984,258.930,0.996,16.930,5066,3868,2.130,1.750,1.060,1,0,191.210,0,0,18,294,0,39,0
23-06 14:00:50,22.757,4.752,71.023,0,0,5335228,212368,174788,2272172,4227.352,1026.328,0,320.102,0,24.008,2367,2130,2.130,1.750,1.060,1,0,1.000,0,0,18,294,0,39,0
23-06 14:00:51,22.999,3.250,72.998,0,0,5365468,182128,174788,2272172,4997.874,1499.962,103.997,55.999,1.000,4.000,1928,1523,2.130,1.750,1.060,1,0,0,0,0,18,294,0,39,0
23-06 14:00:52,24.240,2.249,70.970,0.250,0,5392260,154940,174788,2272568,5154.838,1619.321,283.881,13106.504,10.995,96.959,2568,2474,2.040,1.740,1.060,1,0,3.998,0,0,18,296,0,39,0
23-06 14:00:53,22.765,4.253,72.299,0,0,5315708,231460,174788,2272600,4641.132,1529.032,24.016,176.119,4.003,14.009,2262,1922,2.040,1.740,1.060,1,0,5.003,0,0,18,294,0,39,0
23-06 14:00:54,22.740,4.748,71.969,0.250,0,5359680,187472,174788,2272616,5157.757,1619.296,47.979,39.983,1.999,4.998,2076,1626,2.040,1.740,1.060,2,0,2.999,0,0,18,294,0,39,0
23-06 14:00:55,11.745,1.499,85.462,0,0,5368408,178680,174788,2272680,18544.762,18367.840,0,0,0,0,2269,2227,2.040,1.740,1.060,0,0,2.999,0,0,18,297,0,40,0
23-06 14:00:56,24.021,4.003,71.061,0.250,0,5323160,223792,174788,2272816,10389.953,3676.168,0,172.148,0,18.016,2405,1868,2.040,1.740,1.060,2,0,16.014,0,0,18,294,0,41,0
23-06 14:00:57,22.739,3.498,72.965,0.250,0,5391268,155672,174788,2272828,5174.505,1619.219,47.977,239.884,1.999,17.991,2098,1791,1.960,1.730,1.060,1,0,0,0,0,18,294,0,41,0
23-06 14:00:58,21.546,6.013,70.651,0.251,0,5345260,201496,174788,2273012,5337.424,1569.359,0,300.644,0,26.056,3122,2629,1.960,1.730,1.060,2,0,79.169,0,0,18,294,0,41,0
23-06 14:00:59,8.760,20.272,68.825,0,0,5344340,202256,174800,2273164,5285.752,1621.765,424.462,424.462,8.009,13.014,5480,4113,1.960,1.730,1.060,2,0,329.358,0,0,18,294,0,41,0
23-06 14:01:00,14.499,12.999,70.746,0,0,5383232,163332,174800,2273196,5999.689,1619.916,15.999,239.988,2.000,16.999,4161,3139,1.960,1.730,1.060,2,0,189.990,0,0,18,294,0,41,0
23-06 14:01:01,18.195,2.492,78.262,0,0,5412916,133572,174840,2273232,12513.982,4493.349,3.988,275.164,0.997,9.970,1933,1661,1.960,1.730,1.060,1,0,17.945,0,0,18,295,0,40,0
23-06 14:01:02,22.441,3.491,71.561,0.249,0,5362168,192988,175448,2264784,5969.212,1735.410,0,765.974,0,11.968,2186,1681,1.880,1.720,1.060,1,0,3.989,0,0,18,294,0,40,0
23-06 14:01:03,22.885,7.544,68.403,0,0,5330332,223476,175512,2266020,5605.046,2071.211,4.024,563.321,1.006,10.059,10122,18385,1.880,1.720,1.060,1,0,18.107,0,0,18,295,0,40,0
23-06 14:01:04,19.456,5.238,72.836,0.249,0,5326280,227060,175528,2266472,11664.773,4016.968,215.515,466.950,10.975,22.948,10365,19180,1.880,1.720,1.060,1,0,12.971,0,0,18,295,0,40,0
23-06 14:01:05,23.266,5.254,70.047,0.250,0,5294392,257356,175636,2267908,5269.534,1567.051,0,3210.153,0,365.245,2884,2534,1.880,1.720,1.060,2,1,9.006,0,0,18,295,0,40,0
23-06 14:01:06,11.723,20.951,65.598,0.249,0.249,5286828,272356,175648,2260528,5341.614,1724.002,0,1360.844,0,139.676,4995,3840,1.880,1.720,1.060,1,0,269.375,0,0,18,294,0,40,0
23-06 14:01:07,22.999,4.000,71.747,0.250,0,5345388,213792,175648,2260532,5254.801,1499.943,31.999,435.983,1.000,32.999,2211,1959,1.810,1.700,1.060,1,0,0,0,0,18,294,0,40,0
23-06 14:01:08,28.761,5.502,64.025,0.500,0,5351168,207788,175648,2260756,9797.812,6817.653,0,388.151,0,42.016,3505,6805,1.810,1.700,1.060,1,0,36.014,0,0,18,300,0,41,0
23-06 14:01:09,17.254,9.502,71.765,0,0,5298492,260416,175648,2260804,8803.882,5517.179,32.007,112.024,3.001,6.001,3506,2760,1.810,1.700,1.060,1,0,116.025,0,0,18,298,0,43,0
23-06 14:01:10,21.241,2.999,73.967,0,0,5361744,197164,175648,2260804,5610.507,3314.527,0,31.986,0,3.998,1979,1511,1.810,1.700,1.060,0,0,0,0,0,18,299,0,43,0
23-06 14:01:11,18.004,6.752,74.768,0,0,5332072,226824,175648,2260816,11566.709,7955.863,0,76.018,0,1.000,2916,2190,1.810,1.700,1.060,1,0,70.016,0,0,18,298,0,44,0
23-06 14:01:12,21.988,3.748,72.461,0,0,5394880,164016,175648,2260816,4740.437,1565.154,0,3.998,0,0.999,1925,1454,1.750,1.690,1.060,1,0,0,0,0,18,298,0,44,0
23-06 14:01:13,18.831,3.013,77.332,0,0,5399728,159152,175648,2260832,18058.511,14679.006,0,108.466,0,7.030,2421,2099,1.750,1.690,1.060,1,0,0,0,0,18,298,0,44,0
23-06 14:01:14,20.177,6.726,71.740,0,0,5316160,242712,175648,2260840,4782.649,1614.144,0,0,0,0,2608,1919,1.750,1.690,1.060,1,0,55.798,0,0,18,298,0,44,0
23-06 14:01:15,20.330,2.510,76.302,0,0,5346520,212340,175648,2260852,10722.386,7428.364,0,92.365,0,9.036,2096,1700,1.750,1.690,1.060,2,0,1.004,0,0,18,299,0,44,0
23-06 14:01:16,20.168,5.478,72.953,0,0,5332428,226424,175648,2260860,9760.299,6103.175,0,0,0,0,2658,2032,1.750,1.690,1.060,1,0,31.870,0,0,18,298,0,47,0
23-06 14:01:17,20.004,3.251,76.014,0.250,0,5369252,189588,175648,2260872,8832.607,7148.301,0,240.044,0,21.004,2128,1962,1.610,1.660,1.050,0,0,0,0,0,18,299,0,40,0
23-06 14:01:18,19.073,2.259,76.794,0.251,0,5291416,267388,175648,2260916,15529.516,7117.277,32.123,1634.263,2.008,143.550,2808,2913,1.610,1.660,1.050,1,0,7.027,0,0,18,298,0,41,0
23-06 14:01:19,20.745,5.499,72.232,0.500,0,5344156,214640,175648,2260924,7064.261,1565.615,0,203.950,0,10.997,2516,2035,1.610,1.660,1.050,1,0,39.990,0,0,18,298,0,41,0
23-06 14:01:20,18.922,2.241,77.681,0,0,5355236,203548,175648,2260936,15193.521,11738.728,0,203.165,0,16.930,2447,2301,1.610,1.660,1.050,1,0,0,0,0,18,298,0,44,0
23-06 14:01:21,20.588,6.026,72.559,0,0,5320100,238680,175648,2260940,5306.598,1721.330,0,28.120,0,1.004,2430,1784,1.610,1.660,1.050,1,0,32.137,0,0,18,298,0,40,0
23-06 14:01:22,20.174,2.989,75.216,0,0,5343464,215300,175648,2260956,12129.242,9395.555,0,0,0,0,2310,1951,1.640,1.670,1.060,0,0,1.992,0,0,18,299,0,40,0
23-06 14:01:23,15.774,10.266,72.109,0.250,0,5264660,293884,175648,2261176,8753.286,4598.981,16.024,440.669,2.003,35.053,4382,4221,1.640,1.670,1.060,2,0,134.204,0,0,18,298,0,41,0
23-06 14:01:24,7.485,5.239,83.578,1.746,0,5271752,285568,176188,2261860,10283.830,4533.667,1121.691,363.252,250.484,22.953,2928,3142,1.640,1.670,1.060,0,0,50.895,0,0,18,300,0,41,0
23-06 14:01:25,6.502,9.003,83.031,0,0,5273956,283300,176196,2261916,18371.934,4867.837,0,356.134,0,24.009,3170,2696,1.640,1.670,1.060,0,0,126.048,0,0,18,300,0,34,0
23-06 14:01:26,4.770,9.289,84.605,0,0,5275528,281672,176196,2261972,6235.139,2196.207,0,172.724,0,10.042,3074,2562,1.640,1.670,1.060,1,0,138.581,0,0,18,298,0,35,0
23-06 14:01:27,14.501,8.751,71.757,3.500,0,5310152,233488,176200,2275480,5223.537,1566.161,6892.709,1184.122,479.049,50.005,3600,3635,1.590,1.660,1.060,1,0,75.008,0,0,18,298,0,35,0
23-06 14:01:28,32.094,6.220,59.462,0.249,0,5363044,176084,176300,2279788,9142.665,2836.246,258.745,1608.201,2.986,40.802,3385,2854,1.590,1.660,1.060,1,0,21.894,0,0,18,299,0,35,0
23-06 14:01:29,35.931,8.292,55.530,0.251,0,5342464,193080,176380,2283260,12094.071,4761.042,647.268,703.553,6.030,26.132,3118,1940,1.590,1.660,1.060,1,0,10.051,0,0,18,298,0,35,0
23-06 14:01:30,12.204,18.430,66.746,1.245,0,5306836,225556,176388,2286372,4395.299,1506.276,1402.670,3339.311,21.917,115.561,5967,5189,1.590,1.660,1.060,1,0,293.883,0,0,18,298,0,29,0
23-06 14:01:31,21.579,4.266,72.264,0,0,5376636,155752,176388,2286376,5164.874,1571.744,0,68.249,0,4.015,2129,1671,1.590,1.660,1.060,1,0,6.022,0,0,18,298,0,29,0
23-06 14:01:32,18.747,2.250,78.488,0,0,5381300,151076,176388,2286388,28709.587,25338.105,0,35.994,0,3.000,2045,1758,1.540,1.650,1.060,1,0,0,0,0,18,298,0,31,0
23-06 14:01:33,20.171,6.724,70.475,0.249,0,5366852,165504,176388,2286408,4841.097,1613.699,0,434.304,0,35.860,2657,2204,1.540,1.650,1.060,2,0,46.817,0,0,18,298,0,31,0
23-06 14:01:34,18.247,2.500,78.488,0.250,0.250,5384404,147544,176388,2286816,12351.060,9196.555,399.937,255.960,24.996,19.997,2310,2201,1.540,1.650,1.060,1,0,0,0,0,18,299,0,30,0
23-06 14:01:35,21.504,4.751,72.263,0.250,0,5386024,145888,176388,2286852,6227.092,2896.508,32.006,216.038,2.000,20.004,2477,2139,1.540,1.650,1.060,1,0,15.003,0,0,18,298,0,31,0
23-06 14:01:36,17.827,2.228,77.747,0,0,5368552,163356,176388,2286856,10801.355,7763.784,0,2788.980,0,427.855,2003,1668,1.540,1.650,1.060,0,0,0,0,0,18,299,0,31,0
23-06 14:01:37,24.494,5.303,67.421,2.020,0,5306800,223472,176388,2288492,7173.426,3114.006,1389.839,4626.062,60.603,367.661,5468,7863,1.500,1.640,1.050,2,0,6.060,0,0,18,298,0,32,0
23-06 14:01:38,22.986,4.747,71.456,0,0,5362868,167400,176388,2288492,5082.868,1565.036,0,2182.655,0,37.977,2371,2043,1.500,1.640,1.050,1,0,0,0,0,18,298,0,25,0
23-06 14:01:39,14.750,2.500,80.252,0.500,0,5363376,166824,176392,2288556,14568.331,11177.254,32.001,568.013,1.000,69.002,2733,3291,1.500,1.640,1.050,2,0,0,0,0,18,299,0,25,0
23-06 14:01:40,19.051,10.528,68.934,0.501,0,5336528,193492,176392,2288736,6473.251,2799.460,128.342,942.512,7.019,84.224,5136,5794,1.500,1.640,1.050,1,0,121.323,0,0,18,298,0,26,0
23-06 14:01:41,8.993,23.482,65.699,0,0,5334088,195908,176392,2288760,4518.515,1241.043,0,723.442,0,34.973,5607,4129,1.500,1.640,1.050,2,0,352.728,0,0,18,298,0,26,0
23-06 14:01:42,8.274,22.315,66.944,0.752,0,5325540,204440,176392,2288776,4746.772,1299.771,0,1969.715,0,117.340,5786,4661,1.540,1.640,1.060,1,0,367.065,0,0,18,298,0,25,0
23-06 14:01:43,9.728,21.951,66.103,0,0,5315076,214884,176392,2288796,4687.544,1454.755,0,223.501,0,21.951,5868,4587,1.540,1.640,1.060,1,0,364.188,0,0,18,298,0,25,0
23-06 14:01:44,8.233,22.953,66.863,0,0,5304492,225452,176392,2288812,3931.939,1119.705,0,111.771,0,14.969,5567,4087,1.540,1.640,1.060,1,0,349.284,0,0,18,298,0,25,0
23-06 14:01:45,8.761,23.029,66.833,0,0,5305248,224676,176392,2288832,4357.415,1555.933,0,24.030,0,6.007,5590,4022,1.540,1.640,1.060,1,0,343.427,0,0,18,298,0,25,0
23-06 14:01:46,8.268,23.302,66.649,0,0,5302440,227472,176392,2288844,4828.765,1461.258,0,36.080,0,9.020,5595,4111,1.540,1.640,1.060,1,0,373.833,0,0,18,298,0,25,0
23-06 14:01:47,7.726,22.431,67.292,0,0,5299644,230248,176392,2288864,5027.488,1561.183,0,23.926,0,5.982,5618,4079,1.490,1.630,1.060,1,0,351.914,0,0,18,298,0,25,0
23-06 14:01:48,8.746,22.239,65.967,0.250,0,5294536,235336,176392,2288884,5069.445,1511.238,0,491.752,0,45.977,5883,4619,1.490,1.630,1.060,3,0,342.827,0,0,18,298,0,25,0
23-06 14:01:49,9.279,21.819,66.710,0.251,0,5292716,237132,176392,2288924,5027.864,1516.786,0,2094.609,0,156.494,5977,4809,1.490,1.630,1.060,3,0,365.152,0,0,18,298,0,25,0
23-06 14:01:50,7.999,22.746,66.990,0,0,5290992,238836,176392,2288944,4665.281,1565.759,0,319.951,0,28.996,5946,4937,1.490,1.630,1.060,2,0,371.943,0,0,18,298,0,24,0
23-06 14:01:51,12.723,13.970,71.349,0,0,5287268,322408,176396,2220356,4849.741,1616.580,19.958,19.958,1.996,1.996,3859,3004,1.490,1.630,1.060,1,0,169.641,0,0,18,298,0,24,0
23-06 14:01:52,21.983,4.497,72.444,0,0,5316808,282684,176800,2230140,5153.025,1618.751,0,4292.689,0,298.770,2322,1789,1.450,1.620,1.060,1,0,2.998,0,0,18,298,0,24,0
23-06 14:01:53,17.246,1.999,78.980,0.500,0,5327268,270340,176868,2231952,16549.708,7461.065,579.850,1091.717,28.992,21.994,2047,1799,1.450,1.620,1.060,1,0,15.996,0,0,18,299,0,24,0
23-06 14:01:54,15.249,1.250,81.243,1.250,0.250,5328128,268352,176968,2232968,27516.627,16050.616,539.953,1771.847,63.994,58.995,1884,1796,1.450,1.620,1.060,1,0,0,0,0,18,299,0,24,0
23-06 14:01:55,16.753,1.750,79.016,0.750,0,5351120,243656,177064,2234572,23646.749,13806.773,1312.264,1516.305,76.015,48.010,2070,1861,1.450,1.620,1.060,1,0,3.001,0,0,18,299,0,24,0
23-06 14:01:56,13.746,1.000,83.227,0.750,0,5357204,236096,177124,2235976,18095.056,10097.241,1135.690,1035.717,51.986,31.991,1642,1507,1.450,1.620,1.060,0,1,0,0,0,18,299,0,24,0
23-06 14:01:57,18.737,2.748,76.699,1.499,0,5359332,200908,177268,2268880,15999.283,8381.386,12483.638,1143.234,146.902,40.973,2148,1832,1.420,1.610,1.060,2,0,0.999,0,0,18,299,0,24,0
23-06 14:01:58,25.001,2.750,70.002,1.000,0,5372564,174432,177584,2281740,4960.166,1122.038,0,2656.089,0,97.003,2796,2848,1.420,1.610,1.060,2,0,0,0,0,18,299,0,22,0
23-06 14:01:59,23.503,3.500,71.259,0.500,0,5358588,172124,177628,2297640,6018.751,1458.182,0,12769.593,0,114.014,2598,2428,1.420,1.610,1.060,2,0,0,0,0,18,299,0,22,0
23-06 14:02:00,22.019,3.003,72.062,1.251,0,5365308,142828,177728,2319764,4924.234,918.790,0,3551.053,0,167.144,2737,2803,1.420,1.610,1.060,1,0,0,0,0,18,299,0,22,0
23-06 14:02:01,21.741,3.998,72.470,0.750,0,5361424,130840,178048,2335128,5077.889,1079.551,0,2175.096,0,69.971,2272,2063,1.420,1.610,1.060,1,0,0,0,0,18,299,0,22,0
23-06 14:02:02,21.758,4.252,72.028,0.750,0,5350604,135844,178232,2340780,5285.041,1636.632,0,2112.816,0,72.028,2252,2089,1.380,1.600,1.060,1,0,0,0,0,18,299,0,22,0
23-06 14:02:03,22.856,5.217,69.811,0,0.248,5342292,161448,178276,2323336,5201.277,1675.459,0,1311.747,0,147.075,2496,1873,1.380,1.600,1.060,7,0,21.862,0,0,18,298,0,22,0
23-06 14:02:04,19.366,3.773,76.206,0.252,0,5321636,176092,178376,2329220,12311.732,4642.805,0,4808.799,0,43.259,2375,2104,1.380,1.600,1.060,1,0,21.127,0,0,18,298,0,22,0
23-06 14:02:05,24.094,6.275,67.263,0.251,0,5349364,146872,178400,2330616,5212.416,1517.945,0,730.863,0,25.098,11067,20913,1.380,1.600,1.060,1,0,15.059,0,0,18,298,0,22,0
23-06 14:02:06,21.670,6.227,69.492,0,0,5329116,166960,178408,2330768,4979.502,1452.604,0,1602.049,0,10.959,8967,16609,1.380,1.600,1.060,1,0,12.952,0,0,18,298,0,22,0
23-06 14:02:07,21.751,6.250,71.004,0,0,5315488,187956,178420,2323440,5163.290,1608.090,0,1004.056,0,35.002,2653,2295,1.350,1.590,1.060,1,0,12.001,0,0,18,298,0,22,0
23-06 14:02:08,28.613,8.534,60.992,0.251,0.251,5322012,181420,178420,2323452,4911.460,1518.014,0,626.482,0,36.143,10238,30535,1.350,1.590,1.060,1,0,87.346,0,0,18,298,0,23,0
23-06 14:02:09,20.914,4.980,72.453,0.249,0,5345936,157464,178420,2323484,5144.894,2104.367,15.935,346.578,0.996,16.931,2378,1969,1.350,1.590,1.060,1,0,34.857,0,0,18,299,0,23,0
23-06 14:02:10,18.761,3.502,76.794,0.250,0,5348688,148408,178444,2329732,10862.197,4178.384,0,1216.694,0,26.015,2014,1786,1.350,1.590,1.060,1,0,3.002,0,0,18,298,0,23,0
23-06 14:02:11,22.986,6.496,69.208,0,0.250,5357564,154528,178444,2314812,5096.887,1660.986,0,483.705,0,8.995,10941,19740,1.350,1.590,1.060,2,0,13.991,0,0,18,298,0,19,0
23-06 14:02:12,23.251,7.000,67.001,0.250,0,5340740,171296,178448,2314864,4937.110,1620.036,0,540.012,0,20.000,11227,20668,1.320,1.580,1.060,1,0,23.001,0,0,18,298,0,19,0
23-06 14:02:13,25.233,4.747,69.203,0.250,0,5316240,203284,178460,2307396,4454.954,1457.004,0,1546.942,0,190.870,2829,2432,1.320,1.580,1.060,1,0,8.994,0,0,18,298,0,19,0
23-06 14:02:14,21.345,6.278,71.569,0,0,5325724,193780,178460,2307416,4839.563,1464.525,0,237.056,0,15.067,3328,2893,1.320,1.580,1.060,1,0,109.488,0,0,18,298,0,19,0
23-06 14:02:15,21.935,4.487,72.037,0.249,0,5303980,205256,178488,2317632,2853.577,203.400,0,1148.610,0,20.938,2254,1883,1.320,1.580,1.060,1,0,3.988,0,0,18,298,0,17,0
23-06 14:02:16,15.484,1.498,81.418,0.250,0,5309680,198492,178508,2318576,19113.760,7989.957,3.996,831.163,0.999,18.981,1856,1522,1.320,1.580,1.060,0,0,15.984,0,0,18,299,0,17,0
23-06 14:02:17,15.997,1.750,80.233,1.000,0,5324200,183372,178652,2319008,30341.725,16693.548,0,2047.577,0,72.985,1887,1772,1.300,1.570,1.060,0,0,0,0,0,18,299,0,17,0
23-06 14:02:18,7.756,1.251,89.314,0.500,0,5323900,183372,178752,2319212,147724.310,10123.285,0,1340.965,0,73.053,1868,2291,1.300,1.570,1.060,0,0,0,0,0,18,300,0,17,0
23-06 14:02:19,15.557,1.756,80.295,0.753,0,5340340,166740,178880,2319440,30043.433,11186.118,16.059,8860.570,1.004,302.110,2101,2100,1.300,1.570,1.060,1,0,0,0,0,18,300,0,13,0
23-06 14:02:20,19.176,1.992,76.953,1.494,0,5347680,158928,179012,2319780,23031.075,12987.853,0,3693.738,0,192.258,2566,2911,1.300,1.570,1.060,0,0,0,0,0,18,300,0,13,0
23-06 14:02:21,7.276,1.254,88.566,0.753,0,5346944,158928,179276,2320252,373146.930,22792.418,4.014,2067.385,1.004,84.301,2112,2063,1.300,1.570,1.060,0,0,0,0,0,18,300,0,13,0
23-06 14:02:22,12.003,2.001,83.022,1.250,0,5346188,158928,179572,2320712,97852.796,18562.894,132.035,3520.928,10.003,151.040,2291,2315,1.270,1.560,1.060,1,0,0,0,0,18,300,0,13,0
23-06 14:02:23,8.963,2.490,85.649,0.747,0,5346900,146580,179656,2332216,1577567.684,45044.651,0,2485.827,0,40.833,3431,2813,1.270,1.560,1.060,0,0,0.996,0,0,18,300,0,10,0
23-06 14:02:24,4.502,3.001,87.284,0.500,0,5346920,134244,179716,2344424,6542909.348,96365.562,0,16074.266,0,94.037,6543,4141,1.270,1.560,1.060,0,0,3.001,0,0,18,300,0,10,0
23-06 14:02:25,7.268,4.511,83.956,1.002,0,5337108,137876,179844,2350560,10653259.883,116752.816,164.404,13228.497,4.010,64.158,7122,4148,1.270,1.560,1.060,0,0,2.005,0,0,18,300,0,10,0
23-06 14:02:26,23.006,2.251,73.269,0.250,0,5345804,137512,180212,2341896,191493.406,3201.826,0,1620.418,0,67.017,2366,1973,1.270,1.560,1.060,1,0,1.000,0,0,18,300,0,10,0
23-06 14:02:27,22.185,4.238,71.791,0.499,0,5358088,138076,183364,2325648,5401.278,1615.298,0,3418.051,0,53.843,2301,1995,1.250,1.550,1.060,1,0,0,0,0,18,300,0,7,0
23-06 14:02:28,32.630,8.032,58.483,0.753,0,5369984,158236,183776,2293356,4758.960,1626.480,257.024,3236.896,2.008,264.052,3300,2596,1.250,1.550,1.060,1,1,5.020,0,0,18,300,0,7,0
23-06 14:02:29,39.520,10.755,47.524,0.750,0,5400996,169128,184660,2251376,4142.068,1620.809,512.256,35081.517,4.002,268.134,4018,3057,1.250,1.550,1.060,2,0,6.003,0,0,18,300,0,7,0
23-06 14:02:30,25.146,5.477,67.470,0.498,0,5388936,140540,185520,2290728,4839.949,1613.316,254.944,2493.669,1.992,80.666,2765,2380,1.250,1.550,1.060,1,0,0.996,0,0,18,300,0,7,0
23-06 14:02:31,23.257,4.001,71.022,0.500,0,5377816,160452,186276,2281316,4981.555,1620.506,0,41837.059,0,313.098,2789,2514,1.250,1.550,1.060,1,0,0,0,0,18,300,0,7,0
23-06 14:02:32,23.495,6.999,68.486,0,0,5371512,146924,187380,2299772,5221.947,1565.684,0,119099.985,0,927.813,4178,4201,1.230,1.540,1.060,2,0,0,0,0,18,300,0,7,0
23-06 14:02:33,23.756,3.001,70.769,1.000,0,5357448,152588,188384,2307196,4593.231,1512.405,0,2580.691,0,100.027,2678,2665,1.230,1.540,1.060,2,0,0,0,0,18,300,0,7,0
23-06 14:02:34,23.245,3.249,71.236,0.750,0,5288636,250972,188852,2276496,5888.838,1913.622,0,2423.522,0,182.964,2652,2598,1.230,1.540,1.060,4,0,2.999,0,0,18,298,0,7,0
23-06 14:02:35,17.566,6.273,74.529,0.753,0,5386376,153204,188852,2276524,11741.973,4469.739,0,670.511,0,26.098,2773,2418,1.230,1.540,1.060,2,0,34.128,0,0,18,299,0,3,0
23-06 14:02:36,22.484,3.747,72.450,0.250,0,5371204,161720,188944,2282776,5544.141,1738.790,0,1578.901,0,20.985,2221,1731,1.230,1.540,1.060,1,0,4.997,0,0,18,298,0,3,0
23-06 14:02:37,21.760,7.253,67.782,0,0,5382968,148516,188968,2283960,5303.467,1404.653,0,74966.872,0,904.421,9527,18526,1.210,1.530,1.050,1,0,11.005,0,0,18,298,0,3,0
23-06 14:02:38,22.497,7.249,68.740,0.250,0,5361596,169872,188996,2283948,3933.433,593.914,0,691.900,0,31.995,9230,17336,1.210,1.530,1.050,1,0,12.998,0,0,18,298,0,3,0
23-06 14:02:39,19.933,6.478,73.006,0.249,0,5320996,218028,189012,2276712,4756.105,1506.964,0,861.122,0,16.943,2221,1775,1.210,1.530,1.050,1,0,6.977,0,0,18,298,0,2,0
23-06 14:02:40,21.739,4.248,71.964,0.250,0,5328620,208648,189016,2278560,5263.400,1607.206,279.862,1399.309,4.998,25.987,2425,2118,1.210,1.530,1.050,3,0,5.997,0,0,18,298,0,2,0
23-06 14:02:41,23.037,4.257,70.364,0.501,0,5334472,201228,189016,2280064,5200.442,1514.458,504.819,2075.369,17.028,98.159,4751,6078,1.210,1.530,1.050,2,0,0,0,0,18,299,0,6,0
23-06 14:02:42,23.012,8.004,65.285,2.001,0,5284908,249484,189020,2281368,4869.643,1350.733,864.469,3393.842,45.024,348.189,7284,10207,1.200,1.520,1.050,2,0,76.041,0,0,18,300,0,7,0
23-06 14:02:43,9.514,20.280,68.352,0.250,0,5287948,246384,189020,2281428,3713.542,648.969,4.006,588.879,1.001,25.037,5411,4145,1.200,1.520,1.050,1,0,307.459,0,0,18,300,0,6,0
23-06 14:02:44,12.206,9.466,68.754,7.224,0,5272880,250340,189020,2292540,4888.493,1560.412,11000.604,5213.330,1044.260,498.216,4542,5250,1.200,1.520,1.050,1,1,65.764,0,0,18,300,0,8,0
23-06 14:02:45,8.002,4.001,72.264,13.753,0,5261976,229300,189020,2324484,4500.864,1620.311,31878.122,364.070,2326.447,4.001,4119,6262,1.200,1.520,1.050,1,0,1.000,0,0,18,300,0,8,0
23-06 14:02:46,4.250,1.500,92.992,0,0,5268112,223280,189028,2324360,10479.049,4249.614,7.999,483.956,2.000,4.000,1151,1351,1.200,1.520,1.050,0,0,5.999,0,0,18,301,0,8,0
23-06 14:02:47,2.510,0.502,96.129,0,0,5263104,227984,189028,2324664,90366.851,4142.312,220.870,16.063,5.020,4.016,1141,1374,1.100,1.500,1.050,1,0,3.012,0,0,18,300,0,8,1
23-06 14:02:48,3.736,3.985,90.655,0.249,0,5230812,259672,189032,2325252,667365.648,11689.451,31.879,1498.290,3.985,37.856,2346,2728,1.100,1.500,1.050,0,0,31.879,0,0,18,300,0,8,0
23-06 14:02:49,0.750,0.250,97.971,0,0,5230808,259672,189032,2325256,4678.630,1619.526,0,27.992,0,2.999,967,1503,1.100,1.500,1.050,0,0,0,0,0,18,300,0,8,0
23-06 14:02:50,1.500,0.500,95.997,0.250,0,5230808,259672,189032,2325256,4817.838,1457.951,0,191.994,0,19.999,1240,1836,1.100,1.500,1.050,0,0,0,0,0,18,300,0,8,0
23-06 14:02:51,1.250,0.500,97.485,0,0,5230808,259672,189032,2325256,4337.328,1499.768,0,0,0,0,820,1180,1.100,1.500,1.050,0,0,0,0,0,18,300,0,8,0
23-06 14:02:52,1.500,1.000,95.734,0.500,0,5230808,259672,189032,2325256,5008.173,1511.750,0,627.896,0,60.990,1262,1916,1.010,1.470,1.040,0,0,0,0,0,18,300,0,8,0
23-06 14:02:53,1.750,0.750,97.499,0,0,5230796,259672,189032,2325268,4545.958,1607.985,0,32.000,0,4.000,968,1390,1.010,1.470,1.040,0,0,0,0,0,18,300,0,8,0
23-06 14:02:54,1.250,0.500,97.498,0,0,5230796,259672,189032,2325268,4817.880,1457.964,0,4.000,0,1.000,857,1247,1.010,1.470,1.040,0,0,0,0,0,18,300,0,8,0
23-06 14:02:55,1.500,1.000,96.016,0.250,0,5230796,259672,189032,2325268,4698.794,1458.247,0,3452.584,0,160.027,1449,2153,1.010,1.470,1.040,0,0,3.001,0,0,18,300,0,8,0
23-06 14:02:56,1.250,0.250,97.226,0,0,5230792,259672,189032,2325272,5176.701,1457.634,0,31.992,0,3.999,860,1232,1.010,1.470,1.040,0,0,0,0,0,18,300,0,8,0
23-06 14:02:57,1.500,0.500,97.254,0,0,5230792,259672,189032,2325272,5051.206,1134.046,0,0,0,0,907,1241,0.930,1.450,1.040,1,0,0,0,0,18,300,0,8,0
23-06 14:02:58,2.240,0.996,95.079,0.498,0,5230792,259672,189032,2325272,5573.321,1451.572,0,330.536,0,31.859,1371,2000,0.930,1.450,1.040,1,0,0,0,0,18,300,0,8,0
23-06 14:02:59,0.754,0.502,97.463,0,0,5230788,259672,189032,2325276,5805.582,1464.960,0,8.038,0,1.005,877,1261,0.930,1.450,1.040,0,0,0,0,0,18,300,0,8,0
23-06 14:03:00,1.000,1.000,96.985,0,0,5230788,259672,189032,2325276,6017.086,1457.779,0,1031.843,0,211.968,1039,1417,0.930,1.450,1.040,0,0,0,0,0,18,300,0,8,0
23-06 14:03:01,1.000,0.250,97.778,0,0,5230788,259672,189032,2325276,5221.477,1620.458,0,0,0,0,806,1220,0.930,1.450,1.040,0,0,0,0,0,18,300,0,8,0
23-06 14:03:02,1.250,0.250,96.745,0,0,5230744,259672,189032,2325320,5116.710,1619.908,31.998,379.978,1.000,29.998,1049,1677,0.850,1.420,1.030,0,0,0,0,0,18,300,0,8,0
23-06 14:03:03,1.250,1.500,96.007,0.250,0,5230968,259448,189032,2325320,5050.363,1620.116,0,27914.005,0,274.020,1337,1751,0.850,1.420,1.030,1,0,0,0,0,18,300,0,8,0
23-06 14:03:04,1.250,1.750,96.517,0,0,5232720,257692,189032,2325324,5506.953,1566.271,0,176.030,0,11.002,1164,1505,0.850,1.420,1.030,0,0,6.001,0,0,18,300,0,8,0
23-06 14:03:05,2.001,0.750,95.528,0,0,5232720,257692,189032,2325324,5471.601,1620.474,0,208.061,0,22.006,1449,2146,0.850,1.420,1.030,0,0,1.000,0,0,18,300,0,8,0
23-06 14:03:06,1.499,0.500,97.704,0,0,5232728,257692,189032,2325324,5337.487,1619.238,0,55.974,0,5.997,907,1295,0.850,1.420,1.030,1,0,0,0,0,18,300,0,8,0
23-06 14:03:07,0.750,0.999,96.690,0.250,0,5234292,256124,189032,2325328,5325.705,1511.065,0,175.891,0,10.993,955,1314,0.790,1.400,1.020,0,0,0,0,0,18,300,0,8,0
23-06 14:03:08,11.523,20.040,66.633,0.251,0,5257864,232612,189032,2325544,4891.769,1244.485,180.360,34701.300,9.018,313.626,7233,14767,0.790,1.400,1.020,1,0,574.147,0,0,18,300,0,9,0
23-06 14:03:09,7.261,19.530,70.358,0,0,5256104,234344,189032,2325572,4140.338,865.325,0,0,0,0,6087,5063,0.790,1.400,1.020,1,0,436.668,0,0,18,300,0,9,0
23-06 14:03:10,7.989,20.221,69.151,0,0,5256236,234192,189032,2325592,4281.862,1455.913,0,0,0,0,5924,4645,0.790,1.400,1.020,2,0,398.429,0,0,18,300,0,9,0
23-06 14:03:11,6.986,22.705,68.116,0,0,5262252,228152,189032,2325616,4642.847,1509.025,0,39.921,0,3.992,6187,4956,0.790,1.400,1.020,2,0,455.103,0,0,18,300,0,9,0
23-06 14:03:12,7.503,19.009,69.782,1.251,0,5273496,166396,189200,2375960,4685.166,1608.744,50499.346,528.244,431.199,41.019,6239,5721,0.800,1.390,1.020,1,0,367.170,0,0,18,300,0,8,0
23-06 14:03:13,18.247,3.249,77.486,0.500,0,5275840,163972,189208,2376000,5024.100,2187.608,39.993,2887.483,4.999,24.996,2861,2654,0.800,1.390,1.020,1,0,26.995,0,0,18,301,0,8,0
23-06 14:03:14,3.499,1.500,93.483,0,0,5273888,165752,189208,2376172,231335.251,8230.479,0,187.965,0,13.997,1717,2108,0.800,1.390,1.020,0,0,2.999,0,0,18,301,0,8,0
23-06 14:03:15,4.249,2.500,90.738,0,0,5273000,165504,189208,2377308,1141927.302,34903.394,0,51.993,0,5.999,3156,2707,0.800,1.390,1.020,0,0,3.000,0,0,18,301,0,10,0
23-06 14:03:16,3.250,1.500,93.005,0.250,0,5271352,166300,189208,2378160,907694.609,24894.223,0,3172.156,0,202.010,2451,2330,0.800,1.390,1.020,0,0,1.000,0,0,18,301,0,10,0
23-06 14:03:17,2.000,1.000,94.495,0,0,5270824,166152,189208,2378836,729963.752,17471.109,0,4.000,0,1.000,2022,1832,0.740,1.370,1.020,1,0,0,0,0,18,301,0,10,0
23-06 14:03:18,2.503,1.752,93.370,0.250,0,5270928,165396,189212,2379484,685735.832,16455.233,0,3132.041,0,59.076,2244,2480,0.740,1.370,1.020,2,0,0,0,0,18,301,0,10,0
23-06 14:03:19,2.247,0.749,95.884,0.250,0,5271272,164668,189212,2379836,363503.651,6769.799,0,511.381,0,17.978,1348,1721,0.740,1.370,1.020,0,0,0,0,0,18,301,0,10,0
23-06 14:03:20,6.506,2.502,89.083,0.250,0,5292372,142412,189360,2380844,549864.610,10647.868,784.727,720.668,76.071,17.016,2030,2271,0.740,1.370,1.020,2,0,3.003,0,0,18,300,0,11,0
23-06 14:03:21,10.500,15.000,69.501,3.750,0,5298236,141588,190156,2375096,5136.078,1606.024,3884.059,29084.440,66.001,1436.022,8147,10712,0.740,1.370,1.020,0,1,131.002,0,0,18,300,0,11,0
23-06 14:03:22,16.802,11.787,67.209,2.508,0,5291216,166276,190444,2356820,5012.597,1625.057,36.112,10163.626,4.012,883.750,6222,7373,0.840,1.380,1.020,1,0,79.247,0,0,18,300,0,11,0
23-06 14:03:23,22.669,7.972,67.011,0.747,0,5305196,151348,190484,2357712,4603.599,1614.249,3.986,1769.695,0.996,107.617,3558,3004,0.840,1.380,1.020,1,0,37.865,0,0,18,300,0,11,0
23-06 14:03:24,23.761,8.004,66.780,0.750,0,5303600,152040,190552,2358532,5088.250,1566.693,0,1296.573,0,76.034,3411,2663,0.840,1.380,1.020,2,0,33.015,0,0,18,300,0,11,0
23-06 14:03:25,24.245,5.499,68.986,0.250,0,5298544,152780,190836,2362308,4327.103,1187.754,0,1383.713,0,51.989,3254,2990,0.840,1.380,1.020,1,0,19.996,0,0,18,300,0,11,0
23-06 14:03:26,20.784,5.759,71.618,0.751,0,5290352,159876,190844,2362676,4297.075,811.336,180.297,3593.917,43.071,65.107,4216,5563,0.840,1.380,1.020,0,1,18.030,0,0,18,300,0,11,0
23-06 14:03:27,14.279,15.532,68.140,0.752,0,5279952,268840,169720,2303164,4766.822,1623.345,4124.499,2124.377,114.235,48.099,3291,2794,0.850,1.370,1.020,1,0,45.093,0,0,18,300,0,11,0
23-06 14:03:28,27.990,10.746,59.978,0.500,0,5307612,238876,169772,2303520,4636.267,1457.455,639.761,3042.862,35.987,37.986,3808,2966,0.850,1.370,1.020,2,0,45.983,0,0,18,300,0,11,0
23-06 14:03:29,39.838,8.217,50.296,0.498,0,5274840,324912,169808,2250272,5139.144,1613.452,2792.666,79.677,54.778,6.972,3609,2260,0.850,1.370,1.020,1,0,23.903,0,0,18,300,0,11,0
23-06 14:03:30,3.751,1.250,93.272,0,0,5278868,320880,169812,2250276,4759.148,1458.352,264.064,200.048,4.001,12.003,1335,1513,0.850,1.370,1.020,0,0,1.000,0,0,18,300,0,11,0
23-06 14:03:31,0.500,0.500,97.771,0,0,5275044,324704,169812,2250276,5101.120,1620.356,0,1248.274,0,236.052,1001,1291,0.850,1.370,1.020,0,0,0,0,0,18,300,0,11,0
23-06 14:03:32,1.500,1.000,96.235,0.500,0,5268376,331340,169828,2250292,5074.188,1457.767,63.990,615.901,3.000,45.993,1114,1776,0.790,1.350,1.020,0,0,0,0,0,18,300,0,11,0
23-06 14:03:33,1.755,0.501,96.752,0,0,5265052,334592,169832,2250360,4078.612,649.690,0,72.188,0,9.023,944,1369,0.790,1.350,1.020,2,0,0,0,0,18,300,0,11,0
23-06 14:03:34,0.997,0.748,96.719,0,0,5262244,337396,169836,2250360,3739.133,807.653,0,195.432,0,13.959,1008,1585,0.790,1.350,1.020,0,0,0,0,0,18,300,0,11,0
23-06 14:03:35,2.000,0.500,96.521,0.250,0,5259996,339636,169844,2250360,4801.021,1620.345,0,80.017,0,12.003,1290,1830,0.790,1.350,1.020,0,0,1.000,0,0,18,300,0,11,0
23-06 14:03:36,0.999,0.750,97.194,0,0,5257820,341812,169844,2250360,4783.259,1565.103,0,39.977,0,4.997,894,1261,0.790,1.350,1.020,0,0,0,0,0,18,300,0,11,0
23-06 14:03:37,1.001,0.750,96.805,0,0,5255920,343712,169844,2250360,5091.882,1512.856,0,196.111,0,12.007,913,1292,0.720,1.330,1.010,0,0,0,0,0,18,300,0,11,0
23-06 14:03:38,2.250,0.250,96.007,0,0,5255912,343716,169864,2250344,4800.353,1620.119,0,316.023,0,33.002,1315,1897,0.720,1.330,1.010,1,0,0,0,0,18,300,0,11,0
23-06 14:03:39,0.500,0.750,97.265,0,0,5255892,343716,169864,2250364,5280.822,1620.252,0,2876.448,0,211.033,960,1281,0.720,1.330,1.010,0,0,0,0,0,18,300,0,11,0
23-06 14:03:40,1.500,0.500,97.757,0.250,0,5255892,343716,169864,2250364,4980.369,1620.120,0,40.003,0,5.000,931,1342,0.720,1.330,1.010,0,0,0,0,0,18,300,0,11,0
23-06 14:03:41,0.750,0.250,98.004,0,0,5255940,343716,169864,2250364,4980.222,1620.072,0,0,0,0,846,1246,0.720,1.330,1.010,0,0,0,0,0,18,300,0,11,0
23-06 14:03:42,1.500,0.750,97.501,0,0,5255940,343716,169864,2250364,4937.061,1620.020,0,4.000,0,1.000,914,1289,0.660,1.310,1.010,0,0,0,0,0,18,300,0,11,0
23-06 14:03:43,1.000,0.500,97.228,0,0,5255940,343716,169864,2250364,4576.971,1457.672,0,7.998,0,1.000,971,1445,0.660,1.310,1.010,2,0,0,0,0,18,300,0,11,0
23-06 14:03:44,1.250,0.750,96.984,0,0,5255928,343716,169872,2250368,4715.241,1295.791,0,91.985,0,6.999,879,1283,0.660,1.310,1.010,0,0,0,0,0,18,300,0,11,0
23-06 14:03:45,1.000,0.500,96.999,0,0,5255928,343716,169872,2250368,4757.947,1457.984,0,63.999,0,6.000,934,1354,0.660,1.310,1.010,0,0,1.000,0,0,18,300,0,4,0
23-06 14:03:46,1.250,0.500,97.524,0,0.250,5255924,343716,169872,2250372,5059.227,1500.364,0,0,0,0,856,1240,0.660,1.310,1.010,0,0,0,0,0,18,300,0,4,0
23-06 14:03:47,1.500,0.500,97.248,0,0,5256148,343492,169872,2250372,3802.929,485.991,0,0,0,0,800,1262,0.610,1.280,1,0,0,0,0,0,18,300,0,4,0
23-06 14:03:48,1.503,0.752,96.461,0.251,0,5256128,343492,169896,2250368,4143.057,1136.484,0,340.745,0,34.074,1244,1877,0.610,1.280,1,0,0,0,0,0,18,300,0,4,0
23-06 14:03:49,0.997,0,97.254,0,0,5256120,343492,169900,2250372,2932.595,0,0,27.929,0,2.992,958,1547,0.610,1.280,1,0,0,0,0,0,18,300,0,4,0
23-06 14:03:50,1.250,1.000,96.278,0,0,5256104,343492,169912,2250376,4879.439,1458.430,0,84.025,0,12.004,1266,1842,0.610,1.280,1,0,0,0,0,0,18,300,0,4,0
23-06 14:03:51,0.750,0.750,97.998,0,0,5256104,343492,169912,2250376,5057.919,1457.977,0,0,0,0,854,1221,0.610,1.280,1,0,0,0,0,0,18,300,0,4,0
23-06 14:03:52,0.750,0.500,97.002,0.250,0,5256104,343492,169916,2250372,5603.114,1620.033,0,944.019,0,162.003,1005,1384,0.560,1.260,0.990,0,0,0,0,0,18,300,0,4,0
23-06 14:03:53,1.250,0.500,97.280,0.250,0,5256096,343492,169916,2250380,4965.549,1500.468,0,32.010,0,4.001,1012,1456,0.560,1.260,0.990,0,0,0,0,0,18,300,0,4,0
23-06 14:03:54,1.500,1.000,96.722,0,0,5256096,343492,169920,2250376,5990.250,1619.527,3.999,1775.481,1.000,22.993,959,1311,0.560,1.260,0.990,0,0,0,0,0,18,300,0,4,0
23-06 14:03:55,1.250,0.750,97.226,0,0,5256092,343492,169920,2250380,5116.712,1457.633,0,0,0,0,1052,1379,0.560,1.260,0.990,1,0,2.999,0,0,18,300,0,4,0
23-06 14:03:56,1.250,0.250,97.525,0,0,5256088,343492,169928,2250376,5221.315,1620.408,0,156.039,0,3.001,859,1229,0.560,1.260,0.990,0,0,0,0,0,18,300,0,4,0
23-06 14:03:57,1.500,0.500,97.003,0,0,5256080,343492,169928,2250384,5427.177,1620.053,0,0,0,0,882,1237,0.520,1.240,0.990,0,0,0,0,0,18,300,0,4,0
23-06 14:03:58,3.249,2.999,91.730,0.500,0,5258744,340824,170020,2250296,5398.842,1619.652,0,2475.469,0,180.961,2135,3175,0.520,1.240,0.990,2,0,0,0,0,18,300,0,4,0
23-06 14:03:59,3.263,1.757,94.116,0,0.251,5251436,348028,170020,2250400,6746.200,1626.316,0,54744.608,0,93.363,1331,1505,0.520,1.240,0.990,2,0,5.019,0,0,18,300,0,4,0
23-06 14:04:00,12.675,3.728,79.531,3.231,0,5259228,337128,170520,2253004,13635.632,9715.736,3073.883,1018.000,543.795,11.930,2813,3280,0.520,1.240,0.990,1,0,0,0,0,18,302,0,5,0
23-06 14:04:01,14.278,4.258,79.905,0,0,5263440,332624,170536,2253328,15385.860,11952.196,48.093,156.303,3.006,12.023,2768,2765,0.520,1.240,0.990,0,0,5.010,0,0,18,301,0,6,0
23-06 14:04:02,13.781,3.758,81.431,0.251,0,5275660,320276,170548,2253444,15255.915,10709.808,64.143,252.561,4.009,24.053,2452,2482,0.560,1.240,0.990,3,0,5.011,0,0,18,302,0,8,0
23-06 14:04:03,13.231,3.245,82.385,0.250,0,5269072,326840,170556,2253460,15182.723,11811.448,0,1625.722,0,294.587,2507,2462,0.560,1.240,0.990,0,0,4.993,0,0,18,301,0,9,0
23-06 14:04:04,13.991,3.997,79.696,0,0,5290764,304968,170560,2253636,16243.090,11985.950,15.989,287.807,0.999,29.980,2898,3053,0.560,1.240,0.990,0,0,10.993,0,0,18,301,0,10,0
23-06 14:04:05,14.250,3.500,80.753,0.250,0,5280164,315436,170576,2253772,16117.561,12160.423,0,388.013,0,31.001,2867,2969,0.560,1.240,0.990,0,0,6.000,0,0,18,301,0,11,0
23-06 14:04:06,42.224,6.996,49.470,0,0,4977532,618040,170580,2253796,7015.710,2546.443,11.993,267.836,1.999,26.984,3594,2301,0.560,1.240,0.990,1,0,18.988,0,0,18,273,0,17,0
23-06 14:04:07,49.754,13.821,35.431,1.256,0,4991400,604372,170588,2253800,4980.437,1465.485,12.062,245.253,3.015,23.118,3905,2712,0.750,1.270,1,3,0,8.041,0,0,18,271,0,17,0
23-06 14:04:08,80.714,8.746,9.746,0,0,5065148,530096,170600,2256564,4737.894,1619.280,239.893,659.707,16.992,42.981,4926,3837,0.750,1.270,1,9,0,38.983,0,0,18,267,0,17,0
23-06 14:04:09,84.082,14.222,1.497,0.250,0,5213804,379204,170640,2256568,22655.756,10220.589,506.988,590.820,52.894,41.916,7537,12733,0.750,1.270,1,4,0,5.988,0,0,18,269,0,27,0
23-06 14:04:10,38.681,6.239,53.155,0.250,0,5292604,299128,170668,2257816,44834.922,12660.388,1078.074,882.424,47.914,31.943,4332,5547,0.750,1.270,1,2,0,0.998,0,0,18,277,0,28,0
23-06 14:04:11,33.489,5.248,59.231,0.250,0,5259836,330964,170692,2258784,19707.766,5026.410,7.997,391.876,1.000,40.987,5678,7772,0.750,1.270,1,1,0,7.997,0,0,18,275,0,30,0
23-06 14:04:12,24.808,4.511,70.415,0.251,0,5302592,287272,170708,2259704,4828.288,1623.796,144.337,424.994,5.012,25.059,4493,7228,0.770,1.260,1,3,0,1.002,0,0,18,277,0,31,0
23-06 14:04:13,6.234,1.745,90.267,0,0,5303932,285660,170720,2259964,4266.974,1454.242,119.691,841.825,6.982,21.943,1930,3405,0.770,1.260,1,0,1,2.992,0,0,18,281,0,31,0
23-06 14:04:14,3.746,0.749,93.400,0.250,0,5302368,287184,170720,2260004,5154.492,1618.271,31.966,1466.433,2.997,149.840,1454,1737,0.770,1.260,1,0,0,1.998,0,0,18,281,0,31,0
23-06 14:04:15,2.503,1.502,94.631,0,0.250,5298736,290792,170736,2260024,5647.809,1622.243,0,344.476,0,34.047,1371,1930,0.770,1.260,1,0,0,2.003,0,0,18,281,0,31,0
23-06 14:04:16,0.750,0.250,97.721,0.250,0,5297292,292236,170736,2260024,5638.337,1619.522,0,103.969,0,6.998,818,1213,0.770,1.260,1,0,0,0,0,0,18,281,0,31,0
23-06 14:04:17,1.500,1.250,96.733,0.500,0,5295996,293504,170760,2260028,6495.874,1619.719,0,671.884,0,46.992,1021,1499,0.710,1.240,0.990,1,0,0,0,0,18,281,0,29,0
23-06 14:04:18,2.001,1.000,95.282,0.500,0,5290612,298876,170772,2260028,6662.217,1620.539,0,10411.465,0,1239.412,1673,1971,0.710,1.240,0.990,1,0,0,0,0,18,281,0,29,0
23-06 14:04:19,1.750,0.750,96.510,0,0,5290352,299084,170808,2260044,6198.672,1458.158,16.002,204.022,1.000,22.002,1235,1942,0.710,1.240,0.990,0,0,0,0,0,18,281,0,29,0
23-06 14:04:20,2.250,0.500,95.510,0.250,0,5289460,299940,170840,2260048,4800.506,1620.171,0,244.026,0,32.003,1335,1964,0.710,1.240,0.990,0,0,0,0,0,18,281,0,29,0
23-06 14:04:21,1.250,0.750,96.717,0,0,5289048,300332,170856,2260052,4750.373,1281.561,0,191.934,0,19.993,1130,1684,0.710,1.240,0.990,0,0,0,0,0,18,281,0,29,0
23-06 14:04:22,1.501,0.500,96.783,0,0,5289048,300332,170856,2260052,4568.542,1420.479,0,108.036,0,8.003,885,1248,0.650,1.220,0.990,0,0,0,0,0,18,281,0,28,0
23-06 14:04:23,1.750,0.750,96.485,0.500,0.250,5289264,300080,170860,2260084,4147.343,1187.812,0,475.925,0,29.995,1043,1443,0.650,1.220,0.990,0,0,0,0,0,18,281,0,28,0
23-06 14:04:24,1.500,0.750,96.728,0,0,5289252,300080,170864,2260092,4670.937,1631.629,0,59.986,0,6.998,962,1304,0.650,1.220,0.990,0,0,0,0,0,18,281,0,28,0
23-06 14:04:25,1.000,0.500,97.022,0,0,5289252,300080,170868,2260088,4721.058,1578.354,0,32.007,0,4.001,970,1283,0.650,1.220,0.990,0,0,1.000,0,0,18,281,0,28,0
23-06 14:04:26,1.250,0.500,97.733,0,0,5289248,300080,170868,2260092,4917.152,1697.707,0,0,0,0,855,1179,0.650,1.220,0.990,0,0,0,0,0,18,281,0,28,0
23-06 14:04:27,0.750,0.500,97.250,0,0,5289248,300080,170868,2260092,4908.976,1511.993,0,0,0,0,884,1226,0.680,1.220,0.990,0,0,0,0,0,18,281,0,28,0
23-06 14:04:28,8.001,2.000,88.266,0.750,0,5289256,299576,170904,2260552,4666.862,1566.289,436.081,868.160,28.005,81.015,2775,3979,0.680,1.220,0.990,0,0,0,0,0,18,281,0,28,0
23-06 14:04:29,1.250,0.750,96.746,0,0,5289244,299576,170908,2260560,4891.795,1511.937,0,83.996,0,10.000,1058,1601,0.680,1.220,0.990,0,0,0,0,0,18,281,0,28,0
23-06 14:04:30,1.250,1.250,96.757,0.250,0,5289232,299576,170908,2260572,4440.330,1620.120,0,108.008,0,14.001,1125,1625,0.680,1.220,0.990,0,0,0,0,0,18,281,0,28,0
23-06 14:04:31,1.500,0.250,96.510,0.250,0,5289468,299324,170924,2260572,4846.494,1566.160,0,176.018,0,20.002,1148,1660,0.680,1.220,0.990,0,0,0,0,0,18,281,0,28,0
23-06 14:04:32,1.000,0.500,97.513,0,0,5289468,299324,170924,2260572,4697.648,1620.224,0,104.014,0,8.001,885,1225,0.630,1.190,0.980,0,0,0,0,0,18,281,0,28,0
23-06 14:04:33,1.750,1.000,96.503,0,0,5289452,299324,170940,2260572,4860.132,1620.044,0,400.011,0,32.001,1051,1422,0.630,1.190,0.980,1,0,0,0,0,18,281,0,28,0
23-06 14:04:34,2.500,0.750,94.990,0.250,0,5289632,299072,171012,2260572,5039.458,1619.826,0,2655.714,0,145.984,1598,2517,0.630,1.190,0.980,0,0,1.000,0,0,18,281,0,28,0
23-06 14:04:35,1.000,0.500,96.716,0.250,0,5289612,299072,171036,2260568,5010.242,1511.470,0,215.924,0,21.992,1195,1769,0.630,1.190,0.980,0,0,1.000,0,0,18,281,0,28,0
23-06 14:04:36,1.750,1.000,96.768,0,0,5289604,299072,171036,2260576,5697.049,1566.288,0,4.001,0,1.000,987,1295,0.630,1.190,0.980,0,0,0,0,0,18,281,0,28,0
23-06 14:04:37,1.000,0,97.225,0,0,5289604,299072,171036,2260576,5271.637,1295.665,0,0,0,0,863,1217,0.580,1.170,0.980,0,0,0,0,0,18,281,0,28,0
23-06 14:04:38,2.000,1.250,95.501,0.250,0,5289596,299072,171072,2260548,5136.040,1296.010,0,388.003,0,37.000,1258,1744,0.580,1.170,0.980,2,0,0,0,0,18,281,0,28,0
23-06 14:04:39,1.250,0.750,97.236,0.250,0,5289568,299072,171072,2260576,4877.308,1457.793,0,1155.836,0,243.965,1063,1253,0.580,1.170,0.980,0,0,0,0,0,18,281,0,28,0
23-06 14:04:40,1.501,0.750,96.535,0.250,0,5289556,299072,171076,2260584,5533.983,1752.628,0,228.082,0,20.007,1244,1708,0.580,1.170,0.980,1,0,0,0,0,18,281,0,28,0
23-06 14:04:41,33.233,7.496,57.221,0.500,0,5046472,541120,171236,2261492,5303.352,1827.088,907.547,851.575,95.952,13.993,3856,3207,0.580,1.170,0.980,1,0,70.965,0,0,18,277,0,30,0
23-06 14:04:42,22.008,5.252,71.026,0,0,4997356,590324,171240,2261492,5008.839,1940.712,76.028,8.003,6.002,2.001,2350,1953,0.610,1.170,0.980,1,0,8.003,0,0,18,277,0,30,0
23-06 14:04:43,22.936,3.740,72.050,0,0,5053792,533652,171256,2261712,4505.511,1633.472,159.558,362.994,19.945,15.956,2172,1683,0.610,1.170,0.980,2,0,1.994,0,0,18,277,0,30,0
23-06 14:04:44,21.795,6.764,70.145,0.251,0,5162452,423948,171276,2262756,4920.174,1352.797,184.381,140.290,15.031,10.021,3253,5149,0.610,1.170,0.980,1,0,17.035,0,0,18,281,0,32,0
23-06 14:04:45,22.041,5.009,72.637,0.250,0,5205032,381360,171276,2262764,4696.828,1232.316,0,264.497,0,50.094,2269,1711,0.610,1.170,0.980,1,0,5.009,0,0,18,281,0,32,0
23-06 14:04:46,13.732,1.498,83.390,0,0,5220184,366016,171280,2262952,4899.520,1829.580,0,83.889,0,6.991,1596,1442,0.610,1.170,0.980,0,0,0.999,0,0,18,281,0,32,0
23-06 14:04:47,1.250,0.500,97.504,0,0,5217772,368428,171280,2262952,5223.218,1566.065,0,0,0,0,933,1242,0.560,1.150,0.970,0,0,0,0,0,18,281,0,32,0
23-06 14:04:48,2.000,0.750,95.500,0.250,0,5209528,376644,171304,2262956,4739.982,1619.994,0,335.999,0,34.000,1255,1804,0.560,1.150,0.970,5,0,0,0,0,18,281,0,32,0
23-06 14:04:49,1.250,0.500,97.010,0,0,5196372,389800,171304,2262956,4860.491,1620.164,0,200.020,0,4.000,1057,1480,0.560,1.150,0.970,0,0,0,0,0,18,281,0,32,0
23-06 14:04:50,2.001,1.001,95.058,0.250,0,5184840,401296,171336,2262960,4668.842,1566.954,0,276.168,0,32.019,1484,2167,0.560,1.150,0.970,0,0,0,0,0,18,281,0,32,0
23-06 14:04:51,1.499,0.750,97.211,0,0,5182520,403596,171356,2262960,5037.960,1709.308,0,179.927,0,19.992,1242,1768,0.560,1.150,0.970,0,0,0,0,0,18,281,0,32,0
23-06 14:04:52,0.750,0.750,97.490,0.250,0,5178968,407144,171360,2262960,4676.515,1619.832,0,467.951,0,8.999,933,1249,0.520,1.130,0.970,0,0,0,0,0,18,281,0,32,0
23-06 14:04:53,0.750,0.250,97.520,0,0,5177500,408592,171380,2262960,4801.004,1802.377,0,284.059,0,18.004,941,1279,0.520,1.130,0.970,0,0,0,0,0,18,281,0,32,0
23-06 14:04:54,1.250,0.500,97.478,0,0,5176468,409620,171384,2262960,4470.990,1511.658,0,35.992,0,4.999,887,1237,0.520,1.130,0.970,0,0,0,0,0,18,281,0,32,0
23-06 14:04:55,1.250,0.500,96.258,0,0,5176836,409252,171384,2262960,4912.398,1632.132,0,4652.377,0,631.051,1108,1350,0.520,1.130,0.970,1,0,1.000,0,0,18,281,0,32,0
23-06 14:04:56,1.000,0.500,97.759,0,0,5176508,409580,171384,2262960,5028.464,1578.146,0,0,0,0,854,1191,0.520,1.130,0.970,0,0,0,0,0,18,281,0,32,0
23-06 14:04:57,1.000,0.750,97.722,0,0,5175896,410188,171384,2262964,5173.525,1697.516,0,0,0,0,865,1200,0.470,1.110,0.960,0,0,0,0,0,18,281,0,32,0
23-06 14:04:58,1.498,0.999,95.642,0.499,0,5176112,409940,171412,2262968,6686.452,1510.295,3.995,391.558,0.999,33.962,1291,1860,0.470,1.110,0.960,0,0,0,0,0,18,281,0,32,0
23-06 14:04:59,1.252,0.501,97.139,0,0,5176104,409940,171420,2262968,5573.955,1568.238,0,44.063,0,6.009,875,1227,0.470,1.110,0.960,0,0,0,0,0,18,281,0,32,0
23-06 14:05:00,1.750,0.750,95.985,0.250,0,5176312,409716,171432,2262972,5417.136,1457.768,0,291.953,0,31.995,1320,1756,0.470,1.110,0.960,0,0,0,0,0,18,281,0,32,0
23-06 14:05:01,1.500,1.000,96.521,0,0,5176304,409716,171436,2262976,5299.131,1548.331,0,84.018,0,12.003,1177,1620,0.470,1.110,0.960,0,0,0,0,0,18,281,0,32,0
23-06 14:05:02,1.748,0.999,96.130,0,0,5176764,409248,171436,2262984,5442.191,1510.111,7.990,0,1.998,0,973,1224,0.440,1.100,0.960,0,0,2.996,0,0,18,281,0,32,0
23-06 14:05:03,1.751,0.500,96.581,0,0,5176984,409024,171444,2262984,4641.873,1459.218,0,200.167,0,13.011,1014,1368,0.440,1.100,0.960,2,0,0,0,0,18,281,0,28,0
23-06 14:05:04,1.750,1.750,94.736,0.250,0,5175784,410212,171456,2262984,5537.200,1457.789,0,251.964,0,21.997,1434,1858,0.440,1.100,0.960,1,0,5.999,0,0,18,281,0,28,0
23-06 14:05:05,2.000,1.250,95.020,0.250,0,5176252,409712,171480,2262992,5119.052,1458.300,4.001,296.061,1.000,24.005,1472,2252,0.440,1.100,0.960,1,0,1.000,0,0,18,281,0,28,0
23-06 14:05:06,1.500,0.500,97.230,0,0,5176248,409712,171480,2262996,5384.908,1565.682,0,3.999,0,1.000,917,1235,0.440,1.100,0.960,0,0,1.000,0,0,18,281,0,28,0
23-06 14:05:07,1.001,0.750,97.053,0,0,5176472,409488,171484,2262992,5780.163,1620.887,0,176.096,0,11.006,963,1307,0.400,1.080,0.950,0,0,0,0,0,18,281,0,19,0
23-06 14:05:08,3.258,0.752,94.990,0,0,5176692,409236,171508,2263000,5233.213,1764.455,0,268.678,0,28.071,1365,1827,0.400,1.080,0.950,1,0,2.005,0,0,18,281,0,19,0
23-06 14:05:09,8.231,3.991,86.554,0,0,5178348,407544,171508,2263052,5268.052,1616.334,31.928,35.919,1.995,2.993,2515,7672,0.400,1.080,0.950,0,0,36.916,0,0,18,281,0,20,0
23-06 14:05:10,0.998,0.749,96.599,0.250,0,5178928,406956,171516,2263036,4928.277,1683.362,0,111.825,0,13.978,1231,1758,0.400,1.080,0.950,0,0,0,0,0,18,281,0,20,0
23-06 14:05:11,1.502,0.501,96.622,0,0,5178656,407208,171524,2263048,5086.406,1712.156,0,104.131,0,13.016,1183,1683,0.400,1.080,0.950,1,0,0,0,0,18,281,0,6,0
23-06 14:05:12,10.778,14.788,73.689,0,0,5200252,385588,171524,2263072,4767.209,1702.360,0,8.021,0,2.005,4852,3997,0.450,1.080,0.950,1,0,311.799,0,0,18,281,0,6,0
23-06 14:05:13,22.934,4.487,70.795,0.249,0,5263704,322124,171528,2263080,4872.898,2118.868,3.988,327.054,0.997,18.945,2339,1947,0.450,1.080,0.950,2,0,0.997,0,0,18,282,0,6,0
23-06 14:05:14,17.071,3.515,78.579,0.251,0,5267020,318716,171540,2263160,14689.471,10758.019,52.219,188.790,4.017,15.063,2956,3255,0.450,1.080,0.950,1,0,3.013,0,0,18,282,0,8,0
23-06 14:05:15,35.401,8.476,53.600,1.496,0,5220344,364016,171796,2264280,11912.651,4147.390,869.566,4128.443,49.860,336.059,7217,10195,0.450,1.080,0.950,6,0,23.933,0,0,18,281,0,10,0
23-06 14:05:16,37.449,7.989,52.928,0,0,5352416,231772,171804,2264444,13944.086,10393.902,143.805,2057.210,6.991,369.499,3402,2342,0.450,1.080,0.950,3,0,9.986,0,0,18,285,0,13,0
23-06 14:05:17,25.249,7.250,65.498,0.250,0,5359500,224616,171816,2264504,35846.927,30365.091,16.000,1519.954,1.000,76.998,3834,3507,0.410,1.060,0.950,0,0,34.999,0,0,18,281,0,23,0
23-06 14:05:18,1.750,0.500,96.017,0.250,0,5352836,231264,171832,2264504,6721.193,1662.295,0,128.023,0,14.002,1178,1627,0.410,1.060,0.950,1,0,0,0,0,18,281,0,23,0
23-06 14:05:19,1.750,0.750,96.484,0,0,5346556,237528,171848,2264504,6256.982,1499.756,0,255.958,0,14.998,1081,1633,0.410,1.060,0.950,2,0,0,0,0,18,281,0,23,0
23-06 14:05:20,1.749,0.999,95.428,0.250,0,5340996,243060,171864,2264516,4948.250,1510.855,0,323.755,0,37.971,1433,2131,0.410,1.060,0.950,0,0,0,0,0,18,281,0,23,0
23-06 14:05:21,2.252,0.751,95.322,0.250,0,5336164,247880,171880,2264516,5514.146,1661.249,0,604.454,0,103.077,1446,2147,0.410,1.060,0.950,0,0,0,0,0,18,281,0,23,0
23-06 14:05:22,1.500,0.750,96.998,0,0,5332420,251624,171880,2264516,4714.892,1457.967,0,111.997,0,8.000,920,1283,0.380,1.040,0.940,0,0,0,0,0,18,281,0,23,0
23-06 14:05:23,2.001,0.750,95.534,0,0,5328672,255324,171888,2264556,4741.703,1620.582,0,472.170,0,32.011,1038,1423,0.380,1.040,0.940,0,0,0,0,0,18,281,0,23,0
23-06 14:05:24,1.750,0.750,97.226,0.250,0,5325384,258600,171892,2264564,4978.783,1619.604,0,35.991,0,4.999,869,1251,0.380,1.040,0.940,0,0,0,0,0,18,281,0,23,0
23-06 14:05:25,1.251,0.500,96.549,0.250,0,5322532,261444,171912,2264552,4742.395,1620.819,16.008,484.245,1.001,39.020,1154,1751,0.380,1.040,0.940,0,0,2.001,0,0,18,281,0,23,0
23-06 14:05:26,0.750,0.250,97.760,0,0,5318428,265508,171912,2264592,5292.562,1752.186,0,0,0,0,772,1134,0.380,1.040,0.940,0,0,0,0,0,18,281,0,23,0
23-06 14:05:27,1.500,1.000,97.222,0,0,5314088,269848,171924,2264580,4853.585,1577.540,0,95.972,0,12.996,888,1314,0.350,1.020,0.940,0,0,0,0,0,18,281,0,23,0
23-06 14:05:28,1.250,0.250,96.524,0,0,5310496,273404,171948,2264592,4511.103,1620.396,0,336.082,0,26.006,1153,1693,0.350,1.020,0.940,0,0,0,0,0,18,281,0,23,0
23-06 14:05:29,1.499,0.500,96.419,0,0,5307304,276592,171952,2264592,4841.925,1564.683,0,55.953,0,5.995,915,1273,0.350,1.020,0.940,0,0,0,0,0,18,281,0,23,0
23-06 14:05:30,2.001,0.750,95.782,0.500,0,5304284,279580,171976,2264600,4719.574,1578.526,0,348.116,0,40.013,1285,1816,0.350,1.020,0.940,0,0,0,0,0,18,281,0,23,0
23-06 14:05:31,3.250,0.750,94.238,0.500,0,5302340,281440,171980,2264680,5085.342,1565.797,79.990,167.978,4.999,23.997,1439,2110,0.350,1.020,0.940,0,0,0,0,0,18,283,0,23,0
23-06 14:05:32,1.250,0.500,97.500,0,0,5300220,283560,171980,2264680,4789.000,1512.000,0,1332.000,0,271.000,868,1208,0.320,1,0.930,0,0,0,0,0,18,283,0,23,0
23-06 14:05:33,1.502,0.501,96.865,0,0,5298540,285240,171980,2264680,4911.832,1567.862,0,260.309,0,17.020,943,1287,0.320,1,0.930,2,0,0,0,0,18,283,0,23,0
23-06 14:05:34,1.498,0.999,96.382,0,0,5296640,287128,171988,2264684,4872.023,1456.214,0,255.686,0,22.972,1117,1660,0.320,1,0.930,0,0,0,0,0,18,283,0,23,0
23-06 14:05:35,2.000,0.750,95.522,0.250,0,5296192,287512,172016,2264720,4699.064,1458.330,32.007,248.056,1.000,31.007,1478,2169,0.320,1,0.930,0,0,1.000,0,0,18,283,0,23,0
23-06 14:05:36,0.500,0.750,97.476,0,0,5295968,287736,172016,2264720,4470.910,1511.632,0,15.996,0,2.999,810,1226,0.320,1,0.930,0,0,0,0,0,18,283,0,23,0
23-06 14:05:37,1.501,0.750,96.802,0,0,5295672,288016,172032,2264720,5045.734,1706.925,0,344.187,0,19.010,925,1315,0.290,0.990,0.930,0,0,0,0,0,18,283,0,23,0
23-06 14:05:38,1.999,0.750,96.202,0,0,5295620,288016,172080,2264724,4709.632,1511.240,0,187.906,0,26.986,1195,1747,0.290,0.990,0.930,0,0,0,0,0,18,283,0,23,0
23-06 14:05:39,0.750,0.750,97.243,0,0,5295356,288272,172080,2264732,4577.673,1457.896,0,0,0,0,887,1255,0.290,0.990,0.930,0,0,0,0,0,18,283,0,23,0
23-06 14:05:40,2.251,0.750,96.023,0.250,0,5295572,288048,172088,2264732,4847.153,1566.373,0,360.086,0,31.007,1272,1804,0.290,0.990,0.930,0,0,1.000,0,0,18,283,0,23,0
23-06 14:05:41,2.250,0.750,95.985,0.500,0,5295560,288048,172116,2264716,5345.176,1685.740,0,155.976,0,23.996,1393,2067,0.290,0.990,0.930,0,0,0,0,0,18,283,0,23,0
23-06 14:05:42,1.250,0.500,97.535,0,0,5295544,288048,172116,2264732,5302.914,1578.570,0,8.003,0,2.001,821,1233,0.270,0.970,0.920,0,0,0,0,0,18,283,0,23,0
23-06 14:05:43,1.000,0.500,97.470,0,0,5295540,288048,172124,2264728,4916.489,1685.482,0,259.920,0,16.995,944,1377,0.270,0.970,0.920,0,0,0,0,0,18,283,0,23,0
23-06 14:05:44,1.492,0.249,96.462,0,0,5295528,288048,172128,2264736,5071.712,1611.014,0,71.601,0,9.945,1045,1465,0.270,0.970,0.920,0,0,1.989,0,0,18,283,0,21,0
23-06 14:05:45,1.508,0.754,96.539,0.251,0,5295764,287796,172156,2264724,5464.518,1695.469,0,498.786,0,40.225,1331,1909,0.270,0.970,0.920,0,0,1.006,0,0,18,283,0,21,0
23-06 14:05:46,2.000,0.250,96.989,0,0,5295740,287796,172156,2264748,11044.738,2876.671,0,0,0,0,961,1299,0.270,0.970,0.920,1,0,0,0,0,18,283,0,21,0
23-06 14:05:47,2.000,2.500,93.999,0,0,5296952,286580,172160,2264748,4534.968,1523.989,0,60.000,0,8.000,1471,1621,0.250,0.950,0.920,0,0,18.000,0,0,18,283,0,21,0
23-06 14:05:48,1.750,0.750,95.768,0.250,0,5296896,286620,172168,2264756,3954.737,1134.211,0,1100.205,0,196.037,1348,1874,0.250,0.950,0.920,3,0,0,0,0,18,283,0,19,0
23-06 14:05:49,1.250,1.250,96.754,0,0,5296784,286716,172180,2264760,4818.215,1458.065,0,92.004,0,12.001,1114,1661,0.250,0.950,0.920,0,0,0,0,0,18,283,0,19,0
23-06 14:05:50,2.506,0.752,94.991,0.501,0,5296764,286716,172200,2264760,4330.972,1624.114,0,252.640,0,32.081,1409,2037,0.250,0.950,0.920,0,0,0,0,0,18,283,0,19,0
23-06 14:05:51,2.244,0.499,95.729,0.499,0,5296752,286716,172208,2264764,4624.911,1453.885,0,259.266,0,30.913,1447,2149,0.250,0.950,0.920,0,0,0,0,0,18,283,0,19,0
23-06 14:05:52,1.001,0.751,97.578,0,0,5296744,286716,172208,2264772,5239.185,1501.199,0,272.217,0,35.028,917,1254,0.230,0.940,0.910,0,0,0,0,0,18,283,0,19,0
23-06 14:05:53,1.249,0.500,96.937,0,0,5296740,286716,172208,2264776,5036.709,1618.942,0,491.679,0,29.980,985,1358,0.230,0.940,0.910,0,0,0,0,0,18,283,0,19,0
23-06 14:05:54,1.500,0.750,96.743,0,0,5296736,286716,172212,2264776,4817.666,1457.899,0,35.998,0,5.000,907,1266,0.230,0.940,0.910,0,0,0,0,0,18,283,0,19,0
23-06 14:05:55,1.502,0.501,96.880,0,0,5296736,286716,172212,2264776,4944.615,1459.953,0,0,0,0,1032,1372,0.230,0.940,0.910,0,0,1.001,0,0,18,283,0,19,0
23-06 14:05:56,0.499,0.749,97.375,0,0,5296736,286716,172212,2264776,5279.214,1683.835,0,0,0,0,905,1262,0.230,0.940,0.910,0,0,0,0,0,18,283,0,19,0
23-06 14:05:57,1.500,0.250,97.529,0,0,5296736,286716,172212,2264776,5202.544,1524.452,0,0,0,0,885,1259,0.210,0.920,0.900,0,0,0,0,0,18,283,0,19,0
23-06 14:05:58,2.247,1.498,93.865,0.499,0,5296708,286716,172244,2264772,6231.032,1617.672,0,3055.602,0,249.641,1618,2355,0.210,0.920,0.900,0,0,0,0,0,18,283,0,19,0
23-06 14:05:59,1.752,0.250,96.833,0,0,5296704,286716,172244,2264776,6185.329,1621.397,0,56.048,0,7.006,955,1322,0.210,0.920,0.900,0,0,0,0,0,18,283,0,19,0
23-06 14:06:00,1.500,0.750,96.025,0.250,0,5296696,286716,172264,2264764,6001.544,1620.417,0,320.082,0,36.009,1290,1811,0.210,0.920,0.900,0,0,0,0,0,18,283,0,19,0
23-06 14:06:01,2.751,0.750,95.272,0.250,0,5296656,286716,172280,2264788,5709.312,1728.397,0,172.040,0,24.006,1517,2136,0.210,0.920,0.900,0,0,0,0,0,18,283,0,19,0
23-06 14:06:02,1.250,0.500,97.745,0,0,5296656,286716,172280,2264788,5148.727,1685.911,0,0,0,0,847,1276,0.190,0.910,0.900,0,0,0,0,0,18,283,0,19,0
23-06 14:06:03,1.249,0.500,96.951,0.250,0,5296644,286716,172292,2264788,4915.528,1511.240,0,255.871,0,16.991,981,1397,0.190,0.910,0.900,1,0,0,0,0,18,283,0,19,0
23-06 14:06:04,2.001,1.501,95.070,0,0,5296632,286720,172312,2264776,5510.069,1567.157,0,336.248,0,27.020,1323,1804,0.190,0.910,0.900,0,0,6.004,0,0,18,283,0,19,0
23-06 14:06:05,1.750,1.000,96.226,0.250,0,5296604,286720,172324,2264792,5948.505,1619.593,0,91.977,0,13.996,1216,1696,0.190,0.910,0.900,0,0,1.000,0,0,18,283,0,19,0
23-06 14:06:06,0.750,0.750,97.529,0.250,0,5296604,286720,172324,2264792,5493.657,1512.456,0,480.145,0,96.029,1063,1294,0.190,0.910,0.900,0,0,2.001,0,0,18,283,0,19,0
23-06 14:06:07,2.497,1.748,93.398,0,0,5297092,286220,172336,2264792,5337.154,1564.287,0,379.584,0,30.966,1506,1966,0.180,0.890,0.890,1,0,16.981,0,0,18,283,0,19,0
23-06 14:06:08,18.776,4.757,75.104,0.250,0,5320396,262724,172352,2264976,12825.756,9480.125,0,272.377,0,34.047,3333,4001,0.180,0.890,0.890,2,0,20.028,0,0,18,286,0,19,0
23-06 14:06:09,16.255,7.002,75.523,0,0,5308688,274420,172352,2264988,7907.450,4678.450,4.001,40.012,1.000,3.001,3617,6650,0.180,0.890,0.890,1,0,84.026,0,0,18,286,0,21,1
23-06 14:06:10,9.258,19.266,69.808,0,0,5322396,260688,172356,2265008,4317.607,1591.330,0,104.087,0,12.010,5901,4739,0.180,0.890,0.890,2,0,342.286,0,0,18,285,0,21,2
23-06 14:06:11,16.038,10.525,71.920,0,0,5350840,232168,172392,2265048,16670.491,2904.881,4.009,601.425,1.002,35.083,3856,3532,0.180,0.890,0.890,1,0,110.261,0,0,18,285,0,22,2
23-06 14:06:12,22.159,4.678,71.892,0,0,5401392,181516,172400,2265140,4407.084,1435.872,74.847,449.079,4.924,8.863,2078,1688,0.240,0.890,0.900,2,0,1.970,0,0,18,285,0,21,2
23-06 14:06:13,21.750,2.782,72.332,2.023,0,5425956,151288,172588,2270616,4734.470,1723.833,2496.725,720.287,254.933,17.198,2354,2216,0.240,0.890,0.900,1,1,0,0,0,18,285,0,21,2
23-06 14:06:14,23.256,4.501,70.519,0.750,0,5406296,169276,172632,2272164,4819.315,1458.398,640.175,368.100,62.017,10.003,2355,2305,0.240,0.890,0.900,2,0,4.001,0,0,18,285,0,21,2
23-06 14:06:15,26.082,7.022,64.955,0.502,0,5425948,189120,171124,2234716,10908.356,2843.957,176.556,906.856,10.032,82.259,5688,7440,0.240,0.890,0.900,4,0,4.013,0,0,18,286,0,21,2
23-06 14:06:16,31.405,4.486,62.311,0.748,0,5433532,180616,171160,2235600,3110.560,0,669.967,474.560,44.864,47.855,5716,7742,0.240,0.890,0.900,1,0,1.994,0,0,18,291,0,20,2
23-06 14:06:17,18.488,3.997,74.451,1.249,0.250,5436588,176596,171284,2236440,7957.759,2634.265,583.616,1399.079,36.976,214.859,4525,6415,0.220,0.880,0.890,0,0,0.999,0,0,18,290,0,23,2
23-06 14:06:18,13.983,1.998,80.403,0.999,0,5438620,174020,171404,2236864,8495.798,2966.438,191.770,1849.779,10.987,226.728,4110,5914,0.220,0.880,0.890,6,0,0,0,0,18,290,0,25,2
23-06 14:06:19,4.271,1.005,93.969,0.503,0,5438748,173768,171484,2236908,7175.791,1628.121,32.160,880.391,2.010,80.401,1826,2578,0.220,0.880,0.890,4,1,0,0,0,18,291,0,25,2
23-06 14:06:20,6.478,1.744,88.449,1.246,0,5438488,173768,171652,2237000,11908.507,3448.275,31.892,4568.466,1.993,344.827,3302,5265,0.220,0.880,0.890,0,0,0,0,0,18,290,0,12,2
23-06 14:06:21,25.499,5.000,65.747,1.750,0,5437776,173264,171780,2238084,5269.793,1729.932,751.970,3243.873,43.998,332.987,7418,11584,0.220,0.880,0.890,1,0,1.000,0,0,18,293,0,15,2
23-06 14:06:22,23.248,5.000,68.745,1.000,0,5438308,172508,171840,2238248,5028.665,1511.899,15.999,2503.833,1.000,258.983,7389,10531,0.210,0.860,0.890,2,0,0,0,0,18,294,0,16,2
23-06 14:06:23,13.492,2.998,79.955,1.499,0,5438288,172004,172000,2238612,6136.517,2563.545,31.982,2482.591,1.999,255.855,4224,6077,0.210,0.860,0.890,0,0,0,0,0,18,292,0,18,2
23-06 14:06:24,10.018,2.004,85.908,0.751,0,5438616,171540,172056,2238692,11638.466,3304.094,0,6824.587,0,794.465,3582,4459,0.210,0.860,0.890,0,0,0,0,0,18,292,0,18,2
23-06 14:06:25,11.741,2.498,83.434,0.999,0,5438428,171540,172152,2238784,5275.813,1618.715,31.975,2006.408,1.998,165.868,4109,5951,0.210,0.860,0.890,1,0,0.999,0,0,18,293,0,18,2
23-06 14:06:26,25.219,5.493,64.670,1.998,0,5439336,169776,172444,2239348,5051.734,1456.194,31.960,7866.242,1.998,577.284,8155,12656,0.210,0.860,0.890,1,0,0,0,0,18,293,0,19,2
23-06 14:06:27,18.012,4.003,74.298,2.001,0,5439268,169524,172648,2239464,6673.270,2455.571,0,3226.064,0,304.195,5626,8481,0.190,0.850,0.880,0,0,0,0,0,18,292,0,20,2
23-06 14:06:28,12.005,2.501,82.536,0.750,0,5439176,169272,172792,2239664,3379.477,1361.595,0,1284.562,0,152.066,3378,4689,0.190,0.850,0.880,0,0,0,0,0,18,292,0,21,2
23-06 14:06:29,5.245,1.249,92.154,0.250,0,5439096,169272,172856,2239680,4583.212,605.368,0,655.315,0,55.942,1879,2653,0.190,0.850,0.880,2,0,0,0,0,18,294,0,21,2
23-06 14:06:30,11.002,3.001,83.768,1.000,0,5447484,160704,172956,2239760,4352.932,1493.320,0,1740.373,0,181.039,3498,5047,0.190,0.850,0.880,0,0,0,0,0,18,292,0,23,2
23-06 14:06:31,20.004,2.751,75.265,0.750,0,5447468,160200,173088,2240148,6262.247,2430.484,144.029,1184.236,7.001,130.026,4447,5494,0.190,0.850,0.880,0,0,0,0,0,18,292,0,24,2
23-06 14:06:32,4.751,1.500,91.262,0.250,0,5447396,160200,173136,2240172,10350.328,2885.370,0,808.104,0,76.010,2223,3060,0.410,0.890,0.890,0,0,0,0,0,18,292,0,24,2
23-06 14:06:33,4.750,2.250,89.503,1.500,0,5447180,160200,173320,2240204,10371.297,2091.060,0,5372.154,0,363.010,2846,4340,0.410,0.890,0.890,1,0,0,0,0,18,293,0,24,2
23-06 14:06:34,6.499,1.750,89.231,1.000,0,5447052,160200,173396,2240256,11798.476,3351.283,0,1163.751,0,142.969,2755,4050,0.410,0.890,0.890,0,0,1.000,0,0,18,292,0,24,2
23-06 14:06:35,24.006,4.751,66.516,1.750,0,5447164,159696,173604,2240440,5027.184,1566.369,0,3076.724,0,348.082,7342,10751,0.410,0.890,0.890,1,0,1.000,0,0,18,293,0,24,2
23-06 14:06:36,23.817,4.763,67.941,0.752,0,5446672,159696,173684,2240852,4994.011,1624.558,0,1644.614,0,164.461,7374,10663,0.410,0.890,0.890,1,0,0,0,0,18,293,0,26,2
23-06 14:06:37,24.442,4.739,66.592,1.995,0,5447448,158440,173840,2241176,5344.334,1755.839,0,2949.011,0,348.175,8101,12725,0.540,0.900,0.900,1,0,0,0,0,18,293,0,27,2
23-06 14:06:38,17.488,3.498,76.698,0.749,0,5447664,157936,173888,2241416,4916.686,1618.909,0,1666.876,0,142.904,5935,8856,0.540,0.900,0.900,0,0,0.999,0,0,18,294,0,27,2
23-06 14:06:39,3.500,0.750,94.258,0,0,5447636,157936,173896,2241436,4592.371,1512.122,0,480.039,0,24.002,1460,1809,0.540,0.900,0.900,0,0,0,0,0,18,294,0,27,2
23-06 14:06:40,3.999,1.000,93.217,0.250,0,5447580,157936,173912,2241476,4798.320,1619.433,0,599.790,0,42.985,1661,2104,0.540,0.900,0.900,0,0,0,0,0,18,294,0,27,2
23-06 14:06:41,20.087,4.268,73.317,1.255,0,5448164,157180,174060,2241500,4987.561,1572.799,0,2426.490,0,267.155,6291,9235,0.540,0.900,0.900,1,0,0,0,0,18,294,0,27,2
23-06 14:06:42,24.656,4.981,64.754,1.992,0,5447908,156676,174380,2241940,4651.358,1506.287,0,8742.840,0,690.382,8766,13798,0.580,0.910,0.900,3,0,0,0,0,18,294,0,28,2
23-06 14:06:43,24.011,4.502,68.782,0.750,0,5449352,154912,174484,2242156,4668.139,1566.718,160.073,1708.783,10.005,131.060,6165,8707,0.580,0.910,0.900,1,0,0,0,0,18,294,0,29,2
23-06 14:06:44,5.746,1.499,90.431,0.749,0,5451180,152644,174596,2242484,4708.405,1510.847,111.915,1778.642,5.995,137.895,2367,3543,0.580,0.910,0.900,0,0,1.998,0,0,18,293,0,30,2
23-06 14:06:45,15.003,3.251,79.516,1.250,0,5450900,152592,174728,2242684,6317.264,2532.507,0,8857.772,0,1079.216,4331,5671,0.580,0.910,0.900,0,0,1.000,0,0,18,293,0,33,2
23-06 14:06:46,11.249,2.000,84.239,0.750,0,5453604,149700,174812,2242788,13819.243,5421.311,63.992,2283.710,3.999,143.982,2957,4051,0.580,0.910,0.900,0,0,0,0,0,18,294,0,34,2
23-06 14:06:47,6.755,2.001,89.813,0.250,0,5457528,145668,174868,2242840,6728.736,1633.149,0,840.592,0,77.054,2179,2956,0.690,0.920,0.910,0,0,0,0,0,18,295,0,34,2
23-06 14:06:48,16.227,2.996,78.391,0.749,0.250,5462620,140376,174952,2242956,6234.322,2291.810,0,5332.577,0,147.794,3776,5094,0.690,0.920,0.910,1,0,0,0,0,18,295,0,40,2
23-06 14:06:49,11.506,4.002,80.544,2.001,0,5481692,168332,173584,2197704,11887.484,3407.859,0,6619.611,0,507.277,4135,6264,0.690,0.920,0.910,1,0,0,0,0,18,294,0,42,2
23-06 14:06:50,21.252,2.750,74.255,0.500,0,5481536,168332,173760,2197684,6173.444,2372.170,32.002,1540.111,1.000,173.012,4279,5644,0.690,0.920,0.910,0,0,0,0,0,18,296,0,46,2
23-06 14:06:51,7.252,1.751,88.278,0.750,0,5481080,168332,173888,2198012,10317.290,3009.960,16.005,1008.322,1.000,148.047,2901,4279,0.690,0.920,0.910,1,0,0,0,0,18,297,0,46,2
23-06 14:06:52,6.497,1.499,88.956,1.000,0,5480644,168332,174068,2198268,6386.810,1619.191,0,1751.125,0,156.922,2785,4201,0.640,0.910,0.900,0,0,0,0,0,18,296,0,47,2
23-06 14:06:53,15.003,3.501,78.516,1.750,0,5480532,168080,174332,2198368,6021.193,2586.513,8.002,2172.431,1.000,259.051,3955,5607,0.640,0.910,0.900,0,0,0,0,0,18,296,0,50,2
23-06 14:06:54,13.048,2.760,82.807,0.251,0.251,5480772,167604,174460,2198476,5191.253,2529.381,0,1260.675,0,127.473,3230,4320,0.640,0.910,0.900,0,0,0,0,0,18,296,0,54,2
23-06 14:06:55,1.745,0.748,94.749,0.499,0,5473156,174972,174556,2198628,6231.517,1681.552,0,4037.321,0,483.721,1705,2367,0.640,0.910,0.900,1,0,0.997,0,0,18,297,0,54,2
23-06 14:06:56,5.495,0.999,91.674,0.500,0,5473324,174720,174648,2198620,4961.909,1564.710,0,871.282,0,73.939,1919,2614,0.640,0.910,0.900,0,0,0,0,0,18,296,0,55,2
23-06 14:06:57,5.247,0.999,92.452,0.250,0,5473432,174496,174708,2198676,4994.388,1619.153,0,979.488,0,59.969,1739,2480,0.590,0.890,0.900,0,0,0,0,0,18,296,0,55,2
23-06 14:06:58,4.992,1.498,91.362,0.250,0,5473368,174496,174796,2198652,5723.338,1509.715,0,690.954,0,67.897,2070,2889,0.590,0.890,0.900,0,0,0,0,0,18,296,0,55,2
23-06 14:06:59,5.509,1.252,91.398,0.501,0,5473240,174496,174848,2198728,6536.557,1568.533,0,673.087,0,65.105,2051,2758,0.590,0.890,0.900,0,0,0,0,0,18,296,0,56,2
23-06 14:07:00,12.002,2.000,83.515,1.250,0,5473044,174496,175072,2198700,8129.414,3288.572,0,1692.294,0,212.037,3364,4646,0.590,0.890,0.900,1,1,0,0,0,18,296,0,59,2
23-06 14:07:01,7.766,2.255,87.936,1.253,0,5472508,174496,175364,2198944,5148.899,1623.436,0,6561.890,0,422.895,3212,4898,0.590,0.890,0.900,3,0,0,0,0,18,295,0,60,2
23-06 14:07:02,7.232,1.247,89.028,0.748,0,5472268,174496,175544,2199004,7326.738,2497.774,0,1376.569,0,152.620,2543,3899,0.540,0.880,0.890,0,0,0,0,0,18,296,0,61,2
23-06 14:07:03,16.000,2.750,79.002,1.000,0,5474036,172480,175720,2199076,13256.357,3749.101,0,1480.040,0,208.006,4023,5347,0.540,0.880,0.890,0,0,0,0,0,18,296,0,65,2
23-06 14:07:04,11.500,2.750,83.001,0.750,0,5474708,171728,175864,2199012,5718.049,1524.013,16.000,1108.010,1.000,133.001,3694,4884,0.540,0.880,0.890,0,1,6.000,0,0,18,296,0,65,2
23-06 14:07:05,4.503,1.501,92.570,0.250,0.250,5474936,171224,175884,2199268,5496.147,1405.060,0,432.326,0,37.028,1947,2637,0.540,0.880,0.890,2,0,1.001,0,0,18,297,0,65,2
23-06 14:07:06,11.488,2.248,83.410,1.249,0,5474816,170972,176072,2199452,6139.407,2041.807,15.983,1718.155,0.999,202.782,3335,4904,0.540,0.880,0.890,0,0,0,0,0,18,296,0,69,2
23-06 14:07:07,7.747,1.499,87.714,0.750,0,5474596,170972,176184,2199560,6537.288,2433.990,0,1547.358,0,146.939,2851,3955,0.500,0.860,0.890,0,0,0,0,0,18,296,0,71,2
23-06 14:07:08,11.498,2.500,84.235,0.750,0,5474848,170720,176348,2199396,6057.942,1920.665,0,1463.744,0,150.974,3181,4324,0.500,0.860,0.890,0,0,0,0,0,18,296,0,73,2
23-06 14:07:09,12.751,5.000,80.505,0.250,0,5496880,174284,175080,2175808,4866.303,2017.126,4.000,732.046,1.000,56.003,3184,9950,0.500,0.860,0.890,1,0,36.002,0,0,18,295,0,77,2
23-06 14:07:10,5.756,3.003,89.101,0.751,0,5503892,167128,175184,2175848,11295.747,3066.460,0,1297.464,0,156.176,2775,3984,0.500,0.860,0.890,0,0,0,0,0,18,296,0,75,2
23-06 14:07:11,24.346,5.020,66.262,2.008,0,5502712,167972,175480,2175888,4369.259,1517.996,0,13115.810,0,1225.842,7491,11410,0.500,0.860,0.890,1,0,0,0,0,18,297,0,75,2
23-06 14:07:12,26.647,3.487,66.244,1.992,0,5501860,168040,175760,2176392,4619.141,1613.761,31.877,3972.641,0.996,381.525,7044,10607,0.540,0.870,0.890,1,0,0,0,0,18,297,0,75,2
23-06 14:07:13,24.333,5.519,67.983,1.003,0,5502212,167284,175868,2176688,4876.705,1625.568,32.110,2155.383,1.003,229.787,7747,11434,0.540,0.870,0.890,3,0,0,0,0,18,297,0,75,2
23-06 14:07:14,2.242,0.498,94.433,0.498,0,5502136,167284,175888,2176744,4963.333,1614.578,0,1295.649,0,94.682,1690,2659,0.540,0.870,0.890,0,0,0,0,0,18,296,0,74,2
23-06 14:07:15,15.265,3.503,79.327,0.751,0,5502984,166048,176004,2177016,11965.680,3971.877,16.016,1961.915,1.001,218.213,4067,5827,0.540,0.870,0.890,2,0,2.002,0,0,18,296,0,78,2
23-06 14:07:16,8.734,1.996,87.095,0.998,0,5497500,171500,176108,2176944,6844.783,2452.623,0,1549.235,0,173.690,2936,4307,0.540,0.870,0.890,0,0,2.995,0,0,18,296,0,79,2
23-06 14:07:17,14.253,2.751,79.766,0.750,0,5497252,171500,176184,2177116,8111.600,2041.403,32.006,1956.386,2.000,208.041,4109,5765,0.570,0.870,0.890,0,0,2.000,0,0,18,296,0,83,2
23-06 14:07:18,3.514,1.506,92.631,1.004,0,5497368,171248,176284,2177152,6070.939,1572.460,4.016,6084.997,1.004,366.506,2398,3775,0.570,0.870,0.890,3,0,0,0,0,18,297,0,76,2
23-06 14:07:19,11.454,1.743,84.907,0.996,0,5497352,170996,176376,2177328,13606.111,3338.532,0,2493.939,0,208.160,3354,4817,0.570,0.870,0.890,0,0,0,0,0,18,296,0,78,2
23-06 14:07:20,20.753,2.750,73.509,1.250,0,5497056,170996,176520,2177480,5446.686,1566.197,0,3728.470,0,321.040,6031,9045,0.570,0.870,0.890,2,0,0,0,0,18,297,0,78,2
23-06 14:07:21,26.018,5.504,64.794,2.001,0,5496296,170996,176720,2178040,5491.703,1607.084,0,4286.891,0,473.319,8475,13418,0.570,0.870,0.890,2,0,0,0,0,18,297,0,78,2
23-06 14:07:22,24.699,4.491,68.108,1.247,0,5496572,170492,176832,2178156,4998.615,1562.753,0,2410.991,0,237.507,7958,11943,0.610,0.870,0.890,1,1,0,0,0,18,297,0,76,2
23-06 14:07:23,25.783,5.257,63.833,2.253,0,5495560,170492,177044,2178956,4864.295,1513.959,0,9548.357,0,830.074,10016,16594,0.610,0.870,0.890,1,0,1.001,0,0,18,297,0,77,2
23-06 14:07:24,24.310,4.511,68.420,1.253,0,5495616,170240,177164,2179032,4978.377,1569.903,0,3364.364,0,262.653,7577,11114,0.610,0.870,0.890,1,0,0,0,0,18,296,0,78,2
23-06 14:07:25,25.459,4.493,65.895,1.747,0,5495320,169988,177284,2179460,4884.204,1509.590,0,3937.715,0,421.328,8594,13226,0.610,0.870,0.890,1,0,0.998,0,0,18,297,0,79,2
23-06 14:07:26,24.314,5.264,67.929,1.504,0,5494568,170244,177368,2179872,4918.944,1570.132,0,9496.991,0,1185.119,9153,13091,0.610,0.870,0.890,1,1,0,0,0,18,297,0,77,2
23-06 14:07:27,9.716,2.740,84.951,0.747,0,5494648,169992,177412,2180000,4712.411,1506.696,0,3224.648,0,190.330,4089,6094,0.560,0.860,0.890,0,0,0,0,0,18,296,0,77,2
23-06 14:07:28,6.751,1.750,87.507,1.750,0,5494588,169992,177476,2179996,4726.378,1566.125,0,6560.525,0,442.035,3425,5446,0.560,0.860,0.890,0,0,0,0,0,18,296,0,77,2
23-06 14:07:29,13.501,2.500,81.006,1.250,0,5494048,170288,177552,2180164,6200.475,2578.197,0,2164.166,0,228.017,3799,5487,0.560,0.860,0.890,2,0,0,0,0,18,296,0,80,2
23-06 14:07:30,5.750,1.000,91.749,0,0,5493908,170288,177552,2180304,5165.919,1685.973,0,507.992,0,36.999,1955,2587,0.560,0.860,0.890,1,0,0,0,0,18,297,0,76,2
23-06 14:07:31,12.503,1.250,83.769,0.750,0,5494316,169784,177604,2180348,11471.630,3460.794,0,1428.328,0,172.039,3522,4954,0.560,0.860,0.890,0,0,0,0,0,18,296,0,79,2
23-06 14:07:32,5.502,1.751,91.780,0.250,0,5494228,169784,177620,2180420,10880.528,3063.994,0,1056.343,0,94.030,2225,3010,0.510,0.840,0.880,0,0,0,0,0,18,296,0,80,2
23-06 14:07:33,9.985,1.498,85.867,0.749,0,5494228,169532,177672,2180620,4525.003,1509.666,0,1505.672,0,144.776,3474,4772,0.510,0.840,0.880,0,0,0,0,0,18,296,0,81,2
23-06 14:07:34,10.302,2.261,85.431,1.005,0,5494356,169280,177720,2180696,4810.295,1573.949,0,1592.041,0,180.914,3069,4596,0.510,0.840,0.880,2,0,0,0,0,18,295,0,83,2
23-06 14:07:35,4.232,0.747,92.601,0.498,0,5494512,169028,177736,2180776,6145.490,2458.395,0,1019.602,0,90.609,2010,2993,0.510,0.840,0.880,0,0,0.996,0,0,18,296,0,83,2
23-06 14:07:36,14.249,2.500,80.246,1.250,0,5494772,168524,177776,2180980,6245.709,2524.882,0,1651.923,0,184.991,3743,5344,0.510,0.840,0.880,0,0,0,0,0,18,296,0,87,2
23-06 14:07:37,7.501,1.750,87.014,1.750,0,5494720,168524,177904,2180904,5209.842,1512.245,0,6965.126,0,468.076,3004,4617,0.470,0.830,0.880,0,0,0,0,0,18,296,0,88,2
23-06 14:07:38,8.749,1.500,88.988,0.250,0,5494648,168444,177928,2181032,3453.520,593.917,0,571.920,0,55.992,2326,3145,0.470,0.830,0.880,0,0,0,0,0,18,296,0,87,2
23-06 14:07:39,5.526,0.754,93.188,0,0,5494620,168444,177932,2181056,4975.368,1519.135,0,233.095,0,15.071,1424,1771,0.470,0.830,0.880,1,0,0,0,0,18,297,0,89,2
23-06 14:07:40,13.938,1.991,80.643,0.996,0,5489064,173824,178008,2181156,12765.506,3744.429,0,1477.461,0,194.141,3960,5488,0.470,0.830,0.880,0,0,0,0,0,18,296,0,94,2
23-06 14:07:41,19.022,3.254,75.587,1.251,0,5489132,173572,178124,2181224,5286.118,1621.877,0,2482.874,0,279.323,6473,9883,0.470,0.830,0.880,2,0,0,0,0,18,297,0,94,2
23-06 14:07:42,25.320,5.515,65.681,2.006,0,5491760,170184,178272,2181836,4306.864,1462.027,0,9040.904,0,1092.008,9618,14708,0.520,0.830,0.880,2,0,0,0,0,18,297,0,95,2
23-06 14:07:43,15.937,2.490,78.193,1.245,0,5492184,169428,178368,2182072,4261.252,1452.292,31.875,2820.913,0.996,252.010,5877,8818,0.520,0.830,0.880,0,0,0,0,0,18,296,0,98,2
23-06 14:07:44,12.755,2.501,82.283,0.750,0,5492556,168936,178460,2182100,4147.688,2030.827,0,1612.656,0,170.069,3331,4806,0.520,0.830,0.880,0,0,2.001,0,0,18,296,0,101,2
23-06 14:07:45,2.754,1.252,94.654,0.501,0,5492424,168932,178496,2182200,5128.348,1039.693,0,1081.761,0,89.145,1645,2461,0.520,0.830,0.880,1,0,1.002,0,0,18,297,0,101,2
23-06 14:07:46,14.475,2.246,80.612,0.499,0,5492192,168932,178556,2182372,12840.023,4742.882,0,1585.287,0,162.721,3615,4930,0.520,0.830,0.880,1,0,0,0,0,18,295,0,98,2
23-06 14:07:47,3.499,1.000,94.220,0.750,0,5492488,168456,178680,2182428,8917.133,2102.324,0,6689.849,0,393.873,2046,3366,0.470,0.820,0.870,0,0,0,0,0,18,296,0,98,2
23-06 14:07:48,3.999,0.750,93.472,0.250,0,5492484,168456,178696,2182416,6083.209,2036.400,0,455.866,0,30.991,1533,2055,0.470,0.820,0.870,0,0,0,0,0,18,296,0,99,2
23-06 14:07:49,4.751,1.500,92.767,0.250,0,5492392,168456,178748,2182456,6092.120,2037.374,0,768.141,0,75.014,1832,2745,0.470,0.820,0.870,0,0,0,0,0,18,296,0,100,2
23-06 14:07:50,14.500,2.000,81.000,1.000,0,5491368,169436,178844,2182404,11708.938,3459.982,0,1427.992,0,165.999,3784,5337,0.470,0.820,0.870,0,0,0,0,0,18,296,0,92,2
23-06 14:07:51,9.250,1.000,87.001,0.500,0,5491468,168960,178892,2182732,8385.113,2785.038,244.003,840.011,5.000,75.001,2673,3704,0.470,0.820,0.870,0,0,0,0,0,18,296,0,94,2
23-06 14:07:52,3.750,1.250,94.502,0,0,5491384,168960,178892,2182816,6330.102,1855.030,0,492.008,0,31.000,1318,1711,0.440,0.800,0.870,0,0,0,0,0,18,296,0,95,2
23-06 14:07:53,5.501,1.250,90.262,1.000,0,5491588,168484,178980,2183000,11182.444,2943.380,0,1476.191,0,188.024,2589,3918,0.440,0.800,0.870,1,0,0,0,0,18,297,0,95,2
23-06 14:07:54,24.303,5.262,66.145,2.505,0,5492400,167236,179220,2183196,4588.070,1461.207,0,3964.701,0,468.027,9058,14300,0.440,0.800,0.870,1,0,0,0,0,18,297,0,97,2
23-06 14:07:55,24.510,4.002,68.029,1.251,0,5493220,165728,179384,2183720,5286.256,1404.599,0,3517.501,0,315.134,8631,13135,0.440,0.800,0.870,2,0,1.000,0,0,18,297,0,90,2
23-06 14:07:56,8.227,2.493,85.514,1.745,0,5493044,165772,179580,2183656,5476.891,1507.840,0,6139.064,0,430.811,4044,6477,0.440,0.800,0.870,0,0,0,0,0,18,296,0,90,2
23-06 14:07:57,9.751,1.750,86.254,0.750,0,5485292,173268,179648,2183844,11429.590,2835.146,0,7116.368,0,825.043,3778,4799,0.400,0.790,0.860,1,0,0,0,0,18,296,0,90,2
23-06 14:07:58,13.559,3.264,81.858,0.753,0,5486396,172116,179724,2183816,6072.567,1572.881,0,2997.112,0,165.725,4406,6273,0.400,0.790,0.860,1,0,0,0,0,18,298,0,91,2
23-06 14:07:59,25.148,5.727,63.242,2.490,0,5486176,171136,179988,2184752,6306.300,1505.863,0,4664.989,0,520.877,8462,13274,0.400,0.790,0.860,2,0,0,0,0,18,297,0,90,2
23-06 14:08:00,24.611,5.023,68.057,0.753,0,5487028,169924,180072,2185028,5229.594,1573.097,0,2270.243,0,201.911,7316,10776,0.400,0.790,0.860,1,0,0,0,0,18,298,0,91,2
23-06 14:08:01,13.682,3.234,79.851,1.741,0,5486972,169672,180208,2185200,6624.918,2592.056,0,3001.014,0,292.539,4444,6805,0.400,0.790,0.860,0,0,0,0,0,18,296,0,93,2
23-06 14:08:02,13.999,2.500,79.244,2.250,0,5487808,168664,180428,2185152,6060.571,2509.822,0,6959.508,0,542.962,4580,7151,0.370,0.780,0.860,0,0,0,0,0,18,296,0,96,2
23-06 14:08:03,8.039,2.261,87.427,0.502,0,5488776,167404,180520,2185352,5064.729,1627.949,0,1197.849,0,140.687,2845,4056,0.370,0.780,0.860,3,0,0,0,0,18,297,0,89,2
23-06 14:08:04,8.465,2.490,87.384,0.747,0,5505016,151036,180596,2185404,6174.118,2594.125,47.800,828.527,1.992,97.591,2729,3851,0.370,0.780,0.860,0,0,5.975,0,0,18,296,0,90,2
23-06 14:08:05,14.050,2.509,80.539,1.004,0,5504540,151236,180684,2185592,6764.243,2615.373,0,1902.820,0,219.788,4166,5928,0.370,0.780,0.860,0,0,1.004,0,0,18,296,0,93,2
23-06 14:08:06,15.427,2.488,79.375,0.498,0.249,5506912,148492,180764,2185884,6510.267,2019.467,0,1341.666,0,107.493,3631,4462,0.370,0.780,0.860,1,1,0,0,0,18,296,0,93,2
23-06 14:08:07,7.526,1.254,89.306,0.753,0,5506740,148492,180836,2185984,11572.652,3007.304,0,1473.047,0,131.450,2615,3734,0.500,0.800,0.860,4,0,0,0,0,18,297,0,85,2
23-06 14:08:08,5.738,1.497,89.805,0.998,0,5506836,148240,180932,2186044,11595.773,3344.724,0,1448.848,0,143.687,2680,3971,0.500,0.800,0.860,0,0,0,0,0,18,296,0,85,2
23-06 14:08:09,12.760,4.253,79.811,1.001,0,5533664,157284,179440,2155128,11884.066,3408.600,0,1629.243,0,160.122,4127,7012,0.500,0.800,0.860,3,0,34.026,0,0,18,296,0,85,2
23-06 14:08:10,11.981,3.245,81.868,0.499,0,5514652,176252,179500,2152568,11003.216,3346.591,0,1673.295,0,172.721,3922,7646,0.500,0.800,0.860,0,0,1.997,0,0,18,296,0,86,2
23-06 14:08:11,14.503,4.251,77.016,1.750,0,5514300,176252,179672,2152748,4726.963,1566.319,0,7601.549,0,527.107,5568,8477,0.500,0.800,0.860,2,1,0,0,0,18,297,0,81,2
23-06 14:08:12,25.302,5.762,64.632,2.255,0.251,5514000,176000,179832,2153140,4558.291,1515.088,0,3595.328,0,454.927,8446,13332,0.540,0.800,0.860,2,0,0,0,0,18,297,0,81,2
23-06 14:08:13,23.238,5.497,67.465,1.749,0,5513432,176068,179892,2153580,4243.824,1565.198,95.951,7847.977,4.997,983.496,7876,10740,0.540,0.800,0.860,1,0,0,0,0,18,297,0,82,2
23-06 14:08:14,24.970,4.994,66.669,1.248,0,5514180,174812,179996,2153984,4526.476,1510.157,0,2824.553,0,315.615,7900,11349,0.540,0.800,0.860,7,0,0,0,0,18,297,0,82,2
23-06 14:08:15,27.277,7.007,61.562,2.753,0,5519632,168808,180172,2154360,10766.813,2663.675,0,9781.824,0,799.803,9400,15427,0.540,0.800,0.860,3,0,1.001,0,0,18,297,0,78,2
23-06 14:08:16,24.537,5.258,67.102,1.002,0,5520152,167988,180200,2154632,4703.136,757.149,0,2055.118,0,185.281,7489,10728,0.540,0.800,0.860,4,0,1.002,0,0,18,297,0,78,2
23-06 14:08:17,14.703,4.237,78.002,1.246,0,5521656,166240,180288,2154788,7505.171,2570.838,0,2232.910,0,235.253,4460,6667,0.500,0.790,0.860,0,0,2.991,0,0,18,296,0,79,2
23-06 14:08:18,11.001,2.500,83.505,1.000,0,5521904,165988,180348,2154732,7683.431,2395.134,0,1924.108,0,192.011,3569,4750,0.500,0.790,0.860,0,0,2.000,0,0,18,296,0,81,2
23-06 14:08:19,10.754,2.001,84.528,0.750,0,5522032,165484,180384,2155072,8833.880,2449.799,0,1976.644,0,206.067,3733,5326,0.500,0.790,0.860,0,0,0,0,0,18,296,0,74,2
23-06 14:08:20,6.029,1.507,90.687,0.754,0,5522376,165008,180392,2155196,5606.997,2026.759,0,1306.290,0,102.493,2381,3422,0.500,0.790,0.860,2,0,0,0,0,18,296,0,75,2
23-06 14:08:21,3.234,0.746,93.282,0.498,0,5522296,165008,180424,2155244,6349.158,1771.118,0,1190.032,0,110.446,2085,3156,0.500,0.790,0.860,0,0,0,0,0,18,296,0,75,2
23-06 14:08:22,8.502,1.750,87.517,0.750,0,5522444,164756,180456,2155316,6469.227,2504.475,0,1352.256,0,140.027,2926,4046,0.460,0.770,0.850,0,0,0,0,0,18,296,0,75,2
23-06 14:08:23,6.504,1.751,90.050,1.001,0,5522600,164532,180472,2155368,5658.120,2084.149,4.002,1060.585,1.001,95.052,2373,3186,0.460,0.770,0.850,0,0,0,0,0,18,296,0,71,2
23-06 14:08:24,7.996,1.749,87.207,1.000,0,5522512,164532,180524,2155404,5770.164,2394.823,0,5621.237,0,387.809,3440,5350,0.460,0.770,0.850,0,0,0,0,0,18,296,0,71,2
23-06 14:08:25,6.501,1.500,89.761,0.500,0,5522656,164280,180556,2155480,5835.721,2083.257,4.000,1756.217,1.000,143.018,2706,3738,0.460,0.770,0.850,0,0,1.000,0,0,18,296,0,71,2
23-06 14:08:26,6.256,1.752,89.840,0.751,0,5522736,164028,180588,2155620,6517.547,2504.516,0,1129.134,0,127.128,2684,3889,0.460,0.770,0.850,0,0,0,0,0,18,296,0,72,2
23-06 14:08:27,3.998,0.750,93.707,0.500,0,5522628,164028,180592,2155724,5100.644,1565.277,0,595.725,0,46.978,1567,2194,0.500,0.780,0.860,2,0,0,0,0,18,297,0,69,2
23-06 14:08:28,5.247,1.749,90.447,0.999,0,5517480,169092,180620,2155780,5983.477,1973.838,0,7239.737,0,915.461,2794,3611,0.500,0.780,0.860,0,0,0,0,0,18,296,0,69,2
23-06 14:08:29,12.220,2.245,82.050,0.998,0,5517668,168772,180632,2155900,6285.652,2024.058,0,3228.118,0,186.544,3936,5518,0.500,0.780,0.860,0,0,0,0,0,18,296,0,72,2
23-06 14:08:30,8.054,2.265,87.582,1.258,0,5516656,169640,180660,2156016,11357.502,3005.983,0,1445.610,0,162.077,3037,4260,0.500,0.780,0.860,0,0,0,0,0,18,296,0,72,2
23-06 14:08:31,12.947,2.739,81.917,0.498,0,5516376,169784,180696,2156116,4678.994,1591.535,0,1513.851,0,140.430,4307,6167,0.500,0.780,0.860,1,0,0,0,0,18,297,0,65,2
23-06 14:08:32,25.607,6.025,63.516,2.259,0,5516484,169280,180820,2156420,4461.683,1572.585,0,4394.402,0,495.073,8660,13351,0.540,0.780,0.860,1,0,2.008,0,0,18,297,0,67,2
23-06 14:08:33,24.932,5.236,66.568,1.745,0,5516412,169028,180884,2156676,4834.773,1573.695,31.913,6753.523,0.997,461.737,7920,11595,0.540,0.780,0.860,3,0,0,0,0,18,297,0,68,2
23-06 14:08:34,10.733,3.245,82.866,0.998,0,5517156,168060,180944,2156840,4376.906,1401.728,15.974,2615.760,0.998,233.621,3859,5683,0.540,0.780,0.860,0,0,0.998,0,0,18,296,0,69,2
23-06 14:08:35,17.499,6.250,72.748,2.250,0,5514488,162960,181048,2164504,4721.839,1133.961,19.999,6523.777,5.000,883.970,5283,7445,0.540,0.780,0.860,0,0,3.000,0,0,18,296,0,70,2
23-06 14:08:36,5.267,1.003,92.553,0.251,0,5511748,165540,181056,2164656,4887.984,1516.961,0,838.743,0,68.223,1916,2666,0.540,0.780,0.860,2,0,0,0,0,18,297,0,65,2
23-06 14:08:37,26.281,5.256,64.576,2.253,0,5511852,164940,181216,2164992,5349.257,1567.834,0,4437.190,0,494.578,8493,13605,1.060,0.880,0.890,1,1,0,0,0,18,297,0,67,2
23-06 14:08:38,25.138,5.724,65.458,1.493,0,5512092,164184,181392,2165332,4884.241,1559.055,0,7677.796,0,587.383,8530,13029,1.060,0.880,0.890,1,0,0,0,0,18,297,0,68,2
23-06 14:08:39,24.255,5.001,66.763,1.250,0,5514228,161664,181476,2165632,5337.019,1566.299,0,2452.468,0,273.052,7612,11221,1.060,0.880,0.890,3,0,0,0,0,18,297,0,69,2
23-06 14:08:40,25.767,5.504,64.542,2.502,0,5514296,160908,181656,2166140,5533.604,1621.056,32.021,3774.458,1.001,440.287,8471,13205,1.060,0.880,0.890,1,0,0,0,0,18,296,0,59,2
23-06 14:08:41,19.725,3.995,74.904,0.499,0,5515060,159900,181704,2166336,5033.518,1617.917,0,2013.407,0,164.788,6300,9029,1.060,0.880,0.890,0,0,0,0,0,18,297,0,59,2
23-06 14:08:42,8.040,2.010,88.444,0.503,0,5515148,159800,181736,2166316,4901.627,1616.120,0,1266.362,0,114.576,3186,4540,1.050,0.890,0.890,2,0,0,0,0,18,297,0,60,2
23-06 14:08:43,26.171,5.483,62.810,3.240,0,5514832,159296,182000,2166872,4721.706,1615.111,0,9646.797,0,851.423,9678,15944,1.050,0.890,0.890,2,0,0,0,0,18,297,0,61,2
23-06 14:08:44,22.983,4.996,68.699,0.749,0,5516496,157532,182032,2166940,4510.625,1402.950,0,1966.528,0,165.876,7313,10523,1.050,0.890,0.890,1,0,1.999,0,0,18,297,0,55,2
23-06 14:08:45,23.811,3.760,67.925,1.504,0,5516712,156780,182100,2167408,4551.734,1594.110,0,2787.185,0,313.809,7966,11651,1.050,0.890,0.890,2,0,1.003,0,0,18,297,0,56,2
23-06 14:08:46,26.034,6.008,62.833,3.004,0,5517124,155800,182268,2167808,8903.753,2772.660,0,9941.122,0,853.126,9266,15187,1.050,0.890,0.890,2,0,0,0,0,18,297,0,57,2
23-06 14:08:47,24.725,4.246,68.680,0.999,0,5517792,154792,182292,2168124,6271.586,1522.443,0,1434.533,0,157.839,7168,10505,1.130,0.910,0.900,2,0,0,0,0,18,297,0,61,2
23-06 14:08:48,26.203,4.741,66.131,1.747,0,5518792,153280,182372,2168556,4026.725,1251.739,0,2331.787,0,291.473,6918,10101,1.130,0.910,0.900,4,0,0,0,0,18,296,0,54,2
23-06 14:08:49,5.764,1.002,91.215,0.251,0,5518860,153028,182396,2168716,5875.834,2198.175,0,11755.677,0,125.295,2159,3110,1.130,0.910,0.900,1,0,0,0,0,18,297,0,55,2
23-06 14:08:50,7.470,1.743,87.898,0.996,0,5518888,152776,182440,2168896,11659.253,3392.398,0,1458.154,0,161.353,3052,4508,1.130,0.910,0.900,0,0,0,0,0,18,296,0,55,2
23-06 14:08:51,11.498,2.250,83.488,1.000,0,5518784,152776,182484,2168956,6111.094,2463.635,0,2055.695,0,218.968,3766,5352,1.130,0.910,0.900,0,0,0,0,0,18,296,0,56,2
23-06 14:08:52,10.750,1.750,85.003,1.000,0,5518924,152524,182528,2169024,4455.174,1458.057,16.001,1896.074,1.000,199.008,3556,5092,1.040,0.890,0.890,1,0,0,0,0,18,297,0,49,2
23-06 14:08:53,10.750,3.000,83.498,1.000,0,5519480,151768,182588,2169164,11306.714,3297.917,31.999,2259.943,1.000,253.994,4178,6049,1.040,0.890,0.890,0,0,0,0,0,18,296,0,49,2
23-06 14:08:54,11.800,2.511,82.854,1.506,0,5519396,151516,182732,2169356,4597.624,1464.250,0,7921.813,0,591.525,5343,8601,1.040,0.890,0.890,1,0,0,0,0,18,297,0,50,2
23-06 14:08:55,26.394,4.731,63.745,2.490,0,5519412,151040,182856,2169692,4900.373,1613.537,0,4155.357,0,488.045,9385,15024,1.040,0.890,0.890,2,0,0.996,0,0,18,297,0,50,2
23-06 14:08:56,24.329,5.518,67.469,1.505,0,5519928,150032,182936,2170104,5403.520,1571.094,0,3098.045,0,376.220,8720,13469,1.040,0.890,0.890,1,0,0,0,0,18,297,0,46,2
23-06 14:08:57,19.433,3.986,72.502,1.495,0,5520784,148772,183020,2170424,6827.610,2458.578,0,3256.843,0,322.894,6284,9445,0.950,0.870,0.890,0,0,0,0,0,18,296,0,47,2
23-06 14:08:58,10.255,2.251,84.788,1.501,0,5522800,146756,183132,2170312,5582.481,1620.720,60.027,6438.861,4.002,440.196,3956,6184,0.950,0.870,0.890,2,0,0,0,0,18,297,0,47,2
23-06 14:08:59,7.499,2.000,88.236,0.500,0,5522976,146252,183176,2170596,13147.951,3459.461,0,2083.675,0,183.971,3178,4847,0.950,0.870,0.890,0,0,0,0,0,18,296,0,47,2
23-06 14:09:00,21.490,4.498,70.466,2.249,0,5522900,146000,183364,2170736,6536.863,1619.223,0,4613.786,0,495.762,8072,13202,0.950,0.870,0.890,1,0,0,0,0,18,297,0,46,2
23-06 14:09:01,26.082,5.016,65.455,1.505,0,5523384,144740,183452,2171424,6446.192,1733.430,16.050,4157.021,1.003,371.163,9213,14436,0.950,0.870,0.890,1,0,0,0,0,18,297,0,46,2
23-06 14:09:02,15.935,3.486,77.435,2.241,0,5523800,143984,183588,2171628,6430.870,2611.389,0,7895.917,0,616.495,5929,9422,0.880,0.860,0.880,0,0,0,0,0,18,296,0,48,2
23-06 14:09:03,9.001,1.750,86.764,1.000,0,5524052,143732,183608,2171608,14508.334,3681.592,0,1404.226,0,126.020,2854,3817,0.880,0.860,0.880,1,0,0,0,0,18,296,0,50,2
23-06 14:09:04,11.262,3.003,83.342,0.501,0,5525364,142224,183628,2171784,14023.409,4828.306,0,1221.342,0,133.146,3671,4894,0.880,0.860,0.880,0,0,6.007,0,0,18,296,0,44,2
23-06 14:09:05,8.749,1.500,88.241,0.250,0,5525552,141972,183648,2171824,20843.920,5091.492,0,943.906,0,88.991,2609,3454,0.880,0.860,0.880,2,0,1.000,0,0,18,297,0,44,2
23-06 14:09:06,6.998,1.750,88.475,1.250,0,5525784,141468,183672,2172072,12684.380,3297.059,0,1343.617,0,144.959,3032,4374,0.880,0.860,0.880,0,0,0,0,0,18,296,0,45,2
23-06 14:09:07,21.520,4.504,70.566,1.501,0,5525704,141216,183736,2172340,5482.101,1621.509,0,3170.951,0,365.340,7732,11848,1.050,0.900,0.890,1,0,0,0,0,18,297,0,45,2
23-06 14:09:08,25.230,4.746,64.949,1.998,0,5526520,139956,183796,2172724,5113.998,1456.860,31.975,3805.022,0.999,395.690,8042,12131,1.050,0.900,0.890,1,0,0,0,0,18,297,0,41,2
23-06 14:09:09,24.002,5.500,67.005,1.500,0,5527348,138948,183840,2172860,4890.384,2356.185,0,2992.235,0,304.024,7069,10237,1.050,0.900,0.890,0,0,0,0,0,18,296,0,42,2
23-06 14:09:10,11.026,4.761,81.442,1.002,0.251,5548384,151876,182564,2140288,5841.774,1689.985,0,7156.874,0,286.676,4056,9879,1.050,0.900,0.890,1,0,36.085,0,0,18,297,0,43,2
23-06 14:09:11,5.985,2.494,87.782,1.995,0,5548212,151964,182608,2140328,10738.351,2893.819,0,6471.939,0,444.896,3348,5354,1.050,0.900,0.890,0,0,0,0,0,18,296,0,43,2
23-06 14:09:12,9.250,2.250,86.254,0.500,0.250,5546848,153132,182624,2140524,11637.489,3298.139,0,1668.070,0,143.006,3020,4256,0.960,0.880,0.890,0,0,0,0,0,18,296,0,42,2
23-06 14:09:13,18.279,3.506,75.869,1.002,0,5545440,154324,182688,2140676,4747.457,1622.549,0,3858.060,0,342.538,6255,9814,0.960,0.880,0.890,2,0,0,0,0,18,297,0,42,2
23-06 14:09:14,25.520,5.504,65.052,2.002,0,5544304,154868,182788,2141168,4863.861,1621.287,0,3162.511,0,374.297,8230,12506,0.960,0.880,0.890,1,0,0,0,0,18,297,0,44,2
23-06 14:09:15,25.950,4.242,67.620,0.998,0,5544284,154572,182820,2141452,10852.161,2829.566,0,1668.795,0,130.749,6410,8716,0.960,0.880,0.890,1,0,0.998,0,0,18,297,0,44,2
23-06 14:09:16,12.770,2.754,82.131,0.751,0,5543796,154864,182920,2141548,6570.452,2573.093,0,2135.397,0,231.368,3745,5517,0.960,0.880,0.890,1,0,1.002,0,0,18,296,0,44,2
23-06 14:09:17,11.484,2.247,83.382,0.999,0,5546484,152092,182968,2141584,13625.671,3455.099,0,2069.065,0,176.749,3746,5171,0.890,0.870,0.880,1,0,2.996,0,0,18,296,0,44,2
23-06 14:09:18,15.807,3.262,79.035,0.753,0,5545828,152584,183008,2141708,6985.222,1625.871,0,1738.277,0,151.547,4648,6610,0.890,0.870,0.880,4,0,2.007,0,0,18,297,0,47,2
23-06 14:09:19,26.161,5.232,62.289,2.492,0,5545584,152332,183236,2141976,7361.095,1680.315,0,10145.673,0,821.221,9118,14645,0.890,0.870,0.880,1,0,0,0,0,18,297,0,47,2
23-06 14:09:20,25.823,5.014,66.690,0.752,0,5545216,152332,183296,2142284,5373.278,1462.157,0,3678.459,0,159.453,7510,10647,0.890,0.870,0.880,2,0,0,0,0,18,297,0,47,2
23-06 14:09:21,25.193,5.737,63.607,2.245,0,5544644,152080,183432,2142972,5152.443,1710.164,0,3995.039,0,449.991,8477,13336,0.890,0.870,0.880,0,1,0,0,0,18,297,0,44,2
23-06 14:09:22,24.972,4.745,66.674,1.249,0,5544716,151828,183512,2143072,4529.841,1456.342,0,2613.024,0,267.695,7702,11870,0.890,0.870,0.880,1,0,0.999,0,0,18,297,0,44,2
23-06 14:09:23,22.263,5.753,67.539,2.001,0,5545168,150064,183612,2144284,6323.622,2583.480,0,8164.676,0,612.351,7098,10741,0.900,0.870,0.890,1,1,0,0,0,18,296,0,46,2
23-06 14:09:24,7.241,1.249,88.644,0.749,0,5545144,150064,183644,2144276,5861.986,2354.183,0,1622.059,0,181.783,2898,4248,0.900,0.870,0.890,0,0,0,0,0,18,296,0,46,2
23-06 14:09:25,3.747,1.499,92.670,0.500,0,5544068,150932,183648,2144480,4436.182,1618.607,0,5787.019,0,289.751,1907,2410,0.900,0.870,0.890,2,0,0.999,0,0,18,297,0,46,2
23-06 14:09:26,7.259,1.752,88.106,0.501,0,5543844,150932,183664,2144688,6400.704,1923.315,0,1441.735,0,137.165,2995,4248,0.900,0.870,0.890,0,0,0,0,0,18,296,0,46,2
23-06 14:09:27,8.503,1.751,87.281,1.000,0,5543792,150932,183704,2144700,12089.347,3461.245,0,1692.609,0,190.068,3009,4233,0.900,0.870,0.890,0,0,0,0,0,18,296,0,46,2
23-06 14:09:28,19.004,4.251,72.265,2.000,0,5543936,150680,183760,2144752,5059.078,1458.311,16.003,3168.675,1.000,359.077,6490,9972,0.820,0.850,0.880,2,0,0,0,0,18,297,0,46,2
23-06 14:09:29,25.503,5.001,64.008,2.250,0,5543688,150428,183868,2145144,4680.575,1690.208,0,4956.609,0,497.061,8177,12841,0.820,0.850,0.880,2,0,0,0,0,18,297,0,44,2
23-06 14:09:30,24.485,4.497,67.460,0.999,0,5543632,150176,183900,2145420,4581.257,1523.088,0,2114.734,0,194.883,7361,10359,0.820,0.850,0.880,1,0,0,0,0,18,297,0,46,2
23-06 14:09:31,19.752,4.750,70.007,2.500,0,5543832,149672,184016,2145608,5960.607,2611.266,16.002,7384.751,1.000,605.062,6787,10578,0.820,0.850,0.880,0,0,0,0,0,18,296,0,49,2
23-06 14:09:32,6.247,1.000,90.956,0.250,0,5543668,149672,184024,2145764,4760.683,2016.019,0,1527.257,0,72.964,2095,2948,0.820,0.850,0.880,0,0,0,0,0,18,296,0,50,2
23-06 14:09:33,9.004,1.501,86.536,1.000,0,5543860,149420,184048,2145800,11526.805,3064.277,0,1744.727,0,168.070,3197,4648,0.760,0.840,0.880,1,0,0,0,0,18,297,0,48,2
23-06 14:09:34,26.089,5.017,64.220,1.756,0,5543932,148916,184084,2146196,5183.774,1691.801,0,4668.006,0,487.672,8490,13220,0.760,0.840,0.880,2,0,1.003,0,0,18,297,0,48,2
23-06 14:09:35,25.676,4.986,64.813,2.493,0,5544420,148164,184156,2146388,4846.048,1615.349,0,5731.498,0,514.519,8827,14276,0.760,0.840,0.880,1,0,0.997,0,0,18,297,0,48,2
23-06 14:09:36,24.325,5.517,67.208,1.755,0,5545612,146292,184200,2147024,4935.288,1625.034,0,6520.198,0,476.476,8349,12929,0.760,0.840,0.880,1,0,0,0,0,18,297,0,49,2
23-06 14:09:37,8.969,1.495,85.450,1.246,0,5545496,146292,184232,2147108,6553.989,2588.910,0,3296.426,0,293.968,3674,5767,0.760,0.840,0.880,0,0,0,0,0,18,296,0,46,2
23-06 14:09:38,8.247,1.749,87.971,0.500,0,5545424,146292,184244,2147168,10569.538,2834.072,0,1343.560,0,141.954,3078,4380,0.700,0.830,0.870,0,0,0,0,0,18,296,0,46,2
23-06 14:09:39,8.749,1.750,86.745,0.750,0,5545632,146040,184248,2147208,11787.258,3243.796,0,1339.916,0,140.991,3078,4298,0.700,0.830,0.870,0,0,0,0,0,18,296,0,46,2
23-06 14:09:40,11.789,1.756,84.526,0.502,0,5545836,145536,184272,2147484,4105.419,975.187,0,1561.103,0,149.489,3893,5391,0.700,0.830,0.870,1,0,0,0,0,18,297,0,46,2
23-06 14:09:41,26.012,4.502,65.781,2.501,0,5546452,144808,184332,2147536,3843.784,702.326,0,9528.424,0,720.334,8277,12990,0.700,0.830,0.870,1,0,0,0,0,18,297,0,43,2
23-06 14:09:42,24.265,4.753,67.042,1.501,0,5546548,144052,184404,2148132,4639.941,1621.027,0,7977.056,0,616.391,9288,14972,0.700,0.830,0.870,1,0,0,0,0,18,297,0,44,2
23-06 14:09:43,23.669,4.983,66.770,1.744,0,5548088,142300,184452,2148296,3964.355,1494.855,0,3133.216,0,334.847,8402,12975,0.720,0.830,0.870,1,0,0,0,0,18,297,0,46,2
23-06 14:09:44,25.246,4.499,66.490,1.500,0,5548468,141292,184508,2148852,4799.270,1619.754,0,3343.492,0,378.942,8598,13235,0.720,0.830,0.870,1,0,2.000,0,0,18,297,0,49,2
23-06 14:09:45,24.550,4.760,67.386,1.253,0,5549396,140036,184532,2149156,4773.639,1527.084,0,2380.808,0,230.465,8087,12203,0.720,0.830,0.870,1,0,1.002,0,0,18,298,0,48,2
23-06 14:09:46,25.988,4.998,64.720,2.499,0,5549364,139784,184620,2149352,9963.343,2929.631,0,9203.698,0,777.637,9551,15370,0.720,0.830,0.870,1,0,0,0,0,18,297,0,48,2
23-06 14:09:47,25.236,4.498,67.463,0.999,0,5549880,138776,184644,2149820,6548.451,1655.103,0,1827.010,0,181.901,7604,11136,0.720,0.830,0.870,2,0,0,0,0,18,295,0,49,4
23-06 14:09:48,25.570,5.264,65.931,1.504,0,5549892,138524,184704,2150000,4865.372,1624.465,0,3950.858,0,455.251,9147,14284,0.740,0.830,0.870,1,0,0,0,0,18,296,0,49,3
23-06 14:09:49,24.724,3.496,68.678,1.249,0,5549632,138272,184728,2150488,4557.213,1294.640,0,2365.515,0,236.751,7367,11001,0.740,0.830,0.870,1,0,0,0,0,18,296,0,43,3
23-06 14:09:50,15.696,3.488,76.487,1.744,0,5550624,137012,184772,2150712,5210.098,2185.490,0,3392.344,0,326.877,5455,8354,0.740,0.830,0.870,0,0,0,0,0,18,295,0,45,3
23-06 14:09:51,12.007,2.752,82.549,1.001,0,5550628,136760,184792,2150940,5723.374,2571.516,0,3726.196,0,241.142,3819,5690,0.740,0.830,0.870,1,0,1.001,0,0,18,295,0,46,3
23-06 14:09:52,8.024,2.758,87.513,1.003,0,5550812,136508,184812,2150988,4691.100,1624.884,0,6491.512,0,424.275,3143,4862,0.740,0.830,0.870,5,0,0,0,0,18,293,0,48,3
23-06 14:09:53,4.984,0.498,91.702,0.498,0,5550748,136508,184820,2151044,5761.286,2562.676,0,1004.736,0,87.715,2273,3380,0.920,0.870,0.880,0,0,0,0,0,18,295,0,46,3
23-06 14:09:54,11.987,3.246,81.908,0.999,0,5550764,136256,184832,2151268,6013.233,2494.193,0,1714.071,0,200.774,3995,5677,0.920,0.870,0.880,0,0,0,0,0,18,295,0,47,3
23-06 14:09:55,13.266,2.253,81.099,1.252,0,5551264,135752,184844,2151260,21285.089,6810.347,0,1958.400,0,227.279,4114,5675,0.920,0.870,0.880,2,0,1.001,0,0,18,296,0,47,2
23-06 14:09:56,8.000,2.000,87.997,0.500,0,5551120,135752,184864,2151384,10930.685,3459.900,0,7231.792,0,370.989,3165,4241,0.920,0.870,0.880,0,0,0,0,0,18,296,0,47,2
23-06 14:09:57,7.751,1.750,88.758,0.750,0.250,5551056,135752,184876,2151436,7875.743,2041.193,0,1556.147,0,166.016,2683,3679,0.920,0.870,0.880,2,0,0,0,0,18,296,0,45,2
23-06 14:09:58,5.998,1.500,89.725,0.500,0,5550872,135752,184888,2151608,11675.697,2942.168,0,1127.681,0,99.972,2589,3607,1.170,0.920,0.900,2,0,0,0,0,18,297,0,45,2
23-06 14:09:59,25.306,5.262,63.139,3.007,0,5551276,135260,184928,2151656,6151.558,1461.220,0,9360.630,0,792.747,9440,15524,1.170,0.920,0.900,3,1,0,0,0,18,297,0,45,2
23-06 14:10:00,24.981,4.746,67.699,1.249,0,5537460,176372,183964,2125344,5727.674,1510.859,0,2194.343,0,214.838,7530,11157,1.170,0.920,0.900,1,0,0,0,0,18,297,0,46,2
23-06 14:10:01,25.820,4.763,65.428,2.005,0,5538456,174888,184056,2125740,6429.524,1678.575,0,3164.625,0,362.989,8581,13030,1.170,0.920,0.900,1,0,0,0,0,18,297,0,47,2
23-06 14:10:02,24.726,4.745,66.187,1.499,0,5538096,174892,184148,2126004,5369.873,1456.609,0,2905.226,0,313.700,7834,11603,1.170,0.920,0.900,2,0,0,0,0,18,297,0,46,2
23-06 14:10:03,14.443,3.735,76.949,1.743,0,5540272,172372,184200,2126296,6689.807,2912.596,15.938,3817.055,0.996,316.760,5075,7510,1.160,0.920,0.900,0,0,0,0,0,18,296,0,47,2
23-06 14:10:04,8.004,3.001,85.541,1.751,0,5542216,170368,184240,2126316,6790.284,2770.340,0,6190.995,0,448.217,3871,5876,1.160,0.920,0.900,0,0,6.003,0,0,18,296,0,47,2
23-06 14:10:05,12.250,2.000,82.747,0.500,0,5542332,170116,184272,2126420,5417.815,1854.937,0,1731.941,0,172.994,3926,5704,1.160,0.920,0.900,0,0,1.000,0,0,18,296,0,48,2
23-06 14:10:06,3.500,1.250,93.512,0.500,0,5542008,170116,184272,2126744,6463.839,1566.203,0,1036.135,0,90.012,1942,2809,1.160,0.920,0.900,3,0,0,0,0,18,297,0,43,2
23-06 14:10:07,7.499,1.750,88.243,1.250,0,5541824,170116,184280,2126920,12735.978,3459.722,0,2471.802,0,157.987,2917,4305,1.160,0.920,0.900,1,0,0,0,0,18,296,0,43,2
23-06 14:10:08,22.004,5.251,68.513,1.500,0,5542116,169652,184352,2127004,5426.996,1620.297,0,3388.622,0,353.065,7232,11194,1.140,0.920,0.900,1,0,0,0,0,18,297,0,45,2
23-06 14:10:09,25.275,5.756,65.314,1.501,0,5543824,167452,184420,2127428,5223.144,1513.491,0,3131.084,0,349.344,8340,13049,1.140,0.920,0.900,1,0,0,0,0,18,297,0,45,2
23-06 14:10:10,28.280,7.758,61.564,1.251,0,5561808,178264,183452,2099520,4570.778,1687.764,176.184,6739.044,10.010,461.482,9053,20662,1.140,0.920,0.900,1,0,40.042,0,0,18,297,0,45,2
23-06 14:10:11,9.479,1.746,86.060,0.998,0,5561312,178720,183504,2099700,6112.531,2506.477,0,1967.664,0,221.512,3420,5412,1.140,0.920,0.900,1,0,0,0,0,18,296,0,46,2
23-06 14:10:12,9.254,1.501,87.283,1.000,0,5561088,178720,183540,2099888,11489.384,3461.321,0,1484.567,0,155.059,3153,4456,1.140,0.920,0.900,0,0,0,0,0,18,296,0,46,2
23-06 14:10:13,15.999,3.500,76.993,1.000,0,5561216,178496,183568,2099956,4619.582,1619.853,0,2419.781,0,248.977,5668,8553,1.130,0.920,0.900,1,0,0,0,0,18,297,0,46,2
23-06 14:10:14,27.611,4.769,65.514,1.255,0.251,5561056,178244,183616,2100320,4656.782,1463.904,0,3867.599,0,423.709,8680,13452,1.130,0.920,0.900,2,0,1.004,0,0,18,297,0,44,2
23-06 14:10:15,13.682,3.483,79.851,1.493,0,5561616,177436,183648,2100536,11893.552,3924.385,0,2893.537,0,276.617,4652,6843,1.130,0.920,0.900,0,0,0.995,0,0,18,296,0,45,2
23-06 14:10:16,7.259,1.252,87.859,1.752,0,5561516,177436,183660,2100624,6477.071,2343.921,0,6255.795,0,452.564,3235,5247,1.130,0.920,0.900,0,0,0,0,0,18,296,0,45,2
23-06 14:10:17,6.496,1.999,89.192,0.750,0,5561488,177436,183664,2100648,6977.484,1962.730,0,7499.147,0,456.704,2788,3867,1.130,0.920,0.900,0,0,0,0,0,18,296,0,45,2
23-06 14:10:18,10.552,1.759,84.919,1.005,0,5561548,177196,183676,2100816,9233.525,2849.047,0,1796.859,0,194.961,3429,4969,1.120,0.930,0.910,1,0,1.005,0,0,18,296,0,41,2
23-06 14:10:19,3.732,1.991,92.560,0.498,0,5562476,176200,183684,2100876,6256.247,1558.588,0,748.441,0,51.754,1806,2388,1.120,0.930,0.910,0,0,2.986,0,0,18,296,0,41,2
23-06 14:10:20,13.249,2.500,81.495,1.000,0,5562484,175948,183704,2101100,12667.189,3062.804,0,1571.899,0,155.990,3783,5191,1.120,0.930,0.910,1,0,2.000,0,0,18,297,0,43,2
23-06 14:10:21,9.752,2.000,85.516,1.000,0,5562856,175444,183740,2101196,6297.180,2553.479,0,1728.324,0,193.036,3373,5013,1.120,0.930,0.910,1,0,2.000,0,0,18,296,0,44,2
23-06 14:10:22,7.493,1.998,89.419,0.749,0,5562764,175444,183768,2101260,6448.146,2447.778,0,2154.045,0,124.887,2610,3620,1.120,0.930,0.910,0,0,0,0,0,18,296,0,42,2
23-06 14:10:23,12.508,3.502,81.304,1.001,0,5562960,175192,183784,2101300,5898.919,2204.465,0,2037.354,0,206.137,3700,5406,1.190,0.940,0.910,0,0,0,0,0,18,296,0,44,2
23-06 14:10:24,6.501,1.500,90.262,0.500,0,5562700,175192,183800,2101544,12679.742,3401.467,0,1104.152,0,94.013,2286,3080,1.190,0.940,0.910,0,0,0,0,0,18,296,0,45,2
23-06 14:10:25,3.750,1.000,93.240,0.250,0,5562676,175192,183812,2101556,12892.644,3572.624,0,783.918,0,58.994,1584,1993,1.190,0.940,0.910,0,0,1.000,0,0,18,296,0,45,2
23-06 14:10:26,2.501,0.750,95.299,0.250,0,5562668,175192,183816,2101560,6505.333,2104.078,0,564.289,0,31.016,1216,1646,1.190,0.940,0.910,0,0,0,0,0,18,296,0,43,2
23-06 14:10:27,2.249,1.000,95.478,0,0,5562660,175192,183816,2101568,12703.127,4372.011,0,531.880,0,33.992,1293,1723,1.190,0.940,0.910,0,0,0,0,0,18,296,0,43,2
23-06 14:10:28,4.999,1.250,91.978,0.750,0,5562632,175192,183824,2101588,6133.557,2082.510,0,1303.693,0,140.967,2090,3032,1.180,0.940,0.910,0,0,1.000,0,0,18,296,0,43,2
23-06 14:10:29,5.754,1.501,91.061,0.500,0,5562840,174940,183828,2101628,11771.932,3065.065,0,1056.712,0,103.069,2302,3087,1.180,0.940,0.910,1,0,0,0,0,18,297,0,44,2
23-06 14:10:30,8.248,1.999,86.724,1.500,0.250,5562752,174940,183856,2101688,11876.486,3470.973,0,6841.975,0,474.859,3695,5952,1.180,0.940,0.910,0,0,0,0,0,18,296,0,42,2
23-06 14:10:31,23.005,5.251,67.765,1.500,0,5563008,174184,183884,2102160,4244.934,864.190,0,2712.597,0,324.071,7262,11043,1.180,0.940,0.910,1,0,0,0,0,18,297,0,42,2
23-06 14:10:32,21.786,4.257,71.117,1.502,0,5562744,174184,183892,2102416,5740.439,2083.426,0,2732.493,0,285.469,6108,8915,1.180,0.940,0.910,2,0,0,0,0,18,296,0,43,2
23-06 14:10:33,8.731,1.497,86.815,0.748,0,5562788,173932,183904,2102612,4761.871,1508.791,0,2019.704,0,135.711,3076,4391,1.160,0.950,0.910,6,0,0,0,0,18,297,0,43,2
23-06 14:10:34,9.249,1.750,86.495,1.250,0,5562588,173932,183904,2102812,11879.285,3405.795,0,2127.872,0,199.988,3465,5136,1.160,0.950,0.910,1,0,1.000,0,0,18,296,0,37,2
23-06 14:10:35,22.773,5.005,68.819,1.251,0,5562272,173932,183924,2103108,5073.106,1459.469,0,3667.691,0,350.353,6842,10405,1.160,0.950,0.910,1,0,2.002,0,0,18,297,0,38,2
23-06 14:10:36,23.486,5.497,66.459,1.749,0,5562648,173440,183952,2103180,5608.563,1511.074,0,6755.860,0,462.716,7820,11301,1.160,0.950,0.910,1,0,0,0,0,18,297,0,39,2
23-06 14:10:37,22.998,5.000,69.995,1.500,0,5563016,172712,183984,2103508,6802.522,2511.823,0,8747.385,0,604.957,6681,9207,1.160,0.950,0.910,1,0,0,0,0,18,296,0,42,2
23-06 14:10:38,7.530,2.259,87.345,0.502,0,5562956,172712,183996,2103556,4776.863,1463.780,0,1264.995,0,111.440,2966,4224,1.230,0.960,0.920,1,0,0,0,0,18,297,0,41,2
23-06 14:10:39,12.452,2.241,81.682,1.494,0,5562608,172712,184056,2103844,4984.598,1847.808,15.938,2247.253,0.996,276.922,4132,6166,1.230,0.960,0.920,0,0,0,0,0,18,296,0,42,2
23-06 14:10:40,5.499,1.500,91.240,0.500,0,5562796,172460,184084,2103880,11898.696,2900.682,0,1175.871,0,118.987,2489,3559,1.230,0.960,0.920,1,0,0,0,0,18,296,0,42,2
23-06 14:10:41,11.998,2.750,82.489,1.500,0,5562856,172208,184160,2103996,6307.126,2523.650,0,1855.743,0,206.971,3814,5448,1.230,0.960,0.920,0,0,0,0,0,18,296,0,44,2
23-06 14:10:42,11.746,1.749,82.223,0.750,0,5562968,171956,184204,2104092,12141.026,3458.868,0,1807.408,0,182.940,3792,5269,1.230,0.960,0.920,0,0,0,0,0,18,296,0,44,2
23-06 14:10:43,10.290,3.263,84.578,0.502,0,5562520,172208,184256,2104236,4999.394,1710.636,0,1441.592,0,147.572,3921,5725,1.290,0.980,0.920,3,0,0,0,0,18,297,0,42,2
23-06 14:10:44,25.738,5.997,63.221,2.749,0,5562280,171956,184360,2104624,4963.706,1565.277,0,9351.678,0,783.638,8758,14206,1.290,0.980,0.920,1,0,1.999,0,0,18,297,0,42,2
23-06 14:10:45,25.530,4.255,66.327,1.502,0,5563568,170444,184380,2104828,4813.573,1687.954,0,3035.515,0,324.376,8290,12730,1.290,0.980,0.920,1,0,1.001,0,0,18,297,0,43,2
23-06 14:10:46,23.247,5.499,67.493,1.250,0,5564756,168932,184388,2105144,9290.970,2930.675,0,2055.772,0,235.974,7652,11000,1.290,0.980,0.920,5,1,0,0,0,18,297,0,43,2
23-06 14:10:47,7.968,1.245,88.398,0.747,0,5564812,168680,184404,2105324,7627.607,2626.534,0,1820.745,0,159.365,2843,4366,1.290,0.980,0.920,0,0,0,0,0,18,296,0,37,2
23-06 14:10:48,12.507,2.001,82.293,1.251,0,5564736,168680,184412,2105392,4888.562,1620.850,0,2741.437,0,240.126,4137,5927,1.350,1,0.930,1,0,0,0,0,18,297,0,38,2
23-06 14:10:49,9.744,2.249,85.446,0.999,0.250,5564596,168680,184436,2105508,11408.779,3349.880,0,2050.702,0,213.865,3662,5429,1.350,1,0.930,0,0,0,0,0,18,296,0,38,2
23-06 14:10:50,13.998,3.249,79.487,1.500,0,5564516,168428,184504,2105772,5611.050,2515.574,31.995,6294.934,1.000,483.918,4706,7126,1.350,1,0.930,0,0,0,0,0,18,296,0,41,2
23-06 14:10:51,11.264,2.253,84.105,1.252,0,5564492,168428,184540,2105760,6060.562,2324.901,0,1553.939,0,168.210,3705,5113,1.350,1,0.930,0,0,0,0,0,18,296,0,39,2
23-06 14:10:52,6.018,1.504,89.764,0.251,0,5564356,168428,184560,2105876,10260.159,2603.653,0,958.818,0,77.227,2591,3685,1.350,1,0.930,0,1,0,0,0,18,297,0,39,2
23-06 14:10:53,25.691,5.238,64.852,1.995,0,5565248,167196,184656,2106120,4581.514,1550.451,0,9194.955,0,832.096,9175,14860,1.400,1.010,0.940,8,0,0,0,0,18,297,0,40,2
23-06 14:10:54,24.959,5.491,66.140,1.747,0,5566008,165936,184708,2106568,4957.769,1563.405,0,3334.464,0,376.375,8852,13899,1.400,1.010,0.940,2,0,0,0,0,18,297,0,40,2
23-06 14:10:55,24.553,5.261,66.645,1.503,0,5567204,164428,184800,2106788,5083.063,1515.298,0,6305.724,0,494.075,8483,12660,1.400,1.010,0.940,3,0,1.002,0,0,18,294,0,37,2
23-06 14:10:56,4.500,1.250,91.993,1.250,0,5566908,164428,184824,2107060,5811.564,2461.815,0,1695.873,0,134.990,2450,3690,1.400,1.010,0.940,2,0,0,0,0,18,297,0,37,2
23-06 14:10:57,12.525,2.254,81.912,1.002,0,5566636,164428,184876,2107280,5415.702,1581.124,0,2160.269,0,262.519,4547,6675,1.400,1.010,0.940,1,0,0,0,0,18,297,0,37,2
23-06 14:10:58,7.467,1.244,88.605,0.996,0,5566568,164428,184892,2107332,12464.443,3337.126,0,2202.184,0,155.308,3131,4585,1.530,1.050,0.950,0,0,0,0,0,18,296,0,38,2
23-06 14:10:59,11.754,2.751,83.777,0.750,0,5566948,163924,184928,2107420,7268.341,2515.810,0,1816.585,0,213.069,3709,5273,1.530,1.050,0.950,0,0,0,0,0,18,296,0,39,2
23-06 14:11:00,9.751,2.250,85.009,1.000,0,5567384,163420,184944,2107472,12747.313,3298.340,0,2012.207,0,204.021,3788,5398,1.530,1.050,0.950,0,0,0,0,0,18,296,0,40,2
23-06 14:11:01,12.255,2.251,82.533,0.750,0,5567108,163420,184956,2107736,5708.251,1686.665,0,1980.781,0,191.075,4664,6901,1.530,1.050,0.950,0,0,0,0,0,18,297,0,40,2
23-06 14:11:02,27.308,5.512,63.384,2.756,0,5567484,162692,185048,2107996,5308.232,1623.435,0,9604.323,0,835.768,10018,16435,1.530,1.050,0.950,7,0,0,0,0,18,297,0,41,2
23-06 14:11:03,24.015,5.003,67.544,2.251,0,5568508,161180,185084,2108448,5163.329,1621.045,0,4086.635,0,405.261,8445,12785,1.650,1.080,0.960,2,1,0,0,0,18,296,0,38,2
23-06 14:11:04,6.232,1.745,88.750,0.748,0,5569556,159920,185108,2108636,6334.182,2447.116,15.955,2249.672,0.997,134.621,2821,4087,1.650,1.080,0.960,1,0,5.983,0,0,18,296,0,39,2
23-06 14:11:05,12.992,2.748,81.952,0.999,0,5569408,159920,185120,2108788,9668.312,3610.876,0,2210.699,0,228.865,4090,5945,1.650,1.080,0.960,0,0,0.999,0,0,18,296,0,40,2
23-06 14:11:06,8.256,2.001,87.308,0.751,0,5569408,159920,185124,2108784,12424.301,3408.277,0,6452.311,0,471.315,3233,4365,1.650,1.080,0.960,0,0,2.001,0,0,18,296,0,41,2
23-06 14:11:07,7.743,1.249,88.415,0.999,0,5569304,159920,185124,2108888,10725.739,3282.859,0,1234.819,0,120.884,2476,3493,1.650,1.080,0.960,0,0,0,0,0,18,296,0,40,2
23-06 14:11:08,10.787,2.258,84.794,0.502,0,5569552,159668,185128,2108888,6429.282,1637.676,0,1573.453,0,147.511,3962,5711,1.760,1.110,0.970,2,0,0,0,0,18,297,0,40,2
23-06 14:11:09,24.458,5.740,66.136,1.997,0,5570168,158408,185180,2109480,4647.986,1293.769,0,7666.781,0,601.962,8521,13372,1.760,1.110,0.970,1,0,0,0,0,18,297,0,41,2
23-06 14:11:10,12.482,5.242,79.385,0.999,0,5574636,184168,184420,2079912,4709.158,1703.525,71.896,1453.888,1.997,139.797,4363,15762,1.760,1.110,0.970,0,0,35.948,0,0,18,296,0,44,2
23-06 14:11:11,8.999,2.250,85.742,1.000,0,5574520,184140,184428,2080236,11658.858,3405.666,0,1543.849,0,168.983,3418,4890,1.760,1.110,0.970,1,0,0,0,0,18,296,0,40,2
23-06 14:11:12,20.501,4.000,72.004,1.250,0,5574208,184140,184448,2080528,4883.282,1578.091,0,3148.182,0,331.019,6720,10384,1.760,1.110,0.970,3,0,0,0,0,18,297,0,40,2
23-06 14:11:13,20.512,4.002,72.293,1.751,0,5574672,183384,184464,2080804,5915.515,2507.490,0,4406.618,0,325.193,6206,9178,1.780,1.130,0.980,0,0,0,0,0,18,296,0,41,2
23-06 14:11:14,10.030,2.257,85.757,0.502,0,5574672,183384,184484,2080784,4702.088,1516.544,0,1777.325,0,145.436,3035,4270,1.780,1.130,0.980,2,0,0,0,0,18,295,0,42,2
23-06 14:11:15,7.221,1.494,89.143,0.747,0,5574672,183132,184488,2081032,12387.457,3867.532,0,1450.200,0,121.514,2607,3635,1.780,1.130,0.980,0,0,0.996,0,0,18,296,0,41,2
23-06 14:11:16,9.249,1.250,86.244,0.500,0,5574632,183132,184516,2081044,11921.228,3351.783,0,1519.902,0,158.990,3215,4461,1.780,1.130,0.980,0,0,0,0,0,18,296,0,41,2
23-06 14:11:17,7.750,1.250,89.255,1.250,0,5574740,182880,184556,2081148,13391.681,3406.173,0,1392.071,0,135.007,2786,3955,1.780,1.130,0.980,0,0,0,0,0,18,296,0,41,2
23-06 14:11:18,11.755,2.251,82.285,1.251,0,5575048,182376,184592,2081308,7703.260,2562.084,0,6470.738,0,456.193,4150,6402,1.630,1.110,0.970,0,0,0,0,0,18,296,0,42,2
23-06 14:11:19,12.498,2.500,82.234,1.000,0,5575404,181876,184596,2081448,7138.572,1619.676,0,1635.673,0,153.969,3538,5085,1.630,1.110,0.970,2,0,0,0,0,18,296,0,42,2
23-06 14:11:20,8.032,3.012,87.345,0.251,0,5615652,141568,184596,2081508,11940.165,3914.463,0,847.347,0,66.262,2790,3607,1.630,1.110,0.970,1,0,1.004,0,0,18,296,0,42,2
23-06 14:11:21,6.252,2.001,89.527,0.500,0,5618384,138800,184596,2081544,7182.159,2131.641,0,1016.306,0,96.029,2521,3617,1.630,1.110,0.970,1,0,3.001,0,0,18,297,0,42,2
23-06 14:11:22,16.685,3.237,77.450,0.996,0,5618204,138548,184616,2081956,6252.789,2549.130,159.383,1785.088,9.961,192.256,5013,7397,1.630,1.110,0.970,0,0,1.992,0,0,18,296,0,45,2
23-06 14:11:23,9.499,1.750,86.494,0.750,0,5618312,138324,184632,2082056,11799.174,3351.765,0,6263.562,0,524.963,3328,4628,1.660,1.120,0.980,0,0,0,0,0,18,296,0,41,2
23-06 14:11:24,8.248,1.500,88.233,0.750,0,5618548,138072,184648,2082056,11813.763,3405.355,0,1479.720,0,151.971,3026,4326,1.660,1.120,0.980,1,0,1.000,0,0,18,296,0,41,2
23-06 14:11:25,5.749,1.500,90.489,0.500,0,5618324,138072,184652,2082276,9552.802,3235.594,0,931.883,0,72.991,2223,3063,1.660,1.120,0.980,0,0,1.000,0,0,18,296,0,42,2
23-06 14:11:26,2.000,1.000,96.259,0,0,5618320,138072,184652,2082280,3880.348,1080.097,0,584.052,0,34.003,1171,1627,1.660,1.120,0.980,0,0,0,0,0,18,296,0,42,2
23-06 14:11:27,10.526,2.005,84.962,1.253,0,5618460,137820,184664,2082380,11920.716,3082.684,0,1672.168,0,181.452,3794,5679,1.660,1.120,0.980,1,0,0,0,0,18,298,0,42,2
23-06 14:11:28,25.805,5.762,65.138,2.004,0,5618628,135804,184704,2084188,4902.390,1515.211,32.068,8526.069,1.002,667.414,9036,14460,1.610,1.120,0.980,1,0,0,0,0,18,297,0,43,2
23-06 14:11:29,25.494,4.749,65.486,1.750,0,5617456,135804,184744,2085320,5204.848,1565.654,0,4171.077,0,343.924,8167,12976,1.610,1.120,0.980,1,0,0,0,0,18,296,0,43,2
23-06 14:11:30,14.686,2.987,78.159,1.493,0,5617804,135300,184776,2085444,5971.934,2512.036,0,3186.094,0,333.544,4860,7202,1.610,1.120,0.980,0,0,0,0,0,18,296,0,45,2
23-06 14:11:31,12.989,2.248,82.182,0.999,0,5617664,135300,184784,2085576,5857.183,2185.203,0,2210.182,0,225.814,3941,5749,1.610,1.120,0.980,0,0,0,0,0,18,296,0,47,2
23-06 14:11:32,9.292,2.762,85.634,1.005,0,5617460,135300,184792,2085772,3663.426,813.648,0,1442.468,0,149.671,2877,4048,1.610,1.120,0.980,1,0,0,0,0,18,294,0,48,2
23-06 14:11:33,4.227,1.741,92.004,0.497,0,5617376,135300,184808,2085840,6089.202,2443.837,0,1452.178,0,124.330,2195,3347,1.720,1.150,0.990,1,0,0,0,0,18,297,0,48,2
23-06 14:11:34,26.303,4.008,67.887,0.501,0,5617236,164736,184048,2057400,3563.192,486.983,0,933.885,0,62.125,4347,4763,1.720,1.150,0.990,2,0,0,0,0,18,297,0,49,2
23-06 14:11:35,15.998,3.750,76.492,1.250,0,5621928,159724,184084,2057684,11946.762,3459.641,0,7011.273,0,454.953,4655,6806,1.720,1.150,0.990,0,0,1.000,0,0,18,296,0,50,2
23-06 14:11:36,6.499,1.500,88.985,0.750,0,5621912,159724,184088,2057696,12100.024,3351.453,0,1299.788,0,136.978,2789,4017,1.720,1.150,0.990,0,0,0,0,0,18,296,0,48,2
23-06 14:11:37,7.002,1.250,90.020,0.500,0,5621820,159724,184096,2057780,11366.583,3394.772,0,1108.252,0,104.024,2460,3456,1.720,1.150,0.990,0,0,0,0,0,18,296,0,49,2
23-06 14:11:38,9.500,2.500,86.498,0.500,0,5621796,159724,184100,2057800,6480.822,1685.954,0,1395.962,0,138.996,3618,5354,1.740,1.170,0.990,1,0,0,0,0,18,297,0,49,2
23-06 14:11:39,25.037,5.007,66.097,1.502,0,5622608,158464,184152,2058196,5167.587,1622.382,16.024,2627.858,1.001,285.419,7986,11908,1.740,1.170,0.990,1,0,1.001,0,0,18,297,0,49,2
23-06 14:11:40,9.989,2.248,84.906,1.249,0,5622848,157960,184172,2058440,6478.839,2508.228,0,2669.050,0,262.710,3713,5696,1.740,1.170,0.990,0,0,0,0,0,18,296,0,43,2
23-06 14:11:41,21.466,3.245,72.386,0.749,0,5623152,157456,184184,2058628,5511.293,1617.445,0,1170.151,0,98.844,5791,7882,1.740,1.170,0.990,1,0,0,0,0,18,299,0,47,2
23-06 14:11:42,24.061,5.013,68.424,0.752,0,5624180,156196,184196,2058848,4063.330,757.927,128.326,1888.802,7.018,173.441,6326,8527,1.740,1.170,0.990,1,0,2.005,0,0,18,302,0,63,2
23-06 14:11:43,25.076,3.761,66.954,0.752,0,5625428,154684,184208,2059100,4301.083,1354.119,0,5593.012,0,371.129,7014,9715,1.600,1.150,0.990,2,0,1.003,0,0,18,300,0,77,2
23-06 14:11:44,17.168,3.235,77.381,0.746,0,5626000,153716,184224,2059480,11652.477,3443.592,0,8750.305,0,532.463,4603,6152,1.600,1.150,0.990,0,0,1.991,0,0,18,299,0,78,2
23-06 14:11:45,15.034,4.009,78.179,1.503,0,5626452,153212,184252,2059504,4768.893,1461.338,4.009,2581.897,1.002,235.538,4898,7259,1.600,1.150,0.990,5,0,1.002,0,0,18,300,0,80,2
23-06 14:11:46,26.072,4.262,66.683,1.253,0,5626312,152960,184276,2059872,9925.262,3005.255,0,2358.478,0,283.779,7088,10037,1.600,1.150,0.990,1,0,0,0,0,18,297,0,81,2
23-06 14:11:47,5.476,1.493,90.605,1.245,0,5626248,152960,184284,2059928,7642.689,2466.251,0,1764.310,0,140.388,2432,3670,1.600,1.150,0.990,1,0,0,0,0,18,300,0,81,2
23-06 14:11:48,7.490,1.748,87.637,0.999,0.250,5626292,152708,184304,2060116,6322.870,2506.777,0,2149.236,0,227.707,3056,4634,1.560,1.140,0.990,0,0,0,0,0,18,299,0,78,2
23-06 14:11:49,6.749,1.750,89.234,0.750,0,5626500,152456,184312,2060152,6101.885,2347.571,0,1723.685,0,168.969,2723,3995,1.560,1.140,0.990,0,0,0,0,0,18,299,0,78,2
23-06 14:11:50,11.990,1.499,82.932,0.999,0,5626444,152456,184320,2060200,5900.144,2507.936,0,1918.421,0,185.847,3250,4484,1.560,1.140,0.990,0,0,0,0,0,18,299,0,78,2
23-06 14:11:51,11.287,2.508,84.531,1.003,0,5627352,151448,184324,2060296,4713.654,1462.858,0,5446.086,0,345.146,3579,5031,1.560,1.140,0.990,1,0,0,0,0,18,300,0,79,2
23-06 14:11:52,6.986,1.747,88.326,0.499,0,5628348,150188,184324,2060560,5700.754,2078.899,0,1029.968,0,98.805,2524,3623,1.560,1.140,0.990,0,0,0,0,0,18,299,0,76,2
23-06 14:11:53,6.249,2.499,89.979,0.750,0,5630916,147580,184332,2060592,5773.622,2124.493,0,1111.735,0,112.973,2431,3368,1.430,1.130,0.980,0,0,0,0,0,18,299,0,76,2
23-06 14:11:54,6.503,1.501,90.288,0.500,0,5631892,146464,184332,2060732,5869.479,1975.834,0,940.397,0,94.040,2222,3089,1.430,1.130,0.980,0,0,0,0,0,18,299,0,76,2
23-06 14:11:55,7.249,2.000,88.486,1.000,0,5632068,146212,184352,2060788,12148.135,3537.457,0,1323.797,0,141.978,3027,4356,1.430,1.130,0.980,0,0,1.000,0,0,18,298,0,77,3
23-06 14:11:56,13.009,2.502,82.307,0.500,0,5632040,146212,184352,2060816,5403.741,1621.122,0,1701.178,0,190.132,4497,6621,1.430,1.130,0.980,2,0,0,0,0,18,299,0,75,3
23-06 14:11:57,25.057,4.510,66.652,1.253,0,5632692,145204,184368,2061156,5369.218,1623.695,0,2545.793,0,283.645,7607,11147,1.430,1.130,0.980,2,0,0,0,0,18,297,0,77,3
23-06 14:11:58,6.983,1.496,89.036,1.247,0,5633336,144448,184384,2061252,7322.409,2571.821,0,2023.140,0,171.588,2855,4407,1.480,1.140,0.990,0,0,0,0,0,18,298,0,77,3
23-06 14:11:59,5.999,1.500,89.987,0.500,0,5633152,144448,184388,2061432,8139.837,2514.641,0,1847.736,0,179.974,2697,3932,1.480,1.140,0.990,0,0,0,0,0,18,298,0,77,3
23-06 14:12:00,6.750,1.500,90.244,0.750,0,5633340,144196,184404,2061480,6854.575,2166.866,0,2087.871,0,152.991,2545,3597,1.480,1.140,0.990,0,0,0,0,0,18,298,0,74,3
23-06 14:12:01,8.746,1.499,86.209,1.000,0,5633420,143944,184416,2061640,11360.638,2876.642,0,1539.274,0,154.927,3258,4531,1.480,1.140,0.990,0,0,0,0,0,18,298,0,75,3
23-06 14:12:02,15.565,3.515,78.327,1.255,0,5633356,143944,184452,2061668,3879.172,488.035,0,7848.720,0,568.369,5329,8753,1.480,1.140,0.990,2,0,0,0,0,18,299,0,75,3
23-06 14:12:03,23.916,3.239,70.502,0.996,0,5448680,328576,184488,2061692,7631.161,267539.062,167.411,1371.178,9.965,127.551,4032,4559,1.440,1.140,0.990,0,0,13.951,0,0,18,298,0,75,3
23-06 14:12:04,1.999,1.999,93.949,0,0,5440164,337104,184500,2061700,5083.251,1631.118,0,5517.016,0,433.765,1619,2072,1.440,1.140,0.990,0,0,5.997,0,0,18,298,0,73,3
23-06 14:12:05,2.251,0.750,96.031,0.250,0,5440100,337160,184512,2061696,5013.611,1512.486,0,1028.330,0,44.014,1300,1900,1.440,1.140,0.990,0,0,1.000,0,0,18,298,0,73,3
23-06 14:12:06,0.750,1.000,96.473,0.250,0.250,5440092,337160,184516,2061700,5684.386,1565.555,0,471.866,0,26.992,1124,1676,1.440,1.140,0.990,0,0,0,0,0,18,298,0,73,3
23-06 14:12:07,1.750,0.500,95.772,0.250,0,5440084,337160,184520,2061704,5392.246,1512.349,0,600.139,0,43.010,1283,1939,1.440,1.140,0.990,0,0,0,0,0,18,298,0,73,3
23-06 14:12:08,3.000,1.000,94.503,0,0,5440080,337160,184520,2061708,5566.159,1566.045,0,392.011,0,39.001,1409,2062,1.320,1.120,0.980,0,0,0,0,0,18,298,0,73,3
23-06 14:12:09,1.500,0.500,97.237,0,0,5440076,337160,184520,2061712,5071.345,1651.787,0,31.996,0,3.999,952,1405,1.320,1.120,0.980,0,0,0,0,0,18,298,0,71,3
23-06 14:12:10,6.752,3.501,88.028,0,0,5436292,340940,184520,2061528,5447.720,1566.495,0,412.130,0,28.009,2484,6206,1.320,1.120,0.980,0,0,36.011,0,0,18,298,0,72,3
23-06 14:12:11,2.249,0.500,95.475,0.500,0,5436272,340940,184528,2061712,4710.784,1511.610,0,391.899,0,40.989,1495,2315,1.320,1.120,0.980,0,0,0,0,0,18,298,0,72,3
23-06 14:12:12,1.250,0.750,96.756,0.250,0,5436264,340940,184528,2061720,4397.287,1620.106,0,140.009,0,18.001,1007,1502,1.320,1.120,0.980,0,0,0,0,0,18,298,0,72,3
23-06 14:12:13,2.001,1.000,95.787,0.500,0,5436236,340940,184536,2061740,4677.789,1566.599,0,528.202,0,47.018,1372,2073,1.220,1.100,0.980,0,0,0,0,0,18,298,0,68,3
23-06 14:12:14,1.000,0.750,96.738,0,0,5436228,340940,184536,2061748,4739.402,1619.796,0,83.989,0,12.998,1045,1470,1.220,1.100,0.980,0,0,0,0,0,18,298,0,68,3
23-06 14:12:15,2.250,0.750,96.000,0,0,5436212,340940,184540,2061760,10732.954,2996.987,0,76.000,0,9.000,1287,1679,1.220,1.100,0.980,0,0,1.000,0,0,18,298,0,68,3
23-06 14:12:16,0.750,1.001,97.299,0,0,5436208,340940,184540,2061764,4868.467,1686.855,0,32.016,0,3.002,943,1365,1.220,1.100,0.980,0,0,0,0,0,18,298,0,68,3
23-06 14:12:17,1.749,0.500,97.207,0,0,5436208,340940,184540,2061764,5636.516,1511.334,0,107.952,0,11.995,1060,1494,1.220,1.100,0.980,0,0,0,0,0,18,298,0,66,3
23-06 14:12:18,1.750,0.750,95.743,0.250,0,5436208,340940,184548,2061756,7065.510,1565.891,0,263.982,0,23.998,1300,1803,1.120,1.080,0.970,0,0,0,0,0,18,298,0,66,3
23-06 14:12:19,1.750,0.500,95.984,0,0,5436196,340940,184548,2061768,6510.941,1511.754,0,251.959,0,23.996,1275,1854,1.120,1.080,0.970,0,0,0,0,0,18,298,0,66,3
23-06 14:12:20,2.000,1.000,95.506,0.250,0,5436192,340940,184552,2061768,5740.348,1080.065,0,460.028,0,43.003,1417,2214,1.120,1.080,0.970,0,0,0,0,0,18,298,0,66,3
23-06 14:12:21,2.000,0.750,95.736,0.250,0,5436184,340940,184552,2061776,5625.165,1565.768,0,399.941,0,40.994,1421,2166,1.120,1.080,0.970,0,0,0,0,0,18,298,0,64,3
23-06 14:12:22,2.253,1.001,96.378,0,0,5436420,340700,184552,2061780,4855.441,1514.008,0,64.085,0,5.007,1191,1670,1.120,1.080,0.970,2,0,1.001,0,0,18,298,0,64,3
23-06 14:12:23,3.007,1.504,93.473,0.251,0,5439088,337968,184556,2061840,4797.439,1569.743,0,400.956,0,30.072,1692,2283,1.190,1.100,0.980,0,0,3.007,0,0,18,298,0,64,3
23-06 14:12:24,4.482,1.494,92.881,0,0,5438948,337968,184556,2061980,4573.827,1506.016,0,286.860,0,23.905,1672,2288,1.190,1.100,0.980,0,0,1.992,0,0,18,298,0,66,3
23-06 14:12:25,1.250,0.500,96.765,0,0,5438408,338504,184556,2061984,4846.773,1608.256,0,788.126,0,158.025,1042,1410,1.190,1.100,0.980,0,0,1.000,0,0,18,298,0,62,3
23-06 14:12:26,1.250,2.501,95.785,0.250,0,5453136,323776,184556,2061984,4893.783,1512.551,0,36.013,0,4.001,1031,1372,1.190,1.100,0.980,0,0,0,0,0,18,298,0,62,3
23-06 14:12:27,1.250,0.750,97.013,0,0,5453880,323032,184556,2061984,4955.653,1458.192,0,40.005,0,2.000,954,1371,1.190,1.100,0.980,0,0,0,0,0,18,298,0,62,3
23-06 14:12:28,1.999,0.750,95.971,0.250,0.250,5453876,323032,184556,2061988,4784.565,1565.531,0,319.904,0,23.993,1300,1836,1.090,1.080,0.970,0,0,0,0,0,18,298,0,62,3
23-06 14:12:29,1.500,0.500,96.229,0,0,5453872,323032,184556,2061992,4830.965,1511.676,0,95.979,0,10.998,1093,1480,1.090,1.080,0.970,0,0,0,0,0,18,298,0,59,3
23-06 14:12:30,1.750,1.000,96.023,0.250,0,5453872,323032,184556,2061992,5107.223,1686.404,0,328.079,0,34.008,1268,1865,1.090,1.080,0.970,1,0,0,0,0,18,298,0,59,3
23-06 14:12:31,2.501,1.000,94.778,0.750,0,5453856,323032,184572,2061992,4861.454,1620.485,0,3481.041,0,265.079,1847,2977,1.090,1.080,0.970,0,0,0,0,0,18,298,0,59,3
23-06 14:12:32,0.500,0.250,97.503,0,0,5453856,323032,184572,2061992,5313.183,1686.058,0,32.001,0,4.000,870,1333,1.090,1.080,0.970,0,0,0,0,0,18,298,0,59,3
23-06 14:12:33,1.250,0.750,96.720,0.250,0,5453844,323032,184576,2062000,4784.513,1565.513,0,407.873,0,30.990,1121,1773,1.010,1.060,0.970,0,0,0,0,0,18,298,0,53,3
23-06 14:12:34,2.501,0.750,95.027,0.250,0,5453828,323032,184584,2062008,3204.918,324.093,0,548.157,0,55.016,1523,2416,1.010,1.060,0.970,0,0,1.000,0,0,18,298,0,53,3
23-06 14:12:35,11.250,3.750,83.504,0,0,5461212,315616,184620,2062004,274086.053,7350.323,20.001,368.016,5.000,23.001,2465,2408,1.010,1.060,0.970,1,0,26.001,0,0,18,298,0,53,3
23-06 14:12:36,9.243,3.997,84.688,0,0,5474612,301964,184628,2062248,282018.302,9578.945,223.835,839.382,7.994,125.907,2361,2041,1.010,1.060,0.970,1,0,19.985,0,0,18,298,0,53,3
23-06 14:12:37,21.003,7.251,71.762,0,0,5483528,283284,184636,2071988,145008.281,1578.253,152.024,0,3.000,0,2568,1983,1.010,1.060,0.970,1,0,22.004,0,0,18,298,0,50,3
