"pcp-dstat 6.2.0 CSV Output"
"Author:","PCP team <pcp@groups.io> and Dag Wieers <dag@wieers.com>",,,,"URL:","https://pcp.io/ and http://dag.wieers.com/home-made/dstat/"
"Host:","ubuntu",,,,"User:","ubuntu"
"Cmdline:","dstat -tcmndrylpg --tcp --output /tmp/devstack_logs/dstat-csv.log",,,,"Date:","26 Jun 2026 05:19:28 UTC"
"system","total usage",,,,,"memory usage",,,,"net/total",,"dsk/total",,"io/total",,"system",,"load avg",,,"procs",,,"paging",,"tcp sockets",,,,
"time","total usage:usr","total usage:sys","total usage:idl","total usage:wai","total usage:stl","used","free","buf","cach","net/total:recv","net/total:send","dsk/total:read","dsk/total:writ","read","writ","int","csw","1m","5m","15m","run","blk","new","in","out","lis","act","syn","tim","clo"
26-06 05:19:28,,1060104,1355224,166372,5226012,,,,,,,1.400,0.880,0.480,3,0,,,,10,3,0,17,0
26-06 05:19:29,7.984,19.960,70.109,0,0,1049508,1365764,166384,5226040,5614.726,1562.862,0,151.695,0,12.974,5259,3760,1.290,0.870,0.470,1,0,290.417,0,0,10,3,0,17,0
26-06 05:19:30,7.740,20.972,68.659,0,0,1046688,1368564,166388,5226068,6475.386,1414.119,0,3315.589,0,20.972,5299,3516,1.290,0.870,0.470,1,0,311.585,0,0,10,3,0,17,0
26-06 05:19:31,13.019,19.279,66.348,0,0,1006260,1408832,166388,5226216,7000.391,2123.151,0,20.030,0,5.007,4879,4791,1.290,0.870,0.470,2,0,263.391,0,0,10,3,0,17,0
26-06 05:19:32,15.481,18.727,64.171,0,0,982876,1432172,166400,5226660,6104.499,2020.517,0,271.666,0,8.989,5899,7258,1.290,0.870,0.470,1,0,252.689,0,0,10,4,0,17,0
26-06 05:19:33,9.495,10.494,77.707,0,0,1082676,1332044,166404,5351300,4666.419,2159.805,0,3.998,0,0.999,3551,3453,1.290,0.870,0.470,1,0,82.954,0,0,11,6,0,17,0
26-06 05:19:34,16.522,10.514,72.096,0,0,1092960,1321728,166404,5351316,8221.934,2474.291,0,88.117,0,11.015,3441,2317,1.270,0.870,0.480,1,0,128.170,0,0,11,6,0,17,0
26-06 05:19:35,17.736,8.743,71.941,0.250,0.250,1132888,1281324,166460,5351716,4454.374,1456.814,31.974,1386.871,1.998,27.977,2941,2506,1.270,0.870,0.480,1,0,83.932,0,0,11,6,0,19,0
26-06 05:19:36,22.499,2.750,73.745,0,0,1179472,1233400,166604,5352588,4714.700,1457.907,0,0,0,0,1783,1352,1.270,0.870,0.480,1,0,0,0,0,11,6,0,19,0
26-06 05:19:37,16.272,4.005,69.846,7.010,0,1196208,1211720,167072,5356844,6593.048,1658.276,0,16690.906,0,1336.835,7028,12437,1.270,0.870,0.480,2,1,10.014,0,0,11,7,0,19,1
26-06 05:19:38,12.003,6.001,65.516,12.503,0,1199224,1202144,168280,5362064,7155.754,1686.413,0,29179.154,0,2786.683,13251,24665,1.270,0.870,0.480,4,1,63.015,0,0,11,7,0,19,1
26-06 05:19:39,17.979,9.489,67.172,3.995,0,1119080,1281512,168644,5362400,4814.427,1456.314,0,28115.454,0,1749.974,7507,12056,1.240,0.870,0.480,1,0,84.902,0,0,11,5,0,19,1
26-06 05:19:40,34.232,6.996,57.470,0.250,0,1194480,1205768,168680,5362664,13930.758,3715.069,0,871.547,0,38.980,3169,13682,1.240,0.870,0.480,1,0,35.981,0,0,11,6,0,20,1
26-06 05:19:41,32.982,3.248,62.466,0.750,0,1122012,1277932,168820,5362764,31087.835,11563.615,0,3526.053,0,165.908,2702,1932,1.240,0.870,0.480,2,1,9.994,0,0,11,6,0,20,2
26-06 05:19:42,35.979,4.747,56.967,1.249,0,1213796,1185248,169060,5363260,36604.968,16058.773,0,5604.780,0,268.846,3289,2882,1.240,0.870,0.480,2,0,0,0,0,11,6,0,20,2
26-06 05:19:43,36.640,2.761,58.976,0.502,0,1240972,1157436,169248,5363548,44669.049,15166.075,0,3453.223,0,267.022,2653,1657,1.240,0.870,0.480,2,0,0,0,0,11,6,0,19,2
26-06 05:19:44,26.430,18.451,53.607,0.249,0,1208184,1182232,169404,5371028,39769.945,13903.922,0,1651.596,0,50.864,5364,3994,1.460,0.920,0.500,2,0,330.120,0,0,11,6,0,19,2
26-06 05:19:45,30.801,22.788,45.075,0.501,0,1202736,1167344,169772,5389984,152870.739,3954.590,0,2167.612,0,77.129,6517,5555,1.460,0.920,0.500,2,1,355.593,0,0,11,6,0,19,2
26-06 05:19:46,47.009,18.753,33.506,0.250,0,1231984,1114004,170752,5409992,5117.947,1662.308,0,1708.316,0,47.009,5308,6336,1.460,0.920,0.500,3,0,246.046,0,0,11,7,0,19,2
26-06 05:19:47,64.649,8.736,24.462,0.499,0,1325904,999944,171124,5428196,5151.984,1617.483,0,1162.192,0,35.944,3749,1815,1.460,0.920,0.500,3,0,0,0,0,11,7,0,15,2
26-06 05:19:48,64.802,9.508,23.269,1.001,0,1342000,965628,172240,5442392,4683.734,1621.292,0,3606.875,0,162.129,4176,2562,1.460,0.920,0.500,4,0,6.005,0,0,11,7,0,15,2
26-06 05:19:49,57.330,11.266,28.039,1.001,0,1384760,890512,173284,5470748,4524.313,1460.037,0,4237.913,0,178.249,5005,5085,1.590,0.960,0.510,2,0,119.166,0,0,11,6,0,15,2
26-06 05:19:50,40.025,9.256,48.530,0.500,0,1446596,838540,173844,5459464,5317.275,2101.294,0,27420.889,0,289.178,3640,2589,1.590,0.960,0.510,3,0,24.015,0,0,11,4,0,15,0
26-06 05:19:51,38.408,5.736,53.622,0.249,0.499,1492400,792708,173860,5459484,11194.218,4454.343,0,1967.293,0,46.888,2747,1574,1.590,0.960,0.510,4,0,32.921,0,0,11,5,0,13,0
26-06 05:19:52,43.309,5.508,47.815,1.252,0,1534184,743180,174020,5466108,4926.716,1634.228,0,4746.470,0,313.427,4879,5318,1.590,0.960,0.510,3,1,9.012,0,0,11,10,0,13,0
26-06 05:19:53,43.777,9.756,45.278,0.250,0,1504472,771656,174048,5467120,4682.847,1620.986,0,968.589,0,60.037,9109,16757,1.590,0.960,0.510,2,0,51.031,0,0,11,4,0,15,0
26-06 05:19:54,42.389,9.475,45.630,0.499,0,1549356,726320,174060,5467396,5293.128,2139.393,0,7388.637,0,458.798,12295,20860,1.620,0.980,0.520,1,0,20.945,0,0,11,5,0,15,0
26-06 05:19:55,38.438,6.944,52.573,0.744,0,1456248,827308,174116,5460248,8870.904,5455.660,265.839,19624.506,65.468,194.420,3996,3437,1.620,0.980,0.520,2,0,26.782,0,0,11,25,0,15,0
26-06 05:19:56,31.521,6.556,61.024,0,0,1451492,831928,174116,5460392,9502.556,5309.570,0,23291.904,0,614.272,3619,2657,1.620,0.980,0.520,1,0,95.822,0,0,11,28,0,16,0
26-06 05:19:57,22.232,3.247,74.190,0,0,1494988,788428,174116,5460396,5648.427,2069.325,0,3.997,0,0.999,1722,1099,1.620,0.980,0.520,0,0,0,0,0,11,29,0,16,0
26-06 05:19:58,17.753,3.250,78.011,0,0,1461132,822260,174120,5460412,11750.722,7819.146,0,608.089,0,5.001,2396,1900,1.620,0.980,0.520,1,0,22.003,0,0,11,28,0,17,0
26-06 05:19:59,35.070,13.026,51.102,0,0,1518376,765004,174120,5460424,4975.949,1569.137,0,12.024,0,3.006,3690,2230,1.650,0.990,0.530,2,0,135.270,0,0,11,28,0,15,0
26-06 05:20:00,35.870,4.733,57.791,0,0,1527852,755512,174120,5460436,13392.575,10465.160,0,0,0,0,3369,2585,1.650,0.990,0.530,1,0,0,0,0,11,30,0,15,0
26-06 05:20:01,36.675,14.569,47.978,0.251,0,1425804,857488,174120,5460640,16571.920,11575.124,0,409.952,0,36.172,7052,8609,1.650,0.990,0.530,5,0,275.311,0,0,11,28,0,16,0
26-06 05:20:02,75.991,22.497,0.250,0,0,1584388,698864,174120,5460680,5099.386,1619.805,0,23.997,0,5.999,5199,3768,1.650,0.990,0.530,6,0,303.963,0,0,11,28,0,16,0
26-06 05:20:03,82.964,12.745,0.750,0,0,1790744,492496,174120,5460688,20962.989,17659.409,0,251.892,0,10.995,5653,4066,1.650,0.990,0.530,5,0,0,0,0,11,33,0,16,0
26-06 05:20:04,80.746,8.500,10.249,0,0,1812728,470260,174128,5460932,33492.342,28621.583,0,463.977,0,54.997,9010,12788,1.840,1.040,0.550,7,0,10.000,0,0,11,29,0,21,0
26-06 05:20:05,32.926,15.216,49.888,0,0,1535408,747536,174136,5460952,7775.565,3878.304,0,454.980,0,29.933,4636,4639,1.840,1.040,0.550,1,0,302.322,0,0,11,28,0,22,0
26-06 05:20:06,19.980,3.496,75.924,0,0,1549008,733892,174144,5460988,6959.008,3582.401,0,555.442,0,11.988,1777,1194,1.840,1.040,0.550,0,0,0,0,0,11,29,0,22,0
26-06 05:20:07,19.277,1.752,77.609,0.250,0,1527384,755504,174144,5461000,10326.487,6441.036,0,644.905,0,50.070,3076,3458,1.840,1.040,0.550,2,0,0,0,0,11,28,0,23,0
26-06 05:20:08,18.003,8.752,72.263,0,0,1500248,782636,174144,5461004,4808.890,1188.220,0,44.008,0,4.001,2632,1868,1.840,1.040,0.550,1,0,68.013,0,0,11,28,0,23,0
26-06 05:20:09,17.984,3.247,78.179,0,0,1511232,771644,174144,5461012,11539.540,7287.394,0,1914.265,0,118.892,2560,2380,1.690,1.030,0.550,0,0,0.999,0,0,11,29,0,23,0
26-06 05:20:10,12.533,12.533,73.445,0.501,0,1457856,824988,174156,5461032,7102.893,2756.331,0,381.013,0,30.080,4668,4284,1.690,1.030,0.550,1,0,325.867,0,0,11,28,0,24,0
26-06 05:20:11,42.175,30.197,27.202,0,0,1470072,812744,174160,5461056,5872.607,1563.233,0,1597.173,0,28.949,6224,5236,1.690,1.030,0.550,5,0,711.740,0,0,11,28,0,24,0
26-06 05:20:12,83.914,12.023,4.258,0,0,1695640,587144,174168,5461080,10584.674,7477.605,0,593.159,0,34.067,4912,2657,1.690,1.030,0.550,4,0,0,0,0,11,31,0,24,0
26-06 05:20:13,68.213,8.745,21.238,0.500,0,1734940,547592,174184,5461316,40380.064,37834.447,0,287.844,0,31.983,8631,13223,1.690,1.030,0.550,4,0,0,0,0,11,31,0,24,0
26-06 05:20:14,79.636,18.474,1.498,0,0,1620276,662136,174192,5461424,12700.841,8170.318,0,1677.601,0,174.750,6050,7498,1.960,1.090,0.570,7,0,279.600,0,0,11,28,0,25,0
26-06 05:20:15,86.020,14.253,0,0,0,1737252,545152,174196,5461428,6927.593,3917.901,0,160.037,0,12.003,4957,2790,1.960,1.090,0.570,6,0,30.007,0,0,11,29,0,25,0
26-06 05:20:16,81.633,11.519,6.010,0,0,1843920,438148,174200,5461760,39732.721,36447.369,0,17095.847,0,94.153,7141,10068,1.960,1.090,0.570,4,0,0,0,0,11,34,0,25,0
26-06 05:20:17,74.500,13.750,10.500,0,0,1642772,639068,174216,5461972,31876.024,26180.020,0,476.000,0,41.000,7934,12470,1.960,1.090,0.570,3,0,248.000,0,0,11,29,0,29,0
26-06 05:20:18,50.614,9.474,39.144,0,0,1568876,712956,174216,5461980,6837.562,2798.454,0,195.473,0,6.981,3609,2218,1.960,1.090,0.570,2,0,49.866,0,0,11,28,0,30,0
26-06 05:20:19,31.564,3.758,62.878,0,0,1560692,721104,174220,5462012,21412.684,17310.315,0,236.482,0,20.041,4999,5841,1.960,1.110,0.580,2,0,1.002,0,0,11,29,0,31,0
26-06 05:20:20,51.993,21.497,26.497,0.250,0,1491176,790580,174220,5462052,8114.976,4365.449,0,223.972,0,15.998,5116,4199,1.960,1.110,0.580,3,0,377.952,0,0,11,28,0,27,0
26-06 05:20:21,55.040,8.756,35.276,0,0,1599588,682148,174228,5462064,16698.115,13305.654,0,77200.011,0,419.304,5018,3890,1.960,1.110,0.580,3,0,0,0,0,11,31,0,27,0
26-06 05:20:22,54.777,7.003,37.018,0,0,1474084,807448,174236,5462260,22216.820,18042.787,0,1020.497,0,52.025,8406,10493,1.960,1.110,0.580,4,0,86.042,0,0,11,28,0,28,0
26-06 05:20:23,80.238,18.747,0.500,0,0.250,1572520,708992,174240,5462276,4175.380,1619.759,0,2079.691,0,78.988,5254,3143,1.960,1.110,0.580,5,0,171.974,0,0,11,28,0,28,0
26-06 05:20:24,63.674,7.990,27.717,0,0,1656076,625392,174248,5462328,26883.901,25270.827,0,2584.914,0,139.833,6995,7966,1.800,1.090,0.570,1,0,0,0,0,11,32,0,25,0
26-06 05:20:25,67.070,15.016,17.018,0,0,1488328,792944,174252,5462520,23748.776,18139.924,0,2278.377,0,124.129,8161,10486,1.800,1.090,0.570,3,0,324.338,0,0,11,28,0,28,0
26-06 05:20:26,66.984,8.248,24.244,0,0,1569988,711276,174256,5462524,4427.945,1721.590,0,699.833,0,12.997,3628,1376,1.800,1.090,0.570,2,0,0,0,0,11,28,0,28,0
26-06 05:20:27,45.135,4.987,48.876,0.249,0,1573916,707272,174268,5462588,31226.628,27084.157,0,722.164,0,45.883,7270,9530,1.800,1.090,0.570,4,0,0,0,0,11,30,0,29,0
26-06 05:20:28,62.914,18.799,17.796,0,0,1512644,768380,174272,5462748,8873.069,4768.397,0,244.636,0,23.060,5277,4760,1.800,1.090,0.570,3,0,299.779,0,0,11,28,0,30,0
26-06 05:20:29,56.511,5.751,37.507,0,0,1620392,660620,174272,5462760,17698.325,13232.486,0,0,0,0,3828,2745,1.900,1.120,0.590,3,0,1.000,0,0,11,31,0,30,0
26-06 05:20:30,54.510,12.252,33.006,0.250,0,1544820,735988,174276,5462960,22887.030,17678.112,0,336.059,0,25.004,7369,9731,1.900,1.120,0.590,4,0,237.042,0,0,11,28,0,33,0
26-06 05:20:31,69.500,11.170,19.361,0,0,1570708,710020,174276,5463112,5364.395,1554.811,0,2347.109,0,67.514,3983,1753,1.900,1.120,0.590,3,0,49.643,0,0,11,28,0,33,0
26-06 05:20:32,44.295,5.789,49.328,0,0,1586332,694196,174300,5463288,27210.149,24272.592,0,644.289,0,37.248,6303,7854,1.900,1.120,0.590,3,0,0,0,0,11,31,0,33,0
26-06 05:20:33,59.975,13.744,25.739,0.250,0,1523556,756936,174300,5463324,8369.511,4456.143,0,287.880,0,28.988,5032,4249,1.900,1.120,0.590,3,0,111.953,0,0,11,28,0,35,0
26-06 05:20:34,54.146,6.987,37.678,0,0,1599824,680644,174304,5463340,16577.251,13270.584,0,111.786,0,7.985,3935,2683,1.990,1.150,0.600,3,0,0,0,0,11,31,0,35,0
26-06 05:20:35,54.350,12.022,33.562,0,0.250,1495028,785376,174324,5463384,19643.276,15403.446,0,416.770,0,42.078,7276,9011,1.990,1.150,0.600,3,0,214.396,0,0,11,28,0,37,0
26-06 05:20:36,71.902,26.464,1.248,0,0,1583672,696708,174324,5463440,5289.802,1617.799,0,275.625,0,21.970,5480,4583,1.990,1.150,0.600,8,0,476.352,0,0,11,28,0,35,0
26-06 05:20:37,81.083,19.019,0.250,0,0,1765272,515080,174324,5463468,13256.505,10145.335,0,656.669,0,34.035,5654,4727,1.990,1.150,0.600,6,0,345.352,0,0,11,31,1,35,0
26-06 05:20:38,72.079,21.023,6.257,0.250,0,1814284,465840,174336,5463684,45763.161,41679.685,0,564.619,0,41.045,8774,11347,1.990,1.150,0.600,6,0,423.464,0,0,11,31,0,36,0
26-06 05:20:39,77.525,19.006,2.751,0,0,1770960,508920,174344,5463916,21158.872,16258.281,0,484.157,0,42.014,6883,7160,2.230,1.220,0.620,5,0,336.109,0,0,11,28,0,36,0
26-06 05:20:40,82.466,15.945,1.495,0,0,1691096,588756,174344,5463944,9237.172,5916.613,0,0,0,0,4961,2412,2.230,1.220,0.620,6,0,73.746,0,0,11,30,0,36,0
26-06 05:20:41,77.250,11.287,11.788,0,0,1783948,495848,174344,5463996,33835.485,30001.078,0,228.740,0,13.042,6687,19400,2.230,1.220,0.620,3,0,22.071,0,0,11,33,0,37,0
26-06 05:20:42,74.246,11.499,12.749,0,0,1644060,635528,174344,5464204,31185.351,25259.664,0,27.999,0,4.000,8083,11583,2.230,1.220,0.620,5,0,196.990,0,0,11,28,0,42,0
26-06 05:20:43,12.238,27.224,59.942,0,0,1447868,831688,174344,5464236,4553.619,1510.547,0,11.988,0,2.997,6016,4516,2.230,1.220,0.620,1,0,552.468,0,0,11,28,0,42,0
26-06 05:20:44,46.054,38.294,15.268,0,0,1499868,779656,174344,5464268,4997.807,1567.822,0,156.181,0,15.017,5990,5446,2.450,1.280,0.650,6,0,841.978,0,0,11,28,0,41,0
26-06 05:20:45,75.747,11.250,12.500,0.250,0,1629292,650204,174344,5464296,14659.464,11848.567,0,527.981,0,33.999,4897,3066,2.450,1.280,0.650,3,1,11.000,0,0,11,31,0,41,0
26-06 05:20:46,63.749,9.750,25.500,0,0,1613364,665932,174352,5464488,26109.790,21559.827,0,543.996,0,59.000,8084,10672,2.450,1.280,0.650,4,0,66.999,0,0,11,29,0,44,0
26-06 05:20:47,78.251,17.750,4.000,0,0,1564416,714840,174356,5464524,7427.117,3875.061,0,300.005,0,21.000,5494,3966,2.450,1.280,0.650,4,0,201.003,0,0,11,28,0,45,0
26-06 05:20:48,69.132,9.201,21.635,0,0,1648160,631028,174360,5464564,24853.611,22079.389,0,139.258,0,7.958,5716,5907,2.450,1.280,0.650,3,0,5.968,0,0,11,32,0,45,0
26-06 05:20:49,56.848,5.259,35.311,0,0,1647916,631028,174368,5464800,38305.720,31907.743,0,232.399,0,24.041,10606,16208,2.580,1.320,0.670,4,0,1.002,0,0,11,31,0,45,0
26-06 05:20:50,69.000,10.538,20.324,0.251,0,1658200,620500,174392,5465020,28564.661,23883.674,0,481.748,0,52.189,9802,14047,2.580,1.320,0.670,4,0,60.219,0,0,11,28,0,45,0
26-06 05:20:51,81.750,13.500,4.750,0,0,1579836,698852,174392,5464996,9325.992,5475.995,0,156.000,0,10.000,4997,2663,2.580,1.320,0.670,4,0,62.000,0,0,11,29,0,45,0
26-06 05:20:52,62.990,8.499,27.996,0,0,1643356,635136,174392,5465192,31729.199,28025.759,0,367.944,0,12.998,8319,10658,2.580,1.320,0.670,6,0,0,0,0,11,32,0,45,0
26-06 05:20:53,56.389,8.733,32.686,0,0,1626544,651684,174392,5465456,45666.266,39913.570,0,1293.458,0,8.982,12859,20381,2.580,1.320,0.670,3,0,70.861,0,0,11,30,0,47,0
26-06 05:20:54,78.407,16.283,5.261,0,0,1499492,778692,174396,5465496,13673.429,9119.294,0,124.249,0,8.016,5538,5109,2.610,1.350,0.680,5,0,189.380,0,0,11,28,0,49,0
26-06 05:20:55,71.535,8.973,18.694,0,0,1636244,641892,174408,5465532,21597.945,18475.351,0,3696.865,0,142.571,5645,4978,2.610,1.350,0.680,3,0,0.997,0,0,11,34,0,49,0
26-06 05:20:56,64.443,8.024,26.830,0.251,0,1603412,674492,174416,5465756,36195.203,31093.953,0,256.768,0,25.075,10278,15440,2.610,1.350,0.680,4,0,37.111,0,0,11,34,0,48,0
26-06 05:20:57,82.011,14.252,3.750,0,0,1575820,701904,174424,5465928,12222.618,7635.011,0,260.034,0,26.003,6004,5585,2.610,1.350,0.680,5,0,92.012,0,0,11,32,0,48,0
26-06 05:20:58,68.487,8.998,21.746,0,0,1660092,617604,174432,5465948,20592.016,16966.718,0,299.942,0,30.994,5238,4401,2.610,1.350,0.680,3,0,0,0,0,11,33,1,49,1
26-06 05:20:59,67.383,13.477,18.718,0.250,0,1628096,649528,174444,5466008,25167.328,20487.449,0,191.667,0,10.981,7750,10359,2.720,1.400,0.700,7,0,120.790,0,0,11,34,0,50,0
26-06 05:21:00,66.486,10.248,22.495,0,0,1685508,591924,174444,5466200,30004.549,25143.594,0,151.967,0,8.998,7177,8802,2.720,1.400,0.700,4,0,58.987,0,0,11,34,0,51,0
26-06 05:21:01,77.163,11.775,10.773,0,0,1554452,722924,174452,5466248,19101.241,14601.762,0,288.608,0,36.076,5879,7533,2.720,1.400,0.700,3,0,110.232,0,0,11,32,1,53,0
26-06 05:21:02,73.715,12.744,13.244,0,0.250,1661952,615392,174456,5466276,16996.846,13225.655,0,395.810,0,41.980,4949,4303,2.720,1.400,0.700,4,1,57.972,0,0,11,33,0,54,0
26-06 05:21:03,69.760,11.752,18.253,0,0,1646592,630568,174456,5466464,21826.166,18385.667,0,144.021,0,11.002,6006,6418,2.720,1.400,0.700,3,0,68.010,0,0,11,34,0,55,0
26-06 05:21:04,65.696,12.194,20.654,0.249,0,1597564,679408,174460,5466648,21443.787,17406.466,0,362.324,0,33.843,5630,6212,2.660,1.410,0.700,2,0,137.364,0,0,11,34,0,57,0
26-06 05:21:05,57.003,11.802,31.138,0.251,0,1550768,726168,174484,5466660,11520.037,6803.140,0,381.691,0,39.174,4646,4299,2.660,1.410,0.700,3,1,120.534,0,0,11,32,0,53,0
26-06 05:21:06,52.408,9.234,36.936,0,0,1592800,684056,174484,5466740,17891.759,14009.538,0,195.658,0,13.976,4703,4362,2.660,1.410,0.700,3,1,0,0,0,11,34,0,53,0
26-06 05:21:07,53.595,9.517,36.565,0,0,1611264,665404,174484,5466924,20458.156,16512.182,0,232.411,0,14.025,5818,7006,2.660,1.410,0.700,3,0,96.170,0,0,11,33,0,55,0
26-06 05:21:08,56.468,12.243,30.982,0,0,1537424,739220,174484,5466948,11679.328,9457.597,0,119.931,0,6.996,4760,3725,2.660,1.410,0.700,2,0,85.951,0,0,11,33,0,56,0
26-06 05:21:09,54.694,5.994,38.211,0,0,1611544,664892,174488,5467148,23338.301,16904.834,0,175.821,0,11.988,5450,5751,2.530,1.400,0.710,4,0,0.999,0,0,11,34,0,55,0
26-06 05:21:10,35.704,10.486,52.682,0,0,1552480,723904,174508,5467180,17571.311,13244.898,0,427.448,0,36.952,6459,7956,2.530,1.400,0.710,3,0,152.803,0,0,11,32,0,57,0
26-06 05:21:11,41.005,10.501,48.256,0.250,0,1539200,737168,174508,5467196,3915.458,918.107,0,208.024,0,11.001,3376,1921,2.530,1.400,0.710,2,1,68.008,0,0,11,32,0,57,0
26-06 05:21:12,34.216,4.995,58.941,0,0,1566900,709448,174508,5467216,18437.691,14897.206,0,227.774,0,10.989,3983,3987,2.530,1.400,0.710,3,1,0,0,0,11,33,0,58,0
26-06 05:21:13,36.566,10.018,52.594,0.250,0,1529600,746532,174520,5467416,9223.546,5791.389,0,416.748,0,36.065,4810,4889,2.530,1.400,0.710,2,0,138.248,0,0,11,32,0,58,0
26-06 05:21:14,37.583,6.013,55.373,0.251,0,1573276,702844,174528,5467420,9713.529,6950.405,0,188.418,0,13.029,2906,2129,2.490,1.410,0.710,1,1,0,0,0,11,33,0,58,0
26-06 05:21:15,36.236,7.247,56.478,0,0,1586484,689604,174536,5467444,15140.091,10757.801,0,255.900,0,25.990,4049,4055,2.490,1.410,0.710,1,0,59.977,0,0,11,33,0,59,0
26-06 05:21:16,37.173,4.990,56.383,0,0,1533856,742208,174540,5467464,13194.695,8958.461,0,3229.317,0,160.668,3331,3076,2.490,1.410,0.710,2,1,4.990,0,0,11,33,0,60,0
26-06 05:21:17,38.718,3.997,56.703,0.250,0,1534040,741968,174564,5467492,15214.496,10451.411,0,1790.528,0,106.912,4658,5029,2.490,1.410,0.710,2,0,0,0,0,11,33,0,57,0
26-06 05:21:18,36.362,7.774,54.919,0.251,0,1537096,738880,174572,5467516,13855.559,9791.075,0,196.604,0,16.049,4587,4687,2.490,1.410,0.710,4,0,43.132,0,0,11,32,0,58,0
26-06 05:21:19,39.968,5.461,53.125,0,0,1531212,744612,174580,5467656,11812.545,8199.074,0,166.821,0,12.909,3745,3096,2.370,1.400,0.720,2,0,5.958,0,0,11,33,0,58,0
26-06 05:21:20,33.736,8.812,57.149,0,0,1471944,803852,174580,5467684,16581.878,12385.553,0,241.689,0,23.162,4751,5129,2.370,1.400,0.720,4,1,130.915,0,0,11,33,0,59,0
26-06 05:21:21,19.447,7.729,71.056,0.249,0,1441592,834116,174588,5467760,10651.891,6522.176,0,271.259,0,22.937,3648,4306,2.370,1.400,0.720,1,1,151.586,0,0,11,32,0,56,0
26-06 05:21:22,19.499,2.500,76.995,0,0,1449196,826512,174588,5467760,6740.582,3477.784,0,87.995,0,6.000,1651,1123,2.370,1.400,0.720,1,1,0,0,0,11,33,0,56,0
26-06 05:21:23,17.001,2.750,79.505,0,0,1441576,834096,174596,5467784,14215.815,10231.587,0,336.019,0,19.001,3548,4308,2.370,1.400,0.720,2,0,0,0,0,11,32,0,56,1
26-06 05:21:24,13.998,14.248,70.242,0.250,0,1405524,870136,174600,5467792,4889.455,1589.823,0,1367.848,0,36.996,4256,3287,2.260,1.400,0.720,1,0,283.968,0,0,11,32,0,57,0
26-06 05:21:25,20.499,3.500,75.498,0,0,1424116,851540,174600,5467796,6260.815,3477.897,0,103.997,0,2.000,1757,1151,2.260,1.400,0.720,1,0,0,0,0,11,33,0,53,0
26-06 05:21:26,18.252,2.250,78.509,0,0,1419452,856180,174600,5467820,15034.702,10379.175,0,32.004,0,4.000,3475,4145,2.260,1.400,0.720,1,0,0,0,0,11,32,0,54,0
26-06 05:21:27,19.994,5.748,72.980,0,0,1388076,887556,174600,5467820,5010.603,1511.579,0,59.983,0,8.997,2306,1663,2.260,1.400,0.720,1,0,45.987,0,0,11,32,0,54,0
26-06 05:21:28,19.048,2.757,77.444,0,0.251,1412440,863176,174600,5467836,11333.341,7336.346,0,180.451,0,10.025,2182,2064,2.260,1.400,0.720,1,1,0,0,0,11,33,0,54,0
26-06 05:21:29,19.450,2.244,76.055,0.249,0,1409628,865816,174608,5468000,15183.113,9978.443,0,490.743,0,42.890,4591,6078,2.160,1.390,0.720,1,0,0.997,0,0,11,32,0,52,0
26-06 05:21:30,10.018,22.290,67.121,0,0,1362232,913068,174616,5468140,6487.725,1568.835,0,16.029,0,4.007,6170,4865,2.160,1.390,0.720,3,0,555.003,0,0,11,34,0,52,0
26-06 05:21:31,40.555,10.014,48.315,0,0,1429656,845512,174660,5468216,6025.149,1622.194,0,304.412,0,15.020,3538,2334,2.160,1.390,0.720,2,1,72.098,0,0,11,32,0,54,0
26-06 05:21:32,40.224,7.245,46.720,4.747,0,1499660,771200,175076,5471956,5456.493,1660.932,0,10381.327,0,934.399,6984,10781,2.160,1.390,0.720,3,1,58.962,0,0,11,36,0,54,0
26-06 05:21:33,34.288,7.258,41.546,13.265,0,1511172,754316,175820,5476248,5055.542,1621.778,0,52946.035,0,4392.815,16780,32741,2.160,1.390,0.720,5,1,95.104,0,0,11,36,0,49,0
26-06 05:21:34,39.349,7.471,45.575,6.226,0,1523136,741880,176180,5476304,4648.200,1560.026,0,15233.663,0,1548.072,9097,14789,2.140,1.400,0.730,3,0,24.905,0,0,11,32,0,49,0
26-06 05:21:35,45.415,6.273,47.171,0.753,0,1515712,749184,176276,5476324,4506.342,1354.914,0,15267.366,0,851.086,4219,5381,2.140,1.400,0.730,2,0,1.004,0,0,11,32,0,49,0
26-06 05:21:36,36.581,8.959,42.802,9.705,0,1519028,745152,176620,5476696,4444.453,1182.533,0,12784.894,0,2142.097,14675,24434,2.140,1.400,0.730,1,1,0.995,0,0,11,34,0,49,0
26-06 05:21:37,33.937,6.987,56.145,1.497,0,1460344,803612,176712,5476824,5076.546,1563.089,0,10911.680,0,903.318,5905,7528,2.140,1.400,0.730,2,0,99.814,0,0,11,32,0,47,0
26-06 05:21:38,22.321,3.762,72.733,0.502,0,1427484,836444,176728,5476836,5437.404,1462.682,0,1605.138,0,81.260,2098,1842,2.140,1.400,0.730,2,0,1.003,0,0,11,32,0,47,0
26-06 05:21:39,22.575,4.013,72.743,0.251,0,1466360,797560,176732,5476840,5038.803,1517.059,0,818.730,0,51.171,2003,1443,2.130,1.410,0.730,2,0,3.010,0,0,11,32,0,47,0
26-06 05:21:40,23.188,3.241,71.808,0.997,0,1427748,836112,176768,5476864,4837.072,1346.401,0,6470.705,0,348.070,2372,2600,2.130,1.410,0.730,2,0,0.997,0,0,11,32,0,47,0
26-06 05:21:41,26.473,6.493,65.934,0,0,1434564,829292,176768,5476864,4700.263,1186.804,0,0,0,0,2954,11592,2.130,1.410,0.730,1,0,37.962,0,0,11,32,0,46,0
26-06 05:21:42,23.275,2.753,74.080,0,0,1410700,853144,176768,5476876,4530.907,1027.112,0,0,0,0,1750,1097,2.130,1.410,0.730,1,0,1.001,0,0,11,32,0,46,0
26-06 05:21:43,21.493,4.499,73.478,0,0,1477000,786844,176768,5476876,4470.644,1511.542,0,0,0,0,1848,1369,2.130,1.410,0.730,1,0,0,0,0,11,32,0,46,0
26-06 05:21:44,21.496,3.749,73.737,0,0,1505500,758340,176776,5476868,4711.165,1511.732,0,0,0,0,1762,1143,2.040,1.400,0.740,1,0,2.000,0,0,11,32,0,46,0
26-06 05:21:45,23.253,2.750,73.260,0,0,1463636,800108,176776,5476952,4038.536,1458.194,0,184.024,0,3.000,1749,1151,2.040,1.400,0.740,1,0,1.000,0,0,11,32,0,46,0
26-06 05:21:46,22.750,3.000,73.001,0.250,0,1495772,767972,176776,5476952,5143.079,1620.025,0,124.002,0,13.000,2010,1625,2.040,1.400,0.740,1,0,2.000,0,0,11,32,0,41,0
26-06 05:21:47,23.753,2.500,73.509,0,0,1508380,755364,176776,5476952,5006.645,1620.209,0,416.054,0,30.004,1751,1134,2.040,1.400,0.740,1,0,0,0,0,11,32,0,41,0
26-06 05:21:48,22.060,4.763,72.446,0,0,1507424,756200,176784,5477032,5079.767,1624.402,0,8.022,0,2.005,1943,1380,2.040,1.400,0.740,1,0,7.019,0,0,11,32,0,41,0
26-06 05:21:49,21.940,3.740,73.799,0,0,1442832,820760,176784,5477064,4812.871,1615.593,0,0,0,0,1843,1314,1.960,1.400,0.740,1,0,1.995,0,0,11,32,0,41,0
26-06 05:21:50,21.739,4.248,73.464,0,0,1484320,779272,176784,5477064,4783.669,1565.237,0,0,0,0,1838,1181,1.960,1.400,0.740,1,0,1.999,0,0,11,32,0,37,0
26-06 05:21:51,23.012,2.751,73.537,0,0,1446180,817392,176788,5477080,4865.460,1566.792,0,4.002,0,1.001,1812,1219,1.960,1.400,0.740,1,0,1.001,0,0,11,32,0,37,0
26-06 05:21:52,22.500,3.250,73.499,0,0,1441328,822192,176796,5477124,4619.952,1619.983,0,391.996,0,51.999,1869,1222,1.960,1.400,0.740,1,0,1.000,0,0,11,32,0,37,0
26-06 05:21:53,22.000,4.250,74.002,0,0,1436300,827220,176796,5477124,4666.101,1566.034,0,128.003,0,4.000,1794,1257,1.960,1.400,0.740,1,0,0,0,0,11,32,0,37,0
26-06 05:21:54,22.000,3.000,73.250,0,0,1479772,783748,176796,5477124,4489.986,1349.996,0,0,0,0,1777,1129,1.880,1.390,0.740,1,0,2.000,0,0,11,32,0,34,0
26-06 05:21:55,9.527,19.805,69.444,0,0,1448156,815192,176796,5477284,5372.985,1462.078,0,340.951,0,4.011,4825,3302,1.880,1.390,0.740,1,0,277.775,0,0,11,32,0,34,0
26-06 05:21:56,8.230,21.698,68.336,0.249,0,1414772,848532,176800,5477320,5348.163,1400.638,0,917.797,0,19.952,5860,4535,1.880,1.390,0.740,1,0,394.054,0,0,11,32,0,34,0
26-06 05:21:57,8.270,21.302,68.666,0.251,0,1398308,864960,176800,5477352,5565.466,1515.667,0,793.921,0,31.075,5603,4056,1.880,1.390,0.740,1,0,352.854,0,0,11,32,0,34,0
26-06 05:21:58,8.226,19.942,69.796,0,0,1407844,855396,176800,5477376,5472.042,1453.760,0,430.744,0,84.753,5456,3919,1.880,1.390,0.740,1,0,343.997,0,0,11,32,0,31,0
26-06 05:21:59,20.753,5.251,73.259,0,0,1425708,837548,176800,5477360,5178.661,1458.186,0,0,0,0,1882,1400,1.810,1.380,0.740,1,0,1.000,0,0,11,32,0,31,0
26-06 05:22:00,22.495,3.499,73.485,0,0,1474888,788368,176800,5477360,5084.950,1565.677,0,15.997,0,1.000,1758,1153,1.810,1.380,0.740,1,0,2.000,0,0,11,32,0,31,0
26-06 05:22:01,21.735,3.498,73.450,0,0,1447668,815592,176800,5477356,5731.086,1457.005,0,0,0,0,1808,1239,1.810,1.380,0.740,1,0,0.999,0,0,11,32,0,31,0
26-06 05:22:02,21.758,4.001,73.777,0,0,1459320,803940,176800,5477356,4849.790,732.270,0,96.035,0,2.001,1808,1137,1.810,1.380,0.740,1,0,2.001,0,0,11,32,0,25,0
26-06 05:22:03,22.497,3.750,72.742,0.250,0,1452440,810800,176800,5477376,5339.399,1349.848,0,2903.673,0,154.983,1892,1308,1.810,1.380,0.740,1,0,1.000,0,0,11,32,0,25,0
26-06 05:22:04,22.234,3.747,73.699,0,0,1513076,750176,176800,5477364,5722.009,1564.908,0,0,0,0,1824,1139,1.750,1.380,0.740,1,0,1.999,0,0,11,32,0,25,0
26-06 05:22:05,22.029,3.254,73.347,0,0,1475956,787280,176800,5477376,5379.146,1514.011,0,20.027,0,2.003,1759,1092,1.750,1.380,0.740,1,0,1.001,0,0,11,32,0,25,0
26-06 05:22:06,23.000,3.750,72.501,0,0,1474452,788764,176800,5477396,5777.085,1620.024,0,224.003,0,15.000,2129,1686,1.750,1.380,0.740,1,0,2.000,0,0,11,32,0,19,0
26-06 05:22:07,22.964,2.746,73.635,0,0,1494772,768444,176800,5477396,5571.319,1617.480,0,319.502,0,23.963,1806,1183,1.750,1.380,0.740,2,0,0,0,0,11,32,0,19,0
26-06 05:22:08,22.525,3.504,73.333,0,0,1448404,814800,176800,5477408,5406.115,1621.834,0,0,0,0,1832,1303,1.750,1.380,0.740,1,0,1.001,0,0,11,32,0,19,0
26-06 05:22:09,22.998,3.750,73.243,0,0,1478824,784380,176800,5477408,5999.438,1619.848,0,187.982,0,31.997,1868,1239,1.690,1.370,0.740,1,0,3.000,0,0,11,32,0,19,0
26-06 05:22:10,21.994,3.749,73.480,0,0,1465204,798016,176800,5477392,5250.604,1511.598,0,0,0,0,1791,1218,1.690,1.370,0.740,2,0,1.000,0,0,11,32,0,14,0
26-06 05:22:11,22.523,3.504,73.575,0,0,1521904,741316,176800,5477392,4667.782,1027.052,0,0,0,0,1767,1127,1.690,1.370,0.740,2,0,2.002,0,0,11,32,0,14,0
26-06 05:22:12,23.244,2.249,72.980,0.250,0,1484336,778848,176800,5477424,4738.730,1619.566,0,83.978,0,2.999,1828,1184,1.690,1.370,0.740,1,0,1.000,0,0,11,32,0,14,0
26-06 05:22:13,22.005,3.751,73.768,0,0,1505136,758132,176800,5477340,4519.095,1458.353,0,0,0,0,1842,1227,1.690,1.370,0.740,1,0,2.000,0,0,11,32,0,14,0
26-06 05:22:14,22.509,3.251,74.031,0,0,1522020,741248,176800,5477340,4209.769,1188.499,0,0,0,0,1595,1054,1.630,1.360,0.740,1,0,0,0,0,11,32,0,11,0
26-06 05:22:15,22.748,3.000,73.493,0,0,1432076,831104,176800,5477428,4393.600,1403.872,0,91.992,0,2.000,1778,1179,1.630,1.360,0.740,1,0,1.000,0,0,11,32,0,11,0
26-06 05:22:16,22.497,4.249,72.989,0,0,1440504,822664,176804,5477436,5042.266,1565.772,0,191.972,0,21.997,2053,1812,1.630,1.360,0.740,1,0,1.000,0,0,11,32,0,11,0
26-06 05:22:17,22.247,3.500,72.740,0.250,0,1485328,777856,176808,5477416,5193.293,1511.794,0,3371.541,0,165.977,2078,1900,1.630,1.360,0.740,2,0,2.000,0,0,11,32,0,11,0
26-06 05:22:18,23.001,2.750,73.503,0,0,1460280,802884,176808,5477436,5266.230,1566.068,0,20.001,0,1.000,1734,1089,1.630,1.360,0.740,1,0,1.000,0,0,11,32,0,8,0
26-06 05:22:19,21.990,3.748,73.465,0,0,1489928,773260,176808,5477412,4889.668,1511.279,0,231.889,0,34.983,1797,1254,1.580,1.360,0.750,2,0,1.000,0,0,11,32,0,8,0
26-06 05:22:20,21.759,3.501,73.531,0,0,1476996,786180,176808,5477424,5508.332,1566.663,0,0,0,0,1802,1248,1.580,1.360,0.750,1,0,1.000,0,0,11,32,0,8,0
26-06 05:22:21,21.499,4.000,73.747,0,0.250,1510256,752916,176808,5477428,5028.777,1511.933,0,8.000,0,2.000,1789,1151,1.580,1.360,0.750,1,0,2.000,0,0,11,32,0,8,0
26-06 05:22:22,16.519,12.014,70.831,0,0,1475248,787876,176808,5477476,4805.510,1621.860,0,244.280,0,10.011,4119,3032,1.580,1.360,0.750,3,0,280.321,0,0,11,32,0,5,0
26-06 05:22:23,17.722,9.734,71.885,0,0,1508748,754364,176808,5477488,4492.784,1617.402,0,71.885,0,2.995,3267,2549,1.580,1.360,0.750,1,0,179.711,0,0,11,32,0,5,0
26-06 05:22:24,23.263,2.251,73.541,0,0,1537948,724972,176808,5477680,4742.664,1620.910,0,92.052,0,2.001,1719,1127,1.530,1.350,0.750,1,0,0,0,0,11,32,0,5,0
26-06 05:22:25,21.748,4.250,73.494,0,0,1513652,749168,176808,5477744,4425.665,1565.881,0,135.990,0,28.998,1900,1282,1.530,1.350,0.750,1,0,8.999,0,0,11,32,0,5,0
26-06 05:22:26,21.998,3.500,72.992,0,0,1521164,741656,176808,5477744,4396.536,1619.829,0,227.976,0,8.999,1852,1430,1.530,1.350,0.750,1,0,0,0,0,11,32,0,5,0
26-06 05:22:27,12.758,17.761,68.794,0,0,1472172,790484,176808,5477892,4683.029,1621.049,40.026,468.303,2.001,29.019,5197,4017,1.530,1.350,0.750,2,0,393.254,0,0,11,32,0,3,0
26-06 05:22:28,8.519,22.299,68.150,0,0,1451920,810712,176808,5477916,5115.295,1717.793,0,316.699,0,7.015,6458,5269,1.530,1.350,0.750,2,0,559.235,0,0,11,32,0,3,0
26-06 05:22:29,7.989,22.219,68.905,0,0,1438764,823816,176808,5477968,5244.746,1509.912,0,455.370,0,7.989,6679,5567,1.650,1.380,0.760,2,0,600.170,0,0,11,32,0,3,0
26-06 05:22:30,8.508,22.522,67.566,0,0,1419084,843500,176808,5477984,5691.537,1567.525,0,1145.114,0,13.013,6123,4709,1.650,1.380,0.760,1,0,485.472,0,0,11,32,0,3,0
26-06 05:22:31,8.249,22.497,68.490,0,0,1406108,856440,176808,5478012,4668.296,1511.772,0,1631.754,0,81.988,6549,5243,1.650,1.380,0.760,1,0,565.915,0,0,11,32,0,1,0
26-06 05:22:32,8.001,20.752,69.506,0,0,1410832,851680,176808,5478048,4938.459,1458.135,0,324.030,0,9.001,6171,4917,1.650,1.380,0.760,1,0,486.045,0,0,11,32,0,1,0
26-06 05:22:33,7.753,21.259,69.278,0,0,1380136,882340,176808,5478084,3881.553,1080.432,0,304.122,0,10.004,6053,4703,1.650,1.380,0.760,1,0,460.184,0,0,11,32,0,1,0
26-06 05:22:34,7.739,23.467,68.404,0,0.250,1392844,869604,176808,5478112,4899.151,1563.814,0,51.927,0,12.982,6172,4840,1.600,1.370,0.760,3,0,514.281,0,0,11,32,0,1,0
26-06 05:22:35,14.011,23.268,61.546,0,0,1333784,928612,176828,5478144,4775.599,1513.140,0,468.353,0,21.016,6504,5523,1.600,1.370,0.760,2,0,556.419,0,0,11,32,0,3,0
26-06 05:22:36,50.533,22.515,25.517,0.250,0,1460048,802244,176876,5478164,3535.333,594.392,0,1412.932,0,185.122,5903,5044,1.600,1.370,0.760,3,0,463.306,0,0,11,32,0,7,0
26-06 05:22:37,61.089,12.716,23.937,2.244,0,1609016,649504,177176,5481336,4671.656,1400.300,371.020,6048.019,2.992,472.751,5552,5851,1.600,1.370,0.760,2,1,30.918,0,0,11,34,0,7,0
26-06 05:22:38,46.610,10.775,29.319,11.778,0,1608760,637996,178028,5491220,4797.299,1569.697,4.009,42311.656,1.002,3309.796,16096,29120,1.600,1.370,0.760,5,0,160.378,0,0,11,36,0,8,0
26-06 05:22:39,41.923,9.732,30.444,13.974,0,1634504,601708,178404,5500968,4689.434,1455.341,0,74539.834,0,5372.186,19876,37752,1.710,1.400,0.770,2,1,78.856,0,0,11,36,0,8,0
26-06 05:22:40,39.326,10.520,35.819,12.775,0,1649048,578564,178728,5509004,12866.884,9769.895,0,71782.826,0,5168.997,19774,38483,1.710,1.400,0.770,1,1,42.081,0,0,11,37,0,8,0
26-06 05:22:41,39.007,22.254,27.505,8.752,0,1617172,604268,179040,5514556,7007.297,2755.510,296.055,46744.650,4.001,3382.626,16656,34544,1.710,1.400,0.770,3,1,360.067,0,0,11,34,0,10,0
26-06 05:22:42,46.651,20.955,21.205,9.480,0,1609348,604964,179476,5520964,5577.134,2302.102,674.565,55937.988,12.972,3856.794,17165,34020,1.710,1.400,0.770,3,1,200.573,0,0,11,35,0,10,0
26-06 05:22:43,33.532,14.264,39.788,10.760,0,1607236,603128,179544,5524688,15653.010,11786.302,924.887,49119.102,14.013,3898.739,17718,33905,1.710,1.400,0.770,1,2,180.173,0,0,11,35,0,9,0
26-06 05:22:44,31.017,6.754,46.776,12.007,0,1597128,608544,179716,5529072,13908.584,10270.600,0,48710.560,0,4070.219,18351,35123,1.970,1.460,0.800,2,1,60.033,0,0,11,34,0,9,0
26-06 05:22:45,36.216,9.491,39.214,12.488,0,1561080,644700,180016,5528656,4527.810,1552.563,0,52111.775,0,4322.000,16676,32155,1.970,1.460,0.800,2,0,50.953,0,0,11,34,0,9,0
26-06 05:22:46,31.460,7.990,45.442,12.734,0,1583784,621000,180280,5529364,10709.394,7489.485,0,47379.806,0,4214.645,17708,33193,1.970,1.460,0.800,5,0,41.947,0,0,11,35,0,9,0
26-06 05:22:47,34.457,6.991,46.941,8.489,0,1579384,623372,180368,5531256,15748.220,12100.801,0,41975.279,0,3632.438,16263,30811,1.970,1.460,0.800,4,1,32.959,0,0,11,35,0,9,0
26-06 05:22:48,36.646,11.295,39.407,10.542,0,1567856,632408,180432,5533592,7538.015,4485.862,0,37340.683,0,3660.576,16085,30288,1.970,1.460,0.800,5,0,128.512,0,0,11,36,0,10,0
26-06 05:22:49,33.440,8.485,43.173,12.228,0,1625760,571136,180480,5536820,5816.624,3417.903,0,59477.896,0,4930.205,17069,33946,2.060,1.490,0.810,2,0,60.891,0,0,11,37,0,10,0
26-06 05:22:50,28.260,7.753,47.266,13.255,0,1618932,574460,180600,5540116,14038.788,10393.545,0,69115.573,0,5310.811,20191,40586,2.060,1.490,0.810,2,1,78.027,0,0,11,37,0,10,0
26-06 05:22:51,30.425,7.731,47.134,12.719,0,1609968,579560,180660,5543828,13967.770,10102.243,0,48305.620,0,4270.534,18672,36533,2.060,1.490,0.810,2,1,80.802,0,0,11,36,0,10,0
26-06 05:22:52,36.036,10.761,39.539,11.511,0,1555276,634760,180696,5543244,4702.635,1459.438,0,51006.274,0,4419.356,18059,32929,2.060,1.490,0.810,4,0,54.053,0,0,11,36,0,10,0
26-06 05:22:53,31.514,8.004,47.271,11.005,0,1581176,610696,180708,5541420,10196.471,7118.121,0,50021.935,0,4304.888,17512,33733,2.060,1.490,0.810,2,1,18.008,0,0,11,37,0,10,0
26-06 05:22:54,35.813,6.261,49.837,6.261,0,1444100,747324,180728,5541848,17234.250,13275.301,0,28077.282,0,2254.958,11923,21497,2.130,1.510,0.820,3,0,36.063,0,0,11,33,0,11,0
26-06 05:22:55,22.203,15.218,59.872,0.998,0,1376328,815020,180744,5541908,7244.558,4338.752,0,7759.460,0,422.100,5635,6164,2.130,1.510,0.820,1,0,254.458,0,0,11,32,0,12,0
26-06 05:22:56,18.996,2.500,76.985,0.250,0,1436044,755296,180748,5541912,6853.691,3808.273,0,1043.801,0,53.990,1833,1499,2.130,1.510,0.820,1,0,0,0,0,11,33,0,12,0
26-06 05:22:57,21.261,2.751,74.788,0.250,0,1421516,769804,180752,5541928,11869.106,8051.142,0,5578.870,0,339.174,3579,4257,2.130,1.510,0.820,2,0,6.003,0,0,11,32,0,13,0
26-06 05:22:58,20.231,5.994,73.181,0,0,1485724,705424,180752,5542100,5081.193,1564.520,0,0,0,0,1897,1319,2.130,1.510,0.820,1,0,27.974,0,0,11,32,0,13,0
26-06 05:22:59,16.031,2.755,80.153,0,0,1505292,685768,180752,5542188,10599.274,8279.837,0,132.253,0,13.025,2286,2367,1.960,1.490,0.820,0,0,1.002,0,0,11,33,0,13,0
26-06 05:23:00,19.229,6.992,73.169,0.499,0,1503672,687384,180752,5542192,5557.864,1708.114,0,195.784,0,13.985,2549,1817,1.960,1.490,0.820,1,0,59.934,0,0,11,32,0,14,0
26-06 05:23:01,18.235,3.997,77.185,0,0,1535556,655412,180752,5542280,10422.230,6749.321,0,27.976,0,4.996,1988,1644,1.960,1.490,0.820,1,0,0,0,0,11,33,0,14,0
26-06 05:23:02,20.260,3.252,74.536,0.250,0,1430440,760496,180752,5542312,11091.293,7177.425,0,88.042,0,9.004,3650,4053,1.960,1.490,0.820,1,0,13.006,0,0,11,32,0,15,0
26-06 05:23:03,19.750,5.750,73.250,0,0,1486328,704608,180752,5542312,4620.000,1620.000,0,228.000,0,17.000,2055,1456,1.960,1.490,0.820,1,0,30.000,0,0,11,32,0,15,0
26-06 05:23:04,17.003,2.500,79.012,0,0,1494520,696276,180752,5542452,12511.873,8578.284,0,112.017,0,8.001,2408,2455,1.800,1.460,0.810,2,0,0,0,0,11,33,0,15,0
26-06 05:23:05,15.537,7.518,75.930,0.251,0,1455068,735676,180752,5542504,9469.470,5391.794,0,280.666,0,25.059,3878,3810,1.800,1.460,0.810,1,0,94.224,0,0,11,32,0,16,0
26-06 05:23:06,8.240,22.971,67.166,0,0,1444952,745640,180752,5542656,5230.435,1617.969,0,139.824,0,5.992,5495,3800,1.800,1.460,0.810,1,0,363.544,0,0,11,32,0,16,0
26-06 05:23:07,40.326,19.787,38.322,0.250,0,1483608,706764,180772,5542856,4873.146,1136.132,0,997.873,0,69.130,5637,4547,1.800,1.460,0.810,3,0,339.637,0,0,11,32,0,22,0
26-06 05:23:08,63.916,11.938,23.875,0,0,1615484,573484,180824,5544164,4599.997,1396.712,0,0,0,0,3806,1531,1.800,1.460,0.810,4,0,2.984,0,0,11,32,0,22,0
26-06 05:23:09,66.092,10.264,23.032,0,0,1786344,398596,180956,5547612,5213.228,1568.174,0,4942.853,0,111.154,4144,1920,1.900,1.490,0.820,3,0,7.010,0,0,11,32,0,22,0
26-06 05:23:10,42.361,8.522,36.847,8.773,0,1797172,376992,181132,5557680,5686.926,1515.979,0,51747.821,0,3580.397,15864,28101,1.900,1.490,0.820,3,0,150.395,0,0,11,38,0,22,0
26-06 05:23:11,29.777,9.759,42.789,13.762,0,1796184,366672,181216,5568508,4769.329,1189.079,0,102493.025,0,7447.760,28156,55604,1.900,1.490,0.820,3,1,243.221,0,0,11,38,0,22,0
26-06 05:23:12,30.963,8.739,44.197,13.484,0,1795340,358860,181272,5576788,4198.949,1402.313,0,80479.187,0,6144.608,23454,46355,1.900,1.490,0.820,4,1,161.805,0,0,11,38,0,22,0
26-06 05:23:13,37.755,13.252,31.504,13.752,0,1717168,427160,181380,5586236,4126.501,1566.190,0,87810.652,0,6067.736,22065,42951,1.900,1.490,0.820,4,1,210.025,0,0,11,36,0,22,0
26-06 05:23:14,44.549,10.011,31.285,12.764,0,1779180,356348,181420,5594616,4476.974,1513.682,0,70214.002,0,4855.394,17910,34566,2.230,1.560,0.850,3,2,55.061,0,0,11,36,0,22,0
26-06 05:23:15,38.257,11.002,34.257,14.753,0,1823624,301492,181444,5604612,4352.829,1512.288,0,96570.384,0,6604.257,21843,45068,2.230,1.560,0.850,4,0,41.008,0,0,11,38,0,22,0
26-06 05:23:16,31.251,10.750,41.751,13.500,0,1759332,362160,181452,5608132,4817.113,1620.038,0,76765.807,0,5767.136,21169,41269,2.230,1.560,0.850,3,1,171.004,0,0,11,36,0,22,0
26-06 05:23:17,30.239,14.994,51.731,1.749,0,1524592,596576,181456,5608436,4964.165,1565.421,0,11835.626,0,802.703,6600,7724,2.230,1.560,0.850,1,0,252.907,0,0,11,32,0,22,0
26-06 05:23:18,21.446,4.738,73.066,0.249,0,1531188,589980,181456,5608436,5386.411,1615.923,0,1500.215,0,84.786,2099,1677,2.230,1.560,0.850,2,0,5.985,0,0,11,32,0,22,0
26-06 05:23:19,22.761,3.001,72.035,0.750,0,1580484,540684,181456,5608436,5088.440,1566.751,0,5482.629,0,327.157,2417,2579,2.130,1.550,0.850,1,0,3.001,0,0,11,32,0,22,0
26-06 05:23:20,24.741,1.250,72.973,0,0,1576532,544628,181456,5608444,5637.952,1619.412,0,159.942,0,11.996,2256,1871,2.130,1.550,0.850,3,0,0,0,0,11,34,0,22,0
26-06 05:23:21,19.749,5.500,73.745,0,0.250,1494060,627100,181456,5608444,5296.677,1619.901,0,4.000,0,1.000,2145,1433,2.130,1.550,0.850,1,0,27.998,0,0,11,32,0,22,0
26-06 05:23:22,22.748,3.500,73.744,0,0,1508172,612988,181456,5608444,5565.520,1565.865,0,39.997,0,4.000,1731,1171,2.130,1.550,0.850,1,0,0,0,0,11,32,0,22,0
26-06 05:23:23,23.999,1.750,72.998,0.250,0,1523892,597264,181456,5608448,4711.847,1511.951,0,547.982,0,42.999,1982,1561,2.130,1.550,0.850,1,0,2.000,0,0,11,34,0,22,0
26-06 05:23:24,12.534,34.093,51.641,0,0,1461432,659684,181456,5608488,4724.914,1516.144,0,381.041,0,86.236,6518,5418,2.120,1.560,0.860,2,0,728.992,0,0,11,32,0,22,0
26-06 05:23:25,9.986,31.455,56.669,0,0,1455192,665884,181456,5608528,4345.796,1509.845,0,683.025,0,23.966,6512,5182,2.120,1.560,0.860,1,0,647.076,0,0,11,32,0,22,0
26-06 05:23:26,8.512,22.032,67.849,0,0,1443480,677544,181456,5608580,4685.844,1514.212,0,92.135,0,10.015,5097,3228,2.120,1.560,0.860,1,0,302.442,0,0,11,32,0,22,0
26-06 05:23:27,7.498,20.744,69.481,0,0,1434904,686092,181456,5608608,4396.821,1457.609,0,11.997,0,2.999,4938,3396,2.120,1.560,0.860,1,0,274.926,0,0,11,32,0,22,0
26-06 05:23:28,8.249,21.249,67.996,0,0,1398616,722340,181456,5608636,5329.648,1659.890,0,19.999,0,5.000,5108,3392,2.120,1.560,0.860,3,0,267.982,0,0,11,32,0,22,0
26-06 05:23:29,8.739,21.224,68.418,0.250,0,1385640,735292,181456,5608656,5013.967,1078.702,0,827.005,0,140.831,5172,3578,2.030,1.550,0.860,1,0,271.673,0,0,11,32,0,22,0
26-06 05:23:30,26.758,17.255,55.267,0,0,1395612,725304,181464,5609000,5599.703,1458.443,0,0,0,0,5903,7018,2.030,1.550,0.860,3,0,206.063,0,0,11,32,0,22,0
26-06 05:23:31,42.839,8.966,46.326,0,0,1515104,605668,181468,5609240,5396.758,1613.946,0,251.058,0,4.981,3116,1848,2.030,1.550,0.860,3,0,39.851,0,0,11,33,0,22,0
26-06 05:23:32,51.613,3.508,44.097,0,0,1594932,525792,181484,5609264,4453.790,1407.093,0,465.022,0,29.064,3720,2713,2.030,1.550,0.860,2,0,17.037,0,0,11,49,0,22,0
26-06 05:23:33,43.251,9.250,46.501,0.250,0,1642720,473464,181540,5613316,4084.095,1134.026,0,1652.038,0,128.003,6279,9488,2.030,1.550,0.860,1,0,48.001,0,0,11,48,0,22,0
26-06 05:23:34,7.520,21.055,69.682,0,0,1647688,468460,181540,5613344,4993.007,1624.231,0,0,0,0,4785,3148,1.870,1.520,0.850,2,0,239.624,0,0,11,48,0,22,0
26-06 05:23:35,18.238,16.989,62.709,0,0,1648832,467196,181540,5613352,4676.953,1618.945,0,223.854,0,9.993,5614,6317,1.870,1.520,0.850,1,0,194.873,0,0,11,48,0,22,0
26-06 05:23:36,0.499,0.749,97.321,0,0,1648880,467196,181540,5613356,4868.047,1617.026,0,39.927,0,3.993,785,1088,1.870,1.520,0.850,0,0,10.980,0,0,11,48,0,16,0
26-06 05:23:37,0.500,0.750,98.227,0,0,1648880,467196,181540,5613356,5024.849,1565.641,0,0,0,0,742,999,1.870,1.520,0.850,0,0,2.999,0,0,11,48,0,16,0
26-06 05:23:38,0.250,0.250,98.008,0,0,1648880,467196,181540,5613356,4922.414,1620.136,0,0,0,0,751,995,1.870,1.520,0.850,0,0,3.000,0,0,11,48,0,16,0
26-06 05:23:39,0.500,0.750,97.984,0.250,0,1648880,467196,181540,5613356,4771.222,1511.754,0,4123.328,0,315.949,866,1071,1.720,1.500,0.850,0,0,2.000,0,0,11,48,0,16,0
26-06 05:23:40,11.486,12.235,74.908,0,0.250,1605048,511056,181540,5613792,4674.270,1618.017,0,0,0,0,4784,5225,1.720,1.500,0.850,1,0,198.756,0,0,11,48,0,15,0
26-06 05:23:41,18.532,19.784,60.104,0,0,1649700,466408,181540,5613376,5366.273,1622.804,0,3261.636,0,88.152,5509,13148,1.720,1.500,0.850,1,0,282.488,0,0,11,48,0,16,0
26-06 05:23:42,23.290,23.290,51.840,0,0,1679368,436644,181540,5613848,5363.264,1698.934,0,324.561,0,29.050,6533,6744,1.720,1.500,0.850,1,0,362.626,0,0,12,64,0,16,0
26-06 05:23:43,16.710,12.720,67.838,0.998,0,1673528,442496,181540,5613372,4429.415,1616.138,0,7294.569,0,371.113,5554,6535,1.720,1.500,0.850,0,0,155.628,0,0,12,64,0,16,0
26-06 05:23:44,5.251,10.001,83.012,0.250,0,1678120,437868,181540,5613436,4568.662,1188.172,0,2460.356,0,125.018,2940,3024,1.580,1.470,0.850,3,0,177.026,0,0,12,64,0,14,0
26-06 05:23:45,18.501,15.251,63.754,0.250,0,1686320,429612,181540,5613572,4250.236,1350.075,0,476.026,0,31.002,5670,7005,1.580,1.470,0.850,0,0,179.010,0,0,14,64,0,14,0
26-06 05:23:46,9.007,18.765,70.806,0,0,1680216,435652,181540,5613492,4718.708,1459.147,0,660.519,0,7.006,5142,3977,1.580,1.470,0.850,1,0,282.222,0,0,14,66,0,14,0
26-06 05:23:47,7.748,21.994,68.731,0,0,1667896,447836,181540,5613652,4738.670,1745.510,0,847.762,0,9.997,5495,3890,1.580,1.470,0.850,1,0,323.909,0,0,14,66,0,14,0
26-06 05:23:48,16.238,18.487,63.204,0,0,1671796,443904,181540,5614104,4574.680,1456.943,0,15.988,0,3.997,6499,7745,1.580,1.470,0.850,1,0,258.812,0,0,14,66,0,13,0
26-06 05:23:49,27.246,22.747,49.743,0,0,1719552,396088,181552,5613712,4619.310,1619.758,0,135.980,0,6.999,5796,4453,1.610,1.480,0.850,4,0,356.947,0,0,14,66,0,13,0
26-06 05:23:50,28.832,25.322,44.878,0,0,1791880,323736,181576,5613708,4725.459,1516.319,0,264.754,0,3.009,5985,4241,1.610,1.480,0.850,2,0,423.205,0,0,14,66,0,13,0
26-06 05:23:51,28.953,25.459,43.679,0,0,1856012,258000,181620,5615172,5214.516,1563.456,0,539.123,0,11.981,6604,8005,1.610,1.480,0.850,3,0,431.298,0,0,14,70,0,15,0
26-06 05:23:52,32.722,24.229,42.214,0,0,1952892,161016,181620,5615672,4915.754,1708.524,0,31.972,0,7.993,6507,6042,1.610,1.480,0.850,2,0,374.676,0,0,14,70,0,15,0
26-06 05:23:53,47.148,21.066,31.348,0,0,1998840,191276,172692,5549944,4453.951,1625.090,12.038,621.948,3.009,28.088,5801,6454,1.610,1.480,0.850,4,0,279.877,0,0,14,70,0,15,0
26-06 05:23:54,52.212,26.730,19.985,0,0,2097228,151652,167552,5497908,5082.282,1564.855,211.845,899.342,6.995,15.988,6340,6168,1.720,1.510,0.860,5,0,434.682,0,0,14,70,0,15,0
26-06 05:23:55,65.741,21.914,12.451,0.249,0,2174532,136680,166760,5437160,4781.191,1613.652,191.248,0,17.929,0,5924,6705,1.720,1.510,0.860,6,0,335.679,0,0,14,70,0,15,0
26-06 05:23:56,72.791,24.014,1.751,0.750,0,2284184,202944,167324,5264468,4999.831,1620.918,1036.587,1668.945,85.048,81.046,5996,7013,1.720,1.510,0.860,5,0,379.215,0,0,14,74,0,15,0
26-06 05:23:57,67.420,27.218,3.496,1.748,0,2440156,164100,167196,5149992,5006.050,1510.205,31.962,23516.049,4.994,1339.408,10876,18321,1.720,1.510,0.860,7,0,296.647,0,0,14,74,0,13,0
26-06 05:23:58,63.753,26.606,6.526,2.259,0,2546784,202760,167268,5008608,5180.567,1626.457,610.423,19915.065,14.056,1751.955,13417,23958,1.720,1.510,0.860,4,0,399.586,0,0,14,76,0,13,0
26-06 05:23:59,72.998,23.750,3.000,0.250,0,2629684,191188,167312,4938376,4457.908,1457.970,743.985,1507.969,26.999,66.999,10551,16118,3.190,1.820,0.970,4,0,263.995,0,0,14,85,0,22,0
26-06 05:24:00,64.471,24.739,9.496,0,0,2718376,171348,167320,4870760,5397.562,1619.268,11.995,9635.647,2.999,561.746,7220,9303,3.190,1.820,0.970,4,0,565.744,0,0,14,91,0,26,0
26-06 05:24:01,41.225,22.736,35.229,0.250,0,2788040,170080,167324,4804248,5191.840,1499.088,3.998,1171.287,0.999,52.968,7964,13825,3.190,1.820,0.970,2,0,373.772,0,0,14,89,0,26,0
26-06 05:24:02,62.903,12.029,23.808,0,0,2902212,193160,167328,4670100,5232.728,1756.272,3191.763,685.668,35.085,29.071,4806,5040,3.190,1.820,0.970,4,0,128.312,0,0,14,92,0,26,0
26-06 05:24:03,41.117,11.961,44.855,0.997,0,2990012,172920,167352,4604336,4922.087,1453.302,7.974,4676.880,1.994,265.143,5518,8064,3.190,1.820,0.970,3,0,97.684,0,0,14,97,0,30,0
26-06 05:24:04,7.750,19.999,70.248,0,0,3001212,161668,167352,4604372,4977.832,1457.951,0,15.999,0,4.000,5169,3777,3.010,1.800,0.970,1,0,285.990,0,0,14,97,0,30,0
26-06 05:24:05,8.018,20.546,70.657,0.251,0,3005636,157212,167352,4604404,4828.716,1461.243,4.009,144.320,1.002,13.029,5266,3884,3.010,1.800,0.970,2,0,301.669,0,0,14,97,0,29,0
26-06 05:24:06,7.989,20.223,69.656,0,0,3015540,147224,167352,4604488,5142.094,1509.972,15.979,43.941,3.995,5.992,5313,3790,3.010,1.800,0.970,1,0,304.591,0,0,14,97,0,29,0
26-06 05:24:07,20.730,5.245,73.178,0,0,3080704,148180,167356,4539464,5196.918,1456.576,3.996,0,0.999,0,1924,1335,3.010,1.800,0.970,1,0,9.990,0,0,14,97,0,29,0
26-06 05:24:08,19.000,3.000,76.500,0,0,3096248,200644,167356,4473468,12490.017,7941.011,40.000,368.001,4.000,24.000,2792,2871,3.010,1.800,0.970,1,0,0,0,0,14,100,0,29,0
26-06 05:24:09,20.747,7.249,71.739,0,0,3044892,251976,167356,4473492,22839.503,18646.145,3.999,39.994,1.000,3.999,2796,1892,2.850,1.790,0.970,2,0,64.990,0,0,14,101,0,23,0
26-06 05:24:10,22.002,3.500,73.505,0.250,0,3100544,196316,167360,4473496,7549.552,3863.282,4.000,136.010,1.000,16.001,2021,1412,2.850,1.790,0.970,0,0,2.000,0,0,14,106,0,23,0
26-06 05:24:11,19.500,3.750,74.750,0.500,0,3101296,195336,167372,4473716,10118.995,5916.997,36.000,2955.999,3.000,335.000,3025,3113,2.850,1.790,0.970,1,0,1.000,0,0,14,110,0,23,0
26-06 05:24:12,27.026,4.755,65.062,1.251,0,3110808,185256,167380,4474260,5224.991,1663.589,176.168,2037.947,11.011,253.242,5227,7517,2.850,1.790,0.970,2,0,3.003,0,0,14,113,0,23,0
26-06 05:24:13,36.975,10.992,51.465,0.749,0,3139808,222992,167380,4409520,5723.067,2851.041,171.882,1271.126,10.992,126.913,5508,6176,2.850,1.790,0.970,1,0,115.920,0,0,14,118,0,25,0
26-06 05:24:14,20.994,2.999,74.977,0.250,0,3210112,152684,167380,4409524,6401.019,3584.891,0,479.852,0,36.989,2005,1659,2.700,1.770,0.970,1,0,1.000,0,0,14,119,0,25,0
26-06 05:24:15,17.738,2.498,77.449,0.500,0,3213516,149156,167380,4409648,11867.231,8093.702,47.969,1327.131,2.998,108.929,2775,3264,2.700,1.770,0.970,1,0,0.999,0,0,14,119,0,25,0
26-06 05:24:16,31.853,7.273,58.689,0.502,0.251,3215364,212476,167384,4346024,5683.342,2552.237,0,4201.560,0,305.987,5350,7024,2.700,1.770,0.970,3,0,35.113,0,0,14,120,0,26,0
26-06 05:24:17,41.144,10.473,47.876,0,0,3282412,145608,167384,4345956,4137.323,1184.942,0,331.145,0,18.951,3347,2085,2.700,1.770,0.970,2,0,64.833,0,0,14,120,0,26,0
26-06 05:24:18,31.500,4.000,63.000,0.500,0,3328140,164036,167384,4283372,28923.160,25090.139,0,4104.023,0,45.000,2553,1727,2.700,1.770,0.970,2,0,0,0,0,14,120,0,27,0
26-06 05:24:19,19.248,7.749,71.741,0,0,3300888,191256,167384,4283404,5039.382,1619.801,7.999,143.982,2.000,13.998,2597,1984,2.570,1.760,0.970,2,0,55.993,0,0,14,120,0,27,0
26-06 05:24:20,18.492,1.749,78.717,0,0,3331344,160792,167384,4283412,29038.870,24881.606,0,23.990,0,3.998,1824,1416,2.570,1.760,0.970,2,0,0,0,0,14,121,0,27,0
26-06 05:24:21,19.809,6.770,72.216,0,0.251,3334824,157296,167388,4283424,5411.196,1757.260,4.012,6716.101,1.003,561.681,2770,1745,2.570,1.760,0.970,1,0,51.153,0,0,14,120,0,28,0
26-06 05:24:22,18.197,3.739,76.778,0,0,3366520,186128,167388,4224036,11774.935,7089.490,0,0,0,0,1851,1315,2.570,1.760,0.970,1,0,0,0,0,14,121,0,28,0
26-06 05:24:23,28.812,7.266,62.384,0.501,0,3301508,250828,167388,4224348,9881.251,3637.824,12.026,1182.543,3.006,128.276,5797,7221,2.570,1.760,0.970,3,0,41.088,0,0,14,126,0,30,0
26-06 05:24:24,20.440,6.232,72.538,0.249,0,3368536,183792,167388,4224356,4454.961,1453.745,0,287.160,0,16.950,2430,1799,2.440,1.750,0.970,1,0,50.851,0,0,14,126,0,30,0
26-06 05:24:25,18.257,2.751,77.532,0.250,0,3381172,171148,167388,4224364,29066.856,25328.331,0,980.400,0,55.022,2023,1658,2.440,1.750,0.970,1,0,0,0,0,14,126,0,31,0
26-06 05:24:26,19.016,7.506,72.312,0,0,3380768,171536,167388,4224380,4358.743,1459.253,0,0,0,0,2456,1661,2.440,1.750,0.970,1,0,55.047,0,0,14,126,0,31,0
26-06 05:24:27,15.741,2.499,79.952,0.250,0,3411756,140540,167388,4224388,10579.708,8267.083,3.998,355.788,0.999,14.991,1735,1407,2.440,1.750,0.970,0,0,0,0,0,14,127,0,31,0
26-06 05:24:28,25.997,4.749,65.492,2.000,0,3403128,148776,167396,4224772,5686.278,1685.786,95.988,3219.591,6.999,358.954,6030,8946,2.440,1.750,0.970,1,0,1.000,0,0,14,128,0,31,0
26-06 05:24:29,21.763,8.005,69.293,0.500,0,3317888,233896,167396,4224892,6930.296,2793.732,68.042,3049.891,5.003,101.063,4467,5262,2.330,1.740,0.970,2,0,54.033,0,0,14,127,0,33,0
26-06 05:24:30,20.565,2.257,76.240,0.251,0,3361692,190088,167396,4224896,9119.668,7287.910,0,549.728,0,41.129,1982,1768,2.330,1.740,0.970,1,0,0,0,0,14,128,0,33,0
26-06 05:24:31,19.663,2.987,75.664,0.249,0,3361880,189848,167396,4224932,13281.970,5980.421,0,907.965,0,75.664,3340,3810,2.330,1.740,0.970,2,0,0,0,0,14,128,0,33,0
26-06 05:24:32,28.841,5.517,64.203,1.003,0,3363076,188588,167396,4224996,4995.831,1625.150,0,1400.438,0,133.423,5454,7346,2.330,1.740,0.970,5,0,0,0,0,14,128,0,33,0
26-06 05:24:33,28.793,7.198,61.558,0,0,3378180,173276,167396,4225204,6126.042,2468.289,0,925.360,0,78.437,5053,6343,2.330,1.740,0.970,1,0,77.444,0,0,14,129,0,34,0
26-06 05:24:34,18.330,3.264,77.335,0,0,3406476,144976,167400,4225204,10519.635,7202.244,0,510.213,0,32.139,1784,1410,2.220,1.720,0.970,1,0,0,0,0,14,130,0,34,0
26-06 05:24:35,16.818,8.032,72.794,1.506,0,3362248,189152,167400,4225256,8159.963,5551.426,48.195,5799.428,3.012,371.501,4752,5885,2.220,1.720,0.970,3,0,102.414,0,0,14,129,0,35,0
26-06 05:24:36,20.417,6.225,72.457,0.249,0,3396676,154668,167404,4225308,4456.966,1452.124,0,685.227,0,34.859,2291,1735,2.220,1.720,0.970,3,0,44.819,0,0,14,129,0,35,0
26-06 05:24:37,16.262,2.252,79.310,0.250,0,3409080,142252,167408,4225316,14890.244,12266.263,4.003,1377.040,1.001,68.051,2178,2025,2.220,1.720,0.970,1,0,0,0,0,14,130,0,35,0
26-06 05:24:38,25.788,5.508,67.349,0.501,0,3402508,148764,167412,4225372,6197.066,2510.673,0,1390.034,0,146.214,5579,8123,2.220,1.720,0.970,1,0,0,0,0,14,130,0,35,0
26-06 05:24:39,38.013,8.253,52.018,0.500,0,3407444,143104,167432,4226060,6350.143,3253.098,400.135,1056.357,65.022,104.035,10506,16908,2.120,1.710,0.970,2,0,5.002,0,0,14,131,0,36,0
26-06 05:24:40,33.308,15.778,49.336,0.250,0,3345748,204572,167432,4226224,5309.305,1941.402,64.112,1053.847,5.009,91.160,7263,9311,2.120,1.710,0.970,1,0,286.502,0,0,14,131,0,36,0
26-06 05:24:41,22.853,4.223,71.788,0,0,3373460,176856,167436,4226224,5410.183,1858.042,15.898,381.545,0.994,24.840,2070,1515,2.120,1.710,0.970,2,0,9.936,0,0,14,131,0,36,0
26-06 05:24:42,25.088,5.268,68.239,1.004,0,3368736,230880,167440,4177712,12687.451,8828.933,8.028,5852.505,1.004,505.772,3452,9949,2.120,1.710,0.970,2,0,30.105,0,0,14,131,0,37,0
26-06 05:24:43,8.004,20.261,70.037,0,0,3365160,234428,167444,4177736,5130.719,1620.859,0,44.023,0,5.003,4945,3291,2.120,1.710,0.970,1,0,256.136,0,0,14,131,0,37,0
26-06 05:24:44,9.760,21.020,67.065,0.250,0,3314620,284796,167448,4177904,5767.621,1513.475,20.020,1205.174,5.005,48.047,5389,3893,2.030,1.700,0.970,2,0,262.256,0,0,14,131,0,37,0
26-06 05:24:45,15.022,19.028,63.595,0,0,3312540,286856,167448,4178268,4682.972,1638.439,0,620.924,0,26.039,6751,8444,2.030,1.700,0.970,1,0,244.364,0,0,14,131,0,37,0
26-06 05:24:46,25.914,18.937,53.573,0,0,3378380,220988,167448,4177956,5668.291,1614.671,0,115.618,0,5.980,5010,3654,2.030,1.700,0.970,3,0,254.161,0,0,14,131,0,37,0
26-06 05:24:47,30.848,24.578,43.638,0.251,0,3401808,197240,167460,4178264,5354.972,1625.151,16.051,256.814,1.003,16.051,5769,4310,2.030,1.700,0.970,6,0,364.154,0,0,14,134,0,37,0
26-06 05:24:48,24.668,17.442,56.812,0,0,3420192,178796,167460,4178328,4843.973,1614.658,31.894,422.602,1.993,25.914,6785,9783,2.030,1.700,0.970,2,0,274.093,0,0,14,137,0,37,0
26-06 05:24:49,52.634,27.570,18.798,0.251,0,3552284,184716,167472,4042868,4691.970,1624.144,112.286,477.217,9.023,32.082,8920,11758,2.190,1.740,0.990,3,0,442.128,0,0,16,143,0,37,0
26-06 05:24:50,52.113,28.924,18.451,0,0,3657616,174872,167472,3948616,4428.334,1705.507,15.958,215.432,0.997,16.955,6629,6519,2.190,1.740,0.990,4,0,459.789,0,0,16,145,0,37,0
26-06 05:24:51,47.145,19.811,31.848,0,0,3732432,145648,167472,3903624,5072.615,1625.002,16.049,674.075,3.009,29.090,7358,11863,2.190,1.740,0.990,2,0,241.744,0,0,16,161,0,37,0
26-06 05:24:52,32.154,26.421,40.130,0,0,3782404,202420,167476,3798492,4444.704,1523.443,75.773,334.998,1.994,15.952,14699,5251,2.190,1.740,0.990,3,0,501.500,0,0,16,161,0,37,0
26-06 05:24:53,21.743,22.493,53.734,0.250,0,3807040,177628,167480,3798644,4858.543,1619.514,0,367.890,0,20.994,5713,4209,2.190,1.740,0.990,3,0,334.900,0,0,17,161,0,37,0
26-06 05:24:54,18.992,17.243,62.723,0.250,0.250,3826356,158280,167480,3799144,4336.161,1457.382,11.995,2366.996,2.999,53.977,6652,8993,2.090,1.720,0.990,1,0,213.909,0,0,17,161,0,35,0
26-06 05:24:55,26.024,24.523,48.295,0.250,0,3880036,159792,167480,3744952,4902.522,1621.496,4.004,8736.058,1.001,709.655,6172,4644,2.090,1.720,0.990,2,0,363.335,0,0,17,161,0,35,0
26-06 05:24:56,36.183,22.708,39.677,0,0,3929384,139116,167488,3717384,5005.791,1455.323,3.993,95.824,0.998,10.980,6795,6525,2.090,1.720,0.990,2,0,359.339,0,0,17,167,0,35,0
26-06 05:24:57,25.349,20.832,52.456,0,0,3971352,140000,167488,3675004,4879.140,1626.380,32.126,84.331,2.008,5.020,6286,6373,2.090,1.720,0.990,3,0,325.276,0,0,17,167,0,35,0
26-06 05:24:58,40.480,28.236,30.485,0,0,4072220,180988,167496,3536392,4977.587,1619.215,27.986,907.560,3.998,39.981,7312,11365,2.090,1.720,0.990,3,0,462.776,0,0,17,179,0,35,0
26-06 05:24:59,23.991,25.241,46.983,0.250,0,4145756,152140,167496,3492820,4576.376,1457.483,139.950,695.753,11.996,57.979,8182,13237,2.010,1.710,0.990,1,0,442.843,0,0,17,185,0,35,0
26-06 05:25:00,8.982,22.455,66.865,0.249,0,4138364,159364,167496,3492984,4910.067,1706.548,3.992,590.805,0.998,34.929,5545,4137,2.010,1.710,0.990,2,0,294.404,0,0,17,185,0,35,0
26-06 05:25:01,27.541,22.784,48.573,0.751,0,4155492,142220,167504,3493448,5623.406,1460.183,100.150,644.964,10.015,43.064,7114,8616,2.010,1.710,0.990,2,0,417.624,0,0,17,201,0,35,0
26-06 05:25:02,36.013,20.007,42.266,0,0,4249036,149444,167508,3394096,5462.036,1662.620,980.365,480.179,17.006,25.009,4896,4032,2.010,1.710,0.990,2,0,316.118,0,0,17,201,0,20,0
26-06 05:25:03,42.582,12.274,44.335,0.501,0,4379680,189572,167508,3226640,5248.107,1502.894,224.432,3558.854,5.010,195.376,3623,2746,2.010,1.710,0.990,3,0,3.006,0,0,17,201,0,20,0
26-06 05:25:04,37.583,5.227,56.001,0,0,4433168,172880,167512,3191136,5415.919,1612.829,63.717,422.123,6.969,42.810,3368,3089,1.930,1.700,0.990,2,0,11.947,0,0,17,210,0,20,0
26-06 05:25:05,23.091,20.079,54.715,0.251,0,4341748,263556,167516,3191864,5903.217,1626.396,718.827,80.316,8.032,6.024,5315,4162,1.930,1.700,0.990,2,0,374.473,0,0,17,209,0,20,0
26-06 05:25:06,35.512,31.510,31.760,0.250,0,4431644,169696,167532,3195768,11660.829,7405.431,2208.725,364.120,35.011,22.007,7133,7366,1.930,1.700,0.990,3,0,530.174,0,0,17,212,0,16,0
26-06 05:25:07,48.247,18.901,31.336,0,0,4372760,227172,167536,3197640,8525.364,4568.083,47.750,1118.146,2.984,25.865,6381,9368,1.930,1.700,0.990,6,0,247.703,0,0,17,217,0,17,0
26-06 05:25:08,72.059,18.700,8.976,0.249,0.249,4544516,176724,167540,3079848,4847.145,1615.715,279.259,219.418,12.966,3.989,4731,3805,1.930,1.700,0.990,3,0,117.688,0,0,17,218,0,17,0
26-06 05:25:09,58.964,13.859,23.183,3.276,0,4654328,139940,167592,3009156,15349.845,11704.144,7499.038,2499.679,421.317,114.905,5921,6208,2.010,1.720,1,4,0,30.238,0,0,17,227,0,17,0
26-06 05:25:10,55.762,19.004,24.005,0.750,0,4613404,197564,167628,2993208,6584.424,2413.522,728.157,3512.760,99.021,114.025,6412,8643,2.010,1.720,1,7,0,266.058,0,0,17,225,0,22,0
26-06 05:25:11,34.940,27.453,35.938,0,0,4662512,170512,167644,2972136,10768.421,7332.349,7.986,8792.830,1.997,33.941,6895,6984,2.010,1.720,1,5,0,461.204,0,0,17,226,0,22,0
26-06 05:25:12,42.543,20.521,34.785,0.250,0.250,4671676,159636,167644,2973492,10686.861,6854.966,228.232,1517.542,15.015,95.097,7198,10670,2.010,1.720,1,3,0,316.321,0,0,17,225,0,23,0
26-06 05:25:13,57.183,31.214,11.986,0,0,4724380,166340,167644,2914868,5291.838,1456.304,3.995,13460.327,0.999,1083.738,6445,6438,2.010,1.720,1,4,0,492.427,0,0,17,229,0,23,0
26-06 05:25:14,55.864,20.700,21.198,0.748,0,4787256,146484,167652,2872400,13389.339,10845.545,1264.915,1268.905,61.849,77.810,7722,12383,2.570,1.840,1.040,3,0,233.431,0,0,17,232,0,23,0
26-06 05:25:15,56.459,29.108,14.052,0.251,0,4807036,191280,167656,2809120,7439.486,3224.915,188.697,895.308,6.022,56.208,7670,9221,2.570,1.840,1.040,5,0,468.732,0,0,17,233,0,24,0
26-06 05:25:16,54.383,22.202,21.953,0.249,0,4894396,139880,167668,2774808,10859.554,7383.060,614.673,678.535,33.927,39.914,8484,14317,2.570,1.840,1.040,2,0,282.390,0,0,17,240,0,25,0
26-06 05:25:17,54.899,21.460,22.459,0.250,0,4909244,189408,167672,2711680,10009.538,6607.812,531.021,666.770,10.980,48.910,8211,15920,2.570,1.840,1.040,3,0,187.654,0,0,17,239,0,26,0
26-06 05:25:18,63.012,10.042,26.611,0,0,5047400,156960,167676,2608508,10573.909,7200.903,349.451,1626.755,5.021,143.596,4268,2322,2.570,1.840,1.040,4,0,3.013,0,0,17,240,0,27,0
26-06 05:25:19,48.809,10.708,38.599,0.996,0,5090308,153668,167680,2570192,18454.608,14774.046,1753.123,976.171,93.633,101.601,5728,7765,2.690,1.880,1.060,4,0,13.945,0,0,17,246,0,30,0
26-06 05:25:20,62.011,16.503,21.254,0,0,5055964,187684,167692,2570512,5947.095,2196.404,992.183,765.141,15.003,34.006,6353,5412,2.690,1.880,1.060,8,0,203.037,0,0,17,251,0,31,0
26-06 05:25:21,42.562,28.792,26.789,1.252,0,5060852,178936,167808,2574092,16780.249,12492.052,4198.067,1299.878,59.085,73.106,7207,7558,2.690,1.880,1.060,4,0,468.677,0,0,17,251,0,32,0
26-06 05:25:22,55.637,22.953,20.209,0,0,5066100,173672,167808,2574588,5269.275,1616.709,510.960,834.302,3.992,28.941,6527,6916,2.690,1.880,1.060,3,0,311.366,0,0,17,251,0,32,0
26-06 05:25:23,72.786,19.828,7.028,0,0,5173588,151040,167812,2492820,12286.352,9456.214,1003.951,642.529,22.087,53.209,6395,5979,2.690,1.880,1.060,3,0,167.660,0,0,18,259,0,33,0
26-06 05:25:24,79.297,13.964,4.987,0.997,0,5213424,164484,167824,2441660,8918.217,4681.042,3271.642,1791.424,161.587,205.475,7532,8204,2.870,1.930,1.080,4,0,22.941,0,0,18,260,0,34,0
26-06 05:25:25,75.888,15.027,8.516,0.501,0,5273668,198832,167864,2349960,6158.224,3783.897,1214.213,1318.403,36.066,97.177,7092,7459,2.870,1.930,1.080,4,0,84.153,0,0,18,265,0,37,0
26-06 05:25:26,38.856,13.201,46.826,0.249,0,5323720,161136,167872,2338276,15029.275,11244.309,565.902,681.473,8.967,53.801,5045,4516,2.870,1.930,1.080,4,0,146.457,0,0,18,268,0,37,0
26-06 05:25:27,41.005,10.251,47.755,0,0,5342088,142664,167876,2338376,14676.662,3559.403,768.087,376.043,6.001,23.003,3710,3316,2.870,1.930,1.080,4,0,12.001,0,0,18,272,0,34,0
26-06 05:25:28,34.035,9.009,55.057,0,0,5329648,154024,167880,2339912,10997929.291,160397.908,512.533,628.654,4.004,27.028,12566,6353,2.870,1.930,1.080,2,0,8.008,0,0,18,272,0,34,0
26-06 05:25:29,39.406,17.821,40.661,1.004,0,5298100,177276,167884,2348168,6152092.842,106326.026,2558.130,3313.119,29.115,220.875,13537,9857,2.880,1.950,1.090,3,0,268.061,0,0,18,274,0,35,0
26-06 05:25:30,41.883,7.230,50.359,0.499,0,5404404,145728,167884,2275500,11187.733,8602.957,0,378.941,0,34.902,3382,2629,2.880,1.950,1.090,2,0,0.997,0,0,18,277,0,35,0
26-06 05:25:31,31.316,5.261,62.632,0.251,0,5346080,203940,167888,2275740,19849.747,14483.461,100.211,9195.339,7.015,69.145,4245,4712,2.880,1.950,1.090,3,0,5.011,0,0,18,282,0,36,0
26-06 05:25:32,28.169,4.487,65.312,0.249,0,5415760,133788,167888,2276220,376878.668,15797491.275,446.717,470.648,23.931,33.903,5298,4234,2.880,1.950,1.090,0,0,0.997,0,0,18,281,0,38,0
26-06 05:25:33,28.094,3.261,65.719,0.502,0,5405388,144076,167896,2276280,8127795.511,658693.904,0,15018.112,0,1241.141,13002,8330,2.880,1.950,1.090,2,0,1.003,0,0,18,286,0,39,0
26-06 05:25:34,21.484,13.990,61.954,0.500,0,5232140,301220,167896,2292336,9004549.586,213057.154,63.952,839.374,3.997,65.951,17101,12441,2.730,1.930,1.090,1,0,158.882,0,0,18,282,0,43,0
26-06 05:25:35,11.005,19.008,68.278,0,0,5252064,281188,167896,2292428,5240.175,1500.623,16.007,3013.251,2.001,7.003,5287,4156,2.730,1.930,1.090,1,0,343.142,0,0,18,282,0,42,0
26-06 05:25:36,22.488,3.748,72.461,0.250,0,5318592,214660,167896,2292428,4602.502,1457.209,0,3434.136,0,107.941,2072,1869,2.730,1.930,1.090,1,0,0,0,0,18,282,0,42,0
26-06 05:25:37,12.706,14.450,70.006,0.249,0,5302232,230992,167896,2292456,4980.615,1452.929,0,251.123,0,20.927,4232,3178,2.730,1.930,1.090,2,0,168.412,0,0,18,282,0,42,0
26-06 05:25:38,8.022,19.805,70.197,0,0,5310260,222940,167896,2292480,5425.192,1624.549,0,16450.065,0,29.081,5042,3530,2.730,1.930,1.090,1,0,246.691,0,0,18,282,0,42,0
26-06 05:25:39,9.716,18.186,70.503,0,0,5304908,228180,167896,2292592,5008.445,1560.530,79.721,5803.658,1.993,188.340,4841,3837,2.590,1.920,1.090,0,0,256.102,0,0,18,286,0,41,0
26-06 05:25:40,4.268,2.762,92.398,0.251,0,5303300,229788,167896,2292592,4732.389,1518.543,0,60.260,0,6.026,1289,1433,2.590,1.920,1.090,1,0,9.039,0,0,18,286,0,41,0
26-06 05:25:41,22.415,2.989,73.223,0,0,5374496,158592,167896,2292592,5566.916,1854.975,0,0,0,0,1968,1497,2.590,1.920,1.090,0,0,0,0,0,18,287,0,41,0
26-06 05:25:42,23.295,4.759,70.136,0,0,5332652,200052,167896,2292976,13670.451,10331.991,232.450,0,13.025,0,3492,10597,2.590,1.920,1.090,1,0,46.089,0,0,18,290,0,43,0
26-06 05:25:43,10.758,18.263,70.051,0.500,0,5329136,203468,167900,2293072,4563.320,1621.179,24.017,360.262,3.002,34.025,5095,4053,2.590,1.920,1.090,1,0,195.142,0,0,18,290,0,40,0
26-06 05:25:44,13.507,17.509,66.534,0,0,5312556,219828,167900,2293276,4622.330,1620.817,0,12430.265,0,69.035,5506,4772,2.460,1.900,1.090,1,0,178.090,0,0,18,294,0,40,0
26-06 05:25:45,11.727,16.717,69.112,0,0,5308524,223760,167900,2293344,4670.640,1616.760,0,251.496,0,22.954,4828,3532,2.460,1.900,1.090,2,0,142.714,0,0,18,294,0,40,0
26-06 05:25:46,19.219,8.736,71.135,0,0,5342784,189468,167900,2293376,4707.421,1455.656,3.994,155.749,0.998,8.986,3030,2321,2.460,1.900,1.090,1,0,77.875,0,0,18,294,0,40,0
26-06 05:25:47,23.544,4.008,72.136,0.501,0,5401676,130560,167900,2293392,4456.405,1232.324,120.227,308.582,2.004,17.032,2058,1574,2.460,1.900,1.090,2,0,0,0,0,18,294,0,40,0
26-06 05:25:48,24.707,3.244,69.629,0.250,0,5409896,141300,167900,2274860,3743.477,808.591,299.478,335.416,11.979,36.936,2635,2371,2.460,1.900,1.090,1,0,9.983,0,0,18,298,0,40,0
26-06 05:25:49,24.384,3.981,70.663,0.249,0,5320392,230696,167900,2274968,4717.508,1612.313,103.506,222.937,8.957,11.943,2428,1960,2.350,1.890,1.090,1,0,5.972,0,0,18,294,0,40,0
26-06 05:25:50,23.355,4.018,71.572,0.251,0,5369504,181568,167900,2274984,4867.927,1573.086,0,140.633,0,9.041,2019,1496,2.350,1.890,1.090,1,0,1.005,0,0,18,294,0,40,0
26-06 05:25:51,15.009,2.251,82.301,0,0,5379776,171284,167900,2274996,18009.253,14701.186,0,120.075,0,14.009,2399,2366,2.350,1.890,1.090,0,0,4.003,0,0,18,297,0,41,0
26-06 05:25:52,23.010,1.501,73.781,0,0,5383816,167232,167900,2275008,11253.771,7360.120,0,140.059,0,18.008,2359,1863,2.350,1.890,1.090,1,0,1.000,0,0,18,294,0,42,0
26-06 05:25:53,21.739,8.496,67.967,0.500,0,5376888,174152,167900,2275016,4709.720,1511.269,15.992,251.878,1.000,20.990,2594,2076,2.350,1.890,1.090,1,0,14.993,0,0,18,294,0,42,0
26-06 05:25:54,26.720,1.998,69.672,0,0,5387168,163720,167900,2275168,4826.596,1510.309,0,295.669,0,27.969,2357,2083,2.240,1.870,1.090,1,0,0,0,0,18,294,0,42,0
26-06 05:25:55,9.792,19.334,69.802,0.251,0,5354068,196764,167916,2275208,4746.518,1572.799,397.719,441.910,6.026,17.074,4887,3595,2.240,1.870,1.090,1,0,242.046,0,0,18,294,0,42,0
26-06 05:25:56,8.978,19.202,69.576,0,0,5345380,205316,167916,2275344,4246.376,1077.305,27.930,215.461,2.993,12.968,5009,3620,2.240,1.870,1.090,1,0,277.306,0,0,18,294,0,42,0
26-06 05:25:57,19.486,7.744,71.449,0,0,5344516,206144,167936,2275360,4828.547,1510.919,0,59.957,0,8.994,2839,2142,2.240,1.870,1.090,1,0,80.942,0,0,18,294,0,42,0
26-06 05:25:58,18.493,2.749,77.469,0.250,0,5331896,213600,167944,2280408,11871.231,4679.120,0,1027.587,0,17.993,1958,1512,2.240,1.870,1.090,1,0,17.993,0,0,18,294,0,42,0
26-06 05:25:59,22.772,6.756,67.814,0,0,5349736,194216,167948,2281936,5044.794,1621.541,0,4131.927,0,480.457,10001,18066,2.140,1.860,1.090,2,0,8.008,0,0,18,294,0,42,0
26-06 05:26:00,17.743,4.248,76.472,0.500,0,5353328,189416,167968,2283092,11594.734,4559.323,119.956,811.701,1.999,30.989,2272,2129,2.140,1.860,1.090,2,0,7.997,0,0,18,295,0,42,0
26-06 05:26:01,21.510,7.754,69.032,0.250,0,5364180,178396,168012,2283216,5599.592,1620.750,32.015,508.235,2.001,19.009,9968,17548,2.140,1.860,1.090,1,0,19.009,0,0,18,295,0,42,0
26-06 05:26:02,16.787,10.022,71.660,0.501,0.251,5299348,249228,168100,2277192,5380.002,1870.172,4.009,741.654,1.002,31.069,3610,2831,2.140,1.860,1.090,2,0,143.320,0,0,18,294,0,42,0
26-06 05:26:03,17.678,9.959,70.711,0,0,5355204,193304,168100,2277260,4752.579,1505.846,47.805,669.265,1.992,27.886,3423,2905,2.140,1.860,1.090,4,0,126.483,0,0,18,294,0,42,0
26-06 05:26:04,24.506,3.001,70.768,0.500,0,5385316,162996,168100,2277456,10002.501,6848.712,0,360.090,0,38.010,2724,2548,2.050,1.840,1.090,3,0,1.000,0,0,18,299,0,42,0
26-06 05:26:05,18.523,10.013,70.088,0,0,5293712,254480,168100,2277576,9507.951,5965.498,20.025,0,2.003,0,3684,3107,2.050,1.840,1.090,1,0,119.150,0,0,18,298,0,45,0
26-06 05:26:06,24.827,5.266,68.713,0,0,5355380,192740,168104,2277644,4938.310,1570.870,16.050,361.120,1.003,23.072,2564,2289,2.050,1.840,1.090,1,0,2.006,0,0,18,298,0,45,0
26-06 05:26:07,19.438,2.243,77.005,0,0,5301208,246900,168104,2277656,13208.904,10103.800,0,115.631,0,7.975,2169,1816,2.050,1.840,1.090,1,0,0.997,0,0,18,298,0,46,0
26-06 05:26:08,19.005,8.252,71.518,0,0,5344156,203948,168104,2277660,5567.405,1566.395,0,84.021,0,6.002,2686,2053,2.050,1.840,1.090,1,0,69.017,0,0,18,298,0,45,0
26-06 05:26:09,19.243,2.999,76.973,0,0,5372244,175724,168104,2277796,14048.153,9428.747,0,1287.556,0,96.967,2294,1992,1.880,1.810,1.080,2,0,1.000,0,0,18,300,0,45,0
26-06 05:26:10,19.580,6.778,72.547,0,0,5315280,232676,168104,2277808,10000.990,6591.014,0,120.494,0,8.033,2788,2199,1.880,1.810,1.080,1,0,56.230,0,0,18,298,0,46,0
26-06 05:26:11,18.920,2.489,76.427,0,0,5346272,201680,168104,2277812,12109.852,7248.385,0,0,0,0,1959,1626,1.880,1.810,1.080,2,0,0,0,0,18,299,0,46,0
26-06 05:26:12,20.834,4.769,74.050,0,0,5309708,238224,168104,2277832,9462.283,6056.504,0,0,0,0,2510,1951,1.880,1.810,1.080,1,0,32.130,0,0,18,298,0,43,0
26-06 05:26:13,21.445,3.242,74.060,0.249,0,5371932,175992,168104,2277840,5913.856,3469.116,0,203.479,0,19.949,2122,1836,1.880,1.810,1.080,0,0,0,0,0,18,299,0,43,0
26-06 05:26:14,16.001,2.250,79.004,0.750,0,5373552,174228,168104,2277984,13921.697,10543.528,0,2812.141,0,194.010,3104,3946,1.810,1.800,1.080,2,0,0,0,0,18,298,0,44,0
26-06 05:26:15,20.473,6.991,70.905,0.250,0,5354720,193056,168104,2277988,4434.086,1617.842,0,1933.421,0,324.567,2930,2403,1.810,1.800,1.080,1,0,46.937,0,0,18,298,0,44,0
26-06 05:26:16,19.178,3.238,76.213,0,0,5383724,164044,168104,2277996,10975.680,7680.087,0,207.220,0,15.940,2192,1905,1.810,1.800,1.080,0,0,0,0,0,18,300,0,41,0
26-06 05:26:17,20.385,5.285,73.486,0,0,5356516,191240,168104,2278008,9460.577,5681.581,0,132.879,0,8.053,2644,2115,1.810,1.800,1.080,1,0,32.213,0,0,18,298,0,43,0
26-06 05:26:18,19.686,2.741,76.252,0,0,5357228,190524,168104,2278012,11129.766,7309.204,0,107.650,0,5.981,1903,1568,1.810,1.800,1.080,2,0,0,0,0,18,299,0,43,0
26-06 05:26:19,16.567,4.267,77.311,0.251,0,5293204,254536,168104,2278024,10964.159,6813.442,0,365.472,0,34.137,2962,2985,1.750,1.790,1.080,1,0,48.194,0,0,18,298,0,44,0
26-06 05:26:20,5.731,8.970,82.221,1.744,0,5299300,247204,168664,2278700,10275.195,4384.150,1120.206,271.082,250.153,17.939,3242,3009,1.750,1.790,1.080,0,0,132.551,0,0,18,300,0,35,0
26-06 05:26:21,4.750,8.501,85.257,0,0,5294276,252140,168696,2278756,15228.267,3456.288,0,504.042,0,27.002,2971,2596,1.750,1.790,1.080,0,0,125.010,0,0,18,299,0,36,0
26-06 05:26:22,4.004,5.755,88.578,0.250,0,5285368,261044,168696,2278760,10820.471,4248.719,0,172.151,0,14.012,2190,2063,1.750,1.790,1.080,2,0,59.052,0,0,18,298,0,37,0
26-06 05:26:23,14.977,12.231,70.393,0.499,0,5311876,232452,168920,2280620,5078.263,1563.618,726.893,734.880,70.892,39.939,4090,3375,1.750,1.790,1.080,3,0,153.766,0,0,18,298,0,37,0
26-06 05:26:24,23.677,3.739,70.782,0.249,0,5310884,222916,169428,2290480,4752.384,2002.840,7.975,1571.168,0.997,27.914,2775,2614,1.690,1.770,1.080,0,0,16.948,0,0,18,299,0,33,0
26-06 05:26:25,16.552,2.257,80.254,0.502,0,5289424,240812,169488,2293952,15652.587,5599.740,0,975.089,0,32.102,1851,1620,1.690,1.770,1.080,1,0,2.006,0,0,18,298,0,33,0
26-06 05:26:26,11.021,16.281,69.634,1.002,0,5289416,237652,169496,2297048,4331.331,1569.018,1290.482,3081.928,21.040,104.200,5567,4829,1.690,1.770,1.080,2,0,262.505,0,0,18,298,0,33,0
26-06 05:26:27,21.212,6.239,71.373,0,0,5325152,201908,169496,2297056,4583.824,1509.308,0,79.858,0,4.991,2557,1967,1.690,1.770,1.080,1,0,38.931,0,0,18,298,0,33,0
26-06 05:26:28,18.751,2.750,77.754,0,0.250,5349756,177292,169496,2297068,28826.575,25265.380,0,0,0,0,2113,1686,1.690,1.770,1.080,1,0,0,0,0,18,298,0,32,0
26-06 05:26:29,21.587,6.526,70.533,0.251,0,5368080,158948,169496,2297088,6399.696,1600.426,0,393.580,0,44.177,2927,2485,1.710,1.780,1.090,1,0,48.194,0,0,18,298,0,32,0
26-06 05:26:30,19.682,3.239,75.738,0.249,0,5349088,193376,169496,2281732,10663.044,6661.911,0,219.240,0,21.924,2136,1893,1.710,1.780,1.090,1,0,0,0,0,18,299,0,32,0
26-06 05:26:31,20.971,4.494,73.398,0.250,0,5290884,251092,169496,2282220,9882.323,4269.092,479.337,139.807,28.960,7.989,2673,2249,1.710,1.780,1.090,1,0,13.981,0,0,18,298,0,34,0
26-06 05:26:32,19.263,2.752,76.551,0,0,5343048,198928,169496,2282220,10248.792,7013.648,0,80.053,0,6.004,1988,1610,1.710,1.780,1.090,1,0,0,0,0,18,299,0,28,0
26-06 05:26:33,24.748,4.750,67.996,1.000,0,5342232,197164,169500,2284796,6664.568,3372.781,2323.849,1567.898,98.994,194.987,5660,8567,1.710,1.780,1.090,1,0,1.000,0,0,18,298,0,29,0
26-06 05:26:34,23.593,4.267,71.280,0.251,0,5382820,156568,169500,2284804,4925.338,1572.173,0,465.829,0,33.130,2590,2369,1.660,1.760,1.080,1,0,5.020,0,0,18,298,0,29,0
26-06 05:26:35,17.935,2.491,78.466,0,0,5383516,155852,169500,2284824,13505.084,10871.622,0,1964.883,0,15.942,2271,1950,1.660,1.760,1.080,0,0,0,0,0,18,299,0,29,0
26-06 05:26:36,21.526,4.255,71.838,1.001,0,5276816,262412,169500,2284964,7237.884,3223.957,80.098,1277.568,3.004,138.170,4745,6274,1.660,1.760,1.080,2,0,5.006,0,0,18,298,0,25,0
26-06 05:26:37,8.018,23.303,66.901,0,0,5292716,246484,169504,2284984,5181.690,1623.663,0,793.791,0,39.088,5878,4528,1.660,1.760,1.080,1,0,411.929,0,0,18,298,0,25,0
26-06 05:26:38,8.987,23.216,65.156,0.749,0,5290972,248196,169508,2285012,4839.008,1563.741,0,2991.677,0,185.732,6012,5016,1.660,1.760,1.080,3,1,370.465,0,0,18,298,0,25,0
26-06 05:26:39,9.238,22.969,65.912,0,0,5290968,248188,169508,2285024,4705.715,1509.983,0,219.707,0,22.969,5669,4426,1.600,1.750,1.080,2,0,346.537,0,0,18,298,0,25,0
26-06 05:26:40,7.750,23.250,66.251,0,0,5292372,246764,169508,2285044,4000.056,1080.015,0,288.004,0,16.000,5509,4034,1.600,1.750,1.080,2,0,343.005,0,0,18,298,0,25,0
26-06 05:26:41,9.265,22.537,66.611,0,0,5284752,254364,169508,2285064,4708.819,1406.335,0,28.047,0,7.012,5631,4277,1.600,1.750,1.080,1,0,368.612,0,0,18,298,0,25,0
26-06 05:26:42,12.506,26.012,60.028,0,0,5277956,261140,169508,2285084,4514.099,972.452,0,40.019,0,10.005,6691,10861,1.600,1.750,1.080,1,0,461.214,0,0,18,298,0,26,0
26-06 05:26:43,8.259,22.774,67.070,0,0,5273488,265580,169508,2285112,4378.561,1135.183,0,40.042,0,10.010,6332,5101,1.600,1.750,1.080,1,0,506.528,0,0,18,298,0,26,0
26-06 05:26:44,23.001,25.501,49.753,0,0,5329368,209644,169508,2285152,5252.275,1512.079,528.028,744.039,5.000,59.003,6817,5981,1.640,1.750,1.090,3,0,515.027,0,0,18,298,0,26,0
26-06 05:26:45,23.244,26.743,48.487,0.250,0,5329172,209792,169508,2285200,4844.672,1565.571,511.860,1639.551,3.999,156.957,6600,5393,1.640,1.750,1.090,1,0,478.869,0,0,18,298,0,24,0
26-06 05:26:46,14.953,11.464,71.026,0.748,0,5317376,336800,169524,2181468,4534.694,1507.245,35.887,4569.584,2.991,397.745,3881,3173,1.640,1.750,1.090,2,0,114.638,0,0,18,298,0,24,0
26-06 05:26:47,22.490,4.248,72.469,0,0.250,5336920,306752,169788,2191704,4723.995,1565.336,0,871.630,0,9.996,2199,1759,1.640,1.750,1.090,2,0,2.999,0,0,18,298,0,24,0
26-06 05:26:48,13.495,2.749,81.472,0.250,0,5334004,308628,169788,2192740,13452.351,5910.957,107.963,1007.652,11.996,35.988,1936,1678,1.640,1.750,1.090,2,0,21.992,0,0,18,299,0,24,0
26-06 05:26:49,9.252,1.750,87.767,0.500,0.250,5343628,298296,169788,2193444,12881.497,7533.461,608.118,740.143,27.005,25.005,1550,1578,1.500,1.720,1.080,0,0,1.000,0,0,18,299,0,24,0
26-06 05:26:50,3.752,0.500,94.793,0.250,0,5339324,302444,169788,2193596,10676.881,4588.097,80.037,488.223,8.004,13.006,989,1281,1.500,1.720,1.080,1,0,0,0,0,18,299,0,24,0
26-06 05:26:51,16.997,2.500,78.986,1.000,0,5358884,281408,169788,2195064,22700.930,13747.536,1047.812,1775.682,54.990,83.985,1963,1758,1.500,1.720,1.080,0,0,2.000,0,0,18,299,0,24,0
26-06 05:26:52,9.499,1.000,87.740,0.500,0,5355540,283956,169788,2195856,18531.927,10068.874,599.933,1071.880,36.996,32.996,1456,1510,1.500,1.720,1.080,0,0,0,0,0,18,299,0,24,0
26-06 05:26:53,17.003,1.250,79.516,0.750,0,5359176,278844,169800,2197312,26041.155,14118.795,1024.203,1664.329,49.010,51.010,1985,1795,1.500,1.720,1.080,1,0,0,0,0,18,299,0,22,0
26-06 05:26:54,22.497,3.500,71.241,1.500,0,5352972,247888,169980,2234288,8264.913,3162.584,12390.370,1839.758,129.983,105.986,2988,3090,1.460,1.710,1.080,1,0,1.000,0,0,18,299,0,22,0
26-06 05:26:55,23.254,4.001,71.512,0.750,0,5341164,243756,170140,2249756,5132.861,1512.254,0,16538.773,0,133.022,2462,2231,1.460,1.710,1.080,1,1,0,0,0,18,299,0,22,0
26-06 05:26:56,23.553,3.007,71.411,0.501,0,5344044,226156,170140,2264204,5535.459,1569.533,0,4566.278,0,206.465,2736,3015,1.460,1.710,1.080,3,0,0,0,0,18,299,0,22,0
26-06 05:26:57,22.463,2.995,72.881,1.248,0,5348348,200728,170552,2284608,5151.555,1617.349,0,2408.052,0,113.813,2509,2392,1.460,1.710,1.080,2,0,0,0,0,18,299,0,22,0
26-06 05:26:58,21.821,3.261,72.235,0.752,0,5348536,174532,170704,2310220,5014.292,1462.753,0,2496.110,0,78.254,2356,2143,1.460,1.710,1.080,1,0,0,0,0,18,299,0,22,0
26-06 05:26:59,22.902,3.485,71.695,0.996,0,5375268,155896,170944,2301676,5418.917,1786.391,0,2222.533,0,82.648,2611,2515,1.430,1.700,1.080,1,0,0.996,0,0,18,298,0,22,0
26-06 05:27:00,20.509,5.252,72.780,0,0,5345836,185380,170944,2301540,5288.209,2697.127,0,540.226,0,25.010,2583,2216,1.430,1.700,1.080,0,0,35.015,0,0,18,299,0,22,0
26-06 05:27:01,19.820,3.011,76.271,0.251,0,5328200,196720,170944,2307788,11959.514,3509.476,0,1232.381,0,18.064,2132,1771,1.430,1.700,1.080,1,0,3.011,0,0,18,298,0,22,0
26-06 05:27:02,22.151,5.973,69.439,0,0,5355120,168576,170944,2308992,5136.963,1612.767,0,87.607,0,0.996,10361,18724,1.430,1.700,1.080,1,0,12.942,0,0,18,298,0,22,0
26-06 05:27:03,23.489,6.747,68.218,0,0,5322108,201492,170996,2309032,4995.665,1499.299,0,2234.955,0,33.984,10599,19375,1.430,1.700,1.080,1,0,19.991,0,0,18,298,0,22,0
26-06 05:27:04,22.507,5.752,70.023,0.250,0,5314392,216612,171008,2301648,5681.836,1620.524,0,880.285,0,41.013,2669,2363,1.390,1.690,1.080,1,0,10.003,0,0,18,298,0,22,0
26-06 05:27:05,23.260,6.253,68.029,0,0,5340580,190404,171012,2301664,3487.494,528.226,0,0,0,0,10512,18533,1.390,1.690,1.080,1,0,48.021,0,0,18,298,0,19,0
26-06 05:27:06,21.501,5.500,72.003,0.250,0,5356840,174052,171012,2301752,10571.453,3561.153,16.001,1812.078,1.000,225.010,2815,2903,1.390,1.690,1.080,2,0,36.002,0,0,18,299,0,19,0
26-06 05:27:07,24.747,4.250,69.493,0.250,0,5348096,176528,171012,2307988,6006.360,2523.731,0,959.898,0,18.998,2614,2121,1.390,1.690,1.080,1,0,5.999,0,0,18,298,0,21,0
26-06 05:27:08,22.750,7.750,67.250,0.500,0,5376492,146864,171012,2309208,5385.976,1565.993,0,735.997,0,15.000,8182,15601,1.390,1.690,1.080,1,0,14.000,0,0,18,298,0,21,0
26-06 05:27:09,21.844,7.784,68.294,0,0,5375372,147944,171012,2309248,5182.307,1627.003,0,498.144,0,10.043,8251,14857,1.360,1.680,1.080,1,0,20.086,0,0,18,298,0,20,0
26-06 05:27:10,21.876,4.723,72.091,0.249,0,5330580,200268,171032,2301760,4832.615,1610.872,0,902.884,0,27.842,2288,1775,1.360,1.680,1.080,1,0,21.876,0,0,18,298,0,20,0
26-06 05:27:11,21.290,5.761,71.383,0,0,5312404,218416,171036,2301784,4858.071,1514.828,0,324.606,0,10.019,3155,2658,1.360,1.680,1.080,1,0,94.176,0,0,18,298,0,20,0
26-06 05:27:12,22.996,3.749,72.486,0,0,5330452,189196,171712,2312224,4559.128,1619.690,0,7.998,0,2.000,2167,1678,1.360,1.680,1.080,1,0,2.999,0,0,18,298,0,20,0
26-06 05:27:13,15.487,1.749,80.934,0.250,0,5330888,187896,171788,2312924,18072.203,8153.324,3.997,1378.871,0.999,27.977,1924,1732,1.360,1.680,1.080,1,0,15.987,0,0,18,299,0,16,0
26-06 05:27:14,15.262,2.252,80.813,0.751,0,5343528,174796,171872,2313272,26383.492,14327.128,0,2261.757,0,96.075,2258,2541,1.410,1.680,1.090,1,0,0,0,0,18,299,0,16,0
26-06 05:27:15,5.499,1.000,91.233,0,0.250,5340584,177464,171924,2313476,73784.288,9139.302,0,955.822,0,43.992,1575,1884,1.410,1.680,1.090,0,0,0,0,0,18,300,0,16,0
26-06 05:27:16,12.249,2.000,83.993,0.750,0,5354252,163656,171972,2313744,99041.926,11184.088,31.997,8799.283,1.000,310.975,2039,2015,1.410,1.680,1.090,1,0,0,0,0,18,300,0,16,0
26-06 05:27:17,16.500,1.250,81.001,0.750,0,5355272,162356,171972,2314008,23016.325,13010.184,0,1468.021,0,51.001,1859,1649,1.410,1.680,1.090,1,0,0,0,0,18,300,0,12,0
26-06 05:27:18,13.441,1.244,83.132,0.249,0,5360400,156760,171988,2314460,317014.801,13799.961,0,1083.209,0,36.837,2019,1760,1.410,1.680,1.090,1,0,0,0,0,18,300,0,12,0
26-06 05:27:19,9.753,2.001,85.524,1.500,0,5357868,158476,172276,2314968,143962.105,23874.817,28.008,3581.022,4.001,154.044,2226,2375,1.380,1.670,1.090,1,0,1.000,0,0,18,300,0,12,0
26-06 05:27:20,13.105,1.764,83.421,0.756,0,5355452,151916,172316,2323888,108001.256,14878.614,104.843,1326.665,6.049,45.365,1717,1533,1.380,1.670,1.090,0,0,1.008,0,0,18,300,0,12,0
26-06 05:27:21,3.738,3.489,87.711,0.249,0,5348700,146968,172348,2335532,5574527.747,91899.616,0,14009.902,0,248.183,6401,3567,1.380,1.670,1.090,1,0,0.997,0,0,18,300,0,10,0
26-06 05:27:22,6.002,5.252,84.284,0,0,5318848,172444,172388,2339912,10196485.580,132879.764,0,4853.964,0,24.010,9111,3934,1.380,1.670,1.090,0,0,2.001,0,0,18,300,0,10,0
26-06 05:27:23,15.557,3.764,78.034,1.004,0,5339168,143904,172624,2347832,3288612.990,46088.882,164.600,13774.173,4.015,94.344,4522,2583,1.380,1.670,1.090,3,0,2.007,0,0,18,300,0,10,0
26-06 05:27:24,23.405,5.478,68.970,1.494,0,5338480,159296,175816,2330280,4738.748,1452.101,0,5246.684,0,134.454,3014,3122,1.350,1.660,1.090,1,0,0,0,0,18,300,0,10,0
26-06 05:27:25,23.250,2.500,72.251,0.250,0,5330872,150052,176344,2346280,4400.090,1458.030,0,1392.028,0,42.001,2181,1958,1.350,1.660,1.090,3,0,0,0,0,18,300,0,10,0
26-06 05:27:26,23.011,4.252,70.535,0.750,0,5335320,164600,176844,2327208,4879.424,1620.805,0,34269.024,0,255.127,2862,2840,1.350,1.660,1.090,2,0,0,0,0,18,300,0,9,0
26-06 05:27:27,21.238,5.497,72.459,0.500,0,5342016,142072,177780,2342056,4557.408,1619.079,0,2198.749,0,76.956,2338,2071,1.350,1.660,1.090,3,0,0,0,0,18,300,0,9,0
26-06 05:27:28,23.001,3.500,71.254,0.750,0,5343760,153200,178568,2328808,5760.358,1620.101,0,2256.140,0,83.005,2542,2438,1.350,1.660,1.090,3,0,0,0,0,18,300,0,9,0
26-06 05:27:29,25.078,6.019,67.209,1.003,0,5344928,157068,179956,2322656,6082.954,1719.357,44.138,160130.957,11.034,1392.338,3774,5193,1.400,1.670,1.090,3,0,2.006,0,0,18,300,0,9,0
26-06 05:27:30,22.940,3.491,71.065,0.499,0,5345652,160160,180812,2317788,5822.815,1454.208,0,2345.882,0,95.750,2798,2896,1.400,1.670,1.090,3,0,0,0,0,18,300,0,7,0
26-06 05:27:31,24.016,3.002,72.548,0.751,0,5258436,268508,181548,2294788,6105.080,1969.316,0,2229.490,0,69.046,2462,2232,1.400,1.670,1.090,1,0,1.001,0,0,18,298,0,7,0
26-06 05:27:32,19.478,4.495,74.166,0,0,5329076,197760,181548,2294776,9384.383,2954.657,0,1250.585,0,150.829,2383,1836,1.400,1.670,1.090,0,0,33.962,0,0,18,299,0,7,0
26-06 05:27:33,21.029,3.004,74.603,0.250,0,5307816,212296,181556,2301048,7363.205,3401.715,24.033,1329.843,1.001,23.032,2146,1720,1.400,1.670,1.090,1,0,4.006,0,0,18,298,0,7,0
26-06 05:27:34,23.212,8.985,66.140,0,0,5352280,166712,181560,2302088,4869.928,1455.587,0,77563.439,0,925.466,11778,20138,1.370,1.650,1.090,1,0,11.980,0,0,18,298,0,4,0
26-06 05:27:35,22.001,6.500,70.003,0,0,5352568,166220,181564,2302240,4892.233,1512.072,0,88.004,0,1.000,9401,17055,1.370,1.650,1.090,2,0,13.001,0,0,18,298,0,4,0
26-06 05:27:36,21.010,6.003,72.034,0.250,0,5352720,165968,181568,2302304,3838.826,1080.514,0,900.428,0,32.015,2326,1937,1.370,1.650,1.090,3,0,7.003,0,0,18,298,0,4,0
26-06 05:27:37,21.752,4.250,72.256,0.750,0,5293492,231480,181676,2296296,4818.367,1500.114,840.064,668.051,73.006,17.001,2301,1947,1.370,1.650,1.090,0,1,6.000,0,0,18,298,0,4,0
26-06 05:27:38,20.695,4.239,70.813,2.244,0,5308936,211824,182016,2300168,4488.179,1346.454,1902.988,3043.983,262.309,76.798,3560,4132,1.370,1.650,1.090,2,0,0,0,0,18,299,0,3,0
26-06 05:27:39,25.838,4.766,65.724,1.756,0,5310124,209848,182016,2300956,3433.720,704.404,337.151,3893.288,21.072,323.103,6791,10174,1.500,1.680,1.100,1,2,2.007,0,0,18,301,0,7,0
26-06 05:27:40,17.491,11.744,68.464,0.999,0,5283020,236348,182016,2301560,4709.513,1511.202,495.738,2882.478,23.987,222.882,5307,6014,1.500,1.680,1.100,1,0,158.916,0,0,18,300,0,7,0
26-06 05:27:41,8.764,19.782,69.613,0,0,5280896,237752,182016,2302280,4931.001,1568.545,861.398,304.494,9.015,15.024,5233,3802,1.500,1.680,1.100,2,0,270.439,0,0,18,300,0,8,0
26-06 05:27:42,16.026,9.515,62.852,10.517,0,5271212,215796,182024,2333840,4839.857,1514.459,31591.286,5024.156,1728.807,429.698,5374,13466,1.500,1.680,1.100,1,0,55.089,0,0,18,300,0,10,0
26-06 05:27:43,6.969,4.480,75.162,11.200,0.249,5270528,205464,182028,2344924,4921.872,2461.932,10871.126,1154.808,1754.114,16.924,3518,5180,1.500,1.680,1.100,0,0,5.973,0,0,18,301,0,10,0
26-06 05:27:44,15.308,6.023,77.294,0.251,0,5307292,168696,182028,2344928,9331.443,2302.746,256.976,726.760,2.008,69.263,2470,2587,1.460,1.660,1.100,1,0,6.023,0,0,18,301,0,10,0
26-06 05:27:45,16.449,6.480,75.518,0,0,5314140,161840,182028,2344936,5780.208,2439.491,765.643,87.730,5.982,12.960,2592,2208,1.460,1.660,1.100,0,0,5.982,0,0,18,301,0,10,0
26-06 05:27:46,1.749,0.749,96.417,0,0,5314140,161840,182028,2344936,32906.822,2158.152,0,0,0,0,1114,1501,1.460,1.660,1.100,0,0,0,0,0,18,301,0,9,0
26-06 05:27:47,2.002,0.250,96.573,0,0,5313804,162176,182028,2344936,13788.450,3180.410,0,180.137,0,11.008,997,1375,1.460,1.660,1.100,0,0,0,0,0,18,301,0,9,0
26-06 05:27:48,1.749,1.999,96.456,0,0,5307844,168136,182028,2344936,18755.484,1817.175,0,51.976,0,6.997,1072,1398,1.460,1.660,1.100,0,0,6.997,0,0,18,301,0,9,0
26-06 05:27:49,2.998,0.999,94.191,0.250,0,5304832,170896,182080,2345136,41580.140,2092.698,127.920,459.714,1.999,31.980,1551,2131,1.340,1.640,1.090,0,0,1.999,0,0,18,301,0,9,0
26-06 05:27:50,2.252,1.001,96.076,0.250,0,5299260,176264,182140,2345280,65977.875,3140.469,16.013,236.186,1.001,23.018,1230,1728,1.340,1.640,1.090,0,0,0,0,0,18,301,0,9,0
26-06 05:27:51,1.000,0.500,96.727,0,0,5294128,181304,182172,2345340,28374.121,2315.439,0,3.999,0,1.000,990,1352,1.340,1.640,1.090,0,0,2.000,0,0,18,301,0,9,0
26-06 05:27:52,1.749,0.500,96.452,0,0.250,5289136,186280,182176,2345352,22794.726,1961.030,0,355.824,0,17.991,976,1355,1.340,1.640,1.090,0,0,0,0,0,18,301,0,9,0
26-06 05:27:53,1.251,1.001,97.060,0,0,5284952,190464,182176,2345352,4742.935,1621.003,0,32.020,0,4.002,935,1318,1.340,1.640,1.090,0,0,0,0,0,18,301,0,9,0
26-06 05:27:54,3.001,0.750,95.027,0,0,5281084,194332,182176,2345352,4459.255,1458.411,0,264.074,0,23.006,1286,1798,1.230,1.610,1.090,0,0,0,0,0,18,301,0,9,0
26-06 05:27:55,1.748,0.499,96.124,0.250,0,5278132,197280,182176,2345356,19644.170,1947.439,0,67.911,0,9.987,1068,1434,1.230,1.610,1.090,0,0,0,0,0,18,301,0,9,0
26-06 05:27:56,1.251,0.500,97.583,0,0,5275768,199644,182176,2345356,22398.083,1921.637,0,32.027,0,4.003,933,1272,1.230,1.610,1.090,0,0,0,0,0,18,301,0,9,0
26-06 05:27:57,4.500,8.000,85.501,0,0,5255056,219504,182216,2346108,682087.549,13060.145,240.003,1848.020,12.000,274.003,2748,2125,1.230,1.610,1.090,0,0,33.000,0,0,18,300,0,9,0
26-06 05:27:58,1.250,0.250,97.986,0,0,5255252,219308,182216,2346108,4799.296,1619.762,0,0,0,0,790,1160,1.230,1.610,1.090,0,0,0,0,0,18,300,0,9,0
26-06 05:27:59,2.001,0.750,95.786,0.250,0,5254436,220120,182216,2346112,4399.633,1458.541,0,572.212,0,23.009,1226,1753,1.130,1.580,1.080,0,0,1.000,0,0,18,300,0,9,0
26-06 05:28:00,2.249,1.749,94.193,0.500,0,5253708,220836,182216,2346124,4797.096,1619.020,0,20499.588,0,254.846,1656,2328,1.130,1.580,1.080,0,0,0,0,0,18,300,0,9,0
26-06 05:28:01,1.501,1.001,96.810,0,0,5252876,221664,182216,2346128,5610.467,1621.002,0,28.017,0,3.002,1073,1499,1.130,1.580,1.080,0,0,0,0,0,18,300,0,9,0
26-06 05:28:02,1.747,0.749,96.065,0,0,5252844,221696,182216,2346128,5182.013,1620.876,0,323.377,0,19.962,1016,1342,1.130,1.580,1.080,0,0,0,0,0,18,300,0,9,0
26-06 05:28:03,1.002,0.250,97.441,0,0,5252844,221696,182216,2346128,5276.329,1569.072,0,52.102,0,6.012,879,1254,1.130,1.580,1.080,0,0,0,0,0,18,300,0,9,0
26-06 05:28:04,1.750,0.750,96.258,0.250,0,5252844,221696,182216,2346128,5500.429,1620.126,0,268.021,0,23.002,1269,1839,1.040,1.560,1.080,0,0,0,0,0,18,300,0,9,0
26-06 05:28:05,1.250,2.001,96.028,0,0,5253848,220688,182216,2346128,5643.648,1620.473,0,39899.650,0,305.089,1517,1709,1.040,1.560,1.080,0,0,0,0,0,18,300,0,9,0
26-06 05:28:06,1.500,0.750,96.219,0,0,5253568,220940,182216,2346168,4995.367,1619.471,0,503.835,0,3.999,1059,1358,1.040,1.560,1.080,0,0,0,0,0,18,300,0,9,0
26-06 05:28:07,3.750,1.500,94.002,0,0,5253720,220784,182216,2346172,5280.125,1620.038,0,0,0,0,1488,1927,1.040,1.560,1.080,0,0,3.000,0,0,18,300,0,9,0
26-06 05:28:08,2.999,1.250,94.480,0,0,5253576,220912,182216,2346188,4696.990,1457.687,0,0,0,0,1318,1670,1.040,1.560,1.080,0,0,2.000,0,0,18,300,0,11,0
26-06 05:28:09,2.501,1.250,94.533,0,0,5253776,220912,182216,2346204,5101.760,1620.559,0,192.066,0,24.008,1478,2075,0.960,1.530,1.070,0,0,2.001,0,0,18,300,0,11,0
26-06 05:28:10,1.000,1.000,96.232,0.250,0,5253772,220912,182216,2346208,5356.987,1457.724,0,3139.406,0,39.992,1187,1785,0.960,1.530,1.070,0,0,0,0,0,18,300,0,11,0
26-06 05:28:11,1.500,1.000,97.001,0,0,5253996,220688,182216,2346208,5477.076,1620.023,0,48.001,0,6.000,930,1330,0.960,1.530,1.070,0,0,0,0,0,18,300,0,9,0
26-06 05:28:12,1.245,0.747,96.363,0,0,5253996,220688,182216,2346208,4619.429,1452.162,0,314.735,0,18.924,922,1298,0.960,1.530,1.070,0,0,0,0,0,18,300,0,9,0
26-06 05:28:13,0.753,0.753,97.880,0.251,0,5253996,220688,182216,2346208,4941.166,1626.308,0,883.427,0,178.693,851,1244,0.960,1.530,1.070,1,0,0,0,0,18,300,0,9,0
26-06 05:28:14,2.500,0.750,95.000,0.500,0,5253868,220688,182216,2346336,4878.000,1458.000,0,460.000,0,44.000,1456,2219,0.880,1.500,1.060,0,0,0,0,0,18,300,0,9,0
26-06 05:28:15,1.992,0.996,95.622,0,0,5253864,220688,182220,2346336,4721.358,1613.629,0,135.465,0,18.925,1281,1822,0.880,1.500,1.060,0,0,0,0,0,18,300,0,9,0
26-06 05:28:16,1.757,0.251,96.877,0,0,5253860,220688,182220,2346340,4914.100,1463.689,0,0,0,0,1050,1425,0.880,1.500,1.060,0,0,0,0,0,18,300,0,9,0
26-06 05:28:17,2.503,4.505,92.355,0,0,5255116,219432,182220,2346340,5091.805,1567.788,180.205,220.251,9.010,11.013,1708,1826,0.880,1.500,1.060,1,0,63.072,0,0,18,300,0,9,0
26-06 05:28:18,8.267,21.544,67.388,0,0,5258360,215980,182220,2346548,4415.063,1028.110,0,92.189,0,10.021,5850,4495,0.880,1.500,1.060,1,0,392.806,0,0,18,300,0,9,0
26-06 05:28:19,7.488,20.218,69.139,0,0,5259148,215172,182220,2346568,4732.420,1617.409,0,0,0,0,5626,4396,0.890,1.500,1.060,1,0,327.475,0,0,18,300,0,9,0
26-06 05:28:20,7.495,20.737,69.207,0.500,0,5256188,218072,182220,2346628,5082.844,1607.002,31.980,587.635,1.999,33.979,5843,4698,0.890,1.500,1.060,1,0,339.789,0,0,18,300,0,9,0
26-06 05:28:21,7.247,21.990,68.468,0,0,5262568,211664,182220,2346656,5354.534,1619.254,0,39.982,0,4.998,6093,4793,0.890,1.500,1.060,1,0,434.800,0,0,18,300,0,9,0
26-06 05:28:22,8.262,21.531,68.598,0,0,5261964,212236,182224,2346684,5167.385,1622.319,8.011,0,2.003,0,6146,4946,0.890,1.500,1.060,1,0,443.634,0,0,18,300,0,9,0
26-06 05:28:23,14.976,10.982,71.633,0,0,5282204,191704,182376,2346824,5091.702,1617.364,275.551,0,31.948,0,3988,3098,0.890,1.500,1.060,1,0,194.683,0,0,18,300,0,9,0
26-06 05:28:24,9.746,3.749,85.218,0.250,0,5299676,174124,182384,2346892,38558.588,3152.822,39.985,475.822,4.998,32.988,2713,2907,0.820,1.470,1.060,0,0,26.990,0,0,18,301,0,9,0
26-06 05:28:25,2.250,1.250,94.744,0,0,5298804,174340,182384,2347548,694739.373,19078.774,0,163.989,0,9.999,1675,1842,0.820,1.470,1.060,1,0,0,0,0,18,301,0,9,0
26-06 05:28:26,3.250,1.750,93.748,0,0,5297404,174340,182384,2348948,1487087.475,34720.287,0,2131.956,0,8.000,2604,2092,0.820,1.470,1.060,0,0,0,0,0,18,301,0,9,0
26-06 05:28:27,2.006,1.254,95.028,0.501,0,5294872,176568,182384,2349252,324463.784,8358.467,0,2206.459,0,96.282,1606,2034,0.820,1.470,1.060,2,1,0,0,0,18,301,0,9,0
26-06 05:28:28,2.491,1.495,93.411,0.249,0,5291952,178508,182384,2350232,1042949.914,24061.721,0,2231.904,0,50.816,2278,2071,0.820,1.470,1.060,0,0,0,0,0,18,301,0,9,0
26-06 05:28:29,2.502,1.251,94.313,0,0,5290040,180152,182384,2350500,295945.083,6961.660,0,640.429,0,29.019,1601,1894,0.750,1.450,1.050,1,0,1.001,0,0,18,301,0,9,0
26-06 05:28:30,1.750,1.750,94.253,0.500,0,5299676,169972,182384,2351044,513221.260,10434.331,16.001,1016.032,1.000,47.001,1933,2328,0.750,1.450,1.050,1,0,0,0,0,18,301,0,9,0
26-06 05:28:31,12.801,9.287,75.551,1.004,0,5303432,143244,182972,2373288,202998.493,4578.211,4132.438,22517.571,61.244,385.534,4606,5281,0.750,1.450,1.050,0,1,53.212,0,0,18,300,0,10,0
26-06 05:28:32,7.976,15.702,69.039,4.486,0.249,5300404,139308,182996,2379072,4444.413,1453.556,3.988,14272.368,0.997,1594.127,8159,10650,0.750,1.450,1.050,1,0,127.610,0,0,18,300,0,10,0
26-06 05:28:33,20.319,10.034,67.981,0.753,0,5292884,160700,183100,2365024,4714.032,1462.976,24.082,4511.343,3.010,351.194,4285,4199,0.750,1.450,1.050,1,0,41.140,0,0,18,300,0,10,0
26-06 05:28:34,23.424,8.223,65.787,0.997,0,5297976,154928,183120,2365684,5041.658,1453.289,0,1778.236,0,120.609,3765,3253,0.770,1.440,1.050,1,0,34.887,0,0,18,300,0,10,0
26-06 05:28:35,23.568,7.772,66.942,0.501,0,5298608,153256,183184,2366628,4773.708,1462.199,0,1279.675,0,75.216,3471,2705,0.770,1.440,1.050,2,0,32.092,0,0,18,300,0,10,0
26-06 05:28:36,22.639,5.722,69.160,1.244,0,5281744,164244,183444,2371792,5229.272,1450.862,537.356,1162.282,57.716,43.785,3078,2832,0.770,1.440,1.050,2,0,15.922,0,0,18,300,0,10,0
26-06 05:28:37,20.853,6.532,70.346,1.256,0,5304216,141036,183444,2371792,5426.713,1628.014,104.514,5611.623,26.129,103.510,4420,6040,0.770,1.440,1.050,2,0,17.084,0,0,18,300,0,10,0
26-06 05:28:38,14.494,13.494,70.220,0.250,0,5344204,169156,183012,2303716,5097.815,1619.306,2802.798,15.993,91.961,1.000,3047,2407,0.770,1.440,1.050,1,0,43.981,0,0,18,300,0,10,0
26-06 05:28:39,21.270,6.006,71.567,0.250,0,5346628,164972,183016,2304528,4984.655,1621.514,804.752,2702.524,23.022,13.012,2841,2091,0.790,1.430,1.050,1,0,40.037,0,0,18,300,0,6,0
26-06 05:28:40,15.932,3.236,78.416,0.498,0,5277800,288168,183076,2251500,4705.985,1559.368,2708.480,716.951,74.682,44.809,2405,2355,0.790,1.430,1.050,0,0,17.924,0,0,18,300,0,6,0
26-06 05:28:41,0.500,1.000,97.513,0.250,0,5275828,290172,183076,2251504,5385.735,1620.221,4.001,2988.408,1.000,231.032,940,1296,0.790,1.430,1.050,0,0,0,0,0,18,300,0,6,0
26-06 05:28:42,6.025,3.012,90.121,0.251,0,5295580,270420,183076,2254720,5147.207,1626.702,8.033,28.116,1.004,3.012,1881,3746,0.790,1.430,1.050,2,0,36.149,0,0,18,300,0,6,0
26-06 05:28:43,1.493,0.996,95.580,0,0,5264844,301156,183076,2251512,4896.491,1505.387,0,0,0,0,1201,4348,0.790,1.430,1.050,0,0,0,0,0,18,300,0,4,0
26-06 05:28:44,16.069,5.775,77.080,0.251,0,5287204,278392,183076,2251900,4892.919,1572.724,638.731,1389.942,18.077,238.018,2530,2545,0.810,1.420,1.050,1,0,6.026,0,0,18,300,0,4,0
26-06 05:28:45,18.178,6.972,73.458,0.498,0,5277916,287672,183076,2251908,4753.120,1506.018,764.962,111.557,5.976,12.949,2499,2134,0.810,1.420,1.050,1,0,5.976,0,0,18,300,0,4,0
26-06 05:28:46,1.250,0.500,96.720,0,0.250,5275528,290060,183076,2251908,4621.553,1565.510,0,139.956,0,1.999,1056,1398,0.810,1.420,1.050,0,0,0,0,0,18,300,0,4,0
26-06 05:28:47,1.250,0.750,97.253,0,0,5272172,293412,183076,2251912,4662.142,1512.046,0,208.006,0,11.000,955,1314,0.810,1.420,1.050,0,0,0,0,0,18,300,0,4,0
26-06 05:28:48,1.250,1.250,96.230,0,0,5258364,307060,183076,2252072,4545.060,1565.676,159.967,31.993,6.999,3.999,1056,1317,0.810,1.420,1.050,0,0,5.999,0,0,18,300,0,4,0
26-06 05:28:49,1.751,0,96.547,0,0,5258304,307116,183076,2252076,4414.154,1512.738,0,316.154,0,64.031,1122,1511,0.740,1.400,1.040,0,0,1.000,0,0,18,300,0,4,0
26-06 05:28:50,1.000,0.750,98.020,0,0,5257640,307780,183076,2252076,4098.826,1458.294,0,0,0,0,867,1230,0.740,1.400,1.040,0,0,0,0,0,18,300,0,4,0
26-06 05:28:51,1.000,0.750,97.452,0,0,5256420,309000,183076,2252076,3303.363,647.679,0,7.996,0,1.999,946,1362,0.740,1.400,1.040,0,0,1.999,0,0,18,300,0,4,0
26-06 05:28:52,1.501,0.250,97.033,0,0,5251612,313804,183076,2252080,4579.539,1500.504,0,0,0,0,953,1323,0.740,1.400,1.040,0,0,0,0,0,18,300,0,4,0
26-06 05:28:53,1.250,0.500,97.494,0,0,5251612,313804,183076,2252080,4679.729,1661.904,0,0,0,0,944,1322,0.740,1.400,1.040,0,0,0,0,0,18,300,0,4,0
26-06 05:28:54,3.000,0.750,94.489,0.250,0,5251608,313804,183076,2252084,3733.573,701.920,0,539.938,0,50.994,1474,2188,0.680,1.380,1.040,0,0,0,0,0,18,300,0,4,0
26-06 05:28:55,1.500,1.000,97.003,0,0,5251608,313804,183076,2252084,4236.131,1296.040,0,72.002,0,10.000,959,1375,0.680,1.380,1.040,0,0,0,0,0,18,300,0,4,0
26-06 05:28:56,0.750,0.250,97.794,0,0,5251608,313804,183076,2252084,5359.431,1620.735,0,16.007,0,2.001,915,1261,0.680,1.380,1.040,0,0,0,0,0,18,300,0,4,0
26-06 05:28:57,1.000,0.250,97.743,0,0,5251608,313804,183076,2252084,5099.628,1619.882,0,4.000,0,1.000,912,1275,0.680,1.380,1.040,1,0,0,0,0,18,300,0,4,0
26-06 05:28:58,1.000,0.500,97.723,0,0,5251608,313804,183076,2252084,5098.610,1619.559,0,0,0,0,842,1241,0.680,1.380,1.040,0,0,0,0,0,18,300,0,4,0
26-06 05:28:59,1.000,1.000,96.771,0.250,0,5251600,313804,183076,2252092,4801.028,1620.347,0,368.079,0,32.007,1279,1899,0.630,1.350,1.030,0,0,1.000,0,0,18,300,0,4,0
26-06 05:29:00,1.750,0.250,96.973,0.250,0,5251596,313804,183076,2252096,4662.680,1457.587,0,1007.715,0,191.946,1164,1710,0.630,1.350,1.030,0,0,0,0,0,18,300,0,4,0
26-06 05:29:01,1.000,0.500,97.018,0,0,5251596,313804,183080,2252092,5624.019,1620.293,4.001,60.011,1.000,6.001,1012,1428,0.630,1.350,1.030,0,0,0,0,0,18,300,0,4,0
26-06 05:29:02,1.003,0.752,97.745,0,0,5251580,313804,183080,2252108,5217.066,1461.661,0,328.824,0,18.045,941,1370,0.630,1.350,1.030,0,0,0,0,0,18,300,0,4,0
26-06 05:29:03,2.243,0.499,95.718,0,0,5251580,313804,183080,2252108,5023.212,1507.562,0,263.225,0,23.930,1206,1734,0.630,1.350,1.030,1,0,0,0,0,18,300,0,4,0
26-06 05:29:04,1.749,1.000,95.462,0.250,0,5251576,313804,183080,2252112,5243.918,1607.362,0,179.929,0,27.989,1417,1983,0.580,1.330,1.030,0,0,0,0,0,18,300,0,4,0
26-06 05:29:05,2.001,0.750,96.541,0,0,5251576,313804,183080,2252112,5240.220,1458.618,0,0,0,0,1024,1331,0.580,1.330,1.030,1,0,0,0,0,18,300,0,4,0
26-06 05:29:06,1.500,1.500,95.498,0.500,0,5247368,317948,183088,2252168,5314.872,1457.965,20.000,6423.846,5.000,44.999,1220,1465,0.580,1.330,1.030,0,0,0,0,0,18,300,0,4,0
26-06 05:29:07,3.750,1.500,93.501,0,0,5247552,317752,183088,2252180,4938.068,1458.020,0,40.001,0,4.000,1420,1839,0.580,1.330,1.030,0,0,3.000,0,0,18,300,0,4,0
26-06 05:29:08,3.249,1.000,94.233,0,0,5247764,317528,183088,2252192,5237.038,1457.732,0,0,0,0,1318,1685,0.580,1.330,1.030,0,0,2.000,0,0,18,300,0,6,0
26-06 05:29:09,3.752,1.001,94.559,0,0,5247752,317528,183088,2252204,6275.885,1512.936,0,160.099,0,19.012,1499,2063,0.530,1.310,1.020,0,0,2.001,0,0,18,300,0,6,0
26-06 05:29:10,5.772,2.760,90.594,0,0,5263612,301664,183088,2252208,5424.592,1138.321,20.076,52.198,1.004,6.023,1320,1516,0.530,1.310,1.020,1,0,5.019,0,0,18,300,0,6,0
26-06 05:29:11,11.708,3.488,80.463,3.238,0,5246804,316064,183452,2254252,13839.598,9879.733,2355.591,1227.618,505.197,30.890,3014,3730,0.530,1.310,1.020,4,0,0.996,0,0,18,300,0,8,0
26-06 05:29:12,13.503,3.751,81.017,0.250,0,5274788,287944,183452,2254388,14829.045,11979.460,112.023,51606.598,6.001,183.038,2514,2470,0.530,1.310,1.020,1,0,4.001,0,0,18,300,0,8,0
26-06 05:29:13,13.995,2.999,80.974,0,0,5287360,275068,183452,2254692,14988.137,11994.108,0,199.935,0,23.992,2501,2670,0.530,1.310,1.020,1,0,4.998,0,0,18,300,0,8,1
26-06 05:29:14,14.997,3.749,78.984,0.500,0,5266704,295568,183452,2254848,13703.287,10746.872,15.997,355.930,1.000,44.991,2936,3425,0.570,1.300,1.020,1,0,9.998,0,0,18,300,0,10,0
26-06 05:29:15,14.518,3.504,80.848,0.250,0,5277724,284528,183452,2254868,15036.171,12255.811,0,216.261,0,26.031,2737,2967,0.570,1.300,1.020,1,0,5.006,0,0,18,300,0,11,0
26-06 05:29:16,13.487,4.496,80.175,0.250,0,5250488,311752,183452,2254880,15633.421,12220.604,7.993,2030.107,0.999,351.672,2917,2877,0.570,1.300,1.020,1,0,17.983,0,0,18,300,0,12,0
26-06 05:29:17,48.781,11.007,39.025,0,0.250,4870792,691344,183452,2255036,5283.373,1621.035,16.010,96.061,3.002,9.006,3656,2222,0.570,1.300,1.020,2,0,5.003,0,0,18,271,0,17,0
26-06 05:29:18,63.202,10.492,25.231,0.500,0,5038892,523184,183460,2255228,5226.039,1618.773,63.952,1235.064,10.992,73.944,3923,2239,0.570,1.300,1.020,4,0,3.997,0,0,18,271,0,17,0
26-06 05:29:19,88.745,8.774,2.256,0.251,0,5057364,503432,183480,2256544,4771.163,1462.033,970.678,637.759,45.124,31.086,4981,2686,0.840,1.350,1.040,4,0,8.022,0,0,18,267,0,18,0
26-06 05:29:20,67.169,12.235,19.227,0.499,0,5242608,316036,183488,2258688,42681.639,16728.869,475.428,323.611,52.936,26.968,5895,10069,0.840,1.350,1.040,1,0,2.996,0,0,18,271,0,26,0
26-06 05:29:21,34.412,5.237,58.600,0.499,0,5281804,275280,183492,2260244,43994.167,11206.259,454.833,1069.258,36.905,83.785,6255,10308,0.840,1.350,1.040,5,1,0,0,0,18,278,0,30,0
26-06 05:29:22,22.277,5.006,71.086,0.501,0,5257636,299484,183492,2260256,5106.177,1621.962,8.010,1750.117,1.001,108.131,2685,2511,0.840,1.350,1.040,2,0,7.008,0,0,18,276,0,30,0
26-06 05:29:23,24.502,5.000,68.506,0.750,0,5277924,277560,183492,2261892,4518.391,1458.126,700.061,1532.133,39.003,74.006,5606,9698,0.840,1.350,1.040,2,1,1.000,0,0,18,282,0,31,0
26-06 05:29:24,2.249,0.750,95.952,0,0,5277920,277560,183492,2261896,4677.638,1619.182,0,343.826,0,31.984,1243,1844,0.780,1.330,1.030,0,0,0,0,0,18,282,0,31,0
26-06 05:29:25,1.250,0.750,97.241,0,0,5277920,277560,183492,2261896,4249.615,1349.878,0,0,0,0,964,1346,0.780,1.330,1.030,1,0,1.000,0,0,18,282,0,31,0
26-06 05:29:26,1.750,0.250,96.493,0,0,5277920,277560,183492,2261896,3064.771,647.952,0,223.983,0,16.999,966,1462,0.780,1.330,1.030,0,0,0,0,0,18,282,0,31,0
26-06 05:29:27,1.250,1.000,97.285,0.250,0,5277920,277560,183492,2261896,4219.511,1458.522,0,112.040,0,14.005,924,1435,0.780,1.330,1.030,0,0,0,0,0,18,282,0,31,0
26-06 05:29:28,0.750,0.250,97.748,0,0,5277924,277560,183492,2261892,4975.899,1565.968,0,35.999,0,5.000,828,1260,0.780,1.330,1.030,0,0,0,0,0,18,282,0,31,0
26-06 05:29:29,3.000,1.000,94.994,0,0,5277924,277560,183492,2261892,5915.597,1605.891,0,299.980,0,28.998,1394,1984,0.710,1.300,1.030,3,0,2.000,0,0,18,282,0,31,0
26-06 05:29:30,2.000,0.750,94.996,0.250,0,5277892,277560,183496,2261920,5919.748,1079.954,15.999,291.988,1.000,35.998,1534,2450,0.710,1.300,1.030,0,0,0,0,0,18,282,0,31,0
26-06 05:29:31,2.000,1.250,95.266,0.500,0,5277988,277460,183496,2261924,5217.894,1080.185,0,10165.742,0,1226.210,1793,2167,0.710,1.300,1.030,0,0,0,0,0,18,282,0,31,0
26-06 05:29:32,0.750,0.500,97.263,0.250,0,5278208,277240,183496,2261924,4990.656,1620.213,0,104.014,0,7.001,913,1323,0.710,1.300,1.030,0,0,0,0,0,18,282,0,30,0
26-06 05:29:33,1.000,0.500,97.274,0.250,0,5278208,277240,183496,2261924,4547.116,1566.385,0,264.065,0,17.004,982,1471,0.710,1.300,1.030,0,1,0,0,0,18,282,0,30,0
26-06 05:29:34,1.754,0.752,96.735,0,0,5278200,277240,183500,2261928,4665.311,1515.675,0,621.507,0,52.126,1251,1837,0.660,1.280,1.020,0,0,0,0,0,18,282,0,30,0
26-06 05:29:35,0.500,0.750,98.004,0,0,5278200,277240,183500,2261928,4812.176,1752.064,0,0,0,0,891,1283,0.660,1.280,1.020,0,0,0,0,0,18,282,0,30,0
26-06 05:29:36,1.496,0.249,97.462,0,0,5278200,277240,183500,2261928,5107.915,1681.036,0,31.906,0,3.988,875,1266,0.660,1.280,1.020,1,0,0,0,0,18,282,0,30,0
26-06 05:29:37,1.000,0.500,97.227,0,0,5278200,277240,183500,2261928,5198.751,1589.618,0,51.988,0,2.999,931,1282,0.660,1.280,1.020,0,0,0,0,0,18,282,0,30,0
26-06 05:29:38,1.000,0.750,97.257,0,0,5278200,277240,183500,2261928,5100.369,1620.117,0,20.001,0,1.000,896,1288,0.660,1.280,1.020,0,0,0,0,0,18,282,0,30,0
26-06 05:29:39,1.999,0.500,96.219,0,0,5278448,276988,183500,2261932,4876.404,1457.523,0,107.965,0,9.997,1131,1499,0.600,1.260,1.010,0,0,1.000,0,0,18,282,0,30,0
26-06 05:29:40,1.250,1.000,96.717,0.250,0,5278428,276988,183504,2261948,4858.324,1619.441,0,395.863,0,26.991,1175,1791,0.600,1.260,1.010,0,0,0,0,0,18,282,0,30,0
26-06 05:29:41,1.751,0.750,95.303,0.250,0,5278428,276988,183504,2261948,5147.852,1458.808,0,368.204,0,43.024,1456,2175,0.600,1.260,1.010,1,0,0,0,0,18,282,0,30,0
26-06 05:29:42,1.250,0.500,97.239,0,0,5278428,276988,183504,2261948,4979.442,1619.818,0,1343.849,0,4.999,932,1285,0.600,1.260,1.010,0,0,0,0,0,18,282,0,30,0
26-06 05:29:43,6.476,3.985,87.670,0,0,5292860,262556,183504,2261948,4680.386,1452.533,0,127.520,0,2.989,2271,8364,0.600,1.260,1.010,0,1,35.865,0,0,18,282,0,31,0
26-06 05:29:44,2.760,1.505,93.840,0.753,0,5293112,262304,183504,2261948,4697.032,1625.896,0,570.067,0,56.204,1652,2344,0.560,1.240,1.010,1,0,0,0,0,18,282,0,31,0
26-06 05:29:45,1.500,0.500,96.527,0,0,5293100,262304,183508,2261956,4639.300,1458.409,0,400.112,0,36.010,1139,1788,0.560,1.240,1.010,0,0,0,0,0,18,282,0,30,0
26-06 05:29:46,1.500,0.500,96.997,0,0,5292260,263144,183508,2261956,5236.827,1619.947,0,0,0,0,951,1310,0.560,1.240,1.010,1,0,0,0,0,18,282,0,30,0
26-06 05:29:47,0.750,0.750,97.257,0,0,5292096,263304,183508,2261960,4518.313,1458.101,0,456.032,0,72.005,909,1260,0.560,1.240,1.010,0,0,0,0,0,18,282,0,30,0
26-06 05:29:48,1.749,1.249,95.960,0,0,5292752,262648,183508,2261960,4797.996,1619.324,0,95.960,0,2.999,1060,1344,0.560,1.240,1.010,1,0,5.997,0,0,18,282,0,30,0
26-06 05:29:49,1.995,0.998,95.766,0.249,0,5292752,262648,183508,2261960,4489.024,1616.049,0,115.717,0,11.971,1078,1420,0.510,1.220,1,0,0,0.998,0,0,18,282,0,30,0
26-06 05:29:50,1.257,0.754,97.580,0,0,5292976,262424,183508,2261960,4707.968,1629.681,0,0,0,0,902,1262,0.510,1.220,1,0,0,0,0,0,18,282,0,30,0
26-06 05:29:51,1.745,0.499,95.732,0.499,0,5291848,263548,183508,2261964,4815.509,1747.105,0,235.341,0,27.922,1526,2204,0.510,1.220,1,1,1,1.994,0,0,18,282,0,30,0
26-06 05:29:52,39.964,9.741,48.706,0.500,0,4944960,609632,183652,2262700,5289.257,2096.120,875.215,1798.387,93.916,349.686,4346,3102,0.510,1.220,1,1,0,78.929,0,0,18,278,0,32,0
26-06 05:29:53,22.264,4.253,72.044,0,0,5008496,546020,183652,2262776,4742.921,2121.307,72.044,132.081,5.003,6.004,2177,1794,0.510,1.220,1,1,0,0,0,0,18,278,0,32,0
26-06 05:29:54,23.507,5.002,70.022,0.250,0,5059860,493864,183652,2263568,5299.660,1638.513,172.054,236.074,23.007,19.006,3447,4476,0.550,1.210,1,3,0,3.001,0,0,18,278,0,32,0
26-06 05:29:55,21.744,6.998,69.980,0,0,5166444,386812,183652,2264056,5278.476,1619.532,183.947,4382.735,13.996,557.839,3409,3617,0.550,1.210,1,1,0,17.995,0,0,18,282,0,34,0
26-06 05:29:56,22.009,4.502,72.278,0,0,5204324,348928,183652,2264060,5239.053,1704.668,0,80.031,0,7.003,2129,1626,0.550,1.210,1,1,0,4.002,0,0,18,282,0,34,0
26-06 05:29:57,10.993,1.499,86.942,0,0,5214360,338704,183652,2264248,4814.808,1540.978,0,375.751,0,4.997,1417,1426,0.550,1.210,1,0,0,0.999,0,0,18,282,0,34,0
26-06 05:29:58,1.000,0.250,97.276,0,0,5209608,343456,183652,2264248,5111.370,1760.472,0,0,0,0,911,1301,0.550,1.210,1,0,0,0,0,0,18,282,0,34,0
26-06 05:29:59,1.750,1.000,96.008,0.250,0,5205480,347580,183652,2264252,4338.349,1458.117,0,140.011,0,13.001,1312,1869,0.590,1.210,1,1,0,1.000,0,0,18,282,0,34,0
26-06 05:30:00,1.750,0.500,96.493,0.250,0,5202296,350764,183652,2264252,4619.660,1619.881,0,435.968,0,23.998,1118,1656,0.590,1.210,1,1,0,0,0,0,18,282,0,34,0
26-06 05:30:01,2.251,1.000,94.774,0.250,0,5197500,355548,183652,2264264,5436.350,1458.362,0,192.048,0,27.007,1525,2257,0.590,1.210,1,0,0,0,0,0,18,282,0,34,0
26-06 05:30:02,2.249,1.250,95.968,0,0,5195108,357756,183656,2264444,5518.182,1709.437,179.941,91.970,10.996,7.997,1220,1512,0.590,1.210,1,1,0,1.999,0,0,18,282,0,34,0
26-06 05:30:03,1.749,0.500,96.452,0,0,5192576,360288,183656,2264444,5065.491,1457.278,0,3.998,0,1.000,959,1270,0.590,1.210,1,0,0,0,0,0,18,282,0,34,0
26-06 05:30:04,3.501,1.501,93.787,0,0,5191556,361308,183656,2264444,5468.134,1662.649,0,408.159,0,33.013,1470,1991,0.540,1.190,1,0,0,2.001,0,0,18,282,0,34,0
26-06 05:30:05,1.750,1.000,95.524,0.750,0,5190668,362160,183656,2264480,5025.267,1458.368,32.008,2440.615,2.001,115.029,1359,2051,0.540,1.190,1,0,0,1.000,0,0,18,282,0,34,0
26-06 05:30:06,2.000,1.250,95.996,0,0,5190440,362352,183656,2264516,5694.746,1891.916,0,71.997,0,7.000,1103,1437,0.540,1.190,1,0,0,0,0,0,18,282,0,34,0
26-06 05:30:07,1.750,0.500,96.521,0,0,5190688,362100,183656,2264520,5325.138,1818.389,0,64.014,0,6.001,1047,1430,0.540,1.190,1,0,0,1.000,0,0,18,282,0,34,0
26-06 05:30:08,3.000,1.750,93.989,0.250,0,5188168,364592,183656,2264548,6299.238,1619.804,0,135.984,0,8.999,1521,2152,0.540,1.190,1,0,0,3.000,0,0,18,282,0,34,0
26-06 05:30:09,3.751,1.500,93.516,0,0,5188400,364340,183656,2264568,5132.871,1512.257,0,216.037,0,20.003,1636,2166,0.500,1.170,0.990,0,0,3.001,0,0,18,282,0,34,0
26-06 05:30:10,1.500,0.500,97.222,0.250,0,5188396,364340,183656,2264572,5624.368,1565.546,0,47.986,0,5.998,1090,1508,0.500,1.170,0.990,0,0,0,0,0,18,282,0,34,0
26-06 05:30:11,2.000,0.500,95.489,0.250,0.250,5188396,364340,183656,2264572,5240.369,1445.826,0,163.980,0,23.997,1437,2067,0.500,1.170,0.990,0,0,0,0,0,18,282,0,34,0
26-06 05:30:12,1.500,1.000,97.257,0.250,0,5188396,364340,183656,2264572,3482.242,792.055,0,364.025,0,25.002,928,1416,0.500,1.170,0.990,0,0,0,0,0,18,282,0,34,0
26-06 05:30:13,1.000,1.000,96.499,0,0,5188396,364340,183656,2264572,3777.946,917.987,0,1507.978,0,290.996,1046,1435,0.500,1.170,0.990,0,0,0,0,0,18,282,0,30,0
26-06 05:30:14,2.500,0.750,95.264,0,0,5188392,364340,183656,2264576,4698.694,1458.215,0,224.033,0,26.004,1383,2088,0.450,1.150,0.980,0,0,0,0,0,18,282,0,30,0
26-06 05:30:15,1.500,0.750,95.971,0.500,0,5188388,364340,183656,2264580,4252.725,1175.648,0,359.892,0,31.990,1284,1839,0.450,1.150,0.980,0,0,0,0,0,18,282,0,30,0
26-06 05:30:16,1.500,0.750,96.745,0,0,5188388,364340,183656,2264580,3460.818,323.983,0,47.997,0,6.000,923,1316,0.450,1.150,0.980,0,0,0,0,0,18,282,0,30,0
26-06 05:30:17,0.999,0.500,97.189,0,0,5188388,364340,183656,2264580,4617.110,1618.986,0,0,0,0,920,1274,0.450,1.150,0.980,0,0,0,0,0,18,282,0,30,0
26-06 05:30:18,1.251,0.250,96.838,0,0,5188384,364340,183660,2264580,5002.556,1459.329,0,208.190,0,15.014,954,1316,0.450,1.150,0.980,0,0,0,0,0,18,282,0,21,0
26-06 05:30:19,2.000,1.250,96.511,0,0,5188384,364340,183660,2264580,4454.496,1404.156,0,56.006,0,6.001,1010,1396,0.420,1.130,0.980,0,0,1.000,0,0,18,282,0,21,0
26-06 05:30:20,1.250,0.500,97.244,0,0,5188380,364340,183660,2264584,4373.751,1133.936,0,0,0,0,925,1300,0.420,1.130,0.980,0,0,0,0,0,18,282,0,21,0
26-06 05:30:21,1.751,0.750,95.781,0.500,0,5188380,364340,183660,2264584,4450.423,1212.388,0,156.050,0,25.008,1529,2280,0.420,1.130,0.980,0,0,0,0,0,18,282,0,21,0
26-06 05:30:22,2.506,2.757,93.721,0,0,5189132,363584,183660,2264588,4476.576,1479.495,0,236.559,0,16.038,1557,1767,0.420,1.130,0.980,1,0,34.081,0,0,18,282,0,8,0
26-06 05:30:23,9.973,17.203,70.060,0,0,5212948,339748,183660,2264608,4326.271,1593.680,3.989,279.243,0.997,48.868,4983,3960,0.420,1.130,0.980,1,0,276.251,0,0,18,282,0,8,0
26-06 05:30:24,23.501,3.000,72.502,0,0,5275652,277040,183660,2264612,6109.207,3586.122,0,840.028,0,161.005,2431,2047,0.470,1.130,0.980,0,0,0,0,0,18,283,0,8,0
26-06 05:30:25,16.782,2.254,78.903,0,0,5277180,275276,183660,2264848,13121.365,9312.001,84.163,340.659,5.010,36.070,3102,3535,0.470,1.130,0.980,2,0,0,0,0,18,283,0,10,0
26-06 05:30:26,31.817,7.265,59.376,1.253,0.251,5281536,270368,183664,2265396,5817.317,2829.992,485.027,737.562,31.066,89.189,5547,7226,0.470,1.130,0.980,2,0,26.055,0,0,18,282,0,10,0
26-06 05:30:27,38.012,7.502,53.517,0,0,5346180,205532,183672,2265580,14107.410,10507.284,140.044,124.039,6.002,9.003,3307,2665,0.470,1.130,0.980,3,0,5.002,0,0,18,286,0,12,0
26-06 05:30:28,23.410,4.483,69.982,0,0.249,5324752,226900,183672,2265640,34510.735,30279.950,15.939,342.687,0.996,8.966,3201,2738,0.470,1.130,0.980,1,0,34.866,0,0,18,282,0,20,0
26-06 05:30:29,1.749,1.000,95.718,0,0,5324752,226900,183672,2265640,5268.233,1701.429,0,231.922,0,17.994,1290,1893,0.430,1.110,0.970,0,0,1.000,0,0,18,282,0,20,0
26-06 05:30:30,2.000,0.500,96.728,0,0,5324212,227440,183672,2265640,4950.854,1553.640,0,187.956,0,21.995,1149,1785,0.430,1.110,0.970,0,0,0,0,0,18,282,0,20,0
26-06 05:30:31,2.249,0.750,94.203,0.250,0,5322384,229260,183676,2265644,5020.502,1025.490,0,371.815,0,45.977,1687,2501,0.430,1.110,0.970,0,0,0,0,0,18,282,0,20,0
26-06 05:30:32,1.000,0.750,96.545,0,0,5320792,230848,183676,2265648,4788.208,1566.722,0,0,0,0,991,1360,0.430,1.110,0.970,0,0,0,0,0,18,282,0,20,0
26-06 05:30:33,2.000,0.750,96.011,0,0,5316784,234772,183676,2265732,4412.484,1512.166,80.009,104.011,5.001,10.001,1074,1547,0.430,1.110,0.970,0,0,0,0,0,18,282,0,20,0
26-06 05:30:34,2.500,1.000,94.749,1.000,0,5313648,237904,183680,2265732,4711.961,1511.988,0,4739.961,0,533.996,1846,2660,0.390,1.090,0.970,0,0,0,0,0,18,282,0,20,0
26-06 05:30:35,1.250,1.000,97.232,0.250,0,5310416,241136,183680,2265732,5085.050,1565.708,0,235.956,0,14.997,909,1343,0.390,1.090,0.970,0,0,0,0,0,18,282,0,20,0
26-06 05:30:36,1.000,0.500,96.761,0.250,0,5308368,243176,183680,2265740,5255.579,1458.161,16.002,116.013,1.000,16.002,1153,1707,0.390,1.090,0.970,0,0,1.000,0,0,18,282,0,20,0
26-06 05:30:37,1.000,0.500,97.493,0.250,0,5306712,244816,183680,2265756,4829.642,1589.882,0,315.977,0,21.998,909,1348,0.390,1.090,0.970,0,0,0,0,0,18,282,0,20,0
26-06 05:30:38,1.000,1.000,96.256,0,0,5305296,246228,183680,2265760,4790.322,1710.115,0,112.008,0,13.001,1032,1418,0.390,1.090,0.970,0,0,0,0,0,18,282,0,20,0
26-06 05:30:39,1.500,1.000,96.970,0,0,5304080,247444,183680,2265760,4336.647,1457.545,0,71.978,0,7.998,1036,1456,0.360,1.070,0.960,0,0,1.000,0,0,18,282,0,20,0
26-06 05:30:40,1.250,0.250,96.996,0,0,5303012,248508,183680,2265764,4545.822,1565.939,0,95.996,0,12.000,996,1382,0.360,1.070,0.960,0,0,0,0,0,18,282,0,20,0
26-06 05:30:41,3.228,0.745,94.371,0.248,0,5302072,249448,183680,2265764,4785.088,1609.268,0,214.569,0,35.762,1672,2421,0.360,1.070,0.960,0,0,0,0,0,18,282,0,20,0
26-06 05:30:42,1.259,0.504,97.436,0.252,0,5301264,250256,183680,2265764,4805.845,1522.724,0,306.156,0,20.142,942,1380,0.360,1.070,0.960,0,0,0,0,0,18,282,0,20,0
26-06 05:30:43,6.501,3.751,88.018,0,0,5299472,252048,183680,2265764,4680.969,1662.344,0,0,0,0,2162,5467,0.360,1.070,0.960,0,0,36.007,0,0,18,282,0,21,0
26-06 05:30:44,2.000,1.000,95.982,0,0,5299464,252048,183680,2265772,5039.043,1619.692,0,211.960,0,26.995,1365,2126,0.330,1.050,0.960,0,0,0,0,0,18,282,0,21,0
26-06 05:30:45,1.250,0.500,97.000,0,0,5299456,252048,183680,2265780,5085.995,1565.998,0,108.000,0,17.000,1082,1624,0.330,1.050,0.960,0,0,0,0,0,18,282,0,21,0
26-06 05:30:46,1.499,0.999,95.921,0.250,0,5299444,252048,183680,2265792,5542.436,1618.667,11.990,183.849,1.998,18.984,1178,1668,0.330,1.050,0.960,0,0,0,0,0,18,282,0,20,0
26-06 05:30:47,1.495,0.997,95.938,0.748,0,5299444,252048,183680,2265792,4816.338,1507.099,0,1917.764,0,108.647,1120,1715,0.330,1.050,0.960,0,0,0,0,0,18,282,0,20,0
26-06 05:30:48,1.756,1.255,95.352,0,0,5299444,252048,183680,2265792,4562.842,1571.802,0,220.815,0,12.044,1069,1367,0.330,1.050,0.960,0,0,6.022,0,0,18,282,0,20,0
26-06 05:30:49,1.753,0.751,95.928,0.250,0,5299444,252048,183680,2265792,8799.335,2828.250,0,1218.262,0,60.112,1233,1721,0.310,1.040,0.950,0,0,1.002,0,0,18,282,0,20,0
26-06 05:30:50,1.996,0.748,96.299,0,0,5299432,252048,183680,2265804,5794.909,1628.602,0,810.309,0,180.623,1116,1392,0.310,1.040,0.950,0,0,0,0,0,18,282,0,20,0
26-06 05:30:51,2.500,0.500,95.003,0.250,0,5299432,252048,183680,2265804,4789.173,1512.055,0,220.008,0,35.001,1594,2284,0.310,1.040,0.950,0,0,0,0,0,18,282,0,20,0
26-06 05:30:52,1.001,0.750,97.302,0.250,0,5299432,252048,183680,2265804,4560.460,1740.939,0,312.168,0,18.010,996,1456,0.310,1.040,0.950,0,0,0,0,0,18,282,0,20,0
26-06 05:30:53,1.500,0.750,97.029,0,0,5299428,252048,183680,2265808,4365.326,1644.499,0,60.018,0,7.002,999,1389,0.310,1.040,0.950,0,0,0,0,0,18,282,0,20,0
26-06 05:30:54,3.248,1.249,94.440,0.250,0,5299296,252048,183680,2265940,4483.139,1565.001,0,627.599,0,98.937,1494,2164,0.280,1.020,0.950,0,0,0,0,0,18,282,0,18,0
26-06 05:30:55,1.000,0.750,97.010,0,0,5299292,252048,183680,2265944,4592.492,1512.162,0,356.038,0,23.002,1033,1461,0.280,1.020,0.950,0,0,2.000,0,0,18,282,0,18,0
26-06 05:30:56,1.250,0.500,97.026,0.250,0,5299284,252048,183680,2265952,4244.116,1026.270,0,108.028,0,15.004,1121,1649,0.280,1.020,0.950,0,0,0,0,0,18,282,0,18,0
26-06 05:30:57,1.000,0.750,97.233,0,0,5299280,252048,183680,2265956,4299.232,1079.807,0,287.949,0,18.997,971,1381,0.280,1.020,0.950,0,0,0,0,0,18,282,0,18,0
26-06 05:30:58,2.500,1.500,94.757,0,0,5299116,252204,183680,2265964,10598.761,2943.211,0,44.003,0,4.000,1357,1597,0.280,1.020,0.950,0,0,18.001,0,0,18,282,0,18,0
26-06 05:30:59,1.750,0.750,95.752,0,0,5299112,252204,183680,2265968,4772.121,1652.042,0,116.003,0,14.000,1276,1830,0.260,1,0.940,0,0,1.000,0,0,18,282,0,16,0
26-06 05:31:00,1.750,0.500,96.250,0.250,0,5299108,252204,183680,2265972,5040.006,1620.002,0,304.000,0,24.000,1229,1807,0.260,1,0.940,0,0,0,0,0,18,282,0,16,0
26-06 05:31:01,2.751,0.750,96.043,0.250,0,5299104,252204,183680,2265976,5299.351,1620.719,0,1024.454,0,213.095,1633,2370,0.260,1,0.940,0,0,0,0,0,18,282,0,16,0
26-06 05:31:02,0.750,0.750,97.467,0,0,5299104,252204,183680,2265976,5158.270,1619.457,0,107.964,0,8.997,903,1319,0.260,1,0.940,0,0,0,0,0,18,282,0,16,0
26-06 05:31:03,1.500,0.750,96.529,0.500,0,5299104,252204,183680,2265976,4921.461,1662.494,0,196.058,0,20.006,1126,1690,0.260,1,0.940,0,0,0,0,0,18,282,0,16,0
26-06 05:31:04,1.750,0.500,95.743,0.250,0,5299104,252204,183680,2265976,5379.621,1619.886,0,747.947,0,63.995,1275,1931,0.240,0.980,0.940,0,0,0,0,0,18,282,0,16,0
26-06 05:31:05,1.250,0.750,97.971,0,0,5299096,252204,183680,2265984,5062.518,1523.554,0,11.996,0,1.000,882,1273,0.240,0.980,0.940,0,0,0,0,0,18,282,0,16,0
26-06 05:31:06,1.750,0.750,96.510,0,0,5299060,252204,183680,2266020,4927.504,1350.138,0,0,0,0,991,1312,0.240,0.980,0.940,0,0,0,0,0,18,282,0,16,0
26-06 05:31:07,1.000,0.750,97.474,0,0,5299060,252204,183680,2266020,4684.729,1265.656,0,219.940,0,14.996,914,1326,0.240,0.980,0.940,0,0,1.000,0,0,18,282,0,16,0
26-06 05:31:08,3.000,0.750,94.489,0,0,5298072,253188,183680,2266024,5579.327,1199.855,0,0,0,0,1345,1846,0.240,0.980,0.940,0,0,3.000,0,0,18,282,0,16,0
26-06 05:31:09,7.779,2.509,89.834,0,0,5297868,253228,183680,2266188,5345.902,1571.852,112.419,60.224,6.022,7.026,2383,2955,0.220,0.970,0.930,0,1,2.007,0,0,18,283,0,18,0
26-06 05:31:10,3.738,0.997,93.695,0.249,0,5297716,253228,183680,2266340,5833.024,1507.097,159.481,159.481,9.968,17.942,1654,2212,0.220,0.970,0.930,0,0,1.994,0,0,18,282,0,18,0
26-06 05:31:11,2.750,1.250,94.245,0.250,0,5297704,253228,183680,2266352,5296.715,1619.913,0,287.985,0,36.998,1814,2530,0.220,0.970,0.930,0,0,0,0,0,18,282,0,16,0
26-06 05:31:12,1.250,0.500,96.497,0.250,0,5298148,252780,183680,2266356,4397.876,1457.959,0,1163.967,0,224.994,1047,1417,0.220,0.970,0.930,0,0,0,0,0,18,282,0,16,0
26-06 05:31:13,1.500,0.750,96.751,0.250,0,5298148,252780,183680,2266356,4926.037,1686.013,0,180.001,0,17.000,1100,1503,0.220,0.970,0.930,0,0,0,0,0,18,282,0,16,0
26-06 05:31:14,2.000,1.000,95.495,0,0,5298140,252780,183680,2266364,4723.741,1457.920,0,463.975,0,41.998,1477,2256,0.200,0.950,0.930,0,0,0,0,0,18,282,0,16,0
26-06 05:31:15,1.250,0.500,96.222,0.250,0,5298132,252780,183680,2266372,5364.426,1731.492,0,479.859,0,35.989,1194,1817,0.200,0.950,0.930,0,0,0,0,0,18,282,0,16,0
26-06 05:31:16,1.250,0.750,97.519,0,0,5298132,252780,183680,2266372,5222.042,1458.291,0,12.002,0,1.000,918,1283,0.200,0.950,0.930,0,0,0,0,0,18,282,0,16,0
26-06 05:31:17,1.250,0.750,97.002,0,0,5298132,252780,183680,2266372,5282.103,1620.032,0,0,0,0,927,1276,0.200,0.950,0.930,1,0,0,0,0,18,282,0,16,0
26-06 05:31:18,3.002,3.252,92.568,0,0,5307456,243456,183680,2266372,5283.875,1621.189,0,212.156,0,15.011,1566,1675,0.200,0.950,0.930,2,0,37.027,0,0,18,282,0,16,0
26-06 05:31:19,17.739,2.748,78.202,0,0,5323316,227580,183680,2266396,13201.958,9623.138,0,0,0,0,2394,2263,0.260,0.950,0.930,1,0,0.999,0,0,18,285,0,16,0
26-06 05:31:20,8.256,7.756,82.564,0.250,0,5303952,246936,183680,2266404,8733.783,4878.789,4.003,120.093,1.001,12.009,3532,3338,0.260,0.950,0.930,1,0,133.103,0,0,18,284,0,17,2
26-06 05:31:21,10.993,17.989,69.206,0.250,0,5313728,237100,183680,2266464,17368.987,2698.289,0,447.716,0,44.971,6347,5848,0.260,0.950,0.930,2,0,366.767,0,0,18,283,0,17,3
26-06 05:31:22,21.496,4.999,72.487,0.250,0,5357776,193000,183680,2266516,5131.084,1511.730,51.991,155.972,2.000,9.998,2113,1703,0.260,0.950,0.930,1,0,0,0,0,18,283,0,17,3
26-06 05:31:23,22.772,4.755,72.069,0.250,0,5403908,197368,183404,2216616,4970.743,1567.496,136.130,0,9.009,0,2160,1712,0.260,0.950,0.930,1,0,2.002,0,0,18,283,0,17,3
26-06 05:31:24,22.479,2.498,70.934,2.747,0,5419968,174656,183600,2223072,4841.471,1648.458,2993.200,1370.718,307.712,39.963,2761,2762,0.320,0.950,0.930,1,0,0,0,0,18,283,0,17,3
26-06 05:31:25,21.015,5.004,72.802,0.250,0,5452656,141752,183604,2223268,4835.440,1555.106,24.017,1264.900,4.003,98.070,2194,1736,0.320,0.950,0.930,1,0,3.002,0,0,18,283,0,17,3
26-06 05:31:26,25.341,6.273,66.991,0.753,0,5457132,173420,183372,2187504,4894.603,1625.847,0,967.479,0,105.379,7075,9997,0.320,0.950,0.930,1,0,0,0,0,18,285,0,18,3
26-06 05:31:27,25.142,3.485,66.714,1.743,0.249,5464164,165384,183376,2188504,4558.483,1451.784,939.976,6508.136,60.740,670.131,4769,6175,0.320,0.950,0.930,2,0,0.996,0,0,18,292,0,17,3
26-06 05:31:28,8.249,1.250,88.745,0.750,0,5467488,161836,183376,2188728,6499.605,2570.844,0,1871.886,0,133.992,2586,3846,0.320,0.950,0.930,0,0,0,0,0,18,290,0,18,3
26-06 05:31:29,10.523,2.255,85.440,0.501,0,5467652,161280,183376,2189120,7750.232,2445.437,176.392,910.023,10.022,129.287,3226,4420,0.300,0.940,0.920,0,0,2.004,0,0,18,290,0,18,3
26-06 05:31:30,6.237,1.247,89.318,0.748,0,5467324,161552,183376,2189176,6541.663,2078.762,15.967,846.275,0.998,86.823,2612,3703,0.300,0.940,0.920,0,0,0,0,0,18,290,0,18,3
26-06 05:31:31,9.000,2.250,86.748,1.000,0,5465240,163528,183376,2189284,9175.741,2685.924,63.998,831.977,4.000,121.997,3154,4398,0.300,0.940,0.920,0,0,0,0,0,18,290,0,8,3
26-06 05:31:32,9.501,1.750,87.262,0.500,0,5463724,164888,183376,2189440,8927.229,2232.307,132.018,420.058,10.001,54.007,2954,3768,0.300,0.940,0.920,1,0,0,0,0,18,293,0,8,3
26-06 05:31:33,25.836,5.267,65.718,1.254,0,5462620,165368,183376,2190064,4593.239,1462.853,232.772,2335.749,16.053,285.949,8010,11974,0.300,0.940,0.920,1,0,1.003,0,0,18,292,0,10,4
26-06 05:31:34,25.657,5.978,64.516,1.993,0,5463312,164180,183376,2190560,5260.939,1614.152,15.942,7476.911,0.996,560.968,7907,12068,0.350,0.940,0.920,5,0,0,0,0,18,292,0,12,3
26-06 05:31:35,3.252,0.500,93.815,0.751,0,5464028,163424,183376,2190600,6264.327,2566.773,0,1525.053,0,116.080,1908,2959,0.350,0.940,0.920,1,0,0,0,0,18,294,0,12,3
26-06 05:31:36,8.248,1.750,87.980,0.750,0,5463560,163828,183376,2190664,12567.188,3525.211,0,787.824,0,108.976,2874,4100,0.350,0.940,0.920,0,0,0,0,0,18,292,0,13,3
26-06 05:31:37,21.792,4.008,70.637,1.503,0,5462548,164556,183376,2190948,4809.315,1623.144,0,2324.502,0,300.582,7183,10990,0.350,0.940,0.920,1,0,0,0,0,18,293,0,15,3
26-06 05:31:38,23.299,5.512,67.642,1.503,0.251,5464444,162352,183376,2191256,5050.618,1623.413,0,3491.340,0,324.683,7624,11178,0.350,0.940,0.920,2,0,0,0,0,18,292,0,16,3
26-06 05:31:39,7.217,0.996,89.845,0.747,0,5463912,162836,183380,2191300,5933.240,2549.501,0,3217.488,0,233.945,2690,4220,0.330,0.920,0.920,1,0,0.996,0,0,18,292,0,17,3
26-06 05:31:40,11.752,2.500,83.761,1.000,0,5464460,162080,183380,2191508,6150.826,2562.344,0,1396.188,0,176.024,3352,5045,0.330,0.920,0.920,0,0,0,0,0,18,292,0,19,3
26-06 05:31:41,15.238,3.247,77.937,2.248,0,5464912,161576,183380,2191560,5930.226,2395.072,0,5723.392,0,420.661,4371,6566,0.330,0.920,0.920,0,0,0,0,0,18,292,0,21,3
26-06 05:31:42,9.751,1.500,87.257,0,0,5465612,160572,183464,2191780,5040.397,1620.128,228.018,372.029,12.001,23.002,2293,2511,0.330,0.920,0.920,1,0,0,0,0,18,294,0,21,3
26-06 05:31:43,16.757,5.002,76.282,1.251,0,5453444,209060,182584,2157576,11489.798,3299.378,56.023,7267.035,1.000,809.338,4791,11373,0.330,0.920,0.920,0,0,37.015,0,0,18,292,0,24,3
26-06 05:31:44,6.993,1.998,87.415,0.500,0,5453148,209320,182584,2157612,11861.534,3402.711,0,1618.436,0,159.845,2881,4158,0.460,0.940,0.920,0,0,0,0,0,18,292,0,23,3
26-06 05:31:45,7.478,1.994,88.241,1.246,0,5453100,209320,182584,2157660,11146.228,2803.757,0,1288.212,0,127.625,2816,4009,0.460,0.940,0.920,1,0,0,0,0,18,292,0,23,3
26-06 05:31:46,13.019,2.754,81.618,0.751,0,5452900,209352,182584,2157828,5364.789,1622.355,0,1317.913,0,140.204,4515,6521,0.460,0.940,0.920,3,0,0,0,0,18,293,0,23,3
26-06 05:31:47,25.383,4.524,67.352,1.508,0,5446684,215184,182588,2158208,4797.044,1519.935,0,2480.952,0,281.469,8095,12309,0.460,0.940,0.920,1,0,0,0,0,18,293,0,25,3
26-06 05:31:48,25.924,5.733,64.561,2.243,0,5447836,213940,182588,2158300,4652.349,1561.419,0,3729.058,0,378.888,8522,12664,0.460,0.940,0.920,1,0,5.982,0,0,18,293,0,27,3
26-06 05:31:49,24.507,5.001,67.520,1.000,0,5447716,213688,182608,2158640,8725.568,2823.831,0,2504.737,0,220.065,7656,11027,0.500,0.940,0.920,2,0,1.000,0,0,18,294,0,28,3
26-06 05:31:50,5.249,1.500,90.481,1.250,0,5448436,212944,182620,2158652,5985.715,1673.641,0,6490.607,0,386.917,2842,4411,0.500,0.940,0.920,1,0,1.000,0,0,18,294,0,28,3
26-06 05:31:51,4.501,1.250,92.278,0.250,0,5448272,212944,182624,2158812,4910.503,1512.463,0,544.167,0,51.016,2172,2794,0.500,0.940,0.920,0,0,0,0,0,18,294,0,28,3
26-06 05:31:52,9.749,2.000,86.491,0.750,0,5448244,212944,182632,2158832,4665.503,1565.833,0,823.912,0,96.990,3176,4504,0.500,0.940,0.920,1,0,0,0,0,18,294,0,29,3
26-06 05:31:53,25.606,5.272,64.266,2.008,0,5448620,211964,182696,2159372,5070.969,1626.727,0,3124.922,0,435.802,8678,14173,0.500,0.940,0.920,1,0,1.004,0,0,18,294,0,29,3
26-06 05:31:54,23.914,4.733,67.509,0.747,0,5449236,211208,182732,2159476,5510.290,1614.226,63.772,2993.293,3.986,244.127,7750,11310,0.540,0.940,0.920,2,0,0,0,0,18,295,0,29,3
26-06 05:31:55,10.743,2.249,85.695,0.500,0,5449236,210704,182748,2159964,5706.334,1618.960,207.866,5812.266,11.992,173.888,2742,3683,0.540,0.940,0.920,0,0,1.999,0,0,18,293,0,29,3
26-06 05:31:56,17.708,2.245,77.817,0.998,0,5448352,211532,182764,2160004,6892.768,2473.176,0,2138.963,0,200.528,3722,5139,0.540,0.940,0.920,1,0,0,0,0,18,293,0,32,3
26-06 05:31:57,6.013,2.004,90.692,1.253,0,5448180,211532,182800,2160140,5591.834,1623.436,64.136,4930.434,4.008,318.674,2515,3938,0.540,0.940,0.920,1,0,0,0,0,18,294,0,33,3
26-06 05:31:58,6.501,1.250,89.508,0.500,0,5449656,210008,182812,2160176,12684.104,3865.336,0,7116.619,0,813.071,2737,3685,0.540,0.940,0.920,0,0,0,0,0,18,293,0,34,3
26-06 05:31:59,11.992,2.748,82.947,0.750,0,5449700,209756,182812,2160384,5142.732,1565.005,0,883.439,0,113.928,3459,4663,0.500,0.930,0.920,1,0,0.999,0,0,18,294,0,34,3
26-06 05:32:00,23.352,2.762,71.061,1.255,0,5465424,193932,182828,2160468,12785.940,4086.880,0,2587.320,0,266.164,5132,6997,0.500,0.930,0.920,1,0,0,0,0,18,293,0,41,3
26-06 05:32:01,8.967,2.242,85.683,0.747,0,5469588,189680,182832,2160552,6354.494,2087.279,0,1390.855,0,147.455,3342,4863,0.500,0.930,0.920,0,0,0,0,0,18,293,0,43,3
26-06 05:32:02,6.216,1.243,91.995,0,0,5468608,190508,182832,2160704,5044.317,1503.748,0,389.860,0,20.885,1566,1943,0.500,0.930,0.920,3,0,0,0,0,18,294,0,44,3
26-06 05:32:03,9.048,2.011,86.463,1.257,0,5469784,189248,182836,2160784,11854.468,3315.752,16.086,1298.954,1.005,158.850,2980,4184,0.500,0.930,0.920,0,0,0,0,0,18,293,0,45,3
26-06 05:32:04,11.245,2.249,82.713,1.000,0,5470644,188240,182844,2160924,5197.674,1619.275,15.993,1551.306,1.000,173.922,3783,5393,0.460,0.910,0.910,0,0,0,0,0,18,293,0,45,3
26-06 05:32:05,15.010,3.252,76.802,2.502,0,5471024,187736,182844,2161048,6288.289,2491.700,32.022,7212.920,1.001,546.373,4515,6899,0.460,0.910,0.910,0,0,0,0,0,18,293,0,50,3
26-06 05:32:06,5.997,1.999,89.953,0.250,0,5471240,187484,182844,2161084,5520.120,1565.183,0,663.654,0,35.981,1812,2289,0.460,0.910,0.910,1,0,0,0,0,18,294,0,51,3
26-06 05:32:07,10.501,2.000,85.006,1.000,0,5473164,185216,182848,2161424,6362.467,2520.185,0,1172.086,0,141.010,3123,4441,0.460,0.910,0.910,0,0,0,0,0,18,293,0,55,3
26-06 05:32:08,7.001,1.750,89.511,0.500,0,5473372,184976,182852,2161452,5538.671,1598.194,0,608.074,0,58.007,2068,2610,0.460,0.910,0.910,0,0,0,0,0,18,293,0,57,3
26-06 05:32:09,6.252,1.250,91.285,0.250,0,5473344,184976,182852,2161480,5748.212,1566.603,0,1040.400,0,70.027,2126,2839,0.500,0.910,0.910,0,0,1.000,0,0,18,293,0,57,3
26-06 05:32:10,7.498,2.249,88.228,0.500,0,5475568,182724,182852,2161508,5730.588,1511.627,0,715.824,0,68.983,2439,3237,0.500,0.910,0.910,1,0,2.999,0,0,18,293,0,57,3
26-06 05:32:11,9.500,1.750,86.996,0.250,0,5475776,182472,182852,2161552,5306.753,1619.925,0,899.958,0,96.995,2822,3860,0.500,0.910,0.910,0,0,2.000,0,0,18,293,0,59,3
26-06 05:32:12,8.494,1.249,88.689,0.500,0.250,5475748,182472,182852,2161580,4556.865,1618.886,0,539.629,0,44.969,2141,2680,0.500,0.910,0.910,1,0,0.999,0,0,18,294,0,60,3
26-06 05:32:13,4.753,1.001,91.308,1.001,0,5476168,181996,182856,2161632,7200.576,3440.186,0,1184.753,0,153.097,2572,3899,0.500,0.910,0.910,0,0,0,0,0,18,293,0,60,3
26-06 05:32:14,13.479,1.997,81.873,0.998,0,5475952,181996,182856,2161848,6919.241,2542.047,0,1493.677,0,191.702,3832,5543,0.460,0.900,0.910,0,0,0,0,0,18,293,0,63,3
26-06 05:32:15,14.320,2.512,80.895,1.256,0,5475872,181996,182856,2161928,6668.580,2907.203,0,2001.780,0,246.203,4045,5775,0.460,0.900,0.910,1,0,0,0,0,18,293,0,67,3
26-06 05:32:16,8.975,2.992,85.017,1.995,0,5476584,181244,182860,2161964,11072.681,2642.764,0,6861.213,0,450.766,3612,5408,0.460,0.900,0.910,2,0,0,0,0,18,294,0,68,3
26-06 05:32:17,3.747,0.749,93.667,0.250,0,5476580,180992,182860,2162220,4513.986,1456.705,0,647.424,0,65.941,1865,2736,0.460,0.900,0.910,0,0,0,0,0,18,293,0,69,3
26-06 05:32:18,14.004,3.001,80.271,1.250,0.250,5473932,183512,182864,2162344,6861.808,2586.681,16.004,5949.567,1.000,758.200,3996,5342,0.460,0.900,0.910,0,0,0,0,0,18,293,0,72,3
26-06 05:32:19,8.998,1.750,86.977,1.000,0,5475100,182284,182864,2162404,5807.495,2325.398,0,1327.656,0,141.963,2799,3943,0.510,0.900,0.910,0,0,1.000,0,0,18,293,0,73,3
26-06 05:32:20,10.251,1.750,86.011,0.500,0,5475100,182284,182872,2162396,6081.750,2149.265,0,940.116,0,114.014,2844,3911,0.510,0.900,0.910,0,0,0,0,0,18,293,0,73,3
26-06 05:32:21,3.753,1.001,92.820,0.250,0,5475136,182032,182876,2162608,4482.401,1242.943,0,520.395,0,58.044,1995,2901,0.510,0.900,0.910,2,0,0,0,0,18,294,0,73,3
26-06 05:32:22,11.490,2.248,84.179,0.999,0,5475320,181780,182884,2162668,11433.329,3133.350,0,991.162,0,135.885,3334,4561,0.510,0.900,0.910,0,0,0,0,0,18,293,0,76,3
26-06 05:32:23,17.835,4.270,74.104,1.256,0,5475744,181052,182892,2162964,4312.622,1519.265,0,1973.437,0,247.182,6013,8804,0.510,0.900,0.910,5,0,0,0,0,18,294,0,77,3
26-06 05:32:24,26.859,5.969,63.417,2.487,0.249,5475752,180548,182916,2163436,4343.183,1557.816,95.498,4118.364,2.984,467.544,8646,13406,0.550,0.900,0.910,2,0,0,0,0,18,294,0,79,3
26-06 05:32:25,23.021,4.754,67.561,2.252,0,5477464,178532,182936,2163720,4305.858,1513.356,0,8115.272,0,578.518,8083,12453,0.550,0.900,0.910,0,0,0,0,0,18,293,0,82,3
26-06 05:32:26,3.749,1.000,93.724,0,0,5477444,178532,182936,2163740,4861.632,1565.559,0,1575.557,0,87.975,1507,2026,0.550,0.900,0.910,1,0,0,0,0,18,294,0,82,3
26-06 05:32:27,11.004,2.501,83.778,1.000,0,5479324,176516,182936,2163876,5509.873,2427.825,32.011,1280.435,1.000,177.060,3311,5008,0.550,0.900,0.910,0,0,0,0,0,18,293,0,85,3
26-06 05:32:28,7.498,2.000,87.729,1.000,0,5479532,176264,182936,2163920,6509.445,2510.400,0,1591.620,0,161.961,2820,4044,0.550,0.900,0.910,0,0,0,0,0,18,293,0,87,3
26-06 05:32:29,13.250,2.750,81.997,1.250,0,5479568,176012,182940,2164132,7228.761,2176.928,0,1679.944,0,195.994,4199,6093,0.660,0.920,0.920,1,0,1.000,0,0,18,293,0,86,3
26-06 05:32:30,4.018,0.753,93.413,0.251,0,5479524,176012,182940,2164176,6480.627,1518.709,0,895.958,0,61.271,1755,2393,0.660,0.920,0.920,1,0,0,0,0,18,294,0,87,3
26-06 05:32:31,8.714,1.992,86.140,0.996,0,5479664,175788,182952,2164248,13059.440,3445.605,0,1760.644,0,205.143,3554,5289,0.660,0.920,0.920,1,0,0,0,0,18,293,0,88,3
26-06 05:32:32,22.091,4.770,68.534,2.761,0,5479596,175536,182972,2164548,5000.701,1626.734,4.017,7511.092,1.004,598.477,7669,11909,0.660,0.920,0.920,2,1,0,0,0,18,294,0,88,3
26-06 05:32:33,25.374,4.478,65.426,1.990,0,5480596,174304,182976,2164776,4404.162,1558.273,0,4250.922,0,396.036,8151,12727,0.660,0.920,0.920,1,0,0,0,0,18,294,0,90,3
26-06 05:32:34,24.364,4.772,67.064,1.507,0,5480604,174000,182980,2165068,4432.772,1519.119,0,7852.799,0,960.501,8626,12150,0.770,0.940,0.920,1,0,0,0,0,18,294,0,92,3
26-06 05:32:35,27.475,5.995,63.442,2.248,0,5480048,174000,182980,2165624,4787.629,1630.511,0,3277.008,0,401.633,8316,13185,0.770,0.940,0.920,1,0,0.999,0,0,18,294,0,94,3
26-06 05:32:36,24.204,4.242,66.622,1.497,0,5481180,172752,182988,2165716,5019.382,1509.108,0,7381.855,0,481.078,7222,10744,0.770,0.940,0.920,1,0,0,0,0,18,294,0,94,3
26-06 05:32:37,23.816,5.265,67.437,1.504,0,5482108,171496,182992,2166040,5086.070,1516.194,0,2362.535,0,274.760,7314,10770,0.770,0.940,0.920,1,0,0,0,0,18,294,0,93,3
26-06 05:32:38,25.634,4.977,64.955,1.991,0,5482016,171244,182992,2166384,5049.094,1505.172,0,3010.343,0,380.275,7829,12107,0.770,0.940,0.920,1,0,0,0,0,18,294,0,94,3
26-06 05:32:39,23.558,4.511,68.669,1.253,0,5484024,168980,182996,2166636,4260.513,1353.339,0,2409.947,0,191.472,7232,10356,0.950,0.970,0.930,2,0,1.002,0,0,18,294,0,95,3
26-06 05:32:40,5.987,1.497,90.057,0.499,0,5484212,168728,182996,2166700,3931.559,1077.686,0,1788.161,0,154.668,2348,3758,0.950,0.970,0.930,0,0,0,0,0,18,293,0,96,3
26-06 05:32:41,7.499,2.250,86.244,2.000,0,5484028,168728,183012,2166868,4404.676,1187.913,0,6539.519,0,448.967,3685,5867,0.950,0.970,0.930,0,0,0,0,0,18,293,0,90,3
26-06 05:32:42,14.245,2.999,80.220,1.000,0,5486464,166208,183016,2166948,5795.843,2416.101,0,1407.476,0,180.933,3751,5435,0.950,0.970,0.930,0,0,0,0,0,18,293,0,94,3
26-06 05:32:43,15.569,5.022,78.848,0,0,5497200,188852,181360,2136404,4459.700,1627.188,0,470.076,0,26.115,3203,11349,0.950,0.970,0.930,1,0,36.160,0,0,18,294,0,98,3
26-06 05:32:44,10.213,2.989,83.693,1.245,0,5492384,193572,181420,2136540,11245.743,3447.353,0,1530.385,0,192.295,3647,5198,0.870,0.960,0.930,0,0,0,0,0,18,293,0,99,3
26-06 05:32:45,6.997,1.499,88.712,1.000,0,5492576,193320,181432,2136588,10639.442,2887.763,0,1143.510,0,106.954,2616,3588,0.870,0.960,0.930,0,0,0,0,0,18,293,0,94,3
26-06 05:32:46,11.001,2.500,83.506,0.750,0,5492688,193068,181460,2136700,4637.345,1620.121,0,1184.088,0,127.009,3242,4571,0.870,0.960,0.930,0,0,0,0,0,18,293,0,95,3
26-06 05:32:47,10.292,2.259,84.848,0.753,0,5493140,192564,181492,2136720,5106.943,1572.448,0,1526.259,0,161.663,2839,4122,0.870,0.960,0.930,1,1,0,0,0,18,292,0,100,3
26-06 05:32:48,4.981,2.241,92.140,0.498,0,5493672,191816,181504,2136924,6175.845,2568.952,0,1055.870,0,85.665,2006,2912,0.870,0.960,0.930,0,0,5.977,0,0,18,293,0,100,3
26-06 05:32:49,15.011,3.002,79.306,1.001,0,5494292,191116,181512,2136996,10038.128,3892.764,0,7769.517,0,956.679,4051,5349,0.800,0.940,0.920,0,0,1.001,0,0,18,293,0,100,3
26-06 05:32:50,6.496,1.249,90.945,0.250,0,5494496,190864,181512,2137044,5997.383,1726.959,0,2710.365,0,79.952,2053,2789,0.800,0.940,0.920,0,0,0,0,0,18,293,0,101,3
26-06 05:32:51,9.247,1.999,86.222,1.000,0,5494712,190612,181512,2137080,4935.400,1619.475,0,1299.579,0,127.959,2796,3890,0.800,0.940,0.920,1,0,0,0,0,18,293,0,102,3
26-06 05:32:52,6.773,1.254,89.310,1.505,0,5494572,190612,181512,2137220,4473.518,1463.075,0,5952.648,0,353.225,2380,3529,0.800,0.940,0.920,1,0,0,0,0,18,294,0,106,3
26-06 05:32:53,13.454,1.993,81.969,0.997,0,5494488,190612,181520,2137296,12519.111,3909.606,0,1407.179,0,200.314,3816,5222,0.800,0.940,0.920,0,0,0,0,0,18,293,0,107,3
26-06 05:32:54,19.324,4.015,74.034,1.506,0,5494252,190612,181520,2137532,5017.250,1463.616,0,2256.658,0,283.086,6330,9725,0.740,0.920,0.920,2,0,0,0,0,18,294,0,108,3
26-06 05:32:55,25.756,5.001,65.014,2.000,0,5494496,190108,181520,2137792,4847.049,1566.339,0,3600.779,0,434.094,8666,13546,0.740,0.920,0.920,2,0,2.000,0,0,18,294,0,109,3
26-06 05:32:56,23.414,4.733,68.250,1.245,0,5497652,186580,181564,2138120,5309.566,1506.486,31.883,3220.213,0.996,284.957,7187,10457,0.740,0.920,0.920,1,0,0,0,0,18,293,0,109,3
26-06 05:32:57,4.251,1.500,92.774,0.500,0,5497620,186580,181568,2138148,5069.320,1458.380,0,2888.752,0,180.047,1903,2620,0.740,0.920,0.920,2,0,0,0,0,18,294,0,106,3
26-06 05:32:58,13.737,2.747,80.424,1.499,0,5502408,181540,181596,2138372,12512.100,3847.341,0,1814.274,0,214.796,3669,5213,0.740,0.920,0.920,0,0,0,0,0,18,293,0,109,3
26-06 05:32:59,8.246,1.999,85.963,1.749,0,5502344,181540,181636,2138396,4843.927,1565.330,0,6417.253,0,412.823,3090,4658,0.680,0.910,0.910,1,0,1.000,0,0,18,294,0,110,3
26-06 05:33:00,14.514,2.502,81.579,0.250,0,5503292,180532,181640,2138452,11019.610,3740.602,0,1093.052,0,106.102,3276,4301,0.680,0.910,0.910,0,0,0,0,0,18,293,0,113,3
26-06 05:33:01,5.997,1.749,89.698,0.750,0,5503512,180280,181656,2138468,6632.163,1765.978,0,963.443,0,97.943,2338,3245,0.680,0.910,0.910,0,0,0,0,0,18,293,0,103,3
26-06 05:33:02,13.004,1.500,83.776,0,0,5503584,180028,181660,2138644,4709.476,1639.514,0,652.204,0,50.016,2584,3103,0.680,0.910,0.910,0,0,0,0,0,18,293,0,108,3
26-06 05:33:03,6.004,1.751,90.317,1.001,0,5506812,176752,181668,2138684,11589.563,3065.265,0,1148.849,0,128.095,2505,3699,0.680,0.910,0.910,4,0,0,0,0,18,294,0,108,3
26-06 05:33:04,10.494,1.749,85.953,0.500,0,5510304,172972,181676,2138964,10036.473,3342.160,243.866,803.558,4.997,69.961,2741,3524,0.700,0.910,0.910,0,0,0,0,0,18,293,0,110,3
26-06 05:33:05,7.008,1.251,89.855,0.751,0,5510272,172972,181684,2138988,11784.727,3066.572,0,1165.357,0,140.163,2497,3506,0.700,0.910,0.910,0,0,0,0,0,18,293,0,104,3
26-06 05:33:06,15.288,4.010,77.189,1.504,0,5510612,172468,181692,2139144,5175.703,1569.853,0,2385.856,0,207.509,4978,7436,0.700,0.910,0.910,3,0,0,0,0,18,294,0,106,3
26-06 05:33:07,25.411,4.484,65.271,1.993,0,5510032,172468,181728,2139688,5321.365,1656.200,0,3858.488,0,442.451,8346,13152,0.700,0.910,0.910,4,0,0,0,0,18,294,0,106,3
26-06 05:33:08,21.749,4.750,70.247,1.500,0,5511168,171208,181760,2139780,5371.797,1511.943,0,3355.873,0,305.988,7175,11077,0.700,0.910,0.910,1,0,0,0,0,18,293,0,108,3
26-06 05:33:09,5.256,2.002,89.357,1.502,0,5511436,170704,181788,2139988,5466.526,1621.936,0,6355.588,0,400.478,2776,4202,0.650,0.900,0.910,1,0,1.001,0,0,18,294,0,108,3
26-06 05:33:10,7.239,1.498,89.365,0.250,0,5510216,171864,181796,2140040,10773.664,2938.544,0,7065.287,0,874.674,2842,3874,0.650,0.900,0.910,0,0,0,0,0,18,293,0,103,3
26-06 05:33:11,23.334,5.520,67.745,2.007,0.251,5510620,171124,181828,2140344,6191.356,1517.479,0,3115.249,0,353.276,7208,10894,0.650,0.900,0.910,1,1,0,0,0,18,294,0,104,3
26-06 05:33:12,26.505,6.501,62.763,2.250,0,5510560,170884,181832,2140640,5293.057,1608.321,0,5021.002,0,472.094,8893,13966,0.650,0.900,0.910,2,0,3.001,0,0,18,294,0,106,3
26-06 05:33:13,24.171,3.987,67.777,1.495,0,5511916,169176,181832,2140992,6281.346,2487.820,0,2627.361,0,280.079,7328,10871,0.650,0.900,0.910,1,1,1.993,0,0,18,293,0,111,3
26-06 05:33:14,9.006,2.752,85.056,1.001,0,5512640,168420,181840,2141016,4280.819,1458.961,0,2613.721,0,185.122,3202,4561,0.600,0.880,0.900,2,0,1.001,0,0,18,294,0,106,3
26-06 05:33:15,9.482,1.996,85.836,0.998,0,5512784,168168,181848,2141116,5754.976,2546.123,0,2295.603,0,247.526,3346,5136,0.600,0.880,0.900,0,0,0,0,0,18,293,0,107,3
26-06 05:33:16,13.762,3.003,77.817,2.502,0,5514016,166404,181876,2141620,5759.923,2446.091,0,7490.402,0,550.470,4604,7117,0.600,0.880,0.900,0,0,0,0,0,18,293,0,108,3
26-06 05:33:17,13.750,2.500,81.998,1.000,0,5514400,165900,181880,2141736,5393.885,2432.948,0,1403.970,0,160.997,3484,4795,0.600,0.880,0.900,0,0,0,0,0,18,293,0,109,3
26-06 05:33:18,7.004,1.251,90.046,0.500,0,5514312,165900,181880,2141824,6089.124,1524.782,0,768.394,0,60.031,2074,2719,0.600,0.880,0.900,1,0,0,0,0,18,294,0,100,3
26-06 05:33:19,10.741,1.998,84.429,0.749,0,5514696,165148,181880,2142192,11906.988,3295.229,0,1246.951,0,121.897,3427,4575,0.550,0.870,0.900,0,0,0.999,0,0,18,293,0,100,3
26-06 05:33:20,10.297,2.260,85.637,1.005,0,5514660,165148,181880,2142228,12242.353,3409.415,0,1277.777,0,139.631,3143,4310,0.550,0.870,0.900,0,0,0,0,0,18,293,0,101,3
26-06 05:33:21,10.208,1.743,84.650,0.747,0,5514960,164644,181880,2142432,8522.713,2901.985,0,1529.667,0,180.254,3525,5119,0.550,0.870,0.900,0,0,0,0,0,18,293,0,101,3
26-06 05:33:22,8.744,1.749,86.686,0.749,0,5514952,164644,181880,2142440,8925.384,2627.053,0,995.262,0,90.933,2741,3634,0.550,0.870,0.900,0,0,0,0,0,18,293,0,94,3
26-06 05:33:23,7.007,1.251,90.342,0.751,0,5514880,164644,181884,2142508,11879.149,3012.080,0,1229.257,0,134.137,2468,3474,0.550,0.870,0.900,1,0,0,0,0,18,294,0,94,3
26-06 05:33:24,25.005,5.501,64.764,2.250,0,5514856,164392,181916,2142752,4861.050,1620.350,0,3224.697,0,425.092,8793,13671,0.580,0.870,0.900,1,0,0,0,0,18,294,0,96,3
26-06 05:33:25,24.839,4.516,66.740,2.007,0.251,5514832,163988,181952,2143144,4827.370,1625.850,0,14142.889,0,1359.893,8822,13133,0.580,0.870,0.900,2,0,0,0,0,18,293,0,96,4
26-06 05:33:26,24.414,4.235,67.512,1.246,0,5516208,162228,181972,2143508,5250.478,1506.685,95.663,2551.001,4.982,267.058,7453,10659,0.580,0.870,0.900,1,0,0,0,0,18,294,0,94,3
26-06 05:33:27,25.583,5.267,65.463,2.257,0,5516004,161976,181988,2143948,4946.072,1625.281,0,3029.845,0,364.183,8191,12422,0.580,0.870,0.900,2,1,0,0,0,18,294,0,94,3
26-06 05:33:28,24.441,5.237,66.092,1.247,0,5517224,160464,181988,2144240,4954.122,1562.254,0,2913.016,0,263.369,7478,11095,0.580,0.870,0.900,1,0,0,0,0,18,294,0,94,3
26-06 05:33:29,23.733,5.246,67.201,1.749,0,5518432,158952,181992,2144540,5222.217,2052.513,0,8589.778,0,656.524,7470,11520,0.620,0.870,0.900,1,0,1.999,0,0,18,293,0,96,3
26-06 05:33:30,8.255,1.751,87.304,1.001,0,5518676,158700,181992,2144548,7721.747,1868.148,0,1364.839,0,161.099,3072,4567,0.620,0.870,0.900,2,0,0,0,0,18,293,0,89,3
26-06 05:33:31,4.514,1.755,92.778,0.752,0,5518612,158700,182000,2144604,5706.111,1516.548,0,906.719,0,93.280,2301,3374,0.620,0.870,0.900,1,0,0,0,0,18,295,0,89,3
26-06 05:33:32,6.970,1.742,87.370,0.747,0,5519284,157944,182008,2144680,6104.450,2438.395,0,3082.593,0,166.277,2996,4387,0.620,0.870,0.900,0,0,0,0,0,18,293,0,89,3
26-06 05:33:33,7.998,1.749,88.725,0.750,0,5519352,157692,182020,2144852,6165.229,1974.433,0,1351.612,0,156.955,2636,3691,0.620,0.870,0.900,0,0,0,0,0,18,293,0,89,3
26-06 05:33:34,8.752,1.750,86.275,0.750,0,5519796,157188,182036,2144896,5778.644,2450.697,0,1592.453,0,164.047,3042,4312,0.650,0.870,0.900,0,0,0,0,0,18,293,0,82,3
26-06 05:33:35,6.997,1.499,89.463,0.750,0,5519744,157188,182036,2144948,5730.601,1920.196,0,1287.461,0,105.956,2334,3284,0.650,0.870,0.900,0,0,0,0,0,18,293,0,82,3
26-06 05:33:36,6.999,2.000,89.239,0.500,0,5519712,157188,182036,2144980,4968.387,1511.814,0,1035.872,0,108.987,2265,3090,0.650,0.870,0.900,3,0,0,0,0,18,294,0,82,3
26-06 05:33:37,3.752,0.750,94.551,0.500,0,5519652,157188,182036,2145040,6380.450,2450.325,0,912.493,0,83.045,1764,2707,0.650,0.870,0.900,0,0,0,0,0,18,293,0,82,3
26-06 05:33:38,5.750,1.500,90.507,0.750,0,5519612,157188,182040,2145076,6233.506,2041.166,0,1172.095,0,122.010,2372,3476,0.650,0.870,0.900,0,0,0,0,0,18,293,0,77,3
26-06 05:33:39,9.251,2.250,84.257,1.750,0,5520016,156688,182052,2145160,6197.486,2449.192,0,6412.503,0,435.034,3568,5604,0.600,0.860,0.890,0,0,1.000,0,0,18,293,0,77,3
26-06 05:33:40,6.253,1.501,89.549,1.001,0,5519924,156688,182052,2145252,5788.157,2084.137,0,1084.592,0,116.063,2513,3565,0.600,0.860,0.890,0,0,0,0,0,18,293,0,77,3
26-06 05:33:41,11.494,2.499,83.954,0.999,0,5520016,156184,182076,2145640,5994.730,2081.864,0,1479.193,0,172.906,3848,5367,0.600,0.860,0.890,2,0,0,0,0,18,293,0,78,3
26-06 05:33:42,5.521,1.255,92.848,0.251,0,5520016,156184,182084,2145632,5091.082,2024.589,0,815.055,0,74.278,1915,2618,0.600,0.860,0.890,0,0,0,0,0,18,293,0,72,3
26-06 05:33:43,6.752,4.001,87.278,1.000,0,5535328,170596,180764,2118360,11222.568,2955.940,0,1184.377,0,108.034,2804,4632,0.600,0.860,0.890,5,0,37.012,0,0,18,294,0,72,3
26-06 05:33:44,28.916,6.730,59.825,1.994,0,5532920,172744,180892,2117648,4692.305,1615.286,0,3098.956,0,423.763,9053,16984,0.630,0.860,0.900,1,0,2.991,0,0,18,294,0,76,3
26-06 05:33:45,24.324,5.517,67.205,1.505,0,5532924,172240,180984,2118056,4606.025,1516.618,0,3699.264,0,340.035,7798,11403,0.630,0.860,0.900,1,0,0,0,0,18,294,0,78,3
26-06 05:33:46,17.177,4.730,73.938,1.743,0,5533004,172000,181032,2118168,4523.882,1021.682,15.933,13112.585,0.996,1445.890,6242,9277,0.630,0.860,0.900,0,0,0,0,0,18,293,0,74,3
26-06 05:33:47,10.529,3.760,82.225,1.504,0,5522672,174800,181072,2125660,4408.081,758.078,0,2972.146,0,225.618,3321,4642,0.630,0.860,0.900,2,0,2.005,0,0,18,294,0,77,3
26-06 05:33:48,8.477,3.740,85.770,0.748,0,5523972,173320,181112,2125800,5862.291,915.547,0,2325.768,0,343.081,3186,4434,0.630,0.860,0.900,0,0,5.984,0,0,18,293,0,78,3
26-06 05:33:49,21.270,4.754,71.067,1.251,0,5522200,174760,181172,2126072,5935.600,1630.538,0,2146.025,0,257.243,6350,9068,0.660,0.860,0.900,2,0,1.001,0,0,18,294,0,78,3
26-06 05:33:50,25.738,4.498,64.720,2.249,0,5512576,183972,181252,2126404,8068.255,2218.970,0,3370.436,0,401.813,7890,11855,0.660,0.860,0.900,1,0,0,0,0,18,294,0,78,3
26-06 05:33:51,25.224,4.495,66.432,1.249,0,5512436,183760,181304,2126704,4544.361,1510.458,0,2944.994,0,256.738,7489,10575,0.660,0.860,0.900,1,0,0,0,0,18,294,0,69,3
26-06 05:33:52,26.127,5.024,65.318,2.010,0,5512216,183760,181332,2126896,4387.370,1573.665,0,3279.976,0,420.046,8376,12865,0.660,0.860,0.900,2,0,0,0,0,18,294,0,69,3
26-06 05:33:53,24.449,5.738,64.864,2.245,0,5511900,183508,181336,2127460,4269.037,1454.945,31.933,7911.389,0.998,557.829,8133,12672,0.660,0.860,0.900,1,0,0,0,0,18,294,0,69,3
26-06 05:33:54,11.722,2.494,83.551,0.748,0,5511800,183508,181340,2127556,4668.882,1616.151,0,1081.425,0,94.774,3900,5600,0.610,0.850,0.890,0,0,0,0,0,18,294,0,69,3
26-06 05:33:55,16.752,3.500,77.259,1.000,0,5511556,183508,181352,2127788,4638.539,1458.169,0,1784.207,0,216.025,5539,8215,0.610,0.850,0.890,2,0,2.000,0,0,18,294,0,60,3
26-06 05:33:56,25.074,4.513,66.697,1.504,0,5511896,183004,181360,2127944,5192.356,1624.805,0,3093.148,0,328.973,7844,11757,0.610,0.850,0.890,3,0,0,0,0,18,294,0,60,3
26-06 05:33:57,23.980,4.496,68.692,0.999,0,5512888,181744,181384,2128188,5455.360,1618.623,0,2162.161,0,228.805,7053,10051,0.610,0.850,0.890,3,0,0,0,0,18,294,0,60,3
26-06 05:33:58,25.821,5.766,64.678,2.006,0,5512500,181492,181448,2128764,10881.898,3005.257,0,3714.205,0,406.116,8527,12732,0.610,0.850,0.890,1,0,0,0,0,18,294,0,62,3
26-06 05:33:59,25.247,4.250,65.743,2.250,0.250,5512812,180736,181560,2129096,5039.460,1619.827,0,8883.049,0,679.927,8836,14148,0.640,0.850,0.890,1,0,2.000,0,0,18,294,0,61,3
26-06 05:34:00,23.899,4.232,68.211,0.996,0,5513036,179980,181608,2129580,4805.669,1613.175,0,2736.423,0,210.111,7763,11436,0.640,0.850,0.890,1,0,0,0,0,18,294,0,63,3
26-06 05:34:01,18.496,3.749,73.735,1.750,0,5514464,178216,181640,2129884,6573.662,2463.499,0,11777.604,0,376.923,6079,9026,0.640,0.850,0.890,0,0,0,0,0,18,293,0,64,3
26-06 05:34:02,6.250,1.000,90.256,0.500,0,5514696,177964,181648,2129896,5909.422,2029.145,0,3376.241,0,107.008,2270,3085,0.640,0.850,0.890,1,0,0,0,0,18,293,0,64,3
26-06 05:34:03,10.793,3.012,83.832,1.004,0,5513792,178620,181656,2130136,10698.416,2846.285,0,2100.327,0,232.923,3459,4908,0.640,0.850,0.890,5,0,0,0,0,18,292,0,55,3
26-06 05:34:04,5.974,1.493,90.101,0.747,0,5513760,178620,181656,2130168,6232.417,2399.381,0,1385.867,0,130.423,2565,3836,0.670,0.850,0.890,0,0,0,0,0,18,293,0,55,3
26-06 05:34:05,12.807,2.009,81.612,1.758,0,5513660,178620,181672,2130252,4966.017,1530.787,16.071,1904.443,1.004,237.051,3951,5746,0.670,0.850,0.890,1,1,0,0,0,18,294,0,55,3
26-06 05:34:06,10.208,2.739,82.909,1.494,0,5513984,178144,181692,2130384,11992.662,3284.488,0,6831.894,0,490.980,4323,6678,0.670,0.850,0.890,0,0,0,0,0,18,293,0,55,3
26-06 05:34:07,18.995,3.249,73.982,1.250,0,5514252,177640,181712,2130600,4946.795,1499.635,0,1859.547,0,248.939,5912,8636,0.670,0.850,0.890,2,0,0,0,0,18,294,0,50,3
26-06 05:34:08,25.527,6.257,64.067,2.252,0,5514136,177388,181724,2130956,5423.640,1459.518,0,3435.573,0,426.443,8388,12881,0.670,0.850,0.890,1,0,0,0,0,18,294,0,50,3
26-06 05:34:09,25.538,5.007,65.598,1.753,0,5515924,175404,181728,2131148,5486.170,1460.175,32.048,4594.843,1.001,414.617,8264,12316,0.690,0.860,0.890,1,0,1.001,0,0,18,294,0,51,3
26-06 05:34:10,24.470,5.493,65.670,2.247,0,5515724,175152,181728,2131600,5255.565,1510.151,0,7055.361,0,517.366,7567,11137,0.690,0.860,0.890,2,0,0,0,0,18,293,0,54,3
26-06 05:34:11,7.256,1.751,88.318,0.751,0,5515680,175152,181728,2131644,4842.741,1657.280,0,2698.084,0,202.156,3085,4642,0.690,0.860,0.890,1,0,0,0,0,18,294,0,49,3
26-06 05:34:12,16.463,3.243,76.827,1.247,0,5517292,173388,181728,2131796,11145.906,3236.713,59.865,1807.930,3.991,192.566,4965,7167,0.690,0.860,0.890,1,0,0,0,0,18,293,0,49,3
26-06 05:34:13,14.518,3.755,79.347,1.252,0,5521056,169400,181744,2132004,4403.363,1501.829,0,1613.966,0,189.230,4901,7287,0.690,0.860,0.890,4,0,3.004,0,0,18,295,0,51,3
26-06 05:34:14,28.684,5.238,60.861,2.494,0,5520688,169400,181760,2132356,4729.178,1616.301,0,3835.223,0,476.909,8768,13559,0.880,0.890,0.910,1,0,1.995,0,0,18,294,0,53,3
26-06 05:34:15,25.876,5.024,66.573,1.256,0,5521736,168140,181776,2132552,4642.529,1627.900,0,3259.819,0,282.370,7732,11494,0.880,0.890,0.910,1,0,1.005,0,0,18,295,0,46,3
26-06 05:34:16,10.712,2.989,80.964,1.993,0,5521868,167664,181820,2132852,6195.084,2613.753,0,7310.139,0,561.015,4564,7346,0.880,0.890,0.910,0,0,0,0,0,18,293,0,47,3
26-06 05:34:17,10.503,1.751,86.027,0.750,0,5522528,166908,181828,2132940,15820.030,4655.480,0,1544.491,0,123.039,2970,3978,0.880,0.890,0.910,1,0,0,0,0,18,293,0,47,3
26-06 05:34:18,9.998,1.750,85.981,0.500,0,5522592,166656,181852,2133104,16264.398,4572.987,0,1023.773,0,108.976,3251,4384,0.880,0.890,0.910,0,0,0,0,0,18,293,0,47,3
26-06 05:34:19,9.786,1.756,87.319,0.502,0,5523636,165396,181852,2133320,15979.381,4440.223,0,895.271,0,69.253,2401,2984,0.970,0.910,0.910,1,0,1.004,0,0,18,293,0,46,3
26-06 05:34:20,6.718,1.244,89.820,0.995,0,5523816,165156,181868,2133364,12136.927,3509.209,0,1122.628,0,125.400,2657,4064,0.970,0.910,0.910,1,0,0,0,0,18,293,0,46,3
26-06 05:34:21,23.122,4.775,67.859,1.005,0,5523892,164904,181888,2133520,5282.980,1465.763,0,2006.628,0,266.411,7160,10526,0.970,0.910,0.910,1,0,0,0,0,18,294,0,46,3
26-06 05:34:22,24.902,5.229,64.993,2.490,0,5523800,164652,181924,2133828,3306.928,537.874,0,8876.910,0,583.693,8475,13273,0.970,0.910,0.910,2,0,0,0,0,18,294,0,48,3
26-06 05:34:23,26.349,6.525,62.987,1.757,0,5524168,163908,181964,2134148,4633.450,1571.920,0,7251.308,0,564.124,8123,12483,0.970,0.910,0.910,1,0,0,0,0,18,293,0,48,3
26-06 05:34:24,4.986,1.745,90.491,1.246,0,5524108,163908,181968,2134204,5376.605,2468.931,0,2405.114,0,175.498,2811,4365,0.890,0.900,0.910,2,0,0,0,0,18,294,0,48,3
26-06 05:34:25,8.996,1.249,86.460,0.500,0.250,5524540,163404,181980,2134264,10356.235,2941.646,0,1075.505,0,116.946,2816,3895,0.890,0.900,0.910,1,0,0,0,0,18,293,0,48,3
26-06 05:34:26,9.737,2.247,85.636,0.999,0,5524548,163152,181992,2134496,11322.961,3347.554,0,1326.239,0,128.829,2937,4083,0.890,0.900,0.910,0,0,0,0,0,18,293,0,50,3
26-06 05:34:27,13.011,3.003,81.319,0.500,0,5524292,163152,182008,2134736,4790.067,1707.450,0,1349.145,0,135.115,4291,6178,0.890,0.900,0.910,0,0,0,0,0,18,295,0,44,3
26-06 05:34:28,26.767,5.003,63.540,2.502,0,5524608,162648,182052,2134880,5135.235,1512.953,0,3642.295,0,451.284,8063,12299,0.890,0.900,0.910,1,0,0,0,0,18,294,0,45,3
26-06 05:34:29,24.989,4.998,67.471,0.750,0,5525848,160888,182064,2135388,6047.376,1659.280,15.993,3598.438,1.000,249.892,7680,11069,1.060,0.930,0.920,1,0,1.000,0,0,18,293,0,47,3
26-06 05:34:30,14.239,3.247,78.939,1.998,0,5526004,160636,182084,2135464,6706.798,2457.094,0,6942.616,0,507.606,4722,7249,1.060,0.930,0.920,0,0,0,0,0,18,293,0,49,3
26-06 05:34:31,10.504,2.251,84.281,0.750,0,5525796,160636,182084,2135672,12330.487,3461.260,0,1708.622,0,172.063,3517,5019,1.060,0.930,0.920,0,0,0,0,0,18,293,0,46,3
26-06 05:34:32,10.755,2.751,83.790,1.000,0,5526012,160412,182084,2135680,4548.147,1566.740,0,4886.307,0,403.190,3581,4913,1.060,0.930,0.920,1,0,0,0,0,18,295,0,46,3
26-06 05:34:33,26.747,4.999,62.492,2.000,0,5526340,159656,182120,2136072,4421.469,1511.818,0,3695.556,0,455.945,8405,13329,1.060,0.930,0.920,2,0,0,0,0,18,294,0,47,3
26-06 05:34:34,24.749,4.500,66.998,1.250,0,5527912,157652,182124,2136484,4499.847,1619.945,0,4759.838,0,271.991,7533,10818,1.220,0.970,0.930,1,0,0,0,0,18,295,0,47,3
26-06 05:34:35,24.763,4.502,67.534,1.251,0,5527692,157652,182156,2136672,4682.369,1620.820,0,2277.152,0,236.119,6510,9400,1.220,0.970,0.930,7,0,0,0,0,18,294,0,47,3
26-06 05:34:36,24.638,4.728,64.954,2.489,0,5527964,156896,182228,2137084,4801.154,1678.363,31.855,7740.778,0.995,627.146,8769,14042,1.220,0.970,0.930,2,0,0,0,0,18,294,0,48,3
26-06 05:34:37,24.373,5.025,67.339,1.256,0,5529116,154632,182244,2138180,5065.508,1628.199,0,3248.358,0,302.523,7491,10990,1.220,0.970,0.930,5,0,0,0,0,18,293,0,50,3
26-06 05:34:38,4.745,0.999,91.657,0.499,0.499,5529076,154632,182256,2138208,6733.198,2580.393,0,1522.462,0,124.874,2301,3476,1.220,0.970,0.930,1,0,0,0,0,18,293,0,50,3
26-06 05:34:39,11.742,1.499,84.692,1.249,0,5529384,154128,182272,2138388,6164.813,2356.400,0,1866.732,0,182.876,2932,4126,1.120,0.950,0.920,2,0,0.999,0,0,18,293,0,50,3
26-06 05:34:40,10.426,1.489,83.906,0.745,0,5529460,153876,182296,2138540,4695.733,781.464,0,2009.762,0,184.692,3462,5168,1.120,0.950,0.920,1,0,0,0,0,18,293,0,50,3
26-06 05:34:41,8.800,1.760,86.747,0.754,0,5529352,153876,182304,2138640,5517.627,1606.207,0,1705.778,0,160.922,2875,4137,1.120,0.950,0.920,3,0,0,0,0,18,293,0,50,3
26-06 05:34:42,7.259,1.251,89.355,0.501,0,5529328,153876,182316,2138652,12388.603,3000.537,0,1225.444,0,124.146,2453,3469,1.120,0.950,0.920,2,0,0,0,0,18,294,0,50,3
26-06 05:34:43,23.968,5.992,64.914,2.746,0,5529472,153372,182356,2138972,6287.699,1456.078,0,3143.849,0,418.448,8234,12800,1.120,0.950,0.920,4,0,0,0,0,18,294,0,50,3
26-06 05:34:44,31.113,9.284,56.203,1.756,0,5559784,155128,181268,2108420,7322.500,1625.884,0,9502.389,0,683.474,9580,21032,1.110,0.950,0.930,1,0,36.131,0,0,18,294,0,47,3
26-06 05:34:45,23.470,4.744,67.912,0.499,0,5559616,155128,181280,2108576,6070.138,1456.114,15.979,2021.382,0.999,179.767,7313,10381,1.110,0.950,0.930,1,0,0,0,0,18,294,0,48,3
26-06 05:34:46,9.743,2.248,85.691,1.499,0,5558572,155956,181300,2108772,6992.168,2609.197,0,1874.704,0,222.846,3427,5184,1.110,0.950,0.930,0,0,0,0,0,18,293,0,50,3
26-06 05:34:47,8.755,2.251,85.802,0.750,0,5556580,157888,181300,2108832,11854.128,3299.984,0,6788.082,0,434.261,3279,4488,1.110,0.950,0.930,0,0,0,0,0,18,293,0,51,3
26-06 05:34:48,16.250,4.250,75.749,1.750,0,5556192,158140,181316,2108952,4499.941,1619.979,24.000,2503.967,4.000,276.996,5735,8581,1.110,0.950,0.930,1,0,6.000,0,0,18,294,0,43,3
26-06 05:34:49,26.076,6.519,62.683,2.006,0,5554972,158952,181352,2109324,7187.004,2229.516,0,4408.885,0,409.196,8318,12710,1.100,0.950,0.930,2,0,2.006,0,0,18,294,0,43,3
26-06 05:34:50,26.013,4.752,66.534,2.501,0,5553876,159592,181420,2109712,8230.229,2233.148,0,9472.868,0,711.366,9480,15181,1.100,0.950,0.930,1,0,0,0,0,18,294,0,43,3
26-06 05:34:51,22.168,4.484,68.747,1.245,0,5553936,159088,181468,2110108,5349.332,2566.564,0,3267.985,0,317.831,6817,10331,1.100,0.950,0.930,0,0,0,0,0,18,295,0,45,3
26-06 05:34:52,7.000,1.750,87.995,1.250,0,5553800,159088,181496,2110216,6133.677,2032.893,0,2115.889,0,205.989,3065,4690,1.100,0.950,0.930,0,0,0,0,0,18,295,0,45,3
26-06 05:34:53,4.500,1.500,93.253,0.250,0,5553752,159088,181504,2110256,10506.346,2488.082,0,1276.042,0,73.002,1724,2352,1.100,0.950,0.930,1,0,0,0,0,18,296,0,45,3
26-06 05:34:54,8.993,1.499,86.685,0.749,0,5553556,159088,181516,2110440,12959.238,3457.396,0,1650.756,0,163.877,3239,4791,1.010,0.940,0.920,0,0,0,0,0,18,295,0,45,3
26-06 05:34:55,22.056,4.762,69.677,1.754,0,5553408,159088,181536,2110568,4812.210,1624.121,0,5878.917,0,613.557,6927,9583,1.010,0.940,0.920,1,0,4.010,0,0,18,296,0,49,3
26-06 05:34:56,25.202,5.739,63.379,3.244,0,5552868,159088,181560,2111084,4945.538,1455.216,0,8902.966,0,752.560,9397,15344,1.010,0.940,0.920,1,0,0,0,0,18,296,0,49,3
26-06 05:34:57,23.851,5.272,68.289,0.753,0,5552708,159088,181588,2111216,3705.669,813.440,0,2201.308,0,195.828,7591,11062,1.010,0.940,0.920,2,0,0,0,0,18,296,0,50,3
26-06 05:34:58,25.625,5.225,64.934,1.742,0,5552840,158584,181632,2111544,9936.590,2176.397,0,2909.824,0,329.395,7912,11565,1.010,0.940,0.920,8,0,0,0,0,18,296,0,50,3
26-06 05:34:59,25.856,5.272,64.265,2.510,0,5553708,157324,181668,2111900,4837.912,1464.026,0,9025.146,0,722.976,8902,13917,1.010,0.940,0.920,1,0,1.004,0,0,18,296,0,51,3
26-06 05:35:00,25.482,4.997,66.953,0.999,0,5553472,157324,181676,2112128,5755.987,1618.871,0,2262.423,0,180.874,7233,10109,1.010,0.940,0.920,2,0,0,0,0,18,296,0,46,3
26-06 05:35:01,26.431,5.486,63.585,1.995,0,5553316,157072,181712,2112500,5181.538,1454.222,0,3044.091,0,397.966,8447,12953,1.010,0.940,0.920,1,0,0,0,0,18,296,0,46,3
26-06 05:35:02,24.831,5.267,66.718,1.505,0.251,5553820,156316,181716,2112796,5116.740,1625.318,4.013,2383.799,1.003,223.732,7290,10336,1.010,0.940,0.920,2,0,3.010,0,0,18,296,0,48,3
26-06 05:35:03,25.451,4.741,66.621,1.248,0,5554336,155560,181724,2113028,4808.698,1455.185,0,2423.312,0,235.544,7776,11131,1.010,0.940,0.920,1,0,0,0,0,18,297,0,49,3
26-06 05:35:04,26.227,5.495,62.446,2.248,0,5553928,155560,181756,2113404,5521.197,1618.592,0,5455.254,0,509.557,8416,13364,1.090,0.960,0.930,2,0,0,0,0,18,296,0,48,3
26-06 05:35:05,23.326,5.769,67.973,2.007,0,5554008,155308,181788,2113544,5166.940,1529.013,0,8660.394,0,603.980,7642,11655,1.090,0.960,0.930,1,0,0,0,0,18,296,0,50,3
26-06 05:35:06,14.941,3.486,77.695,0.996,0,5553680,155308,181820,2113840,6527.336,2559.935,0,1765.060,0,213.162,4706,6890,1.090,0.960,0.930,1,0,0,0,0,18,293,0,53,3
26-06 05:35:07,13.507,2.501,81.039,1.251,0,5553448,155308,181820,2114072,6349.062,2614.261,16.008,1836.886,1.000,173.083,3888,5407,1.090,0.960,0.930,1,0,1.000,0,0,18,293,0,54,3
26-06 05:35:08,10.253,2.501,85.526,0.500,0,5553952,154804,181832,2114060,5471.659,1620.491,0,6922.099,0,386.117,2977,4090,1.090,0.960,0.930,2,0,1.000,0,0,18,293,0,55,3
26-06 05:35:09,5.516,1.755,91.270,0.752,0,5553836,154804,181844,2114164,7602.525,2578.640,0,1195.542,0,103.306,2335,3274,1,0.940,0.920,1,0,1.003,0,0,18,294,0,55,3
26-06 05:35:10,12.950,2.241,81.189,0.996,0,5553872,154552,181856,2114368,7311.968,2487.464,0,1633.737,0,194.255,3933,5616,1,0.940,0.920,0,0,0.996,0,0,18,293,0,57,3
26-06 05:35:11,14.505,2.251,79.028,1.751,0,5554004,154300,181856,2114488,21807.622,6966.435,0,2372.829,0,268.094,4605,6601,1,0.940,0.920,0,0,0,0,0,18,294,0,58,3
26-06 05:35:12,6.998,1.999,87.473,1.749,0,5553964,154300,181884,2114500,10102.881,3231.002,0,6178.092,0,410.873,3425,5158,1,0.940,0.920,1,0,0,0,0,18,294,0,55,3
26-06 05:35:13,8.264,1.252,88.401,0.501,0,5553772,154300,181892,2114684,7599.013,2194.759,0,1137.949,0,108.185,2620,3589,1,0.940,0.920,2,0,0,0,0,18,294,0,55,3
26-06 05:35:14,8.736,2.995,86.359,0.499,0,5555988,152032,181892,2114736,10417.961,2992.106,0,1134.145,0,103.830,3159,4446,0.920,0.920,0.920,1,0,2.995,0,0,18,295,0,55,3
26-06 05:35:15,26.787,5.508,63.588,2.003,0,5555888,151808,181904,2115048,4524.239,1460.013,0,2751.795,0,370.511,7868,12057,0.920,0.920,0.920,2,1,2.003,0,0,18,295,0,57,3
26-06 05:35:16,25.468,4.994,65.418,1.248,0,5555988,151556,181924,2115180,5050.683,1617.976,0,2880.398,0,305.618,7882,11991,0.920,0.920,0.920,2,1,0.999,0,0,18,295,0,57,3
26-06 05:35:17,26.522,3.003,67.306,1.751,0,5555628,151556,181948,2115516,4822.015,1459.215,0,2706.254,0,286.238,5779,8320,0.920,0.920,0.920,2,0,0,0,0,18,295,0,51,3
26-06 05:35:18,23.236,5.247,66.710,1.499,0,5555504,151556,181984,2115604,5276.860,1619.037,0,6676.028,0,476.716,7678,11352,0.920,0.920,0.920,4,0,0,0,0,18,295,0,54,3
26-06 05:35:19,25.051,4.760,67.136,1.002,0,5557020,149540,182004,2116084,5068.231,1460.949,0,2336.717,0,252.510,7505,11130,0.930,0.930,0.920,1,0,1.002,0,0,18,295,0,54,3
26-06 05:35:20,10.221,2.244,84.014,1.496,0,5557176,149288,182024,2116160,6607.424,2628.610,0,2756.251,0,270.240,3500,5427,0.930,0.930,0.920,0,0,0,0,0,18,294,0,55,3
26-06 05:35:21,7.739,1.997,86.875,1.248,0,5557344,149036,182028,2116236,5937.475,2341.638,15.977,2112.966,0.999,221.682,3283,5013,0.930,0.930,0.920,0,0,0,0,0,18,294,0,54,3
26-06 05:35:22,16.283,2.505,78.410,1.754,0.251,5557272,149036,182048,2116288,6448.184,2087.267,0,2685.491,0,272.557,4757,6678,0.930,0.930,0.920,0,0,0,0,0,18,294,0,57,3
26-06 05:35:23,4.263,1.254,92.290,0.502,0,5557000,149036,182052,2116556,5013.733,1462.590,0,5894.497,0,405.272,1893,2632,0.930,0.930,0.920,6,0,0,0,0,18,295,0,58,3
26-06 05:35:24,6.489,1.747,88.855,0.499,0,5556820,149036,182060,2116728,11450.374,3454.381,0,1373.765,0,129.789,2793,4120,0.850,0.910,0.910,0,0,0,0,0,18,294,0,59,3
26-06 05:35:25,25.490,4.748,66.473,1.999,0,5550856,154852,182064,2116872,4558.156,1619.345,0,2766.881,0,318.871,6929,10272,0.850,0.910,0.910,1,0,0,0,0,18,295,0,56,3
26-06 05:35:26,23.972,5.494,65.673,1.748,0,5551184,154096,182104,2117260,4715.436,1522.204,0,8997.384,0,637.248,8638,13549,0.850,0.910,0.910,2,0,0,0,0,18,295,0,57,3
26-06 05:35:27,25.039,4.507,67.606,1.252,0,5549336,155624,182108,2117576,4807.560,1622.552,0,2195.453,0,213.335,7653,11277,0.850,0.910,0.910,2,0,0,0,0,18,295,0,57,3
26-06 05:35:28,15.481,3.496,77.902,1.498,0,5549552,155264,182124,2117704,6312.063,2561.779,0,1945.553,0,219.724,4935,7341,0.850,0.910,0.910,0,0,0,0,0,18,294,0,58,3
26-06 05:35:29,8.996,1.999,86.213,0.500,0,5549944,154792,182148,2117760,7221.891,2522.914,0,1875.193,0,168.927,3234,4593,0.870,0.910,0.910,1,0,1.999,0,0,18,294,0,55,3
26-06 05:35:30,10.499,2.750,83.491,1.250,0,5550256,154300,182160,2117928,12106.755,2649.727,0,3935.595,0,179.981,4171,6282,0.870,0.910,0.910,1,0,0,0,0,18,296,0,55,3
26-06 05:35:31,27.473,5.744,61.940,2.248,0,5550340,153796,182196,2118312,5263.922,1510.543,0,9147.176,0,769.258,9233,14895,0.870,0.910,0.910,1,0,0,0,0,18,295,0,56,3
26-06 05:35:32,21.525,5.256,70.832,1.502,0,5551332,152536,182236,2118540,4623.326,2449.822,0,2386.750,0,240.277,6165,8854,0.870,0.910,0.910,0,0,0,0,0,18,294,0,58,3
26-06 05:35:33,8.034,1.506,87.366,1.004,0,5551456,152312,182268,2118608,6986.287,2418.137,0,2454.289,0,234.985,3021,4543,0.870,0.910,0.910,1,1,0,0,0,18,294,0,54,3
26-06 05:35:34,3.744,0.998,93.350,0.499,0,5551412,152312,182272,2118648,4672.469,1617.393,0,1281.934,0,90.854,1817,2693,0.800,0.900,0.910,1,0,0,0,0,18,295,0,54,3
26-06 05:35:35,3.944,0.986,90.947,0.739,0,5551364,152312,182284,2118684,5661.899,2308.927,0,1399.947,0,151.825,2293,3553,0.800,0.900,0.910,0,0,0,0,0,18,294,0,54,3
26-06 05:35:36,9.612,2.277,87.017,1.265,0,5552172,151304,182292,2118876,7344.839,3044.582,0,2031.745,0,244.862,3218,4632,0.800,0.900,0.910,0,0,0,0,0,18,294,0,54,3
26-06 05:35:37,4.997,1.499,90.448,0.500,0,5552392,151080,182296,2118876,11654.352,2899.346,0,1243.291,0,115.934,2252,3292,0.800,0.900,0.910,0,0,0,0,0,18,294,0,51,3
26-06 05:35:38,15.258,2.751,79.290,0.750,0,5551680,151632,182300,2119032,6341.237,2405.228,0,1564.799,0,174.089,3994,5363,0.800,0.900,0.910,0,0,0,0,0,18,294,0,52,3
26-06 05:35:39,7.752,2.251,87.778,1.000,0,5552036,151128,182316,2119164,6050.907,2340.738,0,5889.857,0,449.142,2843,3930,0.730,0.880,0.900,0,0,1.000,0,0,18,294,0,52,3
26-06 05:35:40,5.500,1.750,88.994,1.250,0,5551976,151128,182320,2119220,4517.698,1457.902,0,5483.633,0,329.978,2448,3785,0.730,0.880,0.900,1,0,0,0,0,18,295,0,52,3
26-06 05:35:41,9.744,2.249,85.195,1.499,0,5551888,151128,182328,2119300,6337.886,2470.396,0,1842.804,0,211.862,3676,5466,0.730,0.880,0.900,0,0,0,0,0,18,294,0,51,3
26-06 05:35:42,8.506,2.002,87.817,0.500,0,5552308,150652,182344,2119340,20851.795,5694.314,0,1216.922,0,106.080,2701,3561,0.730,0.880,0.900,0,0,0,0,0,18,294,0,51,3
26-06 05:35:43,2.500,0.500,95.513,0,0,5552304,150652,182344,2119344,4686.627,1971.264,0,836.112,0,38.005,1263,1678,0.730,0.880,0.900,0,0,0,0,0,18,294,0,52,3
26-06 05:35:44,10.497,5.498,81.477,0.500,0,5556508,175436,181316,2091420,13561.223,4590.722,67.981,1171.674,2.999,118.967,3634,11165,0.990,0.930,0.920,0,0,35.990,0,0,18,294,0,53,3
26-06 05:35:45,2.501,1.000,95.022,0.250,0,5556452,175348,181324,2091556,4983.130,1620.367,0,736.167,0,49.011,1379,2041,0.990,0.930,0.920,0,0,0,0,0,18,294,0,50,3
26-06 05:35:46,11.002,2.500,83.766,1.250,0,5552624,178940,181344,2091772,18634.665,4837.951,0,1700.334,0,196.039,3683,5114,0.990,0.930,0.920,0,0,0,0,0,18,294,0,51,3
26-06 05:35:47,10.751,2.250,84.761,0.250,0,5552960,178572,181356,2091792,4708.622,1524.201,0,1020.135,0,90.012,3439,4766,0.990,0.930,0.920,3,0,0,0,0,18,295,0,51,3
26-06 05:35:48,24.986,6.246,65.463,1.249,0,5555612,175308,181392,2092368,5157.074,1619.081,0,2814.403,0,321.817,7450,11027,0.990,0.930,0.920,1,0,5.997,0,0,18,295,0,53,4
26-06 05:35:49,11.748,2.749,81.984,1.000,0,5556208,174612,181420,2092440,8330.372,3167.381,0,2599.492,0,259.949,3928,5607,0.910,0.920,0.910,0,0,1.000,0,0,18,294,0,52,3
26-06 05:35:50,16.995,2.749,76.978,1.999,0,5554840,175680,181452,2092708,13904.057,4046.852,0,2563.273,0,256.927,4880,6822,0.910,0.920,0.910,3,0,0,0,0,18,294,0,52,3
26-06 05:35:51,10.257,3.002,84.311,0.751,0,5555052,175428,181468,2092732,5692.125,1525.105,0,5896.273,0,401.291,4331,6534,0.910,0.920,0.910,3,0,0,0,0,18,295,0,52,3
26-06 05:35:52,26.500,5.000,65.000,2.000,0,5555176,174952,181476,2093076,4982.003,1620.001,0,2980.002,0,310.000,7736,11649,0.910,0.920,0.910,2,0,1.000,0,0,18,295,0,52,3
26-06 05:35:53,24.009,5.502,67.275,0.750,0.250,5556320,173692,181476,2093192,3859.435,1458.542,0,2608.970,0,215.080,7360,10605,0.910,0.920,0.910,1,0,0,0,0,18,295,0,50,3
26-06 05:35:54,11.989,2.997,81.426,1.249,0,5556072,173692,181484,2093432,5774.772,2564.678,0,1962.224,0,234.787,3987,5844,0.840,0.900,0.910,1,0,0,0,0,18,294,0,52,3
26-06 05:35:55,11.253,2.251,83.773,1.000,0,5555928,173692,181500,2093560,4459.214,1458.397,16.004,2048.558,1.000,191.052,3748,5258,0.840,0.900,0.910,0,0,2.001,0,0,18,295,0,52,3
26-06 05:35:56,11.499,2.500,83.241,1.500,0,5556300,173216,181524,2093640,11844.687,3459.617,0,2503.723,0,267.970,3905,5768,0.840,0.900,0.910,1,0,0,0,0,18,294,0,52,3
26-06 05:35:57,13.027,3.006,81.170,1.253,0,5556268,172964,181548,2093900,6597.841,2475.192,0,5948.478,0,424.891,4038,6022,0.840,0.900,0.910,2,0,0,0,0,18,294,0,53,3
26-06 05:35:58,10.265,1.502,85.374,0.751,0,5556492,172712,181564,2093912,11116.182,3398.948,0,1285.872,0,116.169,3206,4312,0.840,0.900,0.910,1,0,0,0,0,18,294,0,48,3
26-06 05:35:59,3.737,1.495,92.682,0.498,0,5556396,172712,181576,2093996,12380.573,3052.539,0,1191.915,0,114.607,2358,3510,0.770,0.890,0.900,0,0,0.997,0,0,18,294,0,48,3
26-06 05:36:00,24.766,5.504,65.043,2.251,0,5556296,172460,181612,2094308,5283.489,1621.071,0,8345.512,0,754.498,9472,14317,0.770,0.890,0.900,1,0,0,0,0,18,295,0,49,3
26-06 05:36:01,26.236,6.247,63.965,2.499,0,5556436,171956,181668,2094616,5773.811,1619.106,0,6224.562,0,468.741,8497,13118,0.770,0.890,0.900,1,0,0,0,0,18,295,0,50,3
26-06 05:36:02,23.736,5.497,66.712,1.749,0,5557804,170192,181684,2094996,4857.213,1619.071,0,6412.321,0,440.747,8682,13428,0.770,0.890,0.900,1,0,0,0,0,18,295,0,47,3
26-06 05:36:03,10.014,2.504,85.371,0.751,0,5557520,170192,181708,2095256,6328.970,2572.646,32.045,2315.282,1.001,238.338,3629,5468,0.770,0.890,0.900,1,0,1.001,0,0,18,294,0,48,3
26-06 05:36:04,10.745,1.999,84.710,1.249,0,5557428,170192,181712,2095344,4763.724,1565.252,0,1675.200,0,179.914,3792,5548,0.790,0.890,0.900,0,0,0,0,0,18,295,0,48,3
26-06 05:36:05,11.751,2.500,83.255,1.250,0,5557320,170192,181728,2095436,11987.735,3418.210,0,2388.146,0,273.017,4217,5999,0.790,0.890,0.900,0,0,0,0,0,18,294,0,48,3
26-06 05:36:06,11.498,2.499,82.483,1.250,0,5557548,169688,181736,2095704,6455.690,2568.479,0,1979.598,0,221.955,3604,5115,0.790,0.890,0.900,0,0,0,0,0,18,294,0,43,3
26-06 05:36:07,10.255,2.001,85.538,0.750,0,5557532,169688,181748,2095708,5855.599,1963.872,0,1584.703,0,156.069,3194,4425,0.790,0.890,0.900,0,1,0,0,0,18,294,0,43,3
26-06 05:36:08,5.743,1.248,90.636,0.250,0,5557420,169688,181748,2095820,12398.447,2993.245,0,938.822,0,68.914,2104,2860,0.790,0.890,0.900,1,0,0,0,0,18,295,0,43,3
26-06 05:36:09,25.313,5.764,65.163,2.005,0,5557656,169188,181780,2096052,5190.989,1461.657,0,3272.188,0,403.008,8102,12692,0.810,0.890,0.900,4,0,1.003,0,0,18,295,0,44,3
26-06 05:36:10,25.473,5.494,63.432,2.747,0.250,5557600,168936,181824,2096316,5292.332,1456.440,0,13977.030,0,1124.795,8743,14241,0.810,0.890,0.900,1,0,0,0,0,18,294,0,37,3
26-06 05:36:11,25.750,5.250,66.500,1.000,0,5558796,167172,181832,2096876,5176.979,1619.993,0,2123.991,0,193.999,7524,10801,0.810,0.890,0.900,1,0,0,0,0,18,295,0,37,3
26-06 05:36:12,18.232,3.996,73.427,1.748,0.250,5559432,166416,181836,2096996,6073.942,2609.397,0,2445.561,0,253.747,5970,8872,0.810,0.890,0.900,0,0,0,0,0,18,294,0,38,3
26-06 05:36:13,11.754,2.251,83.530,0.750,0,5559276,166416,181840,2097148,4285.564,1524.557,0,1956.714,0,183.067,3395,4711,0.810,0.890,0.900,1,0,0,0,0,18,295,0,38,3
26-06 05:36:14,12.247,2.999,81.729,1.750,0.250,5559396,166192,181856,2097236,5659.556,2429.380,0,2539.352,0,269.931,4136,6081,0.820,0.890,0.910,0,0,0,0,0,18,294,0,36,3
26-06 05:36:15,9.535,2.509,84.561,1.506,0,5563744,161684,181868,2097380,10600.945,2497.174,0,5191.070,0,336.235,3447,4946,0.820,0.890,0.910,2,0,4.015,0,0,18,295,0,36,3
26-06 05:36:16,14.202,3.239,79.728,0.997,0,5564032,161180,181872,2097592,6793.851,2562.270,0,2694.818,0,176.399,4095,5781,0.820,0.890,0.910,1,0,0.997,0,0,18,295,0,39,3
26-06 05:36:17,18.246,5.249,74.235,0.750,0,5601492,153320,181148,2068760,11674.618,3297.327,0,1971.598,0,175.964,4826,6427,0.820,0.890,0.910,0,0,2.000,0,0,18,294,0,40,3
26-06 05:36:18,15.027,2.755,80.145,0.751,0,5601428,153320,181164,2068808,5676.269,1622.936,0,1486.690,0,154.279,4866,7097,0.820,0.890,0.910,1,0,0,0,0,18,295,0,36,3
26-06 05:36:19,26.205,5.491,62.893,2.745,0,5601340,152844,181296,2069240,5296.965,1617.241,0,4787.833,0,575.019,8968,14162,0.840,0.890,0.910,1,0,0.998,0,0,18,295,0,36,3
26-06 05:36:20,25.106,5.021,66.531,1.506,0,5601328,152592,181328,2069472,5696.038,1693.145,0,3072.968,0,302.276,7608,11027,0.840,0.890,0.910,2,0,0,0,0,18,294,0,36,3
26-06 05:36:21,6.974,1.992,88.666,0.996,0,5601776,151848,181340,2069740,6910.983,2553.387,15.940,2745.664,0.996,229.137,3138,5028,0.840,0.890,0.910,0,0,0,0,0,18,294,0,37,3
26-06 05:36:22,12.983,2.996,79.649,2.247,0,5602096,151372,181384,2069852,9302.150,3567.456,0,7047.023,0,499.364,4474,6879,0.840,0.890,0.910,0,0,0,0,0,18,294,0,34,3
26-06 05:36:23,8.752,2.251,87.274,0.750,0,5602040,151372,181384,2069908,10286.820,3232.886,0,1960.538,0,149.041,2961,4043,0.840,0.890,0.910,0,0,0,0,0,18,294,0,34,3
26-06 05:36:24,9.236,1.747,86.124,0.749,0,5602096,151120,181400,2070088,9131.610,2909.733,0,1393.956,0,138.796,3054,4146,0.770,0.880,0.900,0,0,0,0,0,18,294,0,34,3
26-06 05:36:25,9.789,2.510,85.844,0.502,0,5602052,151120,181408,2070124,6232.954,777.111,0,5915.684,0,403.616,3266,4501,0.770,0.880,0.900,1,0,0,0,0,18,295,0,34,3
26-06 05:36:26,24.702,4.741,65.622,1.747,0,5603440,149356,181456,2070452,4124.978,1293.484,0,2734.681,0,327.363,7828,11797,0.770,0.880,0.900,1,0,0,0,0,18,295,0,29,3
26-06 05:36:27,11.751,2.750,83.004,1.500,0,5603188,149356,181488,2070672,5840.276,2571.122,0,2416.114,0,235.011,3664,5319,0.770,0.880,0.900,0,0,0,0,0,18,294,0,30,3
26-06 05:36:28,9.491,1.998,85.671,0.749,0,5603124,149356,181516,2070708,11962.965,3360.900,0,2521.674,0,207.808,3100,4452,0.770,0.880,0.900,0,0,0,0,0,18,294,0,30,3
26-06 05:36:29,14.512,3.503,79.067,1.251,0,5603316,149104,181540,2070744,5348.556,1715.461,0,1777.514,0,191.163,4572,6837,0.790,0.880,0.900,1,0,1.001,0,0,18,295,0,30,3
26-06 05:36:30,24.996,5.499,66.239,1.750,0,5603172,148852,181588,2071092,5657.067,1457.760,0,3063.495,0,324.946,7385,10698,0.790,0.880,0.900,2,0,0,0,0,18,294,0,29,3
26-06 05:36:31,7.499,2.250,87.491,1.250,0,5603140,148628,181620,2071316,6936.300,2560.741,0,6823.311,0,459.954,3723,6298,0.790,0.880,0.900,0,0,0,0,0,18,294,0,30,3
26-06 05:36:32,16.478,2.996,76.399,1.498,0,5603236,148376,181676,2071416,5790.383,2394.850,0,3759.055,0,222.707,4362,6100,0.790,0.880,0.900,2,0,0,0,0,18,294,0,32,3
26-06 05:36:33,9.256,1.751,85.807,0.750,0,5603192,148376,181712,2071424,7642.054,2363.563,0,1809.196,0,160.106,3071,4429,0.790,0.880,0.900,0,0,0,0,0,18,294,0,32,3
26-06 05:36:34,8.025,1.755,88.522,0.502,0,5603192,148124,181724,2071664,7788.915,1403.309,0,1259.868,0,111.342,2702,3839,0.730,0.870,0.900,2,0,0,0,0,18,294,0,29,3
26-06 05:36:35,5.739,1.248,91.078,0.749,0,5603116,148124,181748,2071716,10475.221,2991.352,0,1010.093,0,91.827,2282,3129,0.730,0.870,0.900,1,0,0,0,0,18,295,0,29,3
26-06 05:36:36,8.495,1.749,87.451,0.750,0,5603000,148124,181764,2071816,6219.534,2625.537,0,1523.151,0,163.909,3053,4443,0.730,0.870,0.900,0,0,0,0,0,18,294,0,30,3
26-06 05:36:37,11.748,2.749,82.733,0.750,0,5602920,148124,181768,2071892,11406.719,3898.220,0,1455.709,0,168.966,3306,4464,0.730,0.870,0.900,0,0,0,0,0,18,294,0,31,3
26-06 05:36:38,2.500,0.750,95.753,0,0,5602912,148124,181772,2071896,6642.210,2037.064,0,564.018,0,35.001,1191,1662,0.730,0.870,0.900,0,0,0,0,0,18,294,0,30,3
26-06 05:36:39,4.252,1.251,92.798,0.500,0,5603496,147372,181772,2072064,6690.465,2038.055,16.008,836.433,1.001,77.040,1838,2698,0.750,0.870,0.900,0,0,1.001,0,0,18,294,0,30,3
26-06 05:36:40,12.532,2.757,81.459,1.253,0,5603492,147372,181796,2072044,5070.986,1461.743,0,1668.272,0,185.475,3530,4780,0.750,0.870,0.900,3,0,0,0,0,18,292,0,31,3
26-06 05:36:41,6.478,1.993,87.709,1.744,0,5603576,147120,181820,2072188,6435.623,2552.521,0,7084.467,0,517.282,3614,5983,0.750,0.870,0.900,1,0,0,0,0,18,295,0,31,3
26-06 05:36:42,9.749,2.000,85.995,1.000,0,5603484,147120,181848,2072252,11965.294,3297.805,0,1647.903,0,152.991,3118,4443,0.750,0.870,0.900,0,0,0,0,0,18,294,0,31,3
26-06 05:36:43,8.991,1.998,86.666,0.999,0,5603280,147120,181872,2072432,10292.073,2227.851,0,1342.705,0,142.862,2920,4099,0.750,0.870,0.900,0,0,0,0,0,18,294,0,30,3
26-06 05:36:44,13.266,5.757,78.343,0.501,0,5613780,193180,180588,2017156,8908.536,3023.576,0,1001.184,0,99.117,3927,9173,0.690,0.860,0.890,0,0,36.043,0,0,18,294,0,31,3
26-06 05:36:45,4.499,1.500,92.239,0.250,0,5611728,195168,180596,2017196,6092.241,1870.767,0,971.879,0,96.988,2003,2903,0.690,0.860,0.890,0,0,0,0,0,18,294,0,31,3
26-06 05:36:46,12.546,2.760,82.305,1.004,0,5611828,194944,180612,2017304,10604.297,2659.857,0,6174.882,0,501.860,4433,6164,0.690,0.860,0.890,1,0,0,0,0,18,295,0,31,3
26-06 05:36:47,25.163,5.232,66.271,1.495,0,5609976,194944,180632,2019136,4323.055,1452.977,0,2024.999,0,225.221,7317,10350,0.690,0.860,0.890,2,0,0,0,0,18,295,0,28,3
26-06 05:36:48,24.754,6.251,64.510,1.500,0,5610508,193436,180652,2020092,4870.784,1620.261,0,2620.422,0,319.051,8062,12136,0.690,0.860,0.890,2,0,6.001,0,0,18,295,0,28,3
26-06 05:36:49,15.758,4.002,76.541,1.251,0,5610756,192932,180656,2020344,8572.616,3170.707,0,2345.263,0,235.127,5091,7335,0.870,0.890,0.910,0,0,1.001,0,0,18,294,0,29,3
26-06 05:36:50,13.237,3.497,80.172,1.748,0,5610568,192932,180668,2020520,8629.651,3107.993,0,6018.177,0,410.603,3991,5689,0.870,0.890,0.910,1,0,0,0,0,18,294,0,30,3
26-06 05:36:51,8.530,2.760,87.311,0.502,0,5609108,194324,180676,2020580,6889.524,1692.023,0,1320.701,0,113.404,2798,3953,0.870,0.890,0.910,1,0,0,0,0,18,295,0,26,3
26-06 05:36:52,7.973,2.242,87.202,0.997,0,5609500,193848,180680,2020660,6077.209,2394.807,0,1614.477,0,172.410,3015,4512,0.870,0.890,0.910,0,0,0,0,0,18,294,0,29,3
26-06 05:36:53,23.100,3.264,71.809,0,0,5615528,187548,180680,2020932,5122.074,1669.193,0,1201.176,0,33.143,3843,4075,0.870,0.890,0.910,1,0,0,0,0,18,295,0,29,3
26-06 05:36:54,17.427,3.734,77.178,0.747,0,5620540,182256,180680,2021212,11539.803,3445.609,0,1553.512,0,168.297,4072,5410,0.880,0.890,0.910,0,0,0,0,0,18,294,0,31,3
26-06 05:36:55,7.490,1.248,87.634,0.749,0,5620524,182256,180684,2021240,11992.123,3455.425,0,1426.112,0,142.811,2818,3984,0.880,0.890,0.910,0,0,1.997,0,0,18,294,0,29,3
26-06 05:36:56,7.505,1.251,90.055,0.750,0,5620456,182256,180684,2021308,8985.501,2849.745,0,1304.799,0,134.082,2512,3591,0.880,0.890,0.910,0,0,0,0,0,18,294,0,30,3
26-06 05:36:57,7.518,1.754,88.467,0.251,0,5620440,182256,180688,2021320,8605.085,2075.085,0,1202.948,0,85.209,2699,3747,0.880,0.890,0.910,2,0,0,0,0,18,295,0,30,3
26-06 05:36:58,26.952,5.241,64.635,1.747,0,5621244,180996,180704,2021760,10833.806,2991.700,0,2399.748,0,279.505,7886,11913,0.880,0.890,0.910,1,0,0.998,0,0,18,296,0,30,3
26-06 05:36:59,11.741,3.247,82.434,1.249,0,5621976,179988,180712,2022028,6039.163,2467.024,0,2821.740,0,304.756,4128,6374,0.810,0.880,0.900,0,0,0.999,0,0,18,294,0,31,3
26-06 05:37:00,20.775,3.504,73.340,1.001,0,5621928,179988,180724,2022064,5166.313,1621.982,0,6255.644,0,391.478,6381,9340,0.810,0.880,0.900,1,0,0,0,0,18,298,0,34,3
26-06 05:37:01,26.237,4.498,66.466,1.249,0,5622528,178944,180728,2022504,5714.077,1619.172,127.935,7576.124,7.996,567.710,7460,10187,0.810,0.880,0.900,1,0,1.999,0,0,18,300,0,54,3
26-06 05:37:02,26.093,3.763,67.241,0.753,0,5624184,177180,180728,2022612,4955.742,1463.239,0,1364.886,0,118.424,6253,8013,0.810,0.880,0.900,1,0,1.004,0,0,18,298,0,69,3
26-06 05:37:03,19.430,3.238,74.232,0.996,0,5624724,176172,180736,2023072,11968.751,3447.542,0,2160.194,0,185.330,4708,6277,0.810,0.880,0.900,0,0,0,0,0,18,297,0,67,3
26-06 05:37:04,14.562,3.264,79.335,1.255,0,5624684,176172,180744,2023104,5240.134,1464.185,4.017,1992.416,1.004,225.954,4743,7278,0.830,0.880,0.900,1,0,0,0,0,18,298,0,67,3
26-06 05:37:05,24.648,4.730,67.720,0.996,0.249,5624856,175668,180772,2023408,5116.839,1571.501,0,3055.365,0,291.793,6557,10032,0.830,0.880,0.900,2,0,0,0,0,18,298,0,68,3
26-06 05:37:06,7.245,1.999,87.440,0.999,0,5624968,175416,180780,2023540,6498.572,2517.285,0,1954.668,0,192.869,3010,4594,0.830,0.880,0.900,0,0,0,0,0,18,297,0,69,3
26-06 05:37:07,6.497,1.999,88.710,1.249,0,5624900,175416,180792,2023596,5556.518,2078.072,0,2003.105,0,197.912,2836,4282,0.830,0.880,0.900,0,0,0,0,0,18,297,0,68,3
26-06 05:37:08,7.254,1.751,88.793,0.750,0,5624828,175416,180812,2023648,6498.153,2242.088,0,2028.985,0,201.098,2688,3870,0.830,0.880,0.900,0,0,0,0,0,18,297,0,69,3
26-06 05:37:09,7.249,2.500,86.990,2.000,0,5625364,174664,180848,2023828,7344.146,2510.708,0,5423.369,0,384.955,3113,4908,1.160,0.950,0.930,0,0,1.000,0,0,18,297,0,69,3
26-06 05:37:10,12.997,1.500,82.733,0.250,0,5626328,173656,180856,2023864,5648.828,1619.664,0,1791.628,0,86.982,2807,3249,1.160,0.950,0.930,1,0,0,0,0,18,298,0,69,3
26-06 05:37:11,20.257,2.251,76.277,0.500,0,5627020,172648,180884,2024152,7210.590,2215.796,0,1392.500,0,131.047,3785,4699,1.160,0.950,0.930,0,0,0,0,0,18,296,0,68,4
26-06 05:37:12,5.002,1.251,91.537,1.000,0,5626984,172648,180900,2024172,5537.250,2083.847,0,1188.483,0,110.045,2169,3162,1.160,0.950,0.930,0,0,0,0,0,18,296,0,69,4
26-06 05:37:13,4.746,1.249,92.172,0.500,0,5626956,172648,180904,2024196,5502.325,1973.323,0,1131.039,0,104.911,2174,3166,1.160,0.950,0.930,0,0,0,0,0,18,296,0,69,4
26-06 05:37:14,7.287,2.261,89.452,0.754,0,5626900,172648,180948,2024208,5629.418,2442.329,0,1350.819,0,151.766,2788,4124,1.070,0.930,0.920,2,0,0,0,0,18,296,0,69,4
26-06 05:37:15,6.475,1.494,89.151,0.747,0,5626940,172396,180964,2024404,10373.341,2585.865,0,1163.440,0,112.559,2680,3743,1.070,0.930,0.920,1,1,0,0,0,18,297,0,68,4
26-06 05:37:16,26.267,6.004,63.792,1.751,0,5632348,166628,181036,2024692,4940.283,1705.133,0,2581.716,0,316.210,7522,11924,1.070,0.930,0.920,1,0,3.002,0,0,18,297,0,69,4
26-06 05:37:17,20.972,4.744,70.407,1.748,0,5632928,165620,181124,2025032,6223.790,2465.747,0,6711.147,0,489.354,6295,9272,1.070,0.930,0.920,0,0,1.997,0,0,18,296,0,74,4
26-06 05:37:18,8.250,1.750,87.503,1.000,0,5633164,165368,181168,2025004,6197.185,2460.074,0,1756.052,0,174.005,3091,4449,1.070,0.930,0.920,0,0,1.000,0,0,18,296,0,74,4
26-06 05:37:19,7.253,1.000,89.291,0.500,0,5633032,165368,181200,2025104,6229.881,1975.914,0,1104.511,0,94.043,2350,3195,1.060,0.930,0.920,0,0,1.000,0,0,18,296,0,70,4
26-06 05:37:20,5.770,1.756,91.815,0.502,0,5632988,165368,181228,2025120,5115.533,2035.978,0,899.082,0,78.268,2016,2768,1.060,0.930,0.920,0,0,0,0,0,18,296,0,71,4
26-06 05:37:21,4.753,1.501,90.801,1.001,0,5633120,165144,181264,2025176,11878.734,2956.676,0,6811.862,0,514.292,2896,4215,1.060,0.930,0.920,1,0,0,0,0,18,297,0,71,4
26-06 05:37:22,24.906,4.234,66.749,0.996,0,5633336,164640,181320,2025408,4778.030,1560.132,0,2454.768,0,298.876,6760,9886,1.060,0.930,0.920,1,0,0,0,0,18,296,0,71,4
26-06 05:37:23,12.737,3.247,82.664,0.999,0,5445948,352088,181348,2025320,6419.300,267952.334,147.846,2153.752,10.989,134.859,2194,2281,1.060,0.930,0.920,1,0,13.985,0,0,18,296,0,71,4
26-06 05:37:24,2.252,2.752,93.563,0,0,5445784,352240,181348,2025332,4849.277,1567.059,0,2305.558,0,56.038,1330,1908,1.060,0.940,0.920,0,0,0,0,0,18,296,0,69,4
26-06 05:37:25,1.250,1.000,95.497,1.000,0,5445988,352016,181368,2025332,4577.841,1457.949,0,3179.890,0,183.994,1331,2138,1.060,0.940,0.920,0,0,0,0,0,18,296,0,69,4
26-06 05:37:26,1.500,0.750,96.746,0,0,5445732,352272,181368,2025332,4386.837,1349.950,0,4.000,0,1.000,990,1385,1.060,0.940,0.920,0,0,0,0,0,18,296,0,69,4
26-06 05:37:27,1.250,0.750,97.254,0,0,5445984,352020,181368,2025332,4282.196,1242.057,0,104.005,0,8.000,990,1403,1.060,0.940,0.920,0,0,0,0,0,18,296,0,69,4
26-06 05:37:28,1.000,0.250,97.293,0,0,5445976,352020,181372,2025336,5772.562,1620.719,0,132.059,0,1.000,919,1300,1.060,0.940,0.920,0,0,0,0,0,18,296,0,68,4
26-06 05:37:29,2.256,1.253,95.736,0.501,0,5445972,352020,181372,2025340,6137.121,1708.209,0,168.415,0,21.052,1365,2036,0.970,0.920,0.920,0,0,2.005,0,0,18,296,0,68,4
26-06 05:37:30,1.496,0.748,96.274,0.249,0,5445968,352020,181376,2025340,5626.815,1616.213,0,379.112,0,33.921,1500,2238,0.970,0.920,0.920,0,0,0,0,0,18,296,0,68,4
26-06 05:37:31,2.249,0.750,94.977,0.250,0,5445964,352020,181388,2025332,6255.512,1619.615,0,371.912,0,43.990,1553,2352,0.970,0.920,0.920,0,0,0,0,0,18,296,0,68,4
26-06 05:37:32,1.251,0.750,95.807,0.250,0,5445944,352020,181396,2025344,4788.864,1566.937,0,536.321,0,52.031,1426,2131,0.970,0.920,0.920,0,0,0,0,0,18,296,0,67,4
26-06 05:37:33,1.749,0.500,96.958,0,0,5445936,352020,181396,2025352,4875.900,1457.372,0,599.742,0,25.989,1033,1534,0.970,0.920,0.920,0,0,0,0,0,18,296,0,67,4
26-06 05:37:34,1.750,1.000,95.725,0,0,5445936,352020,181396,2025352,3938.958,1079.714,0,115.969,0,14.996,1307,2009,0.980,0.920,0.920,0,0,0,0,0,18,296,0,67,4
26-06 05:37:35,1.000,0.750,96.517,0.750,0,5445904,352020,181420,2025360,4838.854,1578.278,0,4276.755,0,195.034,1325,2177,0.980,0.920,0.920,0,0,0,0,0,18,296,0,67,4
26-06 05:37:36,1.750,0.500,96.230,0,0.500,5445904,352020,181420,2025360,4913.979,1577.672,0,0,0,0,985,1395,0.980,0.920,0.920,1,0,1.000,0,0,18,296,0,64,4
26-06 05:37:37,1.000,0.750,97.275,0,0,5446128,351796,181420,2025360,4907.270,1566.405,0,0,0,0,990,1395,0.980,0.920,0.920,0,0,0,0,0,18,296,0,64,4
26-06 05:37:38,1.500,0.250,97.230,0,0,5446128,351796,181420,2025360,4761.032,1241.748,0,255.948,0,50.990,913,1311,0.980,0.920,0.920,0,0,0,0,0,18,296,0,64,4
26-06 05:37:39,1.750,1.250,96.027,0,0,5446128,351796,181420,2025360,4787.340,1296.363,0,76.021,0,9.003,1063,1514,0.900,0.910,0.910,0,0,1.000,0,0,18,296,0,64,4
26-06 05:37:40,1.749,0.250,96.687,0,0,5446124,351796,181420,2025364,5548.404,1511.021,0,107.930,0,11.992,1065,1490,0.900,0.910,0.910,0,0,0,0,0,18,296,0,63,4
26-06 05:37:41,3.250,1.000,93.757,0.500,0,5446124,351796,181420,2025364,5523.414,1566.117,0,220.016,0,36.003,1669,2421,0.900,0.910,0.910,0,0,0,0,0,18,296,0,63,4
26-06 05:37:42,1.500,1.000,96.002,0.250,0,5446120,351796,181420,2025368,4846.121,1566.039,0,1588.040,0,248.006,1383,1962,0.900,0.910,0.910,0,0,0,0,0,18,296,0,63,4
26-06 05:37:43,1.000,0.750,97.021,0.250,0,5446120,351796,181420,2025368,4713.022,1512.328,0,308.067,0,22.005,991,1451,0.900,0.910,0.910,0,0,0,0,0,18,296,0,63,4
26-06 05:37:44,8.277,4.013,86.527,0,0,5464200,333704,181424,2028744,4815.442,1625.212,0,224.721,0,30.097,2607,7520,0.830,0.890,0.910,1,0,36.116,0,0,19,297,0,62,4
26-06 05:37:45,1.496,0.748,95.976,0.249,0,5448068,349832,181424,2025380,4427.358,1615.387,0,366.952,0,29.915,1340,3441,0.830,0.890,0.910,0,0,0,0,0,18,296,0,63,4
26-06 05:37:46,1.000,0.250,97.240,0,0,5448064,349832,181424,2025384,4936.468,1661.821,0,199.978,0,14.998,994,1453,0.830,0.890,0.910,0,0,0,0,0,18,296,0,63,4
26-06 05:37:47,1.250,0.750,97.772,0,0,5447936,349960,181424,2025384,4847.082,1566.350,0,20.004,0,1.000,1026,1475,0.830,0.890,0.910,0,0,0,0,0,18,296,0,63,4
26-06 05:37:48,1.499,1.499,95.684,0,0,5447564,350332,181424,2025384,4588.853,1510.964,0,0,0,0,1103,1433,0.830,0.890,0.910,0,0,5.996,0,0,18,296,0,62,4
26-06 05:37:49,1.751,0.750,96.548,0,0,5447496,350400,181424,2025384,7203.581,2332.159,0,0,0,0,1068,1484,0.760,0.880,0.900,0,0,1.000,0,0,18,296,0,62,4
26-06 05:37:50,1.749,0.250,96.222,0,0,5447232,350652,181424,2025396,7821.729,2123.383,0,3.999,0,1.000,1082,1481,0.760,0.880,0.900,1,0,0,0,0,18,296,0,62,4
26-06 05:37:51,2.750,1.250,95.008,0.250,0,5447232,350652,181428,2025392,4689.390,1632.136,0,228.019,0,36.003,1624,2480,0.760,0.880,0.900,0,0,0,0,0,18,296,0,62,4
26-06 05:37:52,1.500,0.250,96.525,0.500,0,5447228,350652,181428,2025396,4353.121,1512.390,0,404.104,0,30.008,1264,1951,0.760,0.880,0.900,0,0,0,0,0,18,296,0,57,4
26-06 05:37:53,1.250,0.750,97.001,0,0,5447228,350652,181428,2025396,3894.034,1134.010,0,308.003,0,23.000,1022,1530,0.760,0.880,0.900,0,0,0,0,0,18,296,0,57,4
26-06 05:37:54,6.999,2.750,88.984,0.250,0,5454672,343172,181432,2025428,273242.035,4753.166,19.996,479.916,4.999,26.995,1841,2128,0.780,0.880,0.900,1,0,6.999,0,0,18,296,0,57,4
26-06 05:37:55,11.547,4.770,82.588,0.251,0,5463848,333848,181456,2025584,284646.449,9643.518,152.625,413.695,6.025,21.086,2620,2285,0.780,0.880,0.900,1,0,34.140,0,0,18,296,0,57,4
26-06 05:37:56,16.191,4.733,77.468,0,0,5465056,328064,181460,2030156,144888.376,3501.274,151.450,7.971,2.989,1.993,2341,1866,0.780,0.880,0.900,1,0,18.931,0,0,18,296,0,53,4
26-06 05:37:57,19.824,6.775,72.269,0.251,0,5454488,324596,181524,2044080,3874.419,542.017,385.434,124.463,50.187,4.015,2609,2008,0.780,0.880,0.900,1,0,24.090,0,0,18,296,0,53,4
