"pcp-dstat 6.2.0 CSV Output"
"Author:","PCP team <pcp@groups.io> and Dag Wieers <dag@wieers.com>",,,,"URL:","https://pcp.io/ and http://dag.wieers.com/home-made/dstat/"
"Host:","ubuntu",,,,"User:","ubuntu"
"Cmdline:","dstat -tcmndrylpg --tcp --output /tmp/devstack_logs/dstat-csv.log",,,,"Date:","16 Jun 2026 13:02:58 UTC"
"system","total usage",,,,,"memory usage",,,,"net/total",,"dsk/total",,"io/total",,"system",,"load avg",,,"procs",,,"paging",,"tcp sockets",,,,
"time","total usage:usr","total usage:sys","total usage:idl","total usage:wai","total usage:stl","used","free","buf","cach","net/total:recv","net/total:send","dsk/total:read","dsk/total:writ","read","writ","int","csw","1m","5m","15m","run","blk","new","in","out","lis","act","syn","tim","clo"
16-06 13:02:58,,1026660,1384584,167152,5229164,,,,,,,1.560,1.080,0.600,2,0,,,,10,5,0,17,1
16-06 13:02:59,21.208,21.707,54.892,0.749,0,1037836,1372896,167236,5229440,39183.185,11939.593,0,1996.087,0,117.769,5577,4206,1.560,1.080,0.600,1,0,347.319,0,0,10,5,0,17,1
16-06 13:03:00,23.253,22.003,53.256,0.250,0,1039300,1370868,167272,5229808,22396.611,12329.437,0,1552.181,0,47.005,5440,3855,1.560,1.080,0.600,1,0,328.038,0,0,10,5,0,17,1
16-06 13:03:01,30.454,20.469,46.929,0.250,0.250,1045372,1341520,167396,5251988,177352.266,8507.205,0,1661.501,0,46.929,5635,5164,1.560,1.080,0.600,2,0,269.595,0,0,10,4,0,17,2
16-06 13:03:02,39.375,18.057,41.632,0.502,0,1038580,1332052,168344,5264780,6878.844,1625.161,0,5573.700,0,75.239,6589,7199,1.560,1.080,0.600,4,0,213.679,0,0,10,4,0,17,2
16-06 13:03:03,27.893,9.713,61.266,0.249,0.249,1162676,1188672,168796,5406260,4841.509,1613.836,0,1067.921,0,36.859,3897,3429,1.600,1.100,0.600,2,0,77.703,0,0,11,6,0,17,2
16-06 13:03:04,36.374,13.797,47.412,1.254,0,1164336,1159916,169824,5429588,5103.413,1571.362,0,4218.393,0,192.657,4495,3244,1.600,1.100,0.600,3,0,156.534,0,0,11,6,0,17,2
16-06 13:03:05,39.904,9.727,48.633,0.748,0,1210264,1084032,170920,5455452,5506.744,1616.110,31.923,4142.029,1.995,105.745,3912,2819,1.600,1.100,0.600,4,0,55.866,0,0,11,6,0,19,2
16-06 13:03:06,45.009,4.501,48.259,0.750,0,1242948,1055588,171800,5448508,5845.142,2100.410,0,3332.651,0,68.013,3195,1974,1.600,1.100,0.600,2,0,1.000,0,0,11,4,0,19,0
16-06 13:03:07,31.798,9.014,47.822,9.264,0,1295284,997096,172680,5454124,9398.201,2896.377,0,39623.873,0,2687.060,10869,18080,1.600,1.100,0.600,0,1,65.098,0,0,11,7,0,19,0
16-06 13:03:08,34.187,8.983,43.670,10.980,0,1299444,981036,173236,5464296,7325.512,3336.856,0,47316.879,0,3408.724,14766,26812,1.790,1.140,0.620,3,0,53.901,0,0,11,6,0,19,0
16-06 13:03:09,40.002,13.501,45.003,0.250,0,1289244,989600,173244,5465608,4892.285,1512.088,0,2472.144,0,41.002,9204,15525,1.790,1.140,0.620,2,0,88.005,0,0,11,4,0,19,0
16-06 13:03:10,44.087,9.519,44.337,0.751,0,1292836,985820,173288,5465700,4194.238,1569.082,0,7779.279,0,394.775,8634,16772,1.790,1.140,0.620,2,0,20.039,0,0,11,4,0,19,0
16-06 13:03:11,42.548,7.759,48.555,0.250,0.250,1183268,1103720,173320,5458324,4236.777,1513.707,0,1693.910,0,142.160,3163,1814,1.790,1.140,0.620,2,0,20.023,0,0,11,4,0,19,0
16-06 13:03:12,39.388,6.980,52.850,0,0.249,1230652,1056344,173320,5458316,4789.423,1603.455,0,147.582,0,6.980,3181,1909,1.790,1.140,0.620,1,0,66.811,0,0,11,4,0,19,0
16-06 13:03:13,24.502,2.500,72.505,0,0,1198168,1088788,173324,5458328,4776.300,1648.103,0,0,0,0,1930,1155,1.730,1.140,0.620,1,0,9.001,0,0,11,4,0,19,0
16-06 13:03:14,8.768,20.041,69.643,0,0,1148012,1138900,173324,5458360,5096.480,1569.227,0,12.025,0,3.006,5602,4012,1.730,1.140,0.620,1,0,350.721,0,0,11,4,0,19,0
16-06 13:03:15,8.735,21.463,67.635,0,0,1136420,1150344,173324,5458512,4596.153,1455.515,0,35.939,0,8.985,5250,3513,1.730,1.140,0.620,2,0,278.525,0,0,11,4,0,15,0
16-06 13:03:16,18.029,16.276,64.103,0,0,1129456,1157232,173324,5458520,5466.785,1514.434,0,4.006,0,1.002,5864,6934,1.730,1.140,0.620,1,0,178.286,0,0,11,4,0,15,0
16-06 13:03:17,44.654,12.723,41.910,0,0,1248928,1037716,173328,5459004,5118.036,1562.653,0,15690.389,0,103.778,4032,2542,1.730,1.140,0.620,4,0,122.737,0,0,11,5,0,15,0
16-06 13:03:18,46.260,5.001,48.261,0,0,1289700,996380,173368,5459552,4979.122,1512.341,0,1400.315,0,38.009,2914,1719,1.750,1.160,0.630,2,0,0,0,0,11,5,0,15,0
16-06 13:03:19,40.100,9.774,49.122,0.251,0,1311316,972196,173496,5461864,4932.266,1624.039,0,1716.268,0,83.207,3990,4230,1.750,1.160,0.630,1,0,37.092,0,0,11,4,0,14,0
16-06 13:03:20,9.498,9.248,79.983,0,0,1345408,938096,173504,5461876,5518.858,1619.665,0,2275.529,0,43.991,2811,2183,1.750,1.160,0.630,1,0,103.978,0,0,11,4,0,14,0
16-06 13:03:21,20.950,3.990,73.573,0,0,1400616,882888,173504,5461880,4834.391,1562.249,0,51.875,0,4.988,1796,1273,1.750,1.160,0.630,1,0,0,0,0,11,4,0,14,0
16-06 13:03:22,23.498,3.250,71.994,0,0,1418320,865000,173504,5462060,5176.582,1619.869,0,22106.217,0,82.993,1975,1292,1.750,1.160,0.630,3,0,1.000,0,0,11,4,0,14,0
16-06 13:03:23,27.016,6.254,63.287,1.501,0,1305284,977800,173660,5462128,4862.837,1620.946,0,5603.269,0,351.205,4862,13525,1.690,1.150,0.640,2,0,49.029,0,0,11,4,0,16,0
16-06 13:03:24,18.740,7.246,72.962,0.250,0,1371200,911824,173660,5462128,5337.196,1619.149,0,467.754,0,6.996,2127,1562,1.690,1.150,0.640,1,0,29.984,0,0,11,4,0,16,0
16-06 13:03:25,18.988,2.249,77.953,0,0,1393964,888804,173660,5462320,7015.736,4002.568,0,619.623,0,5.996,1628,1201,1.690,1.150,0.640,2,0,0,0,0,11,11,0,16,0
16-06 13:03:26,21.513,3.002,74.547,0.500,0,1399756,882504,173712,5462688,8348.217,5894.684,268.168,1817.136,66.041,95.059,2789,2976,1.690,1.150,0.640,1,0,3.002,0,0,11,29,0,16,0
16-06 13:03:27,19.037,6.012,73.894,0,0,1420548,861704,173712,5462696,7735.071,3289.409,0,2268.420,0,15.029,2400,1732,1.690,1.150,0.640,1,0,43.084,0,0,11,28,0,17,0
16-06 13:03:28,17.937,3.986,76.483,0,0,1444836,837388,173712,5462704,9196.845,5680.140,0,19420.101,0,127.554,2089,1604,1.790,1.180,0.650,1,0,0,0,0,11,29,0,15,0
16-06 13:03:29,20.321,12.293,67.235,0,0,1398904,883296,173712,5462728,7657.803,4354.241,0,12.042,0,3.011,3607,2619,1.790,1.180,0.650,2,0,156.548,0,0,11,28,0,16,0
16-06 13:03:30,42.979,6.497,49.725,0,0,1509004,773204,173712,5462728,4657.700,2646.693,0,531.737,0,3.998,2594,1334,1.790,1.180,0.650,1,0,0,0,0,11,29,0,16,0
16-06 13:03:31,31.231,4.497,61.962,0,0,1509964,772040,173712,5462932,20301.467,17023.491,0,215.867,0,15.990,5790,7084,1.790,1.180,0.650,2,0,0,0,0,11,30,0,16,0
16-06 13:03:32,48.295,23.772,27.526,0,0,1425320,856656,173720,5462952,6125.763,2445.301,0,140.132,0,22.021,5696,5307,1.790,1.180,0.650,7,0,468.441,0,0,11,28,0,17,0
16-06 13:03:33,81.319,18.516,0.250,0,0,1688048,593856,173720,5462984,5459.634,2982.531,0,26250.279,0,179.152,5247,3419,2.130,1.260,0.680,6,0,111.094,0,0,11,29,0,17,0
16-06 13:03:34,82.964,11.745,3.498,0,0,1835584,446268,173720,5463012,28622.559,26205.610,0,711.691,0,9.996,7347,7666,2.130,1.260,0.680,4,0,0,0,0,11,33,1,17,0
16-06 13:03:35,71.209,15.241,13.492,0.750,0,1614412,667192,173732,5463248,25924.144,20428.293,0,715.590,0,73.958,7805,11221,2.130,1.260,0.680,4,0,242.861,0,0,11,28,0,23,0
16-06 13:03:36,18.698,7.230,71.799,0,0,1582928,698656,173732,5463268,4565.236,1453.935,0,2556.851,0,94.735,2704,1906,2.130,1.260,0.680,2,0,66.813,0,0,11,28,0,23,0
16-06 13:03:37,18.767,2.752,77.819,0,0,1576836,704744,173732,5463272,8745.732,5862.182,0,520.460,0,34.030,2060,1804,2.130,1.260,0.680,0,0,0,0,0,11,29,0,23,0
16-06 13:03:38,16.506,8.253,73.527,0.250,0,1506080,775460,173732,5463284,8211.024,4162.533,0,73975.241,0,726.267,4081,4118,2.040,1.260,0.680,1,0,68.025,0,0,11,28,0,24,0
16-06 13:03:39,21.517,3.253,74.810,0,0,1532892,748644,173732,5463288,5694.596,2920.357,0,4.003,0,1.001,1767,1194,2.040,1.260,0.680,0,0,0,0,0,11,29,0,24,0
16-06 13:03:40,17.476,1.997,79.143,0.250,0,1514336,767272,173736,5463308,11087.001,6995.536,0,1426.071,0,71.903,2848,3439,2.040,1.260,0.680,1,0,0,0,0,11,28,0,25,0
16-06 13:03:41,9.989,20.727,67.424,0,0,1455664,825936,173736,5463316,5445.878,1618.181,0,107.879,0,6.992,4979,3219,2.040,1.260,0.680,1,0,280.684,0,0,11,28,0,25,0
16-06 13:03:42,12.036,28.335,57.673,0,0,1434960,846636,173744,5463312,5218.637,1624.869,0,890.669,0,15.045,5811,4177,2.040,1.260,0.680,3,0,498.494,0,0,11,28,0,25,0
16-06 13:03:43,75.109,23.785,1.001,0,0,1596840,684708,173748,5463356,5047.342,1622.360,0,224.326,0,10.015,5050,3113,2.200,1.310,0.700,7,0,261.380,0,0,11,28,0,25,0
16-06 13:03:44,79.245,9.499,10.999,0,0,1745528,535852,173748,5463524,29188.031,25701.267,0,0,0,0,5862,5753,2.200,1.310,0.700,6,0,0,0,0,11,33,0,25,0
16-06 13:03:45,71.746,11.249,15.749,0,0,1705148,576080,173768,5463660,31503.248,26733.513,0,755.958,0,76.996,9966,15170,2.200,1.310,0.700,6,0,116.993,0,0,11,28,0,26,0
16-06 13:03:46,80.167,19.480,0.250,0,0,1617652,663524,173768,5463712,5214.604,1618.326,0,231.760,0,10.989,5130,3611,2.200,1.310,0.700,7,0,192.801,0,0,11,28,0,26,0
16-06 13:03:47,88.349,10.512,0.751,0,0,1804064,477096,173768,5463728,19631.058,16344.365,0,176.198,0,9.010,6003,4413,2.200,1.310,0.700,7,0,0,0,0,11,32,0,26,0
16-06 13:03:48,78.485,9.248,11.498,0.250,0,1819352,461452,173772,5464076,40426.460,35923.300,0,395.926,0,34.993,9091,13830,2.500,1.380,0.730,5,0,49.991,0,0,11,30,0,28,0
16-06 13:03:49,72.041,15.705,11.716,0,0,1601692,678928,173772,5464260,19444.677,15161.085,0,219.365,0,12.962,7141,8860,2.500,1.380,0.730,3,0,247.284,0,0,11,28,0,30,0
16-06 13:03:50,36.968,4.746,56.450,0,0,1609816,670748,173772,5464308,13235.365,10060.156,0,175.845,0,9.991,3236,2361,2.500,1.380,0.730,2,0,0,0,0,11,30,0,30,0
16-06 13:03:51,34.386,19.327,46.183,0.251,0,1507756,772768,173776,5464344,14792.607,11509.600,0,365.448,0,30.119,6341,7580,2.500,1.380,0.730,6,0,363.440,0,0,11,28,0,32,0
16-06 13:03:52,64.804,10.219,23.927,0,0,1557980,722520,173776,5464368,4700.749,1495.466,0,2217.278,0,113.655,3910,1681,2.500,1.380,0.730,3,0,16.949,0,0,11,28,0,28,0
16-06 13:03:53,47.641,5.266,46.638,0,0,1610140,670168,173796,5464540,25168.326,21602.796,0,1127.329,0,40.118,5485,6277,2.700,1.440,0.750,3,0,0,0,0,11,31,0,28,0
16-06 13:03:54,64.248,18.749,16.249,0.250,0,1523156,757088,173808,5464588,13450.554,9682.679,0,515.983,0,48.998,7168,7796,2.700,1.440,0.750,4,0,257.991,0,0,11,28,0,29,0
16-06 13:03:55,75.058,9.725,14.463,0,0,1662616,617604,173808,5464612,14304.370,11040.728,0,211.459,0,17.954,4729,3202,2.700,1.440,0.750,3,0,0,0,0,11,32,0,29,0
16-06 13:03:56,61.412,8.523,29.077,0.251,0,1638244,641728,173856,5464812,34830.018,31135.256,0,3769.960,0,233.617,9790,13980,2.700,1.440,0.750,3,0,39.103,0,0,11,29,0,28,0
16-06 13:03:57,67.749,18.500,13.000,0,0,1585896,694032,173856,5464852,7115.866,2871.946,0,191.996,0,13.000,4732,3487,2.700,1.440,0.750,4,0,284.995,0,0,11,28,0,29,0
16-06 13:03:58,53.470,5.997,39.727,0,0,1636700,643208,173856,5464872,18233.619,16023.877,0,1551.117,0,114.935,4512,3701,2.730,1.470,0.760,1,0,0,0,0,11,31,0,29,0
16-06 13:03:59,51.136,17.960,29.933,0.249,0,1500384,779288,173872,5465060,21031.048,15752.832,0,462.966,0,38.913,7795,9959,2.730,1.470,0.760,3,0,298.334,0,0,11,28,0,31,0
16-06 13:04:00,62.459,7.745,28.481,0,0,1589060,690592,173876,5465076,10324.201,7351.159,0,135.910,0,7.995,3777,1539,2.730,1.470,0.760,1,0,0,0,0,11,31,0,31,0
16-06 13:04:01,48.474,6.247,45.225,0,0,1588852,690592,173880,5465276,28835.249,22254.844,0,831.546,0,49.973,6390,8956,2.730,1.470,0.760,3,0,0,0,0,11,29,0,33,0
16-06 13:04:02,63.215,19.316,17.811,0,0,1540292,738996,173880,5465432,7757.435,2653.041,0,120.410,0,11.038,4715,3561,2.730,1.470,0.760,3,0,288.985,0,0,11,28,0,34,0
16-06 13:04:03,53.182,6.492,39.449,0,0,1588844,690412,173880,5465452,19564.806,16313.992,0,23.969,0,1.997,4334,3881,2.750,1.500,0.770,2,0,0,0,0,11,31,0,34,0
16-06 13:04:04,53.841,11.770,33.056,0,0,1500636,778412,173900,5465640,17555.631,12459.029,0,440.744,0,41.069,7252,8109,2.750,1.500,0.770,4,0,112.189,0,0,11,28,0,36,0
16-06 13:04:05,56.364,7.233,35.415,0,0,1632792,646244,173900,5465652,12709.346,9757.466,0,111.731,0,8.978,3837,2036,2.750,1.500,0.770,2,0,0,0,0,11,31,0,36,0
16-06 13:04:06,55.390,8.020,35.840,0.501,0,1602380,676596,173916,5465696,23571.485,19100.202,0,1146.894,0,85.215,7041,9399,2.750,1.500,0.770,4,0,120.304,0,0,11,28,0,38,0
16-06 13:04:07,71.322,27.930,0.499,0,0,1584408,694504,173916,5465760,4864.853,1615.965,0,905.738,0,19.950,5385,4657,2.750,1.500,0.770,8,0,511.722,0,0,11,28,0,38,0
16-06 13:04:08,79.520,19.505,0.750,0,0,1784672,494220,173916,5465780,12923.244,10302.586,0,0,0,0,5540,4827,3.010,1.570,0.800,6,0,359.090,0,0,11,31,0,38,0
16-06 13:04:09,75.403,19.289,5.261,0,0,1844112,434520,173920,5466032,44182.676,39617.410,0,360.732,0,23.047,8839,11159,3.010,1.570,0.800,8,0,363.738,0,0,11,31,0,37,0
16-06 13:04:10,76.055,22.442,0.997,0,0,1670772,607640,173928,5466236,21411.975,18138.387,0,554.575,0,42.890,6723,7223,3.010,1.570,0.800,5,0,447.849,0,0,11,28,0,37,0
16-06 13:04:11,85.982,14.539,0,0,0,1679712,598680,173928,5466256,8485.896,5611.139,0,116.314,0,8.022,5122,2902,3.010,1.570,0.800,5,0,51.138,0,0,11,29,0,37,0
16-06 13:04:12,74.967,9.246,14.244,0,0,1761220,517100,173928,5466324,37010.616,33180.312,0,0,0,0,7153,9639,3.010,1.570,0.800,4,0,1.000,0,0,11,32,0,38,0
16-06 13:04:13,58.485,17.746,23.744,0,0,1577660,700412,173928,5466540,26883.309,22531.392,0,2499.378,0,116.971,8595,11817,3.250,1.640,0.830,4,0,399.900,0,0,11,28,0,42,0
16-06 13:04:14,10.744,27.484,59.965,0,0,1467696,810368,173928,5466560,4617.306,1619.055,0,519.697,0,38.977,6003,4576,3.250,1.640,0.830,3,0,527.692,0,0,11,28,0,42,0
16-06 13:04:15,60.583,32.795,6.259,0,0,1529144,748888,173928,5466592,4343.929,1459.993,0,324.443,0,18.025,5479,4629,3.250,1.640,0.830,5,0,680.929,0,0,11,28,0,42,0
16-06 13:04:16,68.947,8.961,21.157,0,0,1669208,608776,173928,5466644,22885.464,20469.079,0,457.988,0,29.869,5035,5345,3.250,1.640,0.830,2,0,0,0,0,11,32,0,42,0
16-06 13:04:17,64.278,15.316,19.333,0.251,0,1599712,678060,173964,5466820,20049.583,15507.970,0,658.845,0,67.291,7015,9381,3.250,1.640,0.830,5,0,201.872,0,0,11,28,0,46,0
16-06 13:04:18,78.745,13.499,8.249,0,0,1652760,624984,173964,5466848,10365.313,7495.503,0,155.990,0,7.999,4505,2528,3.310,1.680,0.850,4,0,66.996,0,0,11,30,0,46,0
16-06 13:04:19,62.987,7.748,27.744,0,0,1668408,609108,173972,5467028,34967.919,30708.782,0,167.966,0,9.998,8593,12201,3.310,1.680,0.850,3,0,2.000,0,0,11,32,0,46,0
16-06 13:04:20,53.263,6.502,38.510,0,0,1638876,638520,173992,5467124,35023.758,29950.489,0,336.084,0,33.008,12118,17618,3.310,1.680,0.850,4,0,10.003,0,0,11,30,0,46,0
16-06 13:04:21,78.244,12.249,8.249,0,0,1518060,759140,174004,5467304,16641.717,11330.127,0,387.970,0,39.997,6074,7314,3.310,1.680,0.850,5,0,109.992,0,0,11,28,0,45,0
16-06 13:04:22,74.169,11.238,14.734,0,0,1649196,627980,174004,5467328,18619.564,15307.200,0,151.833,0,11.987,5267,4314,3.310,1.680,0.850,5,0,0.999,0,0,11,31,0,45,0
16-06 13:04:23,59.541,9.256,30.521,0,0,1689532,587376,174008,5467584,42105.897,37424.685,0,140.096,0,8.005,10943,22802,3.200,1.690,0.850,4,0,36.025,0,0,11,32,0,46,0
16-06 13:04:24,65.030,13.506,20.009,0.250,0,1681592,595076,174012,5467816,31921.561,26702.180,0,456.208,0,13.006,10266,14665,3.200,1.690,0.850,4,0,142.065,0,0,11,28,0,50,0
16-06 13:04:25,79.252,16.000,4.500,0,0,1609380,667276,174012,5467828,8497.213,5530.139,0,124.003,0,8.000,4690,2570,3.200,1.690,0.850,6,0,118.003,0,0,11,29,0,47,0
16-06 13:04:26,65.199,8.244,25.980,0.250,0,1655236,621212,174012,5468032,32682.282,29379.881,0,243.808,0,26.979,6819,9619,3.200,1.690,0.850,2,0,1.998,0,0,11,36,0,47,0
16-06 13:04:27,66.550,12.009,19.765,0,0,1560544,715808,174024,5468108,27764.705,22051.445,0,348.260,0,35.026,8810,12597,3.200,1.690,0.850,4,0,98.073,0,0,11,32,0,49,0
16-06 13:04:28,78.739,13.248,7.749,0,0,1622808,653408,174024,5468244,10310.518,7428.932,0,2943.577,0,161.977,4810,2256,3.270,1.730,0.870,3,0,29.996,0,0,11,34,0,49,0
16-06 13:04:29,66.511,12.752,20.754,0.250,0,1632304,643844,174032,5468300,25916.461,22697.907,0,404.070,0,37.006,6032,8420,3.270,1.730,0.870,3,0,120.021,0,0,11,34,0,49,0
16-06 13:04:30,74.495,9.499,14.249,0,0,1690412,585524,174032,5468504,27860.091,23164.413,0,143.990,0,9.999,7944,11528,3.270,1.730,0.870,5,0,0,0,0,11,33,0,50,0
16-06 13:04:31,69.594,13.719,16.713,0,0,1640900,635008,174032,5468532,21954.774,18598.300,0,159.642,0,7.982,6682,6950,3.270,1.730,0.870,5,0,140.685,0,0,11,34,0,51,0
16-06 13:04:32,70.915,12.780,15.787,0,0,1610480,665372,174036,5468584,21190.299,17151.904,0,120.280,0,8.019,5815,5609,3.270,1.730,0.870,4,0,87.203,0,0,11,34,0,53,0
16-06 13:04:33,73.819,12.719,12.719,0,0,1606980,668804,174040,5468640,15435.199,13646.580,0,1799.593,0,136.665,5489,5264,3.330,1.770,0.890,3,0,69.829,0,0,11,34,0,54,0
16-06 13:04:34,71.421,8.771,19.797,0,0,1668840,606796,174052,5468772,27446.810,21569.719,0,388.933,0,40.096,6239,7951,3.330,1.770,0.890,3,0,0,0,0,11,33,1,56,0
16-06 13:04:35,60.003,13.251,26.001,0,0,1583024,692592,174068,5468776,12479.537,9195.396,0,404.017,0,34.001,5204,4783,3.330,1.770,0.890,3,0,199.009,0,0,11,32,0,58,0
16-06 13:04:36,58.777,9.962,30.634,0,0,1616420,659052,174068,5468920,11312.142,8130.198,0,151.426,0,9.962,3905,2103,3.330,1.770,0.890,2,0,58.777,0,0,11,34,0,58,0
16-06 13:04:37,48.675,9.283,41.148,0,0,1605096,670152,174076,5469136,27340.236,22705.583,0,260.938,0,16.058,6527,9056,3.330,1.770,0.890,2,0,86.310,0,0,11,34,0,53,0
16-06 13:04:38,59.471,13.686,26.376,0,0,1559204,716004,174080,5469168,8816.643,4795.506,0,1524.847,0,9.953,4760,3679,3.220,1.770,0.890,3,0,95.552,0,0,11,32,0,55,0
16-06 13:04:39,52.090,7.012,39.568,0,0,1634332,640684,174080,5469356,17065.466,13998.170,0,264.457,0,19.033,4341,3846,3.220,1.770,0.890,3,0,0,0,0,11,35,0,55,0
16-06 13:04:40,43.819,8.263,46.824,0,0,1540124,734828,174084,5469412,23789.579,18993.002,0,308.487,0,24.038,6673,8979,3.220,1.770,0.890,2,0,86.136,0,0,11,33,0,57,0
16-06 13:04:41,37.705,13.734,48.193,0.250,0,1533268,741680,174084,5469416,6512.299,2527.012,0,251.702,0,21.974,4210,3009,3.220,1.770,0.890,2,0,134.841,0,0,11,32,0,56,0
16-06 13:04:42,36.836,5.012,57.635,0,0,1583788,691148,174084,5469428,16030.615,11739.546,0,112.263,0,8.019,3004,2478,3.220,1.770,0.890,2,0,1.002,0,0,11,34,0,56,0
16-06 13:04:43,36.462,8.991,53.194,0.250,0,1438104,836624,174084,5469628,13029.314,8911.639,0,191.799,0,13.985,5098,6217,3.120,1.770,0.900,3,0,86.909,0,0,11,32,0,58,0
16-06 13:04:44,37.686,8.735,52.911,0.250,0,1525812,748892,174092,5469644,7227.775,3964.295,0,295.500,0,23.959,3311,2124,3.120,1.770,0.900,2,0,50.914,0,0,11,33,0,58,0
16-06 13:04:45,33.836,7.269,57.647,0,0,1513140,761532,174096,5469668,16618.340,13706.922,0,248.633,0,23.059,4404,4593,3.120,1.770,0.900,1,0,60.153,0,0,11,33,0,58,0
16-06 13:04:46,41.144,6.234,51.617,0.249,0,1513300,761364,174096,5469676,8136.106,4091.493,0,239.385,0,20.946,3429,2948,3.120,1.770,0.900,2,0,4.987,0,0,11,32,0,59,0
16-06 13:04:47,33.998,4.750,59.997,0,0,1549776,724860,174100,5469700,17286.038,15831.119,0,147.992,0,9.999,4026,4193,3.120,1.770,0.900,2,0,0,0,0,11,34,0,59,0
16-06 13:04:48,37.731,6.497,54.973,0,0,1539948,734528,174100,5469860,15862.194,9487.331,0,243.880,0,23.988,4878,5697,2.950,1.760,0.900,2,0,42.979,0,0,11,32,0,61,0
16-06 13:04:49,40.591,6.515,52.368,0.251,0,1519024,755444,174100,5469868,9882.220,6509.637,0,2738.157,0,171.385,2938,1862,2.950,1.760,0.900,2,0,5.011,0,0,11,33,0,56,0
16-06 13:04:50,35.181,4.741,59.384,0,0,1532252,742128,174116,5469936,18740.246,15800.012,0,231.546,0,20.959,4924,5969,2.950,1.760,0.900,1,0,0,0,0,11,33,0,57,0
16-06 13:04:51,26.507,15.004,57.015,0,0,1414352,859940,174124,5470012,8934.418,4734.282,0,388.105,0,31.008,5169,4863,2.950,1.760,0.900,1,0,282.076,0,0,11,32,0,58,0
16-06 13:04:52,19.750,2.750,77.249,0,0,1436784,837504,174124,5470016,10927.823,6693.892,0,107.998,0,6.000,2066,1685,2.950,1.760,0.900,1,0,1.000,0,0,11,33,0,58,0
16-06 13:04:53,18.492,2.249,78.218,0.250,0,1432060,842068,174132,5470168,10568.642,7347.970,0,615.746,0,21.991,3349,3896,2.800,1.750,0.900,1,0,0,0,0,11,32,0,59,0
16-06 13:04:54,12.509,16.011,69.799,0,0,1417664,856452,174136,5470176,4803.342,1621.128,0,176.123,0,15.010,4456,3069,2.800,1.750,0.900,1,0,284.198,0,0,11,32,0,57,0
16-06 13:04:55,21.493,3.499,74.224,0,0,1474348,799764,174136,5470180,5884.953,3422.809,0,491.829,0,24.991,1802,1223,2.800,1.750,0.900,0,0,0,0,0,11,33,0,57,0
16-06 13:04:56,19.502,2.000,77.509,0.250,0,1467204,806880,174140,5470204,14791.729,10367.212,0,112.013,0,14.002,3525,4161,2.800,1.750,0.900,1,0,0,0,0,11,32,0,58,0
16-06 13:04:57,20.030,6.760,72.360,0.250,0,1417100,856976,174148,5470204,4601.995,1502.284,0,1478.247,0,92.140,2548,2052,2.800,1.750,0.900,1,0,46.070,0,0,11,32,0,58,0
16-06 13:04:58,19.211,2.994,76.344,0,0,1449640,824412,174160,5470216,10116.352,6638.450,0,538.900,0,36.925,2184,1969,2.730,1.750,0.910,2,0,0,0,0,11,33,0,54,0
16-06 13:04:59,18.554,2.507,76.976,0,0,1444836,829180,174160,5470252,14173.560,10498.785,0,76.224,0,9.026,4607,5937,2.730,1.750,0.910,1,0,0,0,0,11,32,1,54,0
16-06 13:05:00,12.728,17.221,69.133,0.250,0,1416544,857352,174160,5470368,5570.587,1132.087,0,35.939,0,3.993,4462,2957,2.730,1.750,0.910,1,0,254.570,0,0,11,32,0,54,0
16-06 13:05:01,24.059,18.045,55.888,0.251,0.251,1449172,824640,174196,5470408,6407.827,1515.744,0,541.337,0,27.067,5387,4236,2.730,1.750,0.910,2,0,371.919,0,0,11,32,0,56,0
16-06 13:05:02,44.114,6.978,48.600,0,0,1523192,749080,174328,5471540,6580.680,1453.512,0,1288.023,0,19.938,3179,1756,2.730,1.750,0.910,2,0,6.978,0,0,11,34,0,51,0
16-06 13:05:03,37.574,6.763,44.338,9.769,0.250,1542516,723152,175416,5476696,3811.534,649.283,0,25285.983,0,2430.805,12394,21119,2.670,1.760,0.910,3,1,104.206,0,0,11,36,0,51,0
16-06 13:05:04,36.616,9.715,39.605,11.707,0,1565468,696692,176064,5479384,4766.584,1452.692,0,49008.934,0,4093.045,17436,32612,2.670,1.760,0.910,4,2,63.767,0,0,11,36,0,51,0
16-06 13:05:05,42.687,7.784,47.207,2.260,0,1574452,688352,176180,5478608,5329.394,1627.142,0,10088.283,0,778.417,5418,6927,2.670,1.760,0.910,2,0,7.031,0,0,11,32,0,51,0
16-06 13:05:06,41.496,7.249,45.495,3.250,0,1581368,681156,176316,5478752,5025.462,1565.832,0,10294.897,0,1068.886,7627,10924,2.670,1.760,0.910,1,1,2.000,0,0,11,34,0,49,0
16-06 13:05:07,37.994,7.749,42.493,8.999,0.250,1557500,704332,176628,5479128,5148.168,1511.756,0,17497.173,0,2186.647,13432,22278,2.670,1.760,0.910,4,0,17.997,0,0,11,32,0,49,0
16-06 13:05:08,23.947,6.735,66.601,1.247,0,1536460,725320,176660,5479148,4789.315,1658.300,0,7211.910,0,378.156,3365,3506,2.620,1.760,0.920,1,0,82.815,0,0,11,32,0,49,0
16-06 13:05:09,22.753,4.251,72.760,0.500,0.250,1575024,686728,176688,5479148,4920.709,1620.233,0,4132.595,0,244.035,2103,2173,2.620,1.760,0.920,1,0,2.000,0,0,11,32,0,49,0
16-06 13:05:10,22.738,2.749,73.210,0,0,1587804,673940,176688,5479148,4737.417,1619.117,0,1862.984,0,193.894,1670,1041,2.620,1.760,0.920,1,0,0,0,0,11,32,0,46,0
16-06 13:05:11,22.006,3.751,73.519,0,0,1536552,725164,176688,5479172,4741.229,1620.420,0,0,0,0,1726,1229,2.620,1.760,0.920,1,0,1.000,0,0,11,32,0,46,0
16-06 13:05:12,21.999,3.500,73.498,0,0,1558872,702844,176688,5479172,4816.858,1619.952,0,0,0,0,1698,1130,2.620,1.760,0.920,1,0,3.000,0,0,11,32,0,46,0
16-06 13:05:13,22.720,4.244,71.906,0,0,1518076,743616,176688,5479184,4919.556,1711.758,0,0,0,0,1808,1181,2.490,1.750,0.920,3,0,6.991,0,0,11,32,0,46,0
16-06 13:05:14,21.268,4.504,73.561,0,0,1564428,697260,176688,5479188,4994.144,1621.345,0,4.003,0,1.001,1768,1178,2.490,1.750,0.920,3,0,2.002,0,0,11,32,0,41,0
16-06 13:05:15,23.991,2.499,73.223,0,0,1521140,740460,176696,5479264,5168.062,1619.393,0,0,0,0,1703,1106,2.490,1.750,0.920,2,0,1.000,0,0,11,32,0,41,0
16-06 13:05:16,21.751,4.000,73.505,0,0,1534500,727096,176696,5479264,5118.320,1458.091,0,144.009,0,2.000,1746,1215,2.490,1.750,0.920,2,0,0,0,0,11,32,0,41,0
16-06 13:05:17,21.512,4.753,73.039,0.250,0,1541196,720392,176696,5479272,5009.691,1620.871,0,488.262,0,36.019,1962,1542,2.490,1.750,0.920,2,0,2.001,0,0,11,32,0,41,0
16-06 13:05:18,23.250,3.250,73.249,0,0,1495680,765816,176704,5479352,4817.919,1457.975,0,79.999,0,4.000,1805,1183,2.370,1.740,0.920,2,0,1.000,0,0,11,32,0,37,0
16-06 13:05:19,22.067,3.260,73.472,0,0,1482704,778760,176708,5479380,5416.364,1624.909,0,0,0,0,1763,1205,2.370,1.740,0.920,2,0,1.003,0,0,11,32,0,37,0
16-06 13:05:20,21.672,3.986,73.485,0,0,1516724,744736,176708,5479384,5278.934,1452.753,0,15.942,0,2.989,1768,1242,2.370,1.740,0.920,1,0,1.993,0,0,11,32,0,37,0
16-06 13:05:21,22.992,3.249,73.223,0,0,1487048,774388,176708,5479404,5004.182,1619.412,0,35.987,0,1.000,1708,1085,2.370,1.740,0.920,1,0,1.000,0,0,11,32,0,37,0
16-06 13:05:22,22.055,4.010,73.685,0,0,1530520,730904,176720,5479404,5174.001,1461.673,0,0,0,0,1794,1313,2.370,1.740,0.920,2,0,1.003,0,0,11,32,0,37,0
16-06 13:05:23,22.694,4.489,71.325,0,0,1496300,765080,176720,5479960,4195.729,1077.363,0,0,0,0,1938,1690,2.260,1.720,0.920,13,0,34.915,0,0,11,32,0,37,0
16-06 13:05:24,26.016,6.504,67.542,0,0,1534612,726768,176720,5479444,4847.043,1458.916,0,220.138,0,3.002,2553,7276,2.260,1.720,0.920,1,0,4.003,0,0,11,32,0,38,0
16-06 13:05:25,16.735,9.741,71.184,0,0,1495744,765452,176720,5479596,4687.661,1510.602,0,1854.284,0,189.824,3453,2255,2.260,1.720,0.920,1,0,148.862,0,0,11,32,0,38,0
16-06 13:05:26,8.028,22.579,67.736,0,0,1483928,777240,176720,5479616,5043.555,1571.470,0,919.199,0,54.189,5388,3783,2.260,1.720,0.920,1,0,349.215,0,0,11,32,0,33,0
16-06 13:05:27,8.752,20.505,69.018,0.250,0,1464436,796544,176724,5479780,5136.363,1458.387,0,1128.299,0,39.010,5494,4162,2.260,1.720,0.920,1,0,315.084,0,0,11,32,0,33,0
16-06 13:05:28,8.743,21.733,67.447,0,0,1456500,804456,176724,5479800,4828.207,1510.813,0,155.878,0,4.996,5295,3689,2.240,1.730,0.930,2,0,322.746,0,0,11,32,0,33,0
16-06 13:05:29,10.262,17.271,70.334,0,0,1444712,816220,176724,5479820,5466.566,1621.948,0,0,0,0,4472,3031,2.240,1.730,0.930,1,0,234.281,0,0,11,32,0,33,0
16-06 13:05:30,21.677,3.987,73.502,0,0,1503136,757808,176724,5479808,4963.243,1614.549,0,7.973,0,0.997,1796,1220,2.240,1.730,0.930,1,0,1.993,0,0,11,32,0,28,0
16-06 13:05:31,23.017,3.252,73.554,0,0,1469720,791208,176724,5479824,4849.555,1567.149,0,492.361,0,89.065,1805,1085,2.240,1.730,0.930,1,0,1.001,0,0,11,32,0,28,0
16-06 13:05:32,21.997,3.250,73.490,0,0,1523256,737692,176724,5479804,4876.369,1619.790,0,3.999,0,1.000,1802,1271,2.240,1.730,0.930,1,0,1.000,0,0,11,32,0,28,0
16-06 13:05:33,22.750,3.250,73.500,0,0,1503868,757060,176724,5479824,4440.008,1620.003,0,20.000,0,1.000,1732,1127,2.140,1.720,0.930,1,0,3.000,0,0,11,32,0,28,0
16-06 13:05:34,21.489,3.998,73.461,0.250,0,1521296,739644,176724,5479812,5157.292,1619.150,0,79.958,0,2.998,1812,1262,2.140,1.720,0.930,1,0,0,0,0,11,32,0,28,0
16-06 13:05:35,23.264,3.002,73.795,0,0,1539188,721752,176724,5479812,4682.837,1620.982,0,12.007,0,1.001,1795,1150,2.140,1.720,0.930,1,0,2.001,0,0,11,32,0,21,0
16-06 13:05:36,21.999,3.750,73.247,0,0,1490816,770136,176724,5479800,4859.814,1619.938,0,2063.921,0,10.000,1858,1288,2.140,1.720,0.930,1,0,1.000,0,0,11,32,0,21,0
16-06 13:05:37,22.003,4.000,73.009,0,0,1524372,736564,176728,5479808,5089.624,1512.185,0,468.057,0,31.004,2041,1711,2.140,1.720,0.930,1,0,2.000,0,0,11,32,0,21,0
16-06 13:05:38,23.249,2.500,73.746,0,0,1469696,791216,176728,5479832,5279.702,1619.909,0,27.998,0,2.000,1767,1084,2.050,1.700,0.930,2,0,1.000,0,0,11,32,0,21,0
16-06 13:05:39,22.001,3.500,73.253,0,0,1477576,783348,176728,5479820,4864.220,1404.064,0,0,0,0,1903,1331,2.050,1.700,0.930,1,0,2.000,0,0,11,32,0,16,0
16-06 13:05:40,23.002,3.500,73.757,0,0,1448120,812792,176728,5479832,4974.455,1176.108,0,12.001,0,1.000,1729,1084,2.050,1.700,0.930,1,0,1.000,0,0,11,32,0,16,0
16-06 13:05:41,22.751,3.000,73.254,0,0,1503552,757360,176728,5479832,6226.374,1566.094,0,0,0,0,1796,1227,2.050,1.700,0.930,1,0,0,0,0,11,32,0,16,0
16-06 13:05:42,22.994,2.749,73.481,0,0,1523868,737072,176728,5479804,5747.521,1511.611,0,27.993,0,1.000,1814,1133,2.050,1.700,0.930,1,0,2.999,0,0,11,32,0,16,0
16-06 13:05:43,21.973,3.496,73.410,0,0,1490696,770304,176728,5479744,5559.200,1564.087,0,35.956,0,1.998,1855,1285,1.960,1.690,0.930,1,0,0.999,0,0,11,32,0,13,0
16-06 13:05:44,22.335,4.266,74.032,0,0,1539148,721852,176728,5479744,4730.005,1517.777,0,12.046,0,2.008,1762,1144,1.960,1.690,0.930,1,0,2.008,0,0,11,32,0,13,0
16-06 13:05:45,22.697,2.245,73.579,0,0,1480540,780372,176728,5479832,4507.526,1454.620,0,87.796,0,0.998,1624,902,1.960,1.690,0.930,1,0,0.998,0,0,11,32,0,13,0
16-06 13:05:46,21.488,4.248,73.209,0,0,1489268,771644,176728,5479832,4615.409,1565.121,0,151.915,0,2.998,1774,1309,1.960,1.690,0.930,2,0,0,0,0,11,32,0,13,0
16-06 13:05:47,22.744,3.749,72.980,0.250,0,1472200,788712,176736,5479824,3983.911,1187.675,0,719.803,0,76.979,2041,1782,1.960,1.690,0.930,1,0,1.000,0,0,11,32,0,9,0
16-06 13:05:48,22.714,2.746,73.385,0,0,1499788,761124,176736,5479824,4377.122,1401.797,0,0,0,0,1728,1072,1.890,1.680,0.930,1,0,1.997,0,0,11,32,0,9,0
16-06 13:05:49,22.797,2.756,73.401,0,0,1467940,792952,176736,5479844,4226.676,1460.999,0,28.058,0,2.004,1694,1037,1.890,1.680,0.930,1,0,1.002,0,0,11,32,0,9,0
16-06 13:05:50,22.248,3.750,72.493,0,0,1470360,790524,176736,5479852,4509.579,1619.849,0,27.997,0,2.000,1819,1332,1.890,1.680,0.930,1,0,0,0,0,11,32,0,9,0
16-06 13:05:51,21.739,4.997,73.212,0,0,1456964,803904,176736,5479868,4687.564,1731.100,0,47.975,0,1.999,1856,1244,1.890,1.680,0.930,2,0,0.999,0,0,11,32,0,5,0
16-06 13:05:52,22.265,3.252,73.299,0,0,1499436,761432,176736,5479868,4940.287,1621.079,0,148.099,0,29.019,1850,1242,1.890,1.680,0.930,1,0,3.002,0,0,11,32,0,5,0
16-06 13:05:53,15.777,13.022,70.119,0,0,1456460,804364,176736,5479912,4267.230,1622.749,0,176.299,0,6.010,3594,2333,1.810,1.670,0.930,1,0,165.280,0,0,11,32,0,5,0
16-06 13:05:54,7.736,22.709,67.626,0,0,1439988,820820,176736,5479928,4551.687,1617.047,0,143.737,0,5.989,5089,3411,1.810,1.670,0.930,1,0,294.462,0,0,11,32,0,5,0
16-06 13:05:55,21.767,4.503,72.806,0,0,1490888,769916,176736,5479936,4521.490,1459.126,0,4.003,0,1.001,1881,1451,1.810,1.670,0.930,1,0,1.001,0,0,11,32,0,4,0
16-06 13:05:56,23.917,1.495,73.744,0,0,1508412,752212,176736,5480116,4902.960,1614.389,0,55.806,0,2.990,1691,1072,1.810,1.670,0.930,1,0,0,0,0,11,32,0,4,0
16-06 13:05:57,21.035,5.259,72.871,0.250,0,1468656,791852,176744,5480180,5015.342,1622.699,0,613.020,0,36.060,2166,1848,1.810,1.670,0.930,2,0,9.015,0,0,11,32,0,4,0
16-06 13:05:58,23.513,2.001,73.540,0,0,1477732,782776,176744,5480180,5532.975,1620.872,0,316.170,0,64.034,1702,983,1.750,1.660,0.930,3,0,4.002,0,0,11,32,0,4,0
16-06 13:05:59,8.519,23.804,66.150,0,0,1462428,797936,176744,5480324,4949.227,1461.315,40.091,84.191,2.005,3.007,5413,3882,1.750,1.660,0.930,1,0,361.821,0,0,11,32,0,3,0
16-06 13:06:00,8.003,21.259,68.779,0,0,1446552,813792,176744,5480344,3421.440,0,0,116.049,0,5.002,5174,3602,1.750,1.660,0.930,2,0,316.133,0,0,11,32,0,3,0
16-06 13:06:01,7.981,22.695,67.337,0,0,1437564,822760,176744,5480364,5865.818,1616.093,0,486.823,0,50.877,5446,3667,1.750,1.660,0.930,2,0,331.199,0,0,11,32,0,3,0
16-06 13:06:02,8.745,22.238,67.713,0,0,1423428,836872,176744,5480388,6631.380,1457.205,0,7.996,0,1.999,5284,3645,1.750,1.660,0.930,1,0,330.819,0,0,11,32,0,3,0
16-06 13:06:03,8.007,22.521,67.812,0,0,1413592,846692,176744,5480400,5164.735,1621.487,0,944.866,0,37.034,5118,3458,1.770,1.660,0.940,1,0,297.273,0,0,11,32,0,1,0
16-06 13:06:04,8.269,22.552,67.155,0,0,1402244,858012,176744,5480424,4829.160,1461.377,0,705.631,0,8.019,5212,3403,1.770,1.660,0.940,2,0,309.716,0,0,11,32,0,1,0
16-06 13:06:05,8.244,21.735,67.953,0,0,1399216,861024,176744,5480436,4934.569,1456.987,0,791.450,0,8.994,5206,3509,1.770,1.660,0.940,1,0,322.776,0,0,11,32,0,1,0
16-06 13:06:06,8.759,21.523,68.324,0,0,1381020,879200,176744,5480456,4985.383,1621.751,0,712.770,0,9.010,5441,3789,1.770,1.660,0.940,1,0,349.377,0,0,11,32,0,1,0
16-06 13:06:07,7.247,21.242,69.474,0,0,1369444,890756,176744,5480476,4353.368,1499.438,0,111.958,0,3.999,4975,3345,1.770,1.660,0.940,1,0,273.897,0,0,11,32,0,1,0
16-06 13:06:08,7.981,20.951,68.840,0,0,1362200,897980,176744,5480496,4387.792,1454.616,0,251.415,0,7.981,5108,3543,1.790,1.670,0.940,1,0,294.315,0,0,11,32,0,1,0
16-06 13:06:09,8.268,21.046,68.649,0,0,1358312,901840,176744,5480520,4449.669,1623.528,0,240.523,0,6.013,5219,3719,1.790,1.670,0.940,1,0,320.697,0,0,11,32,0,1,0
16-06 13:06:10,7.989,22.718,68.153,0,0,1358528,901604,176744,5480540,4613.457,1617.706,0,51.926,0,12.982,6024,4527,1.790,1.670,0.940,2,0,465.340,0,0,11,32,0,1,0
16-06 13:06:11,11.274,22.046,65.638,0,0,1339736,920332,176752,5480576,4226.896,1461.075,0,248.523,0,10.021,6098,4820,1.790,1.670,0.940,2,0,490.031,0,0,11,34,0,2,0
16-06 13:06:12,44.746,25.748,28.248,0.500,0,1455952,804028,176820,5480596,4706.607,1619.865,0,1071.910,0,70.994,6505,6016,1.790,1.670,0.940,3,0,602.950,0,0,11,32,0,8,0
16-06 13:06:13,63.614,12.473,23.200,0.249,0,1648852,608556,176940,5482732,4614.124,1710.339,371.205,1644.480,2.994,77.833,4243,2515,1.890,1.690,0.950,3,0,9.979,0,0,11,34,0,8,0
16-06 13:06:14,49.091,9.017,29.304,11.521,0.250,1625308,620484,178068,5492224,4628.557,1623.000,0,59898.737,0,4433.196,17808,34165,1.890,1.690,0.950,3,1,116.215,0,0,11,36,0,9,0
16-06 13:06:15,40.909,12.472,28.936,13.969,0,1687168,546744,178704,5503028,5088.684,1616.406,0,77810.972,0,5919.836,19887,40242,1.890,1.690,0.950,2,0,145.676,0,0,11,36,0,9,0
16-06 13:06:16,40.497,10.749,33.248,13.999,0,1702064,522896,178932,5511456,11437.195,7280.488,0,80910.308,0,6049.574,20359,41054,1.890,1.690,0.950,5,0,41.997,0,0,11,37,0,9,0
16-06 13:06:17,36.609,20.060,31.845,9.278,0,1583904,633652,179344,5518208,9458.219,5373.030,296.886,37223.055,4.012,3045.085,15671,26740,1.890,1.690,0.950,5,0,347.035,0,0,11,34,0,10,0
16-06 13:06:18,47.998,20.499,18.999,9.500,0,1644672,566232,179900,5523944,5279.805,1619.940,675.975,68502.469,13.000,4588.830,18046,35641,2.540,1.830,1,6,1,175.993,0,0,11,34,0,10,0
16-06 13:06:19,33.238,13.745,39.735,9.996,0,1634100,573476,180000,5527036,15156.424,11056.932,923.660,29001.330,13.995,2700.007,15163,27069,2.540,1.830,1,1,1,185.932,0,0,11,35,0,10,0
16-06 13:06:20,29.242,7.248,48.737,11.497,0,1624268,579140,180144,5530952,15723.804,11524.924,0,41428.943,0,3608.037,16657,31545,2.540,1.830,1,2,0,50.986,0,0,11,34,0,10,0
16-06 13:06:21,33.998,9.999,40.747,12.249,0.250,1597528,606828,180264,5529856,5159.665,1703.889,0,44173.133,0,3801.753,15988,28990,2.540,1.830,1,4,1,50.997,0,0,11,34,0,10,0
16-06 13:06:22,34.526,7.005,42.282,12.510,0,1631780,570276,180568,5531828,6860.240,3811.911,0,41879.987,0,3635.777,15520,28316,2.540,1.830,1,3,0,37.028,0,0,11,35,0,10,0
16-06 13:06:23,31.935,7.734,45.407,12.225,0,1625324,575884,180760,5532448,14346.674,11224.057,0,42185.767,0,3703.430,17050,31541,2.570,1.850,1.010,1,1,23.951,0,0,11,35,0,10,0
16-06 13:06:24,41.525,7.505,37.773,10.006,0,1603076,596296,180856,5534148,13994.428,9674.826,0,37582.633,0,3224.942,16490,37979,2.570,1.850,1.010,6,1,75.045,0,0,11,36,0,11,0
16-06 13:06:25,35.767,10.755,40.269,9.755,0,1563200,634416,180896,5535840,4962.307,1620.754,0,32735.221,0,2834.318,13800,24847,2.570,1.850,1.010,3,0,110.051,0,0,11,36,0,11,0
16-06 13:06:26,30.912,8.975,43.626,12.963,0,1590592,603576,180924,5539152,10633.818,7160.676,0,59913.943,0,4530.142,17571,34223,2.570,1.850,1.010,2,0,50.856,0,0,11,37,0,11,0
16-06 13:06:27,27.854,7.277,48.933,11.794,0,1586928,604836,181028,5541372,16121.161,11755.870,0,48765.985,0,3977.844,18687,35927,2.570,1.850,1.010,4,0,48.180,0,0,11,37,0,11,0
16-06 13:06:28,33.498,9.250,42.248,11.999,0,1583452,603752,181128,5545720,6639.667,3457.827,0,43833.802,0,3897.805,16674,32137,2.610,1.870,1.020,2,0,122.994,0,0,11,36,0,11,0
16-06 13:06:29,33.234,9.246,42.480,12.494,0,1630344,554596,181200,5547844,7056.682,3969.134,0,51587.746,0,4439.913,16037,31561,2.610,1.870,1.020,2,1,44.979,0,0,11,37,0,11,0
16-06 13:06:30,30.505,8.251,45.758,11.752,0,1627372,562916,181232,5542456,14635.581,11274.988,0,43247.626,0,3896.687,17888,33977,2.610,1.870,1.020,2,0,12.002,0,0,11,37,0,11,0
16-06 13:06:31,30.225,9.242,46.212,11.740,0,1564280,623900,181248,5544540,13408.026,9691.068,0,46142.234,0,3674.992,17071,31742,2.610,1.870,1.020,4,1,90.926,0,0,11,34,0,13,0
16-06 13:06:32,38.198,15.479,42.692,2.497,0,1495372,692748,181260,5544588,4408.974,1456.010,0,18227.089,0,1135.448,6692,7900,2.610,1.870,1.020,4,0,161.779,0,0,11,32,0,13,0
16-06 13:06:33,18.487,5.246,74.198,0.500,0,1501132,686968,181260,5544604,12900.955,9688.207,0,1407.014,0,76.946,3673,4053,2.480,1.850,1.020,1,0,50.964,0,0,11,33,0,13,0
16-06 13:06:34,21.553,5.012,72.680,0.251,0,1470720,717132,181260,5544852,5486.598,2328.772,0,1387.439,0,66.164,2447,1964,2.480,1.850,1.020,1,0,34.084,0,0,11,32,0,14,0
16-06 13:06:35,19.206,2.744,76.825,0,0,1488348,699496,181264,5544856,9748.755,6636.856,0,814.142,0,40.907,2054,1698,2.480,1.850,1.020,1,0,0,0,0,11,33,0,14,0
16-06 13:06:36,17.045,6.267,74.948,0.251,0,1413588,774160,181264,5544952,6838.037,3306.722,0,2594.845,0,142.376,3145,3053,2.480,1.850,1.020,1,0,60.159,0,0,11,32,0,15,0
16-06 13:06:37,21.838,3.474,73.457,0.248,0,1467484,720264,181264,5544952,4900.740,1608.102,0,325.591,0,40.699,1723,1230,2.480,1.850,1.020,1,0,0,0,0,11,32,0,15,0
16-06 13:06:38,19.110,3.017,77.448,0,0,1453052,734540,181264,5545152,13853.058,10070.197,189.093,4.023,2.012,1.006,3159,3610,2.440,1.860,1.030,1,0,3.017,0,0,11,33,0,15,0
16-06 13:06:39,19.470,5.741,73.637,0,0,1425680,761772,181264,5545292,6954.326,3641.411,0,0,0,0,2653,2175,2.440,1.860,1.030,1,0,42.934,0,0,11,32,0,16,0
16-06 13:06:40,19.814,2.508,76.499,0,0,1474748,712696,181264,5545300,7564.614,3983.963,0,1500.884,0,203.663,2056,1804,2.440,1.860,1.030,2,0,0,0,0,11,33,0,16,0
16-06 13:06:41,18.698,1.994,77.534,0.249,0,1468508,718916,181264,5545320,14259.312,10053.019,0,251.301,0,21.939,3414,4048,2.440,1.860,1.030,1,0,0,0,0,11,32,0,17,0
16-06 13:06:42,10.780,19.053,68.692,0,0.251,1423456,763868,181264,5545420,5913.571,1666.670,0,280.787,0,15.042,4848,3235,2.440,1.860,1.030,1,0,284.798,0,0,11,32,0,17,0
16-06 13:06:43,10.980,24.455,63.382,0,0,1423120,764128,181264,5545496,5851.133,1509.197,0,311.422,0,17.967,5551,3892,2.320,1.840,1.030,3,0,383.288,0,0,11,34,0,18,0
16-06 13:06:44,57.094,15.526,26.043,0.501,0,1527708,659332,181284,5545684,3075.053,270.444,0,845.389,0,61.100,4749,3318,2.320,1.840,1.030,3,0,133.219,0,0,11,32,0,23,0
16-06 13:06:45,66.832,8.977,24.189,0.249,0,1702148,482204,181376,5548132,4285.258,1292.759,0,1707.719,0,45.885,3687,1539,2.320,1.840,1.030,3,0,0,0,0,11,32,0,23,0
16-06 13:06:46,67.973,7.247,23.991,0,0,1806364,374376,181500,5551316,4336.301,1457.429,0,6421.484,0,226.911,4282,2141,2.320,1.840,1.030,3,0,5.998,0,0,11,38,0,23,0
16-06 13:06:47,29.330,8.273,44.371,14.038,0,1817948,349932,181652,5563356,3308.038,162.444,0,71190.498,0,4993.643,20699,38890,2.320,1.840,1.030,2,1,222.608,0,0,11,38,0,23,0
16-06 13:06:48,25.014,9.756,46.027,16.760,0,1817272,340860,181748,5572708,4640.683,1458.843,0,93189.877,0,6812.939,24422,48282,2.540,1.890,1.050,2,2,204.118,0,0,11,38,0,23,0
16-06 13:06:49,31.251,7.750,41.251,15.750,0.250,1817228,332040,181808,5581204,4758.138,1458.042,0,82938.406,0,6209.180,22014,43354,2.540,1.890,1.050,2,0,150.004,0,0,11,38,0,23,0
16-06 13:06:50,37.732,12.744,33.484,13.244,0,1752792,386648,181888,5590620,4557.852,1619.237,0,69187.399,0,5191.554,20736,38944,2.540,1.890,1.050,4,1,224.894,0,0,11,36,0,23,0
16-06 13:06:51,40.944,10.486,33.205,12.982,0,1814016,314860,181924,5600756,4751.551,1456.024,0,86714.311,0,5836.079,19315,39082,2.540,1.890,1.050,3,0,18.974,0,0,11,36,0,23,0
16-06 13:06:52,42.831,10.019,32.561,13.275,0,1849600,271824,181944,5607856,4585.638,1623.057,0,84847.832,0,5978.262,20429,41802,2.540,1.890,1.050,6,0,54.102,0,0,11,38,0,23,0
16-06 13:06:53,35.987,9.247,38.986,12.496,0.250,1758628,358516,181980,5611972,4576.373,1457.482,0,51973.527,0,4332.460,18290,34121,2.580,1.910,1.060,2,0,167.940,0,0,11,36,0,23,0
16-06 13:06:54,34.157,12.965,47.869,3.241,0,1434564,682524,181984,5611988,5145.969,1615.595,0,23136.914,0,1352.313,7034,8995,2.580,1.910,1.060,1,0,248.323,0,0,11,32,0,23,0
16-06 13:06:55,21.502,5.000,73.006,0.250,0,1455604,661464,181984,5612008,5280.443,1620.136,0,724.061,0,44.004,1946,1451,2.580,1.910,1.060,1,0,1.000,0,0,11,32,0,23,0
16-06 13:06:56,21.524,4.505,72.330,0.501,0,1513404,603664,181984,5612008,5406.011,1621.803,0,4264.742,0,246.274,2245,2248,2.580,1.910,1.060,1,0,2.002,0,0,11,32,0,23,0
16-06 13:06:57,24.213,1.747,72.388,0,0,1530532,586536,181984,5612008,5426.601,1497.682,0,179.722,0,15.975,2334,1992,2.580,1.910,1.060,1,0,0,0,0,11,38,0,23,0
16-06 13:06:58,21.998,4.500,72.993,0,0,1481744,635316,181984,5612016,5039.513,1619.843,0,79.992,0,5.999,2170,1367,2.450,1.900,1.060,1,0,26.997,0,0,11,32,0,23,0
16-06 13:06:59,22.508,3.251,74.028,0,0,1540508,576552,181984,5612016,5342.007,1620.609,0,36.014,0,4.002,1792,1205,2.450,1.900,1.060,2,0,1.000,0,0,11,32,0,23,0
16-06 13:07:00,22.497,3.749,72.740,0.500,0,1563720,553328,181984,5612028,6179.163,1619.780,0,155.979,0,17.998,2067,1667,2.450,1.900,1.060,2,0,2.000,0,0,11,34,0,23,0
16-06 13:07:01,16.047,25.073,57.919,0.251,0,1473476,643512,181984,5612064,6438.781,1624.739,0,910.656,0,109.319,6137,5490,2.450,1.900,1.060,2,0,738.153,0,0,11,32,0,23,0
16-06 13:07:02,9.744,29.481,58.712,0,0,1468248,648692,181984,5612112,6372.839,1618.943,0,315.794,0,25.983,6993,6109,2.450,1.900,1.060,2,0,782.489,0,0,11,32,0,23,0
16-06 13:07:03,8.993,21.234,69.948,0,0,1456280,660576,181984,5612196,5036.239,1618.791,0,439.672,0,12.990,6212,4943,2.490,1.920,1.070,2,0,498.628,0,0,11,32,0,23,0
16-06 13:07:04,9.255,20.510,68.535,0,0,1429020,687788,181984,5612232,5120.613,1458.744,0,40.020,0,10.005,5781,4434,2.490,1.920,1.070,1,0,385.197,0,0,11,32,0,23,0
16-06 13:07:05,20.216,14.475,64.141,0,0,1425384,691384,181984,5612252,5211.144,1659.180,0,7.986,0,1.997,5648,7365,2.490,1.920,1.070,1,0,211.640,0,0,11,32,0,23,0
16-06 13:07:06,43.466,12.990,43.466,0,0,1525816,590836,181992,5612816,4994.132,1456.872,0,1422.898,0,205.841,3958,2426,2.490,1.920,1.070,2,0,122.905,0,0,11,33,0,23,0
16-06 13:07:07,48.902,5.016,45.391,0,0,1603636,512976,181992,5612852,5253.357,1625.060,0,16.050,0,1.003,3151,1667,2.490,1.920,1.070,3,0,9.028,0,0,11,45,0,23,0
16-06 13:07:08,44.897,6.236,47.890,0.249,0,1647700,467392,182060,5614168,4567.550,1454.672,0,2498.284,0,257.411,3738,2831,2.450,1.920,1.080,2,0,9.977,0,0,11,49,0,23,0
16-06 13:07:09,21.302,16.039,61.400,0,0,1670884,441196,182064,5616916,4871.931,1623.977,0,12.029,0,2.005,7163,9155,2.450,1.920,1.080,1,0,291.714,0,0,11,48,0,24,0
16-06 13:07:10,16.947,12.461,69.035,0.249,0,1675392,436620,182064,5616932,3845.996,1453.463,0,542.307,0,33.894,6287,8798,2.450,1.920,1.080,0,0,199.378,0,0,11,48,0,24,0
16-06 13:07:11,0.750,1.000,95.958,1.000,0,1675392,436620,182064,5616932,4096.202,1457.360,0,7024.917,0,332.854,1402,2311,2.450,1.920,1.080,0,0,2.999,0,0,11,48,0,24,0
16-06 13:07:12,0.750,0.750,97.308,0.500,0,1673664,438348,182064,5616932,4699.786,1620.961,0,1885.118,0,99.059,954,1397,2.450,1.920,1.080,0,0,3.002,0,0,11,48,0,24,0
16-06 13:07:13,1.000,1.500,96.508,0,0,1671976,440016,182064,5616932,4942.400,1552.126,0,576.047,0,30.002,955,1097,2.260,1.890,1.070,0,0,8.001,0,0,11,48,0,17,0
16-06 13:07:14,0.750,1.250,97.015,0,0,1670148,441844,182064,5616924,4880.769,1458.230,0,28.004,0,5.001,828,1106,2.260,1.890,1.070,1,0,3.000,0,0,11,48,0,17,0
16-06 13:07:15,14.796,16.301,67.711,0,0,1643428,468436,182064,5617496,4814.989,1625.059,0,0,0,0,5796,7577,2.260,1.890,1.070,1,0,275.859,0,0,11,48,0,17,0
16-06 13:07:16,12.989,13.988,72.190,0,0,1674456,437400,182064,5617080,5095.736,1618.646,0,3.997,0,0.999,4137,3388,2.260,1.890,1.070,3,0,181.848,0,0,11,48,0,17,0
16-06 13:07:17,14.714,20.949,61.100,0.249,0,1685772,426028,182064,5617556,5339.879,1853.446,0,4752.323,0,349.142,6680,6870,2.260,1.890,1.070,1,0,332.184,0,0,12,52,0,15,0
16-06 13:07:18,23.820,13.790,61.680,0.251,0,1680692,431108,182064,5617064,4874.262,1624.754,0,2378.961,0,42.123,5362,6112,2.560,1.950,1.100,3,0,189.555,0,0,12,64,0,15,0
16-06 13:07:19,4.001,9.503,84.775,0,0,1681820,429932,182064,5617132,4759.384,1458.424,0,320.093,0,11.003,2547,2258,2.560,1.950,1.100,1,0,151.044,0,0,12,64,0,15,0
16-06 13:07:20,18.942,15.453,63.555,0.249,0,1673248,438472,182064,5617156,4914.916,1615.043,0,175.462,0,17.945,6232,8084,2.560,1.950,1.100,1,0,191.413,0,0,14,64,0,15,0
16-06 13:07:21,8.518,19.041,70.653,0.251,0,1676132,435540,182064,5617188,4750.259,1623.506,0,392.848,0,23.050,5120,3781,2.560,1.950,1.100,2,0,295.638,0,0,14,66,0,15,0
16-06 13:07:22,9.228,19.953,69.086,0,0,1655708,455800,182064,5617352,4865.421,1699.954,0,75.820,0,12.969,5245,3810,2.560,1.950,1.100,1,0,308.266,0,0,14,66,0,15,0
16-06 13:07:23,16.756,17.506,63.771,0,0,1666796,444700,182064,5617720,4561.524,1620.541,0,832.278,0,6.002,6194,7546,2.510,1.950,1.100,1,0,242.081,0,0,14,66,0,15,0
16-06 13:07:24,30.592,25.326,43.130,0,0,1720184,391228,182076,5617408,4694.172,1624.906,0,136.412,0,7.021,6273,11716,2.510,1.950,1.100,3,0,407.229,0,0,14,66,0,16,0
16-06 13:07:25,27.963,25.716,45.190,0,0,1783144,328240,182100,5617412,4492.020,1456.062,0,267.644,0,3.995,6523,5061,2.510,1.950,1.100,3,0,550.267,0,0,14,66,0,14,0
16-06 13:07:26,31.766,24.262,43.521,0,0,1845748,264016,182144,5618908,4682.297,1620.795,0,68.033,0,14.007,7122,8400,2.510,1.950,1.100,4,0,489.240,0,0,14,70,0,16,0
16-06 13:07:27,37.421,20.207,40.914,0,0,1893340,216320,182144,5619292,4345.853,1544.749,0,558.824,0,4.989,5832,8011,2.510,1.950,1.100,3,0,236.502,0,0,14,70,0,16,0
16-06 13:07:28,65.702,24.826,9.780,0,0,1984860,246512,174744,5507484,4694.457,1625.004,28.086,28.086,5.015,7.022,5200,4973,2.470,1.960,1.110,3,0,460.418,0,0,14,70,0,16,0
16-06 13:07:29,60.198,19.651,18.905,0,0,2078912,152104,174752,5507932,4555.156,1450.725,222.882,788.048,7.960,7.960,6102,7252,2.470,1.960,1.110,4,0,254.723,0,0,14,70,0,16,0
16-06 13:07:30,68.240,29.353,2.509,0,0,2189860,211356,167004,5349352,4576.096,1625.718,505.779,742.612,26.092,51.180,5513,5196,2.470,1.960,1.110,5,0,529.864,0,0,14,70,0,16,0
16-06 13:07:31,78.792,19.760,1.251,0.500,0,2325664,159744,167556,5266348,4160.199,1458.771,724.383,656.347,78.041,26.014,6538,8264,2.470,1.960,1.110,5,0,207.109,0,0,14,74,0,16,0
16-06 13:07:32,64.499,28.500,4.000,2.000,0,2428772,177248,167184,5148828,4756.950,1661.982,519.994,31755.663,14.000,2165.977,13410,21569,2.470,1.960,1.110,4,1,415.996,0,0,14,76,0,16,0
16-06 13:07:33,71.175,24.474,2.747,1.748,0,2545668,205416,167292,5007612,4273.478,1456.459,411.564,15155.961,21.977,1167.764,13016,25406,2.910,2.060,1.140,12,0,278.705,0,0,14,76,0,14,0
16-06 13:07:34,71.425,24.638,2.489,0.249,0,2665488,157632,167312,4936540,4419.874,1612.657,489.770,1485.237,14.932,62.714,8044,14866,2.910,2.060,1.140,5,0,415.110,0,0,14,87,0,22,0
16-06 13:07:35,56.562,26.899,15.837,0,0,2763180,128920,167312,4868904,4603.433,1466.100,0,1102.089,0,73.406,7051,7406,2.910,2.060,1.140,3,0,501.772,0,0,14,93,0,26,0
16-06 13:07:36,42.398,20.451,36.163,0,0,2819784,139272,167312,4803856,4848.344,1616.115,1971.261,917.794,19.952,44.892,7758,11671,2.910,2.060,1.140,4,0,218.475,0,0,14,93,0,28,0
16-06 13:07:37,64.477,14.745,19.743,0.750,0,2974952,121672,167320,4669552,5175.188,1709.402,1135.602,5154.196,13.995,266.907,7035,9220,2.910,2.060,1.140,2,0,125.956,0,0,14,96,0,30,0
16-06 13:07:38,26.850,13.049,57.966,0.251,0,3016800,148980,167336,4602052,4697.503,1626.059,16.060,6444.010,4.015,378.410,4553,3887,2.840,2.060,1.150,1,0,139.520,0,0,14,99,0,30,0
16-06 13:07:39,8.493,19.483,69.440,0,0,3028368,137404,167336,4602076,6594.347,1660.577,0,203.825,0,12.989,5049,3449,2.840,2.060,1.150,1,0,256.780,0,0,14,99,0,30,0
16-06 13:07:40,7.243,19.480,71.177,0,0,3036880,128868,167336,4602100,4735.175,1618.351,0,431.560,0,25.974,4886,3304,2.840,2.060,1.150,2,0,242.753,0,0,14,99,0,30,0
16-06 13:07:41,7.479,20.443,69.056,0.249,0,3034216,131520,167336,4602112,5384.873,1615.462,0,127.641,0,12.964,5008,3448,2.840,2.060,1.150,1,0,246.308,0,0,14,99,0,30,0
16-06 13:07:42,16.748,10.999,70.743,0,0,3072176,159812,167336,4536976,5674.451,1457.859,0,291.972,0,5.000,3035,2135,2.840,2.060,1.150,1,0,105.990,0,0,14,99,0,28,0
16-06 13:07:43,19.764,3.002,75.805,0,0,3110168,121800,167340,4536992,12150.889,7338.368,40.029,132.097,4.003,4.003,1982,1691,2.690,2.040,1.150,1,0,1.001,0,0,14,102,0,28,0
16-06 13:07:44,22.524,3.253,73.327,0.250,0,3081400,218412,167340,4470988,22983.111,19195.137,4.004,2234.344,1.001,33.035,2620,2427,2.690,2.040,1.150,1,0,4.004,0,0,14,103,0,29,0
16-06 13:07:45,21.799,7.517,69.155,0.251,0,3148432,151360,167340,4471008,4269.597,1623.650,4.009,108.243,1.002,12.027,2709,1952,2.690,2.040,1.150,1,0,61.137,0,0,14,107,0,29,0
16-06 13:07:46,19.719,2.746,76.129,0.250,0,3164876,134896,167340,4471032,11582.635,8081.187,3.994,455.278,0.998,41.934,2365,2273,2.690,2.040,1.150,1,0,1.997,0,0,14,115,0,23,0
16-06 13:07:47,26.522,6.005,64.303,1.501,0,3167968,131108,167356,4471712,4340.603,1134.942,368.306,1397.160,22.018,186.155,4975,6652,2.690,2.040,1.150,2,0,6.005,0,0,14,119,0,23,0
16-06 13:07:48,41.663,7.734,48.649,0.748,0,3219020,147296,167356,4406552,4242.159,1595.675,27.942,10186.771,3.992,690.561,5740,6332,2.640,2.040,1.150,2,0,2.994,0,0,14,124,0,25,0
16-06 13:07:49,18.061,9.030,71.240,0.251,0.251,3201792,164440,167360,4406632,3606.152,1137.834,4.014,1087.665,1.003,71.240,3266,2825,2.640,2.040,1.150,2,0,112.379,0,0,14,124,0,25,0
16-06 13:07:50,19.161,3.981,75.648,0.249,0,3235432,130672,167360,4406760,10650.404,7082.021,75.648,473.794,6.968,36.828,2250,2134,2.640,2.040,1.150,2,0,0.995,0,0,14,125,0,25,0
16-06 13:07:51,19.578,3.765,75.552,0.502,0,3237880,128180,167360,4406804,7737.933,4370.471,16.064,999.998,1.004,91.365,3185,3794,2.640,2.040,1.150,1,0,0,0,0,14,125,0,25,0
16-06 13:07:52,35.689,10.732,50.913,1.248,0,3303764,128136,167364,4342620,6581.761,2647.479,11.980,4100.997,2.995,289.506,5315,5942,2.640,2.040,1.150,3,0,96.835,0,0,14,126,0,26,0
16-06 13:07:53,42.695,8.988,46.939,0,0,3395404,161748,167364,4220012,4494.188,1617.908,0,331.571,0,16.978,2980,1506,2.590,2.040,1.160,2,0,3.995,0,0,14,126,0,26,0
16-06 13:07:54,24.300,6.764,68.390,0,0,3330532,226616,167364,4220028,28767.700,24776.556,0,1238.527,0,61.125,2889,2181,2.590,2.040,1.160,2,0,52.106,0,0,14,128,0,27,0
16-06 13:07:55,21.954,3.992,72.599,0,0,3398628,158508,167364,4220040,4522.563,1508.852,7.983,127.733,1.996,12.973,1951,1502,2.590,2.040,1.160,2,0,4.990,0,0,14,128,0,27,0
16-06 13:07:56,18.015,2.752,78.315,0,0,3306396,250724,167364,4220056,29247.383,24920.776,0,36.030,0,6.005,2066,1511,2.590,2.040,1.160,2,0,12.010,0,0,14,128,0,28,0
16-06 13:07:57,22.808,7.018,69.177,0,0,3318560,238520,167364,4220096,5394.773,1515.870,4.010,252.645,1.003,4.010,2681,2218,2.590,2.040,1.160,2,0,43.110,0,0,14,128,0,29,0
16-06 13:07:58,23.139,3.981,71.656,0.498,0.249,3348256,208332,167364,4220600,11786.475,8095.177,99.523,489.652,4.976,43.790,3628,5041,2.540,2.030,1.160,1,0,3.981,0,0,14,131,0,29,0
16-06 13:07:59,19.584,8.285,70.802,0.502,0,3319492,237052,167364,4220644,6772.893,2725.628,0,887.787,0,105.450,3858,4120,2.540,2.030,1.160,1,0,82.351,0,0,14,130,0,30,0
16-06 13:08:00,19.945,2.742,76.039,0,0,3380900,175640,167364,4220648,7348.622,3576.084,0,259.281,0,15.956,1689,1245,2.540,2.030,1.160,0,0,0,0,0,14,131,0,30,0
16-06 13:08:01,17.761,5.754,74.546,0.500,0,3340600,215920,167364,4220668,28671.586,22870.027,0,1140.700,0,68.042,2876,2223,2.540,2.030,1.160,1,0,55.034,0,0,14,130,0,31,0
16-06 13:08:02,22.752,3.500,73.255,0,0,3412744,143776,167364,4220668,5837.425,1620.118,0,264.019,0,2.000,1849,1210,2.540,2.030,1.160,1,0,1.000,0,0,14,130,0,31,0
16-06 13:08:03,15.999,3.500,78.493,1.000,0,3410632,145820,167364,4220736,13091.814,8337.244,0,1107.900,0,156.986,3616,5079,2.330,2,1.160,0,0,1.000,0,0,14,132,0,31,0
16-06 13:08:04,27.311,4.259,65.395,0.752,0,3410408,145936,167364,4220844,6558.577,2866.371,16.036,2204.900,1.002,213.474,6075,8814,2.330,2,1.160,1,0,1.002,0,0,14,133,0,33,0
16-06 13:08:05,20.443,5.734,72.298,0.249,0,3375716,180620,167364,4220852,4878.395,1507.795,0,1228.574,0,74.791,2555,2190,2.330,2,1.160,1,0,52.853,0,0,14,133,0,33,0
16-06 13:08:06,17.539,3.007,79.678,0,0,3396040,160152,167364,4220996,15091.711,11460.600,0,440.985,0,27.060,2224,1808,2.330,2,1.160,0,0,0,0,0,14,134,0,33,0
16-06 13:08:07,21.953,3.493,71.848,0.998,0,3395680,160472,167364,4221036,5817.674,1875.027,0,1069.734,0,106.774,3949,5284,2.330,2,1.160,1,0,0,0,0,14,134,0,33,0
16-06 13:08:08,35.600,8.524,54.653,0.251,0,3391860,164224,167364,4221104,6474.099,2547.121,0,4095.449,0,445.245,7545,10078,2.150,1.970,1.150,1,0,56.157,0,0,14,137,0,34,0
16-06 13:08:09,20.752,5.250,72.257,0.250,0,3369144,230844,167368,4177848,5022.456,1512.137,0,1464.133,0,82.007,2076,1605,2.150,1.970,1.150,1,0,23.002,0,0,14,137,0,34,0
16-06 13:08:10,16.251,2.750,80.505,0.250,0,3380948,219012,167368,4177876,13740.845,9987.615,40.002,872.054,4.000,94.006,2652,3106,2.150,1.970,1.150,1,0,0,0,0,14,138,0,33,0
16-06 13:08:11,17.449,10.968,68.050,1.496,0,3358588,241236,167372,4178008,5887.704,2854.614,63.813,5603.539,3.988,360.940,4508,4858,2.150,1.970,1.150,1,0,146.569,0,0,14,137,0,34,0
16-06 13:08:12,18.999,2.750,77.748,0,0,3413404,186420,167372,4178008,7067.795,3841.889,0,299.991,0,14.000,1714,1259,2.150,1.970,1.150,1,0,1.000,0,0,14,138,0,34,0
16-06 13:08:13,18.303,3.259,77.475,0.501,0,3410716,189116,167372,4178020,13902.328,10741.158,0,413.199,0,30.087,2883,2965,2.060,1.950,1.150,2,0,6.017,0,0,14,138,0,34,0
16-06 13:08:14,28.169,5.734,63.567,0.499,0,3410488,189288,167380,4178068,4413.323,1561.515,0,1858.661,0,167.519,6084,8394,2.060,1.950,1.150,1,0,0,0,0,14,138,0,34,0
16-06 13:08:15,41.631,9.530,46.146,0.502,0.251,3379224,219844,167396,4178728,6159.426,3055.637,421.329,1135.581,69.218,114.361,9828,14263,2.060,1.950,1.150,2,0,75.237,0,0,14,139,0,35,0
16-06 13:08:16,30.148,13.953,54.316,0.498,0,3375588,223364,167396,4178796,5170.479,1919.495,15.946,869.055,0.997,68.767,6264,7462,2.060,1.950,1.150,1,0,214.274,0,0,14,139,0,35,0
16-06 13:08:17,18.752,3.500,77.007,0,0,3417680,181280,167396,4178804,10423.941,7595.686,0,452.041,0,26.002,1971,1475,2.060,1.950,1.150,1,0,0,0,0,14,140,0,35,0
16-06 13:08:18,15.528,12.773,70.378,0.250,0,3394328,204616,167396,4178820,6167.200,3155.731,4.007,1927.501,1.002,239.435,4176,3011,1.970,1.930,1.150,2,0,162.295,0,0,14,139,0,36,0
16-06 13:08:19,8.729,19.953,68.089,0.249,0,3372376,226532,167396,4178856,4654.976,1454.555,0,778.157,0,50.880,5518,4068,1.970,1.930,1.150,2,0,266.369,0,0,14,139,0,36,0
16-06 13:08:20,12.760,20.517,63.801,0,0,3352872,246008,167400,4179340,4923.967,1621.306,0,548.442,0,39.031,6278,6489,1.970,1.930,1.150,1,0,270.218,0,0,14,139,0,36,0
16-06 13:08:21,25.542,17.779,56.343,0.501,0,3395916,202948,167400,4178900,4900.105,1584.621,0,332.550,0,17.028,5520,5665,1.970,1.930,1.150,2,0,236.391,0,0,14,139,0,36,0
16-06 13:08:22,30.284,24.027,43.549,0,0,3423144,175528,167408,4179084,4762.405,1621.841,32.036,1593.809,4.005,99.112,6057,4814,1.970,1.930,1.150,2,0,370.420,0,0,14,139,0,36,0
16-06 13:08:23,28.208,19.221,51.923,0,0,3436896,161388,167416,4179780,4880.729,1617.590,35.946,726.917,2.996,45.932,7068,8600,2.050,1.950,1.160,3,0,287.572,0,0,14,145,0,36,0
16-06 13:08:24,45.696,24.721,28.716,0,0,3539528,145636,167420,4094176,4840.326,1564.167,135.841,291.658,10.987,16.980,7328,23777,2.050,1.950,1.160,4,0,378.556,0,0,16,150,0,37,0
16-06 13:08:25,50.038,28.522,20.516,0.250,0,3656316,138324,167420,3986068,4783.668,1621.243,88.068,604.463,2.002,38.029,6203,5317,2.050,1.950,1.160,4,0,451.346,0,0,16,151,0,37,0
16-06 13:08:26,59.407,19.719,19.470,0,0,3736816,145468,167420,3899808,5211.870,1707.337,15.975,359.439,3.994,28.955,9440,16319,2.050,1.950,1.160,1,0,256.600,0,0,16,167,0,37,0
16-06 13:08:27,32.378,24.848,42.166,0,0,3795912,138304,167420,3848388,5137.282,1626.421,4.016,650.568,1.004,16.063,13711,5888,2.050,1.950,1.160,3,0,541.136,0,0,16,167,0,34,0
16-06 13:08:28,26.948,23.954,47.658,0,0,3848368,141320,167432,3794244,4970.387,1616.873,0,279.460,0,18.963,6338,5278,2.050,1.950,1.160,2,0,470.091,0,0,17,167,0,34,0
16-06 13:08:29,20.015,16.262,62.546,0,0,3848444,141204,167432,3794272,5223.854,1621.196,12.009,488.360,3.002,37.027,6445,8113,2.050,1.950,1.160,2,0,211.156,0,0,17,167,0,34,0
16-06 13:08:30,28.015,25.764,44.524,0.250,0,3916448,128596,167432,3740288,4280.301,1528.822,0,2153.157,0,33.018,6181,5003,2.050,1.950,1.160,2,0,411.221,0,0,17,167,0,34,0
16-06 13:08:31,37.889,20.440,40.382,0,0,3947056,165520,167440,3674580,4694.271,1615.276,15.953,91.732,2.991,9.971,6316,6360,2.050,1.950,1.160,3,0,297.131,0,0,17,173,0,34,0
16-06 13:08:32,26.517,22.014,50.031,0,0,4004148,146396,167440,3637184,4537.826,1458.908,32.020,84.052,2.001,5.003,5711,5764,2.050,1.950,1.160,2,0,342.213,0,0,17,173,0,34,0
16-06 13:08:33,43.121,28.079,27.577,0.251,0.251,4122684,159472,167440,3508380,4873.655,1624.552,100.281,573.607,6.017,40.112,8084,11596,2.040,1.950,1.170,2,0,492.380,0,0,17,185,0,34,0
16-06 13:08:34,22.680,25.671,49.099,0.748,0,4163080,177600,167440,3451168,4743.397,1453.525,99.693,13478.506,7.975,931.133,10463,13183,2.040,1.950,1.170,1,0,420.705,0,0,17,191,0,34,0
16-06 13:08:35,9.255,21.511,67.035,0.250,0,4167716,172888,167440,3451228,4562.353,1620.836,0,1064.549,0,41.021,5773,4476,2.040,1.950,1.170,1,0,316.163,0,0,17,191,0,23,0
16-06 13:08:36,29.958,15.478,52.926,0,0,4197160,143308,167440,3451372,4885.159,1599.760,0,455.362,0,39.944,6457,8047,2.040,1.950,1.170,2,0,224.685,0,0,17,207,0,23,0
16-06 13:08:37,35.973,15.239,47.215,0,0,4288432,133648,167440,3371272,5011.251,1456.910,927.306,407.695,13.990,25.981,4191,2927,2.040,1.950,1.170,3,0,116.913,0,0,17,207,0,23,0
16-06 13:08:38,44.267,9.754,45.518,0.250,0,4379340,145880,167440,3270560,3667.440,486.191,228.090,348.137,6.002,35.014,3415,2203,2.040,1.960,1.170,2,0,3.001,0,0,17,207,0,23,0
16-06 13:08:39,35.893,6.275,56.978,0.502,0,4448136,164616,167448,3184744,5180.693,1668.665,64.257,317.267,7.028,26.104,3283,2697,2.040,1.960,1.170,3,0,8.032,0,0,17,212,0,16,0
16-06 13:08:40,27.503,19.502,51.506,0.250,0,4367328,244828,167456,3185332,4712.504,1512.162,660.071,376.040,8.001,28.003,5370,4130,2.040,1.960,1.170,2,0,327.035,0,0,17,215,0,16,0
16-06 13:08:41,35.723,30.227,32.975,0,0,4452260,157324,167468,3187864,11023.553,7273.427,927.289,219.832,18.985,14.989,6816,7045,2.040,1.960,1.170,4,0,556.574,0,0,17,218,0,16,0
16-06 13:08:42,44.800,19.021,35.290,0,0,4358720,249660,167476,3189032,8596.635,4597.152,20.022,1001.122,2.002,23.026,7369,10113,2.040,1.960,1.170,6,0,238.267,0,0,17,223,0,18,0
16-06 13:08:43,70.082,19.703,9.727,0,0,4570676,144328,167484,3085760,5327.247,1616.131,279.331,199.522,11.971,8.979,4890,3908,2.360,2.020,1.200,5,0,152.635,0,0,17,224,0,18,0
16-06 13:08:44,59.620,11.774,25.050,3.257,0,4637196,162560,167516,3004048,15247.722,11731.638,5783.653,1390.802,336.678,58.117,5556,5710,2.360,2.020,1.200,4,0,28.057,0,0,17,233,0,18,0
16-06 13:08:45,57.933,17.729,21.225,1.748,0,4643176,179552,167572,2982128,5610.475,2410.197,2021.649,3184.297,190.778,307.642,6802,8448,2.360,2.020,1.200,5,0,173.798,0,0,17,231,0,24,0
16-06 13:08:46,33.514,26.261,39.767,0,0,4698584,121760,167588,2984452,10750.488,7468.118,4.002,11240.693,1.000,39.016,6694,6367,2.360,2.020,1.200,4,0,415.173,0,0,17,232,0,24,0
16-06 13:08:47,36.792,18.771,42.048,0.250,0,4597352,241520,167588,2966520,10464.911,6859.808,136.155,2318.639,7.008,152.173,7868,11125,2.360,2.020,1.200,5,0,222.253,0,0,17,231,0,24,0
16-06 13:08:48,56.488,28.994,13.997,0,0,4759860,123884,167588,2922512,4590.997,1511.670,7.998,579.873,2.000,39.991,6376,6410,2.570,2.070,1.220,5,0,474.896,0,0,17,235,0,24,0
16-06 13:08:49,50.720,23.986,24.485,0.999,0,4780228,171896,167604,2855416,15926.495,12499.540,1123.330,9618.260,50.970,925.448,8399,10154,2.570,2.070,1.220,3,0,325.806,0,0,17,237,0,25,0
16-06 13:08:50,59.141,24.352,14.910,0.248,0,4819172,159540,167620,2828472,4592.136,1610.229,318.070,715.658,14.910,57.650,7296,9954,2.570,2.070,1.220,4,0,365.781,0,0,17,239,0,27,0
16-06 13:08:51,57.643,24.165,17.620,0,0,4887824,168188,167624,2754244,10961.751,7781.061,229.565,781.328,10.069,38.261,7252,9498,2.570,2.070,1.220,4,0,373.547,0,0,17,242,0,27,0
16-06 13:08:52,51.777,24.644,22.403,0.249,0,4869436,215460,167632,2725744,9562.727,6329.681,820.459,2405.617,27.880,142.385,8021,15508,2.570,2.070,1.220,7,0,272.822,0,0,17,247,0,28,0
16-06 13:08:53,65.991,11.748,21.997,0,0,5054036,137488,167632,2621708,6228.111,3585.488,343.951,587.916,5.999,18.997,4534,5752,2.600,2.090,1.230,2,0,3.000,0,0,17,248,0,28,0
16-06 13:08:54,52.546,10.259,35.781,0.751,0,5114744,144380,167640,2555892,20627.090,16950.866,1072.941,620.544,80.070,60.053,6411,7154,2.600,2.090,1.230,4,0,11.010,0,0,17,252,0,33,0
16-06 13:08:55,63.598,11.017,24.287,0.250,0,5147816,139572,167640,2528480,7174.012,3983.114,1145.759,857.316,25.038,63.097,5079,4356,2.600,2.090,1.230,4,0,21.032,0,0,17,259,0,32,0
16-06 13:08:56,45.767,26.260,26.260,0.500,0,5136148,147624,167760,2531972,15574.914,12316.677,4557.731,1319.501,67.025,65.025,7288,7872,2.600,2.090,1.230,3,0,369.140,0,0,17,259,0,33,0
16-06 13:08:57,49.183,28.961,20.722,0,0,5120216,163356,167760,2532500,4311.154,1078.537,511.307,802.911,3.995,28.961,6637,6911,2.600,2.090,1.230,6,0,485.342,0,0,17,259,0,33,0
16-06 13:08:58,60.545,20.182,18.936,0,0,5152028,131312,167764,2532844,12282.474,9387.263,972.711,833.183,20.929,48.835,6471,7548,2.560,2.090,1.230,5,0,192.350,0,0,18,265,0,33,0
16-06 13:08:59,77.607,18.334,3.767,0.502,0,5172716,139264,167776,2505116,8908.016,4660.459,1157.329,2049.436,38.176,287.323,7054,8091,2.560,2.090,1.230,3,1,98.453,0,0,18,266,0,31,0
16-06 13:09:00,80.137,13.439,4.231,1.244,0,5310812,132020,167792,2379428,7677.202,3825.660,2990.445,740.643,148.328,42.806,5780,4133,2.560,2.090,1.230,6,0,12.941,0,0,18,271,0,31,0
16-06 13:09:01,60.840,18.277,19.529,0,0,5272456,209584,167816,2341744,14373.287,10638.756,925.370,3921.808,19.028,106.157,8056,9840,2.560,2.090,1.230,3,0,226.335,0,0,18,274,0,34,0
16-06 13:09:02,42.515,10.504,46.767,0,0,5329556,153816,167816,2340796,11160.021,2753.992,512.185,504.182,4.001,33.012,3353,2077,2.560,2.090,1.230,3,0,10.004,0,0,18,274,0,34,0
16-06 13:09:03,32.781,8.008,57.304,0.250,0,5329328,152264,167816,2342576,1848654.621,29321.592,816.769,1209.138,9.008,46.043,4456,4038,2.510,2.080,1.240,2,0,7.007,0,0,18,278,0,33,0
16-06 13:09:04,44.705,20.479,33.216,0.499,0,5316612,178008,167820,2331596,14712205.667,116986.740,2801.168,767.224,30.969,60.938,10345,6495,2.510,2.080,1.240,2,0,267.729,0,0,18,278,0,34,0
16-06 13:09:05,43.170,7.028,48.441,0.251,0,5393680,121368,167820,2312152,11029.426,7361.986,0,935.684,0,58.229,3684,2924,2.510,2.080,1.240,2,0,2.008,0,0,18,281,0,34,0
16-06 13:09:06,32.423,4.988,61.105,0.249,0,5351192,182880,167820,2293368,20024.496,16020.993,0,598.580,0,54.870,3937,3953,2.510,2.080,1.240,2,0,4.988,0,0,18,286,0,37,0
16-06 13:09:07,30.161,5.235,61.070,0,0,5408508,136624,167824,2282368,410655.690,16341973.338,482.575,9117.085,24.926,60.820,4853,4342,2.510,2.080,1.240,0,0,0.997,0,0,18,285,0,38,0
16-06 13:09:08,32.833,4.511,60.653,1.253,0,5375948,169120,167832,2282424,7905719.714,39048.403,16.040,3957.974,1.003,246.621,7852,8594,2.390,2.070,1.240,2,0,8.020,0,0,18,290,0,37,0
16-06 13:09:09,15.735,16.485,64.940,0.250,0,5257092,271808,167836,2298556,8635096.777,86050.097,63.941,775.280,3.996,60.943,8688,7334,2.390,2.070,1.240,1,0,229.787,0,0,18,286,0,40,0
16-06 13:09:10,13.800,14.051,70.254,0,0,5300480,228376,167836,2298600,4275.470,1625.883,16.058,1192.314,2.007,152.552,4529,3752,2.390,2.070,1.240,1,0,265.962,0,0,18,286,0,40,0
16-06 13:09:11,23.200,3.991,71.595,0.748,0,5311556,217300,167836,2298600,4356.587,1562.624,0,1221.361,0,76.834,2463,1974,2.390,2.070,1.240,1,0,20.955,0,0,18,286,0,40,0
16-06 13:09:12,8.235,19.715,70.375,0,0,5313344,215476,167840,2298632,4089.762,1617.138,3.993,1752.898,0.998,15.972,5245,4000,2.390,2.070,1.240,1,0,274.514,0,0,18,286,0,38,0
16-06 13:09:13,9.246,20.991,68.220,0,0,5306168,222600,167844,2298680,4665.933,1605.289,15.993,63.972,1.999,7.996,5224,3724,2.280,2.050,1.240,1,0,281.875,0,0,18,286,0,38,0
16-06 13:09:14,6.752,6.752,84.779,0.250,0,5298344,230392,167844,2298712,4487.509,1566.527,16.005,16157.434,1.000,40.013,2716,2478,2.280,2.050,1.240,0,0,100.034,0,0,18,290,0,38,0
16-06 13:09:15,14.997,4.249,78.735,0.250,0.250,5309584,219152,167844,2298712,4591.113,1511.708,0,14097.278,0,1101.787,2359,1690,2.280,2.050,1.240,1,0,8.998,0,0,18,290,0,38,0
16-06 13:09:16,19.326,4.016,77.052,0,0,5349256,179348,167844,2298844,10960.915,7440.130,0,1048.104,0,158.621,2029,1538,2.280,2.050,1.240,1,0,0,0,0,18,291,0,37,0
16-06 13:09:17,15.428,9.456,72.162,0.249,0,5271016,257484,167844,2298932,8229.413,4710.911,63.701,0,3.981,0,3670,2851,2.280,2.050,1.240,1,0,107.496,0,0,18,294,0,38,0
16-06 13:09:18,11.769,16.527,69.863,0,0,5272888,255356,167848,2299136,4613.483,1568.544,40.065,260.422,3.005,24.039,4789,3527,2.180,2.030,1.230,1,0,140.227,0,0,18,294,0,38,0
16-06 13:09:19,15.777,17.781,64.611,0,0,5270244,257856,167848,2299248,5200.942,1584.725,0,1005.729,0,87.150,5560,4651,2.180,2.030,1.230,1,0,183.315,0,0,18,300,0,38,0
16-06 13:09:20,13.482,14.980,69.656,0.499,0,5271464,256536,167848,2299332,4839.478,1563.893,3.995,303.591,0.999,25.965,4839,3790,2.180,2.030,1.230,1,0,172.767,0,0,18,300,0,37,0
16-06 13:09:21,22.981,3.747,72.938,0.250,0,5336192,191800,167852,2299336,4408.274,1510.723,0,175.851,0,10.991,2140,1650,2.180,2.030,1.230,1,0,0.999,0,0,18,300,0,37,0
16-06 13:09:22,23.560,3.258,72.436,0,0,5388824,138876,167852,2299628,4546.658,1461.748,292.751,44.113,6.015,4.010,2209,1780,2.180,2.030,1.230,1,0,4.010,0,0,18,302,0,37,0
16-06 13:09:23,24.937,2.743,71.071,0.249,0,5348012,179484,167852,2299832,4668.234,1615.927,191.517,594.502,11.970,47.879,2564,2381,2.080,2.010,1.230,1,0,5.985,0,0,18,300,0,37,0
16-06 13:09:24,22.731,3.497,72.438,0,0,5399736,127720,167852,2299872,5211.540,1564.661,23.979,3.997,3.997,0.999,2076,1704,2.080,2.010,1.230,2,0,2.997,0,0,18,300,0,37,0
16-06 13:09:25,24.764,6.003,68.537,0.250,0,5397544,159544,167852,2270608,6204.392,3571.953,172.094,164.090,9.005,13.007,3126,11706,2.080,2.010,1.230,0,0,36.020,0,0,18,303,0,38,0
16-06 13:09:26,15.997,1.250,80.986,0,0.250,5397772,159292,167852,2270632,22189.274,18571.882,0,7.999,0,2.000,2349,2284,2.080,2.010,1.230,2,0,2.999,0,0,18,306,0,40,0
16-06 13:09:27,22.760,5.252,71.030,0.250,0,5303704,253352,167852,2270640,4610.938,1512.636,0,376.158,0,20.008,2250,1753,2.080,2.010,1.230,1,0,15.006,0,0,18,300,0,40,0
16-06 13:09:28,23.998,3.000,72.495,0,0,5335440,221600,167852,2270656,4559.666,1619.881,15.999,163.988,1.000,15.999,1968,1622,1.990,2,1.230,1,0,0,0,0,18,300,0,39,0
16-06 13:09:29,14.287,14.287,69.930,0.251,0,5300560,256304,167864,2270820,4812.359,1624.171,393.009,765.967,5.013,48.124,4784,4051,1.990,2,1.230,1,0,241.621,0,0,18,300,0,39,0
16-06 13:09:30,12.217,16.206,69.561,0,0,5304808,251924,167872,2270944,4966.481,1657.488,23.935,103.718,4.986,5.984,5343,4253,1.990,2,1.230,1,0,341.072,0,0,18,300,0,39,0
16-06 13:09:31,22.501,4.000,73.255,0,0,5327864,228828,167884,2270972,5586.348,2696.168,16.001,92.006,2.000,5.000,2319,1729,1.990,2,1.230,0,0,33.002,0,0,18,301,0,39,0
16-06 13:09:32,19.504,2.501,76.517,0.250,0,5319844,230608,167892,2277092,11055.518,3593.818,48.011,1036.236,2.000,20.005,1980,1628,1.990,2,1.230,1,0,3.001,0,0,18,300,0,39,0
16-06 13:09:33,22.509,6.253,69.529,0.250,0,5343208,205980,167892,2278304,4427.835,1566.649,0,3093.282,0,427.177,10755,19068,1.910,1.980,1.230,2,0,16.007,0,0,18,300,0,39,0
16-06 13:09:34,19.999,4.750,73.245,0,0,5332500,216312,167892,2278680,11298.210,4560.681,51.996,791.945,7.999,29.998,8785,16019,1.910,1.980,1.230,1,0,5.000,0,0,18,301,0,39,0
16-06 13:09:35,21.246,6.749,71.236,0.250,0,5324632,224136,167892,2278708,4637.077,1457.710,0,651.870,0,24.995,3630,4584,1.910,1.980,1.230,1,0,14.997,0,0,18,301,0,39,0
16-06 13:09:36,15.995,12.996,69.729,0.500,0,5283868,270884,167900,2272768,4174.756,1307.610,3.999,17082.911,1.000,63.981,4596,4155,1.910,1.980,1.230,2,0,269.920,0,0,18,300,0,39,0
16-06 13:09:37,22.999,3.000,72.248,0,0,5336788,217964,167900,2272768,4894.869,1457.961,0,83.998,0,7.000,2052,1588,1.910,1.980,1.230,2,0,0,0,0,18,300,0,39,0
16-06 13:09:38,19.982,1.998,77.180,0,0,5352356,202088,167900,2273076,15170.324,11822.342,47.957,139.874,1.998,9.991,2282,2120,1.840,1.960,1.230,1,0,0,0,0,18,300,0,42,0
16-06 13:09:39,21.270,8.508,69.566,0.250,0,5330276,224140,167900,2273104,5026.803,1555.486,16.015,284.272,2.002,30.029,3434,3107,1.840,1.960,1.230,2,0,116.111,0,0,18,302,0,42,0
16-06 13:09:40,19.726,2.996,76.906,0,0,5346148,208264,167900,2273108,10277.483,7162.277,0,111.864,0,7.990,1961,1569,1.840,1.960,1.230,2,0,0,0,0,18,303,0,42,0
16-06 13:09:41,20.277,5.758,72.597,0,0,5350188,204212,167900,2273120,8538.461,4537.090,0,821.102,0,19.026,2729,2271,1.840,1.960,1.230,1,0,70.094,0,0,18,302,0,43,0
16-06 13:09:42,18.741,3.748,76.963,0,0,5395668,158728,167900,2273124,11021.682,7167.541,0,0,0,0,1964,1624,1.840,1.960,1.230,1,0,1.000,0,0,18,303,0,43,0
16-06 13:09:43,19.514,5.504,73.552,0,0,5373416,180968,167900,2273136,12655.938,8819.229,0,60.042,0,3.002,2726,2122,1.850,1.960,1.230,1,0,56.040,0,0,18,302,0,44,0
16-06 13:09:44,24.978,3.996,69.688,0,0,5427784,126460,167900,2273276,2799.523,161.857,0,123.890,0,10.990,2261,1898,1.850,1.960,1.230,1,0,1.998,0,0,18,302,0,42,0
16-06 13:09:45,20.319,3.763,75.758,0,0,5368292,193300,167900,2266136,14800.410,11718.914,0,64.219,0,6.021,2742,2627,1.850,1.960,1.230,4,0,22.075,0,0,18,302,0,46,0
16-06 13:09:46,23.681,4.736,70.047,0.249,0,5427080,134364,167900,2266284,5035.390,1615.313,0,1491.672,0,277.196,2494,2096,1.850,1.960,1.230,1,0,13.959,0,0,18,302,0,46,0
16-06 13:09:47,15.988,2.998,79.939,0.250,0,5402036,159896,167900,2265796,14664.784,11512.196,0,347.734,0,31.976,2503,2608,1.850,1.960,1.230,0,0,0.999,0,0,18,303,0,46,0
16-06 13:09:48,20.518,5.255,72.563,0.500,0,5357120,204780,167900,2265828,6410.573,2664.316,16.014,408.355,1.001,36.031,2888,2697,1.790,1.950,1.230,1,0,47.041,0,0,18,302,0,40,0
16-06 13:09:49,21.263,2.752,75.045,0.250,0,5397092,164800,167900,2265836,10462.272,7337.398,0,316.190,0,34.020,2384,2367,1.790,1.950,1.230,2,0,0,0,0,18,303,0,40,0
16-06 13:09:50,21.476,4.994,72.170,0,0,5384660,177192,167900,2265876,9027.991,5959.393,0,319.646,0,21.976,2847,2628,1.790,1.950,1.230,1,0,31.965,0,0,18,302,0,44,0
16-06 13:09:51,18.742,2.749,77.466,0,0,5418908,142940,167900,2265880,10141.564,7371.775,0,255.888,0,33.985,1976,1629,1.790,1.950,1.230,2,0,0,0,0,18,303,0,44,0
16-06 13:09:52,15.806,4.767,78.528,0,0,5386040,175796,167900,2265896,9705.346,6810.100,0,1613.711,0,155.550,3120,3143,1.790,1.950,1.230,1,0,62.220,0,0,18,302,0,45,0
16-06 13:09:53,4.737,5.485,87.017,1.496,0,5379556,181028,168472,2266576,9857.562,4453.057,1120.994,215.422,250.329,11.968,2708,2801,1.640,1.920,1.220,0,0,118.682,0,0,18,304,0,39,0
16-06 13:09:54,4.998,7.746,85.707,0.500,0,5347172,213332,168504,2266624,18656.696,4989.512,0,367.817,0,20.990,3027,2657,1.640,1.920,1.220,0,0,124.938,0,0,18,304,0,40,0
16-06 13:09:55,5.017,10.285,84.033,0,0,5331280,229160,168504,2266688,6591.178,2627.842,0,120.405,0,8.027,3346,2763,1.640,1.920,1.220,1,0,156.527,0,0,18,302,0,41,0
16-06 13:09:56,21.019,6.756,71.566,0,0,5320184,231756,169044,2274536,4702.352,1459.351,244.226,424.393,15.014,24.022,2871,2488,1.640,1.920,1.220,1,0,58.054,0,0,18,302,0,41,0
16-06 13:09:57,19.679,2.242,77.222,0,0,5335184,212936,169252,2278084,10973.483,4278.592,7.971,1183.737,1.993,10.961,2073,1723,1.640,1.920,1.220,4,0,15.943,0,0,18,303,0,34,0
16-06 13:09:58,16.535,5.512,75.912,1.002,0,5312924,228576,169436,2284456,10494.411,3263.970,1455.107,3246.934,24.051,95.203,3318,3368,1.590,1.900,1.220,2,0,71.152,0,0,18,302,0,34,0
16-06 13:09:59,15.738,13.990,68.200,0.250,0,5312148,229312,169440,2284476,5286.121,1618.812,3.997,999.267,0.999,70.948,4769,4182,1.590,1.900,1.220,1,0,232.829,0,0,18,302,0,34,0
16-06 13:10:00,20.219,2.995,75.135,0.749,0,5367284,174164,169440,2284488,7819.999,7028.214,0,2360.378,0,142.781,2321,2255,1.590,1.900,1.220,1,0,0,0,0,18,303,0,34,0
16-06 13:10:01,20.255,5.251,73.020,0,0.250,5347304,194128,169440,2284504,27400.401,19378.234,0,1492.403,0,282.076,2629,1940,1.590,1.900,1.220,2,0,47.013,0,0,18,302,0,35,0
16-06 13:10:02,23.222,3.246,72.163,0.250,0,5411060,130364,169440,2284512,8216.151,3581.707,0,359.569,0,27.966,2216,1683,1.590,1.900,1.220,0,0,0.999,0,0,18,303,0,35,0
16-06 13:10:03,19.260,3.252,76.540,0,0,5379128,162284,169440,2284524,12860.670,8350.330,0,0,0,0,2463,2026,1.540,1.880,1.220,1,0,14.007,0,0,18,302,0,37,0
16-06 13:10:04,23.470,3.745,72.157,0,0,5377968,163444,169440,2284524,5171.311,1456.117,0,223.711,0,23.969,2243,1935,1.540,1.880,1.220,1,0,0,0,0,18,302,0,37,0
16-06 13:10:05,15.777,2.504,79.388,0.751,0,5377132,162708,169440,2286096,11374.823,7739.488,1538.681,697.215,46.080,85.148,2855,3557,1.540,1.880,1.220,1,0,0,0,0,18,303,0,33,0
16-06 13:10:06,25.579,5.266,67.710,0.502,0,5329268,210264,169440,2286404,4602.259,1635.066,112.348,1131.506,4.012,128.398,4722,6537,1.540,1.880,1.220,2,0,6.019,0,0,18,304,0,34,0
16-06 13:10:07,19.186,2.741,76.493,0.249,0,5366740,172772,169440,2286420,9154.295,5855.360,0,2057.100,0,29.900,2027,1757,1.540,1.880,1.220,1,0,0,0,0,18,305,0,34,0
16-06 13:10:08,19.478,3.746,74.665,0.749,0,5364832,174568,169440,2286532,8885.838,5499.711,79.909,2728.879,2.997,207.762,4229,5499,1.660,1.900,1.230,2,0,0,0,0,18,305,0,34,0
16-06 13:10:09,16.837,14.575,67.346,0.503,0,5331444,207920,169440,2286568,6201.909,2860.718,0,864.448,0,82.424,5961,6140,1.660,1.900,1.230,3,0,356.836,0,0,18,304,0,27,0
16-06 13:10:10,7.995,22.986,67.460,0,0,5329600,209736,169440,2286596,4335.451,1457.143,0,359.788,0,28.983,6978,6223,1.660,1.900,1.230,2,0,657.613,0,0,18,304,0,27,0
16-06 13:10:11,9.010,22.274,66.823,0,0,5337056,202248,169440,2286628,4444.849,1621.769,0,1629.778,0,98.107,6983,6229,1.660,1.900,1.230,1,0,603.659,0,0,18,304,0,27,0
16-06 13:10:12,8.743,21.483,67.696,0.250,0,5330000,209276,169440,2286656,4873.135,1660.683,0,447.645,0,25.979,6302,5125,1.660,1.900,1.230,1,0,478.620,0,0,18,304,0,27,0
16-06 13:10:13,7.997,24.490,66.224,0,0,5323244,216004,169440,2286684,4452.229,1713.319,0,99.960,0,12.995,5934,4605,1.690,1.910,1.240,1,0,432.828,0,0,18,304,0,27,0
16-06 13:10:14,9.727,23.695,65.099,0,0,5317200,222024,169440,2286708,4669.137,1616.240,0,35.916,0,8.979,6106,4718,1.690,1.910,1.240,1,0,423.016,0,0,18,304,0,27,0
16-06 13:10:15,8.272,23.564,66.430,0,0,5298540,240660,169440,2286732,4752.873,1624.400,0,28.076,0,7.019,5968,4536,1.690,1.910,1.240,1,0,410.111,0,0,18,304,0,27,0
16-06 13:10:16,9.219,21.678,67.027,0.249,0.249,5296948,242224,169440,2286760,5142.889,1614.628,0,111.629,0,9.967,5651,4168,1.690,1.910,1.240,1,0,347.843,0,0,18,304,0,27,0
16-06 13:10:17,12.498,14.748,70.990,0.500,0,5277880,376368,169448,2182908,5014.270,1457.788,19.997,3607.475,2.000,311.955,4004,3062,1.690,1.910,1.240,1,0,168.975,0,0,18,304,0,26,0
16-06 13:10:18,21.821,5.518,71.484,0,0,5345712,298588,169728,2192568,5176.912,1625.309,16.052,1609.257,1.003,29.095,2423,2204,1.630,1.890,1.230,1,0,3.010,0,0,18,304,0,26,0
16-06 13:10:19,18.438,3.239,75.995,0.747,0,5344152,297996,169788,2194656,15208.047,6499.225,574.077,2240.493,27.907,96.676,2593,2763,1.630,1.890,1.230,1,0,15.947,0,0,18,305,0,26,0
16-06 13:10:20,15.480,1.248,80.145,1.248,0,5343400,297744,169788,2195652,25739.344,14674.812,531.305,1957.441,60.920,75.901,2015,2131,1.630,1.890,1.230,1,0,0,0,0,18,305,0,26,0
16-06 13:10:21,17.519,2.503,78.587,0.751,0,5352388,287172,169792,2197208,22441.869,13035.445,1325.469,1629.806,78.087,58.064,2119,1893,1.630,1.890,1.230,2,0,2.002,0,0,18,305,0,26,0
16-06 13:10:22,16.751,1.500,79.005,1.250,0,5361676,276336,169792,2198824,24899.661,14560.971,1192.079,6044.403,59.004,310.021,2184,1864,1.630,1.890,1.230,1,0,1.000,0,0,18,305,0,26,0
16-06 13:10:23,20.753,3.250,73.759,1.000,0,5367564,235008,169920,2234132,10495.305,5408.673,12421.544,1056.131,134.017,39.005,2390,1995,1.580,1.870,1.230,1,0,1.000,0,0,18,305,0,26,0
16-06 13:10:24,23.219,3.745,71.655,0.749,0,5371504,214576,170092,2250188,3948.786,1132.505,0,2009.347,0,59.921,2416,2219,1.580,1.870,1.230,1,0,0,0,0,18,305,0,26,0
16-06 13:10:25,28.983,5.247,64.212,0.500,0,5363600,209116,170264,2263172,4075.614,1473.138,0,1071.373,0,34.980,3712,14224,1.580,1.870,1.230,1,0,35.979,0,0,18,305,0,26,0
16-06 13:10:26,22.509,2.751,71.780,1.251,0,5368804,179140,170716,2287176,4413.815,1566.644,0,3017.241,0,122.050,2536,2400,1.580,1.870,1.230,1,0,2.001,0,0,18,305,0,26,0
16-06 13:10:27,23.530,3.755,71.843,0.751,0,5368864,152440,170844,2313372,4841.243,1459.882,0,13970.014,0,152.196,2426,2188,1.580,1.870,1.230,2,0,0,0,0,18,305,0,26,0
16-06 13:10:28,22.754,3.751,72.261,0.750,0,5293944,237012,171104,2303160,5082.786,1794.277,0,1780.275,0,63.010,2494,2307,1.530,1.860,1.230,1,0,2.000,0,0,18,304,0,26,0
16-06 13:10:29,20.253,4.751,73.511,0.250,0,5352372,178556,171104,2303184,11787.692,4561.655,0,1316.189,0,78.011,2671,2536,1.530,1.860,1.230,1,0,33.005,0,0,18,305,0,24,0
16-06 13:10:30,23.183,3.989,71.295,0.249,0,5343600,180852,171104,2309572,5127.236,1788.849,0,1503.670,0,25.925,3210,3930,1.530,1.860,1.230,1,0,7.977,0,0,18,304,0,24,0
16-06 13:10:31,21.062,6.770,69.955,0.251,0,5332668,190772,171104,2310576,4643.605,1624.760,0,914.680,0,9.026,9074,15939,1.530,1.860,1.230,1,0,9.026,0,0,18,304,0,24,0
16-06 13:10:32,21.989,6.497,69.714,0,0,5341360,181952,171140,2310668,4500.683,1565.194,0,1203.380,0,6.996,11229,19876,1.530,1.860,1.230,1,0,19.990,0,0,18,304,0,24,0
16-06 13:10:33,22.092,5.272,72.551,0.251,0,5328184,202600,171152,2303280,4398.253,1626.751,0,3602.952,0,22.092,2959,2605,1.490,1.850,1.230,1,0,51.213,0,0,18,304,0,24,0
16-06 13:10:34,26.230,6.495,64.700,0,0,5360696,170064,171152,2303304,4492.543,1606.763,0,919.293,0,24.981,9162,17005,1.490,1.850,1.230,2,0,25.980,0,0,18,304,0,24,0
16-06 13:10:35,36.374,9.218,52.568,0.249,0,5356128,177908,171148,2300100,11294.894,4706.704,765.350,1100.191,5.979,29.896,3510,2494,1.490,1.850,1.230,2,0,24.914,0,0,18,304,0,24,0
16-06 13:10:36,32.257,8.002,58.013,0,0,5390364,142108,171148,2301632,4981.139,1620.371,256.059,0,2.000,0,10216,17675,1.490,1.850,1.230,2,0,10.002,0,0,18,304,0,24,0
16-06 13:10:37,22.255,7.002,68.766,0,0,5395272,136328,171152,2302484,5178.205,1620.377,0,728.169,0,12.003,9372,17399,1.490,1.850,1.230,1,0,20.005,0,0,18,304,0,24,0
16-06 13:10:38,22.494,5.999,70.483,0.500,0,5343012,195996,171168,2295060,5038.761,1619.602,15.996,2379.415,1.000,315.922,2779,2466,1.450,1.830,1.230,1,0,7.998,0,0,18,304,0,24,0
16-06 13:10:39,23.834,4.014,69.997,0.251,0,5305752,233288,171168,2295108,5138.151,1505.318,0,2761.756,0,143.507,2967,2831,1.450,1.830,1.230,1,0,33.117,0,0,18,304,0,24,0
16-06 13:10:40,20.427,6.975,70.995,0.249,0,5312676,218548,171668,2302332,5261.129,1614.210,0,330.813,0,13.950,3074,2560,1.450,1.830,1.230,1,0,84.696,0,0,18,304,0,24,0
16-06 13:10:41,19.249,2.750,76.745,0.250,0,5333408,193852,171876,2305992,10725.233,3530.747,0,2067.852,0,52.996,2180,1920,1.450,1.830,1.230,1,0,15.999,0,0,18,304,0,24,1
16-06 13:10:42,19.078,2.510,77.067,0.251,0,5350196,176668,171892,2306352,20553.478,10325.439,4.017,1048.309,1.004,32.132,2250,2146,1.450,1.830,1.230,1,1,4.017,0,0,18,305,0,20,0
16-06 13:10:43,8.458,1.493,88.557,0.498,0,5348592,177904,171892,2306716,21194.963,11728.324,0,1408.951,0,46.766,1576,1722,1.340,1.800,1.220,1,0,0.995,0,0,18,306,0,20,0
16-06 13:10:44,9.999,1.500,86.237,0.250,0,5346828,179376,171968,2306932,146561.641,10156.520,0,1203.825,0,53.992,2221,2459,1.340,1.800,1.220,0,0,2.000,0,0,18,306,0,20,0
16-06 13:10:45,18.084,1.507,79.370,0.502,0,5368904,157072,171992,2307168,30412.688,13505.922,0,1635.620,0,57.267,1962,1735,1.340,1.800,1.220,0,0,0,0,0,18,306,0,20,0
16-06 13:10:46,15.945,1.495,80.972,0.498,0,5376668,149000,171992,2307476,33900.813,11319.206,0,1144.079,0,35.877,1798,1619,1.340,1.800,1.220,0,0,0,0,0,18,306,0,15,0
16-06 13:10:47,8.749,2.000,86.244,1.000,0,5391368,133600,172168,2307988,371538.147,21744.428,27.998,2447.823,4.000,90.993,2011,2088,1.340,1.800,1.220,0,0,0,0,0,18,306,0,15,0
16-06 13:10:48,14.001,2.500,81.507,1.750,0,5389616,134524,172428,2308544,82157.875,18957.586,136.011,9936.832,7.001,180.015,2405,2653,1.310,1.790,1.220,1,0,0,0,0,18,306,0,15,0
16-06 13:10:49,5.749,1.750,88.485,0.750,0,5383276,128212,172484,2321088,2344572.177,53150.823,0,3659.368,0,253.956,3956,3770,1.310,1.790,1.220,2,0,2.000,0,0,18,306,0,15,0
16-06 13:10:50,5.999,2.999,87.235,0.500,0.250,5358276,139640,172536,2334604,7252560.079,78128.621,0,5111.125,0,40.993,4845,3740,1.310,1.790,1.220,0,0,2.000,0,0,18,306,0,10,0
16-06 13:10:51,7.502,4.001,85.269,0.750,0,5354000,128816,172620,2349688,9048776.642,84646.257,164.037,13447.059,4.001,75.017,5175,3679,1.310,1.790,1.220,1,0,1.000,0,0,18,306,0,10,0
16-06 13:10:52,23.012,3.502,71.288,0.500,0,5357784,177068,173184,2297728,4205.265,1566.844,0,2173.170,0,77.041,2480,2187,1.310,1.790,1.220,1,0,2.001,0,0,18,306,0,10,0
16-06 13:10:53,22.753,3.751,72.260,0.750,0,5365916,152708,175720,2311328,4680.678,1620.235,0,18982.750,0,439.064,2463,2058,1.280,1.770,1.220,1,0,0,0,0,18,306,0,10,0
16-06 13:10:54,23.999,2.500,72.248,0.250,0,5369596,133144,176128,2326516,4545.863,1565.953,0,1051.968,0,41.999,2364,2065,1.280,1.770,1.220,1,0,0,0,0,18,306,0,8,0
16-06 13:10:55,22.742,3.499,71.975,0.750,0,5360216,147812,176480,2321472,4678.378,1619.438,0,2395.169,0,102.964,2520,2309,1.280,1.770,1.220,1,0,0,0,0,18,306,0,8,0
16-06 13:10:56,22.008,7.503,69.024,0.250,0,5385408,133648,175796,2311172,4681.618,1620.560,0,86213.795,0,491.170,3286,2928,1.280,1.770,1.220,1,0,0,0,0,18,306,0,8,0
16-06 13:10:57,23.755,3.251,72.265,0.500,0,5405116,135732,175288,2290180,5118.096,1620.347,0,1080.231,0,41.009,2186,1792,1.280,1.770,1.220,1,0,0,0,0,18,306,0,8,0
16-06 13:10:58,24.002,2.750,71.757,0,0,5407604,157224,174728,2266736,5640.542,1662.160,0,1664.160,0,16.002,2414,2180,1.260,1.760,1.220,1,0,0,0,0,18,306,0,7,0
16-06 13:10:59,23.322,6.771,68.461,1.755,0,5401528,167760,174564,2261628,5342.435,1570.832,52.160,108774.632,13.040,774.382,4308,4506,1.260,1.760,1.220,4,0,0,0,0,18,306,0,7,0
16-06 13:11:00,22.415,4.234,71.231,0.747,0,5318564,281504,174996,2230188,6405.833,1906.806,3.985,50541.323,0.996,658.516,3514,3619,1.260,1.760,1.220,1,0,1.992,0,0,18,304,0,7,0
16-06 13:11:01,18.249,3.750,76.747,0,0,5365032,233916,175036,2231268,12545.445,4440.803,27.999,731.968,2.000,12.999,2216,1690,1.260,1.760,1.220,1,0,32.999,0,0,18,305,0,7,0
16-06 13:11:02,22.268,4.754,71.306,0.250,0,5356892,236268,175040,2236620,7486.923,1687.335,0,1160.918,0,17.013,4174,5789,1.260,1.760,1.220,2,0,9.007,0,0,18,304,0,5,0
16-06 13:11:03,21.557,6.267,69.935,0,0,5319692,272300,175040,2237628,4261.296,1353.588,0,1552.114,0,24.064,8014,14046,1.320,1.770,1.220,1,0,8.021,0,0,18,304,0,5,0
16-06 13:11:04,22.918,7.473,68.006,0.498,0.249,5343984,247980,175040,2237656,4206.919,1237.564,0,2435.270,0,159.428,11393,20489,1.320,1.770,1.220,1,0,12.954,0,0,18,304,0,5,0
16-06 13:11:05,21.990,6.247,70.469,0.250,0,5328184,271328,175072,2230412,4575.973,1457.354,0,747.669,0,43.981,2678,2456,1.320,1.770,1.220,1,0,8.996,0,0,18,304,0,5,0
16-06 13:11:06,22.723,4.495,72.163,0,0,5363568,233556,175476,2232460,5439.473,1606.073,251.698,3.995,4.994,0.999,2228,1797,1.320,1.770,1.220,1,0,4.994,0,0,18,304,0,2,0
16-06 13:11:07,23.549,4.259,69.395,0.752,0,5376236,219472,175528,2233756,5340.182,1515.173,468.982,3551.437,14.029,127.266,4631,5972,1.320,1.770,1.220,0,1,0,0,0,18,305,0,5,0
16-06 13:11:08,24.225,5.744,65.683,1.498,0,5321240,273420,175612,2234720,5006.909,1552.422,951.033,1966.001,49.949,269.726,6845,9568,1.290,1.750,1.220,1,0,28.971,0,0,18,306,0,5,0
16-06 13:11:09,9.285,21.079,67.252,1.004,0,5324816,269552,175616,2235008,4864.228,1571.890,96.361,1240.649,2.008,81.305,5785,4759,1.290,1.750,1.220,1,0,321.204,0,0,18,306,0,5,0
16-06 13:11:10,12.216,12.216,69.805,3.490,0,5288824,299124,175636,2241408,4940.174,1507.780,6362.195,279.219,628.242,12.964,4037,3766,1.290,1.750,1.220,1,0,99.721,0,0,18,306,0,6,0
16-06 13:11:11,7.747,3.998,71.718,14.993,0,5274148,276272,175652,2278908,4829.877,1511.336,37499.516,3818.322,2538.884,179.921,4735,7324,1.290,1.750,1.220,1,0,0,0,0,18,306,0,6,0
16-06 13:11:12,6.498,2.999,86.726,2.999,0,5282848,263616,175656,2282856,8604.599,3242.095,3966.893,1219.660,454.873,17.995,2071,2607,1.290,1.750,1.220,0,0,6.998,0,0,18,307,0,6,0
16-06 13:11:13,2.749,1.749,93.973,0,0,5282920,263544,175656,2282856,43141.611,5930.297,0,87.975,0,13.996,1345,1522,1.190,1.720,1.210,0,0,5.998,0,0,18,307,0,6,0
16-06 13:11:14,5.505,5.005,87.835,0,0,5255984,289056,175760,2284172,830309.355,13565.157,412.400,796.773,20.019,12.012,2450,2334,1.190,1.720,1.210,0,0,35.034,0,0,18,306,0,6,0
16-06 13:11:15,1.499,0.500,97.199,0,0.250,5255376,289664,175760,2284172,5517.113,1619.153,0,2082.910,0,344.820,1102,1317,1.190,1.720,1.210,0,0,0,0,0,18,306,0,6,0
16-06 13:11:16,1.000,1.000,97.241,0,0,5255364,289676,175760,2284172,5325.483,1565.848,0,0,0,0,922,1274,1.190,1.720,1.210,0,0,0,0,0,18,306,0,6,0
16-06 13:11:17,0.750,0.250,97.779,0,0,5255364,289676,175760,2284172,5718.678,1620.475,0,0,0,0,929,1265,1.190,1.720,1.210,0,0,0,0,0,18,306,0,6,0
16-06 13:11:18,2.500,1.250,94.266,1.000,0,5255584,289424,175760,2284204,4620.769,1620.270,16.003,3944.657,1.000,213.035,1833,2834,1.090,1.690,1.210,0,0,0,0,0,18,306,0,6,0
16-06 13:11:19,1.750,1.000,95.475,0.250,0,5255580,289424,175760,2284208,5218.653,1619.582,0,735.810,0,58.985,1497,2203,1.090,1.690,1.210,0,0,0,0,0,18,306,0,6,0
16-06 13:11:20,1.500,4.000,93.256,0,0,5253100,291904,175764,2284204,4980.308,1662.103,0,152.009,0,19.001,1225,1599,1.090,1.690,1.210,0,0,0,0,0,18,306,0,6,0
16-06 13:11:21,1.250,0.250,97.480,0,0,5252780,292220,175764,2284208,5024.957,1565.675,0,0,0,0,905,1247,1.090,1.690,1.210,0,0,0,0,0,18,306,0,6,0
16-06 13:11:22,2.001,0.750,95.781,0,0,5252332,292664,175768,2284208,4610.480,1512.486,0,148.048,0,10.003,1083,1470,1.090,1.690,1.210,0,0,1.000,0,0,18,306,0,6,0
16-06 13:11:23,2.500,1.250,95.487,0.250,0,5252328,292664,175768,2284212,4905.348,1565.792,0,47.994,0,4.999,1176,1475,1.010,1.670,1.200,0,0,0,0,0,18,306,0,6,0
16-06 13:11:24,1.500,0.250,96.499,0,0,5252580,292412,175768,2284212,4471.949,1511.983,0,0,0,0,996,1369,1.010,1.670,1.200,0,0,0,0,0,18,306,0,6,0
16-06 13:11:25,7.499,4.000,88.491,0,0,5255452,289520,175768,2284232,4405.552,1565.841,19.998,0,1.000,0,2281,8700,1.010,1.670,1.200,0,0,35.996,0,0,18,306,0,7,0
16-06 13:11:26,0.750,0.500,97.021,0,0,5255448,289520,175768,2284236,3820.829,1080.234,0,4.001,0,1.000,947,1332,1.010,1.670,1.200,0,0,2.000,0,0,18,306,0,7,0
16-06 13:11:27,1.498,0.749,97.391,0,0,5255448,289520,175768,2284236,4170.354,1186.678,0,0,0,0,897,1230,1.010,1.670,1.200,0,0,0,0,0,18,306,0,6,0
16-06 13:11:28,1.501,0.750,96.532,0,0,5255448,289520,175768,2284236,3493.171,702.235,0,128.043,0,14.005,1105,1668,0.930,1.640,1.190,0,0,0,0,0,18,306,0,6,0
16-06 13:11:29,2.251,0.750,95.801,0.250,0,5255432,289520,175772,2284248,4912.598,1350.714,0,588.311,0,53.028,1367,2010,0.930,1.640,1.190,0,0,0,0,0,18,306,0,6,0
16-06 13:11:30,1.251,4.253,93.307,0.250,0,5255896,289044,175776,2284252,4184.577,1242.765,0,78344.243,0,784.483,2301,2767,0.930,1.640,1.190,1,0,0,0,0,18,306,0,6,0
16-06 13:11:31,0.999,0.750,97.189,0,0,5255944,289044,175776,2284264,3539.792,701.562,0,10053.728,0,256.840,1047,1354,0.930,1.640,1.190,0,0,0,0,0,18,306,0,6,0
16-06 13:11:32,1.250,0.750,97.253,0,0,5255944,289044,175776,2284264,4479.148,1242.041,0,36.001,0,6.000,910,1312,0.930,1.640,1.190,1,0,1.000,0,0,18,306,0,6,0
16-06 13:11:33,1.000,0.750,97.023,0,0,5255944,289044,175776,2284264,4681.109,1620.384,0,44.010,0,3.001,1039,1433,0.850,1.610,1.190,0,0,0,0,0,18,306,0,6,0
16-06 13:11:34,4.490,1.996,91.796,0.249,0,5262488,282492,175780,2284268,4849.209,1616.403,3.991,271.396,0.998,24.944,1448,1782,0.850,1.610,1.190,2,0,3.991,0,0,18,306,0,6,0
16-06 13:11:35,26.927,26.675,45.801,0.503,0,5313704,228260,175788,2287276,4952.532,1630.712,3756.676,112.741,44.291,12.079,6814,6087,0.850,1.610,1.190,1,0,567.729,0,0,18,306,0,6,0
16-06 13:11:36,16.206,22.689,59.340,0,0,5345492,196428,175792,2287316,4547.760,1615.652,255.313,167.549,1.995,3.989,6509,5625,0.850,1.610,1.190,1,0,484.695,0,0,18,306,0,6,0
16-06 13:11:37,8.739,19.725,68.414,0,0,5331916,209984,175792,2287336,5110.600,1617.974,0,211.735,0,10.986,5990,4699,0.850,1.610,1.190,1,0,396.503,0,0,18,306,0,6,0
16-06 13:11:38,9.001,21.751,67.004,0.250,0,5329000,212784,175796,2287448,4920.295,1620.097,84.005,148.009,5.000,17.001,6424,5533,0.860,1.600,1.180,1,0,474.028,0,0,18,306,0,6,0
16-06 13:11:39,12.244,15.242,70.213,0.250,0,5307656,232808,175964,2288600,5055.353,1457.237,1295.322,511.732,62.967,39.979,5171,4568,0.860,1.600,1.180,1,0,281.852,0,0,18,306,0,6,0
16-06 13:11:40,13.503,3.751,80.019,1.000,0,5297728,227164,175972,2304164,5954.394,2296.538,15575.646,24.006,177.041,2.000,2654,2573,0.860,1.600,1.180,0,0,27.006,0,0,18,307,0,6,0
16-06 13:11:41,1.748,1.248,95.871,0,0,5297464,226940,176064,2304560,418742.627,11175.019,87.882,2744.321,4.993,22.969,1340,1587,0.860,1.600,1.180,0,0,0,0,0,18,307,0,6,0
16-06 13:11:42,3.253,1.752,93.586,0.250,0,5297356,225456,176064,2306152,1689545.739,35550.546,0,180.165,0,4.004,2361,2126,0.860,1.600,1.180,0,0,1.001,0,0,18,307,0,6,0
16-06 13:11:43,1.000,0.750,96.798,0,0,5297148,225456,176064,2306360,229147.680,8439.150,0,2081.023,0,3.001,1112,1328,0.790,1.570,1.180,1,0,0,0,0,18,307,0,6,0
16-06 13:11:44,2.749,1.499,93.968,0,0,5296692,225204,176064,2307068,751339.480,17951.823,0,99.966,0,7.997,1969,1979,0.790,1.570,1.180,2,0,0,0,0,18,307,0,6,0
16-06 13:11:45,4.751,2.000,91.519,0,0,5298844,222492,176068,2307624,564578.890,13484.744,0,1536.313,0,18.004,2234,2385,0.790,1.570,1.180,0,0,3.001,0,0,18,307,0,6,0
16-06 13:11:46,4.496,0.999,92.668,0.250,0,5296976,224064,176068,2307920,290133.624,7227.613,0,3021.330,0,249.779,1850,1950,0.790,1.570,1.180,0,0,1.998,0,0,18,307,0,8,0
16-06 13:11:47,5.756,1.251,91.847,0.250,0,5301980,218452,176076,2308520,628400.013,12295.011,8.008,848.898,2.002,17.018,2017,2072,0.790,1.570,1.180,1,0,1.001,0,0,18,306,0,9,0
16-06 13:11:48,12.274,13.526,68.882,4.008,0,5348764,143012,176592,2336216,4304.257,1298.491,8712.713,24406.819,194.373,787.511,6166,7852,0.810,1.560,1.180,1,0,98.188,0,0,18,306,0,9,0
16-06 13:11:49,13.278,13.779,67.394,3.507,0,5346148,137076,176720,2343516,5128.928,1503.203,144.307,15188.361,5.011,1556.316,8191,11066,0.810,1.560,1.180,2,0,108.231,0,0,18,306,0,9,0
16-06 13:11:50,22.737,7.996,66.463,0.500,0,5336588,145504,176768,2344468,4035.775,1457.197,0,1595.121,0,105.942,3793,3296,0.810,1.560,1.180,2,0,35.980,0,0,18,306,0,9,0
16-06 13:11:51,23.226,7.992,67.180,0.749,0,5325008,156184,176820,2345252,4643.159,1456.481,0,1278.667,0,76.920,3341,2674,0.810,1.560,1.180,1,0,29.969,0,0,18,306,0,9,0
16-06 13:11:52,23.036,6.510,68.358,0.751,0,5317032,161144,177052,2347664,4393.918,1352.129,4.006,1518.391,1.002,71.112,3444,3055,0.810,1.560,1.180,1,0,26.041,0,0,18,306,0,9,0
16-06 13:11:53,22.164,5.479,70.476,0.498,0,5318904,155092,177164,2350836,5247.623,1559.943,143.443,621.586,34.865,28.888,3630,3965,0.910,1.570,1.180,1,0,15.938,0,0,18,306,0,9,0
16-06 13:11:54,16.250,11.250,70.000,1.250,0,5363720,144628,172008,2322516,4860.030,1620.010,4344.027,5532.034,78.000,101.001,4046,4721,0.910,1.570,1.180,1,0,32.000,0,0,18,306,0,9,0
16-06 13:11:55,14.751,11.751,71.504,0.250,0,5372160,147268,170944,2309800,4860.240,1620.080,548.027,2608.129,21.001,4.000,3102,2234,0.910,1.570,1.180,3,0,58.003,0,0,18,306,0,9,0
16-06 13:11:56,24.251,3.000,72.252,0.250,0,5394164,159712,167292,2280108,5160.129,1620.041,156.004,140.004,15.000,8.000,2091,1484,0.910,1.570,1.180,1,0,4.000,0,0,18,306,0,9,0
16-06 13:11:57,4.749,2.499,91.222,0,0,5321092,289596,167296,2224676,4945.505,1619.511,59.982,11.996,2.999,2.999,1541,1637,0.910,1.570,1.180,0,0,15.995,0,0,18,306,0,9,0
16-06 13:11:58,1.000,0.500,96.981,0.250,0,5313300,297360,167308,2224692,5338.944,1619.680,31.994,211.958,1.000,11.998,1113,1647,0.830,1.540,1.180,0,0,0,0,0,18,306,0,9,0
16-06 13:11:59,2.749,1.000,94.729,0.250,0,5306320,304256,167348,2224736,4816.929,1457.676,0,631.860,0,52.988,1415,2125,0.830,1.540,1.180,0,0,0,0,0,18,306,0,9,0
16-06 13:12:00,1.500,0.750,96.780,0.250,0,5293492,317076,167352,2224740,5701.767,1620.502,0,52.016,0,6.002,982,1381,0.830,1.540,1.180,0,0,0,0,0,18,306,0,9,0
16-06 13:12:01,1.000,0.500,97.735,0,0,5287204,323364,167352,2224740,5519.163,1619.754,0,0,0,0,851,1214,0.830,1.540,1.180,0,0,0,0,0,18,306,0,9,0
16-06 13:12:02,1.000,0.750,97.274,0,0,5274808,335836,167356,2224740,6918.680,1620.394,0,4609.119,0,421.102,1072,1391,0.830,1.540,1.180,0,0,1.000,0,0,18,306,0,9,0
16-06 13:12:03,1.500,0.500,97.475,0.250,0,5273396,337240,167360,2224744,5408.617,1619.586,3.999,63.984,1.000,4.999,956,1304,0.770,1.520,1.170,0,0,0,0,0,18,306,0,9,0
16-06 13:12:04,1.000,0.750,96.722,0,0,5273152,337468,167376,2224744,4918.574,1619.531,0,251.927,0,22.993,1159,1739,0.770,1.520,1.170,0,0,0,0,0,18,306,0,9,0
16-06 13:12:05,1.251,0.750,97.040,0,0,5273640,336976,167380,2224744,4699.957,1458.607,0,64.027,0,9.004,1026,1536,0.770,1.520,1.170,0,0,0,0,0,18,306,0,9,0
16-06 13:12:06,0.750,0.250,97.500,0,0,5273640,336976,167380,2224744,4757.995,1457.998,0,0,0,0,892,1260,0.770,1.520,1.170,1,0,0,0,0,18,306,0,9,0
16-06 13:12:07,1.750,1.000,97.006,0.250,0,5273392,337216,167384,2224748,5117.297,1620.094,0,180.010,0,11.001,1028,1440,0.770,1.520,1.170,0,0,0,0,0,18,306,0,9,0
16-06 13:12:08,1.500,0.500,97.232,0,0,5272524,338080,167400,2224736,4337.207,1457.734,63.988,139.974,4.999,16.997,1122,1688,0.700,1.490,1.160,0,0,0,0,0,18,306,0,6,0
16-06 13:12:09,2.000,1.250,95.734,0.250,0,5272424,338080,167412,2224824,4919.161,1619.724,0,523.911,0,39.993,1343,1899,0.700,1.490,1.160,0,0,0,0,0,18,306,0,6,0
16-06 13:12:10,1.750,1.000,95.252,0.750,0,5272628,337828,167460,2224824,4040.084,1458.030,0,2216.046,0,136.003,1402,2145,0.700,1.490,1.160,0,0,0,0,0,18,306,0,6,0
16-06 13:12:11,0.750,0.250,97.511,0,0,5272624,337828,167464,2224824,4560.532,1620.189,0,72.008,0,6.001,914,1291,0.700,1.490,1.160,0,0,0,0,0,18,306,0,6,0
16-06 13:12:12,1.250,1.000,97.526,0,0,5272868,337580,167468,2224824,4536.196,1458.385,0,52.014,0,6.002,937,1287,0.700,1.490,1.160,0,0,1.000,0,0,18,306,0,4,0
16-06 13:12:13,1.250,1.750,95.742,0,0,5273624,336824,167468,2224824,4401.639,1551.873,0,523.957,0,119.990,1111,1319,0.650,1.470,1.160,2,0,6.000,0,0,18,306,0,4,0
16-06 13:12:14,2.250,0.750,96.766,0,0,5273620,336824,167468,2224828,4500.742,1620.267,0,100.016,0,8.001,1077,1453,0.650,1.470,1.160,0,0,0,0,0,18,306,0,4,0
16-06 13:12:15,0.750,0.500,97.249,0,0,5273616,336824,167472,2224828,4397.958,1457.986,0,63.999,0,6.000,950,1330,0.650,1.470,1.160,0,0,0,0,0,18,306,0,4,0
16-06 13:12:16,1.250,0.750,96.475,0,0.250,5273616,336824,167472,2224828,4918.700,1619.572,0,0,0,0,900,1242,0.650,1.470,1.160,0,0,0,0,0,18,306,0,4,0
16-06 13:12:17,1.000,0.250,97.509,0,0,5273616,336824,167472,2224828,5117.479,1620.152,0,0,0,0,818,1168,0.650,1.470,1.160,0,0,0,0,0,18,306,0,4,0
16-06 13:12:18,1.500,0.500,97.007,0,0,5273616,336824,167472,2224828,5280.382,1620.117,0,0,0,0,870,1199,0.600,1.440,1.150,0,0,0,0,0,18,306,0,4,0
16-06 13:12:19,2.248,0.749,95.419,0.250,0,5273588,336824,167488,2224840,5215.559,1618.622,0,551.530,0,49.957,1463,2225,0.600,1.440,1.150,0,0,0,0,0,18,306,0,4,0
16-06 13:12:20,2.001,1.000,96.281,0.250,0,5273816,336600,167496,2224844,4921.593,1620.525,0,120.039,0,14.005,1168,1662,0.600,1.440,1.150,0,0,0,0,0,18,306,0,4,0
16-06 13:12:21,1.250,0.750,97.026,0,0,5273816,336600,167496,2224844,4741.268,1620.433,0,36.010,0,1.000,959,1279,0.600,1.440,1.150,0,0,0,0,0,18,306,0,4,0
16-06 13:12:22,1.000,1.000,96.267,0.250,0,5273784,336600,167512,2224860,4697.820,1620.283,8.001,2816.491,2.000,36.006,1075,1448,0.600,1.440,1.150,0,0,1.000,0,0,18,306,0,4,0
16-06 13:12:23,1.750,0.500,96.999,0,0,5273784,336600,167512,2224860,4679.933,1619.977,0,47.999,0,4.000,1063,1370,0.550,1.420,1.140,0,0,0,0,0,18,306,0,4,0
16-06 13:12:24,1.250,0.750,97.004,0,0,5273780,336600,167512,2224864,4158.165,1458.058,0,0,0,0,1005,1395,0.550,1.420,1.140,1,0,0,0,0,18,306,0,4,0
16-06 13:12:25,7.251,3.500,88.260,0,0,5262916,347464,167512,2224864,4840.525,1620.176,0,8.001,0,1.000,2151,8508,0.550,1.420,1.140,0,0,36.004,0,0,18,306,0,5,0
16-06 13:12:26,1.500,0.750,97.220,0,0,5262916,347464,167512,2224864,4378.627,1619.492,0,3.999,0,1.000,900,1266,0.550,1.420,1.140,0,0,1.999,0,0,18,306,0,5,0
16-06 13:12:27,10.005,5.253,80.289,3.252,0,5278672,329352,167880,2226848,6205.001,3688.784,2333.129,53830.037,505.244,77.037,2295,2547,0.550,1.420,1.140,1,0,5.002,0,0,18,307,0,5,0
16-06 13:12:28,15.482,3.995,78.659,0.250,0,5280852,327112,167896,2226892,13858.012,10326.087,31.963,2093.585,1.998,217.749,2894,3115,0.500,1.400,1.140,0,0,4.994,0,0,18,307,0,6,0
16-06 13:12:29,16.271,3.254,78.349,0.250,0,5283892,323620,167916,2227324,15067.021,11829.935,80.101,468.592,5.006,50.063,2962,3239,0.500,1.400,1.140,0,0,5.006,0,0,18,307,0,8,0
16-06 13:12:30,14.762,4.003,80.318,0.250,0,5277564,329924,167924,2227340,14542.305,11551.775,0,288.244,0,30.025,2691,2900,0.500,1.400,1.140,1,0,5.004,0,0,18,307,0,9,0
16-06 13:12:31,13.234,3.496,81.399,0,0,5274816,332504,167932,2227500,14191.320,10939.371,15.980,327.592,0.999,26.966,2389,2544,0.500,1.400,1.140,0,0,4.994,0,0,18,307,0,10,0
16-06 13:12:32,13.251,3.750,81.506,0.250,0,5273236,334072,167944,2227500,15216.099,12061.872,0,1248.090,0,123.009,2474,2491,0.500,1.400,1.140,0,0,6.000,0,0,18,307,0,11,0
16-06 13:12:33,42.525,5.253,51.780,0.250,0,5247036,360096,167960,2227660,13271.695,9933.759,0,292.169,0,25.015,3775,2737,0.460,1.370,1.130,3,0,19.011,0,0,18,298,0,14,0
16-06 13:12:34,44.629,12.035,42.874,0,0,5101360,505836,167980,2227656,4513.028,1624.690,48.139,224.649,8.023,22.064,3454,2225,0.460,1.370,1.130,4,0,8.023,0,0,18,290,0,16,0
16-06 13:12:35,82.836,15.516,1.251,0,0,5187212,419652,167980,2227996,4282.449,1459.516,860.894,372.387,14.015,20.021,5088,2686,0.460,1.370,1.130,5,0,10.010,0,0,18,290,0,16,0
16-06 13:12:36,83.985,14.247,1.000,0.500,0,5162576,443408,168000,2228872,4739.127,1619.702,891.836,223.959,42.992,7.999,5134,3862,0.460,1.370,1.130,5,0,5.999,0,0,18,284,0,19,0
16-06 13:12:37,65.279,10.465,23.919,0,0,5186724,419044,168000,2229116,4699.070,1453.074,59.797,91.689,3.986,5.980,4258,3342,0.460,1.370,1.130,4,0,2.990,0,0,18,276,0,21,0
16-06 13:12:38,63.233,12.996,22.244,0.750,0,5144828,459764,168036,2230372,5038.619,1619.556,1075.705,327.910,56.984,31.991,4333,2819,0.670,1.400,1.140,3,0,8.998,0,0,18,265,0,23,0
16-06 13:12:39,39.465,6.744,51.705,0.749,0,5211212,390804,168076,2232908,4855.728,1618.576,711.374,9227.881,31.972,1110.023,5455,9813,0.670,1.400,1.140,1,0,0.999,0,0,18,275,0,25,0
16-06 13:12:40,24.062,6.517,68.427,0.501,0,5293244,307196,168104,2234456,37758.913,15411.965,340.884,461.196,45.117,41.107,4541,6444,0.670,1.400,1.140,1,0,2.005,0,0,18,277,0,30,0
16-06 13:12:41,12.444,3.235,82.379,0,0,5315736,284516,168112,2234636,33916.228,8187.122,31.857,314.583,1.991,35.839,3543,4336,0.670,1.400,1.140,1,0,0,0,0,18,287,0,30,0
16-06 13:12:42,1.252,0.501,97.180,0.250,0,5315732,284516,168116,2234636,5186.630,1623.013,0,1278.374,0,9.017,1014,1336,0.670,1.400,1.140,0,0,1.002,0,0,18,287,0,30,0
16-06 13:12:43,2.752,1.001,94.824,0,0,5316196,284024,168116,2234664,5464.237,1663.290,16.012,400.310,1.001,18.014,1274,1607,0.610,1.380,1.130,0,0,1.001,0,0,18,287,0,30,0
16-06 13:12:44,2.988,1.992,93.363,0.498,0,5316884,283292,168140,2234684,4839.934,1613.311,0,1218.946,0,76.682,1527,2124,0.610,1.380,1.130,3,0,1.992,0,0,18,287,0,30,0
16-06 13:12:45,3.513,1.004,94.093,0,0,5317092,283068,168144,2234696,4233.412,1533.583,4.015,521.900,1.004,16.058,1443,1916,0.610,1.380,1.130,0,0,2.007,0,0,18,287,0,30,0
16-06 13:12:46,2.250,0.750,95.748,0,0,5317072,283068,168152,2234708,4619.883,1619.959,0,171.996,0,19.000,1288,1869,0.610,1.380,1.130,0,0,1.000,0,0,18,287,0,30,0
16-06 13:12:47,1.249,0.250,97.171,0,0,5317068,283068,168156,2234708,4992.944,1618.685,0,31.974,0,2.998,918,1311,0.610,1.380,1.130,0,0,0,0,0,18,287,0,30,0
16-06 13:12:48,1.751,1.000,96.544,0.250,0,5317052,283068,168168,2234712,4297.942,1338.605,0,292.132,0,27.012,991,1399,0.560,1.350,1.130,0,0,0,0,0,18,287,0,30,0
16-06 13:12:49,2.499,0.750,94.707,0.500,0,5317272,282816,168192,2234720,3100.604,161.927,0,487.780,0,44.980,1501,2248,0.560,1.350,1.130,1,0,0,0,0,18,287,0,27,0
16-06 13:12:50,2.251,0.500,95.309,0.250,0,5317468,282564,168204,2234764,5043.136,1621.008,16.010,164.102,1.001,23.014,1345,2100,0.560,1.350,1.130,0,0,0,0,0,18,287,0,27,0
16-06 13:12:51,2.250,1.250,95.510,0.250,0,5317696,282312,168216,2234776,4638.484,1458.152,0,264.028,0,32.003,1338,2040,0.560,1.350,1.130,0,0,0,0,0,18,287,0,27,0
16-06 13:12:52,2.000,0.750,96.752,0,0,5317692,282312,168220,2234776,5177.114,1620.036,0,176.004,0,20.000,1172,1759,0.560,1.350,1.130,0,0,1.000,0,0,18,287,0,27,0
16-06 13:12:53,0.501,0.752,97.241,0,0,5317912,282088,168220,2234780,4228.468,1461.618,0,148.367,0,9.022,889,1310,0.520,1.330,1.120,1,0,0,0,0,18,287,0,27,0
16-06 13:12:54,1.991,0.498,96.317,0.249,0,5317912,282088,168220,2234780,4718.769,1612.744,0,469.886,0,29.866,1020,1431,0.520,1.330,1.120,0,0,0,0,0,18,287,0,27,0
16-06 13:12:55,1.002,0.501,96.991,0,0,5317912,282088,168220,2234780,3454.575,1028.553,0,76.189,0,10.025,931,1332,0.520,1.330,1.120,1,0,0,0,0,18,287,0,27,0
16-06 13:12:56,1.250,0.750,97.764,0,0,5317912,282088,168220,2234780,4176.604,1236.179,0,4.001,0,1.000,870,1242,0.520,1.330,1.120,0,0,0,0,0,18,287,0,27,0
16-06 13:12:57,1.504,0.752,96.271,0.501,0,5317896,282088,168236,2234780,4969.002,1462.120,0,2158.081,0,104.294,1198,1830,0.520,1.330,1.120,0,0,0,0,0,18,287,0,27,0
16-06 13:12:58,7.747,1.499,88.963,0.250,0,5318364,281584,168256,2234796,5037.920,1619.331,0,575.762,0,51.979,2399,3348,0.880,1.390,1.140,0,0,0,0,0,18,287,0,27,0
16-06 13:12:59,2.492,0.997,95.205,0,0,5315928,284004,168260,2234808,5249.746,1561.167,0,4338.568,0,553.287,1403,1847,0.880,1.390,1.140,1,0,0,0,0,18,287,0,27,0
16-06 13:13:00,1.000,0.500,97.261,0,0,5316068,283864,168260,2234808,6052.696,1620.186,0,0,0,0,861,1247,0.880,1.390,1.140,0,0,0,0,0,18,287,0,27,0
16-06 13:13:01,1.999,0.500,95.974,0.250,0,5316312,283612,168264,2234812,6956.114,1511.590,0,391.894,0,41.989,1385,2026,0.880,1.390,1.140,0,0,0,0,0,18,287,0,27,0
16-06 13:13:02,1.750,1.250,96.001,0.250,0,5316552,283364,168268,2234816,6917.063,1620.015,0,84.001,0,13.000,1249,1787,0.880,1.390,1.140,0,0,1.000,0,0,18,287,0,27,0
16-06 13:13:03,1.003,0.501,97.787,0,0,5316776,283140,168268,2234816,5235.361,1624.767,0,429.260,0,72.212,902,1258,0.810,1.370,1.140,0,0,0,0,0,18,287,0,27,0
16-06 13:13:04,1.745,0.748,95.716,0.748,0,5316768,283140,168288,2234804,5027.059,1615.200,0,474.590,0,40.879,1300,1898,0.810,1.370,1.140,0,0,0,0,0,18,287,0,27,0
16-06 13:13:05,2.751,0.750,95.294,0.250,0,5316748,283140,168296,2234816,5042.311,1620.743,0,156.072,0,25.011,1421,2100,0.810,1.370,1.140,0,0,1.000,0,0,18,287,0,27,0
16-06 13:13:06,0.750,0.750,97.742,0,0,5316748,283140,168296,2234816,4919.617,1619.874,0,0,0,0,887,1262,0.810,1.370,1.140,0,0,0,0,0,18,287,0,27,0
16-06 13:13:07,1.000,0.500,96.982,0,0,5316744,283140,168296,2234820,5162.019,1565.702,0,291.945,0,17.997,954,1375,0.810,1.370,1.140,0,0,0,0,0,18,287,0,27,0
16-06 13:13:08,30.502,8.500,59.753,0.750,0,5087436,511328,168452,2235752,5188.263,1750.089,1044.053,116.006,101.005,14.001,3668,2865,0.740,1.340,1.130,1,0,72.004,0,0,18,283,0,29,0
16-06 13:13:09,22.246,5.499,70.236,0,0,5022052,576700,168484,2235824,3901.211,1201.757,207.958,335.932,19.996,23.995,2710,2423,0.740,1.340,1.130,1,0,7.998,0,0,18,283,0,29,0
16-06 13:13:10,20.502,3.750,72.507,2.500,0,5066948,528108,168632,2239372,4264.399,1584.148,3712.347,0,395.037,0,2435,2312,0.740,1.340,1.130,2,0,2.000,0,0,18,283,0,29,0
16-06 13:13:11,23.000,6.500,68.501,0.750,0,5141708,451340,168672,2241360,4736.083,1776.031,964.017,492.009,74.001,41.001,4906,6711,0.740,1.340,1.130,1,0,16.000,0,0,18,287,0,31,0
16-06 13:13:12,21.746,6.499,70.489,0.250,0,5203296,389640,168684,2241492,4632.244,1565.745,0,91.985,0,11.998,2408,2126,0.740,1.340,1.130,1,0,5.999,0,0,18,287,0,31,0
16-06 13:13:13,23.260,2.751,72.782,0,0,5233256,359484,168688,2241684,4778.097,1872.822,4.002,12.005,1.000,3.001,2094,1571,0.760,1.340,1.130,1,0,7.003,0,0,18,287,0,31,0
16-06 13:13:14,2.000,1.000,96.483,0,0,5231108,361632,168688,2241684,4545.213,1565.729,0,91.984,0,7.999,1059,1428,0.760,1.340,1.130,0,0,0,0,0,18,287,0,31,0
16-06 13:13:15,1.750,0.500,96.770,0,0,5226776,365956,168692,2241688,4638.977,1458.307,0,72.015,0,6.001,1002,1410,0.760,1.340,1.130,0,0,0,0,0,18,287,0,31,0
16-06 13:13:16,1.499,0.250,96.711,0,0,5222616,370108,168700,2241688,4654.113,1337.458,0,499.797,0,19.992,972,1383,0.760,1.340,1.130,0,0,0,0,0,18,287,0,31,0
16-06 13:13:17,1.000,0.750,97.517,0,0,5218968,373752,168700,2241692,4419.755,1242.212,0,36.006,0,4.001,893,1237,0.760,1.340,1.130,0,0,0,0,0,18,287,0,31,0
16-06 13:13:18,1.250,0.750,97.235,0,0,5216144,376576,168700,2241692,4951.258,1601.760,0,0,0,0,944,1247,0.700,1.320,1.120,0,0,0,0,0,18,287,0,31,0
16-06 13:13:19,2.500,1.250,94.740,0.500,0,5214016,378680,168724,2241692,4931.473,1565.833,0,531.943,0,56.994,1617,2339,0.700,1.320,1.120,0,0,0,0,0,18,287,0,31,0
16-06 13:13:20,2.501,0.500,95.275,0.500,0,5212964,379636,168736,2241776,5487.461,1620.431,80.021,4925.311,5.001,682.182,1659,1941,0.700,1.320,1.120,0,0,0,0,0,18,287,0,31,0
16-06 13:13:21,2.000,1.250,95.231,0.250,0,5211476,381096,168744,2241796,4765.073,1759.658,0,367.928,0,38.992,1675,2577,0.700,1.320,1.120,0,0,0,0,0,18,287,0,31,0
16-06 13:13:22,1.999,0.500,95.719,0,0.250,5210180,382376,168760,2241796,5021.376,1619.476,0,219.929,0,19.994,1227,1717,0.700,1.320,1.120,0,0,1.000,0,0,18,287,0,31,0
16-06 13:13:23,1.500,0.500,97.021,0.250,0,5208852,383700,168764,2241796,4667.031,1566.346,0,108.024,0,8.002,923,1320,0.640,1.290,1.120,1,0,0,0,0,18,287,0,31,0
16-06 13:13:24,0.997,0.748,96.438,0,0,5208120,384428,168768,2241796,4605.110,1614.779,0,303.020,0,18.939,998,1383,0.640,1.290,1.120,0,0,0,0,0,18,287,0,31,0
16-06 13:13:25,6.780,3.516,88.894,0,0,5221864,370680,168772,2245256,4773.141,1518.727,0,28.125,0,4.018,1926,9245,0.640,1.290,1.120,5,0,36.160,0,0,19,288,0,31,0
16-06 13:13:26,0.999,0.500,97.183,0,0,5209560,382984,168772,2241796,4628.828,1750.800,0,3.997,0,0.999,1044,2148,0.640,1.290,1.120,0,0,0,0,0,18,287,0,31,0
16-06 13:13:27,1.250,0.500,97.968,0,0,5209560,382984,168772,2241796,4767.425,1751.421,0,15.995,0,1.999,900,1288,0.640,1.290,1.120,0,0,0,0,0,18,287,0,31,0
16-06 13:13:28,1.250,1.000,97.267,0,0,5209556,382984,168772,2241800,4860.829,1710.292,0,0,0,0,927,1310,0.590,1.270,1.110,0,0,0,0,0,18,287,0,31,0
16-06 13:13:29,2.249,0.500,95.716,0,0,5208092,384432,168788,2241800,5108.179,1619.423,0,567.798,0,75.973,1327,1874,0.590,1.270,1.110,0,0,0,0,0,18,287,0,31,0
16-06 13:13:30,1.250,0.750,97.286,0,0,5204656,387860,168796,2241800,4339.584,1458.532,0,428.156,0,7.003,990,1382,0.590,1.270,1.110,0,0,0,0,0,18,287,0,27,0
16-06 13:13:31,1.750,1.000,95.504,0.250,0,5203044,389456,168808,2241804,5040.223,1620.072,0,328.014,0,35.002,1517,2194,0.590,1.270,1.110,0,0,0,0,0,18,287,0,27,0
16-06 13:13:32,1.750,1.000,95.973,0,0,5201892,390604,168812,2241804,4653.688,1457.589,0,83.976,0,13.996,1185,1693,0.590,1.270,1.110,0,0,1.000,0,0,18,287,0,27,0
16-06 13:13:33,1.750,0.750,97.490,0,0,5200660,391832,168812,2241808,5039.466,1619.828,0,4.000,0,1.000,953,1310,0.550,1.250,1.100,0,0,0,0,0,18,287,0,27,0
16-06 13:13:34,1.750,0.750,95.764,0.750,0,5199880,392600,168824,2241808,4518.681,1458.220,0,452.068,0,38.006,1293,1818,0.550,1.250,1.100,0,0,0,0,0,18,287,0,19,0
16-06 13:13:35,1.000,0.500,96.748,0,0,5199872,392600,168828,2241812,4739.926,1619.975,0,83.999,0,12.000,1209,1750,0.550,1.250,1.100,0,0,0,0,0,18,287,0,19,0
16-06 13:13:36,2.000,0.500,96.756,0,0,5199872,392600,168828,2241812,4458.263,1598.094,0,32.002,0,3.000,1104,1524,0.550,1.250,1.100,0,0,0,0,0,18,287,0,19,0
16-06 13:13:37,1.250,0.500,96.990,0,0,5199872,392600,168828,2241812,5056.486,1619.835,0,175.982,0,10.999,963,1313,0.550,1.250,1.100,0,0,0,0,0,18,287,0,19,0
16-06 13:13:38,1.500,0.500,97.013,0.250,0,5199864,392600,168832,2241816,3926.537,1026.140,0,36.005,0,6.001,921,1312,0.500,1.230,1.100,0,0,0,0,0,18,287,0,13,0
16-06 13:13:39,8.519,15.535,73.417,0,0,5206948,385484,168840,2241840,5203.817,1605.646,4.009,384.874,1.002,27.061,5110,4370,0.500,1.230,1.100,1,0,292.665,0,0,18,287,0,13,0
16-06 13:13:40,21.457,5.739,71.856,0,0.250,5276464,315932,168840,2241876,5047.912,1455.092,31.936,51.896,1.996,3.992,2462,2049,0.500,1.230,1.100,1,0,21.956,0,0,18,287,0,13,0
16-06 13:13:41,19.285,3.757,75.636,0,0,5292788,299552,168848,2241924,11805.288,8001.429,36.065,1130.038,3.005,233.421,3245,3478,0.500,1.230,1.100,1,0,0,0,0,18,289,0,14,0
16-06 13:13:42,21.466,4.493,70.888,1.498,0,5294044,297788,168984,2242296,11174.409,5202.809,455.283,4808.430,25.959,340.464,5802,8162,0.500,1.230,1.100,1,0,1.997,0,0,18,288,0,7,0
16-06 13:13:43,43.349,10.775,45.604,0.251,0,5351832,239732,169016,2242532,6583.040,2830.467,48.110,412.943,3.007,49.112,4340,4180,0.620,1.240,1.100,3,0,33.076,0,0,18,287,0,8,0
16-06 13:13:44,34.456,5.992,58.176,0,0,5414208,176984,169024,2242896,42849.305,39056.147,175.776,3.995,8.989,0.999,4110,3780,0.620,1.240,1.100,2,0,1.997,0,0,18,287,0,20,0
16-06 13:13:45,6.741,2.996,89.127,0,0,5375640,215540,169032,2242900,5282.730,1659.716,0,195.731,0,12.982,1804,2160,0.620,1.240,1.100,0,0,35.951,0,0,18,287,0,20,0
16-06 13:13:46,1.250,0.250,96.998,0.250,0,5375636,215540,169032,2242904,5145.887,1565.966,0,51.999,0,4.000,989,1381,0.620,1.240,1.100,0,0,0,0,0,18,287,0,20,0
16-06 13:13:47,1.000,0.750,96.788,0.500,0,5375612,215540,169052,2242908,5419.108,1662.647,0,1692.658,0,99.039,1077,1663,0.620,1.240,1.100,0,0,0,0,0,18,287,0,20,0
16-06 13:13:48,1.251,0.250,97.546,0,0,5375612,215540,169060,2242900,4562.138,1620.759,0,172.081,0,17.008,988,1511,0.650,1.240,1.100,0,0,0,0,0,18,287,0,20,0
16-06 13:13:49,2.249,0.999,95.691,0.250,0,5373540,217572,169092,2242908,4677.118,1702.951,0,443.727,0,41.974,1545,2289,0.650,1.240,1.100,0,0,0,0,0,18,287,0,20,0
16-06 13:13:50,2.500,0.750,95.742,0,0,5369956,221100,169096,2242956,4499.614,1619.861,0,231.980,0,15.999,1256,1774,0.650,1.240,1.100,0,0,0,0,0,18,287,0,20,0
16-06 13:13:51,2.250,1.000,95.767,0.250,0.250,5366196,224836,169112,2242964,4740.865,1620.295,0,184.034,0,25.005,1494,2220,0.650,1.240,1.100,0,0,0,0,0,18,287,0,20,0
16-06 13:13:52,1.249,0.750,96.452,0,0,5362420,228608,169116,2242964,4232.905,1457.279,0,195.903,0,22.989,1204,1818,0.650,1.240,1.100,0,0,1.000,0,0,18,287,0,20,0
16-06 13:13:53,1.250,0.750,96.996,0.250,0,5356600,234400,169120,2242988,4379.815,1619.931,15.999,207.991,1.000,21.999,1127,1746,0.600,1.220,1.100,0,0,1.000,0,0,18,287,0,20,0
16-06 13:13:54,1.750,0.750,95.755,0.500,0,5351260,239716,169136,2242996,4228.209,1458.072,0,236.012,0,23.001,1068,1474,0.600,1.220,1.100,0,0,0,0,0,18,287,0,20,0
16-06 13:13:55,1.500,0.250,97.518,0,0,5346152,244824,169136,2242996,4740.879,1620.300,0,608.113,0,33.006,956,1401,0.600,1.220,1.100,0,0,0,0,0,18,287,0,20,0
16-06 13:13:56,1.250,0.750,97.022,0,0,5341656,249320,169136,2242996,4409.012,1458.335,0,2012.462,0,366.084,1178,1374,0.600,1.220,1.100,0,0,0,0,0,18,287,0,20,0
16-06 13:13:57,1.000,0.250,97.461,0,0,5338040,252936,169136,2242996,5066.961,1751.295,0,0,0,0,903,1278,0.600,1.220,1.100,0,0,0,0,0,18,287,0,20,0
16-06 13:13:58,1.000,0.500,97.746,0,0,5334588,256388,169136,2242996,4649.831,1589.942,0,4.000,0,1.000,951,1300,0.550,1.200,1.090,0,0,0,0,0,18,287,0,20,0
16-06 13:13:59,2.000,0.750,95.743,0.250,0,5331728,259228,169152,2243000,4637.681,1457.900,0,615.958,0,82.994,1331,1876,0.550,1.200,1.090,0,0,0,0,0,18,287,0,20,0
16-06 13:14:00,1.000,0.750,96.736,0,0,5328060,262884,169156,2243008,5551.193,1511.780,0,119.983,0,11.998,979,1382,0.550,1.200,1.090,0,0,0,0,0,18,287,0,20,0
16-06 13:14:01,2.250,0.750,95.518,0.500,0,5327032,263912,169156,2243008,5913.124,1512.287,0,360.068,0,46.009,1541,2202,0.550,1.200,1.090,0,0,0,0,0,18,287,0,20,0
16-06 13:14:02,1.750,1.000,96.502,0,0,5326188,264752,169160,2243008,5869.100,1554.026,0,96.002,0,15.000,1184,1688,0.550,1.200,1.090,0,0,1.000,0,0,18,287,0,20,0
16-06 13:14:03,0.999,0.500,95.944,0.250,0,5325448,265468,169168,2243024,4935.109,1457.146,15.991,195.885,0.999,16.990,1171,1722,0.510,1.180,1.080,0,0,0,0,0,18,287,0,20,0
16-06 13:14:04,2.252,0.751,96.590,0,0,5324752,266152,169180,2243024,5224.873,1621.512,0,180.168,0,20.019,1167,1677,0.510,1.180,1.080,0,0,0,0,0,18,287,0,20,0
16-06 13:14:05,1.499,0.500,96.715,0,0,5324264,266632,169184,2243028,5158.125,1619.411,0,75.972,0,11.996,1126,1673,0.510,1.180,1.080,0,0,0,0,0,18,287,0,20,0
16-06 13:14:06,1.250,0.500,97.284,0,0,5324104,266792,169184,2243028,5207.821,1566.548,0,0,0,0,982,1317,0.510,1.180,1.080,0,0,0,0,0,18,287,0,20,0
16-06 13:14:07,0.750,0.500,97.260,0,0,5323964,266924,169192,2243028,5297.562,1760.187,0,552.059,0,33.004,1015,1443,0.510,1.180,1.080,0,0,0,0,0,18,287,0,20,0
16-06 13:14:08,1.500,0.750,96.997,0,0,5324188,266700,169192,2243028,5035.825,1565.945,0,51.998,0,6.000,977,1329,0.550,1.170,1.080,0,0,0,0,0,18,287,0,20,0
16-06 13:14:09,1.503,0.751,96.426,0.250,0,5324224,266652,169200,2243032,5109.312,1622.958,0,312.570,0,25.046,1234,1781,0.550,1.170,1.080,0,0,0,0,0,18,287,0,20,0
16-06 13:14:10,1.497,0.250,97.335,0,0,5324216,266652,169200,2243040,4418.521,1563.354,0,0,0,0,917,1282,0.550,1.170,1.080,0,0,0.998,0,0,18,287,0,20,0
16-06 13:14:11,1.999,1.000,95.724,0.500,0,5323936,266904,169224,2243044,4618.730,1619.555,0,311.914,0,34.990,1545,2171,0.550,1.170,1.080,0,0,1.999,0,0,18,287,0,18,0
16-06 13:14:12,1.250,0.750,96.762,0,0,5323936,266904,169224,2243044,5069.615,1752.213,0,692.084,0,149.018,1236,1743,0.550,1.170,1.080,0,0,1.000,0,0,18,287,0,18,0
16-06 13:14:13,1.748,1.998,93.668,0.500,0,5323868,266912,169284,2243044,5111.548,1844.394,0,2401.908,0,160.860,1702,2561,0.500,1.150,1.080,0,0,5.995,0,0,18,287,0,18,0
16-06 13:14:14,1.501,0.500,96.788,0.250,0,5324088,266688,169288,2243044,4219.645,1458.568,0,232.090,0,16.006,980,1351,0.500,1.150,1.080,0,0,0,0,0,18,287,0,18,0
16-06 13:14:15,3.251,2.250,93.015,0.250,0,5324152,266600,169296,2243060,10690.735,2943.478,0,1016.165,0,53.009,1627,1850,0.500,1.150,1.080,0,0,18.003,0,0,18,287,0,16,0
16-06 13:14:16,1.750,0.500,97.225,0,0,5324152,266600,169296,2243060,4960.712,1511.607,0,31.992,0,3.999,1004,1302,0.500,1.150,1.080,0,0,0,0,0,18,287,0,16,0
16-06 13:14:17,1.250,0.750,96.768,0,0,5324152,266600,169296,2243060,5015.922,1458.268,0,0,0,0,942,1267,0.500,1.150,1.080,0,0,0,0,0,18,287,0,16,0
16-06 13:14:18,1.250,0.500,97.513,0,0,5324152,266600,169296,2243060,4786.625,1566.205,0,8.001,0,2.000,920,1270,0.460,1.130,1.070,0,0,0,0,0,18,287,0,16,0
16-06 13:14:19,2.249,1.000,94.969,0.250,0,5324140,266600,169308,2243060,4774.422,1295.572,0,555.816,0,48.984,1545,2311,0.460,1.130,1.070,0,0,0,0,0,18,287,0,16,0
16-06 13:14:20,1.500,0.500,97.015,0.250,0,5324128,266600,169312,2243068,4388.676,1188.183,0,108.017,0,14.002,1128,1736,0.460,1.130,1.070,0,0,0,0,0,18,287,0,16,0
16-06 13:14:21,2.499,1.000,95.229,0,0,5324116,266600,169320,2243072,5010.912,1511.672,0,251.945,0,29.993,1515,2132,0.460,1.130,1.070,0,0,0,0,0,18,287,0,16,0
16-06 13:14:22,1.501,0.750,96.539,0.250,0,5324100,266600,169332,2243076,4596.872,1458.594,0,176.072,0,20.008,1227,1758,0.460,1.130,1.070,1,0,1.000,0,0,18,287,0,16,0
16-06 13:14:23,1.250,0.250,97.004,0,0,5324324,266376,169340,2243068,4652.204,1512.066,0,716.031,0,140.006,1041,1398,0.430,1.120,1.060,0,0,0,0,0,18,287,0,16,0
16-06 13:14:24,1.249,0.500,97.175,0.250,0,5324316,266376,169340,2243076,4154.782,1456.872,0,283.780,0,15.988,956,1351,0.430,1.120,1.060,0,0,0,0,0,18,287,0,16,0
16-06 13:14:25,1.250,0.750,97.533,0,0,5324312,266376,169344,2243076,4781.595,1620.541,0,28.009,0,4.001,912,1276,0.430,1.120,1.060,0,0,0,0,0,18,287,0,16,0
16-06 13:14:26,6.749,4.000,87.241,0,0,5307416,283268,169344,2243080,4799.506,1619.833,0,7.999,0,2.000,2379,6869,0.430,1.120,1.060,0,0,35.996,0,0,18,287,0,17,0
16-06 13:14:27,1.500,0.750,97.261,0,0,5307412,283268,169344,2243084,4443.489,1566.172,0,0,0,0,966,1331,0.430,1.120,1.060,0,0,0,0,0,18,287,0,16,0
16-06 13:14:28,2.001,0.750,95.781,0,0,5307412,283268,169344,2243084,4641.520,1818.596,0,0,0,0,1089,1396,0.390,1.100,1.060,0,0,0,0,0,18,287,0,16,0
16-06 13:14:29,2.501,0.750,95.293,0.500,0,5307384,283268,169364,2243092,4982.244,1620.730,0,304.137,0,41.018,1455,2110,0.390,1.100,1.060,0,0,0,0,0,18,287,0,16,0
16-06 13:14:30,1.500,0.750,96.468,0,0,5307384,283268,169364,2243092,5100.320,1631.463,0,303.900,0,40.986,1135,1667,0.390,1.100,1.060,0,0,0,0,0,18,287,0,16,0
16-06 13:14:31,2.751,0.750,95.275,0.250,0,5307364,283268,169380,2243096,4691.240,1620.428,0,256.068,0,31.008,1484,2144,0.390,1.100,1.060,0,0,0,0,0,18,287,0,16,0
16-06 13:14:32,1.250,0.250,96.730,0,0,5307348,283268,169400,2243092,5425.902,1619.672,0,183.963,0,20.996,1256,1794,0.390,1.100,1.060,0,0,1.000,0,0,18,287,0,16,0
16-06 13:14:33,1.250,1.000,97.267,0.500,0,5307328,283268,169412,2243100,4488.805,1566.281,0,748.134,0,150.027,1066,1387,0.360,1.080,1.050,0,0,2.000,0,0,18,287,0,16,0
16-06 13:14:34,1.500,0.750,95.482,0,0,5307320,283268,169420,2243100,4665.120,1565.705,0,635.880,0,45.991,1366,1922,0.360,1.080,1.050,1,0,0,0,0,18,287,0,16,0
16-06 13:14:35,12.750,5.500,80.750,0,0,5333440,257064,169424,2243184,12383.928,9380.945,0,95.999,0,13.000,2542,2817,0.360,1.080,1.050,0,0,37.000,0,0,18,288,0,16,0
16-06 13:14:36,13.504,1.500,84.274,0,0,5341028,249252,169424,2243412,8531.417,4576.296,4.001,48.014,1.000,3.001,2174,2365,0.360,1.080,1.050,1,0,2.001,0,0,18,291,0,17,0
16-06 13:14:37,8.751,18.753,70.261,0,0,5337848,252412,169424,2243432,5209.784,1512.228,0,0,0,0,5483,4103,0.360,1.080,1.050,2,0,308.046,0,0,18,291,0,17,0
16-06 13:14:38,13.550,15.056,69.006,0.251,0,5357972,232240,169428,2243476,22772.484,4104.226,4.015,509.892,1.004,37.138,4729,3922,0.410,1.080,1.050,1,0,190.708,0,0,18,291,0,18,0
16-06 13:14:39,21.679,6.230,71.018,0.249,0,5411396,178312,169480,2243924,5294.667,1507.066,458.499,518.303,35.883,21.928,2511,2222,0.410,1.080,1.050,1,0,1.993,0,0,18,291,0,18,0
16-06 13:14:40,21.992,3.499,72.724,1.499,0,5448068,138548,169592,2246900,5188.115,1805.344,1311.524,51.981,139.949,3.999,2188,1912,0.410,1.080,1.050,1,0,0,0,0,18,289,0,18,2
16-06 13:14:41,22.482,3.997,70.194,1.749,0,5406200,214136,168328,2215532,4582.359,1025.185,1782.583,1055.162,172.863,44.964,2810,2916,0.410,1.080,1.050,2,0,2.998,0,0,18,289,0,18,2
16-06 13:14:42,24.511,4.252,69.531,0.500,0,5449228,170904,168372,2215692,5871.628,1512.677,0,564.253,0,50.022,3910,4850,0.410,1.080,1.050,3,0,1.000,0,0,18,290,0,19,2
16-06 13:14:43,24.491,3.499,69.475,0.250,0,5449608,170272,168404,2215912,5609.943,1511.446,0,631.768,0,74.973,5914,7785,0.460,1.080,1.050,1,0,0,0,0,18,293,0,18,2
16-06 13:14:44,26.486,5.747,63.717,1.749,0.250,5463032,155376,168504,2217280,5988.889,2460.722,1119.419,4089.876,70.963,594.691,5443,7030,0.460,1.080,1.050,1,0,3.998,0,0,18,296,0,20,2
16-06 13:14:45,10.760,2.252,85.082,0.250,0,5463512,154620,168568,2217492,4129.991,1567.515,144.139,704.681,8.008,88.085,2911,4038,0.460,1.080,1.050,6,0,1.001,0,0,18,299,0,22,2
16-06 13:14:46,11.993,2.249,81.701,1.999,0,5469696,147816,168732,2217944,6634.027,2981.214,223.866,5376.780,16.990,387.768,4244,6457,0.460,1.080,1.050,0,0,1.999,0,0,18,296,0,22,2
16-06 13:14:47,9.246,2.249,85.960,1.000,0,5469772,147564,168792,2218060,11435.700,3404.422,63.970,847.607,3.998,114.947,3115,4207,0.460,1.080,1.050,0,0,0,0,0,18,296,0,11,2
16-06 13:14:48,16.265,3.253,78.070,0.751,0,5469476,147564,168856,2218292,4263.804,1621.447,16.014,1141.018,1.001,134.120,4668,6434,0.420,1.060,1.050,2,0,0,0,0,18,299,0,12,2
16-06 13:14:49,27.067,4.762,63.657,1.754,0,5469700,147060,168980,2218448,4571.289,1624.010,32.079,3512.674,2.005,354.876,8221,12258,0.420,1.060,1.050,1,0,1.002,0,0,18,299,0,13,2
16-06 13:14:50,22.437,4.487,69.055,1.496,0,5469720,146556,169092,2218820,5943.237,2556.789,47.865,2756.226,1.994,287.190,6322,9174,0.420,1.060,1.050,1,0,0,0,0,18,298,0,14,2
16-06 13:14:51,9.506,1.751,85.057,1.501,0,5469780,146304,169204,2218900,4989.315,2018.341,0,4907.261,0,337.224,3391,4959,0.420,1.060,1.050,0,0,0,0,0,18,298,0,14,2
16-06 13:14:52,4.749,1.500,92.229,0.500,0,5469704,146304,169236,2218944,11746.377,3062.316,0,1659.629,0,106.976,2190,3214,0.420,1.060,1.050,2,0,1.000,0,0,18,298,0,14,3
16-06 13:14:53,25.238,5.247,65.468,2.249,0,5469756,145800,169420,2219212,4617.732,1619.205,15.992,4577.752,1.000,455.776,8242,12596,0.470,1.060,1.050,1,0,0,0,0,18,299,0,14,2
16-06 13:14:54,24.317,5.766,67.436,1.253,0,5471164,144048,169492,2219468,4558.555,1570.325,0,2186.021,0,237.655,6901,10020,0.470,1.060,1.050,3,0,0,0,0,18,296,0,15,2
16-06 13:14:55,5.483,0.748,90.721,0.997,0,5470996,144048,169556,2219572,5674.532,2445.472,0,2273.003,0,166.487,2288,3540,0.470,1.060,1.050,0,0,0,0,0,18,298,0,15,2
16-06 13:14:56,13.996,2.999,80.478,0.750,0,5470984,143796,169672,2219720,5968.361,2560.297,0,1867.487,0,184.949,3834,5295,0.470,1.060,1.050,1,0,0,0,0,18,298,0,16,2
16-06 13:14:57,14.250,2.750,80.249,1.000,0,5471440,143040,169824,2219868,4422.947,1427.983,0,5759.931,0,423.995,4201,6292,0.470,1.060,1.050,1,0,0,0,0,18,298,0,17,2
16-06 13:14:58,9.534,1.756,87.063,0,0,5472696,141780,169824,2219872,4488.121,1517.451,144.519,293.053,7.025,21.076,2195,2589,0.510,1.060,1.050,1,0,0,0,0,18,298,0,17,2
16-06 13:14:59,12.963,2.244,82.017,1.246,0,5468128,145896,169876,2220272,11954.070,3450.207,0,6760.810,0,858.563,3856,4866,0.510,1.060,1.050,0,0,0,0,0,18,298,0,17,2
16-06 13:15:00,7.498,1.500,88.723,0.500,0,5468512,145392,169972,2220296,12594.205,3297.006,0,843.746,0,102.969,2638,3625,0.510,1.060,1.050,0,0,0,0,0,18,298,0,17,2
16-06 13:15:01,7.751,1.750,87.758,0.750,0,5468628,145140,170060,2220356,12945.138,3526.310,0,2100.185,0,226.020,3139,4242,0.510,1.060,1.050,0,0,0,0,0,18,298,0,17,2
16-06 13:15:02,13.001,2.750,82.003,0.500,0,5470092,143632,170124,2220336,7115.292,1458.060,16.001,732.030,1.000,89.004,3501,4756,0.510,1.060,1.050,3,0,4.000,0,0,18,299,0,17,2
16-06 13:15:03,26.078,5.015,65.446,1.755,0,5470248,142876,170244,2220816,5462.364,1570.705,0,3931.778,0,381.142,7489,11418,0.950,1.140,1.070,1,0,0,0,0,18,299,0,19,2
16-06 13:15:04,25.170,4.486,66.788,0.997,0.249,5471036,141868,170372,2220908,4170.771,861.268,0,1507.219,0,175.444,7230,10459,0.950,1.140,1.070,1,0,0,0,0,18,300,0,20,2
16-06 13:15:05,25.824,6.017,65.187,2.006,0,5471844,140360,170648,2221332,4930.137,1137.261,0,6859.670,0,551.582,8445,12910,0.950,1.140,1.070,1,0,1.003,0,0,18,299,0,23,2
16-06 13:15:06,14.462,2.743,80.787,0.249,0,5472172,139856,170688,2221468,5298.016,1508.019,0,801.883,0,81.784,4727,6589,0.950,1.140,1.070,0,0,0.997,0,0,18,300,0,23,2
16-06 13:15:07,4.000,0.500,94.501,0.500,0,5472152,139856,170688,2221488,5403.033,1566.010,0,228.001,0,13.000,1480,1777,0.950,1.140,1.070,0,0,0,0,0,18,300,0,23,2
16-06 13:15:08,4.248,1.250,93.217,0,0,5472640,139352,170688,2221504,4978.238,1661.412,0,291.897,0,15.994,1428,1751,0.870,1.120,1.070,0,0,0,0,0,18,300,0,24,2
16-06 13:15:09,21.786,4.007,70.366,1.252,0,5473020,138596,170920,2221648,4970.162,1514.487,0,2043.356,0,295.485,6819,10057,0.870,1.120,1.070,1,0,0,0,0,18,300,0,24,2
16-06 13:15:10,25.708,4.992,65.144,1.747,0,5473356,137840,171088,2221900,4492.661,1617.358,0,2843.355,0,308.496,7936,11859,0.870,1.120,1.070,1,0,0,0,0,18,300,0,24,2
16-06 13:15:11,23.009,5.252,69.026,1.501,0,5482328,164684,169780,2188976,4691.741,1620.601,272.101,6610.453,16.006,241.089,6985,9944,0.870,1.120,1.070,0,0,2.001,0,0,18,299,0,24,2
16-06 13:15:12,5.259,2.504,89.912,0.501,0.250,5486056,160864,169848,2189000,4645.344,1763.167,0,2436.376,0,112.202,2299,3236,0.870,1.120,1.070,1,0,1.002,0,0,18,300,0,24,2
16-06 13:15:13,10.230,2.994,83.837,1.248,0,5487532,159164,169948,2189124,6670.991,2716.702,0,2151.804,0,206.597,3299,4675,0.800,1.100,1.060,0,0,5.988,0,0,18,299,0,27,2
16-06 13:15:14,9.252,2.001,87.023,1.000,0,5488968,157400,170028,2189372,6152.633,2489.661,64.017,1356.360,4.001,156.041,2903,4093,0.800,1.100,1.060,0,0,0,0,0,18,299,0,28,2
16-06 13:15:15,6.499,1.500,89.233,1.250,0,5489536,156752,170104,2189376,9236.218,2930.435,0,11221.835,0,1097.788,3077,4459,0.800,1.100,1.060,0,0,0,0,0,18,300,0,28,2
16-06 13:15:16,25.500,3.500,68.501,0.750,0,5493336,152720,170192,2189520,7802.141,2866.052,0,1608.029,0,139.003,4598,5630,0.800,1.100,1.060,3,0,0,0,0,18,300,0,36,2
16-06 13:15:17,4.498,0.750,92.716,1.250,0,5493452,152468,170288,2189560,12338.522,3007.908,0,1323.520,0,139.949,2229,3327,0.800,1.100,1.060,0,0,0,0,0,18,299,0,36,2
16-06 13:15:18,9.001,1.500,87.510,0.500,0,5493844,151964,170328,2189632,6047.684,1975.223,0,1032.117,0,114.013,2653,3873,0.820,1.100,1.060,0,0,0,0,0,18,299,0,37,2
16-06 13:15:19,12.232,2.247,82.877,0.999,0,5494016,151460,170456,2189836,12038.181,3293.125,63.905,1605.623,1.997,182.730,3612,5012,0.820,1.100,1.060,0,0,0,0,0,18,299,0,42,2
16-06 13:15:20,9.263,2.253,86.624,1.001,0,5494208,150956,170532,2190072,5107.319,1622.325,16.023,1442.066,1.001,159.228,3454,5020,0.820,1.100,1.060,0,0,0,0,0,18,299,0,42,2
16-06 13:15:21,8.785,2.259,86.592,0.753,0,5493908,150956,170616,2190288,4535.903,1463.778,0,1534.055,0,192.761,3156,4635,0.820,1.100,1.060,3,0,0,0,0,18,298,0,45,2
16-06 13:15:22,8.964,1.494,87.146,0.996,0,5499832,144908,170692,2190336,6297.449,2520.772,7.968,1107.506,0.996,110.551,2668,3756,0.820,1.100,1.060,0,0,0.996,0,0,18,299,0,46,2
16-06 13:15:23,16.541,2.757,77.944,1.002,0,5500240,144152,170808,2190568,6006.933,2483.173,0,1816.516,0,172.429,3745,5310,0.830,1.100,1.060,0,0,0,0,0,18,299,0,50,2
16-06 13:15:24,7.232,1.247,90.280,0.249,0,5498900,145484,170844,2190540,4327.434,1454.449,0,798.051,0,72.822,2096,2781,0.830,1.100,1.060,0,0,0,0,0,18,299,0,51,2
16-06 13:15:25,6.503,1.751,88.542,1.751,0,5499076,145076,171004,2190612,4962.343,1620.765,0,6078.870,0,385.182,2613,4090,0.830,1.100,1.060,0,0,0,0,0,18,299,0,51,2
16-06 13:15:26,10.528,6.266,82.215,0,0,5512056,170900,169740,2155192,4710.340,1461.830,0,661.734,0,41.108,3373,8660,0.830,1.100,1.060,5,0,36.095,0,0,18,299,0,52,3
16-06 13:15:27,2.492,0.997,95.430,0.249,0,5512020,170868,169764,2155236,5357.054,1453.132,0,366.771,0,36.876,1388,1992,0.830,1.100,1.060,0,0,0,0,0,18,299,0,52,2
16-06 13:15:28,6.000,1.250,90.999,0.500,0,5512188,170644,169792,2155264,4919.943,1619.981,0,559.993,0,46.999,1947,2572,0.770,1.080,1.050,0,0,0,0,0,18,299,0,51,2
16-06 13:15:29,13.477,2.246,80.364,1.248,0,5515484,167116,169964,2155324,7561.197,3228.533,0,1465.518,0,193.672,3697,5128,0.770,1.080,1.050,1,0,0,0,0,18,299,0,53,2
16-06 13:15:30,13.525,2.004,82.152,1.002,0,5515288,167116,170104,2155380,6712.389,2550.708,0,1378.544,0,183.338,3600,5067,0.770,1.080,1.050,2,0,0,0,0,18,299,0,57,2
16-06 13:15:31,6.255,1.751,90.566,0.500,0,5515048,167116,170140,2155584,4623.390,1621.189,16.012,540.396,1.001,54.040,2052,2922,0.770,1.080,1.050,3,0,0,0,0,18,300,0,58,2
16-06 13:15:32,13.990,2.498,79.694,1.499,0,5514836,167116,170292,2155644,13210.745,3920.254,0,2130.508,0,262.816,4213,5847,0.770,1.080,1.050,0,0,0.999,0,0,18,299,0,60,2
16-06 13:15:33,10.741,1.998,84.679,0.500,0,5514600,167116,170380,2155792,4556.187,1618.645,0,1298.913,0,134.887,3263,4503,0.710,1.060,1.050,0,0,0,0,0,18,299,0,61,2
16-06 13:15:34,14.264,2.502,81.079,1.251,0,5514916,166612,170516,2155844,4762.630,2588.517,16.016,1449.409,1.001,170.165,3581,4948,0.710,1.060,1.050,1,0,0,0,0,18,299,0,65,2
16-06 13:15:35,3.751,1.000,93.023,0.250,0,5514636,166612,170588,2156052,5787.446,1524.381,0,1000.250,0,92.023,1798,2633,0.710,1.060,1.050,1,0,0,0,0,18,298,0,66,2
16-06 13:15:36,7.250,2.000,85.994,3.000,0,5514936,166136,170876,2155940,6330.591,2487.839,0,11227.275,0,1054.932,3885,5659,0.710,1.060,1.050,0,0,0,0,0,18,299,0,66,2
16-06 13:15:37,10.002,2.000,86.766,0.750,0,5514852,165884,170972,2156180,6333.156,2083.380,0,1516.277,0,146.027,3039,4375,0.710,1.060,1.050,0,0,0,0,0,18,299,0,67,2
16-06 13:15:38,13.001,2.000,82.505,1.000,0,5515380,165128,171032,2156348,19152.049,6435.353,0,1028.056,0,125.007,3350,4463,0.650,1.040,1.040,0,0,0,0,0,18,300,0,70,2
16-06 13:15:39,9.750,1.500,86.754,0.500,0,5515296,165128,171092,2156372,6817.284,1686.070,0,852.035,0,93.004,3059,4298,0.650,1.040,1.040,1,0,0,0,0,18,301,0,73,2
16-06 13:15:40,25.214,4.743,65.157,2.247,0,5515216,164624,171384,2156664,4691.294,1455.919,0,3882.450,0,444.365,7859,12088,0.650,1.040,1.040,1,0,0,0,0,18,301,0,73,2
16-06 13:15:41,25.283,5.006,65.584,1.252,0,5516096,163364,171524,2156904,4926.334,1622.086,64.082,3152.053,2.003,297.382,8144,12017,0.650,1.040,1.040,1,0,0,0,0,18,301,0,73,2
16-06 13:15:42,14.739,3.497,76.445,2.998,0,5516832,162104,171744,2157204,5431.084,1498.919,0,8709.720,0,584.579,5839,8947,0.650,1.040,1.040,0,0,0.999,0,0,18,300,0,73,2
16-06 13:15:43,13.517,2.753,81.603,0.751,0.250,5516976,161852,171796,2157260,4517.694,2528.186,16.020,1177.484,1.001,153.193,3429,4781,0.600,1.020,1.040,0,0,0,0,0,18,300,0,76,2
16-06 13:15:44,4.244,1.248,92.378,0.499,0,5516900,161852,171820,2157312,5598.596,1521.987,0,1406.140,0,63.915,1778,2613,0.600,1.020,1.040,1,0,0,0,0,18,301,0,77,2
16-06 13:15:45,5.999,2.000,90.482,1.000,0,5516936,161600,171856,2157492,5489.892,2510.493,0,1195.759,0,140.972,2393,3714,0.600,1.020,1.040,1,0,0,0,0,18,300,0,72,2
16-06 13:15:46,15.514,3.753,77.568,0.500,0,5522804,155580,171940,2157560,5678.004,1922.695,16.014,1325.168,1.001,155.137,4532,6095,0.600,1.020,1.040,0,0,3.003,0,0,18,300,0,73,2
16-06 13:15:47,13.791,2.257,81.995,1.254,0,5522408,155580,172040,2157856,5779.300,2341.008,32.096,1171.507,1.003,147.441,3423,4615,0.600,1.020,1.040,0,0,2.006,0,0,18,300,0,77,2
16-06 13:15:48,6.470,1.244,89.590,0.498,0,5522364,155580,172076,2157864,10248.147,2518.486,0,848.123,0,67.691,2273,2968,0.630,1.020,1.040,1,0,0.995,0,0,18,301,0,77,2
16-06 13:15:49,25.794,6.010,63.859,2.254,0,5521784,155580,172288,2158232,5034.559,1568.667,0,3914.655,0,439.748,8574,12892,0.630,1.020,1.040,1,0,1.002,0,0,18,301,0,72,2
16-06 13:15:50,25.246,5.249,65.491,1.500,0,5521844,155328,172484,2158228,4231.409,1511.789,0,6959.029,0,534.925,8224,12514,0.630,1.020,1.040,2,0,0,0,0,18,301,0,73,2
16-06 13:15:51,24.810,5.764,66.411,1.754,0.251,5522188,154376,172596,2158720,4510.953,1623.943,0,8248.027,0,989.402,7711,10858,0.630,1.020,1.040,1,0,0,0,0,18,300,0,75,2
16-06 13:15:52,25.425,5.982,63.812,2.493,0,5522280,153872,172868,2158860,4549.597,1561.400,0,4143.792,0,446.684,7942,12100,0.630,1.020,1.040,3,0,0.997,0,0,18,301,0,75,2
16-06 13:15:53,23.720,4.494,68.163,0.749,0,5522740,153116,172916,2159108,4831.819,1575.984,0,2013.424,0,182.766,6620,9384,0.660,1.020,1.040,1,0,0,0,0,18,301,0,74,2
16-06 13:15:54,23.782,5.007,66.339,2.253,0,5522780,152612,173124,2159364,4506.055,1622.180,0,7289.796,0,535.720,7647,11380,0.660,1.020,1.040,1,0,0,0,0,18,302,0,74,2
16-06 13:15:55,24.683,5.236,65.073,2.244,0,5522620,152360,173260,2159640,4368.104,1615.600,0,3989.136,0,467.726,8063,12245,0.660,1.020,1.040,1,0,0,0,0,18,301,0,74,2
16-06 13:15:56,23.899,4.780,68.426,1.258,0,5523648,151100,173316,2159816,4648.943,1630.149,0,1682.475,0,163.015,7458,10683,0.660,1.020,1.040,1,0,0,0,0,18,300,0,75,2
16-06 13:15:57,7.230,0.997,88.750,0.499,0,5523704,150848,173348,2159980,4863.301,1615.450,0,1523.708,0,147.584,2877,4276,0.660,1.020,1.040,0,0,0,0,0,18,300,0,72,2
16-06 13:15:58,5.250,1.500,91.251,0.750,0,5523608,150848,173380,2160044,4740.032,1620.011,0,1168.008,0,110.001,2313,3455,0.690,1.020,1.030,1,0,0,0,0,18,300,0,72,2
16-06 13:15:59,16.242,2.749,78.711,1.249,0,5523956,150344,173436,2160144,6496.749,2576.710,0,2054.972,0,253.873,4105,5957,0.690,1.020,1.030,2,0,0,0,0,18,300,0,75,2
16-06 13:16:00,8.502,1.250,89.025,0,0,5523940,150344,173440,2160156,5899.638,1458.405,0,616.171,0,36.010,1895,2262,0.690,1.020,1.030,1,0,0,0,0,18,300,0,77,2
16-06 13:16:01,11.240,2.248,81.429,2.248,0,5523848,150092,173564,2160376,12932.793,3457.004,0,6346.500,0,488.577,4205,6413,0.690,1.020,1.030,1,0,0,0,0,18,300,0,79,2
16-06 13:16:02,7.001,1.500,90.018,0.750,0,5524284,149588,173592,2160416,12552.559,2901.592,0,1572.321,0,149.030,2457,3396,0.690,1.020,1.030,1,0,1.000,0,0,18,300,0,79,2
16-06 13:16:03,12.524,2.254,82.407,0.501,0,5524160,149588,173608,2160524,6219.869,1460.788,0,1402.677,0,140.268,3713,4823,0.630,1.010,1.030,0,0,0,0,0,18,300,0,79,2
16-06 13:16:04,6.505,2.002,89.825,1.001,0,5524392,149336,173620,2160532,5044.227,1621.359,0,1221.023,0,134.112,2373,3541,0.630,1.010,1.030,3,0,0,0,0,18,301,0,79,2
16-06 13:16:05,8.729,1.496,86.296,0.499,0,5524152,149336,173632,2160760,5844.212,2411.311,0,1424.639,0,127.699,2751,4037,0.630,1.010,1.030,1,0,0,0,0,18,300,0,77,2
16-06 13:16:06,15.728,3.245,78.389,1.248,0,5517696,155692,173668,2160824,6311.079,2575.360,0,7321.651,0,960.642,3990,5317,0.630,1.010,1.030,0,0,0,0,0,18,300,0,83,2
16-06 13:16:07,6.511,1.002,91.403,0.250,0,5517652,155692,173680,2160856,4602.680,1460.437,0,869.451,0,81.135,2056,2826,0.630,1.010,1.030,1,0,0,0,0,18,300,0,85,2
16-06 13:16:08,7.249,1.500,89.738,0.250,0,5517500,155692,173692,2160996,5099.305,1619.779,0,807.890,0,68.991,2246,2961,0.580,0.990,1.020,0,0,0,0,0,18,300,0,86,2
16-06 13:16:09,4.250,1.250,92.491,0.250,0,5517456,155692,173696,2161036,4403.575,1523.853,0,607.941,0,45.996,1702,2326,0.580,0.990,1.020,1,0,0,0,0,18,299,0,85,2
16-06 13:16:10,16.488,1.999,77.944,1.499,0,5517844,155188,173744,2161104,12136.216,3812.241,0,1674.788,0,212.846,4072,5562,0.580,0.990,1.020,1,0,0,0,0,18,300,0,90,2
16-06 13:16:11,15.319,4.269,78.103,1.005,0,5517736,155188,173816,2161140,4626.891,1573.103,0,1623.329,0,165.748,4938,7028,0.580,0.990,1.020,2,0,2.009,0,0,18,301,0,90,2
16-06 13:16:12,25.433,5.735,61.837,3.491,0,5517916,154432,174008,2161524,4985.880,1615.748,0,9961.786,0,818.845,8929,14297,0.580,0.990,1.020,1,0,0.997,0,0,18,301,0,90,2
16-06 13:16:13,24.542,6.762,66.364,1.252,0,5519856,152164,174100,2161760,5233.023,1716.960,0,3421.900,0,268.463,7970,11754,0.610,0.990,1.020,1,0,6.010,0,0,18,302,0,90,2
16-06 13:16:14,4.237,0.997,91.225,0.748,0,5519752,152164,174104,2161860,4426.648,1615.128,0,1527.393,0,124.624,2296,3487,0.610,0.990,1.020,0,0,0,0,0,18,300,0,87,2
16-06 13:16:15,16.248,2.750,78.742,0.750,0,5519608,152164,174136,2161972,12293.717,3958.587,15.998,3291.657,1.000,217.977,4070,5728,0.610,0.990,1.020,0,0,0,0,0,18,300,0,91,2
16-06 13:16:16,5.751,1.250,91.265,0.750,0,5519456,152164,174152,2162108,4980.833,1620.271,0,1104.185,0,87.015,1873,2602,0.610,0.990,1.020,1,0,0,0,0,18,301,0,92,2
16-06 13:16:17,13.257,2.001,83.292,0.750,0,5519352,152164,174176,2162188,11541.771,3900.951,0,1308.654,0,117.059,2980,3970,0.610,0.990,1.020,0,0,0,0,0,18,300,0,96,2
16-06 13:16:18,4.750,1.250,92.743,0.500,0,5519344,152164,174192,2162180,6207.530,2036.846,0,811.939,0,70.995,1646,2249,0.570,0.970,1.020,1,0,0,0,0,18,300,0,89,2
16-06 13:16:19,10.227,1.497,86.554,0.499,0,5519284,152164,174216,2162216,4627.524,1454.707,0,798.193,0,69.842,2646,3493,0.570,0.970,1.020,2,0,0,0,0,18,301,0,93,2
16-06 13:16:20,7.268,1.754,88.970,0.752,0,5519176,152164,174248,2162292,11829.283,3468.586,0,1688.179,0,181.449,2900,4172,0.570,0.970,1.020,0,0,0,0,0,18,300,0,94,2
16-06 13:16:21,10.742,2.498,83.436,1.499,0,5520976,150148,174296,2162460,10294.151,3341.452,0,5463.834,0,346.736,3443,4952,0.570,0.970,1.020,0,0,0,0,0,18,300,0,96,2
16-06 13:16:22,8.002,1.750,88.021,0.750,0,5521148,149896,174356,2162480,12079.817,2901.677,0,1092.255,0,139.032,2803,3798,0.570,0.970,1.020,0,0,1.000,0,0,18,300,0,87,2
16-06 13:16:23,12.311,2.512,83.412,0.754,0,5521296,149644,174392,2162548,5487.099,1628.040,0,1081.340,0,115.571,4077,5987,0.520,0.960,1.010,1,0,0,0,0,18,301,0,87,2
16-06 13:16:24,25.460,5.242,64.150,2.746,0,5521072,149392,174544,2162872,4157.530,1521.632,0,4828.486,0,546.150,8326,12959,0.520,0.960,1.010,1,0,0,0,0,18,301,0,87,2
16-06 13:16:25,23.688,5.236,68.322,0.997,0,5522192,148132,174576,2162980,4827.457,1615.802,0,1771.397,0,159.585,7018,9822,0.520,0.960,1.010,1,0,0,0,0,18,301,0,88,2
16-06 13:16:26,15.726,7.489,74.387,0.250,0,5532884,173748,173312,2129956,4331.391,1455.779,0,1889.118,0,170.739,5280,14314,0.520,0.960,1.010,0,0,35.945,0,0,18,300,0,85,2
16-06 13:16:27,12.254,2.501,83.526,0.750,0,5517348,189176,173352,2130024,10543.228,2997.918,0,7454.282,0,888.272,3804,5122,0.520,0.960,1.010,0,0,0,0,0,18,300,0,86,2
16-06 13:16:28,9.517,3.256,84.399,1.753,0,5517536,188924,173456,2129984,4235.501,1460.587,0,5369.509,0,363.644,4054,6197,0.480,0.940,1,2,0,0,0,0,18,301,0,87,2
16-06 13:16:29,26.830,5.266,64.191,2.257,0,5517256,188672,173716,2130256,4573.626,1624.841,0,5620.746,0,516.539,7834,11912,0.480,0.940,1,1,0,0,0,0,18,301,0,87,2
16-06 13:16:30,25.414,3.987,67.772,1.246,0,5518100,187160,173804,2130836,4315.478,1453.110,0,1770.044,0,178.400,5959,8314,0.480,0.940,1,1,0,0,0,0,18,301,0,84,2
16-06 13:16:31,26.478,4.496,65.196,1.249,0,5519588,185144,173908,2131260,4893.972,2536.912,0,2370.049,0,269.778,7431,10682,0.480,0.940,1,1,0,0,0,0,18,300,0,86,2
16-06 13:16:32,5.498,1.250,90.964,0.500,0.250,5520020,184640,173952,2131288,5886.693,1523.403,0,1495.414,0,120.953,2256,3247,0.480,0.940,1,1,0,1.000,0,0,18,301,0,86,2
16-06 13:16:33,11.501,2.750,82.505,1.500,0,5520284,184136,174056,2131412,6260.377,2607.157,0,2036.123,0,226.014,3727,5608,0.680,0.970,1.020,0,0,0,0,0,18,300,0,87,2
16-06 13:16:34,16.005,3.501,76.775,2.251,0,5520880,183128,174320,2131560,6141.987,2606.843,0,7894.553,0,572.185,5082,7601,0.680,0.970,1.020,0,0,1.000,0,0,18,300,0,80,2
16-06 13:16:35,10.536,2.258,83.536,1.003,0,5520928,182876,174400,2131684,4635.876,1625.567,0,1308.481,0,164.564,3350,4785,0.680,0.970,1.020,1,0,0,0,0,18,300,0,82,2
16-06 13:16:36,5.233,1.246,92.209,0.498,0,5521192,182372,174456,2131868,5941.256,2597.804,0,921.094,0,85.730,2148,3163,0.680,0.970,1.020,2,0,0,0,0,18,301,0,82,2
16-06 13:16:37,16.740,2.748,78.453,0.500,0,5520928,182444,174528,2131988,11645.977,3296.012,0,5572.640,0,706.574,4084,4946,0.680,0.970,1.020,0,0,0,0,0,18,300,0,85,2
16-06 13:16:38,10.251,1.750,85.755,0.750,0,5521388,181688,174648,2132164,17942.078,4771.287,0,1628.098,0,179.011,3153,4317,0.630,0.960,1.010,1,0,0,0,0,18,300,0,76,2
16-06 13:16:39,9.477,2.245,85.294,0.748,0,5521460,181436,174756,2132236,6365.606,2531.877,0,1500.372,0,156.621,3252,4580,0.630,0.960,1.010,0,0,0,0,0,18,300,0,77,2
16-06 13:16:40,6.279,1.256,90.675,0.502,0,5521396,181436,174816,2132240,10869.961,2662.482,0,1101.163,0,96.452,2549,3545,0.630,0.960,1.010,3,0,0,0,0,18,301,0,77,2
16-06 13:16:41,5.739,1.497,89.823,0.998,0,5521616,180932,174900,2132440,12732.968,3453.211,0,1556.939,0,163.678,2896,4324,0.630,0.960,1.010,0,0,0,0,0,18,300,0,77,2
16-06 13:16:42,24.365,5.275,66.563,2.512,0,5521876,180428,175068,2132516,5985.188,1627.666,0,3492.448,0,416.964,7958,11948,0.630,0.960,1.010,1,1,1.005,0,0,18,301,0,72,2
16-06 13:16:43,24.732,5.496,65.702,1.999,0,5522852,178944,175244,2132848,6295.366,1618.808,0,8521.727,0,610.551,8239,12547,0.660,0.960,1.010,2,0,0,0,0,18,300,0,72,2
16-06 13:16:44,24.481,3.997,68.197,1.499,0,5523656,177684,175336,2133212,5233.894,1456.857,95.925,2302.194,4.996,244.808,7357,10587,0.660,0.960,1.010,1,0,0,0,0,18,301,0,74,2
16-06 13:16:45,24.186,5.236,65.326,1.745,0,5523704,177180,175416,2133588,4787.233,1615.691,0,3135.638,0,331.117,7844,11768,0.660,0.960,1.010,1,0,0,0,0,18,301,0,75,2
16-06 13:16:46,26.792,6.761,61.847,2.754,0,5527248,173416,175536,2133688,4525.071,1502.348,0,10328.138,0,729.139,9465,14888,0.660,0.960,1.010,1,0,3.005,0,0,18,300,0,71,2
16-06 13:16:47,26.677,4.986,64.574,1.247,0,5528272,171904,175612,2134100,5043.232,1615.590,0,2269.804,0,255.303,7339,10763,0.660,0.960,1.010,4,0,1.995,0,0,18,300,0,73,2
16-06 13:16:48,7.285,1.507,89.433,0.754,0,5528428,171652,175640,2134168,6007.108,2415.706,0,1286.233,0,134.652,2545,3677,0.600,0.940,1,2,1,1.005,0,0,18,301,0,73,2
16-06 13:16:49,4.730,0.747,91.106,0.996,0,5528316,171652,175692,2134228,5419.567,1848.010,0,1250.593,0,135.414,2431,3785,0.600,0.940,1,1,0,0,0,0,18,300,0,73,2
16-06 13:16:50,10.249,2.500,84.244,1.000,0,5528640,171148,175740,2134360,4240.681,1368.897,0,1915.856,0,196.985,3499,5113,0.600,0.940,1,0,0,0,0,0,18,300,0,69,2
16-06 13:16:51,8.249,1.750,86.994,0.750,0,5530620,169132,175760,2134376,5894.577,2082.851,0,1183.915,0,121.991,2852,3946,0.600,0.940,1,0,0,0,0,0,18,302,0,69,2
16-06 13:16:52,8.983,1.996,87.083,0.749,0,5530736,168884,175800,2134468,5934.601,2336.512,0,7385.813,0,969.138,3495,4541,0.600,0.940,1,0,0,0.998,0,0,18,302,0,70,2
16-06 13:16:53,7.014,1.754,89.183,0.501,0,5530732,168884,175832,2134440,5804.927,1924.955,0,1054.166,0,101.208,2445,3240,0.550,0.930,1,0,0,0,0,0,18,302,0,70,2
16-06 13:16:54,4.751,1.500,92.261,0.250,0,5530556,168884,175852,2134596,4584.550,1524.183,0,704.084,0,50.006,1719,2319,0.550,0.930,1,2,0,0,0,0,18,303,0,68,2
16-06 13:16:55,5.998,1.500,90.724,0.750,0,5530600,168632,175876,2134780,6149.255,2503.290,0,1207.657,0,123.965,2350,3417,0.550,0.930,1,0,0,0,0,0,18,302,0,68,2
16-06 13:16:56,7.499,2.500,85.242,2.250,0,5530776,168380,175908,2134824,6140.399,2148.790,0,5731.439,0,394.961,3425,5128,0.550,0.930,1,0,0,0,0,0,18,302,0,69,2
16-06 13:16:57,8.750,1.750,86.997,0.750,0,5530688,168380,175944,2134876,6047.763,2502.902,0,1359.947,0,155.994,2955,4254,0.550,0.930,1,0,0,0,0,0,18,302,0,69,2
16-06 13:16:58,7.002,1.751,89.529,0.750,0,5530504,168380,175992,2135012,5836.915,2083.684,0,1088.357,0,119.039,2488,3497,0.510,0.910,0.990,0,0,0,0,0,18,302,0,69,2
16-06 13:16:59,10.784,1.756,84.265,1.003,0.251,5530492,168380,176036,2134980,6154.346,2089.568,0,1605.045,0,158.498,3617,5057,0.510,0.910,0.990,1,0,1.003,0,0,18,302,0,68,2
16-06 13:17:00,5.740,1.248,91.585,0.749,0.250,5530080,168380,176060,2135396,6168.881,1617.085,0,998.201,0,93.831,2032,2928,0.510,0.910,0.990,4,0,0,0,0,18,302,0,68,2
16-06 13:17:01,5.241,1.498,90.352,0.998,0,5530268,168128,176100,2135420,12769.046,3346.508,0,1709.195,0,136.776,2797,4050,0.510,0.910,0.990,0,0,0,0,0,18,302,0,68,2
16-06 13:17:02,26.302,6.262,63.124,2.004,0,5530672,167372,176256,2135616,6736.238,1569.084,4.008,3779.428,1.002,445.876,8584,13380,0.510,0.910,0.990,3,0,5.010,0,0,18,303,0,69,2
16-06 13:17:03,25.320,4.512,65.932,2.256,0,5530296,167372,176328,2135920,5053.977,1624.493,32.089,6742.647,1.003,521.442,8256,12617,0.550,0.910,0.990,2,0,0,0,0,18,303,0,65,2
16-06 13:17:04,14.684,3.235,78.395,1.493,0,5531032,166364,176352,2136168,4838.093,1612.698,15.928,2480.767,0.995,244.891,5140,7592,0.550,0.910,0.990,0,0,0,0,0,18,302,0,66,2
16-06 13:17:05,14.499,3.500,78.746,1.500,0,5531168,166112,176396,2136240,4799.747,1661.912,4.000,2031.893,1.000,238.987,4442,6276,0.550,0.910,0.990,1,0,1.000,0,0,18,303,0,66,2
16-06 13:17:06,5.499,3.250,88.488,0.750,0,5529792,160076,176420,2143612,4637.366,1457.801,0,6475.114,0,834.886,2606,3479,0.550,0.910,0.990,0,0,2.000,0,0,18,302,0,67,2
16-06 13:17:07,23.760,4.252,69.028,1.751,0,5529760,159824,176448,2143868,5009.038,1620.659,0,3077.252,0,319.130,6847,10251,0.550,0.910,0.990,1,0,0,0,0,18,303,0,59,2
16-06 13:17:08,25.842,4.265,65.483,2.509,0,5529708,159572,176512,2144108,4413.700,1463.205,0,7972.358,0,645.295,6764,10466,0.590,0.910,0.990,2,0,0,0,0,18,303,0,59,2
16-06 13:17:09,24.169,4.485,68.022,1.246,0,5531228,157808,176520,2144348,4670.355,1680.371,31.893,3261.076,0.997,301.988,7631,11117,0.590,0.910,0.990,1,0,0,0,0,18,304,0,61,2
16-06 13:17:10,24.821,4.513,66.441,1.504,0,5532240,156548,176552,2144564,3766.813,1299.731,0,2142.149,0,267.769,6941,10086,0.590,0.910,0.990,0,1,0,0,0,18,303,0,63,2
16-06 13:17:11,25.516,5.003,65.542,2.001,0,5532948,155540,176596,2144820,2563.645,162.104,0,2945.891,0,330.212,7977,11974,0.590,0.910,0.990,2,0,2.001,0,0,18,303,0,54,2
16-06 13:17:12,17.678,3.735,75.441,0.747,0,5533956,154280,176628,2145040,4504.570,1679.130,0,1641.285,0,154.368,5612,7937,0.590,0.910,0.990,0,0,0.996,0,0,18,303,0,55,2
16-06 13:17:13,8.535,2.761,85.850,0.502,0,5535652,152520,176632,2145100,4656.993,1463.971,0,1389.668,0,122.500,3037,4296,0.540,0.900,0.990,1,0,6.025,0,0,18,303,0,55,2
16-06 13:17:14,26.759,4.752,64.271,2.501,0,5535736,152268,176708,2145192,4265.367,1714.549,0,4141.327,0,455.146,8152,12707,0.540,0.900,0.990,1,0,1.000,0,0,18,303,0,56,2
16-06 13:17:15,25.015,4.753,66.790,1.751,0,5536092,151260,176756,2145796,10187.129,2976.791,0,7640.597,0,504.303,8164,12276,0.540,0.900,0.990,1,0,0,0,0,18,303,0,53,2
16-06 13:17:16,23.416,4.484,67.757,1.993,0,5536496,150756,176788,2145864,5611.900,1626.175,0,2522.963,0,315.869,7638,11452,0.540,0.900,0.990,2,0,0,0,0,18,303,0,54,2
16-06 13:17:17,25.322,5.766,64.432,2.006,0,5536092,150756,176856,2146200,5464.476,1516.294,0,4324.247,0,442.252,8545,12914,0.540,0.900,0.990,1,0,0,0,0,18,303,0,55,2
16-06 13:17:18,24.149,4.232,68.464,0.996,0,5537168,149496,176880,2146360,5556.772,1613.256,0,10436.375,0,187.217,6654,9380,0.660,0.920,0.990,1,0,0,0,0,18,303,0,57,2
16-06 13:17:19,23.983,6.496,65.455,1.999,0,5537700,148488,176944,2146772,5156.443,1688.835,0,7738.662,0,569.607,8013,12181,0.660,0.920,0.990,1,0,0,0,0,18,303,0,53,2
16-06 13:17:20,12.259,3.002,81.563,1.251,0,5537868,148236,176952,2146848,6204.781,2572.982,0,1717.323,0,204.157,3885,5881,0.660,0.920,0.990,0,0,0,0,0,18,302,0,54,2
16-06 13:17:21,9.542,1.758,86.383,1.004,0,5537820,148236,176976,2146872,11490.962,3409.119,0,1285.702,0,148.659,3218,4452,0.660,0.920,0.990,0,1,0,0,0,18,302,0,54,2
16-06 13:17:22,11.712,2.492,82.234,0.997,0,5538816,146976,177012,2147100,5838.105,2628.493,0,1379.535,0,154.500,3715,5245,0.660,0.920,0.990,4,0,0.997,0,0,18,302,0,56,2
16-06 13:17:23,7.740,1.998,89.389,0.499,0,5538756,146976,177024,2147148,4554.359,1617.996,15.980,990.773,0.999,88.890,2647,3659,0.600,0.900,0.990,1,0,0,0,0,18,303,0,48,2
16-06 13:17:24,12.751,2.250,81.256,1.750,0,5538612,146976,177048,2147268,4512.344,2083.159,0,2176.166,0,292.022,4345,6366,0.600,0.900,0.990,0,0,0,0,0,18,302,0,48,2
16-06 13:17:25,5.265,1.003,91.511,0.501,0,5538444,146976,177048,2147436,11342.381,2909.306,0,1259.596,0,118.338,2390,3376,0.600,0.900,0.990,2,0,0,0,0,18,303,0,49,2
16-06 13:17:26,28.724,7.993,59.447,1.998,0,5540156,195968,166420,2108396,4855.632,1618.544,0,3137.178,0,413.628,8535,16590,0.600,0.900,0.990,1,0,35.968,0,0,18,303,0,50,2
16-06 13:17:27,25.720,5.244,63.176,3.246,0,5540140,195620,166632,2108404,4469.781,1456.300,0,12297.641,0,957.882,9391,15171,0.600,0.900,0.990,1,0,0,0,0,18,303,0,46,2
16-06 13:17:28,24.742,5.248,66.727,1.250,0.250,5540052,195368,166724,2108656,4738.392,1619.450,0,2671.094,0,259.912,7764,11261,0.640,0.900,0.990,2,0,0,0,0,18,303,0,48,2
16-06 13:17:29,19.529,4.256,73.108,1.502,0,5539636,195368,166816,2108980,5746.510,2416.579,32.047,2663.945,1.001,278.412,5653,8222,0.640,0.900,0.990,0,0,0,0,0,18,302,0,49,2
16-06 13:17:30,10.497,2.999,83.980,1.250,0,5540140,194864,166892,2108904,4744.864,1685.596,39.990,6058.549,3.999,379.909,3566,5364,0.640,0.900,0.990,1,0,0,0,0,18,303,0,49,2
16-06 13:17:31,10.727,2.245,83.571,1.247,0,5539968,194612,166964,2109256,11551.258,3290.951,0,1991.734,0,206.558,4138,6126,0.640,0.900,0.990,0,0,0,0,0,18,302,0,49,2
16-06 13:17:32,18.339,3.768,73.857,1.758,0,5540116,194364,167072,2109248,4418.351,1627.866,0,2311.168,0,296.432,6087,9139,0.640,0.900,0.990,1,0,1.005,0,0,18,303,0,50,2
16-06 13:17:33,25.447,4.990,65.364,1.497,0,5540068,193608,167172,2109952,4448.760,1454.978,0,3676.364,0,398.173,7975,11981,0.660,0.910,0.990,1,0,0,0,0,18,303,0,50,2
16-06 13:17:34,23.706,4.741,68.373,1.248,0,5540952,192600,167196,2110052,4551.572,1617.006,0,1824.621,0,161.701,7069,9834,0.660,0.910,0.990,1,0,0,0,0,18,303,0,52,2
16-06 13:17:35,9.738,1.998,85.396,1.498,0,5541056,192096,167252,2110396,5790.940,2457.004,0,3256.030,0,296.638,3431,5445,0.660,0.910,0.990,0,0,0,0,0,18,302,0,50,2
16-06 13:17:36,12.015,2.253,83.101,1.001,0,5541724,191340,167284,2110452,21124.666,6104.417,0,1678.039,0,161.196,3498,4609,0.660,0.910,0.990,0,0,0,0,0,18,302,0,51,2
16-06 13:17:37,11.000,1.250,85.247,0.250,0,5541576,191340,167328,2110556,15929.415,4718.827,0,1239.954,0,103.996,2943,3761,0.660,0.910,0.990,1,0,0,0,0,18,302,0,51,2
16-06 13:17:38,10.730,1.747,85.591,0.499,0,5542568,190332,167328,2110572,16529.378,4365.912,0,734.639,0,66.876,2502,2848,0.610,0.890,0.980,1,0,0,0,0,18,303,0,51,2
16-06 13:17:39,10.764,2.253,84.607,1.252,0,5542384,190332,167360,2110724,12053.252,3464.384,0,4970.290,0,372.471,3763,5533,0.610,0.890,0.980,0,0,0,0,0,18,302,0,52,2
16-06 13:17:40,19.963,3.993,71.368,1.996,0,5542464,189828,167456,2111084,4829.099,1617.019,15.971,4312.052,0.998,393.275,6605,9767,0.610,0.890,0.980,2,0,0,0,0,18,303,0,47,2
16-06 13:17:41,25.651,5.281,65.133,2.012,0,5543196,188820,167520,2111296,5900.741,1575.275,0,3911.027,0,401.363,8711,13491,0.610,0.890,0.980,3,0,0,0,0,18,303,0,47,2
16-06 13:17:42,21.417,4.483,69.979,1.743,0,5544144,187564,167560,2111564,6551.647,2573.043,0,3088.050,0,329.724,7060,10862,0.610,0.890,0.980,0,0,0.996,0,0,18,302,0,48,2
16-06 13:17:43,7.749,1.500,87.742,1.000,0,5544096,187564,167580,2111592,5165.556,1966.831,0,1691.855,0,154.987,2820,4060,0.640,0.890,0.980,0,0,0,0,0,18,302,0,48,2
16-06 13:17:44,4.518,1.506,93.871,0.502,0,5543888,187564,167580,2111800,10560.776,2660.524,0,6646.291,0,180.715,1833,2343,0.640,0.890,0.980,2,0,0,0,0,18,302,0,48,2
16-06 13:17:45,8.467,1.245,87.654,0.747,0,5544052,187312,167608,2111860,11572.293,3446.388,0,1948.305,0,149.410,2841,4011,0.640,0.890,0.980,0,0,0,0,0,18,302,0,48,2
16-06 13:17:46,20.841,4.269,71.564,1.507,0,5543856,187312,167660,2112004,5188.767,1735.615,32.141,2840.463,1.004,307.349,6597,9639,0.640,0.890,0.980,1,0,0,0,0,18,303,0,50,2
16-06 13:17:47,26.159,6.477,61.535,2.990,0,5545440,185572,167740,2112080,4473.358,1506.731,0,9674.172,0,747.387,9260,14481,0.640,0.890,0.980,1,1,2.990,0,0,18,303,0,51,2
16-06 13:17:48,26.282,5.256,66.581,0.751,0,5545488,185068,167756,2112520,4491.443,1567.900,0,2266.747,0,105.127,6905,9268,0.670,0.890,0.980,2,0,2.002,0,0,18,303,0,48,2
16-06 13:17:49,10.722,1.746,83.036,1.247,0,5545580,184816,167776,2112660,5617.539,2455.678,0,2776.851,0,271.302,3753,5739,0.670,0.890,0.980,0,0,0.997,0,0,18,302,0,49,2
16-06 13:17:50,9.989,2.247,85.404,0.999,0,5545588,184564,167792,2112888,11890.667,3402.185,0,1374.459,0,134.849,3122,4319,0.670,0.890,0.980,0,0,0,0,0,18,302,0,50,2
16-06 13:17:51,18.054,3.761,74.473,1.254,0,5545580,184312,167852,2113088,4425.246,1516.539,0,2499.482,0,276.829,5676,8485,0.670,0.890,0.980,2,0,0,0,0,18,303,0,50,2
16-06 13:17:52,24.988,5.247,64.718,2.499,0,5546008,183556,167936,2113364,5230.402,1565.222,0,8715.670,0,700.652,8559,13239,0.670,0.890,0.980,2,0,1.000,0,0,18,303,0,49,2
16-06 13:17:53,24.731,4.247,67.697,0.749,0,5546224,183052,167948,2113640,4888.188,1510.822,0,1726.654,0,162.873,7370,10557,0.700,0.900,0.990,1,0,0,0,0,18,303,0,50,2
16-06 13:17:54,25.016,6.004,64.792,2.502,0.250,5546040,183052,168020,2113752,5029.249,1567.012,0,3578.312,0,423.273,8036,12295,0.700,0.900,0.990,1,0,0,0,0,18,303,0,52,2
16-06 13:17:55,25.259,4.502,67.024,1.250,0,5546916,181792,168088,2114068,4465.593,1524.544,0,2464.879,0,240.086,7750,11743,0.700,0.900,0.990,1,0,0,0,0,18,303,0,57,2
16-06 13:17:56,18.481,3.996,73.675,1.498,0,5546704,181792,168144,2114224,6133.748,2579.371,0,2689.259,0,293.701,5610,8073,0.700,0.900,0.990,0,0,0,0,0,18,302,0,57,2
16-06 13:17:57,6.995,1.749,88.939,0.999,0,5546552,181792,168192,2114328,5881.942,2356.374,0,1842.729,0,174.879,2667,3855,0.700,0.900,0.990,2,0,0,0,0,18,302,0,58,2
16-06 13:17:58,10.009,3.003,84.572,0.751,0,5556812,171420,168240,2114392,4243.615,1080.921,0,1697.446,0,160.136,3251,4751,0.640,0.880,0.980,4,0,0,0,0,18,303,0,58,2
16-06 13:17:59,4.747,2.249,89.200,1.999,0,5562032,166036,168288,2114508,6011.654,2081.841,0,6344.468,0,415.769,3065,4941,0.640,0.880,0.980,0,0,0,0,0,18,302,0,58,2
16-06 13:18:00,7.752,1.500,88.023,0.750,0,5562196,165784,168332,2114552,12193.237,3352.890,0,1404.373,0,138.037,2998,4239,0.640,0.880,0.980,0,0,0,0,0,18,302,0,58,2
16-06 13:18:01,21.787,5.259,68.866,2.254,0,5561896,165784,168440,2114744,5956.040,1688.847,0,3233.451,0,379.640,7127,10621,0.640,0.880,0.980,1,0,0,0,0,18,303,0,59,2
16-06 13:18:02,25.475,4.496,64.687,1.998,0,5561944,165532,168500,2114888,7150.053,1618.428,0,3948.164,0,423.588,7835,11900,0.640,0.880,0.980,2,0,0.999,0,0,18,303,0,61,2
16-06 13:18:03,23.244,4.749,68.231,1.000,0,5563296,164020,168540,2115008,5424.519,1619.558,0,1991.456,0,172.953,7116,10180,0.830,0.920,0.990,1,0,0,0,0,18,303,0,61,2
16-06 13:18:04,19.993,4.998,71.475,1.749,0,5563088,163768,168624,2115384,6463.738,2610.087,15.994,8852.903,1.000,527.815,6373,9216,0.830,0.920,0.990,1,0,0,0,0,18,302,0,58,2
16-06 13:18:05,6.752,2.000,89.772,0.250,0,5563080,163768,168644,2115372,5133.251,2017.492,0,1604.391,0,114.028,2429,3408,0.830,0.920,0.990,0,0,0,0,0,18,302,0,58,2
16-06 13:18:06,8.281,2.760,85.322,2.008,0,5562724,163768,168748,2115624,11896.953,3116.777,0,7082.762,0,484.832,4079,6100,0.830,0.920,0.990,1,0,0,0,0,18,303,0,59,2
16-06 13:18:07,25.416,5.233,65.284,1.993,0,5562584,163516,168832,2115932,5464.945,1560.843,0,3576.185,0,402.670,8799,13400,0.830,0.920,0.990,3,0,0.997,0,0,18,303,0,59,2
16-06 13:18:08,25.240,5.498,65.225,1.999,0,5562892,163012,168920,2116040,4798.188,1619.388,0,4386.344,0,487.816,8130,12753,0.840,0.920,0.990,3,0,0,0,0,18,303,0,59,2
16-06 13:18:09,24.812,5.012,66.415,1.253,0,5562564,162760,168952,2116588,4723.760,1515.774,0,2758.869,0,247.616,7709,11341,0.840,0.920,0.990,2,0,0,0,0,18,303,0,61,2
16-06 13:18:10,11.222,3.491,81.796,1.746,0,5562460,162760,169020,2116624,5711.721,2659.352,0,6743.142,0,542.643,4283,6764,0.840,0.920,0.990,0,0,0,0,0,18,302,0,62,2
16-06 13:18:11,8.998,1.500,86.729,1.000,0,5562412,162508,169088,2116856,9820.636,2834.318,0,2347.435,0,209.949,3339,4833,0.840,0.920,0.990,0,0,2.000,0,0,18,302,0,62,2
16-06 13:18:12,10.249,2.000,85.240,0.500,0,5562328,162508,169108,2116920,11513.639,3459.591,0,1231.854,0,137.984,3139,4496,0.840,0.920,0.990,0,0,1.000,0,0,18,302,0,57,2
16-06 13:18:13,11.509,3.002,84.065,0.751,0,5563084,161752,169128,2116900,4641.613,1459.136,0,972.757,0,102.079,3338,4384,0.780,0.900,0.990,2,0,6.005,0,0,18,303,0,58,2
16-06 13:18:14,23.513,4.753,67.537,1.751,0,5562912,161500,169180,2117272,4986.723,1714.936,0,6971.807,0,623.340,7515,10743,0.780,0.900,0.990,1,0,0,0,0,18,303,0,58,2
16-06 13:18:15,24.965,5.492,64.409,2.496,0,5562660,161500,169288,2117416,10853.731,2938.866,0,4505.661,0,424.403,8298,12959,0.780,0.900,0.990,3,0,0,0,0,18,303,0,58,2
16-06 13:18:16,25.010,3.751,68.026,1.250,0,5563316,160492,169340,2117700,5073.928,1512.575,0,5838.219,0,423.161,7130,10694,0.780,0.900,0.990,2,0,0,0,0,18,303,0,56,2
16-06 13:18:17,23.750,5.250,66.501,1.750,0.250,5563576,159988,169380,2117904,4743.064,1566.021,0,3536.048,0,355.005,7524,11197,0.780,0.900,0.990,1,0,0,0,0,18,303,0,56,2
16-06 13:18:18,26.317,4.261,66.169,2.256,0,5563724,159484,169416,2118224,5095.030,1515.877,0,4643.876,0,326.836,7689,11392,0.790,0.900,0.990,1,0,0,0,0,18,303,0,56,2
16-06 13:18:19,25.696,5.488,66.111,0.748,0,5564332,158728,169444,2118344,5149.204,1616.611,0,2255.272,0,205.569,7655,10702,0.790,0.900,0.990,1,0,0,0,0,18,303,0,56,2
16-06 13:18:20,25.558,5.513,64.897,2.255,0,5564452,158224,169492,2118680,5069.522,1461.321,0,3716.447,0,447.016,8103,12407,0.790,0.900,0.990,2,1,0,0,0,18,303,0,48,2
16-06 13:18:21,25.691,3.991,65.101,1.995,0,5564864,157720,169548,2118716,4729.178,1616.301,0,8488.575,0,608.607,7849,12004,0.790,0.900,0.990,1,0,0,0,0,18,303,0,49,2
16-06 13:18:22,24.538,5.508,67.354,1.252,0,5565176,156964,169612,2119096,5004.698,1622.496,0,1910.939,0,216.333,7550,10924,0.790,0.900,0.990,1,1,1.002,0,0,18,303,0,51,2
16-06 13:18:23,26.192,5.238,63.609,2.494,0.249,5564824,156964,169696,2119364,5028.890,1616.429,0,3771.667,0,468.964,8396,12880,0.730,0.890,0.980,1,0,0,0,0,18,303,0,52,2
16-06 13:18:24,23.352,4.269,69.051,0.502,0.251,5565056,155956,169696,2120140,5122.309,1627.086,0,1992.678,0,169.739,6785,9728,0.730,0.890,0.980,1,0,0,0,0,18,304,0,52,2
16-06 13:18:25,14.682,2.737,79.385,1.244,0,5564744,155704,169720,2120680,6402.525,2557.227,0,2452.709,0,242.882,4236,6171,0.730,0.890,0.980,0,0,0,0,0,18,302,0,51,2
16-06 13:18:26,14.558,4.518,78.060,1.004,0,5583048,137308,169744,2122348,6035.984,2592.301,0,2080.266,0,213.850,3996,7139,0.730,0.890,0.980,2,0,34.136,0,0,18,302,0,53,2
16-06 13:18:27,13.268,3.505,81.611,0.501,0,5560684,159476,169776,2120896,5095.928,1514.058,0,1754.385,0,162.221,3558,9360,0.730,0.890,0.980,0,1,2.003,0,0,18,302,0,56,2
16-06 13:18:28,5.475,1.244,90.086,1.493,0,5560556,159476,169816,2120984,6052.201,2558.249,0,5506.706,0,347.404,2692,4122,0.670,0.870,0.980,1,0,0,0,0,18,303,0,56,2
16-06 13:18:29,12.006,3.252,82.290,1.000,0,5560688,159224,169844,2121076,6563.154,2498.201,0,1872.900,0,215.103,4038,5742,0.670,0.870,0.980,0,0,0,0,0,18,302,0,53,2
16-06 13:18:30,14.507,2.501,79.539,1.251,0,5560956,158720,169876,2121280,18324.984,5236.567,0,7383.620,0,454.223,4326,6013,0.670,0.870,0.980,1,0,0,0,0,18,302,0,53,2
16-06 13:18:31,9.749,2.000,85.745,1.250,0,5564476,155116,169900,2121340,12055.289,3525.792,0,1627.904,0,177.990,3368,4834,0.670,0.870,0.980,1,0,0,0,0,18,302,0,53,2
16-06 13:18:32,6.244,2.248,88.409,0.749,0,5565544,154000,169912,2121376,8385.378,2749.173,0,1422.537,0,137.858,2889,4262,0.670,0.870,0.980,0,0,0.999,0,0,18,302,0,53,2
16-06 13:18:33,6.744,1.998,88.421,0.749,0,5565500,154000,169912,2121420,8773.178,2230.012,0,1210.920,0,115.897,2810,3942,0.620,0.860,0.970,1,0,0,0,0,18,303,0,49,2
16-06 13:18:34,26.232,4.997,63.707,2.498,0,5565416,153776,169956,2121684,4994.629,1457.017,0,4860.719,0,524.646,8441,12762,0.620,0.860,0.970,1,0,0,0,0,18,303,0,49,2
16-06 13:18:35,25.058,5.513,66.404,1.503,0,5565888,153020,169980,2121944,4931.432,1623.764,0,7316.961,0,483.120,7887,11763,0.620,0.860,0.970,2,0,0,0,0,18,304,0,49,2
16-06 13:18:36,24.990,4.498,65.974,1.749,0,5566948,151760,170012,2122112,5055.978,1457.417,0,3986.405,0,354.858,7624,11287,0.620,0.860,0.970,1,0,0,0,0,18,303,0,49,2
16-06 13:18:37,24.476,5.245,66.436,1.499,0,5566928,151508,170052,2122344,4404.748,971.063,0,2521.566,0,294.715,7337,10846,0.620,0.860,0.970,1,0,0,0,0,18,303,0,46,2
16-06 13:18:38,22.775,4.255,69.576,1.752,0,5566992,151256,170072,2122512,10792.863,2978.274,0,2951.244,0,303.333,6522,9391,0.650,0.860,0.970,1,0,0,0,0,18,302,0,48,2
16-06 13:18:39,8.246,2.249,85.961,1.249,0,5566800,151256,170076,2122700,6046.267,2385.922,15.993,3974.204,1.000,277.874,3612,5371,0.650,0.860,0.970,0,0,0,0,0,18,302,0,48,2
16-06 13:18:40,3.505,2.003,91.123,1.001,0,5566740,151256,170084,2122752,4746.397,1622.186,0,6252.427,0,396.534,2519,4104,0.650,0.860,0.970,1,0,0,0,0,18,303,0,49,2
16-06 13:18:41,13.471,2.495,80.577,1.247,0,5566600,151004,170092,2123136,5660.868,1916.892,0,2175.338,0,237.491,4372,6269,0.650,0.860,0.970,0,0,0,0,0,18,302,0,47,2
16-06 13:18:42,9.502,2.250,86.516,0.750,0,5567148,150260,170112,2123296,12967.349,3460.627,0,1460.265,0,153.028,3174,4424,0.650,0.860,0.970,1,0,1.000,0,0,18,302,0,47,2
16-06 13:18:43,10.255,2.751,83.794,0.750,0,5567108,150260,170124,2123324,6063.156,1620.844,0,1148.598,0,114.059,3570,5020,0.600,0.850,0.970,7,0,0,0,0,18,303,0,47,2
16-06 13:18:44,25.549,4.759,66.629,1.002,0,5567564,149504,170140,2123608,4628.950,1623.138,0,2849.510,0,299.579,7800,11390,0.600,0.850,0.970,1,0,1.002,0,0,18,303,0,49,2
16-06 13:18:45,25.783,4.506,65.333,2.253,0,5567888,149000,170192,2123736,4635.872,1664.108,0,7609.639,0,635.805,7944,11642,0.600,0.850,0.970,1,0,1.001,0,0,18,303,0,50,2
16-06 13:18:46,24.219,5.743,65.665,1.748,0,5568576,147992,170240,2124008,4404.311,1587.949,0,6727.311,0,450.418,7454,11063,0.600,0.850,0.970,1,1,0.999,0,0,18,303,0,50,2
16-06 13:18:47,8.483,1.247,88.069,0.748,0,5568480,147992,170252,2124092,6034.592,2560.735,0,1381.160,0,134.723,2852,4257,0.600,0.850,0.970,0,0,0,0,0,18,302,0,51,2
16-06 13:18:48,11.997,3.249,83.233,0.750,0,5571928,144468,170280,2124140,11315.639,3459.278,0,1543.678,0,152.968,3857,5153,0.550,0.830,0.960,0,0,2.999,0,0,18,302,0,51,2
16-06 13:18:49,21.581,4.517,70.013,1.757,0,5571632,144468,170332,2124384,4637.393,1626.099,0,2553.578,0,312.171,6656,9943,0.550,0.830,0.960,1,0,2.008,0,0,18,303,0,46,2
16-06 13:18:50,26.394,5.229,63.992,1.992,0,5571440,144216,170380,2124780,4661.213,1613.497,0,5019.768,0,495.005,8457,13232,0.550,0.830,0.960,1,0,0.996,0,0,18,303,0,47,2
16-06 13:18:51,14.247,2.999,79.481,1.750,0,5571832,143712,170424,2124848,5838.629,2566.397,0,4099.038,0,366.914,4729,7156,0.550,0.830,0.960,0,0,0,0,0,18,302,0,48,2
16-06 13:18:52,8.756,1.751,86.057,1.501,0,5571588,143712,170456,2125060,5889.933,2342.564,0,5731.828,0,432.289,3342,5435,0.550,0.830,0.960,0,0,1.001,0,0,18,302,0,48,2
16-06 13:18:53,6.753,1.501,90.294,0.750,0,5571580,143712,170472,2125052,6027.960,2505.230,0,2045.004,0,165.081,2534,3652,0.500,0.820,0.950,0,0,0,0,0,18,302,0,46,2
16-06 13:18:54,7.274,1.254,88.293,0.753,0,5571464,143712,170492,2125148,6790.572,2391.951,0,1814.030,0,192.640,2978,4411,0.500,0.820,0.950,1,0,0,0,0,18,302,0,46,2
16-06 13:18:55,2.740,0.996,95.146,0.249,0,5571452,143712,170492,2125160,4549.095,2009.532,0,801.023,0,42.841,1430,2047,0.500,0.820,0.950,0,0,0,0,0,18,302,0,46,2
16-06 13:18:56,8.274,1.504,88.258,1.003,0,5571484,143460,170496,2125376,11128.517,2909.501,0,1135.317,0,103.302,2555,3355,0.500,0.820,0.950,1,0,0,0,0,18,303,0,47,2
16-06 13:18:57,9.705,1.991,84.611,0.995,0,5571380,143460,170508,2125468,5889.949,2555.264,0,1652.411,0,181.168,3114,4756,0.500,0.820,0.950,0,0,0,0,0,18,302,0,38,2
16-06 13:18:58,8.262,1.252,88.131,0.501,0,5571828,142956,170524,2125508,6418.521,2345.479,0,1366.026,0,136.202,2652,3761,0.540,0.820,0.960,0,0,0,0,0,18,302,0,38,2
16-06 13:18:59,14.249,3.250,80.244,1.000,0,5571868,142704,170544,2125700,6282.501,2309.817,0,1683.866,0,182.985,3721,5215,0.540,0.820,0.960,0,0,0,0,0,18,302,0,39,2
16-06 13:19:00,7.500,2.000,88.249,0.750,0,5571824,142704,170576,2125712,16122.818,3670.958,0,5487.938,0,420.995,2575,3448,0.540,0.820,0.960,0,0,0,0,0,18,302,0,39,2
16-06 13:19:01,5.000,1.250,91.752,0.250,0,5571992,142452,170588,2125784,12503.224,3477.062,0,1020.018,0,89.002,2078,2765,0.540,0.820,0.960,1,0,0,0,0,18,302,0,39,2
16-06 13:19:02,4.520,1.256,93.411,0.251,0,5572244,142200,170596,2125776,15513.327,4566.111,0,731.221,0,47.208,1797,2277,0.540,0.820,0.960,1,0,1.004,0,0,18,302,0,39,2
16-06 13:19:03,2.490,0.996,94.359,0.747,0.249,5572204,142200,170604,2125808,5162.628,1913.080,0,928.158,0,79.670,1549,2355,0.500,0.810,0.950,1,0,0,0,0,18,303,0,39,2
16-06 13:19:04,5.250,1.500,90.499,1.000,0,5574468,139896,170612,2125840,12763.835,3062.960,0,1283.983,0,135.998,2468,3657,0.500,0.810,0.950,0,0,0,0,0,18,302,0,40,2
16-06 13:19:05,10.002,3.000,82.763,2.250,0,5574276,139896,170636,2126008,12279.966,3460.554,0,6693.072,0,474.076,4133,6183,0.500,0.810,0.950,0,0,1.000,0,0,18,302,0,40,2
16-06 13:19:06,20.493,4.248,71.974,1.250,0,5574512,139392,170672,2126240,5278.082,1661.396,0,1939.295,0,227.917,5885,8557,0.500,0.810,0.950,1,0,0,0,0,18,303,0,37,2
16-06 13:19:07,23.260,4.502,69.529,1.251,0,5574968,138636,170712,2126500,5131.174,2501.060,0,1956.829,0,232.098,6243,8990,0.500,0.810,0.950,0,0,0,0,0,18,302,0,38,2
16-06 13:19:08,6.750,1.500,88.748,0.750,0,5574840,138636,170740,2126600,6067.885,1685.968,0,1647.969,0,141.997,2739,3983,0.460,0.790,0.940,1,0,0,0,0,18,303,0,38,2
16-06 13:19:09,12.728,2.246,81.357,0.749,0,5574564,138636,170768,2126848,11477.866,3388.057,0,2443.713,0,233.590,4332,6058,0.460,0.790,0.940,3,0,0,0,0,18,302,0,39,2
16-06 13:19:10,19.084,3.515,75.581,1.255,0,5574472,138636,170800,2126908,4399.251,1693.410,0,3760.456,0,270.182,5849,8671,0.460,0.790,0.940,1,0,1.004,0,0,18,303,0,35,2
16-06 13:19:11,24.932,4.737,67.565,0.748,0,5574400,138384,170832,2127200,4557.488,1615.565,0,2437.308,0,240.340,7940,11732,0.460,0.790,0.940,1,0,1.995,0,0,18,303,0,35,2
16-06 13:19:12,22.307,5.013,69.177,1.754,0,5574732,137880,170880,2127324,5649.423,2411.156,0,7607.422,0,596.523,7012,10594,0.460,0.790,0.940,0,0,1.003,0,0,18,302,0,36,2
16-06 13:19:13,9.262,2.253,86.863,1.001,0,5575036,137376,170884,2127520,4866.343,1622.114,0,1361.775,0,83.108,2650,3482,0.420,0.780,0.940,1,0,6.008,0,0,18,303,0,37,2
16-06 13:19:14,13.493,2.749,80.458,1.499,0,5574892,137376,170908,2127640,4939.409,1551.186,15.992,2330.777,0.999,300.842,4296,6192,0.420,0.780,0.940,2,0,0,0,0,18,303,0,35,2
16-06 13:19:15,6.478,1.246,89.451,0.747,0,5574808,137376,170920,2127712,17881.169,4820.869,0,1152.145,0,120.596,2622,3771,0.420,0.780,0.940,0,0,0,0,0,18,302,0,35,2
16-06 13:19:16,12.501,2.500,82.505,1.000,0,5574816,137124,170928,2127948,6098.367,2404.145,0,5500.331,0,484.029,3590,4873,0.420,0.780,0.940,1,0,0,0,0,18,302,0,36,2
16-06 13:19:17,12.483,2.247,83.137,0.999,0,5574752,137124,170940,2128000,12284.368,3521.233,0,1849.496,0,168.772,3779,4992,0.420,0.780,0.940,0,0,0,0,0,18,302,0,36,2
16-06 13:19:18,10.554,2.010,85.687,0.251,0,5574712,137124,170944,2128036,5023.605,1465.469,0,993.062,0,103.528,3520,5061,0.390,0.770,0.930,1,0,0,0,0,18,303,0,36,2
16-06 13:19:19,25.953,5.490,64.134,2.745,0,5574348,137124,170964,2128380,5048.829,1455.356,0,4751.369,0,514.066,8062,12243,0.390,0.770,0.930,2,0,0,0,0,18,303,0,36,2
16-06 13:19:20,24.804,6.264,63.639,2.756,0,5574688,136620,171012,2128496,4990.932,1623.556,0,8173.904,0,678.486,8552,13175,0.390,0.770,0.930,1,0,0,0,0,18,303,0,37,2
16-06 13:19:21,24.983,4.997,67.203,0.999,0,5574872,136116,171032,2128796,4155.100,1456.983,0,2666.139,0,223.844,7802,11130,0.390,0.770,0.930,1,0,0,0,0,18,303,0,37,2
16-06 13:19:22,17.191,3.737,74.994,1.495,0,5575356,135360,171048,2129052,6094.163,2400.791,15.945,2682.827,0.997,269.080,5265,7758,0.390,0.770,0.930,0,0,0.997,0,0,18,302,0,36,2
16-06 13:19:23,11.000,2.250,84.246,1.000,0,5575524,135136,171068,2129088,4577.806,1457.938,0,2023.914,0,199.992,3658,5358,0.360,0.750,0.930,0,0,0,0,0,18,303,0,36,2
16-06 13:19:24,11.499,2.000,83.496,1.250,0,5573948,136548,171092,2129228,11737.383,3393.821,0,2363.876,0,265.986,3983,5812,0.360,0.750,0.930,2,0,0,0,0,18,302,0,37,2
16-06 13:19:25,10.045,1.758,85.637,1.256,0,5574664,135820,171100,2129232,4801.681,1693.647,0,1229.552,0,138.626,3055,4237,0.360,0.750,0.930,1,0,0,0,0,18,302,0,39,2
16-06 13:19:26,4.980,1.245,91.887,0.498,0,5574416,135820,171108,2129472,5876.812,2559.899,0,2051.904,0,115.544,2111,3248,0.360,0.750,0.930,3,0,0,0,0,18,303,0,36,2
16-06 13:19:27,16.236,5.246,75.935,0.749,0,5579188,163240,170352,2098072,11463.194,3295.181,0,1638.598,0,168.856,4794,15733,0.360,0.750,0.930,0,0,35.969,0,0,18,302,0,38,2
16-06 13:19:28,19.343,4.270,73.352,1.758,0,5579440,162764,170360,2098288,4521.686,1627.807,0,6864.925,0,504.419,6393,9949,0.330,0.740,0.920,1,1,0,0,0,18,303,0,38,2
16-06 13:19:29,26.140,4.730,63.731,2.738,0,5579232,162764,170372,2098484,4361.609,1613.198,0,4234.146,0,488.938,8472,13215,0.330,0.740,0.920,2,0,0,0,0,18,303,0,38,2
16-06 13:19:30,25.585,4.264,67.223,1.254,0,5578844,162764,170388,2098856,4575.185,1625.395,0,2271.539,0,229.763,7624,11118,0.330,0.740,0.920,1,0,0,0,0,18,303,0,33,2
16-06 13:19:31,24.422,5.981,65.541,1.495,0,5579052,162260,170400,2099140,4932.243,2562.813,0,7408.333,0,595.099,7430,10737,0.330,0.740,0.920,0,0,0,0,0,18,302,0,36,2
16-06 13:19:32,5.262,1.503,90.703,0.752,0,5579008,162260,170404,2099180,5804.004,1755.934,0,1872.195,0,155.348,2460,3724,0.330,0.740,0.920,1,0,1.002,0,0,18,303,0,36,2
16-06 13:19:33,13.267,2.503,80.853,2.003,0,5579140,162036,170404,2099272,4806.106,1622.061,0,3656.646,0,500.636,4754,6850,0.460,0.760,0.930,2,0,2.003,0,0,18,304,0,37,2
16-06 13:19:34,7.217,2.488,86.599,1.742,0,5579240,161784,170452,2099376,11385.231,3444.037,0,5960.374,0,416.072,3663,5597,0.460,0.760,0.930,0,0,0,0,0,18,302,0,37,2
16-06 13:19:35,12.006,1.751,82.542,1.251,0,5578972,161784,170484,2099612,5740.911,2410.222,0,2393.213,0,225.114,3568,5388,0.460,0.760,0.930,0,0,0,0,0,18,302,0,38,2
16-06 13:19:36,12.503,3.001,82.517,1.000,0,5585032,155660,170504,2099656,11680.439,3460.723,0,1692.353,0,163.034,3789,5263,0.460,0.760,0.930,0,0,0,0,0,18,302,0,38,2
16-06 13:19:37,9.793,2.260,86.129,0.753,0,5585224,155396,170524,2099708,5278.199,1464.437,0,1309.757,0,120.530,3585,5281,0.460,0.760,0.930,1,0,0,0,0,18,303,0,38,2
16-06 13:19:38,25.660,5.481,62.780,2.740,0,5585336,154892,170572,2100052,10904.866,2986.556,15.944,6290.004,0.997,622.822,8561,13515,0.670,0.800,0.940,5,0,0,0,0,18,302,0,35,2
16-06 13:19:39,25.574,5.767,64.185,2.257,0,5585208,154640,170660,2100344,5373.527,1504.347,0,7441.502,0,612.771,8715,13366,0.670,0.800,0.940,1,0,0,0,0,18,303,0,35,2
16-06 13:19:40,14.975,2.745,79.619,1.248,0,5585296,154388,170672,2100496,6069.983,2557.779,15.974,2523.835,0.998,238.606,4623,6972,0.670,0.800,0.940,0,0,0,0,0,18,302,0,36,2
16-06 13:19:41,12.981,2.496,82.128,0.999,0,5585004,154388,170712,2100748,9927.231,3404.935,0,2787.853,0,174.740,3545,4812,0.670,0.800,0.940,1,0,0,0,0,18,302,0,38,2
16-06 13:19:42,9.746,2.249,85.714,1.000,0,5584976,154388,170764,2100724,7888.724,2082.135,0,1755.271,0,207.914,3219,4548,0.670,0.800,0.940,4,0,1.000,0,0,18,302,0,37,2
16-06 13:19:43,5.013,1.253,91.246,0.251,0,5585080,154136,170796,2100840,11431.775,2680.215,0,1050.829,0,94.254,2163,3045,0.610,0.790,0.930,3,0,0,0,0,18,303,0,37,2
16-06 13:19:44,6.979,1.496,89.982,0.748,0,5584900,154136,170828,2100988,10389.027,1996.049,0,1196.433,0,125.625,2664,3879,0.610,0.790,0.930,1,0,0.997,0,0,18,302,0,37,2
16-06 13:19:45,24.283,4.756,67.342,1.752,0,5584948,153884,170880,2101140,4223.749,1459.987,0,3036.133,0,327.446,6956,10139,0.610,0.790,0.930,2,0,0,0,0,18,303,0,37,2
16-06 13:19:46,21.216,3.994,71.385,1.248,0,5585480,153128,170916,2101328,5614.989,2470.036,0,3833.848,0,347.442,6313,9409,0.610,0.790,0.930,0,0,0,0,0,18,302,0,39,2
16-06 13:19:47,8.003,1.751,88.030,0.500,0,5585308,153128,170924,2101492,6166.102,2538.866,0,1756.599,0,151.051,2665,3730,0.610,0.790,0.930,0,0,0,0,0,18,302,0,35,2
16-06 13:19:48,6.250,1.750,88.505,1.750,0,5585272,153128,170968,2101484,10697.566,2650.140,32.002,6972.369,1.000,421.022,3098,4913,0.560,0.770,0.930,1,0,0,0,0,18,303,0,35,2
16-06 13:19:49,25.747,5.499,64.242,1.750,0,5585072,152888,171020,2101856,4799.432,1619.808,0,3847.544,0,396.953,8159,11970,0.560,0.770,0.930,1,0,0,0,0,18,303,0,35,2
16-06 13:19:50,18.744,4.998,73.477,1.250,0.250,5585520,152144,171040,2102132,5658.192,2560.182,0,2959.054,0,289.907,5634,8029,0.560,0.770,0.930,1,0,3.999,0,0,18,302,0,36,2
16-06 13:19:51,19.305,3.259,74.463,1.254,0.251,5585472,151892,171060,2102412,5032.397,2501.156,0,2057.888,0,209.600,4939,6715,0.560,0.770,0.930,2,0,1.003,0,0,18,303,0,36,2
16-06 13:19:52,9.236,2.746,85.375,0.749,0,5585912,151416,171060,2102448,6102.037,1683.527,0,6674.196,0,459.325,3293,4425,0.560,0.770,0.930,2,0,2.996,0,0,18,303,0,36,2
16-06 13:19:53,6.239,0.998,89.844,0.998,0,5586104,151164,171072,2102496,11685.691,3453.997,0,1908.683,0,165.712,2778,4190,0.520,0.760,0.920,0,0,0,0,0,18,302,0,36,2
16-06 13:19:54,8.504,1.501,87.290,0.750,0,5586052,151164,171072,2102548,11649.400,3461.605,0,1772.822,0,173.080,3156,4400,0.520,0.760,0.920,0,0,0,0,0,18,302,0,37,2
16-06 13:19:55,10.255,2.751,84.540,1.000,0,5586064,150912,171080,2102780,5680.704,2400.143,0,1672.796,0,174.083,3364,4849,0.520,0.760,0.920,0,0,0,0,0,18,302,0,38,2
16-06 13:19:56,11.242,2.998,83.944,1.249,0,5585980,150912,171084,2102860,8373.368,3479.660,0,6735.470,0,403.728,3737,5667,0.520,0.760,0.920,0,0,0,0,0,18,302,0,39,2
16-06 13:19:57,3.001,0.250,95.035,0,0,5585980,150912,171084,2102860,7543.778,2037.750,0,504.186,0,25.009,1208,1607,0.520,0.760,0.920,0,0,0,0,0,18,302,0,39,2
16-06 13:19:58,2.250,1.000,94.736,0.250,0,5585968,150912,171084,2102872,6507.004,1874.713,0,515.921,0,32.995,1232,1685,0.480,0.750,0.920,1,0,0,0,0,18,302,0,39,2
16-06 13:19:59,8.247,2.249,87.222,0.500,0,5585936,150912,171096,2102892,6864.795,2036.346,0,1019.672,0,107.965,2695,3561,0.480,0.750,0.920,3,0,0,0,0,18,303,0,37,2
16-06 13:20:00,11.503,2.501,83.273,1.250,0,5585760,150912,171112,2103052,6519.805,2399.664,0,1684.466,0,202.056,3739,5518,0.480,0.750,0.920,1,0,0,0,0,18,302,0,39,2
16-06 13:20:01,11.992,1.749,83.947,0.999,0,5585952,150660,171124,2103100,14220.942,3457.798,0,1614.971,0,179.885,3578,4868,0.480,0.750,0.920,0,0,0,0,0,18,302,0,39,2
16-06 13:20:02,8.758,1.501,86.580,0.751,0,5586124,150408,171140,2103164,13199.149,3367.099,0,1349.242,0,141.130,3157,4292,0.480,0.750,0.920,1,0,1.001,0,0,18,302,0,39,2
16-06 13:20:03,6.749,1.500,90.986,0.250,0,5586124,150408,171156,2103148,10992.344,3409.486,0,915.862,0,72.989,2242,3030,0.440,0.740,0.910,0,0,0,0,0,18,302,0,40,2
16-06 13:20:04,2.500,0.500,94.485,0.250,0,5586068,150408,171160,2103200,5203.156,1457.764,0,659.893,0,48.992,1499,2119,0.440,0.740,0.910,0,0,0,0,0,18,302,0,40,2
16-06 13:20:05,9.540,2.260,86.866,1.004,0,5586040,150408,171168,2103220,12082.972,3118.154,0,1389.863,0,147.623,3372,4761,0.440,0.740,0.910,1,0,0,0,0,18,303,0,40,2
16-06 13:20:06,24.968,5.243,64.918,1.997,0,5585864,150156,171184,2103632,4811.927,1456.162,0,8529.235,0,596.247,8241,12719,0.440,0.740,0.910,1,0,0,0,0,18,303,0,42,2
16-06 13:20:07,24.196,4.490,66.850,1.497,0,5586088,149652,171208,2103888,4838.149,1508.617,0,2250.952,0,263.409,7397,10860,0.440,0.740,0.910,1,0,0,0,0,18,303,0,39,2
16-06 13:20:08,20.486,4.747,71.451,1.499,0,5586276,149148,171228,2104184,5582.181,2510.283,0,3065.903,0,316.783,6435,9373,0.400,0.720,0.910,0,0,0,0,0,18,302,0,40,2
16-06 13:20:09,11.013,2.253,83.852,1.252,0,5587140,148044,171244,2104408,4805.836,1621.970,0,2034.470,0,189.230,3401,4838,0.400,0.720,0.910,1,0,0,0,0,18,302,0,41,2
16-06 13:20:10,4.994,0.999,92.384,0.499,0,5587096,148044,171244,2104452,5858.658,2561.790,0,1062.668,0,99.875,2071,3068,0.400,0.720,0.910,1,0,0,0,0,18,302,0,41,2
16-06 13:20:11,13.249,3.250,81.241,0.750,0,5587516,147540,171248,2104532,5565.381,2565.714,0,1747.805,0,195.978,3794,5377,0.400,0.720,0.910,0,0,2.000,0,0,18,302,0,39,2
16-06 13:20:12,19.257,2.001,76.276,0.500,0,5589548,145272,171248,2104768,4724.624,1620.557,0,5525.899,0,420.144,3536,3773,0.400,0.720,0.910,1,0,1.000,0,0,18,303,0,42,2
16-06 13:20:13,22.501,3.500,71.753,0.500,0,5595620,139040,171256,2104920,10381.371,3394.121,0,1396.050,0,154.006,4367,5218,0.450,0.730,0.910,2,0,3.000,0,0,18,302,0,43,2
16-06 13:20:14,7.028,2.510,88.605,1.004,0,5596188,138284,171260,2105104,7465.896,2252.018,0,1176.712,0,105.422,2619,3664,0.450,0.730,0.910,1,0,3.012,0,0,18,302,0,43,2
16-06 13:20:15,6.997,1.000,89.708,0.500,0,5592048,142364,171264,2105160,16320.406,4210.041,0,1283.403,0,122.943,2590,3758,0.450,0.730,0.910,3,0,0,0,0,18,303,0,41,2
16-06 13:20:16,4.482,1.245,91.622,1.494,0,5592008,142364,171288,2105176,11570.288,3445.791,0,5823.984,0,380.431,2791,4532,0.450,0.730,0.910,0,0,0,0,0,18,302,0,41,2
16-06 13:20:17,25.008,5.252,65.520,1.751,0,5591880,142364,171316,2105276,4878.471,1620.488,0,3268.985,0,308.093,7658,11097,0.450,0.730,0.910,2,0,1.000,0,0,18,303,0,41,2
16-06 13:20:18,18.463,4.241,74.101,1.247,0,5592788,141132,171316,2105600,5912.080,2464.032,0,3009.931,0,273.449,5538,8207,0.500,0.730,0.910,0,0,0,0,0,18,302,0,42,2
16-06 13:20:19,13.036,2.256,82.229,0.752,0,5592440,141132,171316,2105948,4753.224,1624.519,224.625,1010.812,10.028,83.232,3722,5136,0.500,0.730,0.910,2,0,0,0,0,18,302,0,43,2
16-06 13:20:20,25.523,3.753,68.062,0.751,0,5593112,140124,171324,2106276,4848.414,1459.329,148.135,2157.965,9.008,189.172,7084,9942,0.500,0.730,0.910,1,0,1.001,0,0,18,306,0,61,2
16-06 13:20:21,26.465,4.744,66.662,0.749,0,5593760,139116,171336,2106624,4478.087,1456.077,227.699,1466.064,12.983,134.822,6796,9524,0.500,0.730,0.910,1,0,4.993,0,0,18,306,0,64,2
16-06 13:20:22,26.986,4.748,64.967,1.249,0,5594512,137884,171340,2107100,5881.047,2428.781,0,6800.586,0,548.725,6472,8283,0.500,0.730,0.910,0,0,0.999,0,0,18,305,0,80,2
16-06 13:20:23,7.029,2.510,88.360,1.506,0,5594504,137884,171344,2107104,10544.001,2498.188,0,5281.540,0,331.351,3199,4999,0.450,0.720,0.900,2,0,0,0,0,18,306,0,78,2
16-06 13:20:24,24.412,4.235,66.759,1.495,0.249,5594484,137628,171360,2107364,4561.515,1452.750,3.986,2303.675,0.996,259.064,6493,9317,0.450,0.720,0.900,2,0,0,0,0,18,306,0,79,2
16-06 13:20:25,18.492,3.748,74.219,1.000,0,5594872,137136,171364,2107464,6307.336,2571.914,0,2434.972,0,262.889,5436,7968,0.450,0.720,0.900,0,0,0,0,0,18,305,0,81,2
16-06 13:20:26,8.247,1.749,87.222,1.250,0,5594900,136884,171364,2107688,5747.154,2348.246,0,1715.449,0,180.942,3144,4538,0.450,0.720,0.900,0,0,0,0,0,18,305,0,81,2
16-06 13:20:27,11.267,5.759,80.620,0.501,0,5605904,186836,170348,2048248,6068.999,2352.488,0,1325.966,0,129.192,3671,9478,0.450,0.720,0.900,0,0,36.053,0,0,18,305,0,77,2
16-06 13:20:28,4.511,1.504,93.722,0.501,0,5605000,187708,170348,2048280,4649.007,1461.460,0,1166.762,0,71.168,1855,2635,0.420,0.710,0.900,4,0,0,0,0,18,306,0,77,2
16-06 13:20:29,5.731,0.997,89.448,0.997,0,5604936,187708,170348,2048344,6243.908,2543.409,0,1690.290,0,165.441,2643,4075,0.420,0.710,0.900,0,0,0,0,0,18,305,0,77,2
16-06 13:20:30,24.000,3.250,70.751,0.500,0,5605636,186736,170352,2048612,5511.108,2215.044,0,988.019,0,84.002,4148,4647,0.420,0.710,0.900,1,0,0,0,0,18,304,0,78,3
16-06 13:20:31,5.498,1.499,91.465,0.500,0.250,5605580,186736,170356,2048664,4390.324,2082.205,0,1011.614,0,93.964,2124,3176,0.420,0.710,0.900,2,0,0,0,0,18,305,0,78,3
16-06 13:20:32,3.999,1.000,91.987,0.750,0,5606056,186236,170360,2048684,5425.243,1685.765,0,1603.776,0,125.982,2194,3297,0.420,0.710,0.900,0,0,1.000,0,0,18,304,0,74,3
16-06 13:20:33,5.499,1.500,90.985,0.750,0,5606020,186236,170364,2048716,5834.033,2082.655,0,1127.813,0,106.982,2212,3191,0.380,0.700,0.890,0,0,0,0,0,18,304,0,75,3
16-06 13:20:34,9.506,2.001,85.051,2.001,0,5605956,186236,170388,2048756,11384.814,3462.072,0,5839.495,0,426.255,3696,5599,0.380,0.700,0.890,0,0,0,0,0,18,304,0,75,3
16-06 13:20:35,20.024,4.255,71.837,1.752,0,5606096,185996,170436,2048808,5046.132,1621.971,0,2819.426,0,331.403,6765,10285,0.380,0.700,0.890,1,0,0,0,0,18,305,0,75,3
16-06 13:20:36,25.475,3.996,67.682,0.999,0,5601412,190080,170452,2049392,4765.244,2347.657,0,2281.723,0,242.758,6641,9358,0.380,0.700,0.890,0,0,0,0,0,18,304,0,74,3
16-06 13:20:37,6.029,1.256,89.926,0.754,0,5601644,189828,170464,2049400,6234.569,1694.034,0,1756.330,0,163.777,2497,3889,0.380,0.700,0.890,1,1,1.005,0,0,18,304,0,74,3
16-06 13:20:38,4.223,0.994,92.656,0.745,0,5601416,189828,170492,2049600,11979.211,3866.217,0,1530.191,0,121.223,2105,3261,0.350,0.680,0.890,1,0,0,0,0,18,305,0,74,3
16-06 13:20:39,7.259,1.502,88.859,1.001,0,5601604,189576,170512,2049644,6202.594,2127.605,0,1589.947,0,144.177,2719,3924,0.350,0.680,0.890,0,0,0,0,0,18,304,0,75,3
16-06 13:20:40,8.501,2.000,86.256,0.500,0,5601808,189324,170528,2049676,11636.767,3298.217,0,1468.097,0,152.010,3035,4250,0.350,0.680,0.890,0,0,0,0,0,18,304,0,77,3
16-06 13:20:41,20.074,5.520,71.514,1.756,0,5612340,178516,170548,2049932,5179.100,1625.996,0,2991.031,0,340.255,6380,9783,0.350,0.680,0.890,1,0,0,0,0,18,304,0,77,3
16-06 13:20:42,19.680,6.228,71.495,0.996,0,5447628,343348,170632,2049744,7005.976,266567.865,147.473,7305.905,10.961,426.477,3497,4259,0.350,0.680,0.890,1,0,14.947,0,0,18,304,0,77,3
16-06 13:20:43,1.250,1.000,95.986,0.250,0,5440284,350644,170632,2049808,5159.240,1619.761,0,5471.194,0,418.938,1116,1508,0.330,0.670,0.880,0,0,0,0,0,18,304,0,77,3
16-06 13:20:44,1.501,0.750,96.811,0,0,5440284,350644,170636,2049804,4640.936,1458.923,0,860.544,0,94.060,1071,1523,0.330,0.670,0.880,0,0,0,0,0,18,304,0,74,3
16-06 13:20:45,1.000,0.250,96.987,0,0,5440280,350644,170636,2049808,4381.414,1619.783,0,31.996,0,3.999,907,1332,0.330,0.670,0.880,0,0,0,0,0,18,304,0,74,3
16-06 13:20:46,1.250,1.000,97.246,0,0,5440280,350644,170636,2049808,4463.828,1523.941,0,12.000,0,2.000,1000,1369,0.330,0.670,0.880,0,0,0,0,0,18,304,0,74,3
16-06 13:20:47,1.500,0.750,97.003,0,0,5440276,350644,170636,2049812,4235.130,1458.045,0,0,0,0,936,1388,0.330,0.670,0.880,0,0,0,0,0,18,304,0,74,3
16-06 13:20:48,1.750,0.500,96.505,0,0,5440268,350644,170636,2049820,4260.216,1620.082,0,508.026,0,17.001,1021,1508,0.300,0.660,0.880,0,0,0,0,0,18,304,0,72,3
16-06 13:20:49,1.999,1.000,95.223,0.750,0,5440264,350644,170644,2049816,4456.733,1457.586,0,451.872,0,42.988,1503,2219,0.300,0.660,0.880,0,0,0,0,0,18,304,0,72,3
16-06 13:20:50,2.250,1.000,95.230,0.250,0,5440220,350644,170648,2049856,4217.094,1457.687,0,259.944,0,23.995,1308,1850,0.300,0.660,0.880,0,0,0,0,0,18,304,0,72,3
16-06 13:20:51,3.001,1.000,94.026,0.250,0,5440200,350644,170648,2049876,4681.284,1620.444,0,504.138,0,63.017,1687,2530,0.300,0.660,0.880,1,0,0,0,0,18,304,0,72,3
16-06 13:20:52,7.744,3.747,86.683,0.500,0,5480480,310336,170664,2049888,4753.340,1618.754,0,587.548,0,53.958,2594,3349,0.300,0.660,0.880,0,0,3.997,0,0,18,304,0,67,3
16-06 13:20:53,3.252,1.000,94.046,0,0,5480464,310336,170664,2049904,4862.355,1620.785,0,248.120,0,15.007,1411,1833,0.270,0.650,0.870,0,0,2.001,0,0,18,304,0,69,3
16-06 13:20:54,3.000,1.250,94.501,0.250,0,5480452,310336,170664,2049916,4570.065,1620.023,0,552.008,0,24.000,1416,1968,0.270,0.650,0.870,0,0,1.000,0,0,18,304,0,69,3
16-06 13:20:55,1.250,0.500,97.286,0,0,5480452,310336,170664,2049916,4807.788,1686.627,0,32.012,0,4.001,916,1362,0.270,0.650,0.870,0,0,0,0,0,18,304,0,69,3
16-06 13:20:56,1.250,0.500,96.751,0,0,5480448,310336,170664,2049920,4920.031,1620.010,0,4.000,0,1.000,1024,1439,0.270,0.650,0.870,0,0,0,0,0,18,304,0,66,3
16-06 13:20:57,1.251,0.750,97.304,0,0,5480448,310336,170664,2049920,5119.817,1620.892,0,36.020,0,2.001,942,1368,0.270,0.650,0.870,0,0,0,0,0,18,304,0,66,3
16-06 13:20:58,1.248,0.749,97.355,0,0,5480448,310336,170664,2049920,4750.903,1455.825,0,0,0,0,866,1316,0.250,0.640,0.870,0,0,0,0,0,18,304,0,66,3
16-06 13:20:59,2.252,0.751,95.847,0,0,5480440,310336,170668,2049924,5765.835,1621.641,0,360.365,0,33.033,1310,1890,0.250,0.640,0.870,0,0,0,0,0,18,304,0,66,3
16-06 13:21:00,1.250,0.500,97.249,0.250,0,5480440,310336,170668,2049924,5639.921,1619.977,0,63.999,0,9.000,984,1418,0.250,0.640,0.870,0,0,0,0,0,18,304,0,63,3
16-06 13:21:01,2.250,0.750,95.244,0.500,0,5480420,310336,170676,2049936,7385.553,1685.898,0,435.974,0,51.997,1687,2515,0.250,0.640,0.870,0,0,0,0,0,18,304,0,63,3
16-06 13:21:02,1.500,1.000,95.746,0.250,0,5480416,310336,170676,2049940,5734.758,1457.938,0,459.981,0,38.998,1317,1949,0.250,0.640,0.870,0,0,1.000,0,0,18,304,0,63,3
16-06 13:21:03,1.999,0.500,96.182,0,0,5480416,310336,170676,2049940,5456.160,1618.861,0,815.426,0,138.902,1106,1520,0.230,0.630,0.870,2,0,0,0,0,18,304,0,63,3
16-06 13:21:04,2.252,0.751,96.088,0,0.250,5480416,310336,170680,2049936,5182.766,1459.342,0,340.313,0,26.024,1322,1904,0.230,0.630,0.870,1,0,0,0,0,18,304,0,61,3
16-06 13:21:05,2.004,1.253,95.207,0.251,0,5480400,310336,170688,2049944,5113.137,1623.536,0,424.926,0,42.092,1461,2202,0.230,0.630,0.870,0,0,1.002,0,0,18,304,0,61,3
16-06 13:21:06,1.496,0.249,96.734,0,0,5480400,310336,170688,2049944,4924.460,1454.002,0,0,0,0,1030,1446,0.230,0.630,0.870,0,0,0,0,0,18,304,0,61,3
16-06 13:21:07,1.251,0.751,97.066,0,0,5480400,310336,170688,2049944,5660.837,1663.127,0,72.049,0,6.004,989,1430,0.230,0.630,0.870,0,0,0,0,0,18,304,0,61,3
16-06 13:21:08,1.250,0.500,97.246,0,0,5480396,310336,170692,2049944,4877.779,1499.932,0,35.998,0,5.000,968,1390,0.210,0.620,0.860,0,0,0,0,0,18,304,0,58,3
16-06 13:21:09,1.501,1.001,96.318,0.500,0,5480396,310336,170704,2049932,4471.179,1459.037,0,268.191,0,23.016,1274,1880,0.210,0.620,0.860,0,0,0,0,0,18,304,0,58,3
16-06 13:21:10,1.749,0.500,97.423,0,0,5480380,310336,170704,2049948,4436.504,1618.724,0,7.994,0,0.999,941,1383,0.210,0.620,0.860,0,0,0,0,0,18,304,0,58,3
16-06 13:21:11,2.750,1.250,94.243,0.500,0,5480368,310336,170704,2049960,3923.725,1523.893,0,431.970,0,47.997,1744,2602,0.210,0.620,0.860,0,0,2.000,0,0,18,304,0,58,3
16-06 13:21:12,1.750,0.500,96.011,0.250,0,5480368,310336,170704,2049960,4475.500,1458.163,0,352.039,0,31.003,1279,1933,0.210,0.620,0.860,1,0,1.000,0,0,18,304,0,58,3
16-06 13:21:13,5.749,2.250,90.483,0.750,0,5488428,302272,170724,2049944,132464.701,1771.662,3.999,2899.446,1.000,172.967,1753,2415,0.200,0.610,0.860,0,0,3.999,0,0,18,304,0,53,3
16-06 13:21:14,10.944,5.223,81.830,0,0,5498968,291688,170748,2049964,281534.685,8946.137,151.225,278.572,5.969,13.929,2657,2146,0.200,0.610,0.860,2,0,35.816,0,0,18,304,0,53,3
16-06 13:21:15,17.396,4.538,77.401,0,0,5517908,268776,170752,2053932,292809.547,5811.878,153.289,439.698,3.025,41.348,2459,2082,0.200,0.610,0.860,1,0,19.161,0,0,18,304,0,53,3
16-06 13:21:16,21.192,5.734,71.805,0,0,5508628,264612,170752,2067344,3336.931,538.536,0,151.588,0,5.984,2496,1937,0.200,0.610,0.860,1,0,19.946,0,0,18,304,0,53,3
