"pcp-dstat 6.2.0 CSV Output"
"Author:","PCP team <pcp@groups.io> and Dag Wieers <dag@wieers.com>",,,,"URL:","https://pcp.io/ and http://dag.wieers.com/home-made/dstat/"
"Host:","ubuntu",,,,"User:","ubuntu"
"Cmdline:","dstat -tcmndrylpg --tcp --output /tmp/devstack_logs/dstat-csv.log",,,,"Date:","24 Jun 2026 12:42:03 UTC"
"system","total usage",,,,,"memory usage",,,,"net/total",,"dsk/total",,"io/total",,"system",,"load avg",,,"procs",,,"paging",,"tcp sockets",,,,
"time","total usage:usr","total usage:sys","total usage:idl","total usage:wai","total usage:stl","used","free","buf","cach","net/total:recv","net/total:send","dsk/total:read","dsk/total:writ","read","writ","int","csw","1m","5m","15m","run","blk","new","in","out","lis","act","syn","tim","clo"
24-06 12:42:03,,996680,1415852,168548,5226492,,,,,,,0.960,0.830,0.470,1,1,,,,10,4,0,17,0
24-06 12:42:04,23.004,21.254,53.509,0.750,0,1025772,1386304,168652,5226888,27724.893,10536.860,0,2516.444,0,89.016,6697,5806,1.040,0.850,0.480,2,2,543.096,0,0,10,5,0,17,0
24-06 12:42:05,21.923,21.923,54.559,0.498,0.249,1017480,1393536,168872,5227956,48538.045,17590.407,0,2291.975,0,79.721,6047,5474,1.040,0.850,0.480,2,0,304.932,0,0,10,6,0,17,0
24-06 12:42:06,29.838,17.802,51.150,0.251,0,1025984,1384456,169036,5228136,43363.434,13562.858,0,1684.952,0,57.168,6364,7274,1.040,0.850,0.480,3,0,259.763,0,0,10,6,0,17,0
24-06 12:42:07,29.189,13.721,54.885,0.249,0,1151048,1258376,169208,5353292,23996.625,13971.670,0,4937.635,0,58.876,4640,4635,1.040,0.850,0.480,2,0,120.747,0,0,11,7,0,17,1
24-06 12:42:08,34.551,13.270,51.326,1.001,0,1175084,1209044,169508,5377016,178714.698,9603.224,0,1846.735,0,66.098,4606,3124,1.040,0.850,0.480,2,0,176.261,0,0,11,9,0,18,1
24-06 12:42:09,41.174,8.235,47.912,0.749,0,1207876,1156056,170520,5393540,5144.565,1587.089,31.941,3317.915,1.996,80.852,3447,2327,1.120,0.870,0.490,4,0,29.945,0,0,11,6,0,19,2
24-06 12:42:10,44.622,4.512,48.382,0.501,0,1244524,1103836,171024,5406472,4873.276,1624.425,0,4231.528,0,224.612,3154,1822,1.120,0.870,0.490,1,1,0,0,0,11,6,0,19,2
24-06 12:42:11,33.944,7.238,45.925,9.734,0,1253176,1060876,172980,5435640,4988.812,1617.345,0,29204.067,0,2033.662,11344,19292,1.120,0.870,0.490,2,1,40.933,0,0,11,8,0,19,2
24-06 12:42:12,35.325,9.204,42.042,10.946,0,1261424,1019212,174492,5464656,4714.642,1450.812,0,58979.795,0,3840.971,15037,27993,1.120,0.870,0.490,3,0,41.793,0,0,11,8,0,19,2
24-06 12:42:13,41.369,8.525,47.637,1.504,0,1219324,1067256,175232,5456496,5620.202,2148.193,0,4954.282,0,311.899,4078,3173,1.120,0.870,0.490,4,1,75.217,0,0,11,4,0,19,0
24-06 12:42:14,41.894,7.526,49.670,0.251,0,1289684,996956,175232,5456484,5161.707,2542.723,0,549.886,0,46.158,3003,1630,1.190,0.890,0.500,2,0,35.120,0,0,11,5,0,19,0
24-06 12:42:15,41.467,5.496,51.209,0.749,0,1260224,1019420,175452,5462656,11932.551,3698.072,0,9008.866,0,547.566,3571,3250,1.190,0.890,0.500,4,0,12.990,0,0,11,4,0,19,0
24-06 12:42:16,43.035,9.758,46.038,0.250,0,1296076,981900,175476,5463944,5181.252,1621.331,0,672.552,0,37.030,12027,20525,1.190,0.890,0.500,2,0,13.011,0,0,11,4,0,19,0
24-06 12:42:17,43.515,8.753,45.766,0,0,1302196,975604,175484,5463992,4879.708,1458.510,0,88.031,0,1.000,10086,16769,1.190,0.890,0.500,2,0,53.019,0,0,11,4,0,19,0
24-06 12:42:18,29.010,24.258,44.765,0.500,0,1206600,1079296,175484,5456648,5161.737,1620.545,0,3425.153,0,243.082,6732,5494,1.190,0.890,0.500,2,0,525.177,0,0,11,4,0,19,0
24-06 12:42:19,30.979,17.988,49.967,0,0,1179572,1106160,175484,5456792,5456.375,1660.897,0,19.987,0,4.997,6515,8389,1.260,0.910,0.510,2,0,323.785,0,0,11,4,0,19,0
24-06 12:42:20,44.158,10.229,44.408,0,0,1255316,1030408,175484,5457156,4969.650,1658.546,0,11.975,0,2.994,3794,2471,1.260,0.910,0.510,3,0,124.740,0,0,11,5,0,19,0
24-06 12:42:21,46.245,4.500,48.745,0,0,1297804,987380,175484,5457800,5236.480,1619.839,0,459.954,0,39.996,2830,1354,1.260,0.910,0.510,2,0,1.000,0,0,11,5,0,19,0
24-06 12:42:22,41.868,10.279,47.634,0.501,0,1308660,974128,175504,5460128,5294.939,1624.584,0,3253.179,0,339.959,3963,4714,1.260,0.910,0.510,1,0,40.113,0,0,11,4,0,19,0
24-06 12:42:23,2.493,5.484,91.229,0,0,1304572,978192,175516,5460140,4785.785,1615.202,0,16076.248,0,88.736,2004,1929,1.260,0.910,0.510,0,0,83.751,0,0,11,4,0,19,0
24-06 12:42:24,17.282,4.759,76.389,0,0,1348928,933836,175524,5460144,5289.648,1622.960,0,316.577,0,64.117,1956,1587,1.240,0.910,0.510,1,0,22.040,0,0,11,4,0,19,0
24-06 12:42:25,22.499,2.750,73.997,0,0,1379676,903084,175524,5460148,4577.829,1457.946,0,0,0,0,1715,1194,1.240,0.910,0.510,1,0,0,0,0,11,4,0,13,0
24-06 12:42:26,23.706,1.747,71.366,1.248,0,1397904,884532,175596,5460396,5107.429,1616.970,0,4567.441,0,314.411,3731,4927,1.240,0.910,0.510,1,0,0.998,0,0,11,10,0,13,0
24-06 12:42:27,21.259,5.252,72.532,0.250,0,1319140,963280,175608,5460400,4770.076,1458.635,0,2945.282,0,163.071,2589,2251,1.240,0.910,0.510,1,0,42.018,0,0,11,4,0,15,0
24-06 12:42:28,20.243,3.499,75.472,0.500,0,1366608,915540,175612,5460584,6160.749,3584.690,0,10572.137,0,89.967,2032,1570,1.240,0.910,0.510,0,0,0,0,0,11,5,0,15,0
24-06 12:42:29,20.501,2.500,74.504,1.000,0,1364396,917280,175664,5460952,7983.410,4395.226,268.014,1472.076,66.003,69.004,2726,2797,1.300,0.930,0.520,1,0,2.000,0,0,11,27,0,15,0
24-06 12:42:30,19.210,4.740,74.347,0.249,0,1385512,896136,175672,5460972,8249.036,5396.901,0,1421.078,0,44.908,2533,2057,1.300,0.930,0.520,1,0,43.910,0,0,11,28,0,16,0
24-06 12:42:31,19.036,3.006,75.892,0,0,1446240,835404,175672,5460976,6275.706,3430.399,0,8.015,0,1.002,1700,1179,1.300,0.930,0.520,0,0,1.002,0,0,11,29,0,16,0
24-06 12:42:32,23.785,8.012,67.348,0,0,1422272,859352,175672,5460976,10358.148,6516.530,0,2279.333,0,18.026,4184,12272,1.300,0.930,0.520,2,0,155.227,0,0,11,28,0,18,0
24-06 12:42:33,41.947,10.237,47.440,0,0,1411912,869700,175672,5461004,4811.914,1456.158,0,32351.083,0,194.754,3443,2125,1.300,0.930,0.520,2,0,36.953,0,0,11,28,0,16,0
24-06 12:42:34,32.081,4.511,61.907,0.501,0,1440912,840636,175676,5461064,17303.879,14242.115,0,773.963,0,34.086,4521,5307,1.350,0.950,0.530,1,1,0,0,0,11,30,0,16,0
24-06 12:42:35,43.333,16.935,39.100,0,0,1466664,814728,175680,5461216,11363.328,7039.944,0,294.867,0,33.870,6286,6979,1.350,0.950,0.530,5,0,411.419,0,0,11,28,0,17,0
24-06 12:42:36,79.287,17.313,0,0,0,1606104,675228,175680,5461244,5274.092,1463.297,0,12.044,0,3.011,4961,3114,1.350,0.950,0.530,7,0,165.599,0,0,11,28,0,17,0
24-06 12:42:37,83.761,11.502,1.000,0,0.250,1795248,486044,175680,5461280,19610.642,16691.249,0,0,0,0,5842,4339,1.350,0.950,0.530,6,0,0,0,0,11,32,0,16,0
24-06 12:42:38,80.270,10.753,8.252,0.250,0,1810996,470200,175684,5461520,32342.982,28049.923,0,10882.686,0,496.122,8005,12056,1.350,0.950,0.530,3,0,100.025,0,0,11,30,0,20,0
24-06 12:42:39,30.849,11.942,55.230,0,0,1592644,688512,175684,5461540,9652.731,5762.780,0,561.252,0,23.883,4972,5106,1.330,0.950,0.530,2,0,208.977,0,0,11,28,0,22,0
24-06 12:42:40,20.934,3.988,74.267,0,0,1572668,708488,175684,5461540,5115.977,3070.384,0,175.451,0,8.972,1759,1203,1.330,0.950,0.530,1,0,0,0,0,11,29,0,22,0
24-06 12:42:41,17.079,2.260,79.868,0.502,0,1550212,730916,175692,5461560,11669.808,7132.889,0,1948.987,0,106.491,2968,3475,1.330,0.950,0.530,1,0,1.005,0,0,11,28,0,23,0
24-06 12:42:42,18.528,8.263,71.859,0.250,0,1487000,794096,175716,5461568,4927.481,1664.527,0,4570.940,0,231.351,2943,2585,1.330,0.950,0.530,1,0,68.103,0,0,11,28,0,23,0
24-06 12:42:43,18.260,5.503,75.292,0.250,0,1508536,772552,175716,5461572,8994.024,5479.061,0,90718.678,0,486.272,3003,2705,1.330,0.950,0.530,1,0,0,0,0,11,29,0,23,0
24-06 12:42:44,14.481,8.738,74.900,0.250,0,1454684,826384,175720,5461588,7922.438,4668.776,0,1613.848,0,18.975,3970,3714,1.380,0.970,0.540,1,0,126.831,0,0,11,28,0,24,0
24-06 12:42:45,7.244,23.730,67.442,0,0,1439012,842052,175720,5461592,4626.051,1618.618,0,187.840,0,8.992,5553,3684,1.380,0.970,0.540,1,0,388.668,0,0,11,28,0,24,0
24-06 12:42:46,60.702,28.344,10.033,0,0,1505756,775296,175724,5461600,5374.878,1625.406,0,557.856,0,91.304,5772,4202,1.380,0.970,0.540,6,0,523.742,0,0,11,28,0,24,0
24-06 12:42:47,83.263,10.502,6.751,0,0,1728208,552792,175748,5461628,18605.807,15529.343,0,616.093,0,40.006,5314,3571,1.380,0.970,0.540,8,0,0,0,0,11,32,0,24,0
24-06 12:42:48,68.948,9.243,20.235,0,0,1725632,554948,175784,5462004,41373.879,36454.579,0,643.516,0,59.955,10459,16543,1.380,0.970,0.540,6,0,29.977,0,0,11,29,0,25,0
24-06 12:42:49,79.654,19.976,0.250,0,0,1586104,694456,175792,5462016,4877.132,1974.624,0,387.534,0,24.970,5540,4258,1.750,1.050,0.570,6,0,279.664,0,0,11,28,0,25,0
24-06 12:42:50,88.439,11.775,0,0,0,1742348,538196,175792,5462032,8444.057,5993.818,0,204.437,0,13.028,4992,2687,1.750,1.050,0.570,6,0,0,0,0,11,30,0,25,0
24-06 12:42:51,80.826,10.477,7.234,0,0,1825396,454808,175796,5462360,40470.915,35884.783,0,155.665,0,7.983,7494,10569,1.750,1.050,0.570,9,0,0.998,0,0,11,33,0,26,0
24-06 12:42:52,74.273,12.504,12.504,0,0,1517820,762160,175808,5462572,29807.411,25562.071,0,2080.657,0,145.046,8115,12221,1.750,1.050,0.570,2,0,237.075,0,0,11,28,0,30,0
24-06 12:42:53,41.451,9.489,48.443,0,0,1512148,767824,175808,5462580,4812.325,1456.283,0,211.750,0,10.987,3160,1763,1.750,1.050,0.570,2,0,60.928,0,0,11,28,0,26,0
24-06 12:42:54,33.323,5.011,60.883,0,0.251,1535984,743968,175808,5462600,18064.503,14933.656,0,156.342,0,7.015,4535,4680,1.770,1.070,0.570,1,0,0,0,0,11,30,0,26,0
24-06 12:42:55,45.505,22.252,31.503,0.250,0,1495764,784124,175828,5462644,11075.160,6578.689,0,980.103,0,55.006,6131,5879,1.770,1.070,0.570,3,0,378.040,0,0,11,28,0,28,0
24-06 12:42:56,55.836,7.727,35.895,0,0,1576360,703496,175836,5462668,13102.580,9656.684,0,454.667,0,11.965,3759,2043,1.770,1.070,0.570,3,0,0,0,0,11,31,0,28,0
24-06 12:42:57,54.243,5.499,38.995,0.250,0,1576424,703244,175840,5462852,26651.777,21546.394,0,463.944,0,42.995,7249,10314,1.770,1.070,0.570,4,0,0,0,0,11,28,0,29,0
24-06 12:42:58,74.013,22.831,3.262,0,0,1538644,741012,175844,5462860,5571.793,1517.390,0,216.770,0,20.071,5185,3326,1.770,1.070,0.570,6,0,258.920,0,0,11,28,0,28,0
24-06 12:42:59,68.781,8.473,22.429,0,0,1640632,638984,175844,5462900,24782.126,20958.296,0,490.439,0,7.975,5572,4655,1.790,1.080,0.580,2,0,0,0,0,11,32,0,28,0
24-06 12:43:00,58.942,15.551,23.828,0,0,1517556,761868,175852,5463080,26802.276,22446.091,0,581.895,0,42.137,9380,12843,1.790,1.080,0.580,3,0,325.058,0,0,11,28,0,31,0
24-06 12:43:01,65.247,10.249,24.249,0,0,1603468,675908,175852,5463128,5217.737,1861.906,0,215.989,0,8.000,3760,1548,1.790,1.080,0.580,2,0,1.000,0,0,11,28,1,31,0
24-06 12:43:02,45.963,5.745,46.213,0,0,1605436,673888,175860,5463172,30093.090,25758.534,0,239.809,0,20.983,6911,8732,1.790,1.080,0.580,4,0,0,0,0,11,30,0,29,0
24-06 12:43:03,59.408,19.470,20.219,0,0,1496496,782644,175872,5463344,10260.028,6180.379,0,1086.309,0,74.883,5873,5323,1.790,1.080,0.580,3,0,298.535,0,0,11,28,0,30,0
24-06 12:43:04,55.874,7.517,35.830,0,0.251,1592660,686468,175872,5463356,17299.401,13379.700,0,84.187,0,3.007,4285,2896,1.890,1.110,0.600,3,0,0,0,0,11,31,0,30,0
24-06 12:43:05,52.222,13.743,32.982,0.250,0,1516928,761860,175876,5463692,22882.737,17773.475,0,167.910,0,14.992,7515,9485,1.890,1.110,0.600,7,0,235.874,0,0,11,28,0,33,0
24-06 12:43:06,63.329,12.716,23.187,0,0,1563112,715656,175876,5463712,6180.329,1615.642,0,159.570,0,8.976,3876,1761,1.890,1.110,0.600,3,0,51.860,0,0,11,28,0,33,0
24-06 12:43:07,46.906,5.518,47.407,0,0,1612472,666128,175876,5463880,27814.396,23689.694,0,2211.346,0,114.380,6317,7363,1.890,1.110,0.600,2,0,0,0,0,11,31,0,33,0
24-06 12:43:08,60.847,12.169,26.326,0,0,1529968,748592,175884,5463912,10335.613,5259.202,0,695.399,0,50.665,5613,4879,1.890,1.110,0.600,5,0,111.264,0,0,11,28,0,35,0
24-06 12:43:09,55.312,7.291,36.456,0,0.251,1628512,650024,175888,5463932,15400.930,11827.761,0,1866.536,0,38.216,4037,2713,1.970,1.140,0.610,3,0,0,0,0,11,31,0,35,0
24-06 12:43:10,55.530,11.756,32.017,0.250,0,1510772,767708,175896,5463992,21169.562,17117.349,0,616.337,0,39.021,7286,8932,1.970,1.140,0.610,5,0,177.097,0,0,11,28,0,35,0
24-06 12:43:11,71.939,26.977,0.500,0,0,1555528,722944,175896,5464000,4739.009,1564.682,0,255.785,0,22.981,5573,4563,1.970,1.140,0.610,8,0,463.610,0,0,11,28,0,35,0
24-06 12:43:12,80.869,18.778,0.250,0,0,1747872,530548,175900,5464048,10510.510,8197.096,0,188.278,0,10.015,5718,4569,1.970,1.140,0.610,8,0,329.486,0,0,11,30,1,35,0
24-06 12:43:13,78.683,18.984,1.749,0,0,1817676,460492,175920,5464280,41722.279,37545.855,0,1039.110,0,67.942,8259,10123,1.970,1.140,0.610,9,0,342.707,0,0,11,32,0,35,0
24-06 12:43:14,77.308,21.516,0.500,0,0,1611148,666804,175928,5464484,27292.574,22717.125,0,468.353,0,39.029,7622,8983,2.380,1.240,0.640,6,0,440.332,0,0,11,28,0,36,0
24-06 12:43:15,84.247,15.499,0.500,0,0,1693612,584280,175932,5464540,11937.511,7483.693,0,139.994,0,8.000,5391,3248,2.380,1.240,0.640,4,0,101.996,0,0,11,30,0,36,0
24-06 12:43:16,74.971,9.746,14.994,0,0,1745212,532480,175932,5464740,37863.450,31020.080,0,0,0,0,8101,10330,2.380,1.240,0.640,4,0,0,0,0,11,32,0,37,0
24-06 12:43:17,58.523,23.009,16.506,0,0,1527724,749896,175932,5464808,28901.150,22240.581,0,16.006,0,4.002,8228,11740,2.380,1.240,0.640,2,0,522.201,0,0,11,28,0,41,0
24-06 12:43:18,16.750,31.500,51.000,0,0,1491680,785908,175932,5464836,5499.980,1079.996,0,36.000,0,9.000,6194,4802,2.380,1.240,0.640,3,0,610.998,0,0,11,28,0,41,0
24-06 12:43:19,70.212,25.486,3.998,0,0,1569488,708080,175932,5464856,7582.923,3740.989,0,91.951,0,7.996,5109,3710,2.590,1.310,0.670,3,0,468.748,0,0,11,29,0,41,0
24-06 12:43:20,67.667,7.491,24.220,0,0,1661416,615948,175940,5465052,27067.970,22767.218,0,595.274,0,45.944,5501,7235,2.590,1.310,0.670,4,0,0,0,0,11,31,0,42,0
24-06 12:43:21,69.121,18.532,11.771,0,0,1522204,755104,175976,5465072,14646.607,11191.567,0,1274.228,0,100.175,7141,8311,2.590,1.310,0.670,4,0,268.469,0,0,11,28,0,45,0
24-06 12:43:22,78.749,11.750,9.250,0,0,1625696,651548,175980,5465124,12845.834,9439.878,0,143.998,0,8.000,4775,2600,2.590,1.310,0.670,4,0,7.000,0,0,11,30,0,45,0
24-06 12:43:23,55.209,6.995,35.973,0,0,1636484,640516,175984,5465360,41324.196,36732.619,0,143.893,0,8.993,10538,15986,2.590,1.310,0.670,2,0,0,0,0,11,32,0,45,0
24-06 12:43:24,62.690,8.742,27.724,0,0,1609288,667464,175996,5465592,36051.727,29790.679,0,491.533,0,48.953,11276,17137,2.540,1.320,0.670,4,0,59.943,0,0,11,29,0,45,0
24-06 12:43:25,80.435,13.989,4.996,0.500,0,1586940,689768,176004,5465584,8608.055,6100.079,0,247.800,0,19.984,5318,3827,2.540,1.320,0.670,5,0,61.950,0,0,11,29,0,45,0
24-06 12:43:26,66.270,8.252,24.757,0,0,1654660,621844,176008,5465780,31654.556,28134.493,0,164.050,0,11.003,6953,9115,2.540,1.320,0.670,2,0,0,0,0,11,32,0,45,0
24-06 12:43:27,56.329,5.508,37.302,0.250,0,1655136,621088,176012,5466052,45237.178,38921.358,0,148.207,0,10.014,13286,20705,2.540,1.320,0.670,4,0,0,0,0,11,31,0,46,0
24-06 12:43:28,75.309,18.515,5.755,0,0,1537840,738348,176012,5466084,16168.694,11806.269,0,148.116,0,8.006,6361,6380,2.540,1.320,0.670,4,0,260.204,0,0,11,28,0,49,0
24-06 12:43:29,75.480,9.997,13.996,0,0,1644068,632088,176012,5466116,18012.344,15279.050,0,235.939,0,21.994,4832,3565,2.740,1.380,0.700,3,0,1.000,0,0,11,33,0,49,0
24-06 12:43:30,61.975,7.497,28.988,0,0,1646152,629748,176012,5466360,39153.358,33501.616,0,183.927,0,14.994,10927,16565,2.740,1.380,0.700,4,0,34.986,0,0,11,34,0,48,0
24-06 12:43:31,78.042,15.759,5.503,0,0,1561868,714024,176016,5466364,12597.835,8318.513,0,332.180,0,32.017,5981,5884,2.740,1.380,0.700,5,0,95.052,0,0,11,32,0,48,0
24-06 12:43:32,72.244,9.682,17.875,0.248,0,1674104,601600,176024,5468720,20238.208,17363.349,0,234.358,0,25.819,5386,5999,2.740,1.380,0.700,4,0,33.763,0,0,11,35,0,49,0
24-06 12:43:33,70.432,15.847,13.080,0,0,1663032,612652,176028,5466556,25384.556,20741.101,0,253.554,0,20.123,7348,19803,2.740,1.380,0.700,4,0,122.752,0,0,11,34,0,51,0
24-06 12:43:34,71.942,11.241,16.986,0,0,1588816,686636,176028,5466784,26684.500,22765.657,0,199.839,0,12.990,6318,8391,2.840,1.420,0.720,5,0,90.927,0,0,11,34,0,51,0
24-06 12:43:35,76.634,12.021,10.268,0,0,1627936,647424,176052,5466848,19572.103,16108.067,0,1991.470,0,130.227,6089,8654,2.840,1.420,0.720,4,0,93.162,0,0,11,32,0,53,0
24-06 12:43:36,73.545,12.465,14.210,0,0,1598608,676732,176052,5466864,18554.272,15625.437,0,0,0,0,5548,5083,2.840,1.420,0.720,3,0,42.880,0,0,11,34,0,53,0
24-06 12:43:37,75.437,11.779,12.280,0,0,1630868,644292,176056,5467036,18281.301,14257.330,0,4001.917,0,173.430,5881,5329,2.840,1.420,0.720,4,0,70.174,0,0,11,34,0,55,0
24-06 12:43:38,66.266,12.003,21.255,0,0,1559316,715612,176084,5467236,25674.266,21217.178,0,940.229,0,150.037,6374,7354,2.840,1.420,0.720,4,0,106.026,0,0,11,34,0,57,0
24-06 12:43:39,55.955,13.489,30.226,0,0,1512572,762332,176104,5467240,8753.988,5249.795,0,335.731,0,32.974,4546,3622,2.850,1.450,0.730,2,0,151.878,0,0,11,32,1,54,0
24-06 12:43:40,57.774,7.003,34.014,0,0,1612848,661980,176112,5467312,14021.850,11456.780,0,488.204,0,48.020,4116,3549,2.850,1.450,0.730,1,0,0,0,0,11,34,0,55,0
24-06 12:43:41,48.676,10.234,39.939,0,0,1539932,734708,176120,5467488,22789.162,18287.044,0,1465.759,0,10.983,6895,7676,2.850,1.450,0.730,3,0,96.852,0,0,11,34,0,55,0
24-06 12:43:42,58.871,11.273,29.811,0,0,1527524,747100,176120,5467504,12882.382,9185.812,0,172.353,0,7.014,5235,4298,2.850,1.450,0.730,3,0,86.176,0,0,11,33,0,57,0
24-06 12:43:43,52.248,8.459,37.569,0,0,1589304,685228,176140,5467572,18581.394,15000.662,0,191.079,0,14.928,4916,5586,2.850,1.450,0.730,3,0,56.726,0,0,11,34,0,55,0
24-06 12:43:44,36.149,5.021,57.738,0.502,0,1577000,697312,176164,5467760,19620.007,15595.391,0,393.625,0,35.145,6048,8170,2.700,1.440,0.730,2,0,29.120,0,0,11,32,0,57,0
24-06 12:43:45,38.414,12.971,48.142,0,0,1474652,799656,176168,5467760,4669.564,1616.388,0,235.474,0,11.973,3811,2344,2.700,1.440,0.730,2,0,134.699,0,0,11,32,0,57,0
24-06 12:43:46,34.229,4.497,59.963,0,0,1514236,760056,176176,5467768,15991.010,12556.156,0,151.905,0,7.995,2737,2052,2.700,1.440,0.730,2,0,0,0,0,11,34,0,57,0
24-06 12:43:47,37.372,12.039,50.163,0,0,1467260,806812,176188,5467972,12439.468,8396.315,0,638.076,0,41.134,5749,6455,2.700,1.440,0.730,3,0,138.450,0,0,11,32,0,58,0
24-06 12:43:48,40.152,5.736,53.120,0,0,1531968,742040,176200,5468020,8767.498,5922.475,0,159.609,0,11.971,2856,1910,2.700,1.440,0.730,2,0,0,0,0,11,34,0,58,0
24-06 12:43:49,31.834,7.019,60.159,0.251,0,1508232,765736,176216,5468044,17025.931,13149.701,0,240.635,0,21.056,5160,5764,2.730,1.470,0.740,2,0,58.153,0,0,11,33,0,59,0
24-06 12:43:50,42.504,7.501,48.754,0,0,1542768,731192,176220,5468048,5501.461,2531.212,0,312.026,0,20.002,3048,1933,2.730,1.470,0.740,2,0,7.001,0,0,11,32,0,60,0
24-06 12:43:51,35.391,4.735,59.815,0,0,1550264,723672,176220,5468072,19652.284,16410.301,0,119.630,0,6.978,3925,4199,2.730,1.470,0.740,1,0,0.997,0,0,11,34,0,59,0
24-06 12:43:52,36.868,7.524,54.424,0,0,1511188,762696,176224,5468116,13246.377,8662.713,0,268.860,0,25.080,4960,5601,2.730,1.470,0.740,2,0,48.154,0,0,11,32,0,61,0
24-06 12:43:53,40.381,5.235,53.592,0.249,0,1542112,731764,176228,5468120,10004.523,6475.919,0,139.589,0,7.976,2969,1780,2.730,1.470,0.740,2,0,0,0,0,11,33,0,61,0
24-06 12:43:54,31.490,3.999,62.980,0.250,0,1538752,734932,176244,5468292,21411.338,17821.455,0,231.928,0,21.993,5136,6656,2.670,1.480,0.750,3,0,0,0,0,11,33,0,62,0
24-06 12:43:55,29.333,14.290,55.406,0,0,1433920,839684,176256,5468360,6455.219,2516.101,0,288.815,0,24.068,4513,3843,2.670,1.480,0.750,1,0,282.798,0,0,11,32,0,56,0
24-06 12:43:56,19.243,3.249,77.471,0,0,1462820,810780,176256,5468364,10144.256,6649.546,0,199.926,0,8.997,1984,1578,2.670,1.480,0.750,1,0,0,0,0,11,33,0,56,0
24-06 12:43:57,18.209,2.494,77.577,0,0,1412016,861556,176256,5468388,10866.697,7107.105,0,223.500,0,20.953,3304,3896,2.670,1.480,0.750,1,0,7.982,0,0,11,32,0,57,0
24-06 12:43:58,10.249,19.248,68.744,0,0,1399320,874244,176256,5468396,4997.596,1457.882,0,167.986,0,16.999,4478,3006,2.670,1.480,0.750,1,0,275.978,0,0,11,32,0,57,0
24-06 12:43:59,19.985,2.998,75.945,0,0,1460296,813260,176260,5468396,6464.293,3583.391,0,147.892,0,6.995,1779,1174,2.540,1.470,0.750,1,0,0,0,0,11,33,0,56,0
24-06 12:44:00,18.809,3.009,76.489,0.752,0,1457100,816412,176276,5468424,14011.849,10302.240,0,569.783,0,38.119,3613,4307,2.540,1.470,0.750,1,0,0,0,0,11,32,0,57,0
24-06 12:44:01,19.983,6.245,72.938,0,0,1415960,857548,176280,5468424,4770.962,1456.767,0,79.932,0,6.994,2261,1501,2.540,1.470,0.750,1,0,46.960,0,0,11,32,0,57,0
24-06 12:44:02,19.019,3.253,76.325,0,0,1450912,822580,176284,5468436,10261.021,6658.502,0,184.180,0,19.019,2106,1890,2.540,1.470,0.750,1,0,0,0,0,11,33,0,57,0
24-06 12:44:03,19.695,2.742,75.537,0.249,0,1445912,827396,176304,5468596,14531.106,10624.101,0,454.720,0,31.910,4721,5932,2.540,1.470,0.750,1,0,0,0,0,11,32,0,52,0
24-06 12:44:04,10.777,19.549,68.671,0,0,1406976,866188,176304,5468740,5293.175,1624.042,0,2614.508,0,135.337,4792,3138,2.490,1.480,0.760,2,0,305.761,0,0,11,32,0,52,0
24-06 12:44:05,17.949,22.436,57.835,0,0,1402300,870828,176336,5468740,5564.102,1657.265,0,283.191,0,18.946,5156,3711,2.490,1.480,0.760,3,0,320.085,0,0,11,32,0,54,0
24-06 12:44:06,43.985,6.498,48.983,0,0,1488632,783736,176408,5469424,5475.133,1619.448,0,375.872,0,16.994,2803,1394,2.490,1.480,0.760,2,0,0,0,0,11,32,0,54,0
24-06 12:44:07,37.379,8.028,44.905,7.526,0,1530660,736760,176876,5473288,5418.757,1625.627,0,12988.961,0,1242.300,8941,14226,2.490,1.480,0.760,1,1,62.215,0,0,11,36,0,51,0
24-06 12:44:08,34.237,9.996,40.984,11.745,0,1565828,696944,177680,5477004,4738.153,1619.369,0,49364.758,0,4004.439,16224,30569,2.490,1.480,0.760,5,0,93.963,0,0,11,36,0,51,0
24-06 12:44:09,40.420,7.485,45.660,4.741,0,1514404,748196,177896,5476932,4970.184,1616.807,0,13273.784,0,1375.284,8561,13256,2.450,1.490,0.760,2,0,21.957,0,0,11,32,0,51,0
24-06 12:44:10,45.002,6.500,46.003,1.000,0,1482536,779996,177944,5476952,4742.259,1620.089,0,18653.020,0,1160.063,4736,5726,2.450,1.490,0.760,2,0,1.000,0,0,11,32,0,51,0
24-06 12:44:11,37.505,8.251,42.505,9.501,0,1525928,735736,178312,5477452,4577.572,1620.202,0,15213.900,0,2559.320,15429,27086,2.450,1.490,0.760,2,0,4.000,0,0,11,34,0,47,0
24-06 12:44:12,32.021,7.255,59.788,0.250,0,1441448,820160,178348,5477472,4681.012,1458.939,0,7724.970,0,377.243,3722,3665,2.450,1.490,0.760,1,0,99.064,0,0,11,32,0,47,0
24-06 12:44:13,23.474,3.746,71.920,0.749,0,1484748,776824,178376,5477476,4674.784,1660.148,0,3052.594,0,175.804,2209,2187,2.450,1.490,0.760,1,0,1.998,0,0,11,32,0,47,0
24-06 12:44:14,22.993,2.749,72.729,0.500,0,1479088,782448,178412,5477476,4662.627,1457.571,0,5526.372,0,288.915,2087,2179,2.340,1.480,0.770,1,0,0,0,0,11,32,0,47,0
24-06 12:44:15,22.052,3.508,73.675,0,0,1461144,800368,178412,5477500,5328.650,1623.855,0,148.352,0,2.005,1829,1242,2.340,1.480,0.770,1,0,1.002,0,0,11,32,0,46,0
24-06 12:44:16,22.703,2.994,73.350,0,0,1505700,755812,178412,5477500,5671.382,1616.688,0,0,0,0,1792,1081,2.340,1.480,0.770,1,0,1.996,0,0,11,32,0,46,0
24-06 12:44:17,22.748,3.250,73.492,0,0,1459316,802180,178412,5477512,5443.417,1499.839,0,0,0,0,1744,1145,2.340,1.480,0.770,1,0,1.000,0,0,11,32,0,46,0
24-06 12:44:18,22.004,3.501,73.512,0,0,1498424,763072,178412,5477512,5880.980,1620.270,0,0,0,0,1721,1076,2.340,1.480,0.770,1,0,2.000,0,0,11,32,0,46,0
24-06 12:44:19,23.494,2.499,73.730,0,0,1472024,789464,178420,5477504,4816.704,1457.608,0,211.943,0,1.999,1658,1015,2.230,1.470,0.770,1,0,1.000,0,0,11,32,0,43,0
24-06 12:44:20,22.259,3.751,73.278,0,0,1472024,789372,178420,5477588,4333.685,972.378,0,4.002,0,1.000,1680,1005,2.230,1.470,0.770,1,0,2.001,0,0,11,32,0,41,0
24-06 12:44:21,22.751,3.000,73.252,0,0.250,1495600,765796,178420,5477588,3393.104,486.015,0,140.004,0,11.000,1768,1278,2.230,1.470,0.770,1,0,1.000,0,0,11,32,0,41,0
24-06 12:44:22,22.498,4.250,72.244,0.250,0,1466440,794836,178428,5477668,4619.610,1619.863,0,443.963,0,31.997,1916,1294,2.230,1.470,0.770,1,0,6.999,0,0,11,32,0,41,0
24-06 12:44:23,22.245,3.749,73.735,0,0,1473540,787672,178428,5477700,4757.036,1457.705,0,0,0,0,1744,1185,2.230,1.470,0.770,1,0,1.000,0,0,11,32,0,41,0
24-06 12:44:24,22.240,3.998,72.968,0,0,1479308,781904,178428,5477700,4677.930,1619.284,0,0,0,0,1749,1075,2.130,1.460,0.770,1,0,1.999,0,0,11,32,0,37,0
24-06 12:44:25,22.484,2.748,73.699,0,0,1456660,804532,178428,5477720,4796.681,1618.880,0,0,0,0,1713,1108,2.130,1.460,0.770,1,0,0.999,0,0,11,32,0,37,0
24-06 12:44:26,23.755,2.250,73.265,0,0,1485944,775244,178436,5477716,4878.031,1620.343,0,108.023,0,4.001,1739,1158,2.130,1.460,0.770,2,0,0,0,0,11,32,0,37,0
24-06 12:44:27,21.490,4.498,73.465,0,0,1461704,799436,178436,5477764,4635.805,1457.310,0,143.932,0,1.999,1818,1347,2.130,1.460,0.770,1,0,1.000,0,0,11,32,0,37,0
24-06 12:44:28,22.283,3.756,73.358,0,0,1469768,791372,178436,5477764,4877.206,1622.397,0,0,0,0,1712,1151,2.130,1.460,0.770,1,0,2.003,0,0,11,32,0,35,0
24-06 12:44:29,12.776,14.780,71.397,0,0,1405596,855388,178444,5477908,4992.248,1623.332,0,0,0,0,3828,2488,2.120,1.470,0.780,2,0,177.364,0,0,11,32,0,35,0
24-06 12:44:30,7.736,22.459,67.378,0,0,1401340,859624,178444,5477928,4491.882,1617.078,0,614.889,0,6.987,5188,3510,2.120,1.470,0.780,1,0,316.428,0,0,11,32,0,35,0
24-06 12:44:31,8.523,21.307,69.184,0,0,1392532,868372,178448,5477980,4529.023,1624.312,0,814.161,0,37.098,5421,4095,2.120,1.470,0.780,1,0,305.812,0,0,11,32,0,35,0
24-06 12:44:32,7.989,21.720,67.406,0.749,0,1391940,868904,178484,5478004,4563.638,1617.745,0,5604.188,0,278.612,5761,4720,2.120,1.470,0.780,1,0,328.542,0,0,11,32,0,31,0
24-06 12:44:33,18.006,17.755,64.270,0,0,1397296,863520,178484,5478020,4861.505,1620.502,0,0,0,0,4851,9031,2.120,1.470,0.780,1,0,278.086,0,0,11,32,0,32,0
24-06 12:44:34,21.710,3.743,73.616,0,0,1456016,804816,178484,5478004,5048.780,1455.342,0,642.826,0,116.787,1912,1305,2.030,1.460,0.780,1,0,1.996,0,0,11,32,0,32,0
24-06 12:44:35,23.199,2.744,73.587,0,0,1451756,809060,178484,5478020,5088.757,1616.429,0,15.965,0,0.998,1747,1102,2.030,1.460,0.780,1,0,0.998,0,0,11,32,0,32,0
24-06 12:44:36,22.540,3.506,73.380,0,0,1460556,800280,178484,5478000,5546.802,1622.868,0,140.248,0,2.004,1794,1234,2.030,1.460,0.780,1,0,0,0,0,11,32,0,25,0
24-06 12:44:37,23.218,2.746,73.150,0,0,1478836,781992,178492,5478000,5051.103,1456.012,0,115.842,0,3.995,1862,1197,2.030,1.460,0.780,1,0,1.997,0,0,11,32,0,25,0
24-06 12:44:38,21.293,4.259,73.148,0,0,1493136,767672,178492,5478020,5711.593,1623.295,0,4.008,0,1.002,1867,1291,2.030,1.460,0.780,1,0,1.002,0,0,11,32,0,25,0
24-06 12:44:39,22.981,3.747,73.190,0,0,1527252,733568,178492,5478008,5477.490,1550.723,0,11.990,0,0.999,1807,1095,1.950,1.450,0.780,1,0,1.998,0,0,11,32,0,25,0
24-06 12:44:40,22.070,3.260,73.733,0,0,1501848,758956,178492,5478024,5296.737,1625.135,0,0,0,0,1808,1181,1.950,1.450,0.780,1,0,1.003,0,0,11,32,0,19,0
24-06 12:44:41,22.194,3.990,72.567,0,0,1530316,730508,178492,5478000,4822.819,1454.327,0,2537.591,0,102.741,1982,1542,1.950,1.450,0.780,1,0,2.992,0,0,11,32,0,19,0
24-06 12:44:42,23.010,3.001,73.531,0.250,0,1432804,827984,178504,5478024,4982.094,1620.681,0,408.172,0,23.010,1737,1043,1.950,1.450,0.780,1,0,1.000,0,0,11,32,0,19,0
24-06 12:44:43,21.988,3.498,73.211,0,0,1481204,779580,178504,5478028,4395.637,1457.217,0,11.994,0,0.999,1796,1255,1.950,1.450,0.780,1,0,0.999,0,0,11,32,0,19,0
24-06 12:44:44,22.253,3.751,74.011,0,0,1528172,732624,178504,5478016,4920.730,1690.251,0,16.002,0,2.000,1719,1105,1.870,1.450,0.780,1,0,2.000,0,0,11,32,0,15,0
24-06 12:44:45,22.024,3.254,73.331,0,0,1489184,771600,178504,5478028,4462.913,1459.607,0,0,0,0,1742,1202,1.870,1.450,0.780,1,0,1.001,0,0,11,32,0,15,0
24-06 12:44:46,22.479,3.497,73.680,0,0,1539720,721092,178504,5478000,5531.751,1618.464,0,0,0,0,1825,1210,1.870,1.450,0.780,1,0,1.998,0,0,11,32,0,15,0
24-06 12:44:47,22.750,2.750,73.500,0,0.250,1505248,755536,178504,5478028,5219.988,1619.996,0,72.000,0,3.000,1710,1135,1.870,1.450,0.780,1,0,1.000,0,0,11,32,0,15,0
24-06 12:44:48,22.251,4.000,72.754,0,0,1523836,737004,178504,5477972,5160.295,1620.093,0,0,0,0,1785,1119,1.870,1.450,0.780,2,0,2.000,0,0,11,32,0,11,0
24-06 12:44:49,23.494,2.749,73.732,0,0,1537848,722992,178504,5477972,4918.806,1619.607,0,87.979,0,1.000,1609,931,1.800,1.440,0.780,1,0,0,0,0,11,32,0,11,0
24-06 12:44:50,22.257,3.501,73.273,0,0,1484960,775792,178504,5478060,4981.545,1620.503,0,16.005,0,2.001,1775,1339,1.800,1.440,0.780,1,0,1.000,0,0,11,32,0,11,0
24-06 12:44:51,21.987,4.248,73.207,0,0,1495940,764820,178504,5478048,4754.204,1511.111,0,223.868,0,10.994,2010,1679,1.800,1.440,0.780,1,0,1.999,0,0,11,32,0,11,0
24-06 12:44:52,22.805,2.757,73.678,0.251,0,1537800,722948,178516,5478048,4418.688,1569.797,0,481.164,0,30.073,1822,1275,1.800,1.440,0.780,1,0,2.005,0,0,11,32,0,7,0
24-06 12:44:53,22.213,3.245,73.878,0,0,1490576,770152,178516,5478068,4911.875,1617.325,0,0,0,0,1706,1193,1.800,1.440,0.780,1,0,0.998,0,0,11,32,0,7,0
24-06 12:44:54,22.483,2.748,73.444,0,0,1513380,747348,178516,5478068,5036.155,1618.764,0,23.982,0,0.999,1738,1160,1.740,1.430,0.780,1,0,0.999,0,0,11,32,0,7,0
24-06 12:44:55,22.286,4.006,73.870,0,0,1547868,712872,178516,5478056,4998.092,1622.627,0,204.331,0,45.073,1748,1287,1.740,1.430,0.780,2,0,0,0,0,11,32,0,7,0
24-06 12:44:56,22.965,2.746,73.389,0,0,1549408,711316,178516,5478072,5229.061,1617.544,0,47.927,0,3.994,1721,1098,1.740,1.430,0.780,1,0,1.997,0,0,11,32,0,5,0
24-06 12:44:57,8.526,22.068,67.708,0,0,1410000,850676,178516,5478112,5073.615,1462.501,0,264.815,0,10.031,5198,3583,1.740,1.430,0.780,3,0,322.994,0,0,11,32,0,5,0
24-06 12:44:58,14.707,12.464,71.044,0,0.249,1413812,846840,178516,5478120,5563.869,1615.317,0,47.861,0,1.994,3354,2396,1.740,1.430,0.780,1,0,137.601,0,0,11,32,0,5,0
24-06 12:44:59,23.465,2.746,73.391,0,0,1451756,808884,178516,5478132,5050.506,1455.840,0,0,0,0,1708,1078,1.680,1.420,0.780,2,0,0,0,0,11,32,0,5,0
24-06 12:45:00,21.790,4.007,73.134,0,0,1442176,818184,178516,5478380,5229.551,1622.964,0,0,0,0,1885,1243,1.680,1.420,0.780,1,0,9.016,0,0,11,32,0,3,0
24-06 12:45:01,22.741,4.248,71.973,0.250,0,1446120,814224,178524,5478388,5013.107,1457.450,0,451.829,0,43.983,2079,1611,1.680,1.420,0.780,1,0,3.998,0,0,11,32,0,3,0
24-06 12:45:02,14.272,17.527,67.605,0,0,1415204,844992,178532,5478528,5154.033,1568.444,40.062,456.712,2.003,28.044,4300,2961,1.680,1.420,0.780,2,0,253.395,0,0,11,32,0,3,0
24-06 12:45:03,7.509,21.526,68.333,0,0,1419492,840684,178532,5478548,5138.276,1513.849,0,168.205,0,6.007,5374,3883,1.680,1.420,0.780,1,0,349.427,0,0,11,32,0,3,0
24-06 12:45:04,7.471,22.663,68.237,0,0,1416448,843708,178532,5478568,5160.084,1452.394,0,203.216,0,2.988,5424,3794,1.620,1.420,0.790,2,0,347.658,0,0,11,32,0,3,0
24-06 12:45:05,8.269,22.302,67.657,0,0,1423460,836660,178532,5478588,5232.178,1623.779,0,4.009,0,1.002,5320,3647,1.620,1.420,0.790,2,0,330.770,0,0,11,32,0,3,0
24-06 12:45:06,7.501,22.003,68.508,0,0,1400060,860028,178532,5478612,5325.655,1458.179,0,528.065,0,6.001,5157,3495,1.620,1.420,0.790,1,0,306.038,0,0,11,32,0,3,0
24-06 12:45:07,8.759,22.774,66.569,0,0,1388004,872064,178532,5478628,5509.687,1459.506,0,1289.331,0,81.084,5572,3945,1.620,1.420,0.790,2,0,378.391,0,0,11,32,0,3,0
24-06 12:45:08,9.001,21.751,68.004,0,0,1375716,884332,178532,5478644,6146.359,1620.095,0,708.041,0,9.001,5221,3441,1.620,1.420,0.790,1,0,306.018,0,0,11,32,0,3,0
24-06 12:45:09,7.736,23.207,67.624,0,0,1368112,891924,178532,5478656,5535.696,1616.990,0,790.529,0,8.983,5373,3661,1.570,1.410,0.790,1,0,340.366,0,0,11,32,0,1,0
24-06 12:45:10,8.519,21.047,68.905,0,0,1361928,898084,178532,5478680,4931.089,1623.651,0,112.252,0,4.009,5205,3707,1.570,1.410,0.790,1,0,305.687,0,0,11,32,0,1,0
24-06 12:45:11,7.003,22.008,69.025,0,0,1355476,904512,178532,5478704,4938.767,1620.580,0,168.060,0,6.002,5504,3977,1.570,1.410,0.790,1,0,355.127,0,0,11,32,0,1,0
24-06 12:45:12,8.502,22.006,68.267,0,0,1338160,921812,178532,5478728,4731.183,1620.405,0,984.246,0,141.035,5629,4016,1.570,1.410,0.790,1,0,361.090,0,0,11,32,0,1,0
24-06 12:45:13,8.992,20.982,68.442,0,0,1337084,922856,178532,5478760,4915.867,1660.604,0,47.960,0,11.990,6087,4661,1.570,1.410,0.790,1,0,483.593,0,0,11,32,0,1,0
24-06 12:45:14,14.011,24.269,60.547,0.250,0,1334796,925076,178560,5478796,4743.712,1621.269,0,448.351,0,22.017,6083,5059,1.530,1.400,0.790,3,0,494.387,0,0,11,32,0,3,0
24-06 12:45:15,47.002,26.501,25.501,0,0.250,1466436,793408,178592,5478792,4920.220,1620.073,0,848.038,0,57.003,5960,5197,1.530,1.400,0.790,3,0,471.021,0,0,11,32,0,7,0
24-06 12:45:16,61.429,11.487,24.222,2.247,0,1603848,652608,178748,5481724,5488.637,1498.263,371.569,4942.271,2.997,450.478,5561,5647,1.530,1.400,0.790,2,1,24.971,0,0,11,34,0,7,0
24-06 12:45:17,43.550,12.264,31.286,12.264,0,1641704,603804,179688,5490772,5586.360,1621.846,0,57377.320,0,4011.567,16729,31626,1.530,1.400,0.790,4,0,148.169,0,0,11,36,0,8,0
24-06 12:45:18,40.044,11.441,30.842,13.680,0,1682636,552156,180236,5500536,5561.435,1611.722,0,83101.164,0,5912.631,19736,40578,1.530,1.400,0.790,2,2,83.571,0,0,11,36,0,8,0
24-06 12:45:19,36.174,9.295,37.932,13.816,0,1688768,537636,180392,5508400,12916.001,9701.571,0,63565.134,0,5356.714,19791,38320,1.810,1.460,0.810,1,1,51.246,0,0,11,37,0,8,0
24-06 12:45:20,39.676,17.218,30.693,10.480,0,1567196,651756,180800,5515240,7095.766,2749.871,295.449,39286.726,3.993,3018.370,15451,26256,1.810,1.460,0.810,3,1,306.428,0,0,11,34,0,9,0
24-06 12:45:21,42.305,19.776,25.283,10.514,0,1619368,591996,181340,5521880,7771.106,3813.960,676.880,55076.628,13.017,3927.107,19001,35915,1.810,1.460,0.810,5,1,207.270,0,0,11,35,0,9,0
24-06 12:45:22,36.765,15.006,36.765,9.504,0,1628212,579648,181436,5525164,15411.274,11317.607,924.376,45026.329,14.006,3461.409,17257,31877,1.810,1.460,0.810,2,1,199.081,0,0,11,35,0,9,0
24-06 12:45:23,31.746,7.249,44.744,12.748,0,1555508,647968,181560,5529312,13393.315,8857.886,0,50477.651,0,4234.467,17597,33139,1.810,1.460,0.810,2,0,83.989,0,0,11,34,0,9,0
24-06 12:45:24,36.105,8.217,41.334,11.454,0,1604528,599440,181760,5528616,4840.503,1697.164,0,48556.423,0,4042.717,14148,29115,1.980,1.510,0.830,2,1,23.904,0,0,11,34,0,9,0
24-06 12:45:25,31.136,7.031,47.206,12.304,0,1612752,590092,182016,5529440,14097.650,11013.161,0,41071.608,0,3844.814,17202,32359,1.980,1.510,0.830,2,0,39.171,0,0,11,35,0,9,0
24-06 12:45:26,33.619,5.728,47.067,9.712,0,1606724,594512,182156,5530888,16198.118,12158.799,0,39442.880,0,3284.250,16053,30379,1.980,1.510,0.830,2,0,26.896,0,0,11,34,0,10,0
24-06 12:45:27,38.060,10.767,39.312,10.016,0,1582572,616928,182212,5532532,4627.334,1622.572,0,26209.540,0,2382.776,12405,22651,1.980,1.510,0.830,2,0,107.170,0,0,11,36,0,10,0
24-06 12:45:28,30.820,8.018,45.353,12.779,0,1615424,581512,182268,5534972,10045.884,6504.818,0,39237.382,0,3410.770,15508,29396,1.980,1.510,0.830,6,1,51.116,0,0,11,37,0,10,0
24-06 12:45:29,27.411,8.722,47.845,12.211,0,1607420,586364,182308,5538012,14073.525,10108.337,0,49519.988,0,3962.197,18069,33782,1.980,1.510,0.840,1,2,44.855,0,0,11,37,0,10,0
24-06 12:45:30,29.070,9.773,45.359,12.781,0,1580012,611412,182424,5540200,11730.178,7520.065,0,50930.344,0,4148.967,18785,34828,1.980,1.510,0.840,1,1,87.209,0,0,11,36,0,10,0
24-06 12:45:31,36.932,9.483,36.183,14.473,0,1573420,613296,182536,5544612,5766.373,1617.020,0,61702.287,0,4929.914,18140,35496,1.980,1.510,0.840,3,1,96.822,0,0,11,36,0,10,0
24-06 12:45:32,31.549,7.762,45.070,12.269,0,1591708,595192,182568,5544340,14057.686,9882.245,0,45994.953,0,3737.766,16321,30868,1.980,1.510,0.840,1,1,24.037,0,0,11,37,0,10,0
24-06 12:45:33,32.720,10.241,43.210,10.740,0,1583660,606716,182572,5540864,17921.522,13605.490,0,44531.056,0,3715.584,18677,39255,1.980,1.510,0.840,2,0,50.953,0,0,11,36,0,11,0
24-06 12:45:34,34.951,10.236,40.693,11.234,0.250,1549208,639428,182608,5542560,5394.497,1617.750,0,41801.862,0,3260.465,13542,25122,2.140,1.560,0.850,2,0,81.886,0,0,11,34,0,12,0
24-06 12:45:35,36.618,13.293,47.904,1.756,0,1523948,664596,182620,5542640,9760.333,6510.901,0,13627.748,0,786.525,5848,6460,2.140,1.560,0.850,3,0,212.683,0,0,11,33,0,12,0
24-06 12:45:36,20.000,4.500,73.748,0.250,0,1498480,689804,182620,5542900,9168.776,5365.869,0,1055.974,0,62.998,3515,3773,2.140,1.560,0.850,1,0,33.999,0,0,11,32,0,13,0
24-06 12:45:37,21.441,3.490,74.296,0.249,0,1497056,691224,182620,5542904,5656.500,3071.583,0,526.557,0,32.910,1825,1306,2.140,1.560,0.850,0,0,0,0,0,11,33,0,13,0
24-06 12:45:38,17.254,2.250,78.516,0.500,0,1464776,723492,182620,5542916,11273.305,6871.405,0,3044.622,0,188.038,2842,3328,2.140,1.560,0.850,1,0,2.000,0,0,11,32,0,14,0
24-06 12:45:39,19.001,7.250,73.003,0.250,0,1459508,728756,182620,5542920,5370.185,1714.059,0,152.005,0,10.000,2408,1639,2.050,1.550,0.850,1,0,58.002,0,0,11,32,0,14,0
24-06 12:45:40,19.253,2.000,77.512,0,0,1475300,712868,182620,5543016,11013.722,7766.214,0,28.004,0,4.001,2232,2167,2.050,1.550,0.850,1,0,0,0,0,11,33,0,14,0
24-06 12:45:41,19.743,5.748,74.224,0,0,1467976,720172,182620,5543036,8817.925,5136.209,0,0,0,0,3420,3363,2.050,1.550,0.850,1,0,43.985,0,0,11,32,0,15,0
24-06 12:45:42,19.750,3.000,75.749,0,0,1496252,691888,182620,5543044,4914.918,2451.959,0,331.994,0,43.999,1738,1523,2.050,1.550,0.850,1,0,0,0,0,11,33,0,15,0
24-06 12:45:43,17.001,2.250,79.754,0,0,1489268,698728,182624,5543188,13592.749,9552.527,0,324.018,0,21.001,3359,3937,2.050,1.550,0.850,1,0,0,0,0,11,33,0,15,0
24-06 12:45:44,13.287,15.042,69.944,0.501,0,1437124,750832,182624,5543228,5350.816,2378.586,0,280.777,0,24.067,4255,3078,1.970,1.540,0.850,2,0,195.541,0,0,11,32,0,16,0
24-06 12:45:45,7.498,22.495,67.734,0,0,1435544,752284,182624,5543356,4678.863,1661.596,0,451.890,0,6.998,5215,3453,1.970,1.540,0.850,2,0,310.924,0,0,11,32,0,16,0
24-06 12:45:46,45.030,19.513,34.273,0.250,0,1447404,740216,182644,5543544,4477.978,1458.970,0,844.562,0,60.040,5512,4202,1.970,1.540,0.850,3,0,292.194,0,0,11,32,0,22,0
24-06 12:45:47,64.998,10.750,24.499,0,0,1635348,550880,182700,5544880,4499.835,1619.941,0,307.989,0,9.000,3702,1482,1.970,1.540,0.850,3,0,2.000,0,0,11,32,0,22,0
24-06 12:45:48,65.945,9.992,23.480,0,0,1777316,404272,182852,5548928,4274.449,1456.790,0,9400.191,0,152.873,4133,1894,1.970,1.540,0.850,3,0,5.995,0,0,11,32,0,22,0
24-06 12:45:49,39.383,7.478,38.885,11.217,0,1789932,381128,182968,5558744,4965.271,1615.209,0,53616.951,0,4114.794,17254,31481,2.130,1.580,0.870,1,4,155.539,0,0,11,38,0,22,0
24-06 12:45:50,24.587,8.781,46.916,15.806,0,1790036,371048,183044,5568340,4997.654,1625.743,0,92615.166,0,6566.195,23470,47158,2.130,1.580,0.870,3,0,214.759,0,0,11,38,0,22,0
24-06 12:45:51,25.214,8.987,46.683,15.228,0,1797460,355176,183096,5576440,4869.981,1617.668,0,82692.810,0,6402.771,22927,44290,2.130,1.580,0.870,1,1,159.770,0,0,11,38,0,22,0
24-06 12:45:52,40.314,11.518,31.299,13.521,0,1734408,407548,183204,5586680,4224.659,1460.302,0,65527.286,0,5165.141,19637,38429,2.130,1.580,0.870,1,1,234.369,0,0,11,36,0,22,0
24-06 12:45:53,45.295,10.204,28.122,13.439,0,1797708,337800,183236,5592824,4300.491,1612.684,0,66482.404,0,4725.563,18420,34436,2.130,1.580,0.870,2,1,57.738,0,0,11,36,0,22,0
24-06 12:45:54,37.166,9.794,34.404,14.565,0,1843332,280640,183260,5603912,5012.379,1627.265,0,79390.464,0,5106.801,18408,36435,2.280,1.620,0.890,3,2,8.036,0,0,11,38,0,22,0
24-06 12:45:55,34.085,10.947,38.564,13.435,0,1777800,342980,183288,5606916,4478.374,1612.215,0,70101.482,0,5125.250,19993,37699,2.280,1.620,0.890,4,0,143.308,0,0,11,36,0,22,0
24-06 12:45:56,34.160,5.777,47.723,10.298,0,1768744,349688,183316,5609168,5201.296,1627.603,0,53851.549,0,3980.594,14932,27915,2.280,1.620,0.890,3,0,69.324,0,0,11,36,0,22,0
24-06 12:45:57,21.688,14.957,61.324,0.249,0,1489304,629088,183316,5609204,4991.683,1615.367,0,4566.901,0,261.251,4618,3980,2.280,1.620,0.890,1,0,248.288,0,0,11,32,0,22,0
24-06 12:45:58,21.494,4.249,72.978,0.500,0,1480060,638332,183316,5609204,5364.411,1619.520,0,1279.621,0,76.977,2015,1741,2.280,1.620,0.890,1,0,1.000,0,0,11,32,0,22,0
24-06 12:45:59,23.443,2.743,72.323,0.249,0,1533840,584424,183316,5609332,4874.102,1616.055,0,4788.311,0,281.313,2342,2367,2.180,1.610,0.890,1,0,1.995,0,0,11,34,0,22,0
24-06 12:46:00,23.855,2.260,72.821,0.251,0,1397748,720508,183316,5609340,4517.895,1518.688,0,140.619,0,12.053,2293,1797,2.180,1.610,0.890,1,0,12.053,0,0,11,32,0,22,0
24-06 12:46:01,21.962,4.492,72.625,0,0,1443060,675192,183316,5609344,5154.136,1563.312,0,0,0,0,2101,1459,2.180,1.610,0.890,1,0,16.971,0,0,11,32,0,22,0
24-06 12:46:02,23.452,2.994,73.350,0,0,1493064,625188,183316,5609344,3999.802,646.675,0,39.918,0,4.990,1801,1225,2.180,1.610,0.890,1,0,0,0,0,11,32,0,22,0
24-06 12:46:03,24.615,2.261,72.842,0.251,0,1512164,606084,183316,5609348,5234.552,1356.362,0,112.528,0,16.075,2106,1680,2.180,1.610,0.890,2,0,2.009,0,0,11,34,0,22,0
24-06 12:46:04,13.253,28.507,55.763,0.250,0,1391012,727196,183324,5609368,5461.301,1620.386,0,876.209,0,112.027,5773,4626,2.320,1.650,0.910,3,0,574.137,0,0,11,32,0,22,0
24-06 12:46:05,11.249,36.245,50.244,0.750,0,1401688,716452,183324,5609436,5357.334,1457.819,0,6511.190,0,321.960,7304,6865,2.320,1.650,0.910,1,0,735.908,0,0,11,32,0,22,0
24-06 12:46:06,7.997,22.742,66.978,0.750,0,1386144,731940,183324,5609492,6074.978,1619.461,0,4390.539,0,218.927,5735,4384,2.320,1.650,0.910,1,0,371.876,0,0,11,32,0,22,0
24-06 12:46:07,8.495,19.738,69.459,0,0,1388324,729728,183324,5609524,5594.681,1457.135,0,103.938,0,5.996,5077,3484,2.320,1.650,0.910,1,0,281.833,0,0,11,32,0,22,0
24-06 12:46:08,8.237,21.716,68.643,0,0,1361244,756780,183324,5609548,4269.334,754.821,0,467.270,0,7.988,5143,3444,2.320,1.650,0.910,1,0,268.581,0,0,11,32,0,22,0
24-06 12:46:09,10.765,21.781,65.344,0,0,1366796,751200,183324,5609916,4468.410,1243.784,0,28.040,0,7.010,6419,5975,2.140,1.620,0.900,10,0,312.448,0,0,11,32,0,22,0
24-06 12:46:10,25.768,16.761,56.038,0,0,1413652,704288,183332,5609924,4683.189,1621.104,0,1164.793,0,172.117,5334,5868,2.140,1.620,0.900,4,0,169.115,0,0,11,32,0,22,0
24-06 12:46:11,43.409,8.732,47.650,0,0,1516892,600968,183332,5610108,3795.018,484.980,0,39.916,0,0.998,2982,1509,2.140,1.620,0.900,2,0,22.952,0,0,11,33,0,22,0
24-06 12:46:12,50.498,3.750,44.748,0,0,1589864,527916,183348,5610168,4991.795,1511.938,0,491.980,0,21.999,3703,2680,2.140,1.620,0.900,3,0,16.999,0,0,11,49,0,22,0
24-06 12:46:13,42.608,9.023,47.370,0.251,0,1635764,477516,183404,5614216,4992.639,1624.111,0,2213.604,0,196.497,6094,8291,2.140,1.620,0.900,1,0,39.099,0,0,11,48,0,22,0
24-06 12:46:14,8.496,20.739,68.964,0,0,1657092,456132,183408,5614244,5397.186,1619.156,0,295.846,0,17.991,4925,3404,2.050,1.610,0.900,5,0,270.859,0,0,11,48,0,22,0
24-06 12:46:15,17.958,14.965,65.347,0.249,0,1658828,454312,183408,5614252,4968.382,1658.123,0,155.636,0,7.981,6042,8466,2.050,1.610,0.900,0,0,182.573,0,0,11,48,0,22,0
24-06 12:46:16,0.750,1.000,97.241,0,0,1659276,453864,183408,5614252,5922.427,1619.843,0,919.911,0,15.998,851,1229,2.050,1.610,0.900,0,0,3.000,0,0,11,48,0,22,0
24-06 12:46:17,0.750,0.500,98.228,0,0,1659276,453864,183408,5614252,5484.771,1619.637,0,47.989,0,3.999,671,995,2.050,1.610,0.900,0,0,1.000,0,0,11,48,0,22,0
24-06 12:46:18,0.251,0.752,98.042,0,0,1659276,453864,183408,5614252,5558.583,1570.686,0,2391.133,0,18.054,812,1039,2.050,1.610,0.900,0,0,3.009,0,0,11,48,0,15,0
24-06 12:46:19,0.748,0.499,98.498,0,0,1659276,453864,183408,5614248,5085.015,1508.149,0,0,0,0,714,1009,1.880,1.580,0.900,0,0,0.997,0,0,11,48,0,15,0
24-06 12:46:20,12.788,13.541,72.217,0,0,1603248,509776,183408,5614384,5235.710,1624.876,0,8.024,0,2.006,4973,5328,1.880,1.580,0.900,2,0,210.632,0,0,11,48,0,15,0
24-06 12:46:21,13.202,15.444,69.248,0,0.249,1665664,447352,183408,5614392,5277.809,1655.979,0,3.986,0,0.996,4903,5883,1.880,1.580,0.900,1,0,241.123,0,0,11,48,0,15,0
24-06 12:46:22,22.551,23.052,52.619,0.251,0,1690036,422876,183408,5614888,5167.727,1862.226,0,428.973,0,33.075,6529,7115,1.880,1.580,0.900,1,0,367.835,0,0,12,64,0,14,0
24-06 12:46:23,17.253,12.002,68.762,0,0,1697068,415884,183408,5614388,4518.816,1458.263,0,476.086,0,12.002,5075,5934,1.880,1.580,0.900,0,0,156.028,0,0,12,64,0,14,0
24-06 12:46:24,4.503,9.506,84.553,0.500,0.250,1699068,413860,183408,5614456,3590.269,648.410,0,568.359,0,29.018,2674,2602,1.730,1.560,0.890,1,0,173.109,0,0,12,64,0,14,0
24-06 12:46:25,18.705,15.962,62.849,0,0,1692492,420424,183408,5614476,4567.010,1454.500,0,5059.824,0,371.107,5821,7293,1.730,1.560,0.890,1,0,183.558,0,0,14,64,0,14,0
24-06 12:46:26,8.006,19.015,70.805,0,0,1699988,412876,183408,5614512,4852.748,1513.169,0,8.006,0,2.002,4898,3603,1.730,1.560,0.890,2,0,271.209,0,0,14,66,0,13,0
24-06 12:46:27,8.255,21.013,68.791,0,0,1687180,425528,183408,5614668,4820.882,1500.897,0,24.014,0,6.004,5092,3527,1.730,1.560,0.890,1,0,266.159,0,0,14,66,0,13,0
24-06 12:46:28,13.215,19.948,64.830,0,0,1677368,435328,183408,5615040,4833.355,1645.695,0,19.948,0,4.987,5606,5007,1.730,1.560,0.890,1,0,258.324,0,0,14,66,0,13,0
24-06 12:46:29,23.068,19.307,55.914,0,0.251,1719512,393152,183420,5614692,4425.018,1516.461,0,40.118,0,3.009,5909,6288,1.750,1.560,0.900,4,0,235.693,0,0,14,66,0,13,0
24-06 12:46:30,30.012,24.510,45.519,0,0,1781600,331000,183420,5614748,4487.851,1566.646,0,528.218,0,9.004,6014,4257,1.750,1.560,0.900,2,0,403.166,0,0,14,66,0,13,0
24-06 12:46:31,28.975,25.727,43.962,0,0,1848700,262284,183500,5616176,5144.497,1510.678,0,31.972,0,4.996,6780,7500,1.750,1.560,0.900,2,0,451.605,0,0,14,70,0,15,0
24-06 12:46:32,27.765,26.264,43.523,0,0,1945712,165240,183500,5616192,3974.110,1062.564,0,36.019,0,9.005,5921,4399,1.750,1.560,0.900,3,0,366.194,0,0,14,70,0,15,0
24-06 12:46:33,41.685,21.966,34.946,0,0,1945224,185080,178152,5602876,4067.693,1132.244,19.969,5663.219,2.995,396.385,6986,17034,1.750,1.560,0.900,3,0,289.551,0,0,14,70,0,16,0
24-06 12:46:34,45.358,26.814,27.566,0,0,2006596,179064,176616,5550004,4811.481,1623.875,4.010,8.019,1.002,2.005,5967,4801,1.930,1.600,0.920,4,0,377.902,0,0,14,70,0,16,0
24-06 12:46:35,56.911,23.962,17.972,0,0,2112616,141720,167692,5492100,4972.186,1617.458,215.661,627.015,10.983,8.986,6157,8206,1.930,1.600,0.920,9,0,337.470,0,0,14,70,0,13,0
24-06 12:46:36,66.125,25.951,6.987,0.749,0,2203436,262768,166968,5285464,4959.613,1509.144,1652.872,1405.340,103.804,94.821,5485,5309,1.930,1.600,0.920,2,2,419.207,0,0,14,70,0,13,0
24-06 12:46:37,72.948,22.812,2.507,0.752,0,2368508,175000,168928,5208416,4993.540,1624.405,2334.330,545.479,139.378,30.082,6744,8057,1.930,1.600,0.920,4,0,299.813,0,0,14,74,0,13,0
24-06 12:46:38,64.202,26.480,5.746,3.497,0,2445616,140512,168592,5166716,4856.402,1618.801,1167.135,32008.286,55.959,2196.373,14126,25748,1.930,1.600,0.920,5,1,392.709,0,0,14,76,0,13,0
24-06 12:46:39,70.802,26.085,2.484,0.497,0,2585836,141840,168712,5028544,4998.366,1649.560,492.881,12258.418,27.824,1030.478,12685,22485,2.900,1.810,0.990,13,0,333.887,0,0,14,80,0,15,0
24-06 12:46:40,70.026,25.945,3.275,0,0,2677260,195268,168720,4886408,4836.296,1632.250,495.720,1108.318,14.106,59.446,9848,13978,2.900,1.810,0.990,4,0,403.025,0,0,14,87,0,21,0
24-06 12:46:41,51.146,26.446,20.708,0,0,2751156,119756,168724,4888204,5106.654,1616.724,3.992,942.091,0.998,58.881,7702,9372,2.900,1.810,0.990,3,0,449.090,0,0,14,89,0,25,0
24-06 12:46:42,38.905,19.702,40.402,0,0,2787404,152960,168724,4820464,4788.327,1705.841,0,774.113,0,42.895,6441,8177,2.900,1.810,0.990,2,0,253.382,0,0,14,91,0,25,0
24-06 12:46:43,59.825,16.521,22.528,0.501,0.250,2925508,150752,168732,4687312,4816.057,1622.040,3188.009,3396.271,35.044,41.052,5886,8397,2.900,1.810,0.990,2,0,137.173,0,0,14,94,0,27,0
24-06 12:46:44,39.911,9.538,49.198,0.753,0,2991440,154232,168748,4619768,5018.211,1463.896,8.032,4650.731,2.008,242.979,4440,4357,2.830,1.810,0.990,2,0,80.324,0,0,14,97,0,28,0
24-06 12:46:45,7.991,20.727,70.172,0.250,0,3004484,141104,168748,4619892,4467.031,1510.320,0,707.213,0,43.951,5254,3780,2.830,1.810,0.990,2,0,287.680,0,0,14,97,0,28,0
24-06 12:46:46,6.745,20.235,70.698,0,0,3009964,135592,168748,4619924,4673.559,1079.206,3.997,119.912,0.999,12.990,5224,3730,2.830,1.810,0.990,2,0,274.798,0,0,14,97,0,28,0
24-06 12:46:47,7.984,19.211,70.608,0,0,3008692,136844,168748,4619944,5015.924,1562.861,0,31.936,0,3.992,5000,3342,2.830,1.810,0.990,1,0,255.487,0,0,14,97,0,21,0
24-06 12:46:48,17.797,10.528,71.188,0,0,3058448,154640,168748,4553704,4784.612,1515.996,12.032,3449.092,3.008,227.600,3069,2104,2.830,1.810,0.990,2,0,92.243,0,0,14,97,0,21,0
24-06 12:46:49,18.747,3.499,76.489,0,0,3091616,121464,168756,4553704,11296.312,7939.813,11.998,6774.987,3.000,347.948,2222,1700,2.600,1.780,0.990,1,0,1.000,0,0,14,102,0,21,0
24-06 12:46:50,19.706,6.236,72.836,0.249,0.249,3012080,200960,168756,4553740,21973.636,18661.078,3.991,275.381,0.998,22.948,3061,2647,2.600,1.780,0.990,1,0,62.859,0,0,14,101,0,22,0
24-06 12:46:51,25.748,4.250,68.994,0.250,0,3101196,111820,168756,4553748,4982.600,1565.874,4.000,179.986,1.000,25.998,2234,1720,2.600,1.780,0.990,1,0,4.000,0,0,14,107,0,22,0
24-06 12:46:52,16.507,3.001,79.532,0.250,0,3101760,179360,168760,4487452,10901.343,7989.183,40.016,368.147,4.002,33.013,2467,2764,2.600,1.780,0.990,1,0,0,0,0,14,110,0,23,0
24-06 12:46:53,26.406,5.480,64.270,1.246,0,3124500,155504,168768,4488532,4681.256,1542.483,685.548,1498.640,35.872,187.330,4965,6880,2.600,1.780,0.990,2,0,5.979,0,0,14,115,0,23,0
24-06 12:46:54,37.452,9.551,52.281,0.754,0,3126632,220444,168772,4423360,6481.894,2820.182,92.498,1733.331,8.043,162.877,6208,7633,2.710,1.820,1,1,0,77.417,0,0,14,120,0,25,0
24-06 12:46:55,20.750,5.750,72.250,0.250,0,3197168,149884,168772,4423368,5026.008,1566.003,0,2180.004,0,41.000,2417,1838,2.710,1.820,1,1,0,39.000,0,0,14,120,0,25,0
24-06 12:46:56,18.961,2.744,76.592,0,0,3215480,131500,168772,4423440,11716.768,7890.681,31.934,782.382,1.996,49.897,2458,2501,2.710,1.820,1,2,0,0,0,0,14,121,0,25,0
24-06 12:46:57,23.534,6.009,67.596,1.252,0,3234744,178224,168776,4359104,8596.253,4804.849,68.097,4330.172,6.009,321.458,5044,7092,2.710,1.820,1,2,0,4.006,0,0,14,122,0,26,0
24-06 12:46:58,38.827,12.775,47.344,0.250,0,3271088,206808,168776,4295764,5891.713,1623.227,0,420.837,0,23.046,3723,2336,2.710,1.820,1,2,0,96.191,0,0,14,122,0,26,0
24-06 12:46:59,37.622,5.232,57.055,0,0,3341212,136676,168776,4295772,11008.447,7308.070,0,354.790,0,14.949,2609,1453,2.580,1.810,1,2,0,0,0,0,14,123,0,26,0
24-06 12:47:00,18.750,6.500,72.998,0.250,0,3317716,160152,168776,4295792,23168.504,19406.584,0,1563.966,0,85.998,2657,2170,2.580,1.810,1,1,0,54.999,0,0,14,122,0,27,0
24-06 12:47:01,18.751,3.250,77.003,0.250,0,3349668,192160,168776,4233344,11423.442,7333.284,8.000,116.004,2.000,13.001,1979,1585,2.580,1.810,1,1,0,1.000,0,0,14,123,0,27,0
24-06 12:47:02,19.501,5.750,74.005,0,0,3274872,266944,168776,4233356,23296.424,19408.186,0,0,0,0,2459,1690,2.580,1.810,1,1,0,51.003,0,0,14,122,0,28,0
24-06 12:47:03,26.276,4.254,69.319,0,0,3346696,195096,168776,4233380,4984.959,1621.613,4.004,64.064,1.001,6.006,3034,2203,2.580,1.810,1,3,0,5.005,0,0,14,124,0,29,0
24-06 12:47:04,22.462,3.494,70.881,0.499,0,3356120,185348,168780,4233700,12937.251,9128.654,43.926,1329.764,4.992,112.810,4279,5766,2.370,1.780,1,1,0,2.995,0,0,14,124,0,30,0
24-06 12:47:05,18.512,8.756,71.797,0.500,0,3291224,250240,168780,4233704,5043.276,1621.053,0,316.205,0,23.015,2965,2239,2.370,1.780,1,1,0,82.053,0,0,14,124,0,30,0
24-06 12:47:06,19.233,2.498,77.930,0.250,0,3344140,197320,168780,4233708,7204.488,3461.871,0,259.765,0,15.986,1699,1152,2.370,1.780,1,1,0,0,0,0,14,125,0,30,0
24-06 12:47:07,19.070,5.771,74.020,0,0,3340024,201412,168780,4233732,26575.941,22721.882,0,935.412,0,50.183,2694,2014,2.370,1.780,1,1,0,55.201,0,0,14,124,0,31,0
24-06 12:47:08,21.176,4.235,73.492,0,0,3342796,198640,168780,4233732,5064.213,1506.708,0,0,0,0,1807,1219,2.370,1.780,1,1,0,0,0,0,14,124,0,31,0
24-06 12:47:09,18.315,2.760,77.024,0.502,0,3342744,198640,168780,4233800,11556.164,8247.378,48.172,2934.453,4.014,370.319,3142,3747,2.260,1.760,1,2,0,0,0,0,14,125,0,31,0
24-06 12:47:10,26.911,4.734,64.537,1.744,0,3348240,192856,168780,4234088,5591.529,2742.939,111.631,2336.282,6.977,285.058,6654,10097,2.260,1.760,1,1,0,0.997,0,0,14,125,0,33,0
24-06 12:47:11,20.437,6.979,72.029,0,0,3362688,178272,168780,4234224,4748.415,1680.837,0,1188.350,0,71.780,2666,2113,2.260,1.760,1,1,0,53.835,0,0,14,125,0,33,0
24-06 12:47:12,18.566,2.760,76.774,0,0,3404808,136140,168780,4234236,10553.636,7315.087,0,457.632,0,24.086,1850,1378,2.260,1.760,1,1,0,0,0,0,14,126,0,33,0
24-06 12:47:13,20.252,2.750,75.759,0.750,0.250,3398252,142644,168780,4234288,9384.101,5953.698,12.001,2824.331,1.000,180.021,3035,3371,2.260,1.760,1,1,0,0,0,0,14,126,0,33,0
24-06 12:47:14,32.063,7.264,58.365,0.751,0,3400132,140508,168780,4234544,6047.887,2478.872,0,5394.603,0,480.945,7403,10940,2.160,1.750,1,2,0,2.004,0,0,14,129,0,34,0
24-06 12:47:15,25.691,7.233,65.600,0.249,0,3387616,152988,168788,4234572,5000.562,1508.549,3.991,626.567,0.998,50.884,3756,4015,2.160,1.750,1,1,0,76.824,0,0,14,129,0,34,0
24-06 12:47:16,18.240,2.749,77.709,0,0,3411908,128692,168788,4234576,11924.707,8090.730,0,283.850,0,15.992,1783,1355,2.160,1.750,1,1,0,0,0,0,14,130,0,34,0
24-06 12:47:17,15.543,9.276,72.200,1.253,0,3373716,166784,168792,4234672,8299.944,4942.663,48.133,7123.692,3.008,450.245,5028,6206,2.160,1.750,1,1,0,116.322,0,0,14,129,0,35,0
24-06 12:47:18,21.951,5.238,71.838,0.249,0,3390416,150080,168792,4234676,5088.539,1616.359,0,355.200,0,25.942,2162,1683,2.160,1.750,1,1,0,30.930,0,0,14,129,0,35,0
24-06 12:47:19,14.999,1.750,81.995,0.250,0,3387252,153224,168800,4234688,16108.965,12702.184,7.999,179.988,2.000,16.999,2094,1996,2.070,1.740,1,0,0,0,0,0,14,130,0,35,0
24-06 12:47:20,28.290,5.508,64.342,0.250,0,3387960,152436,168804,4234764,6910.844,1919.735,0,1161.655,0,142.203,6484,8958,2.070,1.740,1,2,0,1.001,0,0,14,132,0,35,0
24-06 12:47:21,42.001,8.000,48.001,0.500,0,3330668,209020,168820,4235440,8255.202,3316.081,396.010,1048.026,64.002,109.003,10063,14982,2.070,1.740,1,5,0,21.001,0,0,14,131,0,36,0
24-06 12:47:22,33.218,14.486,50.452,0.749,0,3373704,165596,168920,4235664,5656.597,2121.973,95.908,1214.840,4.995,103.901,7178,9308,2.070,1.740,1,1,0,274.738,0,0,14,131,0,36,0
24-06 12:47:23,19.247,2.999,76.487,0,0,3420860,169808,168920,4184916,11012.073,7557.678,0,407.929,0,22.996,1975,1455,2.070,1.740,1,1,0,0,0,0,14,132,0,36,0
24-06 12:47:24,15.526,12.521,70.368,0,0,3396748,193880,168924,4184952,6268.475,3251.433,12.020,877.466,3.005,43.072,4433,3496,2.060,1.740,1,2,0,191.320,0,0,14,131,0,37,0
24-06 12:47:25,8.250,20.501,69.252,0.250,0,3326412,264176,168928,4184988,4574.151,1566.052,0,532.018,0,38.001,5459,4030,2.060,1.740,1,1,0,306.010,0,0,14,131,0,37,0
24-06 12:47:26,17.010,18.761,63.288,0,0,3308364,282208,168932,4185448,4639.821,1620.986,0,452.275,0,32.019,6401,7675,2.060,1.740,1,1,0,269.164,0,0,14,131,0,37,0
24-06 12:47:27,26.426,21.191,50.858,0,0,3369336,221204,168936,4185032,4280.064,1577.600,0,386.921,0,19.944,5735,4857,2.060,1.740,1,3,0,299.166,0,0,14,131,0,37,0
24-06 12:47:28,31.612,24.838,42.400,0.251,0,3408396,181804,168948,4185360,4734.722,1571.550,16.057,1629.756,1.004,100.354,6772,6386,2.060,1.740,1,2,0,403.425,0,0,14,137,0,37,0
24-06 12:47:29,18.936,15.198,64.032,0.249,0,3423984,166196,168948,4185388,4572.432,1506.869,0,227.226,0,11.959,6463,8685,2.220,1.780,1.020,1,0,192.345,0,0,16,137,0,37,0
24-06 12:47:30,55.607,29.056,14.027,0,0,3580736,147112,168956,4050432,4793.234,1460.814,108.208,428.826,8.015,28.054,7747,11588,2.220,1.780,1.020,3,0,468.903,0,0,16,143,0,37,0
24-06 12:47:31,54.462,26.231,19.486,0.250,0,3681900,141700,168956,3955980,5219.312,1564.894,15.989,199.859,0.999,17.987,6688,6863,2.220,1.780,1.020,5,0,436.691,0,0,16,151,0,37,0
24-06 12:47:32,38.438,19.718,39.935,0.250,0,3738756,137012,168956,3904336,5253.477,1599.405,7.987,854.614,0.998,38.937,9296,14675,2.220,1.780,1.020,3,0,196.681,0,0,16,159,0,35,0
24-06 12:47:33,36.121,26.338,36.622,0,0,3804668,173532,168956,3806068,4665.594,1462.889,268.899,377.261,13.044,20.067,13883,8188,2.220,1.780,1.020,8,0,396.325,0,0,16,159,0,35,0
24-06 12:47:34,24.220,23.720,49.688,0,0,3816272,161732,168960,3803532,5051.681,1456.179,3.995,239.700,0.999,17.978,5980,6731,2.200,1.780,1.030,3,0,355.555,0,0,17,161,0,36,0
24-06 12:47:35,11.271,21.539,64.618,0.250,0,3822148,155704,168964,3804024,5045.242,1568.874,0,11801.619,0,827.516,7137,6685,2.200,1.780,1.030,2,0,275.505,0,0,17,161,0,36,0
24-06 12:47:36,23.098,16.392,59.110,0,0,3841708,136116,168964,3803692,5234.456,1571.628,0,262.269,0,17.882,4948,4975,2.200,1.780,1.030,3,0,194.715,0,0,17,161,0,35,0
24-06 12:47:37,28.884,24.865,45.461,0,0,3906108,127664,168964,3749200,4747.986,1464.783,4.019,76.354,1.005,7.033,5908,4412,2.200,1.780,1.030,2,0,376.745,0,0,17,161,0,35,0
24-06 12:47:38,33.794,19.526,45.810,0,0,3950920,122160,168968,3711088,5347.035,1622.134,4.005,224.295,1.001,9.012,7185,8160,2.200,1.780,1.030,1,0,295.389,0,0,17,169,0,35,0
24-06 12:47:39,35.629,22.922,39.616,0.249,0,4015320,137776,168976,3632588,5252.228,1654.402,35.879,279.056,2.990,21.926,6933,10443,2.260,1.800,1.040,6,0,320.914,0,0,17,175,0,35,0
24-06 12:47:40,31.861,27.094,40.140,0,0,4102792,160272,168980,3525172,4876.994,1625.665,40.140,1509.259,7.024,139.486,7070,6682,2.260,1.800,1.040,2,1,462.612,0,0,17,181,0,27,0
24-06 12:47:41,19.975,25.718,52.685,0.499,0,4157328,128560,168980,3502776,5110.711,1618.009,11.985,723.110,2.996,48.940,9148,11806,2.260,1.800,1.040,4,0,370.544,0,0,17,187,0,27,0
24-06 12:47:42,18.268,21.020,58.056,0,0,4152444,133372,168980,3502816,4596.459,1603.555,0,700.680,0,46.045,5867,4667,2.260,1.800,1.040,2,0,342.332,0,0,17,201,0,27,0
24-06 12:47:43,15.942,18.931,62.274,0.249,0,4155444,151552,168980,3482724,4902.182,1614.133,0,3650.730,0,185.326,7428,9515,2.260,1.800,1.040,1,0,256.069,0,0,17,201,0,27,0
24-06 12:47:44,33.590,15.792,50.134,0.251,0,4238208,138956,168980,3413344,4812.827,1624.329,409.090,220.588,9.024,16.043,4128,3004,2.240,1.810,1.040,3,0,118.315,0,0,17,203,0,17,0
24-06 12:47:45,45.856,9.470,42.866,0.498,0,4345140,125256,168984,3321588,4904.643,1614.943,653.952,10686.539,11.963,924.106,4013,2230,2.240,1.810,1.040,3,0,2.991,0,0,17,207,0,17,0
24-06 12:47:46,34.298,7.260,57.329,0.250,0.250,4445592,125440,168988,3223872,5184.186,1622.249,108.150,376.522,7.010,29.040,3335,2934,2.240,1.810,1.040,3,0,10.014,0,0,17,212,0,17,0
24-06 12:47:47,29.349,18.563,51.172,0,0,4359316,254928,169000,3181788,5109.213,1625.476,802.704,244.825,10.034,16.054,5319,4303,2.240,1.810,1.040,4,0,385.298,0,0,17,211,0,17,0
24-06 12:47:48,34.757,29.506,33.756,0.250,0,4435264,175700,169016,3185056,10399.981,7280.387,2320.442,360.069,40.008,20.004,6770,6483,2.240,1.810,1.040,2,0,504.096,0,0,17,218,0,17,0
24-06 12:47:49,42.720,17.488,38.473,0.500,0,4371704,238356,169028,3185932,7602.693,4480.872,23.983,943.341,2.998,17.987,6133,8823,2.220,1.810,1.050,3,0,237.834,0,0,17,219,0,18,0
24-06 12:47:50,72.041,20.370,7.949,0,0,4564448,123016,169032,3111524,4755.702,1556.087,158.987,2436.478,11.924,28.816,5139,4804,2.220,1.810,1.050,4,0,138.120,0,0,17,220,0,18,0
24-06 12:47:51,59.715,13.298,23.585,2.007,0,4607144,211220,169060,2984380,14042.579,11392.032,6579.699,1236.454,339.222,40.145,5213,4759,2.220,1.810,1.050,2,0,22.080,0,0,17,227,0,18,0
24-06 12:47:52,57.093,18.781,21.786,1.753,0,4614208,239188,169124,2950784,6527.677,2768.528,1582.589,1666.726,167.274,149.244,6815,8156,2.220,1.810,1.050,2,0,191.313,0,0,17,227,0,21,0
24-06 12:47:53,32.058,25.797,40.072,0.250,0,4694544,157180,169136,2952412,7054.719,3691.656,4.007,8110.623,1.002,31.056,6529,5907,2.220,1.810,1.050,3,0,416.751,0,0,17,228,0,21,0
24-06 12:47:54,40.110,17.439,41.106,0,0,4697684,152592,169136,2953864,13743.978,9925.321,179.373,693.577,6.976,53.812,8132,10789,2.120,1.800,1.050,5,0,253.116,0,0,17,227,0,22,0
24-06 12:47:55,57.429,29.214,12.485,0,0,4711788,177400,169140,2915912,4114.894,1078.662,11.985,627.222,2.996,43.945,6043,6121,2.120,1.800,1.050,7,1,452.439,0,0,17,231,0,22,0
24-06 12:47:56,52.748,24.364,21.350,1.005,0,4789252,161328,169160,2855772,14942.131,11344.245,1097.150,952.470,52.245,52.245,7058,10279,2.120,1.800,1.050,3,0,306.438,0,0,17,232,0,23,0
24-06 12:47:57,58.090,25.181,15.707,0,0,4805320,142340,169168,2858340,7137.334,2546.982,239.341,582.395,10.970,48.865,7149,11228,2.120,1.800,1.050,6,0,414.857,0,0,17,235,0,23,0
24-06 12:47:58,55.532,24.902,18.677,0,0,4863640,143816,169172,2799716,10863.278,7316.228,179.295,721.164,7.969,41.835,7775,11357,2.120,1.800,1.050,8,0,335.680,0,0,17,238,0,24,0
24-06 12:47:59,54.273,23.368,21.358,0.251,0,4869780,213048,169172,2726188,10153.151,6816.340,357.803,1748.810,21.106,104.527,7203,9127,2.270,1.830,1.060,4,0,265.337,0,0,17,241,0,25,0
24-06 12:48:00,68.338,16.021,16.021,0,0.250,5036052,130504,169180,2644472,5027.480,2181.812,1049.353,628.810,16.021,15.019,8012,11673,2.270,1.830,1.060,2,0,6.008,0,0,17,242,0,25,0
24-06 12:48:01,51.499,9.000,37.499,0.750,0,5081032,149228,169188,2582372,21812.515,17615.608,991.978,503.989,74.998,47.999,6065,7406,2.270,1.830,1.060,3,0,11.000,0,0,17,247,0,27,0
24-06 12:48:02,63.014,11.002,25.756,0.250,0,5103768,151700,169188,2558100,8521.857,4771.040,1096.239,936.204,23.005,82.018,5380,4705,2.270,1.830,1.060,7,0,21.005,0,0,17,253,0,29,0
24-06 12:48:03,42.927,29.699,25.207,0.250,0,5077140,174452,169312,2561840,11661.165,7876.602,4600.175,1224.916,66.886,53.908,7835,8125,2.270,1.830,1.060,5,0,523.110,0,0,17,254,0,29,0
24-06 12:48:04,50.817,26.028,21.071,0.248,0,5045884,205652,169312,2562000,10163.497,6151.643,523.544,1066.919,4.958,43.629,6297,6598,2.330,1.850,1.070,5,0,354.979,0,0,17,253,0,30,0
24-06 12:48:05,66.671,22.476,10.859,0.253,0,5148668,131712,169320,2533852,11515.937,7407.576,783.892,14914.149,8.081,1210.184,6187,6443,2.330,1.850,1.070,5,0,248.502,0,0,18,257,0,27,0
24-06 12:48:06,78.998,15.500,4.250,1.250,0,5166648,192548,169320,2458976,11109.652,6844.786,3179.900,3803.881,169.995,116.996,6938,7225,2.330,1.850,1.070,6,0,17.999,0,0,18,261,0,31,0
24-06 12:48:07,85.254,11.751,1.750,0.500,0,5289404,147596,169368,2383632,6889.342,3212.159,1248.062,2676.133,54.003,298.015,7096,7262,2.330,1.850,1.070,4,0,18.001,0,0,18,269,0,31,0
24-06 12:48:08,42.500,17.149,38.275,0.497,0,5322444,163868,169376,2335988,14798.023,11391.048,819.185,9468.349,10.936,89.474,7130,8079,2.330,1.850,1.070,2,0,215.732,0,0,18,268,0,33,0
24-06 12:48:09,41.760,10.753,46.761,0,0,5341812,144468,169376,2336004,14652.592,4153.018,512.126,560.137,4.001,43.011,3663,2598,2.310,1.860,1.080,2,0,14.003,0,0,18,271,0,32,0
24-06 12:48:10,42.463,12.312,44.221,0,0,5374376,141868,169376,2309584,17192181.989,291868.329,514.576,2464.338,4.020,212.062,23174,12590,2.310,1.860,1.080,3,0,35.176,0,0,18,273,0,32,0
24-06 12:48:11,52.531,18.011,28.017,0.500,0,5355512,158372,169376,2311944,8591.138,4715.820,3057.829,760.455,32.019,61.037,6074,5258,2.310,1.860,1.080,4,0,242.145,0,0,18,274,0,33,0
24-06 12:48:12,38.446,6.990,52.925,0.499,0,5405952,137216,169376,2283052,12863.886,12853.900,0,3059.692,0,202.715,3633,3500,2.310,1.860,1.080,2,0,1.997,0,0,18,278,0,33,0
24-06 12:48:13,32.385,4.733,60.784,0.747,0,5337516,204844,169384,2283856,40755.127,1046977.278,526.130,3029.232,30.890,80.713,5643,6819,2.310,1.860,1.080,2,0,5.979,0,0,18,280,0,36,0
24-06 12:48:14,23.971,4.494,69.415,0,0,5400316,142000,169384,2283900,417953.963,15341172.061,0,595.268,0,29.963,3501,1795,2.200,1.840,1.080,1,0,0,0,0,18,280,0,36,0
24-06 12:48:15,34.395,6.779,55.985,0.502,0,5393084,133124,169396,2299964,16744506.074,233697.677,32.135,779.277,2.008,77.325,18223,16333,2.200,1.840,1.080,0,0,1.004,0,0,18,283,1,38,0
24-06 12:48:16,20.771,18.769,59.309,0.250,0,5229544,296556,169400,2300068,8173.167,4041.038,52.052,16940.929,5.005,64.064,5558,4652,2.200,1.840,1.080,1,0,322.322,0,0,18,282,0,41,0
24-06 12:48:17,16.238,11.242,70.199,0.250,0,5288460,237600,169400,2300108,5188.244,1510.906,0,395.714,0,23.983,3611,3050,2.200,1.840,1.080,1,0,179.870,0,0,18,282,0,39,0
24-06 12:48:18,20.150,6.965,71.146,0,0,5275384,250668,169400,2300116,5212.064,1450.781,0,1385.108,0,82.589,2872,2205,2.200,1.840,1.080,2,0,59.703,0,0,18,282,0,39,0
24-06 12:48:19,8.777,19.560,69.964,0,0,5273284,252736,169400,2300148,5416.606,1624.982,4.012,192.590,1.003,19.058,5168,3833,2.100,1.830,1.080,1,0,254.781,0,0,18,282,0,39,0
24-06 12:48:20,9.994,20.487,67.708,0.250,0,5284224,241744,169400,2300200,5354.695,1457.101,11.993,135.916,0.999,18.988,5429,4174,2.100,1.830,1.080,1,0,322.801,0,0,18,284,0,39,0
24-06 12:48:21,2.499,2.499,92.958,0,0,5276200,249744,169400,2300224,5294.593,1661.245,15.993,851.613,1.000,12.994,1752,1968,2.100,1.830,1.080,0,0,33.985,0,0,18,284,0,39,0
24-06 12:48:22,19.512,5.754,74.047,0.250,0,5339444,186500,169400,2300224,4863.106,1621.035,0,40.026,0,6.004,2096,1706,2.100,1.830,1.080,1,0,15.010,0,0,18,284,0,39,0
24-06 12:48:23,18.991,2.749,76.712,0,0,5356148,169720,169400,2300300,13918.061,10548.741,63.968,0,3.998,0,2335,2125,2.100,1.830,1.080,1,0,2.999,0,0,18,288,0,40,0
24-06 12:48:24,13.297,14.552,70.501,0.251,0,5335132,190680,169404,2300352,4863.284,1571.586,8.029,132.471,2.007,12.043,4349,3184,2.020,1.810,1.080,2,0,147.524,0,0,18,288,0,40,0
24-06 12:48:25,12.751,17.502,68.006,0,0,5331004,194532,169404,2300612,5100.440,1620.140,32.003,316.027,2.000,30.003,4948,3693,2.020,1.810,1.080,4,0,155.013,0,0,18,288,0,38,0
24-06 12:48:26,16.258,17.008,64.530,0.750,0,5319840,205568,169404,2300740,5031.354,1554.727,0,632.296,0,69.032,5412,4573,2.020,1.810,1.080,1,0,161.075,0,0,18,296,0,38,0
24-06 12:48:27,15.998,12.499,70.742,0,0,5345164,180128,169404,2300840,5519.344,1619.807,51.994,147.982,3.000,9.999,4057,2975,2.020,1.810,1.080,1,0,138.983,0,0,18,296,0,38,0
24-06 12:48:28,21.414,4.731,72.211,0,0,5382796,157644,169404,2285744,4780.880,1613.547,0,334.662,0,19.920,2037,1586,2.020,1.810,1.080,2,0,0.996,0,0,18,296,0,38,0
24-06 12:48:29,22.999,4.000,70.746,0.250,0,5426156,142268,169408,2258100,5039.695,1759.894,387.977,147.991,11.999,15.999,2438,2005,1.930,1.800,1.080,2,0,4.000,0,0,18,300,0,38,0
24-06 12:48:30,24.091,3.262,72.525,0,0,5318808,249856,169408,2257980,5059.188,1626.168,0,481.827,0,36.137,2280,1930,1.930,1.800,1.080,3,0,5.019,0,0,18,296,0,38,0
24-06 12:48:31,23.161,3.487,71.476,0.249,0,5327596,241040,169408,2258008,5234.950,1452.437,23.908,6160.405,3.985,766.066,2386,1994,1.930,1.800,1.080,1,0,2.989,0,0,18,296,0,38,0
24-06 12:48:32,20.501,3.750,75.253,0,0.250,5364352,204252,169408,2258024,5449.205,2436.092,0,56.002,0,5.000,2056,1716,1.930,1.800,1.080,0,0,3.000,0,0,18,299,0,38,0
24-06 12:48:33,15.750,1.500,81.002,0.250,0,5370996,197448,169408,2258184,21599.665,18155.559,0,200.006,0,24.001,2464,2449,1.930,1.800,1.080,2,0,1.000,0,0,18,302,0,40,0
24-06 12:48:34,28.007,7.752,63.267,0,0,5302964,265480,169408,2258304,4999.318,1458.384,0,76.020,0,6.002,3634,12716,1.860,1.790,1.080,1,0,51.013,0,0,18,296,0,41,0
24-06 12:48:35,23.984,3.498,71.951,0,0,5323176,245240,169408,2258212,4468.944,1510.967,15.989,235.839,0.999,23.984,2129,1774,1.860,1.790,1.080,2,0,0,0,0,18,296,0,41,0
24-06 12:48:36,17.282,11.521,69.128,0.250,0,5296756,271524,169416,2258340,5413.051,1568.913,392.729,520.967,5.009,31.058,4061,3300,1.860,1.790,1.080,1,0,142.264,0,0,18,296,0,41,0
24-06 12:48:37,8.005,21.014,68.545,0.250,0,5297088,271000,169416,2258532,5015.256,1555.010,60.039,1328.863,6.004,229.149,5633,3956,1.860,1.790,1.080,1,0,307.199,0,0,18,296,0,41,0
24-06 12:48:38,15.974,11.481,70.884,0,0,5330756,237320,169424,2258536,5207.484,1563.443,0,159.739,0,10.982,3759,2770,1.860,1.790,1.080,1,0,151.752,0,0,18,296,0,40,0
24-06 12:48:39,19.259,3.251,76.535,0.500,0,5363688,203292,169476,2259580,11521.238,4561.074,4.002,412.187,1.000,22.010,2182,1899,1.790,1.770,1.080,1,0,17.008,0,0,18,297,0,40,0
24-06 12:48:40,22.030,4.006,72.349,0,0,5347148,213924,170040,2264804,4001.501,1039.429,0,1109.525,0,23.032,2241,1798,1.790,1.770,1.080,3,0,4.006,0,0,18,296,0,40,0
24-06 12:48:41,21.959,7.236,68.621,0.250,0,5366444,193404,170096,2265952,4807.995,1623.958,3.993,18361.609,0.998,136.744,10512,18568,1.790,1.770,1.080,1,0,12.976,0,0,18,297,0,40,0
24-06 12:48:42,18.790,6.263,73.405,0.251,0,5366728,192776,170156,2266244,10403.036,3601.629,52.110,372.790,8.017,14.030,8660,16728,1.790,1.770,1.080,1,0,13.028,0,0,18,297,0,40,0
24-06 12:48:43,21.677,4.983,71.010,0.249,0,5335976,229236,170276,2260372,4885.511,1787.965,95.677,1036.502,5.980,40.862,2439,2053,1.790,1.770,1.080,1,0,7.973,0,0,18,296,0,40,0
24-06 12:48:44,10.740,18.732,69.183,0,0,5281836,283400,170276,2260396,4647.493,1552.494,0,339.671,0,7.992,4997,3628,1.650,1.740,1.070,1,0,267.740,0,0,18,296,0,40,0
24-06 12:48:45,22.031,4.256,72.351,0.250,0,5326684,238544,170276,2260404,4626.461,1622.266,32.045,448.627,1.001,34.048,2185,1897,1.650,1.740,1.070,2,0,0,0,0,18,296,0,40,0
24-06 12:48:46,20.018,3.253,75.319,0,0,5345720,219156,170276,2260756,14069.953,10360.538,0,224.206,0,20.018,2387,2035,1.650,1.740,1.070,1,0,0,0,0,18,300,0,41,0
24-06 12:48:47,17.742,10.495,70.970,0,0,5333052,231780,170276,2260800,6129.370,3286.590,31.986,147.937,2.999,7.997,3434,2663,1.650,1.740,1.070,1,0,115.950,0,0,18,296,0,43,0
24-06 12:48:48,20.980,3.247,74.181,0,0,5393876,170920,170276,2260836,6083.306,3528.697,0,35.966,0,3.996,2013,1474,1.650,1.740,1.070,0,0,0,0,0,18,297,0,43,0
24-06 12:48:49,19.728,6.493,72.421,0,0,5307552,257232,170276,2260848,11531.353,8400.787,0,79.912,0,5.993,3009,2461,1.590,1.730,1.070,1,0,70.922,0,0,18,296,0,44,0
24-06 12:48:50,23.788,5.259,69.613,0,0,5327544,237212,170276,2260876,4867.876,1622.625,0,4.006,0,1.002,2319,2088,1.590,1.730,1.070,1,0,3.005,0,0,18,296,0,43,0
24-06 12:48:51,21.483,2.498,75.440,0.250,0,5340348,224388,170276,2260896,18225.441,14634.309,0,71.943,0,7.994,2716,2458,1.590,1.730,1.070,1,0,2.998,0,0,18,296,0,44,0
24-06 12:48:52,21.056,7.520,70.439,0,0,5334024,230692,170276,2260916,4750.746,1516.067,0,356.958,0,23.062,3089,2511,1.590,1.730,1.070,1,0,57.153,0,0,18,296,0,44,0
24-06 12:48:53,19.787,2.505,75.891,0,0,5361224,203488,170276,2260920,10297.137,7595.115,0,156.290,0,14.026,2043,1666,1.590,1.730,1.070,2,0,0,0,0,18,297,0,44,0
24-06 12:48:54,21.168,5.230,72.469,0,0,5343552,221132,170276,2260948,9282.051,5695.940,11.954,95.630,0.996,11.954,2879,2395,1.550,1.720,1.070,1,0,31.877,0,0,18,296,0,42,0
24-06 12:48:55,19.571,3.513,76.527,0.251,0,5388572,176076,170276,2260984,10355.504,7305.458,32.116,216.785,1.004,22.080,2254,2073,1.550,1.720,1.070,2,0,0,0,0,18,297,0,42,0
24-06 12:48:56,16.970,4.742,75.116,1.248,0,5328388,236228,170280,2261012,10108.946,6664.098,0,2982.673,0,202.638,3486,3981,1.550,1.720,1.070,2,0,43.922,0,0,18,296,0,43,0
24-06 12:48:57,21.712,4.742,72.125,0,0,5359304,205312,170280,2261012,4717.845,1563.298,0,111.807,0,7.986,2054,1571,1.550,1.720,1.070,1,0,2.995,0,0,18,296,0,43,0
24-06 12:48:58,19.054,1.755,77.972,0.251,0.251,5372088,192508,170280,2261032,15149.171,11507.794,0,212.606,0,13.037,2157,1808,1.550,1.720,1.070,1,0,0,0,0,18,296,0,42,0
24-06 12:48:59,20.699,6.235,71.824,0,0,5338036,226560,170280,2261032,3920.368,808.015,0,87.784,0,6.983,2350,1893,1.500,1.710,1.070,1,0,31.922,0,0,18,296,0,42,0
24-06 12:49:00,17.501,2.500,78.756,0,0,5361924,202668,170280,2261036,12472.880,9461.668,0,112.008,0,13.001,2026,1743,1.500,1.710,1.070,0,0,0,0,0,18,297,0,42,0
24-06 12:49:01,13.783,10.024,74.680,0.251,0,5340384,224056,170280,2261188,9239.218,4615.098,0,633.523,0,52.125,4042,3640,1.500,1.710,1.070,1,0,146.352,0,0,18,296,0,43,0
24-06 12:49:02,3.991,3.492,89.291,1.746,0,5337040,226192,170820,2261856,10825.707,4520.439,1121.380,2390.415,250.415,376.121,2098,2420,1.500,1.710,1.070,0,0,34.918,0,0,18,298,0,36,0
24-06 12:49:03,5.747,8.246,84.455,0,0,5325168,238016,170820,2261904,19189.822,5001.347,0,255.864,0,17.990,3020,2490,1.500,1.710,1.070,0,0,124.934,0,0,18,298,0,37,0
24-06 12:49:04,5.514,9.776,83.720,0,0.251,5314444,248684,170820,2261960,7358.315,2625.893,0,92.242,0,7.018,3140,2579,1.540,1.710,1.070,1,0,135.355,0,0,18,296,0,38,0
24-06 12:49:05,19.211,7.734,71.856,0.249,0,5315536,239588,170828,2269908,5748.453,1616.753,287.423,219.559,18.962,15.968,3080,2620,1.540,1.710,1.070,1,0,78.842,0,0,18,296,0,38,0
24-06 12:49:06,21.002,2.750,75.009,0.250,0,5329504,221948,170968,2273320,11368.300,3801.435,4.000,1796.205,1.000,33.004,2486,2347,1.540,1.710,1.070,1,0,16.002,0,0,18,296,0,34,0
24-06 12:49:07,16.042,5.264,76.703,1.003,0,5301716,244736,171024,2278208,10816.579,3838.141,625.653,2398.337,13.034,79.209,2927,2698,1.540,1.710,1.070,1,0,41.109,0,0,18,296,0,34,0
24-06 12:49:08,10.988,17.481,68.926,0.499,0,5275540,269328,171024,2279776,5274.349,1618.266,691.259,1838.031,8.990,62.933,5030,4099,1.540,1.710,1.070,1,0,261.720,0,0,18,296,0,34,0
24-06 12:49:09,22.964,3.494,72.885,0,0,5343284,201580,171024,2279780,5206.783,2249.450,0,115.817,0,15.975,2027,1792,1.500,1.700,1.070,0,0,0,0,0,18,297,0,34,0
24-06 12:49:10,18.556,3.009,76.733,0,0,5320072,224768,171024,2279804,28291.894,24507.404,0,180.548,0,11.033,2528,2082,1.500,1.700,1.070,2,0,26.079,0,0,18,296,0,32,0
24-06 12:49:11,22.422,5.730,70.753,0.249,0,5380072,164764,171024,2279808,5398.144,1614.361,0,374.691,0,43.847,2660,2487,1.500,1.700,1.070,1,0,21.923,0,0,18,296,0,32,0
24-06 12:49:12,17.257,2.251,78.783,0.500,0,5394520,149952,171024,2280172,14427.006,10544.390,352.147,1612.671,22.009,105.044,2307,1988,1.500,1.700,1.070,1,0,0,0,0,18,296,0,34,0
24-06 12:49:13,21.742,4.998,72.973,0,0,5373140,171324,171024,2280180,5038.109,1619.392,0,27.989,0,1.000,2185,1614,1.500,1.700,1.070,1,0,13.995,0,0,18,296,0,34,0
24-06 12:49:14,18.255,2.751,77.522,0,0,5390764,153692,171024,2280188,10682.969,7961.213,0,104.029,0,4.001,1996,1661,1.380,1.670,1.070,0,0,0,0,0,18,297,0,28,0
24-06 12:49:15,24.287,5.008,66.602,1.502,0,5358060,184096,171024,2282488,6891.582,2763.243,2179.346,3313.087,87.134,284.437,5553,8158,1.380,1.670,1.070,1,0,6.009,0,0,18,296,0,29,0
24-06 12:49:16,22.198,4.490,72.082,0.249,0,5394688,147464,171024,2282492,4462.587,754.240,0,307.283,0,25.939,2292,2048,1.380,1.670,1.070,1,0,0,0,0,18,296,0,29,0
24-06 12:49:17,16.771,2.753,79.848,0,0,5382284,159856,171024,2282504,14427.705,10804.258,0,3864.743,0,350.430,2323,2098,1.380,1.670,1.070,0,0,0,0,0,18,297,0,29,0
24-06 12:49:18,22.765,4.753,69.547,1.251,0,5276904,264964,171024,2282776,7639.129,3114.091,80.054,1028.691,3.002,124.083,4815,6357,1.380,1.670,1.070,2,0,16.011,0,0,18,296,0,30,0
24-06 12:49:19,7.515,23.045,66.629,0.250,0,5274424,267440,171024,2282780,5669.013,1460.838,0,557.082,0,31.060,5629,4279,1.510,1.690,1.080,1,0,378.736,0,0,18,296,0,25,0
24-06 12:49:20,8.725,21.936,66.308,0,0.249,5263768,278068,171024,2282808,5743.334,1615.313,0,418.785,0,30.910,5539,4207,1.510,1.690,1.080,1,0,345.996,0,0,18,296,0,25,0
24-06 12:49:21,9.269,23.047,65.384,0.251,0,5262384,279432,171024,2282828,5446.149,1503.077,0,1735.553,0,96.197,5729,4549,1.510,1.690,1.080,1,0,347.712,0,0,18,296,0,25,0
24-06 12:49:22,7.991,23.472,66.172,0,0.250,5268572,273228,171024,2282844,5153.949,1660.051,0,219.742,0,21.974,5640,4362,1.510,1.690,1.080,2,0,360.577,0,0,18,296,0,25,0
24-06 12:49:23,9.258,22.770,66.307,0,0,5265284,276488,171024,2282872,5224.484,1621.392,0,96.082,0,11.009,5695,4251,1.510,1.690,1.080,1,0,378.325,0,0,18,296,0,25,0
24-06 12:49:24,8.258,23.523,66.314,0,0,5260856,280900,171024,2282888,4702.550,1459.412,0,172.167,0,21.020,5822,4507,1.470,1.680,1.080,2,0,371.359,0,0,18,296,0,25,0
24-06 12:49:25,8.484,22.459,66.379,0.250,0,5262184,279552,171024,2282908,4791.242,1617.044,0,239.562,0,17.967,5598,4197,1.470,1.680,1.080,2,0,343.372,0,0,18,296,0,25,0
24-06 12:49:26,9.500,22.750,65.249,0.250,0,5262152,279564,171024,2282928,4774.943,1499.982,0,519.994,0,45.999,5985,4973,1.470,1.680,1.080,1,0,348.996,0,0,18,296,0,25,0
24-06 12:49:27,8.498,21.996,66.738,0,0,5260516,281176,171024,2282952,5578.991,1619.707,0,255.954,0,20.996,5381,3891,1.470,1.680,1.080,1,0,313.943,0,0,18,296,0,24,0
24-06 12:49:28,8.492,22.478,66.434,0.250,0,5258080,283576,171024,2282988,5154.858,1618.386,15.984,579.422,0.999,40.959,5504,4263,1.470,1.680,1.080,1,0,308.692,0,0,18,296,0,24,0
24-06 12:49:29,8.277,21.570,68.221,0,0,5256804,284816,171024,2283024,4755.418,1625.269,16.052,88.286,1.003,8.026,5310,3786,1.430,1.670,1.080,1,0,297.966,0,0,18,296,0,24,0
24-06 12:49:30,16.449,9.969,72.025,0,0,5286952,360056,171484,2188552,4067.284,1614.951,7.975,19.938,1.994,1.994,2773,2274,1.430,1.670,1.080,1,0,69.782,0,0,18,296,0,24,0
24-06 12:49:31,24.608,2.511,72.569,0,0,5301596,340888,171744,2192816,4898.516,1627.147,16.071,4.018,3.013,1.004,2319,1853,1.430,1.670,1.080,1,0,20.088,0,0,18,296,0,24,0
24-06 12:49:32,14.928,1.493,81.360,0.746,0,5312688,328540,171824,2193992,22284.074,11864.072,748.409,3757.968,47.771,36.823,1870,1715,1.430,1.670,1.080,1,0,0,0,0,18,297,0,24,0
24-06 12:49:33,15.491,1.749,80.952,0.999,0,5337272,302344,171932,2195488,27501.762,15165.046,1087.358,1786.945,69.959,56.966,1873,1751,1.430,1.670,1.080,1,0,0,0,0,18,297,0,24,0
24-06 12:49:34,21.267,4.754,72.308,1.001,0,5368356,269112,172048,2197516,26764.440,15542.450,1597.280,1785.430,84.067,66.053,3106,11318,1.400,1.660,1.080,1,0,36.029,0,0,18,297,0,25,0
24-06 12:49:35,18.747,2.250,76.486,1.500,0,5370408,237612,172120,2226900,20138.357,11360.945,12593.722,1603.710,159.971,66.988,2323,2279,1.400,1.660,1.080,1,0,0,0,0,18,297,0,22,0
24-06 12:49:36,24.250,2.500,70.001,1.250,0,5379160,212688,172984,2242000,5357.060,1620.018,0,1784.020,0,103.001,2896,2967,1.400,1.660,1.080,1,0,1.000,0,0,18,297,0,22,0
24-06 12:49:37,24.348,2.761,71.789,0.251,0,5379512,195816,173468,2257724,4837.446,1506.054,0,15883.851,0,129.521,2433,2127,1.400,1.660,1.080,1,0,0,0,0,18,297,0,22,0
24-06 12:49:38,22.152,2.987,72.181,1.493,0,5380616,172416,174144,2279136,4962.075,1397.824,0,4304.979,0,349.456,2751,2790,1.400,1.660,1.080,1,0,0,0,0,18,297,0,22,0
24-06 12:49:39,23.272,2.753,71.569,0.751,0,5378024,161464,174996,2291544,3729.584,866.833,0,2106.024,0,82.079,2563,2522,1.360,1.650,1.080,1,0,0,0,0,18,297,0,22,0
24-06 12:49:40,22.989,2.749,71.967,0.750,0,5374004,138428,175984,2317260,5009.701,1511.306,0,2486.859,0,95.956,2490,2289,1.360,1.650,1.080,2,0,0,0,0,18,297,0,22,0
24-06 12:49:41,22.998,4.500,71.243,0.250,0,5362948,164096,176260,2302208,5278.453,1793.814,0,823.915,0,32.997,2559,2262,1.360,1.650,1.080,2,0,19.998,0,0,18,296,0,22,0
24-06 12:49:42,18.262,2.752,77.550,0.250,0,5372072,149736,176292,2307420,11926.671,4641.986,0,1645.058,0,18.012,1986,1581,1.360,1.650,1.080,1,0,18.012,0,0,18,296,0,22,0
24-06 12:49:43,24.342,4.768,69.262,0,0,5343652,176624,176292,2308952,4456.878,1626.158,0,52.198,0,5.019,10528,19209,1.360,1.650,1.080,2,0,11.042,0,0,18,296,0,22,0
24-06 12:49:44,22.394,7.465,68.427,0,0,5336652,183452,176292,2309124,4377.352,1451.155,0,1847.286,0,13.934,9902,17234,1.330,1.640,1.080,1,0,15.925,0,0,18,296,0,22,0
24-06 12:49:45,21.272,6.006,70.572,0.501,0,5310340,217096,176304,2301780,4864.985,1621.662,0,3759.853,0,184.189,2780,2649,1.330,1.640,1.080,1,0,8.008,0,0,18,296,0,22,0
24-06 12:49:46,23.002,6.000,69.505,0.250,0,5324968,202428,176308,2301816,5265.362,1458.100,0,604.041,0,23.002,6641,10438,1.330,1.640,1.080,1,0,54.004,0,0,18,296,0,22,0
24-06 12:49:47,21.490,5.747,71.218,0,0,5373632,153744,176308,2301836,5738.393,1903.136,0,0,0,0,5727,8659,1.330,1.640,1.080,0,0,35.984,0,0,18,297,0,19,0
24-06 12:49:48,36.268,10.005,51.526,0.250,0,5358240,171676,176308,2299616,11492.834,4495.282,528.268,9933.042,5.003,236.120,3582,2522,1.330,1.640,1.080,3,0,10.005,0,0,18,296,0,19,0
24-06 12:49:49,33.197,9.984,55.161,0,0,5390180,138576,176308,2300760,5031.895,1617.395,531.145,1545.511,5.990,203.672,10860,18136,1.310,1.630,1.080,2,0,18.969,0,0,18,296,0,19,0
24-06 12:49:50,23.025,7.759,66.824,0,0,5363456,165144,176308,2300916,4625.099,1621.788,0,228.252,0,6.007,11361,20208,1.310,1.630,1.080,1,0,20.022,0,0,18,296,0,19,0
24-06 12:49:51,24.776,6.757,67.071,0.250,0,5324732,211276,176320,2293508,5002.287,1621.714,0,1217.286,0,35.037,3088,2865,1.310,1.630,1.080,1,0,12.013,0,0,18,296,0,18,0
24-06 12:49:52,21.573,6.271,71.993,0,0,5331096,204900,176320,2293520,4292.511,1462.945,0,4.014,0,1.003,2779,2080,1.310,1.630,1.080,1,0,70.237,0,0,18,296,0,18,0
24-06 12:49:53,21.909,3.735,72.450,0,0,5337344,189328,176892,2302272,5078.955,1613.315,0,11.950,0,2.988,2651,2243,1.310,1.630,1.080,1,0,42.823,0,0,18,296,0,18,0
24-06 12:49:54,19.250,2.750,76.748,0.750,0,5345232,178832,177044,2304648,10875.769,4293.909,0,1267.973,0,29.999,2146,1913,1.200,1.600,1.070,1,0,16.000,0,0,18,297,0,18,0
24-06 12:49:55,12.996,1.750,83.727,0.500,0,5344492,179376,177044,2304844,26373.694,13710.202,0,1707.527,0,64.982,1780,1731,1.200,1.600,1.070,2,0,0,0,0,18,297,0,14,0
24-06 12:49:56,8.751,1.250,88.009,0.500,0,5341952,181596,177044,2305148,51027.427,11061.176,0,1388.148,0,68.007,1845,2289,1.200,1.600,1.070,1,0,0,0,0,18,298,0,14,0
24-06 12:49:57,14.496,1.500,81.978,0.750,0,5363168,160072,177044,2305452,129148.051,13982.324,0,1663.563,0,62.983,1933,1761,1.200,1.600,1.070,1,0,0,0,0,18,298,0,14,0
24-06 12:49:58,15.006,1.501,81.283,0.500,0,5361232,161688,177044,2305744,23682.691,13765.633,32.013,2068.847,1.000,83.034,1895,1961,1.200,1.600,1.070,1,0,0,0,0,18,298,0,14,0
24-06 12:49:59,12.496,1.500,84.972,0.250,0,5366700,155752,177044,2306188,315218.747,12518.939,0,1671.458,0,213.931,2031,1770,1.190,1.590,1.070,0,0,0,0,0,18,298,0,10,0
24-06 12:50:00,8.259,1.752,87.099,1.502,0,5364736,157248,177156,2306524,128618.716,21462.315,32.036,2887.271,5.006,132.150,2066,2236,1.190,1.590,1.070,1,0,0,0,0,18,298,0,10,0
24-06 12:50:01,14.738,1.499,81.684,0.749,0,5362156,151096,177208,2315204,38595.962,14934.990,103.916,1798.554,5.995,69.944,2065,1951,1.190,1.590,1.070,1,0,0.999,0,0,18,298,0,10,0
24-06 12:50:02,4.248,2.749,90.208,0,0.250,5360068,145788,177224,2322532,3897716.227,71640.516,0,1783.167,0,14.993,5083,3177,1.190,1.590,1.070,0,0,1.999,0,0,18,298,0,10,0
24-06 12:50:03,5.517,5.266,85.513,0.502,0,5338312,202956,176700,2288040,8867367.001,126856.382,0,16121.612,0,123.380,8816,4283,1.190,1.590,1.070,0,0,2.006,0,0,18,298,0,10,0
24-06 12:50:04,10.224,5.486,80.791,0.997,0,5345628,175356,176800,2308224,6395952.271,92673.147,163.577,13732.458,3.990,85.778,7258,3412,1.090,1.560,1.060,1,0,0.997,0,0,18,298,0,8,0
24-06 12:50:05,21.995,3.749,72.733,1.000,0,5343796,161492,179656,2320960,4996.828,1457.658,0,4350.980,0,95.977,2450,2206,1.090,1.560,1.060,1,0,1.000,0,0,18,298,0,8,0
24-06 12:50:06,24.255,4.001,70.264,0.750,0,5340008,182036,179828,2304184,5376.071,1458.291,0,2200.439,0,77.015,2762,2735,1.090,1.560,1.060,2,0,0,0,0,18,298,0,8,0
24-06 12:50:07,23.480,2.997,72.439,0.250,0,5345360,163864,180176,2316324,4993.778,1456.769,0,871.263,0,27.976,2297,2013,1.090,1.560,1.060,1,0,0,0,0,18,298,0,8,0
24-06 12:50:08,21.767,6.005,69.803,1.251,0,5356312,158636,179280,2311296,5284.036,1621.238,0,51567.389,0,397.303,3249,3255,1.090,1.560,1.060,1,0,0,0,0,18,298,0,7,0
24-06 12:50:09,21.232,5.495,71.440,0.749,0,5361920,170552,178476,2294852,4694.060,1456.777,0,2310.061,0,82.930,2511,2365,1.080,1.550,1.060,1,0,0,0,0,18,298,0,7,0
24-06 12:50:10,22.764,4.753,70.293,0.750,0,5362092,141108,179828,2322236,5069.119,1620.997,0,30939.037,0,379.233,2813,2920,1.080,1.550,1.060,5,0,0,0,0,18,298,0,7,0
24-06 12:50:11,24.250,4.750,69.251,0.250,0,5360444,167728,178912,2298496,5143.100,1620.031,4.000,90893.764,1.000,779.015,3035,3272,1.080,1.550,1.060,2,0,1.000,0,0,18,298,0,7,0
24-06 12:50:12,23.855,3.264,71.565,1.256,0,5365508,134904,180044,2324296,4706.734,1627.168,0,2997.203,0,112.496,2841,2986,1.080,1.550,1.060,2,0,1.004,0,0,18,298,0,5,0
24-06 12:50:13,22.148,4.977,71.670,0.498,0,5315972,253172,179072,2256656,5160.230,1958.976,55.743,1086.993,6.968,32.849,2401,1875,1.080,1.550,1.060,1,0,17.917,0,0,18,296,0,5,0
24-06 12:50:14,18.755,3.251,76.772,0,0,5350084,214056,179072,2261720,11224.289,4670.368,8.002,1684.494,2.001,21.006,2098,1692,1,1.530,1.060,1,0,18.005,0,0,18,296,0,5,0
24-06 12:50:15,23.755,4.751,69.016,0.250,0,5344608,217896,179076,2263252,4741.074,1620.367,0,724.164,0,20.005,9437,17658,1,1.530,1.060,1,0,8.002,0,0,18,296,0,5,0
24-06 12:50:16,21.983,7.994,68.697,0.250,0,5349852,211704,179080,2264080,5113.073,1618.757,0,117241.965,0,1945.506,4497,7990,1,1.530,1.060,1,0,11.991,0,0,18,296,0,2,0
24-06 12:50:17,22.006,6.752,69.770,0,0,5351776,209688,179080,2264176,4981.411,1620.459,0,380.108,0,6.002,9855,18337,1,1.530,1.060,1,0,15.004,0,0,18,296,0,2,0
24-06 12:50:18,22.004,5.251,71.762,0.250,0,5315984,252980,179100,2256784,5058.846,1458.244,0,768.129,0,40.007,2339,2081,1,1.530,1.060,1,0,6.001,0,0,18,296,0,2,0
24-06 12:50:19,22.504,4.501,71.762,0.250,0,5344500,221216,179256,2259908,5460.885,1662.269,728.118,1864.302,18.003,7.001,2333,2112,1,1.520,1.060,1,0,0,0,0,18,297,0,3,0
24-06 12:50:20,25.575,5.015,65.943,1.504,0,5340484,224180,179288,2260928,5494.056,1462.273,497.454,1977.780,30.088,235.689,7903,11693,1,1.520,1.060,5,0,1.003,0,0,18,299,0,6,0
24-06 12:50:21,13.759,16.261,67.044,2.001,0,5275636,288040,179340,2261864,6090.992,1663.090,768.504,7677.032,33.022,713.468,7112,7974,1,1.520,1.060,1,0,347.228,0,0,18,298,0,6,0
24-06 12:50:22,12.495,11.495,69.221,5.748,0,5259368,294956,179380,2271180,5055.907,1457.397,9276.160,395.836,1021.577,29.988,4541,4801,1,1.520,1.060,1,0,109.954,0,0,18,298,0,8,0
24-06 12:50:23,5.736,3.242,72.575,15.463,0,5252416,266192,179384,2306892,4788.458,1616.104,35638.095,1791.681,2559.830,53.870,4356,6790,1,1.520,1.060,1,0,0,0,0,18,298,0,8,0
24-06 12:50:24,5.743,2.747,89.389,0.749,0,5250692,265384,179400,2309408,8908.903,3143.085,2516.865,1066.671,121.848,18.976,1727,2064,1,1.510,1.060,0,0,5.993,0,0,18,299,0,8,0
24-06 12:50:25,2.250,0.750,96.014,0,0,5251436,264628,179408,2309412,42734.258,4635.679,4.001,312.046,1.000,13.002,981,1342,1,1.510,1.060,0,0,0,0,0,18,299,0,8,0
24-06 12:50:26,4.001,1.750,92.520,0.250,0,5246788,268816,179408,2309872,490828.566,10766.316,0,320.069,0,40.009,2035,2643,1,1.510,1.060,0,0,2.000,0,0,18,299,0,8,0
24-06 12:50:27,5.999,5.499,85.988,0.500,0,5226664,287588,179416,2311216,737592.780,14264.062,491.933,1527.792,25.996,26.996,2912,2656,1,1.510,1.060,1,0,35.995,0,0,18,298,0,8,0
24-06 12:50:28,1.000,0.750,97.207,0.250,0.250,5226824,287588,179416,2311056,4695.943,1457.362,0,399.825,0,28.987,950,1401,1,1.510,1.060,0,0,0,0,0,18,298,0,8,0
24-06 12:50:29,1.750,0.500,96.775,0,0,5227048,287364,179416,2311056,4639.216,1500.393,0,36.009,0,4.001,1024,1336,0.920,1.480,1.050,0,0,0,0,0,18,298,0,8,0
24-06 12:50:30,1.250,0.500,97.014,0,0,5226196,288216,179416,2311056,4920.719,1620.237,0,64.009,0,9.001,1029,1404,0.920,1.480,1.050,0,0,0,0,0,18,298,0,8,0
24-06 12:50:31,2.500,1.750,95.508,0.250,0,5226412,287992,179416,2311064,4997.442,1620.143,0,544.048,0,46.004,1426,2021,0.920,1.480,1.050,0,0,3.000,0,0,18,298,0,8,0
24-06 12:50:32,1.250,0.250,97.496,0,0,5226404,287992,179416,2311072,4859.790,1661.928,0,39.998,0,5.000,889,1285,0.920,1.480,1.050,0,0,0,0,0,18,298,0,8,0
24-06 12:50:33,1.000,0.750,97.248,0,0,5226404,287992,179416,2311072,5219.906,1619.971,0,4.000,0,1.000,841,1195,0.920,1.480,1.050,0,0,0,0,0,18,298,0,8,0
24-06 12:50:34,6.251,2.751,89.020,0,0,5240280,273940,179420,2311128,5221.195,1620.371,20.005,64.015,1.000,9.002,2190,6769,1,1.490,1.060,0,0,36.008,0,0,18,298,0,9,0
24-06 12:50:35,1.250,1.000,97.238,0,0,5239496,274856,179420,2311096,4877.377,1457.814,0,0,0,0,889,1221,1,1.490,1.060,0,0,0,0,0,18,298,0,9,0
24-06 12:50:36,2.001,0.750,95.782,0.500,0,5238064,276288,179420,2311096,5298.768,1620.541,0,1480.494,0,270.090,1419,1970,1,1.490,1.060,0,0,0,0,0,18,298,0,8,0
24-06 12:50:37,0.752,0.251,97.782,0,0,5236588,277760,179420,2311100,5174.925,1624.686,0,112.324,0,13.038,916,1306,1,1.490,1.060,0,0,0,0,0,18,298,0,8,0
24-06 12:50:38,1.247,0.249,97.728,0,0,5235552,278796,179420,2311100,5085.837,1615.501,0,7.978,0,1.994,829,1243,1,1.490,1.060,0,0,0,0,0,18,298,0,8,0
24-06 12:50:39,1.500,0.500,97.003,0,0,5234412,279924,179428,2311104,5040.136,1620.044,0,104.003,0,12.000,1140,1672,0.920,1.470,1.050,0,0,0,0,0,18,298,0,8,0
24-06 12:50:40,1.250,2.500,94.733,0.250,0,5240028,274308,179428,2311104,4803.115,1713.684,0,175.968,0,10.998,1097,1405,0.920,1.470,1.050,1,0,0,0,0,18,298,0,8,0
24-06 12:50:41,2.000,1.500,95.485,0,0,5243468,270852,179432,2311116,4894.213,1457.766,15.997,279.955,1.000,33.995,1533,2296,0.920,1.470,1.050,0,0,1.000,0,0,18,298,0,8,0
24-06 12:50:42,1.000,1.250,96.490,0,0,5235984,278308,179436,2311140,5279.445,1619.830,0,27869.072,0,108.989,1135,1509,0.920,1.470,1.050,0,0,0,0,0,18,298,0,8,0
24-06 12:50:43,1.750,0.500,96.504,0.250,0,5235984,278308,179436,2311140,4818.185,1458.056,0,684.026,0,23.001,1059,1394,0.920,1.470,1.050,0,0,0,0,0,18,298,0,8,0
24-06 12:50:44,1.501,0.500,97.545,0,0,5235980,278308,179436,2311144,4982.286,1620.744,0,4.002,0,1.000,943,1273,0.850,1.440,1.040,0,0,0,0,0,18,298,0,8,0
24-06 12:50:45,0.999,0.500,97.434,0,0,5235980,278308,179436,2311144,4694.833,1457.017,0,0,0,0,890,1263,0.850,1.440,1.040,0,0,0,0,0,18,298,0,8,0
24-06 12:50:46,1.500,0.500,96.032,0.250,0,5235980,278308,179440,2311140,5058.670,1620.535,0,308.102,0,29.010,1297,1919,0.850,1.440,1.040,0,0,0,0,0,18,298,0,8,0
24-06 12:50:47,3.766,7.531,88.118,0.251,0,5233400,280696,179444,2311328,4536.941,1464.113,180.755,17175.707,9.038,298.245,2757,2487,0.850,1.440,1.040,1,0,134.562,0,0,18,298,0,8,0
24-06 12:50:48,25.714,25.465,46.186,0.250,0,5310092,201172,179444,2314160,4008.442,1132.430,3287.442,15.978,33.953,1.997,6870,6093,0.850,1.440,1.040,2,0,588.185,0,0,18,298,0,8,0
24-06 12:50:49,17.003,23.004,58.511,0,0,5320528,190948,179444,2314228,3006.578,486.093,512.098,324.062,4.001,7.001,6634,5845,0.860,1.430,1.040,1,0,555.107,0,0,18,298,0,8,0
24-06 12:50:50,8.231,20.453,68.593,0,0,5313948,197508,179444,2314248,4088.666,1454.679,0,3.991,0,0.998,5674,4406,0.860,1.430,1.040,1,0,373.148,0,0,18,298,0,8,0
24-06 12:50:51,8.274,22.314,66.691,0.251,0,5312936,197708,179448,2315056,4710.474,1624.647,786.249,501.434,16.046,39.112,6192,5483,0.860,1.430,1.040,1,0,421.205,0,0,18,298,0,8,0
24-06 12:50:52,17.253,10.252,69.262,1.500,0,5312316,183208,179628,2329984,5100.903,1620.287,15054.664,3804.673,255.045,229.041,4151,3690,0.860,1.430,1.040,1,0,146.026,0,0,18,298,0,8,0
24-06 12:50:53,7.717,3.236,86.384,0,0,5305948,186924,179640,2332628,35048.353,2913.643,2612.918,31.865,36.844,1.992,2508,2615,0.860,1.430,1.040,0,0,21.907,0,0,18,299,0,10,0
24-06 12:50:54,3.501,1.500,93.271,0.250,0,5305128,187240,179640,2333132,524237.636,15351.503,0,524.120,0,25.006,2224,2539,0.790,1.410,1.040,0,0,1.000,0,0,18,299,0,10,0
24-06 12:50:55,3.249,1.500,92.977,0,0,5300720,190196,179640,2334584,1530940.192,37580.726,0,0,0,0,2507,2330,0.790,1.410,1.040,0,0,0,0,0,18,299,0,10,0
24-06 12:50:56,3.251,1.000,94.267,0.250,0,5297720,192996,179644,2334780,210663.431,8556.561,0,2400.438,0,38.007,1685,2200,0.790,1.410,1.040,1,0,0,0,0,18,299,0,10,0
24-06 12:50:57,1.750,1.500,95.016,0,0,5294908,195192,179668,2335372,621538.047,15416.630,20.003,2108.360,5.001,21.004,1787,1783,0.790,1.410,1.040,0,0,0,0,0,18,299,0,10,0
24-06 12:50:58,1.750,1.000,95.514,0.500,0.250,5290352,199068,179668,2336052,719952.862,17323.619,0,1864.282,0,35.005,1859,1901,0.790,1.410,1.040,0,0,0,0,0,18,299,0,10,0
24-06 12:50:59,1.250,0.750,96.466,0,0.250,5286264,202876,179668,2336332,283023.171,6908.563,0,327.884,0,6.998,1370,1654,0.730,1.390,1.030,0,0,0,0,0,18,299,0,10,0
24-06 12:51:00,1.751,1.000,96.546,0,0,5283308,205372,179668,2336792,469865.878,9082.366,0,428.206,0,4.002,1340,1512,0.730,1.390,1.030,0,0,0,0,0,18,299,0,10,0
24-06 12:51:01,12.542,9.782,73.494,2.508,0,5321868,140288,180324,2362664,171397.714,4340.402,7805.901,23931.407,150.499,548.821,5076,6364,0.730,1.390,1.030,1,0,60.200,0,0,18,298,0,11,0
24-06 12:51:02,7.472,15.691,69.488,4.234,0,5311808,140976,180436,2370632,5576.984,1452.526,11.955,18024.080,2.989,2020.387,8480,11914,0.730,1.390,1.030,1,0,129.512,0,0,18,298,0,11,0
24-06 12:51:03,22.776,8.259,66.575,0.501,0,5289016,197396,179152,2338940,5345.992,1663.865,136.153,1585.777,3.003,91.102,3522,2809,0.730,1.390,1.030,1,0,40.045,0,0,18,298,0,11,0
24-06 12:51:04,23.526,8.009,67.075,0.501,0,5297632,187944,179164,2339732,5544.236,1459.642,0,1569.766,0,97.109,3511,2772,0.830,1.400,1.040,2,0,36.041,0,0,18,298,0,11,0
24-06 12:51:05,22.942,7.980,67.080,0.748,0,5286172,197736,179188,2341360,5404.313,1454.317,0,1404.443,0,62.841,3497,2809,0.830,1.400,1.040,1,0,25.934,0,0,18,298,0,11,0
24-06 12:51:06,23.459,5.740,68.630,0.250,0,5295372,183532,179232,2345272,5707.007,1617.168,63.888,1505.364,14.974,69.878,3252,3054,0.830,1.400,1.040,4,0,16.970,0,0,18,298,0,11,0
24-06 12:51:07,17.075,10.044,70.558,1.255,0,5343920,156000,174400,2329736,5502.055,1464.402,124.545,5584.415,28.123,107.470,4010,5381,0.830,1.400,1.040,2,0,25.110,0,0,18,298,0,11,0
24-06 12:51:08,15.771,10.264,72.848,0.250,0,5351396,140788,174712,2333900,5166.948,1622.181,4474.016,4.005,84.113,1.001,2808,2235,0.830,1.400,1.040,1,0,39.053,0,0,18,298,0,11,0
24-06 12:51:09,21.672,4.733,71.494,0.498,0,5357504,134360,174752,2334236,4442.093,1452.798,358.715,2734.209,21.922,16.939,2736,2090,0.840,1.390,1.040,1,0,35.872,0,0,18,298,0,11,0
24-06 12:51:10,10.748,2.500,85.733,0.250,0,5237772,310856,174832,2278764,3703.269,863.829,131.974,307.939,12.997,12.997,1890,1794,0.840,1.390,1.040,0,0,15.997,0,0,18,298,0,11,0
24-06 12:51:11,1.751,1.250,95.780,0,0,5238000,310604,174856,2278764,4092.296,1134.359,0,248.079,0,31.010,1403,2069,0.840,1.390,1.040,0,0,1.000,0,0,18,298,0,11,0
24-06 12:51:12,1.000,0.500,97.220,0,0,5238000,310604,174856,2278764,5018.433,1619.494,0,0,0,0,853,1215,0.840,1.390,1.040,0,0,0,0,0,18,298,0,11,0
24-06 12:51:13,1.501,0.750,97.303,0.500,0,5237984,310604,174872,2278764,4982.711,1620.882,0,1128.614,0,190.103,950,1334,0.840,1.390,1.040,0,0,0,0,0,18,298,0,11,0
24-06 12:51:14,0.998,0.749,96.095,0,0,5237984,310604,174872,2278764,4958.010,1563.480,0,3.994,0,0.998,987,1385,0.780,1.370,1.030,0,0,0,0,0,18,298,0,11,0
24-06 12:51:15,1.250,0.500,96.517,0,0,5238236,310352,174872,2278764,5192.924,1512.269,0,8.001,0,2.000,911,1269,0.780,1.370,1.030,0,0,0,0,0,18,298,0,11,0
24-06 12:51:16,3.004,1.252,94.889,0.250,0,5238212,310352,174888,2278772,5364.831,1622.368,0,436.637,0,42.061,1485,2096,0.780,1.370,1.030,0,0,0,0,0,18,298,0,11,0
24-06 12:51:17,1.000,0.750,96.972,0,0,5238212,310352,174888,2278772,5528.419,1619.537,0,0,0,0,979,1318,0.780,1.370,1.030,0,0,0,0,0,18,298,0,11,0
24-06 12:51:18,1.000,0.500,97.231,0,0,5238208,310352,174892,2278772,5698.867,1619.678,0,35.993,0,3.999,880,1269,0.780,1.370,1.030,0,0,0,0,0,18,298,0,11,0
24-06 12:51:19,1.250,0.250,97.776,0,0,5238208,310352,174896,2278768,5461.472,1620.437,0,104.028,0,7.002,918,1316,0.710,1.340,1.030,2,0,0,0,0,18,298,0,11,0
24-06 12:51:20,1.000,0.500,97.258,0,0,5238204,310352,174896,2278772,5160.442,1620.139,0,4.000,0,1.000,916,1271,0.710,1.340,1.030,0,0,0,0,0,18,298,0,11,0
24-06 12:51:21,2.000,0.500,96.524,0,0,5238196,310352,174900,2278776,5118.254,1662.407,0,60.015,0,7.002,1223,1605,0.710,1.340,1.030,0,0,1.000,0,0,18,298,0,6,0
24-06 12:51:22,1.500,1.500,96.238,0,0,5239200,309348,174900,2278776,4739.422,1619.802,0,15.998,0,1.000,1026,1320,0.710,1.340,1.030,0,0,5.999,0,0,18,298,0,6,0
24-06 12:51:23,0.999,0.750,97.450,0,0,5239200,309348,174900,2278776,4875.488,1457.249,0,2806.554,0,228.882,944,1255,0.710,1.340,1.030,0,0,0,0,0,18,298,0,6,0
24-06 12:51:24,1.500,0.750,96.772,0,0,5239232,309348,174908,2278768,4222.976,972.225,0,136.031,0,13.003,1136,1661,0.660,1.320,1.020,0,0,0,0,0,18,298,0,6,0
24-06 12:51:25,1.000,0.500,97.257,0,0,5239220,309348,174908,2278780,3888.299,648.050,0,192.015,0,15.001,940,1380,0.660,1.320,1.020,0,0,0,0,0,18,298,0,4,0
24-06 12:51:26,2.249,0.750,94.452,0.500,0,5239192,309348,174932,2278784,4772.589,1457.264,0,339.828,0,37.981,1553,2311,0.660,1.320,1.020,0,0,0,0,0,18,298,0,4,0
24-06 12:51:27,1.001,1.001,97.300,0,0,5239188,309348,174932,2278788,5300.728,1500.772,0,0,0,0,965,1319,0.660,1.320,1.020,0,0,0,0,0,18,298,0,4,0
24-06 12:51:28,0.750,0.500,96.986,0,0,5239188,309348,174940,2278780,4577.321,1457.784,0,299.955,0,21.997,885,1326,0.660,1.320,1.020,0,0,0,0,0,18,298,0,4,0
24-06 12:51:29,1.249,0.750,97.451,0.250,0,5239180,309348,174940,2278788,5417.289,1619.190,0,583.708,0,127.936,1036,1405,0.600,1.300,1.010,0,0,0,0,0,18,298,0,4,0
24-06 12:51:30,1.251,0.751,97.320,0,0,5239180,309348,174940,2278788,4461.226,1459.055,0,0,0,0,920,1280,0.600,1.300,1.010,0,0,0,0,0,18,298,0,4,0
24-06 12:51:31,1.500,0.750,96.503,0,0,5239180,309348,174940,2278788,5237.173,1620.054,0,0,0,0,1070,1430,0.600,1.300,1.010,0,0,3.000,0,0,18,298,0,4,0
24-06 12:51:32,1.500,0.250,97.235,0,0,5239176,309348,174940,2278792,4817.278,1457.782,0,11.998,0,2.000,1003,1376,0.600,1.300,1.010,0,0,0,0,0,18,298,0,4,0
24-06 12:51:33,0.997,0.997,96.661,0,0,5239172,309348,174944,2278792,4902.795,1614.335,3.986,709.510,0.997,13.951,906,1270,0.600,1.300,1.010,0,0,0,0,0,18,298,0,4,0
24-06 12:51:34,7.245,3.997,87.690,0,0,5245276,303244,174944,2278620,3691.460,593.592,0,151.895,0,7.994,2098,5751,0.560,1.280,1.010,0,0,35.975,0,0,18,298,0,5,0
24-06 12:51:35,2.009,0.753,96.158,0.502,0,5245152,303356,174944,2278804,4523.200,1409.985,0,228.972,0,21.090,1129,1742,0.560,1.280,1.010,0,0,0,0,0,18,298,0,5,0
24-06 12:51:36,2.000,1.000,95.237,0,0,5245152,303356,174948,2278800,5478.225,1619.771,0,143.980,0,20.997,1383,2014,0.560,1.280,1.010,0,0,0,0,0,18,298,0,5,0
24-06 12:51:37,1.250,0.500,97.252,0,0,5245372,303132,174948,2278804,5470.091,1620.027,0,0,0,0,979,1364,0.560,1.280,1.010,0,0,0,0,0,18,298,0,5,0
24-06 12:51:38,0.750,2.249,96.208,0.250,0,5245332,303132,174980,2278812,5707.517,1619.296,3.998,55771.741,1.000,107.953,1018,1338,0.560,1.280,1.010,0,0,0,0,0,18,298,0,4,0
24-06 12:51:39,1.250,1.000,96.272,0.250,0,5245316,303132,174996,2278812,5281.234,1620.379,0,912.213,0,143.033,1093,1616,0.510,1.260,1,0,0,0,0,0,18,298,0,4,0
24-06 12:51:40,8.032,3.263,83.586,3.263,0,5263316,281716,175488,2281736,5291.255,1666.695,3421.745,200.807,575.311,11.044,2209,2704,0.510,1.260,1,1,0,5.020,0,0,18,298,0,4,0
24-06 12:51:41,13.912,3.975,79.743,0,0,5275416,269368,175516,2281960,14751.261,10681.125,79.495,989.711,8.943,23.848,3113,3480,0.510,1.260,1,1,0,5.962,0,0,18,298,0,6,0
24-06 12:51:42,15.797,3.761,80.240,0.251,0,5287152,257524,175528,2282056,15604.764,12013.001,80.240,144.433,5.015,18.054,2631,2634,0.510,1.260,1,4,0,5.015,0,0,18,298,0,8,0
24-06 12:51:43,15.000,4.000,80.002,0,0,5278388,266060,175532,2282280,15539.305,12064.237,0,204.004,0,20.000,2682,2605,0.510,1.260,1,1,0,5.000,0,0,18,298,0,9,0
24-06 12:51:44,14.222,3.743,80.095,0,0,5276700,267576,175536,2282448,14134.636,10728.230,15.969,323.374,0.998,25.950,2567,2666,0.470,1.240,1,1,0,4.990,0,0,18,298,0,10,0
24-06 12:51:45,14.740,3.997,78.945,0.500,0,5260876,283364,175556,2282464,15473.261,12088.610,0,367.745,0,40.972,2793,3000,0.470,1.240,1,1,0,4.997,0,0,18,298,0,11,0
24-06 12:51:46,18.574,4.267,75.550,0.251,0,5262940,281128,175576,2282616,16093.881,12021.718,0,341.355,0,33.132,3257,3332,0.470,1.240,1,3,0,19.076,0,0,18,294,0,14,0
24-06 12:51:47,59.446,9.660,29.723,0,0,4924044,620016,175584,2282272,5395.741,1551.548,19.815,63.409,3.963,5.945,3764,1877,0.470,1.240,1,3,0,3.963,0,0,18,276,0,16,0
24-06 12:51:48,83.249,17.712,0.253,0,0,5110288,433896,175584,2282532,4769.207,1530.357,574.896,0,13.158,0,4900,2652,0.470,1.240,1,5,0,8.097,0,0,18,276,0,16,0
24-06 12:51:49,84.843,14.723,0,0,0,5137888,405852,175600,2283072,5076.624,1563.113,323.403,1253.685,5.989,76.858,5174,3398,0.990,1.330,1.030,7,0,9.982,0,0,18,268,0,17,0
24-06 12:51:50,83.033,15.662,0.746,0.249,0,5055256,486160,175620,2285476,4506.646,1573.150,2307.021,2987.194,138.222,457.427,6596,5676,0.990,1.330,1.030,5,0,9.944,0,0,18,263,0,20,0
24-06 12:51:51,59.932,9.821,29.714,0.252,0,5163372,375488,175644,2288004,5079.577,1577.358,495.568,519.743,25.181,46.334,7683,13498,0.990,1.330,1.030,5,0,3.022,0,0,18,263,0,25,0
24-06 12:51:52,30.695,6.738,60.640,0.499,0,5253584,283564,175656,2289704,12421.542,6007.139,566.975,443.199,58.894,33.939,5002,6385,0.990,1.330,1.030,2,0,4.991,0,0,18,270,0,31,0
24-06 12:51:53,14.441,2.739,79.923,0,0,5263660,273180,175660,2290008,49897.642,15561.268,31.869,103.576,1.992,6.971,3523,4516,0.990,1.330,1.030,3,0,1.992,0,0,18,278,0,31,0
24-06 12:51:54,6.260,2.254,89.397,1.252,0,5268360,268392,175720,2290036,14317.532,3572.872,0,3081.064,0,216.356,2892,4456,0.910,1.310,1.020,0,0,1.002,0,0,18,281,0,29,0
24-06 12:51:55,1.500,0.750,96.481,0,0,5268576,268168,175724,2290040,4605.080,1565.687,0,99.980,0,11.998,1038,1457,0.910,1.310,1.020,0,0,0,0,0,18,281,0,29,0
24-06 12:51:56,2.750,1.000,94.743,0.250,0,5268548,268168,175740,2290052,4722.643,1025.922,0,327.975,0,39.997,1565,2245,0.910,1.310,1.020,0,0,0,0,0,18,281,0,29,0
24-06 12:51:57,1.000,0.500,97.518,0.250,0,5268544,268168,175744,2290052,5387.006,1566.292,0,540.101,0,10.002,928,1281,0.910,1.310,1.020,0,0,0,0,0,18,281,0,29,0
24-06 12:51:58,1.251,0.750,97.043,0.250,0,5268544,268168,175748,2290048,5522.452,1620.720,0,348.155,0,27.012,1043,1563,0.910,1.310,1.020,0,0,0,0,0,18,281,0,29,0
24-06 12:51:59,0.500,0.500,97.470,0,0,5268536,268168,175752,2290052,5038.475,1619.510,0,1351.591,0,144.956,878,1292,0.840,1.290,1.020,0,0,0,0,0,18,281,0,29,0
24-06 12:52:00,1.500,0.750,97.243,0,0,5268536,268168,175752,2290052,5219.648,1619.891,0,0,0,0,876,1265,0.840,1.290,1.020,0,0,0,0,0,18,281,0,29,0
24-06 12:52:01,1.254,0.502,97.584,0,0.251,5268788,267916,175752,2290052,5556.040,1625.571,0,0,0,0,1025,1364,0.840,1.290,1.020,0,0,1.003,0,0,18,281,0,29,0
24-06 12:52:02,1.246,0.748,96.698,0,0,5268772,267916,175756,2290064,5502.805,1614.954,15.950,83.738,0.997,9.969,1119,1583,0.840,1.290,1.020,0,0,0,0,0,18,281,0,28,0
24-06 12:52:03,1.255,0.502,96.867,0.251,0,5268756,267916,175760,2290076,5137.480,1505.709,0,417.583,0,31.118,1057,1598,0.840,1.290,1.020,0,0,0,0,0,18,281,0,28,0
24-06 12:52:04,8.967,1.245,88.175,0.498,0.249,5269468,267160,175776,2290104,5200.834,1614.052,191.295,553.959,11.956,74.725,2626,3846,0.770,1.270,1.010,2,0,0,0,0,18,281,0,28,0
24-06 12:52:05,0.750,0.750,97.474,0.250,0,5269152,267160,175776,2290420,4918.709,1619.575,0,9841.417,0,1171.692,1188,1391,0.770,1.270,1.010,0,0,0,0,0,18,281,0,28,0
24-06 12:52:06,1.750,1.250,96.225,0.250,0,5269148,267160,175800,2290400,5535.534,1619.571,0,803.787,0,59.984,1256,1916,0.770,1.270,1.010,3,0,0,0,0,18,281,0,28,0
24-06 12:52:07,1.000,0.250,97.524,0,0,5269124,267160,175800,2290424,4999.215,1458.354,0,0,0,0,935,1297,0.770,1.270,1.010,0,0,0,0,0,18,281,0,28,0
24-06 12:52:08,1.000,0.750,97.234,0,0,5269124,267160,175800,2290424,4431.251,1211.795,0,3.999,0,1.000,875,1267,0.770,1.270,1.010,1,0,0,0,0,18,281,0,28,0
24-06 12:52:09,1.497,0.499,96.053,0.499,0,5269124,267160,175804,2290420,4714.331,1640.635,0,123.746,0,12.973,1160,1680,0.710,1.240,1.010,0,0,0,0,0,18,281,0,28,0
24-06 12:52:10,1.253,1.002,96.953,0.251,0,5269104,267160,175804,2290440,4230.840,1244.601,0,176.369,0,11.023,922,1362,0.710,1.240,1.010,0,0,0,0,0,18,281,0,28,0
24-06 12:52:11,1.000,0.500,96.513,0,0,5269348,266908,175812,2290440,4221.548,1404.182,0,80.010,0,12.002,1191,1770,0.710,1.240,1.010,0,0,1.000,0,0,18,281,0,28,0
24-06 12:52:12,3.008,0.752,95.241,0,0,5269344,266908,175816,2290440,4944.501,1515.832,0,88.223,0,13.033,1362,1873,0.710,1.240,1.010,0,0,1.003,0,0,18,281,0,28,0
24-06 12:52:13,0.997,0.499,96.997,0.249,0,5269344,266908,175828,2290428,3620.566,807.895,0,303.210,0,22.940,904,1333,0.710,1.240,1.010,0,0,0,0,0,18,281,0,28,0
24-06 12:52:14,2.249,1.250,94.964,0.250,0,5269560,266656,175848,2290444,4506.277,1187.546,0,291.888,0,45.982,1603,2389,0.650,1.220,1,0,0,0,0,0,18,281,0,28,0
24-06 12:52:15,1.500,0.250,97.519,0,0,5269560,266656,175848,2290444,5086.974,1566.300,0,1300.249,0,2.000,892,1258,0.650,1.220,1,0,0,0,0,0,18,281,0,28,0
24-06 12:52:16,2.000,0.750,95.768,0,0,5269556,266656,175864,2290432,5404.025,1554.295,0,580.110,0,39.007,1235,1813,0.650,1.220,1,0,0,0,0,0,18,281,0,28,0
24-06 12:52:17,1.500,0.500,97.012,0.250,0,5269528,266656,175868,2290456,5192.637,1566.192,0,36.004,0,4.000,1012,1357,0.650,1.220,1,0,0,0,0,0,18,281,0,28,0
24-06 12:52:18,1.500,0.750,96.972,0,0,5269528,266656,175876,2290448,5518.411,1619.534,95.972,123.964,5.998,15.995,1162,1706,0.650,1.220,1,0,0,0,0,0,18,281,0,28,0
24-06 12:52:19,1.000,0.500,97.034,0,0,5269420,266656,175880,2290552,5461.920,1620.570,0,72.025,0,9.003,970,1357,0.600,1.200,0.990,0,0,0,0,0,18,281,0,28,0
24-06 12:52:20,16.499,5.999,75.743,0.750,0,5261944,273184,176020,2291220,5995.481,1857.839,991.914,15.999,92.992,4.000,2886,2626,0.600,1.200,0.990,3,0,70.994,0,0,18,277,0,30,0
24-06 12:52:21,36.266,5.002,57.775,0.250,0,4976036,559164,176020,2291420,5299.332,1972.868,72.032,92.041,5.002,7.003,2880,1967,0.600,1.200,0.990,1,0,9.004,0,0,18,277,0,30,0
24-06 12:52:22,23.994,4.249,70.983,0,0,5020804,514340,176020,2291488,5070.769,2011.512,31.992,27.993,2.999,2.999,2376,1877,0.600,1.200,0.990,2,0,5.999,0,0,18,277,0,30,0
24-06 12:52:23,22.314,5.766,71.203,0.251,0,5097432,436528,176020,2292692,5006.274,1757.010,320.915,0,34.097,0,2744,3333,0.600,1.200,0.990,1,0,17.049,0,0,18,281,0,32,0
24-06 12:52:24,22.937,6.732,68.313,0.249,0,5179520,354412,176036,2292704,4798.831,1747.205,0,1017.209,0,78.784,3053,3070,0.630,1.200,0.990,2,0,5.984,0,0,18,281,0,32,0
24-06 12:52:25,24.493,2.499,72.231,0,0,5211360,322396,176036,2292880,4678.745,1745.532,0,7.998,0,1.999,1985,1466,0.630,1.200,0.990,2,0,0,0,0,18,281,0,32,0
24-06 12:52:26,6.752,2.001,90.028,0.250,0,5199684,334036,176056,2292896,4984.566,1706.536,0,5241.647,0,704.221,1936,2449,0.630,1.200,0.990,1,0,2.001,0,0,18,281,0,32,0
24-06 12:52:27,1.000,0.750,97.229,0,0,5199684,334036,176056,2292896,4798.949,1619.645,0,0,0,0,956,1338,0.630,1.200,0.990,0,0,0,0,0,18,281,0,32,0
24-06 12:52:28,1.249,0.750,97.451,0.250,0,5199684,334036,176056,2292896,4589.699,1511.242,0,483.757,0,22.988,959,1353,0.630,1.200,0.990,0,0,0,0,0,18,281,0,32,0
24-06 12:52:29,1.000,0.500,97.263,0,0,5198560,335156,176056,2292900,3662.472,702.090,0,224.029,0,45.006,900,1228,0.580,1.180,0.990,0,0,0,0,0,18,281,0,32,0
24-06 12:52:30,1.750,0.750,96.769,0,0,5196348,337360,176056,2292908,4864.970,1494.298,0,140.028,0,9.002,1025,1582,0.580,1.180,0.990,0,0,0,0,0,18,281,0,32,0
24-06 12:52:31,1.249,0.500,96.700,0,0,5192240,341468,176056,2292908,5132.325,1457.240,0,0,0,0,1049,1393,0.580,1.180,0.990,0,0,0.999,0,0,18,281,0,32,0
24-06 12:52:32,1.251,1.001,97.299,0,0,5188644,345064,176056,2292908,4682.341,1620.810,0,4.002,0,1.001,955,1342,0.580,1.180,0.990,0,0,0,0,0,18,281,0,32,0
24-06 12:52:33,1.000,0.250,97.499,0,0,5185500,348208,176056,2292908,4119.955,1079.988,0,0,0,0,889,1276,0.580,1.180,0.990,0,0,0,0,0,18,281,0,32,0
24-06 12:52:34,5.014,2.507,90.499,0.251,0,5199100,334584,176068,2293608,4831.313,1462.029,0,621.713,0,59.163,1985,3896,0.540,1.160,0.980,2,0,34.094,0,0,18,281,0,32,0
24-06 12:52:35,4.487,2.243,91.484,0,0,5180208,353476,176068,2292920,4698.334,1647.209,0,31.907,0,3.988,1642,4420,0.540,1.160,0.980,1,0,1.994,0,0,18,281,0,32,0
24-06 12:52:36,2.501,0.750,96.052,0.500,0,5179664,354000,176084,2292924,5285.836,1566.841,0,316.170,0,31.017,1282,1791,0.540,1.160,0.980,0,0,0,0,0,18,281,0,32,0
24-06 12:52:37,1.000,0.750,97.256,0,0,5178024,355640,176084,2292924,4532.272,1512.091,0,32.002,0,4.000,923,1267,0.540,1.160,0.980,0,0,0,0,0,18,281,0,32,0
24-06 12:52:38,0.997,0.997,96.166,0,0,5176588,357076,176084,2292924,5140.121,1692.114,0,3.986,0,0.997,983,1305,0.540,1.160,0.980,0,0,0,0,0,18,281,0,32,0
24-06 12:52:39,1.505,0.251,96.562,0,0,5175032,358620,176096,2292924,5124.552,1703.502,0,88.285,0,13.042,1177,1643,0.490,1.140,0.980,0,0,0,0,0,18,281,0,32,0
24-06 12:52:40,1.250,1.250,96.478,0,0,5173872,359772,176104,2292924,5088.854,1749.606,0,219.950,0,16.996,1197,1651,0.490,1.140,0.980,1,0,0,0,0,18,281,0,32,0
24-06 12:52:41,2.000,1.250,94.248,0.750,0,5173868,359772,176140,2292892,5176.913,1619.973,0,2631.956,0,175.997,1816,2746,0.490,1.140,0.980,0,0,1.000,0,0,18,281,0,32,0
24-06 12:52:42,1.250,0.500,96.750,0,0,5173828,359772,176140,2292932,5219.994,1619.998,0,0,0,0,956,1357,0.490,1.140,0.980,3,0,0,0,0,18,281,0,32,0
24-06 12:52:43,1.250,0.750,97.019,0.250,0,5173828,359772,176144,2292928,5281.007,1620.309,0,88.017,0,10.002,1031,1343,0.490,1.140,0.980,0,0,0,0,0,18,281,0,27,0
24-06 12:52:44,2.748,0.749,94.677,0.250,0,5173796,359772,176168,2292936,5263.920,1606.754,0,567.560,0,54.957,1587,2284,0.450,1.120,0.970,1,0,0,0,0,18,281,0,27,0
24-06 12:52:45,0.751,0.501,97.599,0,0,5173796,359772,176168,2292936,4925.011,1621.650,0,32.033,0,4.004,899,1240,0.450,1.120,0.970,0,0,0,0,0,18,281,0,27,0
24-06 12:52:46,4.744,0.999,92.879,0.250,0,5174260,359296,176176,2292940,5180.255,1617.894,0,255.667,0,22.970,1553,2057,0.450,1.120,0.970,1,0,1.997,0,0,18,281,0,27,0
24-06 12:52:47,1.251,0.751,96.359,0,0,5166572,366952,176176,2292972,4685.315,1621.840,32.036,768.872,2.002,163.185,1141,1621,0.450,1.120,0.970,0,0,1.001,0,0,18,281,0,20,0
24-06 12:52:48,1.751,1.001,96.815,0,0,5166824,366700,176176,2292972,4152.782,1513.014,0,4.003,0,1.001,988,1341,0.450,1.120,0.970,0,0,0,0,0,18,281,0,20,0
24-06 12:52:49,1.999,0.750,96.192,0.250,0,5167032,366448,176188,2293004,4349.396,1619.031,0,143.914,0,15.990,1120,1515,0.420,1.100,0.970,0,0,0.999,0,0,18,281,0,20,0
24-06 12:52:50,3.005,2.004,94.418,0,0,5171524,361928,176188,2293032,4674.324,1568.794,0,384.685,0,3.005,1348,1718,0.420,1.100,0.970,1,0,3.005,0,0,18,281,0,20,0
24-06 12:52:51,7.258,11.012,80.338,0,0,5182320,351104,176192,2293056,4840.273,1549.688,0,80.087,0,6.007,3738,3421,0.420,1.100,0.970,1,0,201.219,0,0,18,281,0,17,0
24-06 12:52:52,19.179,8.718,69.991,0,0.249,5238404,294988,176196,2293084,3791.942,1161.693,0,139.483,0,11.956,3233,3014,0.420,1.100,0.970,1,0,112.583,0,0,18,281,0,11,0
24-06 12:52:53,20.244,2.749,75.478,0,0,5266112,267280,176196,2293084,9783.116,6910.963,31.991,0,1.999,0,2333,2119,0.420,1.100,0.970,2,0,0,0,0,18,282,0,11,0
24-06 12:52:54,22.119,2.514,73.648,1.508,0,5266048,266804,176252,2293568,9076.010,5667.605,394.128,1785.642,24.130,172.934,4186,5352,0.460,1.100,0.970,1,1,0,0,0,18,282,0,13,0
24-06 12:52:55,32.764,7.694,57.088,0.496,0,5266092,265988,176304,2294288,6056.286,2934.817,591.729,849.866,35.742,103.255,5585,7319,0.460,1.100,0.970,2,0,25.814,0,0,18,281,0,14,0
24-06 12:52:56,39.261,8.809,51.089,0.252,0,5352796,179048,176320,2294508,14172.175,10302.461,140.937,314.087,6.040,32.214,3704,3399,0.460,1.100,0.970,2,0,5.033,0,0,18,285,0,10,0
24-06 12:52:57,26.387,4.730,67.711,0,0,5350000,181776,176320,2294576,34662.948,30266.725,15.932,2206.575,0.996,395.312,3216,2629,0.460,1.100,0.970,0,0,34.851,0,0,18,281,0,19,0
24-06 12:52:58,1.498,0.749,96.602,0,0,5346512,185264,176320,2294576,5110.171,1497.705,0,0,0,0,914,1268,0.460,1.100,0.970,0,0,0,0,0,18,281,0,19,0
24-06 12:52:59,1.753,0.751,96.177,0.501,0,5342900,188860,176336,2294576,4929.064,1665.062,0,2624.827,0,153.282,1306,2107,0.430,1.080,0.960,0,0,0,0,0,18,281,0,19,0
24-06 12:53:00,1.748,0.500,96.412,0.250,0,5339612,192148,176336,2294576,4693.732,1456.675,0,119.891,0,12.988,1014,1400,0.430,1.080,0.960,0,0,0,0,0,18,281,0,19,0
24-06 12:53:01,2.001,1.251,95.553,0,0,5335740,196020,176336,2294576,5359.951,1620.892,0,64.035,0,7.004,1126,1435,0.430,1.080,0.960,0,0,1.001,0,0,18,281,0,19,0
24-06 12:53:02,1.000,0.250,97.278,0,0,5328520,203240,176336,2294576,5041.425,1620.458,0,4.001,0,1.000,959,1339,0.430,1.080,0.960,0,0,0,0,0,18,281,0,19,0
24-06 12:53:03,1.250,0.750,97.240,0,0,5322220,209540,176336,2294576,4989.471,1619.828,0,0,0,0,844,1235,0.430,1.080,0.960,0,0,0,0,0,18,281,0,19,0
24-06 12:53:04,3.749,1.000,93.470,0.500,0,5316936,214800,176344,2294592,11691.288,2996.049,0,571.818,0,55.982,1813,2514,0.390,1.060,0.960,0,0,0,0,0,18,281,0,19,0
24-06 12:53:05,1.750,0.500,95.735,0,0,5312036,219672,176348,2294616,5339.136,1619.738,15.997,483.922,1.000,83.986,1264,1767,0.390,1.060,0.960,0,0,2.000,0,0,18,281,0,19,0
24-06 12:53:06,2.252,1.001,94.821,0.500,0,5307840,223848,176360,2294624,5823.345,1513.129,0,596.445,0,57.043,1415,2089,0.390,1.060,0.960,0,0,0,0,0,18,281,0,19,0
24-06 12:53:07,1.500,0.500,96.737,0,0,5304144,227536,176364,2294628,5145.290,1565.784,0,95.987,0,12.998,1043,1466,0.390,1.060,0.960,0,0,0,0,0,18,281,0,19,0
24-06 12:53:08,1.250,1.000,97.520,0,0,5300852,230828,176364,2294628,5341.101,1620.334,0,8.002,0,2.000,920,1303,0.390,1.060,0.960,0,0,0,0,0,18,281,0,19,0
24-06 12:53:09,1.000,0.500,97.013,0.250,0,5298176,233500,176364,2294632,4932.646,1752.230,0,96.013,0,12.002,1081,1631,0.360,1.040,0.950,1,0,0,0,0,18,281,0,19,0
24-06 12:53:10,1.249,0.250,97.201,0,0,5295744,235932,176364,2294632,4563.687,1685.146,0,179.909,0,11.994,965,1416,0.360,1.040,0.950,0,0,0,0,0,18,281,0,19,0
24-06 12:53:11,1.500,1.000,96.763,0,0,5294092,237572,176376,2294632,4429.582,1512.199,0,80.011,0,12.002,1144,1726,0.360,1.040,0.950,0,0,1.000,0,0,18,281,0,19,0
24-06 12:53:12,1.504,0.501,97.252,0.251,0,5292648,239016,176376,2294632,2933.596,487.262,0,970.513,0,212.550,982,1305,0.360,1.040,0.950,0,0,0,0,0,18,281,0,19,0
24-06 12:53:13,0.998,0.748,97.266,0.249,0,5291112,240540,176388,2294632,4608.901,1616.108,0,199.520,0,14.964,931,1324,0.360,1.040,0.950,0,0,0,0,0,18,281,0,19,0
24-06 12:53:14,2.500,0.750,94.737,0.250,0,5290244,241396,176392,2294640,4637.373,1457.803,0,551.925,0,56.992,1574,2388,0.330,1.030,0.950,0,0,0,0,0,18,281,0,19,0
24-06 12:53:15,1.983,0.496,95.950,0,0,5289952,241680,176400,2294640,5057.851,1606.611,0,115.041,0,17.851,1129,1676,0.330,1.030,0.950,0,0,0,0,0,18,281,0,19,0
24-06 12:53:16,2.014,1.007,94.387,0.503,0,5290068,241548,176412,2294644,5049.085,1510.195,0,3491.571,0,176.189,1584,2513,0.330,1.030,0.950,0,0,0,0,0,18,281,0,19,0
24-06 12:53:17,2.254,0.751,96.432,0,0,5290064,241548,176416,2294644,5350.098,1623.063,0,56.106,0,7.013,1019,1335,0.330,1.030,0.950,0,0,0,0,0,18,281,0,19,0
24-06 12:53:18,1.250,0.250,97.510,0,0.250,5290060,241548,176416,2294648,5178.527,1458.149,0,0,0,0,891,1251,0.330,1.030,0.950,0,0,0,0,0,18,281,0,19,0
24-06 12:53:19,1.250,0.500,96.973,0.250,0,5290060,241548,176424,2294640,6244.272,1685.534,3.999,127.965,1.000,8.998,927,1290,0.380,1.030,0.950,0,0,0,0,0,18,281,0,19,0
24-06 12:53:20,1.500,1.250,96.993,0,0,5290052,241548,176424,2294648,5537.612,1457.898,0,23.998,0,2.000,926,1261,0.380,1.030,0.950,0,0,0,0,0,18,281,0,19,0
24-06 12:53:21,1.000,0.250,97.015,0.250,0,5290052,241548,176428,2294644,5837.900,1620.250,0,224.035,0,7.001,1038,1404,0.380,1.030,0.950,0,0,1.000,0,0,18,281,0,19,0
24-06 12:53:22,1.750,1.500,95.739,0,0,5290552,241044,176428,2294648,5399.397,1619.819,0,0,0,0,1091,1402,0.380,1.030,0.950,0,0,5.999,0,0,18,281,0,19,0
24-06 12:53:23,1.500,0.750,96.514,0,0,5290316,241276,176428,2294652,5220.746,1620.232,0,0,0,0,1023,1404,0.380,1.030,0.950,0,0,2.000,0,0,18,281,0,19,0
24-06 12:53:24,2.500,1.250,94.250,0.500,0,5290312,241276,176444,2294640,5417.985,1597.996,0,655.998,0,72.000,1765,2613,0.350,1.010,0.940,0,0,0,0,0,18,281,0,15,0
24-06 12:53:25,2.500,0.750,95.246,0,0,5290500,241052,176444,2294676,10806.548,3128.869,0,79.997,0,9.000,1391,1872,0.350,1.010,0.940,0,0,0,0,0,18,281,0,15,0
24-06 12:53:26,2.998,0.999,94.696,0.250,0,5290268,241276,176456,2294672,5353.952,1619.078,0,427.756,0,50.971,1526,2263,0.350,1.010,0.940,0,0,0,0,0,18,281,0,15,0
24-06 12:53:27,1.750,2.000,95.267,0,0,5290168,241364,176456,2294684,4740.849,1620.290,0,120.022,0,8.001,1256,1474,0.350,1.010,0.940,0,0,18.003,0,0,18,281,0,15,0
24-06 12:53:28,1.251,0.750,96.548,0.250,0,5289772,241760,176460,2294680,5592.788,1620.808,0,1300.648,0,199.099,978,1373,0.350,1.010,0.940,0,0,0,0,0,18,281,0,15,0
24-06 12:53:29,1.500,0.250,98.003,0,0,5289768,241760,176460,2294684,4740.127,1620.043,0,0,0,0,873,1255,0.320,0.990,0.940,0,0,0,0,0,18,281,0,15,0
24-06 12:53:30,0.500,0.750,97.485,0,0,5289768,241760,176460,2294684,4919.257,1661.749,0,7.999,0,2.000,880,1287,0.320,0.990,0.940,0,0,0,0,0,18,281,0,15,0
24-06 12:53:31,1.000,0.250,97.490,0,0,5289768,241760,176460,2294684,5056.458,1619.826,0,15.998,0,1.000,927,1360,0.320,0.990,0.940,0,0,1.000,0,0,18,281,0,15,0
24-06 12:53:32,1.500,0.500,97.476,0,0,5290020,241508,176460,2294684,4706.829,1457.638,0,3.999,0,1.000,917,1289,0.320,0.990,0.940,0,0,0,0,0,18,281,0,15,0
24-06 12:53:33,1.250,0.750,97.532,0,0,5290012,241508,176464,2294688,4741.547,1620.529,0,48.016,0,3.001,948,1296,0.320,0.990,0.940,0,0,0,0,0,18,281,0,15,0
24-06 12:53:34,2.250,0.750,94.754,0.250,0,5290012,241508,176476,2294676,5058.225,1458.065,0,548.024,0,56.002,1517,2362,0.300,0.980,0.930,1,0,0,0,0,18,281,0,15,0
24-06 12:53:35,7.999,4.000,86.492,0.250,0,5288692,242808,176480,2294708,5105.509,1685.838,0,95.991,0,11.999,2510,7575,0.300,0.980,0.930,0,0,35.997,0,0,18,281,0,16,0
24-06 12:53:36,1.750,0.750,96.507,0,0,5288632,242860,176488,2294692,4475.342,1458.111,0,292.022,0,48.004,1123,1680,0.300,0.980,0.930,0,0,0,0,0,18,281,0,16,0
24-06 12:53:37,1.250,0.750,97.015,0.250,0,5288848,242636,176492,2294696,4800.740,1620.250,0,592.091,0,122.019,1042,1384,0.300,0.980,0.930,0,0,2.000,0,0,18,281,0,15,0
24-06 12:53:38,1.250,0.750,97.247,0.250,0,5288844,242636,176496,2294696,4817.842,1457.952,0,343.989,0,26.999,1001,1425,0.300,0.980,0.930,0,0,0,0,0,18,281,0,15,0
24-06 12:53:39,1.499,0.500,96.461,0,0,5288840,242636,176496,2294700,5337.835,1619.343,0,83.966,0,11.995,1192,1662,0.270,0.960,0.930,0,0,0,0,0,18,281,0,15,0
24-06 12:53:40,1.500,0.750,96.740,0.250,0,5288840,242636,176496,2294700,4959.504,1749.825,0,175.982,0,10.999,1048,1452,0.270,0.960,0.930,0,0,0,0,0,18,281,0,15,0
24-06 12:53:41,1.750,0.750,96.249,0,0,5288840,242636,176496,2294700,4936.959,1619.987,0,79.999,0,12.000,1242,1744,0.270,0.960,0.930,0,0,1.000,0,0,18,281,0,15,0
24-06 12:53:42,1.251,0.500,97.542,0,0,5288840,242636,176496,2294700,4834.076,1512.650,0,0,0,0,874,1258,0.270,0.960,0.930,0,0,0,0,0,18,281,0,15,0
24-06 12:53:43,0.750,1.000,96.983,0,0,5288836,242636,176500,2294700,4105.274,1025.819,0,287.949,0,18.997,1020,1408,0.270,0.960,0.930,0,0,0,0,0,18,281,0,15,0
24-06 12:53:44,2.500,0.500,95.000,0.500,0,5288808,242636,176520,2294708,5040.015,1620.005,0,532.002,0,55.000,1568,2399,0.250,0.940,0.920,0,0,0,0,0,18,281,0,15,0
24-06 12:53:45,2.501,1.000,95.541,0.250,0,5288800,242636,176528,2294708,4982.125,1620.691,0,172.073,0,21.009,1303,1850,0.250,0.940,0.920,1,0,0,0,0,18,281,0,15,0
24-06 12:53:46,1.750,0.500,96.513,0,0,5288792,242636,176528,2294716,4997.665,1620.216,0,92.012,0,12.002,1104,1700,0.250,0.940,0.920,0,0,0,0,0,18,281,0,15,0
24-06 12:53:47,2.750,3.750,92.510,0,0,5297608,233820,176528,2294716,4740.510,1620.174,0,0,0,0,1540,1590,0.250,0.940,0.920,1,0,37.004,0,0,18,281,0,15,0
24-06 12:53:48,21.731,4.496,72.437,0,0,5321604,209560,176532,2294980,12924.711,9446.749,0,1446.736,0,224.804,3448,3955,0.250,0.940,0.920,1,0,2.997,0,0,18,284,0,15,0
24-06 12:53:49,10.034,7.024,81.274,0,0,5310832,220236,176536,2295076,7653.777,4559.355,4.014,361.217,1.003,11.037,3053,2650,0.310,0.940,0.920,2,0,84.284,0,0,18,287,0,16,0
24-06 12:53:50,15.240,19.987,62.709,0.500,0.250,5294832,235856,176548,2295444,16768.108,2578.325,159.896,191.875,9.994,18.988,6919,6911,0.310,0.940,0.920,1,0,418.728,0,0,18,285,0,18,0
24-06 12:53:51,21.714,4.742,72.129,0,0,5351456,179184,176556,2295484,4928.717,1617.282,51.913,103.826,1.997,5.990,2183,1771,0.310,0.940,0.920,1,0,0.998,0,0,18,285,0,18,0
24-06 12:53:52,21.834,5.019,72.277,0.251,0,5399184,166216,173176,2264752,4758.218,1626.227,184.707,0,11.042,0,2114,1680,0.310,0.940,0.920,1,0,2.008,0,0,18,285,0,18,0
24-06 12:53:53,21.911,2.988,71.459,2.241,0,5421216,137452,173248,2271252,5150.997,1960.008,2947.980,1047.728,305.753,15.935,2544,2393,0.310,0.940,0.920,1,0,0,0,0,18,283,0,18,2
24-06 12:53:54,22.491,5.748,70.222,0.250,0,5403888,154608,173300,2271372,4890.082,1511.407,0,963.622,0,72.971,2882,3068,0.370,0.940,0.920,2,0,2.999,0,0,18,283,0,18,2
24-06 12:53:55,25.058,5.012,67.405,0.752,0.251,5412492,145816,173376,2271484,4029.250,1202.761,0,1174.697,0,129.297,6587,9133,0.370,0.940,0.920,1,0,0,0,0,18,285,0,21,2
24-06 12:53:56,24.941,3.492,69.086,1.247,0,5422044,135008,173492,2272624,4757.716,969.700,929.795,3834.905,59.858,283.328,4777,6332,0.370,0.940,0.920,2,0,0,0,0,18,289,0,21,2
24-06 12:53:57,16.247,3.749,77.987,1.000,0,5419244,174264,171176,2239664,6276.919,2407.585,95.983,1091.812,5.999,137.976,3596,5144,0.370,0.940,0.920,0,0,1.000,0,0,18,290,0,11,2
24-06 12:53:58,16.816,2.510,77.555,1.255,0,5420224,172752,171272,2240100,7816.768,2982.740,192.759,1289.074,11.043,189.747,4308,5643,0.370,0.940,0.920,0,0,0,0,0,18,290,0,12,2
24-06 12:53:59,4.001,1.000,93.521,0,0,5420472,172436,171300,2240140,4999.099,1458.321,32.007,212.047,2.000,25.005,1607,2185,0.340,0.930,0.920,2,0,0,0,0,18,291,0,12,2
24-06 12:54:00,6.492,1.498,89.138,0.499,0,5421348,171276,171380,2240344,12175.665,3455.648,31.960,1254.420,1.997,114.855,2630,3773,0.340,0.930,0.920,1,0,0,0,0,18,290,0,12,2
24-06 12:54:01,24.538,5.258,67.353,1.502,0,5420600,171808,171524,2240416,5263.061,1460.237,32.049,2111.234,2.003,270.414,7053,10471,0.340,0.930,0.920,2,0,2.003,0,0,18,293,0,12,2
24-06 12:54:02,23.898,4.979,67.461,1.245,0,5421084,170556,171636,2241072,5155.929,1451.785,15.932,3377.542,0.996,270.841,7267,10553,0.340,0.930,0.920,1,0,0,0,0,18,294,0,12,2
24-06 12:54:03,14.999,4.000,77.247,1.500,0,5422816,168804,171864,2240864,6457.754,2402.908,15.999,5891.776,1.000,463.982,4763,7392,0.340,0.930,0.920,0,0,0,0,0,18,292,0,13,2
24-06 12:54:04,12.045,2.008,83.314,1.255,0,5421348,169644,171948,2241408,18254.837,4789.059,0,6327.862,0,786.968,4008,5166,0.310,0.910,0.910,0,0,0,0,0,18,292,0,14,2
24-06 12:54:05,10.493,2.748,84.944,0.750,0,5421832,169140,171976,2241400,5534.346,1522.995,0,1662.902,0,124.918,3617,5294,0.310,0.910,0.910,1,0,0,0,0,18,293,0,14,2
24-06 12:54:06,24.936,5.237,64.584,1.496,0,5422640,167880,172112,2241716,6131.285,1615.859,15.959,4157.345,0.997,356.087,7359,10692,0.310,0.910,0.910,2,0,0,0,0,18,293,0,15,2
24-06 12:54:07,24.209,5.740,67.386,1.747,0,5424612,165612,172196,2241928,5642.461,2491.787,0,2040.550,0,232.607,6707,9257,0.310,0.910,0.910,0,0,0,0,0,18,292,0,18,2
24-06 12:54:08,5.768,0.752,90.790,0.502,0,5424860,165360,172224,2241904,6689.335,1691.395,0,2010.412,0,143.458,2138,2961,0.310,0.910,0.910,1,0,0,0,0,18,293,0,18,2
24-06 12:54:09,11.471,3.740,80.545,2.244,0,5425284,164604,172344,2242116,5843.113,2393.901,0,5841.118,0,429.905,4162,6263,0.290,0.900,0.910,0,0,0,0,0,18,292,0,21,2
24-06 12:54:10,14.749,3.000,80.492,0.500,0,5426464,163344,172424,2242116,6019.424,2560.755,0,1247.881,0,131.987,3674,4963,0.290,0.900,0.910,0,0,0,0,0,18,292,0,22,2
24-06 12:54:11,11.295,1.757,85.344,0.251,0,5427180,162336,172424,2242408,4475.022,1626.551,128.518,192.776,7.028,20.081,2672,2972,0.290,0.900,0.910,1,0,1.004,0,0,18,293,0,22,2
24-06 12:54:12,10.460,1.494,84.929,0.747,0,5427512,161832,172472,2242532,11586.170,3446.960,0,2303.287,0,252.047,3293,4634,0.290,0.900,0.910,0,0,0.996,0,0,18,292,0,22,2
24-06 12:54:13,7.002,1.750,89.024,0.500,0,5427628,161580,172520,2242636,11653.076,3460.914,0,2044.540,0,170.045,2879,4062,0.290,0.900,0.910,0,0,0,0,0,18,292,0,22,2
24-06 12:54:14,7.499,2.000,88.241,1.000,0,5427504,161580,172600,2242680,12079.828,3459.664,0,1435.861,0,160.984,3097,4510,0.260,0.880,0.900,0,0,0,0,0,18,292,0,22,2
24-06 12:54:15,15.057,3.262,78.549,1.506,0,5427440,161328,172676,2242920,4595.473,1463.565,0,2083.924,0,232.885,5249,7782,0.260,0.880,0.900,1,0,0,0,0,18,293,0,22,2
24-06 12:54:16,24.926,4.985,66.054,1.246,0,5428684,159816,172756,2243108,5101.873,1615.211,0,3381.972,0,313.072,7854,11498,0.260,0.880,0.900,1,0,0,0,0,18,293,0,24,2
24-06 12:54:17,25.540,6.009,65.102,2.003,0,5429112,158808,173012,2243432,4747.424,1622.537,0,6786.614,0,567.888,8545,13580,0.260,0.880,0.900,3,0,0,0,0,18,293,0,27,2
24-06 12:54:18,24.259,4.502,68.024,1.000,0,5430484,157044,173096,2243740,5059.809,1458.522,0,2724.974,0,238.085,7621,11008,0.260,0.880,0.900,3,0,0,0,0,18,293,0,29,2
24-06 12:54:19,6.235,1.247,90.032,0.998,0,5430876,156568,173104,2243816,5111.620,1520.318,0,6659.870,0,785.099,3020,3497,0.320,0.880,0.900,0,0,0.998,0,0,18,294,0,30,2
24-06 12:54:20,3.749,1.250,94.487,0,0,5431360,156068,173104,2243832,5399.236,1619.771,0,235.967,0,12.998,1478,1791,0.320,0.880,0.900,0,0,0,0,0,18,294,0,30,2
24-06 12:54:21,8.241,1.498,88.409,0.499,0,5431424,155816,173124,2244000,5249.580,1456.496,0,623.356,0,61.936,2714,3600,0.320,0.880,0.900,2,1,0.999,0,0,18,294,0,30,2
24-06 12:54:22,25.337,6.522,64.220,1.254,0,5433252,153556,173232,2244324,5059.353,1625.575,0,2540.714,0,319.094,7959,11914,0.320,0.880,0.900,2,0,6.021,0,0,18,294,0,30,2
24-06 12:54:23,24.432,4.737,67.064,1.247,0,5433272,153304,173320,2244468,4744.835,1453.966,0,1886.765,0,210.416,7366,10511,0.320,0.880,0.900,1,0,1.994,0,0,18,294,0,33,2
24-06 12:54:24,20.993,3.249,71.726,1.250,0,5435648,150532,173440,2244744,4858.386,1619.462,207.931,1855.384,12.996,211.930,5579,8071,0.380,0.890,0.900,0,0,0,0,0,18,293,0,33,2
24-06 12:54:25,9.773,3.508,82.949,2.506,0,5436396,149524,173620,2244824,10718.691,2841.811,0,6760.203,0,463.110,3432,5107,0.380,0.890,0.900,3,0,0,0,0,18,290,0,35,2
24-06 12:54:26,9.230,1.746,86.313,0.499,0,5440644,144988,173684,2245048,6143.706,2720.114,0,2071.518,0,138.700,2934,4207,0.380,0.890,0.900,0,0,0,0,0,18,293,0,36,2
24-06 12:54:27,11.251,2.750,84.256,0.750,0,5451564,134052,173776,2244972,6401.429,2529.169,64.004,5588.374,4.000,163.011,3181,4260,0.380,0.890,0.900,0,0,0,0,0,18,293,0,38,2
24-06 12:54:28,6.999,1.500,89.493,0.750,0,5447560,174076,172516,2212148,5279.559,1619.865,31.997,707.941,1.000,59.995,2190,2902,0.380,0.890,0.900,1,0,0,0,0,18,294,0,38,2
24-06 12:54:29,23.324,3.260,70.222,0.502,0,5461288,160244,172600,2212168,6405.208,2808.862,0,1243.925,0,134.424,4597,5714,0.430,0.890,0.900,1,0,0,0,0,18,294,0,46,2
24-06 12:54:30,5.983,1.246,90.735,0.997,0,5460876,160244,172732,2212448,11616.031,3054.069,0,1260.314,0,154.548,2385,3521,0.430,0.890,0.900,0,0,0,0,0,18,293,0,46,2
24-06 12:54:31,13.998,2.250,80.989,1.000,0,5461672,159236,172840,2212552,5629.234,1920.739,31.996,1331.819,1.000,144.980,3234,4380,0.430,0.890,0.900,0,0,1.000,0,0,18,293,0,48,2
24-06 12:54:32,12.281,1.754,83.209,1.253,0,5462340,158480,172944,2212536,8203.594,2855.168,0,1295.252,0,155.390,3291,4367,0.430,0.890,0.900,0,0,1.003,0,0,18,293,0,50,2
24-06 12:54:33,6.758,1.502,89.605,0.501,0,5462596,157976,173016,2212712,8456.949,2234.629,32.038,1017.197,2.002,90.106,2518,3332,0.430,0.890,0.900,1,0,0,0,0,18,294,0,50,2
24-06 12:54:34,7.222,2.241,87.167,1.494,0,5466704,153440,173256,2212900,4901.288,1613.839,0,6925.560,0,501.087,3610,6056,0.390,0.870,0.900,0,0,0,0,0,18,293,0,50,2
24-06 12:54:35,19.513,5.253,72.797,1.001,0,5477060,181264,172176,2177564,6029.874,2653.705,0,1561.003,0,185.119,4798,10119,0.390,0.870,0.900,0,0,36.023,0,0,18,293,0,54,2
24-06 12:54:36,15.746,2.749,79.981,0.750,0,5476896,181124,172264,2177844,5607.695,2519.414,0,1011.765,0,127.970,3573,4960,0.390,0.870,0.900,1,0,0,0,0,18,293,0,59,2
24-06 12:54:37,6.274,1.004,91.104,0.251,0,5477052,180872,172288,2177916,5991.277,1529.944,0,433.685,0,47.183,1859,2423,0.390,0.870,0.900,1,0,0,0,0,18,294,0,60,2
24-06 12:54:38,4.223,1.242,92.661,0.497,0,5478000,179864,172324,2177940,4525.254,1126.842,0,461.071,0,50.678,1729,2425,0.390,0.870,0.900,0,0,0,0,0,18,293,0,59,2
24-06 12:54:39,6.013,1.253,91.199,0.251,0,5478192,179612,172368,2177956,4888.659,1503.278,0,461.005,0,54.118,2094,2829,0.360,0.860,0.890,0,0,0,0,0,18,293,0,59,2
24-06 12:54:40,4.749,1.250,91.985,0.250,0,5475072,182680,172392,2177984,5029.170,1659.726,0,5415.106,0,669.889,2159,2613,0.360,0.860,0.890,0,0,0,0,0,18,293,0,59,2
24-06 12:54:41,5.749,1.750,90.984,0.500,0.250,5475236,182428,172452,2178012,5148.081,1511.730,0,1007.820,0,65.988,2240,3061,0.360,0.860,0.890,0,0,1.000,0,0,18,293,0,59,2
24-06 12:54:42,13.003,2.000,82.517,0.750,0,5477208,180416,172572,2177932,7673.626,3126.662,0,1244.264,0,165.035,3484,4710,0.360,0.860,0.890,0,0,0,0,0,18,293,0,61,2
24-06 12:54:43,8.007,1.251,88.328,0.500,0,5476872,180416,172596,2178244,5575.905,1760.549,0,1108.976,0,102.090,2211,2858,0.360,0.860,0.890,3,0,0,0,0,18,292,0,64,2
24-06 12:54:44,7.989,1.498,87.378,1.248,0,5476920,180164,172752,2178292,6218.315,1972.245,0,1797.490,0,224.686,3138,4701,0.330,0.840,0.890,0,0,0,0,0,18,293,0,64,2
24-06 12:54:45,16.749,2.750,77.246,1.250,0,5477084,179912,172912,2178220,12670.285,3802.785,15.999,1955.890,1.000,239.986,4310,5964,0.330,0.840,0.890,2,0,0,0,0,18,293,0,67,2
24-06 12:54:46,11.011,2.252,83.085,1.502,0,5477108,179408,173088,2178524,4918.061,1363.403,0,7563.783,0,517.533,4311,6779,0.330,0.840,0.890,0,0,0,0,0,18,293,0,68,2
24-06 12:54:47,5.750,2.000,90.506,0.750,0,5477144,179156,173104,2178724,3722.227,702.043,16.001,848.052,1.000,72.004,1989,2693,0.330,0.840,0.890,1,0,0,0,0,18,294,0,68,2
24-06 12:54:48,10.985,2.497,84.388,0.749,0,5477264,178904,173144,2178816,6077.936,2648.486,0,1086.558,0,126.832,3064,4285,0.330,0.840,0.890,0,0,0,0,0,18,293,0,72,2
24-06 12:54:49,10.511,2.503,84.090,0.751,0,5481456,174636,173204,2178832,6107.528,2490.662,0,1025.096,0,133.142,3246,4451,0.300,0.830,0.880,0,0,3.003,0,0,18,293,0,74,2
24-06 12:54:50,11.749,2.750,83.242,1.000,0,5481116,174636,173264,2179112,5266.470,1974.801,0,1063.893,0,131.987,3245,4448,0.300,0.830,0.880,1,0,1.000,0,0,18,294,0,74,2
24-06 12:54:51,9.773,2.005,86.953,0.251,0,5481348,174384,173320,2179076,4707.975,1623.785,0,565.318,0,55.129,2484,3155,0.300,0.830,0.880,3,0,3.007,0,0,18,294,0,77,2
24-06 12:54:52,8.978,1.746,87.040,0.748,0,5481180,174384,173400,2179164,11502.246,3451.671,0,1396.630,0,146.646,2791,3925,0.300,0.830,0.880,0,0,0,0,0,18,293,0,78,2
24-06 12:54:53,22.256,4.751,69.019,1.500,0.250,5480892,174384,173460,2179392,4727.331,1566.441,16.005,2040.574,1.000,241.068,6453,9281,0.300,0.830,0.880,1,0,0,0,0,18,294,0,78,2
24-06 12:54:54,26.517,6.504,62.540,2.502,0,5480460,174132,173724,2179812,4803.046,1621.028,32.020,8349.294,1.001,704.447,8677,13609,0.760,0.920,0.910,1,0,0,0,0,18,294,0,79,2
24-06 12:54:55,24.230,5.496,66.696,1.749,0,5480816,173336,173888,2180088,4975.984,1618.694,63.948,9576.271,1.998,990.201,8181,11070,0.760,0.920,0.910,3,0,0,0,0,18,294,0,81,2
24-06 12:54:56,4.501,0.750,92.265,0.500,0,5480860,173112,173948,2180208,5477.904,1620.267,0,1252.207,0,115.019,2157,3400,0.760,0.920,0.910,0,0,0,0,0,18,293,0,81,2
24-06 12:54:57,13.250,2.750,81.248,1.000,0,5480852,172860,174072,2180344,6319.812,2589.923,47.999,1739.948,2.000,198.994,3745,5448,0.760,0.920,0.910,1,0,0,0,0,18,293,0,84,2
24-06 12:54:58,8.002,1.750,87.523,0.750,0,5480712,172860,174148,2180408,6124.594,2404.626,0,1720.448,0,153.040,2737,4029,0.760,0.920,0.910,0,0,0,0,0,18,293,0,80,2
24-06 12:54:59,11.540,1.505,85.549,0.753,0,5480868,172608,174216,2180444,5660.784,2036.116,0,1424.980,0,125.438,3004,4193,0.780,0.920,0.910,2,0,0,0,0,18,294,0,82,2
24-06 12:55:00,2.985,0.995,93.545,0.746,0,5480776,172356,174280,2180724,4959.873,1397.203,0,1257.881,0,110.463,1781,2853,0.780,0.920,0.910,0,0,0,0,0,18,293,0,83,2
24-06 12:55:01,13.516,2.753,82.096,1.001,0,5480904,172084,174380,2180768,10290.980,2274.648,12.014,1597.860,2.002,173.202,3529,4604,0.780,0.920,0.910,0,0,4.005,0,0,18,293,0,87,2
24-06 12:55:02,16.234,3.996,76.425,0.999,0,5481148,171580,174440,2180968,4757.356,1240.789,0,1722.319,0,194.810,5169,7392,0.780,0.920,0.910,4,0,0,0,0,18,294,0,88,2
24-06 12:55:03,26.259,5.252,62.522,3.001,0,5480928,171076,174736,2181396,5149.790,1578.549,0,10163.532,0,771.268,8939,14333,0.780,0.920,0.910,2,0,1.000,0,0,18,294,0,86,2
24-06 12:55:04,26.024,5.505,65.061,1.251,0,5481884,169816,174852,2181584,10671.007,2945.762,0,2826.651,0,272.255,8277,12094,0.800,0.920,0.910,1,0,0,0,0,18,294,0,87,2
24-06 12:55:05,24.780,5.757,65.078,2.253,0,5481452,169564,175044,2182076,5064.098,1459.758,0,3079.708,0,394.475,8304,12853,0.800,0.920,0.910,3,0,0,0,0,18,294,0,87,2
24-06 12:55:06,25.216,4.494,65.662,1.748,0,5482364,168052,175308,2182412,6008.968,1617.838,0,7418.085,0,559.252,7996,11942,0.800,0.920,0.910,1,0,0,0,0,18,294,0,89,2
24-06 12:55:07,23.578,5.017,67.723,1.505,0,5482856,167296,175412,2182572,5315.490,1462.813,0,1577.190,0,206.680,7613,10870,0.800,0.920,0.910,1,0,0,0,0,18,294,0,87,2
24-06 12:55:08,25.116,5.222,64.407,2.238,0,5482992,166540,175552,2183052,4985.484,1504.001,0,4456.299,0,451.598,8134,12411,0.800,0.920,0.910,3,0,0,0,0,18,294,0,87,2
24-06 12:55:09,24.327,5.016,67.966,1.254,0,5484228,165280,175648,2182980,4981.805,1570.984,0,1869.932,0,195.621,8094,11907,0.810,0.920,0.910,1,0,0,0,0,18,294,0,87,2
24-06 12:55:10,6.742,1.248,88.888,0.999,0,5484504,164524,175716,2183392,4885.867,1510.104,0,2880.384,0,221.722,2882,4554,0.810,0.920,0.910,0,0,0,0,0,18,293,0,87,2
24-06 12:55:11,6.248,1.750,88.977,0.750,0,5484704,164272,175736,2183424,5115.659,1619.575,0,7897.929,0,946.752,3199,4016,0.810,0.920,0.910,0,0,1.000,0,0,18,293,0,81,2
24-06 12:55:12,14.999,3.500,77.992,2.250,0,5485620,163264,175892,2183360,6119.395,2577.745,0,6879.319,0,508.950,4740,7181,0.810,0.920,0.910,1,0,0,0,0,18,293,0,85,2
24-06 12:55:13,8.515,1.252,88.659,0,0,5485412,163264,175904,2183556,4894.802,1622.918,0,1454.616,0,61.110,2007,2269,0.810,0.920,0.910,2,0,0,0,0,18,293,0,87,3
24-06 12:55:14,13.469,2.245,81.559,0.998,0,5486184,162256,175988,2183708,11993.983,3398.062,0,1751.908,0,198.536,3547,4907,0.750,0.900,0.910,0,0,0,0,0,18,295,0,89,2
24-06 12:55:15,7.251,1.500,89.517,0.750,0,5486056,162256,176020,2183804,11003.056,2997.560,0,884.165,0,76.014,2357,3191,0.750,0.900,0.910,0,0,0,0,0,18,295,0,89,2
24-06 12:55:16,9.753,1.751,85.775,1.000,0,5486180,162004,176092,2183860,5478.598,1662.485,0,1396.407,0,157.046,3528,5093,0.750,0.900,0.910,1,0,0,0,0,18,295,0,89,2
24-06 12:55:17,11.048,2.762,84.619,0.502,0,5486628,161248,176160,2184100,5254.899,2522.994,0,1289.620,0,147.643,3003,4207,0.750,0.900,0.910,1,0,0,0,0,18,296,0,92,2
24-06 12:55:18,2.739,0.747,94.373,0.498,0,5486820,160996,176192,2184128,5984.095,1679.292,0,1095.623,0,88.646,1731,2645,0.750,0.900,0.910,0,0,0,0,0,18,295,0,92,2
24-06 12:55:19,14.736,2.747,80.421,0.999,0,5486880,160744,176264,2184248,7250.903,2532.521,0,1850.189,0,196.807,3810,5413,0.690,0.890,0.900,0,0,0,0,0,18,295,0,90,2
24-06 12:55:20,6.507,1.502,90.599,0.501,0,5487120,160492,176300,2184224,5766.274,1621.765,0,1229.338,0,100.109,2060,2909,0.690,0.890,0.900,0,0,0,0,0,18,295,0,92,2
24-06 12:55:21,8.244,1.249,88.936,0.500,0,5487124,160244,176336,2184432,6178.560,1564.876,0,843.394,0,78.943,2288,3086,0.690,0.890,0.900,0,0,0.999,0,0,18,295,0,96,2
24-06 12:55:22,12.751,18.001,67.005,0,0,5498408,148420,176360,2184924,3560.245,540.037,456.031,616.042,18.001,36.002,5420,5165,0.690,0.890,0.900,0,0,424.029,0,0,18,295,1,98,2
24-06 12:55:23,14.482,2.747,78.155,2.247,0,5498360,148420,176428,2184896,12507.780,3756.429,0,7047.425,0,520.367,4666,6929,0.690,0.890,0.900,0,0,1.998,0,0,18,295,0,98,2
24-06 12:55:24,19.056,4.262,73.465,2.006,0,5497992,148420,176516,2185176,4786.014,1516.440,0,2334.837,0,291.855,6458,9907,0.710,0.890,0.900,1,0,0,0,0,18,296,0,100,2
24-06 12:55:25,26.321,4.763,64.676,2.256,0,5497616,148420,176620,2185448,10810.354,2951.013,16.044,3517.551,1.003,399.084,8343,12733,0.710,0.890,0.900,1,0,1.003,0,0,18,296,0,101,2
24-06 12:55:26,22.650,3.982,69.444,1.245,0,5497212,148420,176716,2185756,5273.753,1612.890,0,2242.117,0,228.991,7310,10823,0.710,0.890,0.900,0,0,0,0,0,18,295,0,102,2
24-06 12:55:27,4.270,1.758,92.936,0.251,0,5497012,148420,176728,2185944,4376.543,1302.112,0,1438.753,0,87.410,1706,2350,0.710,0.890,0.900,1,1,0,0,0,18,296,0,97,2
24-06 12:55:28,10.700,1.493,83.858,0.995,0,5496896,148420,176792,2185996,5567.981,2127.060,0,2221.618,0,225.944,3292,4891,0.710,0.890,0.900,0,0,0,0,0,18,295,0,100,2
24-06 12:55:29,8.535,1.506,88.363,0.753,0,5496860,148420,176816,2186008,4197.231,1084.452,0,1144.699,0,91.375,2365,3066,0.660,0.880,0.900,1,0,0,0,0,18,296,0,101,2
24-06 12:55:30,10.958,2.739,82.182,2.241,0,5496684,148420,176912,2186084,11866.056,3722.587,0,7060.662,0,460.218,3561,5272,0.660,0.880,0.900,0,0,0,0,0,18,295,0,104,2
24-06 12:55:31,4.500,1.500,92.491,0.250,0,5494620,150448,176928,2186104,7008.289,2036.793,0,6531.338,0,858.913,2234,2601,0.660,0.880,0.900,0,0,1.000,0,0,18,295,0,96,2
24-06 12:55:32,14.762,2.002,79.816,1.001,0,5494548,150292,176972,2186288,6446.364,2432.024,0,1192.993,0,152.127,3420,4542,0.660,0.880,0.900,0,0,0,0,0,18,295,0,101,2
24-06 12:55:33,5.251,1.000,92.522,0.250,0.250,5494524,150292,176972,2186312,10911.552,2650.620,0,448.105,0,23.005,1719,2113,0.660,0.880,0.900,1,0,0,0,0,18,296,0,102,2
24-06 12:55:34,7.990,1.498,88.393,0.499,0,5496216,148528,177004,2186352,9931.931,3339.942,0,1214.524,0,83.898,2557,3546,0.600,0.860,0.890,0,0,0,0,0,18,295,0,103,2
24-06 12:55:35,13.244,4.998,78.215,1.249,0,5514788,163084,172684,2158528,11542.840,2965.674,0,1303.417,0,167.925,4006,9175,0.600,0.860,0.890,0,0,35.984,0,0,18,295,0,99,2
24-06 12:55:36,19.057,4.514,73.220,1.003,0,5514424,163084,172740,2158952,5132.432,1624.886,0,2090.285,0,248.748,5554,8420,0.600,0.860,0.890,1,1,0,0,0,18,296,0,99,2
24-06 12:55:37,25.183,4.987,64.080,2.244,0,5513896,163084,172896,2159324,4847.136,1615.712,0,4456.173,0,474.740,8112,12583,0.600,0.860,0.890,1,0,0,0,0,18,296,0,99,2
24-06 12:55:38,24.328,4.765,68.971,1.003,0,5513700,163084,172960,2159456,5066.203,1625.198,0,1886.032,0,177.568,7195,10293,0.600,0.860,0.890,1,0,0,0,0,18,296,0,100,2
24-06 12:55:39,5.484,1.496,90.239,1.496,0,5513512,163084,173076,2159528,4965.626,1615.324,0,5516.033,0,376.909,2981,4835,0.560,0.850,0.890,0,0,0,0,0,18,295,0,94,2
24-06 12:55:40,11.004,2.251,84.531,1.250,0,5513316,163084,173132,2159668,10682.908,3092.131,0,2100.768,0,172.063,3521,4993,0.560,0.850,0.890,0,0,0,0,0,18,295,0,95,2
24-06 12:55:41,15.786,3.508,78.428,0.752,0.251,5513476,162860,173208,2159656,5008.369,1623.686,0,1683.822,0,181.412,5145,7573,0.560,0.850,0.890,7,0,1.002,0,0,18,296,0,95,2
24-06 12:55:42,26.412,5.482,63.786,2.242,0,5512576,162860,173348,2160416,4893.617,1345.496,0,4484.985,0,463.448,8525,13219,0.560,0.850,0.890,1,0,0,0,0,18,296,0,95,2
24-06 12:55:43,24.042,5.009,68.119,1.002,0,5513040,161852,173420,2160888,3460.041,595.039,0,1999.491,0,188.329,7285,10296,0.560,0.850,0.890,2,0,0,0,0,18,297,0,96,2
24-06 12:55:44,12.983,2.746,78.899,2.497,0,5513652,161096,173592,2160860,6104.169,2493.801,0,8816.690,0,584.251,4626,7273,0.590,0.850,0.890,0,0,0.999,0,0,18,297,0,92,2
24-06 12:55:45,15.500,3.500,77.248,1.250,0,5513656,160844,173672,2161028,6107.853,2443.941,0,1943.953,0,228.995,4255,6129,0.590,0.850,0.890,1,0,0,0,0,18,297,0,93,2
24-06 12:55:46,11.756,2.501,83.543,1.501,0,5514316,160088,173700,2161096,5179.685,1620.840,0,1468.761,0,167.087,3331,4758,0.590,0.850,0.890,1,1,0,0,0,18,297,0,94,2
24-06 12:55:47,5.247,1.499,90.947,0.250,0,5512948,161216,173772,2161264,6034.488,2442.578,0,7091.872,0,881.487,2625,3413,0.590,0.850,0.890,3,0,0,0,0,18,298,0,94,2
24-06 12:55:48,11.499,2.500,82.990,1.250,0,5513264,160488,173880,2161568,5797.275,3155.605,0,1839.770,0,212.973,3761,5594,0.590,0.850,0.890,0,0,0,0,0,18,297,0,88,2
24-06 12:55:49,16.752,2.000,78.511,0.750,0,5513128,160488,173936,2161648,7784.133,2686.391,0,1284.187,0,115.017,3691,4563,0.620,0.850,0.890,2,0,0,0,0,18,297,0,90,2
24-06 12:55:50,9.756,2.251,86.053,0.250,0,5516944,156472,173976,2161808,7995.886,2468.509,0,1240.758,0,100.061,2978,4076,0.620,0.850,0.890,0,0,4.002,0,0,18,297,0,91,2
24-06 12:55:51,6.776,1.506,89.348,0.753,0,5517368,155972,174012,2161848,11824.067,3020.769,0,1232.803,0,115.450,2621,3598,0.620,0.850,0.890,2,0,2.008,0,0,18,298,0,92,2
24-06 12:55:52,11.204,2.739,83.656,1.245,0,5517284,155972,174112,2161832,11799.486,3284.496,0,1936.040,0,201.173,3723,5290,0.620,0.850,0.890,0,0,1.992,0,0,18,297,0,86,2
24-06 12:55:53,10.746,2.499,82.471,1.999,0,5517320,155720,174260,2161900,11677.919,3350.829,0,7029.543,0,485.830,4080,6164,0.620,0.850,0.890,0,0,0,0,0,18,297,0,87,2
24-06 12:55:54,17.002,3.751,73.510,1.500,0,5516848,155720,174400,2162232,5100.726,1620.231,0,2244.319,0,283.040,6344,9404,0.650,0.860,0.890,3,0,0,0,0,18,298,0,87,2
24-06 12:55:55,26.705,4.992,64.141,2.496,0,5516436,155468,174548,2162748,4911.666,1617.256,0,3166.627,0,380.355,7924,12100,0.650,0.860,0.890,3,0,0,0,0,18,298,0,87,2
24-06 12:55:56,24.332,5.017,67.225,1.003,0,5517688,153956,174656,2162900,5916.835,1625.449,96.323,2239.508,5.017,218.733,7570,10850,0.650,0.860,0.890,1,0,0,0,0,18,298,0,89,2
24-06 12:55:57,24.201,5.239,66.117,1.247,0,5517308,153704,174776,2163412,5269.391,1616.745,0,2638.687,0,269.457,7488,10384,0.650,0.860,0.890,2,0,0,0,0,18,298,0,94,2
24-06 12:55:58,26.105,5.271,63.756,2.761,0,5517248,153452,174992,2163508,5361.565,1626.542,0,7980.098,0,712.867,8421,13870,0.650,0.860,0.890,1,0,0,0,0,18,298,0,94,2
24-06 12:55:59,24.375,4.975,66.908,1.244,0,5517172,152948,175092,2163988,4417.427,1611.764,0,3040.463,0,275.592,7635,11134,0.760,0.870,0.900,1,0,0,0,0,18,298,0,94,2
24-06 12:56:00,16.766,4.004,75.322,1.251,0,5517440,152444,175188,2164128,6071.826,2514.413,0,2546.443,0,255.245,5193,7694,0.760,0.870,0.900,0,0,0,0,0,18,297,0,88,2
24-06 12:56:01,7.013,1.252,89.422,0.751,0,5517136,152444,175240,2164380,7081.628,2507.826,0,1458.807,0,160.309,2727,3921,0.760,0.870,0.900,0,0,1.002,0,0,18,297,0,88,2
24-06 12:56:02,9.271,2.005,87.450,1.253,0,5517580,151940,175316,2164364,5023.464,1515.459,0,1551.541,0,147.336,2790,3875,0.760,0.870,0.900,4,0,0,0,0,18,297,0,88,2
24-06 12:56:03,3.483,1.244,93.057,0.249,0,5517412,151940,175348,2164500,6713.063,2492.144,0,1357.542,0,115.451,1965,2859,0.760,0.870,0.900,1,0,0,0,0,18,297,0,88,2
24-06 12:56:04,9.256,2.001,85.551,0.750,0,5517872,151436,175388,2164504,12095.189,3299.961,0,1564.930,0,154.092,3208,4240,0.700,0.860,0.890,0,0,0,0,0,18,297,0,83,2
24-06 12:56:05,8.505,2.001,86.301,1.501,0,5517880,151184,175448,2164688,7055.202,2505.492,0,5823.469,0,397.237,3491,5330,0.700,0.860,0.890,0,0,0,0,0,18,297,0,84,2
24-06 12:56:06,7.746,1.249,88.455,0.750,0,5517804,151184,175476,2164736,6526.645,1920.013,0,1039.466,0,103.947,2568,3607,0.700,0.860,0.890,0,0,0,0,0,18,297,0,84,2
24-06 12:56:07,7.503,1.501,88.281,0.750,0,5518112,150708,175516,2164864,6633.331,2503.880,0,8330.927,0,1084.381,3228,4110,0.700,0.860,0.890,0,0,0,0,0,18,297,0,84,2
24-06 12:56:08,5.995,1.749,90.923,0.500,0,5518112,150708,175520,2164860,5640.225,1881.407,0,659.442,0,45.961,2081,2700,0.700,0.860,0.890,1,0,0,0,0,18,297,0,79,2
24-06 12:56:09,5.010,1.252,92.175,0.751,0,5518496,150216,175556,2164916,4141.879,1136.161,0,1082.058,0,113.215,2006,2936,0.720,0.860,0.890,4,0,0,0,0,18,298,0,79,2
24-06 12:56:10,7.240,1.498,89.122,0.499,0,5518296,150216,175604,2165068,5828.615,2446.481,0,1721.523,0,142.795,2677,3904,0.720,0.860,0.890,0,0,0,0,0,18,297,0,79,2
24-06 12:56:11,7.236,1.996,87.828,1.248,0,5518476,149964,175620,2165124,5513.204,1971.140,0,1281.491,0,132.740,2830,4043,0.720,0.860,0.890,3,0,0.998,0,0,18,297,0,79,2
24-06 12:56:12,13.029,2.506,82.434,0.752,0,5518380,149964,175656,2165184,5814.006,1762.944,0,1619.623,0,172.386,3843,5240,0.720,0.860,0.890,0,0,1.002,0,0,18,297,0,78,2
24-06 12:56:13,8.496,1.749,86.960,0.500,0,5518244,149964,175676,2165300,5334.544,2105.031,0,1171.461,0,120.944,2919,3817,0.720,0.860,0.890,0,0,1.000,0,0,18,297,0,78,2
24-06 12:56:14,8.509,2.252,87.092,1.502,0,5518284,149712,175736,2165452,10411.982,2544.684,0,1361.436,0,149.157,3426,4994,0.670,0.850,0.890,1,0,0,0,0,18,298,0,78,2
24-06 12:56:15,27.587,6.019,60.692,2.759,0.251,5518484,148984,175868,2165848,4995.820,1625.146,0,10986.792,0,805.551,9086,14373,0.670,0.850,0.890,1,0,1.003,0,0,18,298,0,78,2
24-06 12:56:16,24.954,5.490,66.377,1.497,0,5520056,147220,175904,2166004,5826.205,1658.926,0,2128.057,0,204.621,8043,11592,0.670,0.850,0.890,0,0,0,0,0,18,298,0,76,2
24-06 12:56:17,15.469,5.988,75.598,1.247,0,5511132,148432,175972,2173632,5075.808,1562.862,19.960,6690.565,1.996,830.333,5135,6430,0.670,0.850,0.890,0,0,1.996,0,0,18,297,0,77,2
24-06 12:56:18,13.749,2.750,80.746,1.250,0,5511636,147928,176000,2173604,5279.760,1619.927,0,1931.912,0,208.991,3864,5490,0.670,0.850,0.890,2,0,0,0,0,18,298,0,78,2
24-06 12:56:19,4.502,1.000,92.031,0.500,0,5511300,147928,176020,2173920,5467.859,1686.573,0,1500.510,0,144.049,2192,3387,0.610,0.830,0.880,0,0,0,0,0,18,297,0,80,2
24-06 12:56:20,23.246,5.499,66.238,3.249,0,5511880,147172,176132,2173984,5698.988,1619.712,0,8562.479,0,665.882,7866,11739,0.610,0.830,0.880,4,0,0,0,0,18,298,0,70,2
24-06 12:56:21,25.083,5.017,65.968,1.505,0,5512004,146416,176188,2174560,5374.754,1625.369,0,2540.391,0,320.057,7987,12078,0.610,0.830,0.880,1,0,1.003,0,0,18,298,0,72,2
24-06 12:56:22,24.507,6.002,66.768,0.750,0,5515296,142892,176200,2174780,4981.364,1620.444,0,1580.433,0,160.044,7286,10280,0.610,0.830,0.880,2,0,6.002,0,0,18,298,0,72,2
24-06 12:56:23,25.622,4.726,64.428,2.239,0,5514924,142640,176288,2175316,4569.157,1504.479,0,3514.430,0,450.747,8451,13410,0.610,0.830,0.880,1,0,1.990,0,0,18,298,0,72,2
24-06 12:56:24,24.558,5.012,67.158,1.504,0,5515756,141632,176296,2175484,4931.621,1764.157,0,2185.149,0,224.529,7695,11138,0.640,0.840,0.890,1,0,0,0,0,18,299,0,61,2
24-06 12:56:25,5.243,1.248,91.383,0,0,5515604,141632,176312,2175620,10739.192,2831.359,0,1030.675,0,53.931,2053,2659,0.640,0.840,0.890,1,0,0,0,0,18,298,0,61,2
24-06 12:56:26,23.067,5.015,66.694,2.006,0,5515824,141128,176376,2175840,4955.410,1408.095,32.093,3209.333,1.003,393.143,7929,11987,0.640,0.840,0.890,1,0,0,0,0,18,298,0,61,2
24-06 12:56:27,24.447,5.738,65.359,2.495,0,5516984,139616,176440,2176128,5047.127,1454.866,0,8789.065,0,631.639,8450,13015,0.640,0.840,0.890,1,0,0,0,0,18,298,0,61,2
24-06 12:56:28,23.837,4.767,68.250,1.506,0,5517104,139112,176464,2176488,4988.268,1397.116,0,2268.307,0,234.860,7211,10320,0.640,0.840,0.890,2,0,0,0,0,18,298,0,61,2
24-06 12:56:29,24.666,5.731,64.531,1.744,0,5517120,138608,176516,2176924,4678.120,1399.250,0,3009.783,0,396.654,8257,12720,0.830,0.870,0.900,1,0,0,0,0,18,298,0,56,2
24-06 12:56:30,26.096,5.019,64.488,3.011,0,5517768,137600,176596,2177204,4354.061,1463.398,0,9386.625,0,697.573,8535,13158,0.830,0.870,0.900,1,0,0,0,0,18,297,0,56,2
24-06 12:56:31,23.658,4.981,68.483,0.747,0,5518620,136088,176628,2177832,5234.618,1452.345,0,2713.434,0,146.430,6986,9738,0.830,0.870,0.900,1,1,0.996,0,0,18,298,0,57,2
24-06 12:56:32,24.491,4.748,67.724,1.499,0,5520664,134044,176636,2177824,4416.291,1910.261,0,1771.314,0,227.912,6287,8646,0.830,0.870,0.900,0,0,0,0,0,18,297,0,59,2
24-06 12:56:33,5.505,2.002,90.074,0.250,0,5520236,142536,169996,2176412,6179.100,1633.348,0,10224.439,0,134.111,2248,3179,0.830,0.870,0.900,5,0,0,0,0,18,298,0,48,2
24-06 12:56:34,6.498,2.499,88.721,1.000,0,5522836,155300,170016,2161720,11544.197,3296.914,0,1419.532,0,148.951,2734,4061,0.770,0.860,0.890,1,0,0,0,0,18,297,0,49,2
24-06 12:56:35,19.560,5.768,71.719,1.003,0,5548680,226432,167000,2072532,6030.447,2591.929,0,1580.836,0,171.525,4865,14726,0.770,0.860,0.890,2,0,36.110,0,0,19,298,0,50,2
24-06 12:56:36,11.960,4.983,79.233,1.246,0,5535756,239172,167048,2069128,5430.691,1506.920,15.946,1622.530,0.997,194.345,3972,6042,0.770,0.860,0.890,0,0,0,0,0,18,298,0,51,2
24-06 12:56:37,12.247,2.499,81.983,2.000,0,5535676,238920,167204,2069304,11947.508,3459.278,0,6458.653,0,502.895,4510,6861,0.770,0.860,0.890,1,0,0,0,0,18,297,0,47,2
24-06 12:56:38,10.028,2.006,85.238,0.501,0,5535564,238920,167260,2069360,5210.526,1624.529,0,1227.422,0,163.456,3486,4763,0.770,0.860,0.890,1,0,0,0,0,18,298,0,48,2
24-06 12:56:39,25.746,5.499,64.241,2.500,0,5535436,238416,167468,2069780,6275.099,1619.767,0,3571.487,0,434.938,8715,13945,0.790,0.860,0.890,1,0,0,0,0,18,298,0,49,2
24-06 12:56:40,26.687,3.741,67.092,0.998,0,5535528,238164,167624,2069784,6426.882,1709.978,31.925,3296.246,0.998,310.270,6196,8824,0.790,0.860,0.890,1,0,0,0,0,18,298,0,50,2
24-06 12:56:41,24.505,5.001,66.513,1.500,0,5535060,238164,167716,2070160,7030.425,1620.328,0,2516.510,0,258.052,7617,11069,0.790,0.860,0.890,1,0,1.000,0,0,18,298,0,50,2
24-06 12:56:42,19.999,4.000,73.745,1.250,0,5535300,237660,167812,2070328,7625.498,2519.834,0,3431.774,0,315.979,5764,8375,0.790,0.860,0.890,0,0,0,0,0,18,297,0,52,2
24-06 12:56:43,9.527,2.758,84.991,1.003,0.251,5536124,236652,167884,2070440,5327.116,1516.303,20.057,6474.371,2.006,416.181,3839,5841,0.790,0.860,0.890,1,0,0,0,0,18,298,0,52,2
24-06 12:56:44,10.718,1.496,84.998,0.997,0,5536276,236148,167936,2070740,12574.648,3449.753,0,2161.579,0,218.351,3736,5525,0.720,0.850,0.890,0,0,0,0,0,18,297,0,52,2
24-06 12:56:45,19.566,3.512,74.251,1.505,0.251,5536276,236148,168012,2070664,5177.509,1625.497,0,2608.822,0,308.042,5585,8080,0.720,0.850,0.890,4,0,0,0,0,18,298,0,51,2
24-06 12:56:46,25.752,5.250,64.256,1.750,0,5535660,236148,168140,2071152,5597.499,1620.144,0,4736.422,0,440.039,7802,11966,0.720,0.850,0.890,1,0,0,0,0,18,298,0,52,2
24-06 12:56:47,24.023,5.005,67.814,1.251,0,5536872,234636,168164,2071428,4882.592,1459.372,0,2222.090,0,202.190,7365,10829,0.720,0.850,0.890,2,0,0,0,0,18,299,0,55,2
24-06 12:56:48,11.451,3.236,81.404,1.494,0,5536740,234636,168220,2071512,6173.781,2612.903,0,3242.231,0,298.731,3963,6017,0.720,0.850,0.890,1,0,0,0,0,18,297,0,57,2
24-06 12:56:49,12.494,1.749,82.460,1.249,0,5536772,234384,168276,2071672,15282.660,4489.844,0,5005.596,0,340.836,3451,4712,0.660,0.830,0.880,1,0,0,0,0,18,297,0,52,2
24-06 12:56:50,12.996,2.499,82.472,1.000,0,5536536,234384,168308,2071876,13371.460,4316.534,0,1627.447,0,154.947,3370,4526,0.660,0.830,0.880,1,0,0,0,0,18,297,0,52,2
24-06 12:56:51,9.530,2.006,85.769,0.251,0,5537036,233880,168320,2071868,17818.926,4695.738,0,1280.017,0,93.293,2553,3064,0.660,0.830,0.880,1,0,1.003,0,0,18,298,0,52,2
24-06 12:56:52,8.977,2.743,84.783,0.499,0,5538128,232380,168340,2072256,11043.677,3074.116,0,1356.521,0,129.667,3379,4783,0.660,0.830,0.880,1,0,2.992,0,0,18,297,0,52,2
24-06 12:56:53,23.775,5.255,67.821,1.502,0,5538084,232380,168396,2072244,4734.938,1351.409,0,2614.727,0,279.291,6774,9543,0.660,0.830,0.880,3,0,1.001,0,0,18,298,0,47,2
24-06 12:56:54,27.326,5.515,62.423,2.507,0,5537436,232380,168492,2072796,4618.809,1570.355,32.089,10388.811,1.003,694.927,8763,13501,0.610,0.820,0.880,8,0,2.006,0,0,18,298,0,49,2
24-06 12:56:55,23.656,4.980,67.482,0.996,0,5538200,231372,168504,2073028,4753.115,1506.016,0,2251.056,0,212.157,6832,9813,0.610,0.820,0.880,1,0,0,0,0,18,298,0,49,2
24-06 12:56:56,9.998,3.000,82.737,2.000,0,5538132,231372,168540,2073060,5406.131,1772.715,0,6007.034,0,438.929,3753,5973,0.610,0.820,0.880,0,0,0,0,0,18,297,0,50,2
24-06 12:56:57,9.747,2.499,84.726,0.750,0,5537956,231372,168612,2073164,10887.889,2672.237,0,2063.411,0,172.951,3326,4402,0.610,0.820,0.880,0,0,0,0,0,18,297,0,41,2
24-06 12:56:58,9.250,1.750,86.004,1.000,0,5538160,230868,168668,2073408,12490.642,3460.178,0,1328.068,0,147.008,3165,4274,0.610,0.820,0.880,0,0,0,0,0,18,297,0,41,2
24-06 12:56:59,11.009,2.252,84.067,0.751,0,5538092,230868,168732,2073412,5464.371,1621.297,0,1333.066,0,132.106,3792,5304,0.720,0.840,0.890,1,0,0,0,0,18,298,0,41,2
24-06 12:57:00,26.225,5.745,63.939,1.998,0,5537716,230616,168880,2073892,4653.593,1576.507,0,3676.519,0,434.588,8263,12631,0.720,0.840,0.890,2,0,0,0,0,18,298,0,42,2
24-06 12:57:01,24.329,5.267,68.220,1.254,0,5538100,229860,168932,2074212,5300.116,1571.074,0,2993.668,0,175.567,7169,9997,0.720,0.840,0.890,2,0,1.003,0,0,18,298,0,40,2
24-06 12:57:02,22.227,4.495,68.928,0.749,0,5538660,229104,168996,2074344,7162.490,2567.308,0,2353.532,0,238.750,5809,7828,0.720,0.840,0.890,0,0,0,0,0,18,297,0,42,2
24-06 12:57:03,9.243,1.249,88.685,0.500,0,5538852,228880,169016,2074356,5276.138,1618.815,0,1111.187,0,65.952,1898,2298,0.720,0.840,0.890,3,0,0,0,0,18,297,0,42,2
24-06 12:57:04,10.986,2.497,82.395,1.997,0,5538864,228628,169112,2074500,17802.268,4830.831,0,5800.593,0,435.444,4299,6517,0.660,0.820,0.880,0,1,0,0,0,18,297,0,42,2
24-06 12:57:05,24.539,5.509,66.856,1.502,0,5538536,228628,169256,2074684,4927.846,1622.583,32.051,3922.245,1.002,393.627,7698,11916,0.660,0.820,0.880,4,0,0,0,0,18,298,0,42,2
24-06 12:57:06,25.943,5.239,64.359,1.746,0,5538412,228376,169380,2074936,5824.253,1616.462,0,3380.601,0,336.264,8334,12603,0.660,0.820,0.880,1,0,0,0,0,18,298,0,42,2
24-06 12:57:07,24.514,5.003,66.787,1.001,0,5538284,228124,169452,2075244,5463.037,1620.901,0,2273.264,0,227.126,7349,10488,0.660,0.820,0.880,4,0,0,0,0,18,298,0,43,2
24-06 12:57:08,27.891,5.277,62.315,3.267,0.251,5538252,227620,169604,2075628,5051.539,1302.585,0,9371.378,0,783.963,8978,14668,0.660,0.820,0.880,2,0,0,0,0,18,298,0,43,2
24-06 12:57:09,23.929,5.733,67.302,0.748,0,5538068,226360,169656,2077020,4209.585,1238.348,0,7035.251,0,409.791,7277,10435,0.690,0.830,0.880,2,0,0,0,0,18,299,0,43,2
24-06 12:57:10,11.481,3.245,81.367,1.248,0,5537896,226360,169720,2077128,5668.750,2416.057,0,2256.318,0,223.635,3970,5787,0.690,0.830,0.880,0,0,0,0,0,18,297,0,46,2
24-06 12:57:11,8.003,1.751,86.282,1.000,0,5537832,226108,169792,2077372,5990.245,2519.944,0,2504.939,0,196.073,3100,4610,0.690,0.830,0.880,0,0,1.000,0,0,18,297,0,47,2
24-06 12:57:12,10.749,2.000,84.989,1.000,0,5537720,226108,169816,2077460,5666.248,1974.738,0,1443.808,0,149.980,3482,4705,0.690,0.830,0.880,0,0,0,0,0,18,297,0,47,2
24-06 12:57:13,5.250,1.500,91.506,0.250,0,5537652,226108,169844,2077500,4510.318,1801.127,0,912.064,0,74.005,1926,2665,0.690,0.830,0.880,0,0,0,0,0,18,297,0,48,2
24-06 12:57:14,5.245,1.249,90.913,0.999,0,5537560,226108,169888,2077548,10907.565,2574.537,0,1422.639,0,149.857,2541,3727,0.640,0.810,0.880,1,0,0,0,0,18,298,0,45,2
24-06 12:57:15,25.386,6.032,64.345,2.011,0,5537596,225856,170028,2077624,4992.786,1616.673,0,3454.533,0,415.228,8347,12596,0.640,0.810,0.880,1,0,1.005,0,0,18,298,0,46,2
24-06 12:57:16,24.889,5.227,64.712,2.489,0,5538056,224848,170144,2078056,5424.863,1505.302,0,8402.614,0,650.107,8434,13016,0.640,0.810,0.880,4,0,0,0,0,18,298,0,46,2
24-06 12:57:17,23.734,5.496,68.203,0.999,0,5538928,223600,170172,2078388,5082.474,1564.914,15.989,2606.192,0.999,155.892,7445,10372,0.640,0.810,0.880,1,0,0,0,0,18,298,0,49,2
24-06 12:57:18,11.232,2.746,82.370,1.248,0.250,5538728,223600,170228,2078532,5571.228,2067.744,0,2631.856,0,269.576,3894,5891,0.640,0.810,0.880,0,0,0,0,0,18,297,0,48,2
24-06 12:57:19,9.769,1.753,85.914,1.252,0,5538648,223600,170276,2078564,12726.352,3358.426,0,1382.646,0,138.265,2883,4082,0.750,0.830,0.880,0,0,0,0,0,18,297,0,48,2
24-06 12:57:20,16.556,4.014,77.010,1.505,0,5538408,223600,170344,2078736,5785.540,1691.714,0,2299.767,0,263.891,5760,8498,0.750,0.830,0.880,1,0,0,0,0,18,298,0,49,2
24-06 12:57:21,25.889,4.979,63.230,2.987,0,5538724,222844,170472,2079048,6170.657,1613.114,0,9543.259,0,765.731,8704,13896,0.750,0.830,0.880,1,0,0.996,0,0,18,298,0,49,2
24-06 12:57:22,25.637,5.278,65.349,1.508,0,5539552,221584,170532,2079420,5006.740,1670.924,0,2441.037,0,277.482,7355,11205,0.750,0.830,0.880,2,0,6.032,0,0,18,298,0,44,2
24-06 12:57:23,25.389,5.227,65.961,0.996,0,5540656,220072,170564,2079796,5018.020,1612.935,0,2266.074,0,261.853,7424,10907,0.750,0.830,0.880,2,0,1.991,0,0,18,297,0,46,2
24-06 12:57:24,6.523,2.007,89.310,1.003,0,5540552,220072,170576,2079888,6004.838,2553.863,0,6847.764,0,421.463,2984,4440,0.690,0.820,0.880,1,0,0,0,0,18,298,0,47,2
24-06 12:57:25,7.974,1.246,88.712,0.997,0,5540360,220072,170600,2080056,15984.178,4359.865,0,1814.118,0,164.467,2734,4005,0.690,0.820,0.880,0,0,0,0,0,18,297,0,47,2
24-06 12:57:26,10.506,2.251,84.800,0.750,0,5534648,225708,170616,2080116,12060.109,3462.041,0,2045.206,0,199.117,3622,5108,0.690,0.820,0.880,0,0,0,0,0,18,297,0,47,2
24-06 12:57:27,17.278,2.003,77.876,1.002,0,5534996,225304,170632,2080220,4833.851,1622.635,0,1470.388,0,133.216,4032,5171,0.690,0.820,0.880,1,0,0,0,0,18,298,0,48,2
24-06 12:57:28,25.180,5.235,64.320,2.992,0,5535896,224044,170768,2080444,4519.365,1507.785,0,8504.225,0,660.154,8382,13349,0.690,0.820,0.880,1,0,0,0,0,18,298,0,50,2
24-06 12:57:29,25.087,4.516,65.727,1.254,0,5536012,223540,170828,2080772,4260.693,1571.419,0,2653.150,0,308.062,7405,11204,0.870,0.850,0.890,1,0,0,0,0,18,298,0,50,2
24-06 12:57:30,23.944,4.739,68.091,0.998,0,5537672,221524,170872,2081084,3340.187,646.488,0,1735.939,0,171.599,6558,9233,0.870,0.850,0.890,1,0,0,0,0,18,298,0,50,2
24-06 12:57:31,24.718,5.493,64.917,1.748,0,5538196,220768,170960,2081228,4621.102,1348.279,0,3307.778,0,399.490,7945,11845,0.870,0.850,0.890,3,0,0.999,0,0,18,298,0,50,2
24-06 12:57:32,25.757,5.251,64.018,2.501,0,5538664,219760,171068,2081660,4921.387,1620.457,0,9790.760,0,694.196,8913,13611,0.870,0.850,0.890,1,0,0,0,0,18,298,0,51,2
24-06 12:57:33,23.859,5.023,67.810,0.753,0,5539752,218500,171088,2081812,4659.331,1464.706,0,1784.168,0,162.745,6989,9584,0.870,0.850,0.890,1,0,0,0,0,18,298,0,52,2
24-06 12:57:34,25.973,5.245,63.934,2.248,0,5539448,218248,171172,2082284,5094.710,1618.320,0,4271.564,0,483.498,8302,12941,0.880,0.860,0.890,2,0,0,0,0,18,298,0,48,2
24-06 12:57:35,25.397,4.482,65.983,1.245,0,5540452,216988,171208,2082504,4619.328,1452.130,0,2505.871,0,247.002,7027,10464,0.880,0.860,0.890,1,0,0,0,0,18,298,0,48,2
24-06 12:57:36,29.021,7.756,60.544,1.001,0,5562252,194812,171252,2082836,5300.883,1621.188,0,2465.806,0,233.171,8194,17475,0.880,0.860,0.890,2,0,36.026,0,0,18,298,0,50,2
24-06 12:57:37,26.839,5.268,63.210,2.508,0,5560628,196096,171340,2083088,4346.472,975.247,0,9563.843,0,778.592,8839,14172,0.880,0.860,0.890,2,0,0,0,0,18,298,0,50,2
24-06 12:57:38,22.674,5.233,67.774,0.997,0,5558204,198128,171360,2083460,4530.884,1560.793,0,1550.826,0,155.481,7287,10621,0.880,0.860,0.890,1,0,0,0,0,18,299,0,47,2
24-06 12:57:39,13.497,2.249,80.732,1.250,0,5554824,201464,171392,2083472,5930.646,2462.438,0,2047.532,0,238.945,4194,6293,0.810,0.840,0.890,0,0,0,0,0,18,297,0,48,2
24-06 12:57:40,14.426,3.482,79.592,0.995,0,5553184,202788,171416,2083764,6052.997,2649.430,0,7314.535,0,400.946,3900,5306,0.810,0.840,0.890,0,0,0,0,0,18,297,0,50,2
24-06 12:57:41,11.828,3.020,83.297,1.007,0,5553356,202552,171428,2083816,5136.742,1576.355,0,1429.389,0,142.939,3283,4512,0.810,0.840,0.890,1,0,1.007,0,0,18,297,0,51,2
24-06 12:57:42,6.243,1.249,89.899,0.499,0,5553332,202552,171428,2083840,6318.870,2633.029,0,1957.791,0,85.903,2175,2945,0.810,0.840,0.890,1,0,0,0,0,18,298,0,46,2
24-06 12:57:43,11.998,2.749,81.734,1.250,0,5553064,202552,171456,2084080,6258.744,2496.499,0,2111.576,0,216.956,3730,5489,0.810,0.840,0.890,0,0,0,0,0,18,297,0,49,2
24-06 12:57:44,15.170,3.233,75.600,2.238,0,5554072,201544,171536,2084000,21732.135,6861.732,0,7508.315,0,584.908,5401,8166,0.910,0.860,0.890,2,0,0,0,0,18,298,0,51,2
24-06 12:57:45,10.052,2.010,85.692,1.005,0,5553940,201292,171552,2084368,10141.296,3477.935,0,1616.335,0,164.850,3231,4585,0.910,0.860,0.890,0,0,0,0,0,18,298,0,51,2
24-06 12:57:46,9.505,2.251,85.293,1.251,0,5553940,201292,171572,2084348,7454.744,2389.200,0,1344.675,0,142.071,3137,4319,0.910,0.860,0.890,1,0,0,0,0,18,298,0,50,2
24-06 12:57:47,6.243,1.249,90.155,0.250,0,5554072,201040,171576,2084464,10837.634,2647.224,31.966,1782.131,1.998,124.869,2640,3847,0.910,0.860,0.890,2,0,0.999,0,0,18,299,0,50,2
24-06 12:57:48,25.834,5.518,65.213,2.257,0,5553660,201040,171628,2084824,4936.116,1625.306,0,3591.727,0,426.392,8258,12748,0.910,0.860,0.890,1,0,0,0,0,18,299,0,50,2
24-06 12:57:49,24.688,3.990,67.579,0.997,0,5554896,199540,171680,2085036,4847.728,1615.909,0,2557.525,0,233.409,6648,9497,0.990,0.880,0.900,1,0,0,0,0,18,299,0,50,2
24-06 12:57:50,24.984,5.996,65.958,1.749,0,5554656,199288,171748,2085444,5036.815,1618.976,31.980,3169.995,0.999,345.781,8387,12599,0.990,0.880,0.900,1,0,0,0,0,18,299,0,50,2
24-06 12:57:51,24.767,6.004,64.795,2.252,0.250,5555056,198560,171856,2085664,4986.498,1567.099,0,8273.804,0,625.439,8819,13703,0.990,0.880,0.900,2,0,1.001,0,0,18,299,0,46,2
24-06 12:57:52,20.493,4.249,71.475,1.499,0,5557384,196052,171892,2085808,5458.121,2030.301,0,3514.790,0,319.890,5927,8537,0.990,0.880,0.900,0,0,1.000,0,0,18,298,0,48,2
24-06 12:57:53,9.502,3.001,84.521,0.750,0,5559456,193796,171912,2085972,5310.308,1805.445,0,1600.394,0,174.043,3262,4580,0.990,0.880,0.900,3,0,3.001,0,0,18,298,0,49,2
24-06 12:57:54,11.247,2.000,84.230,1.250,0,5559664,193572,171944,2085956,5190.738,1511.632,0,1483.639,0,149.964,3480,4869,0.910,0.870,0.890,1,0,1.000,0,0,18,299,0,51,2
24-06 12:57:55,10.254,2.001,84.786,0.500,0,5559360,193320,172004,2086452,6003.530,2029.855,0,2104.887,0,203.086,3472,5143,0.910,0.870,0.890,0,0,2.001,0,0,18,298,0,48,2
24-06 12:57:56,9.251,2.250,85.758,1.500,0,5559612,193068,172052,2086404,12780.165,3352.306,0,2024.185,0,191.017,3413,4810,0.910,0.870,0.890,0,0,0,0,0,18,298,0,49,2
24-06 12:57:57,15.749,3.250,77.745,0.750,0,5559260,193068,172092,2086716,4971.658,1631.888,0,2079.857,0,212.985,4914,7012,0.910,0.870,0.890,1,0,0,0,0,18,299,0,49,2
24-06 12:57:58,25.513,5.753,65.283,2.001,0,5558940,193068,172156,2086972,5494.813,1512.774,0,9997.118,0,637.326,8460,13026,0.910,0.870,0.890,1,0,0,0,0,18,300,0,49,2
24-06 12:57:59,25.051,5.010,65.133,1.503,0,5558780,192816,172192,2087348,4675.547,1569.204,0,2721.557,0,287.587,7982,11944,0.920,0.870,0.890,1,0,1.002,0,0,18,299,0,47,2
24-06 12:58:00,22.030,4.506,70.347,1.252,0,5560220,191332,172248,2087336,6126.431,2526.477,0,8055.086,0,521.718,6654,9569,0.920,0.870,0.890,1,0,0,0,0,18,298,0,50,2
24-06 12:58:01,6.722,1.992,88.884,0.498,0,5559896,191332,172268,2087640,6471.372,2020.686,0,1446.050,0,95.607,2447,3324,0.920,0.870,0.890,2,0,0.996,0,0,18,298,0,50,2
24-06 12:58:02,5.748,1.250,90.971,0.750,0,5559868,191332,172280,2087656,11211.453,2996.052,0,1323.581,0,123.961,2444,3471,0.920,0.870,0.890,0,0,0,0,0,18,299,0,50,2
24-06 12:58:03,25.859,5.774,64.019,2.008,0,5559688,191080,172368,2088000,5422.794,1626.838,0,3639.297,0,419.764,8145,12576,0.920,0.870,0.890,2,0,0,0,0,18,299,0,48,2
24-06 12:58:04,25.656,5.480,63.766,2.242,0,5559964,190576,172456,2088140,11026.547,2878.440,0,7879.094,0,606.774,8579,13010,0.930,0.870,0.900,1,0,0,0,0,18,299,0,48,2
24-06 12:58:05,9.497,2.749,85.475,1.500,0,5559684,190576,172500,2088376,6798.035,2566.258,0,3474.995,0,296.914,3435,5267,0.930,0.870,0.900,1,0,0,0,0,18,298,0,49,2
24-06 12:58:06,7.751,1.500,87.511,1.000,0,5559936,190324,172516,2088360,7248.940,2504.325,0,1780.231,0,187.024,2842,4098,0.930,0.870,0.900,0,0,0,0,0,18,298,0,50,2
24-06 12:58:07,6.492,1.498,89.390,0.999,0,5560060,190072,172528,2088476,7156.186,2500.920,0,1314.381,0,139.828,2656,3875,0.930,0.870,0.900,0,0,0,0,0,18,298,0,49,2
24-06 12:58:08,8.512,1.753,86.874,1.001,0,5560060,190072,172540,2088464,7352.512,2893.136,0,1702.434,0,190.272,3056,4525,0.930,0.870,0.900,0,0,0,0,0,18,298,0,49,2
24-06 12:58:09,4.267,1.004,93.124,0.502,0,5559828,190072,172540,2088696,5852.475,1692.790,0,1056.237,0,98.395,1920,2708,0.850,0.860,0.890,2,1,0,0,0,18,298,0,49,2
24-06 12:58:10,10.207,2.490,84.644,0.747,0,5560384,189344,172556,2088852,10451.106,2984.465,0,4704.243,0,528.779,3480,4751,0.850,0.860,0.890,1,0,0,0,0,18,296,0,51,2
24-06 12:58:11,5.501,1.000,90.768,0.500,0,5560248,189344,172572,2088972,6184.209,2566.502,0,1224.239,0,123.024,2456,3623,0.850,0.860,0.890,2,0,1.000,0,0,18,299,0,47,2
24-06 12:58:12,6.499,2.000,89.240,1.250,0,5560236,189344,172608,2088948,6068.300,2394.724,0,1375.841,0,145.983,2757,3924,0.850,0.860,0.890,0,0,1.000,0,0,18,298,0,47,2
24-06 12:58:13,11.746,2.749,82.472,0.500,0,5560332,189092,172644,2089068,5795.041,2418.182,0,2447.173,0,182.938,3585,5109,0.850,0.860,0.890,0,0,0,0,0,18,298,0,49,2
24-06 12:58:14,9.741,2.748,83.177,2.748,0,5560076,189092,172696,2089272,18589.680,5256.385,0,7605.323,0,539.526,4151,6350,0.870,0.860,0.890,0,0,0,0,0,18,298,0,50,2
24-06 12:58:15,2.252,0.500,95.324,0.250,0.250,5559936,189092,172700,2089408,7860.130,2092.632,0,368.287,0,17.013,1180,1563,0.870,0.860,0.890,1,0,0,0,0,18,298,0,48,2
24-06 12:58:16,2.999,1.000,94.477,0,0,5559936,189092,172704,2089404,7309.187,1928.522,0,1807.552,0,296.926,1635,2035,0.870,0.860,0.890,1,0,0,0,0,18,298,0,48,2
24-06 12:58:17,5.267,1.254,92.545,0.502,0,5559888,189092,172708,2089448,14027.683,4905.626,0,393.253,0,52.166,1976,2572,0.870,0.860,0.890,0,0,0,0,0,18,298,0,48,2
24-06 12:58:18,2.249,0.750,95.190,0,0,5559884,189092,172708,2089452,5258.686,1511.048,0,1075.322,0,70.955,1325,1789,0.870,0.860,0.890,0,0,0,0,0,18,298,0,48,2
24-06 12:58:19,10.734,1.997,84.622,0.998,0,5559812,189092,172724,2089508,12409.285,3466.772,0,1250.115,0,137.792,3279,4264,0.800,0.840,0.890,0,0,0,0,0,18,298,0,42,2
24-06 12:58:20,5.769,1.254,91.550,0.251,0,5559800,189092,172724,2089520,12436.731,2964.710,0,902.957,0,90.296,2247,3052,0.800,0.840,0.890,1,0,0,0,0,18,299,0,42,2
24-06 12:58:21,26.496,4.999,64.991,1.500,0,5559972,188588,172756,2089820,5522.245,1565.786,0,2371.676,0,274.962,7779,11757,0.800,0.840,0.890,1,0,2.000,0,0,18,299,0,44,2
24-06 12:58:22,18.183,4.483,73.727,1.245,0,5560700,187328,172780,2090328,5734.759,2275.572,0,3088.560,0,298.893,5856,8608,0.800,0.840,0.890,0,0,5.978,0,0,18,298,0,45,2
24-06 12:58:23,12.809,2.009,83.636,0.753,0,5560624,187328,172788,2090396,4255.648,1302.011,0,1470.790,0,129.598,3416,4561,0.800,0.840,0.890,1,0,2.009,0,0,18,299,0,46,2
24-06 12:58:24,7.710,1.990,86.303,1.741,0,5560556,187328,172832,2090420,11709.295,3442.155,0,5706.416,0,449.669,3936,6302,0.730,0.830,0.880,0,0,0,0,0,18,298,0,46,2
24-06 12:58:25,24.112,4.772,67.313,1.507,0,5560452,187076,172864,2090744,11026.228,3010.989,0,3777.550,0,366.704,7706,11560,0.730,0.830,0.880,1,0,0,0,0,18,299,0,46,2
24-06 12:58:26,24.921,5.483,66.789,1.246,0,5561600,185564,172896,2091076,5519.586,1614.905,0,2041.559,0,209.340,7956,11961,0.730,0.830,0.880,1,0,0,0,0,18,300,0,48,2
24-06 12:58:27,12.984,2.996,80.902,0.999,0,5561400,185564,172916,2091256,6238.451,2508.964,0,2117.438,0,210.745,4096,6001,0.730,0.830,0.880,1,0,0,0,0,18,298,0,44,2
24-06 12:58:28,10.759,2.002,84.321,1.001,0,5561296,185564,172924,2091352,5016.212,1513.271,16.013,2766.323,1.001,211.177,3730,5339,0.730,0.830,0.880,0,0,0,0,0,18,299,0,44,2
24-06 12:58:29,12.248,2.250,81.735,1.500,0,5561132,185564,172944,2091496,11767.820,3459.359,0,2491.538,0,281.948,4300,6118,0.750,0.830,0.880,0,0,0,0,0,18,298,0,45,2
24-06 12:58:30,10.999,2.250,84.493,0.750,0,5560900,185564,172972,2091700,5633.551,2566.795,0,1363.891,0,137.989,3173,4478,0.750,0.830,0.880,0,0,0,0,0,18,298,0,47,2
24-06 12:58:31,6.525,1.757,89.595,0.753,0,5560988,185312,172996,2091840,6144.662,1692.518,0,4593.690,0,309.191,2983,4456,0.750,0.830,0.880,1,0,1.004,0,0,18,299,0,45,2
24-06 12:58:32,5.732,1.495,89.962,0.997,0,5560964,185312,173028,2091832,11758.372,3448.963,0,1818.182,0,157.496,2786,4225,0.750,0.830,0.880,0,0,0,0,0,18,298,0,45,2
24-06 12:58:33,23.816,4.512,68.189,2.006,0,5560912,185060,173056,2092108,5140.223,1624.495,0,2920.080,0,327.907,7473,11164,0.750,0.830,0.880,4,0,0,0,0,18,299,0,45,2
24-06 12:58:34,26.275,5.755,63.310,2.502,0,5560860,184808,173136,2092332,4402.142,1459.373,0,4796.513,0,534.503,8865,14435,0.770,0.840,0.880,2,0,0,0,0,18,299,0,46,2
24-06 12:58:35,23.440,4.489,68.077,0.748,0,5560744,184556,173136,2092684,5152.916,1681.730,0,1974.985,0,172.562,7122,10068,0.770,0.840,0.880,1,0,0,0,0,18,299,0,46,2
24-06 12:58:36,25.699,7.984,63.375,1.248,0,5565944,179056,173184,2092736,6282.572,2403.246,0,12954.373,0,875.269,8147,19974,0.770,0.840,0.880,1,0,35.929,0,0,18,298,0,46,2
24-06 12:58:37,9.042,2.009,86.648,0.753,0,5565800,179056,173188,2093060,5063.265,1627.478,32.148,1125.170,1.005,91.420,2900,3923,0.770,0.840,0.880,1,1,0,0,0,18,299,0,46,2
24-06 12:58:38,11.938,2.238,81.824,1.741,0,5565696,179056,173196,2093156,5703.290,1911.045,0,3000.370,0,440.704,4219,6269,0.770,0.840,0.880,1,1,1.990,0,0,18,298,0,46,2
24-06 12:58:39,5.997,1.249,89.953,0.500,0,5565500,179056,173204,2093344,10609.462,2995.437,0,1942.986,0,95.950,2418,3420,0.710,0.820,0.880,2,0,0,0,0,18,299,0,46,2
24-06 12:58:40,11.258,2.252,84.062,1.001,0,5565460,179056,173216,2093372,5566.094,2503.841,0,1669.228,0,173.127,3395,4840,0.710,0.820,0.880,0,0,0,0,0,18,298,0,46,2
24-06 12:58:41,12.008,2.251,82.802,0.750,0,5565276,179056,173220,2093552,11674.338,3462.176,0,1745.097,0,180.113,3930,5517,0.710,0.820,0.880,0,0,1.001,0,0,18,298,0,47,2
24-06 12:58:42,12.765,3.504,81.594,0.751,0.250,5565216,179056,173228,2093604,4240.903,1297.500,0,1377.593,0,145.168,4411,6325,0.710,0.820,0.880,1,0,0,0,0,18,299,0,47,2
24-06 12:58:43,26.446,5.738,62.872,2.495,0,5564876,179056,173268,2093904,4093.693,1239.485,0,4566.733,0,506.971,8196,13348,0.710,0.820,0.880,2,0,0,0,0,18,299,0,48,2
24-06 12:58:44,25.822,5.014,63.927,2.758,0,5565648,178048,173320,2094088,4933.683,1624.505,0,8315.061,0,647.797,8432,13254,0.650,0.810,0.870,2,0,0,0,0,18,299,0,43,2
24-06 12:58:45,23.468,4.494,68.408,0.499,0,5565280,178048,173340,2094436,4346.149,1509.967,0,1629.806,0,146.802,6794,9543,0.650,0.810,0.870,1,0,0,0,0,18,299,0,43,2
24-06 12:58:46,12.991,3.248,79.947,1.499,0,5565184,177796,173360,2094764,6398.784,2634.264,0,2174.567,0,247.837,4224,6607,0.650,0.810,0.870,0,0,0,0,0,18,298,0,44,2
24-06 12:58:47,11.501,2.250,83.757,0.750,0,5565096,177796,173368,2094844,4500.360,1620.130,0,1608.129,0,180.014,3675,5246,0.650,0.810,0.870,0,0,0,0,0,18,299,0,44,2
24-06 12:58:48,12.498,2.750,80.989,1.750,0,5565000,177796,173388,2094920,11754.384,3405.532,0,3139.568,0,332.954,4390,6284,0.650,0.810,0.870,0,0,0,0,0,18,298,0,41,2
24-06 12:58:49,11.501,2.750,83.756,0.500,0,5564984,177544,173388,2095188,4872.351,2504.180,0,1280.092,0,126.009,3279,4421,0.840,0.850,0.890,2,0,1.000,0,0,18,298,0,43,2
24-06 12:58:50,6.761,1.252,90.153,0.751,0,5565176,177292,173392,2095244,5663.615,1754.979,0,1879.190,0,101.172,2324,3147,0.840,0.850,0.890,2,0,0,0,0,18,299,0,44,2
24-06 12:58:51,7.987,2.496,85.860,1.498,0,5565312,177044,173432,2095316,11528.149,3454.351,0,6385.558,0,452.260,3804,5940,0.840,0.850,0.890,1,0,0.998,0,0,18,298,0,44,2
24-06 12:58:52,22.729,4.246,69.186,1.499,0,5565164,177044,173480,2095416,4495.848,1618.505,0,2237.933,0,251.767,6798,10002,0.840,0.850,0.890,3,0,0,0,0,18,299,0,43,2
24-06 12:58:53,28.150,6.535,61.076,2.513,0,5566640,175040,173516,2095908,4644.801,1628.696,0,4266.782,0,487.604,9471,15006,0.840,0.850,0.890,4,0,3.016,0,0,18,299,0,43,2
24-06 12:58:54,24.963,4.993,66.153,1.248,0,5566776,174536,173544,2096248,4551.307,2439.413,15.977,2831.835,0.999,312.540,7268,10549,0.930,0.860,0.890,1,0,0.999,0,0,18,300,0,47,2
24-06 12:58:55,16.709,5.736,74.316,1.247,0,5617616,153300,172572,2067772,5811.641,1574.111,23.941,2577.631,3.990,200.505,4450,5859,0.930,0.860,0.890,1,0,1.995,0,0,18,299,0,48,2
24-06 12:58:56,8.743,1.499,87.435,0.999,0,5617580,153300,172580,2067800,9395.989,3515.377,0,1854.616,0,180.865,3003,4427,0.930,0.860,0.890,0,0,0,0,0,18,298,0,43,2
24-06 12:58:57,10.502,2.000,84.513,0.750,0,5617564,153076,172592,2068028,11829.874,3352.531,0,7261.150,0,462.073,3273,4446,0.930,0.860,0.890,0,0,0,0,0,18,298,0,43,2
24-06 12:58:58,8.248,2.249,85.977,1.999,0,5617536,153076,172604,2068044,12078.803,3405.099,0,5490.547,0,389.897,3542,5429,0.930,0.860,0.890,0,0,0,0,0,18,298,0,43,2
24-06 12:58:59,15.538,3.258,77.692,1.253,0,5617236,153076,172628,2068320,5672.035,1461.617,0,3252.047,0,272.675,5141,7476,1.180,0.920,0.910,1,0,0,0,0,18,299,0,43,2
24-06 12:59:00,25.553,5.261,65.636,1.754,0,5617840,152320,172648,2068452,4248.816,1082.245,0,4593.531,0,421.875,7486,11391,1.180,0.920,0.910,1,1,0,0,0,18,298,0,42,2
24-06 12:59:01,4.488,0.997,91.746,0.748,0,5617868,152072,172660,2068660,7436.375,2521.008,0,2138.070,0,118.671,2329,3500,1.180,0.920,0.910,1,0,0.997,0,0,18,298,0,43,2
24-06 12:59:02,8.731,1.746,87.056,0.748,0,5618040,151848,172668,2068704,12134.971,3344.550,0,1376.933,0,140.687,3022,4275,1.180,0.920,0.910,0,0,0,0,0,18,298,0,43,2
24-06 12:59:03,21.074,5.018,71.250,1.505,0,5617788,151848,172700,2068924,5164.155,1571.525,0,2801.850,0,311.094,6513,9662,1.180,0.920,0.910,1,0,0,0,0,18,299,0,43,2
24-06 12:59:04,23.694,4.240,67.589,0.998,0,5617688,151596,172712,2069264,11038.744,3701.197,0,2705.565,0,283.326,6737,9578,1.170,0.920,0.910,0,0,0,0,0,18,298,0,43,2
24-06 12:59:05,8.266,2.004,87.671,1.002,0,5617620,151596,172724,2069320,6833.293,1581.076,0,2240.358,0,171.333,2703,3730,1.170,0.920,0.910,1,0,0,0,0,18,299,0,44,2
24-06 12:59:06,11.209,2.989,80.952,2.242,0,5617664,151344,172780,2069472,7866.083,2497.817,0,8799.651,0,593.817,4463,7068,1.170,0.920,0.910,0,0,0,0,0,18,298,0,45,2
24-06 12:59:07,9.746,2.749,84.962,0.750,0,5617820,151092,172792,2069556,12604.397,3458.463,0,1367.392,0,153.932,3438,4654,1.170,0.920,0.910,0,0,0,0,0,18,298,0,46,2
24-06 12:59:08,7.514,1.503,87.918,1.002,0,5617748,151092,172796,2069624,12513.970,3466.640,0,1202.303,0,130.249,2873,4194,1.170,0.920,0.910,0,0,0,0,0,18,298,0,46,2
24-06 12:59:09,10.992,2.748,84.189,0.500,0,5617628,151092,172804,2069736,5408.099,2492.202,0,1287.072,0,142.897,3208,4542,1.150,0.920,0.910,0,0,0.999,0,0,18,298,0,47,2
24-06 12:59:10,6.744,1.499,88.170,0.749,0,5617944,150588,172816,2069912,6228.359,1630.523,0,1222.892,0,130.881,2585,3783,1.150,0.920,0.910,3,0,0,0,0,18,299,0,47,2
24-06 12:59:11,7.260,1.252,89.626,0.501,0,5617868,150588,172820,2069984,11864.658,3904.482,0,961.350,0,80.112,2300,3099,1.150,0.920,0.910,0,0,1.001,0,0,18,298,0,48,2
24-06 12:59:12,3.500,1.250,93.508,0,0,5617864,150588,172820,2069988,7446.657,2037.180,0,4744.419,0,411.036,1713,2253,1.150,0.920,0.910,1,0,0,0,0,18,298,0,46,2
24-06 12:59:13,14.485,2.997,79.915,1.748,0,5617808,150336,172840,2070276,5566.072,2450.390,0,1885.991,0,213.772,4282,6053,1.150,0.920,0.910,0,0,0,0,0,18,298,0,47,2
24-06 12:59:14,10.756,2.001,83.798,0.750,0,5618060,150084,172848,2070268,11777.802,3395.961,0,1797.038,0,214.124,3621,5333,1.060,0.900,0.900,5,0,0,0,0,18,298,0,47,2
24-06 12:59:15,6.755,2.001,89.566,1.251,0,5617924,150084,172860,2070392,6445.724,2539.861,0,1417.039,0,150.110,2653,3823,1.060,0.900,0.900,0,1,0,0,0,18,298,0,47,2
24-06 12:59:16,6.998,1.750,87.476,1.500,0,5617920,150084,172884,2070372,12424.602,3579.021,0,6506.220,0,421.885,3242,5083,1.060,0.900,0.900,1,0,0,0,0,18,298,0,48,2
24-06 12:59:17,3.513,1.004,94.093,0,0,5617852,150084,172884,2070440,8615.405,2326.481,0,417.522,0,25.091,1486,1909,1.060,0.900,0.900,0,0,0,0,0,18,298,0,45,2
24-06 12:59:18,3.735,1.245,92.119,0.249,0,5618104,149832,172888,2070436,12109.974,2993.633,0,932.149,0,101.580,2183,3172,1.060,0.900,0.900,1,0,0,0,0,18,299,0,45,2
24-06 12:59:19,26.019,5.254,65.799,1.751,0,5616304,149832,172904,2072220,6148.569,1525.133,32.024,2890.148,1.001,327.243,7315,10698,1.060,0.910,0.910,1,0,0,0,0,18,299,0,46,2
24-06 12:59:20,23.358,5.525,66.556,1.507,0,5615684,149580,172920,2073076,5623.888,1549.131,0,2700.431,0,291.341,7847,11552,1.060,0.910,0.910,3,1,0,0,0,18,299,0,46,2
24-06 12:59:21,24.939,4.988,67.087,1.496,0,5615504,149328,172944,2073484,6586.984,1562.202,0,3623.190,0,299.272,7397,10794,1.060,0.910,0.910,1,1,0.998,0,0,18,298,0,46,2
24-06 12:59:22,5.760,2.254,89.648,1.002,0,5615692,149076,172944,2073548,6080.044,2298.797,0,1935.197,0,151.250,2604,3816,1.060,0.910,0.910,1,0,6.010,0,0,18,299,0,46,2
24-06 12:59:23,11.210,2.740,82.455,0.996,0,5615664,149076,172952,2073568,3888.090,1104.050,0,2208.101,0,228.184,3736,5543,1.060,0.910,0.910,0,0,1.993,0,0,18,298,0,48,2
24-06 12:59:24,13.241,3.748,79.199,2.498,0,5615412,149076,172972,2073800,5854.219,2444.421,0,7778.976,0,550.644,4897,7513,0.970,0.890,0.900,0,0,0,0,0,18,298,0,50,2
24-06 12:59:25,14.008,2.501,82.048,0,0,5616660,147564,172976,2074060,11041.397,2998.737,0,576.334,0,30.017,2803,3063,0.970,0.890,0.900,1,0,0,0,0,18,299,0,46,2
24-06 12:59:26,27.251,3.750,67.752,0.250,0.250,5623592,140508,172980,2074180,4655.106,1458.033,0,1068.024,0,88.002,4670,5184,0.970,0.890,0.900,3,0,0,0,0,18,299,0,48,2
24-06 12:59:27,3.745,1.498,91.889,0.749,0,5623340,140508,172980,2074432,11622.908,3401.876,0,5940.797,0,505.387,2400,3500,0.970,0.890,0.900,0,0,0,0,0,18,298,0,48,2
24-06 12:59:28,7.757,1.251,88.084,0.500,0,5623568,140256,172984,2074452,11452.971,3355.214,0,1281.227,0,138.132,2853,4021,0.970,0.890,0.900,0,0,0,0,0,18,298,0,49,2
24-06 12:59:29,9.480,1.746,87.062,0.998,0,5623780,139752,173004,2074724,11864.396,3452.549,0,1496.770,0,134.709,3041,4176,0.890,0.880,0.900,0,0,0,0,0,18,298,0,46,2
24-06 12:59:30,17.279,4.007,75.126,1.002,0.250,5623716,139752,173016,2074776,4567.635,1622.712,0,1570.625,0,162.271,5021,7200,0.890,0.880,0.900,1,0,1.002,0,0,18,299,0,47,2
24-06 12:59:31,24.753,5.751,65.509,1.750,0,5624424,138492,173032,2075312,4877.643,1620.214,16.002,2928.386,1.000,324.043,7117,10411,0.890,0.880,0.900,1,0,1.000,0,0,18,296,0,49,2
24-06 12:59:32,5.748,1.250,89.725,1.000,0,5624352,138492,173044,2075372,5784.405,2631.274,0,1999.449,0,141.961,2366,3476,0.890,0.880,0.900,1,0,0,0,0,18,299,0,49,2
24-06 12:59:33,25.834,3.762,68.223,0.251,0,5624476,138016,173044,2075708,4815.745,1625.314,321.050,1007.293,17.056,77.253,6026,7924,0.890,0.880,0.900,2,0,0,0,0,18,302,0,49,2
24-06 12:59:34,26.010,4.502,66.026,1.751,0,5625276,136756,173052,2076160,5448.120,1566.610,164.064,6862.671,10.004,473.184,7446,10636,0.980,0.890,0.900,1,0,2.001,0,0,18,304,0,66,2
24-06 12:59:35,26.771,3.753,66.303,1.001,0,5627824,133984,173052,2076384,5118.085,1579.260,16.013,1405.121,1.001,125.100,6401,8478,0.980,0.890,0.900,4,0,1.001,0,0,18,302,0,80,2
24-06 12:59:36,22.150,6.471,68.939,0.996,0.249,5631768,175420,165548,2039204,12237.715,3444.439,0,2863.066,0,194.123,5748,11854,0.980,0.890,0.900,1,0,35.838,0,0,18,301,0,81,2
24-06 12:59:37,15.008,4.002,78.540,1.001,0,5633204,173916,165560,2039112,4828.438,1620.819,4.002,1764.891,1.001,178.090,4875,7035,0.980,0.890,0.900,1,0,0,0,0,18,302,0,77,2
24-06 12:59:38,24.516,4.503,68.044,1.001,0,5632888,173916,165572,2039416,5249.409,1621.053,0,2609.695,0,250.162,6657,9428,0.980,0.890,0.900,2,0,0,0,0,18,302,0,79,2
24-06 12:59:39,8.195,2.235,85.922,1.242,0,5633080,173664,165576,2039472,5878.456,2395.883,0,2133.647,0,215.550,3430,5132,0.900,0.880,0.900,0,0,0,0,0,18,301,0,80,2
24-06 12:59:40,8.048,1.257,88.272,1.006,0,5632880,173664,165596,2039652,6344.509,2510.844,0,2032.013,0,181.070,2863,4295,0.900,0.880,0.900,0,0,0,0,0,18,301,0,81,2
24-06 12:59:41,6.500,2.000,88.995,1.000,0,5632836,173664,165620,2039672,5167.723,1914.897,0,1667.910,0,165.991,2861,4057,0.900,0.880,0.900,0,0,1.000,0,0,18,301,0,78,2
24-06 12:59:42,7.001,1.750,87.759,1.500,0,5632712,173664,165652,2039764,6325.649,2510.258,0,5128.526,0,374.038,3146,4798,0.900,0.880,0.900,1,0,0,0,0,18,301,0,78,2
24-06 12:59:43,12.292,2.258,84.790,0,0,5633308,172936,165652,2039896,4774.306,1462.997,0,5538.917,0,390.333,2802,3113,0.900,0.880,0.900,2,0,0,0,0,18,302,0,80,2
24-06 12:59:44,12.707,1.993,82.224,0.747,0,5633604,172432,165668,2040088,5532.436,1669.398,0,1299.639,0,120.595,3145,4139,0.910,0.880,0.900,0,0,0,0,0,18,300,0,80,3
24-06 12:59:45,7.003,1.751,89.785,1.000,0,5633556,172432,165680,2040124,5809.292,1975.780,0,1392.550,0,132.052,2662,3771,0.910,0.880,0.900,0,0,0,0,0,18,300,0,77,3
24-06 12:59:46,5.515,1.755,91.240,0.501,0,5633388,172432,165680,2040292,6274.510,2034.353,0,1118.944,0,100.264,2220,3377,0.910,0.880,0.900,0,0,0,0,0,18,300,0,78,3
24-06 12:59:47,6.727,1.246,87.948,0.997,0,5633300,172432,165700,2040360,10512.922,2844.239,0,1658.309,0,139.521,2667,3817,0.910,0.880,0.900,0,0,0,0,0,18,300,0,78,3
24-06 12:59:48,9.253,2.001,86.276,0.500,0,5633220,172432,165704,2040436,5954.775,1038.309,0,992.296,0,86.026,2987,4124,0.910,0.880,0.900,1,0,0,0,0,18,302,0,78,3
24-06 12:59:49,25.506,5.001,65.266,1.750,0,5633244,172180,165732,2040636,5207.313,1566.395,0,3192.805,0,349.088,7734,11412,0.920,0.880,0.900,1,0,0,0,0,18,302,0,78,3
24-06 12:59:50,16.990,2.998,77.453,1.749,0,5633920,171172,165760,2040940,5902.456,2642.413,0,3553.866,0,314.811,4529,6376,0.920,0.880,0.900,0,0,0,0,0,18,300,0,79,3
24-06 12:59:51,7.501,1.750,88.267,0.750,0,5634348,170672,165784,2040988,6081.167,2406.462,0,1812.348,0,174.033,2701,3983,0.920,0.880,0.900,0,0,1.000,0,0,18,300,0,79,3
24-06 12:59:52,6.750,1.500,88.503,0.750,0,5634252,170672,165796,2041072,5595.212,2083.079,0,1188.045,0,116.004,2556,3467,0.920,0.880,0.900,0,0,0,0,0,18,300,0,80,3
24-06 12:59:53,6.502,1.751,91.031,0.500,0,5634248,170672,165804,2041068,4817.618,2017.678,0,976.328,0,70.024,1987,2672,0.920,0.880,0.900,0,0,0,0,0,18,300,0,77,3
24-06 12:59:54,9.021,3.258,82.942,2.005,0,5637752,166904,165828,2041308,11971.743,3070.115,0,6162.281,0,412.957,3875,5994,0.840,0.870,0.890,1,0,3.007,0,0,18,301,0,77,3
24-06 12:59:55,26.700,3.493,65.627,1.248,0,5637708,166904,165888,2041292,5150.314,1616.959,0,2998.361,0,328.382,6703,9629,0.840,0.870,0.890,3,0,0.998,0,0,18,301,0,78,3
24-06 12:59:56,16.495,2.749,79.226,0.750,0,5456048,348388,165924,2041508,7488.761,268571.688,327.902,1079.677,16.995,75.977,2812,3318,0.840,0.870,0.890,1,0,15.995,0,0,18,300,0,79,3
24-06 12:59:57,1.500,0.750,96.491,0,0,5455768,348644,165936,2041520,5159.539,1619.855,0,655.941,0,33.997,1250,1890,0.840,0.870,0.890,0,0,0,0,0,18,300,0,72,3
24-06 12:59:58,1.250,0.750,96.029,0.750,0,5455768,348644,165948,2041508,5461.636,1620.485,0,2144.642,0,127.038,1362,2148,0.840,0.870,0.890,0,0,0,0,0,18,300,0,72,3
24-06 12:59:59,1.000,1.000,97.204,0.250,0,5455752,348644,165948,2041524,4889.662,1511.277,0,4106.037,0,425.796,1143,1555,0.780,0.850,0.890,0,0,0,0,0,18,300,0,72,3
24-06 13:00:00,1.250,0.250,97.000,0,0,5455752,348644,165948,2041524,4966.018,1566.006,0,12.000,0,2.000,957,1394,0.780,0.850,0.890,0,0,0,0,0,18,300,0,72,3
24-06 13:00:01,1.004,0.753,97.399,0,0,5455752,348644,165948,2041524,5591.922,1518.223,0,0,0,0,944,1384,0.780,0.850,0.890,1,0,1.004,0,0,18,300,0,72,3
24-06 13:00:02,1.493,0.498,96.310,0,0,5455748,348644,165948,2041528,6317.118,1558.873,0,3.982,0,0.995,1097,1452,0.780,0.850,0.890,0,0,0,0,0,18,300,0,70,3
24-06 13:00:03,1.256,0.251,97.697,0,0,5455748,348644,165948,2041528,5456.958,1518.947,0,421.930,0,2.009,924,1355,0.780,0.850,0.890,0,0,0,0,0,18,300,0,70,3
24-06 13:00:04,4.232,1.494,92.609,0.249,0,5455740,348644,165956,2041528,10094.346,2070.252,0,808.583,0,98.583,1947,2745,0.710,0.840,0.880,0,0,0,0,0,18,300,0,70,3
24-06 13:00:05,1.750,0.500,95.476,0.250,0,5455708,348644,165964,2041552,5194.719,1295.681,0,411.898,0,39.990,1248,1733,0.710,0.840,0.880,0,0,0,0,0,18,300,0,70,3
24-06 13:00:06,2.501,1.250,95.278,0.250,0,5455704,348644,165972,2041548,5644.658,1566.460,0,372.109,0,38.011,1420,2041,0.710,0.840,0.880,0,0,0,0,0,18,300,0,67,3
24-06 13:00:07,1.252,0.501,96.632,0,0,5455564,348644,165972,2041688,5064.914,1459.993,0,100.137,0,15.021,1197,1787,0.710,0.840,0.880,0,0,0,0,0,18,300,0,67,3
24-06 13:00:08,1.248,0.749,96.626,0.250,0,5455564,348644,165972,2041688,4931.664,1456.129,0,371.523,0,25.967,1006,1494,0.710,0.840,0.880,0,0,0,0,0,18,300,0,67,3
24-06 13:00:09,1.750,0.250,96.497,0.250,0,5455552,348644,165972,2041700,4717.852,1577.951,0,99.997,0,14.000,1156,1637,0.660,0.830,0.880,1,0,0,0,0,18,300,0,67,3
24-06 13:00:10,1.750,0.750,96.492,0,0,5455552,348644,165972,2041700,4665.608,1565.869,0,267.978,0,17.998,1192,1716,0.660,0.830,0.880,0,0,0,0,0,18,300,0,62,3
24-06 13:00:11,2.250,0.750,96.261,0.500,0,5448208,355984,165976,2041700,4909.553,1512.170,0,248.028,0,23.003,1249,1787,0.660,0.830,0.880,0,0,1.000,0,0,18,300,0,62,3
24-06 13:00:12,2.749,1.250,93.977,0.250,0,5448140,355984,165984,2041756,4714.853,1565.619,67.983,115.972,8.998,14.996,1521,2081,0.660,0.830,0.880,0,0,3.999,0,0,18,300,0,62,3
24-06 13:00:13,1.250,0.750,97.278,0,0,5448132,355984,165992,2041760,4741.366,1620.467,0,192.055,0,15.004,1003,1481,0.660,0.830,0.880,0,0,0,0,0,18,300,0,62,3
24-06 13:00:14,2.000,0.750,94.736,0.250,0,5448124,355984,165992,2041768,4859.301,1619.767,0,511.926,0,51.993,1583,2360,0.600,0.810,0.870,0,0,0,0,0,18,300,0,60,3
24-06 13:00:15,1.250,0.750,97.239,0,0,5448120,355984,165992,2041772,4739.455,1619.814,0,87.990,0,9.999,938,1387,0.600,0.810,0.870,0,0,0,0,0,18,300,0,60,3
24-06 13:00:16,2.004,0.501,95.701,0.251,0,5448120,355984,166000,2041764,4947.408,1623.415,0,292.616,0,30.063,1234,1930,0.600,0.810,0.870,0,0,0,0,0,18,300,0,60,3
24-06 13:00:17,0.997,0.997,96.479,0,0,5448104,355984,166000,2041780,5291.123,1615.458,0,107.697,0,12.964,1173,1795,0.600,0.810,0.870,0,0,0,0,0,18,300,0,60,3
24-06 13:00:18,1.251,0.250,97.113,0,0,5448104,355984,166000,2041780,5612.506,1621.880,0,284.330,0,18.021,979,1496,0.600,0.810,0.870,0,0,0,0,0,18,300,0,59,3
24-06 13:00:19,1.498,0.749,97.126,0,0,5448104,355984,166008,2041772,5157.439,1575.995,0,107.863,0,10.986,1015,1482,0.560,0.800,0.870,1,0,0,0,0,18,300,0,59,3
24-06 13:00:20,1.251,0.751,97.077,0,0,5448316,355760,166008,2041784,5704.501,1621.279,0,828.654,0,165.130,1063,1471,0.560,0.800,0.870,0,0,0,0,0,18,300,0,59,3
24-06 13:00:21,1.000,0.500,97.039,0.250,0,5448316,355760,166008,2041784,6245.517,1566.631,0,364.147,0,60.024,1065,1473,0.560,0.800,0.870,0,0,1.000,0,0,18,300,0,59,3
24-06 13:00:22,1.500,1.750,95.248,0,0.250,5448316,355760,166008,2041784,4711.897,1511.967,0,0,0,0,1196,1456,0.560,0.800,0.870,0,0,6.000,0,0,18,300,0,57,3
24-06 13:00:23,1.250,0.750,97.280,0,0,5448312,355760,166008,2041788,4377.367,1566.489,0,0,0,0,933,1398,0.560,0.800,0.870,0,0,2.001,0,0,18,300,0,57,3
24-06 13:00:24,4.000,1.000,93.754,0.750,0,5448312,355760,166020,2041776,4644.177,1524.058,0,680.026,0,75.003,1885,2742,0.510,0.780,0.870,0,0,0,0,0,18,300,0,57,3
24-06 13:00:25,2.748,1.249,93.169,0.500,0,5448256,355760,166048,2041804,10485.896,2994.400,0,2841.533,0,164.857,1681,2315,0.510,0.780,0.870,0,0,0,0,0,18,300,0,57,3
24-06 13:00:26,1.749,0.750,95.459,0.250,0,5448256,355760,166048,2041804,4569.014,1133.507,0,523.772,0,44.980,1464,2213,0.510,0.780,0.870,0,0,0,0,0,18,300,0,53,3
24-06 13:00:27,6.007,2.002,90.607,0.250,0,5441708,362292,166056,2041812,133657.116,2410.834,4.005,444.523,1.001,27.032,1606,2045,0.510,0.780,0.870,3,0,5.006,0,0,18,300,0,53,3
24-06 13:00:28,11.245,4.498,82.964,0.250,0,5451484,352440,166076,2041868,284724.075,9465.880,151.934,843.633,5.997,46.980,2715,2324,0.510,0.780,0.870,0,0,28.987,0,0,18,300,0,53,3
24-06 13:00:29,15.752,4.501,77.760,0,0,5468908,331284,166080,2045596,287252.776,5904.756,152.019,4.001,3.000,1.000,2491,1908,0.550,0.790,0.870,2,0,19.002,0,0,18,300,0,53,3
24-06 13:00:30,20.746,6.249,71.988,0,0,5451884,335480,166084,2058420,3499.409,679.885,0,31.995,0,3.999,2478,1816,0.550,0.790,0.870,1,0,17.997,0,0,18,300,0,49,3
