"pcp-dstat 6.2.0 CSV Output"
"Author:","PCP team <pcp@groups.io> and Dag Wieers <dag@wieers.com>",,,,"URL:","https://pcp.io/ and http://dag.wieers.com/home-made/dstat/"
"Host:","ubuntu",,,,"User:","ubuntu"
"Cmdline:","dstat -tcmndrylpg --tcp --output /tmp/devstack_logs/dstat-csv.log",,,,"Date:","17 Jun 2026 11:10:39 UTC"
"system","total usage",,,,,"memory usage",,,,"net/total",,"dsk/total",,"io/total",,"system",,"load avg",,,"procs",,,"paging",,"tcp sockets",,,,
"time","total usage:usr","total usage:sys","total usage:idl","total usage:wai","total usage:stl","used","free","buf","cach","net/total:recv","net/total:send","dsk/total:read","dsk/total:writ","read","writ","int","csw","1m","5m","15m","run","blk","new","in","out","lis","act","syn","tim","clo"
17-06 11:10:39,,1056996,1354004,167300,5229248,,,,,,,1.120,0.810,0.470,2,0,,,,10,6,0,17,0
17-06 11:10:40,22.991,21.241,53.478,0.500,0,1082440,1327912,167460,5229564,30416.634,13907.346,0,6513.352,0,147.940,5727,4268,1.120,0.810,0.470,1,0,360.853,0,0,10,6,0,17,0
17-06 11:10:41,23.008,20.757,54.268,0.250,0,1068512,1341204,167608,5229932,46868.719,12137.071,0,1532.514,0,51.017,5481,3844,1.120,0.810,0.470,2,0,334.112,0,0,10,6,0,17,0
17-06 11:10:42,30.482,20.488,47.472,0.750,0,1040576,1347584,167864,5250332,187868.613,12019.873,0,2062.777,0,58.965,6059,5362,1.270,0.850,0.490,2,0,277.835,0,0,10,4,0,17,2
17-06 11:10:43,39.989,17.745,40.738,0.500,0,1051300,1319908,168776,5298208,12056.552,1685.518,0,1215.652,0,55.984,6708,7387,1.270,0.850,0.490,2,0,188.946,0,0,11,4,0,17,2
17-06 11:10:44,31.420,10.723,55.109,0.499,0,1142424,1210832,169188,5404312,11370.979,1615.876,0,1436.334,0,40.896,3832,2629,1.270,0.850,0.490,3,0,86.779,0,0,11,6,0,17,2
17-06 11:10:45,36.178,14.222,46.907,0.998,0.250,1149544,1175684,170188,5428768,11437.253,1616.784,0,12966.212,0,568.869,5105,3796,1.270,0.850,0.490,3,0,194.613,0,0,11,6,0,19,2
17-06 11:10:46,42.316,6.260,48.575,1.252,0.250,1212480,1083408,171264,5454080,11753.250,1460.267,32.050,3649.667,2.003,78.121,2975,1907,1.270,0.850,0.490,2,0,0,0,0,11,6,0,19,2
17-06 11:10:47,43.533,5.504,48.537,0.751,0,1255484,1042512,172236,5448824,12163.193,2101.588,0,3050.306,0,79.060,3270,2092,1.330,0.870,0.490,3,0,0,0,0,11,4,0,19,0
17-06 11:10:48,31.816,8.518,44.843,10.772,0,1329640,960000,173524,5455772,11604.066,1623.367,0,32679.775,0,2726.655,12956,23254,1.330,0.870,0.490,2,1,71.148,0,0,11,6,0,19,0
17-06 11:10:49,34.525,7.255,48.535,8.006,0,1263664,1015760,174064,5464484,19035.688,4672.360,0,39900.692,0,2704.945,11345,20602,1.330,0.870,0.490,6,0,64.046,0,0,11,4,0,19,0
17-06 11:10:50,39.653,12.470,45.888,0,0,1329900,947784,174092,5465828,11671.533,1616.058,0,2126.813,0,149.635,12382,20074,1.330,0.870,0.490,3,0,73.820,0,0,11,4,0,19,0
17-06 11:10:51,44.508,8.752,44.758,0.500,0,1357588,919828,174144,5465976,12019.201,1620.297,0,9033.654,0,417.076,12177,21112,1.330,0.870,0.490,3,0,13.002,0,0,11,4,0,19,0
17-06 11:10:52,41.753,8.751,48.754,0.250,0,1259404,1026116,174196,5458664,11778.976,1458.121,0,832.069,0,24.002,3347,1810,1.390,0.890,0.500,3,0,27.002,0,0,11,4,0,19,0
17-06 11:10:53,40.010,7.252,52.012,0,0,1250196,1035364,174196,5458656,12062.875,1620.386,0,4.001,0,1.000,3180,1730,1.390,0.890,0.500,1,0,66.016,0,0,11,4,0,19,0
17-06 11:10:54,14.252,12.252,72.012,0,0,1215112,1070420,174196,5458684,11960.040,1458.249,0,0,0,0,3799,2496,1.390,0.890,0.500,1,0,174.030,0,0,11,4,0,19,0
17-06 11:10:55,8.499,21.747,67.741,0,0,1182836,1102660,174196,5458708,11818.441,1619.786,0,9026.809,0,45.994,5456,3782,1.390,0.890,0.500,1,0,296.961,0,0,11,4,0,19,0
17-06 11:10:56,12.248,20.497,65.492,0,0,1137388,1147952,174196,5459212,12753.361,1457.813,0,27.996,0,6.999,6045,5658,1.390,0.890,0.500,1,0,269.965,0,0,11,4,0,19,0
17-06 11:10:57,30.830,16.292,51.132,0,0,1176244,1109016,174204,5459344,13206.212,1515.927,0,421.091,0,3.008,5230,4963,1.360,0.890,0.500,2,0,193.501,0,0,11,5,0,19,0
17-06 11:10:58,45.867,4.487,48.858,0,0,1232192,1052964,174208,5459444,11592.369,1561.470,0,55.838,0,3.988,2891,1301,1.360,0.890,0.500,2,0,0,0,0,11,5,0,13,0
17-06 11:10:59,42.756,8.251,48.257,0.250,0,1256236,1028464,174216,5459884,11939.720,1620.233,0,968.139,0,57.008,3136,1949,1.360,0.890,0.500,4,0,0,0,0,11,5,0,13,0
17-06 11:11:00,26.493,12.497,60.234,0,0,1279492,1002764,174256,5462208,12618.681,1605.578,0,20310.658,0,274.928,4294,4484,1.360,0.890,0.500,0,0,118.969,0,0,11,4,0,13,0
17-06 11:11:01,5.248,2.999,90.470,0,0,1299400,982856,174260,5462204,13110.596,1457.510,0,0,0,0,1441,1355,1.360,0.890,0.500,2,0,21.993,0,0,11,4,0,13,0
17-06 11:11:02,22.493,3.499,73.226,0,0,1370624,911616,174260,5462208,12615.888,1619.472,0,7.997,0,1.999,1964,1352,1.330,0.890,0.510,2,0,0,0,0,11,4,0,13,0
17-06 11:11:03,24.227,1.748,73.180,0,0,1384268,897792,174260,5462388,12723.871,1510.560,0,0,0,0,1869,1120,1.330,0.890,0.510,1,0,0,0,0,11,4,0,13,0
17-06 11:11:04,23.273,2.502,70.820,2.002,0,1388912,893024,174312,5462460,13032.955,1621.612,0,5197.166,0,350.348,4110,5489,1.330,0.890,0.510,1,0,1.001,0,0,11,4,0,15,0
17-06 11:11:05,19.008,8.503,71.029,0,0,1351780,930108,174316,5462460,13505.498,1620.660,0,32637.287,0,220.090,3058,2404,1.330,0.890,0.510,2,0,42.017,0,0,11,4,0,15,0
17-06 11:11:06,20.257,2.501,76.776,0,0,1373876,907768,174316,5462652,16122.372,4072.357,0,1532.511,0,52.017,1820,1199,1.330,0.890,0.510,2,0,0,0,0,11,11,0,15,0
17-06 11:11:07,20.747,2.250,74.238,0.750,0,1381828,899272,174360,5463020,16132.407,6673.927,267.957,3771.394,65.989,49.992,2950,2984,1.300,0.890,0.510,1,0,3.000,0,0,11,29,0,15,0
17-06 11:11:08,20.545,6.013,72.911,0,0,1383508,897580,174360,5463028,13534.938,2745.072,0,4.009,0,1.002,2512,1738,1.300,0.890,0.510,1,0,43.095,0,0,11,28,0,16,0
17-06 11:11:09,18.211,2.495,77.831,0,0,1398764,882320,174360,5463032,16630.932,5753.522,0,0,0,0,1832,1242,1.300,0.890,0.510,1,0,0,0,0,11,29,0,16,0
17-06 11:11:10,22.004,12.252,64.761,0,0,1350200,930856,174360,5463060,14565.384,4297.703,0,376.062,0,6.001,3822,2740,1.300,0.890,0.510,3,0,157.026,0,0,11,28,0,15,0
17-06 11:11:11,38.489,5.748,54.734,0,0,1469352,811700,174360,5463064,15244.607,5911.297,0,103.970,0,3.999,2723,1375,1.300,0.890,0.510,0,0,0,0,0,11,30,0,15,0
17-06 11:11:12,34.922,5.238,57.622,0.249,0,1469612,811236,174360,5463268,28047.667,15616.295,0,255.432,0,25.942,6615,8363,1.360,0.910,0.520,5,0,0,0,0,11,29,0,16,0
17-06 11:11:13,53.364,27.308,18.790,0,0,1508160,772632,174360,5463304,11523.627,1115.384,0,48.103,0,12.026,5660,4688,1.360,0.910,0.520,6,0,570.219,0,0,11,28,0,16,0
17-06 11:11:14,83.417,14.735,0,0,0.250,1721300,559480,174360,5463316,14884.240,5440.605,0,3.996,0,0.999,5061,2622,1.360,0.910,0.520,6,0,8.991,0,0,11,30,0,16,0
17-06 11:11:15,79.044,12.045,7.528,0,0,1824528,456192,174360,5463364,41761.392,29243.815,0,393.464,0,36.134,7963,9779,1.360,0.910,0.520,6,0,0,0,0,11,33,0,17,0
17-06 11:11:16,57.486,14.746,26.993,0,0.250,1654776,625796,174364,5463596,27010.431,14902.376,0,68623.310,0,900.781,7783,9754,1.360,0.910,0.520,1,1,249.939,0,0,11,28,0,22,0
17-06 11:11:17,18.950,7.480,72.307,0,0,1543196,737368,174368,5463600,12574.510,1454.127,0,151.596,0,10.971,2748,1930,1.250,0.890,0.520,1,0,59.841,0,0,11,28,0,22,0
17-06 11:11:18,18.002,2.750,78.009,0,0,1550312,730248,174368,5463604,16102.938,5368.646,0,108.013,0,6.001,2119,1719,1.250,0.890,0.520,1,0,0,0,0,11,29,0,22,0
17-06 11:11:19,15.040,6.768,76.201,0.251,0,1478276,802264,174376,5463616,16018.278,4499.877,0,729.927,0,50.132,3368,3300,1.250,0.890,0.520,1,0,68.180,0,0,11,28,0,23,0
17-06 11:11:20,22.690,3.740,72.806,0,0,1502452,778104,174376,5463600,12534.637,1454.130,0,610.375,0,14.960,2012,1675,1.250,0.890,0.520,1,0,0.997,0,0,11,28,0,23,0
17-06 11:11:21,14.251,3.250,81.256,0,0,1501960,778584,174376,5463612,18015.344,7566.565,0,36082.693,0,172.013,2714,2729,1.250,0.890,0.520,1,0,0,0,0,11,29,0,23,0
17-06 11:11:22,17.795,18.797,62.157,0.752,0,1445908,834612,174380,5463628,12817.277,2387.011,0,1034.605,0,27.068,6770,18772,1.470,0.950,0.540,2,0,499.257,0,0,11,28,0,24,0
17-06 11:11:23,57.513,27.506,14.253,0,0,1518828,761636,174388,5463676,11840.774,1458.342,0,216.051,0,19.004,5972,4561,1.470,0.950,0.540,5,0,576.135,0,0,11,28,0,24,0
17-06 11:11:24,81.027,12.504,6.002,0,0,1727644,552800,174396,5463684,22745.568,13321.433,0,592.197,0,37.012,5387,3318,1.470,0.950,0.540,4,0,0,0,0,11,32,0,24,0
17-06 11:11:25,72.497,6.750,19.999,0,0,1735480,544736,174396,5463912,49838.823,37277.372,0,375.984,0,45.998,10280,15606,1.470,0.950,0.540,6,0,0,0,0,11,29,0,25,0
17-06 11:11:26,79.002,21.001,0.500,0,0,1614576,665520,174404,5464024,13985.353,3594.091,0,532.013,0,31.001,5946,5349,1.470,0.950,0.540,7,0,310.008,0,0,11,28,0,25,0
17-06 11:11:27,88.056,11.225,0,0,0,1772156,507936,174408,5464024,17328.735,7117.284,0,139.692,0,7.982,5242,2776,1.830,1.030,0.560,5,0,0,0,0,11,31,0,25,0
17-06 11:11:28,79.857,9.513,10.264,0,0,1828948,450768,174436,5464372,53855.840,41447.288,0,2423.232,0,167.223,8873,12568,1.830,1.030,0.560,2,0,2.003,0,0,11,34,0,25,0
17-06 11:11:29,71.523,16.755,11.004,0,0,1515192,764308,174448,5464576,30105.796,19378.306,0,216.070,0,25.008,7538,10593,1.830,1.030,0.560,2,0,298.097,0,0,11,28,0,30,0
17-06 11:11:30,41.221,5.496,52.463,0,0,1531280,748220,174448,5464576,13841.336,3475.573,0,0,0,0,2814,1371,1.830,1.030,0.560,2,0,0.999,0,0,11,29,0,25,0
17-06 11:11:31,33.705,3.495,61.168,0,0,1531480,747968,174460,5464616,29012.231,17857.137,0,515.311,0,28.961,5687,6874,1.830,1.030,0.560,1,0,0,0,0,11,29,0,26,0
17-06 11:11:32,48.880,22.059,28.827,0,0,1510988,768424,174464,5464644,13483.829,1876.988,0,200.533,0,16.043,5299,3623,1.930,1.060,0.580,3,0,379.007,0,0,11,28,0,27,0
17-06 11:11:33,53.279,6.971,38.839,0,0,1613260,666140,174464,5464656,25100.074,13929.326,0,669.229,0,7.967,4374,2875,1.930,1.060,0.580,3,0,0,0,0,11,31,0,27,0
17-06 11:11:34,50.553,11.512,36.789,0,0,1499508,779688,174476,5464848,28797.271,17757.666,0,408.429,0,48.051,8101,10650,1.930,1.060,0.580,5,0,157.165,0,0,11,28,0,28,0
17-06 11:11:35,79.951,19.800,0.251,0,0,1591212,687964,174480,5464860,12168.666,1461.684,0,208.526,0,16.040,5144,2539,1.930,1.060,0.580,4,0,101.255,0,0,11,28,0,25,0
17-06 11:11:36,60.927,7.741,30.713,0,0,1655208,623768,174484,5465056,40614.515,28924.470,0,946.870,0,10.987,7564,8863,1.930,1.060,0.580,6,0,0,0,0,11,32,0,25,0
17-06 11:11:37,60.561,17.518,20.771,0.250,0,1570796,708116,174488,5465116,27527.544,14751.760,0,424.425,0,41.041,7619,8980,2.010,1.100,0.590,3,0,324.325,0,0,11,28,1,28,0
17-06 11:11:38,61.860,8.481,29.683,0.249,0,1618116,660784,174492,5465124,16148.453,7451.137,0,199.548,0,10.975,3724,1492,2.010,1.100,0.590,0,0,0,0,0,11,31,1,28,0
17-06 11:11:39,46.193,5.493,45.444,0,0,1618112,660508,174508,5465360,36042.820,23532.155,0,1066.692,0,78.903,7830,10607,2.010,1.100,0.590,3,0,0,0,0,11,29,0,29,0
17-06 11:11:40,62.346,18.028,18.278,0.501,0,1553056,725508,174540,5465380,13186.218,2864.392,0,3144.822,0,181.278,5160,4284,2.010,1.100,0.590,3,0,300.461,0,0,11,28,0,30,0
17-06 11:11:41,54.734,6.498,38.489,0,0,1643736,634816,174540,5465392,24048.949,13839.942,0,7.998,0,1.000,4376,2841,2.010,1.100,0.590,2,0,0,0,0,11,31,0,30,0
17-06 11:11:42,51.807,15.267,31.785,0,0,1497408,780800,174548,5465728,29577.746,17230.076,0,308.341,0,24.027,8035,10078,1.930,1.090,0.590,3,0,293.325,0,0,11,28,0,33,0
17-06 11:11:43,63.788,9.967,25.416,0.249,0,1610900,667232,174548,5465744,13757.305,3189.406,0,155.484,0,6.977,3906,1480,1.930,1.090,0.590,3,0,0,0,0,11,29,0,33,0
17-06 11:11:44,43.930,5.272,48.448,0.502,0,1610928,666980,174572,5465940,35826.737,25080.724,0,759.109,0,60.247,6685,8513,1.930,1.090,0.590,5,0,0,0,0,11,29,0,34,0
17-06 11:11:45,61.260,13.889,24.801,0,0,1533292,744584,174572,5465956,11955.287,2457.327,0,202.380,0,11.905,4541,2828,1.930,1.090,0.590,4,0,111.110,0,0,11,28,0,35,0
17-06 11:11:46,55.365,6.795,38.000,0,0,1615688,662176,174572,5465968,25306.699,14243.826,0,2274.986,0,53.351,4318,2786,1.930,1.090,0.590,3,0,0,0,0,11,31,0,35,0
17-06 11:11:47,49.610,18.792,29.816,0.251,0,1517168,760648,174588,5466032,26315.509,14986.320,0,3082.854,0,217.484,8219,10181,1.940,1.110,0.600,5,0,375.836,0,0,11,28,0,35,0
17-06 11:11:48,77.755,22.251,0,0,0,1636484,641264,174588,5466084,11666.743,1674.107,0,220.014,0,14.001,5558,4153,1.940,1.110,0.600,7,0,346.022,0,0,11,28,0,35,0
17-06 11:11:49,78.157,20.725,0.749,0,0.250,1804100,473488,174592,5466240,28166.601,18482.084,0,854.986,0,50.940,6325,5859,1.940,1.110,0.600,7,0,389.538,0,0,11,32,0,35,0
17-06 11:11:50,76.597,20.025,3.254,0,0,1837664,439800,174604,5466352,50375.771,38875.212,0,344.436,0,35.044,8634,11394,1.940,1.110,0.600,8,0,415.526,0,0,11,30,0,36,0
17-06 11:11:51,78.508,20.502,0.500,0,0,1564256,712992,174620,5466564,21149.025,11179.070,0,392.038,0,33.003,6454,5753,1.940,1.110,0.600,5,0,329.032,0,0,11,28,0,36,0
17-06 11:11:52,82.584,12.225,5.239,0,0,1711312,565920,174620,5466580,23752.122,13452.882,0,1365.248,0,122.753,5332,2975,2.180,1.170,0.630,3,0,0,0,0,11,32,0,36,0
17-06 11:11:53,69.360,7.485,21.207,0,0,1728696,548304,174624,5466804,47323.469,35654.026,0,295.404,0,15.968,9794,13891,2.180,1.170,0.630,4,0,0,0,0,11,31,0,38,0
17-06 11:11:54,50.665,22.323,27.088,0,0,1537664,739280,174624,5466856,23452.253,12326.077,0,20.065,0,5.016,7607,8777,2.180,1.170,0.630,1,0,544.771,0,0,11,28,0,41,0
17-06 11:11:55,14.475,29.199,54.903,0,0,1523964,752968,174624,5466868,12176.586,1455.440,0,123.782,0,9.982,6165,4642,2.180,1.170,0.630,3,0,555.024,0,0,11,28,0,41,0
17-06 11:11:56,70.429,25.815,3.258,0,0,1579320,697568,174624,5466912,14033.570,3595.112,0,28.071,0,7.018,5382,3828,2.180,1.170,0.630,3,0,504.278,0,0,11,29,0,41,0
17-06 11:11:57,64.976,8.497,25.990,0,0,1664212,612476,174640,5467092,32324.867,21778.826,0,719.730,0,46.982,5312,6316,2.330,1.220,0.640,3,0,0,0,0,11,31,0,42,0
17-06 11:11:58,67.020,14.755,18.006,0,0,1565348,711288,174644,5467140,25037.654,12358.778,0,512.157,0,55.017,7164,8279,2.330,1.220,0.640,4,0,202.062,0,0,11,28,0,45,0
17-06 11:11:59,77.791,12.965,8.477,0,0,1633336,643280,174644,5467160,17355.289,7529.734,0,155.581,0,8.976,4853,2473,2.330,1.220,0.640,3,0,66.820,0,0,11,30,0,45,0
17-06 11:12:00,60.734,8.748,29.492,0,0,1656748,619652,174644,5467340,42295.014,30850.986,0,175.954,0,9.997,9012,12329,2.330,1.220,0.640,2,0,2.999,0,0,11,32,0,45,0
17-06 11:12:01,52.068,5.007,41.805,0.250,0.501,1656864,619428,174648,5467436,42558.882,29385.585,0,244.321,0,20.026,11298,16245,2.330,1.220,0.640,4,0,0,0,0,11,31,0,45,0
17-06 11:12:02,73.977,15.495,9.497,0,0,1493676,782392,174680,5467628,23837.738,11903.374,0,543.834,0,53.984,7553,8572,2.620,1.300,0.670,4,0,119.963,0,0,11,28,0,45,0
17-06 11:12:03,76.141,10.269,13.275,0,0,1632240,643816,174680,5467636,22143.006,11975.176,0,140.260,0,9.017,4876,2513,2.620,1.300,0.670,2,0,0,0,0,11,32,0,45,0
17-06 11:12:04,56.670,7.739,33.952,0,0,1632020,643816,174680,5467848,41503.686,29007.244,0,810.861,0,50.928,8853,12630,2.620,1.300,0.670,2,0,0,0,0,11,32,0,45,0
17-06 11:12:05,53.715,7.245,37.475,0,0,1614736,660848,174680,5468096,50385.884,37280.497,0,0,0,0,11964,18322,2.620,1.300,0.670,3,0,23.984,0,0,11,30,0,47,0
17-06 11:12:06,78.668,18.790,2.505,0,0,1545776,729768,174680,5468136,16684.562,5005.669,0,12.026,0,1.002,5339,3441,2.620,1.300,0.670,4,0,236.504,0,0,11,28,0,49,0
17-06 11:12:07,68.638,9.235,20.966,0.250,0,1652496,623012,174684,5468168,31474.586,19881.523,0,207.661,0,19.967,5447,4442,2.650,1.330,0.690,5,0,1.997,0,0,11,36,0,47,0
17-06 11:12:08,61.843,10.265,27.541,0,0,1566816,708452,174684,5468404,43487.475,31361.218,0,4.006,0,1.002,11003,16214,2.650,1.330,0.690,4,0,68.103,0,0,11,34,0,49,0
17-06 11:12:09,80.250,13.750,5.750,0,0,1584676,690424,174692,5468556,17298.957,8125.980,0,156.000,0,20.000,5698,4277,2.650,1.330,0.690,4,0,60.000,0,0,11,33,0,49,0
17-06 11:12:10,68.417,9.488,21.224,0,0.250,1637992,637068,174700,5468584,29569.125,19338.537,0,299.636,0,33.959,5213,5232,2.650,1.330,0.690,5,0,60.926,0,0,11,34,0,51,0
17-06 11:12:11,73.209,12.743,13.742,0,0,1626468,648552,174700,5468636,30858.794,19196.297,0,119.933,0,5.997,6813,9986,2.650,1.330,0.690,4,0,59.967,0,0,11,34,0,49,0
17-06 11:12:12,63.435,12.487,23.476,0,0,1625472,649320,174700,5468860,38556.252,27545.603,0,143.852,0,8.991,7076,9880,2.600,1.340,0.690,4,0,140.855,0,0,11,34,0,51,0
17-06 11:12:13,77.213,14.289,8.523,0,0,1571564,703184,174700,5468900,22944.151,12139.412,0,3613.947,0,175.483,5854,5495,2.600,1.340,0.690,3,0,86.237,0,0,11,33,0,53,0
17-06 11:12:14,72.670,9.240,16.981,0,0,1603692,670880,174704,5469068,32495.220,20956.925,0,115.872,0,7.991,5683,6435,2.600,1.340,0.690,3,0,10.988,0,0,11,35,0,54,0
17-06 11:12:15,69.518,13.003,16.754,0,0,1627196,647316,174704,5469132,28829.338,17213.381,0,132.034,0,16.004,5997,7757,2.600,1.340,0.690,3,0,57.015,0,0,11,33,0,54,0
17-06 11:12:16,60.386,12.726,26.450,0.250,0,1557448,717024,174716,5469156,25422.070,12753.954,0,379.285,0,31.940,5089,4648,2.600,1.340,0.690,5,0,137.740,0,0,11,34,0,55,0
17-06 11:12:17,53.642,13.035,32.837,0,0,1588104,686356,174728,5469168,19832.663,9410.990,0,445.182,0,53.141,4853,3600,2.550,1.350,0.700,2,0,120.319,0,0,11,33,0,57,0
17-06 11:12:18,50.422,10.432,37.506,0.248,0,1618828,655440,174728,5469360,23643.281,12399.384,0,1545.949,0,18.877,4801,4942,2.550,1.350,0.700,3,0,95.380,0,0,11,34,0,58,0
17-06 11:12:19,56.476,9.036,34.388,0,0,1544224,729872,174728,5469532,28583.601,17163.815,0,152.612,0,7.028,6531,7818,2.550,1.350,0.700,3,0,43.173,0,0,11,32,0,60,0
17-06 11:12:20,55.218,10.695,32.833,0,0.249,1611560,662464,174736,5469592,19736.382,9451.814,0,210.925,0,14.924,5024,4601,2.550,1.350,0.700,5,0,43.777,0,0,11,33,0,54,0
17-06 11:12:21,42.502,7.545,49.543,0,0,1567044,706816,174736,5469756,26965.740,15830.779,0,181.073,0,10.060,4625,4342,2.550,1.350,0.700,1,0,86.512,0,0,11,34,0,55,0
17-06 11:12:22,36.940,9.485,51.916,0.250,0,1484412,789400,174748,5469792,23238.452,11812.913,0,519.161,0,35.942,6897,14453,2.430,1.350,0.700,2,0,103.832,0,0,11,32,0,58,0
17-06 11:12:23,39.274,10.757,49.280,0,0,1567904,705908,174748,5469792,12591.746,3081.896,0,152.094,0,10.006,3362,1891,2.430,1.350,0.700,1,0,67.041,0,0,11,33,0,58,0
17-06 11:12:24,34.332,4.260,60.395,0,0,1559648,713972,174748,5469980,25291.751,15071.201,0,160.385,0,14.034,4424,5028,2.430,1.350,0.700,1,0,0,0,0,11,33,0,57,0
17-06 11:12:25,37.420,12.473,48.396,0.249,0,1470824,802756,174748,5470016,14712.477,4242.909,0,235.495,0,21.953,4736,3828,2.430,1.350,0.700,2,0,137.705,0,0,11,32,0,58,0
17-06 11:12:26,37.779,4.503,56.793,0,0,1526232,747340,174748,5470024,22187.901,11240.562,0,140.107,0,7.005,3369,2389,2.430,1.350,0.700,2,0,0,0,0,11,34,0,58,0
17-06 11:12:27,35.797,6.509,57.076,0,0,1454000,819528,174764,5470052,21016.840,9024.955,0,448.594,0,35.046,4791,5014,2.390,1.360,0.710,2,0,60.080,0,0,11,32,0,60,0
17-06 11:12:28,42.517,7.503,49.269,0,0,1519312,754216,174764,5470052,12878.095,2120.839,0,144.057,0,8.003,2968,1428,2.390,1.360,0.710,1,0,5.002,0,0,11,32,1,59,0
17-06 11:12:29,31.461,3.995,63.172,0.250,0.250,1524732,748764,174764,5470084,29980.917,18753.804,0,111.862,0,7.990,4892,5721,2.390,1.360,0.710,2,0,0,0,0,11,34,0,59,0
17-06 11:12:30,37.685,8.236,52.660,0,0,1472328,801112,174776,5470120,16199.201,6270.240,0,267.541,0,24.957,4420,3952,2.390,1.360,0.710,2,0,48.916,0,0,11,32,0,61,0
17-06 11:12:31,36.749,4.750,57.749,0.250,0,1570356,702948,174780,5470252,17492.603,6429.854,0,135.997,0,9.000,2816,1549,2.390,1.360,0.710,2,0,0,0,0,11,34,0,61,0
17-06 11:12:32,34.089,3.760,60.909,0.251,0,1558924,714324,174796,5470292,30813.541,19425.776,0,898.348,0,70.183,5814,7751,2.360,1.370,0.720,2,0,0,0,0,11,32,0,55,1
17-06 11:12:33,31.168,17.454,49.868,0,0,1522632,750552,174796,5470356,12213.738,1885.021,0,187.505,0,11.968,4833,3260,2.360,1.370,0.720,2,0,281.257,0,0,11,32,0,56,0
17-06 11:12:34,17.506,2.751,79.028,0,0,1543908,729272,174796,5470360,18812.711,7445.656,0,2516.898,0,117.042,2358,2053,2.360,1.370,0.720,2,0,0,0,0,11,33,0,56,0
17-06 11:12:35,15.256,7.003,76.532,0,0,1486116,787032,174800,5470384,18027.452,6820.819,0,256.106,0,20.008,3962,4120,2.360,1.370,0.720,1,0,97.040,0,0,11,32,0,57,0
17-06 11:12:36,14.487,12.988,70.684,0,0,1497444,775696,174800,5470392,12243.607,1726.394,0,19.981,0,4.995,3678,2440,2.360,1.370,0.720,1,0,186.826,0,0,11,32,0,56,0
17-06 11:12:37,18.748,3.250,77.240,0.500,0,1528728,744404,174800,5470400,17518.711,6705.124,0,347.955,0,18.998,2039,1646,2.250,1.360,0.720,1,0,0,0,0,11,33,0,56,0
17-06 11:12:38,18.797,4.261,75.689,0,0,1473076,800032,174800,5470420,18853.067,7438.570,0,4.010,0,1.003,3563,3673,2.250,1.360,0.720,1,0,41.103,0,0,11,32,0,57,0
17-06 11:12:39,21.450,4.739,72.830,0,0,1476612,796464,174800,5470452,10950.480,861.991,0,103.758,0,7.981,2045,1421,2.250,1.360,0.720,2,0,4.988,0,0,11,32,0,57,0
17-06 11:12:40,16.747,2.750,78.987,0.250,0,1487420,785476,174832,5470600,19126.875,9079.517,0,1915.687,0,107.982,3254,3812,2.250,1.360,0.720,1,0,1.000,0,0,11,33,0,52,0
17-06 11:12:41,18.553,2.758,77.222,0,0,1382948,889920,174832,5470628,19173.049,8007.992,0,96.276,0,12.035,4018,4686,2.250,1.360,0.720,1,0,6.017,0,0,11,32,0,52,0
17-06 11:12:42,9.003,23.759,66.525,0,0,1357336,915384,174832,5470772,9857.674,744.277,0,84.031,0,5.002,5598,3663,2.150,1.350,0.720,1,0,372.139,0,0,11,32,0,52,0
17-06 11:12:43,27.926,18.202,52.611,0.249,0,1407404,865072,174868,5471024,12130.025,1669.599,187.506,259.316,1.995,17.953,4995,3777,2.150,1.350,0.720,3,0,256.324,0,0,11,32,0,54,0
17-06 11:12:44,43.580,6.512,48.339,0.250,0,1501968,768556,175036,5472504,9934.252,1514.783,0,2027.725,0,62.114,3373,2220,2.150,1.350,0.720,2,0,5.009,0,0,11,36,0,51,0
17-06 11:12:45,34.943,6.489,45.426,11.481,0,1476664,787420,175936,5477676,11465.400,1725.201,0,26552.924,0,2431.056,12352,22206,2.150,1.350,0.720,7,0,114.814,0,0,11,36,0,51,0
17-06 11:12:46,35.779,8.257,40.033,13.261,0,1484604,776144,176812,5480052,11468.329,1675.363,0,46413.754,0,3794.086,14916,28921,2.150,1.350,0.720,6,1,51.042,0,0,11,36,0,51,0
17-06 11:12:47,42.410,7.734,45.903,2.245,0,1497036,764496,176952,5479140,11629.320,1562.684,0,12142.232,0,879.134,5742,7388,2.140,1.370,0.730,2,0,6.985,0,0,11,32,0,51,0
17-06 11:12:48,40.818,8.013,46.077,4.007,0,1496848,764496,177040,5479268,11192.606,1568.608,0,8550.213,0,1060.763,7412,10636,2.140,1.370,0.730,3,0,2.003,0,0,11,34,0,47,0
17-06 11:12:49,37.021,8.005,41.524,9.756,0,1518544,742096,177348,5479648,11834.704,1674.949,0,26090.781,0,2695.527,13349,23594,2.140,1.370,0.730,2,0,9.005,0,0,11,32,0,47,0
17-06 11:12:50,23.763,7.504,68.536,0,0,1474820,785800,177352,5479660,12720.771,1782.949,0,544.290,0,30.016,2929,2129,2.140,1.370,0.730,1,0,93.050,0,0,11,32,0,47,0
17-06 11:12:51,22.697,4.490,72.831,0.249,0,1510524,750092,177356,5479660,11382.648,1831.759,0,518.799,0,36.915,2029,1370,2.140,1.370,0.730,1,0,1.995,0,0,11,32,0,47,0
17-06 11:12:52,22.266,3.753,72.303,0.250,0,1474444,786128,177372,5479684,11582.484,1783.306,0,4419.237,0,229.168,2238,1988,2.050,1.360,0.730,2,0,1.001,0,0,11,32,0,46,0
17-06 11:12:53,22.227,3.247,73.674,0,0,1481508,779064,177372,5479684,13360.279,1780.172,0,0,0,0,1956,1278,2.050,1.360,0.730,1,0,1.998,0,0,11,32,0,46,0
17-06 11:12:54,22.021,3.503,73.071,0,0,1434624,825932,177372,5479696,12089.686,1459.411,0,0,0,0,1845,1165,2.050,1.360,0.730,1,0,1.001,0,0,11,32,0,46,0
17-06 11:12:55,21.731,3.996,73.685,0,0,1432840,827716,177372,5479696,12223.136,1780.418,0,0,0,0,1917,1220,2.050,1.360,0.730,1,0,1.998,0,0,11,32,0,46,0
17-06 11:12:56,23.456,2.246,73.362,0,0,1445000,815412,177380,5479772,13605.419,1820.577,0,3.992,0,0.998,1856,1063,2.050,1.360,0.730,1,0,0,0,0,11,32,0,41,0
17-06 11:12:57,22.300,3.758,73.667,0,0,1452724,807688,177380,5479772,12143.457,1731.916,0,0,0,0,1896,1212,1.960,1.350,0.730,1,0,1.002,0,0,11,32,0,41,0
17-06 11:12:58,21.775,4.005,73.333,0,0,1494352,766048,177384,5479776,11529.009,1729.952,0,296.334,0,15.017,1954,1313,1.960,1.350,0.730,1,0,2.002,0,0,11,32,0,41,0
17-06 11:12:59,23.671,2.741,73.006,0.498,0,1378936,881372,177388,5479864,11968.046,1722.250,0,458.469,0,32.890,1868,1304,1.960,1.350,0.730,1,0,0.997,0,0,11,32,0,41,0
17-06 11:13:00,21.550,4.260,73.420,0,0,1431320,828956,177396,5479888,12150.095,1772.098,0,208.482,0,48.111,1921,1292,1.960,1.350,0.730,2,0,2.005,0,0,11,32,0,41,0
17-06 11:13:01,22.256,3.251,73.518,0,0,1470864,789412,177396,5479888,12390.097,1674.419,0,0,0,0,1791,1188,1.960,1.350,0.730,2,0,0,0,0,11,32,0,37,0
17-06 11:13:02,22.490,3.498,73.717,0,0,1500628,759624,177396,5479908,11488.854,1565.299,0,3.998,0,1.000,1793,1092,1.890,1.350,0.730,2,0,1.999,0,0,11,32,0,37,0
17-06 11:13:03,21.744,3.999,73.230,0,0,1469640,790596,177408,5479912,12712.557,1727.532,0,147.960,0,1.999,1908,1300,1.890,1.350,0.730,1,0,1.000,0,0,11,32,0,37,0
17-06 11:13:04,22.257,3.501,73.772,0,0,1459224,800944,177408,5479948,11185.327,1620.482,0,0,0,0,1850,1170,1.890,1.350,0.730,1,0,1.000,0,0,11,32,0,37,0
17-06 11:13:05,22.507,3.251,73.274,0,0,1482480,777688,177408,5479948,11821.923,1674.556,0,144.048,0,2.001,1834,1088,1.890,1.350,0.730,3,0,2.001,0,0,11,32,0,37,0
17-06 11:13:06,18.750,8.000,72.751,0,0,1442576,817440,177416,5480092,12507.196,1674.026,0,124.002,0,29.000,2922,1836,1.890,1.350,0.730,2,0,93.001,0,0,11,32,0,37,0
17-06 11:13:07,8.264,22.289,67.618,0,0,1437216,822772,177416,5480112,11656.355,1731.023,0,528.924,0,6.010,5558,3841,1.810,1.340,0.730,1,0,354.619,0,0,11,32,0,37,0
17-06 11:13:08,8.006,20.516,68.553,0,0,1427344,832600,177420,5480148,11304.792,1513.177,0,620.483,0,17.013,5328,3743,1.810,1.340,0.730,1,1,288.224,0,0,11,32,0,37,0
17-06 11:13:09,8.491,21.726,68.176,0.250,0,1410252,849660,177420,5480176,11978.997,1834.009,0,719.219,0,33.963,5422,3766,1.810,1.340,0.730,1,0,291.683,0,0,11,32,0,31,0
17-06 11:13:10,8.001,20.502,68.757,0,0,1401360,858528,177420,5480196,11529.207,1728.181,0,0,0,0,5275,3600,1.810,1.340,0.730,2,0,306.032,0,0,11,32,0,31,0
17-06 11:13:11,19.268,6.756,73.320,0,0,1414292,845604,177420,5480188,12200.699,1879.803,0,0,0,0,2362,1697,1.810,1.340,0.730,1,0,37.036,0,0,11,32,0,31,0
17-06 11:13:12,22.440,2.743,73.054,0,0,1451576,808320,177420,5480188,10886.797,1723.377,0,15.957,0,0.997,1876,1179,1.750,1.330,0.740,1,0,1.995,0,0,11,32,0,31,0
17-06 11:13:13,22.512,4.002,73.789,0,0,1433436,826464,177420,5480184,11277.939,1836.967,0,76.040,0,2.001,1805,1205,1.750,1.330,0.740,1,0,1.001,0,0,11,32,0,26,0
17-06 11:13:14,21.495,3.749,73.732,0,0,1494856,765044,177420,5480184,12289.007,1835.553,0,11.997,0,2.000,1999,1305,1.750,1.330,0.740,1,0,2.000,0,0,11,32,0,26,0
17-06 11:13:15,21.999,3.750,73.245,0.250,0,1473996,785892,177420,5480196,11629.255,1889.879,0,103.993,0,3.000,1920,1282,1.750,1.330,0.740,1,0,1.000,0,0,11,32,0,26,0
17-06 11:13:16,21.998,3.750,73.744,0,0,1518636,741252,177420,5480196,13329.975,1781.863,0,471.964,0,84.993,1952,1222,1.750,1.330,0.740,1,0,2.000,0,0,11,32,0,26,0
17-06 11:13:17,22.500,3.250,73.500,0,0,1492484,767392,177420,5480208,11517.995,1673.999,0,12.000,0,1.000,1873,1200,1.690,1.330,0.740,1,0,1.000,0,0,11,32,0,19,0
17-06 11:13:18,22.820,4.012,73.475,0,0,1508624,751272,177420,5480184,10786.997,1570.805,0,2591.929,0,93.285,2027,1333,1.690,1.330,0.740,1,0,2.006,0,0,11,32,0,19,0
17-06 11:13:19,22.184,3.240,73.034,0.249,0,1522596,737276,177424,5480208,11661.452,1722.896,0,378.878,0,26.920,1988,1353,1.690,1.330,0.740,1,0,0,0,0,11,32,0,19,0
17-06 11:13:20,21.765,4.253,73.549,0,0,1527772,732112,177424,5480196,13338.948,1675.124,0,4.003,0,1.001,1901,1346,1.690,1.330,0.740,1,0,2.001,0,0,11,32,0,19,0
17-06 11:13:21,21.227,3.996,73.671,0,0,1556248,703636,177424,5480196,13496.550,1780.094,0,11.987,0,0.999,1863,1124,1.690,1.330,0.740,1,0,1.998,0,0,11,32,0,15,0
17-06 11:13:22,27.273,6.506,65.806,0,0,1533296,726588,177424,5480180,11201.566,1621.385,0,124.106,0,28.024,3066,10356,1.630,1.320,0.740,1,0,37.032,0,0,11,32,0,16,0
17-06 11:13:23,21.292,4.008,73.645,0,0,1574624,685260,177424,5480180,12620.876,1731.413,0,0,0,0,2009,1254,1.630,1.320,0.740,2,0,2.004,0,0,11,32,0,16,0
17-06 11:13:24,23.263,2.752,73.791,0,0,1531196,728748,177424,5480120,12056.712,1674.932,0,72.040,0,2.001,1918,1142,1.630,1.320,0.740,2,0,1.001,0,0,11,32,0,16,0
17-06 11:13:25,21.996,3.249,73.987,0,0,1511316,748628,177424,5480120,10936.075,1457.743,0,59.989,0,2.000,1948,1236,1.630,1.320,0.740,1,0,2.000,0,0,11,32,0,11,0
17-06 11:13:26,22.194,3.491,73.814,0,0,1517716,742224,177424,5480120,11637.699,1669.796,0,91.769,0,1.995,1829,1035,1.630,1.320,0.740,1,0,0,0,0,11,32,0,11,0
17-06 11:13:27,23.501,2.750,73.502,0,0,1488404,771456,177424,5480196,12116.277,1728.040,0,120.003,0,27.001,1916,1226,1.580,1.320,0.740,2,0,1.000,0,0,11,32,0,11,0
17-06 11:13:28,21.720,3.745,73.399,0,0,1508948,750920,177424,5480188,11036.769,1659.710,0,75.895,0,3.994,2015,1393,1.580,1.320,0.740,1,1,0.999,0,0,11,32,0,11,0
17-06 11:13:29,22.516,3.252,72.803,0.250,0.250,1504028,755828,177428,5480196,11238.217,1675.225,0,504.369,0,41.030,2155,1630,1.580,1.320,0.740,1,0,2.001,0,0,11,32,0,9,0
17-06 11:13:30,22.735,3.748,73.452,0,0,1476704,783132,177428,5480216,11746.319,1780.835,0,19.987,0,0.999,1971,1196,1.580,1.320,0.740,2,0,1.999,0,0,11,32,0,9,0
17-06 11:13:31,22.777,2.753,73.586,0,0,1474692,785164,177428,5480196,11900.977,1892.222,0,24.028,0,1.001,1916,1196,1.580,1.320,0.740,2,0,0,0,0,11,32,0,9,0
17-06 11:13:32,22.250,3.750,73.249,0,0,1461976,797864,177428,5480212,11991.843,1877.975,0,8.000,0,2.000,1958,1322,1.540,1.310,0.740,2,0,1.000,0,0,11,32,0,9,0
17-06 11:13:33,22.247,3.000,73.490,0,0,1470432,789408,177428,5480212,12312.385,1619.788,0,11.998,0,1.000,1881,1125,1.540,1.310,0.740,2,0,2.000,0,0,11,32,0,5,0
17-06 11:13:34,12.532,17.796,68.677,0,0,1411476,848316,177428,5480260,11788.462,1678.337,0,172.446,0,7.018,4521,2890,1.540,1.310,0.740,3,0,252.653,0,0,11,32,0,5,0
17-06 11:13:35,12.218,16.208,69.819,0,0,1411464,848316,177428,5480272,12623.227,1723.525,0,179.534,0,5.984,4235,2875,1.540,1.310,0.740,1,0,207.461,0,0,11,32,0,5,0
17-06 11:13:36,22.732,3.747,72.692,0,0,1439852,819924,177428,5480280,11823.586,1726.625,0,0,0,0,2024,1347,1.540,1.310,0.740,2,0,0.999,0,0,11,32,0,5,0
17-06 11:13:37,22.525,3.254,73.583,0,0,1450944,808584,177432,5480524,12243.755,1892.126,0,0,0,0,1948,1182,1.490,1.310,0.740,2,0,9.010,0,0,11,32,0,4,0
17-06 11:13:38,22.226,3.246,73.420,0.250,0,1495296,764232,177432,5480524,13117.750,1834.008,0,343.627,0,72.921,1884,1170,1.490,1.310,0.740,2,0,0,0,0,11,32,0,4,0
17-06 11:13:39,16.516,14.014,68.066,0,0,1447184,812164,177436,5480700,13028.666,1729.682,40.039,820.798,2.002,38.037,4103,3196,1.490,1.310,0.740,1,0,229.223,0,0,11,32,0,4,0
17-06 11:13:40,8.237,21.717,68.395,0,0,1423408,835860,177436,5480724,12810.276,1713.362,0,167.742,0,5.991,5791,4080,1.490,1.310,0.740,2,0,379.416,0,0,11,32,0,4,0
17-06 11:13:41,8.758,22.020,67.562,0,0,1424296,834952,177436,5480744,11867.956,1783.647,0,204.188,0,3.003,5660,4003,1.490,1.310,0.740,2,0,368.340,0,0,11,32,0,4,0
17-06 11:13:42,8.264,23.289,67.612,0,0,1407368,851852,177436,5480772,11993.839,1730.863,0,92.152,0,2.003,5815,4173,1.450,1.300,0.740,1,0,398.659,0,0,11,32,0,3,0
17-06 11:13:43,7.755,21.763,68.291,0,0,1394260,864904,177436,5480792,12365.445,1675.008,0,792.477,0,9.005,5520,3693,1.450,1.300,0.740,1,0,348.210,0,0,11,32,0,3,0
17-06 11:13:44,8.257,21.767,68.304,0,0,1386040,873104,177440,5480808,13196.412,1999.578,0,904.714,0,12.009,5691,3938,1.450,1.300,0.740,2,0,363.287,0,0,11,32,0,3,0
17-06 11:13:45,7.752,22.004,67.513,0,0,1381284,877844,177440,5480824,12916.524,1566.306,0,920.180,0,12.002,5587,3809,1.450,1.300,0.740,2,0,357.070,0,0,11,32,0,3,0
17-06 11:13:46,7.737,21.464,69.383,0,0,1382508,876596,177440,5480844,11461.715,1779.007,0,379.362,0,4.992,5407,3654,1.450,1.300,0.740,2,0,317.466,0,0,11,32,0,1,0
17-06 11:13:47,7.760,21.277,69.087,0,0,1380292,878788,177440,5480868,11488.497,1567.979,0,140.177,0,5.006,5298,3514,1.420,1.300,0.750,2,0,306.387,0,0,11,32,0,1,0
17-06 11:13:48,7.256,21.268,68.808,0,0,1369172,889884,177440,5480892,11723.910,1567.325,0,228.193,0,6.005,5296,3527,1.420,1.300,0.750,1,0,305.258,0,0,11,32,0,1,0
17-06 11:13:49,8.489,20.973,68.163,0,0,1381612,877428,177440,5480912,11439.354,1779.721,0,443.432,0,46.940,5431,3781,1.420,1.300,0.750,1,0,342.561,0,0,11,32,0,1,0
17-06 11:13:50,8.242,22.229,67.687,0,0.250,1377672,881348,177440,5480932,11643.184,1564.547,0,47.955,0,9.991,5563,3834,1.420,1.300,0.750,1,0,348.676,0,0,11,32,0,1,0
17-06 11:13:51,13.967,23.195,61.605,0,0,1318160,940804,177464,5480972,11924.837,1723.929,0,454.926,0,21.948,6473,5288,1.420,1.300,0.750,3,0,525.758,0,0,11,32,0,3,0
17-06 11:13:52,50.470,22.598,26.114,0.251,0,1472372,786404,177516,5481072,11642.684,1627.083,0,964.197,0,60.262,5960,5053,1.700,1.360,0.770,3,0,483.103,0,0,11,32,0,7,0
17-06 11:13:53,59.679,12.485,24.221,2.497,0,1627116,627964,177740,5484300,10919.049,1618.081,371.559,5681.261,2.996,455.460,5656,5764,1.700,1.360,0.770,6,1,27.967,0,0,11,34,0,7,0
17-06 11:13:54,43.242,10.498,30.494,13.997,0,1603264,640856,178676,5493268,12367.715,1673.691,0,55829.684,0,3914.277,16798,31699,1.700,1.360,0.770,5,1,144.973,0,0,11,36,0,8,0
17-06 11:13:55,40.517,11.505,32.264,13.506,0,1659288,574696,179264,5502448,11038.623,1782.747,0,73042.590,0,5234.192,18810,36782,1.700,1.360,0.770,5,0,81.034,0,0,11,36,0,8,0
17-06 11:13:56,34.170,9.478,37.662,14.466,0,1666284,558972,179556,5510580,21510.515,10137.208,0,82207.060,0,6081.726,21691,42142,1.700,1.360,0.770,4,1,50.881,0,0,11,37,0,8,0
17-06 11:13:57,44.880,15.545,26.076,11.784,0,1611716,605348,179884,5518144,13371.865,2773.060,0,54570.610,0,4107.940,17842,31601,1.970,1.420,0.790,7,0,185.539,0,0,11,34,0,9,0
17-06 11:13:58,38.519,22.761,28.764,8.254,0,1639572,570456,180216,5524960,17517.712,6763.364,296.147,42709.240,4.002,3268.626,17388,31720,1.970,1.420,0.790,5,0,297.148,0,0,11,35,0,9,0
17-06 11:13:59,39.232,19.491,28.737,9.496,0,1654404,551204,180528,5528480,19271.376,8987.978,1599.284,65111.862,26.988,4755.872,19572,38097,1.970,1.420,0.790,2,0,231.896,0,0,11,35,0,9,0
17-06 11:14:00,28.258,9.003,50.264,10.003,0.250,1603356,597556,180724,5532824,20730.958,9147.629,0,43792.587,0,3584.030,16848,30890,1.970,1.420,0.790,4,0,85.024,0,0,11,34,0,9,0
17-06 11:14:01,38.138,8.475,39.384,10.718,0,1650788,550364,180860,5532424,11477.193,1764.802,0,58232.470,0,4587.487,18383,33732,1.970,1.420,0.790,2,0,23.930,0,0,11,34,0,9,0
17-06 11:14:02,31.339,8.274,47.134,11.533,0,1657440,542252,181056,5533644,20825.277,10067.657,0,53484.238,0,4760.550,18859,36803,1.890,1.410,0.790,2,1,45.128,0,0,11,35,0,9,0
17-06 11:14:03,34.757,6.251,48.009,8.001,0,1644940,552768,181200,5535448,24658.619,13608.549,0,43968.236,0,3578.670,16681,31306,1.890,1.410,0.790,2,0,33.006,0,0,11,34,0,10,0
17-06 11:14:04,37.153,10.473,40.146,9.974,0,1559300,635804,181252,5537936,12379.837,1831.242,0,38583.758,0,3613.612,15759,29260,1.890,1.410,0.790,3,1,133.653,0,0,11,36,0,10,0
17-06 11:14:05,31.312,9.519,46.342,10.771,0,1609800,581520,181340,5541520,15150.198,6478.914,0,62921.420,0,4816.601,16021,33438,1.890,1.410,0.790,0,1,54.108,0,0,11,37,0,10,0
17-06 11:14:06,29.973,8.243,46.708,11.989,0,1600724,587116,181452,5544796,21695.624,8680.248,0,57244.876,0,4931.596,20043,39232,1.890,1.410,0.790,1,0,86.922,0,0,11,37,0,10,0
17-06 11:14:07,32.451,7.738,45.431,11.732,0,1509280,676228,181524,5546960,21144.089,9115.243,0,50515.760,0,4404.353,18535,35869,1.900,1.420,0.800,3,0,72.890,0,0,11,36,0,10,0
17-06 11:14:08,36.328,10.272,40.337,10.773,0,1577080,610944,181580,5544372,12997.905,1677.602,0,48632.408,0,4101.806,16091,31133,1.900,1.420,0.800,3,1,44.095,0,0,11,36,0,10,0
17-06 11:14:09,31.740,7.748,45.986,10.997,0,1595188,593008,181604,5544192,18294.325,8396.395,0,50692.275,0,4102.727,16802,31124,1.900,1.420,0.800,2,1,23.993,0,0,11,37,0,10,0
17-06 11:14:10,37.746,6.749,49.744,4.749,0,1463236,724708,181616,5544428,22259.474,12062.631,0,24321.240,0,1890.785,11527,18799,1.900,1.420,0.800,3,0,35.996,0,0,11,33,0,11,0
17-06 11:14:11,21.511,14.257,62.283,0,0,1436736,751152,181616,5544484,15369.057,4462.339,0,4.002,0,1.001,4612,3731,1.900,1.420,0.800,1,0,250.131,0,0,11,32,0,12,0
17-06 11:14:12,19.212,2.745,77.347,0,0,1436972,750912,181616,5544488,14182.037,4017.080,0,103.795,0,6.986,1882,1345,1.830,1.410,0.800,1,0,0,0,0,11,33,0,12,0
17-06 11:14:13,19.990,2.249,75.711,0.750,0,1436708,750912,181616,5544752,19261.137,8042.881,0,3642.135,0,215.889,3607,4229,1.830,1.410,0.800,1,0,0,0,0,11,32,0,13,0
17-06 11:14:14,20.245,5.998,72.732,0,0,1440852,746768,181616,5544752,11918.970,1673.575,0,43.989,0,4.999,2285,1494,1.830,1.410,0.800,1,0,33.991,0,0,11,32,0,13,0
17-06 11:14:15,15.753,2.250,81.017,0,0,1459288,728324,181616,5544756,17950.738,7665.596,0,4.001,0,1.000,1930,1577,1.830,1.410,0.800,1,0,0,0,0,11,33,0,13,0
17-06 11:14:16,19.226,6.742,72.160,0.250,0,1429364,758156,181616,5544848,13170.646,2444.964,0,259.678,0,21.973,3130,2608,1.830,1.410,0.800,1,0,59.926,0,0,11,32,0,14,0
17-06 11:14:17,19.032,2.755,77.131,0,0,1473168,714348,181616,5544852,17994.548,7036.946,0,0,0,0,2112,1667,1.760,1.410,0.800,1,0,0,0,0,11,33,0,14,0
17-06 11:14:18,19.992,3.998,73.971,0.750,0,1440184,747172,181616,5545012,17019.217,6955.228,0,7205.128,0,365.854,4400,5502,1.760,1.410,0.800,1,0,15.994,0,0,11,32,0,15,0
17-06 11:14:19,20.177,5.231,72.489,0.249,0,1494976,692380,181616,5545012,12909.583,1721.809,0,868.876,0,49.821,2283,1630,1.760,1.410,0.800,1,0,26.903,0,0,11,32,0,15,0
17-06 11:14:20,18.606,2.766,78.445,0,0,1501400,685940,181616,5545028,20564.722,8680.268,0,832.726,0,66.377,2885,2957,1.760,1.410,0.800,1,0,1.006,0,0,11,33,0,15,0
17-06 11:14:21,13.750,9.750,74.749,0.500,0,1457256,730032,181616,5545080,17359.840,5636.948,0,647.994,0,26.000,4358,4134,1.760,1.410,0.800,1,0,152.999,0,0,11,32,0,16,0
17-06 11:14:22,12.264,26.530,59.317,0,0,1446732,740428,181616,5545204,13329.046,1784.014,0,208.235,0,13.015,6748,9737,1.780,1.420,0.810,2,0,509.575,0,0,11,34,0,16,0
17-06 11:14:23,57.118,15.464,26.190,0.249,0.249,1498652,688280,181636,5545416,13472.950,1777.903,0,941.829,0,61.857,5175,3490,1.780,1.420,0.810,4,0,173.600,0,0,11,32,0,22,0
17-06 11:14:24,65.818,10.010,24.025,0.250,0,1679824,504824,181716,5547464,12903.266,1675.723,0,1717.766,0,80.082,4135,1746,1.780,1.420,0.810,4,0,0,0,0,11,32,0,22,0
17-06 11:14:25,66.780,8.254,23.761,0,0,1777592,403072,181848,5550928,12363.489,1674.744,0,10808.799,0,217.096,4335,1939,1.780,1.420,0.810,5,0,6.003,0,0,11,32,0,22,0
17-06 11:14:26,35.720,8.743,40.716,11.241,0,1790388,379384,181996,5561188,12798.285,1618.645,0,59214.423,0,4326.378,19079,35153,1.780,1.420,0.810,3,1,176.852,0,0,11,38,0,22,0
17-06 11:14:27,25.986,9.745,45.976,14.992,0,1790356,368296,182124,5571804,12645.280,1835.025,0,90264.034,0,6408.594,24173,48142,1.880,1.440,0.820,2,1,227.879,0,0,11,38,0,22,0
17-06 11:14:28,26.203,8.734,45.169,15.223,0,1790696,360008,182172,5579364,11874.730,1551.222,0,90545.817,0,6693.012,23286,46130,1.880,1.440,0.820,5,0,137.753,0,0,11,38,0,22,0
17-06 11:14:29,39.660,12.049,31.125,14.810,0,1696504,443420,182256,5589728,12285.458,1734.985,0,83178.857,0,5765.209,21635,42177,1.880,1.440,0.820,2,1,231.934,0,0,11,36,0,22,0
17-06 11:14:30,41.999,9.500,32.749,13.250,0,1761488,367624,182304,5600100,11531.641,1619.950,0,62346.060,0,4645.855,18136,33504,1.880,1.440,0.820,1,2,46.999,0,0,11,36,0,22,0
17-06 11:14:31,38.748,10.750,34.999,13.749,0,1812216,309160,182332,5607532,12848.483,1835.926,0,99511.993,0,6599.734,20951,42610,1.880,1.440,0.820,6,2,43.998,0,0,11,38,0,22,0
17-06 11:14:32,35.157,9.475,39.395,13.215,0.249,1735812,382588,182344,5610412,11740.794,1615.706,0,61919.424,0,4899.976,19412,36126,2.050,1.490,0.840,1,3,152.594,0,0,11,36,0,22,0
17-06 11:14:33,33.279,14.012,46.290,4.254,0,1456488,661172,182352,5611128,11968.380,1243.078,0,19961.312,0,1531.328,8802,13281,2.050,1.490,0.840,3,0,249.216,0,0,11,32,0,22,0
17-06 11:14:34,21.468,5.492,71.392,0.749,0,1454732,662928,182352,5611128,12137.709,1833.237,0,7596.552,0,444.330,3096,3476,2.050,1.490,0.840,2,0,24.962,0,0,11,32,0,22,0
17-06 11:14:35,22.229,3.247,72.931,0.250,0,1512164,605492,182352,5611128,11940.696,1618.468,0,1023.031,0,56.946,2027,1610,2.050,1.490,0.840,3,0,1.998,0,0,11,32,0,22,0
17-06 11:14:36,25.032,1.502,71.593,1.001,0,1530624,587024,182352,5611136,14021.169,1730.242,0,3949.117,0,243.315,2841,2849,2.050,1.490,0.840,1,0,0,0,0,11,38,0,22,0
17-06 11:14:37,20.503,5.751,72.761,0,0,1459752,657896,182352,5611136,12351.915,1890.293,0,40.006,0,4.001,2304,1452,2.040,1.490,0.850,1,0,28.004,0,0,11,32,0,22,0
17-06 11:14:38,21.739,3.998,73.462,0,0,1492156,625492,182352,5611136,12705.371,1877.021,0,3.998,0,0.999,1855,1176,2.040,1.490,0.850,1,0,0,0,0,11,32,0,22,0
17-06 11:14:39,24.771,1.752,72.563,0,0,1449404,668224,182352,5611152,11648.080,1675.450,0,344.298,0,21.018,2115,1553,2.040,1.490,0.850,2,1,5.004,0,0,11,32,0,22,0
17-06 11:14:40,11.526,38.337,49.111,0,0,1445704,671856,182352,5611220,12442.170,1786.044,0,521.180,0,51.116,7055,5882,2.040,1.490,0.850,6,1,789.788,0,0,11,32,0,22,0
17-06 11:14:41,9.223,29.912,58.577,0,0,1446264,671248,182352,5611260,12811.193,1830.598,0,175.482,0,21.935,6472,5039,2.040,1.490,0.850,1,0,619.173,0,0,11,32,0,22,0
17-06 11:14:42,8.015,23.042,67.123,0,0,1435916,681532,182352,5611324,12242.420,1731.170,0,28.051,0,7.013,5584,3679,2.040,1.500,0.850,2,0,371.681,0,0,11,32,0,22,0
17-06 11:14:43,7.750,21.251,70.002,0,0,1417956,699448,182352,5611356,12476.406,1782.058,0,4.000,0,1.000,5336,3708,2.040,1.500,0.850,1,0,306.010,0,0,11,32,0,22,0
17-06 11:14:44,9.722,21.190,67.558,0,0,1393840,723548,182352,5611380,11337.756,1561.559,0,71.796,0,9.972,5327,3578,2.040,1.500,0.850,1,0,279.206,0,0,11,32,0,22,0
17-06 11:14:45,15.816,20.084,62.762,0,0,1416776,700588,182352,5611740,12582.466,1897.914,0,12.050,0,3.013,6449,7245,2.040,1.500,0.850,6,0,245.022,0,0,11,32,0,22,0
17-06 11:14:46,36.488,13.496,49.234,0.500,0,1487836,629384,182360,5611964,11367.407,1565.505,0,2147.321,0,210.933,4131,2810,2.040,1.500,0.850,2,0,130.959,0,0,11,33,0,22,0
17-06 11:14:47,44.101,5.698,48.312,0,0,1565944,551264,182360,5611976,12360.044,1819.519,0,0,0,0,2776,1279,2.040,1.510,0.860,2,0,0,0,0,11,33,0,22,0
17-06 11:14:48,48.568,6.794,44.793,0,0,1629640,486780,182404,5612628,10706.001,1521.951,0,736.818,0,70.461,4018,3022,2.040,1.510,0.860,2,1,19.125,0,0,11,49,0,22,0
17-06 11:14:49,28.527,14.263,55.802,0,0.250,1665316,447272,182432,5616052,11640.933,1891.777,0,1317.237,0,92.086,7297,10647,2.040,1.510,0.860,3,0,138.130,0,0,11,48,0,23,0
17-06 11:14:50,11.481,19.717,66.138,0.250,0,1671700,440784,182436,5616072,11005.425,1659.200,0,219.629,0,17.970,5876,5636,2.040,1.510,0.860,4,0,264.553,0,0,11,48,0,23,0
17-06 11:14:51,10.002,7.751,80.763,0,0,1672936,439576,182436,5616080,12101.014,1782.297,0,880.146,0,91.015,3239,3994,2.040,1.510,0.860,1,1,90.015,0,0,11,48,0,23,0
17-06 11:14:52,1.000,0.750,97.733,0,0,1672936,439576,182436,5616080,11627.953,1889.667,0,879.845,0,10.998,953,1143,1.870,1.490,0.850,0,0,2.999,0,0,11,48,0,23,0
17-06 11:14:53,0.251,0.501,98.214,0,0,1672936,439576,182436,5616080,11739.624,1569.426,0,0,0,0,863,988,1.870,1.490,0.850,0,0,3.007,0,0,11,48,0,23,0
17-06 11:14:54,0.499,0.748,98.276,0,0,1672936,439576,182436,5616080,11787.128,1831.824,0,0,0,0,807,931,1.870,1.490,0.850,0,0,0.998,0,0,11,48,0,23,0
17-06 11:14:55,3.003,4.755,90.842,0,0,1663512,448876,182436,5616192,11727.915,1513.538,0,0,0,0,1973,1855,1.870,1.490,0.850,2,0,55.056,0,0,11,48,0,16,0
17-06 11:14:56,21.296,19.543,58.127,0,0.251,1676560,435808,182436,5616220,12462.209,1677.663,0,1827.991,0,15.033,6344,8382,1.870,1.490,0.850,2,0,270.591,0,0,11,48,0,16,0
17-06 11:14:57,8.978,16.708,72.071,0,0,1689928,422420,182436,5616240,12201.613,1873.335,0,3.990,0,0.998,5003,4167,1.800,1.480,0.850,1,0,276.312,0,0,12,48,0,16,0
17-06 11:14:58,27.198,17.466,54.146,0,0,1679996,432284,182436,5616716,11611.651,1908.327,0,439.155,0,29.942,5874,7949,1.800,1.480,0.850,1,0,265.489,0,0,12,64,0,16,0
17-06 11:14:59,8.239,10.237,79.398,0.250,0,1679524,432784,182436,5616288,13001.304,1725.784,0,335.569,0,22.971,3636,3790,1.800,1.480,0.850,2,0,186.760,0,0,12,64,0,15,0
17-06 11:15:00,10.557,16.590,72.391,0.503,0,1673448,438844,182436,5616664,12203.890,1669.011,0,398.150,0,27.147,5111,5165,1.800,1.480,0.850,1,0,204.102,0,0,14,64,0,15,0
17-06 11:15:01,15.458,14.959,67.317,0,0,1671916,440332,182436,5616336,12401.319,1669.466,0,414.873,0,5.984,5437,6132,1.800,1.480,0.850,1,0,200.456,0,0,14,66,0,15,0
17-06 11:15:02,8.005,19.762,69.792,0,0,1677064,435152,182436,5616360,13023.855,1771.068,0,20.012,0,5.003,5169,3407,1.660,1.450,0.850,2,0,268.162,0,0,14,66,0,15,0
17-06 11:15:03,8.982,21.458,67.367,0,0,1664188,447876,182436,5616512,12656.989,1766.509,0,23.953,0,5.988,5388,3528,1.660,1.450,0.850,1,0,273.460,0,0,14,66,0,15,0
17-06 11:15:04,18.753,16.002,64.010,0,0,1673344,438680,182436,5616520,12681.886,1782.265,0,28.004,0,5.001,5606,6602,1.660,1.450,0.850,7,0,181.027,0,0,14,66,0,15,0
17-06 11:15:05,25.560,26.312,46.610,0,0,1743168,368824,182444,5616568,12471.435,1732.088,0,120.284,0,5.012,6104,4457,1.660,1.450,0.850,3,0,389.920,0,0,14,66,0,15,0
17-06 11:15:06,28.782,25.779,45.050,0,0,1790536,321296,182484,5616648,12352.698,1729.918,0,468.520,0,5.006,6493,4862,1.660,1.450,0.850,3,0,512.568,0,0,14,66,0,15,0
17-06 11:15:07,29.239,25.241,43.484,0,0,1875140,235208,182524,5618040,11689.741,1781.351,0,59.978,0,11.996,7238,7945,1.850,1.500,0.870,2,0,443.838,0,0,14,70,0,17,0
17-06 11:15:08,34.995,23.826,40.455,0,0,1949692,160620,182528,5618412,11136.815,1751.234,3.971,23.826,0.993,5.957,6209,6664,1.850,1.500,0.870,4,0,292.865,0,0,14,70,0,16,0
17-06 11:15:09,58.780,24.218,16.398,0,0,2013232,116012,177252,5605004,12135.369,1751.788,52.473,8.073,6.055,2.018,5544,4586,1.850,1.500,0.870,5,0,377.401,0,0,14,70,1,16,0
17-06 11:15:10,57.255,23.002,19.252,0,0,2087776,153352,172476,5500584,11692.952,1910.155,188.015,780.063,2.000,12.001,5929,6362,1.850,1.500,0.870,5,0,319.026,0,0,14,70,1,16,0
17-06 11:15:11,66.349,26.191,6.735,0.249,0.249,2190464,148164,167704,5409548,11413.085,1690.162,506.849,1416.783,25.941,55.873,5332,6644,1.850,1.500,0.870,5,0,430.024,0,0,14,70,1,16,0
17-06 11:15:12,71.914,23.888,3.235,0.498,0,2321980,164772,168248,5264744,11581.909,1793.623,720.634,15766.366,77.637,821.165,7773,9785,2.180,1.570,0.890,5,0,343.396,0,0,14,74,1,14,0
17-06 11:15:13,65.066,24.871,6.532,3.015,0,2466912,137984,168180,5148920,11771.083,1647.992,301.462,22280.045,10.049,1262.121,11111,17005,2.180,1.570,0.890,6,1,272.321,0,0,14,74,1,14,0
17-06 11:15:14,65.376,25.048,7.014,1.503,0,2565364,185504,168236,5007080,11718.560,1805.476,877.690,21669.717,30.058,1783.433,13700,23953,2.180,1.570,0.890,4,0,391.754,0,0,14,76,1,14,0
17-06 11:15:15,69.193,22.152,7.467,0.249,0,2631960,189584,168300,4937200,11425.266,1505.316,226.992,1493.369,6.969,70.686,9552,17610,2.180,1.570,0.890,5,0,195.134,0,0,14,82,1,23,0
17-06 11:15:16,60.271,26.118,13.310,0,0,2711096,178848,168308,4870052,12561.526,1810.146,20.090,1522.853,5.023,70.316,8243,10803,2.180,1.570,0.890,3,0,482.170,0,0,14,89,1,26,0
17-06 11:15:17,31.421,26.434,40.897,0.249,0,2762928,190616,168308,4808020,12562.484,1777.541,0,7441.332,0,481.791,7601,7472,2.160,1.580,0.900,6,0,404.984,0,0,14,89,1,27,0
17-06 11:15:18,49.244,17.498,32.746,0.250,0,2836416,120392,168316,4804968,11948.642,1763.799,2307.738,2871.674,23.997,22.997,5510,7318,2.160,1.580,0.900,4,1,221.975,0,0,14,91,1,27,0
17-06 11:15:19,49.963,9.493,38.721,0,0,2971836,124272,168320,4669064,13086.194,1552.836,803.398,495.629,9.993,18.986,4412,6153,2.160,1.580,0.900,2,0,8.993,0,0,14,94,1,30,0
17-06 11:15:20,19.528,16.023,62.338,0.501,0,3004220,160564,168336,4602044,12069.077,1912.706,8.011,3793.367,2.003,215.305,5613,5251,2.160,1.580,0.900,4,0,216.306,0,0,14,97,1,30,0
17-06 11:15:21,7.755,19.263,70.046,0.250,0,3005884,158876,168336,4602068,12499.222,1783.173,4.003,808.532,1.001,51.034,5006,3425,2.160,1.580,0.900,1,0,233.153,0,0,14,97,1,30,0
17-06 11:15:22,7.505,20.763,69.293,0.250,0,3023996,140740,168336,4602264,12079.416,1620.995,24.015,104.064,2.001,10.006,5087,3540,2.150,1.590,0.910,2,0,269.165,0,0,14,97,1,30,0
17-06 11:15:23,11.493,22.737,64.463,0,0,3005948,158720,168336,4602144,10911.789,1673.048,3.998,0,0.999,0,6024,16307,2.150,1.590,0.910,1,0,308.824,0,0,14,97,1,31,0
17-06 11:15:24,21.439,4.487,72.544,0,0,3071100,159944,168340,4536860,11279.965,1830.801,3.989,55.841,0.997,0.997,1969,1268,2.150,1.590,0.910,1,0,0.997,0,0,14,97,1,23,0
17-06 11:15:25,18.043,3.759,76.933,0.251,0,3089400,141600,168340,4536888,18010.922,8218.586,8.019,168.401,2.005,17.041,2461,2325,2.150,1.590,0.910,1,0,1.002,0,0,14,103,1,23,0
17-06 11:15:26,22.736,5.247,70.707,0.250,0,3072424,158552,168344,4536908,29332.278,18771.658,0,2546.461,0,303.816,2882,2191,2.150,1.590,0.910,1,0,64.961,0,0,14,105,1,24,0
17-06 11:15:27,22.722,4.744,71.412,0,0,3140240,158604,168344,4470864,12279.942,2499.935,3.995,159.804,0.999,19.976,2100,1407,2.060,1.580,0.910,0,0,0.999,0,0,14,108,1,24,0
17-06 11:15:28,17.750,2.500,78.001,0.250,0,3140552,158304,168356,4470880,18670.357,7799.149,28.001,312.006,4.000,33.001,2734,2963,2.060,1.580,0.910,1,0,1.000,0,0,14,112,1,24,0
17-06 11:15:29,35.981,8.246,53.222,1.249,0,3199084,166032,168364,4406636,11411.934,1585.157,247.868,1643.127,17.990,202.892,5681,7721,2.060,1.580,0.910,1,0,4.997,0,0,14,115,1,24,0
17-06 11:15:30,26.580,9.779,60.932,1.003,0,3140572,224380,168364,4406800,13264.706,2867.584,48.144,1356.059,3.009,145.435,5736,6376,2.060,1.580,0.910,2,0,112.336,0,0,14,122,1,26,0
17-06 11:15:31,22.854,3.975,71.791,0,0,3197428,167520,168364,4406804,12445.491,1609.716,0,914.160,0,61.606,2326,2071,2.060,1.580,0.910,2,0,5.962,0,0,14,122,1,26,0
17-06 11:15:32,18.885,3.273,77.806,0.252,0,3211748,153156,168364,4406848,18727.791,9340.730,32.230,378.705,2.014,25.180,2444,2145,1.970,1.570,0.910,2,0,0,0,0,14,123,1,26,0
17-06 11:15:33,23.919,4.734,68.269,0.747,0,3235072,129760,168368,4406916,14788.909,3699.470,11.959,1299.598,0.997,139.527,4694,6350,1.970,1.570,0.910,2,0,2.990,0,0,14,122,1,27,0
17-06 11:15:34,39.616,13.205,46.343,0.249,0,3294544,135912,168368,4342952,11879.770,1722.168,0,960.747,0,64.781,3833,2507,1.970,1.570,0.910,3,0,95.676,0,0,14,122,1,27,0
17-06 11:15:35,36.264,5.502,57.522,0,0,3316184,178680,168368,4280108,18815.145,8172.103,0,420.160,0,24.009,2730,1531,1.970,1.570,0.910,1,0,0,0,0,14,124,1,27,0
17-06 11:15:36,19.064,6.773,72.997,0.251,0,3272968,221860,168368,4280144,30204.122,18900.905,8.027,2050.934,2.007,125.424,2944,2299,1.970,1.570,0.910,2,0,55.187,0,0,14,122,1,28,0
17-06 11:15:37,19.729,2.747,76.667,0.250,0,3320536,174288,168368,4280148,14887.962,3934.761,0,5314.275,0,504.457,2131,1441,1.900,1.560,0.910,1,0,0,0,0,14,123,1,28,0
17-06 11:15:38,19.510,5.253,73.538,0,0,3307884,186920,168368,4280168,33470.521,22808.940,0,8.004,0,2.001,2655,1781,1.900,1.560,0.910,2,0,51.027,0,0,14,122,1,29,0
17-06 11:15:39,33.500,6.250,59.250,0,0,3372364,122156,168368,4280452,12016.088,1512.011,12.000,272.002,3.000,22.000,4420,5310,1.900,1.560,0.910,1,0,8.000,0,0,14,124,1,30,0
17-06 11:15:40,16.038,3.508,78.186,0.752,0,3356168,138280,168368,4280524,19258.925,9292.158,0,833.989,0,99.237,3217,3819,1.900,1.560,0.910,1,0,1.002,0,0,14,125,1,30,0
17-06 11:15:41,19.208,7.484,71.095,0.748,0,3282512,211924,168368,4280536,13591.292,1879.891,0,3256.881,0,188.588,3377,3018,1.900,1.560,0.910,1,0,81.821,0,0,14,124,1,31,0
17-06 11:15:42,19.486,2.998,77.444,0,0,3334420,160012,168368,4280540,19000.185,7651.436,0,259.811,0,11.991,1990,1359,1.820,1.550,0.910,2,0,0,0,0,14,125,1,31,0
17-06 11:15:43,18.808,7.774,71.470,0.251,0,3358832,135532,168368,4280608,30219.917,19276.268,48.148,1043.208,3.009,64.197,2995,2199,1.820,1.550,0.910,1,0,61.188,0,0,14,124,1,32,0
17-06 11:15:44,19.447,3.241,76.291,0,0,3403788,150800,168380,4221464,14907.188,3994.065,19.945,175.519,4.986,15.956,1966,1350,1.820,1.550,0.910,1,0,0,0,0,14,125,1,32,0
17-06 11:15:45,22.506,4.501,70.520,1.500,0,3389276,164972,168384,4221800,17151.928,6244.794,36.010,3256.936,2.001,246.071,5373,7798,1.820,1.550,0.910,2,0,1.000,0,0,14,126,1,32,0
17-06 11:15:46,24.546,3.507,69.632,0.751,0,3347556,206588,168384,4221904,13414.340,3190.026,48.091,989.870,3.006,105.199,4575,5831,1.820,1.550,0.910,1,0,10.019,0,0,14,125,1,34,0
17-06 11:15:47,20.716,5.740,72.630,0,0,3408716,145424,168384,4221908,11137.556,1725.143,0,1122.142,0,52.912,2464,1840,1.760,1.540,0.910,1,0,42.929,0,0,14,125,1,34,0
17-06 11:15:48,15.500,2.250,80.748,0.250,0,3414940,139184,168384,4221924,22065.540,11488.760,0,1683.965,0,29.999,2179,1788,1.760,1.540,0.910,1,0,0,0,0,14,126,1,34,0
17-06 11:15:49,25.490,4.248,68.222,1.000,0,3409812,144240,168384,4221996,12479.878,1878.229,11.995,3834.426,1.000,286.882,5409,7622,1.760,1.540,0.910,2,0,1.000,0,0,14,128,1,34,0
17-06 11:15:50,36.772,6.254,55.284,0.500,0,3408024,145792,168384,4222232,12887.814,2757.672,0,1008.612,0,119.072,7852,11595,1.760,1.540,0.910,2,0,2.001,0,0,14,129,1,35,0
17-06 11:15:51,19.810,7.773,71.215,0.251,0,3350812,202976,168392,4222252,12613.072,1462.414,4.012,365.102,1.003,22.067,2736,2038,1.760,1.540,0.910,2,0,77.233,0,0,14,129,1,35,0
17-06 11:15:52,15.694,1.993,80.963,0.249,0,3374432,179348,168392,4222260,19944.252,10027.430,0,354.742,0,16.940,2040,1659,1.620,1.510,0.910,0,0,0,0,0,14,130,1,35,0
17-06 11:15:53,16.755,11.503,69.019,0.750,0,3356156,197564,168392,4222320,14355.977,2907.806,16.004,996.276,1.000,121.034,4735,4982,1.620,1.510,0.910,1,0,147.041,0,0,14,129,1,35,0
17-06 11:15:54,22.493,3.499,71.979,0.750,0,3413264,140452,168396,4222320,11090.724,1781.474,0,4982.528,0,278.918,2445,2502,1.620,1.510,0.910,1,0,0,0,0,14,129,1,35,0
17-06 11:15:55,14.250,2.000,82.502,0,0,3406716,146988,168396,4222332,24403.615,13162.332,0,300.008,0,15.000,2216,1834,1.620,1.510,0.910,2,0,0,0,0,14,130,1,35,0
17-06 11:15:56,28.004,6.001,63.259,1.000,0,3403776,149836,168400,4222420,11376.578,1620.225,0,1404.195,0,149.021,7601,11131,1.620,1.510,0.910,1,0,0,0,0,14,130,1,35,0
17-06 11:15:57,36.744,7.999,53.742,0.250,0,3399376,153504,168416,4223104,13481.904,3303.486,419.935,1403.782,68.989,133.979,11662,16440,1.570,1.500,0.910,3,0,4.999,0,0,14,133,1,36,0
17-06 11:15:58,38.505,16.002,42.756,0.250,0,3311228,241392,168416,4223348,12735.698,2014.269,0,4380.584,0,435.058,9496,12159,1.570,1.500,0.910,1,0,286.038,0,0,14,133,1,36,0
17-06 11:15:59,21.247,3.500,73.990,0.250,0,3381784,170832,168416,4223352,12608.299,3309.554,0,483.935,0,26.996,1979,1408,1.570,1.500,0.910,0,0,0,0,0,14,134,1,36,0
17-06 11:16:00,18.265,6.255,74.561,0.500,0,3360816,191788,168416,4223364,19269.717,7885.432,0,540.441,0,37.030,3301,2975,1.570,1.500,0.910,1,0,81.066,0,0,14,133,1,37,0
17-06 11:16:01,9.021,20.048,68.914,0.251,0,3348768,203800,168416,4223400,12206.088,1714.085,0,3179.577,0,174.416,5784,4748,1.570,1.500,0.910,1,0,297.709,0,0,14,133,1,37,0
17-06 11:16:02,8.726,21.192,67.068,0,0,3330192,222336,168420,4223420,12262.651,1723.313,0,243.338,0,20.943,5326,3502,1.520,1.490,0.910,2,0,248.325,0,0,14,133,1,37,0
17-06 11:16:03,22.025,16.769,60.318,0,0.250,3325488,227036,168420,4223428,12127.730,1784.020,0,136.154,0,8.009,6025,7244,1.520,1.490,0.910,3,0,193.219,0,0,14,133,1,37,0
17-06 11:16:04,29.214,23.970,45.694,0,0,3376932,175544,168420,4223476,12818.167,1849.715,0,207.743,0,15.980,6029,4401,1.520,1.490,0.910,2,0,332.589,0,0,14,133,1,37,0
17-06 11:16:05,29.049,22.538,46.329,0.250,0,3406404,145700,168432,4223792,11497.551,1893.219,48.082,396.675,3.005,30.051,6387,5560,1.520,1.490,0.910,3,0,340.579,0,0,14,139,1,37,0
17-06 11:16:06,25.699,17.964,55.140,0,0,3436584,157744,168440,4182372,12647.807,1724.565,0,223.555,0,11.976,7798,13800,1.520,1.490,0.910,6,0,179.642,0,0,16,139,1,37,0
17-06 11:16:07,52.485,27.992,18.245,0,0,3583088,155976,168440,4040204,11272.712,1727.496,119.965,343.900,9.997,29.991,7492,7796,1.640,1.520,0.920,5,0,608.822,0,0,16,145,1,37,0
17-06 11:16:08,58.918,24.069,16.798,0,0,3694920,140436,168440,3945112,11727.393,1877.346,16.046,934.661,1.003,45.129,6622,8569,1.640,1.520,0.920,5,0,363.034,0,0,16,159,1,37,0
17-06 11:16:09,40.926,22.210,35.686,0,0,3753552,180044,168440,3847960,12094.142,1798.749,11.978,211.618,2.995,14.973,7575,9718,1.640,1.520,0.920,6,0,352.363,0,0,16,163,1,35,0
17-06 11:16:10,34.825,23.300,41.339,0.501,0.251,3810620,122904,168440,3848056,12875.708,1805.886,76.164,501.078,2.004,27.058,12663,4509,1.640,1.520,0.920,3,0,372.802,0,0,16,163,1,35,0
17-06 11:16:11,12.415,21.602,63.564,0.248,0,3812380,176368,168444,3794128,12467.514,1789.728,11.918,369.467,2.980,33.768,5612,4111,1.640,1.520,0.920,1,0,292.991,0,0,17,163,1,35,0
17-06 11:16:12,19.375,16.355,62.401,0,0,3820160,168432,168444,3794276,12210.538,1704.966,4.026,309.994,1.006,23.149,6430,8335,1.830,1.560,0.940,3,0,204.314,0,0,17,163,1,35,0
17-06 11:16:13,27.755,24.755,46.009,0,0,3887080,156680,168444,3740544,11664.302,1926.380,0,212.042,0,11.002,5982,4166,1.830,1.560,0.940,3,0,347.068,0,0,17,163,1,35,0
17-06 11:16:14,33.904,23.932,40.884,0,0,3924584,185548,168452,3675916,11860.373,1635.363,0,199.435,0,14.958,6701,6196,1.830,1.560,0.940,1,0,365.962,0,0,17,169,1,35,0
17-06 11:16:15,27.848,16.057,54.693,0,0,3965796,144280,168452,3675624,11996.415,1571.557,40.142,349.235,4.014,22.078,5604,5835,1.830,1.560,0.940,7,0,213.756,0,0,17,175,1,35,0
17-06 11:16:16,37.148,29.669,32.162,0.249,0,4073036,138600,168464,3576548,12458.799,1797.067,35.901,482.675,5.984,41.885,7935,12356,1.830,1.560,0.940,2,0,444.779,0,0,17,181,1,35,0
17-06 11:16:17,29.050,27.297,42.573,0.501,0,4142160,132660,168464,3514556,13000.254,1730.963,96.165,560.960,9.015,47.081,9342,13271,1.920,1.580,0.950,1,0,457.784,0,0,17,187,1,21,0
17-06 11:16:18,11.720,20.198,65.580,0.249,0,4153996,120672,168464,3514676,11500.255,1669.681,3.990,618.401,0.997,28.925,5301,3795,1.920,1.580,0.950,1,0,283.267,0,0,17,193,1,21,0
17-06 11:16:19,18.536,23.797,56.611,0,0,4153424,142340,168472,3494416,11616.864,1659.266,4.008,4548.953,1.002,51.101,6249,5664,1.920,1.580,0.950,14,0,329.649,0,0,17,205,1,21,0
17-06 11:16:20,23.248,17.249,57.746,0,0,4175900,162340,168472,3452488,11591.166,1693.878,335.976,519.963,5.000,26.998,5409,5964,1.920,1.580,0.950,3,0,186.987,0,0,17,205,1,21,0
17-06 11:16:21,41.770,12.006,45.022,0.250,0,4302968,171428,168472,3318812,12332.972,1674.811,736.357,256.124,11.005,25.012,3610,2343,1.920,1.580,0.950,2,0,7.003,0,0,17,205,1,17,0
17-06 11:16:22,43.388,9.226,46.879,0.499,0,4407608,158532,168476,3229604,12204.455,1723.545,11.969,466.793,2.992,43.887,3728,2754,2.010,1.610,0.960,1,0,8.977,0,0,17,212,1,17,0
17-06 11:16:23,32.842,10.028,55.655,0,0,4325868,283824,168484,3187132,12871.876,1817.065,240.671,746.079,14.039,21.059,4835,11537,2.010,1.610,0.960,1,0,100.279,0,0,17,213,1,18,0
17-06 11:16:24,30.908,30.409,37.388,0.499,0.249,4383908,224276,168496,3188628,11244.364,1830.524,1068.803,15569.426,14.955,853.447,6989,5851,2.010,1.610,0.960,6,1,534.401,0,0,17,215,1,18,0
17-06 11:16:25,35.612,28.590,35.111,0,0,4462376,142836,168504,3191912,20170.576,9732.677,638.011,1059.339,12.038,29.092,7326,7932,2.010,1.610,0.960,2,0,375.183,0,0,17,222,1,17,0
17-06 11:16:26,47.726,19.389,30.575,0,0,4399580,205160,168504,3192408,13051.150,2598.100,23.863,182.951,2.983,11.932,6371,7896,2.010,1.610,0.960,4,0,285.363,0,0,17,221,1,18,0
17-06 11:16:27,68.665,16.790,15.036,0.501,0,4579144,146340,168508,3075340,16674.161,7458.966,1062.559,392.946,41.099,23.056,4988,3815,2.170,1.650,0.970,4,0,27.065,0,0,17,225,1,18,0
17-06 11:16:28,59.494,11.798,22.342,4.770,0,4660440,131176,168596,3011440,16931.570,7119.252,7109.211,3703.216,532.187,330.357,6522,6740,2.170,1.650,0.970,5,0,20.083,0,0,17,230,1,19,0
17-06 11:16:29,51.251,21.750,26.250,0.250,0,4671968,163504,168608,2969212,11754.199,1984.034,56.001,11460.194,3.000,178.003,7369,8731,2.170,1.650,0.970,2,0,394.007,0,0,17,229,1,23,0
17-06 11:16:30,33.398,21.435,43.617,0.249,0,4644292,189364,168608,2971360,18960.312,9593.810,7.976,566.277,1.994,28.912,6557,8233,2.170,1.650,0.970,3,0,324.014,0,0,17,230,1,23,0
17-06 11:16:31,50.098,23.045,25.550,0.250,0,4659120,172828,168612,2972728,15645.746,4867.565,104.205,825.622,6.012,71.140,6994,8626,2.170,1.650,0.970,4,0,409.805,0,0,17,233,1,24,0
17-06 11:16:32,55.349,26.428,16.954,0,0,4741892,139236,168616,2924592,14465.562,4032.007,223.391,622.303,12.965,37.897,6310,7230,2.480,1.720,1,2,0,400.907,0,0,17,234,1,24,0
17-06 11:16:33,55.464,23.089,20.078,0.753,0,4785704,147788,168636,2872564,21331.464,10464.454,1176.548,1080.176,53.206,70.272,8618,11505,2.480,1.720,1,3,0,309.195,0,0,17,237,1,27,0
17-06 11:16:34,56.140,30.554,13.166,0,0,4870360,129848,168644,2807412,11081.024,1824.315,75.516,341.811,2.981,29.809,6927,7983,2.480,1.720,1,16,0,506.754,0,0,17,237,1,24,0
17-06 11:16:35,51.303,21.376,25.903,0.251,0,4899748,137204,168648,2771432,19618.019,9851.260,458.713,744.402,29.173,40.238,7302,13228,2.480,1.720,1,3,0,249.475,0,0,17,247,1,25,0
17-06 11:16:36,66.036,16.696,16.198,0,0,4965932,137344,168652,2706968,14852.977,4654.950,518.324,1937.735,8.971,101.671,8377,14318,2.480,1.720,1,4,0,34.887,0,0,17,245,1,26,0
17-06 11:16:37,54.113,9.269,35.825,0.752,0,5073936,136508,168660,2602360,23693.696,13955.270,1154.421,320.673,70.147,14.029,4362,3069,2.520,1.740,1.010,3,0,5.011,0,0,17,250,1,27,0
17-06 11:16:38,55.806,9.760,32.783,0.250,0,5046452,202384,168660,2565096,19558.799,8853.963,1261.277,788.798,33.033,90.091,6332,7491,2.520,1.740,1.010,3,0,23.023,0,0,17,252,1,32,0
17-06 11:16:39,53.393,23.203,21.706,0.748,0,5090860,154328,168792,2568576,14129.600,2245.487,4179.599,1468.049,67.864,62.874,6932,7398,2.520,1.740,1.010,4,0,318.360,0,0,17,253,1,33,0
17-06 11:16:40,44.484,28.240,26.741,0,0,5113248,131552,168796,2568972,22992.983,12523.633,783.727,3110.915,6.998,48.983,6800,6178,2.520,1.740,1.010,4,0,429.850,0,0,17,253,1,34,0
17-06 11:16:41,56.723,22.989,19.241,0,0,5077924,166644,168796,2569180,11485.566,1565.259,771.635,859.593,6.997,26.987,5922,7939,2.520,1.740,1.010,3,0,233.889,0,0,18,253,1,34,0
17-06 11:16:42,75.200,20.304,4.512,0.251,0,5174872,124236,168800,2517048,17737.249,8036.408,818.179,1179.141,24.064,64.171,6296,5779,3.040,1.860,1.060,4,0,160.427,0,0,18,261,1,32,0
17-06 11:16:43,78.476,16.639,3.725,0.745,0,5229096,156232,168820,2434320,15555.221,4846.665,3250.315,1891.381,155.959,192.714,6929,7207,3.040,1.860,1.060,5,0,26.821,0,0,18,264,1,33,0
17-06 11:16:44,69.233,16.868,12.588,0.252,0,5285848,143204,168844,2391932,14466.899,7318.039,1119.810,16748.814,28.197,1269.857,6871,5985,3.040,1.860,1.060,2,0,202.412,0,0,18,266,1,34,0
17-06 11:16:45,38.220,9.927,50.381,0.496,0,5264640,213852,168848,2344208,23640.011,8416.412,611.525,9423.046,10.920,89.346,4478,3983,3.040,1.860,1.060,2,0,33.753,0,0,18,270,1,35,0
17-06 11:16:46,43.301,9.063,46.573,0.252,0,5353776,124288,168848,2344636,448993.261,9633.908,515.581,559.888,4.028,40.280,4363,3825,3.040,1.860,1.060,2,0,7.049,0,0,18,273,1,34,1
17-06 11:16:47,39.644,19.947,38.148,0.249,0,5334588,125536,168848,2362512,16092469.794,121296.956,3047.883,442.821,31.915,25.931,10390,5793,2.870,1.850,1.060,2,0,264.296,0,0,18,273,1,34,0
17-06 11:16:48,48.366,8.270,42.101,0.251,0.251,5343564,148812,168848,2331360,13605.608,3502.394,256.615,689.653,2.005,71.171,4217,3409,2.870,1.850,1.060,2,0,9.022,0,0,18,276,1,35,0
17-06 11:16:49,36.690,4.493,57.905,0.250,0,5378424,146084,168848,2300288,25856.391,16525.767,0,487.197,0,40.933,4053,3879,2.870,1.850,1.060,2,0,0.998,0,0,18,285,1,36,0
17-06 11:16:50,25.352,4.474,65.616,0.497,0,5324064,199824,168848,2300908,366772.975,14954584.791,445.396,2294.587,26.843,75.558,5805,5194,2.870,1.850,1.060,2,0,6.959,0,0,18,282,1,36,0
17-06 11:16:51,34.946,6.034,57.825,0.251,0,5397568,126240,168856,2300980,7169750.318,1390998.160,32.181,611.432,2.011,51.288,6112,5630,2.870,1.850,1.060,2,0,1.006,0,0,18,288,1,39,0
17-06 11:16:52,26.807,8.267,61.881,1.253,0,5311312,217024,168856,2296904,9482485.480,102065.341,128.271,21128.578,8.017,321.679,9187,8940,2.720,1.830,1.050,0,0,66.140,0,0,18,285,1,42,0
17-06 11:16:53,12.980,16.225,68.395,0,0.250,5229092,299144,168856,2296988,11235.799,1923.056,31.951,355.456,2.995,28.956,5325,4257,2.720,1.830,1.050,1,0,306.531,0,0,18,284,1,43,0
17-06 11:16:54,18.201,9.474,71.057,0.249,0,5289056,239164,168856,2297004,10649.126,1711.360,0,670.183,0,13.962,3253,2591,2.720,1.830,1.050,1,0,128.651,0,0,18,284,1,41,0
17-06 11:16:55,19.307,8.525,71.210,0.251,0,5298908,229296,168860,2297016,11730.553,1733.105,4.012,1540.538,1.003,57.168,3387,2539,2.720,1.830,1.050,2,0,96.284,0,0,18,284,1,41,0
17-06 11:16:56,8.238,19.471,69.646,0,0,5292336,235840,168860,2297044,11412.010,1617.592,0,255.619,0,21.967,5335,3927,2.720,1.830,1.050,1,0,257.616,0,0,18,284,1,41,0
17-06 11:16:57,8.017,20.794,69.646,0.251,0,5284980,243136,168860,2297104,11359.783,1731.625,28.059,40.084,2.004,4.008,5488,3995,2.590,1.820,1.050,2,0,306.642,0,0,18,284,1,41,0
17-06 11:16:58,4.483,0.996,93.138,0,0,5277968,250136,168860,2297116,10768.131,1667.516,0,127.504,0,11.954,1484,1702,2.590,1.820,1.050,0,0,10.957,0,0,18,288,1,40,0
17-06 11:16:59,20.737,4.747,72.704,0,0,5294096,234008,168860,2297116,10787.144,1780.868,0,1539.022,0,181.884,2139,1612,2.590,1.820,1.050,1,0,8.994,0,0,18,288,1,40,0
17-06 11:17:00,17.510,2.501,78.794,0,0,5311900,216128,168860,2297204,21278.882,10653.949,64.036,132.074,4.002,12.007,2587,2508,2.590,1.820,1.050,1,0,3.002,0,0,18,290,1,41,0
17-06 11:17:01,14.322,14.574,69.351,0.251,0,5283056,244876,168868,2297276,11665.960,1682.503,32.163,482.438,5.025,38.193,4820,3864,2.590,1.820,1.050,2,0,166.843,0,0,18,290,1,41,0
17-06 11:17:02,14.200,17.189,66.016,0.249,0,5287432,240256,168868,2297520,11315.950,1506.668,0,458.378,0,48.827,5597,4497,2.540,1.820,1.060,1,0,187.337,0,0,18,294,1,40,0
17-06 11:17:03,11.009,16.514,70.308,0,0,5278664,248880,168868,2297656,11225.254,1729.426,0,144.119,0,9.007,4846,3367,2.540,1.820,1.060,2,0,157.130,0,0,18,294,1,40,0
17-06 11:17:04,17.223,10.234,70.638,0,0,5318348,209168,168868,2297684,12476.192,1551.537,3.994,143.772,0.998,8.986,3313,2424,2.540,1.820,1.060,1,0,91.854,0,0,18,294,1,40,0
17-06 11:17:05,22.733,3.997,72.197,0,0,5372092,155408,168868,2297684,12958.529,1726.738,103.924,307.775,0.999,18.986,2268,1694,2.540,1.820,1.060,2,0,0.999,0,0,18,294,1,40,0
17-06 11:17:06,24.013,2.501,72.290,1.001,0,5405312,121776,168868,2298096,12201.692,1853.016,300.165,216.119,12.007,25.014,2602,2245,2.540,1.820,1.060,2,0,4.002,0,0,18,298,1,40,0
17-06 11:17:07,24.267,4.253,70.549,0,0,5371968,155068,168872,2298144,11309.866,1729.203,104.072,444.309,9.006,25.017,2533,1946,2.490,1.830,1.060,1,0,7.005,0,0,18,294,1,40,0
17-06 11:17:08,21.719,4.494,72.147,0,0,5381160,145796,168872,2298224,12036.780,1779.454,0,139.800,0,15.977,2271,1883,2.490,1.830,1.060,1,0,0.999,0,0,18,294,1,40,0
17-06 11:17:09,12.257,1.751,84.298,0.250,0,5376616,150204,168872,2298360,24845.209,15044.604,0,104.060,0,10.006,2240,2030,2.490,1.830,1.060,0,0,2.001,0,0,18,297,1,41,0
17-06 11:17:10,22.258,3.751,72.777,0,0,5263076,263724,168872,2298380,18583.974,7715.896,0,312.117,0,26.010,2695,2171,2.490,1.830,1.060,1,0,17.006,0,0,18,294,1,42,0
17-06 11:17:11,22.487,4.497,72.459,0,0,5321492,205260,168872,2298428,11704.354,1854.947,47.973,123.930,1.999,16.990,2074,1788,2.490,1.830,1.060,2,0,0,0,0,18,294,1,42,0
17-06 11:17:12,24.574,5.266,68.707,0.251,0,5268620,257984,168872,2298576,12391.274,1861.600,0,377.134,0,41.124,3089,2683,2.370,1.810,1.060,2,0,83.250,0,0,18,298,1,42,0
17-06 11:17:13,8.232,20.456,68.851,0,0,5269136,257376,168880,2298724,11846.326,1905.869,423.083,375.187,7.983,11.974,5729,4313,2.370,1.810,1.060,1,0,323.299,0,0,18,298,1,42,0
17-06 11:17:14,15.482,11.986,70.919,0,0,5293544,232952,168888,2298732,12190.080,1799.945,0,203.767,0,11.986,4094,3019,2.370,1.810,1.060,1,0,191.781,0,0,18,298,1,42,0
17-06 11:17:15,18.766,3.253,76.564,0.250,0,5320552,204852,168932,2299780,18738.551,4606.823,0,4407.658,0,543.451,2500,2033,2.370,1.810,1.060,1,0,17.014,0,0,18,299,1,42,0
17-06 11:17:16,22.706,4.242,71.612,0.250,0,5297968,221512,169496,2304996,12091.631,1972.188,0,1113.847,0,34.932,2577,2129,2.370,1.810,1.060,1,0,3.992,0,0,18,298,1,42,0
17-06 11:17:17,21.271,6.256,70.571,0,0,5327456,190724,169552,2306204,16143.254,2960.981,56.056,724.730,4.004,18.018,9822,17871,2.260,1.800,1.060,0,0,12.012,0,0,18,299,1,42,0
17-06 11:17:18,18.507,6.002,73.026,0.500,0,5330748,186928,169604,2306652,15353.420,3344.180,216.076,344.121,11.004,18.006,9890,17768,2.260,1.800,1.060,1,0,13.005,0,0,18,299,1,42,0
17-06 11:17:19,21.095,5.776,71.823,0.251,0,5283616,239932,169724,2300684,11867.389,1802.107,0,17201.385,0,44.199,2468,1807,2.260,1.800,1.060,2,0,22.099,0,0,18,298,1,41,0
17-06 11:17:20,12.247,16.746,69.734,0,0,5300208,223316,169724,2300708,11893.333,1627.635,0,287.935,0,54.988,4722,3693,2.260,1.800,1.060,1,0,254.943,0,0,18,298,1,41,0
17-06 11:17:21,23.388,2.986,72.156,0.249,0,5311116,212228,169724,2300888,11434.437,1612.306,31.848,143.316,0.995,8.957,2215,1763,2.260,1.800,1.060,1,0,0,0,0,18,298,1,41,0
17-06 11:17:22,19.767,2.252,76.315,0,0,5320720,202424,169724,2301088,22132.866,11855.105,16.014,404.345,1.001,30.026,2833,2640,2.080,1.770,1.060,2,0,1.001,0,0,18,298,1,44,0
17-06 11:17:23,24.994,12.747,60.486,0,0,5282364,240732,169724,2301136,11407.392,1715.608,15.996,107.975,2.000,7.998,4657,9971,2.080,1.770,1.060,1,0,154.965,0,0,18,298,1,45,0
17-06 11:17:24,22.604,3.014,74.090,0.251,0,5317368,205716,169724,2301148,17407.773,7583.753,0,783.591,0,24.110,2579,2119,2.080,1.770,1.060,2,0,2.009,0,0,18,299,1,45,0
17-06 11:17:25,20.377,6.709,71.318,0.248,0,5282576,240492,169724,2301164,14690.013,4503.718,0,174.940,0,13.916,3068,2456,2.080,1.770,1.060,2,0,69.579,0,0,18,298,1,46,0
17-06 11:17:26,19.262,2.502,76.797,0.250,0,5334820,188244,169724,2301168,17735.953,7445.598,0,184.114,0,19.012,2199,1729,2.080,1.770,1.060,1,0,0,0,0,18,299,1,46,0
17-06 11:17:27,19.241,5.747,72.964,0,0,5306660,216384,169724,2301188,19337.547,9048.577,0,3.998,0,1.000,2962,2112,1.920,1.740,1.050,3,0,55.973,0,0,18,298,1,45,0
17-06 11:17:28,23.430,3.988,72.034,0,0.249,5363496,159548,169724,2301188,11072.794,1796.612,0,0,0,0,2196,1615,1.920,1.740,1.050,2,0,0,0,0,18,298,1,45,0
17-06 11:17:29,18.383,4.029,76.804,0,0,5333332,189692,169724,2301208,21483.059,12035.872,0,4.029,0,1.007,2692,2065,1.920,1.740,1.050,2,0,32.233,0,0,18,298,1,48,0
17-06 11:17:30,22.681,3.739,71.782,0,0,5350512,172508,169724,2301212,11848.099,1846.405,0,87.734,0,8.973,2270,1762,1.920,1.740,1.050,1,0,0.997,0,0,18,298,1,48,0
17-06 11:17:31,13.758,2.501,82.298,0,0,5360180,162800,169728,2301248,20155.863,11515.778,16.009,384.226,1.001,41.024,2381,2609,1.920,1.740,1.050,0,0,0,0,0,18,299,1,41,0
17-06 11:17:32,20.584,5.271,72.795,0.502,0,5368744,154228,169728,2301256,12690.484,2835.503,0,413.678,0,43.175,3139,2939,1.840,1.730,1.050,1,0,47.191,0,0,18,298,1,42,0
17-06 11:17:33,19.165,3.485,75.915,0,0,5362264,175868,169728,2286416,17084.571,7462.055,0,167.262,0,11.947,2156,1706,1.840,1.730,1.050,1,0,0,0,0,18,299,1,42,0
17-06 11:17:34,20.752,5.001,73.258,0,0,5342432,195684,169728,2286432,15793.814,6344.729,0,948.109,0,106.012,2704,2036,1.840,1.730,1.050,1,0,32.004,0,0,18,298,1,45,0
17-06 11:17:35,19.757,3.251,75.777,0,0,5378912,159208,169728,2286432,13555.815,4016.427,0,156.055,0,11.004,2089,1575,1.840,1.730,1.050,0,0,0,0,0,18,299,1,41,0
17-06 11:17:36,16.247,2.000,79.984,0.500,0,5372824,165260,169728,2286468,21405.636,10275.905,15.997,379.923,1.000,36.992,2632,2707,1.840,1.730,1.050,1,0,0,0,0,18,298,1,42,0
17-06 11:17:37,7.499,12.248,76.989,1.750,0,5342752,194096,170284,2287148,16035.786,4177.423,1123.845,195.973,250.965,11.998,4102,3392,1.770,1.710,1.050,1,0,179.975,0,0,18,300,1,42,0
17-06 11:17:38,3.510,4.764,90.515,0,0,5325644,211160,170284,2287192,22182.013,3120.145,0,373.094,0,24.071,2105,2012,1.770,1.710,1.050,2,0,66.194,0,0,18,298,1,43,0
17-06 11:17:39,4.501,5.751,88.260,0.250,0,5322976,213788,170284,2287232,18305.177,5081.604,0,572.068,0,36.004,2469,2391,1.770,1.710,1.050,1,0,75.009,0,0,18,298,1,35,0
17-06 11:17:40,12.457,14.948,70.007,0,0.249,5340768,195552,170288,2287672,10411.815,861.008,239.169,227.210,14.948,18.934,4453,3341,1.770,1.710,1.050,1,0,195.321,0,0,18,298,1,35,0
17-06 11:17:41,23.001,3.250,72.503,0,0,5359752,166020,170352,2298076,12005.414,1782.061,16.001,848.029,3.000,9.000,2218,1679,1.770,1.710,1.050,2,0,3.000,0,0,18,298,1,35,0
17-06 11:17:42,15.806,3.011,80.033,0.251,0,5315536,206036,170464,2302068,22565.928,6192.935,8.028,1228.351,2.007,33.117,2312,2113,1.630,1.680,1.050,1,0,18.064,0,0,18,298,1,35,0
17-06 11:17:43,14.737,15.486,66.191,1.748,0,5283372,234944,170604,2305168,12301.115,1618.568,1414.748,5151.442,23.979,191.830,5288,4752,1.630,1.680,1.050,1,0,183.837,0,0,18,298,1,32,0
17-06 11:17:44,16.708,10.972,71.070,0,0,5310052,208256,170604,2305176,11622.572,1657.802,0,163.586,0,9.975,3366,2487,1.630,1.680,1.050,1,0,122.689,0,0,18,298,1,32,0
17-06 11:17:45,19.747,3.499,76.239,0.250,0,5338316,179976,170604,2305192,18289.272,7513.879,0,323.952,0,16.997,2301,1893,1.630,1.680,1.050,1,0,0,0,0,18,299,1,32,0
17-06 11:17:46,20.506,6.002,71.269,0.250,0,5265192,253040,170604,2305252,30104.218,19276.262,32.009,2672.730,1.000,402.110,3402,3084,1.630,1.680,1.050,2,0,47.013,0,0,18,298,1,34,0
17-06 11:17:47,19.791,3.257,76.409,0,0,5320364,197864,170604,2305256,16191.605,7414.388,0,108.225,0,8.017,2120,1648,1.580,1.670,1.040,1,0,0,0,0,18,299,1,32,0
17-06 11:17:48,21.528,4.255,73.344,0,0,5320448,197708,170604,2305328,15653.156,4929.347,64.083,0,4.005,0,2544,1931,1.580,1.670,1.040,1,0,14.018,0,0,18,298,1,34,0
17-06 11:17:49,21.258,4.002,73.278,0,0,5380828,137320,170604,2305336,11395.328,2341.890,0,64.024,0,3.001,2069,1507,1.580,1.670,1.040,0,0,0,0,0,18,299,1,34,0
17-06 11:17:50,17.703,3.491,76.048,0.748,0,5373832,142804,170604,2306848,18570.786,7698.598,1452.152,2202.164,45.878,81.783,3709,4555,1.580,1.670,1.040,3,0,1.995,0,0,18,299,1,34,0
17-06 11:17:51,24.238,5.247,68.465,0.999,0,5324956,190984,170604,2307544,12132.812,2912.515,623.682,3390.271,35.982,272.861,4011,5006,1.580,1.670,1.040,1,0,4.997,0,0,18,298,1,28,0
17-06 11:17:52,18.754,3.001,77.016,0.250,0.250,5359484,156448,170604,2307552,16429.345,7442.515,0,388.079,0,32.007,2256,2037,1.530,1.660,1.040,1,0,0,0,0,18,299,1,28,0
17-06 11:17:53,19.744,1.999,76.227,0.500,0,5355508,160380,170608,2307592,15583.207,5558.291,11.996,515.841,1.000,61.981,2960,3071,1.530,1.660,1.040,2,0,0,0,0,18,299,1,28,0
17-06 11:17:54,19.539,8.768,68.889,0.251,0,5311376,204280,170608,2307824,11589.314,2959.954,48.097,729.467,2.004,75.151,4833,5468,1.530,1.660,1.040,1,0,77.155,0,0,18,298,1,29,0
17-06 11:17:55,8.505,23.014,66.042,0.250,0,5319216,196404,170616,2307848,12479.846,1837.155,4.003,748.471,1.001,34.021,5634,3989,1.530,1.660,1.040,1,0,333.209,0,0,18,298,1,25,0
17-06 11:17:56,8.467,22.661,65.990,0.249,0,5313580,202020,170616,2307868,13039.721,1775.020,0,430.308,0,29.882,5546,3988,1.530,1.660,1.040,1,0,330.700,0,0,18,298,1,25,0
17-06 11:17:57,8.257,22.518,66.554,0,0,5313944,201628,170616,2307896,12185.805,1729.391,0,1833.475,0,107.086,6287,5045,1.490,1.650,1.040,2,0,444.358,0,0,18,298,1,25,0
17-06 11:17:58,9.281,22.826,66.222,0,0,5310844,204708,170616,2307916,13059.750,1733.808,0,128.430,0,17.057,6150,4827,1.490,1.650,1.040,2,0,393.318,0,0,18,298,1,25,0
17-06 11:17:59,8.764,22.537,67.110,0,0,5298656,216876,170616,2307936,11412.754,1784.933,0,164.270,0,14.023,5871,4376,1.490,1.650,1.040,1,0,394.648,0,0,18,298,1,25,0
17-06 11:18:00,7.970,23.413,66.504,0.249,0,5291392,224116,170616,2307960,11897.922,1815.275,0,274.981,0,25.904,6176,4887,1.490,1.650,1.040,2,0,410.479,0,0,18,298,1,25,0
17-06 11:18:01,9.030,22.575,66.471,0,0,5290560,224920,170616,2307988,11709.979,1571.230,0,284.949,0,25.083,6172,4918,1.490,1.650,1.040,2,0,412.373,0,0,18,298,1,25,0
17-06 11:18:02,8.214,22.401,67.202,0.249,0,5286976,228412,170616,2308080,11403.464,1774.138,71.682,366.376,0.996,31.859,6087,4710,1.450,1.640,1.040,1,0,387.284,0,0,18,298,1,25,0
17-06 11:18:03,9.526,21.810,66.684,0,0,5279700,235668,170616,2308100,11383.441,1624.487,0,196.543,0,16.044,5869,4382,1.450,1.640,1.040,2,0,380.050,0,0,18,298,1,25,0
17-06 11:18:04,10.966,17.695,68.787,0.249,0,5280760,234540,170616,2308168,11621.963,1453.493,31.901,287.110,1.994,21.932,5162,4016,1.450,1.640,1.040,1,0,269.165,0,0,18,298,1,24,0
17-06 11:18:05,19.832,7.531,72.048,0.502,0,5295128,305844,171228,2233384,11138.040,1843.621,92.382,1703.040,23.095,119.494,2807,2407,1.450,1.640,1.040,2,0,43.178,0,0,18,298,1,24,0
17-06 11:18:06,21.616,2.981,73.792,0,0,5308440,288792,171452,2236892,15865.512,2939.751,11.926,2544.206,1.988,5.963,2207,1653,1.450,1.640,1.040,1,0,15.901,0,0,18,299,1,24,0
17-06 11:18:07,13.549,2.258,82.546,0.753,0,5318004,278032,171588,2237948,30305.609,13850.638,859.079,2095.510,60.216,48.173,1882,1708,1.330,1.610,1.040,3,0,2.007,0,0,18,299,1,24,0
17-06 11:18:08,16.452,1.246,79.516,0.997,0,5339904,254600,171720,2239344,29205.950,13069.493,1001.051,1423.805,60.821,42.874,2114,1799,1.330,1.610,1.040,0,0,0,0,0,18,299,1,24,0
17-06 11:18:09,15.523,1.252,80.872,1.002,0,5336564,256356,171876,2240772,31845.866,14930.441,1053.584,1734.607,74.111,54.081,2035,1782,1.330,1.610,1.040,0,0,0,0,0,18,299,1,24,0
17-06 11:18:10,16.758,1.751,79.287,1.501,0,5331460,240240,172012,2261824,28972.435,11670.412,10156.710,1688.783,134.062,55.026,2138,1876,1.330,1.610,1.040,1,0,1.000,0,0,18,299,1,24,0
17-06 11:18:11,23.259,3.501,71.277,1.000,0,5334108,214548,172736,2283952,11177.202,1844.693,2965.115,1620.609,36.014,78.029,2551,2143,1.330,1.610,1.040,1,0,1.000,0,0,18,299,1,24,0
17-06 11:18:12,24.730,2.998,70.693,0.250,0,5339164,192132,173336,2300316,12421.901,1734.590,0,2190.219,0,59.951,2795,2715,1.310,1.600,1.040,1,0,0,0,0,18,299,1,22,0
17-06 11:18:13,23.727,2.498,71.930,0.749,0,5341464,169884,173804,2319600,9886.347,1800.242,0,1790.252,0,74.927,2500,2278,1.310,1.600,1.040,2,0,0,0,0,18,299,1,22,0
17-06 11:18:14,23.125,3.016,71.889,1.005,0,5346712,148700,174872,2334204,11339.405,1757.517,16.087,2911.768,1.005,125.681,2719,2711,1.310,1.600,1.040,1,0,0,0,0,18,299,1,22,0
17-06 11:18:15,23.593,4.222,70.532,1.242,0,5336280,133200,175712,2358928,11378.427,1770.242,0,16593.788,0,186.760,2803,2692,1.310,1.600,1.040,1,0,0,0,0,18,299,1,22,0
17-06 11:18:16,23.091,3.765,70.278,0.753,0,5287256,194556,176156,2345992,12404.091,1983.851,0,3618.320,0,366.450,2870,2369,1.310,1.600,1.040,2,0,2.008,0,0,18,298,1,22,0
17-06 11:18:17,18.233,4.496,77.180,0.250,0,5328444,147696,176244,2351552,18779.864,4772.645,0,1354.764,0,11.989,2246,1697,1.280,1.590,1.040,1,0,33.969,0,0,18,299,1,22,0
17-06 11:18:18,23.068,5.015,69.705,0,0.251,5322700,152512,176292,2352396,12147.760,1853.456,0,192.567,0,6.018,8318,14626,1.280,1.590,1.040,2,0,7.021,0,0,18,298,1,22,0
17-06 11:18:19,35.793,10.513,52.313,0,0,5365532,148292,176312,2315660,11167.483,1784.154,624.754,732.885,6.007,21.025,7863,12147,1.280,1.590,1.040,4,0,19.023,0,0,18,298,1,22,0
17-06 11:18:20,34.732,12.243,51.972,0,0,5283500,258956,176336,2287284,11871.689,1817.034,511.728,1711.090,3.998,13.993,6886,9127,1.280,1.590,1.040,1,0,21.988,0,0,18,298,1,22,0
17-06 11:18:21,21.761,7.003,69.034,0.250,0,5267276,275184,176336,2287380,10702.198,1620.787,4.002,432.210,1.000,14.007,3366,2866,1.280,1.590,1.040,1,0,51.025,0,0,18,298,1,22,0
17-06 11:18:22,24.129,5.970,67.661,0,0,5304536,237896,176336,2287408,10069.576,859.695,0,708.452,0,39.801,10197,18049,1.260,1.580,1.040,1,0,23.880,0,0,18,298,1,22,0
17-06 11:18:23,24.514,6.004,67.790,0.750,0,5331288,205820,176336,2292684,17021.009,4185.461,0,3145.850,0,139.082,3651,11032,1.260,1.580,1.040,1,0,54.032,0,0,18,298,1,23,0
17-06 11:18:24,23.263,5.503,69.040,0,0,5330204,204876,176336,2294696,10860.254,1566.902,32.018,592.341,1.001,19.011,9169,16744,1.260,1.580,1.040,1,0,10.006,0,0,18,298,1,19,0
17-06 11:18:25,23.342,7.530,67.515,0.753,0,5330956,203920,176336,2294884,10774.260,1843.230,0,1626.379,0,66.260,9756,17607,1.260,1.580,1.040,2,0,19.075,0,0,18,298,1,19,0
17-06 11:18:26,22.146,5.723,71.165,0.249,0,5314988,227356,176368,2287464,11313.666,1666.146,0,943.552,0,28.864,2509,1964,1.260,1.580,1.040,1,0,13.934,0,0,18,298,1,19,0
17-06 11:18:27,23.828,6.271,68.726,0,0,5272196,270108,176368,2287508,11188.804,1842.059,0,610.007,0,42.139,3248,2717,1.240,1.570,1.040,2,0,55.182,0,0,18,298,1,21,0
17-06 11:18:28,22.419,4.733,71.492,0,0,5286112,249028,176368,2294608,9870.410,1849.332,0,191.310,0,9.964,3030,2527,1.240,1.570,1.040,1,0,60.781,0,0,18,298,1,19,0
17-06 11:18:29,20.759,2.751,75.284,0,0,5294564,236684,176384,2298388,14743.612,3001.346,0,4.002,0,1.000,2238,1752,1.240,1.570,1.040,0,0,16.007,0,0,18,299,1,19,0
17-06 11:18:30,16.245,1.999,80.476,0.500,0,5314832,216020,176444,2298704,22701.201,7902.633,7.998,1975.408,1.999,53.984,2071,2029,1.240,1.570,1.040,1,0,1.000,0,0,18,299,1,19,0
17-06 11:18:31,12.999,1.250,83.493,0.750,0,5314076,216020,176596,2299300,61528.834,16660.601,167.986,2031.829,19.998,86.993,2099,2251,1.240,1.570,1.040,1,0,0,0,0,18,300,1,19,0
17-06 11:18:32,15.495,1.999,80.474,0.750,0,5333256,196364,176744,2299600,138952.616,15182.041,0,1703.444,0,76.975,2296,2286,1.220,1.560,1.040,3,0,0,0,0,18,300,1,15,0
17-06 11:18:33,15.763,1.251,80.565,1.251,0,5331724,196364,176908,2300944,31806.684,15638.628,944.763,1737.403,68.055,59.048,2023,1854,1.220,1.560,1.040,0,1,0,0,0,18,300,1,15,0
17-06 11:18:34,12.499,1.250,84.740,0.500,0,5347308,180236,177040,2301348,347558.862,15492.255,11.999,1427.839,2.000,61.993,2182,2082,1.220,1.560,1.040,2,0,0,0,0,18,300,1,15,0
17-06 11:18:35,7.993,1.748,86.176,1.499,0,5346696,179996,177428,2301784,125533.912,22661.488,111.904,3217.230,13.988,152.868,2280,2483,1.220,1.560,1.040,4,0,0,0,0,18,300,1,15,0
17-06 11:18:36,12.765,2.753,83.096,0.250,0,5343732,173444,177536,2311184,572644.609,23598.141,120.138,21300.498,9.010,380.438,2640,2170,1.220,1.560,1.040,2,0,1.001,0,0,18,300,1,11,0
17-06 11:18:37,6.246,2.998,87.443,0.750,0,5335796,170028,177612,2322596,5613698.397,68497.066,0,7978.766,0,281.815,4948,3626,1.120,1.540,1.030,0,0,1.999,0,0,18,300,1,11,0
17-06 11:18:38,4.765,4.263,87.020,0.502,0,5341028,142572,177628,2344724,11411325.126,104787.079,0,10135.443,0,15.047,6314,3512,1.120,1.540,1.030,1,0,2.006,0,0,18,300,1,11,0
17-06 11:18:39,18.441,2.990,76.257,0.997,0,5331736,154860,177868,2341448,1094458.264,14295.496,163.480,3556.679,3.987,72.768,2700,2169,1.120,1.540,1.030,1,0,0.997,0,0,18,300,1,11,0
17-06 11:18:40,21.460,3.993,72.117,0.749,0,5322528,145936,181152,2356028,10374.847,1563.114,0,4487.715,0,101.812,2560,2298,1.120,1.540,1.030,1,0,0.998,0,0,18,300,1,11,0
17-06 11:18:41,23.913,2.265,72.998,0.252,0,5331564,120508,181616,2371640,11741.159,1794.250,0,7378.373,0,75.516,2305,1946,1.120,1.540,1.030,1,0,0,0,0,18,300,1,9,0
17-06 11:18:42,22.414,4.732,70.479,0.996,0,5344456,125068,182376,2353684,11049.577,1828.978,0,2187.601,0,102.606,2685,2513,1.110,1.530,1.030,2,0,0,0,0,18,300,1,9,0
17-06 11:18:43,22.500,7.500,68.250,1.250,0,5347748,112328,183300,2362432,10155.960,1511.994,0,78219.694,0,527.998,3824,3535,1.110,1.530,1.030,1,0,6.000,0,0,18,300,1,9,0
17-06 11:18:44,23.224,2.497,71.918,0.499,0,5344976,114852,183816,2361448,10597.967,1887.857,31.964,1410.399,0.999,50.942,2486,2301,1.110,1.530,1.030,1,0,0,0,0,18,300,1,9,0
17-06 11:18:45,23.458,3.494,71.373,0.499,0,5343924,117736,185260,2357524,10191.917,1744.904,0,2767.090,0,56.899,2530,2225,1.110,1.530,1.030,1,0,0,0,0,18,300,1,9,0
17-06 11:18:46,24.041,3.506,70.620,0.501,0.250,5344792,116260,186160,2356716,10765.235,1935.278,0,2472.188,0,99.168,2810,2891,1.110,1.530,1.030,1,0,0,0,0,18,300,1,9,0
17-06 11:18:47,21.993,8.247,67.228,0.750,0,5283144,234284,186752,2299728,10474.503,1913.361,0,169915.266,0,1551.482,5854,6198,1.100,1.520,1.030,2,0,1.999,0,0,18,298,1,9,0
17-06 11:18:48,18.507,4.502,75.528,0.500,0,5322656,194728,186772,2299752,17064.395,4778.791,0,1392.522,0,145.054,2707,2403,1.100,1.520,1.030,1,0,34.013,0,0,18,299,1,9,0
17-06 11:18:49,22.103,4.270,72.336,0,0,5353904,156772,186856,2305984,10480.659,1856.620,0,1675.780,0,43.201,2357,1907,1.100,1.520,1.030,1,0,4.019,0,0,18,298,1,5,0
17-06 11:18:50,21.405,7.218,68.945,0.249,0,5373300,136052,186884,2307188,9490.043,1827.919,0,469.922,0,5.974,10410,19021,1.100,1.520,1.030,1,0,12.943,0,0,18,298,1,5,0
17-06 11:18:51,22.594,7.029,69.289,0,0,5384144,125212,186884,2307168,9731.649,1572.569,0,0,0,0,7444,15900,1.100,1.520,1.030,2,0,13.055,0,0,18,298,1,5,0
17-06 11:18:52,20.411,7.218,71.437,0.249,0,5376568,132684,186888,2307232,10147.537,1827.990,0,2445.286,0,15.930,2442,1816,1.170,1.530,1.030,1,0,6.969,0,0,18,298,1,5,0
17-06 11:18:53,22.515,4.003,71.547,0,0,5321168,194676,186888,2300976,9300.115,1825.200,248.163,924.608,4.003,139.091,2466,1957,1.170,1.530,1.030,1,0,6.004,0,0,18,298,1,4,0
17-06 11:18:54,22.523,4.755,71.073,0.751,0,5330460,183088,186936,2303228,9589.800,1729.768,476.487,2562.619,19.019,60.061,3760,4455,1.170,1.530,1.030,2,0,0,0,0,18,300,1,7,0
17-06 11:18:55,25.703,5.240,63.634,2.246,0,5327140,185168,186936,2304468,9792.164,1563.153,750.633,3018.502,45.916,344.373,7722,11630,1.170,1.530,1.030,2,0,0.998,0,0,18,300,1,10,0
17-06 11:18:56,10.012,21.025,66.831,0.751,0.250,5262872,249236,186936,2304668,11000.274,1892.283,128.155,4925.944,1.001,285.344,6062,5383,1.170,1.530,1.030,1,0,324.391,0,0,18,300,1,10,0
17-06 11:18:57,12.981,12.731,69.898,2.496,0,5261292,239416,186944,2316064,9280.473,1779.406,11359.443,263.616,391.429,10.984,4155,3522,1.160,1.520,1.030,0,1,123.820,0,0,18,300,1,11,0
17-06 11:18:58,6.729,3.489,78.011,9.969,0,5258344,232360,186952,2326060,10964.410,2734.622,9993.385,2037.757,1684.838,63.805,3676,5435,1.160,1.520,1.030,1,0,5.982,0,0,18,301,1,11,0
17-06 11:18:59,1.255,0.251,97.153,0,0,5258344,232360,186952,2326060,30086.658,3603.932,0,357.481,0,11.046,1063,1340,1.160,1.520,1.030,0,0,0,0,0,18,301,1,11,0
17-06 11:19:00,4.001,1.750,93.270,0.500,0,5258204,232108,186976,2326428,250327.558,5469.148,92.019,116.024,1.000,16.003,1680,1963,1.160,1.520,1.030,0,0,3.001,0,0,18,301,1,11,0
17-06 11:19:01,5.498,4.499,88.226,0,0,5231216,257556,186976,2327928,708185.030,12336.586,51.986,1103.695,3.999,27.992,2660,2510,1.160,1.520,1.030,0,0,32.991,0,0,18,300,1,11,0
17-06 11:19:02,1.750,0.500,96.477,0,0,5231468,257304,186976,2327928,9967.604,1673.598,0,99.976,0,12.997,1184,1614,1.070,1.490,1.030,0,0,0,0,0,18,300,1,11,0
17-06 11:19:03,1.250,0.500,97.004,0,0,5231464,257304,186976,2327932,10014.436,1782.078,0,28.001,0,3.000,1039,1338,1.070,1.490,1.030,3,0,0,0,0,18,300,1,11,0
17-06 11:19:04,1.250,0.750,97.520,0.250,0,5231360,257408,186976,2327932,9135.846,1608.325,0,2112.427,0,346.070,1063,1295,1.070,1.490,1.030,0,0,0,0,0,18,300,1,11,0
17-06 11:19:05,1.750,1.250,95.745,0.250,0,5231600,257156,186976,2327944,9895.468,1727.907,0,543.971,0,53.997,1484,2027,1.070,1.490,1.030,0,0,0,0,0,18,300,1,11,0
17-06 11:19:06,0.750,0.250,96.978,0.250,0,5231600,257156,186976,2327944,10168.654,1607.629,0,279.935,0,17.996,1066,1441,1.070,1.490,1.030,0,0,0,0,0,18,300,1,11,0
17-06 11:19:07,1.500,0.750,97.000,0,0,5231596,257156,186976,2327948,9911.960,1619.993,0,32.000,0,4.000,1092,1370,1.060,1.480,1.030,0,0,2.000,0,0,18,300,1,11,0
17-06 11:19:08,1.248,0.250,96.831,0,0,5231592,257156,186976,2327952,9649.200,1778.903,0,7.986,0,1.997,1114,1415,1.060,1.480,1.030,0,0,0,0,0,18,300,1,11,0
17-06 11:19:09,1.002,0.501,97.410,0,0,5230892,257856,186976,2327952,8962.723,1804.965,0,0,0,0,954,1257,1.060,1.480,1.030,0,0,0,0,0,18,300,1,11,0
17-06 11:19:10,2.000,0.750,95.990,0,0,5230616,258132,186976,2327952,8951.063,1693.823,0,83.991,0,8.999,1122,1378,1.060,1.480,1.030,0,0,1.000,0,0,18,300,1,11,0
17-06 11:19:11,2.500,1.000,95.765,0.250,0,5230608,258132,186976,2327960,8598.361,722.114,0,80.013,0,9.001,1199,1412,1.060,1.480,1.030,1,0,0,0,0,18,300,1,11,0
17-06 11:19:12,1.750,1.000,96.002,0,0,5230608,258132,186976,2327960,8466.175,1208.025,0,100.002,0,12.000,1251,1729,0.980,1.460,1.020,0,0,0,0,0,18,300,1,11,0
17-06 11:19:13,1.995,0.499,95.998,0,0,5230352,258388,186976,2327960,10406.661,1851.137,0,438.847,0,15.958,1236,1592,0.980,1.460,1.020,0,0,0,0,0,18,300,1,11,0
17-06 11:19:14,1.254,0.501,97.030,0,0,5230352,258388,186976,2327960,9200.573,1861.376,0,64.185,0,6.017,975,1266,0.980,1.460,1.020,0,0,0,0,0,18,300,1,11,0
17-06 11:19:15,1.750,1.000,95.726,0,0,5230332,258388,186976,2327980,9833.483,1727.558,0,195.950,0,26.993,1381,2009,0.980,1.460,1.020,0,0,0,0,0,18,300,1,11,0
17-06 11:19:16,1.750,3.249,93.230,0.500,0,5233228,255492,186976,2327980,10562.722,2017.565,0,551.881,0,41.991,1529,1988,0.980,1.460,1.020,0,0,0,0,0,18,300,1,11,0
17-06 11:19:17,1.253,3.006,94.195,0,0,5234208,254512,186976,2327980,10333.382,1839.807,0,79777.074,0,692.433,2055,2347,0.900,1.430,1.020,0,0,0,0,0,18,300,1,11,0
17-06 11:19:18,0.999,0.499,97.621,0,0,5234208,254512,186976,2327980,10540.095,1779.652,0,15.979,0,1.997,969,1260,0.900,1.430,1.020,0,0,0,0,0,18,300,1,11,0
17-06 11:19:19,13.996,5.498,79.227,0,0,5265160,223632,186976,2327984,10143.074,1781.486,511.852,2287.340,3.999,205.941,2154,1732,0.900,1.430,1.020,1,0,5.998,0,0,18,300,1,11,0
17-06 11:19:20,15.746,5.249,77.729,0,0,5279948,208832,186976,2327996,9709.378,1909.484,511.862,3.999,3.999,1.000,2454,1992,0.900,1.430,1.020,1,0,6.998,0,0,18,300,1,11,0
17-06 11:19:21,7.017,15.036,76.684,0,0,5278616,209968,186976,2328192,9568.000,1948.684,180.434,0,9.022,0,4316,3421,0.900,1.430,1.020,1,0,275.663,0,0,18,300,1,11,0
17-06 11:19:22,8.504,20.510,69.034,0.250,0,5285016,203544,186976,2328216,8940.426,1728.856,0,148.073,0,16.008,5989,4876,0.910,1.430,1.010,1,0,368.182,0,0,18,300,1,11,0
17-06 11:19:23,12.268,21.782,63.594,0.250,0,5297752,190776,186976,2331728,8584.622,1838.703,0,176.259,0,11.016,7064,10458,0.910,1.430,1.010,3,0,508.748,0,0,18,300,1,12,0
17-06 11:19:24,8.726,20.943,68.814,0,0,5276384,212124,186976,2328268,8834.162,1753.269,0,87.763,0,5.984,6162,4871,0.910,1.430,1.010,1,0,447.792,0,0,18,300,1,12,0
17-06 11:19:25,8.757,20.767,68.808,0,0,5271188,217236,186980,2328332,8711.289,1783.492,60.050,148.124,5.004,18.015,6397,5365,0.910,1.430,1.010,1,0,463.388,0,0,18,300,1,12,0
17-06 11:19:26,15.012,10.008,71.308,1.251,0,5289636,148324,187128,2378648,9450.716,1783.456,50469.204,352.288,424.346,25.020,4249,3676,0.910,1.430,1.010,1,0,168.137,0,0,18,300,1,11,0
17-06 11:19:27,7.476,3.240,87.718,0.249,0,5263556,174328,187132,2378688,10000.886,2342.478,35.885,75.757,3.987,9.968,2375,2310,0.910,1.420,1.010,0,0,26.914,0,0,18,301,1,11,0
17-06 11:19:28,4.501,2.251,92.271,0,0,5267148,170592,187140,2378824,122721.926,5577.269,4.001,2744.625,1.000,21.005,1932,2214,0.910,1.420,1.010,0,0,3.001,0,0,18,301,1,11,0
17-06 11:19:29,4.000,1.250,92.996,0,0,5267104,170340,187140,2379120,318538.369,9479.594,0,19.999,0,2.000,1841,1944,0.910,1.420,1.010,0,0,2.000,0,0,18,301,1,13,0
17-06 11:19:30,3.000,1.500,93.003,0.250,0,5266772,170088,187140,2379704,613183.016,16326.506,0,1488.046,0,211.007,2298,2418,0.910,1.420,1.010,1,0,2.000,0,0,18,301,1,11,0
17-06 11:19:31,2.003,1.503,94.409,0.250,0,5265596,170416,187140,2380552,899062.641,23241.232,0,108.183,0,13.022,2314,2256,0.910,1.420,1.010,0,0,0,0,0,18,301,1,11,0
17-06 11:19:32,2.244,0.748,95.493,0,0,5263940,171800,187140,2380824,298274.345,10961.503,0,2321.752,0,23.936,1616,1875,0.840,1.400,1.010,0,0,0,0,0,18,301,1,11,0
17-06 11:19:33,1.001,1.001,96.817,0,0,5263796,171800,187140,2380968,155954.268,4671.243,0,2513.745,0,25.017,1216,1461,0.840,1.400,1.010,0,0,0,0,0,18,301,1,11,0
17-06 11:19:34,1.750,0.750,96.518,0,0,5263588,171800,187140,2381176,340036.627,9001.711,0,20.004,0,2.000,1349,1502,0.840,1.400,1.010,0,0,0,0,0,18,301,1,11,0
17-06 11:19:35,2.250,1.000,94.487,0.500,0,5262920,171800,187140,2381844,567942.556,14050.084,31.996,563.923,1.000,37.995,2021,2258,0.840,1.400,1.010,0,0,0,0,0,18,301,1,11,0
17-06 11:19:36,1.500,1.250,96.254,0.250,0,5262856,171548,187140,2382160,339138.691,8831.409,0,1716.079,0,30.001,1455,1667,0.840,1.400,1.010,0,0,0,0,0,18,301,1,11,0
17-06 11:19:37,1.000,0.750,96.772,0,0,5263264,171044,187140,2382256,91158.552,3281.740,0,160.036,0,7.002,1003,1285,0.770,1.370,1,0,0,0,0,0,18,301,1,11,0
17-06 11:19:38,1.500,0,96.496,0,0,5263048,171044,187140,2382472,230415.763,3509.859,0,219.991,0,5.000,1187,1459,0.770,1.370,1,0,0,0,0,0,18,301,1,11,0
17-06 11:19:39,2.003,1.502,95.908,0,0,5263096,170568,187140,2382868,375357.095,5853.670,0,520.860,0,10.017,1365,1479,0.770,1.370,1,0,0,0,0,0,18,301,1,11,0
17-06 11:19:40,1.996,0.749,95.824,0,0,5262940,170568,187140,2383024,164231.178,4252.211,0,295.459,0,11.978,1293,1504,0.770,1.370,1,0,0,0.998,0,0,18,301,1,11,0
17-06 11:19:41,12.510,11.008,72.555,2.252,0,5314768,126708,187600,2374960,144109.172,2347.795,3610.760,22565.251,59.045,621.475,5210,6217,0.770,1.370,1,2,0,74.057,0,0,18,300,1,12,0
17-06 11:19:42,8.784,15.811,68.263,5.019,0,5301540,130968,188192,2382364,8492.776,1626.276,28.108,15897.353,4.015,1642.338,8194,10806,0.790,1.370,1,2,0,126.488,0,0,18,300,1,12,0
17-06 11:19:43,23.173,8.721,65.781,0.498,0,5288176,143200,188212,2383400,9029.897,1656.478,0,1506.976,0,85.714,3792,3021,0.790,1.370,1,1,0,38.870,0,0,18,300,1,12,0
17-06 11:19:44,23.045,7.765,67.882,0.751,0,5294112,136244,188268,2384192,8476.439,1623.148,0,1567.039,0,96.187,3529,2779,0.790,1.370,1,1,0,34.066,0,0,18,300,1,12,0
17-06 11:19:45,23.162,7.222,67.991,0.498,0,5293800,133484,188484,2386680,8129.043,1687.573,0,2390.895,0,230.124,3814,3530,0.790,1.370,1,1,0,23.909,0,0,18,300,1,12,0
17-06 11:19:46,21.853,6.782,69.328,0.754,0,5289448,133660,188596,2389800,9077.930,1464.928,76.361,1414.690,17.081,87.413,3899,4607,0.790,1.370,1,1,0,22.105,0,0,18,300,1,12,0
17-06 11:19:47,17.449,9.472,69.547,1.994,0,5318068,133148,188612,2362760,8040.573,364.937,1328.130,7865.084,49.855,241.297,4044,4797,0.810,1.360,1,1,0,29.913,0,0,18,300,1,12,0
17-06 11:19:48,16.002,11.502,71.010,0.250,0,5324116,188472,188568,2299352,9397.352,1296.187,228.033,84.012,15.002,4.001,2875,2057,0.810,1.360,1,1,0,41.006,0,0,18,300,1,12,0
17-06 11:19:49,21.718,7.239,70.148,0.250,0,5348088,164132,188596,2299748,8525.572,1455.878,419.389,2564.262,23.965,6.990,2503,1708,0.810,1.360,1,1,0,22.967,0,0,18,300,1,12,0
17-06 11:19:50,10.738,4.994,82.907,0.250,0,5283476,282868,188604,2245668,8450.493,1618.180,1442.377,7.991,49.944,1.998,2263,1971,0.810,1.360,1,0,0,16.981,0,0,18,300,1,12,0
17-06 11:19:51,1.251,0.500,96.810,0,0,5267432,298912,188604,2245668,8620.313,1458.899,0,0,0,0,955,1221,0.810,1.360,1,0,0,0,0,0,18,300,1,12,0
17-06 11:19:52,2.251,1.000,95.534,0,0,5256304,310048,188604,2245668,8222.912,1620.574,0,304.108,0,25.009,1311,1756,0.740,1.340,1,0,0,0,0,0,18,300,1,12,0
17-06 11:19:53,1.500,0.500,96.524,0.250,0.250,5256524,309824,188604,2245672,8148.010,1566.386,0,3616.892,0,198.049,1125,1485,0.740,1.340,1,0,0,0,0,0,18,300,1,12,0
17-06 11:19:54,1.249,0.749,97.677,0,0,5254244,312104,188604,2245672,7586.344,1510.874,0,11.991,0,1.999,888,1239,0.740,1.340,1,0,0,0,0,0,18,300,1,11,0
17-06 11:19:55,1.001,0.500,96.313,0,0,5234900,331520,188604,2245672,8225.406,1621.065,0,1136.747,0,207.136,1121,1427,0.740,1.340,1,0,0,0,0,0,18,300,1,11,0
17-06 11:19:56,1.500,0.750,97.237,0,0,5234896,331520,188604,2245676,8073.881,1457.798,0,79.989,0,6.999,1028,1342,0.740,1.340,1,2,0,0,0,0,18,300,1,11,0
17-06 11:19:57,1.251,0.500,96.790,0,0,5234896,331520,188604,2245676,8703.606,1620.671,0,0,0,0,998,1308,0.680,1.310,0.990,0,0,0,0,0,18,300,1,11,0
17-06 11:19:58,1.750,0.500,97.254,0,0,5234880,331520,188604,2245692,8238.348,1458.062,8.000,36.002,2.000,3.000,1043,1452,0.680,1.310,0.990,0,0,0,0,0,18,300,1,4,0
17-06 11:19:59,0.750,0.750,97.496,0,0,5234880,331520,188604,2245692,9359.655,1619.940,0,8.000,0,1.000,946,1269,0.680,1.310,0.990,0,0,0,0,0,18,300,1,4,0
17-06 11:20:00,2.250,0.750,95.013,0.250,0,5234788,331520,188608,2245780,9065.213,1714.229,88.012,148.020,10.001,14.002,1501,1932,0.680,1.310,0.990,0,0,3.000,0,0,18,300,1,4,0
17-06 11:20:01,1.500,1.000,96.480,0,0,5234788,331520,188608,2245780,9735.000,1619.667,0,267.945,0,22.995,1198,1679,0.680,1.310,0.990,0,0,0,0,0,18,300,1,4,0
17-06 11:20:02,1.750,0.500,96.250,0.250,0,5234788,331520,188608,2245780,8520.039,1620.007,0,140.001,0,18.000,1265,1726,0.630,1.290,0.980,0,0,0,0,0,18,300,1,4,0
17-06 11:20:03,1.000,0.250,97.530,0,0,5234784,331520,188608,2245784,8882.690,1620.491,0,0,0,0,969,1310,0.630,1.290,0.980,0,0,0,0,0,18,300,1,4,0
17-06 11:20:04,0.500,0.500,97.740,0,0,5234784,331520,188608,2245784,8097.213,1673.837,0,7.999,0,1.000,934,1297,0.630,1.290,0.980,0,0,0,0,0,18,300,1,4,0
17-06 11:20:05,1.250,0.750,96.989,0,0,5234784,331520,188608,2245784,8371.019,1511.823,0,323.962,0,21.997,1037,1476,0.630,1.290,0.980,0,0,0,0,0,18,300,1,4,0
17-06 11:20:06,1.500,0.500,97.001,0,0,5234784,331520,188608,2245784,9243.119,1566.020,0,624.008,0,132.002,1023,1333,0.630,1.290,0.980,1,0,0,0,0,18,300,1,4,0
17-06 11:20:07,1.500,0.250,97.002,0,0.250,5234780,331520,188608,2245788,7982.205,1620.042,0,0,0,0,1025,1342,0.580,1.270,0.980,1,0,2.000,0,0,18,300,1,4,0
17-06 11:20:08,1.250,1.000,96.994,0,0,5234780,331520,188608,2245788,7369.515,647.957,0,4.000,0,1.000,1043,1379,0.580,1.270,0.980,0,0,0,0,0,18,300,1,4,0
17-06 11:20:09,1.238,0.495,96.537,0,0,5234792,331520,188608,2245776,7097.222,855.469,0,0,0,0,1036,1360,0.580,1.270,0.980,0,0,1.980,0,0,18,300,0,4,0
17-06 11:20:10,1.518,1.012,97.122,0,0,5234792,331520,188608,2245776,8012.530,1681.417,0,121.402,0,7.082,1021,1314,0.580,1.270,0.980,0,0,1.012,0,0,18,300,0,4,0
17-06 11:20:11,1.997,0.250,96.093,0,0,5234788,331520,188608,2245780,7163.270,1455.616,0,47.922,0,5.990,1072,1346,0.580,1.270,0.980,0,0,0,0,0,18,300,0,4,0
17-06 11:20:12,2.500,1.000,94.752,0.250,0,5234784,331520,188608,2245784,7018.166,1674.039,0,224.005,0,29.001,1537,2130,0.530,1.250,0.970,0,0,0,0,0,18,300,0,4,0
17-06 11:20:13,1.500,0.500,96.732,0,0,5234780,331520,188608,2245788,7096.690,1457.731,0,307.943,0,20.996,1118,1577,0.530,1.250,0.970,1,0,0,0,0,18,300,0,4,0
17-06 11:20:14,1.249,0.749,96.391,0,0.250,5234780,331520,188608,2245788,7431.581,1618.167,0,1110.742,0,14.983,937,1210,0.530,1.250,0.970,0,0,0,0,0,18,300,0,4,0
17-06 11:20:15,1.752,0.751,95.614,0,0,5234780,331520,188608,2245788,7885.428,1513.810,0,192.230,0,13.016,1306,1738,0.530,1.250,0.970,2,0,0,0,0,18,300,0,4,0
17-06 11:20:16,1.500,0.500,96.486,0.500,0,5234780,331520,188608,2245788,7933.828,1673.753,0,255.962,0,22.997,1254,1757,0.530,1.250,0.970,2,0,0,0,0,18,300,0,4,0
17-06 11:20:17,1.250,0.750,97.026,0.250,0,5234776,331520,188608,2245792,7640.018,1458.385,0,32.008,0,3.001,986,1282,0.490,1.230,0.970,0,0,0,0,0,18,300,0,4,0
17-06 11:20:18,1.494,0.249,96.622,0,0,5234776,331520,188608,2245792,7590.314,1613.689,0,0,0,0,910,1232,0.490,1.230,0.970,0,0,0,0,0,18,300,0,4,0
17-06 11:20:19,14.056,7.028,77.558,0.251,0,5261520,304404,188612,2246160,8114.239,1518.031,883.510,55568.782,19.076,99.395,2314,1813,0.490,1.230,0.970,0,0,6.024,0,0,18,300,0,4,0
17-06 11:20:20,25.755,9.252,61.261,2.750,0,5278832,284720,188976,2248168,7427.311,1566.276,2860.505,20.004,511.090,3.001,3513,3000,0.490,1.230,0.970,1,0,12.002,0,0,18,300,0,4,0
17-06 11:20:21,15.753,3.001,79.517,0,0,5270604,292888,188976,2248228,17132.724,10739.334,40.009,1072.233,4.001,24.005,2932,3183,0.490,1.230,0.970,2,0,5.001,0,0,18,300,0,6,0
17-06 11:20:22,13.546,3.512,81.273,0.502,0,5261376,301700,188976,2248644,18090.792,12017.383,76.256,2074.973,5.017,344.156,2897,2935,0.530,1.220,0.970,3,0,5.017,0,0,18,300,0,8,0
17-06 11:20:23,13.186,3.483,81.108,0.249,0,5257528,305532,188976,2248660,17993.965,12047.726,0,103.499,0,11.942,2560,2614,0.530,1.220,0.970,2,0,4.976,0,0,18,300,0,9,0
17-06 11:20:24,18.222,6.241,73.888,0,0,5251104,311780,188976,2248836,16341.316,10654.905,27.958,131.801,2.995,16.974,3839,13672,0.530,1.220,0.970,3,0,40.938,0,0,18,300,0,11,0
17-06 11:20:25,14.532,4.510,79.926,0.251,0,5246288,316452,188980,2248976,17516.490,12111.614,0,252.555,0,20.044,2519,2568,0.530,1.220,0.970,1,0,5.011,0,0,18,300,0,12,0
17-06 11:20:26,21.844,4.519,72.311,0,0,5225980,336716,188980,2249020,18113.951,12188.451,8.035,208.899,1.004,21.091,3084,2929,0.530,1.220,0.970,6,0,20.086,0,0,18,296,0,15,0
17-06 11:20:27,41.507,10.190,47.472,0,0,4991008,571344,188980,2249388,7251.465,1503.183,286.321,0,4.971,0,3249,2284,0.650,1.240,0.970,3,0,7.953,0,0,18,284,0,16,0
17-06 11:20:28,65.671,12.581,21.890,0,0,5110568,451908,188980,2249384,7351.162,1630.460,44.284,120.775,7.045,12.077,4193,2525,0.650,1.240,0.970,3,0,2.013,0,0,18,284,0,16,0
17-06 11:20:29,85.860,11.071,2.460,0.246,0.246,5108500,453500,188988,2249900,6849.115,1594.191,318.838,1255.671,18.697,104.311,4994,2366,0.650,1.240,0.970,5,0,6.888,0,0,18,278,0,16,0
17-06 11:20:30,73.855,10.370,14.670,0,0,5111620,449776,188988,2250500,7239.859,1529.719,0,283.281,0,19.223,5202,4946,0.650,1.240,0.970,5,0,5.059,0,0,18,270,0,21,0
17-06 11:20:31,65.127,13.777,20.791,0.501,0,5058692,501920,188988,2251404,7834.289,1623.168,116.227,1611.144,9.018,129.252,6149,7610,0.650,1.240,0.970,5,0,8.016,0,0,18,259,0,22,0
17-06 11:20:32,41.182,7.737,48.919,0.250,0,5140308,418896,188988,2252812,6487.213,1455.580,227.622,8645.625,23.960,1054.247,5426,9384,0.760,1.250,0.980,2,0,0.998,0,0,18,267,0,23,0
17-06 11:20:33,23.257,3.251,72.521,0.250,0,5195288,362888,189004,2253824,6901.999,1620.469,568.165,100.029,47.014,8.002,2166,1770,0.760,1.250,0.980,2,0,0,0,0,18,267,0,25,0
17-06 11:20:34,22.751,6.250,68.754,0,0,5276548,280736,189004,2254716,56530.306,19660.150,96.006,452.026,5.000,36.002,4662,7189,0.760,1.250,0.980,1,0,2.000,0,0,18,278,0,28,0
17-06 11:20:35,5.747,0.999,91.696,0.500,0,5277276,279980,189004,2254744,20083.268,3982.674,0,367.785,0,37.978,2311,3446,0.760,1.250,0.980,0,0,0,0,0,18,281,0,28,0
17-06 11:20:36,1.250,1.000,96.479,0,0,5277276,279980,189004,2254744,7621.316,1565.654,0,347.923,0,14.997,1109,1468,0.760,1.250,0.980,0,0,0,0,0,18,281,0,28,0
17-06 11:20:37,1.999,0.500,96.454,0,0,5277276,279980,189004,2254744,7186.553,1349.353,0,119.942,0,9.995,1096,1399,0.700,1.230,0.980,0,0,0,0,0,18,281,0,28,0
17-06 11:20:38,1.499,0.750,96.186,0.250,0,5277276,279980,189004,2254744,6161.903,701.534,0,751.500,0,56.962,1113,1670,0.700,1.230,0.980,0,0,0,0,0,18,281,0,28,0
17-06 11:20:39,10.255,2.501,85.292,1.000,0,5277680,279488,189004,2254832,7309.596,1608.792,12.006,896.441,3.001,60.030,2701,3521,0.700,1.230,0.980,1,0,0,0,0,18,281,0,28,0
17-06 11:20:40,1.249,0.999,96.147,0.250,0,5277680,279488,189004,2254832,7012.451,1672.200,0,2129.707,0,101.890,1249,1847,0.700,1.230,0.980,0,0,0,0,0,18,281,0,28,0
17-06 11:20:41,1.503,0.501,96.664,0,0,5277932,279236,189004,2254832,7018.887,1568.657,0,28.047,0,4.007,933,1280,0.700,1.230,0.980,0,0,1.002,0,0,18,281,0,28,0
17-06 11:20:42,2.501,0.750,95.774,0,0,5277932,279236,189004,2254832,7261.826,1662.418,0,128.032,0,17.004,1239,1667,0.640,1.210,0.970,1,0,0,0,0,18,281,0,28,0
17-06 11:20:43,2.250,1.250,95.261,0,0,5278760,278228,189004,2255012,7378.883,1674.200,176.021,176.021,9.001,11.001,1223,1459,0.640,1.210,0.970,0,0,6.001,0,0,18,281,0,27,0
17-06 11:20:44,1.000,0.750,96.245,0.500,0,5278728,278228,189004,2255044,6779.647,1619.916,31.998,147.992,2.000,15.999,1154,1739,0.640,1.210,0.970,0,0,0,0,0,18,281,0,27,0
17-06 11:20:45,2.499,1.250,95.230,0.250,0,5278716,278228,189004,2255056,7258.445,1673.641,0,235.949,0,35.992,1577,2266,0.640,1.210,0.970,0,0,0,0,0,18,281,0,27,0
17-06 11:20:46,1.750,0.250,95.482,0,0,5278712,278228,189004,2255060,7275.597,1619.688,0,263.949,0,31.994,1413,2103,0.640,1.210,0.970,0,0,0,0,0,18,281,0,27,0
17-06 11:20:47,1.250,0.750,97.017,0,0,5278712,278228,189004,2255060,6359.095,1744.300,0,104.018,0,8.001,997,1301,0.590,1.190,0.960,0,0,0,0,0,18,281,0,27,0
17-06 11:20:48,2.501,0.500,96.050,0.250,0,5278712,278228,189004,2255060,6889.610,1566.821,0,100.052,0,13.007,1206,1635,0.590,1.190,0.960,0,0,1.001,0,0,18,281,0,27,0
17-06 11:20:49,1.250,0.500,96.228,0.750,0,5278708,278228,189004,2255064,6700.477,1697.614,0,871.802,0,62.986,1242,1792,0.590,1.190,0.960,0,0,0,0,0,18,281,0,27,0
17-06 11:20:50,1.250,0.500,97.247,0,0,5278704,278228,189004,2255068,6851.754,1751.937,0,43.998,0,6.000,997,1360,0.590,1.190,0.960,0,0,0,0,0,18,281,0,27,0
17-06 11:20:51,1.250,0.500,97.249,0,0,5278704,278228,189004,2255068,7286.941,1619.987,0,0,0,0,968,1313,0.590,1.190,0.960,0,0,1.000,0,0,18,281,0,27,0
17-06 11:20:52,2.000,1.000,96.495,0,0,5278736,278228,189004,2255068,6897.665,1673.919,0,95.995,0,11.999,1328,1801,0.540,1.170,0.960,0,0,0,0,0,18,281,0,27,0
17-06 11:20:53,1.000,0.500,96.491,0,0,5278732,278228,189004,2255072,6437.390,1457.862,0,4159.606,0,547.948,1180,1530,0.540,1.170,0.960,0,0,0,0,0,18,281,0,27,0
17-06 11:20:54,1.750,0.500,96.747,0,0,5278732,278228,189004,2255072,6539.769,1619.943,0,59.998,0,7.000,1001,1329,0.540,1.170,0.960,0,0,0,0,0,18,281,0,27,0
17-06 11:20:55,2.249,1.000,95.473,0.250,0,5278728,278228,189004,2255076,6684.137,1511.579,0,263.926,0,31.991,1547,2153,0.540,1.170,0.960,1,0,0,0,0,18,281,0,27,0
17-06 11:20:56,1.750,0.750,95.982,0.500,0,5278728,278228,189004,2255076,7283.654,1673.691,0,1687.688,0,38.993,1233,1758,0.540,1.170,0.960,0,0,1.000,0,0,18,281,0,27,0
17-06 11:20:57,1.501,0.500,97.057,0,0,5278728,278228,189004,2255076,7222.264,1458.861,0,20.012,0,1.001,988,1267,0.500,1.150,0.950,0,0,0,0,0,18,281,0,27,0
17-06 11:20:58,1.000,0.750,97.489,0,0.250,5278728,278228,189004,2255076,6959.223,1619.819,0,0,0,0,972,1235,0.500,1.150,0.950,0,0,0,0,0,18,281,0,27,0
17-06 11:20:59,1.250,0.500,97.228,0,0,5278728,278228,189004,2255076,6916.411,1457.665,0,167.961,0,12.997,971,1314,0.500,1.150,0.950,0,0,0,0,0,18,281,0,27,0
17-06 11:21:00,1.500,0.750,96.280,0,0,5278724,278228,189004,2255080,6786.104,1714.532,0,84.026,0,12.004,1279,1763,0.500,1.150,0.950,0,0,0,0,0,18,281,0,27,0
17-06 11:21:01,3.767,4.269,90.406,0.502,0,5284236,272312,189144,2255300,7022.545,1703.653,638.870,261.173,70.316,24.108,2050,2418,0.500,1.150,0.950,2,0,39.176,0,0,18,281,0,27,0
17-06 11:21:02,41.757,6.959,49.959,0.249,0,4956532,599588,189144,2255828,6800.405,2139.543,115.329,159.074,5.965,14.913,3854,2814,0.700,1.180,0.970,1,0,40.763,0,0,18,277,0,29,0
17-06 11:21:03,22.018,4.254,72.311,0,0,5005392,550688,189144,2255904,6323.303,1959.643,72.060,0,5.004,0,2147,1769,0.700,1.180,0.970,1,0,0,0,0,18,277,0,29,0
17-06 11:21:04,23.530,5.006,70.589,0,0,5069524,485716,189144,2256764,7100.948,1754.210,188.237,0,11.014,0,3443,4856,0.700,1.180,0.970,2,0,10.013,0,0,18,279,0,30,0
17-06 11:21:05,22.998,5.749,70.993,0,0,5181844,373128,189144,2257032,7091.309,1751.829,0,823.920,0,106.990,2942,2682,0.700,1.180,0.970,1,0,12.999,0,0,18,281,0,31,0
17-06 11:21:06,23.961,2.995,72.133,0,0,5228684,326280,189148,2257036,7444.919,1841.013,3.994,555.099,0.998,41.932,2283,1910,0.700,1.180,0.970,2,0,0,0,0,18,281,0,31,0
17-06 11:21:07,8.506,1.501,88.561,0,0,5242396,312380,189148,2257224,6304.355,1621.120,0,8.006,0,2.001,1380,1410,0.640,1.160,0.960,0,0,1.001,0,0,18,281,0,31,0
17-06 11:21:08,1.000,0.500,97.780,0,0,5238600,316176,189148,2257224,5941.828,1620.498,0,4.001,0,1.000,855,1226,0.640,1.160,0.960,1,0,0,0,0,18,281,0,31,0
17-06 11:21:09,1.000,0.750,97.272,0.250,0,5236076,318696,189148,2257228,5701.297,1620.369,4.001,176.040,1.000,13.003,895,1275,0.640,1.160,0.960,0,0,0,0,0,18,281,0,31,0
17-06 11:21:10,0.999,0.500,97.178,0,0,5232232,322540,189148,2257228,5364.032,1456.922,0,235.826,0,6.995,936,1309,0.640,1.160,0.960,0,0,0.999,0,0,18,281,0,31,0
17-06 11:21:11,0.750,0.500,97.498,0,0,5225952,328820,189148,2257228,5656.858,1619.959,0,59.998,0,6.000,908,1328,0.640,1.160,0.960,0,0,1.000,0,0,18,281,0,31,0
17-06 11:21:12,1.749,0.750,96.222,0.250,0,5220420,334348,189148,2257232,5218.473,1709.500,0,95.972,0,11.996,1242,1706,0.590,1.140,0.950,0,0,0,0,0,18,281,0,31,0
17-06 11:21:13,0.750,0.750,97.301,0,0,5215504,339264,189148,2257232,5286.762,1404.734,0,760.397,0,115.060,951,1324,0.590,1.140,0.950,1,0,0,0,0,18,281,0,31,0
17-06 11:21:14,1.249,0.750,96.952,0,0,5208608,346156,189148,2257236,5151.443,1273.368,0,79.960,0,8.996,990,1353,0.590,1.140,0.950,0,0,0,0,0,18,281,0,31,0
17-06 11:21:15,2.251,0.750,95.295,0.250,0,5205208,349544,189148,2257248,6062.858,1620.764,0,228.108,0,33.016,1520,2165,0.590,1.140,0.950,0,0,0,0,0,18,281,0,31,0
17-06 11:21:16,2.000,0.750,95.748,0.500,0,5202240,352504,189152,2257252,6814.858,1457.970,0,503.990,0,47.999,1477,2229,0.590,1.140,0.950,0,0,0,0,0,18,281,0,31,0
17-06 11:21:17,1.498,0.499,96.648,0,0,5199848,354896,189152,2257252,6413.249,1618.297,0,31.966,0,2.997,1111,1533,0.540,1.120,0.950,0,0,0,0,0,18,281,0,31,0
17-06 11:21:18,1.000,0.250,97.766,0,0,5196756,357988,189152,2257252,6319.042,1458.240,0,0,0,0,899,1276,0.540,1.120,0.950,1,0,0,0,0,18,281,0,31,0
17-06 11:21:19,1.255,0.753,97.625,0,0,5195608,359136,189152,2257252,6412.642,1463.624,0,305.173,0,23.089,1034,1406,0.540,1.120,0.950,0,0,0,0,0,18,281,0,31,0
17-06 11:21:20,0.749,0.499,96.829,0,0,5193652,361092,189152,2257252,7333.073,1880.685,0,3.993,0,0.998,1021,1376,0.540,1.120,0.950,0,0,0,0,0,18,281,0,31,0
17-06 11:21:21,1.498,0.499,96.881,0,0,5193820,360924,189152,2257252,6566.936,1456.212,0,0,0,0,998,1346,0.540,1.120,0.950,0,0,0.999,0,0,18,281,0,31,0
17-06 11:21:22,4.251,1.250,94.523,0.250,0,5193816,360924,189152,2257256,5839.402,1548.372,0,112.027,0,17.004,1468,1927,0.580,1.120,0.950,0,0,1.000,0,0,18,283,0,31,0
17-06 11:21:23,4.000,2.500,90.757,0.500,0,5191412,362276,189152,2258316,4908.388,877.069,1048.083,4504.356,26.002,564.045,1835,2228,0.580,1.120,0.950,0,0,7.001,0,0,18,284,1,31,0
17-06 11:21:24,6.748,4.249,87.974,0,0,5178660,375028,189152,2258316,5873.289,1977.424,0,0,0,0,2350,7511,0.580,1.120,0.950,0,0,36.989,0,0,18,283,1,26,0
17-06 11:21:25,3.000,1.500,94.004,0.250,0,5176696,376984,189156,2258320,6229.282,3095.140,4.000,336.015,1.000,57.003,1605,2185,0.580,1.120,0.950,1,0,3.000,0,0,18,284,0,27,0
17-06 11:21:26,2.997,0.999,94.654,0,0,5176944,376732,189160,2258320,6753.165,3212.748,0,739.252,0,36.963,1374,1793,0.580,1.120,0.950,0,0,1.998,0,0,18,284,0,28,0
17-06 11:21:27,3.752,2.001,91.538,1.000,0,5180268,373384,189160,2258344,7093.924,3635.498,0,2392.986,0,147.061,1826,2518,0.530,1.100,0.940,0,0,4.002,0,0,18,283,2,28,0
17-06 11:21:28,4.500,1.250,93.260,0.250,0,5180272,373380,189160,2258344,6879.701,3119.318,0,888.091,0,174.018,1712,1852,0.530,1.100,0.940,3,0,6.001,0,0,18,283,1,24,1
17-06 11:21:29,2.755,1.753,94.921,0.250,0,5179956,373676,189160,2258364,6638.969,3362.061,0,144.260,0,15.027,1463,1941,0.530,1.100,0.940,0,0,4.007,0,0,18,284,0,26,0
17-06 11:21:30,1.746,0.499,95.795,0,0,5180204,373424,189160,2258368,6714.656,3434.663,0,91.804,0,11.974,1253,1769,0.530,1.100,0.940,0,0,0.998,0,0,18,284,0,26,0
17-06 11:21:31,1.751,1.001,96.800,0,0,5178420,375208,189160,2258368,5821.985,1674.859,0,132.068,0,18.009,1281,1795,0.530,1.100,0.940,0,0,1.001,0,0,18,283,0,26,0
17-06 11:21:32,3.515,5.273,90.397,0,0,5183948,369672,189160,2258376,5530.312,1663.312,0,261.148,0,23.102,2664,2969,0.490,1.080,0.940,1,0,141.623,0,0,18,283,0,26,0
17-06 11:21:33,16.695,9.718,71.514,0.498,0,5243336,310264,189160,2258396,5533.717,1507.021,3.987,115.618,0.997,7.974,3594,3014,0.490,1.080,0.940,2,0,169.440,0,0,18,283,0,17,0
17-06 11:21:34,19.557,3.510,76.472,0.251,0,5280836,272728,189160,2258432,11691.940,7354.349,32.093,8.023,2.006,1.003,2286,2057,0.490,1.080,0.940,1,0,0,0,0,18,284,0,17,0
17-06 11:21:35,21.423,3.737,71.743,0.249,0,5280720,272476,189160,2258800,10076.850,5616.850,175.371,1211.653,9.964,130.532,5627,7967,0.490,1.080,0.940,3,0,0.996,0,0,18,284,0,19,0
17-06 11:21:36,42.065,9.264,47.574,0.250,0,5325944,227128,189164,2258920,7434.506,2906.498,52.081,620.961,4.006,67.104,4253,4094,0.490,1.080,0.940,3,0,26.040,0,0,18,283,0,20,0
17-06 11:21:37,33.790,6.508,59.320,0,0,5382988,169924,189172,2259072,34459.409,29930.098,112.131,260.305,5.006,10.012,3282,2841,0.610,1.100,0.940,1,0,4.005,0,0,18,285,0,22,0
17-06 11:21:38,12.207,3.737,82.210,0.747,0.249,5384000,168868,189172,2259116,15825.180,10763.036,31.888,286.988,1.993,18.933,2155,2094,0.610,1.100,0.940,0,0,34.877,0,0,18,283,0,26,0
17-06 11:21:39,1.501,1.001,96.799,0,0,5378020,174844,189172,2259120,6155.091,1638.823,0,112.056,0,10.005,1052,1344,0.610,1.100,0.940,0,0,0,0,0,18,283,0,26,0
17-06 11:21:40,1.501,0.500,96.034,0.750,0,5367648,185176,189172,2259160,5780.027,1458.511,0,2692.944,0,160.056,1391,2138,0.610,1.100,0.940,0,0,0,0,0,18,283,0,26,0
17-06 11:21:41,1.750,0.750,96.476,0,0,5358136,194688,189172,2259160,6075.460,1661.579,0,95.976,0,5.998,1062,1399,0.610,1.100,0.940,0,0,1.000,0,0,18,283,0,26,0
17-06 11:21:42,2.250,1.250,96.004,0,0,5349808,203016,189172,2259160,5658.238,1458.061,0,128.005,0,16.001,1220,1757,0.560,1.080,0.940,0,0,0,0,0,18,283,0,26,0
17-06 11:21:43,2.250,1.500,94.512,0,0,5343600,209212,189172,2259172,11832.560,2943.388,0,176.023,0,11.001,1329,1513,0.560,1.080,0.940,0,0,6.001,0,0,18,283,0,26,0
17-06 11:21:44,1.749,0.500,96.210,0.250,0,5337804,215008,189172,2259172,5063.903,1025.575,0,2327.036,0,419.826,1286,1396,0.560,1.080,0.940,0,0,0,0,0,18,283,0,26,0
17-06 11:21:45,2.751,1.000,94.782,0.250,0,5332532,220276,189172,2259176,5757.944,1566.529,0,340.115,0,39.013,1552,2240,0.560,1.080,0.940,0,0,0,0,0,18,283,0,26,0
17-06 11:21:46,2.489,1.245,93.837,0.249,0,5327916,224884,189172,2259184,6408.780,1612.898,0,661.089,0,70.689,1572,2449,0.560,1.080,0.940,1,0,0.996,0,0,18,283,0,26,0
17-06 11:21:47,1.507,0.502,96.446,0,0,5323884,228912,189172,2259188,5726.502,1627.532,0,212.986,0,12.056,1031,1350,0.600,1.080,0.940,0,0,0,0,0,18,283,0,26,0
17-06 11:21:48,1.500,0.750,96.976,0.250,0,5320352,232440,189172,2259192,5698.590,1619.599,0,67.983,0,5.999,986,1341,0.600,1.080,0.940,0,0,0,0,0,18,283,0,26,0
17-06 11:21:49,1.251,0.250,96.551,0,0,5315856,236936,189172,2259192,5342.844,1620.863,0,452.241,0,32.017,998,1432,0.600,1.080,0.940,0,0,0,0,0,18,283,0,26,0
17-06 11:21:50,1.250,0.500,97.252,0,0,5312892,239892,189172,2259200,5640.088,1620.025,0,136.002,0,10.000,1048,1559,0.600,1.080,0.940,0,0,0,0,0,18,283,0,26,0
17-06 11:21:51,1.000,0.500,96.991,0,0,5311296,241488,189172,2259200,5674.468,1817.829,0,75.993,0,4.000,969,1326,0.600,1.080,0.940,0,0,1.000,0,0,18,283,0,26,0
17-06 11:21:52,1.750,0.750,96.246,0.250,0,5309904,242876,189172,2259204,5611.758,1511.935,0,155.993,0,20.999,1238,1789,0.550,1.060,0.930,0,0,0,0,0,18,283,0,26,0
17-06 11:21:53,1.000,0.500,97.483,0.250,0,5308668,244112,189172,2259204,5565.039,1565.730,0,251.957,0,14.997,928,1337,0.550,1.060,0.930,0,0,0,0,0,18,283,0,26,0
17-06 11:21:54,1.250,0.750,97.272,0,0,5307780,245000,189172,2259204,5729.308,1458.333,0,32.007,0,4.001,944,1302,0.550,1.060,0.930,0,0,0,0,0,18,283,0,26,0
17-06 11:21:55,2.249,0.500,95.467,0.250,0,5307608,245164,189176,2259208,5614.072,1295.555,0,219.924,0,29.990,1481,2131,0.550,1.060,0.930,0,0,0,0,0,18,283,0,26,0
17-06 11:21:56,2.249,1.000,94.474,0,0,5307604,245164,189180,2259208,5973.379,1457.605,0,439.881,0,44.988,1390,2089,0.550,1.060,0.930,0,0,0,0,0,18,283,0,26,0
17-06 11:21:57,1.250,0.750,97.017,0.250,0,5307604,245164,189180,2259208,6001.072,1620.289,0,452.081,0,70.013,956,1303,0.500,1.040,0.930,1,0,0,0,0,18,283,0,26,0
17-06 11:21:58,1.500,0.750,97.258,0,0,5307852,244912,189180,2259212,5658.486,1458.125,0,108.009,0,7.001,943,1309,0.500,1.040,0.930,0,0,0,0,0,18,283,0,26,0
17-06 11:21:59,2.000,0.250,96.266,0,0,5307368,245396,189180,2259212,4582.780,962.164,0,0,0,0,1016,1322,0.500,1.040,0.930,0,0,0,0,0,18,283,0,26,0
17-06 11:22:00,1.999,0.750,95.725,0.250,0,5307368,245396,189180,2259212,5512.545,1443.619,0,427.887,0,38.990,1297,1889,0.500,1.040,0.930,1,0,0,0,0,18,283,0,26,0
17-06 11:22:01,1.500,1.000,95.757,0.250,0,5307620,245144,189180,2259212,6289.471,1512.113,0,256.019,0,23.002,1323,1834,0.500,1.040,0.930,0,0,1.000,0,0,18,283,0,26,0
17-06 11:22:02,2.000,0.750,96.764,0.250,0,5307616,245144,189180,2259216,5898.831,1458.205,0,92.013,0,13.002,1217,1653,0.460,1.020,0.920,0,0,0,0,0,18,283,0,26,0
17-06 11:22:03,1.250,0.500,97.008,0,0,5307616,245144,189180,2259216,5708.499,1188.104,0,0,0,0,892,1261,0.460,1.020,0.920,0,0,0,0,0,18,283,0,26,0
17-06 11:22:04,1.000,0.500,97.007,0,0,5307616,245144,189180,2259216,4918.374,918.070,0,768.058,0,174.013,1067,1391,0.460,1.020,0.920,2,0,2.000,0,0,18,283,0,26,0
17-06 11:22:05,2.249,0.999,95.200,0.250,0,5307596,245144,189180,2259236,6116.790,1619.150,0,507.734,0,51.973,1494,2295,0.460,1.020,0.920,0,0,0,0,0,18,283,0,22,0
17-06 11:22:06,1.750,1.000,95.515,0.500,0,5307596,245144,189180,2259236,6215.993,1818.291,0,3404.544,0,159.025,1471,2275,0.460,1.020,0.920,0,0,0,0,0,18,283,0,22,0
17-06 11:22:07,1.250,0.750,97.247,0,0,5307596,245144,189180,2259236,5671.823,1511.953,0,103.997,0,9.000,975,1309,0.510,1.020,0.920,0,0,0,0,0,18,283,0,22,0
17-06 11:22:08,2.249,1.499,94.212,0.250,0,5308052,244684,189180,2259240,5623.717,1565.365,0,63.974,0,4.998,1264,1456,0.510,1.020,0.920,0,0,17.993,0,0,18,283,0,22,0
17-06 11:22:09,1.501,0.500,97.305,0,0,5307800,244936,189180,2259240,5695.244,1620.923,0,180.103,0,14.008,947,1328,0.510,1.020,0.920,0,0,0,0,0,18,283,0,22,0
17-06 11:22:10,1.750,0.750,96.746,0,0,5307800,244936,189180,2259240,5425.798,1619.940,0,47.998,0,6.000,1003,1330,0.510,1.020,0.920,0,0,0,0,0,18,283,0,22,0
17-06 11:22:11,0.750,0.250,96.985,0,0,5307800,244936,189180,2259240,5896.062,1619.742,0,51.992,0,6.999,1016,1382,0.510,1.020,0.920,0,0,1.000,0,0,18,283,0,22,0
17-06 11:22:12,3.250,1.500,94.764,0.250,0,5307796,244936,189180,2259244,5520.790,1620.232,0,248.036,0,30.004,1519,2146,0.470,1.010,0.920,0,0,0,0,0,18,283,0,22,0
17-06 11:22:13,0.750,0.250,97.247,0.250,0,5307792,244936,189180,2259248,5579.833,1619.951,0,287.991,0,16.000,998,1399,0.470,1.010,0.920,0,0,0,0,0,18,283,0,22,0
17-06 11:22:14,1.000,0.500,97.277,0,0,5307792,244936,189180,2259248,5707.586,1686.469,0,36.010,0,5.001,982,1346,0.470,1.010,0.920,0,0,0,0,0,18,283,0,22,0
17-06 11:22:15,2.500,0.750,95.488,0.250,0,5308012,244712,189180,2259252,5611.276,1511.805,0,823.894,0,169.978,1572,2248,0.470,1.010,0.920,0,0,0,0,0,18,283,0,22,0
17-06 11:22:16,1.750,0.750,95.503,0.250,0,5308012,244712,189180,2259252,6507.216,1620.054,0,584.019,0,52.002,1516,2254,0.470,1.010,0.920,0,0,0,0,0,18,283,0,22,0
17-06 11:22:17,1.248,0.749,96.847,0,0,5308012,244712,189180,2259252,6170.254,1617.445,0,0,0,0,914,1282,0.430,0.990,0.910,0,0,0,0,0,18,283,0,22,0
17-06 11:22:18,1.502,0.501,97.128,0,0,5308012,244712,189180,2259252,6114.041,1568.062,0,28.037,0,1.001,968,1310,0.430,0.990,0.910,0,0,0,0,0,18,283,0,22,0
17-06 11:22:19,1.500,0.250,97.275,0,0,5308012,244712,189180,2259252,5409.372,1188.301,0,0,0,0,887,1213,0.430,0.990,0.910,0,0,0,0,0,18,283,0,22,0
17-06 11:22:20,1.250,1.000,97.028,0,0,5308012,244712,189180,2259252,5511.576,1350.386,0,328.094,0,24.007,977,1349,0.430,0.990,0.910,0,0,0,0,0,18,283,0,22,0
17-06 11:22:21,1.999,0.750,95.969,0,0,5308012,244712,189180,2259252,5823.141,1427.544,0,91.971,0,11.996,1216,1665,0.430,0.990,0.910,0,0,1.000,0,0,18,283,0,22,0
17-06 11:22:22,2.000,0.750,94.749,0.500,0,5308004,244712,189180,2259260,4895.945,875.990,0,355.996,0,36.000,1276,1795,0.390,0.970,0.910,0,0,0,0,0,18,283,0,22,0
17-06 11:22:23,1.000,0.250,97.521,0,0,5308004,244712,189180,2259260,5913.254,1512.321,0,0,0,0,849,1241,0.390,0.970,0.910,0,0,0,0,0,18,283,0,22,0
17-06 11:22:24,6.984,4.241,88.054,0,0,5302452,250264,189180,2259260,5487.777,1616.400,0,0,0,0,2207,6053,0.390,0.970,0.910,0,0,35.920,0,0,18,283,0,23,0
17-06 11:22:25,2.503,1.001,95.101,0.250,0,5302444,250264,189180,2259268,5724.081,1459.551,0,880.936,0,158.168,1486,2079,0.390,0.970,0.910,0,0,0,0,0,18,283,0,23,0
17-06 11:22:26,4.503,1.001,92.556,0.250,0,5302920,249772,189180,2259284,11629.991,2998.803,0,460.277,0,38.023,1605,1972,0.390,0.970,0.910,2,0,1.001,0,0,18,283,0,20,0
17-06 11:22:27,3.500,1.750,93.492,0,0,5303180,249364,189180,2259432,5477.528,1457.874,0,0,0,0,1487,1832,0.360,0.950,0.900,0,0,3.000,0,0,18,283,0,20,0
17-06 11:22:28,17.761,6.004,75.045,0,0,5328192,224164,189180,2259620,6058.657,2226.344,160.097,40.024,10.006,3.002,3202,3444,0.360,0.950,0.900,0,0,38.023,0,0,18,284,0,20,0
17-06 11:22:29,16.720,2.246,79.855,0,0,5336204,215848,189180,2259932,13454.599,8911.837,3.993,179.674,0.998,14.973,3072,3720,0.360,0.950,0.900,2,0,2.995,0,0,18,288,0,20,0
17-06 11:22:30,8.008,13.013,76.579,0.250,0.250,5324340,227692,189180,2259952,8665.968,4547.706,0,92.095,0,12.012,4316,3465,0.360,0.950,0.900,3,0,185.192,0,0,18,287,0,16,0
17-06 11:22:31,8.522,20.303,68.678,0.251,0,5324756,227076,189180,2260152,10600.516,2101.455,172.448,300.781,3.008,34.088,5524,4453,0.360,0.950,0.900,1,0,277.721,0,0,18,287,0,16,0
17-06 11:22:32,19.955,7.234,70.590,0,0,5360096,191708,189180,2260176,12322.995,2087.257,51.882,1177.324,1.995,74.830,2904,2456,0.410,0.960,0.900,1,0,36.916,0,0,18,287,0,16,0
17-06 11:22:33,22.242,4.248,72.724,0.500,0,5411404,140300,189188,2260264,6297.725,1703.385,23.991,119.957,2.999,9.996,2103,1657,0.410,0.960,0.900,2,0,1.999,0,0,18,287,0,16,0
17-06 11:22:34,21.105,3.517,71.857,2.512,0,5434524,139144,188984,2239272,6052.050,1893.401,3107.429,269.337,314.562,8.040,2495,2404,0.410,0.960,0.900,1,0,0,0,0,18,285,0,16,2
17-06 11:22:35,23.863,4.474,70.098,0.249,0,5422996,150520,188984,2239392,5633.710,1610.768,7.954,962.484,0.994,42.755,2590,2386,0.410,0.960,0.900,1,0,2.983,0,0,18,285,0,16,2
17-06 11:22:36,26.091,4.516,67.485,0.753,0.251,5435204,137976,188984,2239728,6024.010,1571.481,0,3018.528,0,424.480,6640,9058,0.410,0.960,0.900,3,0,0,0,0,18,286,0,16,2
17-06 11:22:37,24.027,3.003,70.329,1.001,0,5442048,130360,188984,2240500,6409.220,1513.705,840.947,620.699,54.061,85.096,4403,5371,0.460,0.960,0.910,1,0,0,0,0,18,291,0,17,2
17-06 11:22:38,14.953,2.243,80.246,0.748,0,5448556,123556,188984,2240796,8738.370,2559.906,95.697,1100.520,5.981,143.546,3530,4992,0.460,0.960,0.910,0,0,0.997,0,0,18,292,0,5,2
17-06 11:22:39,15.744,3.499,75.969,1.999,0,5449820,169156,187416,2195624,10377.732,2753.867,223.908,5445.760,10.995,437.820,4814,6929,0.460,0.960,0.910,0,0,0,0,0,18,292,0,5,2
17-06 11:22:40,7.286,2.512,88.933,0.754,0,5459368,159512,187432,2195704,7632.193,1062.176,32.157,614.997,2.010,63.309,2266,2974,0.460,0.960,0.910,1,0,0,0,0,18,292,0,6,2
17-06 11:22:41,4.729,1.244,90.844,0.498,0,5459200,159544,187448,2195824,12706.213,2983.665,31.858,708.832,1.991,75.662,2195,2945,0.460,0.960,0.910,1,0,0.996,0,0,18,293,0,6,2
17-06 11:22:42,26.264,5.503,65.034,1.501,0,5458964,159292,187468,2196292,5720.958,1458.754,16.008,2025.047,1.001,285.147,7767,11880,0.500,0.960,0.910,2,0,1.001,0,0,18,295,0,9,2
17-06 11:22:43,27.488,5.747,63.471,1.749,0,5459720,158036,187484,2196776,11350.872,2725.769,71.967,4186.109,1.999,380.828,7877,11911,0.500,0.960,0.910,1,0,5.997,0,0,18,294,0,12,2
17-06 11:22:44,4.001,1.250,93.034,0.500,0,5459544,158036,187492,2196944,6044.190,2186.792,0,1748.634,0,121.044,1972,2959,0.500,0.960,0.910,1,0,0,0,0,18,295,0,12,2
17-06 11:22:45,9.738,1.748,85.642,0.749,0,5459432,158036,187520,2197028,11765.218,2916.336,0,1466.158,0,164.793,3371,4771,0.500,0.960,0.910,0,0,0,0,0,18,294,0,12,2
17-06 11:22:46,22.117,5.026,68.863,2.011,0,5459104,158036,187544,2197332,5644.742,1465.723,0,4765.107,0,452.384,7644,11809,0.500,0.960,0.910,1,0,0,0,0,18,295,0,13,2
17-06 11:22:47,23.735,4.247,68.208,1.499,0,5459612,157220,187580,2197604,5706.492,1619.005,0,4829.032,0,302.814,7385,10538,0.540,0.960,0.910,1,0,0,0,0,18,295,0,16,2
17-06 11:22:48,9.464,2.491,85.178,1.245,0,5459520,157220,187592,2197684,6363.910,2120.971,0,3694.016,0,281.933,3553,5587,0.540,0.960,0.910,1,0,0.996,0,0,18,294,0,17,2
17-06 11:22:49,13.250,2.750,81.003,1.250,0,5459784,156728,187612,2197892,6292.208,2184.072,0,1660.055,0,173.006,3746,5191,0.540,0.960,0.910,0,0,0,0,0,18,294,0,18,2
17-06 11:22:50,11.504,2.751,83.528,0.750,0,5459972,156476,187620,2197948,5833.970,2496.843,0,1408.476,0,135.046,3263,4236,0.540,0.960,0.910,0,0,0,0,0,18,294,0,19,2
17-06 11:22:51,7.024,2.007,87.543,1.756,0,5459800,156592,187636,2197988,7249.284,1691.667,148.497,11418.250,8.027,1083.630,3268,4075,0.540,0.960,0.910,2,0,1.003,0,0,18,295,0,19,2
17-06 11:22:52,16.736,1.749,78.933,0.500,0,5459404,156592,187640,2198380,12389.554,3457.085,0,959.191,0,118.900,4022,4975,0.580,0.960,0.910,0,0,0,0,0,18,294,0,20,2
17-06 11:22:53,6.978,1.994,88.965,0.748,0,5459352,156592,187652,2198420,12706.356,3395.140,0,829.347,0,108.652,2715,3793,0.580,0.960,0.910,0,0,0,0,0,18,294,0,20,2
17-06 11:22:54,9.288,1.255,87.606,1.004,0,5459300,156592,187656,2198468,8937.295,2859.613,0,566.300,0,79.322,2461,3256,0.580,0.960,0.910,0,0,0,0,0,18,294,0,20,2
17-06 11:22:55,7.502,1.500,89.276,0.250,0,5459288,156592,187656,2198480,9441.784,2232.658,0,572.169,0,83.024,3027,4397,0.580,0.960,0.910,1,0,0,0,0,18,295,0,20,2
17-06 11:22:56,24.646,4.979,65.723,2.241,0,5459160,156340,187672,2198844,6111.223,1613.195,0,3206.475,0,338.572,8330,12654,0.580,0.960,0.910,1,0,0,0,0,18,295,0,20,2
17-06 11:22:57,24.265,5.253,67.040,1.251,0,5459156,156088,187676,2199096,6215.719,1512.905,0,2761.653,0,263.157,7909,11349,0.610,0.960,0.910,1,0,0,0,0,18,295,0,21,2
17-06 11:22:58,25.960,4.243,66.398,1.747,0,5459288,155584,187680,2199464,6176.515,1683.415,0,2875.584,0,309.525,8403,12923,0.610,0.960,0.910,2,0,0,0,0,18,295,0,22,2
17-06 11:22:59,10.006,2.001,86.052,0.500,0,5459860,154828,187680,2199648,6049.635,1707.026,0,1224.736,0,88.053,3151,4359,0.610,0.960,0.910,1,0,1.001,0,0,18,296,0,22,2
17-06 11:23:00,4.518,1.255,91.368,1.004,0,5460080,154576,187680,2199680,5578.482,1612.498,0,4843.520,0,300.210,2345,3340,0.610,0.960,0.910,0,0,0,0,0,18,296,0,22,2
17-06 11:23:01,5.477,1.743,91.366,0.498,0,5460044,154576,187680,2199716,5918.136,1559.448,0,709.021,0,55.766,2144,2929,0.610,0.960,0.910,2,0,0.996,0,0,18,296,0,22,2
17-06 11:23:02,26.385,5.277,63.828,2.513,0,5459660,154576,187684,2200096,5701.270,1519.803,0,3530.124,0,455.338,8989,14128,0.650,0.960,0.910,1,0,0,0,0,18,296,0,23,2
17-06 11:23:03,23.716,3.745,68.651,1.498,0,5459896,154072,187692,2200356,6396.789,1563.748,0,3443.042,0,299.569,7364,10802,0.650,0.960,0.910,1,0,0,0,0,18,296,0,25,2
17-06 11:23:04,11.967,3.490,81.527,0.748,0,5474876,138728,187692,2200720,5776.166,1507.867,271.256,1400.162,15.956,158.565,4272,6129,0.650,0.960,0.910,0,0,1.995,0,0,18,295,0,26,2
17-06 11:23:05,14.995,2.999,78.476,1.500,0,5479680,133688,187696,2200952,7235.750,2424.246,0,2595.193,0,271.915,4363,6271,0.650,0.960,0.910,0,0,0,0,0,18,295,0,31,2
17-06 11:23:06,5.502,1.501,90.536,0.750,0,5473580,139696,187700,2201040,6897.767,1566.628,64.026,1996.801,4.002,147.059,2190,3148,0.650,0.960,0.910,1,0,0,0,0,18,296,0,32,2
17-06 11:23:07,5.246,1.998,90.675,0.999,0,5463728,149504,187704,2201080,7652.665,2379.031,0,11674.336,0,1130.065,3214,4682,0.590,0.950,0.900,0,0,0,0,0,18,295,0,32,2
17-06 11:23:08,14.560,2.761,81.084,1.255,0,5465904,147276,187704,2201132,7359.283,2250.260,0,5510.676,0,132.545,3568,4712,0.590,0.950,0.900,1,1,0,0,0,18,294,0,34,2
17-06 11:23:09,21.173,2.491,73.482,0.498,0,5467520,145512,187740,2201244,12521.398,3393.641,0,1359.050,0,186.321,4502,5790,0.590,0.950,0.900,0,0,0,0,0,18,295,0,40,2
17-06 11:23:10,9.490,1.748,86.160,0.999,0,5467960,145008,187784,2201264,6640.030,1972.929,31.966,1722.192,0.999,160.831,2904,4013,0.590,0.950,0.900,0,0,0,0,0,18,295,0,41,2
17-06 11:23:11,4.506,1.001,92.624,0.250,0,5467804,145008,187784,2201420,5844.807,1622.167,0,512.685,0,28.037,1422,1746,0.590,0.950,0.900,1,0,1.001,0,0,18,296,0,43,2
17-06 11:23:12,12.236,2.497,83.405,0.499,0,5467940,144756,187848,2201472,12072.259,3402.128,0,1146.695,0,155.823,3371,4689,0.550,0.930,0.900,0,0,0,0,0,18,295,0,44,2
17-06 11:23:13,9.243,1.499,85.687,0.999,0,5468292,144000,187852,2201872,5881.660,1684.757,15.988,1299.041,0.999,143.894,3227,4471,0.550,0.930,0.900,0,0,0,0,0,18,295,0,45,2
17-06 11:23:14,15.022,2.754,79.865,1.252,0,5468976,143248,187852,2201940,5479.886,2524.633,0,1474.121,0,180.259,3513,4736,0.550,0.930,0.900,0,0,0,0,0,18,295,0,50,2
17-06 11:23:15,5.253,2.001,89.303,1.501,0,5468952,143248,187852,2201964,7032.163,1686.999,0,6643.933,0,444.263,3006,4758,0.550,0.930,0.900,1,0,0,0,0,18,296,0,51,2
17-06 11:23:16,14.986,2.498,80.174,1.249,0,5470000,141988,187852,2202176,6782.583,2476.657,0,1214.851,0,180.829,3712,5352,0.550,0.930,0.900,0,0,0,0,0,18,295,0,56,2
17-06 11:23:17,6.503,1.251,90.799,0.250,0,5469976,141988,187852,2202200,6003.225,1620.871,0,680.366,0,61.033,2033,2854,0.580,0.930,0.900,0,0,0,0,0,18,295,0,58,2
17-06 11:23:18,4.994,0.749,91.884,0.250,0,5470460,141484,187852,2202220,6232.151,1617.962,0,535.326,0,48.938,1716,2387,0.580,0.930,0.900,0,0,0,0,0,18,295,0,59,2
17-06 11:23:19,5.254,1.001,92.565,0.250,0.250,5470436,141484,187852,2202244,6590.621,1567.099,0,1889.325,0,55.039,1793,2407,0.580,0.930,0.900,1,0,0,0,0,18,295,0,60,2
17-06 11:23:20,5.752,1.250,91.527,0.250,0,5470416,141484,187852,2202264,6185.794,1404.407,0,568.165,0,49.014,1873,2441,0.580,0.930,0.900,0,0,0,0,0,18,295,0,61,2
17-06 11:23:21,3.747,0.749,94.183,0.250,0,5470912,140980,187852,2202272,4741.620,647.538,0,315.775,0,16.988,1244,1625,0.580,0.930,0.900,3,0,0.999,0,0,18,296,0,62,2
17-06 11:23:22,8.992,1.748,86.175,0.999,0,5470844,140980,187856,2202336,8254.789,3339.083,0,1390.785,0,190.833,3328,4882,0.540,0.920,0.900,0,0,0,0,0,18,295,0,65,2
17-06 11:23:23,13.509,2.001,82.053,1.001,0,5470860,140728,187868,2202560,6946.516,1899.235,0,1468.955,0,194.126,3536,5159,0.540,0.920,0.900,0,0,0,0,0,18,295,0,68,2
17-06 11:23:24,15.743,5.747,75.966,0.250,0,5492604,148000,186136,2175656,6823.975,2424.925,0,607.731,0,48.978,3573,13883,0.540,0.920,0.900,0,0,35.984,0,0,18,295,0,72,2
17-06 11:23:25,8.802,2.012,87.011,1.257,0,5492600,147920,186176,2175736,12466.159,2972.444,0,1472.642,0,200.175,3271,4677,0.540,0.920,0.900,1,0,1.006,0,0,18,298,0,72,2
17-06 11:23:26,10.460,2.241,84.927,0.747,0,5492668,147668,186212,2175884,11802.126,2824.262,0,1550.106,0,160.390,3394,4696,0.540,0.920,0.900,0,0,0,0,0,18,297,0,73,2
17-06 11:23:27,14.984,2.248,78.918,1.249,0,5488744,151304,186256,2176128,6956.737,2422.471,15.983,6401.316,0.999,825.138,3990,5412,0.570,0.920,0.900,0,0,0,0,0,18,297,0,77,2
17-06 11:23:28,10.273,2.255,82.437,2.756,0,5488564,151384,186284,2176200,7499.994,2440.530,0,7905.914,0,548.242,3666,5587,0.570,0.920,0.900,1,0,1.002,0,0,18,297,0,78,2
17-06 11:23:29,5.755,2.002,91.085,0,0,5483208,156720,186284,2176220,5909.524,1525.426,0,292.273,0,17.016,1885,2362,0.570,0.920,0.900,1,0,3.003,0,0,18,298,0,78,2
17-06 11:23:30,13.226,1.996,82.850,0.749,0,5483220,156496,186292,2176440,6680.898,1917.526,0,1149.917,0,134.756,3598,4803,0.570,0.920,0.900,0,0,1.996,0,0,18,297,0,83,2
17-06 11:23:31,12.982,2.497,81.388,0.999,0,5483120,156496,186328,2176504,12552.711,3347.390,0,1198.350,0,150.792,3843,5233,0.570,0.920,0.900,0,0,0.999,0,0,18,297,0,84,2
17-06 11:23:32,13.455,2.243,81.727,0.997,0,5483240,156244,186356,2176608,5621.257,1614.616,0,1096.344,0,128.571,3994,5569,0.610,0.920,0.900,1,0,0,0,0,18,298,0,84,2
17-06 11:23:33,26.451,5.290,63.986,2.267,0.252,5482784,156244,186432,2176988,6227.293,1632.397,32.245,3434.080,1.008,443.367,8646,13714,0.610,0.920,0.900,3,0,0,0,0,18,298,0,84,2
17-06 11:23:34,23.651,5.477,66.223,1.743,0,5482380,156244,186480,2177344,5616.532,1613.259,31.867,6723.905,0.996,486.965,8081,12290,0.610,0.920,0.900,3,0,0,0,0,18,298,0,85,2
17-06 11:23:35,7.499,1.750,88.741,1.000,0,5482300,156244,186508,2177396,5279.478,1619.840,0,2739.729,0,221.978,3161,4977,0.610,0.920,0.900,1,0,0,0,0,18,297,0,86,2
17-06 11:23:36,14.500,3.000,79.248,1.000,0,5482788,155488,186528,2177644,7356.796,2590.928,16.000,1483.959,1.000,200.994,4080,5931,0.610,0.920,0.900,0,0,0,0,0,18,297,0,91,2
17-06 11:23:37,9.247,1.500,86.474,1.000,0,5482724,155488,186556,2177680,7228.844,2511.251,0,1447.568,0,145.956,2821,3916,0.560,0.900,0.890,0,0,0,0,0,18,297,0,93,2
17-06 11:23:38,6.493,0.999,91.154,0.250,0,5482684,155488,186556,2177720,5919.771,1564.354,0,859.096,0,70.925,1971,2617,0.560,0.900,0.890,1,0,0,0,0,18,298,0,94,2
17-06 11:23:39,9.510,2.753,85.341,1.001,0,5482580,155488,186556,2177824,7102.556,2085.218,16.017,1946.070,1.001,167.178,3199,4600,0.560,0.900,0.890,0,0,0,0,0,18,297,0,98,2
17-06 11:23:40,11.254,1.751,84.527,0.750,0,5482708,155236,186564,2177940,12556.948,3395.067,0,1536.483,0,169.053,3484,4772,0.560,0.900,0.890,0,0,0,0,0,18,297,0,98,2
17-06 11:23:41,12.771,2.504,83.140,1.002,0,5482536,155236,186580,2178096,6087.235,1622.728,4.007,1394.344,1.002,142.239,4402,6209,0.560,0.900,0.890,2,0,1.002,0,0,18,298,0,100,2
17-06 11:23:42,27.079,5.516,62.433,2.758,0,5482956,154228,186628,2178636,5596.416,1666.889,0,10009.360,0,838.459,9533,15798,0.670,0.920,0.900,1,0,0,0,0,18,298,0,100,2
17-06 11:23:43,25.654,4.732,66.002,1.245,0,5480972,155844,186640,2178992,11921.167,2985.771,0,7834.536,0,924.523,8466,12114,0.670,0.920,0.900,3,0,5.978,0,0,18,298,0,100,2
17-06 11:23:44,26.322,3.760,66.431,1.504,0,5480972,155592,186656,2179228,5400.750,1570.289,0,2831.734,0,298.816,6773,10129,0.670,0.920,0.900,3,0,1.003,0,0,18,298,0,93,2
17-06 11:23:45,24.666,4.983,66.273,1.495,0,5480864,155340,186660,2179584,5269.976,1183.951,0,3173.147,0,349.804,7837,11699,0.670,0.920,0.900,1,0,0,0,0,18,298,0,96,2
17-06 11:23:46,24.103,5.524,66.785,1.506,0,5481268,154584,186680,2179916,5444.229,1410.016,0,3611.409,0,328.401,7893,11586,0.670,0.920,0.900,1,0,0,0,0,18,298,0,97,2
17-06 11:23:47,25.704,5.989,63.635,2.995,0,5481176,154332,186716,2180224,5528.046,1455.379,0,9502.889,0,777.600,9291,14642,0.700,0.920,0.900,1,0,0,0,0,18,298,0,97,2
17-06 11:23:48,24.190,4.988,67.584,1.247,0,5482324,152820,186768,2180536,5386.743,1616.023,0,3531.309,0,260.359,8143,11714,0.700,0.920,0.900,1,0,0,0,0,18,298,0,93,2
17-06 11:23:49,7.478,1.496,88.745,0.499,0,5482504,152568,186768,2180608,5264.859,1615.354,0,1451.825,0,126.636,2864,4270,0.700,0.920,0.900,0,0,0,0,0,18,297,0,93,2
17-06 11:23:50,6.515,1.754,90.208,0.501,0,5482456,152568,186768,2180656,5370.365,1461.365,0,3010.932,0,116.268,2417,3403,0.700,0.920,0.900,0,0,0,0,0,18,297,0,93,2
17-06 11:23:51,13.762,2.002,80.319,1.501,0,5482968,151816,186780,2180884,6734.813,2472.134,0,2049.769,0,233.201,3971,5657,0.700,0.920,0.900,0,0,1.001,0,0,18,297,0,96,2
17-06 11:23:52,10.001,1.250,87.513,0.250,0,5482960,151816,186780,2180892,5686.828,1566.228,0,1076.157,0,76.011,2429,2945,0.640,0.910,0.890,2,0,0,0,0,18,298,0,96,2
17-06 11:23:53,10.746,1.749,85.220,1.250,0.250,5482832,151816,186804,2180996,13013.472,3296.853,0,1679.416,0,186.935,3311,4671,0.640,0.910,0.890,0,0,0,0,0,18,297,0,98,2
17-06 11:23:54,6.248,1.749,89.723,0.500,0,5483276,151312,186816,2181044,11661.525,2996.107,0,1099.672,0,97.971,2335,3051,0.640,0.910,0.890,1,0,0,0,0,18,297,0,98,2
17-06 11:23:55,12.250,3.250,81.003,1.500,0,5483480,150808,186864,2181296,4686.157,486.016,0,6116.204,0,444.015,4613,6912,0.640,0.910,0.890,0,0,0,0,0,18,297,0,99,2
17-06 11:23:56,9.033,2.258,86.318,1.255,0,5483456,150808,186900,2181284,5890.676,1517.584,0,1698.249,0,161.595,2754,3976,0.640,0.910,0.890,2,0,0,0,0,18,296,0,103,2
17-06 11:23:57,7.214,0.995,89.804,0.498,0,5482632,151528,186908,2181380,7423.095,2562.261,0,1102.519,0,105.476,2313,3344,0.590,0.890,0.890,0,0,0,0,0,18,297,0,104,2
17-06 11:23:58,16.033,2.505,79.162,1.002,0,5482664,151276,186920,2181588,7054.398,2581.268,0,1607.280,0,180.368,3830,5211,0.590,0.890,0.890,3,0,0,0,0,18,297,0,108,2
17-06 11:23:59,6.994,1.249,88.924,0.749,0,5483092,150800,186936,2181620,6540.406,1684.559,0,911.221,0,82.929,2244,2898,0.590,0.890,0.890,0,0,0,0,0,18,297,0,110,2
17-06 11:24:00,7.752,1.750,88.270,0.250,0,5483044,150800,186956,2181648,5885.358,1714.396,0,852.197,0,75.017,2483,3248,0.590,0.890,0.890,0,0,0,0,0,18,297,0,109,2
17-06 11:24:01,4.756,1.001,93.619,0.250,0,5483016,150800,186968,2181664,6190.897,1568.000,0,600.766,0,43.055,1621,2162,0.590,0.890,0.890,2,0,1.001,0,0,18,298,0,111,2
17-06 11:24:02,16.219,2.246,77.603,0.998,0,5482640,151048,187012,2181748,13828.870,3915.601,0,1772.651,0,232.561,4365,6070,0.630,0.890,0.890,0,0,0,0,0,18,297,0,117,2
17-06 11:24:03,15.314,3.515,78.577,1.255,0,5482176,151272,187044,2181956,6517.148,1626.777,0,8407.021,0,1071.463,5479,7304,0.630,0.890,0.890,1,0,0,0,0,18,298,0,118,2
17-06 11:24:04,26.463,5.243,63.411,2.496,0,5481684,151272,187136,2182356,6203.300,1509.882,0,3778.700,0,449.370,8582,13279,0.630,0.890,0.890,1,0,1.997,0,0,18,298,0,114,2
17-06 11:24:05,24.443,5.238,65.846,1.746,0,5481612,151020,187176,2182640,6031.922,1562.354,0,8356.496,0,613.568,8422,12603,0.630,0.890,0.890,1,0,0,0,0,18,298,0,114,2
17-06 11:24:06,4.499,1.250,92.732,1.000,0,5481816,150768,187184,2182680,6287.794,1511.710,0,1631.687,0,119.977,1975,3040,0.630,0.890,0.890,0,0,0,0,0,18,297,0,114,2
17-06 11:24:07,14.248,2.750,80.486,1.000,0,5481940,150544,187196,2182768,7384.726,2527.564,0,1851.681,0,204.965,3830,5597,0.740,0.910,0.900,0,0,0,0,0,18,297,0,118,2
17-06 11:24:08,5.765,1.003,91.484,0.501,0,5481916,150544,187200,2182788,5746.711,1515.880,0,798.043,0,74.190,1905,2676,0.740,0.910,0.900,0,0,0,0,0,18,298,0,114,2
17-06 11:24:09,12.967,2.244,82.539,0.499,0,5482472,149800,187200,2182976,12227.776,3727.482,0,989.473,0,91.766,3017,3932,0.740,0.910,0.900,0,0,0,0,0,18,297,0,119,2
17-06 11:24:10,5.001,1.250,92.016,0.500,0.250,5482460,149800,187200,2182988,7102.218,1983.340,0,804.138,0,78.013,1801,2399,0.740,0.910,0.900,0,0,0,0,0,18,297,0,121,2
17-06 11:24:11,12.250,1.500,84.499,0.500,0,5482428,149800,187200,2183020,5574.934,1908.978,0,699.992,0,56.999,2515,2984,0.740,0.910,0.900,2,0,1.000,0,0,18,296,0,125,2
17-06 11:24:12,7.744,1.499,88.427,0.500,0,5482372,149800,187208,2183068,12291.891,2898.616,0,1346.892,0,168.861,2929,4205,0.680,0.900,0.890,1,0,0,0,0,18,297,0,113,2
17-06 11:24:13,10.005,1.251,86.547,0,0,5484604,147280,187212,2183352,10593.693,3291.769,244.131,644.346,5.003,50.027,2436,2931,0.680,0.900,0.890,0,0,0,0,0,18,297,0,115,2
17-06 11:24:14,7.506,2.002,88.317,1.251,0,5484780,147028,187256,2183384,12259.309,3035.305,0,1385.052,0,164.125,2664,3766,0.680,0.900,0.890,0,0,0,0,0,18,297,2,116,2
17-06 11:24:15,15.543,3.760,77.213,1.003,0,5482052,149472,187280,2183628,7805.562,3526.742,4.011,1985.485,1.003,192.532,5215,7113,0.680,0.900,0.890,1,0,4.011,0,0,18,300,0,117,3
17-06 11:24:16,26.736,5.997,61.719,2.998,0,5480556,150540,187336,2184000,9009.404,13955.881,27.986,9894.952,1.999,853.565,9437,15154,0.680,0.900,0.890,1,0,0,0,0,18,298,0,105,3
17-06 11:24:17,24.168,4.734,67.522,0.997,0,5482244,148524,187344,2184320,7839.474,2745.709,0,2001.229,0,178.396,7540,11158,0.700,0.900,0.890,3,0,0,0,0,18,299,0,106,2
17-06 11:24:18,7.487,1.747,88.346,0.749,0,5482168,148524,187376,2184364,6647.448,2976.827,0,1449.481,0,137.761,2742,4153,0.700,0.900,0.890,0,0,0,0,0,18,298,0,106,2
17-06 11:24:19,12.281,2.757,82.207,0.752,0,5482788,147772,187428,2184444,12279.885,3317.343,0,1800.528,0,161.406,3814,5060,0.700,0.900,0.890,0,0,0,0,0,18,298,0,108,2
17-06 11:24:20,11.252,2.000,83.515,1.250,0,5483488,147016,187460,2184468,6237.087,1878.327,0,3472.605,0,184.032,3855,5471,0.700,0.900,0.890,1,0,0,0,0,18,299,0,103,2
17-06 11:24:21,27.069,5.514,62.910,2.506,0,5483828,145532,187572,2185500,5847.917,1840.695,0,3693.421,0,460.174,8277,13097,0.700,0.900,0.890,3,0,1.003,0,0,18,299,0,104,2
17-06 11:24:22,24.210,4.742,66.641,1.747,0,5485404,143768,187592,2185668,5686.684,1832.997,0,8062.791,0,555.091,8188,12687,0.810,0.920,0.900,1,0,0,0,0,18,300,0,104,2
17-06 11:24:23,14.986,2.748,79.927,0.999,0,5485496,143516,187592,2185828,6969.673,2819.440,0,1802.364,0,203.815,4330,6503,0.810,0.920,0.900,0,0,0,0,0,18,298,0,105,2
17-06 11:24:24,15.292,5.515,75.207,1.253,0,5513616,149764,186064,2155904,6961.169,2776.646,0,9213.371,0,1132.118,4662,7541,0.810,0.920,0.900,4,0,34.094,0,0,18,298,0,106,2
17-06 11:24:25,10.713,3.488,82.466,1.246,0,5503432,159916,186084,2153820,5230.012,1722.077,0,1494.859,0,155.465,3394,6830,0.810,0.920,0.900,2,1,1.993,0,0,18,299,0,97,2
17-06 11:24:26,11.506,1.751,84.295,0.750,0,5508576,154624,186120,2153932,13551.189,4190.223,0,1764.936,0,192.102,3328,4671,0.810,0.920,0.900,1,0,0,0,0,18,300,0,98,2
17-06 11:24:27,13.499,3.250,79.991,1.250,0,5509020,153868,186148,2154212,7307.216,2713.709,0,1919.794,0,215.977,4046,5597,0.900,0.940,0.910,0,0,0,0,0,18,298,0,101,2
17-06 11:24:28,15.306,2.258,80.292,0.502,0,5509320,153364,186148,2154416,5823.162,1788.500,0,1120.070,0,84.306,3161,3655,0.900,0.940,0.910,2,0,0,0,0,18,298,0,103,2
17-06 11:24:29,5.975,1.494,89.629,0.498,0,5511504,151108,186168,2154468,12820.898,3553.283,0,1207.001,0,111.538,2413,3436,0.900,0.940,0.910,0,0,0.996,0,0,18,298,0,96,2
17-06 11:24:30,11.496,3.249,81.971,1.250,0,5517888,144584,186224,2154552,12657.461,3674.682,0,5913.879,0,416.851,4352,6559,0.900,0.940,0.910,0,0,2.999,0,0,18,298,0,96,2
17-06 11:24:31,11.262,2.503,83.339,0.751,0,5518168,144080,186248,2154752,12446.273,3193.405,0,1906.033,0,181.193,3656,5208,0.900,0.940,0.910,0,0,3.003,0,0,18,298,0,99,2
17-06 11:24:32,10.751,2.500,84.509,1.000,0,5518348,143828,186260,2154812,11947.333,3460.386,0,1492.166,0,148.017,3493,4784,0.910,0.940,0.910,2,0,0,0,0,18,298,0,99,2
17-06 11:24:33,11.000,2.750,83.503,0.500,0,5518188,143828,186280,2154952,5728.205,1728.062,0,1268.045,0,131.005,3889,5489,0.910,0.940,0.910,1,0,0,0,0,18,300,0,92,2
17-06 11:24:34,27.336,5.267,62.947,2.508,0,5518132,143576,186328,2155216,5760.049,1787.601,0,3683.542,0,455.427,8491,13057,0.910,0.940,0.910,1,0,0,0,0,18,299,0,92,2
17-06 11:24:35,24.270,4.254,67.307,1.501,0,5519380,142064,186344,2155464,6019.084,1675.415,0,3230.729,0,305.258,7842,11342,0.910,0.940,0.910,1,0,0,0,0,18,299,0,92,2
17-06 11:24:36,24.913,4.734,64.775,1.993,0,5519592,141312,186424,2155924,6273.215,1722.020,95.668,7430.197,4.983,584.969,8095,11634,0.910,0.940,0.910,4,0,0,0,0,18,299,0,95,2
17-06 11:24:37,25.269,5.254,65.049,2.002,0,5519332,141060,186456,2156404,6300.750,1837.385,0,3626.734,0,389.294,7996,12209,1,0.950,0.910,2,0,0,0,0,18,299,0,88,2
17-06 11:24:38,25.205,5.241,65.134,1.497,0,5520144,140052,186488,2156568,5911.481,1778.835,0,3326.082,0,345.385,7857,11389,1,0.950,0.910,2,0,0,0,0,18,299,0,88,2
17-06 11:24:39,24.472,5.743,66.424,1.498,0,5520732,139132,186500,2156888,6476.626,2700.925,0,9177.550,0,1167.670,7566,9986,1,0.950,0.910,2,0,0,0,0,18,298,0,89,2
17-06 11:24:40,5.783,1.760,89.008,1.760,0,5520956,138880,186508,2156908,7064.296,1912.911,0,5535.576,0,384.191,2857,4478,1,0.950,0.910,2,0,0,0,0,18,299,0,89,2
17-06 11:24:41,3.996,1.249,91.901,0.999,0,5520908,138880,186520,2156944,7881.485,2662.124,0,1909.936,0,164.822,2132,3333,1,0.950,0.910,0,0,0.999,0,0,18,298,0,79,2
17-06 11:24:42,11.218,2.493,84.262,0.997,0,5521184,138376,186544,2157148,7378.153,2657.491,0,1360.157,0,164.535,3814,5302,1,0.960,0.910,0,0,0,0,0,18,298,0,80,2
17-06 11:24:43,8.501,2.000,87.506,1.000,0,5523128,136364,186548,2157212,12714.869,3514.240,0,1112.076,0,102.007,2787,3711,1,0.960,0.910,0,0,6.000,0,0,18,298,0,80,2
17-06 11:24:44,7.749,1.750,88.240,0.750,0.250,5523044,136364,186568,2157276,6972.220,2665.702,0,1391.844,0,140.984,2906,4165,1,0.960,0.910,0,0,0,0,0,18,298,0,81,2
17-06 11:24:45,7.503,1.751,87.790,0.500,0,5522888,136364,186580,2157420,6479.951,2246.023,0,1324.603,0,138.063,2952,4123,1,0.960,0.910,0,0,0,0,0,18,298,0,77,2
17-06 11:24:46,5.509,1.503,91.157,0.250,0,5522824,136364,186588,2157476,6462.106,1676.882,0,1286.211,0,73.126,2283,3196,1,0.960,0.910,1,0,0,0,0,18,299,0,78,2
17-06 11:24:47,5.487,0.998,91.774,0.748,0,5522760,136364,186592,2157536,7075.605,2658.464,0,1260.900,0,140.654,2367,3436,0.920,0.940,0.910,0,0,0,0,0,18,298,0,78,2
17-06 11:24:48,7.500,1.500,87.501,0.750,0,5522596,136364,186600,2157692,7029.048,2137.015,0,1272.009,0,131.001,2737,3856,0.920,0.940,0.910,0,0,1.000,0,0,18,298,0,78,2
17-06 11:24:49,9.496,1.999,86.215,1.000,0,5522508,136364,186604,2157776,7463.984,2718.901,0,1487.399,0,166.933,3162,4430,0.920,0.940,0.910,0,0,0,0,0,18,298,0,76,2
17-06 11:24:50,7.002,2.001,87.272,1.500,0,5522444,136364,186612,2157832,6542.670,2029.518,0,6125.563,0,419.107,3382,5303,0.920,0.940,0.910,2,0,0,0,0,18,298,0,76,2
17-06 11:24:51,9.495,1.999,86.451,0.500,0,5522528,136112,186612,2158000,6184.475,1757.998,0,2574.533,0,84.952,2860,3879,0.920,0.940,0.910,1,0,0.999,0,0,18,298,0,78,2
17-06 11:24:52,6.032,1.508,91.485,1.005,0,5522452,136112,186612,2158076,5261.894,1725.145,0,1025.436,0,117.624,2403,3575,0.840,0.920,0.900,1,0,1.005,0,0,18,299,0,78,2
17-06 11:24:53,5.976,1.743,90.145,0.747,0,5522396,136112,186624,2158116,12305.590,3500.230,0,1139.517,0,122.518,2584,3754,0.840,0.920,0.900,0,0,0,0,0,18,298,0,70,2
17-06 11:24:54,23.229,4.746,66.938,1.499,0,5522348,135860,186656,2158384,5662.762,1726.403,0,2134.026,0,273.747,7065,10359,0.840,0.920,0.900,2,0,0.999,0,0,18,299,0,70,2
17-06 11:24:55,25.090,5.520,65.737,1.505,0,5522084,135860,186692,2158612,5915.286,1680.046,0,7763.938,0,969.489,8369,12237,0.840,0.920,0.900,2,0,0,0,0,18,299,0,72,2
17-06 11:24:56,20.926,4.733,70.499,1.495,0,5522740,134852,186744,2158912,6069.425,1668.071,15.943,2527.017,0.996,284.987,6431,9460,0.840,0.920,0.900,0,0,0,0,0,18,298,0,73,2
17-06 11:24:57,7.000,1.500,86.747,2.250,0,5522700,134852,186792,2158904,6207.819,1867.946,0,6819.801,0,431.987,2932,4406,0.780,0.910,0.900,1,0,0,0,0,18,299,0,68,2
17-06 11:24:58,10.247,4.749,81.479,1.500,0,5521244,128796,186820,2166372,5570.579,1631.584,0,4194.930,0,601.846,3708,5099,0.780,0.910,0.900,0,0,1.999,0,0,18,298,0,69,2
17-06 11:24:59,18.020,3.754,75.583,1.001,0,5520996,128796,186840,2166600,5946.492,1621.770,0,1637.788,0,181.198,5346,7440,0.780,0.910,0.900,2,0,0,0,0,18,299,0,70,2
17-06 11:25:00,26.252,5.250,63.505,2.250,0,5521468,127788,186880,2167096,6184.533,1714.148,0,3624.312,0,456.039,8165,12658,0.780,0.910,0.900,1,0,0,0,0,18,299,0,70,2
17-06 11:25:01,25.243,5.498,66.231,1.250,0,5524168,124768,186892,2167404,7059.000,2453.305,19.994,2263.359,2.999,200.943,7419,10539,0.780,0.910,0.900,2,0,4.999,0,0,18,302,0,63,2
17-06 11:25:02,25.356,6.025,64.017,2.259,0,5523000,125760,186960,2167508,6408.712,2170.045,0,3671.302,0,459.917,8725,13407,1.120,0.980,0.920,1,0,0,0,0,18,299,0,64,2
17-06 11:25:03,25.979,4.496,66.195,1.998,0,5522888,125256,186992,2168092,6502.629,1768.539,0,7909.467,0,559.538,8022,11841,1.120,0.980,0.920,1,0,0,0,0,18,298,1,66,2
17-06 11:25:04,12.707,2.990,81.223,0.498,0,5523680,124248,187004,2168296,5975.614,1829.758,0,1746.043,0,111.619,4146,5744,1.120,0.980,0.920,0,0,1.993,0,0,18,299,0,66,2
17-06 11:25:05,16.313,3.263,76.796,1.004,0,5524100,123744,187036,2168348,6450.899,1843.114,0,1698.556,0,206.798,5208,7821,1.120,0.980,0.920,3,0,0,0,0,18,299,0,66,2
17-06 11:25:06,25.448,4.990,65.117,2.245,0,5524436,122988,187068,2168736,6511.655,1724.466,0,3329.177,0,433.112,8357,13171,1.120,0.980,0.920,2,0,0,0,0,18,299,0,57,2
17-06 11:25:07,23.551,5.011,68.400,1.503,0,5525412,121728,187108,2168980,6456.114,1840.023,0,2357.153,0,251.550,7515,10926,1.110,0.980,0.920,0,1,0,0,0,18,299,0,58,2
17-06 11:25:08,24.159,4.981,66.500,1.743,0,5525968,120720,187120,2169420,6768.539,1841.074,0,2893.117,0,338.726,8010,12059,1.110,0.980,0.920,3,0,0,0,0,18,299,0,58,2
17-06 11:25:09,24.749,6.000,64.747,2.500,0,5526100,120216,187132,2169780,6233.756,1727.932,0,8331.674,0,646.975,8780,13671,1.110,0.980,0.920,0,0,0,0,0,18,299,0,58,2
17-06 11:25:10,25.086,4.014,68.734,0.753,0,5526508,119712,187136,2169872,5894.101,1733.913,0,10467.699,0,162.554,6823,9308,1.110,0.980,0.920,3,0,0,0,0,18,298,0,48,2
17-06 11:25:11,24.896,4.979,66.722,1.245,0,5527152,118452,187140,2170484,5868.509,1828.370,0,2035.505,0,243.982,6930,9538,1.110,0.980,0.920,4,0,0.996,0,0,18,298,0,49,2
17-06 11:25:12,6.755,1.751,89.322,0.751,0,5527344,118200,187144,2170540,6731.392,2520.018,0,3370.700,0,146.117,2688,3848,1.020,0.960,0.920,1,0,0,0,0,18,299,0,49,2
17-06 11:25:13,6.995,1.749,87.939,0.999,0,5527520,117948,187160,2170600,12387.411,3673.453,0,1918.670,0,185.871,3051,4377,1.020,0.960,0.920,0,0,0,0,0,18,298,0,49,2
17-06 11:25:14,12.742,3.248,80.952,1.749,0,5528032,117192,187184,2170820,6696.015,2690.399,0,6911.887,0,480.714,4261,6483,1.020,0.960,0.920,0,0,0,0,0,18,298,0,42,2
17-06 11:25:15,14.518,10.012,71.339,0.751,0,5514556,163572,185856,2139916,5480.827,1676.088,704.878,1790.230,24.030,195.243,5444,7357,1.020,0.960,0.920,1,0,214.267,0,0,18,299,0,42,2
17-06 11:25:16,14.486,11.489,70.930,1.748,0,5525676,152356,185912,2140048,13092.064,3564.478,111.889,2397.631,3.996,265.737,6013,7768,1.020,0.960,0.920,0,0,204.798,0,0,18,298,0,44,2
17-06 11:25:17,9.784,1.505,85.043,0.753,0,5525392,152388,185952,2140260,6034.792,1800.202,0,1404.840,0,166.574,3426,4761,0.940,0.940,0.910,3,0,0,0,0,18,298,2,46,2
17-06 11:25:18,25.515,5.503,65.037,2.251,0,5525196,152388,186048,2140360,6933.952,2131.215,0,3465.976,0,445.254,8811,13951,0.940,0.940,0.910,5,0,0,0,0,18,298,1,43,2
17-06 11:25:19,25.675,5.484,63.563,2.742,0,5523412,153684,186100,2140796,7470.057,2339.129,0,9181.031,0,746.806,8968,14031,0.940,0.940,0.910,1,0,0,0,0,18,298,1,43,2
17-06 11:25:20,24.229,4.746,67.691,0.999,0,5523132,153684,186116,2141060,6646.209,2290.005,0,2445.869,0,188.835,7550,10785,0.940,0.940,0.910,2,0,0,0,0,18,299,1,45,2
17-06 11:25:21,11.749,2.750,83.245,0.750,0,5522888,153684,186144,2141276,8088.552,3083.829,0,2551.859,0,212.988,3900,5657,0.940,0.940,0.910,0,0,1.000,0,0,18,297,1,47,2
17-06 11:25:22,17.971,3.744,75.130,1.248,0,5526280,149784,186160,2141768,6661.380,2792.548,439.300,1928.925,14.976,177.717,5062,6797,0.940,0.950,0.910,0,0,0,0,0,18,297,1,44,2
17-06 11:25:23,5.278,1.508,90.488,0.503,0,5526676,149308,186172,2141836,14027.723,3863.857,0,1656.944,0,137.744,2573,3727,0.940,0.950,0.910,3,0,0,0,0,18,298,1,44,2
17-06 11:25:24,25.392,5.477,64.226,2.489,0,5523156,152516,186240,2142080,6498.326,2174.739,0,3656.429,0,463.028,8397,12850,0.940,0.950,0.910,3,0,0,0,0,18,298,1,44,2
17-06 11:25:25,30.024,8.507,58.046,1.501,0,5539192,135992,186312,2142480,6841.384,2077.635,32.025,9167.214,1.001,687.541,9507,19975,0.940,0.950,0.910,1,0,36.028,0,0,18,298,1,47,2
17-06 11:25:26,24.755,5.251,66.265,1.750,0,5538792,136100,186336,2142748,12400.724,4204.924,0,2960.650,0,289.063,7014,10057,0.940,0.950,0.910,0,0,0,0,0,18,298,0,45,2
17-06 11:25:27,6.745,0.999,89.930,0.500,0,5538836,135876,186344,2142920,7170.451,1792.613,0,1634.735,0,139.892,2488,3554,0.870,0.930,0.910,1,0,0,0,0,18,299,0,45,2
17-06 11:25:28,8.001,1.250,88.516,0.750,0,5539516,135120,186356,2142984,21689.824,6045.066,0,1468.259,0,130.023,2740,3884,0.870,0.930,0.910,0,0,0,0,0,18,298,0,45,2
17-06 11:25:29,12.237,1.748,83.414,0.999,0,5538348,136204,186364,2143060,21948.486,5982.863,0,1466.496,0,129.867,3519,4535,0.870,0.930,0.910,0,0,0,0,0,18,298,0,46,2
17-06 11:25:30,15.273,1.753,80.121,0.501,0,5538200,136204,186380,2143192,8914.488,2852.316,0,1141.727,0,120.182,3391,4298,0.870,0.930,0.910,0,0,0,0,0,18,298,0,41,2
17-06 11:25:31,8.538,2.260,88.389,0.251,0,5538064,136204,186380,2143328,9302.947,2187.629,0,6239.463,0,294.295,2911,3783,0.870,0.930,0.910,1,0,2.009,0,0,18,299,0,42,2
17-06 11:25:32,26.136,6.472,61.233,2.987,0.249,5533228,140564,186440,2143744,5436.319,1612.974,0,7933.441,0,692.981,9150,14606,0.880,0.930,0.910,1,0,2.987,0,0,18,299,0,44,2
17-06 11:25:33,27.259,5.502,64.521,1.000,0,5533168,140312,186460,2144036,5479.814,1458.483,0,2712.898,0,238.079,7552,10830,0.880,0.930,0.910,1,0,2.001,0,0,18,299,0,47,2
17-06 11:25:34,21.484,3.997,70.949,1.749,0.250,5531280,141912,186476,2144308,6763.110,2690.055,0,2522.176,0,278.798,6296,8894,0.880,0.930,0.910,0,0,0,0,0,18,298,0,45,2
17-06 11:25:35,10.008,1.751,84.566,1.251,0,5531488,141660,186508,2144320,5424.224,2022.575,0,1945.515,0,192.150,3419,4979,0.880,0.930,0.910,2,0,0,0,0,18,298,0,45,2
17-06 11:25:36,4.514,1.003,93.282,0.251,0,5531300,141660,186508,2144508,11466.672,2874.692,0,1167.530,0,79.240,1854,2617,0.880,0.930,0.910,2,0,0,0,0,18,299,0,45,2
17-06 11:25:37,8.463,1.742,87.621,0.996,0,5531112,141660,186516,2144688,12121.571,3498.866,0,2035.197,0,216.065,3003,4264,0.810,0.920,0.900,2,0,0,0,0,18,298,0,46,2
17-06 11:25:38,21.574,5.017,69.989,1.505,0,5530932,141660,186528,2144856,5372.333,1679.732,0,2372.095,0,288.986,6937,10254,0.810,0.920,0.900,5,0,0,0,0,18,299,0,43,2
17-06 11:25:39,27.166,5.234,62.057,1.994,0,5531492,140664,186564,2145256,5678.352,1830.312,0,8573.355,0,667.924,9578,15272,0.810,0.920,0.900,1,0,0,0,0,18,299,0,43,2
17-06 11:25:40,24.771,6.005,66.555,1.251,0.250,5532272,139684,186600,2145420,5670.696,2560.120,0,3438.848,0,287.238,6848,9731,0.810,0.920,0.900,1,0,0,0,0,18,298,0,44,2
17-06 11:25:41,4.998,1.250,91.215,0.750,0,5532436,139432,186608,2145500,6798.407,1901.275,0,1443.449,0,108.958,2062,2913,0.810,0.920,0.900,1,0,1.000,0,0,18,299,0,44,2
17-06 11:25:42,8.501,2.000,87.013,1.000,0,5532228,139432,186624,2145692,12369.873,3568.540,0,3384.512,0,162.025,3163,4504,0.740,0.900,0.900,0,0,0,0,0,18,298,0,42,2
17-06 11:25:43,23.862,4.772,67.066,1.507,0,5532908,138424,186660,2145984,11145.433,2848.400,0,2612.289,0,324.527,7368,10819,0.740,0.900,0.900,1,0,6.028,0,0,18,299,0,42,2
17-06 11:25:44,25.872,5.473,65.925,1.990,0,5532780,137920,186704,2146572,4957.567,1612.055,0,3148.483,0,336.342,8071,12284,0.740,0.900,0.900,2,0,0,0,0,18,299,0,43,2
17-06 11:25:45,25.777,5.756,64.317,2.002,0,5532668,137668,186820,2146820,5525.761,1663.735,0,8040.383,0,599.625,8550,13484,0.740,0.900,0.900,2,0,0,0,0,18,299,0,43,2
17-06 11:25:46,25.592,5.018,64.732,2.007,0,5532680,137164,186880,2147252,5737.596,1625.836,32.115,2958.620,1.004,384.380,8234,12292,0.740,0.900,0.900,1,0,0,0,0,18,299,0,43,2
17-06 11:25:47,24.647,4.730,67.219,0.747,0,5533564,135400,186896,2148116,5497.021,1613.256,0,7460.812,0,397.339,7625,10788,0.920,0.930,0.910,1,0,0,0,0,18,299,0,41,2
17-06 11:25:48,9.251,2.750,85.009,1.500,0,5533452,135176,186920,2148428,6200.628,2582.262,0,2568.260,0,252.026,3685,5539,0.920,0.930,0.910,0,0,0,0,0,18,298,0,42,2
17-06 11:25:49,11.251,1.750,84.507,0.750,0,5532604,135832,186936,2148604,6691.542,2520.204,0,1968.160,0,189.015,3010,4094,0.920,0.930,0.910,0,0,0,0,0,18,298,0,42,2
17-06 11:25:50,11.048,2.511,84.865,1.004,0.251,5532784,135580,186952,2148660,6774.161,2092.006,0,2088.993,0,195.843,3634,5003,0.920,0.930,0.910,0,0,0,0,0,18,298,0,42,2
17-06 11:25:51,4.476,0.995,92.265,0.746,0,5533240,135080,186960,2148696,5704.991,1492.151,0,1261.365,0,89.529,1772,2465,0.920,0.930,0.910,5,0,0.995,0,0,18,299,0,41,2
17-06 11:25:52,5.754,1.501,90.055,0.500,0,5533176,135080,186968,2148752,12065.391,3300.021,0,2037.248,0,149.091,2698,3988,0.850,0.920,0.900,1,0,0,0,0,18,298,0,41,2
17-06 11:25:53,24.604,5.021,65.276,3.013,0,5533140,134856,187008,2148972,5784.425,1626.870,0,7740.686,0,666.816,8673,13617,0.850,0.920,0.900,1,0,0,0,0,18,299,0,42,2
17-06 11:25:54,24.395,5.725,65.965,1.742,0,5532736,134856,187036,2149348,5275.230,1451.734,0,3496.906,0,334.556,7409,11181,0.850,0.920,0.900,1,0,0,0,0,18,299,0,43,2
17-06 11:25:55,24.023,5.255,67.814,0.751,0,5532612,134856,187064,2149444,5585.244,1621.522,0,2025.902,0,183.172,7447,10348,0.850,0.920,0.900,1,0,0,0,0,18,300,0,41,2
17-06 11:25:56,14.235,2.997,79.165,1.498,0,5532792,134352,187080,2149752,6581.947,2501.320,47.949,2041.812,1.998,248.733,4700,6861,0.850,0.920,0.900,0,0,0,0,0,18,298,0,43,2
17-06 11:25:57,7.995,1.999,87.443,0.999,0,5532740,134352,187092,2149792,11101.777,3391.793,0,1978.713,0,177.884,2953,4173,0.860,0.920,0.900,0,0,0,0,0,18,298,0,43,2
17-06 11:25:58,13.057,3.766,80.603,0.753,0,5533420,133576,187112,2149868,6931.351,1596.993,0,2161.465,0,202.888,4312,6128,0.860,0.920,0.900,1,0,0,0,0,18,299,0,44,2
17-06 11:25:59,25.166,5.980,63.786,2.492,0,5533000,133448,187156,2150372,5441.761,1614.589,0,3528.175,0,432.550,8418,13024,0.860,0.920,0.900,2,0,0.997,0,0,18,299,0,40,2
17-06 11:26:00,24.759,5.752,64.524,2.001,0,5533036,133196,187204,2150540,5544.029,1552.568,0,9891.621,0,751.275,8571,13435,0.860,0.920,0.900,2,0,0,0,0,18,299,0,40,2
17-06 11:26:01,24.802,4.509,67.391,1.002,0,5533224,132692,187216,2150844,6478.575,2242.699,0,1948.082,0,182.382,6887,9775,0.860,0.920,0.900,1,0,2.004,0,0,18,303,0,41,2
17-06 11:26:02,12.220,3.242,80.801,0.998,0,5527400,138244,187224,2151108,7315.979,3025.547,0,7393.787,0,510.742,4808,6832,0.790,0.910,0.900,0,0,0.998,0,0,18,298,0,42,2
17-06 11:26:03,9.751,1.750,86.755,1.250,0,5527436,138020,187228,2151292,11457.661,2889.167,0,2000.115,0,182.011,3053,4180,0.790,0.910,0.900,0,0,0,0,0,18,298,0,40,2
17-06 11:26:04,8.991,1.748,86.665,0.749,0,5527640,137768,187236,2151332,11090.129,3336.729,0,1286.739,0,127.875,2770,3777,0.790,0.910,0.900,0,0,1.998,0,0,18,298,0,40,2
17-06 11:26:05,10.748,2.500,83.986,0.750,0,5527800,137516,187236,2151424,7475.711,1685.709,0,1531.736,0,153.973,3709,5094,0.790,0.910,0.900,0,1,0,0,0,18,299,0,40,2
17-06 11:26:06,24.523,5.005,66.063,2.002,0,5528780,136256,187260,2151680,6503.183,1621.542,0,7122.772,0,550.523,8026,11982,0.790,0.910,0.900,3,0,0,0,0,18,299,0,43,2
17-06 11:26:07,25.523,5.005,65.060,1.752,0,5529096,135500,187320,2152060,5825.356,1621.491,0,3094.845,0,349.321,8184,12573,0.810,0.910,0.900,1,1,0,0,0,18,299,0,42,2
17-06 11:26:08,23.533,4.506,68.095,1.001,0,5531584,132728,187320,2152344,5707.998,1622.273,0,4282.000,0,255.358,7261,10203,0.810,0.910,0.900,3,0,0,0,0,18,299,0,44,2
17-06 11:26:09,24.714,5.742,65.404,2.247,0,5531468,132476,187400,2152632,5581.779,1617.618,0,3698.553,0,439.353,8534,13989,0.810,0.910,0.900,1,0,0,0,0,18,299,0,44,2
17-06 11:26:10,24.462,5.242,66.896,1.747,0,5531996,131720,187416,2152844,5211.873,1617.478,0,8119.340,0,572.108,8111,12571,0.810,0.910,0.900,3,0,0,0,0,18,299,0,45,2
17-06 11:26:11,24.256,5.501,66.516,1.000,0,5532980,130460,187416,2153120,5496.301,1458.345,0,1636.387,0,179.042,7549,10646,0.810,0.910,0.900,3,0,1.000,0,0,18,299,0,43,2
17-06 11:26:12,28.376,5.273,63.783,2.009,0,5533668,129212,187448,2153632,4769.145,1193.291,0,3423.178,0,441.960,8872,14393,1.140,0.980,0.920,1,0,0,0,0,18,299,0,43,2
17-06 11:26:13,24.660,3.985,68.250,0.747,0,5534024,128708,187456,2153772,4367.995,980.408,0,1924.947,0,169.379,6582,9284,1.140,0.980,0.920,1,0,0,0,0,18,299,0,44,2
17-06 11:26:14,24.759,5.252,65.525,2.251,0,5534196,128204,187472,2154088,5073.929,1512.575,0,3305.256,0,384.146,8299,12519,1.140,0.980,0.920,1,0,0,0,0,18,299,0,44,2
17-06 11:26:15,25.795,5.510,65.865,1.002,0,5534860,127196,187488,2154416,5635.832,1568.737,0,2989.215,0,324.566,7897,11668,1.140,0.980,0.920,1,0,0,0,0,18,299,0,42,2
17-06 11:26:16,23.194,4.489,67.837,1.995,0,5535280,126440,187528,2154712,5747.224,2390.270,0,8699.148,0,642.460,7681,11699,1.140,0.980,0.920,0,0,0,0,0,18,298,0,43,2
17-06 11:26:17,7.997,2.499,87.468,0.750,0,5535492,126216,187532,2154720,7103.434,1523.450,0,6945.492,0,353.872,2723,3592,1.050,0.960,0.920,2,0,0,0,0,18,299,0,43,2
17-06 11:26:18,6.476,1.245,88.916,0.747,0,5535532,125964,187532,2154932,6834.332,2560.384,0,1338.971,0,131.506,2639,3908,1.050,0.960,0.920,0,0,0,0,0,18,298,0,44,2
17-06 11:26:19,12.297,3.262,81.813,1.004,0,5535700,125712,187540,2155008,7173.467,2595.940,0,1525.842,0,166.638,3740,4982,1.050,0.960,0.920,0,0,0,0,0,18,298,0,42,2
17-06 11:26:20,14.002,3.000,81.013,1.000,0,5535980,125208,187556,2155216,6419.058,2455.405,0,1736.286,0,206.034,4022,5568,1.050,0.960,0.920,1,0,0,0,0,18,298,0,44,2
17-06 11:26:21,10.790,2.007,84.310,1.004,0,5536668,124456,187572,2155264,7009.794,2434.960,0,1670.146,0,180.665,3355,4786,1.050,0.960,0.920,2,0,1.004,0,0,18,298,0,44,2
17-06 11:26:22,8.240,1.498,87.640,0.999,0,5537336,123700,187584,2155340,20538.166,6120.302,0,1853.668,0,174.780,3131,4439,0.970,0.940,0.910,2,0,0.999,0,0,18,300,0,44,2
17-06 11:26:23,7.228,1.495,88.979,0.997,0,5537520,123448,187600,2155392,12063.286,3449.502,0,2045.774,0,146.554,2757,3946,0.970,0.940,0.910,0,0,0,0,0,18,299,0,40,2
17-06 11:26:24,8.215,2.240,85.136,1.245,0,5537844,122944,187608,2155564,11909.099,3445.274,0,6926.396,0,456.051,3835,5826,0.970,0.940,0.910,1,0,0.996,0,0,18,299,0,41,2
17-06 11:26:25,24.221,7.821,65.599,1.766,0,5549064,169100,185540,2101520,4844.202,1634.918,0,2083.007,0,262.394,7498,17632,0.970,0.940,0.910,1,0,36.332,0,0,18,300,0,42,2
17-06 11:26:26,26.195,5.489,63.618,1.247,0,5548692,169100,185560,2101872,11476.111,3206.326,0,3229.278,0,357.256,7904,11890,0.970,0.940,0.910,1,0,0,0,0,18,300,0,42,2
17-06 11:26:27,25.946,5.489,64.616,1.996,0,5544808,172840,185576,2102000,5439.683,2459.882,0,2953.855,0,329.315,7954,12069,1.050,0.960,0.920,1,0,0.998,0,0,18,300,0,36,2
17-06 11:26:28,25.025,4.755,65.817,1.251,0,5544836,172392,185588,2102408,5342.404,2251.277,0,6722.800,0,609.617,7689,11126,1.050,0.960,0.920,1,0,2.002,0,0,18,300,0,36,2
17-06 11:26:29,23.792,5.760,66.868,1.252,0,5546060,170880,185600,2102684,5692.074,2310.089,0,2368.191,0,227.402,7092,9969,1.050,0.960,0.920,1,0,0,0,0,18,299,1,36,2
17-06 11:26:30,8.474,1.994,85.234,1.745,0.249,5545944,170880,185632,2102768,7720.895,4076.274,0,8987.939,0,628.039,4281,7226,1.050,0.960,0.920,1,0,0,0,0,18,299,0,37,2
17-06 11:26:31,8.243,2.498,85.925,1.499,0,5546360,170268,185640,2102956,7747.234,3792.688,0,1726.492,0,198.826,3267,4744,1.050,0.960,0.920,1,0,0.999,0,0,18,299,0,38,2
17-06 11:26:32,14.760,2.502,79.806,1.251,0,5546352,170016,185644,2103212,6828.794,13981.816,0,2241.574,0,243.171,4881,6873,1.050,0.960,0.920,0,0,0,0,0,18,298,0,39,2
17-06 11:26:33,6.533,1.759,90.461,0.503,0,5546592,169776,185652,2103204,7378.593,2147.944,0,1511.702,0,133.681,2390,3434,1.050,0.960,0.920,1,1,1.005,0,0,18,298,0,39,2
17-06 11:26:34,6.475,2.241,88.904,0.249,0,5549764,166516,185656,2103288,11081.823,2985.369,0,1151.514,0,104.592,2729,4073,1.050,0.960,0.920,0,1,2.988,0,0,18,299,0,39,2
17-06 11:26:35,27.261,5.252,63.025,2.251,0,5548940,166696,185784,2103804,5528.188,1686.668,0,3093.224,0,351.139,8582,13167,1.050,0.960,0.920,2,0,2.001,0,0,18,299,0,41,2
17-06 11:26:36,24.776,5.506,66.068,1.502,0,5548508,166696,185880,2104140,5020.172,1459.504,0,3499.605,0,367.378,8057,12207,1.050,0.960,0.920,1,0,0,0,0,18,299,0,35,2
17-06 11:26:37,24.277,6.007,65.573,2.252,0,5548816,165940,186024,2104444,3489.871,66.073,32.036,8121.008,1.001,580.644,8295,12972,1.120,0.980,0.920,2,0,0,0,0,18,297,0,36,2
17-06 11:26:38,5.478,0.996,90.644,0.498,0.249,5548920,165716,186060,2104528,6612.047,2393.605,0,2573.897,0,213.163,2490,3912,1.120,0.980,0.920,0,0,0,0,0,18,298,0,36,2
17-06 11:26:39,9.999,2.500,85.238,0.750,0,5548844,165716,186088,2104576,12998.244,3459.533,0,3543.521,0,133.982,3263,4463,1.120,0.980,0.920,1,0,0,0,0,18,298,0,36,2
17-06 11:26:40,21.025,4.005,72.086,1.752,0,5548512,165716,186144,2104852,5124.100,1459.738,0,2118.522,0,257.306,6589,9830,1.120,0.980,0.920,2,0,0,0,0,18,299,0,35,2
17-06 11:26:41,24.020,5.505,66.305,1.751,0,5548636,165212,186200,2105176,6022.005,1621.347,0,3222.678,0,352.293,8075,12060,1.120,0.980,0.920,1,0,1.001,0,0,18,299,0,35,2
17-06 11:26:42,15.732,3.246,77.410,1.249,0.250,5548476,165212,186244,2105292,6450.540,2402.222,0,2385.242,0,263.695,4756,6867,1.270,1.010,0.940,1,0,0,0,0,18,298,0,37,2
17-06 11:26:43,10.250,3.250,82.503,2.000,0,5557564,155892,186292,2105476,12896.453,3880.136,0,12620.443,0,807.028,3868,5881,1.270,1.010,0.940,0,0,7.000,0,0,18,298,0,37,2
17-06 11:26:44,6.752,1.500,88.523,0.750,0,5557516,155892,186296,2105520,6464.713,2341.621,0,1364.362,0,132.035,2594,3781,1.270,1.010,0.940,0,0,0,0,0,18,298,0,35,2
17-06 11:26:45,8.504,2.251,86.790,1.000,0,5556852,156488,186316,2105568,6532.027,2319.075,0,1660.770,0,190.088,3238,4781,1.270,1.010,0.940,0,0,0,0,0,18,298,0,35,2
17-06 11:26:46,4.743,1.248,91.615,0.999,0,5556808,156488,186328,2105600,6682.176,2121.880,0,1154.303,0,117.827,2252,3448,1.270,1.010,0.940,0,0,0,0,0,18,298,0,35,2
17-06 11:26:47,7.776,1.505,88.045,1.003,0,5556848,156236,186336,2105804,11911.850,2910.738,0,1260.216,0,122.410,2840,3962,1.170,1,0.930,2,0,0,0,0,18,299,0,35,2
17-06 11:26:48,10.464,2.242,83.459,0.997,0,5557188,155760,186364,2105912,6238.272,2558.090,0,1706.058,0,194.323,3468,5215,1.170,1,0.930,0,0,0.997,0,0,18,298,0,37,2
17-06 11:26:49,7.000,1.750,88.504,0.750,0,5557120,155760,186388,2105956,6467.263,2570.105,0,1368.056,0,141.006,2732,3905,1.170,1,0.930,1,0,0,0,0,18,298,0,38,2
17-06 11:26:50,13.005,2.501,82.031,1.250,0,5557416,155256,186404,2106148,7133.715,13855.272,0,1588.604,0,174.066,3600,5030,1.170,1,0.930,0,0,0,0,0,18,298,0,39,2
17-06 11:26:51,6.504,1.751,89.800,0.500,0,5557636,155004,186408,2106176,11025.146,3393.892,0,1092.609,0,99.055,2149,2895,1.170,1,0.930,0,0,1.001,0,0,18,298,0,39,2
17-06 11:26:52,5.251,1.750,89.773,1.750,0,5557568,155004,186448,2106204,15600.936,3918.989,0,6389.612,0,410.103,2671,4184,1.080,0.980,0.930,0,0,0,0,0,18,298,0,39,2
17-06 11:26:53,2.500,0.500,95.499,0,0,5557808,154752,186448,2106216,7072.900,2078.971,0,219.997,0,15.000,1160,1584,1.080,0.980,0.930,0,0,0,0,0,18,298,0,39,2
17-06 11:26:54,5.250,1.250,92.248,0,0,5557792,154752,186460,2106220,13620.694,4943.889,0,407.991,0,57.999,1952,2737,1.080,0.980,0.930,0,0,0,0,0,18,298,0,39,2
17-06 11:26:55,3.751,0.750,94.266,0.500,0,5557988,154500,186484,2106252,5340.912,1620.277,0,664.113,0,63.011,1777,2587,1.080,0.980,0.930,0,0,0,0,0,18,298,0,39,2
17-06 11:26:56,4.254,1.251,92.093,1.001,0,5557920,154500,186508,2106296,12733.919,3186.233,0,1197.215,0,129.131,2374,3494,1.080,0.980,0.930,1,0,0,0,0,18,299,0,35,2
17-06 11:26:57,8.737,1.248,86.374,0.499,0,5557772,154500,186528,2106424,12854.303,15363.654,0,1146.333,0,127.814,3011,4200,0.990,0.960,0.920,0,0,0,0,0,18,298,0,36,2
17-06 11:26:58,21.781,4.256,71.601,1.001,0.250,5557588,154248,186576,2106812,5894.302,2599.662,0,2018.844,0,242.341,6035,8945,0.990,0.960,0.920,3,0,0,0,0,18,299,0,36,2
17-06 11:26:59,24.213,5.492,66.649,1.997,0,5558468,152988,186604,2107164,6224.592,3176.199,0,2971.509,0,267.596,6553,9280,0.990,0.960,0.920,0,0,0,0,0,18,298,0,40,2
17-06 11:27:00,6.020,1.254,90.556,0.251,0,5558396,152988,186616,2107224,7101.972,3034.242,0,1617.460,0,126.427,2576,3680,0.990,0.960,0.920,1,0,0,0,0,18,299,0,38,2
17-06 11:27:01,15.690,3.238,77.203,1.245,0,5559356,151728,186664,2107476,13790.994,4968.902,0,2402.765,0,240.077,4828,6533,0.990,0.960,0.920,0,0,1.992,0,0,18,301,0,38,2
17-06 11:27:02,16.520,4.005,76.843,1.252,0,5557128,153708,186696,2107692,6171.490,2684.258,0,1938.352,0,225.273,5290,7743,0.990,0.960,0.920,2,0,1.001,0,0,18,299,0,39,2
17-06 11:27:03,24.329,4.765,66.716,2.006,0,5557912,152728,186732,2107852,6232.154,2873.292,0,12139.257,0,852.758,8422,12446,0.990,0.960,0.920,1,0,0,0,0,18,299,0,40,2
17-06 11:27:04,24.950,4.741,65.868,1.248,0,5558852,151468,186764,2108140,5846.320,3241.524,0,3177.651,0,291.418,7216,10622,0.990,0.960,0.920,0,0,1.996,0,0,18,298,0,39,2
17-06 11:27:05,5.767,1.505,90.522,0.752,0,5558772,151468,186784,2108200,7245.737,2375.125,0,1412.237,0,119.358,2595,3710,0.990,0.960,0.920,1,0,0,0,0,18,299,0,39,2
17-06 11:27:06,13.951,2.491,79.967,1.495,0,5558924,150964,186840,2108496,6385.399,2853.899,15.944,2423.422,0.996,305.917,4840,7351,0.990,0.960,0.920,2,0,0,0,0,18,299,0,40,2
17-06 11:27:07,4.737,1.246,91.739,0.499,0,5558864,150964,186860,2108536,13342.006,4423.404,0,1559.559,0,139.602,2532,3724,0.910,0.950,0.910,0,0,0,0,0,18,298,0,40,2
17-06 11:27:08,11.252,2.500,83.515,0.750,0,5559216,150460,186900,2108644,6789.226,3411.616,0,1496.270,0,161.029,3556,5062,0.910,0.950,0.910,0,0,0,0,0,18,298,0,38,2
17-06 11:27:09,13.266,2.253,81.348,1.252,0,5559500,149956,186924,2108840,12697.221,4763.711,0,3299.956,0,215.258,3878,5139,0.910,0.950,0.910,1,0,0,0,0,18,298,0,40,2
17-06 11:27:10,11.274,3.006,83.179,1.253,0,5559432,149956,186952,2108880,5773.456,2481.353,0,5303.442,0,356.770,4103,6062,0.910,0.950,0.910,2,0,0,0,0,18,299,0,40,2
17-06 11:27:11,24.928,5.235,64.813,2.493,0,5552304,156628,187016,2109272,6077.435,2456.899,15.954,3438.063,0.997,393.862,7884,11858,0.910,0.950,0.910,2,0,0.997,0,0,18,299,0,40,2
17-06 11:27:12,25.029,5.006,65.075,2.253,0,5552488,156124,187040,2109568,6163.066,3029.474,0,3524.041,0,398.457,8129,12452,0.920,0.950,0.920,2,0,0,0,0,18,299,0,41,2
17-06 11:27:13,24.527,4.755,68.326,1.001,0,5553960,154360,187040,2109860,6162.863,2532.821,0,1974.199,0,184.205,7765,10995,0.920,0.950,0.920,1,0,0,0,0,18,300,0,42,2
17-06 11:27:14,14.482,2.996,80.151,0.999,0,5553832,154368,187052,2109968,7385.912,3475.724,0,6180.396,0,572.296,4346,6360,0.920,0.950,0.920,0,0,0,0,0,18,298,0,43,2
17-06 11:27:15,11.001,1.750,83.507,1.250,0,5553996,154116,187056,2110052,6022.523,3026.263,0,2112.183,0,213.018,3931,5658,0.920,0.950,0.920,1,0,0,0,0,18,299,0,44,2
17-06 11:27:16,11.474,2.245,82.066,1.746,0,5554028,153864,187060,2110268,12690.600,4360.242,0,2606.168,0,299.330,4424,6562,0.920,0.950,0.920,0,0,0,0,0,18,298,0,46,2
17-06 11:27:17,12.696,2.987,81.406,1.494,0,5554152,153612,187080,2110376,6944.674,3239.321,0,7830.931,0,525.780,4153,6348,0.850,0.930,0.910,1,0,0,0,0,18,298,0,47,2
17-06 11:27:18,8.082,1.515,88.398,0.505,0,5554136,153612,187088,2110384,5783.761,2893.396,0,1119.372,0,96.985,2710,3719,0.850,0.930,0.910,2,0,0,0,0,18,299,0,47,2
17-06 11:27:19,6.219,0.995,89.054,1.244,0,5554308,153360,187088,2110464,12774.058,4348.234,0,1476.609,0,139.303,2739,3974,0.850,0.930,0.910,1,0,0,0,0,18,298,0,47,2
17-06 11:27:20,23.361,5.275,68.325,1.256,0,5554056,153360,187096,2110708,5372.552,2313.001,0,2142.188,0,257.223,6913,10003,0.850,0.930,0.910,2,0,0,0,0,18,299,0,47,2
17-06 11:27:21,24.881,5.971,63.943,2.986,0,5554304,152856,187136,2110924,5848.932,2850.322,0,3941.088,0,468.751,8485,13297,0.850,0.930,0.910,3,0,0.995,0,0,18,299,0,43,2
17-06 11:27:22,24.866,5.023,66.811,1.256,0,5554976,151596,187164,2111484,5679.473,2379.089,0,2997.974,0,268.250,7851,11255,0.780,0.920,0.900,2,0,0,0,0,18,299,0,47,2
17-06 11:27:23,24.455,5.240,65.630,2.246,0,5555768,150588,187184,2111680,5859.294,2363.681,0,6516.094,0,501.084,7733,11339,0.780,0.920,0.900,2,0,0,0,0,18,298,0,49,2
17-06 11:27:24,5.503,1.000,92.043,0.500,0,5555740,150588,187204,2111688,6955.213,3868.787,0,2217.024,0,144.067,2181,3199,0.780,0.920,0.900,1,1,0,0,0,18,299,0,49,2
17-06 11:27:25,19.275,7.009,70.343,1.752,0,5570592,164168,186384,2084080,5640.440,2479.270,0,2291.022,0,299.395,5929,12384,0.780,0.920,0.900,2,1,36.048,0,0,18,299,0,49,2
17-06 11:27:26,8.471,2.242,86.208,0.747,0,5570988,163676,186392,2084168,18317.933,5542.221,0,1754.057,0,167.433,3259,4688,0.780,0.920,0.900,0,0,0,0,0,18,298,0,49,2
17-06 11:27:27,13.744,2.499,80.964,1.499,0,5571004,163424,186392,2084404,7077.836,3813.295,0,1639.267,0,178.920,3780,5312,0.880,0.930,0.910,1,0,0,0,0,18,298,0,50,2
17-06 11:27:28,11.502,2.250,83.263,0.750,0,5570948,163424,186396,2084456,9456.440,3758.572,0,1532.233,0,155.024,3382,4689,0.880,0.930,0.910,0,0,0,0,0,18,298,0,51,2
17-06 11:27:29,7.508,2.002,88.840,0.501,0,5568000,166324,186400,2084500,9669.744,3145.169,4.004,6406.456,1.001,453.457,2772,3735,0.880,0.930,0.910,1,0,0,0,0,18,299,0,50,2
17-06 11:27:30,25.843,5.520,63.980,2.509,0,5562124,171796,186472,2084832,5543.932,3036.919,16.058,3645.105,1.004,442.591,8518,13030,0.880,0.930,0.910,1,0,0,0,0,18,299,0,50,2
17-06 11:27:31,25.910,5.232,64.029,2.491,0,5563104,170312,186624,2085184,6486.574,2550.183,0,8941.088,0,681.643,8868,14076,0.880,0.930,0.910,1,0,0.997,0,0,18,299,0,53,2
17-06 11:27:32,20.735,4.247,71.696,1.749,0,5563696,169332,186696,2085500,6882.859,14449.207,15.988,3061.713,0.999,309.769,6259,8976,0.970,0.950,0.920,0,0,0,0,0,18,298,0,54,2
17-06 11:27:33,11.032,2.257,83.743,0.752,0,5563772,169080,186756,2085616,6286.272,3362.774,0,2057.982,0,172.501,3332,4797,0.970,0.950,0.920,0,0,1.003,0,0,18,298,0,50,2
17-06 11:27:34,8.494,1.999,87.935,0.749,0,5564680,168104,186792,2085648,9763.798,3536.392,0,1470.915,0,121.910,2873,3894,0.970,0.950,0.920,1,1,2.998,0,0,18,299,0,50,2
17-06 11:27:35,11.971,1.995,83.296,0.998,0,5564448,168104,186820,2085852,12493.334,4854.085,0,1628.004,0,159.608,3982,5785,0.970,0.950,0.920,0,0,0.998,0,0,18,298,0,51,2
17-06 11:27:36,8.498,2.249,86.976,0.500,0,5564372,168104,186840,2085908,13360.323,4368.797,0,1363.625,0,137.962,3152,4427,0.970,0.950,0.920,0,0,1.000,0,0,18,298,0,51,2
17-06 11:27:37,20.993,4.748,70.477,1.749,0,5564160,168104,186924,2086036,5889.099,2355.240,0,2311.254,0,292.905,6799,9902,0.970,0.950,0.920,2,0,0,0,0,18,299,0,49,2
17-06 11:27:38,20.497,4.499,69.988,2.250,0,5564032,167852,186968,2086372,7161.803,3921.344,0,8102.645,0,603.899,7172,10881,0.970,0.950,0.920,1,0,0,0,0,18,298,0,50,2
17-06 11:27:39,7.770,2.005,89.484,0.251,0,5564236,167600,186976,2086412,6493.957,2621.846,0,1199.131,0,90.236,2445,3358,0.970,0.950,0.920,2,1,0,0,0,18,298,0,50,2
17-06 11:27:40,5.988,1.497,90.065,0.499,0,5564020,167600,186992,2086612,11416.601,3509.806,0,3233.373,0,153.685,2681,3857,0.970,0.950,0.920,1,0,0,0,0,18,299,0,50,2
17-06 11:27:41,25.220,5.244,65.922,1.748,0,5563792,167600,187036,2086796,5771.190,2818.674,0,2481.073,0,298.648,7894,11771,0.970,0.950,0.920,1,0,0.999,0,0,18,299,0,49,2
17-06 11:27:42,15.518,3.504,77.589,1.251,0,5564400,166592,187048,2087184,6477.409,3095.541,0,2546.913,0,274.314,4966,7375,0.970,0.950,0.920,0,0,0,0,0,18,298,0,50,2
17-06 11:27:43,15.996,2.749,78.481,1.000,0,5565632,165344,187064,2087248,11840.157,4552.907,0,2035.511,0,184.956,4011,5416,0.970,0.950,0.920,1,0,5.999,0,0,18,298,0,52,2
17-06 11:27:44,7.035,1.759,89.445,0.754,0,5565548,165344,187076,2087320,7083.263,3107.470,0,1628.105,0,123.615,2528,3430,0.970,0.950,0.920,4,0,0,0,0,18,299,0,53,2
17-06 11:27:45,6.221,1.742,89.085,0.747,0,5565912,164896,187092,2087388,12079.711,3758.486,0,7393.548,0,543.468,3038,4252,0.970,0.950,0.920,0,0,0,0,0,18,298,0,51,2
17-06 11:27:46,9.000,2.250,84.248,2.250,0,5565708,164896,187112,2087572,13101.703,4237.904,0,7007.841,0,494.989,3931,6204,0.970,0.950,0.920,0,0,0,0,0,18,298,0,52,2
17-06 11:27:47,12.000,2.750,83.247,0.750,0,5565588,164896,187128,2087676,6904.774,3857.874,0,1587.948,0,164.995,3452,4902,0.970,0.960,0.920,0,0,0,0,0,18,298,0,54,2
17-06 11:27:48,12.254,2.501,82.028,1.000,0,5565624,164644,187140,2087880,9269.216,4339.505,0,1264.439,0,120.042,3462,4502,0.970,0.960,0.920,0,0,0,0,0,18,298,0,56,2
17-06 11:27:49,2.999,1.000,94.732,0,0,5565612,164644,187148,2087884,8457.352,2880.439,0,623.878,0,36.993,1384,1776,0.970,0.960,0.920,1,0,0,0,0,18,298,0,52,2
17-06 11:27:50,7.999,1.500,88.485,0.750,0,5565564,164644,187152,2087928,7604.707,3442.415,0,967.835,0,85.985,2484,3271,0.970,0.960,0.920,1,0,0,0,0,18,299,0,53,2
17-06 11:27:51,10.997,3.249,83.480,1.000,0,5565492,164644,187152,2088000,6831.326,3470.150,0,1579.613,0,177.956,3473,5048,0.970,0.960,0.920,0,0,1.000,0,0,18,298,0,54,2
17-06 11:27:52,10.754,2.501,83.281,1.000,0,5565428,164644,187156,2088060,12492.591,4347.598,0,1660.610,0,178.065,3686,5154,0.900,0.940,0.910,1,0,0,0,0,18,298,0,54,2
17-06 11:27:53,8.500,1.500,86.995,1.000,0.250,5565240,164644,187172,2088232,12891.296,4865.734,0,1327.927,0,128.993,2919,4117,0.900,0.940,0.910,1,0,0,0,0,18,298,0,54,2
17-06 11:27:54,6.998,1.250,89.977,0.250,0,5565200,164644,187176,2088268,10309.318,4252.893,0,859.776,0,68.982,2195,2859,0.900,0.940,0.910,0,0,0,0,0,18,298,0,55,2
17-06 11:27:55,3.000,1.000,93.513,0.250,0,5565192,164644,187176,2088276,5827.818,2356.331,0,840.118,0,69.010,1734,2457,0.900,0.940,0.910,1,0,0,0,0,18,298,0,55,2
17-06 11:27:56,9.758,2.252,85.071,1.251,0,5565328,164392,187188,2088380,12963.830,4538.792,0,1477.234,0,157.131,3204,4587,0.900,0.940,0.910,2,0,0,0,0,18,299,0,55,2
17-06 11:27:57,26.037,5.007,64.592,2.003,0,5565308,162636,187228,2090100,6356.085,2479.544,32.046,9080.980,1.001,694.993,8679,13803,0.900,0.940,0.910,2,0,0,0,0,18,299,0,56,2
17-06 11:27:58,25.260,5.252,66.276,1.501,0,5565252,161376,187260,2091384,6245.417,2530.980,0,2460.953,0,295.114,8057,12030,0.900,0.940,0.910,1,0,0,0,0,18,299,0,56,2
17-06 11:27:59,19.434,3.737,73.751,1.246,0,5565232,161124,187284,2091632,7077.119,3958.642,0,2383.956,0,257.132,5873,8487,0.900,0.940,0.910,0,0,0,0,0,18,298,0,57,2
17-06 11:28:00,12.003,2.251,83.273,1.250,0,5565476,160620,187304,2091872,6346.785,3504.986,0,2692.757,0,212.060,3689,5307,0.900,0.940,0.910,0,0,0,0,0,18,298,0,60,2
17-06 11:28:01,6.279,2.261,89.416,0.502,0,5566720,159360,187304,2091888,7822.433,3054.225,0,2342.912,0,114.533,2507,3486,0.900,0.940,0.910,2,0,2.009,0,0,18,302,0,60,2
17-06 11:28:02,10.200,2.488,84.088,1.244,0.498,5564860,161088,187324,2092000,7481.303,3898.875,0,2165.379,0,223.902,3642,5318,0.990,0.960,0.920,0,0,0,0,0,18,298,0,57,2
17-06 11:28:03,21.760,2.751,73.283,0.250,0,5571904,153780,187324,2092264,5633.569,1695.773,0,944.431,0,52.024,3523,3746,0.990,0.960,0.920,2,0,0,0,0,18,299,0,57,2
17-06 11:28:04,19.494,2.999,75.228,0.500,0,5577044,148488,187332,2092408,11489.639,4366.723,0,1299.620,0,126.963,4068,5074,0.990,0.960,0.920,3,0,1.999,0,0,18,298,0,59,2
17-06 11:28:05,8.751,2.750,83.261,2.000,0,5577100,148236,187348,2092588,11138.466,3716.489,0,11669.535,0,845.111,4366,6383,0.990,0.960,0.920,0,0,0,0,0,18,298,0,59,2
17-06 11:28:06,8.781,1.505,88.310,0.753,0.251,5577076,148236,187356,2092604,11099.023,3497.296,0,1292.544,0,125.441,2869,3925,0.990,0.960,0.920,3,0,0,0,0,18,298,0,54,2
17-06 11:28:07,4.743,1.498,91.623,0.250,0,5577016,148236,187360,2092660,11478.033,4289.033,0,954.672,0,77.892,2348,3352,0.910,0.940,0.910,1,0,0,0,0,18,299,0,54,2
17-06 11:28:08,25.468,5.493,64.917,1.248,0,5577672,147228,187376,2092996,6123.215,2472.856,0,2237.156,0,256.674,7852,11873,0.910,0.940,0.910,1,0,0.999,0,0,18,299,0,54,2
17-06 11:28:09,13.246,3.499,80.725,1.500,0,5578080,146724,187380,2093088,5706.264,2544.226,0,2363.281,0,248.924,4528,6783,0.910,0.940,0.910,0,0,0,0,0,18,298,0,55,2
17-06 11:28:10,17.033,2.004,78.902,0.250,0,5578156,146472,187380,2093264,5260.110,2653.100,0,1899.651,0,131.252,4207,5491,0.910,0.940,0.910,1,0,0,0,0,18,302,0,54,2
17-06 11:28:11,24.686,3.990,68.324,0.997,0,5579512,144712,187400,2093648,5603.552,2589.324,127.671,1607.854,6.982,149.614,6674,9285,0.910,0.940,0.910,1,0,1.995,0,0,18,303,0,74,2
17-06 11:28:12,25.794,3.756,67.615,0.501,0,5580672,143452,187408,2093740,5338.107,2305.934,0,1959.343,0,159.272,6830,9102,0.920,0.940,0.910,2,0,2.003,0,0,18,305,0,84,2
17-06 11:28:13,28.786,3.254,65.082,1.001,0,5581556,142192,187412,2094112,5957.513,3029.821,0,1569.980,0,134.169,5428,6345,0.920,0.940,0.910,2,0,0,0,0,18,302,0,91,2
17-06 11:28:14,5.485,1.745,89.513,1.247,0,5581740,141940,187420,2094172,12549.774,4424.287,3.989,5222.174,0.997,361.044,3029,4678,0.920,0.940,0.910,0,0,0,0,0,18,301,0,86,2
17-06 11:28:15,25.238,5.497,65.218,1.499,0,5581708,141688,187428,2094448,6084.007,2408.815,0,2562.739,0,300.852,7230,10377,0.920,0.940,0.910,1,0,0,0,0,18,301,0,87,2
17-06 11:28:16,23.664,4.235,67.504,1.495,0,5582156,140932,187428,2094756,6075.844,3898.783,0,3256.126,0,319.834,6412,9168,0.920,0.940,0.910,1,0,0,0,0,18,301,0,88,2
17-06 11:28:17,6.539,2.012,88.776,1.509,0,5582140,140932,187432,2094768,8636.122,3507.764,0,2080.314,0,196.161,2914,4221,0.850,0.930,0.910,2,0,0,0,0,18,301,0,89,2
17-06 11:28:18,3.258,0.752,94.489,0.251,0,5582088,140932,187436,2094816,5956.046,2361.967,0,1182.988,0,91.230,1612,2353,0.850,0.930,0.910,1,0,0,0,0,18,302,0,83,2
17-06 11:28:19,4.969,1.242,91.182,0.745,0,5582028,140932,187448,2094864,7722.868,3891.745,0,1629.842,0,156.028,2417,3661,0.850,0.930,0.910,0,0,0,0,0,18,301,0,84,2
17-06 11:28:20,6.259,1.252,90.627,1.001,0,5582208,140680,187460,2094924,7481.443,3425.782,0,1578.203,0,151.211,2584,3735,0.850,0.930,0.910,1,0,0,0,0,18,301,0,84,2
17-06 11:28:21,17.498,3.500,76.991,0.750,0,5584520,137936,187460,2095356,7251.146,2926.655,0,7951.063,0,511.940,4332,5358,0.850,0.930,0.910,0,0,1.000,0,0,18,301,0,87,2
17-06 11:28:22,9.774,0.752,87.718,0.501,0,5584504,137936,187460,2095372,5640.027,2979.410,0,890.214,0,72.180,1917,2348,0.780,0.910,0.900,1,0,0,0,0,18,302,0,84,2
17-06 11:28:23,3.993,1.248,92.345,0.250,0,5584472,137936,187464,2095400,6762.664,2880.172,0,1162.052,0,113.809,1990,3009,0.780,0.910,0.900,1,0,0,0,0,18,301,0,84,2
17-06 11:28:24,5.748,1.999,89.725,1.250,0,5584436,137936,187468,2095432,6607.168,2872.204,0,5802.391,0,397.890,2921,4566,0.780,0.910,0.900,1,0,0,0,0,18,301,0,84,2
17-06 11:28:25,14.711,4.987,77.295,0.997,0,5618256,133288,186956,2069732,12264.426,4745.396,0,1511.984,0,166.558,4423,7145,0.780,0.910,0.900,1,0,35.905,0,0,18,301,0,84,2
17-06 11:28:26,21.085,4.769,70.283,1.506,0,5604100,147084,186960,2067112,11986.286,3802.317,0,2305.287,0,284.145,6757,12989,0.780,0.910,0.900,1,0,0,0,0,18,302,0,80,2
17-06 11:28:27,24.493,5.748,65.732,1.750,0,5604424,146580,186976,2067276,6010.312,2475.305,0,3151.115,0,313.912,7139,10199,0.960,0.950,0.920,1,0,0,0,0,18,301,0,82,2
17-06 11:28:28,6.493,1.249,90.897,0.499,0,5604204,146620,186976,2067456,7021.025,3870.603,0,1957.776,0,134.847,2202,3200,0.960,0.950,0.920,1,0,0,0,0,18,302,0,82,2
17-06 11:28:29,5.501,1.250,90.766,1.000,0,5603484,147300,186976,2067496,7489.286,3329.572,0,1684.289,0,177.030,2643,3973,0.960,0.950,0.920,0,0,0,0,0,18,301,0,82,2
17-06 11:28:30,6.752,1.751,89.031,0.750,0,5603560,147048,186984,2067664,6985.438,3357.172,0,1472.514,0,132.046,2622,3644,0.960,0.950,0.920,0,0,0,0,0,18,301,0,80,2
17-06 11:28:31,9.245,1.499,86.451,0.750,0,5603724,146800,187004,2067728,13232.573,4933.231,0,1866.952,0,156.912,3199,4302,0.960,0.950,0.920,0,0,0.999,0,0,18,301,0,81,2
17-06 11:28:32,16.571,4.017,77.079,1.255,0,5603464,146888,187044,2067860,5892.156,2461.509,48.206,2008.575,2.009,240.025,5292,7652,0.960,0.950,0.920,1,0,0,0,0,18,302,0,81,2
17-06 11:28:33,22.168,5.978,67.999,1.494,0,5414764,335352,187112,2068044,8074.190,268383.133,135.500,7675.662,7.971,506.131,4663,5999,0.960,0.950,0.920,0,0,13.949,0,0,18,301,0,81,2
17-06 11:28:34,2.751,0.750,95.533,0,0,5412752,337476,187112,2067932,6508.234,13187.526,0,668.229,0,31.011,1262,1703,0.960,0.950,0.920,0,0,1.000,0,0,18,301,0,76,2
17-06 11:28:35,4.749,2.250,91.733,0.500,0,5414988,335220,187116,2067948,5433.012,2463.552,0,1503.726,0,95.983,2163,3007,0.960,0.950,0.920,0,0,2.999,0,0,18,301,0,76,2
17-06 11:28:36,4.750,1.000,91.748,0,0,5415432,334744,187120,2067976,6153.873,2917.940,0,427.991,0,32.999,1795,2382,0.960,0.950,0.920,1,0,2.000,0,0,18,301,0,78,2
17-06 11:28:37,4.748,1.999,91.208,0.500,0,5455484,294676,187132,2067980,5892.264,2528.826,0,167.922,0,17.992,1686,2121,0.880,0.930,0.910,0,0,0,0,0,18,301,0,78,2
17-06 11:28:38,1.751,0.750,96.050,0,0,5447888,302264,187136,2067984,6054.128,13123.781,0,272.141,0,24.012,1245,1748,0.880,0.930,0.910,0,0,0,0,0,18,301,0,78,2
17-06 11:28:39,1.500,1.000,97.003,0,0,5448112,302040,187136,2067984,5670.179,13679.433,0,92.003,0,10.000,1129,1463,0.880,0.930,0.910,0,0,0,0,0,18,301,0,76,2
17-06 11:28:40,1.000,0.500,97.248,0,0,5448076,302040,187136,2068020,5981.907,2529.961,0,0,0,0,1014,1371,0.880,0.930,0.910,0,0,0,0,0,18,301,0,76,2
17-06 11:28:41,1.250,0.500,96.769,0.250,0,5447608,302504,187136,2068024,5797.134,2410.471,0,4296.840,0,477.093,1269,1640,0.880,0.930,0.910,0,0,1.000,0,0,18,301,0,76,2
17-06 11:28:42,2.494,1.247,95.035,0.249,0,5447608,302504,187136,2068024,5930.581,13544.353,31.928,255.422,0.998,31.928,1540,2276,0.810,0.920,0.910,1,0,0,0,0,18,302,0,76,2
17-06 11:28:43,2.505,1.753,93.672,0.751,0,5448056,302004,187144,2068068,5629.319,2256.136,0,601.102,0,58.107,1728,2352,0.810,0.920,0.910,0,0,6.011,0,0,18,301,2,75,2
17-06 11:28:44,1.250,0.500,96.724,0,0,5448056,302004,187144,2068068,5290.553,2089.429,0,51.986,0,5.998,1204,1745,0.810,0.920,0.910,0,0,0,0,0,18,302,0,75,2
17-06 11:28:45,2.500,1.000,94.745,0.250,0,5448044,302004,187148,2068076,5428.740,2253.892,0,267.987,0,33.998,1776,2648,0.810,0.920,0.910,0,0,0,0,0,18,302,0,75,2
17-06 11:28:46,2.251,0.500,95.031,0.500,0,5448028,302004,187160,2068080,5385.783,2632.872,0,568.188,0,56.019,1632,2528,0.810,0.920,0.910,0,0,0,0,0,18,302,0,75,2
17-06 11:28:47,1.500,0.750,96.760,0,0,5448028,302004,187160,2068080,4905.496,2206.223,0,260.026,0,17.002,1212,1741,0.750,0.900,0.900,0,0,0,0,0,18,302,0,71,2
17-06 11:28:48,1.750,0.750,95.750,0,0,5448028,302004,187164,2068076,5124.984,2565.992,0,124.000,0,16.000,1458,2155,0.750,0.900,0.900,1,0,1.000,0,0,18,302,0,71,2
17-06 11:28:49,1.250,0.750,96.533,0.250,0,5448020,302004,187164,2068084,5378.866,2512.872,0,172.060,0,11.004,1313,1906,0.750,0.900,0.900,0,0,0,0,0,18,302,0,71,2
17-06 11:28:50,1.499,0.500,97.203,0,0,5448016,302004,187164,2068088,5438.365,2510.783,0,35.983,0,4.998,1131,1601,0.750,0.900,0.900,0,0,0,0,0,18,302,0,71,2
17-06 11:28:51,1.000,1.250,96.725,0,0,5448016,302004,187164,2068088,5360.640,2511.363,0,79.980,0,2.999,1221,1731,0.750,0.900,0.900,0,0,1.000,0,0,18,302,0,65,2
17-06 11:28:52,2.251,0.750,95.531,0,0,5448008,302004,187168,2068092,5520.780,2566.828,0,692.223,0,25.008,1623,2441,0.690,0.890,0.900,1,0,0,0,0,18,302,0,65,2
17-06 11:28:53,0.750,1.000,96.728,0.250,0,5448004,302004,187168,2068096,5219.792,2457.431,0,459.894,0,26.994,1239,1847,0.690,0.890,0.900,1,0,0,0,0,18,302,0,65,2
17-06 11:28:54,1.750,0.250,97.264,0,0,5448004,302004,187168,2068096,5213.763,2174.318,0,32.005,0,4.001,1163,1723,0.690,0.890,0.900,0,0,0,0,0,18,302,0,65,2
17-06 11:28:55,2.000,1.000,94.510,0.250,0,5448004,302004,187168,2068096,5439.577,2597.275,0,216.023,0,35.004,1763,2680,0.690,0.890,0.900,0,0,0,0,0,18,302,0,63,2
17-06 11:28:56,1.999,0.750,95.712,0.250,0,5448000,302004,187168,2068100,5391.858,2618.960,0,415.835,0,35.986,1502,2252,0.690,0.890,0.900,1,0,0,0,0,18,302,0,63,2
17-06 11:28:57,1.500,1.000,96.737,0.250,0,5447996,302004,187168,2068104,5299.281,2565.652,0,99.986,0,9.999,1173,1714,0.630,0.870,0.890,0,0,0,0,0,18,302,0,63,2
17-06 11:28:58,1.251,0.500,97.559,0,0,5447996,302004,187168,2068104,5390.273,2633.599,0,0,0,0,1116,1693,0.630,0.870,0.890,0,0,0,0,0,18,302,0,63,2
17-06 11:28:59,1.501,0.500,96.036,0,0,5447996,302004,187168,2068104,5320.997,2608.979,0,0,0,0,1298,1822,0.630,0.870,0.890,0,0,0,0,0,18,302,0,61,2
17-06 11:29:00,1.999,0.500,96.710,0,0,5447996,302004,187168,2068104,5334.807,2239.079,0,83.965,0,11.995,1518,2228,0.630,0.870,0.890,0,0,0,0,0,18,302,0,61,2
17-06 11:29:01,2.000,1.000,95.516,0.250,0,5448744,301248,187176,2068104,6384.052,3130.516,0,256.042,0,24.004,1492,2137,0.630,0.870,0.890,0,0,2.000,0,0,18,305,0,61,2
17-06 11:29:02,1.499,1.250,95.713,0,0,5447364,302604,187188,2068116,6331.539,3063.809,0,399.845,0,37.985,1729,2504,0.580,0.860,0.890,0,0,0,0,0,18,302,0,61,2
17-06 11:29:03,1.501,0.500,96.803,0.250,0,5447612,302352,187192,2068116,6596.632,2567.414,0,288.159,0,18.010,1300,1842,0.580,0.860,0.890,1,0,0,0,0,18,302,0,56,2
17-06 11:29:04,2.500,1.750,94.511,0.250,0,5453908,296056,187196,2068112,133682.254,2184.266,4.000,160.019,1.000,13.002,1335,1831,0.580,0.860,0.890,3,0,5.001,0,0,18,302,0,56,2
17-06 11:29:05,13.802,4.266,80.050,0.251,0,5471948,277980,187228,2068116,281028.548,6476.302,0,377.416,0,44.166,2896,2996,0.580,0.860,0.890,1,0,22.083,0,0,18,302,0,56,2
17-06 11:29:06,11.198,4.728,81.372,0.747,0,5474188,275508,187252,2068324,289019.336,9211.240,183.150,2962.249,6.968,185.141,3036,3380,0.580,0.860,0.890,2,0,21.898,0,0,18,302,0,56,2
17-06 11:29:07,20.762,6.504,71.790,0,0,5467000,270504,187260,2080492,4164.346,1094.617,152.086,568.320,3.002,22.012,2740,2220,0.620,0.860,0.890,1,0,20.011,0,0,18,302,0,54,2
