"pcp-dstat 6.2.0 CSV Output"
"Author:","PCP team <pcp@groups.io> and Dag Wieers <dag@wieers.com>",,,,"URL:","https://pcp.io/ and http://dag.wieers.com/home-made/dstat/"
"Host:","ubuntu",,,,"User:","ubuntu"
"Cmdline:","dstat -tcmndrylpg --tcp --output /tmp/devstack_logs/dstat-csv.log",,,,"Date:","16 Jun 2026 06:25:58 UTC"
"system","total usage",,,,,"memory usage",,,,"net/total",,"dsk/total",,"io/total",,"system",,"load avg",,,"procs",,,"paging",,"tcp sockets",,,,
"time","total usage:usr","total usage:sys","total usage:idl","total usage:wai","total usage:stl","used","free","buf","cach","net/total:recv","net/total:send","dsk/total:read","dsk/total:writ","read","writ","int","csw","1m","5m","15m","run","blk","new","in","out","lis","act","syn","tim","clo"
16-06 06:25:58,,972148,1435600,167200,5231724,,,,,,,1.070,0.850,0.490,2,0,,,,10,5,0,17,0
16-06 06:25:59,17.949,21.439,58.583,0.499,0,979964,1427276,167348,5231984,39870.249,13024.840,0,1790.891,0,116.667,5757,4391,1.150,0.870,0.490,1,0,396.868,0,0,10,6,0,17,0
16-06 06:26:00,20.758,21.509,55.272,0.750,0,984880,1421548,167516,5232576,27549.961,14407.732,0,1972.785,0,61.024,5543,3974,1.150,0.870,0.490,2,0,345.137,0,0,10,6,0,17,0
16-06 06:26:01,24.250,20.500,53.999,0.500,0,980180,1425624,167692,5232868,44695.301,14159.779,0,1803.972,0,58.999,5817,5385,1.150,0.870,0.490,2,0,263.996,0,0,10,6,0,17,0
16-06 06:26:02,33.957,17.228,45.942,0.250,0,1133332,1271524,167816,5358324,23219.487,12348.305,0,4797.902,0,55.929,6761,21794,1.150,0.870,0.490,1,0,179.772,0,0,11,5,0,18,1
16-06 06:26:03,28.106,9.787,61.481,0.502,0,1146648,1232452,168116,5382448,178042.534,7051.478,0,1690.347,0,56.211,3325,2277,1.150,0.870,0.490,2,0,81.305,0,0,11,6,0,18,2
16-06 06:26:04,37.034,13.422,47.224,0.746,0,1162120,1197808,169048,5398088,5207.564,1449.528,0,2004.286,0,64.622,4481,2950,1.220,0.890,0.500,2,0,165.035,0,0,11,6,0,18,2
16-06 06:26:05,40.204,8.041,48.747,0.251,0,1215368,1122076,169468,5418192,4541.003,1465.423,32.163,2613.238,2.010,59.300,3277,2254,1.220,0.890,0.500,2,0,34.173,0,0,11,6,0,19,2
16-06 06:26:06,43.485,5.748,48.733,1.499,0,1265756,1050896,170632,5434868,5246.145,1457.485,0,4314.475,0,120.957,3295,2321,1.220,0.890,0.500,2,0,0,0,0,11,6,0,19,2
16-06 06:26:07,35.635,7.725,44.855,9.469,0,1265640,1014528,172608,5466056,5178.274,1453.306,0,32698.384,0,2053.368,9509,16245,1.220,0.890,0.500,4,0,27.910,0,0,11,8,0,19,2
16-06 06:26:08,34.636,7.028,41.413,14.055,0,1270508,1011668,173840,5461376,5204.433,2108.277,0,55136.469,0,3824.013,15066,28366,1.220,0.890,0.500,6,1,55.217,0,0,11,6,0,19,0
16-06 06:26:09,38.100,9.961,48.060,2.241,0,1248164,1034072,173944,5461332,8784.328,2785.008,0,14741.814,0,986.108,5846,7114,1.360,0.920,0.520,1,0,108.571,0,0,11,5,0,19,0
16-06 06:26:10,41.052,7.009,50.564,0.501,0,1268520,1006348,174368,5467572,7551.495,3401.277,0,3260.099,0,209.263,3062,1869,1.360,0.920,0.520,3,0,5.006,0,0,11,4,0,19,0
16-06 06:26:11,44.643,8.527,44.643,1.003,0,1201808,1071444,174452,5468788,4713.130,1462.696,0,7231.214,0,471.514,10960,18363,1.360,0.920,0.520,2,0,22.071,0,0,11,4,0,19,0
16-06 06:26:12,41.638,10.472,46.126,0,0,1244136,1028912,174524,5468836,4744.205,1615.643,0,1468.041,0,70.809,9871,17304,1.360,0.920,0.520,2,0,19.946,0,0,11,4,0,19,0
16-06 06:26:13,45.241,5.249,48.740,0,0,1227424,1053692,174536,5461448,4439.101,1619.672,0,371.925,0,29.994,2841,1592,1.360,0.920,0.520,2,0,9.998,0,0,11,4,0,19,0
16-06 06:26:14,20.803,23.560,55.390,0,0,1144376,1136728,174544,5461488,4511.408,1624.107,0,20.051,0,5.013,5946,4491,1.410,0.940,0.520,1,0,428.082,0,0,11,4,0,19,0
16-06 06:26:15,10.226,20.700,67.838,0,0.249,1125756,1155192,174544,5461644,4608.978,1616.135,0,27.933,0,6.983,5328,3732,1.410,0.940,0.520,1,0,307.265,0,0,11,4,0,19,0
16-06 06:26:16,24.562,17.294,56.393,0.251,0,1146660,1134152,174548,5462036,5112.990,1624.126,0,681.732,0,102.260,5739,6655,1.410,0.940,0.520,3,0,217.553,0,0,11,4,0,19,0
16-06 06:26:17,45.377,7.978,45.876,0,0,1217932,1062856,174556,5462164,5001.492,1454.073,0,15817.282,0,90.755,3243,1915,1.410,0.940,0.520,2,0,45.876,0,0,11,5,0,13,0
16-06 06:26:18,42.721,7.745,48.467,0.500,0,1240076,1040160,174560,5462712,4976.571,1618.885,0,2326.397,0,156.892,2941,1850,1.410,0.940,0.520,2,0,0,0,0,11,5,0,13,0
16-06 06:26:19,37.770,9.755,51.777,0,0,1266500,1011356,174564,5465036,5600.934,1458.764,0,2345.229,0,173.091,3969,4581,1.460,0.960,0.530,1,0,96.050,0,0,11,4,0,13,0
16-06 06:26:20,2.000,1.500,95.737,0,0,1266368,1011480,174564,5465044,5639.248,1619.784,0,0,0,0,1096,1200,1.460,0.960,0.530,0,0,22.997,0,0,11,4,0,13,0
16-06 06:26:21,20.034,5.259,73.125,0,0.250,1328624,949240,174564,5465044,5557.515,1460.500,0,0,0,0,2047,1660,1.460,0.960,0.530,1,0,22.038,0,0,11,4,0,13,0
16-06 06:26:22,22.234,4.247,72.697,0,0,1346012,931852,174564,5465044,4993.328,1618.810,0,10232.476,0,56.958,1960,1475,1.460,0.960,0.530,1,0,0,0,0,11,4,0,13,0
16-06 06:26:23,22.212,3.244,70.879,1.997,0,1374440,903128,174616,5465292,3933.272,808.617,0,4879.654,0,383.344,3559,4616,1.460,0.960,0.530,1,0,0.998,0,0,11,10,0,13,0
16-06 06:26:24,20.530,6.009,71.854,0.751,0,1349260,928280,174644,5465292,3352.851,648.939,0,2723.941,0,174.252,2712,2375,1.420,0.960,0.540,1,0,42.061,0,0,11,4,0,15,0
16-06 06:26:25,22.179,3.240,73.515,0,0,1403136,874188,174644,5465464,4824.553,1656.696,0,693.779,0,32.895,1767,1223,1.420,0.960,0.540,1,0,0,0,0,11,4,0,15,0
16-06 06:26:26,18.039,2.756,77.168,0.501,0,1396068,881016,174684,5465592,8345.219,5357.697,128.280,3443.518,31.068,79.173,2551,2558,1.420,0.960,0.540,0,1,1.002,0,0,11,17,0,15,0
16-06 06:26:27,19.286,3.757,75.141,0.250,0,1307524,969228,174688,5465872,8309.628,5166.717,140.264,37382.306,35.066,552.038,2958,2393,1.420,0.960,0.540,1,0,21.040,0,0,11,28,0,16,0
16-06 06:26:28,21.224,4.495,73.411,0,0,1372784,903968,174688,5465872,4494.524,1618.029,0,31.961,0,1.998,1972,1402,1.420,0.960,0.540,1,0,23.971,0,0,11,28,0,16,0
16-06 06:26:29,16.240,2.748,79.950,0,0,1382720,894096,174692,5465884,11225.018,8467.733,0,1607.000,0,7.995,2027,1714,1.390,0.960,0.540,1,0,0,0,0,11,28,0,15,0
16-06 06:26:30,29.202,13.728,55.659,0,0,1437160,839640,174692,5465900,4372.875,1659.296,0,11.980,0,2.995,3795,2365,1.390,0.960,0.540,2,0,156.745,0,0,11,28,0,15,0
16-06 06:26:31,35.328,4.760,58.629,0,0,1516884,759904,174692,5465912,13088.759,9394.642,0,0,0,0,3108,2304,1.390,0.960,0.540,2,0,0,0,0,11,30,0,15,0
16-06 06:26:32,37.997,4.000,55.995,0,0,1511560,765032,174696,5466104,16408.514,12503.868,0,1395.874,0,36.997,6262,7690,1.390,0.960,0.540,2,0,0,0,0,11,28,0,16,0
16-06 06:26:33,61.177,28.834,10.280,0,0,1535116,741400,174696,5466148,4559.226,1570.556,0,48.140,0,12.035,5783,4768,1.390,0.960,0.540,6,0,580.685,0,0,11,28,0,16,0
16-06 06:26:34,84.504,13.501,0.500,0,0,1767352,509136,174696,5466168,12068.504,10099.422,0,104.004,0,2.000,5170,2911,1.760,1.040,0.570,3,0,0,0,0,11,32,0,16,0
16-06 06:26:35,77.257,9.221,13.209,0.249,0,1824024,452224,174700,5466396,36675.863,33648.367,0,394.761,0,27.912,8038,11761,1.760,1.040,0.570,4,0,0,0,0,11,32,0,18,0
16-06 06:26:36,53.756,16.252,29.003,0.250,0,1485200,791004,174708,5466432,11785.269,6480.698,0,616.066,0,54.006,6136,6741,1.760,1.040,0.570,1,0,310.033,0,0,11,28,0,22,0
16-06 06:26:37,19.495,2.499,76.479,0.250,0,1498960,777240,174708,5466436,7976.779,3969.894,0,175.951,0,9.997,1915,1561,1.760,1.040,0.570,2,0,0,0,0,11,29,0,22,0
16-06 06:26:38,17.499,6.249,74.744,0,0,1458644,817532,174712,5466456,9776.166,6154.475,0,88276.470,0,505.957,4271,4467,1.760,1.040,0.570,1,0,31.997,0,0,11,28,0,23,0
16-06 06:26:39,20.933,5.732,72.518,0,0,1468908,807264,174712,5466460,5424.650,1507.180,0,1626.797,0,77.751,2187,1579,1.780,1.060,0.580,1,0,35.885,0,0,11,28,0,23,0
16-06 06:26:40,16.774,3.004,79.112,0,0,1474216,801928,174712,5466468,11911.890,7684.897,0,124.176,0,11.016,2694,2684,1.780,1.060,0.580,1,0,7.010,0,0,11,29,0,23,0
16-06 06:26:41,12.546,16.811,69.000,0.251,0,1440632,835492,174720,5466480,6873.944,2106.645,0,321.165,0,27.098,4952,3880,1.780,1.060,0.580,1,0,276.002,0,0,11,28,0,24,0
16-06 06:26:42,14.222,29.192,54.641,0,0.250,1426324,849796,174720,5466484,6160.716,1293.421,0,223.554,0,17.964,5944,4496,1.780,1.060,0.580,5,0,581.840,0,0,11,28,0,24,0
16-06 06:26:43,80.531,19.568,0.251,0,0,1597424,678620,174736,5466512,5511.197,1517.285,0,8373.167,0,94.329,5219,3258,1.780,1.060,0.580,6,0,180.629,0,0,11,28,0,24,0
16-06 06:26:44,79.712,9.496,9.496,0,0,1738592,537272,174736,5466692,25816.788,23212.020,0,75.964,0,5.997,5798,5075,2.030,1.120,0.600,4,0,0,0,0,11,33,0,24,0
16-06 06:26:45,72.019,9.252,18.005,0.250,0,1704772,570988,174748,5466768,35005.280,29486.817,0,3340.886,0,229.061,10933,16448,2.030,1.120,0.600,5,0,60.016,0,0,11,28,0,25,0
16-06 06:26:46,77.487,22.246,0,0,0,1595484,680172,174748,5466876,4919.175,1619.728,0,243.959,0,12.998,5216,3685,2.030,1.120,0.600,6,0,249.958,0,0,11,28,0,25,0
16-06 06:26:47,84.932,11.990,2.748,0,0,1800436,475068,174748,5467024,21315.926,18526.161,0,171.862,0,7.994,5943,4356,2.030,1.120,0.600,3,0,0,0,0,11,33,0,25,0
16-06 06:26:48,79.344,9.232,9.980,0,0,1809252,466008,174752,5467264,48635.121,42387.437,0,287.433,0,11.976,8607,15741,2.030,1.120,0.600,5,0,49.902,0,0,11,31,0,28,0
16-06 06:26:49,53.227,14.744,31.487,0,0,1552988,722108,174760,5467420,10865.365,6554.204,0,767.672,0,89.962,5395,5481,2.270,1.190,0.620,4,0,247.894,0,0,11,28,0,25,0
16-06 06:26:50,35.984,5.498,57.225,0,0,1581396,693684,174760,5467436,12714.485,9435.907,0,155.932,0,9.996,3005,2169,2.270,1.190,0.620,2,0,1.000,0,0,11,30,0,25,0
16-06 06:26:51,35.640,6.777,56.220,0.251,0,1531236,743776,174788,5467476,15927.372,12206.802,0,963.774,0,69.271,5973,7000,2.270,1.190,0.620,4,0,81.318,0,0,11,28,0,27,0
16-06 06:26:52,53.484,19.652,26.120,0,0,1571064,703920,174788,5467504,5449.890,1653.774,0,27.861,0,6.965,4794,2997,2.270,1.190,0.620,3,0,295.530,0,0,11,28,0,27,0
16-06 06:26:53,53.113,6.013,40.335,0,0,1629964,645004,174788,5467520,19119.517,15785.452,0,477.011,0,8.017,4049,3898,2.270,1.190,0.620,3,0,2.004,0,0,11,31,0,25,0
16-06 06:26:54,52.744,14.998,30.996,0.250,0,1420864,853908,174800,5467704,19769.618,15438.140,0,407.951,0,48.994,7510,9850,2.410,1.240,0.640,4,0,257.969,0,0,11,28,0,26,0
16-06 06:26:55,83.458,13.032,3.759,0,0,1631488,643264,174800,5467724,6986.398,3914.749,0,304.759,0,22.055,4889,2243,2.410,1.240,0.640,3,0,0,0,0,11,29,0,26,0
16-06 06:26:56,59.789,6.477,33.133,0,0,1660208,614336,174800,5467932,35578.234,31686.989,0,143.493,0,8.968,7910,10402,2.410,1.240,0.640,3,0,0,0,0,11,31,0,27,0
16-06 06:26:57,61.996,19.076,18.072,0,0,1523812,750688,174808,5467968,13625.989,9212.502,0,433.718,0,39.155,6444,7092,2.410,1.240,0.640,3,0,325.289,0,0,11,28,0,28,0
16-06 06:26:58,52.861,6.732,39.895,0,0,1621084,653392,174808,5467992,16820.861,13319.050,0,191.498,0,2.992,3939,2704,2.410,1.240,0.640,3,0,0,0,0,11,31,0,28,0
16-06 06:26:59,51.375,7.769,39.346,0.251,0.251,1598484,675788,174824,5468180,23784.841,19141.549,0,1303.169,0,90.219,7795,10126,2.460,1.270,0.660,4,0,57.139,0,0,11,28,0,30,0
16-06 06:27:00,61.517,18.005,20.506,0,0,1516520,757736,174824,5468196,6427.771,1686.465,0,16.004,0,4.001,4319,2560,2.460,1.270,0.660,3,0,243.067,0,0,11,28,0,30,0
16-06 06:27:01,50.461,6.245,42.467,0,0,1585776,688464,174824,5468212,19916.700,16576.266,0,0,0,0,4743,4142,2.460,1.270,0.660,2,0,0,0,0,11,31,0,30,0
16-06 06:27:02,57.798,18.265,22.519,0,0,1522028,751864,174832,5468548,17961.805,12838.582,0,356.294,0,27.022,7638,18998,2.460,1.270,0.660,3,0,323.266,0,0,11,28,0,34,0
16-06 06:27:03,58.452,7.959,32.584,0,0,1636568,637428,174836,5468564,9578.153,7545.519,0,3446.424,0,235.797,3705,1490,2.460,1.270,0.660,0,0,0,0,0,11,31,0,34,0
16-06 06:27:04,47.622,6.266,45.366,0.501,0,1628932,644872,174840,5468752,26374.508,21147.128,0,637.632,0,48.123,7575,9681,2.340,1.260,0.660,4,0,0,0,0,11,28,0,35,1
16-06 06:27:05,61.480,14.245,23.992,0,0,1557484,716300,174844,5468768,5416.277,1751.443,0,1011.678,0,10.997,4343,2265,2.340,1.260,0.660,5,0,111.964,0,0,11,28,0,36,0
16-06 06:27:06,53.367,5.262,40.338,0,0,1614124,659640,174844,5468788,19043.755,16369.892,0,124.272,0,8.018,4276,3495,2.340,1.260,0.660,1,0,0,0,0,11,31,0,33,0
16-06 06:27:07,55.536,21.014,23.265,0,0,1480240,793468,174848,5468840,18274.993,12441.165,0,492.323,0,48.032,7599,9655,2.340,1.260,0.660,6,0,422.277,0,0,11,28,0,35,0
16-06 06:27:08,79.160,20.726,0,0,0,1644508,629140,174852,5468896,5172.105,1618.156,0,231.736,0,15.982,5519,4467,2.340,1.260,0.660,7,0,406.537,0,0,11,28,0,35,0
16-06 06:27:09,80.588,18.770,0.250,0,0,1811228,462380,174860,5468920,19416.185,17561.161,0,812.887,0,46.050,6132,5487,2.710,1.360,0.690,6,0,352.384,0,0,11,32,0,35,0
16-06 06:27:10,75.750,19.000,5.250,0,0,1826652,446580,174892,5469260,46487.103,42008.093,0,3500.008,0,152.000,8596,11174,2.710,1.360,0.690,4,0,390.001,0,0,11,30,0,36,0
16-06 06:27:11,78.506,20.502,0.250,0,0,1644976,628116,174900,5469388,13046.009,8553.662,0,412.032,0,31.002,6273,5498,2.710,1.360,0.690,5,0,284.022,0,0,11,28,0,36,0
16-06 06:27:12,82.248,9.750,7.500,0,0,1754704,518372,174900,5469404,16465.613,13349.687,0,0,0,0,4908,3118,2.710,1.360,0.690,5,0,0,0,0,11,31,0,36,0
16-06 06:27:13,70.297,6.980,22.685,0,0,1764528,508304,174900,5469640,43972.239,39409.392,0,235.322,0,12.963,9206,14468,2.710,1.360,0.690,5,0,0,0,0,11,30,0,39,0
16-06 06:27:14,42.277,26.517,29.268,0,0,1498468,774328,174900,5469676,11548.290,8366.281,0,20.013,0,5.003,6937,7127,2.900,1.420,0.710,2,0,614.388,0,0,11,28,0,41,0
16-06 06:27:15,21.299,33.828,44.102,0,0,1482008,790772,174904,5469688,4949.401,1461.366,0,148.342,0,13.030,5997,4938,2.900,1.420,0.710,5,0,652.503,0,0,11,28,0,41,0
16-06 06:27:16,72.728,23.243,4.249,0,0,1614292,658408,174904,5469768,7561.679,3807.831,0,15.995,0,3.999,5015,3306,2.900,1.420,0.710,4,0,336.897,0,0,11,29,0,41,0
16-06 06:27:17,63.469,7.496,27.737,0,0,1678572,593936,174912,5469944,28447.302,24456.224,0,595.713,0,44.978,4988,7444,2.900,1.420,0.710,3,0,0,0,0,11,31,0,42,0
16-06 06:27:18,69.794,18.011,11.507,0.250,0,1557212,715232,174920,5470000,13648.511,9144.703,0,584.364,0,56.035,6566,7699,2.900,1.420,0.710,4,0,268.167,0,0,11,28,0,45,0
16-06 06:27:19,74.446,9.993,14.989,0,0,1652240,620184,174920,5470020,15716.686,12107.285,0,159.885,0,7.994,4443,2789,2.990,1.460,0.730,5,0,0,0,0,11,31,0,45,0
16-06 06:27:20,57.779,7.254,34.267,0,0,1666852,605316,174920,5470228,41093.598,34894.491,0,184.092,0,12.006,10427,16114,2.990,1.460,0.730,3,0,3.002,0,0,11,32,0,45,0
16-06 06:27:21,59.508,7.251,32.504,0,0,1654148,617776,174932,5470456,34490.490,27879.630,0,464.060,0,49.006,11709,16926,2.990,1.460,0.730,6,0,30.004,0,0,11,29,0,45,0
16-06 06:27:22,81.728,15.246,2.249,0,0,1583892,688000,174944,5470472,8746.698,4914.706,0,263.931,0,22.994,5343,3770,2.990,1.460,0.730,6,0,89.976,0,0,11,28,0,45,0
16-06 06:27:23,68.955,8.494,22.236,0,0,1673784,598068,174944,5470512,26723.591,23808.490,0,139.909,0,9.993,5546,6085,2.990,1.460,0.730,3,0,0,0,0,11,32,0,45,0
16-06 06:27:24,52.747,6.750,37.748,0,0,1673532,598068,174948,5470752,41690.748,36259.042,0,223.988,0,10.999,11692,18571,2.910,1.470,0.740,3,0,0,0,0,11,31,0,46,0
16-06 06:27:25,65.534,16.258,18.260,0.250,0,1570564,700812,174948,5470972,26458.787,21265.081,0,296.154,0,39.020,8323,10895,2.910,1.470,0.740,4,0,205.107,0,0,11,28,0,49,0
16-06 06:27:26,81.272,14.210,4.487,0,0,1647260,624100,174948,5470984,8447.274,6071.946,0,127.641,0,7.978,4749,2472,2.910,1.470,0.740,3,0,54.846,0,0,11,29,0,47,0
16-06 06:27:27,60.653,7.488,30.202,0,0,1682228,588900,174960,5471204,37425.309,32524.126,0,263.580,0,26.957,8129,12306,2.910,1.470,0.740,4,0,1.997,0,0,11,35,0,47,1
16-06 06:27:28,71.851,12.561,15.827,0,0,1535892,735016,174984,5471400,22348.098,18338.524,0,345.688,0,33.162,8246,10976,2.910,1.470,0.740,4,0,98.481,0,0,11,32,0,49,0
16-06 06:27:29,74.765,11.713,12.461,0,0,1660012,610868,174992,5471416,12564.506,9964.678,0,378.809,0,9.969,4489,2391,3,1.510,0.760,4,0,29.906,0,0,11,35,0,49,0
16-06 06:27:30,69.710,10.281,18.807,0.251,0,1613132,657700,175000,5471456,22400.492,19021.311,0,337.015,0,35.106,6807,8187,3,1.510,0.760,4,0,121.366,0,0,11,34,0,49,0
16-06 06:27:31,71.001,10.500,17.750,0,0,1709404,561220,175000,5471660,28050.201,23624.169,0,152.001,0,10.000,8785,11802,3,1.510,0.760,4,0,0,0,0,11,34,0,50,0
16-06 06:27:32,68.817,14.711,15.958,0,0,1624468,646124,175000,5471684,23374.834,18451.926,0,123.671,0,7.979,6077,7278,3,1.510,0.760,4,0,140.626,0,0,11,34,0,51,0
16-06 06:27:33,72.143,12.024,14.779,0,0,1612220,658300,175008,5471748,17585.786,14251.190,0,120.238,0,8.016,5248,4708,3,1.510,0.760,3,0,86.170,0,0,11,34,0,53,0
16-06 06:27:34,75.820,11.511,12.762,0.250,0,1656612,613728,175012,5471924,18611.062,14444.242,0,304.279,0,45.041,6151,5952,3,1.540,0.770,4,0,34.031,0,0,11,33,0,54,0
16-06 06:27:35,67.661,10.199,21.144,0,0,1695380,574924,175024,5471948,21638.440,17525.077,0,242.782,0,25.870,5438,6739,3,1.540,0.770,4,0,33.830,0,0,11,34,0,55,0
16-06 06:27:36,62.065,15.076,22.112,0,0,1579272,690812,175056,5472132,16521.810,13437.163,0,1700.627,0,40.204,5539,5833,3,1.540,0.770,3,0,199.010,0,0,11,33,0,57,0
16-06 06:27:37,55.875,9.978,33.675,0,0,1583620,686448,175064,5472140,12471.158,8154.794,0,283.367,0,21.951,4254,3122,3,1.540,0.770,5,0,59.866,0,0,11,33,0,58,0
16-06 06:27:38,50.558,10.262,37.794,0,0,1608080,661904,175064,5472224,21469.799,17681.423,0,220.254,0,16.019,6349,7798,3,1.540,0.770,2,0,96.111,0,0,11,34,0,52,0
16-06 06:27:39,58.803,9.509,31.778,0,0,1566236,703596,175072,5472364,15855.207,11837.607,0,224.201,0,10.009,5104,5392,3.080,1.580,0.790,3,0,43.039,0,0,11,32,0,54,0
16-06 06:27:40,52.049,10.460,36.609,0,0,1564488,705112,175080,5472576,15813.930,11751.618,0,2450.537,0,144.442,5082,4982,3.080,1.580,0.790,5,0,49.808,0,0,11,34,0,54,0
16-06 06:27:41,43.289,7.507,48.293,0.250,0,1554052,715504,175084,5472616,21956.734,17461.694,0,2025.821,0,31.028,5685,5857,3.080,1.580,0.790,1,0,86.077,0,0,11,34,0,55,0
16-06 06:27:42,35.094,9.024,54.396,0,0,1467168,802348,175092,5472648,13112.151,7828.988,0,344.925,0,37.099,5378,5679,3.080,1.580,0.790,3,0,107.288,0,0,11,32,0,57,0
16-06 06:27:43,38.393,7.230,53.600,0,0,1564936,704580,175096,5472648,9884.326,6339.252,0,147.587,0,9.972,2968,1913,3.080,1.580,0.790,3,0,27.922,0,0,11,33,0,56,0
16-06 06:27:44,35.599,5.265,57.911,0.251,0,1539448,729892,175104,5472808,15788.940,12203.963,0,589.641,0,41.114,5120,5657,2.990,1.580,0.790,4,0,34.095,0,0,11,33,0,57,0
16-06 06:27:45,37.726,11.992,48.968,0,0,1534704,734584,175108,5472856,6937.502,3687.609,0,119.922,0,10.993,4410,3618,2.990,1.580,0.790,2,0,103.933,0,0,11,32,0,58,0
16-06 06:27:46,34.168,4.739,60.105,0,0,1599216,670032,175128,5472872,12526.759,9849.223,0,199.518,0,19.952,3027,2517,2.990,1.580,0.790,2,1,0,0,0,11,33,0,59,0
16-06 06:27:47,37.232,7.746,54.723,0.250,0,1558676,710528,175140,5472904,13215.519,10091.051,0,263.871,0,18.991,4192,4364,2.990,1.580,0.790,1,0,59.971,0,0,11,33,0,58,0
16-06 06:27:48,38.610,6.268,54.154,0.251,0,1533640,735556,175144,5472908,10250.115,6669.945,0,144.410,0,9.026,3055,2055,2.990,1.580,0.790,2,0,5.014,0,0,11,33,0,59,0
16-06 06:27:49,36.999,4.500,56.998,0,0,1547172,721996,175148,5472932,15852.359,12509.494,0,195.992,0,8.000,4526,4856,2.990,1.610,0.810,2,0,0,0,0,11,33,0,60,0
16-06 06:27:50,37.453,7.740,53.433,0.250,0,1481504,787600,175180,5472964,10054.418,6730.578,0,2133.330,0,133.833,4912,5341,2.990,1.610,0.810,2,0,48.939,0,0,11,32,0,61,0
16-06 06:27:51,39.790,6.006,53.804,0,0.250,1521864,747236,175180,5472968,9958.009,6903.940,0,0,0,0,2916,1817,2.990,1.610,0.810,1,0,0,0,0,11,33,0,56,0
16-06 06:27:52,32.994,4.249,61.490,0,0,1441784,827144,175180,5473136,20768.525,16165.296,0,107.982,0,13.998,4957,6411,2.990,1.610,0.810,2,0,9.998,0,0,11,33,0,57,0
16-06 06:27:53,23.032,15.522,60.334,0,0,1416256,852576,175196,5473208,7195.968,3945.465,0,268.372,0,21.029,4570,4172,2.990,1.610,0.810,1,0,272.377,0,0,11,32,0,58,0
16-06 06:27:54,18.691,3.240,77.009,0.249,0,1456020,812812,175196,5473208,10045.532,6631.227,0,151.525,0,7.975,1952,1610,2.830,1.600,0.810,1,0,0,0,0,11,33,0,58,0
16-06 06:27:55,19.752,1.750,77.507,0.250,0,1446744,822060,175200,5473232,11191.998,7123.635,0,396.035,0,34.003,3226,3843,2.830,1.600,0.810,1,0,0,0,0,11,32,0,56,0
16-06 06:27:56,12.289,16.803,69.471,0,0,1430008,838788,175200,5473240,5116.258,1667.298,0,212.676,0,15.048,4483,3051,2.830,1.600,0.810,1,0,284.905,0,0,11,32,0,56,0
16-06 06:27:57,22.172,2.990,73.991,0,0,1484184,784612,175200,5473240,6004.940,2298.937,0,0,0,0,1770,1163,2.830,1.600,0.810,0,0,0,0,0,11,33,0,56,0
16-06 06:27:58,17.306,2.257,79.005,0.251,0,1471824,796940,175200,5473268,15250.270,11578.407,0,220.713,0,9.029,3505,4178,2.830,1.600,0.810,0,0,0,0,0,11,33,0,56,0
16-06 06:27:59,19.934,6.229,72.758,0,0,1423756,845008,175200,5473268,6162.519,1811.978,0,3.987,0,0.997,2261,1510,2.680,1.590,0.810,1,0,45.848,0,0,11,32,0,54,0
16-06 06:28:00,19.507,2.751,76.778,0,0,1457580,811168,175200,5473284,10900.908,6600.366,0,256.092,0,20.007,2256,2133,2.680,1.590,0.810,1,0,1.000,0,0,11,33,0,54,0
16-06 06:28:01,19.041,2.505,77.669,0,0,1449564,819028,175200,5473440,14250.925,9926.541,0,2180.732,0,132.287,4153,5091,2.680,1.590,0.810,0,0,0,0,0,11,33,0,54,0
16-06 06:28:02,17.223,17.473,63.902,0,0,1413392,855040,175208,5473588,8589.767,2221.578,0,339.477,0,27.957,5874,9923,2.680,1.590,0.810,3,0,398.386,0,0,11,32,0,55,0
16-06 06:28:03,31.750,15.500,51.749,0,0,1453156,815208,175236,5473628,4397.932,1457.977,0,443.993,0,26.000,4621,3646,2.680,1.590,0.810,2,0,262.996,0,0,11,32,0,51,0
16-06 06:28:04,43.233,6.498,48.231,1.749,0,1525988,739868,175436,5475560,5038.066,1619.378,0,3846.524,0,283.891,4256,4136,2.630,1.600,0.820,2,1,16.993,0,0,11,36,0,51,0
16-06 06:28:05,33.848,8.525,43.626,11.533,0.251,1427336,831504,176596,5481024,4531.129,1462.237,0,38114.436,0,3475.069,14935,27227,2.630,1.600,0.820,4,0,115.334,0,0,11,36,0,51,0
16-06 06:28:06,37.623,8.222,40.115,11.212,0,1495076,762456,177048,5481812,5033.032,1614.557,0,44765.084,0,3822.115,15921,30781,2.630,1.600,0.820,2,0,38.869,0,0,11,36,0,51,0
16-06 06:28:07,44.653,6.522,47.663,0.502,0,1472660,784824,177060,5481832,5212.845,1463.008,0,4467.293,0,210.721,3279,2329,2.630,1.600,0.820,2,0,8.027,0,0,11,32,0,47,0
16-06 06:28:08,40.883,7.479,46.367,3.739,0,1568788,688480,177148,5481956,4726.488,1615.382,0,6680.901,0,1019.087,7685,11925,2.630,1.600,0.820,2,0,0.997,0,0,11,34,0,47,0
16-06 06:28:09,39.364,10.029,42.874,7.522,0,1514308,742048,177660,5482340,4230.268,1462.241,0,25096.785,0,2497.242,11763,22049,2.500,1.580,0.820,3,0,63.183,0,0,11,32,0,47,0
16-06 06:28:10,21.431,5.233,72.017,0.249,0,1528176,728160,177664,5482356,4443.646,1453.305,0,757.553,0,28.907,2151,1649,2.500,1.580,0.820,1,0,38.874,0,0,11,32,0,47,0
16-06 06:28:11,22.504,4.251,72.012,0.250,0,1560032,696264,177704,5482356,3260.562,540.093,0,4428.763,0,248.043,2197,2215,2.500,1.580,0.820,1,0,2.000,0,0,11,32,0,46,0
16-06 06:28:12,22.995,2.999,73.485,0,0,1508488,747780,177704,5482380,4696.065,1619.678,0,43.991,0,5.999,1763,1204,2.500,1.580,0.820,1,0,1.000,0,0,11,32,0,46,0
16-06 06:28:13,22.245,3.249,73.484,0,0,1513784,742484,177704,5482380,4261.049,1619.638,0,0,0,0,1783,1244,2.500,1.580,0.820,1,0,2.000,0,0,11,32,0,46,0
16-06 06:28:14,22.257,3.751,73.272,0,0,1479892,776364,177704,5482392,4383.293,1620.478,0,0,0,0,1758,1179,2.380,1.580,0.820,1,0,1.000,0,0,11,32,0,46,0
16-06 06:28:15,21.480,4.246,73.933,0,0,1505068,751188,177704,5482392,4555.846,1618.524,0,0,0,0,1731,1203,2.380,1.580,0.820,1,0,1.998,0,0,11,32,0,41,0
16-06 06:28:16,23.265,3.002,73.048,0,0,1529680,726576,177704,5482392,4863.163,1621.054,0,4.003,0,1.001,1687,1011,2.380,1.580,0.820,1,0,0,0,0,11,32,0,41,0
16-06 06:28:17,22.492,3.499,73.474,0,0,1483992,772148,177708,5482500,5101.186,1565.443,0,171.939,0,1.999,1794,1176,2.380,1.580,0.820,1,0,1.000,0,0,11,32,0,41,0
16-06 06:28:18,22.507,3.501,72.774,0.250,0,1524124,732008,177708,5482508,4893.604,1512.496,0,188.062,0,13.004,1858,1362,2.380,1.580,0.820,1,0,2.001,0,0,11,32,0,41,0
16-06 06:28:19,22.739,2.749,73.214,0,0,1473076,782964,177708,5482596,5083.517,1565.236,0,435.787,0,28.986,1796,1175,2.270,1.570,0.820,2,0,1.000,0,0,11,32,0,37,0
16-06 06:28:20,22.509,3.752,73.280,0,0,1455500,800520,177716,5482608,4954.005,1512.612,0,8.003,0,2.001,1881,1379,2.270,1.570,0.820,2,0,2.001,0,0,11,32,0,37,0
16-06 06:28:21,22.692,3.491,73.312,0,0,1468084,787924,177716,5482620,4985.206,1454.268,0,0,0,0,1834,1330,2.270,1.570,0.820,1,0,0,0,0,11,32,0,37,0
16-06 06:28:22,22.121,3.519,73.402,0,0,1454604,801380,177716,5482640,5205.494,1628.916,0,4.022,0,1.006,1808,1171,2.270,1.570,0.820,1,0,3.017,0,0,11,32,0,37,0
16-06 06:28:23,22.322,3.472,72.919,0,0,1448920,807052,177724,5482644,4541.840,1446.484,0,0,0,0,1836,1309,2.270,1.570,0.820,1,0,0,0,0,11,32,0,37,0
16-06 06:28:24,22.379,3.520,73.927,0,0,1465468,790464,177724,5482684,4827.870,1629.406,0,0,0,0,1733,1130,2.170,1.560,0.820,2,0,1.006,0,0,11,32,0,37,0
16-06 06:28:25,22.492,3.749,73.224,0,0,1476600,779328,177724,5482688,4262.470,1283.539,0,139.950,0,3.999,1784,1126,2.170,1.560,0.820,1,0,1.999,0,0,11,32,0,37,0
16-06 06:28:26,19.296,6.516,72.924,0,0,1412276,843536,177728,5482796,4366.443,1299.107,0,0,0,0,2585,1695,2.170,1.560,0.820,1,0,77.185,0,0,11,32,0,37,0
16-06 06:28:27,7.749,22.498,67.993,0,0,1403628,852128,177728,5482848,4414.563,1457.856,0,527.948,0,5.999,5423,3804,2.170,1.560,0.820,2,0,339.966,0,0,11,32,0,37,0
16-06 06:28:28,8.245,20.987,68.708,0.250,0,1401028,854688,177728,5482876,4916.979,1619.005,0,691.575,0,17.989,5451,4077,2.170,1.560,0.820,1,0,329.797,0,0,11,32,0,32,0
16-06 06:28:29,7.759,22.275,68.077,0,0.250,1391816,863856,177736,5482908,4356.916,1513.708,0,688.777,0,28.032,5213,3708,2.070,1.550,0.820,1,0,300.339,0,0,11,32,0,32,0
16-06 06:28:30,7.227,21.183,68.783,0,0,1389364,866288,177736,5482928,4830.776,1561.080,0,0,0,0,4944,3345,2.070,1.550,0.820,2,0,270.149,0,0,11,32,0,32,0
16-06 06:28:31,18.305,8.275,72.967,0,0,1422260,833396,177736,5482920,5115.241,1624.841,0,0,0,0,2490,1724,2.070,1.550,0.820,1,0,52.155,0,0,11,32,0,32,0
16-06 06:28:32,22.195,3.242,73.317,0,0,1480192,775464,177736,5482920,5463.387,1615.974,0,861.853,0,140.650,1848,1215,2.070,1.550,0.820,1,0,1.995,0,0,11,32,0,28,0
16-06 06:28:33,22.759,3.501,73.279,0,0,1449756,805884,177736,5482936,5162.025,1620.636,0,16.006,0,1.000,1791,1173,2.070,1.550,0.820,1,0,1.000,0,0,11,32,0,28,0
16-06 06:28:34,22.492,2.999,73.473,0,0,1493828,761832,177736,5482916,4918.211,1619.411,0,3.999,0,1.000,1761,1116,1.990,1.540,0.820,1,0,1.999,0,0,11,32,0,28,0
16-06 06:28:35,22.499,3.500,73.498,0,0,1487232,768408,177736,5482936,4711.843,1511.949,0,3075.897,0,159.995,1797,1257,1.990,1.540,0.820,1,0,1.000,0,0,11,32,0,28,0
16-06 06:28:36,21.498,4.000,73.493,0,0,1526176,729476,177736,5482924,5085.481,1565.840,0,0,0,0,1869,1291,1.990,1.540,0.820,1,0,2.000,0,0,11,32,0,22,0
16-06 06:28:37,23.242,2.999,73.724,0,0,1504064,751588,177736,5482924,5389.083,1511.462,0,15.994,0,1.999,1737,1111,1.990,1.540,0.820,2,0,1.000,0,0,11,32,0,22,0
16-06 06:28:38,22.259,3.251,73.028,0,0,1503916,751744,177736,5482912,4907.889,1566.603,0,236.091,0,16.006,1864,1394,1.990,1.540,0.820,1,0,0,0,0,11,32,0,22,0
16-06 06:28:39,21.255,4.751,73.266,0.250,0,1528404,727256,177736,5482912,4412.936,1512.321,0,332.070,0,26.006,1862,1309,1.910,1.530,0.820,2,0,2.000,0,0,11,32,0,22,0
16-06 06:28:40,22.992,4.498,71.726,0,0,1471024,784592,177736,5482936,4544.484,1565.478,0,107.964,0,2.999,1971,1290,1.910,1.530,0.820,2,0,7.997,0,0,11,32,0,16,0
16-06 06:28:41,22.498,3.500,73.243,0,0,1507844,747780,177736,5482928,5237.531,1457.870,0,0,0,0,1816,1162,1.910,1.530,0.820,2,0,2.000,0,0,11,32,0,16,0
16-06 06:28:42,22.252,3.500,73.755,0,0,1480216,775396,177736,5482940,6581.478,1512.110,0,28.002,0,2.000,1824,1226,1.910,1.530,0.820,3,0,1.000,0,0,11,32,0,16,0
16-06 06:28:43,21.994,3.999,73.229,0,0,1528808,726832,177736,5482912,5660.368,1565.549,0,0,0,0,1777,1151,1.910,1.530,0.820,2,0,1.999,0,0,11,32,0,16,0
16-06 06:28:44,23.253,2.250,73.758,0,0,1489528,766084,177736,5482940,4758.522,1458.160,0,28.003,0,1.000,1695,1017,1.830,1.520,0.820,4,0,1.000,0,0,11,32,0,13,0
16-06 06:28:45,22.759,3.001,73.528,0,0,1515128,740572,177736,5482852,4833.828,1512.572,0,68.026,0,2.001,1776,1178,1.830,1.520,0.820,1,0,0,0,0,11,32,0,13,0
16-06 06:28:46,20.982,4.996,73.438,0,0,1533272,722428,177736,5482852,4662.053,1564.675,0,3.997,0,0.999,1785,1113,1.830,1.520,0.820,2,0,1.998,0,0,11,32,0,13,0
16-06 06:28:47,23.019,2.752,73.310,0,0,1482792,772828,177736,5482940,5513.502,1555.270,0,88.072,0,1.001,1777,1137,1.830,1.520,0.820,1,0,1.001,0,0,11,32,0,13,0
16-06 06:28:48,21.752,4.000,73.256,0.250,0,1475724,779884,177740,5482948,4380.361,1620.134,0,112.009,0,8.001,1857,1453,1.830,1.520,0.820,1,0,1.000,0,0,11,32,0,9,0
16-06 06:28:49,21.992,4.248,73.223,0,0,1506292,749332,177744,5482928,4244.434,1565.422,0,403.851,0,32.988,1973,1544,1.770,1.510,0.830,3,0,1.999,0,0,11,32,0,9,0
16-06 06:28:50,22.561,3.259,73.448,0,0,1481660,773944,177744,5482948,4812.964,1624.375,0,20.054,0,1.003,1825,1166,1.770,1.510,0.830,2,0,2.005,0,0,11,32,0,9,0
16-06 06:28:51,22.200,3.742,73.585,0,0,1508536,747088,177744,5482928,4609.681,1616.382,0,83.812,0,1.996,1743,1298,1.770,1.510,0.830,1,0,0,0,0,11,32,0,9,0
16-06 06:28:52,22.496,3.000,73.738,0,0.250,1490760,764852,177744,5482940,4936.215,1661.736,0,7.999,0,2.000,1822,1291,1.770,1.510,0.830,3,0,1.000,0,0,11,32,0,7,0
16-06 06:28:53,22.509,4.252,72.528,0,0,1524788,730832,177744,5482936,4501.732,1620.623,0,0,0,0,1940,1397,1.770,1.510,0.830,1,0,3.001,0,0,11,32,0,7,0
16-06 06:28:54,15.251,13.250,70.503,0,0,1471880,783696,177744,5482984,4962.179,1512.055,0,108.004,0,5.000,3846,2480,1.710,1.500,0.830,2,0,196.007,0,0,11,32,0,7,0
16-06 06:28:55,10.747,18.244,68.729,0,0,1464788,790772,177748,5482996,4136.749,917.723,0,227.931,0,7.998,4592,3284,1.710,1.500,0.830,1,0,263.920,0,0,11,32,0,7,0
16-06 06:28:56,21.499,4.000,73.746,0,0,1525888,729660,177748,5483008,4123.803,863.959,0,15.999,0,1.000,1746,1291,1.710,1.500,0.830,1,0,0,0,0,11,32,0,4,0
16-06 06:28:57,22.752,2.750,73.256,0,0,1503976,751320,177748,5483256,4039.353,702.061,0,0,0,0,1784,1133,1.710,1.500,0.830,1,0,9.001,0,0,11,32,0,4,0
16-06 06:28:58,22.247,4.249,73.239,0.250,0,1541152,714136,177748,5483264,4863.297,1713.752,0,199.971,0,9.999,1829,1462,1.710,1.500,0.830,1,0,0,0,0,11,32,0,4,0
16-06 06:28:59,19.783,9.015,69.865,0.250,0,1522712,732476,177756,5483356,4886.036,1460.402,40.066,416.685,2.003,28.046,2893,2205,1.650,1.490,0.830,1,0,121.199,0,0,11,32,0,4,0
16-06 06:29:00,8.988,20.222,68.905,0,0,1501700,753432,177756,5483412,5632.256,1659.718,0,111.846,0,3.995,5289,3752,1.650,1.490,0.830,1,0,321.558,0,0,11,32,0,3,0
16-06 06:29:01,7.509,22.277,68.332,0,0,1484452,770660,177756,5483432,6025.201,1459.745,0,124.148,0,6.007,5365,3760,1.650,1.490,0.830,1,0,342.409,0,0,11,32,0,3,0
16-06 06:29:02,12.510,25.271,61.050,0,0,1445340,809748,177756,5483452,5841.744,1621.317,0,428.348,0,54.044,6155,12959,1.650,1.490,0.830,1,0,415.337,0,0,11,32,0,4,0
16-06 06:29:03,7.486,21.709,68.122,0,0,1454920,800136,177756,5483476,4868.817,1455.255,0,351.337,0,3.992,5259,3618,1.650,1.490,0.830,1,0,316.403,0,0,11,32,0,4,0
16-06 06:29:04,7.998,22.744,68.231,0,0,1450368,804668,177756,5483496,5278.495,1619.538,0,831.763,0,10.997,5235,3557,1.600,1.480,0.830,1,0,326.907,0,0,11,32,0,1,0
16-06 06:29:05,9.005,21.762,67.537,0,0,1433060,821960,177756,5483512,4982.724,1620.886,0,792.433,0,9.005,5305,3506,1.600,1.480,0.830,1,0,324.177,0,0,11,32,0,1,0
16-06 06:29:06,8.482,22.454,67.860,0,0,1433176,821824,177756,5483524,5209.234,1616.659,0,702.548,0,7.984,5260,3548,1.600,1.480,0.830,2,0,331.315,0,0,11,32,0,1,0
16-06 06:29:07,7.531,21.086,69.533,0,0,1429292,825684,177756,5483548,5878.950,1463.964,0,409.669,0,6.025,5324,3694,1.600,1.480,0.830,1,0,330.346,0,0,11,32,0,1,0
16-06 06:29:08,7.492,21.477,69.176,0,0,1421380,833572,177756,5483572,4984.649,1618.263,0,139.850,0,4.995,5349,3748,1.600,1.480,0.830,1,0,332.643,0,0,11,32,0,1,0
16-06 06:29:09,7.240,21.968,69.151,0,0,1401584,853340,177756,5483600,4793.110,1617.675,0,395.432,0,8.987,5550,3999,1.550,1.480,0.830,1,0,356.488,0,0,11,32,0,1,0
16-06 06:29:10,8.267,22.796,67.637,0,0,1398656,856248,177756,5483620,4579.289,1623.293,0,44.089,0,11.022,5562,3843,1.550,1.480,0.830,2,0,364.740,0,0,11,32,0,1,0
16-06 06:29:11,8.233,20.956,68.605,0,0,1392216,862648,177756,5483644,4700.063,1454.924,0,283.401,0,48.897,5100,3398,1.550,1.480,0.830,1,0,283.401,0,0,11,32,0,1,0
16-06 06:29:12,15.289,26.317,57.396,0.251,0,1362708,892124,177764,5483668,4444.336,1299.314,0,425.084,0,20.051,6352,5190,1.550,1.480,0.830,2,0,507.294,0,0,11,32,0,3,0
16-06 06:29:13,47.979,26.238,24.489,0.250,0,1499860,754824,177796,5483748,3084.643,323.858,0,2462.917,0,127.944,5820,5108,1.550,1.480,0.830,3,0,429.811,0,0,11,32,0,7,0
16-06 06:29:14,59.309,14.264,24.775,1.752,0,1639356,612500,177908,5486192,4342.331,1459.456,372.371,3707.698,3.003,283.283,4796,4187,1.670,1.500,0.840,2,1,19.019,0,0,11,34,0,7,0
16-06 06:29:15,45.971,11.493,27.982,12.242,0.250,1651560,588436,178704,5496160,4976.812,1618.963,0,64826.476,0,4687.997,17842,35406,1.670,1.500,0.840,2,1,159.898,0,0,11,36,0,8,0
16-06 06:29:16,39.008,12.002,32.757,13.003,0,1706620,522548,179128,5506196,4878.973,1458.291,0,66525.267,0,4980.993,18330,36399,1.670,1.500,0.840,3,0,87.017,0,0,11,36,0,8,0
16-06 06:29:17,39.755,9.501,34.004,14.252,0,1722364,497304,179468,5515004,11282.368,7818.948,0,76697.297,0,5858.710,20459,40263,1.670,1.500,0.840,2,2,48.006,0,0,11,37,0,8,0
16-06 06:29:18,36.381,17.692,32.644,11.213,0,1625360,587876,179812,5520872,8563.089,4642.867,295.038,33897.514,3.987,2915.497,14556,25246,1.670,1.500,0.840,9,0,328.928,0,0,11,34,0,9,0
16-06 06:29:19,46.607,21.299,19.795,10.524,0,1664184,539664,180336,5529316,4750.876,1623.717,685.569,65539.038,15.034,4456.202,17645,36781,2.410,1.660,0.900,3,1,182.418,0,0,11,34,0,9,0
16-06 06:29:20,33.531,14.764,40.538,9.259,0,1668164,532684,180392,5532132,13656.646,9790.066,924.856,30516.258,14.013,2707.507,14807,26402,2.410,1.660,0.900,2,0,188.174,0,0,11,35,0,9,0
16-06 06:29:21,27.697,7.486,48.657,13.225,0,1661576,536304,180504,5534892,16607.206,12361.335,0,60476.221,0,4537.314,19818,37529,2.410,1.660,0.900,1,1,50.903,0,0,11,35,0,9,0
16-06 06:29:22,35.991,8.748,41.490,12.247,0,1595356,602616,180656,5534584,6072.561,2126.496,0,43537.686,0,4050.041,17350,32762,2.410,1.660,0.900,5,0,56.986,0,0,11,34,0,9,0
16-06 06:29:23,30.803,7.262,45.328,13.523,0,1629792,566960,180920,5535508,9667.551,6663.408,0,45301.558,0,4326.407,17319,32264,2.410,1.660,0.900,2,0,39.067,0,0,11,35,0,9,0
16-06 06:29:24,29.024,7.006,49.040,12.260,0,1625028,570008,181088,5537024,13744.205,10468.534,0,43439.413,0,3647.974,17206,32273,2.540,1.700,0.910,0,1,30.024,0,0,11,35,0,9,0
16-06 06:29:25,36.700,7.989,43.940,8.988,0,1521204,671252,181136,5539484,11761.969,7872.271,0,30019.086,0,2550.524,13514,24397,2.540,1.700,0.910,6,0,100.863,0,0,11,36,0,10,0
16-06 06:29:26,35.799,9.012,40.305,12.517,0,1584004,604956,181204,5542828,4696.392,1622.208,0,52050.843,0,4633.306,16561,33956,2.540,1.700,0.910,2,0,57.078,0,0,11,36,0,10,0
16-06 06:29:27,27.666,7.976,47.605,13.957,0,1598856,586788,181328,5545920,13711.213,9837.020,0,60045.005,0,4656.808,18470,36414,2.540,1.700,0.910,3,0,56.827,0,0,11,37,0,10,0
16-06 06:29:28,28.329,7.772,50.391,10.529,0,1595020,587316,181460,5549020,16084.018,12443.829,0,56670.617,0,4651.018,19691,38865,2.540,1.700,0.910,4,0,87.244,0,0,11,37,0,10,0
16-06 06:29:29,34.410,9.724,39.396,12.717,0,1534656,644956,181544,5551588,5203.318,2079.532,0,52382.259,0,4221.898,16275,32186,2.820,1.770,0.940,2,2,89.764,0,0,11,36,0,10,0
16-06 06:29:30,32.830,7.518,44.859,12.029,0,1586900,596348,181576,5547908,9702.518,6505.769,0,45205.573,0,4022.751,16067,31554,2.820,1.770,0.940,2,0,16.039,0,0,11,37,0,10,0
16-06 06:29:31,31.980,7.745,46.471,11.992,0,1585444,596796,181588,5548892,13703.387,9994.718,0,52315.118,0,4104.420,17333,33224,2.820,1.770,0.940,2,0,26.983,0,0,11,37,0,10,0
16-06 06:29:32,35.031,9.690,48.696,4.472,0,1423432,758756,181612,5548916,12408.571,8238.592,0,24248.689,0,1737.160,9444,15847,2.820,1.770,0.940,2,0,116.274,0,0,11,32,0,12,0
16-06 06:29:33,23.846,11.798,62.753,0.502,0,1484440,697704,181612,5548960,4879.682,1626.561,0,1285.184,0,77.312,3502,2684,2.820,1.770,0.940,2,0,165.668,0,0,11,32,0,12,0
16-06 06:29:34,16.507,3.001,79.034,0.500,0,1495392,686740,181616,5548968,11910.065,8315.536,0,5558.364,0,357.152,2856,3462,2.670,1.760,0.940,2,0,0,0,0,11,33,0,12,0
16-06 06:29:35,19.502,5.001,74.258,0,0,1451584,730296,181616,5549220,7758.829,3544.379,0,0,0,0,2661,2207,2.670,1.760,0.940,1,0,34.004,0,0,11,32,0,13,0
16-06 06:29:36,19.494,2.249,77.478,0,0,1496848,685028,181616,5549224,7231.921,4035.840,0,43.987,0,3.999,1705,1266,2.670,1.760,0.940,1,0,0,0,0,11,33,0,13,0
16-06 06:29:37,17.255,5.502,75.774,0,0,1460800,720976,181620,5549320,9634.995,5884.829,0,232.072,0,21.007,2801,2544,2.670,1.760,0.940,1,0,54.017,0,0,11,32,0,14,0
16-06 06:29:38,20.550,4.762,73.681,0,0,1516156,665616,181620,5549324,5052.399,1623.985,0,40.098,0,4.010,1832,1268,2.670,1.760,0.940,1,0,6.015,0,0,11,32,0,14,0
16-06 06:29:39,16.958,2.993,78.803,0,0,1510748,671016,181620,5549332,11196.011,8038.903,0,3.990,0,0.998,2349,2303,2.540,1.740,0.940,0,0,0,0,0,11,33,0,14,0
16-06 06:29:40,18.802,5.766,73.956,0.251,0,1439740,741840,181620,5549484,8658.170,4556.720,0,260.728,0,22.062,3468,3722,2.540,1.740,0.940,1,0,50.140,0,0,11,32,0,15,0
16-06 06:29:41,21.187,3.739,74.279,0.249,0,1493812,687768,181620,5549484,6230.497,2300.169,0,167.503,0,13.959,1724,1173,2.540,1.740,0.940,0,0,0,0,0,11,33,0,15,0
16-06 06:29:42,15.244,2.249,81.717,0,0,1484392,697172,181620,5549500,15597.757,10772.688,0,7.997,0,1.999,3025,3505,2.540,1.740,0.940,1,0,0,0,0,11,33,0,15,0
16-06 06:29:43,14.505,14.505,69.523,0,0,1427892,753564,181620,5549608,6771.229,2600.856,0,292.096,0,22.007,4675,3703,2.540,1.740,0.940,1,0,220.072,0,0,11,32,0,16,0
16-06 06:29:44,12.037,26.832,59.934,0.251,0,1424840,756360,181620,5549864,4694.403,1624.986,0,866.659,0,36.111,6393,5166,2.410,1.730,0.940,3,0,558.714,0,0,11,36,0,18,0
16-06 06:29:45,61.720,13.743,23.988,0.250,0,1545760,635076,181624,5550224,4497.790,1661.184,0,607.701,0,41.979,4304,2361,2.410,1.730,0.940,3,0,22.989,0,0,11,32,0,22,0
16-06 06:29:46,64.531,10.714,23.670,0.249,0,1708152,469688,181684,5552928,4696.063,1506.886,0,2738.706,0,80.726,4043,1812,2.410,1.730,0.940,4,0,0,0,0,11,32,0,22,0
16-06 06:29:47,60.234,8.498,26.993,1.999,0.250,1808048,364532,181820,5557556,4981.686,1565.587,0,15791.836,0,710.813,6356,6543,2.410,1.730,0.940,9,1,29.992,0,0,11,38,0,22,0
16-06 06:29:48,30.093,9.780,43.133,13.542,0,1802892,357236,181912,5569512,4606.190,1516.672,0,93728.737,0,6654.500,24460,48808,2.410,1.730,0.940,1,0,231.714,0,0,11,38,0,22,0
16-06 06:29:49,29.483,9.744,43.974,13.242,0,1800772,348680,181968,5579768,4423.390,1565.076,0,89351.269,0,6962.891,26414,53307,2.380,1.740,0.950,1,2,209.876,0,0,11,38,0,22,0
16-06 06:29:50,36.519,7.504,38.270,15.258,0,1799276,343136,182024,5586512,4416.252,1512.771,0,75550.519,0,5686.899,20945,41294,2.380,1.740,0.950,6,1,148.075,0,0,11,38,0,22,0
16-06 06:29:51,35.717,13.987,32.969,14.237,0,1707860,425308,182096,5595380,5271.104,1564.547,0,75461.914,0,5353.028,20907,39710,2.380,1.740,0.950,5,1,204.810,0,0,11,36,0,22,0
16-06 06:29:52,41.955,10.239,32.215,12.486,0,1762680,361048,182124,5604428,4723.880,1552.318,0,70008.124,0,4623.988,17853,33286,2.380,1.740,0.950,2,1,2.997,0,0,11,36,0,22,0
16-06 06:29:53,40.062,8.764,34.804,14.022,0,1804364,312160,182144,5611320,4372.817,1568.445,0,65634.321,0,4798.481,17507,34452,2.380,1.740,0.950,2,1,38.059,0,0,11,38,0,22,0
16-06 06:29:54,28.797,11.769,42.820,13.272,0,1678828,434360,182168,5614520,3511.715,1027.672,0,71067.652,0,5356.717,19962,38988,2.430,1.760,0.960,6,0,159.259,0,0,11,36,0,22,0
16-06 06:29:55,42.476,8.745,40.977,6.246,0,1528788,583484,182168,5615404,5143.109,1565.120,0,22403.405,0,1698.045,8259,12537,2.430,1.760,0.960,2,0,159.910,0,0,11,32,0,22,0
16-06 06:29:56,17.486,10.991,70.693,0.500,0,1437664,674588,182168,5615424,4934.013,1456.823,0,1219.015,0,70.943,3155,2348,2.430,1.760,0.960,1,0,113.908,0,0,11,32,0,22,0
16-06 06:29:57,21.953,3.492,72.344,0.499,0,1497084,615168,182168,5615424,5525.123,1616.525,0,4250.862,0,252.457,2155,2174,2.430,1.760,0.960,1,0,0,0,0,11,32,0,22,0
16-06 06:29:58,23.501,2.500,73.003,0,0,1528720,583528,182168,5615428,4984.191,1714.066,0,72.003,0,4.000,2164,1676,2.430,1.760,0.960,1,0,2.000,0,0,11,38,0,22,0
16-06 06:29:59,22.751,3.750,73.004,0,0,1457500,654740,182168,5615436,5040.260,1620.084,0,120.006,0,9.000,2168,1423,2.320,1.740,0.960,1,0,27.001,0,0,11,32,0,22,0
16-06 06:30:00,22.064,4.012,73.211,0.251,0,1468216,644024,182168,5615436,5415.604,1624.681,0,40.116,0,4.012,1848,1263,2.320,1.740,0.960,1,0,2.006,0,0,11,32,0,22,0
16-06 06:30:01,23.193,2.494,73.820,0,0,1520884,591356,182168,5615436,6583.924,1616.054,0,0,0,0,1849,1215,2.320,1.740,0.960,1,0,1.995,0,0,11,34,0,22,0
16-06 06:30:02,19.307,18.805,60.428,0.251,0,1427824,684388,182172,5617464,7286.491,1516.473,0,794.343,0,58.172,4477,5864,2.320,1.740,0.960,5,0,407.201,0,0,11,32,0,22,0
16-06 06:30:03,14.237,39.962,44.708,0,0,1435112,677040,182172,5615516,5067.244,1564.532,0,203.809,0,18.982,7562,11769,2.320,1.740,0.960,1,0,888.166,0,0,11,32,0,23,0
16-06 06:30:04,7.998,21.245,68.235,0,0,1436356,675784,182172,5615528,5278.833,1619.642,0,219.951,0,19.996,5318,3571,2.210,1.730,0.960,2,0,354.922,0,0,11,32,0,23,0
16-06 06:30:05,7.736,21.213,68.878,0,0,1445812,666248,182172,5615604,4911.330,1617.145,0,555.020,0,120.787,5304,3643,2.210,1.730,0.960,2,0,320.434,0,0,11,32,0,23,0
16-06 06:30:06,8.517,20.791,68.884,0,0,1432660,679372,182172,5615632,5410.541,1623.162,0,16.031,0,4.008,5053,3287,2.210,1.730,0.960,1,0,253.494,0,0,11,32,0,22,0
16-06 06:30:07,8.731,21.204,67.854,0,0,1427540,684472,182172,5615648,5433.328,1454.875,0,27.940,0,6.985,5098,3355,2.210,1.730,0.960,1,0,254.453,0,0,11,32,0,22,0
16-06 06:30:08,18.228,15.980,63.422,0,0,1418816,693156,182176,5616012,5453.315,1618.017,0,3.995,0,0.999,5382,6689,2.210,1.730,0.960,4,0,176.783,0,0,11,32,0,22,0
16-06 06:30:09,44.295,13.263,41.542,0,0,1531312,580544,182184,5616228,4582.614,1459.470,0,76.077,0,3.003,3770,2203,2.350,1.770,0.980,2,0,119.120,0,0,11,33,0,22,0
16-06 06:30:10,50.398,5.265,44.631,0,0,1614904,496908,182188,5616264,5114.981,1624.759,0,296.869,0,15.044,3623,2557,2.350,1.770,0.980,3,0,18.053,0,0,11,49,0,22,0
16-06 06:30:11,46.646,6.236,45.898,0,0,1659416,448076,182256,5620060,3520.169,646.562,3.991,1628.377,0.998,112.749,3962,6722,2.350,1.770,0.980,5,0,1.996,0,0,11,49,0,22,0
16-06 06:30:12,9.246,20.242,68.722,0,0,1679024,428188,182260,5620332,3945.410,809.674,0,391.842,0,22.991,5318,4472,2.350,1.770,0.980,1,0,287.884,0,0,11,48,0,23,0
16-06 06:30:13,17.998,15.499,64.994,0.250,0,1665920,441172,182260,5620348,3407.699,647.943,0,279.975,0,17.998,5293,7203,2.350,1.770,0.980,0,0,202.982,0,0,11,48,0,23,0
16-06 06:30:14,0.250,0.750,97.707,0,0,1665924,441172,182260,5620348,3268.559,809.643,0,0,0,0,677,931,2.160,1.740,0.970,0,0,2.999,0,0,11,48,0,17,0
16-06 06:30:15,0.500,0.500,98.514,0,0,1665924,441172,182260,5620348,4800.703,1620.237,0,804.118,0,3.000,649,926,2.160,1.740,0.970,0,0,1.000,0,0,11,48,0,17,0
16-06 06:30:16,0.750,0.750,97.254,0,0,1661816,445240,182260,5620384,4638.168,1458.053,0,4236.154,0,322.012,829,981,2.160,1.740,0.970,0,0,3.000,0,0,11,48,0,17,0
16-06 06:30:17,0.750,0.250,98.280,0,0,1662040,445016,182260,5620384,5118.574,1620.498,0,4.001,0,1.000,710,921,2.160,1.740,0.970,0,0,1.000,0,0,11,48,0,17,0
16-06 06:30:18,12.029,14.786,71.672,0,0,1638988,468076,182264,5620732,4751.435,1623.908,0,3127.527,0,85.205,4856,5704,2.160,1.740,0.970,6,0,243.586,0,0,11,48,0,15,0
16-06 06:30:19,13.223,14.470,70.354,0,0,1651472,455560,182264,5620400,4969.719,1616.655,0,247.488,0,2.994,5057,5583,2.070,1.730,0.970,1,0,201.583,0,0,11,48,0,15,0
16-06 06:30:20,19.976,23.223,55.185,0,0,1676248,430720,182264,5620876,5209.834,1855.804,0,187.778,0,16.980,6118,6430,2.070,1.730,0.970,5,0,360.573,0,0,12,60,0,15,0
16-06 06:30:21,18.298,11.781,67.927,0,0,1665116,441904,182264,5620384,4840.622,1461.812,0,120.314,0,13.034,4734,5418,2.070,1.730,0.970,0,0,158.413,0,0,12,64,0,15,0
16-06 06:30:22,5.249,9.749,82.740,1.250,0,1672400,434448,182264,5620588,5356.367,1619.808,0,7651.095,0,392.954,3561,4399,2.070,1.730,0.970,1,0,180.979,0,0,13,64,0,15,0
16-06 06:30:23,18.669,15.184,63.473,0.498,0,1682992,423824,182268,5620616,4856.832,1451.673,0,1656.779,0,101.557,6387,8412,2.070,1.730,0.970,1,0,189.176,0,0,14,64,0,15,0
16-06 06:30:24,8.769,18.791,71.405,0,0,1670900,435860,182268,5620652,4527.849,1461.178,0,4.009,0,1.002,4918,3700,1.910,1.700,0.970,1,0,303.661,0,0,14,66,0,15,0
16-06 06:30:25,8.759,20.521,68.318,0,0,1661064,445544,182268,5620808,4664.663,1747.747,0,96.096,0,9.009,5141,3472,1.910,1.700,0.970,2,0,271.271,0,0,14,66,0,15,0
16-06 06:30:26,13.259,18.763,66.545,0,0,1663456,443136,182268,5620820,4280.869,1458.978,0,16.011,0,4.003,4929,4399,1.910,1.700,0.970,1,0,211.141,0,0,14,66,0,14,0
16-06 06:30:27,24.515,21.513,53.032,0,0,1719540,387032,182276,5620832,4950.018,1620.988,0,88.054,0,5.003,5510,5164,1.910,1.700,0.970,3,0,292.178,0,0,14,66,0,14,0
16-06 06:30:28,29.198,23.458,45.170,0,0,1772972,333544,182292,5620864,4390.231,1455.424,0,886.431,0,9.982,5801,3944,1.910,1.700,0.970,2,0,349.382,0,0,14,66,0,14,0
16-06 06:30:29,28.172,26.676,44.128,0,0,1840668,264200,182356,5622340,4726.942,1615.537,0,31.912,0,4.986,6798,7249,1.910,1.700,0.970,2,0,445.769,0,0,14,70,0,16,0
16-06 06:30:30,28.134,26.878,42.703,0,0,1855844,248980,182356,5622384,4720.480,1597.608,0,36.172,0,9.043,5885,4457,1.910,1.700,0.970,2,0,374.785,0,0,14,70,0,16,0
16-06 06:30:31,39.669,18.462,41.166,0,0,1915368,189240,182360,5622580,4850.067,1616.689,0,11.975,0,2.994,6062,6351,1.910,1.700,0.970,1,0,243.501,0,0,14,70,0,16,0
16-06 06:30:32,47.615,29.070,22.805,0,0,2028348,173988,178592,5529924,4786.563,1461.531,4.010,12.029,1.002,3.007,6097,4854,1.910,1.700,0.970,4,0,403.976,0,0,14,70,0,16,0
16-06 06:30:33,57.665,23.964,17.724,0,0,2098176,178940,175112,5460132,4732.988,1617.603,103.846,1365.976,1.997,12.981,5892,8445,1.910,1.700,0.970,3,0,311.538,0,0,14,70,0,16,0
16-06 06:30:34,66.268,26.007,6.502,0.250,0.250,2210596,145828,172160,5384628,5161.373,1620.431,1328.353,1292.344,62.017,81.022,5340,5533,2,1.730,0.980,4,0,457.122,0,0,14,70,0,16,0
16-06 06:30:35,76.403,20.541,1.754,0.501,0,2352448,188368,173328,5203416,5050.107,1623.249,2128.259,525.051,134.269,31.062,6670,6777,2,1.730,0.980,5,0,262.525,0,0,14,74,0,14,0
16-06 06:30:36,63.448,30.225,2.998,2.998,0,2479720,125944,173068,5140812,4915.947,1618.665,207.829,33892.058,21.982,2307.098,13907,26025,2,1.730,0.980,5,1,405.666,0,0,14,76,0,14,0
16-06 06:30:37,71.454,25.234,2.249,0.750,0,2577484,147516,172400,5024772,5473.451,1618.950,947.386,18424.053,35.977,1427.075,13248,23157,2,1.730,0.980,7,0,322.791,0,0,14,76,0,17,0
16-06 06:30:38,72.166,24.471,2.997,0.250,0,2672908,125372,172408,4952972,5034.129,1618.113,467.455,982.854,11.986,58.931,8998,13550,2,1.730,0.980,4,0,417.513,0,0,14,89,0,25,0
16-06 06:30:39,52.096,27.801,19.035,0,0,2761988,179144,172408,4813056,4346.026,1460.697,0,1562.886,0,54.100,8020,9789,2.320,1.800,1.010,3,0,473.875,0,0,14,91,0,28,0
16-06 06:30:40,39.979,18.241,40.979,0,0,2812208,195300,172408,4748420,4437.706,1619.163,1974.979,695.640,19.990,36.981,5501,7302,2.320,1.800,1.010,3,0,228.882,0,0,14,93,0,28,0
16-06 06:30:41,65.106,13.969,20.704,0.249,0,2967496,173676,172416,4617800,5567.686,1706.226,1137.484,3651.923,14.967,179.603,5692,8544,2.320,1.800,1.010,3,0,128.715,0,0,14,96,0,32,0
16-06 06:30:42,24.994,13.997,58.987,0.500,0,3013168,127260,172436,4618528,5973.668,1457.675,7.998,1399.688,2.000,93.979,4704,4141,2.320,1.800,1.010,2,0,134.970,0,0,14,99,0,33,0
16-06 06:30:43,7.762,20.531,69.605,0,0,3009396,199812,172436,4551296,5778.732,1622.452,8.012,84.127,2.003,10.015,5026,3442,2.320,1.800,1.010,1,0,249.377,0,0,14,99,0,31,0
16-06 06:30:44,7.988,19.970,70.396,0.250,0,3022468,186908,172436,4551256,4511.314,1455.842,0,103.846,0,9.985,4931,3365,2.210,1.780,1.010,1,0,244.637,0,0,14,99,0,31,0
16-06 06:30:45,7.246,19.989,70.211,0,0,3027620,181736,172436,4551276,4849.303,1661.076,0,0,0,0,4867,3202,2.210,1.780,1.010,1,0,251.860,0,0,14,99,0,31,0
16-06 06:30:46,14.766,11.763,72.077,0,0.501,3065652,143696,172436,4551284,5948.392,1459.568,0,2498.685,0,6.006,3088,2148,2.210,1.780,1.010,1,0,110.118,0,0,14,99,0,31,0
16-06 06:30:47,17.984,3.247,76.434,0,0,3100176,174984,172440,4486776,12500.126,7326.627,39.965,8392.699,3.997,494.570,2281,1738,2.210,1.780,1.010,1,0,0.999,0,0,14,102,0,25,0
16-06 06:30:48,22.006,2.751,74.771,0,0,3101880,173220,172444,4486832,23497.668,19018.397,8.002,316.090,2.001,23.007,2428,2188,2.210,1.780,1.010,1,0,0,0,0,14,103,0,26,0
16-06 06:30:49,23.244,8.248,67.233,0.250,0,3092760,182324,172444,4486848,5518.565,1619.579,3.999,199.948,1.000,27.993,2940,2194,2.200,1.790,1.020,1,0,66.983,0,0,14,111,0,26,0
16-06 06:30:50,18.512,2.502,77.548,0.500,0,3116140,158928,172448,4486860,10661.664,7114.447,8.005,232.145,2.001,23.014,2243,2105,2.200,1.790,1.020,1,0,1.001,0,0,14,112,0,26,0
16-06 06:30:51,25.295,4.759,67.872,0.751,0,3143204,131208,172560,4487408,5529.922,2536.551,396.712,1254.251,24.043,154.277,4327,5774,2.200,1.790,1.020,2,0,6.011,0,0,14,119,0,26,0
16-06 06:30:52,39.249,7.750,49.999,1.000,0,3214116,192224,172560,4358408,2698.934,161.996,27.999,2811.931,4.000,198.995,6112,8197,2.200,1.790,1.020,3,0,5.000,0,0,14,127,0,27,0
16-06 06:30:53,16.512,11.008,71.303,0.250,0,3167696,239016,172560,4358512,5527.116,2440.818,12.009,1393.037,3.002,66.049,3495,2888,2.200,1.790,1.020,3,0,112.083,0,0,14,126,0,28,0
16-06 06:30:54,17.647,2.734,77.050,0.497,0,3219852,186864,172560,4358520,7171.075,3980.727,0,2779.749,0,301.239,1979,1626,2.100,1.770,1.020,1,0,0,0,0,14,127,0,28,0
16-06 06:30:55,18.561,2.759,77.254,0,0,3225320,181324,172560,4358596,11462.751,7640.162,64.211,939.093,4.013,76.251,2645,2789,2.100,1.770,1.020,2,0,0,0,0,14,127,0,28,0
16-06 06:30:56,30.809,6.512,59.614,0.501,0,3248712,157904,172564,4358620,6390.263,2819.411,0,1486.853,0,133.256,4838,5953,2.100,1.770,1.020,2,0,16.031,0,0,14,126,0,29,0
16-06 06:30:57,38.912,12.971,46.894,0.249,0,3301912,169944,172564,4295180,5464.654,1616.348,0,466.945,0,29.932,3483,2129,2.100,1.770,1.020,2,0,82.813,0,0,14,126,0,29,0
16-06 06:30:58,29.970,3.996,64.186,0.500,0,3339904,131932,172564,4295200,29287.869,24729.403,7.992,2173.838,1.998,129.871,2760,2067,2.100,1.770,1.020,1,0,0,0,0,14,126,0,29,1
16-06 06:30:59,20.016,7.256,72.308,0,0,3348032,187900,172564,4232752,5476.425,1687.363,4.003,508.411,1.001,12.010,2504,1749,2.010,1.760,1.010,1,0,55.044,0,0,14,126,0,30,0
16-06 06:31:00,18.966,2.495,77.360,0,0,3349496,186428,172564,4232760,11888.506,7199.983,0,0,0,0,1801,1289,2.010,1.760,1.010,1,0,0.998,0,0,14,127,0,30,0
16-06 06:31:01,22.776,7.508,68.077,0,0.250,3316904,218836,172564,4232944,24068.224,19262.789,4.005,52.059,1.001,3.003,3385,3002,2.010,1.760,1.010,2,0,56.063,0,0,14,128,0,32,0
16-06 06:31:02,25.503,4.000,70.258,0.250,0,3379956,155720,172564,4233008,7350.841,3701.423,4.000,632.072,1.000,36.004,3023,3501,2.010,1.760,1.010,0,0,3.000,0,0,14,129,0,32,0
16-06 06:31:03,24.263,5.753,67.285,1.251,0,3354608,180996,172564,4233080,10811.660,6892.608,40.021,940.492,3.002,111.058,4145,18096,2.010,1.760,1.010,1,0,36.019,0,0,14,128,0,33,0
16-06 06:31:04,19.010,8.004,72.038,0,0,3398612,136964,172564,4233108,4910.609,1566.832,0,268.142,0,17.009,2702,2002,1.930,1.750,1.010,1,0,82.044,0,0,14,128,0,33,0
16-06 06:31:05,17.244,2.749,78.975,0,0,3353544,245208,172564,4171420,10900.485,7764.496,0,259.916,0,13.995,1799,1366,1.930,1.750,1.010,0,0,0,0,0,14,129,0,33,0
16-06 06:31:06,18.499,6.250,73.495,0,0,3307244,291492,172564,4171436,23245.486,18643.785,0,235.985,0,13.999,2494,1842,1.930,1.750,1.010,1,0,54.996,0,0,14,128,0,34,0
16-06 06:31:07,19.001,3.500,77.255,0.250,0.250,3353056,245668,172564,4171448,11397.728,7237.462,8.001,308.020,2.000,25.002,1915,1600,1.930,1.750,1.010,1,0,0,0,0,14,129,0,34,0
16-06 06:31:08,22.001,4.250,69.255,2.000,0,3358196,240404,172564,4171572,6177.414,2625.176,0,8760.587,0,673.045,5638,9108,1.930,1.750,1.010,2,0,1.000,0,0,14,130,0,34,0
16-06 06:31:09,23.039,6.010,68.616,1.002,0,3295376,303152,172564,4171644,6434.898,2997.076,32.054,1710.897,2.003,155.263,4620,5860,1.860,1.740,1.010,2,0,53.090,0,0,14,129,0,36,0
16-06 06:31:10,21.712,3.494,73.121,0,0,3366264,232260,172564,4171648,4611.856,1617.144,0,191.662,0,11.979,1795,1275,1.860,1.740,1.010,1,0,0.998,0,0,14,129,0,36,0
16-06 06:31:11,15.502,2.250,80.759,0,0,3377560,220948,172564,4171664,14402.685,11545.350,4.000,624.073,1.000,39.005,2063,1950,1.860,1.740,1.010,2,0,0,0,0,14,130,0,36,0
16-06 06:31:12,26.214,5.243,67.157,0.999,0,3380744,217728,172564,4171700,4810.348,1617.763,0,1070.520,0,130.819,4847,6313,1.860,1.740,1.010,3,0,0.999,0,0,14,132,0,36,0
16-06 06:31:13,31.791,8.761,57.324,0.501,0,3337304,261104,172572,4171756,5272.841,2435.159,0,1077.398,0,100.130,6435,8997,1.860,1.740,1.010,1,0,78.101,0,0,14,133,0,37,0
16-06 06:31:14,20.984,2.748,74.695,0,0,3390952,207440,172572,4171772,6236.369,3583.339,0,327.757,0,16.987,1757,1217,1.790,1.720,1.010,0,0,0,0,0,14,134,0,37,0
16-06 06:31:15,17.513,2.252,78.058,1.001,0,3392344,205928,172572,4171892,12833.617,9324.988,0,3582.685,0,268.201,3388,4492,1.790,1.720,1.010,1,0,0,0,0,14,133,0,38,0
16-06 06:31:16,17.721,11.980,69.386,0,0,3371940,226264,172572,4171960,4792.114,1617.339,7.987,259.573,1.997,16.972,3442,2618,1.790,1.720,1.010,1,0,146.758,0,0,14,133,0,37,0
16-06 06:31:17,17.518,2.252,79.082,0,0,3393344,204856,172572,4171964,10730.189,7308.621,0,380.397,0,15.016,1741,1324,1.790,1.720,1.010,1,0,0,0,0,14,134,0,37,0
16-06 06:31:18,16.967,3.493,77.348,0.499,0,3393580,204604,172572,4171980,10931.519,7232.787,0,3856.422,0,355.302,3339,3832,1.790,1.720,1.010,1,0,0,0,0,14,134,0,37,0
16-06 06:31:19,27.064,6.014,63.652,1.754,0,3395160,202840,172576,4172160,4218.040,1190.835,0,6286.965,0,418.997,6567,9329,1.800,1.730,1.020,1,0,0,0,0,14,134,0,37,0
16-06 06:31:20,44.350,14.032,39.840,1.253,0,3321684,275588,172592,4172840,6775.293,3229.289,420.950,1663.755,69.156,168.380,11808,17376,1.800,1.730,1.020,3,1,194.439,0,0,14,135,0,38,0
16-06 06:31:21,31.545,9.013,58.584,0,0,3389348,207804,172592,4172880,4983.103,1932.755,0,564.805,0,40.057,4377,4942,1.800,1.730,1.020,1,0,99.141,0,0,14,137,0,38,0
16-06 06:31:22,19.429,2.491,76.967,0,0,3415516,181624,172592,4172892,12597.692,8803.638,0,422.447,0,28.894,2254,2040,1.800,1.730,1.020,1,0,0,0,0,14,137,0,38,1
16-06 06:31:23,12.545,15.806,70.250,0.251,0,3396124,200996,172592,4172912,4500.012,1834.528,0,409.457,0,27.096,4487,3301,1.800,1.730,1.020,2,0,228.814,0,0,14,137,0,39,0
16-06 06:31:24,8.448,21.120,67.832,0,0,3329588,267512,172600,4172940,4724.863,1556.402,0,640.053,0,64.602,5481,3979,1.740,1.720,1.020,1,0,283.253,0,0,14,137,0,39,0
16-06 06:31:25,16.293,18.549,63.668,0,0,3342276,254812,172600,4173404,4630.217,1461.857,0,344.910,0,19.050,6292,7568,1.740,1.720,1.020,1,0,253.669,0,0,14,137,0,39,0
16-06 06:31:26,27.551,21.289,50.343,0,0,3409168,187772,172600,4173104,4780.810,1514.792,0,1326.444,0,72.133,5619,4275,1.740,1.720,1.020,2,0,290.535,0,0,14,137,0,39,0
16-06 06:31:27,32.535,23.275,42.545,0.250,0,3431636,164884,172612,4173480,4659.952,1529.625,64.068,392.417,4.004,28.030,6395,5543,1.740,1.720,1.020,2,0,351.373,0,0,14,143,0,39,0
16-06 06:31:28,16.202,17.947,63.312,0,0,3445292,151196,172612,4173952,4739.894,1561.353,0,203.395,0,12.961,5858,6563,1.740,1.720,1.020,1,0,245.270,0,0,14,143,0,39,0
16-06 06:31:29,52.505,25.753,20.252,0.250,0,3589208,134968,172620,4047628,4690.464,1620.160,88.009,684.068,6.001,35.003,7209,12156,1.920,1.750,1.030,3,0,423.042,0,0,16,149,0,39,0
16-06 06:31:30,52.548,26.770,19.582,0,0,3685804,143864,172620,3944672,4342.663,1647.832,0,218.125,0,16.855,6902,7284,1.920,1.750,1.030,3,0,477.891,0,0,16,153,0,39,0
16-06 06:31:31,46.028,20.121,33.452,0,0,3741528,186028,172620,3847332,5070.585,1720.377,16.097,993.996,3.018,42.255,7313,12295,1.920,1.750,1.030,5,0,232.402,0,0,16,165,0,39,0
16-06 06:31:32,34.180,25.132,39.457,0.251,0,3810424,162172,172624,3803164,5117.903,1519.990,88.465,402.114,5.026,29.153,13839,4918,1.920,1.750,1.030,2,0,423.225,0,0,16,167,0,37,0
16-06 06:31:33,18.211,22.701,57.626,0,0.249,3831728,140700,172624,3803316,4729.806,1616.516,0,291.372,0,17.961,5614,4094,1.920,1.750,1.030,3,0,310.331,0,0,17,167,0,37,0
16-06 06:31:34,13.745,19.743,64.476,0,0,3840704,131704,172624,3803808,4784.220,1565.418,0,471.824,0,35.987,5944,6469,1.850,1.740,1.030,1,0,257.904,0,0,17,167,0,37,0
16-06 06:31:35,23.320,20.311,54.914,0,0.251,3876484,147544,172624,3752156,4786.270,1586.731,4.012,92.275,1.003,4.012,5888,6083,1.850,1.740,1.030,2,0,249.745,0,0,17,167,0,37,0
16-06 06:31:36,29.431,24.692,44.646,0,0,3928992,149572,172624,3698944,4683.069,1562.353,0,19.953,0,4.988,5880,4357,1.850,1.740,1.030,2,0,363.152,0,0,17,167,0,37,0
16-06 06:31:37,29.806,18.285,50.846,0.501,0.250,3961100,171672,172632,3646644,4858.171,1514.860,8.015,292.552,2.004,20.038,6024,8635,1.850,1.740,1.030,1,0,251.475,0,0,17,175,0,37,0
16-06 06:31:38,41.008,26.505,31.756,0,0,4064312,160500,172640,3556224,4846.936,1566.302,48.009,500.097,6.001,44.008,8429,13902,1.850,1.740,1.030,3,0,394.076,0,0,17,185,0,37,0
16-06 06:31:39,30.568,25.349,41.503,0.249,0,4121892,132216,172640,3527712,5280.630,1503.071,19.882,433.425,1.988,31.811,7405,9936,1.860,1.750,1.040,5,0,445.354,0,0,17,187,0,37,0
16-06 06:31:40,13.557,23.349,61.008,0.251,0,4158240,167684,172640,3457484,5441.053,1464.204,16.068,719.047,4.017,36.153,6044,6351,1.860,1.750,1.040,2,0,343.455,0,0,17,191,0,21,0
16-06 06:31:41,17.273,21.529,58.578,0,0,4169268,156588,172640,3457536,5192.944,1117.494,4.005,516.691,1.001,44.059,5632,4513,1.860,1.750,1.040,1,0,335.449,0,0,17,207,0,21,0
16-06 06:31:42,18.004,17.504,62.763,0,0.250,4166960,158876,172640,3457556,6178.257,1080.220,8.002,544.111,2.000,37.008,6138,7749,1.860,1.750,1.040,1,0,220.045,0,0,17,207,0,21,0
16-06 06:31:43,37.862,14.447,46.829,0.249,0,4285876,155264,172640,3344732,5739.025,1614.101,422.456,191.301,7.971,17.934,4087,3018,1.860,1.750,1.040,2,0,113.585,0,0,17,207,0,21,0
16-06 06:31:44,45.011,10.503,44.011,0.250,0,4419180,132032,172640,3236796,5637.382,1566.384,464.114,19756.844,9.002,868.213,3425,1771,1.870,1.750,1.040,2,0,4.001,0,0,17,211,0,16,0
16-06 06:31:45,34.796,4.756,58.327,0,0,4454600,125484,172652,3209124,4371.766,1610.124,76.100,316.417,9.012,30.040,3250,2903,1.870,1.750,1.040,2,0,10.013,0,0,17,216,0,16,0
16-06 06:31:46,23.239,25.738,49.977,0,0,4392612,186532,172656,3210060,4917.757,1619.261,931.575,327.850,9.995,18.991,5909,4558,1.870,1.750,1.040,3,0,397.819,0,0,17,215,0,16,0
16-06 06:31:47,38.576,30.560,29.558,0.250,0,4452928,140208,172688,3196192,10764.080,7602.889,873.711,513.005,25.049,31.061,6755,7241,1.870,1.750,1.040,1,0,475.932,0,0,17,222,0,16,0
16-06 06:31:48,40.154,21.199,37.660,0,0,4392548,316724,172688,3083336,7950.921,4272.747,19.952,913.807,1.995,17.957,6349,8567,1.870,1.750,1.040,4,0,255.387,0,0,17,223,0,17,0
16-06 06:31:49,72.185,18.798,9.023,0.251,0,4584584,122400,172692,3086064,6245.025,3595.225,316.813,625.605,14.036,31.080,5102,4097,2.040,1.790,1.060,3,0,142.365,0,0,17,227,0,17,0
16-06 06:31:50,60.545,12.509,23.267,3.252,0,4650036,128004,172720,3017116,13318.002,9749.322,6508.888,980.737,355.267,39.029,5392,5324,2.040,1.790,1.060,5,0,29.022,0,0,17,233,0,17,0
16-06 06:31:51,56.436,17.480,22.974,1.249,0,4639764,227452,172788,2930440,5550.694,2500.160,1442.361,1953.780,157.821,134.847,6875,8654,2.040,1.790,1.060,5,0,208.763,0,0,17,231,0,23,0
16-06 06:31:52,34.527,27.021,36.779,0.250,0,4669912,194792,172792,2932932,10315.006,7288.657,8.006,9111.071,2.002,50.039,6985,7202,2.040,1.790,1.060,5,0,420.326,0,0,17,232,0,21,0
16-06 06:31:53,42.419,19.962,35.931,0.499,0,4671932,191108,172792,2934596,10082.714,6834.926,83.840,2359.487,3.992,212.593,7543,10158,2.040,1.790,1.060,7,1,257.507,0,0,17,235,0,22,0
16-06 06:31:54,56.113,28.307,15.030,0,0,4738552,161676,172796,2898980,4571.179,1298.608,0,2444.909,0,137.276,6931,7577,2.200,1.820,1.080,5,0,510.024,0,0,17,235,0,22,0
16-06 06:31:55,52.768,21.655,23.895,0.498,0,4820288,129780,172816,2849888,15001.099,11405.893,1170.856,1027.486,58.742,61.729,8048,11476,2.200,1.820,1.080,6,1,251.893,0,0,17,238,0,24,0
16-06 06:31:56,58.485,27.360,14.056,0,0,4813700,197116,172820,2789984,6310.321,2380.552,192.774,514.063,7.028,36.145,7206,8752,2.200,1.820,1.080,3,0,527.115,0,0,17,239,0,23,0
16-06 06:31:57,57.043,22.668,17.935,0.249,0,4889640,135540,172828,2775916,9803.440,6499.425,645.658,709.427,34.874,40.852,8970,12922,2.200,1.820,1.080,6,0,272.013,0,0,17,248,0,24,0
16-06 06:31:58,59.773,20.343,20.092,0.251,0,4928640,176272,172832,2698180,9967.460,6527.772,542.474,759.464,10.046,42.192,8552,10125,2.200,1.820,1.080,3,0,178.816,0,0,17,247,0,25,0
16-06 06:31:59,61.869,10.228,26.693,0,0,5079388,127088,172832,2599164,10831.023,7275.566,379.196,646.628,6.985,18.960,4187,2396,2.260,1.840,1.090,3,0,3.992,0,0,17,248,0,27,0
16-06 06:32:00,48.121,10.472,40.143,0.997,0,5111976,146248,172840,2548736,17702.689,13848.988,1755.309,2808.494,93.749,263.296,6010,7029,2.260,1.840,1.090,2,0,13.963,0,0,17,253,0,31,0
16-06 06:32:01,59.811,14.765,24.525,0.250,0,5035640,245052,172840,2526900,7827.033,3349.438,548.563,712.731,7.007,48.049,5408,4321,2.260,1.840,1.090,4,0,119.122,0,0,17,255,0,32,0
16-06 06:32:02,43.360,31.831,23.309,0.501,0,5106848,169936,172968,2530580,12380.501,7243.430,4575.642,1546.936,66.168,77.196,7771,8188,2.260,1.840,1.090,3,0,493.255,0,0,17,256,0,32,0
16-06 06:32:03,54.532,25.896,18.177,0,0,5067200,209212,172968,2531324,10809.750,6680.272,677.290,772.908,12.948,24.900,7060,17511,2.260,1.840,1.090,4,0,379.482,0,0,17,255,0,34,0
16-06 06:32:04,68.881,22.042,8.516,0,0,5141648,156256,172972,2510396,5900.194,2353.465,721.369,3226.121,19.036,57.108,6077,5807,2.400,1.880,1.100,4,1,191.363,0,0,18,264,0,35,0
16-06 06:32:05,73.421,14.235,10.489,1.498,0,5257524,134560,172976,2419712,16048.632,11804.225,3396.324,15806.893,154.832,1395.490,7733,7730,2.400,1.880,1.100,4,0,11.987,0,0,18,262,0,32,0
16-06 06:32:06,85.051,12.758,1.251,0.750,0,5294820,128292,173016,2390044,5209.108,1566.935,1152.688,1376.822,49.029,82.049,5752,4381,2.400,1.880,1.100,4,0,26.016,0,0,18,270,0,32,0
16-06 06:32:07,47.798,14.515,36.787,0.501,0,5330264,140396,173024,2344100,12879.967,10466.538,572.576,9381.445,10.010,75.076,6585,7012,2.400,1.880,1.100,1,0,215.217,0,0,18,273,0,34,0
16-06 06:32:08,36.521,9.505,52.280,0,0,5308768,161852,173024,2344140,16226.191,6737.816,768.435,644.365,6.003,53.030,3936,3254,2.400,1.880,1.100,4,1,12.007,0,0,18,274,0,35,0
16-06 06:32:09,39.819,10.017,47.833,0.250,0,5325988,181152,173024,2309028,11002552.899,203436.248,544.946,577.002,6.010,28.049,16351,9581,2.370,1.880,1.110,2,0,8.014,0,0,18,276,0,34,0
16-06 06:32:10,42.136,16.455,39.393,0.249,0,5294364,204560,173024,2317212,6113459.753,105011.008,2792.448,873.637,29.919,74.798,12792,8819,2.370,1.880,1.110,2,0,268.274,0,0,18,278,0,35,0
16-06 06:32:11,42.453,6.992,49.695,0.499,0,5392756,133836,173024,2290616,5500.903,3366.269,0,419.535,0,33.962,3308,2358,2.370,1.880,1.110,1,0,1.998,0,0,18,281,0,35,0
16-06 06:32:12,29.367,4.518,64.758,0.251,0,5401928,124512,173024,2290768,22454.320,19451.375,0,2168.626,0,51.204,4532,5337,2.370,1.880,1.110,2,0,0,0,0,18,287,0,36,0
16-06 06:32:13,26.147,5.478,64.496,0.249,0,5380660,145120,173024,2291432,385079.316,16088059.898,494.055,697.256,26.894,60.761,4887,3602,2.370,1.880,1.110,1,0,5.976,0,0,18,284,0,36,0
16-06 06:32:14,31.364,4.516,62.729,0.251,0,5405264,149384,173032,2263540,8563050.157,360898.237,0,562.051,0,41.150,12822,8076,2.260,1.870,1.110,1,0,1.004,0,0,18,291,0,36,0
16-06 06:32:15,27.947,12.975,55.893,0.250,0,5242020,296440,173036,2279692,8568901.464,200864.031,63.878,6148.278,3.992,727.613,18117,15871,2.260,1.870,1.110,1,0,141.730,0,0,18,286,0,41,0
16-06 06:32:16,9.704,20.154,67.925,0.249,0,5265968,272412,173036,2279772,4556.191,1451.054,15.924,378.190,1.990,19.905,5363,4399,2.260,1.870,1.110,1,0,358.285,0,0,18,286,0,41,0
16-06 06:32:17,23.047,3.758,71.396,0.501,0,5337280,201096,173036,2279776,4710.649,1406.882,0,2060.220,0,119.244,2195,1949,2.260,1.870,1.110,1,0,0,0,0,18,286,0,39,0
16-06 06:32:18,11.546,15.562,71.033,0.251,0,5329120,209224,173036,2279808,4507.977,1355.405,4.016,152.609,1.004,14.056,4599,3340,2.260,1.870,1.110,1,0,203.813,0,0,18,286,0,39,0
16-06 06:32:19,8.218,19.425,69.480,0,0,5337328,200988,173036,2279836,4978.678,1452.363,0,115.552,0,13.946,5158,3837,2.160,1.850,1.110,0,1,278.918,0,0,18,286,0,39,0
16-06 06:32:20,7.993,12.739,76.932,0.250,0,5334164,204116,173036,2279872,5345.307,1618.579,11.989,17021.055,0.999,33.970,3847,3163,2.160,1.850,1.110,1,0,188.834,0,0,18,290,0,39,0
16-06 06:32:21,9.514,4.256,84.878,0.501,0,5360544,177736,173036,2279872,5213.839,1568.358,0,7643.492,0,241.363,1864,2106,2.160,1.850,1.110,1,0,9.014,0,0,18,290,0,38,0
16-06 06:32:22,18.992,2.499,76.468,0,0,5406096,132172,173036,2279884,11024.351,7221.954,0,127.946,0,16.993,2070,1848,2.160,1.850,1.110,1,0,0,0,0,18,291,0,38,0
16-06 06:32:23,20.058,6.268,72.962,0,0,5366636,171548,173036,2279968,7701.422,4855.135,64.187,296.864,4.012,20.058,3226,2721,2.160,1.850,1.110,3,1,75.219,0,0,18,294,0,39,0
16-06 06:32:24,12.219,17.206,69.074,0,0,5348972,188700,173040,2280452,4727.922,1615.872,103.735,343.123,5.985,34.911,5535,4568,2.070,1.840,1.110,3,0,200.488,0,0,18,294,0,39,0
16-06 06:32:25,15.797,18.556,64.443,0.502,0,5338696,198772,173040,2280656,4674.000,1695.077,0,609.827,0,68.204,5501,4754,2.070,1.840,1.110,1,0,207.622,0,0,18,302,0,38,0
16-06 06:32:26,15.189,12.450,69.969,0.249,0,5338152,199184,173040,2280788,4780.814,1613.525,83.664,12015.780,5.976,25.896,3866,3024,2.070,1.840,1.110,2,0,121.512,0,0,18,302,0,38,0
16-06 06:32:27,23.277,3.254,72.585,0.250,0,5391776,145556,173040,2280792,4522.267,1621.889,0,264.308,0,18.021,2093,1672,2.070,1.840,1.110,2,0,1.001,0,0,18,302,0,38,0
16-06 06:32:28,22.992,3.749,71.724,0.250,0,5421556,146268,173040,2251132,4216.462,1499.453,403.853,247.910,12.995,29.989,2429,2329,2.070,1.840,1.110,2,0,3.999,0,0,18,306,0,38,0
16-06 06:32:29,23.744,3.999,71.983,0,0,5338332,229344,173040,2251280,4258.984,1619.614,23.994,171.959,3.999,7.998,2209,1711,1.980,1.820,1.100,2,0,6.998,0,0,18,302,0,38,0
16-06 06:32:30,21.998,4.500,72.243,0,0.250,5392520,175132,173040,2251304,4217.581,1499.851,0,171.983,0,9.999,2127,1667,1.980,1.820,1.100,4,0,1.000,0,0,18,302,0,38,0
16-06 06:32:31,13.306,3.013,82.344,0,0,5408232,159412,173040,2251312,14286.650,11088.296,0,152.637,0,9.038,2089,1911,1.980,1.820,1.100,1,0,3.013,0,0,18,305,0,39,0
16-06 06:32:32,22.161,1.245,75.695,0,0.498,5412376,155256,173040,2251324,14601.160,10962.822,0,59.759,0,5.976,2308,1886,1.980,1.820,1.100,1,0,0.996,0,0,18,302,0,40,0
16-06 06:32:33,22.982,4.996,70.944,0.250,0,5378556,189076,173040,2251324,4154.711,1456.847,0,155.877,0,17.986,2221,1773,1.980,1.820,1.100,1,0,14.988,0,0,18,302,0,40,0
16-06 06:32:34,24.756,2.251,71.516,0.250,0,5398208,169420,173040,2251328,4519.025,1458.331,32.007,312.071,1.000,37.008,2180,1889,1.900,1.810,1.100,1,0,0,0,0,18,302,0,40,0
16-06 06:32:35,10.029,20.057,68.195,0,0,5361668,205744,173048,2251536,4873.960,1624.653,393.126,3566.215,5.014,430.232,5638,4553,1.900,1.810,1.100,1,0,278.799,0,0,18,302,0,40,0
16-06 06:32:36,9.006,19.762,68.792,0,0,5351240,215996,173052,2251708,4700.882,1458.894,72.044,108.066,5.003,7.004,5216,3846,1.900,1.810,1.100,2,0,305.187,0,0,18,302,0,40,0
16-06 06:32:37,21.693,4.488,72.808,0,0,5348420,218760,173084,2251716,5486.534,1945.870,0,223.411,0,15.958,2500,2030,1.900,1.810,1.100,1,0,32.913,0,0,18,303,0,40,0
16-06 06:32:38,19.906,1.991,76.389,0.249,0.249,5335540,225104,173644,2257580,10709.320,4060.783,0,1182.404,0,28.863,1936,1707,1.900,1.810,1.100,3,0,1.991,0,0,18,302,0,40,0
16-06 06:32:39,23.608,6.028,68.815,0.502,0,5375388,183712,173712,2259008,4882.374,1627.458,0,755.462,0,19.087,10827,19458,1.830,1.800,1.100,1,0,14.064,0,0,18,302,0,40,0
16-06 06:32:40,20.245,5.499,72.983,0.500,0,5350936,207740,173772,2259372,11296.363,4559.936,51.988,683.840,7.998,17.996,7533,13006,1.830,1.800,1.100,2,0,10.997,0,0,18,303,0,40,0
16-06 06:32:41,21.252,5.501,71.758,0,0,5334184,224428,173816,2259392,6130.692,1620.183,0,436.049,0,11.001,4014,5386,1.830,1.800,1.100,1,0,16.002,0,0,18,303,0,40,0
16-06 06:32:42,13.556,15.816,69.539,0.251,0,5305240,259260,173900,2253452,6927.787,1801.486,0,1012.206,0,37.154,4928,3942,1.830,1.800,1.100,1,0,260.081,0,0,18,302,0,40,0
16-06 06:32:43,21.404,4.729,72.426,0,0,5358944,205556,173900,2253452,5214.663,1451.504,0,0,0,0,1997,1567,1.830,1.800,1.100,1,0,9.955,0,0,18,302,0,40,0
16-06 06:32:44,18.010,2.251,77.791,0,0,5376320,187920,173900,2253712,14119.501,10290.467,64.034,152.081,3.002,9.005,2102,1947,1.760,1.780,1.100,1,0,0,0,0,18,306,0,41,0
16-06 06:32:45,17.995,10.247,70.232,0.250,0,5309792,254408,173900,2253752,6448.321,3101.192,27.993,275.928,1.999,25.993,3749,3248,1.760,1.780,1.100,1,0,115.970,0,0,18,302,0,43,0
16-06 06:32:46,18.748,3.250,77.240,0,0,5369516,194684,173900,2253752,6608.125,3938.479,0,115.985,0,8.999,1792,1419,1.760,1.780,1.100,1,0,0,0,0,18,303,0,43,0
16-06 06:32:47,19.263,7.005,72.798,0,0,5352636,211552,173900,2253764,11878.843,7768.129,0,416.275,0,29.019,2991,2377,1.760,1.780,1.100,1,0,70.046,0,0,18,302,0,44,0
16-06 06:32:48,21.994,3.749,72.729,0,0,5360696,203488,173900,2253768,4696.661,1457.585,0,0,0,0,1941,1474,1.760,1.780,1.100,1,0,0,0,0,18,302,0,44,0
16-06 06:32:49,17.542,2.255,79.442,0,0,5331324,232848,173900,2253780,18066.593,14681.425,0,112.271,0,14.034,2345,1979,1.620,1.750,1.100,1,0,5.012,0,0,18,302,0,45,0
16-06 06:32:50,20.449,6.484,71.321,0,0,5393012,171148,173900,2253792,4506.693,1454.351,0,0,0,0,2683,2176,1.620,1.750,1.100,1,0,50.872,0,0,18,302,0,44,0
16-06 06:32:51,17.553,2.508,79.489,0.251,0,5405436,158704,173904,2253808,13414.406,10177.656,0,1139.432,0,83.251,2081,1850,1.620,1.750,1.100,1,0,1.003,0,0,18,305,0,45,0
16-06 06:32:52,21.190,5.734,71.796,0,0,5422968,141156,173904,2253824,6612.180,2981.514,11.966,179.489,0.997,13.960,2681,2112,1.620,1.750,1.100,1,0,31.909,0,0,18,302,0,47,0
16-06 06:32:53,19.989,3.248,75.958,0,0,5395640,199012,173904,2224264,10158.411,7209.034,0,115.936,0,8.995,2097,1699,1.620,1.750,1.100,1,1,0,0,0,18,303,0,47,0
16-06 06:32:54,15.513,4.504,77.565,0.500,0,5316116,278472,173904,2224328,10224.518,6627.521,32.027,516.430,1.001,57.048,3186,3353,1.490,1.720,1.090,2,0,47.039,0,0,18,302,0,41,0
16-06 06:32:55,23.464,3.744,71.889,0.250,0,5379952,214636,173904,2224328,4349.280,1294.001,0,251.611,0,23.963,2353,2048,1.490,1.720,1.090,1,0,0,0,0,18,302,0,41,0
16-06 06:32:56,17.301,3.761,77.228,0,0,5337184,257396,173904,2224336,15447.597,11942.250,0,1901.613,0,330.977,2682,2122,1.490,1.720,1.090,1,0,26.077,0,0,18,302,0,44,0
16-06 06:32:57,21.713,4.492,72.376,0.250,0,5398296,196280,173904,2224340,5347.841,1617.230,0,183.685,0,8.985,2130,1672,1.490,1.720,1.090,1,0,5.990,0,0,18,302,0,44,0
16-06 06:32:58,13.748,1.750,82.986,0,0,5408472,186092,173904,2224352,14656.459,11548.998,0,567.902,0,42.993,2039,2089,1.490,1.720,1.090,0,0,0,0,0,18,303,0,40,0
16-06 06:32:59,11.487,11.487,75.165,0.250,0,5363300,230996,174068,2224456,7773.176,3846.634,135.846,271.692,3.995,25.971,4096,3406,1.530,1.730,1.090,0,0,179.796,0,0,18,304,0,41,0
16-06 06:33:00,5.255,1.501,90.838,1.501,0,5364312,228988,174472,2225048,10907.587,3979.863,988.960,292.284,247.240,13.013,1717,2196,1.530,1.730,1.090,0,0,2.002,0,0,18,304,0,41,0
16-06 06:33:01,7.502,8.252,82.775,0,0,5354900,238320,174484,2225116,19658.931,4962.497,0,336.101,0,20.006,3284,3140,1.530,1.730,1.090,1,0,129.039,0,0,18,304,0,42,0
16-06 06:33:02,10.749,14.249,72.745,0.500,0,5337196,255696,174484,2225444,7153.490,2093.851,271.981,387.972,28.998,27.998,4710,3981,1.530,1.730,1.090,1,0,209.985,0,0,18,302,0,34,0
16-06 06:33:03,25.259,8.003,64.272,1.751,0,5322056,260276,174484,2236004,4639.613,1458.507,2340.814,792.276,224.078,12.004,3498,7063,1.530,1.730,1.090,1,0,42.015,0,0,18,302,0,35,0
16-06 06:33:04,18.546,2.005,78.194,0.251,0,5335676,243404,174580,2238984,14745.589,5055.545,24.060,1098.726,3.007,32.080,2148,1998,1.490,1.720,1.090,0,0,16.040,0,0,18,303,0,35,0
16-06 06:33:05,17.241,7.996,72.213,0.999,0,5304180,268380,174768,2245292,6715.592,2434.765,1443.268,4017.961,23.988,147.925,4258,4499,1.490,1.720,1.090,1,0,99.949,0,0,18,302,0,35,0
16-06 06:33:06,13.721,14.719,69.355,0.249,0,5323420,249092,174768,2245340,5304.898,1293.294,0,231.516,0,19.958,4206,3381,1.490,1.720,1.090,1,0,204.572,0,0,18,302,0,31,0
16-06 06:33:07,19.224,2.996,76.897,0,0,5361188,211320,174768,2245344,7353.128,3837.847,0,287.614,0,19.973,2019,1738,1.490,1.720,1.090,1,0,0,0,0,18,303,0,31,0
16-06 06:33:08,21.240,5.497,72.215,0.500,0,5313780,258696,174768,2245380,25970.544,22396.258,0,347.833,0,27.987,2976,2425,1.490,1.720,1.090,1,1,46.977,0,0,18,302,0,33,0
16-06 06:33:09,23.289,3.506,72.370,0,0,5349564,222912,174768,2245380,4525.506,1460.422,0,252.419,0,31.052,2345,2056,1.450,1.700,1.090,2,0,0,0,0,18,302,0,33,0
16-06 06:33:10,16.999,2.250,79.495,0,0,5355016,217128,174768,2245712,13568.153,10377.352,319.980,4.000,18.999,1.000,2282,2054,1.450,1.700,1.090,2,0,0,0,0,18,302,0,31,0
16-06 06:33:11,21.755,5.001,72.517,0,0.250,5336592,235552,174768,2245712,3996.925,1296.300,0,52.012,0,3.001,2160,1671,1.450,1.700,1.090,1,0,15.003,0,0,18,302,0,31,0
16-06 06:33:12,16.753,2.751,78.015,0.500,0,5353332,217408,174768,2247116,11578.260,8009.564,1376.269,1968.384,48.009,42.008,2365,2393,1.450,1.700,1.090,2,0,0,0,0,18,303,0,31,0
16-06 06:33:13,25.238,6.497,64.719,1.749,0,5348808,221216,174768,2247832,5479.362,2696.702,511.754,5361.419,22.989,401.807,6121,9059,1.450,1.700,1.090,2,0,5.997,0,0,18,304,0,32,0
16-06 06:33:14,20.487,3.748,75.200,0,0,5407116,162904,174768,2247836,5763.205,3421.747,0,103.932,0,6.995,1964,1491,1.410,1.690,1.090,0,0,0,0,0,18,305,0,29,0
16-06 06:33:15,16.263,3.002,77.561,0.500,0,5402612,167268,174768,2247976,12763.080,9260.314,96.076,800.632,4.003,88.070,3409,4225,1.410,1.690,1.090,1,0,0,0,0,18,305,0,29,0
16-06 06:33:16,20.071,9.785,68.994,0.251,0,5313532,256280,174772,2248040,6191.860,2856.083,0,686.423,0,67.237,4762,5091,1.410,1.690,1.090,1,0,115.407,0,0,18,304,0,30,0
16-06 06:33:17,7.993,23.481,66.945,0.250,0,5312932,256856,174772,2248060,5422.530,1456.799,0,2905.605,0,405.666,6242,4643,1.410,1.690,1.090,1,0,432.643,0,0,18,304,0,30,0
16-06 06:33:18,8.497,22.991,66.225,0,0,5306336,263424,174776,2248084,5244.035,1619.393,0,1747.345,0,104.961,6232,5138,1.410,1.690,1.090,1,0,437.836,0,0,18,304,0,25,0
16-06 06:33:19,8.254,22.760,66.779,0.250,0,5301704,268032,174776,2248108,5008.143,1620.694,0,240.103,0,24.010,6165,4926,1.300,1.660,1.080,2,0,440.188,0,0,18,304,0,25,0
16-06 06:33:20,7.743,23.478,66.936,0,0,5296716,272988,174776,2248140,4873.359,1456.613,0,119.886,0,16.984,6564,5678,1.300,1.660,1.080,3,0,574.453,0,0,18,304,0,25,0
16-06 06:33:21,7.488,23.212,67.638,0,0,5297636,272048,174776,2248160,4750.158,1455.597,0,35.941,0,8.985,5637,4244,1.300,1.660,1.080,1,0,369.390,0,0,18,304,0,25,0
16-06 06:33:22,8.506,22.016,67.049,0.250,0,5304988,264676,174776,2248180,5258.835,1459.064,0,420.307,0,21.015,6045,4830,1.300,1.660,1.080,1,0,425.310,0,0,18,304,0,25,0
16-06 06:33:23,8.017,22.799,67.645,0.251,0,5294864,274776,174776,2248204,4948.606,1461.132,0,392.842,0,27.058,6086,5007,1.300,1.660,1.080,2,0,427.917,0,0,18,304,0,25,0
16-06 06:33:24,7.749,22.997,67.492,0,0,5288436,281172,174776,2248236,4877.412,1457.824,0,299.964,0,24.997,6260,5158,1.200,1.640,1.080,4,0,444.946,0,0,18,304,0,25,0
16-06 06:33:25,13.715,15.461,69.574,0.499,0,5295400,326224,174800,2199268,4247.234,1454.314,35.909,778.028,5.985,38.901,4659,4001,1.200,1.640,1.080,1,0,203.484,0,0,18,304,0,25,0
16-06 06:33:26,19.737,6.496,72.451,0,0,5352440,321352,174808,2155328,4113.196,1295.117,11.992,3261.777,2.998,15.989,2219,1907,1.200,1.640,1.080,2,0,3.997,0,0,18,304,0,25,0
16-06 06:33:27,18.002,2.000,78.758,0.500,0,5350800,321104,174808,2157248,13905.403,6491.655,120.012,4204.424,14.001,165.017,2051,1690,1.200,1.640,1.080,0,0,16.002,0,0,18,305,0,24,0
16-06 06:33:28,13.248,1.750,82.490,1.000,0,5361464,309272,174808,2158416,25024.979,13598.358,863.896,1967.762,55.993,75.991,1835,1862,1.200,1.640,1.080,2,0,0,0,0,18,305,0,24,0
16-06 06:33:29,16.254,2.001,80.022,1.000,0,5376428,292832,174808,2159904,19622.361,11259.076,1224.335,1228.336,61.017,43.012,1883,1699,1.180,1.630,1.080,1,0,2.001,0,0,18,305,0,24,0
16-06 06:33:30,11.753,1.000,85.769,0.750,0,5373880,294528,174808,2160756,18961.093,11461.474,588.127,1148.248,46.010,36.008,1611,1631,1.180,1.630,1.080,1,0,0,0,0,18,305,0,24,0
16-06 06:33:31,15.251,1.000,81.255,0.500,0,5381332,285924,174808,2161904,22475.265,12236.689,776.044,1412.079,41.002,45.003,1772,1671,1.180,1.630,1.080,1,0,1.000,0,0,18,305,0,24,0
16-06 06:33:32,21.987,3.498,72.207,1.749,0,5387140,242044,174832,2199952,5012.049,1523.103,12364.720,1619.047,124.926,66.961,2434,2134,1.180,1.630,1.080,1,0,0.999,0,0,18,305,0,24,0
16-06 06:33:33,23.256,2.501,72.519,0.250,0,5383280,225720,174952,2219796,4681.251,1620.433,0,1600.428,0,42.011,2174,1847,1.180,1.630,1.080,1,0,0,0,0,18,305,0,24,0
16-06 06:33:34,30.259,4.001,64.020,0.750,0,5409788,180032,175192,2238568,4921.534,1620.505,0,2072.646,0,85.026,2887,2595,1.160,1.610,1.080,3,0,2.001,0,0,18,305,0,24,0
16-06 06:33:35,40.174,9.541,47.706,1.004,0,5422836,153204,175872,2251224,5061.866,1627.028,787.401,3374.577,7.030,138.599,4053,3313,1.160,1.610,1.080,2,0,9.039,0,0,18,305,0,22,0
16-06 06:33:36,29.626,4.232,64.232,0.747,0,5420996,128028,176484,2277288,5275.960,1451.935,258.918,2342.216,2.988,79.667,2826,2263,1.160,1.610,1.080,1,0,0.996,0,0,18,305,0,22,0
16-06 06:33:37,22.993,3.749,71.227,0.750,0,5344936,214656,176924,2266112,5517.236,1793.427,3.999,16782.634,1.000,173.944,2670,2522,1.160,1.610,1.080,2,0,1.999,0,0,18,304,0,22,0
16-06 06:33:38,18.006,4.001,76.776,0.750,0,5378396,181144,176960,2266128,11207.818,4400.499,0,1916.653,0,265.090,2320,1938,1.160,1.610,1.080,3,0,33.011,0,0,18,305,0,22,0
16-06 06:33:39,22.244,4.249,71.980,0,0,5368236,184448,177508,2272396,4558.738,1631.548,0,1299.640,0,24.993,2447,2125,1.150,1.600,1.080,2,0,7.998,0,0,18,304,0,22,0
16-06 06:33:40,22.753,8.001,67.758,0,0,5385596,165828,177588,2273524,4278.486,1458.166,0,92.010,0,2.000,7632,14352,1.150,1.600,1.080,2,0,15.002,0,0,18,304,0,22,0
16-06 06:33:41,21.245,7.498,69.234,0,0,5394936,156348,177632,2273620,5536.706,1457.659,0,2099.509,0,13.997,9704,17273,1.150,1.600,1.080,3,0,19.995,0,0,18,304,0,22,0
16-06 06:33:42,22.237,4.248,71.958,0.250,0,5332464,226224,177632,2266232,5493.825,1457.158,0,271.843,0,14.991,2717,2342,1.150,1.600,1.080,4,0,48.972,0,0,18,304,0,22,0
16-06 06:33:43,24.097,6.526,68.276,0,0.251,5353876,204804,177632,2266240,4433.937,1343.435,0,686.778,0,16.065,8909,17129,1.150,1.600,1.080,1,0,24.097,0,0,18,304,0,22,0
16-06 06:33:44,18.433,3.238,76.472,0.498,0,5393460,160200,177632,2271284,11378.611,4532.513,0,1303.259,0,40.851,2220,1933,1.140,1.590,1.080,1,0,18.931,0,0,18,304,0,22,0
16-06 06:33:45,24.352,5.523,68.285,0,0,5384124,167976,177632,2272844,4864.280,1506.280,16.067,787.282,1.004,27.113,10219,18983,1.140,1.590,1.080,1,0,8.033,0,0,18,304,0,22,0
16-06 06:33:46,22.203,6.486,68.855,0,0,5399684,151592,177632,2273668,4733.999,1293.268,0,498.946,0,10.977,8296,16123,1.140,1.590,1.080,2,0,16.964,0,0,18,304,0,22,0
16-06 06:33:47,19.713,6.488,72.365,0.250,0,5367584,191068,177640,2266268,5031.631,1455.290,0,1157.844,0,26.950,2293,1731,1.140,1.590,1.080,1,0,10.980,0,0,18,304,0,18,0
16-06 06:33:48,25.499,5.250,68.498,0,0,5365684,192924,177640,2266312,4577.857,1457.955,0,539.983,0,20.999,2721,2382,1.140,1.590,1.080,2,0,23.999,0,0,18,304,0,18,0
16-06 06:33:49,21.504,7.751,68.763,0.250,0,5348104,204104,177656,2272696,4938.939,1458.277,0,64.012,0,7.001,3563,2985,1.130,1.580,1.080,1,0,98.019,0,0,18,304,0,18,0
16-06 06:33:50,24.206,3.743,70.622,0.250,0,5351732,195832,177672,2277220,4737.433,2109.186,0,3210.194,0,124.774,2793,2777,1.130,1.580,1.080,1,0,17.968,0,0,18,305,0,18,0
16-06 06:33:51,13.522,1.502,84.136,0.501,0,5355344,191920,177680,2277508,19308.313,8420.656,4.006,957.553,1.002,32.052,1596,1525,1.130,1.580,1.080,0,0,1.002,0,0,18,305,0,17,0
16-06 06:33:52,11.754,1.250,84.782,0.750,0,5374192,172768,177760,2277708,19037.073,10502.902,0,2624.975,0,112.042,1804,2082,1.130,1.580,1.080,0,0,0,0,0,18,305,0,17,0
16-06 06:33:53,7.247,1.000,89.709,0.500,0,5373824,172768,177856,2277972,48928.778,10197.369,0,1419.355,0,58.973,1532,1794,1.130,1.580,1.080,1,0,0,0,0,18,306,0,17,0
16-06 06:33:54,7.502,1.000,90.019,0.500,0,5373456,172768,177980,2278192,123490.542,10503.257,0,1352.291,0,65.014,1744,2149,1.040,1.560,1.070,2,0,0,0,0,18,306,0,17,0
16-06 06:33:55,16.750,1.750,80.500,0.750,0,5388920,156892,178116,2278460,21795.918,13001.951,0,1635.994,0,73.000,2177,2396,1.040,1.560,1.070,0,0,0,0,0,18,306,0,13,0
16-06 06:33:56,12.996,0.750,83.973,0.250,0,5399444,146056,178188,2278684,47443.902,8941.155,0,907.711,0,31.990,1628,1603,1.040,1.560,1.070,0,0,0,0,0,18,306,0,13,0
16-06 06:33:57,9.500,1.750,86.504,1.000,0,5397488,147220,178464,2279184,343248.207,22076.978,28.001,2396.106,4.000,98.004,2203,2392,1.040,1.560,1.070,0,0,0,0,0,18,306,0,13,0
16-06 06:33:58,10.251,2.500,85.254,1.250,0,5394952,149160,178752,2279620,97251.071,18458.963,104.005,21913.143,6.000,598.031,2293,2292,1.040,1.560,1.070,2,0,0,0,0,18,306,0,13,0
16-06 06:33:59,9.500,1.750,85.746,0.250,0,5390272,142128,178824,2291212,1679009.319,43772.027,0,3187.856,0,224.990,2959,2563,1.030,1.550,1.070,0,0,2.000,0,0,18,306,0,9,0
16-06 06:34:00,5.249,2.749,87.478,0.250,0,5385420,131772,178884,2306344,7797929.554,113129.312,0,4930.750,0,27.993,6834,3921,1.030,1.550,1.070,0,0,1.999,0,0,18,306,0,9,0
16-06 06:34:01,6.503,4.002,85.540,0.750,0,5377652,137356,179024,2308856,9207073.612,133366.687,164.076,13230.119,4.002,71.033,8050,4926,1.030,1.550,1.070,0,0,2.001,0,0,18,306,0,9,0
16-06 06:34:02,24.008,2.001,72.773,0.500,0.250,5378144,126152,179332,2319148,102164.306,1920.607,0,1284.406,0,54.017,2185,1834,1.030,1.550,1.070,1,0,1.000,0,0,18,306,0,9,0
16-06 06:34:03,26.351,7.278,64.999,1.004,0,5395648,150172,181808,2279732,4776.294,1533.875,16.062,20474.419,4.015,186.715,3213,6210,1.030,1.550,1.070,3,0,36.138,0,0,18,306,0,6,0
16-06 06:34:04,24.905,3.487,70.232,0.249,0,5365096,165168,182020,2292048,4919.210,1452.452,0,1964.496,0,43.833,2622,4297,1.030,1.540,1.070,2,0,0,0,0,18,306,0,7,0
16-06 06:34:05,23.009,3.001,71.027,1.250,0,5365600,141996,182296,2314120,5179.974,1458.556,64.024,3121.190,1.000,123.047,2822,2941,1.030,1.540,1.070,3,1,0,0,0,18,306,0,7,0
16-06 06:34:06,21.487,4.997,72.456,0.500,0.250,5362796,131676,182764,2325744,5174.845,1457.112,0,2062.742,0,79.951,2324,2138,1.030,1.540,1.070,2,0,0,0,0,18,306,0,7,0
16-06 06:34:07,24.011,4.502,69.781,0.500,0,5374368,123224,182956,2321616,5077.270,1458.652,0,71439.942,0,384.172,3047,2773,1.030,1.540,1.070,1,0,0,0,0,18,306,0,7,0
16-06 06:34:08,23.785,3.756,71.605,0.501,0,5373752,125888,183672,2318652,5167.597,1622.385,0,2014.962,0,31.046,2324,1977,1.030,1.540,1.070,4,0,0,0,0,18,306,0,7,0
16-06 06:34:09,23.710,3.744,70.132,0.998,0,5373636,127532,184680,2315588,5151.332,1617.279,0,2927.075,0,113.808,2994,3077,1.030,1.530,1.070,1,0,0,0,0,18,306,0,7,0
16-06 06:34:10,22.518,7.506,67.303,1.251,0,5296220,234476,185152,2284852,5025.967,1807.427,4.003,173356.835,1.001,1599.262,4267,3752,1.030,1.530,1.070,1,0,2.002,0,0,18,304,0,7,0
16-06 06:34:11,18.296,4.010,76.442,0.251,0,5346308,184336,185180,2284876,10078.311,4506.317,0,617.551,0,26.065,2438,2282,1.030,1.530,1.070,0,0,35.088,0,0,18,305,0,7,0
16-06 06:34:12,22.437,3.490,72.796,0.499,0,5352668,170784,185692,2291236,6214.593,1854.805,0,1316.313,0,14.958,2232,1843,1.030,1.530,1.070,1,0,3.989,0,0,18,304,0,3,0
16-06 06:34:13,22.488,6.746,69.712,0,0,5376768,145376,185736,2292276,4557.524,1619.120,0,2154.829,0,18.990,9272,16771,1.030,1.530,1.070,1,0,11.993,0,0,18,304,0,3,0
16-06 06:34:14,21.744,6.998,68.980,0,0,5362400,159548,185752,2292424,3610.962,971.721,0,1135.674,0,7.998,9003,16681,1.030,1.520,1.070,1,0,12.996,0,0,18,304,0,3,0
16-06 06:34:15,21.326,6.272,71.253,0.502,0,5352344,176912,185788,2285236,3267.606,487.732,32.114,875.108,1.004,44.157,2539,2372,1.030,1.520,1.070,2,0,7.025,0,0,18,304,0,3,0
16-06 06:34:16,22.413,4.234,71.971,0,0,5351460,176340,185788,2286824,4841.264,1655.593,247.044,442.288,3.985,5.977,2394,2029,1.030,1.520,1.070,1,0,5.977,0,0,18,304,0,2,0
16-06 06:34:17,23.006,4.751,69.768,0.250,0,5358868,167328,185788,2288428,4956.292,1458.380,428.112,2352.613,14.004,70.018,4797,5954,1.030,1.520,1.070,5,1,0,0,0,18,305,0,5,0
16-06 06:34:18,24.803,5.762,66.142,2.255,0,5290224,234776,185788,2289632,4467.609,1461.143,946.035,3263.018,51.110,347.748,6750,9925,1.030,1.520,1.070,1,0,24.052,0,0,18,306,0,7,0
16-06 06:34:19,8.513,20.781,68.100,0.250,0,5292276,232692,185788,2289696,5107.525,1622.390,0,268.395,0,18.027,5516,4184,1.020,1.510,1.070,1,0,331.488,0,0,18,306,0,7,0
16-06 06:34:20,13.703,10.713,70.008,4.235,0,5288692,229724,185788,2296248,4944.912,1506.793,6501.532,2308.024,786.283,343.812,4247,4059,1.020,1.510,1.070,0,1,93.676,0,0,18,306,0,8,0
16-06 06:34:21,6.001,4.751,71.758,15.252,0,5284668,196748,185788,2333248,5026.553,1566.172,36884.060,3852.424,2707.298,173.019,4706,7566,1.020,1.510,1.070,1,0,1.000,0,0,18,306,0,8,0
16-06 06:34:22,5.746,1.749,90.933,0.500,0,5292748,188800,185788,2333116,10091.570,3306.565,0,955.297,0,29.978,1622,1933,1.020,1.510,1.070,0,0,5.996,0,0,18,307,0,8,0
16-06 06:34:23,5.254,4.253,89.564,0,0,5273256,208104,185808,2333288,57304.688,4807.413,128.091,844.600,5.004,36.026,2054,2297,1.020,1.510,1.070,4,0,25.018,0,0,18,306,0,8,1
16-06 06:34:24,2.250,2.000,93.250,0.750,0,5263380,217568,185808,2333700,666889.151,12501.040,0,1656.005,0,93.000,2039,2357,1.020,1.500,1.070,0,0,10.000,0,0,18,306,0,8,0
16-06 06:34:25,1.749,1.249,96.707,0,0,5261664,219280,185808,2333704,4795.875,1457.354,0,471.791,0,33.985,1183,1754,1.020,1.500,1.070,1,0,0,0,0,18,306,0,8,0
16-06 06:34:26,0.750,0.500,97.235,0,0,5258784,222160,185808,2333704,4919.216,1619.742,0,311.950,0,14.998,891,1304,1.020,1.500,1.070,0,0,0,0,0,18,306,0,8,0
16-06 06:34:27,0.750,0.500,96.540,0.500,0,5257380,223564,185808,2333704,4760.964,1620.668,0,2192.904,0,99.041,1225,1815,1.020,1.500,1.070,0,0,0,0,0,18,306,0,8,0
16-06 06:34:28,2.254,1.002,94.677,0.501,0,5256724,224216,185808,2333708,4628.678,1623.043,0,284.533,0,39.073,1344,1910,1.020,1.500,1.070,0,0,0,0,0,18,306,0,8,0
16-06 06:34:29,1.497,0.749,97.309,0,0,5256684,224252,185808,2333712,4371.432,1658.749,0,283.444,0,18.963,1057,1441,0.940,1.480,1.060,1,0,1.996,0,0,18,306,0,8,0
16-06 06:34:30,0.750,1.000,97.013,0,0,5256620,224312,185808,2333716,4500.583,1620.210,0,32.004,0,4.001,956,1379,0.940,1.480,1.060,0,0,0,0,0,18,306,0,8,0
16-06 06:34:31,1.003,3.258,95.247,0,0,5256696,224236,185808,2333716,4511.687,1624.207,0,0,0,0,1011,1259,0.940,1.480,1.060,0,0,1.003,0,0,18,306,0,8,0
16-06 06:34:32,1.496,0.499,97.246,0,0,5256660,224272,185808,2333716,4882.271,1454.209,0,0,0,0,871,1238,0.940,1.480,1.060,0,0,0,0,0,18,306,0,8,0
16-06 06:34:33,1.250,0.750,96.499,0.250,0,5256660,224272,185808,2333716,4439.948,1619.981,0,67.999,0,9.000,992,1382,0.940,1.480,1.060,1,0,0,0,0,18,306,0,8,0
16-06 06:34:34,6.498,2.499,89.727,0,0,5274500,206424,185808,2333724,4576.826,1457.626,0,87.977,0,10.997,1337,1443,0.860,1.450,1.060,2,0,1.999,0,0,18,306,0,8,0
16-06 06:34:35,18.504,7.752,72.514,0,0,5287576,193340,185808,2333732,4680.910,1620.315,768.149,280.054,6.001,23.004,2705,2266,0.860,1.450,1.060,1,0,9.002,0,0,18,306,0,8,0
16-06 06:34:36,7.996,2.249,88.704,0,0,5306808,174104,185808,2333736,4815.494,1457.242,255.867,0,1.999,0,1417,1421,0.860,1.450,1.060,0,0,0.999,0,0,18,306,0,8,0
16-06 06:34:37,1.251,1.001,96.831,0.250,0,5305648,175264,185808,2333736,5421.544,1621.359,0,120.101,0,16.013,1048,1541,0.860,1.450,1.060,1,0,0,0,0,18,306,0,8,0
16-06 06:34:38,1.249,0.500,96.677,0,0,5305352,175548,185808,2333748,4694.439,1456.895,0,251.809,0,21.983,1213,1827,0.860,1.450,1.060,1,0,0,0,0,18,306,0,8,0
16-06 06:34:39,2.251,0.750,95.791,0.250,0,5304080,176820,185808,2333748,5282.277,1620.699,0,200.086,0,23.010,1248,1843,0.870,1.440,1.060,0,0,0,0,0,18,306,0,8,0
16-06 06:34:40,1.754,3.758,93.457,0,0,5301120,179780,185808,2333748,4407.747,1461.231,0,72752.880,0,704.558,2044,2264,0.870,1.440,1.060,1,0,3.007,0,0,18,306,0,8,0
16-06 06:34:41,1.497,0.998,95.805,0.249,0,5296060,184840,185808,2333748,5107.625,1455.044,0,2794.324,0,285.420,1179,1487,0.870,1.440,1.060,0,0,3.992,0,0,18,306,0,8,0
16-06 06:34:42,1.499,0.500,96.963,0,0,5291512,189504,185808,2333748,6348.600,1511.429,0,0,0,0,993,1388,0.870,1.440,1.060,0,0,0,0,0,18,306,0,8,0
16-06 06:34:43,1.250,0.250,97.487,0,0,5290124,190892,185808,2333748,5625.268,1565.796,0,55.993,0,3.999,894,1267,0.870,1.440,1.060,0,0,0,0,0,18,306,0,8,0
16-06 06:34:44,7.531,18.075,72.301,0.251,0,5287352,193460,185808,2333952,4868.240,1572.538,180.751,0,9.038,0,4806,3655,0.800,1.420,1.050,1,0,305.269,0,0,18,306,0,8,0
16-06 06:34:45,8.251,19.753,69.261,0,0,5286604,194184,185808,2333976,4856.803,1566.259,0,432.071,0,35.006,6053,5216,0.800,1.420,1.050,2,0,370.061,0,0,18,306,0,8,0
16-06 06:34:46,8.738,19.472,70.400,0,0,5288740,192024,185808,2334000,4779.236,1563.787,0,19.972,0,2.996,5807,4537,0.800,1.420,1.050,3,0,373.471,0,0,18,306,0,8,0
16-06 06:34:47,7.506,21.017,68.557,0.250,0,5280184,200556,185808,2334024,5001.161,1621.349,0,192.160,0,11.009,5978,4730,0.800,1.420,1.050,1,0,407.339,0,0,18,306,0,8,0
16-06 06:34:48,8.227,22.436,67.558,0,0,5281372,199300,185808,2334092,4547.101,1615.418,31.909,111.683,0.997,11.966,6327,5469,0.800,1.420,1.050,1,0,466.676,0,0,18,306,0,8,0
16-06 06:34:49,9.741,17.484,70.186,1.499,0,5284572,145616,185960,2384424,4136.200,1618.513,50429.667,339.688,427.607,23.978,5367,4594,0.820,1.410,1.050,1,0,271.750,0,0,18,306,0,8,0
16-06 06:34:50,17.446,4.486,76.512,0.498,0,5289740,139104,185980,2385748,5055.282,2127.385,1323.884,43.864,25.919,3.988,2866,2564,0.820,1.410,1.050,0,0,26.916,0,0,18,307,0,8,0
16-06 06:34:51,3.009,1.505,93.782,0,0,5290152,138628,185984,2385808,49715.379,3195.602,0,3069.222,0,22.066,1442,1864,0.820,1.410,1.050,0,0,3.009,0,0,18,307,0,8,0
16-06 06:34:52,5.000,1.750,91.491,0,0,5289956,138628,185984,2386004,223099.840,7325.305,0,147.986,0,14.999,1918,2165,0.820,1.410,1.050,0,0,2.000,0,0,18,307,0,10,0
16-06 06:34:53,3.000,1.250,93.513,0.250,0,5289500,138628,185984,2386460,465805.746,14504.047,0,216.030,0,20.003,2114,2289,0.820,1.410,1.050,0,0,1.000,0,0,18,307,0,10,0
16-06 06:34:54,2.496,1.748,93.616,0,0,5288764,138628,185984,2387196,786271.875,23126.936,0,207.703,0,21.969,2317,2275,0.750,1.390,1.040,0,0,0,0,0,18,307,0,10,0
16-06 06:34:55,2.254,1.252,94.179,0.250,0.250,5288096,138628,185984,2387864,722774.465,22535.762,0,2296.357,0,24.046,2151,2200,0.750,1.390,1.040,0,0,0,0,0,18,307,0,10,0
16-06 06:34:56,1.000,1.000,96.979,0,0,5288048,138628,185984,2387912,50475.219,2399.488,0,911.805,0,14.997,981,1360,0.750,1.390,1.040,0,0,0,0,0,18,307,0,10,0
16-06 06:34:57,1.496,0.748,95.500,0.249,0,5287912,138628,185984,2388048,239194.642,6630.637,0,299.216,0,19.948,1397,1677,0.750,1.390,1.040,0,0,0,0,0,18,307,0,10,0
16-06 06:34:58,2.255,1.253,95.703,0,0,5287716,138376,185984,2388496,419713.702,10418.134,0,172.366,0,18.038,1613,1927,0.750,1.390,1.040,0,0,0,0,0,18,307,0,10,0
16-06 06:34:59,2.002,0.751,95.081,0.250,0,5287624,137872,185984,2389092,611024.694,15228.027,0,1669.428,0,28.024,1577,1823,0.690,1.370,1.040,0,0,0,0,0,18,307,0,10,0
16-06 06:35:00,1.499,0.750,96.706,0,0,5287804,137620,185984,2389164,143226.888,3562.381,0,187.915,0,6.997,1081,1431,0.690,1.370,1.040,0,0,0,0,0,18,307,0,10,0
16-06 06:35:01,1.500,1.000,96.993,0,0,5287708,137620,185984,2389260,54623.266,2800.809,0,51.996,0,3.000,1063,1337,0.690,1.370,1.040,2,0,2.000,0,0,18,307,0,10,0
16-06 06:35:02,1.750,1.250,95.227,0.250,0,5287684,137396,185984,2389508,231293.429,3401.183,0,1479.645,0,230.945,1295,1584,0.690,1.370,1.040,0,0,2.000,0,0,18,307,0,10,0
16-06 06:35:03,1.500,0.500,96.764,0,0,5287580,137172,185984,2389836,342055.782,3810.543,0,340.048,0,4.001,1073,1341,0.690,1.370,1.040,0,0,0,0,0,18,307,0,10,0
16-06 06:35:04,6.742,4.744,87.392,0,0,5285740,161784,185984,2367208,160225.589,4716.160,0,259.678,0,9.988,2323,11780,0.720,1.360,1.040,0,0,35.955,0,0,18,307,0,11,0
16-06 06:35:05,15.086,11.314,70.400,2.011,0,5293008,156652,186616,2364716,141682.611,3379.190,3930.320,22954.357,58.331,641.644,5687,6801,0.720,1.360,1.040,0,0,73.417,0,0,18,306,0,11,0
16-06 06:35:06,7.715,15.430,69.433,4.480,0,5285908,155132,187088,2372352,5315.749,1612.643,234.928,15401.737,9.955,1608.661,8088,10921,0.720,1.360,1.040,1,0,120.451,0,0,18,306,0,11,0
16-06 06:35:07,23.617,8.542,66.830,0.502,0,5303740,136156,187108,2373392,5564.504,1628.047,20.099,1386.855,2.010,83.412,3605,2910,0.720,1.360,1.040,1,0,32.159,0,0,18,306,0,11,0
16-06 06:35:08,22.695,8.729,66.339,0.748,0.249,5309552,158784,187152,2345068,4788.398,1616.084,99.758,1795.649,12.969,119.710,3873,3458,0.720,1.360,1.040,1,0,34.915,0,0,18,306,0,11,0
16-06 06:35:09,22.742,8.247,66.728,1.000,0,5327916,138856,187228,2346524,4816.386,1457.512,363.878,1519.491,37.987,87.971,3755,3242,0.740,1.350,1.040,1,0,29.990,0,0,18,306,0,11,0
16-06 06:35:10,21.221,5.742,69.904,1.248,0,5332204,128236,187496,2352168,4973.148,1617.771,1070.525,1154.410,107.851,40.944,3167,2927,0.740,1.350,1.040,1,0,13.981,0,0,18,306,0,11,0
16-06 06:35:11,21.006,6.002,70.770,1.250,0,5308796,150744,187628,2352260,4519.266,1458.409,288.081,5701.597,40.011,130.036,4056,5320,0.740,1.350,1.040,1,0,18.005,0,0,18,306,0,11,0
16-06 06:35:12,14.971,13.224,70.362,0,0,5382632,127648,187916,2300540,5106.965,1616.823,4299.552,75.851,176.653,3.992,3098,2384,0.740,1.350,1.040,2,0,44.912,0,0,18,306,0,11,0
16-06 06:35:13,20.287,6.011,71.629,0.250,0,5382656,147260,187960,2280984,4345.826,1460.630,304.548,3438.192,21.038,182.328,2804,2096,0.740,1.350,1.040,1,0,39.070,0,0,18,306,0,11,0
16-06 06:35:14,15.988,2.998,80.442,0.250,0,5286788,297728,187964,2226440,5036.352,1618.828,75.945,3.997,4.996,0.999,2120,1750,0.760,1.350,1.040,0,0,17.987,0,0,18,306,0,11,0
16-06 06:35:15,2.250,0.750,95.251,0.250,0,5269156,315356,187964,2226444,4698.074,1458.023,0,536.008,0,36.001,1384,2034,0.760,1.350,1.040,1,0,0,0,0,18,306,0,11,0
16-06 06:35:16,1.500,1.250,96.530,0,0,5269196,315280,187964,2226480,5059.558,1458.449,0,3525.085,0,192.059,1070,1312,0.760,1.350,1.040,1,0,0,0,0,18,306,0,11,0
16-06 06:35:17,1.250,0.250,97.000,0,0,5267928,316612,187964,2226480,5357.004,1620.001,0,88.000,0,11.000,980,1359,0.760,1.350,1.040,0,0,0,0,0,18,306,0,11,0
16-06 06:35:18,2.250,0.750,96.737,0,0,5266992,317548,187964,2226480,5177.288,1457.800,0,0,0,0,940,1244,0.760,1.350,1.040,0,0,0,0,0,18,306,0,11,0
16-06 06:35:19,1.500,0.250,96.985,0.250,0,5266792,317740,187964,2226488,4891.264,1553.766,0,63.990,0,5.999,971,1299,0.780,1.340,1.040,0,0,0,0,0,18,306,0,11,0
16-06 06:35:20,1.250,1.000,97.533,0,0,5266788,317740,187964,2226492,5147.730,1566.527,0,8.003,0,1.000,991,1382,0.780,1.340,1.040,0,0,0,0,0,18,306,0,11,0
16-06 06:35:21,1.250,0.500,96.740,0,0,5266776,317752,187964,2226492,5159.466,1619.832,0,11.999,0,1.000,981,1365,0.780,1.340,1.040,0,0,1.000,0,0,18,306,0,4,0
16-06 06:35:22,1.251,0.500,97.039,0,0,5266776,317752,187964,2226492,5179.095,1620.655,0,128.052,0,13.005,1110,1618,0.780,1.340,1.040,0,0,0,0,0,18,306,0,4,0
16-06 06:35:23,1.500,1.000,96.723,0.250,0,5266776,317752,187964,2226492,4678.712,1619.554,0,1971.457,0,97.973,1247,1894,0.780,1.340,1.040,0,0,0,0,0,18,306,0,4,0
16-06 06:35:24,1.500,1.000,96.766,0,0,5266776,317752,187964,2226492,5100.824,1620.262,0,216.035,0,22.004,1173,1689,0.720,1.320,1.030,0,0,0,0,0,18,306,0,4,0
16-06 06:35:25,1.250,0.500,96.973,0.250,0,5266772,317752,187964,2226496,4916.628,1457.593,0,103.971,0,12.996,1117,1681,0.720,1.320,1.030,0,0,0,0,0,18,306,0,4,0
16-06 06:35:26,1.250,0.750,97.517,0,0,5266772,317752,187964,2226496,4680.806,1620.279,0,0,0,0,902,1266,0.720,1.320,1.030,0,0,0,0,0,18,306,0,4,0
16-06 06:35:27,1.250,0.750,96.994,0.250,0,5266772,317752,187964,2226496,4714.715,1457.912,0,299.982,0,17.999,1013,1402,0.720,1.320,1.030,0,0,0,0,0,18,306,0,4,0
16-06 06:35:28,1.250,0.250,97.009,0,0,5261148,323376,187964,2226496,4680.443,1620.153,0,736.070,0,156.015,971,1321,0.720,1.320,1.030,0,0,0,0,0,18,306,0,4,0
16-06 06:35:29,1.501,0.751,97.067,0,0,5261020,323500,187964,2226500,4280.939,1459.001,0,0,0,0,1055,1419,0.660,1.300,1.020,0,0,2.001,0,0,18,306,0,4,0
16-06 06:35:30,1.249,0,97.406,0,0,5261020,323500,187964,2226500,3358.768,701.325,0,0,0,0,946,1358,0.660,1.300,1.020,0,0,0,0,0,18,306,0,4,0
16-06 06:35:31,1.500,0.500,97.004,0,0,5261020,323500,187964,2226500,4416.180,1296.053,0,8.000,0,1.000,898,1313,0.660,1.300,1.020,0,0,1.000,0,0,18,306,0,4,0
16-06 06:35:32,1.501,0.750,97.302,0,0,5261020,323500,187964,2226500,5345.853,1566.836,0,72.038,0,6.003,939,1325,0.660,1.300,1.020,0,0,0,0,0,18,306,0,4,0
16-06 06:35:33,1.249,0.500,97.445,0,0,5261020,323500,187964,2226500,4173.623,1295.262,0,0,0,0,843,1226,0.660,1.300,1.020,0,0,0,0,0,18,306,0,4,0
16-06 06:35:34,7.004,3.002,88.795,0.250,0,5280656,303856,187964,2226508,3843.967,772.395,0,328.168,0,30.015,1520,1835,0.610,1.270,1.020,1,0,2.001,0,0,18,306,0,4,0
16-06 06:35:35,18.756,7.252,72.774,0.250,0,5300000,284364,187964,2226640,5161.735,1620.545,768.258,124.042,6.002,17.006,2738,2294,0.610,1.270,1.020,1,0,9.003,0,0,18,306,0,4,0
16-06 06:35:36,8.245,4.997,85.448,0,0,5296956,287404,187964,2226644,4944.979,1457.110,255.844,0,1.999,0,1531,1411,0.610,1.270,1.020,0,0,0.999,0,0,18,306,0,4,0
16-06 06:35:37,1.500,2.000,95.482,0,0,5277276,307084,187964,2226644,4936.060,1619.692,0,10777.948,0,83.984,1272,1710,0.610,1.270,1.020,1,0,0,0,0,18,306,0,4,0
16-06 06:35:38,1.750,0.500,96.991,0,0,5265724,318636,187964,2226644,4379.612,1619.857,0,175.984,0,10.999,1017,1446,0.610,1.270,1.020,0,0,0,0,0,18,306,0,4,0
16-06 06:35:39,1.250,0.750,96.527,0.250,0,5256440,327908,187964,2226656,4741.313,1662.460,0,116.032,0,15.004,1156,1724,0.560,1.250,1.010,1,0,0,0,0,18,306,0,4,0
16-06 06:35:40,1.000,0.250,97.247,0,0,5256064,328284,187964,2226656,4679.872,1619.956,0,4.000,0,1.000,836,1243,0.560,1.250,1.010,0,0,0,0,0,18,306,0,4,0
16-06 06:35:41,1.000,1.250,96.507,0,0,5256564,327784,187964,2226656,5040.380,1620.122,0,176.013,0,11.001,1097,1422,0.560,1.250,1.010,0,0,7.001,0,0,18,306,0,4,0
16-06 06:35:42,0.750,1.000,96.981,0,0,5256556,327784,187972,2226656,6255.787,1619.686,0,46107.059,0,54.989,1046,1407,0.560,1.250,1.010,0,0,0,0,0,18,306,0,4,0
16-06 06:35:43,2.000,0.750,96.268,0,0,5256556,327784,187972,2226656,5112.956,1620.303,0,128.024,0,12.002,1133,1663,0.560,1.250,1.010,0,0,0,0,0,18,306,0,4,0
16-06 06:35:44,7.002,3.001,89.025,0.500,0,5277788,305860,187980,2227340,5239.477,1458.411,756.213,1300.367,52.015,229.065,1676,1785,0.510,1.230,1.010,1,0,5.001,0,0,18,306,0,4,0
16-06 06:35:45,12.249,3.500,79.494,3.250,0,5258228,323000,188332,2229408,13992.989,10682.228,2319.832,1319.905,504.964,30.998,3393,4321,0.510,1.230,1.010,1,0,5.000,0,0,18,306,0,6,0
16-06 06:35:46,13.761,3.253,81.563,0,0.250,5274996,306052,188332,2229588,15395.944,11800.154,16.012,152.118,1.001,19.015,2340,2444,0.510,1.230,1.010,1,0,0,0,0,18,306,0,7,1
16-06 06:35:47,13.224,3.493,81.842,0,0,5278760,302196,188332,2229680,14882.259,11369.044,0,219.576,0,15.969,2388,2338,0.510,1.230,1.010,2,0,4.990,0,0,18,307,0,8,0
16-06 06:35:48,15.013,3.503,79.571,0.500,0,5299652,281284,188332,2229700,14425.794,11510.208,0,404.359,0,38.034,2594,2848,0.510,1.230,1.010,1,0,5.004,0,0,18,306,0,10,0
16-06 06:35:49,13.249,3.750,81.746,0,0,5298580,282084,188332,2229972,13747.321,11252.444,0,155.992,0,13.999,2461,2339,0.550,1.230,1.010,1,0,5.000,0,0,18,307,0,10,0
16-06 06:35:50,12.748,4.249,81.486,0.250,0,5309424,271272,188332,2229988,14202.564,12064.931,0,247.957,0,20.996,2549,2642,0.550,1.230,1.010,0,0,4.999,0,0,18,307,0,11,0
16-06 06:35:51,44.265,8.503,46.766,0,0,5044952,535596,188332,2230128,6162.046,2341.778,0,212.070,0,19.006,3601,2195,0.550,1.230,1.010,2,0,20.007,0,0,18,290,0,16,0
16-06 06:35:52,53.956,12.046,33.126,0.251,0,5146036,434504,188332,2230132,4793.279,1463.581,8.031,116.444,2.008,15.057,3696,2247,0.550,1.230,1.010,5,0,7.027,0,0,18,286,0,17,0
16-06 06:35:53,83.520,15.457,0.997,0,0,5153900,426336,188336,2230432,4906.497,1615.554,159.561,1140.860,5.984,65.819,5258,3137,0.550,1.230,1.010,4,0,8.975,0,0,18,282,0,17,0
16-06 06:35:54,84.207,13.283,2.757,0,0,5221128,358420,188336,2231120,4855.941,1461.594,0,384.947,0,20.049,6899,6717,0.910,1.290,1.030,3,0,2.005,0,0,18,280,0,21,0
16-06 06:35:55,60.016,11.704,26.148,0,0,5180672,397856,188336,2232140,5584.249,1613.714,0,462.200,0,48.810,6560,9940,0.910,1.290,1.030,3,0,4.981,0,0,18,282,0,22,0
16-06 06:35:56,42.771,9.755,46.523,0,0,5265360,313168,188336,2232144,5728.855,1620.808,0,132.066,0,7.003,3854,3526,0.910,1.290,1.030,3,0,7.003,0,0,18,282,0,22,0
16-06 06:35:57,32.899,5.483,59.567,0.249,0,5319728,257980,188336,2232964,5460.254,1615.047,0,267.181,0,23.927,5605,8838,0.910,1.290,1.030,2,0,0.997,0,0,18,286,0,26,0
16-06 06:35:58,23.064,7.270,67.187,0.251,0.251,5403672,172356,188352,2234628,42757.138,16890.062,352.984,501.397,45.126,38.106,6069,7965,0.910,1.290,1.030,0,0,2.006,0,0,18,290,0,30,0
16-06 06:35:59,10.501,3.250,84.011,0.500,0,5374032,201980,188352,2234688,30092.832,6685.851,0,10441.330,0,1235.157,3917,5249,1.080,1.320,1.040,0,0,1.000,0,0,18,287,0,31,0
16-06 06:36:00,1.749,0.750,95.471,0.250,0,5366916,209080,188356,2234700,5698.296,1619.516,0,511.847,0,23.993,1190,1855,1.080,1.320,1.040,0,0,0,0,0,18,287,0,31,0
16-06 06:36:01,1.500,0.750,96.511,0.250,0,5360328,215668,188356,2234700,4002.457,162.019,0,1228.140,0,50.006,1058,1567,1.080,1.320,1.040,0,0,1.000,0,0,18,287,0,31,0
16-06 06:36:02,8.248,2.249,87.726,0.250,0,5356024,219956,188356,2234716,7071.080,1295.648,0,659.821,0,65.982,2688,3612,1.080,1.320,1.040,0,0,0,0,0,18,287,0,31,0
16-06 06:36:03,1.750,0,97.239,0,0,5350800,225180,188356,2234716,5759.333,1619.813,0,15.998,0,2.000,920,1278,1.080,1.320,1.040,0,0,0,0,0,18,287,0,31,0
16-06 06:36:04,7.252,4.501,87.527,0,0,5345168,230812,188356,2234716,5179.614,1458.455,0,100.031,0,11.003,2370,7371,0.990,1.300,1.030,1,0,36.011,0,0,18,287,0,32,0
16-06 06:36:05,1.500,1.250,95.490,0.250,0,5345152,230812,188356,2234732,3647.605,647.930,0,391.958,0,39.996,1269,1857,0.990,1.300,1.030,0,0,0,0,0,18,287,0,32,0
16-06 06:36:06,1.750,0.250,96.994,0,0,5341232,234732,188356,2234732,4511.731,971.942,0,0,0,0,858,1269,0.990,1.300,1.030,0,0,0,0,0,18,287,0,30,0
16-06 06:36:07,1.751,0.750,96.286,0.500,0,5338564,237412,188356,2234736,5317.001,1458.549,0,1504.566,0,168.063,1238,1684,0.990,1.300,1.030,0,0,0,0,0,18,287,0,30,0
16-06 06:36:08,1.750,1.000,95.240,0.750,0,5336232,239744,188356,2234736,5699.422,1619.836,0,2039.793,0,130.987,1438,2298,0.990,1.300,1.030,1,0,0,0,0,18,287,0,30,0
16-06 06:36:09,2.250,0.750,94.733,0.250,0,5334216,241756,188356,2234740,4637.189,1457.745,0,331.942,0,42.992,1654,2523,0.910,1.280,1.030,0,0,0,0,0,18,287,0,30,0
16-06 06:36:10,1.755,0.752,96.500,0,0,5332308,243664,188356,2234740,4872.625,1624.208,0,172.447,0,20.052,1205,1757,0.910,1.280,1.030,0,0,0,0,0,18,287,0,30,0
16-06 06:36:11,2.492,0.498,95.446,0.249,0,5330764,245204,188356,2234744,4186.650,1614.851,0,195.377,0,22.927,1273,1861,0.910,1.280,1.030,0,0,1.994,0,0,18,287,0,30,0
16-06 06:36:12,1.500,0.750,97.011,0,0,5329644,246324,188356,2234744,4545.493,1458.158,0,168.018,0,16.002,1006,1382,0.910,1.280,1.030,0,0,0,0,0,18,287,0,30,0
16-06 06:36:13,1.250,1.000,96.519,0.250,0,5328652,247312,188356,2234748,4332.863,1752.349,0,744.148,0,46.009,1024,1484,0.910,1.280,1.030,0,0,0,0,0,18,287,0,30,0
16-06 06:36:14,1.000,0.500,97.247,0,0,5327788,248176,188356,2234748,4451.856,1751.944,0,27.999,0,4.000,903,1273,0.840,1.250,1.020,0,0,0,0,0,18,287,0,30,0
16-06 06:36:15,1.751,0.751,96.565,0,0,5327056,248908,188356,2234748,4863.295,1621.098,0,268.182,0,23.016,1186,1729,0.840,1.250,1.020,0,0,0,0,0,18,287,0,30,0
16-06 06:36:16,1.253,1.003,97.264,0,0,5325780,250140,188356,2234792,5294.372,1624.410,0,60.163,0,4.011,936,1322,0.840,1.250,1.020,0,0,0,0,0,18,287,0,30,0
16-06 06:36:17,0.997,0.249,97.214,0.499,0,5325772,250140,188356,2234800,5760.056,1615.248,0,87.742,0,9.971,962,1337,0.840,1.250,1.020,0,0,0,0,0,18,287,0,30,0
16-06 06:36:18,0.750,0.500,97.284,0,0,5325772,250140,188356,2234800,5161.787,1662.576,0,24.008,0,3.001,911,1312,0.840,1.250,1.020,0,0,0,0,0,18,287,0,30,0
16-06 06:36:19,2.498,0.999,94.907,0.500,0,5325764,250140,188356,2234808,4993.091,1456.568,0,523.485,0,51.949,1440,2156,0.770,1.230,1.010,0,0,0,0,0,18,287,0,30,0
16-06 06:36:20,1.501,0.750,96.038,0,0,5325988,249916,188356,2234808,5180.072,1458.584,0,1260.504,0,261.104,1323,1825,0.770,1.230,1.010,0,0,0,0,0,18,287,0,30,0
16-06 06:36:21,1.750,0.750,97.247,0,0,5325964,249936,188356,2234812,4073.889,1133.969,0,0,0,0,916,1330,0.770,1.230,1.010,0,0,1.000,0,0,18,287,0,30,0
16-06 06:36:22,1.749,0.500,96.217,0,0,5325964,249936,188356,2234812,5101.258,1565.466,0,259.911,0,24.991,1115,1598,0.770,1.230,1.010,0,0,0,0,0,18,287,0,30,0
16-06 06:36:23,1.003,0.752,97.315,0,0,5325964,249936,188356,2234812,4486.541,1516.916,0,0,0,0,1034,1471,0.770,1.230,1.010,0,0,0,0,0,18,287,0,30,0
16-06 06:36:24,1.492,0.746,95.221,0,0,5325964,249936,188356,2234812,4819.210,1557.343,0,1276.902,0,14.917,1131,1663,0.710,1.210,1.010,0,0,0,0,0,18,287,0,30,0
16-06 06:36:25,2.257,0.752,96.789,0.251,0,5325960,249936,188356,2234816,4872.562,1462.370,0,208.623,0,20.060,1281,1849,0.710,1.210,1.010,0,0,0,0,0,18,287,0,30,0
16-06 06:36:26,40.715,7.993,50.457,0.250,0,5203212,372196,188496,2235148,5133.607,1748.504,491.579,0,31.973,0,3878,2607,0.710,1.210,1.010,3,0,71.938,0,0,18,283,0,32,0
16-06 06:36:27,21.759,5.252,71.281,0,0,5034116,541372,188496,2235176,4536.953,1778.766,56.024,360.155,1.000,18.008,2369,1915,0.710,1.210,1.010,2,0,7.003,0,0,18,283,0,32,0
16-06 06:36:28,23.013,3.752,72.042,0,0,5079600,495832,188496,2235232,4668.711,1747.015,0,36.021,0,5.003,2026,1563,0.710,1.210,1.010,2,0,0,0,0,18,283,0,32,0
16-06 06:36:29,23.104,6.027,69.815,0.251,0,5137232,437324,188500,2236104,4683.114,1729.799,72.326,494.228,6.027,42.190,3690,5690,0.730,1.210,1.010,1,0,17.077,0,0,18,287,0,34,0
16-06 06:36:30,21.656,5.974,70.940,0,0,5213736,360724,188500,2236236,4691.529,1505.431,0,147.357,0,11.948,2508,2077,0.730,1.210,1.010,1,0,5.974,0,0,18,287,0,34,0
16-06 06:36:31,24.240,2.999,71.971,0,0,5256124,318164,188500,2236408,4664.098,1705.305,0,83.966,0,7.997,2005,1490,0.730,1.210,1.010,2,0,1.000,0,0,18,287,0,34,0
16-06 06:36:32,5.001,1.750,91.522,0.250,0,5266612,307660,188500,2236424,5358.269,1620.384,0,236.056,0,17.004,1238,1530,0.730,1.210,1.010,1,0,1.000,0,0,18,287,0,34,0
16-06 06:36:33,1.000,0.750,97.487,0,0,5266612,307660,188500,2236424,4739.391,1619.792,0,0,0,0,893,1246,0.730,1.210,1.010,1,0,1.000,0,0,18,287,0,34,0
16-06 06:36:34,1.250,0.750,97.000,0.250,0,5266276,307992,188500,2236428,5039.979,1619.993,0,68.000,0,11.000,1057,1384,0.670,1.190,1,1,0,0,0,0,18,287,0,34,0
16-06 06:36:35,1.499,0.750,96.198,0,0,5261228,313036,188500,2236432,4769.403,1511.177,0,475.741,0,23.987,1321,1843,0.670,1.190,1,0,0,0,0,0,18,287,0,34,0
16-06 06:36:36,1.250,1.000,96.998,0.250,0,5256508,317756,188500,2236432,4969.911,1439.974,0,4583.918,0,615.989,1364,1338,0.670,1.190,1,0,0,0,0,0,18,287,0,34,0
16-06 06:36:37,1.751,0.750,96.047,0.250,0,5252364,321892,188500,2236440,4715.330,756.374,0,128.063,0,17.008,1124,1571,0.670,1.190,1,1,0,0,0,0,18,287,0,34,0
16-06 06:36:38,1.250,0.500,96.989,0,0,5248780,325476,188500,2236440,4697.465,1457.834,0,391.955,0,52.994,1098,1500,0.670,1.190,1,0,0,0,0,0,18,287,0,34,0
16-06 06:36:39,2.742,0.748,94.491,0.499,0,5245640,328616,188500,2236440,5145.877,1657.451,0,311.146,0,43.880,1717,2550,0.620,1.170,1,0,0,0,0,0,18,287,0,34,0
16-06 06:36:40,1.003,0.752,96.250,0,0,5243116,331140,188500,2236440,4650.099,1602.169,0,220.574,0,25.065,1258,1924,0.620,1.170,1,0,0,0,0,0,18,287,0,34,0
16-06 06:36:41,1.750,1.750,95.749,0,0,5242368,331888,188500,2236440,5447.919,689.990,0,107.998,0,8.000,1125,1462,0.620,1.170,1,1,0,7.000,0,0,18,287,0,34,0
16-06 06:36:42,1.500,0.500,96.260,0.250,0,5240380,333872,188500,2236444,6035.646,1458.156,0,332.036,0,21.002,1079,1564,0.620,1.170,1,0,0,0,0,0,18,287,0,34,0
16-06 06:36:43,1.749,0.999,96.430,0,0,5238664,335588,188500,2236444,5547.982,1510.906,0,31.977,0,3.997,979,1357,0.620,1.170,1,0,0,0,0,0,18,287,0,34,0
16-06 06:36:44,1.251,0.250,97.311,0,0,5237192,337060,188500,2236444,4680.949,1699.071,0,0,0,0,906,1257,0.570,1.150,0.990,1,0,0,0,0,18,287,0,34,0
16-06 06:36:45,3.250,1.000,93.756,0,0,5235896,338344,188500,2236456,5324.354,1644.109,0,108.007,0,13.001,1554,2018,0.570,1.150,0.990,0,0,2.000,0,0,18,287,0,34,0
16-06 06:36:46,2.499,0.750,95.722,0,0,5234544,339696,188500,2236456,5144.480,1697.499,0,39.988,0,3.999,1143,1528,0.570,1.150,0.990,0,0,1.000,0,0,18,287,0,34,0
16-06 06:36:47,1.000,1.000,96.493,0.250,0,5233336,340900,188500,2236460,5208.638,1511.895,0,315.978,0,19.999,1018,1391,0.570,1.150,0.990,0,0,0,0,0,18,287,0,30,0
16-06 06:36:48,2.751,0.250,95.796,0,0,5233248,340988,188500,2236460,4622.227,1620.781,0,28.013,0,4.002,1123,1462,0.570,1.150,0.990,1,0,1.000,0,0,18,287,0,30,0
16-06 06:36:49,4.000,2.000,92.254,0.250,0,5233652,340560,188500,2236484,4620.215,1662.077,0,444.021,0,46.002,2008,2720,0.600,1.150,0.990,0,0,3.000,0,0,18,287,0,30,0
16-06 06:36:50,4.749,1.500,91.229,0.500,0,5233748,340456,188500,2236492,4438.995,1661.624,0,2479.439,0,157.964,2049,3010,0.600,1.150,0.990,0,0,2.000,0,0,18,287,0,30,0
16-06 06:36:51,1.500,0.750,96.763,0,0,5233728,340460,188500,2236508,4740.629,1620.215,0,0,0,0,1029,1437,0.600,1.150,0.990,0,0,1.000,0,0,18,287,0,22,0
16-06 06:36:52,1.500,0.750,97.025,0.250,0,5233476,340712,188500,2236508,5128.339,1620.423,0,76.020,0,10.003,1058,1504,0.600,1.150,0.990,0,0,0,0,0,18,287,0,22,0
16-06 06:36:53,1.250,0.500,96.503,0,0,5233476,340712,188500,2236508,4500.127,1620.046,0,444.013,0,33.001,1110,1632,0.600,1.150,0.990,0,0,0,0,0,18,287,0,22,0
16-06 06:36:54,1.250,1.000,96.978,0,0,5233952,340236,188500,2236508,4484.965,1565.639,0,1079.751,0,212.951,1377,1762,0.560,1.130,0.990,0,0,2.000,0,0,18,287,0,22,0
16-06 06:36:55,1.499,0.750,95.717,0.500,0,5233948,340236,188500,2236512,4830.339,1511.480,0,487.832,0,13.995,1202,1713,0.560,1.130,0.990,0,0,0,0,0,18,287,0,21,0
16-06 06:36:56,1.750,0.250,97.511,0,0,5233948,340236,188500,2236512,4508.496,1328.146,0,0,0,0,852,1197,0.560,1.130,0.990,0,0,0,0,0,18,287,0,14,0
16-06 06:36:57,6.505,16.013,75.060,0,0,5228892,345280,188500,2236524,4726.801,1116.898,0,344.277,0,22.018,4581,3528,0.560,1.130,0.990,2,0,237.191,0,0,18,287,0,14,0
16-06 06:36:58,18.494,8.247,72.227,0,0,5288468,285696,188500,2236532,4602.531,1173.625,0,35.989,0,4.998,2756,2205,0.560,1.130,0.990,2,0,73.976,0,0,18,287,0,14,0
16-06 06:36:59,18.996,2.999,75.735,0.500,0,5313036,261040,188500,2236620,10515.899,6683.665,79.984,559.888,9.998,45.991,2804,2943,0.590,1.120,0.990,1,0,0,0,0,18,288,0,14,0
16-06 06:37:00,21.536,4.758,71.117,1.002,0,5313716,260032,188500,2236948,15788.047,7037.610,328.542,1089.798,22.036,130.215,5398,7331,0.590,1.120,0.990,2,0,1.002,0,0,18,288,0,7,0
16-06 06:37:01,40.028,8.950,48.978,0.497,0,5406996,166464,188504,2237232,6907.683,2647.315,47.735,588.734,2.983,64.641,4346,4248,0.590,1.120,0.990,2,0,26.851,0,0,18,287,0,8,0
16-06 06:37:02,31.366,5.771,60.976,0,0,5418548,165320,188512,2227668,31701.261,26181.845,112.416,176.653,5.019,8.030,3562,3093,0.590,1.120,0.990,3,0,4.015,0,0,18,289,0,14,0
16-06 06:37:03,11.502,4.501,83.013,0,0,5380760,203096,188512,2227680,18387.870,14523.267,0,120.019,0,6.001,2336,2251,0.590,1.120,0.990,1,0,35.005,0,0,18,287,0,18,0
16-06 06:37:04,7.000,3.750,87.251,0.250,0,5357648,226208,188512,2227680,4920.078,1662.026,0,132.002,0,11.000,2326,6613,0.540,1.110,0.980,0,0,36.001,0,0,18,287,0,19,0
16-06 06:37:05,1.749,0.999,95.197,0.750,0,5341740,242112,188516,2227680,4265.626,1187.339,0,2930.369,0,172.904,1520,2402,0.540,1.110,0.980,2,0,0,0,0,18,287,0,19,0
16-06 06:37:06,1.250,0.500,97.035,0,0,5341740,242112,188516,2227680,4793.708,1350.481,0,52.019,0,7.002,1029,1494,0.540,1.110,0.980,0,0,0,0,0,18,287,0,19,0
16-06 06:37:07,1.751,1.000,96.045,0,0,5341960,241888,188516,2227684,5779.735,1620.767,0,2145.015,0,372.176,1291,1694,0.540,1.110,0.980,0,0,0,0,0,18,287,0,19,0
16-06 06:37:08,1.000,0.250,97.749,0,0,5341960,241888,188516,2227684,4679.955,1619.984,0,175.998,0,11.000,931,1363,0.540,1.110,0.980,0,0,0,0,0,18,287,0,18,0
16-06 06:37:09,2.248,0.999,94.686,0.250,0,5339784,244060,188516,2227688,4556.905,1618.900,0,639.566,0,101.931,1741,2527,0.500,1.090,0.980,0,0,0,0,0,18,287,0,18,0
16-06 06:37:10,1.501,1.001,96.555,0.250,0,5337708,246132,188516,2227692,4622.645,1620.927,0,200.114,0,24.014,1203,1769,0.500,1.090,0.980,1,0,0,0,0,18,287,0,18,0
16-06 06:37:11,1.500,0.250,97.233,0,0,5335888,247944,188516,2227700,4531.193,1511.731,0,199.964,0,19.996,1078,1683,0.500,1.090,0.980,0,0,2.000,0,0,18,287,0,18,0
16-06 06:37:12,1.250,1.000,97.241,0,0,5334540,249292,188516,2227700,4862.573,1565.863,0,103.991,0,7.999,901,1284,0.500,1.090,0.980,0,0,0,0,0,18,287,0,18,0
16-06 06:37:13,1.500,0.500,96.005,0.500,0,5334792,249040,188516,2227700,4712.263,1512.084,0,472.026,0,36.002,1094,1480,0.500,1.090,0.980,0,0,0,0,0,18,287,0,18,0
16-06 06:37:14,1.250,0.750,97.260,0,0,5333404,250428,188516,2227700,4486.469,1566.164,0,28.003,0,4.000,927,1269,0.460,1.070,0.970,0,0,0,0,0,18,287,0,18,0
16-06 06:37:15,1.500,0.750,95.737,0,0,5332156,251672,188516,2227704,4369.423,1289.830,0,355.953,0,36.995,1295,1910,0.460,1.070,0.970,0,0,0,0,0,18,287,0,18,0
16-06 06:37:16,1.750,0.500,97.011,0,0,5331268,252524,188516,2227740,4906.537,1566.171,0,12.001,0,3.000,970,1271,0.460,1.070,0.970,1,0,0,0,0,18,287,0,18,0
16-06 06:37:17,1.250,0.750,96.991,0.250,0.250,5330328,253464,188516,2227740,4894.547,1457.865,0,91.991,0,9.999,979,1345,0.460,1.070,0.970,0,0,0,0,0,18,287,0,18,0
16-06 06:37:18,1.250,0.500,96.990,0,0,5329536,254256,188516,2227740,5099.496,1619.840,0,0,0,0,933,1267,0.460,1.070,0.970,0,0,0,0,0,18,287,0,18,0
16-06 06:37:19,2.499,1.000,94.714,0.500,0,5329372,254416,188516,2227744,4150.440,1013.619,0,499.812,0,55.979,1597,2348,0.420,1.050,0.970,0,0,0,0,0,18,287,0,18,0
16-06 06:37:20,2.251,0.750,95.772,0,0,5329504,254284,188516,2227744,5387.244,1566.362,0,84.019,0,12.003,1264,1724,0.420,1.050,0.970,0,0,0,0,0,18,287,0,18,0
16-06 06:37:21,1.750,0.750,96.250,0.250,0,5329504,254284,188516,2227744,4532.009,1512.003,0,176.000,0,18.000,1285,1804,0.420,1.050,0.970,0,0,1.000,0,0,18,287,0,18,0
16-06 06:37:22,2.004,1.002,95.949,0.501,0,5329500,254284,188516,2227748,5163.728,1298.698,0,978.032,0,208.433,1189,1617,0.420,1.050,0.970,0,0,0,0,0,18,287,0,18,0
16-06 06:37:23,1.248,0.499,96.063,0.499,0,5329468,254316,188516,2227748,4361.494,1347.372,0,3285.593,0,154.698,1288,2022,0.420,1.050,0.970,0,0,0,0,0,18,287,0,18,0
16-06 06:37:24,2.000,1.000,95.998,0.250,0,5329468,254316,188516,2227748,4845.900,1565.968,0,147.997,0,20.000,1270,1755,0.390,1.030,0.960,0,0,0,0,0,18,287,0,18,0
16-06 06:37:25,2.000,1.250,96.490,0,0,5329460,254316,188516,2227756,5089.488,1619.837,0,99.990,0,12.999,1236,1756,0.390,1.030,0.960,0,0,0,0,0,18,287,0,18,0
16-06 06:37:26,1.000,0.250,97.268,0,0,5329456,254316,188516,2227760,4546.848,1566.292,0,124.023,0,1.000,916,1315,0.390,1.030,0.960,1,0,0,0,0,18,287,0,18,0
16-06 06:37:27,1.251,0.250,97.541,0,0,5329456,254316,188516,2227760,4999.092,1760.737,0,268.112,0,17.007,989,1401,0.390,1.030,0.960,0,0,0,0,0,18,287,0,18,0
16-06 06:37:28,1.000,0.750,97.482,0,0,5329452,254316,188516,2227764,4619.140,1619.698,0,35.993,0,4.999,877,1276,0.390,1.030,0.960,0,0,0,0,0,18,287,0,16,0
16-06 06:37:29,1.500,0.750,95.989,0.250,0,5329448,254316,188516,2227768,4425.502,1565.824,0,439.951,0,40.995,1532,2240,0.520,1.050,0.970,0,0,2.000,0,0,18,287,0,16,0
16-06 06:37:30,1.750,0.750,95.996,0,0,5329444,254316,188516,2227772,3633.833,1373.937,0,107.995,0,14.999,1160,1632,0.520,1.050,0.970,0,0,0,0,0,18,287,0,16,0
16-06 06:37:31,1.250,1.000,96.732,0,0,5329444,254316,188516,2227772,4441.195,1481.731,0,0,0,0,1002,1355,0.520,1.050,0.970,0,0,1.000,0,0,18,287,0,16,0
16-06 06:37:32,1.250,0.500,97.505,0,0,5329444,254316,188516,2227772,4313.223,1296.067,0,228.012,0,17.001,978,1354,0.520,1.050,0.970,0,0,0,0,0,18,287,0,14,0
16-06 06:37:33,1.250,1.250,95.767,0,0,5330444,253312,188516,2227776,3616.650,756.136,0,28.005,0,4.001,1117,1404,0.520,1.050,0.970,0,0,18.003,0,0,18,287,0,14,0
16-06 06:37:34,2.000,0.750,95.742,0.250,0,5330444,253312,188516,2227776,4155.644,755.935,0,335.971,0,32.997,1240,1788,0.480,1.030,0.960,1,0,0,0,0,18,287,0,14,0
16-06 06:37:35,3.001,1.000,95.017,0.500,0,5330428,253312,188516,2227792,10316.882,2619.478,0,124.023,0,12.002,1376,1823,0.480,1.030,0.960,1,0,0,0,0,18,287,0,14,0
16-06 06:37:36,1.000,1.000,96.502,0,0,5327168,256572,188516,2227792,5156.100,1566.030,0,8.000,0,2.000,971,1278,0.480,1.030,0.960,1,0,0,0,0,18,287,0,14,0
16-06 06:37:37,1.500,0.250,96.749,0.250,0,5327164,256572,188516,2227796,5342.929,1565.979,0,239.997,0,20.000,1099,1533,0.480,1.030,0.960,0,0,0,0,0,18,287,0,14,0
16-06 06:37:38,1.500,0.750,96.744,0,0,5327388,256348,188516,2227796,4727.685,1565.896,0,1015.932,0,191.987,1108,1546,0.480,1.030,0.960,0,0,0,0,0,18,287,0,14,0
16-06 06:37:39,2.250,1.000,94.758,0.250,0,5327388,256348,188516,2227796,4426.386,1608.140,0,316.028,0,44.004,1661,2481,0.440,1.010,0.950,0,0,0,0,0,18,287,0,14,0
16-06 06:37:40,1.250,0.750,96.777,0.250,0,5327388,256348,188516,2227796,4533.266,1512.422,0,288.080,0,46.013,1114,1644,0.440,1.010,0.950,0,0,0,0,0,18,287,0,14,0
16-06 06:37:41,1.499,1.499,95.944,0,0,5327388,256348,188516,2227796,5622.719,1565.087,0,0,0,0,1166,1373,0.440,1.010,0.950,0,0,6.996,0,0,18,287,0,14,0
16-06 06:37:42,1.000,0.750,97.258,0,0,5327388,256348,188516,2227796,6197.522,1620.137,0,284.024,0,17.001,974,1278,0.440,1.010,0.950,0,0,0,0,0,18,287,0,14,0
16-06 06:37:43,2.000,0.750,96.261,0,0,5327388,256348,188516,2227796,5220.613,1620.190,0,112.013,0,16.002,1166,1619,0.440,1.010,0.950,0,0,0,0,0,18,287,0,14,0
16-06 06:37:44,1.250,0.750,96.988,0.250,0,5327380,256348,188516,2227804,5099.360,1619.797,0,255.968,0,22.997,1055,1390,0.480,1.010,0.960,0,0,0,0,0,18,287,0,14,0
16-06 06:37:45,1.501,0.750,96.532,0,0,5327380,256348,188516,2227804,4847.632,1566.527,0,92.031,0,12.004,1209,1673,0.480,1.010,0.960,0,0,0,0,0,18,287,0,14,0
16-06 06:37:46,1.250,0.750,97.249,0,0,5327380,256348,188516,2227804,5833.964,1805.989,0,4.000,0,1.000,951,1269,0.480,1.010,0.960,0,0,0,0,0,18,287,0,14,0
16-06 06:37:47,1.000,0.500,96.974,0,0,5327380,256348,188516,2227804,5881.401,1565.574,0,275.925,0,19.995,986,1319,0.480,1.010,0.960,0,0,0,0,0,18,287,0,14,0
16-06 06:37:48,1.250,0.750,97.514,0,0,5327376,256348,188516,2227808,4726.687,1566.228,0,28.004,0,4.001,875,1200,0.480,1.010,0.960,0,0,0,0,0,18,287,0,14,0
16-06 06:37:49,5.249,1.750,91.482,0.500,0.250,5326188,257520,188516,2227824,4545.098,1565.689,0,1079.786,0,183.963,1952,2640,0.440,1,0.950,2,0,2.999,0,0,18,287,0,14,0
16-06 06:37:50,7.998,1.750,87.727,0,0,5326172,257520,188516,2227840,4304.884,1565.594,0,83.978,0,11.997,2433,3111,0.440,1,0.950,2,0,1.000,0,0,18,288,0,16,0
16-06 06:37:51,4.502,1.501,93.033,0.500,0,5326200,257268,188516,2228064,4419.578,1578.564,64.023,128.046,4.001,12.004,1683,2154,0.440,1,0.950,0,0,3.001,0,0,18,287,0,16,0
16-06 06:37:52,1.500,0.500,96.510,0,0,5326200,257268,188516,2228064,4383.436,1566.156,0,84.008,0,13.001,1090,1559,0.440,1,0.950,0,0,0,0,0,18,287,0,16,0
16-06 06:37:53,8.785,5.271,84.086,0.251,0,5342324,241140,188516,2228068,4489.920,1518.059,0,510.036,0,41.164,2011,2031,0.440,1,0.950,1,0,37.148,0,0,18,287,0,16,0
16-06 06:37:54,17.935,2.740,77.968,0,0,5355852,227280,188516,2228408,12604.436,9474.750,23.914,95.654,2.989,12.953,3085,3806,0.410,0.980,0.940,0,0,1.993,0,0,18,292,0,16,0
16-06 06:37:55,7.520,10.026,80.962,0.251,0,5336912,246204,188516,2228424,7091.546,4013.496,0,256.671,0,23.060,4037,3796,0.410,0.980,0.940,1,0,229.600,0,0,18,291,0,17,0
16-06 06:37:56,7.749,19.998,70.493,0,0,5331012,252076,188516,2228452,17125.250,2669.727,0,99.990,0,4.999,5276,3887,0.410,0.980,0.940,1,0,266.973,0,0,18,291,0,19,0
16-06 06:37:57,21.429,4.984,72.510,0,0,5384432,198580,188516,2228528,4854.946,1130.263,59.802,932.915,2.990,18.937,1968,1638,0.410,0.980,0.940,1,0,1.993,0,0,18,291,0,19,0
16-06 06:37:58,21.515,4.253,72.801,0.250,0,5437060,145568,188544,2228884,5738.037,1859.308,136.096,96.068,9.006,6.004,2047,1585,0.410,0.980,0.940,1,0,2.001,0,0,18,289,0,19,2
16-06 06:37:59,21.747,3.749,69.740,2.500,0,5449384,137176,188576,2225632,5459.235,1661.767,2983.582,2515.648,306.957,317.955,3012,3134,0.460,0.980,0.950,1,0,0,0,0,18,289,0,19,2
16-06 06:38:00,22.995,4.999,70.235,0,0,5461096,133436,188544,2217744,10866.637,2942.360,0,371.919,0,20.995,2596,2205,0.460,0.980,0.950,1,0,2.999,0,0,18,289,0,19,2
16-06 06:38:01,24.845,5.772,67.509,0.502,0,5460916,133436,188544,2217924,5360.562,1626.238,0,1176.513,0,117.451,6578,9189,0.460,0.980,0.950,2,0,1.004,0,0,18,291,0,18,2
16-06 06:38:02,24.960,3.744,67.892,1.747,0,5467616,135400,188544,2209504,6306.940,1617.420,914.541,3586.279,59.904,291.535,4848,6312,0.460,0.980,0.950,4,0,0.998,0,0,18,296,0,19,2
16-06 06:38:03,11.225,1.996,84.062,0.499,0,5469056,133740,188544,2209724,6425.616,2565.257,63.857,642.562,3.991,80.819,2816,3983,0.460,0.980,0.950,0,0,0,0,0,18,296,0,20,2
16-06 06:38:04,20.732,7.993,68.940,0.999,0,5449768,262700,172156,2122060,7299.679,2968.429,191.834,1310.865,10.990,190.835,5363,14856,0.420,0.960,0.940,0,0,35.969,0,0,18,296,0,21,2
16-06 06:38:05,8.257,1.251,88.073,0.751,0.250,5449660,262736,172240,2122108,5757.774,2323.927,64.053,1088.903,4.003,123.102,2748,3961,0.420,0.960,0.940,0,0,0,0,0,18,296,0,11,2
16-06 06:38:06,6.752,1.500,90.276,0.250,0,5449796,262260,172248,2122440,11118.238,2662.775,0,128.037,0,13.004,2133,2722,0.420,0.960,0.940,1,0,0,0,0,18,297,0,12,2
16-06 06:38:07,26.709,3.744,66.397,0.998,0,5450468,261284,172380,2122612,4979.268,1347.907,99.845,3023.305,6.989,291.547,6130,8913,0.420,0.960,0.940,1,0,0.998,0,0,18,299,0,14,2
16-06 06:38:08,24.777,5.006,66.824,1.752,0,5451784,259520,172540,2122900,5007.518,1243.370,32.035,2811.098,2.002,281.310,7405,10793,0.420,0.960,0.940,2,0,0,0,0,18,299,0,15,2
16-06 06:38:09,16.499,5.999,72.993,2.000,0.250,5457280,253664,172720,2123080,5885.474,2510.776,15.999,6375.431,1.000,494.956,5759,8411,0.630,1,0.950,0,0,0,0,0,18,298,0,16,2
16-06 06:38:10,10.549,2.009,85.148,1.005,0,5457380,253380,172792,2123192,11644.416,3301.428,0,3247.174,0,280.310,3372,4526,0.630,1,0.950,0,0,0,0,0,18,298,0,16,2
16-06 06:38:11,8.970,2.492,85.716,0.997,0,5457740,252888,172828,2123288,4305.754,1680.440,0,1451.199,0,129.571,3644,5490,0.630,1,0.950,3,0,1.993,0,0,18,299,0,16,2
16-06 06:38:12,25.727,4.746,65.940,1.499,0,5457792,252384,173028,2123540,4830.638,1456.685,0,4308.110,0,394.644,7616,11435,0.630,1,0.950,2,1,0,0,0,18,299,0,17,2
16-06 06:38:13,21.488,4.248,69.960,1.249,0,5458256,251376,173176,2123936,4269.586,2493.590,0,3737.886,0,293.834,6591,9453,0.630,1,0.950,0,0,0,0,0,18,298,0,18,2
16-06 06:38:14,7.022,2.257,89.032,0.752,0,5458696,250872,173236,2123940,4371.870,878.788,0,1007.195,0,109.347,2339,3445,0.580,0.980,0.950,2,0,0,0,0,18,299,0,18,2
16-06 06:38:15,7.724,0.997,88.456,0.748,0,5458316,251052,173320,2124056,5230.628,2122.949,0,7072.510,0,879.080,2793,3734,0.580,0.980,0.950,0,0,0,0,0,18,298,0,19,2
16-06 06:38:16,13.739,3.997,78.686,2.248,0,5460380,248532,173564,2124268,6061.044,2505.951,0,5811.248,0,421.655,4304,6281,0.580,0.980,0.950,0,0,0,0,0,18,298,0,21,2
16-06 06:38:17,17.536,3.006,77.658,0.251,0,5461604,247020,173608,2124512,5317.838,1623.308,148.302,484.988,8.016,50.102,3526,4103,0.580,0.980,0.950,4,0,0,0,0,18,298,0,21,2
16-06 06:38:18,3.997,0.999,92.429,0.500,0,5461484,247020,173652,2124588,12148.605,3457.326,0,551.573,0,66.948,2067,3039,0.580,0.980,0.950,0,0,0,0,0,18,298,0,21,2
16-06 06:38:19,8.747,1.250,87.471,1.000,0,5461992,246264,173728,2124760,12245.953,3392.879,0,1327.561,0,153.949,3202,4521,0.690,1,0.950,0,0,0,0,0,18,300,0,21,2
16-06 06:38:20,10.499,1.750,85.244,0.750,0,5462092,246012,173836,2124804,12937.095,3459.758,0,1651.884,0,146.990,3020,4068,0.690,1,0.950,0,0,0,0,0,18,300,0,21,2
16-06 06:38:21,16.324,3.265,77.601,1.256,0,5462296,245760,174024,2124664,5671.637,1693.656,0,2037.208,0,223.008,5137,7749,0.690,1,0.950,1,0,1.005,0,0,18,301,0,21,2
16-06 06:38:22,24.406,5.230,66.744,0.996,0,5463176,244252,174152,2125180,5466.059,1613.817,0,3191.772,0,296.863,7716,11286,0.690,1,0.950,1,0,0,0,0,18,301,0,23,2
16-06 06:38:23,25.095,5.019,66.001,1.506,0,5463212,243748,174340,2125460,4966.866,1463.559,0,2874.920,0,295.121,7303,10534,0.690,1,0.950,1,1,0,0,0,18,301,0,23,2
16-06 06:38:24,25.139,4.978,66.208,1.493,0,5463356,243244,174632,2125528,4354.786,1129.019,0,6993.146,0,507.760,8217,12511,0.720,1,0.950,1,0,0,0,0,18,301,0,23,2
16-06 06:38:25,7.747,1.749,88.462,0.500,0,5464060,242236,174684,2125780,4422.098,1403.396,0,455.804,0,53.977,2687,3875,0.720,1,0.950,0,0,1.000,0,0,18,302,0,23,2
16-06 06:38:26,4.500,0.750,93.491,0,0,5464296,241984,174684,2125796,4619.573,1619.850,0,43.996,0,2.000,1439,1641,0.720,1,0.950,0,0,0,0,0,18,302,0,23,2
16-06 06:38:27,6.773,1.756,90.561,0.251,0,5464212,241984,174696,2125868,4791.465,1463.028,0,284.979,0,37.128,2329,3147,0.720,1,0.950,2,0,0,0,0,18,302,0,23,2
16-06 06:38:28,25.257,5.001,65.269,2.251,0,5464392,241480,175044,2125844,4801.414,1620.477,0,3853.134,0,479.141,8315,12894,0.720,1,0.950,1,0,0,0,0,18,302,0,23,2
16-06 06:38:29,24.165,5.232,67.264,0.747,0,5465600,239716,175160,2126284,4203.240,1452.898,0,2000.974,0,196.311,7796,11361,0.740,1,0.950,1,0,1.993,0,0,18,302,0,23,2
16-06 06:38:30,12.247,2.999,81.732,1.000,0,5484500,220312,175268,2126680,4858.945,1759.618,223.951,2343.491,13.997,213.954,4115,5985,0.740,1,0.950,0,0,0,0,0,18,301,0,23,2
16-06 06:38:31,15.508,3.252,79.039,1.251,0,5484820,219792,175356,2126792,5690.829,2424.205,0,12090.009,0,943.469,4103,5264,0.740,1,0.950,2,0,1.000,0,0,18,301,0,27,2
16-06 06:38:32,5.523,1.506,90.382,1.255,0,5485488,219036,175516,2126720,5620.745,1626.873,64.272,5169.840,4.017,328.387,2308,3688,0.740,1,0.950,2,0,0,0,0,18,302,0,28,2
16-06 06:38:33,6.470,1.493,88.844,0.995,0,5487160,217020,175636,2126944,5929.910,2720.571,0,1672.360,0,167.236,2594,3732,0.740,1,0.950,0,0,0,0,0,18,301,0,28,2
16-06 06:38:34,10.300,2.512,85.668,0.502,0,5486164,217808,175680,2127124,5185.304,1698.288,0,799.904,0,95.466,2911,3941,0.760,1,0.950,1,0,0,0,0,18,302,0,29,2
16-06 06:38:35,26.379,3.733,66.197,0.995,0,5495704,208004,175784,2127284,17226.279,5421.226,0,1795.794,0,214.022,5079,6521,0.760,1,0.950,0,0,0,0,0,18,301,0,36,2
16-06 06:38:36,8.283,1.757,88.604,0.502,0,5496832,206744,175816,2127384,7447.738,2103.399,0,473.892,0,46.184,2135,2736,0.760,1,0.950,3,1,0,0,0,18,301,0,38,2
16-06 06:38:37,3.221,0.743,93.411,0.248,0,5496428,207012,175884,2127452,5190.370,1605.576,0,1090.206,0,98.119,1695,2694,0.760,1,0.950,0,0,0,0,0,18,301,0,39,2
16-06 06:38:38,13.611,2.269,82.927,0.756,0,5497236,206032,175992,2127516,12018.170,3488.496,0,1342.970,0,157.285,3580,4683,0.760,1,0.950,0,0,0,0,0,18,301,0,42,2
16-06 06:38:39,10.718,2.493,84.000,1.496,0,5498080,204772,176132,2127792,4965.200,1657.061,15.952,1690.960,0.997,183.453,3716,5358,0.700,0.980,0.950,0,0,0,0,0,18,301,0,42,2
16-06 06:38:40,13.502,2.250,81.511,1.250,0,5499124,203512,176368,2127772,5052.685,2520.342,0,1828.248,0,221.030,3783,5396,0.700,0.980,0.950,1,0,0,0,0,18,302,0,45,2
16-06 06:38:41,3.749,2.749,89.717,1.499,0,5501824,200508,176556,2127888,6637.576,1577.424,0,6289.703,0,437.840,2577,4074,0.700,0.980,0.950,0,0,6.997,0,0,18,301,0,45,2
16-06 06:38:42,16.241,2.998,78.206,0.999,0,5503540,198492,176692,2128052,8238.348,2531.570,0,1543.129,0,170.903,3884,5428,0.700,0.980,0.950,0,0,0,0,0,18,301,0,50,2
16-06 06:38:43,6.004,1.001,90.553,0.250,0,5503432,198492,176728,2128124,4414.574,1512.882,0,344.201,0,42.025,1843,2447,0.700,0.980,0.950,0,0,0,0,0,18,301,0,51,2
16-06 06:38:44,6.746,0.999,90.700,0.250,0,5503932,197988,176760,2128096,4963.274,1565.140,0,1811.005,0,50.972,1911,2456,0.720,0.980,0.950,0,0,0,0,0,18,301,0,52,2
16-06 06:38:45,5.754,1.501,90.805,0.500,0,5503832,197988,176772,2128184,4248.595,1566.957,0,672.411,0,67.041,2164,2954,0.720,0.980,0.950,0,0,0,0,0,18,301,0,53,2
16-06 06:38:46,3.265,1.004,94.673,0,0,5503832,197988,176788,2128168,4913.959,1560.976,0,413.849,0,31.139,1436,1890,0.720,0.980,0.950,2,0,0,0,0,18,302,0,53,2
16-06 06:38:47,2.489,0.498,94.594,0.498,0,5504016,197736,176812,2128212,4915.909,1613.079,0,625.317,0,51.778,1432,2076,0.720,0.980,0.950,1,0,0,0,0,18,301,0,53,2
16-06 06:38:48,11.999,1.750,84.496,1.000,0,5498344,203164,176876,2128392,5487.715,2261.882,0,1311.932,0,174.991,3227,4532,0.720,0.980,0.950,0,0,0,0,0,18,301,0,55,2
16-06 06:38:49,13.485,2.497,80.662,0.999,0,5499220,202184,177036,2128336,6261.176,2435.346,0,1766.075,0,238.740,3930,5718,0.750,0.980,0.950,0,0,0,0,0,18,301,0,57,2
16-06 06:38:50,13.274,2.504,82.898,0.250,0.250,5503804,197428,177088,2128456,4131.353,1460.600,32.057,757.348,1.002,71.127,2982,3989,0.750,0.980,0.950,2,0,3.005,0,0,18,300,0,62,2
16-06 06:38:51,8.988,1.997,85.888,1.498,0,5503956,196952,177216,2128652,12824.210,3983.784,0,6275.783,0,794.959,3499,4733,0.750,0.980,0.950,0,0,3.995,0,0,18,301,0,64,2
16-06 06:38:52,11.758,2.502,83.058,0.751,0,5504128,196448,177272,2128928,4880.412,1621.133,0,1589.111,0,161.113,3666,5133,0.750,0.980,0.950,0,0,1.001,0,0,18,301,0,64,2
16-06 06:38:53,13.750,2.750,80.749,1.500,0,5503096,197272,177344,2129064,6079.944,2585.976,16.000,1859.983,1.000,210.998,3797,5416,0.750,0.980,0.950,1,1,0,0,0,18,301,0,67,2
16-06 06:38:54,8.264,1.753,87.145,1.502,0,5503560,196796,177472,2128948,6642.036,2493.142,0,7147.876,0,494.822,3299,5326,0.680,0.970,0.940,1,1,0,0,0,18,301,0,68,2
16-06 06:38:55,2.744,1.247,93.792,0.249,0,5503380,196796,177488,2129112,5226.421,1454.777,0,686.479,0,63.859,1795,2627,0.680,0.970,0.940,1,0,0,0,0,18,302,0,68,2
16-06 06:38:56,7.503,1.501,89.281,1.000,0,5502520,197424,177524,2129308,6497.288,2083.734,0,1092.385,0,118.042,2449,3671,0.680,0.970,0.940,0,0,0,0,0,18,301,0,69,2
16-06 06:38:57,12.253,1.500,83.771,0.500,0,5503588,196192,177612,2129384,12360.059,3460.857,0,1228.304,0,152.038,3406,4610,0.680,0.970,0.940,0,0,0,0,0,18,301,0,71,2
16-06 06:38:58,13.003,2.501,82.268,0.750,0,5503756,195944,177696,2129380,5465.189,1714.373,4.001,1492.325,1.000,151.033,4230,6302,0.680,0.970,0.940,5,0,0,0,0,18,302,0,68,2
16-06 06:38:59,25.747,6.499,62.743,2.500,0,5503972,194972,177980,2129852,4725.496,1565.833,31.997,6411.316,1.000,610.935,8949,14239,0.870,1,0.950,1,0,0,0,0,18,302,0,70,2
16-06 06:39:00,25.050,5.261,66.133,2.004,0.251,5505672,192956,178124,2130024,6164.407,1515.049,64.129,7130.351,2.004,494.996,8275,12391,0.870,1,0.950,1,1,0,0,0,18,302,0,71,2
16-06 06:39:01,3.991,1.247,92.294,0.499,0,5505436,192956,178160,2130232,6046.525,1616.398,0,858.088,0,74.833,2059,3094,0.870,1,0.950,0,0,0.998,0,0,18,301,0,72,2
16-06 06:39:02,15.698,3.239,78.242,0.997,0,5505584,192452,178328,2130420,7530.150,2421.011,31.895,2300.409,0.997,224.260,4089,5807,0.870,1,0.950,0,0,0,0,0,18,301,0,72,2
16-06 06:39:03,9.028,1.505,86.773,1.003,0,5505712,192200,178420,2130452,6128.297,2356.420,0,1187.740,0,141.445,2792,3853,0.870,1,0.950,1,0,0,0,0,18,301,0,73,2
16-06 06:39:04,10.037,3.262,85.565,0.251,0,5535796,161988,178444,2132620,5498.245,1463.388,12.044,959.533,2.007,78.288,2654,4197,0.800,0.980,0.950,2,0,34.126,0,0,18,301,0,74,2
16-06 06:39:05,16.178,3.236,77.654,0.996,0,5514252,183156,178552,2130824,6352.705,2469.003,0,1704.409,0,174.224,4081,12260,0.800,0.980,0.950,0,0,1.991,0,0,18,301,0,81,2
16-06 06:39:06,16.509,3.752,75.042,1.751,0,5513980,183156,178720,2130928,11884.716,2968.677,0,3033.714,0,353.200,5916,8984,0.800,0.980,0.950,3,0,0,0,0,18,302,0,82,2
16-06 06:39:07,26.680,5.984,60.841,3.740,0,5509324,187140,179024,2131296,5241.266,1454.190,3.990,14274.596,0.997,1429.255,9339,14204,0.800,0.980,0.950,1,0,0.997,0,0,18,302,0,79,2
16-06 06:39:08,23.566,4.763,69.193,1.003,0,5509656,186636,179100,2131392,5132.281,1462.068,0,1805.023,0,159.444,7273,10402,0.800,0.980,0.950,0,1,0,0,0,18,302,0,82,2
16-06 06:39:09,23.563,5.264,65.925,2.005,0,5509660,186132,179268,2131724,5011.313,1461.883,0,3389.003,0,378.004,7703,11096,0.820,0.990,0.950,1,0,0,0,0,18,302,0,84,2
16-06 06:39:10,24.686,4.738,65.830,1.995,0,5509592,185880,179424,2131888,5044.957,1454.240,0,3183.769,0,381.015,7292,10864,0.820,0.990,0.950,1,0,0,0,0,18,302,0,84,2
16-06 06:39:11,24.282,4.506,68.089,1.502,0,5510380,184620,179516,2132268,4996.561,1622.130,0,2106.766,0,190.250,7238,10130,0.820,0.990,0.950,4,0,1.001,0,0,18,302,0,82,2
16-06 06:39:12,24.227,5.245,65.686,2.747,0,5510752,183864,179836,2132332,4752.393,1618.431,0,9882.419,0,758.265,8396,13222,0.820,0.990,0.950,3,1,0,0,0,18,302,0,85,2
16-06 06:39:13,25.071,4.513,66.941,1.254,0.251,5511316,182856,179932,2132680,4392.515,1624.629,0,2539.235,0,278.794,7707,11388,0.820,0.990,0.950,1,0,0,0,0,18,302,0,85,2
16-06 06:39:14,16.444,3.488,75.991,1.495,0,5512028,181848,179984,2132924,4723.881,1614.491,0,1961.308,0,198.323,5521,8072,0.830,0.990,0.950,0,0,0,0,0,18,301,0,86,2
16-06 06:39:15,6.996,1.749,90.452,0.500,0,5511984,181848,180020,2132932,4617.568,1619.147,0,1295.318,0,115.939,2492,3710,0.830,0.990,0.950,0,0,0,0,0,18,301,0,83,2
16-06 06:39:16,6.994,2.248,87.931,0.749,0,5511828,181848,180060,2133048,4754.256,1456.853,0,1147.097,0,127.899,2237,3245,0.830,0.990,0.950,2,0,0,0,0,18,298,0,85,2
16-06 06:39:17,8.525,1.755,88.006,0.501,0,5512492,181092,180092,2133108,4712.699,1123.265,0,1315.825,0,115.335,2401,3483,0.830,0.990,0.950,0,0,0,0,0,18,301,0,87,2
16-06 06:39:18,17.716,1.996,77.102,1.248,0,5512780,180588,180176,2133240,11813.288,3129.982,0,1728.676,0,183.647,4020,5365,0.830,0.990,0.950,0,0,0,0,0,18,301,0,91,2
16-06 06:39:19,7.745,1.749,88.441,0.749,0,5513164,180084,180192,2133344,10877.683,2971.001,0,1311.118,0,125.915,2750,3761,0.770,0.970,0.940,0,0,0,0,0,18,301,0,90,2
16-06 06:39:20,8.036,1.256,89.147,0.502,0,5513044,180084,180200,2133456,4779.258,1530.809,0,711.163,0,62.277,2365,2980,0.770,0.970,0.940,2,0,0,0,0,18,302,0,90,2
16-06 06:39:21,5.960,1.490,88.660,1.490,0,5512968,180084,180284,2133448,5251.083,1674.863,0,5165.651,0,362.589,3167,4822,0.770,0.970,0.940,0,0,0.993,0,0,18,301,0,90,2
16-06 06:39:22,14.795,2.508,80.744,1.003,0,5513356,179340,180332,2133740,6374.301,2423.338,0,2194.645,0,222.674,3827,5706,0.770,0.970,0.940,0,0,0,0,0,18,301,0,93,2
16-06 06:39:23,14.248,2.750,80.990,1.000,0,5514084,178584,180348,2133752,4469.449,2350.710,0,1223.849,0,133.983,3344,4600,0.770,0.970,0.940,0,0,0,0,0,18,301,0,96,2
16-06 06:39:24,6.262,1.002,91.179,0.250,0,5513992,178584,180364,2133828,6079.947,1689.320,0,853.678,0,91.179,2011,2703,0.700,0.950,0.940,1,0,0,0,0,18,302,0,98,2
16-06 06:39:25,4.240,0.998,92.791,0.499,0,5514320,178080,180384,2133984,4487.887,1454.722,0,798.201,0,79.820,1985,2882,0.700,0.950,0.940,0,0,0,0,0,18,301,0,98,2
16-06 06:39:26,8.501,1.750,88.011,0.500,0,5514276,178080,180396,2134016,4518.568,1458.183,0,604.076,0,57.007,2201,2736,0.700,0.950,0.940,0,0,0,0,0,18,301,0,100,2
16-06 06:39:27,16.306,2.007,79.773,1.003,0,5514908,177352,180432,2134076,7151.464,2554.739,0,7939.158,0,1046.580,4180,4744,0.700,0.950,0.940,1,0,0,0,0,18,301,0,106,2
16-06 06:39:28,7.497,1.250,88.467,1.000,0,5514772,177352,180480,2134164,10521.132,2995.899,0,1339.508,0,140.948,3097,4411,0.700,0.950,0.940,2,0,0,0,0,18,302,0,107,2
16-06 06:39:29,25.037,5.759,64.346,2.253,0,5514864,176848,180640,2134416,4626.902,1622.420,0,5524.240,0,563.841,8720,13395,0.730,0.950,0.940,2,0,2.003,0,0,18,302,0,107,2
16-06 06:39:30,24.739,5.248,66.469,1.749,0,5515732,175588,180816,2134632,4437.941,1619.249,0,7388.572,0,457.788,8015,11910,0.730,0.950,0.940,4,0,0,0,0,18,302,0,108,2
16-06 06:39:31,12.671,2.485,81.741,1.242,0,5516668,174328,180924,2134848,4261.442,1448.970,0,3617.455,0,262.365,4423,6896,0.730,0.950,0.940,0,0,0.994,0,0,18,301,0,109,2
16-06 06:39:32,14.290,2.256,81.225,0.752,0,5516660,174076,181000,2135032,6174.100,2590.174,0,2101.821,0,188.522,3630,5060,0.730,0.950,0.940,0,0,0,0,0,18,301,0,112,2
16-06 06:39:33,5.751,1.250,91.773,0.250,0,5516624,174076,181040,2135028,4441.118,1620.408,0,532.134,0,53.013,1967,2730,0.730,0.950,0.940,0,0,0,0,0,18,302,0,113,2
16-06 06:39:34,14.473,2.246,80.602,0.998,0,5517208,173320,181108,2135132,9875.836,3825.963,0,1233.731,0,123.772,3441,4439,0.670,0.940,0.930,1,0,0,0,0,18,301,0,116,2
16-06 06:39:35,4.505,1.001,92.352,0.250,0,5517196,173320,181116,2135136,6716.389,2224.447,0,568.626,0,41.045,1659,2167,0.670,0.940,0.930,2,0,0,0,0,18,302,0,105,2
16-06 06:39:36,3.751,1.250,93.765,0.250,0,5517136,173320,181136,2135176,11517.837,2068.330,0,808.129,0,74.012,1704,2343,0.670,0.940,0.930,0,0,0,0,0,18,301,0,105,2
16-06 06:39:37,15.251,3.000,79.255,1.000,0,5517588,172816,181204,2135160,11085.755,2488.169,0,1696.115,0,193.013,3823,5222,0.670,0.940,0.930,1,0,0,0,0,18,301,0,109,2
16-06 06:39:38,10.223,1.496,86.272,0.249,0,5519308,170800,181240,2135420,9454.998,3173.608,0,622.354,0,46.876,2421,3010,0.670,0.940,0.930,0,0,0,0,0,18,301,0,111,2
16-06 06:39:39,5.513,1.754,90.714,1.002,0,5519236,170800,181300,2135432,5653.321,1665.925,0,4831.384,0,315.744,2518,3895,0.620,0.920,0.930,0,0,0,0,0,18,301,0,107,2
16-06 06:39:40,9.284,2.509,86.068,1.255,0,5519672,170296,181364,2135436,10964.553,2261.364,0,1541.702,0,191.709,3497,5280,0.620,0.920,0.930,1,0,0,0,0,18,302,0,108,2
16-06 06:39:41,25.022,6.256,64.057,2.252,0,5520824,168552,181532,2135844,5032.485,648.578,16.014,4812.289,1.001,505.450,8283,13092,0.620,0.920,0.930,1,0,7.006,0,0,18,302,0,108,2
16-06 06:39:42,24.146,4.481,67.709,0.996,0,5521116,168048,181628,2135960,5411.729,1451.757,0,2377.775,0,263.865,7723,11539,0.620,0.920,0.930,2,0,0,0,0,18,302,0,108,2
16-06 06:39:43,12.491,2.498,81.693,0.999,0,5525084,163792,181676,2136200,5576.102,1618.868,0,2022.586,0,191.866,4367,6426,0.620,0.920,0.930,0,0,0,0,0,18,301,0,99,2
16-06 06:39:44,13.020,2.754,81.624,1.252,0,5529040,159760,181744,2136208,10258.599,2839.318,0,4843.365,0,357.544,4213,5887,0.570,0.910,0.920,0,0,0,0,0,18,301,0,100,2
16-06 06:39:45,8.757,2.002,87.318,0.500,0,5529028,159508,181772,2136444,4383.427,1621.268,0,836.654,0,84.066,3028,4168,0.570,0.910,0.920,1,1,0,0,0,18,302,0,101,2
16-06 06:39:46,24.824,5.516,65.195,2.257,0,5528772,159508,181868,2136604,4754.205,1624.855,0,5323.907,0,525.570,7944,12395,0.570,0.910,0.920,1,0,0,0,0,18,302,0,102,2
16-06 06:39:47,24.899,4.482,67.227,1.245,0,5528704,158752,181920,2137376,4857.257,1655.272,0,2246.867,0,219.109,7758,11262,0.570,0.910,0.920,2,0,0,0,0,18,302,0,103,2
16-06 06:39:48,18.246,3.999,75.234,1.500,0,5527752,159528,182004,2137468,6138.662,2675.417,0,8886.063,0,1125.755,5850,8213,0.570,0.910,0.920,0,0,0,0,0,18,301,0,102,2
16-06 06:39:49,12.993,1.999,81.204,0.999,0,5528528,158520,182092,2137612,4587.386,2376.646,0,2458.599,0,254.855,3885,5734,0.520,0.890,0.920,0,0,0,0,0,18,301,0,103,2
16-06 06:39:50,8.289,2.512,87.910,0.754,0,5535628,151244,182128,2137752,5734.758,1693.904,0,1330.207,0,113.530,2653,3772,0.520,0.890,0.920,1,0,3.014,0,0,18,302,0,103,2
16-06 06:39:51,14.181,3.732,77.373,2.239,0,5537704,148976,182244,2137828,5871.354,2593.347,0,7192.907,0,524.441,4676,7116,0.520,0.890,0.920,0,0,2.985,0,0,18,301,0,104,2
16-06 06:39:52,13.998,3.500,79.490,1.500,0,5538164,148220,182308,2138060,4524.459,1631.805,0,1911.771,0,229.973,4114,5927,0.520,0.890,0.920,0,0,1.000,0,0,18,301,0,95,2
16-06 06:39:53,13.800,2.509,83.052,0.251,0,5538396,147968,182320,2138068,3101.277,812.956,0,995.620,0,66.241,2980,3536,0.520,0.890,0.920,2,0,0,0,0,18,302,0,95,2
16-06 06:39:54,4.986,1.246,90.738,0.748,0,5538232,147968,182364,2138188,11344.242,3450.038,0,1152.672,0,124.640,2420,3598,0.480,0.880,0.910,0,0,0,0,0,18,301,0,95,2
16-06 06:39:55,9.994,2.499,85.452,0.999,0,5538508,147464,182396,2138384,11793.322,3458.042,0,1491.156,0,152.913,3340,4674,0.480,0.880,0.910,0,0,0,0,0,18,301,0,96,2
16-06 06:39:56,9.001,2.000,85.759,0.500,0,5538448,147464,182416,2138424,11759.219,3298.342,0,1300.135,0,132.014,3157,4407,0.480,0.880,0.910,0,0,0,0,0,18,301,0,90,2
16-06 06:39:57,9.035,1.506,87.341,0.753,0,5538344,147464,182452,2138492,12405.472,3407.313,0,1317.147,0,141.553,2932,4091,0.480,0.880,0.910,4,0,0,0,0,18,301,0,90,2
16-06 06:39:58,9.225,2.493,85.518,0.997,0,5538524,147240,182464,2138524,5407.337,1613.624,0,5369.440,0,713.066,3744,5319,0.480,0.880,0.910,1,0,0,0,0,18,302,0,90,2
16-06 06:39:59,26.247,6.249,62.243,3.000,0,5539060,146260,182568,2138864,5399.391,1619.817,0,9178.965,0,796.910,8987,14262,0.520,0.880,0.910,1,0,0,0,0,18,302,0,90,2
16-06 06:40:00,25.599,4.517,67.259,1.757,0,5540744,144244,182628,2139136,12210.009,2845.957,0,3031.672,0,255.986,7455,10804,0.520,0.880,0.910,1,0,0,0,0,18,302,0,88,2
16-06 06:40:01,25.264,4.753,66.536,1.251,0,5540604,143996,182728,2139424,5643.064,1620.880,96.052,4254.310,5.003,304.165,7490,10213,0.520,0.880,0.910,2,0,1.001,0,0,18,302,0,92,2
16-06 06:40:02,23.895,5.227,65.961,2.489,0,5540584,143492,182828,2139848,6725.549,1451.643,0,3110.380,0,381.330,8243,12227,0.520,0.880,0.910,7,0,0,0,0,18,302,0,93,2
16-06 06:40:03,24.259,4.752,67.025,1.250,0,5541732,141980,182900,2140140,5041.916,1620.616,0,2961.125,0,269.102,7307,10732,0.520,0.880,0.910,1,0,0,0,0,18,302,0,93,2
16-06 06:40:04,21.575,5.519,68.489,2.509,0,5542792,140720,183060,2140180,5980.837,2575.974,0,8710.346,0,640.231,7307,11088,0.560,0.880,0.910,0,0,0,0,0,18,301,0,89,2
16-06 06:40:05,12.702,6.973,77.455,0.747,0,5554344,185484,181492,2085784,6366.750,2494.499,99.621,1267.173,12.951,160.389,4570,9707,0.560,0.880,0.910,0,0,37.856,0,0,18,301,0,90,2
16-06 06:40:06,3.505,1.002,94.647,0.250,0,5552428,187396,181500,2085780,5288.208,1622.518,0,484.752,0,35.054,1462,1942,0.560,0.880,0.910,1,0,0,0,0,18,302,1,90,2
16-06 06:40:07,7.215,1.493,87.822,0.746,0,5552224,187460,181544,2085876,6490.340,2490.850,0,1377.282,0,166.189,3030,4450,0.560,0.880,0.910,0,0,0,0,0,18,301,0,90,2
16-06 06:40:08,7.270,1.755,89.246,0.501,0,5552368,187236,181584,2085916,5748.843,1926.309,0,1086.996,0,108.298,2636,3778,0.560,0.880,0.910,1,0,0,0,0,18,301,0,77,2
16-06 06:40:09,8.482,1.497,87.064,1.247,0,5552300,187236,181604,2085964,5958.286,2498.668,0,1468.866,0,178.619,3135,4520,0.510,0.870,0.910,0,0,0,0,0,18,301,0,78,2
16-06 06:40:10,7.255,1.251,88.812,0.751,0.250,5552732,186732,181648,2085992,6205.353,2150.508,0,1148.806,0,102.072,2689,3761,0.510,0.870,0.910,0,0,0,0,0,18,301,0,78,2
16-06 06:40:11,9.014,2.003,87.136,0.501,0,5552868,186256,181696,2086284,4159.493,1047.635,0,1326.070,0,144.225,2857,4136,0.510,0.870,0.910,1,0,2.003,0,0,18,301,0,78,2
16-06 06:40:12,2.497,0.749,95.126,0.499,0,5552828,186256,181712,2086308,4666.915,1294.312,0,719.062,0,56.926,1419,2090,0.510,0.870,0.910,2,0,0,0,0,18,302,0,71,2
16-06 06:40:13,5.503,1.751,90.797,0.750,0,5552628,186256,181740,2086480,5597.912,2084.084,0,1368.712,0,158.082,2291,3367,0.510,0.870,0.910,0,0,1.001,0,0,18,301,0,71,2
16-06 06:40:14,9.001,2.000,86.761,0.750,0,5552512,186256,181784,2086552,5809.745,2341.300,0,1336.171,0,156.020,2960,4119,0.550,0.870,0.910,0,0,0,0,0,18,301,0,72,2
16-06 06:40:15,8.006,2.002,85.318,1.751,0,5552480,186004,181872,2086748,5779.638,2084.673,0,7193.773,0,501.402,3680,5630,0.550,0.870,0.910,0,0,0,0,0,18,301,0,72,2
16-06 06:40:16,11.997,2.249,82.980,1.250,0.250,5552728,185752,181920,2086704,5791.603,1920.537,3.999,1287.689,1.000,146.965,3606,4967,0.550,0.870,0.910,0,0,0,0,0,18,301,0,71,2
16-06 06:40:17,6.004,1.251,90.555,0.250,0,5552420,185752,181936,2087008,5246.205,2018.233,104.064,704.430,5.003,62.038,2049,2600,0.550,0.870,0.910,1,0,1.001,0,0,18,301,0,71,2
16-06 06:40:18,4.505,1.752,91.604,0.751,0,5541376,196756,181948,2087036,11260.775,2579.927,0,7552.568,0,1042.182,2542,3022,0.550,0.870,0.910,1,0,0,0,0,18,302,0,71,2
16-06 06:40:19,26.019,5.504,63.046,2.252,0,5540724,196996,182056,2087340,3946.892,864.634,0,3410.499,0,420.308,8348,12787,0.990,0.950,0.940,1,0,1.001,0,0,18,302,0,72,2
16-06 06:40:20,24.929,4.986,66.562,1.246,0,5540888,196520,182140,2087568,5011.822,1561.583,0,2449.072,0,254.281,7412,10595,0.990,0.950,0.940,1,0,0,0,0,18,302,0,65,2
16-06 06:40:21,20.755,4.751,71.019,1.750,0,5541668,195512,182228,2087708,4833.281,1512.401,16.004,2880.763,1.000,277.073,6157,8855,0.990,0.950,0.940,0,0,1.000,0,0,18,301,0,67,2
16-06 06:40:22,8.280,1.506,89.328,0.251,0,5541628,195512,182256,2087720,5075.614,1625.963,0,1433.256,0,124.456,2590,3514,0.990,0.950,0.940,1,0,0,0,0,18,302,0,67,2
16-06 06:40:23,9.964,5.231,80.712,2.242,0,5538136,191420,182320,2095240,4410.287,1560.440,7.972,10498.595,1.993,973.531,4366,6786,0.990,0.950,0.940,0,0,1.993,0,0,18,301,0,69,2
16-06 06:40:24,19.290,3.758,72.902,2.004,0,5538068,191168,182376,2095504,4629.651,1623.384,0,3623.554,0,348.727,6506,9787,0.910,0.940,0.930,1,0,0,0,0,18,302,0,62,2
16-06 06:40:25,25.706,5.491,64.390,2.246,0,5537956,190916,182432,2095812,4897.643,1683.128,0,3973.220,0,446.239,8484,13266,0.910,0.940,0.930,1,0,0,0,0,18,302,0,65,2
16-06 06:40:26,24.560,4.260,68.416,0.752,0,5539928,188648,182452,2096088,4917.943,1569.812,0,3119.576,0,187.455,7425,11180,0.910,0.940,0.930,2,0,0,0,0,18,303,0,69,2
16-06 06:40:27,25.191,4.240,65.847,1.746,0,5540008,188172,182540,2096396,5137.038,1508.487,0,8603.965,0,662.457,6878,10804,0.910,0.940,0.930,4,0,0,0,0,18,302,0,71,2
16-06 06:40:28,24.706,4.492,66.882,1.747,0.250,5540504,187416,182572,2096624,5390.471,1756.894,31.944,2615.377,0.998,267.527,7460,11129,0.910,0.940,0.930,3,0,0,0,0,18,301,0,63,3
16-06 06:40:29,13.763,3.003,80.824,0.500,0,5540852,186912,182588,2096764,4896.510,1555.433,0,1125.036,0,106.098,4436,6068,0.920,0.940,0.930,0,0,2.002,0,0,18,302,0,63,2
16-06 06:40:30,14.056,3.263,79.568,0.753,0,5541056,186660,182608,2096792,4805.218,1572.288,0,1658.634,0,195.783,4896,7105,0.920,0.940,0.930,2,0,0,0,0,18,302,0,64,2
16-06 06:40:31,25.264,5.003,66.038,2.001,0,5541156,186156,182688,2097116,4774.732,1512.866,0,3189.825,0,381.218,7896,12001,0.920,0.940,0.930,1,0,1.001,0,0,18,302,0,65,2
16-06 06:40:32,23.728,4.496,68.436,1.249,0,5542896,184140,182740,2097340,5158.154,1564.530,0,2285.853,0,246.768,7514,10994,0.920,0.940,0.930,1,0,0,0,0,18,301,0,67,2
16-06 06:40:33,24.771,4.754,66.055,2.002,0,5542748,183636,182964,2097768,4721.911,1579.308,0,8907.377,0,706.585,8902,13858,0.920,0.940,0.930,1,0,0,0,0,18,302,0,62,2
16-06 06:40:34,24.604,5.219,65.860,1.740,0,5542996,183132,183188,2097800,4698.155,1556.773,0,12148.001,0,392.673,8116,12449,0.920,0.940,0.930,1,0,0,0,0,18,302,0,65,2
16-06 06:40:35,25.312,5.012,67.165,0.752,0,5543236,182376,183276,2098228,10194.048,2787.850,0,1992.897,0,189.466,7195,10318,0.920,0.940,0.930,1,0,0,0,0,18,302,0,66,2
16-06 06:40:36,24.743,4.249,67.231,1.749,0,5544136,181116,183392,2098472,4432.728,1133.675,0,2823.190,0,308.911,6655,9510,0.920,0.940,0.930,1,0,0,0,0,18,301,0,68,2
16-06 06:40:37,6.021,1.505,91.062,0.502,0,5544024,181116,183432,2098544,6344.757,2526.664,0,1870.414,0,97.334,2209,3005,0.920,0.940,0.930,1,0,0,0,0,18,302,0,60,2
16-06 06:40:38,6.687,0.991,89.158,0.743,0,5544296,180612,183508,2098700,12042.310,3415.752,0,1616.737,0,153.550,2683,3905,0.920,0.940,0.930,0,0,0,0,0,18,301,0,60,2
16-06 06:40:39,14.581,3.519,77.428,1.760,0,5544604,180108,183640,2098764,6355.156,2585.301,0,6226.444,0,480.659,4881,7217,0.930,0.940,0.930,0,0,0,0,0,18,301,0,62,2
16-06 06:40:40,10.750,2.750,83.996,1.250,0,5545000,179604,183740,2098772,4845.789,1565.932,15.999,2031.912,1.000,208.991,3815,5525,0.930,0.940,0.930,0,0,0,0,0,18,302,0,63,2
16-06 06:40:41,12.242,2.998,81.694,1.249,0,5546336,177848,183828,2099112,13300.837,3457.618,15.989,1946.659,0.999,224.845,3941,5665,0.930,0.940,0.930,0,0,6.995,0,0,18,301,0,57,2
16-06 06:40:42,10.523,2.004,84.687,0.752,0,5546548,177596,183852,2099128,6090.443,1623.584,0,1443.186,0,181.400,3777,5434,0.930,0.940,0.930,2,0,0,0,0,18,302,0,57,2
16-06 06:40:43,25.258,5.502,65.520,2.001,0,5546520,177344,183900,2099360,5881.825,1620.503,0,3717.154,0,425.132,8198,12496,0.930,0.940,0.930,3,0,0,0,0,18,302,0,59,2
16-06 06:40:44,25.284,4.756,65.838,2.003,0,5546300,177344,183940,2099540,4972.676,1568.105,0,4646.238,0,510.686,8264,12476,0.940,0.940,0.930,2,0,0,0,0,18,302,0,60,2
16-06 06:40:45,23.988,6.247,66.468,1.999,0,5546868,176336,184004,2099916,5037.547,1661.191,0,6776.700,0,499.757,7918,11674,0.940,0.940,0.930,1,0,0,0,0,18,302,0,59,2
16-06 06:40:46,7.724,1.495,88.206,0.498,0,5547048,176084,184028,2099964,5497.657,2243.514,0,2647.168,0,201.328,2744,4073,0.940,0.940,0.930,0,0,0,0,0,18,301,0,61,2
16-06 06:40:47,18.496,3.249,74.984,1.500,0,5549224,173564,184076,2100260,11249.538,3069.328,59.987,1827.600,3.999,203.955,5225,7189,0.940,0.940,0.930,6,0,0,0,0,18,301,0,61,2
16-06 06:40:48,8.517,1.253,86.928,1.002,0,5549444,173340,184112,2100228,4106.394,1527.122,0,1519.105,0,174.356,3587,5507,0.940,0.940,0.930,1,0,0,0,0,18,302,0,62,2
16-06 06:40:49,26.966,4.744,63.421,2.247,0,5548992,173116,184196,2100820,4374.530,1617.977,0,4394.505,0,529.338,8800,13886,0.940,0.940,0.930,3,0,0,0,0,18,302,0,59,2
16-06 06:40:50,24.985,4.247,68.210,0.999,0,5550168,171700,184228,2101028,4043.606,1523.098,0,2070.774,0,179.893,7579,11068,0.940,0.940,0.930,0,0,0,0,0,18,302,0,60,2
16-06 06:40:51,15.501,4.750,75.007,2.000,0,5554236,167236,184252,2101400,5900.555,2622.247,8.001,6892.648,1.000,523.049,5274,8161,0.940,0.940,0.930,0,0,4.000,0,0,18,301,0,62,2
16-06 06:40:52,13.492,2.748,81.951,0.750,0,5554756,166480,184256,2101632,14988.098,4488.334,0,1599.050,0,131.922,3401,4292,0.940,0.940,0.930,1,0,1.999,0,0,18,301,0,64,2
16-06 06:40:53,13.519,2.253,81.863,0.751,0,5555152,166004,184280,2101688,11518.917,3910.403,0,1021.411,0,122.169,3654,4757,0.940,0.940,0.930,0,0,1.001,0,0,18,301,0,60,2
16-06 06:40:54,8.520,1.503,88.202,0.501,0,5555052,166004,184288,2101780,19961.716,5103.688,0,1038.378,0,90.207,2580,3349,0.950,0.950,0.930,1,0,0,0,0,18,302,0,60,2
16-06 06:40:55,9.226,2.244,86.522,0.499,0,5555352,165500,184316,2101956,11825.889,3450.922,0,6076.016,0,261.313,3144,4271,0.950,0.950,0.930,0,0,0,0,0,18,301,0,61,2
16-06 06:40:56,20.334,3.766,72.298,1.757,0,5555144,165500,184368,2102112,5273.736,1518.258,0,3414.072,0,335.382,6354,9492,0.950,0.950,0.930,1,0,0,0,0,18,302,0,63,2
16-06 06:40:57,25.505,5.001,65.513,2.250,0,5555628,164772,184412,2102312,5224.024,1566.307,0,5024.985,0,420.082,8291,12385,0.950,0.950,0.930,1,0,0,0,0,18,302,0,61,2
16-06 06:40:58,23.665,4.235,68.754,0.498,0,5555292,164772,184424,2102636,5324.961,1707.894,0,1865.331,0,168.398,6572,8941,0.950,0.950,0.930,1,0,0,0,0,18,302,0,63,2
16-06 06:40:59,8.999,3.000,84.240,2.000,0,5555448,164520,184464,2102692,6019.296,2583.698,0,6403.251,0,502.941,4202,6692,0.950,0.950,0.930,1,0,0,0,0,18,301,0,64,2
16-06 06:41:00,13.723,1.497,82.089,0.749,0,5556052,163764,184488,2102820,20780.158,6026.156,31.937,2718.657,0.998,210.586,3550,4719,0.950,0.950,0.930,0,0,0,0,0,18,304,0,64,2
16-06 06:41:01,8.263,2.003,86.884,0.751,0,5556132,163512,184500,2102980,11659.959,3399.236,0,1225.888,0,122.188,2985,4018,0.950,0.950,0.930,0,0,1.002,0,0,18,304,0,60,2
16-06 06:41:02,13.538,3.259,80.724,1.003,0,5556300,163260,184516,2103048,6058.811,715.987,0,1524.229,0,159.442,4493,6380,0.950,0.950,0.930,1,0,0,0,0,18,305,0,60,2
16-06 06:41:03,25.550,5.260,64.126,2.505,0,5556200,163008,184624,2103292,3456.808,811.598,0,5041.929,0,521.026,7972,12470,0.950,0.950,0.930,2,0,0,0,0,18,305,0,61,2
16-06 06:41:04,24.142,4.480,67.945,0.498,0,5556964,162000,184664,2103496,4736.739,1451.485,0,2723.774,0,217.026,7649,11386,1.040,0.960,0.940,2,0,0,0,0,18,305,0,62,2
16-06 06:41:05,21.236,7.245,67.705,1.999,0,5576620,188036,183168,2059640,6375.730,2567.280,343.770,5999.981,5.996,497.667,6617,18022,1.040,0.960,0.940,0,0,35.976,0,0,18,302,0,60,2
16-06 06:41:06,8.757,3.002,85.320,1.001,0,5587000,177648,183180,2059636,6566.424,2432.009,0,1329.098,0,135.112,2849,3936,1.040,0.960,0.940,1,0,0,0,0,18,302,0,60,2
16-06 06:41:07,10.743,2.998,83.447,0.750,0,5584104,180124,183220,2060016,10967.037,2486.421,0,3397.843,0,211.865,3914,5916,1.040,0.960,0.940,1,0,0,0,0,18,304,0,60,2
16-06 06:41:08,25.333,4.515,64.963,2.257,0,5576044,187936,183264,2060220,4815.789,1625.329,0,3700.131,0,447.467,8467,12929,1.040,0.960,0.940,1,0,0,0,0,18,303,0,60,2
16-06 06:41:09,26.784,4.255,67.085,1.001,0,5577116,186452,183304,2060592,4603.856,1297.651,0,2070.634,0,195.248,7391,10724,1.030,0.960,0.940,1,0,0,0,0,18,303,0,60,2
16-06 06:41:10,24.705,4.242,65.131,2.246,0.250,5576888,186452,183384,2060740,2862.749,227.583,0,4168.354,0,489.103,8686,13536,1.030,0.960,0.940,1,0,0,0,0,18,303,0,62,2
16-06 06:41:11,24.950,4.740,66.866,1.247,0,5578048,184940,183440,2061036,4550.870,1616.756,0,8071.806,0,574.847,8482,13289,1.030,0.960,0.940,2,0,0.998,0,0,18,303,0,63,2
16-06 06:41:12,17.249,4.000,75.745,1.500,0,5575676,186948,183532,2061308,6114.604,2419.843,0,3083.800,0,307.980,5504,8201,1.030,0.960,0.940,0,0,0,0,0,18,302,0,64,2
16-06 06:41:13,5.749,1.750,89.491,0.750,0,5573680,188904,183560,2061320,5550.411,2519.733,0,1539.837,0,170.982,2647,3970,1.030,0.960,0.940,0,0,0,0,0,18,302,0,65,2
16-06 06:41:14,8.774,1.504,87.991,0.501,0.251,5573604,188904,183580,2061376,4331.882,2022.548,0,1046.871,0,90.248,2683,3701,0.950,0.950,0.940,2,0,0,0,0,18,302,0,65,2
16-06 06:41:15,4.238,1.246,92.737,0.997,0,5565888,196500,183616,2061460,5990.025,1681.236,0,6665.112,0,325.079,2181,3161,0.950,0.950,0.940,1,0,0,0,0,18,303,0,65,2
16-06 06:41:16,7.001,1.750,89.014,0.750,0,5566316,196000,183632,2061516,12253.951,3526.561,0,1432.228,0,147.023,2908,4173,0.950,0.950,0.940,0,0,0,0,0,18,302,0,65,2
16-06 06:41:17,21.085,5.020,69.029,2.510,0,5566272,195776,183680,2061736,5061.433,1463.910,0,3839.500,0,432.747,7709,11804,0.950,0.950,0.940,1,0,0,0,0,18,303,0,65,2
16-06 06:41:18,25.143,4.730,64.475,1.992,0,5567060,194812,183800,2061824,4958.860,1613.123,15.932,8607.307,0.996,638.279,8291,12603,0.950,0.950,0.940,1,0,0,0,0,18,303,0,66,2
16-06 06:41:19,24.294,5.009,67.873,1.252,0,5569416,192156,183856,2062068,4766.617,1460.641,0,1851.347,0,182.330,7460,10546,0.950,0.950,0.940,2,0,0,0,0,18,304,0,67,2
16-06 06:41:20,16.716,3.742,76.594,1.746,0,5570996,190224,183920,2062356,6265.257,2444.029,15.968,2455.007,0.998,263.464,5025,7236,0.950,0.950,0.940,0,0,0,0,0,18,302,0,69,2
16-06 06:41:21,9.255,1.501,87.049,0.250,0,5570012,190996,183936,2062552,5964.353,2431.367,0,1320.743,0,120.068,2787,3809,0.950,0.950,0.940,0,0,1.001,0,0,18,302,0,69,2
16-06 06:41:22,11.498,2.749,83.232,1.250,0,5569984,190996,183952,2062564,10671.716,2487.468,31.993,1731.629,1.000,164.965,3951,5483,0.950,0.950,0.940,1,0,0,0,0,18,303,0,65,2
16-06 06:41:23,25.789,5.508,64.598,2.003,0,5569700,190772,184064,2062960,4626.985,1622.449,0,4390.629,0,452.683,8383,12816,0.950,0.950,0.940,1,0,1.002,0,0,18,303,0,65,2
16-06 06:41:24,25.428,4.986,65.067,2.493,0,5569908,190268,184260,2063060,4983.951,1453.902,0,9026.556,0,772.822,8842,13753,0.960,0.950,0.940,3,0,0,0,0,18,303,0,66,2
16-06 06:41:25,24.638,5.531,67.126,1.006,0,5571080,188532,184304,2063580,4444.890,1629.123,0,2896.218,0,247.385,7659,11016,0.960,0.950,0.940,1,0,0,0,0,18,304,0,67,2
16-06 06:41:26,10.700,2.239,82.861,1.493,0,5570996,188532,184336,2063632,6135.188,2490.305,0,1907.044,0,220.962,3663,5514,0.960,0.950,0.940,0,0,0,0,0,18,302,0,60,2
16-06 06:41:27,9.497,1.250,87.222,0.750,0,5571036,188280,184352,2063828,10958.542,2996.055,0,1227.613,0,124.961,2770,3786,0.960,0.950,0.940,0,0,0,0,0,18,302,0,60,2
16-06 06:41:28,7.750,2.000,88.254,0.500,0,5570992,188280,184376,2063848,5859.259,2310.102,0,1776.079,0,119.005,2672,3746,0.960,0.950,0.940,0,0,0,0,0,18,302,0,60,2
16-06 06:41:29,12.006,2.751,82.289,0.750,0,5571416,187776,184408,2063896,10282.894,2651.262,0,1504.716,0,149.071,3875,5149,0.880,0.930,0.930,3,0,2.001,0,0,18,303,0,62,2
16-06 06:41:30,25.846,3.513,68.506,1.255,0,5571580,187272,184452,2064192,4938.426,1626.067,0,2240.359,0,210.786,6001,7950,0.880,0.930,0.930,1,0,0,0,0,18,304,0,55,2
16-06 06:41:31,25.140,5.227,63.971,2.489,0,5571808,186772,184572,2064344,5083.811,1678.673,0,11951.835,0,866.219,8442,12971,0.880,0.930,0.930,1,0,0.996,0,0,18,303,0,55,2
16-06 06:41:32,23.609,4.521,68.315,1.005,0,5572824,185512,184596,2064564,5052.292,1519.003,0,2057.485,0,186.861,7015,10062,0.880,0.930,0.930,1,0,0,0,0,18,303,0,55,2
16-06 06:41:33,22.912,5.479,66.992,1.743,0,5573888,184252,184632,2064724,4827.391,1559.986,0,2406.722,0,279.921,7443,10617,0.880,0.930,0.930,2,0,0,0,0,18,303,0,56,2
16-06 06:41:34,25.515,5.253,65.539,1.251,0,5573872,184000,184668,2064956,5369.162,1620.955,0,3341.968,0,386.227,7999,11853,1.050,0.970,0.940,2,0,0,0,0,18,303,0,50,2
16-06 06:41:35,25.837,4.766,67.476,1.254,0,5574756,182740,184672,2065328,10318.558,2940.849,0,2805.396,0,195.655,7591,10588,1.050,0.970,0.940,3,0,0,0,0,18,303,0,50,2
16-06 06:41:36,24.670,4.236,66.285,1.744,0,5574960,182236,184720,2065580,6940.498,1680.551,0,3038.150,0,349.866,7131,10487,1.050,0.970,0.940,2,0,0,0,0,18,303,0,50,2
16-06 06:41:37,25.572,5.014,64.431,2.256,0,5575816,181228,184764,2065688,5518.503,1624.564,0,9013.321,0,673.893,8191,12319,1.050,0.970,0.940,2,0,0,0,0,18,303,0,51,2
16-06 06:41:38,25.150,4.233,67.481,0.996,0,5575744,180976,184788,2065988,4679.338,1452.208,0,2067.753,0,142.432,7055,9504,1.050,0.970,0.940,1,0,0,0,0,18,303,0,47,2
16-06 06:41:39,25.510,5.252,63.774,2.501,0,5575444,180976,184816,2066260,4981.860,1620.605,0,3733.394,0,483.180,8580,12879,1.050,0.970,0.940,2,0,0,0,0,18,303,0,48,2
16-06 06:41:40,25.257,4.251,67.020,1.000,0,5576196,179968,184840,2066492,4999.478,1458.431,0,2276.673,0,218.064,6617,9359,1.050,0.970,0.940,2,0,0,0,0,18,303,0,49,2
16-06 06:41:41,23.748,5.500,67.495,1.250,0,5578796,176464,184880,2067356,5831.572,2503.816,0,2695.802,0,275.980,6614,9781,1.050,0.970,0.940,1,0,6.999,0,0,18,302,0,50,2
16-06 06:41:42,6.751,2.000,89.260,0.500,0,5578504,176468,184884,2067640,7345.795,1686.182,0,1304.141,0,94.010,2217,3060,1.050,0.970,0.940,1,0,0,0,0,18,303,0,46,2
16-06 06:41:43,9.492,2.248,85.177,1.249,0.250,5578552,176216,184892,2067836,6452.503,2406.949,0,1882.396,0,189.838,3271,4833,1.050,0.970,0.940,0,0,0,0,0,18,302,0,48,2
16-06 06:41:44,13.497,2.999,79.482,2.000,0,5577964,176692,184916,2067924,6498.539,2611.413,0,6562.524,0,493.889,4452,6625,0.960,0.950,0.940,3,0,0,0,0,18,302,0,49,2
16-06 06:41:45,15.760,2.502,78.548,0.750,0,5578388,176216,184920,2067972,5023.054,2270.380,0,1721.046,0,202.123,4005,5308,0.960,0.950,0.940,0,0,0,0,0,18,302,0,50,2
16-06 06:41:46,8.020,2.506,87.966,0.752,0,5578160,176216,184928,2068192,6395.710,2154.292,0,6471.897,0,337.830,2701,3703,0.960,0.950,0.940,4,0,0,0,0,18,303,0,46,2
16-06 06:41:47,7.487,1.497,87.347,1.248,0,5578084,176216,184940,2068256,19454.963,4732.720,0,1645.122,0,173.696,3254,4724,0.960,0.950,0.940,0,0,0,0,0,18,302,0,46,2
16-06 06:41:48,8.744,1.749,87.443,0.250,0,5578032,176216,184952,2068296,12212.010,3457.738,0,1287.158,0,124.918,2783,3907,0.960,0.950,0.940,0,0,0,0,0,18,302,0,47,2
16-06 06:41:49,9.245,2.249,85.956,0.999,0,5577840,176216,184964,2068476,11632.070,3296.319,0,1599.185,0,175.910,3277,4647,0.970,0.950,0.940,0,0,0,0,0,18,302,0,47,2
16-06 06:41:50,16.818,3.514,75.305,1.757,0.251,5577788,176216,184980,2068512,4699.007,1626.579,0,2309.341,0,249.007,5259,7600,0.970,0.950,0.940,5,0,0,0,0,18,303,0,44,2
16-06 06:41:51,27.169,6.231,61.566,2.493,0,5581648,171956,185024,2068868,4372.915,1680.970,0,8223.394,0,689.936,9050,13917,0.970,0.950,0.940,1,0,3.988,0,0,18,303,0,45,2
16-06 06:41:52,26.244,4.999,64.234,1.250,0,5582260,171200,185056,2068980,4645.856,1619.601,0,3507.136,0,327.919,7476,11254,0.970,0.950,0.940,4,0,2.000,0,0,18,303,0,45,2
16-06 06:41:53,25.003,5.501,65.258,1.500,0,5582484,170696,185064,2069252,4680.539,1620.186,0,2908.335,0,238.027,7667,11201,0.970,0.950,0.940,2,0,2.000,0,0,18,303,0,47,2
16-06 06:41:54,24.742,5.998,66.229,1.500,0,5583860,169000,185104,2069532,4678.513,1619.485,0,5610.217,0,597.810,7610,11002,0.970,0.960,0.940,1,0,1.999,0,0,18,303,0,47,2
16-06 06:41:55,9.997,2.249,83.975,1.250,0,5583928,168776,185112,2069680,5898.216,2569.223,31.990,2875.130,1.999,284.914,3694,5559,0.970,0.960,0.940,0,0,1.000,0,0,18,302,0,44,2
16-06 06:41:56,6.998,1.749,87.724,1.500,0,5584088,168552,185124,2069732,6509.084,2505.263,0,1975.419,0,203.940,2849,4178,0.970,0.960,0.940,0,0,0,0,0,18,302,0,45,2
16-06 06:41:57,15.795,3.259,77.720,1.254,0,5584120,168300,185132,2069944,6470.299,2088.908,0,2462.966,0,257.729,4586,6288,0.970,0.960,0.940,1,0,0,0,0,18,302,0,48,2
16-06 06:41:58,3.492,1.247,92.795,0.748,0.249,5583880,168300,185156,2070160,5469.909,1548.577,0,4737.528,0,280.380,2098,3168,0.970,0.960,0.940,0,1,0,0,0,18,303,0,48,2
16-06 06:41:59,6.251,1.500,89.259,0.750,0,5583800,168300,185168,2070228,12221.250,3460.354,0,1520.155,0,156.016,2962,4402,0.890,0.940,0.930,0,0,1.000,0,0,18,302,0,43,2
16-06 06:42:00,25.520,4.504,66.552,1.751,0,5583968,167824,185196,2070508,11733.177,2999.346,0,3995.125,0,384.301,7752,11319,0.890,0.940,0.930,1,0,0,0,0,18,303,0,43,2
16-06 06:42:01,25.843,5.520,65.737,1.255,0,5584176,167320,185224,2070776,5780.826,1625.857,0,3131.281,0,334.204,8420,13073,0.890,0.940,0.930,1,0,1.004,0,0,18,303,0,44,2
16-06 06:42:02,23.677,5.483,67.790,0.997,0,5584688,166556,185228,2071024,7210.655,1680.791,0,5351.416,0,496.462,7147,10126,0.890,0.940,0.930,2,0,0,0,0,18,303,0,44,2
16-06 06:42:03,9.986,1.748,86.379,1.248,0,5584556,166556,185252,2071132,5789.920,2400.650,0,2564.421,0,253.646,3325,5144,0.890,0.940,0.930,0,0,0,0,0,18,302,0,44,2
16-06 06:42:04,10.246,2.249,83.971,1.749,0,5584492,166556,185308,2071140,12274.740,3458.800,0,7381.438,0,475.835,3882,5826,1.060,0.970,0.940,0,0,0,0,0,18,302,0,45,2
16-06 06:42:05,20.691,6.482,68.556,1.496,0,5592236,158524,185324,2071392,4983.898,1453.886,0,2129.973,0,251.289,6463,16955,1.060,0.970,0.940,1,0,35.898,0,0,18,303,0,46,2
16-06 06:42:06,25.394,5.280,65.621,1.257,0,5593112,157412,185372,2071600,5213.483,1532.667,0,4091.136,0,409.315,8201,12377,1.060,0.970,0.940,3,1,0,0,0,18,303,0,47,2
16-06 06:42:07,15.961,3.491,76.063,2.244,0,5592560,157696,185424,2071816,6560.881,2559.711,0,3060.481,0,308.243,5414,8185,1.060,0.970,0.940,0,0,0,0,0,18,302,0,42,2
16-06 06:42:08,7.249,1.750,88.243,0.500,0,5592932,157248,185428,2071888,6048.527,2340.817,0,1875.853,0,189.985,2894,4277,1.060,0.970,0.940,0,0,0,0,0,18,302,0,43,2
16-06 06:42:09,7.496,1.749,87.958,1.249,0,5592864,157248,185448,2071936,6202.049,2502.809,0,1875.108,0,190.909,3160,4569,0.970,0.960,0.940,0,0,0,0,0,18,302,0,43,2
16-06 06:42:10,6.253,1.751,89.300,0.750,0,5592680,157248,185468,2072100,5796.237,1922.074,0,5955.326,0,405.226,2779,4495,0.970,0.960,0.940,1,1,0,0,0,18,302,0,43,2
16-06 06:42:11,5.749,1.000,90.740,1.000,0,5592636,157248,185484,2072128,5720.363,2479.724,0,1375.847,0,143.984,2382,3762,0.970,0.960,0.940,0,0,2.000,0,0,18,302,0,39,2
16-06 06:42:12,5.245,1.498,91.156,0.499,0,5592580,157248,185500,2072168,11579.086,2898.018,0,1190.775,0,107.889,2226,3175,0.970,0.960,0.940,1,0,0,0,0,18,303,0,39,2
16-06 06:42:13,12.260,2.252,82.566,0.751,0,5592808,156744,185516,2072428,5664.536,2568.056,0,1625.301,0,171.137,3690,5213,0.970,0.960,0.940,0,0,0,0,0,18,302,0,40,2
16-06 06:42:14,6.752,1.500,89.522,1.250,0,5592756,156744,185524,2072472,5852.467,2504.628,0,1748.438,0,144.036,2520,3568,0.900,0.940,0.930,0,0,0,0,0,18,302,0,40,2
16-06 06:42:15,14.499,3.000,79.745,0.750,0,5592724,156744,185532,2072496,5724.616,2472.834,0,1679.887,0,187.987,3813,5475,0.900,0.940,0.930,0,0,0,0,0,18,302,0,39,2
16-06 06:42:16,7.502,1.250,89.275,0.250,0,5592740,156492,185536,2072728,4639.298,1855.519,0,1244.348,0,131.037,2168,2931,0.900,0.940,0.930,0,0,0,0,0,18,302,0,39,2
16-06 06:42:17,4.745,0.999,91.908,0.749,0,5592712,156492,185536,2072756,21359.640,5449.550,0,871.129,0,72.927,1799,2265,0.900,0.940,0.930,2,0,0,0,0,18,303,0,39,2
16-06 06:42:18,2.252,1.001,95.598,0.501,0,5592700,156492,185536,2072768,6660.807,2039.084,0,724.741,0,55.056,1404,2154,0.900,0.940,0.930,0,0,0,0,0,18,302,0,39,2
16-06 06:42:19,3.750,0.750,93.511,0.250,0,5592680,156492,185548,2072776,12838.570,4481.548,0,780.095,0,69.008,1866,2581,0.910,0.940,0.930,2,0,0,0,0,18,302,0,37,2
16-06 06:42:20,4.000,0.750,93.254,0.250,0,5592644,156492,185556,2072804,6135.292,2083.099,0,960.046,0,92.004,1871,2821,0.910,0.940,0.930,0,0,0,0,0,18,302,0,37,2
16-06 06:42:21,5.000,1.500,91.005,0.500,0,5592612,156492,185564,2072828,11974.664,3063.170,0,1016.056,0,105.006,2355,3313,0.910,0.940,0.930,0,0,1.000,0,0,18,302,0,37,2
16-06 06:42:22,9.747,2.249,85.221,1.499,0,5592548,156492,185632,2072824,12118.883,3524.802,0,5738.051,0,411.860,3700,5474,0.910,0.940,0.930,0,0,0,0,0,18,302,0,37,2
16-06 06:42:23,18.580,4.017,75.324,0.753,0.251,5592084,156492,185652,2073268,4597.751,1464.290,32.138,1868.024,1.004,206.889,5611,8133,0.910,0.940,0.930,1,1,1.004,0,0,18,303,0,33,2
16-06 06:42:24,24.647,4.979,66.970,1.494,0,5593068,155232,185688,2073508,5090.718,2489.592,0,3541.196,0,349.539,7506,11190,0.910,0.940,0.930,0,0,0,0,0,18,302,0,34,2
16-06 06:42:25,6.763,1.252,89.169,1.002,0,5592912,155232,185700,2073652,5656.689,1526.885,32.061,1486.810,1.002,145.275,2671,3737,0.910,0.940,0.930,2,0,0,0,0,18,303,0,34,2
16-06 06:42:26,14.720,2.994,79.340,1.247,0,5592924,154980,185728,2073864,11476.884,3453.045,0,2187.594,0,229.538,4460,6272,0.910,0.940,0.930,0,0,0,0,0,18,302,0,34,2
16-06 06:42:27,13.252,3.250,80.010,1.000,0,5592808,154980,185748,2073960,4655.594,1458.186,0,7132.911,0,453.058,4679,6648,0.910,0.940,0.930,3,0,0,0,0,18,303,0,31,2
16-06 06:42:28,25.088,5.018,66.232,1.756,0,5593116,154476,185760,2074144,4636.236,1667.841,0,6823.898,0,485.701,8262,11906,0.910,0.940,0.930,2,0,0,0,0,18,303,0,33,2
16-06 06:42:29,25.433,5.486,65.826,1.496,0,5593732,153468,185780,2074516,4400.369,2332.834,0,4168.981,0,315.167,7567,11160,0.920,0.940,0.940,0,0,1.995,0,0,18,302,0,34,2
16-06 06:42:30,5.017,1.003,91.555,0.753,0,5593724,153468,185784,2074520,5426.055,1691.629,0,1091.632,0,108.361,2383,3414,0.920,0.940,0.940,1,0,0,0,0,18,303,0,34,2
16-06 06:42:31,12.740,2.748,81.436,1.249,0,5593496,153468,185840,2074692,4394.532,1456.850,15.987,2126.322,0.999,258.796,4254,6026,0.920,0.940,0.940,1,0,0.999,0,0,18,303,0,33,2
16-06 06:42:32,7.473,1.246,88.684,0.747,0,5593432,153468,185848,2074748,12677.867,3513.492,0,1339.232,0,146.479,3000,4272,0.920,0.940,0.940,0,0,0,0,0,18,302,0,33,2
16-06 06:42:33,12.745,2.999,81.715,0.750,0,5593172,153468,185868,2074988,5625.577,2403.964,0,1775.235,0,194.916,3784,5167,0.920,0.940,0.940,0,0,0,0,0,18,302,0,34,2
16-06 06:42:34,10.502,2.000,85.269,1.000,0,5593384,153216,185876,2075020,8326.848,1936.430,0,1568.348,0,167.037,3318,4632,0.930,0.950,0.940,0,0,0,0,0,18,302,0,35,2
16-06 06:42:35,10.497,2.249,84.477,0.250,0,5593276,153216,185876,2075128,11836.796,2900.215,0,1011.726,0,109.970,3528,4942,0.930,0.950,0.940,2,0,0,0,0,18,303,0,34,2
16-06 06:42:36,25.552,5.261,63.880,3.257,0,5593040,153216,185888,2075352,5282.757,1623.305,0,10176.722,0,846.724,9320,14898,0.930,0.950,0.940,2,0,0,0,0,18,303,0,34,2
16-06 06:42:37,23.782,5.257,66.591,1.502,0,5593420,152460,185920,2075696,5630.662,1622.208,0,3496.759,0,333.454,7985,12009,0.930,0.950,0.940,2,0,0,0,0,18,303,0,34,2
16-06 06:42:38,24.403,4.731,67.732,0.498,0,5595116,150648,185920,2075812,4832.861,1613.610,0,1625.563,0,161.361,7708,10988,0.930,0.950,0.940,2,0,0,0,0,18,303,0,35,2
16-06 06:42:39,11.761,3.003,82.079,1.752,0,5595084,150396,185928,2076088,6472.265,2573.491,0,2502.422,0,282.273,4036,6130,1.170,1,0.950,0,0,0,0,0,18,302,0,37,2
16-06 06:42:40,10.000,1.750,85.252,1.000,0,5595000,150396,185932,2076168,4646.119,1620.041,0,1820.047,0,186.005,3388,5185,1.170,1,0.950,0,0,0,0,0,18,303,0,35,2
16-06 06:42:41,12.039,3.511,80.512,2.508,0,5595544,149640,185944,2076368,12886.976,3471.307,0,6934.588,0,536.748,4794,7090,1.170,1,0.950,0,0,7.023,0,0,18,302,0,35,2
16-06 06:42:42,13.186,2.488,81.854,0.498,0,5595420,149640,185960,2076476,7142.454,2558.625,0,1405.204,0,155.249,3597,5060,1.170,1,0.950,0,0,0,0,0,18,302,0,37,2
16-06 06:42:43,10.268,2.254,86.155,0.501,0,5595624,149416,185960,2076496,5614.091,1858.340,0,5778.386,0,376.677,2971,3761,1.170,1,0.950,0,0,0,0,0,18,302,0,38,2
16-06 06:42:44,4.507,1.001,92.134,0.501,0,5595532,149416,185968,2076580,11769.125,2947.288,0,1045.521,0,100.146,2089,3079,1.080,0.980,0.950,2,0,0,0,0,18,303,0,34,2
16-06 06:42:45,25.049,5.010,65.128,2.254,0,5595524,149164,185980,2076828,2747.390,162.318,0,3466.802,0,402.790,7863,11885,1.080,0.980,0.950,1,0,0,0,0,18,303,0,34,2
16-06 06:42:46,25.175,5.982,64.307,2.493,0,5595500,148912,185992,2077092,4923.260,1453.648,0,3756.752,0,440.681,8025,12307,1.080,0.980,0.950,1,0,0,0,0,18,303,0,34,2
16-06 06:42:47,24.320,5.265,66.692,1.755,0,5596332,147904,186012,2077248,4770.715,1624.671,0,6779.489,0,530.525,8068,11909,1.080,0.980,0.950,3,0,0,0,0,18,303,0,35,2
16-06 06:42:48,20.663,3.983,70.204,1.743,0,5596096,147652,186020,2077728,5540.619,2464.599,0,3393.679,0,303.718,6469,9692,1.080,0.980,0.950,1,0,0,0,0,18,302,0,32,2
16-06 06:42:49,10.303,2.764,86.195,0.754,0,5596296,147400,186020,2077780,4704.275,1628.403,0,1318.805,0,136.705,3347,4854,0.990,0.960,0.940,2,0,0,0,0,18,303,0,32,2
16-06 06:42:50,12.463,2.243,81.258,1.745,0,5596444,147148,186024,2077880,5901.406,2261.258,0,2496.557,0,309.079,4389,6647,0.990,0.960,0.940,1,0,0,0,0,18,302,0,32,2
16-06 06:42:51,6.505,1.501,90.068,0.500,0,5596336,147148,186024,2077988,10352.851,2718.061,0,756.574,0,54.041,2240,2965,0.990,0.960,0.940,1,0,2.002,0,0,18,303,0,32,2
16-06 06:42:52,11.725,2.495,83.075,0.499,0,5599116,144152,186036,2078192,5982.419,2403.944,0,1556.726,0,174.633,3565,5228,0.990,0.960,0.940,0,0,2.994,0,0,18,302,0,32,2
16-06 06:42:53,17.559,3.261,77.508,1.254,0,5599000,144152,186040,2078304,11598.680,3471.577,0,1757.862,0,176.589,4692,6855,0.990,0.960,0.940,1,0,2.007,0,0,18,302,0,34,2
16-06 06:42:54,15.700,3.987,76.259,1.495,0,5598764,144152,186060,2078520,5024.094,1614.887,0,6778.540,0,487.457,5839,9245,0.910,0.950,0.940,1,0,0,0,0,18,303,0,35,2
16-06 06:42:55,25.834,5.769,62.955,2.759,0,5599096,143676,186080,2078644,4980.214,1462.762,0,3972.935,0,500.630,8566,13377,0.910,0.950,0.940,2,0,0,0,0,18,303,0,38,2
16-06 06:42:56,23.228,4.496,68.435,0.749,0,5599268,143172,186092,2078964,5540.745,1618.465,0,2205.908,0,223.788,6644,9704,0.910,0.950,0.940,1,0,0,0,0,18,303,0,34,2
16-06 06:42:57,10.479,2.495,83.086,2.246,0,5599684,142668,186096,2079048,6230.715,2557.957,15.969,3189.711,0.998,296.416,3737,5844,0.910,0.950,0.940,0,0,0,0,0,18,302,0,35,2
16-06 06:42:58,12.927,2.735,81.542,0.746,0,5599412,142668,186100,2079316,9172.507,3645.535,0,2195.674,0,191.923,3633,5124,0.910,0.950,0.940,1,0,0,0,0,18,302,0,36,2
16-06 06:42:59,9.552,1.760,86.220,1.005,0,5599368,142668,186100,2079360,8462.142,2509.685,0,6350.629,0,480.621,3277,4240,0.840,0.930,0.930,1,0,0,0,0,18,302,0,36,2
16-06 06:43:00,10.247,2.249,85.227,1.000,0,5599196,142668,186108,2079524,18667.948,5187.596,0,2911.212,0,154.958,3630,4843,0.840,0.930,0.930,2,0,1.000,0,0,18,302,0,33,2
16-06 06:43:01,6.748,1.500,89.475,0.250,0,5599104,142668,186108,2079616,9736.276,2231.376,0,1127.684,0,88.975,2757,3855,0.840,0.930,0.930,1,0,1.000,0,0,18,303,0,33,2
16-06 06:43:02,25.056,5.763,64.643,2.756,0,5599728,141912,186128,2079728,6210.778,1623.602,0,8334.489,0,643.427,8533,13090,0.840,0.930,0.930,2,0,0,0,0,18,304,0,34,2
16-06 06:43:03,12.727,3.244,80.605,1.248,0,5599300,141912,186128,2080156,5853.448,2470.546,0,4412.047,0,350.368,4219,6398,0.840,0.930,0.930,0,0,0,0,0,18,302,0,35,2
16-06 06:43:04,8.496,1.749,87.456,0.750,0,5599252,141912,186136,2080196,10305.821,2912.536,0,1059.468,0,109.945,2605,3607,0.770,0.920,0.930,1,0,0,0,0,18,302,0,32,2
16-06 06:43:05,17.069,6.024,73.798,1.004,0,5619916,155612,185368,2049408,6754.317,2012.138,0,2076.398,0,226.918,5160,9478,0.770,0.920,0.930,4,0,34.138,0,0,18,303,0,32,2
16-06 06:43:06,25.002,6.000,65.254,1.250,0,5598828,176524,185388,2046916,5946.407,1686.115,0,2288.157,0,248.017,7582,15704,0.770,0.920,0.930,1,0,2.000,0,0,18,303,0,34,2
16-06 06:43:07,8.718,1.744,84.686,2.242,0,5596560,178544,185416,2047136,6484.954,2443.938,0,8504.466,0,584.832,3858,6443,0.770,0.920,0.930,1,0,0,0,0,18,302,0,35,2
16-06 06:43:08,15.495,3.499,77.725,1.749,0.250,5596012,178852,185424,2047368,6433.948,2506.201,0,1943.380,0,210.933,4433,6220,0.770,0.920,0.930,0,0,0,0,0,18,302,0,32,2
16-06 06:43:09,10.505,3.001,84.542,0.500,0,5596180,178628,185432,2047416,10338.110,3395.678,0,1532.758,0,162.080,3564,4917,0.710,0.900,0.920,0,0,0,0,0,18,302,0,33,2
16-06 06:43:10,7.777,1.254,88.809,0.753,0,5596172,178628,185440,2047416,5717.881,1018.541,0,1192.145,0,114.398,2761,3798,0.710,0.900,0.920,1,0,0,0,0,18,302,0,33,2
16-06 06:43:11,4.982,2.242,90.423,0.249,0,5601684,173044,185440,2047488,10220.051,2878.593,0,940.599,0,80.708,2186,3015,0.710,0.900,0.920,1,0,0.996,0,0,18,303,0,33,2
16-06 06:43:12,9.492,2.248,86.180,0.999,0,5601448,173044,185448,2047716,6110.009,2396.043,0,1554.730,0,169.861,3075,4472,0.710,0.900,0.920,0,0,0,0,0,18,302,0,35,2
16-06 06:43:13,13.258,2.251,82.051,0.750,0,5601400,173044,185452,2047760,10997.899,3901.447,0,1372.861,0,134.084,3310,4491,0.710,0.900,0.920,0,0,0,0,0,18,302,0,37,2
16-06 06:43:14,2.997,0.749,94.169,0.250,0,5601100,173316,185452,2047788,4132.465,1699.546,0,4991.730,0,398.659,1523,1878,0.650,0.880,0.910,1,0,0,0,0,18,302,0,37,2
16-06 06:43:15,15.316,3.013,80.097,1.507,0,5601232,173064,185476,2047884,5766.948,1259.448,0,1852.012,0,215.934,4171,5883,0.650,0.880,0.910,1,0,0,0,0,18,302,0,39,2
16-06 06:43:16,5.002,1.501,91.281,0.500,0,5601172,173064,185484,2047936,6562.233,2560.872,0,1052.358,0,96.033,2053,2765,0.650,0.880,0.910,1,0,0,0,0,18,303,0,37,2
16-06 06:43:17,8.221,1.246,88.189,0.747,0,5601048,173064,185496,2048048,12373.409,3447.853,15.944,1761.793,0.996,202.287,3075,4447,0.650,0.880,0.910,0,0,0,0,0,18,302,0,37,2
16-06 06:43:18,7.748,1.999,85.728,2.249,0,5600992,173064,185520,2048080,12102.948,3525.111,0,7002.234,0,485.877,3781,5931,0.650,0.880,0.910,2,0,0,0,0,18,302,0,37,2
16-06 06:43:19,6.996,1.749,89.454,0.750,0,5600932,173064,185528,2048132,9535.100,3180.366,0,831.573,0,88.954,2523,3425,0.680,0.890,0.920,0,0,0,0,0,18,302,0,37,2
16-06 06:43:20,3.250,1.000,94.513,0.250,0,5600928,173064,185528,2048136,5340.734,1620.223,0,408.056,0,30.004,1419,1986,0.680,0.890,0.920,0,0,0,0,0,18,302,0,37,2
16-06 06:43:21,17.508,3.502,74.785,1.251,0,5600944,172812,185552,2048348,11463.305,2968.374,0,2369.096,0,277.128,5665,8388,0.680,0.890,0.920,2,0,1.000,0,0,18,303,0,37,2
16-06 06:43:22,25.986,5.247,65.965,1.499,0,5600532,172812,185568,2048744,4106.813,971.483,0,3054.374,0,324.827,8252,12699,0.680,0.890,0.920,1,0,0,0,0,18,303,0,38,2
16-06 06:43:23,24.095,5.020,66.764,2.008,0,5600200,172812,185596,2049048,3668.490,1138.497,0,2787.008,0,308.217,7542,11177,0.680,0.890,0.920,5,1,0,0,0,18,303,0,38,2
16-06 06:43:24,7.472,1.245,88.663,0.747,0,5600132,172812,185612,2049100,5789.982,2448.688,0,2343.090,0,193.265,2711,4079,0.630,0.870,0.910,0,0,0,0,0,18,302,0,39,2
16-06 06:43:25,13.499,3.500,78.991,2.500,0,5600004,172812,185632,2049208,5865.365,2510.728,0,6535.292,0,476.948,4464,6609,0.630,0.870,0.910,0,0,0,0,0,18,302,0,39,2
16-06 06:43:26,12.540,2.257,82.262,0.752,0,5599856,172812,185636,2049352,5770.398,2465.862,0,1536.900,0,167.534,3455,4945,0.630,0.870,0.910,0,0,0,0,0,18,302,0,40,2
16-06 06:43:27,11.211,1.744,85.452,0.498,0,5600516,172056,185636,2049448,4905.885,1560.556,0,705.539,0,34.878,2323,2698,0.630,0.870,0.910,1,0,0,0,0,18,303,0,40,2
16-06 06:43:28,25.300,3.757,69.137,0,0,5606268,166008,185636,2049744,4809.523,1623.214,0,649.286,0,37.073,4220,4425,0.630,0.870,0.910,1,0,0,0,0,18,302,0,41,2
16-06 06:43:29,7.989,1.997,86.879,1.248,0,5606388,165784,185640,2049844,11741.700,3335.370,0,1461.971,0,166.768,3135,4450,0.580,0.860,0.900,0,0,1.997,0,0,18,302,0,39,2
16-06 06:43:30,9.500,1.000,87.246,0.500,0,5604860,167268,185644,2049884,11920.395,3459.824,0,1355.931,0,142.993,2937,4115,0.580,0.860,0.900,1,0,0,0,0,18,302,0,40,2
16-06 06:43:31,8.501,1.750,87.261,1.000,0,5604928,167016,185652,2050060,12222.580,3460.447,0,2652.343,0,150.019,2961,4066,0.580,0.860,0.900,0,0,1.000,0,0,18,302,0,40,2
16-06 06:43:32,15.821,3.516,78.353,0.753,0,5604872,167016,185680,2050088,5714.760,1518.846,0,1976.911,0,195.883,4806,6965,0.580,0.860,0.900,1,0,1.005,0,0,18,303,0,40,2
16-06 06:43:33,22.972,5.493,67.669,1.498,0,5605228,166424,185692,2050312,4554.532,1618.057,0,3016.379,0,287.655,7002,10034,0.580,0.860,0.900,1,0,0,0,0,18,303,0,39,2
16-06 06:43:34,7.724,1.495,87.208,1.246,0,5605344,165948,185704,2050660,6125.515,2623.227,0,7526.828,0,566.107,3199,4794,0.530,0.840,0.900,0,0,0,0,0,18,302,0,41,2
16-06 06:43:35,24.739,3.498,70.218,0.250,0,5606024,165220,185712,2050700,10460.224,2995.632,0,1427.348,0,109.950,6494,8765,0.530,0.840,0.900,1,0,0,0,0,18,306,0,45,2
16-06 06:43:36,24.361,4.269,67.558,1.256,0,5607800,162984,185720,2051152,4988.781,1573.184,132.606,6666.441,8.037,466.129,7488,10927,0.530,0.840,0.900,2,0,2.009,0,0,18,308,0,62,2
16-06 06:43:37,28.385,3.735,65.484,0.996,0,5609584,161072,185720,2051280,4917.056,1613.456,0,1442.150,0,127.483,6692,8557,0.530,0.840,0.900,3,0,0.996,0,0,18,306,0,76,2
16-06 06:43:38,11.487,2.497,83.654,0.499,0,5609776,160568,185728,2051584,10631.749,2700.888,0,1901.808,0,136.842,3755,5102,0.530,0.840,0.900,1,0,0,0,0,18,305,0,76,2
16-06 06:43:39,19.518,5.005,71.064,2.002,0,5609552,160568,185732,2051804,4317.911,1135.028,4.004,3282.974,1.001,367.333,6653,9998,0.570,0.850,0.900,1,0,0,0,0,18,306,0,76,2
16-06 06:43:40,24.004,5.251,67.011,1.000,0.250,5610656,159308,185744,2051948,5400.911,1620.273,0,3048.514,0,286.048,6410,8895,0.570,0.850,0.900,2,0,0,0,0,18,305,0,78,2
16-06 06:43:41,6.250,2.500,90.255,0.750,0,5611904,157812,185744,2052196,7300.387,2496.132,56.003,1708.091,1.000,128.007,2432,3188,0.570,0.850,0.900,1,0,7.000,0,0,18,306,0,75,2
16-06 06:43:42,6.775,1.255,89.078,1.004,0,5612052,157588,185752,2052264,7816.784,2520.281,0,1862.860,0,191.706,2798,4109,0.570,0.850,0.900,0,1,0,0,0,18,305,0,75,2
16-06 06:43:43,7.722,1.993,85.685,1.993,0,5611996,157588,185764,2052308,6618.678,2340.400,0,6416.422,0,478.243,3676,5888,0.570,0.850,0.900,1,0,0,0,0,18,305,0,77,2
16-06 06:43:44,7.248,1.500,89.980,0.250,0,5612160,157336,185772,2052388,6263.613,2552.435,0,1467.675,0,151.966,2471,3630,0.520,0.830,0.900,0,0,0,0,0,18,305,0,77,2
16-06 06:43:45,16.331,2.010,80.649,0.502,0,5612132,157336,185776,2052412,4419.862,1465.248,0,775.838,0,45.224,2842,3214,0.520,0.830,0.900,2,0,0,0,0,18,306,0,78,2
16-06 06:43:46,15.917,1.244,80.084,0.497,0,5612580,156580,185780,2052716,6282.336,2072.226,0,1918.028,0,104.457,2878,3514,0.520,0.830,0.900,0,0,0,0,0,18,305,0,80,2
16-06 06:43:47,6.002,1.501,90.284,0.750,0,5612564,156580,185780,2052732,6088.298,2053.775,0,1124.424,0,118.045,2282,3197,0.520,0.830,0.900,0,0,0,0,0,18,304,0,80,3
16-06 06:43:48,5.499,1.250,91.242,0.250,0,5612544,156580,185780,2052752,5474.494,2082.807,0,1275.882,0,148.986,2092,2937,0.520,0.830,0.900,0,0,0,0,0,18,304,0,80,3
16-06 06:43:49,9.000,1.750,86.000,0.750,0,5612504,156580,185784,2052788,5481.011,2430.005,0,1372.003,0,164.000,3128,4517,0.480,0.820,0.890,1,0,0,0,0,18,304,0,78,3
16-06 06:43:50,7.018,2.256,88.974,1.003,0,5612708,156328,185792,2052828,9962.071,2494.277,0,1303.280,0,135.341,2768,4056,0.480,0.820,0.890,1,0,0,0,0,18,305,0,78,3
16-06 06:43:51,24.931,5.485,65.818,1.994,0.249,5613324,155320,185792,2053220,5367.153,1681.349,0,4068.745,0,405.877,8267,12629,0.480,0.820,0.890,1,0,0.997,0,0,18,306,0,79,3
16-06 06:43:52,19.513,6.755,69.298,2.252,0,5654780,156116,184880,2012188,6427.433,2579.779,32.022,6684.611,1.001,509.351,5655,8425,0.480,0.820,0.890,0,0,3.002,0,0,18,304,0,80,3
16-06 06:43:53,9.248,1.999,86.727,0.750,0,5654980,155680,184900,2012404,6295.343,2513.338,0,2071.455,0,201.947,3176,4683,0.480,0.820,0.890,1,0,1.999,0,0,18,304,0,79,3
16-06 06:43:54,7.753,1.501,88.534,0.750,0,5654924,155716,184924,2012400,5777.199,2083.793,0,1348.513,0,125.048,2785,4028,0.520,0.820,0.890,0,0,1.000,0,0,18,304,0,79,3
16-06 06:43:55,7.996,1.499,87.959,1.000,0,5655260,155268,184940,2012496,7955.310,2684.755,0,6984.760,0,483.776,2804,3939,0.520,0.820,0.890,0,0,0,0,0,18,304,0,79,3
16-06 06:43:56,6.775,1.757,88.833,0.251,0,5655244,155268,184960,2012492,9052.931,2240.397,0,1059.973,0,83.312,2679,3703,0.520,0.820,0.890,1,0,0,0,0,18,305,0,79,3
16-06 06:43:57,26.161,3.239,67.521,1.744,0,5647368,162816,184980,2012800,5416.605,1453.065,31.892,3340.655,0.997,320.910,5767,8205,0.520,0.820,0.890,1,0,0,0,0,18,304,0,74,3
16-06 06:43:58,9.745,4.248,84.709,0.250,0,5483436,326488,184996,2013064,4995.582,266085.225,535.741,827.599,19.990,45.978,1820,1847,0.520,0.820,0.890,0,0,13.993,0,0,18,304,0,74,3
16-06 06:43:59,2.000,0.750,94.235,1.250,0,5483868,326028,185020,2013068,4783.258,1457.774,0,3327.484,0,202.969,1829,2986,0.480,0.810,0.890,0,0,0,0,0,18,304,0,74,3
16-06 06:44:00,3.246,1.248,94.126,0.250,0,5483864,326028,185020,2013072,11813.462,2831.276,0,263.653,0,22.970,1543,2054,0.480,0.810,0.890,0,0,0,0,0,18,304,0,74,3
16-06 06:44:01,1.002,0.751,97.414,0,0,5484096,325788,185020,2013080,5495.268,1622.737,0,8.014,0,1.002,1089,1494,0.480,0.810,0.890,1,0,1.002,0,0,18,304,0,73,3
16-06 06:44:02,1.752,1.001,96.098,0,0,5484096,325788,185020,2013080,6821.991,1459.496,0,440.451,0,8.008,1114,1487,0.480,0.810,0.890,1,0,0,0,0,18,304,0,73,3
16-06 06:44:03,1.749,0.500,96.946,0,0,5484092,325788,185020,2013084,5456.961,1619.098,0,87.951,0,5.997,1100,1493,0.480,0.810,0.890,1,0,0,0,0,18,304,0,73,3
16-06 06:44:04,0.749,0.500,96.672,0,0,5484092,325788,185020,2013084,5353.686,1456.826,0,135.891,0,1.998,1013,1402,0.440,0.790,0.880,0,0,0,0,0,18,304,0,73,3
16-06 06:44:05,2.500,1.000,95.746,0,0,5484088,325788,185020,2013088,4229.816,809.965,0,307.987,0,27.999,1335,1975,0.440,0.790,0.880,0,0,0,0,0,18,304,0,73,3
16-06 06:44:06,8.497,4.498,85.717,0.250,0,5485568,324308,185020,2013088,4594.240,875.665,0,71.972,0,6.997,2340,6117,0.440,0.790,0.880,0,0,35.986,0,0,18,304,0,71,3
16-06 06:44:07,2.501,1.501,94.036,0.250,0,5485552,324308,185020,2013104,5239.029,1620.628,0,676.262,0,79.031,1643,2467,0.440,0.790,0.880,1,0,0,0,0,18,304,0,71,3
16-06 06:44:08,1.250,0.500,96.767,0.250,0,5485548,324308,185020,2013108,4920.846,1620.279,0,192.033,0,14.002,1049,1575,0.440,0.790,0.880,0,0,0,0,0,18,304,0,71,3
16-06 06:44:09,3.001,1.250,93.519,0.750,0,5485536,324308,185032,2013108,4426.904,1566.320,0,2836.579,0,187.038,2042,3224,0.410,0.780,0.880,0,0,0,0,0,18,304,0,71,3
16-06 06:44:10,1.500,1.000,96.260,0.250,0,5485532,324308,185040,2013104,4860.515,1620.172,0,496.053,0,34.004,1317,1922,0.410,0.780,0.880,0,0,0,0,0,18,304,0,67,3
16-06 06:44:11,2.000,1.000,95.754,0,0,5485744,324084,185044,2013112,4232.191,1512.068,0,492.022,0,31.001,1279,1940,0.410,0.780,0.880,0,0,2.000,0,0,18,304,0,67,3
16-06 06:44:12,0.999,0.500,96.660,0.250,0,5485740,324084,185044,2013116,4872.458,1618.491,0,359.665,0,18.982,1004,1449,0.410,0.780,0.880,0,0,0,0,0,18,304,0,67,3
16-06 06:44:13,1.251,0.751,97.074,0,0,5485740,324084,185044,2013116,4203.189,1621.230,0,476.361,0,29.022,983,1480,0.410,0.780,0.880,0,0,0,0,0,18,304,0,67,3
16-06 06:44:14,1.500,0.500,96.728,0.250,0,5485740,324084,185044,2013116,4424.991,1565.643,0,235.946,0,4.999,958,1388,0.370,0.770,0.870,1,0,0,0,0,18,304,0,63,3
16-06 06:44:15,2.000,0.750,95.486,0,0,5485732,324084,185044,2013124,4717.324,1577.774,0,275.960,0,25.996,1384,1959,0.370,0.770,0.870,0,0,0,0,0,18,304,0,63,3
16-06 06:44:16,1.250,1.000,96.285,0.250,0,5485696,324084,185044,2013160,5027.851,1566.577,0,1312.483,0,257.095,1142,1415,0.370,0.770,0.870,0,0,0,0,0,18,304,0,63,3
16-06 06:44:17,2.000,1.000,96.244,0.250,0,5485688,324084,185044,2013168,5208.689,1511.910,0,475.972,0,40.998,1314,1967,0.370,0.770,0.870,1,0,0,0,0,18,304,0,63,3
16-06 06:44:18,1.499,0.500,96.966,0.250,0,5485688,324084,185044,2013168,4526.393,1457.483,0,31.989,0,3.999,993,1401,0.370,0.770,0.870,0,0,0,0,0,18,304,0,61,3
16-06 06:44:19,2.500,1.000,94.733,0.250,0,5485680,324084,185064,2013156,4739.157,1619.712,0,711.873,0,103.982,1603,2331,0.340,0.750,0.870,0,0,0,0,0,18,304,0,61,3
16-06 06:44:20,1.750,0.750,96.015,0,0,5485656,324084,185068,2013176,5178.823,1458.232,0,260.041,0,23.004,1316,1867,0.340,0.750,0.870,0,0,0,0,0,18,304,0,61,3
16-06 06:44:21,1.750,0.750,96.252,0,0,5485656,324084,185068,2013176,4884.118,1524.037,0,44.001,0,2.000,1129,1436,0.340,0.750,0.870,0,0,1.000,0,0,18,304,0,61,3
16-06 06:44:22,1.753,0.751,96.435,0,0,5485656,324084,185068,2013176,5066.699,1763.376,0,116.222,0,14.027,1121,1548,0.340,0.750,0.870,0,0,0,0,0,18,304,0,60,3
16-06 06:44:23,1.497,0.998,96.559,0.250,0,5485656,324084,185068,2013176,4389.309,1455.119,0,271.463,0,17.964,1161,1728,0.340,0.750,0.870,0,0,0,0,0,18,304,0,60,3
16-06 06:44:24,1.750,0.750,96.271,0,0,5485652,324084,185072,2013176,3020.671,540.120,0,248.055,0,23.005,1190,1804,0.310,0.740,0.860,0,0,0,0,0,18,304,0,60,3
16-06 06:44:25,2.250,1.000,94.980,0,0,5485644,324084,185076,2013180,4908.956,1619.656,0,259.945,0,22.995,1258,1774,0.310,0.740,0.860,0,0,0,0,0,18,304,0,60,3
16-06 06:44:26,1.000,0.250,97.296,0,0,5485640,324084,185080,2013180,4622.167,1620.760,0,32.015,0,4.002,938,1363,0.310,0.740,0.860,0,0,0,0,0,18,304,0,58,3
16-06 06:44:27,1.500,1.000,96.740,0.250,0,5485628,324084,185092,2013180,4696.501,1619.828,0,351.963,0,27.997,1229,1871,0.310,0.740,0.860,0,0,0,0,0,18,304,0,58,3
16-06 06:44:28,1.250,0.250,97.034,0.250,0,5485624,324084,185096,2013180,3511.242,852.301,0,36.013,0,5.002,934,1390,0.310,0.740,0.860,0,0,0,0,0,18,304,0,58,3
16-06 06:44:29,9.249,3.250,85.740,0.750,0,5500932,308712,185124,2013216,271488.983,2245.743,43.995,679.922,6.999,44.995,2159,2568,0.290,0.730,0.860,2,0,8.999,0,0,18,304,0,58,3
16-06 06:44:30,11.488,4.495,81.915,0,0,5505816,303528,185156,2013484,282246.266,10269.385,243.748,387.599,17.981,23.975,2830,2524,0.290,0.730,0.860,0,0,32.966,0,0,18,304,0,55,3
16-06 06:44:31,15.272,5.758,78.114,0,0,5495720,306784,185164,2020316,144937.971,1988.909,160.234,0,5.007,0,2403,1945,0.290,0.730,0.860,1,0,26.038,0,0,18,304,0,55,3
