"pcp-dstat 6.2.0 CSV Output"
"Author:","PCP team <pcp@groups.io> and Dag Wieers <dag@wieers.com>",,,,"URL:","https://pcp.io/ and http://dag.wieers.com/home-made/dstat/"
"Host:","ubuntu",,,,"User:","ubuntu"
"Cmdline:","dstat -tcmndrylpg --tcp --output /tmp/devstack_logs/dstat-csv.log",,,,"Date:","30 Jun 2026 06:19:07 UTC"
"system","total usage",,,,,"memory usage",,,,"net/total",,"dsk/total",,"io/total",,"system",,"load avg",,,"procs",,,"paging",,"tcp sockets",,,,
"time","total usage:usr","total usage:sys","total usage:idl","total usage:wai","total usage:stl","used","free","buf","cach","net/total:recv","net/total:send","dsk/total:read","dsk/total:writ","read","writ","int","csw","1m","5m","15m","run","blk","new","in","out","lis","act","syn","tim","clo"
30-06 06:19:07,,971856,1429620,169476,5235096,,,,,,,1.370,0.900,0.490,2,0,,,,10,4,0,17,0
30-06 06:19:08,13.242,20.737,64.710,0,0,993356,1407756,169512,5235380,16531.864,3106.096,0,2258.615,0,63.961,6062,4930,1.340,0.900,0.490,1,0,438.731,0,0,10,5,0,17,0
30-06 06:19:09,22.219,19.722,56.920,0.250,0,990588,1409996,169608,5236088,25292.651,10819.878,0,1398.046,0,47.933,6134,6206,1.340,0.900,0.490,1,0,381.467,0,0,10,5,0,17,0
30-06 06:19:10,24.498,16.249,57.495,0.250,0,985980,1413960,169776,5236484,36611.837,13707.816,0,1651.857,0,51.996,6177,7790,1.340,0.900,0.490,2,0,288.975,0,0,10,6,0,17,0
30-06 06:19:11,30.468,10.989,57.440,0.250,0,1122796,1276448,169896,5361304,18132.159,9974.635,0,2645.251,0,96.899,4465,3831,1.340,0.900,0.490,2,0,110.885,0,0,11,8,0,17,0
30-06 06:19:12,25.077,12.037,61.689,0.752,0,1155328,1243148,170068,5361760,41841.207,12511.336,16.049,2110.467,1.003,70.215,4402,3469,1.340,0.900,0.490,2,0,185.569,0,0,11,7,0,19,1
30-06 06:19:13,37.966,7.493,53.452,0.500,0,1235648,1160520,170380,5363216,19225.587,11406.669,15.986,6689.941,0.999,63.942,3386,12954,1.310,0.910,0.500,1,0,35.967,0,0,11,6,0,19,2
30-06 06:19:14,40.987,5.498,50.234,1.999,0,1261092,1104952,171016,5390948,175481.548,5348.249,0,9700.824,0,562.816,5349,6556,1.310,0.910,0.500,2,0,10.996,0,0,11,8,0,19,2
30-06 06:19:15,35.044,7.009,42.053,12.766,0,1257916,1079204,173136,5414908,5753.213,1567.966,0,71397.516,0,4994.262,18740,35688,1.310,0.910,0.500,2,0,72.090,0,0,11,8,0,19,2
30-06 06:19:16,43.249,7.500,47.998,0.500,0,1245152,1069740,173516,5434752,5222.826,1565.948,0,8331.723,0,428.986,4258,4038,1.310,0.910,0.500,2,0,74.998,0,0,11,6,0,19,2
30-06 06:19:17,44.376,4.487,48.614,1.496,0,1245244,1051300,174592,5449408,4998.037,1507.788,0,4032.733,0,225.370,3406,2467,1.310,0.910,0.500,2,0,0,0,0,11,6,0,19,2
30-06 06:19:18,43.955,5.245,48.200,1.249,0,1222108,1043948,175624,5475988,6023.799,1658.293,0,9757.955,0,663.317,4045,3826,1.370,0.920,0.510,2,0,9.990,0,0,11,6,0,19,2
30-06 06:19:19,44.136,6.269,49.151,0.502,0,1287224,988456,176160,5464956,6028.579,2052.325,0,1865.750,0,133.411,2970,1975,1.370,0.920,0.510,2,0,2.006,0,0,11,4,0,19,0
30-06 06:19:20,34.499,10.750,53.748,0,0,1269880,1005752,176192,5465000,12171.570,4386.845,0,719.975,0,37.999,4384,3134,1.370,0.920,0.510,3,0,242.991,0,0,11,5,0,19,0
30-06 06:19:21,30.964,23.972,44.199,0.250,0,1245448,1022548,176352,5471908,5618.459,1737.977,0,2149.498,0,188.780,8185,9113,1.370,0.920,0.510,2,0,482.438,0,0,11,4,0,19,0
30-06 06:19:22,50.698,18.231,29.969,0,0,1252016,1014652,176372,5473052,5034.864,1618.349,0,87.910,0,0.999,14553,25287,1.370,0.920,0.510,4,0,259.735,0,0,11,5,0,19,0
30-06 06:19:23,63.940,11.534,22.316,0.251,0,1274176,1000444,176400,5465828,5175.399,1624.835,0,3169.431,0,192.573,9831,14168,1.500,0.960,0.520,4,0,15.045,0,0,11,5,0,19,0
30-06 06:19:24,65.356,9.729,24.696,0,0,1321752,952396,176400,5466300,5314.280,1562.554,0,247.454,0,7.982,3793,1693,1.500,0.960,0.520,3,0,25.943,0,0,11,5,0,19,0
30-06 06:19:25,31.251,11.000,54.501,0,0.250,1344536,927220,176432,5468612,5230.089,1620.028,0,2652.045,0,178.003,4257,5228,1.500,0.960,0.520,0,1,168.003,0,0,11,4,0,19,0
30-06 06:19:26,2.751,2.001,93.784,0.250,0,1336196,935556,176436,5468612,4998.802,1620.584,0,792.286,0,29.010,1121,1413,1.500,0.960,0.520,3,0,23.008,0,0,11,4,0,19,0
30-06 06:19:27,17.236,3.497,73.189,0,0,1386608,885144,176436,5468612,4781.995,1564.690,0,0,0,0,1657,1350,1.500,0.960,0.520,2,0,0,0,0,11,4,0,19,0
30-06 06:19:28,20.760,2.751,73.035,0,0,1413200,858548,176436,5468616,4682.250,1620.779,0,22434.780,0,325.156,1896,1451,1.460,0.960,0.520,1,0,0,0,0,11,4,0,19,0
30-06 06:19:29,21.496,2.000,71.987,1.000,0.250,1432720,838880,176492,5468860,4411.226,1511.735,0,1807.683,0,189.967,3237,4392,1.460,0.960,0.520,2,0,1.000,0,0,11,10,0,13,0
30-06 06:19:30,21.727,4.745,72.422,0.499,0,1381172,890412,176504,5468864,4541.119,1564.319,0,2577.230,0,148.840,2556,2313,1.460,0.960,0.520,3,0,41.955,0,0,11,4,0,15,0
30-06 06:19:31,20.289,3.256,75.396,0.250,0,1419868,851448,176504,5469052,6544.703,3538.869,0,609.182,0,9.018,1762,1272,1.460,0.960,0.520,0,0,0,0,0,11,5,0,15,0
30-06 06:19:32,19.982,2.498,76.183,0.250,0,1416328,854524,176548,5469416,8269.725,4391.137,267.764,1222.924,65.942,32.971,2613,2726,1.460,0.960,0.520,2,0,2.997,0,0,11,27,0,15,0
30-06 06:19:33,19.497,5.499,73.740,0,0,1383880,886952,176548,5469436,7986.941,4897.351,0,12170.387,0,78.990,2730,2252,1.420,0.960,0.530,1,0,43.994,0,0,11,28,0,16,0
30-06 06:19:34,18.998,2.500,77.740,0,0,1404272,866556,176548,5469440,7151.062,3788.503,0,0,0,0,1693,1185,1.420,0.960,0.530,2,0,0,0,0,11,29,0,16,0
30-06 06:19:35,20.554,8.021,70.435,0,0,1385120,885684,176548,5469464,10038.367,6116.065,0,1315.455,0,10.026,3248,2698,1.420,0.960,0.530,2,0,156.411,0,0,11,28,0,17,0
30-06 06:19:36,43.916,6.987,48.907,0,0,1456476,814328,176548,5469464,5342.820,1563.022,0,4978.514,0,132.747,2816,1430,1.420,0.960,0.530,3,0,0,0,0,11,28,0,17,0
30-06 06:19:37,31.759,3.751,63.769,0,0,1477204,793392,176548,5469672,20093.874,17237.039,0,128.037,0,10.003,5267,6493,1.420,0.960,0.530,0,0,0,0,0,11,30,0,16,0
30-06 06:19:38,49.827,21.784,26.792,0,0,1465516,805020,176548,5469728,9423.604,4558.064,0,27923.273,0,159.247,6300,6746,1.790,1.040,0.560,7,0,520.807,0,0,11,28,0,17,0
30-06 06:19:39,85.507,14.751,0,0,0,1675148,595384,176548,5469728,5072.393,1554.120,0,0,0,0,4887,2798,1.790,1.040,0.560,6,0,58.004,0,0,11,28,0,17,0
30-06 06:19:40,82.933,10.491,6.745,0,0,1808848,461636,176548,5469772,34765.743,30670.072,0,811.341,0,12.989,6361,7737,1.790,1.040,0.560,5,0,0,0,0,11,34,0,17,0
30-06 06:19:41,69.925,11.238,17.981,0.250,0,1661432,608780,176552,5470004,24941.372,17950.835,0,4163.555,0,272.709,8453,12175,1.790,1.040,0.560,1,0,249.733,0,0,11,28,0,22,0
30-06 06:19:42,19.227,5.993,72.914,0,0.250,1562588,707616,176552,5470012,5573.462,1618.102,0,351.588,0,14.982,2527,1881,1.790,1.040,0.560,3,0,60.929,0,0,11,28,0,22,0
30-06 06:19:43,16.494,2.249,80.221,0,0,1538564,731624,176556,5470024,10020.347,7537.252,0,1755.360,0,26.990,2321,2309,1.720,1.040,0.560,0,0,0,0,0,11,29,0,22,0
30-06 06:19:44,19.557,6.018,72.712,0.752,0,1500656,769512,176572,5470028,6546.104,2647.727,0,2001.842,0,101.296,3295,3112,1.720,1.040,0.560,1,0,68.199,0,0,11,28,0,23,0
30-06 06:19:45,18.748,2.750,77.993,0,0,1514240,755924,176572,5470032,8682.193,5475.491,0,0,0,0,2000,1620,1.720,1.040,0.560,1,0,0,0,0,11,29,0,23,0
30-06 06:19:46,14.256,9.754,74.281,0,0,1416348,853788,176572,5470060,8405.534,4568.921,0,772.325,0,51.021,4390,4388,1.720,1.040,0.560,2,0,202.085,0,0,11,28,0,24,0
30-06 06:19:47,21.922,29.396,48.578,0,0,1417708,852324,176572,5470144,4354.544,1345.225,0,47.830,0,11.958,6328,5335,1.720,1.040,0.560,5,0,766.280,0,0,11,28,0,24,0
30-06 06:19:48,84.556,15.055,0,0,0,1641216,628812,176576,5470144,6032.842,3219.657,0,172.625,0,13.047,4897,2601,1.990,1.110,0.580,4,0,67.243,0,0,11,29,0,24,0
30-06 06:19:49,76.313,10.973,12.968,0.249,0,1727768,542036,176584,5470328,35885.207,32177.279,0,89181.818,0,468.853,7958,10183,1.990,1.110,0.580,4,0,0,0,0,11,32,1,24,0
30-06 06:19:50,79.449,12.030,7.268,0,0,1584916,684792,176608,5470400,22948.508,18207.627,0,569.427,0,68.171,7999,11407,1.990,1.110,0.580,5,0,169.425,0,0,11,28,0,25,0
30-06 06:19:51,82.738,17.247,0.250,0,0,1669288,600324,176608,5470496,7639.890,4583.334,0,227.967,0,13.998,5071,3245,1.990,1.110,0.580,5,0,140.980,0,0,11,30,0,25,0
30-06 06:19:52,82.019,10.720,6.482,0,0,1819288,450200,176608,5470616,32523.281,29347.238,0,2205.779,0,98.722,7645,8820,1.990,1.110,0.580,4,0,0.997,0,0,11,34,0,25,0
30-06 06:19:53,72.610,10.266,16.275,0.250,0,1710788,558348,176608,5470964,37902.623,31938.556,0,312.475,0,26.040,9846,14380,2.150,1.160,0.600,3,0,150.228,0,0,11,29,0,30,0
30-06 06:19:54,44.503,11.751,43.253,0,0,1569708,699400,176612,5470984,4717.317,1545.104,0,4996.335,0,58.004,4209,3440,2.150,1.160,0.600,4,0,148.010,0,0,11,28,0,30,0
30-06 06:19:55,36.217,4.246,59.197,0,0,1579616,689476,176612,5471000,15439.142,12101.138,0,335.699,0,7.993,3391,2824,2.150,1.160,0.600,2,0,0,0,0,11,30,0,30,0
30-06 06:19:56,45.460,16.236,36.718,0.250,0,1500516,768368,176636,5471184,14158.577,9424.731,0,1059.071,0,74.934,6839,7908,2.150,1.160,0.600,3,0,377.669,0,0,11,28,0,32,0
30-06 06:19:57,57.809,7.007,34.785,0,0,1608348,660528,176636,5471192,13419.666,9923.105,0,600.612,0,4.004,3961,2103,2.150,1.160,0.600,3,0,0,0,0,11,31,0,32,0
30-06 06:19:58,55.072,6.008,39.051,0.250,0,1538752,730036,176660,5471256,26523.590,21631.210,0,332.434,0,34.044,7996,10747,2.140,1.170,0.610,3,0,42.055,0,0,11,28,0,32,0
30-06 06:19:59,79.312,18.514,1.251,0,0,1574392,694352,176660,5471276,5704.443,1621.263,0,5308.134,0,334.260,5113,2811,2.140,1.170,0.610,4,0,222.173,0,0,11,28,0,32,0
30-06 06:20:00,62.954,7.245,28.729,0,0,1642604,626168,176668,5471336,30582.751,28286.422,0,275.799,0,18.986,6658,8242,2.140,1.170,0.610,3,0,0,0,0,11,32,0,32,0
30-06 06:20:01,62.018,16.755,20.506,0.250,0,1572476,696204,176692,5471404,21510.127,15227.337,0,376.107,0,40.011,7043,8883,2.140,1.170,0.610,3,0,324.092,0,0,11,28,0,35,0
30-06 06:20:02,55.632,5.987,37.421,0,0,1637976,630696,176692,5471412,12725.084,8546.922,0,191.595,0,9.979,3694,1909,2.140,1.170,0.610,3,0,0.998,0,0,11,31,0,31,0
30-06 06:20:03,55.386,6.516,37.592,0,0,1547860,720388,176732,5471796,28070.853,23595.876,0,1022.508,0,79.194,8758,11493,2.120,1.190,0.620,4,0,58.143,0,0,11,28,0,33,0
30-06 06:20:04,61.901,15.725,21.715,0,0,1565844,702384,176736,5471812,5690.898,1617.413,0,383.387,0,15.974,4004,2395,2.120,1.190,0.620,3,0,240.615,0,0,11,28,0,33,0
30-06 06:20:05,46.060,6.258,47.561,0,0,1608168,660024,176744,5471840,23773.715,19330.975,0,136.176,0,6.008,5315,5621,2.120,1.190,0.620,3,0,0,0,0,11,31,0,33,0
30-06 06:20:06,58.138,16.468,24.203,0.250,0,1514092,753748,176756,5472180,16625.848,11576.613,0,307.406,0,25.950,6403,7292,2.120,1.190,0.620,3,0,286.446,0,0,11,28,0,33,0
30-06 06:20:07,54.306,7.007,38.039,0,0,1601052,666776,176756,5472192,17240.645,13429.745,0,4.004,0,1.001,3925,2681,2.120,1.190,0.620,3,0,0,0,0,11,31,0,33,0
30-06 06:20:08,54.285,8.756,36.273,0.250,0,1460796,806812,176780,5472388,19685.578,15498.903,0,776.496,0,55.035,7398,9104,2.110,1.200,0.620,3,0,111.071,0,0,11,28,0,35,0
30-06 06:20:09,64.272,10.504,25.759,0,0,1568980,698620,176780,5472396,5117.788,2961.034,0,120.042,0,8.003,3626,1545,2.110,1.200,0.620,2,0,1.000,0,0,11,29,0,35,0
30-06 06:20:10,46.608,4.486,47.356,0,0,1584788,682756,176788,5472444,27725.610,23605.152,0,434.677,0,28.912,6576,8433,2.110,1.200,0.620,4,0,0,0,0,11,30,0,36,0
30-06 06:20:11,69.703,24.822,6.018,0,0,1542156,725320,176796,5472504,7065.554,3478.118,0,381.109,0,39.114,6245,6246,2.110,1.200,0.620,8,0,580.689,0,0,11,28,0,37,0
30-06 06:20:12,80.505,19.251,0.250,0,0,1721292,546148,176800,5472536,10192.641,7937.499,0,192.012,0,10.001,5556,4553,2.110,1.200,0.620,7,0,418.026,0,0,11,31,0,37,0
30-06 06:20:13,80.169,17.482,1.249,0,0,1848768,418436,176824,5472752,31292.248,27282.317,0,907.080,0,59.939,7512,14152,2.430,1.280,0.650,6,0,368.626,0,0,11,33,0,38,0
30-06 06:20:14,76.608,20.028,3.755,0,0,1741720,525220,176844,5472996,37983.495,32665.005,0,532.750,0,42.059,7612,9798,2.430,1.280,0.650,6,0,467.659,0,0,11,29,1,36,0
30-06 06:20:15,85.546,12.470,1.746,0,0,1686644,580292,176844,5473016,11800.905,8260.334,0,183.563,0,17.957,5538,3719,2.430,1.280,0.650,5,0,59.857,0,0,11,30,0,36,0
30-06 06:20:16,78.177,9.772,11.276,0,0,1778156,488588,176844,5473204,34595.438,30184.437,0,0,0,0,7232,9411,2.430,1.280,0.650,5,0,0,0,0,11,32,0,37,0
30-06 06:20:17,57.242,15.498,25.996,0,0,1568252,698408,176844,5473284,28777.045,23431.780,0,11.998,0,3.000,8369,11666,2.430,1.280,0.650,2,0,403.944,0,0,11,28,0,41,0
30-06 06:20:18,18.997,32.245,47.992,0,0,1486944,779664,176848,5473336,6702.898,1713.718,0,99.984,0,14.998,6826,6101,2.390,1.290,0.660,5,0,876.856,0,0,11,28,0,41,0
30-06 06:20:19,77.718,18.492,3.748,0,0,1596032,670556,176848,5473356,8976.355,3969.388,0,19.992,0,4.998,4985,3091,2.390,1.290,0.660,4,0,320.870,0,0,11,29,0,41,0
30-06 06:20:20,64.294,7.255,27.519,0.250,0,1640644,625720,176864,5473556,31537.828,27437.990,0,652.452,0,60.042,7020,9375,2.390,1.290,0.660,3,0,0,0,0,11,30,0,43,0
30-06 06:20:21,72.008,18.252,9.251,0,0,1552720,713592,176876,5473596,11326.196,6416.678,0,488.052,0,46.005,6798,6461,2.390,1.290,0.660,4,0,268.028,0,0,11,28,0,45,0
30-06 06:20:22,72.240,8.749,18.498,0,0,1636068,630220,176880,5473616,20282.326,17156.738,0,179.976,0,6.999,4898,3742,2.390,1.290,0.660,3,0,1.000,0,0,11,32,0,45,0
30-06 06:20:23,53.808,5.730,39.360,0,0,1637820,628204,176888,5473868,39925.787,34720.329,0,4492.000,0,203.276,11417,18119,2.360,1.300,0.670,2,0,1.993,0,0,11,32,0,45,0
30-06 06:20:24,62.727,8.029,28.604,0,0.251,1605584,660192,176900,5474096,32439.513,26383.575,0,401.454,0,50.182,11173,16263,2.360,1.300,0.670,4,0,60.218,0,0,11,28,0,45,0
30-06 06:20:25,83.587,12.725,3.244,0,0,1589384,676388,176900,5474100,7135.083,3897.398,0,151.704,0,9.981,4858,2221,2.360,1.300,0.670,3,0,59.883,0,0,11,29,0,45,0
30-06 06:20:26,63.066,7.007,29.531,0,0,1644604,620960,176904,5474300,35924.751,31408.005,0,116.122,0,8.008,7263,11075,2.360,1.300,0.670,2,0,0,0,0,11,32,0,45,0
30-06 06:20:27,53.533,6.254,38.774,0,0,1615840,649444,176908,5474572,46254.434,40171.695,0,108.066,0,8.005,13340,20808,2.360,1.300,0.670,3,0,24.015,0,0,11,30,0,47,0
30-06 06:20:28,78.843,16.717,3.743,0,0,1559660,705584,176908,5474608,12061.981,7343.377,0,1361.289,0,9.980,5807,4586,2.490,1.350,0.690,4,0,235.531,0,0,11,28,0,49,0
30-06 06:20:29,71.143,8.016,20.541,0,0,1649764,615448,176908,5474636,23430.259,20721.796,0,136.275,0,7.014,5349,4511,2.490,1.350,0.690,5,0,0,0,0,11,32,0,49,0
30-06 06:20:30,62.129,8.483,28.694,0,0,1610144,654820,176908,5474880,36195.564,30815.035,0,231.549,0,39.922,10273,16317,2.490,1.350,0.690,3,0,67.868,0,0,11,30,0,51,0
30-06 06:20:31,84.328,12.762,2.753,0.250,0,1609088,655720,176912,5474996,9492.736,4871.483,0,364.335,0,37.034,5580,4352,2.490,1.350,0.690,4,0,62.057,0,0,11,28,0,49,0
30-06 06:20:32,66.083,7.009,26.533,0.501,0,1612844,651920,176916,5475032,25253.536,21026.257,0,384.480,0,44.055,5830,5744,2.490,1.350,0.690,4,0,12.015,0,0,11,32,0,51,0
30-06 06:20:33,70.810,12.466,15.957,0,0,1622156,642532,176916,5475104,25071.582,20284.455,0,199.464,0,13.962,7702,10661,2.610,1.390,0.700,3,0,110.702,0,0,11,34,0,51,0
30-06 06:20:34,66.574,11.763,21.023,0,0,1589176,675312,176920,5475296,30463.025,24952.870,0,112.125,0,8.009,6127,9049,2.610,1.390,0.700,5,0,141.158,0,0,11,34,0,53,0
30-06 06:20:35,76.132,13.230,9.735,0,0,1572216,692220,176924,5475344,16943.770,13363.313,0,183.716,0,12.980,5226,5729,2.610,1.390,0.700,3,0,85.867,0,0,11,33,0,54,0
30-06 06:20:36,72.941,9.525,17.295,0,0,1616724,647532,176928,5475516,23081.447,18540.555,0,1728.527,0,110.289,5834,6349,2.610,1.390,0.700,2,0,34.089,0,0,11,35,0,55,0
30-06 06:20:37,72.750,10.250,17.750,0,0,1668016,596188,176928,5475564,24238.990,18702.992,0,4.000,0,1.000,6007,7489,2.610,1.390,0.700,4,0,34.000,0,0,11,34,0,56,0
30-06 06:20:38,59.770,10.504,28.510,0,0,1614008,650160,176932,5475596,18445.212,14329.826,0,508.171,0,50.017,5171,5319,2.560,1.400,0.710,3,0,138.046,0,0,11,33,0,59,0
30-06 06:20:39,56.223,10.995,31.985,0,0,1581604,682552,176932,5475608,11660.457,7993.200,0,227.892,0,20.990,4434,3517,2.560,1.400,0.710,3,0,119.943,0,0,11,33,0,58,0
30-06 06:20:40,51.770,7.503,40.016,0.250,0,1579264,684688,176932,5475800,20760.197,15960.302,0,228.090,0,17.007,4487,5483,2.560,1.400,0.710,5,0,65.026,0,0,11,34,0,59,0
30-06 06:20:41,57.193,9.491,33.217,0,0,1527868,735896,176940,5475980,19411.761,14004.121,0,171.830,0,7.992,5448,6682,2.560,1.400,0.710,3,0,83.917,0,0,11,32,0,61,0
30-06 06:20:42,56.377,8.482,34.176,0,0,1554272,709424,176940,5476048,15184.960,11193.644,0,207.548,0,15.965,4327,3827,2.560,1.400,0.710,1,0,33.926,0,0,11,34,0,61,0
30-06 06:20:43,39.767,7.253,51.772,0.250,0,1516496,747012,176940,5476228,25216.875,20519.850,0,376.162,0,45.019,6524,8081,2.600,1.430,0.720,2,0,86.037,0,0,11,34,0,56,0
30-06 06:20:44,36.613,11.285,51.911,0,0,1443084,820400,176948,5476244,8317.749,4923.241,0,377.168,0,36.112,4632,4557,2.600,1.430,0.720,3,0,135.419,0,0,11,32,0,58,0
30-06 06:20:45,35.708,4.994,58.181,0,0,1507232,756244,176948,5476252,11975.808,8631.771,0,359.574,0,12.985,3004,2174,2.600,1.430,0.720,3,0,0,0,0,11,34,0,58,0
30-06 06:20:46,37.545,7.008,54.315,0,0,1478692,784588,176948,5476448,16081.275,11903.267,0,592.710,0,35.042,5418,6299,2.600,1.430,0.720,2,0,56.067,0,0,11,32,0,60,0
30-06 06:20:47,38.725,8.994,51.717,0,0,1533608,729628,176948,5476492,6742.711,3720.633,0,7.995,0,1.999,3269,1844,2.600,1.430,0.720,1,0,81.948,0,0,11,33,0,58,0
30-06 06:20:48,35.472,5.745,57.204,0.250,0,1535868,727336,176952,5476516,18355.323,13812.955,0,331.735,0,28.977,4753,5065,2.550,1.440,0.730,2,0,59.952,0,0,11,33,0,59,0
30-06 06:20:49,41.252,6.500,51.752,0.250,0,1500724,762464,176960,5476524,7014.331,3928.185,0,240.011,0,23.001,3658,2945,2.550,1.440,0.730,2,0,5.000,0,0,11,32,0,60,0
30-06 06:20:50,34.757,4.501,59.762,0,0,1513752,749416,176960,5476544,17860.558,14537.896,0,112.022,0,7.001,3462,3362,2.550,1.440,0.730,2,0,0,0,0,11,34,0,60,0
30-06 06:20:51,37.270,7.004,55.029,0.250,0,1414272,848840,176960,5476592,14735.752,10740.650,0,352.185,0,26.014,5295,6276,2.550,1.440,0.730,3,0,48.025,0,0,11,32,0,61,0
30-06 06:20:52,39.726,5.996,53.718,0,0,1500760,762348,176960,5476596,9814.178,6383.214,0,147.912,0,9.994,2833,1763,2.550,1.440,0.730,2,0,0.999,0,0,11,33,0,61,0
30-06 06:20:53,32.453,3.994,62.161,0,0,1500576,762352,176968,5476764,21043.834,17802.481,0,243.651,0,21.969,5098,6698,2.430,1.430,0.730,1,0,0,0,0,11,33,0,62,0
30-06 06:20:54,26.747,12.499,59.993,0.250,0,1425780,837080,176968,5476832,7384.177,2939.672,0,4175.535,0,175.980,4583,3996,2.430,1.430,0.730,1,0,281.969,0,0,11,32,0,63,0
30-06 06:20:55,19.280,2.254,77.872,0,0,1454848,808004,176968,5476836,11149.441,7292.408,0,184.288,0,9.014,1907,1599,2.430,1.430,0.730,1,0,0,0,0,11,33,0,58,0
30-06 06:20:56,15.501,7.751,75.757,0,0,1375644,887168,176984,5476860,11190.075,6602.634,0,692.066,0,53.005,4514,4997,2.430,1.430,0.730,2,0,140.013,0,0,11,32,0,59,0
30-06 06:20:57,18.469,8.486,72.629,0,0,1433980,828828,176984,5476864,5391.025,1617.307,0,15.973,0,3.993,2868,2128,2.430,1.430,0.730,2,0,143.761,0,0,11,32,0,59,0
30-06 06:20:58,17.723,1.997,78.881,0,0,1448812,813980,176984,5476880,12970.452,8344.424,0,0,0,0,2332,2242,2.310,1.430,0.730,1,0,0,0,0,11,33,0,59,0
30-06 06:20:59,19.799,5.764,73.432,0,0,1417028,845736,176996,5476892,9630.886,5446.508,0,1247.093,0,21.052,3445,3638,2.310,1.430,0.730,1,0,52.129,0,0,11,32,0,57,0
30-06 06:21:00,18.734,2.997,77.434,0,0,1419252,843508,176996,5476896,10334.227,6538.450,0,0,0,0,1985,1637,2.310,1.430,0.730,1,0,0,0,0,11,33,0,57,0
30-06 06:21:01,18.735,2.248,77.686,0.250,0,1419264,843320,177004,5477064,15111.557,10144.647,0,435.641,0,57.952,4182,5441,2.310,1.430,0.730,1,0,0,0,0,11,33,0,57,0
30-06 06:21:02,12.292,17.309,69.235,0.251,0,1376080,886348,177008,5477212,5816.765,2037.925,0,252.859,0,22.075,5437,4612,2.310,1.430,0.730,1,0,375.275,0,0,11,32,0,57,0
30-06 06:21:03,33.216,14.485,51.947,0,0,1457956,804244,177076,5477336,5606.281,1510.459,0,415.576,0,25.974,4371,3392,2.290,1.440,0.740,2,0,252.742,0,0,11,32,0,55,0
30-06 06:21:04,42.278,6.504,48.532,2.502,0,1544564,713848,177476,5480220,5869.857,1609.057,0,6960.573,0,559.368,5205,6563,2.290,1.440,0.740,1,2,32.021,0,0,11,36,0,55,0
30-06 06:21:05,36.260,7.002,40.762,13.254,0,1534248,718008,178464,5485120,5733.649,1512.435,0,48645.990,0,4203.209,17078,32368,2.290,1.440,0.740,2,0,112.032,0,0,11,36,0,55,0
30-06 06:21:06,37.209,6.743,42.703,11.238,0,1544100,707400,178856,5485432,5756.660,1564.277,0,34190.345,0,3075.613,13119,23376,2.290,1.440,0.740,4,0,28.968,0,0,11,32,0,55,0
30-06 06:21:07,44.306,6.508,48.311,0.501,0,1524764,726704,178864,5485452,4457.593,973.221,0,3316.161,0,172.216,3203,2324,2.290,1.440,0.740,3,0,6.008,0,0,11,32,0,51,0
30-06 06:21:08,37.744,6.499,43.993,9.498,0,1547072,703844,179100,5485768,5219.125,1619.729,0,13281.774,0,1975.669,12702,21859,2.340,1.460,0.750,3,0,2.999,0,0,11,34,0,51,0
30-06 06:21:09,33.450,8.737,52.422,3.994,0,1473456,777204,179156,5485968,4852.799,1617.600,0,9965.212,0,1036.462,7381,10714,2.340,1.460,0.750,3,0,98.853,0,0,11,32,0,51,0
30-06 06:21:10,21.966,3.744,72.886,0.250,0,1498500,752160,179156,5485968,4704.625,1455.718,0,1557.558,0,71.887,2003,1687,2.340,1.460,0.750,3,0,1.997,0,0,11,32,0,51,0
30-06 06:21:11,22.785,3.005,72.613,0.751,0,1481312,769312,179168,5485992,4870.550,1622.515,0,6578.197,0,357.554,2317,2566,2.340,1.460,0.750,1,0,1.002,0,0,11,32,0,51,0
30-06 06:21:12,22.267,3.503,73.057,0,0,1479420,771204,179168,5485992,5053.919,1621.257,0,68.053,0,6.005,1793,1213,2.340,1.460,0.750,1,0,1.001,0,0,11,32,0,47,0
30-06 06:21:13,27.522,5.755,67.054,0,0,1467392,783216,179168,5486008,5404.347,1621.304,0,8.006,0,2.002,2835,9727,2.240,1.450,0.750,1,0,39.031,0,0,11,32,0,48,0
30-06 06:21:14,21.705,3.493,73.847,0,0,1523084,727524,179168,5486008,5388.860,1616.658,0,1081.764,0,137.715,1799,1269,2.240,1.450,0.750,1,0,0,0,0,11,32,0,48,0
30-06 06:21:15,22.260,3.502,73.032,0,0,1545080,705436,179176,5486084,5342.317,1620.703,0,52.023,0,2.001,1776,1154,2.240,1.450,0.750,3,0,2.001,0,0,11,32,0,48,0
30-06 06:21:16,21.477,3.996,74.171,0,0,1518740,731776,179176,5486084,5531.099,1618.274,0,0,0,0,1819,1313,2.240,1.450,0.750,3,0,0.999,0,0,11,32,0,46,0
30-06 06:21:17,22.004,4.001,73.765,0,0,1539900,710608,179176,5486084,4134.823,702.140,0,180.036,0,2.000,1758,1182,2.240,1.450,0.750,2,0,2.000,0,0,11,32,0,46,0
30-06 06:21:18,23.021,2.502,73.316,0,0,1510500,739908,179176,5486180,5811.256,1391.258,0,148.134,0,12.011,1925,1531,2.140,1.450,0.760,2,0,1.001,0,0,11,32,0,46,0
30-06 06:21:19,22.517,3.252,73.305,0,0,1501372,748992,179188,5486204,5356.029,1567.179,0,384.289,0,23.017,1861,1394,2.140,1.450,0.760,3,0,1.001,0,0,11,32,0,46,0
30-06 06:21:20,21.985,3.997,73.949,0,0,1474852,775512,179188,5486204,6387.584,1510.956,0,0,0,0,1783,1221,2.140,1.450,0.760,3,0,1.999,0,0,11,32,0,41,0
30-06 06:21:21,22.472,2.497,73.659,0,0,1480556,769788,179188,5486224,5120.693,1618.007,0,23.970,0,3.995,1734,1160,2.140,1.450,0.760,3,0,0.999,0,0,11,32,0,41,0
30-06 06:21:22,22.538,3.255,73.374,0,0,1503896,746360,179196,5486264,4826.128,1460.460,0,0,0,0,1786,1323,2.140,1.450,0.760,2,0,1.002,0,0,11,32,0,41,0
30-06 06:21:23,22.498,3.500,73.744,0,0,1487768,762488,179196,5486264,4739.623,1619.871,0,0,0,0,1761,1315,2.050,1.440,0.760,3,0,1.000,0,0,11,32,0,41,0
30-06 06:21:24,22.721,3.495,73.655,0,0,1493724,756520,179196,5486276,4751.872,1456.122,0,115.851,0,1.997,1694,1169,2.050,1.440,0.760,2,0,1.997,0,0,11,32,0,37,0
30-06 06:21:25,11.529,16.793,70.429,0,0,1439776,810316,179204,5486416,4812.222,1624.125,0,533.355,0,7.018,5113,3862,2.050,1.440,0.760,2,0,364.927,0,0,11,32,0,37,0
30-06 06:21:26,9.001,20.751,69.504,0,0,1423352,826548,179212,5486592,5015.282,1458.082,0,912.051,0,12.001,6174,4755,2.050,1.440,0.760,1,0,471.027,0,0,11,32,0,37,0
30-06 06:21:27,7.500,22.250,68.999,0,0,1429584,820276,179212,5486628,4929.931,1619.977,0,87.999,0,1.000,6193,4806,2.050,1.440,0.760,3,0,482.993,0,0,11,32,0,37,0
30-06 06:21:28,19.961,6.487,72.607,0,0.250,1484020,765840,179220,5486620,5329.512,1616.818,0,283.442,0,23.953,2589,2279,1.960,1.430,0.760,1,0,50.900,0,0,11,32,0,33,0
30-06 06:21:29,22.481,3.247,73.188,0.999,0,1505812,744000,179248,5486636,4736.002,1618.634,0,5099.695,0,243.794,2186,2120,1.960,1.430,0.760,2,0,1.998,0,0,11,32,0,33,0
30-06 06:21:30,22.495,3.499,73.482,0,0,1459944,789884,179248,5486620,4516.896,1457.644,0,0,0,0,1760,1258,1.960,1.430,0.760,1,0,1.000,0,0,11,32,0,33,0
30-06 06:21:31,23.042,2.755,73.633,0,0,1494768,755040,179248,5486640,5212.415,1622.931,0,1963.547,0,193.349,1771,1176,1.960,1.430,0.760,1,0,2.004,0,0,11,32,0,33,0
30-06 06:21:32,21.957,3.992,73.105,0,0,1477412,772408,179248,5486628,4936.223,1616.798,0,0,0,0,1819,1256,1.960,1.430,0.760,2,0,1.996,0,0,11,32,0,31,0
30-06 06:21:33,23.268,2.752,74.057,0,0,1499776,750032,179248,5486640,6100.716,1621.253,0,12.009,0,1.001,1796,1139,1.880,1.420,0.760,2,0,2.002,0,0,11,32,0,31,0
30-06 06:21:34,22.510,3.251,73.782,0,0,1483668,766160,179248,5486620,5028.178,1566.679,0,48.021,0,1.000,1795,1324,1.880,1.420,0.760,1,1,1.000,0,0,11,32,0,31,0
30-06 06:21:35,21.723,3.745,73.410,0,0,1491192,758644,179248,5486620,4326.702,970.811,0,7.990,0,1.998,1760,1199,1.880,1.420,0.760,1,0,1.998,0,0,11,32,0,31,0
30-06 06:21:36,22.537,3.255,73.871,0,0,1463396,786428,179248,5486632,5658.280,1622.661,0,24.039,0,1.002,1735,1105,1.880,1.420,0.760,1,0,1.002,0,0,11,32,0,25,0
30-06 06:21:37,21.908,4.232,73.194,0,0,1512360,737460,179248,5486632,5136.515,1505.702,0,2107.186,0,12.946,1816,1215,1.880,1.420,0.760,4,0,1.992,0,0,11,32,0,25,0
30-06 06:21:38,23.340,2.510,73.282,0,0,1478464,771380,179252,5486616,5673.860,1572.057,0,196.758,0,10.039,1963,1563,1.810,1.420,0.760,1,0,1.004,0,0,11,32,0,25,0
30-06 06:21:39,22.230,3.747,73.183,0.250,0,1491564,758276,179256,5486616,5335.134,1618.524,0,303.723,0,21.980,1799,1215,1.810,1.420,0.760,2,0,1.998,0,0,11,32,0,25,0
30-06 06:21:40,22.772,3.003,73.822,0,0,1495320,754492,179256,5486644,7130.934,1459.419,0,28.027,0,1.001,1754,1035,1.810,1.420,0.760,1,0,1.001,0,0,11,32,0,18,0
30-06 06:21:41,22.210,3.244,73.369,0,0.250,1500520,749380,179256,5486556,6331.673,1617.107,0,0,0,0,1772,1213,1.810,1.420,0.760,2,0,1.996,0,0,11,32,0,18,0
30-06 06:21:42,22.285,3.255,73.867,0,0,1537996,711904,179256,5486556,6354.047,1460.309,0,88.139,0,1.002,1810,1112,1.810,1.420,0.760,1,0,1.002,0,0,11,32,0,18,0
30-06 06:21:43,22.750,3.250,73.501,0,0,1487708,762116,179256,5486632,5160.095,1620.030,0,4.000,0,1.000,1811,1202,1.750,1.410,0.760,1,0,1.000,0,0,11,32,0,18,0
30-06 06:21:44,21.751,3.750,73.502,0,0,1469656,780176,179256,5486624,4518.151,1458.049,0,64.002,0,2.000,1812,1262,1.750,1.410,0.760,1,1,1.000,0,0,11,32,0,13,0
30-06 06:21:45,22.236,3.498,73.705,0,0,1508264,741568,179256,5486624,5216.818,1619.013,0,551.664,0,93.943,1772,1147,1.750,1.410,0.760,2,0,1.999,0,0,11,32,0,13,0
30-06 06:21:46,22.548,3.507,73.655,0,0,1467808,782024,179256,5486624,5849.328,1623.421,0,28.059,0,2.004,1829,1239,1.750,1.410,0.760,1,0,1.002,0,0,11,32,0,13,0
30-06 06:21:47,23.215,3.245,73.140,0,0,1444756,805032,179256,5486668,5212.185,1617.575,0,71.892,0,1.997,1830,1200,1.750,1.410,0.760,2,0,0.999,0,0,11,32,0,13,0
30-06 06:21:48,21.752,3.000,73.258,0,0,1470176,779604,179256,5486676,5072.557,1512.166,0,116.013,0,9.001,2012,1656,1.690,1.400,0.760,2,0,2.000,0,0,11,32,0,10,0
30-06 06:21:49,19.029,9.014,71.861,0,0,1448772,800924,179256,5486724,5093.873,1568.424,0,500.774,0,31.048,3154,2332,1.690,1.400,0.760,1,0,162.251,0,0,11,32,0,10,0
30-06 06:21:50,13.218,15.961,69.828,0,0,1469660,780020,179256,5486740,5207.205,1616.029,0,143.647,0,5.985,4587,3481,1.690,1.400,0.760,1,0,297.270,0,0,11,32,0,10,0
30-06 06:21:51,22.253,2.750,73.261,0,0,1520388,729272,179256,5486760,5057.770,1620.247,0,0,0,0,1776,1196,1.690,1.400,0.760,1,0,0,0,0,11,32,0,10,0
30-06 06:21:52,22.796,3.257,73.899,0,0,1503636,745756,179256,5486996,4841.771,1515.058,0,20.040,0,2.004,1877,1186,1.690,1.400,0.760,1,0,11.022,0,0,11,32,0,7,0
30-06 06:21:53,22.253,3.250,74.009,0,0,1524340,725052,179256,5486996,5146.642,1608.200,0,0,0,0,1691,1122,1.630,1.400,0.770,1,0,0,0,0,11,32,0,7,0
30-06 06:21:54,13.736,16.233,69.178,0.250,0,1471076,778172,179256,5487140,5823.908,1618.307,39.958,235.753,1.998,4.995,5051,3922,1.630,1.400,0.770,2,0,393.588,0,0,11,32,0,7,0
30-06 06:21:55,8.004,22.511,68.534,0,0,1448640,800556,179256,5487180,5060.493,1458.719,0,320.158,0,8.004,6555,5472,1.630,1.400,0.770,2,0,591.291,0,0,11,32,0,7,0
30-06 06:21:56,8.008,22.273,68.071,0,0,1440552,808600,179256,5487216,5482.754,1621.702,0,532.559,0,7.007,6742,5623,1.630,1.400,0.770,2,0,618.649,0,0,11,32,0,7,0
30-06 06:21:57,7.992,23.226,68.181,0,0,1429576,819544,179256,5487240,5006.916,1510.466,0,1530.446,0,18.981,6174,4828,1.630,1.400,0.770,1,0,508.484,0,0,11,32,0,4,0
30-06 06:21:58,8.258,21.772,68.319,0,0,1416996,832092,179260,5487268,4970.991,1567.574,0,1381.387,0,25.025,6439,5205,1.500,1.370,0.760,1,0,505.508,0,0,11,32,0,4,0
30-06 06:21:59,8.225,21.685,68.296,0,0,1408436,840596,179260,5487304,4947.239,1507.502,0,518.453,0,25.923,5798,4349,1.500,1.370,0.760,1,0,407.783,0,0,11,32,0,4,0
30-06 06:22:00,8.011,21.529,69.344,0,0,1392172,856828,179260,5487336,4431.978,1568.115,0,344.465,0,8.011,5913,4462,1.500,1.370,0.760,1,0,425.574,0,0,11,32,0,4,0
30-06 06:22:01,8.010,23.028,68.333,0,0,1386604,862368,179260,5487364,5423.562,1621.962,0,64.078,0,16.019,6269,4838,1.500,1.370,0.760,1,0,498.603,0,0,11,32,0,3,0
30-06 06:22:02,9.756,21.012,68.040,0,0,1355532,893252,179276,5487528,4894.910,1512.900,0,24.014,0,6.004,5951,4751,1.500,1.370,0.760,2,0,461.274,0,0,11,32,0,3,0
30-06 06:22:03,40.248,28.749,30.249,0.250,0,1434620,813940,179320,5487672,5519.748,1619.926,0,1247.943,0,64.997,6975,6552,1.620,1.400,0.770,3,0,678.969,0,0,11,32,0,9,0
30-06 06:22:04,64.500,10.500,24.000,0,0,1627408,619408,179432,5489068,5145.989,1607.996,0,239.999,0,8.000,3848,1795,1.620,1.400,0.770,5,0,3.000,0,0,11,34,0,9,0
30-06 06:22:05,46.229,10.245,29.736,12.744,0,1605288,629856,180308,5498832,5517.481,1619.261,371.830,55082.854,2.999,3984.181,16641,32147,1.620,1.400,0.770,5,0,127.942,0,0,11,36,0,8,0
30-06 06:22:06,40.750,11.250,28.750,16.500,0,1631180,590940,180872,5510844,5836.957,1619.988,4.000,92103.325,1.000,6781.950,22066,46397,1.620,1.400,0.770,3,1,140.999,0,0,11,36,0,8,0
30-06 06:22:07,44.205,9.490,29.720,14.485,0,1654356,556932,181132,5520976,11991.912,8456.476,0,91423.842,0,6958.985,21101,44599,1.620,1.400,0.770,3,0,44.955,0,0,11,37,0,8,0
30-06 06:22:08,36.990,23.244,27.493,10.497,0,1548324,655468,181448,5528216,7585.047,4039.960,295.924,51510.737,3.999,3724.041,17331,32926,2.050,1.490,0.810,4,2,407.895,0,0,11,34,0,9,0
30-06 06:22:09,42.808,19.026,26.036,10.514,0,1595120,601584,181872,5534212,7123.727,3976.429,1602.188,61100.426,27.037,4293.863,17846,35268,2.050,1.490,0.810,2,1,271.371,0,0,11,35,0,9,0
30-06 06:22:10,28.260,6.502,47.517,13.755,0,1592232,600604,182012,5537804,14782.333,11275.068,0,53543.317,0,4191.512,18089,35649,2.050,1.490,0.810,2,0,54.019,0,0,11,35,0,9,0
30-06 06:22:11,28.478,7.244,47.463,13.739,0,1578320,614128,182096,5538068,13189.827,9133.955,0,46180.381,0,4002.913,18009,34403,2.050,1.490,0.810,3,0,62.951,0,0,11,34,0,9,0
30-06 06:22:12,35.722,8.244,40.219,13.490,0,1624512,566064,182264,5539728,4828.249,1552.794,0,46375.973,0,4015.880,14628,28134,2.050,1.490,0.810,4,1,36.971,0,0,11,34,0,9,0
30-06 06:22:13,29.014,7.754,46.023,14.757,0,1630868,558872,182464,5541192,14971.439,11012.472,0,52774.222,0,4363.168,18137,35790,2.130,1.520,0.820,7,1,62.031,0,0,11,35,0,9,0
30-06 06:22:14,38.768,6.503,41.769,10.255,0,1634600,553328,182532,5542076,16385.546,12265.649,0,38501.731,0,3087.422,15424,31784,2.130,1.520,0.820,4,0,35.016,0,0,11,34,0,11,0
30-06 06:22:15,34.516,11.756,38.268,13.757,0,1648080,537176,182588,5544644,5342.538,1620.770,0,50503.989,0,4023.911,15751,31067,2.130,1.520,0.820,2,1,128.061,0,0,11,36,0,11,0
30-06 06:22:16,28.461,6.990,46.436,14.480,0,1662148,520148,182608,5547516,12751.526,8387.506,0,45389.801,0,3767.837,16155,30140,2.130,1.520,0.820,3,0,44.938,0,0,11,37,0,11,0
30-06 06:22:17,27.016,6.504,50.279,13.758,0,1649716,530216,182692,5549716,18191.597,13590.917,0,55904.564,0,4311.511,19232,36618,2.130,1.520,0.820,2,1,42.024,0,0,11,37,0,10,0
30-06 06:22:18,34.726,8.994,39.973,13.990,0,1580280,596340,182772,5552864,6982.256,2123.557,0,56205.811,0,4496.945,17102,34091,2.200,1.540,0.830,1,1,125.914,0,0,11,36,0,10,0
30-06 06:22:19,32.772,6.755,43.029,15.260,0,1619732,554656,182808,5554988,10776.243,6548.401,0,49917.549,0,4171.804,16093,31688,2.200,1.540,0.830,1,1,45.030,0,0,11,37,0,10,0
30-06 06:22:20,29.771,6.505,48.534,12.759,0,1614372,565424,182816,5549556,15269.820,10082.144,0,55967.659,0,4533.212,19542,38333,2.200,1.540,0.830,3,0,12.009,0,0,11,37,0,10,0
30-06 06:22:21,30.506,8.752,46.009,11.752,0,1577340,600332,182860,5551632,12529.574,8193.683,0,42924.819,0,3426.704,16215,29393,2.200,1.540,0.830,2,0,88.018,0,0,11,34,0,12,0
30-06 06:22:22,34.646,10.718,53.090,0,0,1471344,706276,182860,5551680,4738.718,1748.730,0,881.344,0,46.859,4095,2984,2.200,1.540,0.830,0,0,212.360,0,0,11,32,1,12,0
30-06 06:22:23,17.738,2.248,78.446,0.500,0,1470276,707196,182860,5551828,13954.442,10280.958,0,3389.678,0,262.820,3364,3962,2.020,1.520,0.830,1,0,0,0,0,11,32,0,13,0
30-06 06:22:24,21.293,5.261,73.147,0.251,0,1497280,680192,182860,5551828,4629.313,1623.266,0,412.831,0,26.052,2172,1560,2.020,1.520,0.830,1,0,34.069,0,0,11,32,0,13,0
30-06 06:22:25,16.762,1.501,80.555,0.250,0,1492632,684640,182860,5552028,12099.323,8335.734,0,504.347,0,36.025,2391,2532,2.020,1.520,0.830,2,0,0,0,0,11,32,0,14,0
30-06 06:22:26,19.508,6.503,73.028,0.250,0,1456464,720804,182860,5552032,4938.923,1620.631,0,312.122,0,15.006,2456,1831,2.020,1.520,0.830,1,0,60.023,0,0,11,32,0,14,0
30-06 06:22:27,18.223,1.997,78.384,0,0,1484044,693220,182860,5552036,11087.558,7322.142,0,287.574,0,15.976,2047,1828,2.020,1.520,0.830,0,0,0,0,0,11,33,0,14,0
30-06 06:22:28,19.524,4.756,75.093,0,0,1454908,722244,182860,5552148,9946.290,6291.774,0,520.643,0,20.025,3860,4173,2.020,1.530,0.830,1,0,43.053,0,0,11,32,0,15,0
30-06 06:22:29,18.748,3.250,77.494,0.250,0,1470360,706792,182860,5552148,7045.419,3916.677,0,283.977,0,22.998,1738,1372,2.020,1.530,0.830,2,0,0,0,0,11,33,0,15,0
30-06 06:22:30,17.468,2.246,78.107,0.250,0,1466800,710204,182860,5552296,13296.602,9954.734,0,1261.685,0,79.853,3797,5032,2.020,1.530,0.830,5,0,0,0,0,11,32,0,16,0
30-06 06:22:31,10.530,19.555,68.943,0.251,0,1431276,745568,182864,5552452,4936.854,1570.407,0,172.484,0,10.028,5596,4218,2.020,1.530,0.830,2,0,437.227,0,0,11,32,0,16,0
30-06 06:22:32,45.499,18.250,34.999,0.250,0,1507084,669540,182884,5552652,4471.885,1511.961,0,779.980,0,56.999,5620,4609,2.020,1.530,0.830,3,0,362.991,0,0,11,32,0,22,0
30-06 06:22:33,65.499,9.500,24.750,0,0,1691576,483060,182960,5554448,4739.954,1619.984,0,559.995,0,23.000,3704,1738,2.100,1.550,0.840,3,0,2.000,0,0,11,32,0,22,0
30-06 06:22:34,68.091,7.483,23.944,0,0,1796376,374000,183096,5558140,4806.777,1454.604,0,7207.173,0,225.474,4306,2021,2.100,1.550,0.840,3,0,5.986,0,0,11,32,0,22,0
30-06 06:22:35,31.320,7.266,44.099,15.284,0,1805864,352340,183264,5569620,5412.136,1623.641,0,76307.111,0,5499.332,22060,42140,2.100,1.550,0.840,2,1,201.452,0,0,11,38,0,22,0
30-06 06:22:36,23.752,6.751,48.754,17.751,0,1805620,341028,183352,5580720,5523.422,1566.120,0,92643.074,0,6784.518,25250,50152,2.100,1.550,0.840,3,2,232.018,0,0,11,38,0,22,0
30-06 06:22:37,33.748,7.500,41.747,15.749,0,1808076,330696,183404,5588268,5011.698,1511.909,0,68455.876,0,5527.667,20614,39971,2.100,1.550,0.840,2,1,163.990,0,0,11,38,0,22,0
30-06 06:22:38,37.982,13.244,32.485,14.243,0,1767492,360460,183488,5598624,5323.486,1565.261,0,89285.831,0,6241.052,24476,45044,2.090,1.560,0.850,6,0,222.895,0,0,11,36,0,22,0
30-06 06:22:39,42.004,10.001,31.253,14.251,0,1787428,327448,183516,5611148,5520.552,1620.162,0,89388.942,0,5652.565,19419,39164,2.090,1.560,0.850,5,1,0,0,0,11,36,0,22,0
30-06 06:22:40,36.438,10.233,34.192,16.722,0.250,1714892,394100,183524,5616820,6946.187,1509.433,0,83406.161,0,6034.737,21213,43092,2.090,1.560,0.850,3,1,148.747,0,0,11,36,0,22,0
30-06 06:22:41,32.555,5.509,48.082,11.770,0,1707896,398612,183540,5619212,6353.773,1622.751,0,63868.290,0,4487.609,16180,30822,2.090,1.560,0.850,6,0,72.122,0,0,11,34,0,22,0
30-06 06:22:42,23.461,10.483,63.894,0.998,0,1449336,657140,183540,5619244,6135.850,1617.325,0,5367.122,0,297.508,4206,4209,2.090,1.560,0.850,1,1,249.587,0,0,11,32,0,22,0
30-06 06:22:43,21.249,4.500,72.995,0.500,0,1503580,602896,183540,5619244,5635.620,1619.891,0,1439.903,0,82.994,2104,1769,2,1.550,0.850,2,1,1.000,0,0,11,32,0,22,0
30-06 06:22:44,24.512,2.501,71.285,0.750,0,1536696,569768,183540,5619252,5162.533,1620.795,0,4962.435,0,312.153,2937,3246,2,1.550,0.850,2,0,2.001,0,0,11,38,0,22,0
30-06 06:22:45,21.527,4.506,74.092,0,0,1518892,587572,183540,5619252,5286.542,1622.007,0,28.035,0,3.004,2125,1437,2,1.550,0.850,1,0,27.033,0,0,11,32,0,22,0
30-06 06:22:46,21.714,3.494,73.380,0,0,1554928,551536,183540,5619252,5348.245,1617.352,0,35.941,0,3.993,1786,1258,2,1.550,0.850,1,0,0.998,0,0,11,32,0,22,0
30-06 06:22:47,23.540,2.755,73.125,0,0,1506532,599928,183540,5619256,4706.043,1460.496,0,112.192,0,17.029,2143,1684,2,1.550,0.850,1,1,11.019,0,0,11,32,0,22,0
30-06 06:22:48,14.254,38.259,46.512,0,0,1499608,606724,183544,5619372,4921.217,1620.401,0,656.162,0,51.013,8400,8268,2.160,1.590,0.870,1,1,1207.299,0,0,11,32,0,22,0
30-06 06:22:49,7.750,22.249,68.496,0,0,1488704,617568,183544,5619432,4287.744,1457.913,0,427.974,0,22.999,5914,4266,2.160,1.590,0.870,3,0,468.972,0,0,11,32,0,22,0
30-06 06:22:50,8.501,20.503,69.761,0,0.250,1462596,643504,183544,5619604,4740.753,1620.257,0,12.002,0,3.000,5789,4228,2.160,1.590,0.870,1,0,381.060,0,0,11,32,0,22,0
30-06 06:22:51,8.999,20.999,68.496,0,0,1421060,685008,183544,5619628,4594.698,1527.900,0,39.997,0,9.999,5803,4339,2.160,1.590,0.870,1,0,377.975,0,0,11,32,0,22,0
30-06 06:22:52,23.736,14.991,59.966,0,0,1432564,673420,183548,5620112,4867.230,1619.079,0,3.998,0,0.999,5784,7323,2.160,1.590,0.870,3,0,217.876,0,0,11,32,0,22,0
30-06 06:22:53,44.690,10.236,45.189,0,0,1525876,579996,183556,5620216,4511.899,1456.031,0,39.946,0,0.999,3248,2025,2.150,1.600,0.880,4,0,74.899,0,0,11,33,0,22,0
30-06 06:22:54,48.719,4.247,45.221,0,0,1616356,489332,183572,5620380,5276.668,1618.978,0,1898.801,0,233.852,3628,2830,2.150,1.600,0.880,2,0,16.989,0,0,11,49,0,22,0
30-06 06:22:55,45.617,6.767,47.873,0.251,0,1666476,434820,183628,5624272,5293.605,1666.282,0,1592.092,0,166.428,4500,7316,2.150,1.600,0.880,2,0,27.070,0,0,11,48,0,22,0
30-06 06:22:56,11.978,17.967,68.125,0.250,0,1680280,420912,183632,5624740,4886.015,1455.324,0,283.479,0,6.987,6276,6003,2.150,1.600,0.880,1,0,376.308,0,0,11,48,0,22,0
30-06 06:22:57,11.508,7.255,80.307,0,0,1659436,441736,183632,5624308,5103.603,1621.145,0,164.116,0,15.011,3669,5017,2.150,1.600,0.880,0,0,89.063,0,0,11,48,0,22,0
30-06 06:22:58,0.999,0.749,97.393,0.250,0,1656332,444840,183632,5624308,5232.253,1456.400,0,319.649,0,21.976,760,1051,1.980,1.570,0.870,0,0,2.997,0,0,11,48,0,22,0
30-06 06:22:59,1.249,1.249,96.936,0,0,1654072,447080,183632,5624312,5276.539,1618.938,0,0,0,0,910,1074,1.980,1.570,0.870,0,0,8.994,0,0,11,48,0,22,0
30-06 06:23:00,0.500,0.250,98.596,0,0,1652164,448988,183632,5624312,4744.622,1621.580,0,784.764,0,4.004,644,924,1.980,1.570,0.870,0,0,1.001,0,0,11,48,0,22,0
30-06 06:23:01,2.251,3.252,93.046,0,0,1651840,449368,183632,5624296,5445.719,1620.809,0,4.002,0,1.000,1638,1743,1.980,1.570,0.870,0,0,50.025,0,0,11,48,0,22,0
30-06 06:23:02,19.248,15.498,64.244,0,0,1667928,433224,183632,5624316,5365.470,1619.840,0,0,0,0,5941,7518,1.980,1.570,0.870,1,0,282.972,0,0,11,48,0,22,0
30-06 06:23:03,11.518,17.277,69.110,0,0,1704412,396648,183632,5624360,5268.379,1698.702,0,104.166,0,5.008,5433,4728,1.980,1.580,0.880,1,0,355.566,0,0,12,48,0,22,0
30-06 06:23:04,27.710,14.479,56.668,0,0,1695600,405404,183632,5624376,5392.191,1659.596,0,3139.453,0,61.910,6114,7784,1.980,1.580,0.880,3,0,242.649,0,0,12,64,0,22,0
30-06 06:23:05,5.504,7.005,86.309,0.250,0,1698104,402916,183632,5624376,5343.655,1621.109,0,200.137,0,10.007,2516,2524,1.980,1.580,0.880,1,0,154.105,0,0,12,64,0,22,0
30-06 06:23:06,18.246,16.247,65.237,0,0,1696388,404600,183632,5624400,3700.252,323.935,0,3.999,0,1.000,6469,7676,1.980,1.580,0.880,0,0,245.950,0,0,14,64,0,15,0
30-06 06:23:07,8.001,18.502,71.509,0,0,1712324,388572,183632,5624456,4564.584,1134.145,0,180.023,0,19.002,5741,4901,1.980,1.580,0.880,1,0,394.050,0,0,14,66,0,15,0
30-06 06:23:08,11.004,20.258,67.277,0.250,0,1690212,410524,183632,5624984,5462.167,1662.660,0,724.287,0,35.014,6552,6066,1.900,1.570,0.880,1,0,370.147,0,0,14,66,0,15,0
30-06 06:23:09,23.982,16.238,58.456,0,0,1709212,391504,183632,5624636,4934.318,1498.882,0,6183.386,0,458.658,5734,5660,1.900,1.570,0.880,3,0,296.779,0,0,14,66,0,15,0
30-06 06:23:10,29.282,25.027,45.300,0,0,1780760,319908,183644,5624668,4625.056,1621.773,0,352.385,0,8.009,6748,5367,1.900,1.570,0.880,2,0,570.624,0,0,14,66,0,14,0
30-06 06:23:11,29.738,25.240,43.733,0,0,1833316,265720,183720,5626144,4773.132,1457.430,0,83.967,0,8.996,7508,9183,1.900,1.570,0.880,2,0,537.790,0,0,14,70,0,16,0
30-06 06:23:12,36.429,20.959,41.419,0,0,1922664,176320,183720,5626616,4670.890,1616.847,0,27.945,0,6.986,7038,7370,1.900,1.570,0.880,2,0,328.360,0,0,14,70,0,16,0
30-06 06:23:13,65.354,25.290,10.016,0,0,2000012,165440,177484,5567628,4024.428,1009.613,4.006,637.017,1.002,9.014,5091,4874,2.070,1.610,0.890,4,0,463.741,0,0,14,70,0,16,0
30-06 06:23:14,63.543,20.514,14.510,0,0,2091800,198300,174760,5448448,4182.834,1080.732,220.149,12.008,4.003,3.002,6691,16437,2.070,1.610,0.890,6,0,289.196,0,0,14,70,0,15,0
30-06 06:23:15,69.402,28.210,2.247,0.499,0,2214732,181784,174312,5344980,5392.371,1617.711,519.265,1689.610,27.960,61.912,5754,5662,2.070,1.610,0.890,4,0,578.182,0,0,14,70,0,15,0
30-06 06:23:16,77.646,18.725,2.497,0.499,0,2362608,190780,174052,5191876,5829.203,1617.836,707.054,818.905,77.896,46.937,6957,7457,2.070,1.610,0.890,6,0,225.698,0,0,14,74,0,15,0
30-06 06:23:17,68.191,25.321,4.011,1.755,0,2512624,156616,173768,5078928,5294.835,1624.552,509.427,24404.377,12.034,1609.510,12037,21125,2.070,1.610,0.890,10,1,444.245,0,0,14,76,0,15,0
30-06 06:23:18,68.205,19.737,8.494,2.498,0,2577580,234576,173884,4939112,6759.563,1712.876,883.420,20570.497,25.983,1820.805,13205,26237,2.790,1.760,0.950,6,0,220.855,0,0,14,76,0,15,0
30-06 06:23:19,76.619,20.267,2.472,0,0,2720388,160328,173896,4871828,6702.919,1643.105,79.090,1439.447,8.898,67.227,7803,9788,2.790,1.760,0.950,5,0,404.350,0,0,14,80,0,20,0
30-06 06:23:20,51.622,25.558,22.774,0,0,2799608,148376,173896,4805996,5755.365,1585.104,8.098,1340.152,2.024,81.988,8630,17484,2.790,1.760,0.950,3,0,510.148,0,0,14,89,0,29,0
30-06 06:23:21,46.168,16.471,35.187,1.248,0,2875860,141052,173900,4739088,5499.222,1509.316,2044.365,5737.798,20.963,278.505,5976,8994,2.790,1.760,0.950,5,0,249.556,0,0,14,91,0,29,0
30-06 06:23:22,58.336,11.016,30.044,0,0,3007972,145724,173904,4605648,5047.452,1622.395,1682.484,3493.157,34.050,53.078,5240,7924,2.790,1.760,0.950,5,0,58.086,0,0,14,94,0,32,0
30-06 06:23:23,20.500,15.250,62.250,0.500,0,3031856,187380,173924,4541088,5036.022,1566.007,0,3812.017,0,204.001,5749,5399,2.640,1.750,0.950,2,0,253.001,0,0,14,97,0,31,0
30-06 06:23:24,8.252,20.506,70.519,0.250,0,3042288,176912,173924,4541124,5313.450,1602.437,4.001,800.218,1.000,53.014,5815,4540,2.640,1.750,0.950,2,0,354.097,0,0,14,97,0,31,0
30-06 06:23:25,10.218,17.196,70.280,0,0,3057876,161256,173924,4541160,4844.867,1614.956,0,4952.530,0,401.745,5946,4369,2.640,1.750,0.950,2,0,381.807,0,0,14,97,0,31,0
30-06 06:23:26,21.524,4.755,73.582,0,0,3125624,161788,173928,4474940,4842.414,1459.632,4.004,0,1.001,0,1788,1192,2.640,1.750,0.950,2,0,0,0,0,14,97,0,31,0
30-06 06:23:27,17.537,2.255,78.417,0,0,3127700,159868,173928,4474908,11336.108,8144.320,40.085,172.367,4.009,13.028,2582,2666,2.640,1.750,0.950,2,0,0,0,0,14,100,0,29,0
30-06 06:23:28,18.934,5.979,73.993,0,0,3117596,169980,173928,4474924,22405.107,18584.390,0,191.335,0,10.962,2460,1687,2.510,1.740,0.950,1,0,62.782,0,0,14,99,0,30,0
30-06 06:23:29,19.777,3.505,75.854,0.501,0,3156804,130756,173928,4474940,10411.257,7348.062,8.011,1790.452,2.003,31.043,2170,2040,2.510,1.740,0.950,2,0,1.001,0,0,14,102,0,30,0
30-06 06:23:30,25.292,4.007,68.864,0.751,0,3159168,127412,173940,4475880,5539.184,2446.055,641.063,6927.486,26.043,324.538,3885,4694,2.510,1.740,0.950,1,0,3.005,0,0,14,110,0,30,0
30-06 06:23:31,27.480,4.247,64.953,1.499,0,3162940,123008,173940,4476512,5985.649,2467.206,347.747,1622.820,18.986,205.850,5923,8365,2.510,1.740,0.950,3,0,2.998,0,0,14,113,0,29,0
30-06 06:23:32,28.896,11.957,57.045,0.249,0,3193704,159240,173940,4411244,5093.676,1745.720,0,1159.828,0,77.720,4285,3272,2.510,1.740,0.950,3,0,115.584,0,0,14,116,0,30,0
30-06 06:23:33,23.851,3.515,72.556,0.502,0,3236552,181912,173940,4347380,10813.601,7265.639,116.491,638.693,7.030,41.174,2802,2734,2.310,1.710,0.950,2,0,1.004,0,0,14,119,0,30,0
30-06 06:23:34,21.967,2.496,72.890,0.749,0,3244212,174100,173940,4347532,7816.183,4371.391,87.867,2084.848,5.991,133.798,3603,4496,2.310,1.710,0.950,1,0,1.997,0,0,14,121,0,30,0
30-06 06:23:35,34.893,11.216,53.337,0.498,0,3271264,153912,173944,4340664,6777.228,2805.402,0,1224.248,0,119.633,5271,5749,2.310,1.710,0.950,6,0,96.704,0,0,14,122,0,25,0
30-06 06:23:36,40.202,7.789,51.006,0,0,3365876,149852,173944,4252496,7242.411,3604.119,0,454.284,0,27.136,2897,1592,2.310,1.710,0.950,3,0,4.020,0,0,14,123,0,25,0
30-06 06:23:37,24.686,6.732,67.574,0,0,3349064,194888,173948,4224608,27129.306,23093.822,3.990,430.877,0.997,28.925,2878,2108,2.310,1.710,0.950,4,0,54.857,0,0,14,122,0,26,0
30-06 06:23:38,20.222,2.996,75.894,0.250,0,3380948,162988,173948,4224624,7059.109,3622.923,7.989,1497.901,1.997,78.889,1899,1675,2.200,1.700,0.950,0,0,0,0,0,14,123,0,26,0
30-06 06:23:39,18.783,4.508,75.134,0.250,0,3372776,171140,173948,4224644,28138.090,23261.409,0,72.128,0,6.011,2529,1956,2.200,1.700,0.950,1,0,51.091,0,0,14,122,0,27,0
30-06 06:23:40,21.250,3.250,74.751,0,0,3429216,164164,173948,4175988,8047.060,3424.026,4.000,44.000,1.000,4.000,1842,1288,2.200,1.700,0.950,0,0,0,0,0,14,123,0,27,0
30-06 06:23:41,17.743,2.999,77.217,0.500,0,3425900,167252,173948,4176216,12237.827,7270.927,167.929,579.755,12.995,81.965,2918,3632,2.200,1.700,0.950,1,0,0,0,0,14,122,0,28,0
30-06 06:23:42,27.973,8.991,61.691,0.500,0,3394572,198320,173948,4176476,5352.846,1456.598,0,1750.315,0,116.887,5070,5894,2.200,1.700,0.950,1,0,90.912,0,0,14,124,0,29,0
30-06 06:23:43,17.513,2.001,79.558,0,0,3412384,180496,173948,4176488,28668.029,25270.537,0,168.123,0,12.009,1896,1579,2.110,1.690,0.950,1,0,0,0,0,14,125,0,29,0
30-06 06:23:44,20.505,6.502,72.517,0,0,3406824,186044,173948,4176500,4891.141,1590.371,0,116.027,0,8.002,2465,1745,2.110,1.690,0.950,3,0,55.013,0,0,14,124,0,30,0
30-06 06:23:45,19.266,3.002,77.063,0,0,3435004,157872,173948,4176504,11115.156,7405.100,0,2253.857,0,267.220,2065,1523,2.110,1.690,0.950,1,0,0,0,0,14,125,0,30,0
30-06 06:23:46,21.447,4.489,70.826,1.995,0,3433724,158824,173948,4176832,6597.772,2618.559,31.921,1787.603,1.995,265.347,5609,8842,2.110,1.690,0.950,1,0,0.998,0,0,14,126,0,30,0
30-06 06:23:47,23.335,6.273,67.746,1.756,0,3395292,197068,173948,4177020,5983.758,2707.846,96.350,7579.560,7.026,418.522,5198,7413,2.110,1.690,0.950,1,0,53.193,0,0,14,125,0,32,0
30-06 06:23:48,19.481,2.747,77.423,0,0,3422460,169892,173948,4177028,11452.647,7323.740,0,655.350,0,31.968,1876,1459,2.020,1.670,0.950,1,0,0,0,0,14,126,0,32,0
30-06 06:23:49,19.962,2.495,75.606,0.250,0,3420812,171452,173948,4177116,9271.361,5768.026,63.878,634.792,3.992,53.897,2834,3126,2.020,1.670,0.950,3,0,0,0,0,14,126,0,32,0
30-06 06:23:50,31.560,6.262,59.613,0.751,0,3424952,167080,173948,4177348,5514.483,2490.735,0,1422.705,0,170.324,7091,10309,2.020,1.670,0.950,2,0,1.002,0,0,14,127,0,33,0
30-06 06:23:51,24.989,6.497,67.721,0.500,0,3397944,194028,173948,4177408,5000.876,1685.284,0,3846.366,0,337.856,3669,3595,2.020,1.670,0.950,2,0,76.967,0,0,14,127,0,33,0
30-06 06:23:52,17.751,2.000,79.003,0.250,0,3415488,176472,173948,4177420,12875.564,9680.424,0,592.026,0,38.002,2038,1797,2.020,1.670,0.950,0,0,2.000,0,0,14,130,0,33,0
30-06 06:23:53,17.726,8.738,70.904,0.499,0,3380752,211168,173948,4177460,7298.083,3069.829,0,1030.600,0,112.847,4325,4852,1.860,1.650,0.940,1,0,146.801,0,0,14,129,0,34,0
30-06 06:23:54,19.057,3.009,76.981,0.251,0,3437488,154428,173948,4177464,11057.232,7298.936,0,573.724,0,33.099,1854,1509,1.860,1.650,0.940,3,0,0,0,0,14,130,0,34,0
30-06 06:23:55,19.239,3.248,76.456,0.500,0,3433952,157948,173948,4177480,11128.665,7458.754,0,751.572,0,69.960,3265,3945,1.860,1.650,0.940,3,0,0,0,0,14,130,0,34,0
30-06 06:23:56,29.852,6.965,61.196,0.498,0,3430724,160928,173968,4177708,5629.017,1611.986,47.763,1496.560,5.970,149.258,7587,10965,1.860,1.650,0.940,8,1,0.995,0,0,14,130,0,34,0
30-06 06:23:57,44.759,12.824,40.233,0.754,0,3356056,234812,173968,4178492,6994.426,3270.905,398.302,2224.859,62.360,205.186,14767,24520,1.860,1.650,0.940,2,0,185.070,0,0,14,131,0,35,0
30-06 06:23:58,22.945,8.230,67.339,0.748,0,3399252,191536,173968,4178508,5355.207,2029.153,0,6628.166,0,397.051,3837,4736,1.790,1.640,0.940,3,0,104.750,0,0,14,131,0,35,0
30-06 06:23:59,20.275,3.254,75.592,0.250,0,3419400,171376,173968,4178520,12484.117,8968.860,0,228.276,0,12.015,2269,1916,1.790,1.640,0.940,3,0,6.007,0,0,14,131,0,36,0
30-06 06:24:00,11.015,18.775,68.591,0,0,3369764,220972,173968,4178560,5329.063,1622.150,0,256.340,0,18.024,5774,4678,1.790,1.640,0.940,1,0,412.547,0,0,14,133,0,36,0
30-06 06:24:01,14.248,17.997,65.989,0,0,3334576,256132,173968,4178588,5984.036,1457.765,0,479.923,0,16.997,5788,5700,1.790,1.640,0.940,1,0,295.952,0,0,14,133,0,36,0
30-06 06:24:02,26.746,20.247,52.242,0,0,3407232,183440,173968,4178628,5579.129,1619.747,0,251.961,0,15.998,6905,7084,1.790,1.640,0.940,2,0,392.939,0,0,14,133,0,36,0
30-06 06:24:03,32.244,24.745,41.992,0,0,3449460,140844,173984,4179396,5343.028,1621.705,15.997,899.836,1.000,36.993,7616,7605,1.880,1.660,0.950,2,0,480.913,0,0,14,136,0,36,0
30-06 06:24:04,37.244,16.497,45.242,0.250,0,3493840,182216,173984,4094688,4501.241,677.886,151.974,343.942,8.998,30.995,6653,7527,1.880,1.660,0.950,5,0,286.952,0,0,16,139,0,36,0
30-06 06:24:05,56.035,29.018,13.759,0.250,0,3652312,173176,173992,3947144,5435.380,1404.874,116.072,704.438,9.006,50.031,8107,13957,1.880,1.660,0.950,5,0,529.329,0,0,16,145,0,36,0
30-06 06:24:06,62.652,19.969,16.974,0,0,3744532,127284,173992,3901856,5416.551,1186.150,23.963,511.203,2.995,35.944,8533,14646,1.880,1.660,0.950,3,0,285.555,0,0,16,161,0,36,0
30-06 06:24:07,33.507,23.755,41.258,0,0,3823724,155132,173992,3796496,5125.028,1656.332,0,528.106,0,17.003,14949,5741,1.880,1.660,0.950,5,0,578.116,0,0,16,161,0,36,0
30-06 06:24:08,28.768,22.514,47.529,0.250,0,3862780,171196,174000,3743284,5763.559,1789.105,0,356.220,0,19.012,7277,7521,1.970,1.680,0.960,1,0,490.303,0,0,17,161,0,36,0
30-06 06:24:09,24.517,15.261,58.792,0.250,0,3889376,144568,174000,3742860,5131.642,1711.214,12.009,520.369,3.002,30.021,5723,6476,1.970,1.680,0.960,3,0,268.190,0,0,17,161,0,36,0
30-06 06:24:10,31.249,26.499,41.748,0,0,3961524,144052,174000,3673300,4799.796,1899.919,8.000,615.974,2.000,27.999,7377,7962,1.970,1.680,0.960,16,0,535.977,0,0,17,163,0,36,0
30-06 06:24:11,36.242,16.246,46.739,0,0,4005240,137072,174004,3636916,5295.785,1661.619,31.993,235.946,2.000,12.997,5883,6991,1.970,1.680,0.960,3,0,303.930,0,0,17,169,0,36,0
30-06 06:24:12,39.712,27.724,31.720,0.250,0,4111500,180624,174012,3490540,4915.355,1618.471,99.906,5183.102,5.994,158.850,9209,13896,1.970,1.680,0.960,3,0,673.364,0,0,17,175,0,34,0
30-06 06:24:13,26.742,23.493,47.986,0,0.250,4168908,162676,174016,3452096,4896.622,1619.544,7.998,4274.797,1.999,42.988,8987,13354,1.900,1.670,0.960,2,0,515.855,0,0,17,181,0,34,0
30-06 06:24:14,26.463,19.473,52.926,0.250,0,4186668,174736,174016,3423312,4973.067,1617.745,175.755,722.992,9.986,42.940,7233,15540,1.900,1.670,0.960,3,0,350.511,0,0,17,187,0,35,0
30-06 06:24:15,36.799,13.268,49.316,0.250,0,4299744,151464,174016,3334512,5078.826,1514.035,1678.256,933.254,23.031,112.151,4401,3354,1.900,1.670,0.960,2,0,118.159,0,0,17,187,0,35,0
30-06 06:24:16,51.444,10.239,37.459,0.250,0,4435120,162716,174020,3191672,5816.676,1564.299,99.891,535.418,4.995,48.947,3656,2246,1.900,1.670,0.960,2,0,9.989,0,0,17,203,0,34,0
30-06 06:24:17,34.688,4.492,59.394,0.250,0,4467272,130032,174024,3192240,4823.405,1599.150,59.893,13460.016,5.989,889.415,3773,3097,1.900,1.670,0.960,2,0,12.977,0,0,17,209,0,34,0
30-06 06:24:18,27.617,25.608,45.944,0.502,0,4429712,166552,174028,3193264,6899.129,1667.039,1072.528,486.052,16.068,35.148,6973,6441,1.980,1.690,0.980,2,1,599.531,0,0,17,207,0,34,0
30-06 06:24:19,37.229,25.735,35.980,0,0,4475816,157728,174040,3156864,14618.762,9534.627,1171.340,579.673,23.986,38.978,6972,9022,1.980,1.690,0.980,3,0,430.757,0,0,17,211,0,34,0
30-06 06:24:20,64.884,18.218,16.221,0,0,4488840,142288,174044,3159720,6441.512,2219.043,59.893,1325.636,7.986,47.915,6839,7924,1.980,1.690,0.980,4,0,230.589,0,0,17,214,0,24,0
30-06 06:24:21,69.164,12.780,17.040,0.501,0,4617600,137816,174052,3039164,8030.037,4080.674,1708.049,425.008,39.093,23.055,4667,3566,1.980,1.690,0.980,7,0,30.071,0,0,17,223,0,24,0
30-06 06:24:22,62.363,12.223,21.952,2.993,0,4685332,167108,174132,2945264,13661.962,9866.307,6461.793,1792.060,462.982,85.811,6327,7476,1.980,1.690,0.980,4,0,20.954,0,0,17,228,0,26,1
30-06 06:24:23,46.039,24.020,29.275,0.250,0,4661108,188828,174140,2947716,5056.310,1729.474,0,324.276,0,18.015,7274,8205,1.910,1.680,0.980,3,0,453.387,0,0,17,227,0,30,0
30-06 06:24:24,38.411,19.455,40.655,0,0,4676348,196496,174140,2925648,11636.917,9331.283,3.991,9505.876,0.998,29.930,6258,9070,1.910,1.680,0.980,1,0,328.236,0,0,17,228,0,23,0
30-06 06:24:25,49.162,24.581,24.832,0,0,4701044,170012,174140,2926944,9019.755,4793.814,144.477,605.999,9.030,44.146,7326,7900,1.910,1.680,0.980,3,0,485.602,0,0,17,227,0,24,0
30-06 06:24:26,59.396,22.710,17.719,0.499,0,4803824,160548,174160,2835380,6706.309,3824.333,1046.176,451.213,46.918,20.963,6306,8671,1.910,1.680,0.980,2,0,331.422,0,0,17,230,0,24,0
30-06 06:24:27,56.030,23.552,19.338,0.248,0,4879088,151700,174164,2770120,13850.740,10180.547,305.436,1233.645,15.867,73.384,7938,12055,1.910,1.680,0.980,5,0,434.354,0,0,17,235,0,27,0
30-06 06:24:28,61.397,25.014,12.633,0.253,0,4892480,174436,174176,2735716,4786.422,1625.120,311.279,764.049,13.138,51.543,7664,11714,2.150,1.740,1,4,0,384.046,0,0,17,237,0,27,0
30-06 06:24:29,55.987,18.996,23.744,0.250,0,4995480,134276,174180,2673896,13993.720,11450.316,863.798,675.842,29.993,41.990,8218,12682,2.150,1.740,1,6,0,190.955,0,0,17,242,0,27,0
30-06 06:24:30,63.761,11.502,24.754,0,0,5049636,131368,174184,2624136,12293.080,8442.428,444.075,788.133,9.002,38.006,6501,13984,2.150,1.740,1,4,0,8.001,0,0,17,244,0,28,0
30-06 06:24:31,57.493,10.249,30.496,0.750,0,5155692,143276,174188,2509404,13554.336,9764.801,1663.796,779.904,88.989,62.992,6564,8134,2.150,1.740,1,3,0,12.998,0,0,17,251,0,32,0
30-06 06:24:32,52.704,16.236,30.723,0.500,0,5076532,247788,174196,2484860,10642.673,7513.415,887.222,896.215,11.989,67.940,6331,5705,2.150,1.740,1,4,0,283.751,0,0,17,251,0,32,0
30-06 06:24:33,49.269,28.011,21.258,0,0,5135392,185036,174308,2488472,5201.969,2649.003,4273.617,1418.537,61.023,74.028,7349,8811,2.220,1.760,1.010,2,0,535.203,0,0,17,252,0,32,0
30-06 06:24:34,60.412,17.900,21.132,0.249,0,5116008,204320,174320,2488992,14473.976,10684.191,533.016,843.279,6.961,34.805,6789,8806,2.220,1.760,1.010,5,0,228.720,0,0,18,251,0,33,0
30-06 06:24:35,83.104,15.566,1.004,0,0,5230364,145196,174320,2436160,4820.550,1626.936,1020.350,743.168,21.090,64.274,5962,5018,2.220,1.760,1.010,5,0,102.437,0,0,18,259,0,33,0
30-06 06:24:36,74.881,12.772,9.767,2.003,0,5327764,122292,174336,2364332,14108.637,11307.746,3662.395,4868.502,183.320,384.672,7133,7764,2.220,1.760,1.010,4,0,14.024,0,0,18,259,0,32,0
30-06 06:24:37,65.067,15.955,18.448,0.249,0,5321236,149340,174376,2344448,6925.537,3228.925,893.489,5983.185,18.947,605.299,8156,9399,2.220,1.760,1.010,3,0,229.355,0,0,18,264,0,35,0
30-06 06:24:38,37.556,8.513,52.329,0.250,0,5360668,136976,174376,2318220,13731.602,5928.895,560.841,636.956,7.011,40.060,3738,2916,2.280,1.780,1.020,2,0,9.014,0,0,18,268,0,35,0
30-06 06:24:39,39.287,8.258,49.797,0.250,0,5316608,199008,174376,2301256,16728486.414,288436.469,512.484,1221.154,4.004,59.056,15856,9685,2.280,1.780,1.020,3,0,7.007,0,0,18,270,0,36,1
30-06 06:24:40,55.928,18.976,24.718,0,0,5378672,158164,174376,2282324,5572.873,1671.862,3052.097,339.566,31.959,18.976,5500,3941,2.280,1.780,1.020,3,0,270.654,0,0,18,270,0,34,0
30-06 06:24:41,40.628,7.477,50.598,0.498,0,5449704,129300,174376,2240748,22454.407,18158.339,255.232,1100.687,1.994,67.796,4005,3572,2.280,1.780,1.020,5,0,2.991,0,0,18,276,0,34,0
30-06 06:24:42,37.406,6.025,53.222,0.753,0.251,5406452,171984,174384,2241312,52650.597,1880718.150,514.144,13620.810,28.117,983.100,5672,6582,2.280,1.780,1.020,1,0,9.038,0,0,18,280,0,39,0
30-06 06:24:43,19.734,2.998,74.938,0,0.250,5445948,132476,174384,2241324,1149759.470,14535609.537,0,259.784,0,17.985,3907,2099,2.180,1.760,1.020,1,0,0,0,0,18,286,0,39,0
30-06 06:24:44,39.183,6.738,51.662,0.749,0,5376932,185364,174392,2257412,15877612.111,219548.933,47.918,4017.119,2.995,82.858,18034,15630,2.180,1.760,1.020,2,0,5.990,0,0,18,282,0,43,0
30-06 06:24:45,24.493,5.998,67.981,0,0,5349460,212808,174392,2257440,7157.979,7264.949,15.995,8977.465,1.000,43.988,2889,2277,2.180,1.760,1.020,1,0,65.981,0,0,18,283,0,40,0
30-06 06:24:46,17.514,2.752,78.813,0.500,0,5302932,259204,174392,2257580,14065.202,6970.552,0,3306.634,0,252.201,2650,2767,2.180,1.760,1.020,2,0,1.001,0,0,18,282,0,41,0
30-06 06:24:47,9.269,21.794,66.886,0,0,5302672,259352,174392,2257676,4569.277,1623.296,32.065,356.724,3.006,22.045,6125,5050,2.180,1.760,1.020,5,0,433.881,0,0,18,282,0,41,0
30-06 06:24:48,23.445,3.741,71.333,0.249,0,5374884,187100,174392,2257732,5387.354,1616.206,0,355.166,0,27.934,2292,2083,2.090,1.750,1.020,1,0,2.993,0,0,18,282,0,41,0
30-06 06:24:49,13.001,14.001,70.503,0,0,5375932,186020,174392,2257764,4930.233,1620.076,0,396.019,0,31.001,4487,3590,2.090,1.750,1.020,2,0,190.009,0,0,18,282,0,39,0
30-06 06:24:50,8.524,19.555,69.444,0.251,0,5371788,190132,174392,2257796,5226.620,1624.544,12.034,17164.010,1.003,51.143,5570,4375,2.090,1.750,1.020,2,0,306.858,0,0,18,282,0,39,0
30-06 06:24:51,7.230,11.468,80.028,0.499,0,5353016,208868,174392,2257832,6303.516,1453.967,0,4834.590,0,73.795,3499,3030,2.090,1.750,1.020,2,0,174.516,0,0,18,286,0,39,0
30-06 06:24:52,10.984,4.244,83.381,0,0,5366724,195168,174392,2257832,6790.282,1617.685,0,215.691,0,10.984,1798,1708,2.090,1.750,1.020,2,0,9.986,0,0,18,286,0,39,0
30-06 06:24:53,18.830,4.268,76.325,0,0,5404728,157140,174392,2257856,9454.249,3859.430,20.086,510.172,2.009,36.154,2109,1786,2,1.740,1.020,3,0,0,0,0,18,287,0,38,0
30-06 06:24:54,21.962,5.241,70.129,0.499,0,5371636,190136,174392,2257952,13298.128,8220.861,63.890,339.416,3.993,32.943,3214,3016,2,1.740,1.020,2,0,62.892,0,0,18,294,0,39,0
30-06 06:24:55,11.228,17.216,69.364,0,0,5354268,207260,174396,2258160,6347.529,1686.686,7.984,135.733,1.996,9.980,4872,3437,2,1.740,1.020,1,0,171.663,0,0,18,294,0,39,0
30-06 06:24:56,11.743,17.240,68.711,0.250,0,5316760,244712,174396,2258216,5611.827,1457.176,0,12097.160,0,32.981,4907,3465,2,1.740,1.020,1,0,163.907,0,0,18,294,0,39,0
30-06 06:24:57,12.045,16.812,69.759,0,0,5301080,260284,174396,2258308,4998.577,1626.043,0,124.463,0,10.037,4770,3424,2,1.740,1.020,2,0,169.630,0,0,18,294,0,38,0
30-06 06:24:58,21.459,6.238,70.614,0,0,5352244,209112,174396,2258316,5237.942,1455.206,3.992,103.801,0.998,12.975,2615,2177,1.920,1.730,1.020,2,0,35.931,0,0,18,294,0,38,0
30-06 06:24:59,23.226,4.995,70.677,0.499,0,5412620,148616,174396,2258420,5334.503,1618.332,103.893,255.736,0.999,20.978,2370,2000,1.920,1.730,1.020,3,0,5.994,0,0,18,294,0,38,0
30-06 06:25:00,24.232,2.498,71.695,0,0,5296052,264888,174396,2258716,5293.969,1456.891,283.784,235.820,10.992,29.977,2669,2369,1.920,1.730,1.020,3,0,8.993,0,0,18,294,0,38,0
30-06 06:25:01,23.300,4.760,71.151,0.251,0,5368900,191996,174396,2258760,5969.707,1623.456,24.051,468.998,4.009,30.064,2273,1994,1.920,1.730,1.020,1,0,0,0,0,18,294,0,36,0
30-06 06:25:02,21.217,5.741,71.889,0,0,5415432,145412,174408,2258784,5858.988,2905.531,55.914,139.785,10.983,9.985,2406,2013,1.920,1.730,1.020,1,0,18.971,0,0,18,297,0,36,0
30-06 06:25:03,14.248,1.750,83.487,0,0,5421252,139488,174408,2258888,23526.286,19135.979,0,39.994,0,3.000,2357,2242,1.850,1.710,1.020,3,0,1.000,0,0,18,300,0,38,0
30-06 06:25:04,23.592,4.518,70.023,0.502,0,5373892,186816,174412,2258916,6264.439,1710.674,16.063,329.285,1.004,42.164,2836,2715,1.850,1.710,1.020,1,0,16.063,0,0,18,294,0,38,0
30-06 06:25:05,23.911,2.740,72.230,0,0,5392128,168452,174412,2259044,5798.303,1613.961,0,251.061,0,22.914,2140,1803,1.850,1.710,1.020,1,0,0,0,0,18,294,0,38,0
30-06 06:25:06,10.539,17.816,70.761,0,0,5348688,211832,174420,2259080,5677.951,1626.000,397.467,405.496,6.022,14.052,5187,4078,1.850,1.710,1.020,2,0,318.174,0,0,18,294,0,38,0
30-06 06:25:07,15.982,11.986,70.170,0,0,5340876,219488,174428,2259228,4494.863,1618.151,39.954,191.781,1.998,8.990,4603,3872,1.850,1.710,1.020,2,0,281.678,0,0,18,294,0,38,0
30-06 06:25:08,19.716,2.745,76.868,0.250,0,5364604,194540,174476,2260400,11759.820,4487.300,3.993,942.383,0.998,98.830,2187,1998,1.700,1.680,1.010,2,0,16.971,0,0,18,295,0,38,0
30-06 06:25:09,22.740,3.498,71.967,0.250,0,5354980,198176,175064,2265656,4557.926,1631.258,0,1243.434,0,26.988,2865,3031,1.700,1.680,1.010,3,0,7.996,0,0,18,294,0,38,0
30-06 06:25:10,18.481,5.245,74.673,0.250,0,5361100,190996,175096,2266652,9025.644,3656.210,3.996,359.627,0.999,3.996,9739,17935,1.700,1.680,1.010,2,0,7.992,0,0,18,295,0,38,0
30-06 06:25:11,21.555,6.266,69.928,0.501,0,5359996,191668,175184,2266992,7357.750,2365.027,48.123,2959.542,7.018,123.314,11365,20538,1.700,1.680,1.010,1,0,19.049,0,0,18,295,0,38,0
30-06 06:25:12,19.035,7.013,73.383,0,0,5304256,253320,175268,2260976,5093.244,1797.262,0,641.164,0,22.040,3252,2789,1.700,1.680,1.010,1,0,138.251,0,0,18,294,0,38,0
30-06 06:25:13,19.723,7.490,71.403,0.250,0,5353376,204180,175268,2260996,4733.548,1659.738,0,3523.198,0,450.386,3138,2626,1.640,1.670,1.010,3,0,134.816,0,0,18,294,0,38,0
30-06 06:25:14,28.723,11.989,58.196,0,0,5370612,186352,175276,2261388,10628.184,7164.383,171.841,143.867,13.987,20.981,4738,14172,1.640,1.670,1.010,3,0,387.642,0,0,18,295,0,39,0
30-06 06:25:15,19.213,9.981,69.867,0.250,0,5295236,261596,175276,2261536,9833.298,6162.280,31.939,630.800,1.996,26.949,3858,3386,1.640,1.670,1.010,3,0,182.653,0,0,18,294,0,42,0
30-06 06:25:16,23.263,2.752,73.293,0,0,5353436,203396,175276,2261536,6190.591,2919.693,0,48.028,0,4.002,2033,1540,1.640,1.670,1.010,2,0,0,0,0,18,295,0,42,0
30-06 06:25:17,22.036,6.010,70.614,0.250,0,5350904,205896,175276,2261568,13028.125,8798.266,0,160.260,0,18.029,3228,3180,1.640,1.670,1.010,2,0,73.119,0,0,18,298,0,42,0
30-06 06:25:18,25.491,3.999,70.226,0,0,5401692,155100,175280,2261572,6493.748,1605.443,0,155.946,0,16.994,2477,2296,1.590,1.660,1.010,3,0,1.999,0,0,18,298,0,42,0
30-06 06:25:19,17.764,3.002,77.060,0.250,0,5324012,232612,175280,2261740,19033.928,14561.420,0,320.251,0,37.029,2808,2869,1.590,1.660,1.010,1,0,13.010,0,0,18,298,0,43,0
30-06 06:25:20,22.497,4.999,71.491,0,0,5365708,190912,175280,2261744,4867.381,1187.849,0,291.963,0,24.997,2744,2546,1.590,1.660,1.010,2,0,43.994,0,0,18,298,0,43,0
30-06 06:25:21,19.233,2.248,77.680,0.250,0,5366956,189652,175280,2261756,15361.154,11722.434,0,135.878,0,7.993,2249,1903,1.590,1.660,1.010,3,0,0,0,0,18,298,0,45,0
30-06 06:25:22,22.711,5.241,71.128,0,0,5353948,202572,175280,2261844,4672.016,1617.236,79.864,962.355,4.991,105.819,2687,2288,1.590,1.660,1.010,2,0,32.944,0,0,18,298,0,45,0
30-06 06:25:23,14.751,2.500,80.756,0.250,0,5359404,197104,175280,2261856,14534.135,11455.895,0,2064.161,0,384.030,2438,2186,1.540,1.650,1.010,3,0,2.000,0,0,18,299,0,45,0
30-06 06:25:24,19.807,5.516,74.464,0,0,5322048,234404,175280,2261912,7085.336,2669.662,48.138,481.382,2.006,37.107,2859,2817,1.540,1.650,1.010,1,0,47.135,0,0,18,298,0,46,0
30-06 06:25:25,19.715,1.996,76.865,0,0,5363620,192824,175280,2261920,10846.958,7320.149,0,171.699,0,9.982,1971,1569,1.540,1.650,1.010,2,0,0,0,0,18,299,0,39,0
30-06 06:25:26,20.226,5.494,73.414,0.250,0,5387232,169204,175280,2261928,9731.648,6066.923,0,163.809,0,10.987,2543,2116,1.540,1.650,1.010,2,0,31.963,0,0,18,298,0,42,0
30-06 06:25:27,18.561,2.759,77.504,0,0,5420272,136160,175280,2261932,10426.229,7357.153,0,557.831,0,12.040,2038,1693,1.540,1.650,1.010,2,0,0,0,0,18,299,0,42,0
30-06 06:25:28,13.510,6.755,78.060,0.500,0,5346792,209616,175280,2261956,9747.449,6196.736,0,492.376,0,52.040,3698,3876,1.500,1.640,1.010,2,0,132.101,0,0,18,298,0,43,0
30-06 06:25:29,3.492,2.993,90.288,1.496,0,5339380,215788,175844,2262632,10840.556,4847.622,1121.368,331.223,250.412,24.941,2103,2499,1.500,1.640,1.010,0,0,47.888,0,0,18,300,0,43,0
30-06 06:25:30,5.741,7.488,85.614,0.250,0,5331540,223560,175860,2262684,18549.503,4638.624,0,399.365,0,23.962,2877,2626,1.500,1.640,1.010,1,0,124.802,0,0,18,300,0,40,0
30-06 06:25:31,7.012,11.519,79.380,0.501,0,5332592,222188,175860,2263004,6819.188,2623.304,256.421,464.763,28.046,28.046,4039,3553,1.500,1.640,1.010,2,0,208.342,0,0,18,298,0,41,0
30-06 06:25:32,19.712,3.743,72.608,2.745,0,5339260,199648,175860,2278860,4449.311,1455.158,7792.782,958.129,569.887,19.961,2834,2934,1.500,1.640,1.010,1,0,6.986,0,0,18,298,0,41,0
30-06 06:25:33,18.041,2.255,78.928,0.251,0,5355296,180324,175956,2281964,14664.061,5282.911,8.018,641.446,2.005,6.014,1967,1659,1.380,1.610,1,1,0,16.036,0,0,18,299,0,41,0
30-06 06:25:34,17.516,6.756,73.067,1.001,0,5329300,199800,176008,2288348,6392.877,2546.341,1345.237,3727.427,23.021,132.121,4182,4486,1.380,1.610,1,1,0,100.092,0,0,18,298,0,34,0
30-06 06:25:35,17.488,10.493,70.202,0,0,5362008,167072,176008,2288368,5188.483,1552.947,0,755.488,0,43.970,3905,3575,1.380,1.610,1,2,0,204.861,0,0,18,298,0,34,0
30-06 06:25:36,20.536,2.504,77.137,0.250,0.250,5395724,133344,176008,2288380,11661.644,7846.891,0,144.255,0,11.020,2056,1703,1.380,1.610,1,3,0,0,0,0,18,300,0,35,0
30-06 06:25:37,20.703,5.986,72.586,0,0,5400012,129040,176008,2288396,23090.874,18768.631,0,267.396,0,12.971,2761,2249,1.380,1.610,1,3,0,46.894,0,0,18,298,0,36,0
30-06 06:25:38,19.955,3.243,74.831,0,0,5369924,159968,176008,2287556,9843.747,6789.651,0,295.332,0,35.919,2360,2187,1.270,1.590,1,3,0,0,0,0,18,299,0,32,0
30-06 06:25:39,20.501,4.250,73.754,0.750,0,5329804,199712,176008,2287932,7985.414,4653.241,368.019,236.012,23.001,15.001,2571,2197,1.270,1.590,1,2,0,14.001,0,0,18,298,0,34,0
30-06 06:25:40,19.812,2.759,76.990,0,0,5377000,152368,176008,2288064,11983.391,7355.952,0,48.150,0,6.019,2020,1612,1.270,1.590,1,2,0,0,0,0,18,299,0,34,0
30-06 06:25:41,22.909,3.486,70.470,1.245,0,5344452,182624,176008,2290356,8641.611,3748.085,2151.438,1083.688,81.675,157.374,5582,7983,1.270,1.590,1,3,0,0.996,0,0,18,298,0,35,0
30-06 06:25:42,22.554,4.511,72.173,0,0,5360236,166840,176008,2290356,6315.120,1623.888,0,2173.203,0,46.110,2312,1966,1.270,1.590,1,3,0,6.014,0,0,18,298,0,31,0
30-06 06:25:43,14.258,2.001,82.547,0,0,5369256,157808,176008,2290368,14418.127,11267.351,0,384.217,0,18.010,2114,2018,1.170,1.560,0.990,3,0,0,0,0,18,299,0,31,0
30-06 06:25:44,21.547,7.767,68.150,1.253,0,5321572,205312,176008,2290548,5726.585,2689.912,128.282,5275.594,6.013,601.322,6099,7770,1.170,1.560,0.990,1,0,104.229,0,0,18,298,0,32,0
30-06 06:25:45,7.747,22.990,67.720,0,0,5330732,196120,176008,2290580,4977.764,1619.273,0,431.806,0,31.986,6936,6036,1.170,1.560,0.990,2,0,629.717,0,0,18,298,0,32,0
30-06 06:25:46,8.492,22.977,67.183,0,0,5326376,200444,176012,2290608,5189.811,1456.544,0,363.636,0,32.967,6832,5915,1.170,1.560,0.990,2,0,606.394,0,0,18,298,0,26,0
30-06 06:25:47,9.011,23.028,66.329,0.250,0,5332756,193996,176016,2290672,5152.169,1567.877,4.005,1694.028,1.001,95.114,7227,6538,1.170,1.560,0.990,1,0,635.761,0,0,18,298,0,26,0
30-06 06:25:48,9.239,22.723,66.920,0.250,0,5347556,179144,176016,2290724,4188.963,1132.638,0,391.529,0,36.956,7140,6554,1.230,1.570,1,1,0,643.227,0,0,18,298,0,26,0
30-06 06:25:49,9.266,22.789,67.115,0.250,0,5330600,196056,176016,2290768,4525.726,1460.493,0,2997.116,0,160.274,7278,6990,1.230,1.570,1,1,0,607.036,0,0,18,298,0,26,0
30-06 06:25:50,7.747,21.991,67.722,0,0,5328380,198240,176016,2290804,5097.891,1619.330,0,363.850,0,30.987,6789,6052,1.230,1.570,1,1,0,558.769,0,0,18,298,0,25,0
30-06 06:25:51,16.953,9.973,71.803,0.249,0,5318936,309216,176504,2200328,5001.250,1454.002,27.923,199.452,6.981,10.970,3070,2568,1.230,1.570,1,2,0,89.753,0,0,18,298,0,25,0
30-06 06:25:52,24.505,2.751,72.014,0,0,5341420,282156,176764,2204644,5100.991,1620.315,16.003,3060.594,3.001,15.003,2365,1988,1.230,1.570,1,1,0,17.003,0,0,18,298,0,25,0
30-06 06:25:53,14.787,1.253,82.204,1.002,0,5357912,264516,176884,2205740,23320.906,11842.405,757.882,5060.565,45.112,187.465,1927,1649,1.210,1.560,1,1,0,0,0,0,18,299,0,25,0
30-06 06:25:54,14.719,1.746,80.832,0.998,0,5382896,237804,177048,2207308,25970.082,14727.423,1093.729,1792.279,68.857,67.859,2073,2129,1.210,1.560,1,3,0,0,0,0,18,299,0,24,0
30-06 06:25:55,17.232,1.498,79.917,1.249,0,5381452,237804,177200,2208592,25256.673,14603.778,974.984,1957.959,60.936,74.922,1977,1811,1.210,1.560,1,2,0,0,0,0,18,299,0,24,0
30-06 06:25:56,16.287,1.503,79.178,1.253,0,5383044,206052,177356,2238584,22455.518,12301.675,13105.483,1306.940,161.363,42.095,2065,1840,1.210,1.560,1,0,1,0,0,0,18,299,0,24,0
30-06 06:25:57,23.472,2.996,72.413,0.749,0,5384536,188944,178188,2253084,5043.914,1618.048,59.928,1446.255,0.999,65.920,2251,1947,1.210,1.560,1,1,0,0.999,0,0,18,299,0,24,0
30-06 06:25:58,24.716,1.997,71.902,0.250,0.250,5386456,170256,178688,2269052,5304.757,1509.938,0,1473.988,0,41.943,2447,2276,1.200,1.550,1,3,0,0,0,0,18,299,0,24,0
30-06 06:25:59,23.587,4.015,70.760,1.004,0,5390976,143828,179312,2290068,4877.896,1625.965,0,2774.178,0,120.442,2781,2649,1.200,1.550,1,1,1,6.022,0,0,18,299,0,24,0
30-06 06:26:00,22.703,2.495,72.350,0.748,0,5392140,128496,180228,2303008,4730.184,1616.645,0,3065.638,0,262.455,2541,2270,1.200,1.550,1,2,0,0,0,0,18,299,0,24,0
30-06 06:26:01,22.765,3.252,71.548,0.751,0,5383772,134348,181204,2304720,5120.425,1621.084,0,2309.545,0,83.056,2534,2275,1.200,1.550,1,2,0,0,0,0,18,299,0,24,0
30-06 06:26:02,22.433,4.237,72.782,0,0,5361220,171136,181508,2290076,5485.557,1788.639,0,717.848,0,25.922,2340,1854,1.200,1.550,1,2,0,19.940,0,0,18,298,0,24,0
30-06 06:26:03,18.790,4.259,76.161,0.501,0,5379168,147572,181676,2295484,12273.974,4787.130,0,12582.627,0,87.184,2247,1798,1.180,1.540,1,3,0,18.038,0,0,18,298,0,24,0
30-06 06:26:04,23.254,5.501,69.011,0.250,0,5385820,138932,181712,2297388,5298.823,1458.227,16.002,600.093,1.000,24.004,11271,20797,1.180,1.540,1,2,0,12.002,0,0,18,298,0,24,0
30-06 06:26:05,21.723,6.242,69.415,0.250,0,5388184,136416,181716,2297536,5531.197,1498.157,0,2361.096,0,50.937,9620,17954,1.180,1.540,1,4,0,14.982,0,0,18,298,0,24,0
30-06 06:26:06,21.755,5.251,72.018,0.250,0,5325528,206328,181724,2290336,4752.178,1134.281,0,720.179,0,21.005,2295,1784,1.180,1.540,1,8,0,12.003,0,0,18,298,0,22,0
30-06 06:26:07,24.040,5.259,68.865,0,0,5340724,190992,181724,2290476,4793.981,1568.611,0,681.134,0,14.023,10846,19720,1.180,1.540,1,2,0,53.088,0,0,18,298,0,22,0
30-06 06:26:08,18.944,4.487,75.528,0,0,5377844,153856,181724,2290492,10681.551,4481.804,0,4450.895,0,37.888,2433,2203,1.170,1.530,1,1,0,32.903,0,0,18,299,0,22,0
30-06 06:26:09,23.049,2.756,72.906,0.251,0,5374344,150952,181848,2296740,6607.116,1701.636,0,966.064,0,23.049,2228,1767,1.170,1.530,1,3,0,5.011,0,0,18,298,0,22,0
30-06 06:26:10,23.734,6.995,67.455,0.250,0,5388144,135988,181848,2297884,4736.853,1618.924,0,811.461,0,20.986,15110,28442,1.170,1.530,1,2,0,15.989,0,0,18,298,0,22,0
30-06 06:26:11,21.546,6.514,71.153,0.251,0,5359000,172568,181852,2290492,4725.147,1461.138,0,789.696,0,27.058,6966,11315,1.170,1.530,1,1,0,18.039,0,0,18,298,0,22,0
30-06 06:26:12,23.190,3.491,71.816,0,0,5378880,152668,181852,2290512,4428.631,1615.852,0,15.959,0,1.995,2339,1854,1.170,1.530,1,1,0,21.944,0,0,18,298,0,22,0
30-06 06:26:13,21.065,6.771,70.215,0,0,5377592,153964,181852,2290504,4305.196,1558.778,0,8.025,0,2.006,10101,17148,1.150,1.520,1,2,0,99.304,0,0,18,298,0,22,0
30-06 06:26:14,26.499,6.500,66.497,0,0,5407260,124268,181852,2293792,5331.777,2641.890,0,499.979,0,16.999,4820,10452,1.150,1.520,1,1,0,71.997,0,0,18,299,0,22,0
30-06 06:26:15,20.410,3.236,74.424,0.249,0,5386364,138780,181952,2296788,11525.445,3577.308,0,2393.501,0,195.144,2437,6429,1.150,1.520,1,2,0,2.987,0,0,18,298,0,22,0
30-06 06:26:16,22.043,6.262,69.384,0,0,5397944,126040,181952,2297932,5399.426,1514.925,0,88.170,0,1.002,9582,17927,1.150,1.520,1,2,0,14.027,0,0,18,298,0,22,0
30-06 06:26:17,22.506,7.502,68.518,0.250,0,5396600,127204,181952,2298112,5341.380,1620.419,0,736.190,0,17.004,10742,19249,1.150,1.520,1,2,0,19.005,0,0,18,298,0,22,0
30-06 06:26:18,22.481,3.997,71.689,0,0,5350552,179424,181952,2291940,6038.872,1712.546,247.790,1190.989,3.997,41.964,2613,2466,1.140,1.510,1,3,0,5.995,0,0,18,298,0,22,0
30-06 06:26:19,24.575,4.514,68.959,1.003,0,5358564,169204,181992,2294140,6499.714,1624.929,758.300,2499.581,31.094,124.377,5339,7485,1.140,1.510,1,1,0,1.003,0,0,18,301,0,21,0
30-06 06:26:20,22.509,10.254,64.026,1.501,0,5305340,221304,181992,2295264,6408.613,1566.639,672.274,2060.840,34.014,272.111,7421,10224,1.140,1.510,1,1,0,162.066,0,0,18,300,0,22,0
30-06 06:26:21,14.251,16.251,66.255,1.250,0,5296392,228492,181992,2297028,5449.410,1512.114,1800.136,4928.371,105.008,284.021,5946,5961,1.140,1.510,1,2,1,291.022,0,0,18,300,0,26,0
30-06 06:26:22,6.490,3.495,72.636,16.474,0,5266028,217108,181992,2338760,4968.228,1563.554,41479.113,343.463,3386.702,12.980,5361,8645,1.140,1.510,1,3,0,0.998,0,0,18,300,0,26,0
30-06 06:26:23,5.742,2.247,90.879,0,0,5278780,204440,181996,2338668,9356.591,3238.705,3.995,20297.082,0.999,309.589,1751,1757,1.050,1.490,0.990,1,0,5.992,0,0,18,301,0,22,0
30-06 06:26:24,12.757,4.252,81.797,0.500,0,5312540,170816,181996,2338676,43041.975,4253.468,256.149,1532.889,2.001,73.042,2099,2016,1.050,1.490,0.990,1,0,5.003,0,0,18,301,0,22,0
30-06 06:26:25,22.232,8.493,67.195,0.250,0,5318672,163160,182048,2340148,757385.613,13858.685,1598.695,3381.239,38.968,428.650,3864,2571,1.050,1.490,0.990,4,0,41.966,0,0,18,300,0,22,0
30-06 06:26:26,0.750,1.000,97.755,0,0,5315852,165976,182048,2340152,4729.219,1512.070,0,0,0,0,921,1295,1.050,1.490,0.990,2,0,0,0,0,18,300,0,22,0
30-06 06:26:27,1.252,0.250,97.120,0,0,5310440,171388,182048,2340152,4671.749,1567.929,0,76.094,0,9.011,964,1351,1.050,1.490,0.990,1,0,0,0,0,18,300,0,18,0
30-06 06:26:28,2.001,1.751,95.294,0,0,5305004,176820,182048,2340156,5134.348,1554.711,0,29013.266,0,219.100,1716,2308,0.960,1.460,0.990,0,0,0,0,0,18,300,0,18,0
30-06 06:26:29,1.499,0.750,97.210,0,0,5298112,183712,182048,2340156,4664.090,1565.359,0,2115.134,0,28.988,1016,1442,0.960,1.460,0.990,1,0,0,0,0,18,300,0,18,0
30-06 06:26:30,1.495,1.246,95.442,0.249,0,5294968,186820,182048,2340192,4517.409,1507.132,31.897,362.828,0.997,55.820,1364,2069,0.960,1.460,0.990,1,0,0,0,0,18,300,0,18,0
30-06 06:26:31,1.752,0.501,96.374,0.501,0,5292228,189548,182048,2340204,4767.154,1405.815,0,548.708,0,36.047,1159,1643,0.960,1.460,0.990,2,0,0,0,0,18,300,0,15,0
30-06 06:26:32,1.000,1.000,97.211,0,0,5289692,192084,182048,2340204,4220.296,1241.499,0,0,0,0,901,1278,0.960,1.460,0.990,0,0,1.000,0,0,18,300,0,15,0
30-06 06:26:33,0.751,0.501,98.185,0,0,5287168,194608,182048,2340204,5049.500,1623.054,0,0,0,0,839,1171,0.890,1.440,0.980,1,0,0,0,0,18,300,0,15,0
30-06 06:26:34,1.249,3.498,92.938,0.500,0,5281556,200208,182048,2340216,5036.667,1618.929,0,63098.244,0,283.812,1787,2253,0.890,1.440,0.980,1,0,0,0,0,18,300,0,15,0
30-06 06:26:35,1.249,1.249,96.417,0.250,0.250,5280792,200968,182048,2340220,5257.458,1510.695,0,275.762,0,23.979,1139,1654,0.890,1.440,0.980,1,0,0,0,0,18,300,0,15,0
30-06 06:26:36,0.751,0.751,97.844,0,0,5280248,201512,182048,2340220,5242.025,1621.554,0,0,0,0,877,1303,0.890,1.440,0.980,1,0,0,0,0,18,300,0,15,0
30-06 06:26:37,1.251,0.250,97.326,0,0,5280248,201512,182048,2340220,4985.880,1621.262,0,4.003,0,1.001,1023,1491,0.890,1.440,0.980,1,0,0,0,0,18,300,0,15,0
30-06 06:26:38,1.748,0.749,96.910,0.250,0,5280248,201512,182048,2340220,4915.440,1618.498,0,283.737,0,25.976,1175,1669,0.820,1.410,0.980,1,0,0,0,0,18,300,0,15,0
30-06 06:26:39,0.999,0.500,97.190,0,0,5280248,201512,182048,2340220,5396.641,1618.992,0,375.766,0,17.989,950,1322,0.820,1.410,0.980,1,0,0,0,0,18,300,0,11,0
30-06 06:26:40,1.502,0.751,96.157,0.250,0,5280240,201512,182048,2340228,5891.618,703.148,0,172.281,0,25.041,1287,1964,0.820,1.410,0.980,1,0,0,0,0,18,300,0,11,0
30-06 06:26:41,1.749,0.500,96.425,0.250,0,5280344,201408,182048,2340228,6408.047,1294.999,0,1334.968,0,215.833,1222,1796,0.820,1.410,0.980,2,0,0,0,0,18,300,0,11,0
30-06 06:26:42,1.749,0.750,96.215,0,0,5280340,201408,182048,2340232,6463.626,1565.425,0,87.968,0,11.996,1268,1772,0.820,1.410,0.980,0,0,1.999,0,0,18,300,0,11,0
30-06 06:26:43,1.001,0.500,97.346,0,0,5280340,201408,182048,2340232,4906.844,1513.494,0,108.107,0,9.009,925,1318,0.750,1.390,0.970,1,0,0,0,0,18,300,0,10,0
30-06 06:26:44,1.749,0.750,96.465,0,0,5280340,201408,182048,2340232,5324.089,1565.438,0,51.981,0,5.998,1106,1521,0.750,1.390,0.970,1,0,0,0,0,18,300,0,10,0
30-06 06:26:45,4.010,9.023,85.467,0.251,0,5274912,206636,182048,2340432,4844.294,1515.847,180.458,316.804,9.023,26.066,3311,3269,0.750,1.390,0.970,1,0,246.626,0,0,18,300,0,10,0
30-06 06:26:46,8.247,19.492,70.222,0,0,5278272,203240,182048,2340468,5530.759,1565.366,0,15.994,0,2.999,6718,5791,0.750,1.390,0.970,3,0,524.787,0,0,18,300,0,10,0
30-06 06:26:47,8.003,20.258,70.026,0,0,5285304,196152,182048,2340524,4923.856,1620.611,0,0,0,0,6184,5130,0.750,1.390,0.970,1,0,460.173,0,0,18,300,0,9,0
30-06 06:26:48,9.251,21.502,68.006,0,0,5279612,201804,182048,2340564,4592.398,1512.131,0,120.010,0,12.001,7174,6775,0.690,1.370,0.970,1,0,652.057,0,0,18,300,0,9,0
30-06 06:26:49,16.955,10.472,71.311,0.249,0,5296212,184888,182196,2340728,4713.537,1561.870,287.241,2840.489,31.916,38.897,4857,4660,0.690,1.370,0.970,4,0,318.159,0,0,18,300,0,9,0
30-06 06:26:50,5.244,2.497,90.399,0.250,0,5311136,169808,182200,2340864,89333.430,4492.992,55.938,435.515,4.994,30.965,2443,2958,0.690,1.370,0.970,2,0,19.978,0,0,18,301,0,9,0
30-06 06:26:51,1.753,1.502,94.137,0,0,5310540,169584,182200,2341684,866228.123,24900.367,0,192.281,0,16.023,2188,2043,0.690,1.370,0.970,1,0,0,0,0,18,301,0,9,0
30-06 06:26:52,2.500,1.250,94.760,0,0,5309824,169108,182200,2342876,1251247.515,29084.080,0,2212.234,0,12.001,2251,2185,0.690,1.370,0.970,1,0,1.000,0,0,18,301,0,9,0
30-06 06:26:53,0.999,0.999,95.429,0.250,0,5308796,169748,182200,2343264,414985.263,10588.123,0,531.605,0,30.977,1324,1662,0.630,1.340,0.960,1,0,0,0,0,18,301,0,9,0
30-06 06:26:54,2.498,1.499,95.189,0,0,5308016,169628,182204,2344160,949111.743,22622.526,0,3673.650,0,81.948,1947,1949,0.630,1.340,0.960,1,0,0,0,0,18,301,0,9,0
30-06 06:26:55,1.252,0.501,97.883,0,0,5305276,172084,182204,2344444,290918.325,6776.185,0,292.396,0,8.011,1197,1469,0.630,1.340,0.960,0,0,0,0,0,18,301,0,9,0
30-06 06:26:56,1.500,0.500,96.505,0,0,5304904,172112,182204,2344788,507294.885,10794.593,0,488.027,0,6.000,1418,1476,0.630,1.340,0.960,1,0,0,0,0,18,301,0,9,0
30-06 06:26:57,12.009,9.758,75.808,1.751,0,5327800,129756,182884,2363676,200012.210,4869.755,4123.179,22837.608,62.048,731.564,5141,5969,0.630,1.340,0.960,1,0,63.049,0,0,18,300,0,10,0
30-06 06:26:58,11.474,13.220,69.092,3.991,0,5313060,136148,183300,2371456,5299.878,1508.550,19.954,16765.654,1.995,1730.043,8600,11613,0.740,1.350,0.970,3,0,141.676,0,0,18,300,0,10,0
30-06 06:26:59,24.549,8.266,65.130,0.501,0,5321800,126416,183348,2372384,5396.749,1569.125,0,2721.420,0,118.235,3880,3249,0.740,1.350,0.970,1,0,44.088,0,0,18,300,0,10,0
30-06 06:27:00,23.747,7.499,67.742,0.750,0,5312468,134768,183384,2373312,5191.376,1511.818,15.998,1655.801,1.000,104.987,3704,3152,0.740,1.350,0.970,3,0,33.996,0,0,18,300,0,10,0
30-06 06:27:01,25.020,6.005,67.805,0.751,0,5318852,125356,183532,2376140,5947.823,1567.271,0,1749.419,0,84.068,3436,3128,0.740,1.350,0.970,2,0,25.020,0,0,18,300,0,10,0
30-06 06:27:02,22.263,4.503,72.042,0.250,0,5307232,134560,183616,2378412,5675.341,1512.890,204.120,316.186,48.028,10.006,3480,4016,0.740,1.350,0.970,1,0,16.009,0,0,18,300,0,10,0
30-06 06:27:03,14.975,11.481,70.881,0.749,0,5361832,130492,183108,2328848,5676.442,1563.368,2571.670,5179.279,79.866,101.829,3875,4170,0.760,1.350,0.970,2,0,46.921,0,0,18,300,0,10,0
30-06 06:27:04,18.236,7.494,72.196,0.250,0,5368240,121332,183120,2329152,5907.565,1510.866,295.778,2721.956,19.985,15.988,3001,2512,0.760,1.350,0.970,3,0,40.969,0,0,18,300,0,10,0
30-06 06:27:05,17.473,4.243,77.132,0.499,0,5280040,317596,180948,2225340,5617.379,1563.600,2512.144,311.522,54.916,23.963,2549,2371,0.760,1.350,0.970,1,0,17.972,0,0,18,300,0,10,0
30-06 06:27:06,1.755,0.501,97.507,0,0,5278008,319628,180948,2225340,5912.597,1624.285,0,0,0,0,925,1329,0.760,1.350,0.970,1,0,0,0,0,18,300,0,10,0
30-06 06:27:07,0.751,0.250,97.423,0,0,5274276,323360,180948,2225340,4682.297,1136.013,0,4.007,0,1.002,965,1416,0.760,1.350,0.970,0,0,0,0,0,18,300,0,10,0
30-06 06:27:08,1.745,0.748,96.212,0,0,5273044,324588,180948,2225344,4231.347,861.424,0,426.724,0,31.905,1170,1682,0.700,1.320,0.960,1,0,0,0,0,18,300,0,10,0
30-06 06:27:09,0.999,0.749,97.660,0.250,0,5271684,325944,180948,2225348,4735.617,1618.502,3.996,211.804,0.999,14.986,875,1273,0.700,1.320,0.960,0,0,0,0,0,18,300,0,10,0
30-06 06:27:10,1.752,0.501,96.618,0,0,5270512,327100,180948,2225364,4926.006,1664.029,16.020,144.176,1.001,21.026,1150,1694,0.700,1.320,0.960,2,0,0,0,0,18,300,0,10,0
30-06 06:27:11,1.501,0.500,96.327,0.751,0,5270228,327368,180956,2225372,5371.319,1621.304,0,2730.195,0,137.110,1171,1841,0.700,1.320,0.960,1,0,2.002,0,0,18,300,0,10,0
30-06 06:27:12,1.498,0.749,97.647,0,0,5270940,326652,180956,2225376,5034.702,1618.297,0,891.062,0,193.796,1014,1367,0.700,1.320,0.960,0,0,0.999,0,0,18,300,0,10,0
30-06 06:27:13,0.750,0.250,97.451,0,0,5270940,326652,180956,2225376,4349.802,1553.215,0,3.998,0,0.999,832,1245,0.650,1.300,0.960,1,0,0,0,0,18,300,0,10,0
30-06 06:27:14,1.249,0.499,97.148,0.250,0,5270936,326652,180956,2225380,5214.512,1618.297,0,87.907,0,6.993,1027,1491,0.650,1.300,0.960,2,0,0,0,0,18,300,0,10,0
30-06 06:27:15,6.260,4.007,89.148,0,0,5261964,335508,180960,2225492,4297.128,811.346,108.179,76.126,5.008,9.015,2233,9725,0.650,1.300,0.960,1,0,36.060,0,0,18,300,0,11,0
30-06 06:27:16,1.750,0.500,96.768,0,0,5261964,335508,180960,2225492,5574.043,1296.243,0,0,0,0,1013,1439,0.650,1.300,0.960,0,0,0,0,0,18,300,0,10,0
30-06 06:27:17,0.999,0.499,97.365,0,0,5261964,335508,180960,2225492,5350.598,1455.986,0,0,0,0,911,1291,0.650,1.300,0.960,1,0,0,0,0,18,300,0,10,0
30-06 06:27:18,1.502,0.751,96.870,0.250,0,5261964,335508,180960,2225492,5931.341,1716.124,0,100.124,0,12.015,1179,1655,0.590,1.280,0.950,1,0,0,0,0,18,300,0,10,0
30-06 06:27:19,1.501,0.751,96.326,0.250,0,5261956,335508,180964,2225496,6022.753,1459.152,0,300.237,0,26.021,1183,1689,0.590,1.280,0.950,1,0,0,0,0,18,300,0,10,0
30-06 06:27:20,1.999,1.500,95.718,0.250,0,5261780,335508,180964,2225672,5998.004,1619.461,31.989,223.925,1.000,27.991,1485,2086,0.590,1.280,0.950,2,0,0,0,0,18,300,0,6,0
30-06 06:27:21,1.748,0,96.665,0,0,5261776,335508,180964,2225676,4339.179,485.572,0,107.905,0,7.993,1038,1470,0.590,1.280,0.950,1,0,0,0,0,18,300,0,6,0
30-06 06:27:22,3.000,1.750,93.744,0,0.250,5262248,335016,180964,2225696,4711.696,1511.902,0,171.989,0,13.999,1560,2151,0.590,1.280,0.950,1,0,4.000,0,0,18,300,0,6,0
30-06 06:27:23,3.510,0.752,94.517,0,0,5261832,335424,180964,2225704,4693.250,1624.586,0,838.367,0,160.453,1501,1747,0.550,1.260,0.950,2,0,2.006,0,0,18,300,0,8,0
30-06 06:27:24,12.700,4.233,81.676,0.249,0,5311724,283336,180968,2227896,4500.153,1452.241,2430.362,119.526,38.846,11.953,2030,2013,0.550,1.260,0.950,2,0,5.976,0,0,18,300,0,4,0
30-06 06:27:25,19.528,6.509,73.105,0,0,5322012,273044,180968,2227900,4806.902,1622.329,769.104,2311.319,6.009,168.242,2424,1823,0.550,1.260,0.950,2,0,7.010,0,0,18,300,0,4,0
30-06 06:27:26,2.497,0.749,95.877,0,0,5300156,294900,180968,2227900,4768.883,1456.132,0,0,0,0,1067,1415,0.550,1.260,0.950,2,0,0,0,0,18,300,0,4,0
30-06 06:27:27,0.501,0.752,97.508,0.501,0,5296896,298176,180968,2227900,4812.748,1624.302,0,557.477,0,39.104,955,1467,0.550,1.260,0.950,2,0,0,0,0,18,300,0,4,0
30-06 06:27:28,1.748,0.749,96.370,0.250,0,5292128,302940,180968,2227904,4973.313,1617.825,0,99.866,0,11.984,1143,1675,0.500,1.240,0.940,1,0,0,0,0,18,300,0,4,0
30-06 06:27:29,1.748,0.749,96.655,0,0,5290460,304608,180968,2227904,4555.543,1618.416,0,251.754,0,21.978,1078,1567,0.500,1.240,0.940,1,0,0,0,0,18,300,0,4,0
30-06 06:27:30,1.252,0.751,97.187,0,0,5290712,304356,180968,2227904,5410.433,1623.130,0,1667.215,0,23.044,992,1371,0.500,1.240,0.940,3,0,0,0,0,18,300,0,4,0
30-06 06:27:31,1.250,0.750,97.523,0.250,0,5288452,306608,180972,2227908,5238.210,1620.374,0,164.038,0,7.002,1047,1536,0.500,1.240,0.940,2,0,0,0,0,18,300,0,4,0
30-06 06:27:32,1.250,0.500,96.978,0,0,5288452,306608,180972,2227908,5348.802,1619.637,0,0,0,0,885,1288,0.500,1.240,0.940,1,0,1.000,0,0,18,300,0,4,0
30-06 06:27:33,1.000,0.500,97.743,0,0,5288200,306856,180972,2227912,4577.691,1457.902,0,1023.931,0,207.986,965,1382,0.460,1.220,0.940,1,0,0,0,0,18,300,0,4,0
30-06 06:27:34,1.498,0.250,96.594,0.250,0,5288452,306604,180972,2227912,5511.085,1617.384,0,83.864,0,11.981,1110,1668,0.460,1.220,0.940,1,0,0,0,0,18,300,0,4,0
30-06 06:27:35,5.253,3.502,89.558,0.250,0,5305244,289812,180972,2227912,5181.355,1458.945,0,55095.672,0,110.071,1689,2026,0.460,1.220,0.940,2,0,5.003,0,0,18,300,0,4,0
30-06 06:27:36,12.499,3.250,80.995,2.500,0,5286672,305864,181460,2229944,15035.980,10616.280,2483.831,1023.931,507.966,12.999,3135,3879,0.460,1.220,0.940,1,0,5.000,0,0,18,300,0,6,0
30-06 06:27:37,15.522,3.004,80.865,0,0,5280312,312168,181460,2230000,15676.370,11831.884,32.046,136.194,2.003,13.019,2524,2668,0.460,1.220,0.940,2,0,5.007,0,0,18,300,0,8,0
30-06 06:27:38,14.488,4.496,79.435,0,0,5291096,301120,181460,2230264,15788.047,12096.076,0,319.738,0,34.971,2813,3009,0.420,1.200,0.930,3,0,4.996,0,0,18,300,0,9,0
30-06 06:27:39,13.489,3.747,81.185,0.250,0,5282492,309556,181460,2230432,13533.222,9151.712,15.987,279.777,0.999,27.978,2407,2601,0.420,1.200,0.930,3,0,4.996,0,0,18,300,0,10,0
30-06 06:27:40,13.754,3.001,81.774,0,0,5289028,303004,181460,2230448,15958.658,11764.434,0,240.070,0,22.006,2452,2493,0.420,1.200,0.930,1,0,5.001,0,0,18,300,0,11,0
30-06 06:27:41,20.313,4.263,75.485,0.251,0,5263144,328648,181460,2230688,16956.722,12185.888,92.287,357.110,2.006,23.072,3028,2912,0.420,1.200,0.930,5,0,19.059,0,0,18,296,0,14,0
30-06 06:27:42,39.315,8.211,51.011,0.249,0,5061160,530480,181460,2230900,5553.928,1612.431,214.991,147.308,3.981,8.958,2945,1774,0.420,1.200,0.930,3,0,5.972,0,0,18,284,0,16,0
30-06 06:27:43,62.427,13.288,23.818,0,0,5181308,410276,181464,2230952,4470.684,1462.148,44.125,148.421,7.020,11.031,3803,1639,0.630,1.230,0.940,3,0,0,0,0,18,284,0,16,0
30-06 06:27:44,84.173,12.203,3.486,0.249,0,4997468,593608,181476,2231548,4721.681,1613.739,394.470,2880.823,24.903,413.396,5347,3422,0.630,1.230,0.940,7,0,8.965,0,0,18,259,0,18,0
30-06 06:27:45,80.508,12.039,7.023,0,0,5149072,441636,181476,2231984,4815.458,1625.217,4.013,650.087,1.003,47.151,5609,5700,0.630,1.230,0.940,5,0,7.023,0,0,18,257,0,22,0
30-06 06:27:46,65.619,8.015,25.045,0.751,0,5214712,373384,181476,2234596,5066.193,1622.945,1242.254,1033.876,66.120,27.049,6592,8335,0.630,1.230,0.940,3,0,3.005,0,0,18,265,0,24,0
30-06 06:27:47,29.459,6.491,62.664,0.499,0,5314680,271100,181492,2236896,43512.013,16791.850,379.477,479.339,48.933,39.945,6876,11766,0.630,1.230,0.940,1,0,1.997,0,0,18,273,0,30,0
30-06 06:27:48,7.235,1.996,88.571,0.249,0,5320304,265304,181492,2237068,28113.060,6767.293,0,383.224,0,43.911,2731,4755,0.660,1.220,0.940,2,0,0,0,0,18,279,0,30,0
30-06 06:27:49,1.503,0.501,96.691,0.250,0.250,5320304,265304,181492,2237068,4647.180,1460.886,0,192.380,0,23.046,1175,1798,0.660,1.220,0.940,1,0,0,0,0,18,279,0,30,0
30-06 06:27:50,1.498,0.499,96.357,0,0,5320296,265304,181496,2237072,4912.699,1617.596,0,215.679,0,20.969,1214,1798,0.660,1.220,0.940,2,0,0,0,0,18,279,0,30,0
30-06 06:27:51,2.002,0.751,97.086,0,0,5320292,265304,181496,2237076,4941.393,1621.442,0,208.185,0,15.013,988,1396,0.660,1.220,0.940,1,0,0,0,0,18,279,0,30,0
30-06 06:27:52,1.750,0.500,97.018,0.250,0,5320532,265064,181496,2237076,4278.795,1458.271,0,584.109,0,14.003,1039,1430,0.660,1.220,0.940,1,0,1.000,0,0,18,279,0,30,0
30-06 06:27:53,1.248,0.499,97.106,0,0,5320528,265064,181500,2237076,4383.489,1617.597,3.994,651.033,0.999,45.932,1060,1586,0.610,1.200,0.940,2,0,0,0,0,18,279,0,30,0
30-06 06:27:54,1.002,0.501,97.419,0,0,5320528,265064,181500,2237076,4900.524,1514.634,0,92.160,0,10.017,907,1311,0.610,1.200,0.940,1,0,0,0,0,18,279,0,30,0
30-06 06:27:55,1.249,0.500,97.187,0,0,5320528,265064,181500,2237076,4962.770,1564.981,0,3.997,0,0.999,911,1268,0.610,1.200,0.940,1,0,0,0,0,18,279,0,30,0
30-06 06:27:56,0.999,0.749,97.150,0,0,5320524,265064,181500,2237080,5771.076,1618.339,0,0,0,0,974,1294,0.610,1.200,0.940,0,0,0,0,0,18,279,0,30,0
30-06 06:27:57,1.751,0.751,97.068,0.250,0,5320484,265064,181500,2237120,4521.145,1529.064,32.022,84.058,2.001,9.006,1118,1694,0.610,1.200,0.940,1,0,0,0,0,18,279,0,29,0
30-06 06:27:58,3.253,1.001,94.073,0.500,0,5320484,265064,181500,2237120,5103.987,1621.266,0,580.453,0,65.051,1840,2707,0.560,1.180,0.930,0,0,0,0,0,18,279,0,29,0
30-06 06:27:59,1.500,2.000,95.004,0.750,0,5321488,264060,181500,2237120,4638.186,1458.058,0,7024.281,0,799.032,1566,2141,0.560,1.180,0.930,2,0,6.000,0,0,18,279,0,29,0
30-06 06:28:00,0.749,0.499,97.117,0,0,5321484,264060,181500,2237124,4853.352,1617.784,0,63.912,0,5.992,988,1321,0.560,1.180,0.930,2,0,0,0,0,18,279,0,29,0
30-06 06:28:01,1.002,0.501,97.411,0,0,5321480,264060,181500,2237128,5097.412,1514.499,0,1266.089,0,135.223,1007,1308,0.560,1.180,0.930,0,0,0,0,0,18,279,0,29,0
30-06 06:28:02,1.248,0.499,97.064,0,0,5321480,264060,181500,2237128,5207.994,1694.744,0,0,0,0,870,1258,0.560,1.180,0.930,1,0,0.998,0,0,18,279,0,29,0
30-06 06:28:03,1.001,0.501,97.610,0,0,5321480,264060,181500,2237128,5117.788,1753.984,0,0,0,0,915,1284,0.510,1.160,0.930,1,0,0,0,0,18,279,0,29,0
30-06 06:28:04,0.751,0.751,96.836,0,0,5320888,264668,181500,2237128,5404.774,1663.469,0,5120.523,0,538.476,1249,1786,0.510,1.160,0.930,1,0,0,0,0,18,279,0,29,0
30-06 06:28:05,1.998,0.749,96.901,0.250,0,5320784,264772,181500,2237128,5720.140,1660.299,0,259.734,0,22.976,1253,1862,0.510,1.160,0.930,2,0,0,0,0,18,279,0,29,0
30-06 06:28:06,0.999,0.499,97.150,0,0,5320784,264772,181500,2237128,6096.752,1618.341,0,23.975,0,1.998,963,1328,0.510,1.160,0.930,1,0,0,0,0,18,279,0,29,0
30-06 06:28:07,1.001,0.751,96.855,0,0,5320640,264772,181500,2237272,5311.744,1621.754,0,812.879,0,15.016,1095,1682,0.510,1.160,0.930,1,0,0,0,0,18,279,0,29,0
30-06 06:28:08,2.503,1.001,95.370,0.501,0,5320640,264772,181500,2237272,4523.678,1459.832,0,692.870,0,74.093,1715,2587,0.470,1.140,0.920,1,0,0,0,0,18,279,0,29,0
30-06 06:28:09,1.000,0.500,97.452,0.250,0,5320640,264772,181500,2237272,4317.864,1619.199,0,107.947,0,7.996,870,1282,0.470,1.140,0.920,1,0,0,0,0,18,279,0,29,0
30-06 06:28:10,1.497,0.749,96.080,0,0,5320632,264772,181500,2237280,4523.993,1509.329,0,235.583,0,22.959,1259,1816,0.470,1.140,0.920,0,0,0,0,0,18,279,0,29,0
30-06 06:28:11,1.251,0.751,97.108,0,0,5320632,264772,181500,2237280,5469.079,1567.743,0,488.543,0,30.033,1094,1563,0.470,1.140,0.920,0,0,2.002,0,0,18,279,0,29,0
30-06 06:28:12,0.751,0.250,97.571,0,0,5320632,264772,181500,2237280,5075.707,1513.105,0,0,0,0,927,1287,0.470,1.140,0.920,1,0,1.001,0,0,18,279,0,29,0
30-06 06:28:13,1.249,0.749,97.639,0,0,5320632,264772,181500,2237280,5140.169,1564.225,0,3.995,0,0.999,962,1292,0.430,1.120,0.920,0,0,0,0,0,18,279,0,29,0
30-06 06:28:14,1.000,0.500,97.248,0.250,0,5320628,264772,181500,2237284,5459.899,1619.970,0,47.999,0,6.000,918,1312,0.430,1.120,0.920,0,0,0,0,0,18,279,0,29,0
30-06 06:28:15,41.131,11.218,46.117,0.499,0,5030584,553888,181644,2238152,5759.383,1691.121,993.135,75.781,93.730,6.980,4609,11320,0.430,1.120,0.920,1,0,115.666,0,0,18,275,0,32,0
30-06 06:28:16,22.044,4.259,72.646,0,0,5089784,494612,181644,2238228,5307.648,2124.262,72.145,0,5.010,0,2125,1676,0.430,1.120,0.920,1,0,0,0,0,18,275,0,32,0
30-06 06:28:17,23.564,5.014,69.940,0,0,5136384,446768,181652,2239484,4782.995,1594.332,409.112,244.665,39.106,18.049,3648,5637,0.430,1.120,0.920,1,0,17.046,0,0,18,279,0,34,0
30-06 06:28:18,23.708,5.490,69.127,0.250,0,5218212,364940,181652,2239500,6767.937,1627.100,0,934.335,0,65.883,3047,2893,0.480,1.120,0.920,5,0,5.989,0,0,18,279,0,33,0
30-06 06:28:19,24.460,2.496,71.883,0.499,0,5243692,339276,181652,2239684,5347.292,742.790,0,207.662,0,20.966,2143,1862,0.480,1.120,0.920,2,0,0,0,0,18,279,0,33,0
30-06 06:28:20,6.016,2.005,91.236,0.251,0,5253260,329688,181652,2239704,6274.211,1515.917,0,312.808,0,33.085,1674,2033,0.480,1.120,0.920,1,0,1.003,0,0,18,279,0,33,0
30-06 06:28:21,0.750,0.750,97.494,0,0,5250040,332904,181652,2239708,5776.631,1759.888,0,103.993,0,7.000,932,1336,0.480,1.120,0.920,3,0,0,0,0,18,279,0,33,0
30-06 06:28:22,2.995,1.498,93.845,0.250,0,5249016,333908,181652,2239728,5450.992,1617.327,0,103.828,0,6.988,1513,1953,0.480,1.120,0.920,2,0,3.993,0,0,18,279,0,33,0
30-06 06:28:23,3.755,1.001,93.882,0,0,5229728,353192,181652,2239732,5287.442,1622.283,0,688.970,0,31.044,1416,1802,0.520,1.120,0.920,1,0,2.003,0,0,18,279,0,33,0
30-06 06:28:24,2.253,0.751,96.123,0,0,5228556,354356,181652,2239740,5346.852,1622.079,0,100.128,0,12.015,1154,1719,0.520,1.120,0.920,1,0,1.001,0,0,18,279,0,33,0
30-06 06:28:25,0.748,0.498,97.207,0,0,5227276,355636,181652,2239740,4905.191,1704.853,0,3.988,0,0.997,914,1306,0.520,1.120,0.920,1,0,0,0,0,18,279,0,33,0
30-06 06:28:26,1.250,0.500,97.489,0,0,5225100,357812,181652,2239740,4894.434,1457.831,0,0,0,0,913,1302,0.520,1.120,0.920,0,0,0,0,0,18,279,0,31,0
30-06 06:28:27,1.253,0.752,97.006,0.251,0,5223788,359116,181660,2239740,4590.090,1461.850,0,264.697,0,24.063,992,1451,0.520,1.120,0.920,1,0,0,0,0,18,279,0,31,0
30-06 06:28:28,2.747,0.999,94.652,0.250,0,5223404,359484,181668,2239748,4309.546,1132.829,0,295.694,0,45.953,1707,2446,0.480,1.100,0.910,2,0,0,0,0,18,279,0,31,0
30-06 06:28:29,1.249,0.749,96.927,0.250,0,5223144,359740,181672,2239748,4782.399,1704.716,0,519.609,0,39.970,1021,1453,0.480,1.100,0.910,1,0,0,0,0,18,279,0,31,0
30-06 06:28:30,1.251,1.001,97.573,0,0,5222360,360520,181676,2239748,5015.739,1555.159,0,48.036,0,6.004,944,1316,0.480,1.100,0.910,1,0,0,0,0,18,279,0,31,0
30-06 06:28:31,1.001,0.250,97.316,0,0,5222104,360772,181676,2239752,5526.759,1567.066,0,8.005,0,2.001,875,1247,0.480,1.100,0.910,1,0,0,0,0,18,279,0,31,0
30-06 06:28:32,0.750,0.500,97.207,0,0,5222352,360524,181676,2239752,4829.843,1511.325,0,0,0,0,961,1334,0.480,1.100,0.910,1,0,1.000,0,0,18,279,0,31,0
30-06 06:28:33,0.998,0.998,97.083,0,0,5222572,360300,181676,2239756,4729.865,1695.085,0,75.870,0,5.990,957,1308,0.440,1.080,0.910,1,0,0,0,0,18,279,0,31,0
30-06 06:28:34,1.753,0.501,96.928,0,0,5222568,360300,181676,2239760,5093.339,1647.020,0,84.154,0,12.022,1162,1704,0.440,1.080,0.910,1,0,0,0,0,18,279,0,31,0
30-06 06:28:35,1.500,1.000,95.976,0,0,5219644,363220,181680,2239760,5204.724,1655.594,0,5266.709,0,697.829,1438,1849,0.440,1.080,0.910,2,0,0,0,0,18,279,0,31,0
30-06 06:28:36,1.498,0.250,97.640,0,0,5219644,363220,181680,2239760,5203.154,1510.303,0,215.758,0,38.956,922,1271,0.440,1.080,0.910,1,0,0,0,0,18,279,0,31,0
30-06 06:28:37,0.751,0.751,97.344,0,0,5219644,363220,181680,2239760,5044.868,1621.565,0,4.004,0,1.001,909,1299,0.440,1.080,0.910,1,0,0,0,0,18,279,0,31,0
30-06 06:28:38,2.749,1.000,94.479,0.250,0,5219644,363220,181696,2239744,5444.778,1607.639,0,455.898,0,56.987,1802,2612,0.410,1.060,0.900,1,0,0,0,0,18,279,0,27,0
30-06 06:28:39,0.999,0.250,97.398,0.499,0,5219620,363220,181700,2239764,4794.997,1618.311,0,531.445,0,32.966,937,1390,0.410,1.060,0.900,1,0,0,0,0,18,279,0,27,0
30-06 06:28:40,1.001,0.501,97.393,0,0,5219620,363220,181700,2239764,6369.374,1622.388,0,0,0,0,960,1317,0.410,1.060,0.900,1,0,0,0,0,18,279,0,27,0
30-06 06:28:41,0.751,0.500,97.566,0,0,5219620,363220,181700,2239764,7281.954,1621.103,0,0,0,0,952,1335,0.410,1.060,0.900,1,0,0,0,0,18,279,0,27,0
30-06 06:28:42,7.498,1.500,89.974,0.500,0,5220392,362180,181708,2240024,6150.243,1511.568,227.935,323.907,15.995,41.988,2615,3898,0.410,1.060,0.900,1,0,1.999,0,0,18,279,0,19,0
30-06 06:28:43,0.998,0.499,97.098,0.250,0,5220384,362180,181716,2240024,5092.039,1617.471,0,455.288,0,32.948,1136,1658,0.370,1.040,0.900,2,0,0,0,0,18,279,0,19,0
30-06 06:28:44,0.751,0.501,98.145,0,0,5220384,362180,181716,2240024,5227.745,1622.404,0,32.047,0,4.006,872,1278,0.370,1.040,0.900,2,0,0,0,0,18,279,0,19,0
30-06 06:28:45,2.252,3.504,92.848,0,0,5221224,361336,181716,2240028,5093.356,1657.743,0,32.034,0,3.003,1823,1865,0.370,1.040,0.900,2,0,67.071,0,0,18,279,0,19,0
30-06 06:28:46,15.516,11.762,72.074,0,0,5257732,324808,181716,2240048,4950.058,1189.215,0,32.033,0,4.004,4191,3619,0.370,1.040,0.900,2,0,244.250,0,0,18,279,0,12,0
30-06 06:28:47,18.208,3.492,76.821,0,0,5303436,279096,181716,2240056,10192.227,7240.112,3.991,31.926,0.998,2.993,2049,1732,0.370,1.040,0.900,1,0,0,0,0,18,280,0,12,0
30-06 06:28:48,20.781,4.006,73.110,0.501,0,5303048,279096,181724,2240436,7794.772,4714.119,132.200,837.264,8.012,101.153,4982,6776,0.420,1.040,0.900,2,0,1.002,0,0,18,280,0,14,0
30-06 06:28:49,39.484,8.996,48.981,0.750,0,5346228,235768,181760,2240548,5561.788,2738.911,75.970,5057.989,3.998,327.870,4969,5666,0.420,1.040,0.900,3,0,25.990,0,0,18,279,0,15,0
30-06 06:28:50,33.752,6.500,58.753,0,0,5399704,182056,181772,2240772,48932.572,40617.135,160.008,316.017,8.000,19.001,3961,3897,0.420,1.040,0.900,3,0,4.000,0,0,18,279,0,19,0
30-06 06:28:51,12.478,2.995,83.853,0,0,5393264,188488,181772,2240780,4586.972,1497.379,0,0,0,0,1755,1642,0.420,1.040,0.900,2,0,34.939,0,0,18,279,0,19,0
30-06 06:28:52,1.249,0.999,96.906,0,0,5385308,196444,181772,2240780,4915.208,1702.340,0,91.910,0,6.993,1014,1371,0.420,1.040,0.900,1,0,0.999,0,0,18,279,0,19,0
30-06 06:28:53,0.999,0.750,96.950,0.500,0,5380764,200984,181776,2240780,4335.750,1457.244,0,1187.384,0,79.959,1151,1749,0.390,1.030,0.890,0,0,0,0,0,18,279,0,19,0
30-06 06:28:54,1.250,0.500,97.037,0,0,5375560,206188,181776,2240780,5282.024,1620.621,0,92.035,0,10.004,980,1397,0.390,1.030,0.890,1,0,0,0,0,18,279,0,19,0
30-06 06:28:55,1.253,0.752,97.238,0,0,5368160,213588,181776,2240780,5399.207,1569.840,0,2349.748,0,423.035,1139,1361,0.390,1.030,0.890,1,0,0,0,0,18,279,0,19,0
30-06 06:28:56,1.000,0.500,97.203,0,0,5361236,220508,181776,2240784,5266.472,1511.274,0,0,0,0,962,1295,0.390,1.030,0.890,1,0,0,0,0,18,279,0,19,0
30-06 06:28:57,0.999,0.749,97.106,0,0,5354684,227056,181776,2240788,4912.704,1617.598,0,0,0,0,863,1244,0.390,1.030,0.890,1,0,0,0,0,18,279,0,19,0
30-06 06:28:58,2.251,1.001,95.549,0.500,0,5347824,233888,181792,2240800,5042.569,1620.826,0,320.163,0,47.024,1703,2567,0.360,1.010,0.890,1,0,0,0,0,18,279,0,19,0
30-06 06:28:59,1.252,1.252,95.661,0.501,0,5344680,237004,181796,2240824,5228.781,1622.725,16.027,568.955,1.002,45.076,1307,1820,0.360,1.010,0.890,1,0,7.012,0,0,18,279,0,19,0
30-06 06:29:00,1.499,0.750,97.208,0.250,0,5341676,239996,181804,2240828,5097.822,1619.308,0,171.927,0,20.991,1073,1460,0.360,1.010,0.890,3,0,0,0,0,18,279,0,19,0
30-06 06:29:01,1.249,0.250,97.647,0,0,5338736,242936,181804,2240828,5710.968,1618.291,0,7.992,0,1.998,923,1313,0.360,1.010,0.890,1,0,0,0,0,18,279,0,19,0
30-06 06:29:02,1.249,0.749,96.649,0,0,5336968,244696,181812,2240828,4788.991,1132.815,0,319.666,0,23.975,1022,1413,0.360,1.010,0.890,1,0,0.999,0,0,18,279,0,19,0
30-06 06:29:03,1.002,0.501,97.658,0,0,5334336,247324,181812,2240832,5484.852,1538.483,0,0,0,0,943,1299,0.330,0.990,0.880,1,0,0,0,0,18,279,0,19,0
30-06 06:29:04,1.251,1.001,96.824,0,0,5333144,248516,181812,2240832,5428.138,1567.195,0,84.064,0,12.009,1125,1663,0.330,0.990,0.880,2,0,0,0,0,18,279,0,19,0
30-06 06:29:05,1.248,0.749,96.601,0,0,5332864,248796,181812,2240832,5817.013,1683.399,0,239.630,0,19.969,1052,1541,0.330,0.990,0.880,0,0,0,0,0,18,279,0,19,0
30-06 06:29:06,1.000,0.500,96.953,0.250,0,5332864,248796,181812,2240832,5542.301,1187.422,0,31.984,0,2.999,941,1297,0.330,0.990,0.880,0,0,0,0,0,18,279,0,19,0
30-06 06:29:07,1.502,0.751,97.899,0,0,5332760,248900,181812,2240832,5097.776,1352.063,0,4.006,0,1.002,930,1296,0.330,0.990,0.880,1,0,0,0,0,18,279,0,19,0
30-06 06:29:08,2.744,0.998,94.056,0.249,0,5332760,248892,181816,2240836,5087.509,1562.777,0,431.111,0,56.883,1743,2521,0.300,0.980,0.880,0,0,0,0,0,18,279,0,19,0
30-06 06:29:09,1.000,0.750,97.029,0.250,0,5332500,249144,181824,2240836,5013.493,1512.450,0,692.206,0,40.012,1124,1779,0.300,0.980,0.880,1,0,0,0,0,18,279,0,19,0
30-06 06:29:10,1.252,0.250,97.431,0,0,5332500,249144,181824,2240836,4614.551,1568.907,0,0,0,0,880,1241,0.300,0.980,0.880,2,0,0,0,0,18,279,0,19,0
30-06 06:29:11,1.250,0.750,97.240,0,0,5332492,249144,181824,2240844,4242.560,1025.894,0,843.912,0,164.983,1189,1805,0.300,0.980,0.880,2,0,0,0,0,18,279,0,19,0
30-06 06:29:12,1.501,0.751,96.570,0,0,5332848,248788,181824,2240844,4469.220,1026.740,0,684.493,0,85.061,1042,1467,0.300,0.980,0.880,2,0,1.001,0,0,18,279,0,19,0
30-06 06:29:13,0.500,0.500,97.213,0,0,5332724,248912,181824,2240844,4830.182,1511.431,0,3.998,0,1.000,955,1292,0.280,0.960,0.870,2,0,0,0,0,18,279,0,19,0
30-06 06:29:14,2.000,0.500,97.258,0.250,0,5332720,248912,181824,2240848,5280.418,1662.132,0,64.005,0,6.000,960,1290,0.280,0.960,0.870,1,0,0,0,0,18,279,0,19,0
30-06 06:29:15,6.751,4.001,88.265,0,0,5320004,261628,181824,2240848,5100.893,1620.284,0,48.008,0,6.001,2144,5926,0.280,0.960,0.870,0,0,36.006,0,0,18,279,0,18,0
30-06 06:29:16,0.749,0.749,97.405,0,0,5320000,261628,181824,2240852,5771.360,1618.418,0,15.984,0,1.998,941,1298,0.280,0.960,0.870,1,0,0,0,0,18,279,0,18,0
30-06 06:29:17,2.248,0.749,95.658,0,0,5320220,261404,181824,2240856,5095.113,1618.448,0,0,0,0,1235,1581,0.280,0.960,0.870,0,0,3.996,0,0,18,279,0,18,0
30-06 06:29:18,3.502,1.001,93.810,0.250,0.250,5320200,261404,181836,2240864,5913.790,1661.065,32.021,332.213,2.001,49.031,1925,2725,0.260,0.940,0.870,1,0,1.001,0,0,18,279,0,18,0
30-06 06:29:19,1.502,0.501,96.623,0.250,0,5320156,261404,181844,2240900,5899.495,1754.229,0,252.321,0,32.041,1423,2138,0.260,0.940,0.870,1,0,0,0,0,18,279,0,15,0
30-06 06:29:20,1.001,1.001,96.564,0.250,0,5320152,261404,181844,2240904,6550.310,1687.110,0,228.150,0,22.014,1353,1954,0.260,0.940,0.870,0,0,0,0,0,18,279,0,15,0
30-06 06:29:21,1.996,1.747,95.812,0,0,5322416,259136,181844,2240908,5683.819,1574.902,0,107.788,0,7.984,1215,1457,0.260,0.940,0.870,1,0,17.965,0,0,18,279,0,15,0
30-06 06:29:22,0.749,0.250,96.623,0,0,5322640,258912,181844,2240908,4779.721,1563.946,0,786.966,0,155.795,1084,1423,0.260,0.940,0.870,2,0,0.999,0,0,18,279,0,15,0
30-06 06:29:23,3.758,2.255,93.700,0.501,0,5324376,257148,181844,2240936,4551.711,1515.233,0,857.830,0,68.145,1590,2257,0.240,0.930,0.860,1,0,3.006,0,0,18,279,0,15,0
30-06 06:29:24,4.500,1.500,93.247,0,0,5324232,257148,181844,2241080,10509.664,2942.906,0,4.000,0,1.000,1658,1905,0.240,0.930,0.860,1,0,2.000,0,0,18,279,0,17,0
30-06 06:29:25,1.747,0.749,95.570,0,0,5324220,257148,181844,2241092,4970.662,1616.962,0,135.745,0,14.972,1210,1759,0.240,0.930,0.860,1,0,0.998,0,0,18,279,0,17,0
30-06 06:29:26,1.000,0.250,97.249,0,0,5324220,257148,181844,2241092,4848.928,1511.977,0,0,0,0,913,1319,0.240,0.930,0.860,2,0,0,0,0,18,279,0,17,0
30-06 06:29:27,1.253,0.501,97.449,0,0,5324220,257148,181844,2241092,4495.196,1709.497,0,0,0,0,917,1320,0.240,0.930,0.860,1,0,0,0,0,18,279,0,17,0
30-06 06:29:28,2.999,1.250,94.233,0.500,0,5324204,257148,181852,2241100,4531.198,1511.732,0,475.916,0,60.989,1732,2604,0.220,0.910,0.860,1,0,0,0,0,18,279,0,17,0
30-06 06:29:29,1.248,0.749,96.084,0.499,0,5324200,257148,181856,2241100,4238.657,1563.292,0,3685.615,0,183.682,1328,2085,0.220,0.910,0.860,1,0,0,0,0,18,279,0,17,0
30-06 06:29:30,1.252,0.751,97.428,0,0,5324192,257148,181856,2241108,4660.521,1514.770,0,112.205,0,14.026,941,1379,0.220,0.910,0.860,1,0,0,0,0,18,279,0,17,0
30-06 06:29:31,1.000,0.500,97.288,0,0,5324192,257148,181856,2241108,5109.005,1566.615,0,4.002,0,1.000,810,1191,0.220,0.910,0.860,1,0,0,0,0,18,279,0,17,0
30-06 06:29:32,0.997,0.498,97.172,0.249,0,5324192,257148,181856,2241108,4893.482,1345.458,0,865.080,0,174.411,1018,1321,0.220,0.910,0.860,1,0,0.997,0,0,18,279,0,17,0
30-06 06:29:33,1.003,0.501,97.499,0,0,5324192,257148,181856,2241108,4186.705,1299.322,0,0,0,0,931,1302,0.200,0.900,0.850,0,0,0,0,0,18,279,0,17,0
30-06 06:29:34,1.751,0.500,96.820,0.250,0,5324192,257148,181856,2241108,4945.583,1753.270,0,148.107,0,18.013,1221,1815,0.200,0.900,0.850,2,0,0,0,0,18,279,0,17,0
30-06 06:29:35,1.500,1.000,96.723,0,0,5324184,257148,181860,2241112,5204.546,1565.563,0,83.977,0,11.997,1091,1650,0.200,0.900,0.850,2,0,0,0,0,18,279,0,17,0
30-06 06:29:36,0.749,0,97.850,0,0,5324184,257148,181860,2241112,5294.872,1683.416,0,0,0,0,883,1267,0.200,0.900,0.850,1,0,0,0,0,18,279,0,17,0
30-06 06:29:37,1.001,0.501,97.886,0,0,5324184,257148,181860,2241112,4732.582,1568.181,0,4.006,0,1.001,946,1286,0.200,0.900,0.850,1,0,0,0,0,18,279,0,17,0
30-06 06:29:38,3.001,1.250,94.787,0.250,0,5324180,257148,181860,2241116,5214.048,1512.594,0,604.237,0,64.025,1719,2622,0.180,0.880,0.850,1,0,0,0,0,18,279,0,17,0
30-06 06:29:39,0.749,0.250,96.864,0,0,5324180,257148,181860,2241116,5558.214,1563.809,0,463.351,0,30.957,956,1422,0.180,0.880,0.850,1,0,0,0,0,18,279,0,17,0
30-06 06:29:40,1.002,0.501,97.702,0,0.251,5324180,257148,181860,2241116,6725.902,1677.467,0,56.116,0,1.002,914,1293,0.180,0.880,0.850,1,0,0,0,0,18,279,0,17,0
30-06 06:29:41,12.753,4.751,81.022,0,0,5350524,230692,181860,2241232,13430.651,9317.533,32.009,0,2.001,0,2812,3060,0.180,0.880,0.850,0,0,37.010,0,0,18,280,0,17,0
30-06 06:29:42,12.738,1.748,84.172,0,0,5358112,222880,181860,2241460,9440.298,4676.689,3.996,59.945,0.999,2.997,2381,3002,0.180,0.880,0.850,3,0,2.997,0,0,18,283,0,18,0
30-06 06:29:43,9.481,18.213,70.856,0,0,5341456,239496,181864,2241496,9774.126,2061.808,0,159.675,0,27.943,6386,5395,0.250,0.880,0.850,1,0,460.065,0,0,18,283,0,19,0
30-06 06:29:44,20.030,7.010,72.108,0.501,0,5391840,188940,181864,2241668,12195.255,2095.136,148.222,124.186,4.006,8.012,2644,2146,0.250,0.880,0.850,3,0,37.055,0,0,18,283,0,19,0
30-06 06:29:45,22.810,3.509,73.194,0,0,5440852,139548,181892,2242020,4674.382,1516.016,20.053,364.967,2.005,6.016,1979,1526,0.250,0.880,0.850,1,0,2.005,0,0,18,283,0,19,0
30-06 06:29:46,23.423,2.990,72.510,0,0,5401536,174936,182088,2245656,5086.196,1602.705,39.868,0,6.977,0,2069,1568,0.250,0.880,0.850,4,0,2.990,0,0,18,283,0,19,0
30-06 06:29:47,23.201,4.989,70.351,0,0,5444700,181908,180204,2198120,5312.779,1814.168,0,654.617,0,12.973,2998,3204,0.250,0.880,0.850,4,0,0,0,0,18,282,0,19,2
30-06 06:29:48,25.565,5.013,67.923,1.253,0,5446540,179760,180248,2198384,4437.309,1570.001,0,4050.323,0,527.344,6909,9923,0.230,0.870,0.840,1,0,0,0,0,18,285,0,23,2
30-06 06:29:49,22.258,3.751,70.776,1.250,0,5460164,165144,180292,2199332,5902.136,2571.931,996.361,1440.521,64.023,200.072,4819,6732,0.230,0.870,0.840,1,0,1.000,0,0,18,288,0,25,2
30-06 06:29:50,12.264,2.253,84.094,0.751,0,5463104,161616,180316,2199896,11948.310,3889.333,176.196,1093.218,10.011,147.164,3489,4861,0.230,0.870,0.840,3,0,0,0,0,18,289,0,25,2
30-06 06:29:51,3.239,0.748,93.690,0.498,0,5464812,159856,180320,2199944,5892.518,2076.136,15.947,829.258,0.997,79.736,1823,2685,0.230,0.870,0.840,1,0,0,0,0,18,288,0,26,2
30-06 06:29:52,8.502,2.000,87.518,0.500,0,5465432,159100,180340,2200060,11741.446,3460.721,64.013,1168.243,4.001,129.027,2971,4122,0.230,0.870,0.840,0,0,1.000,0,0,18,288,0,12,2
30-06 06:29:53,21.594,4.018,70.307,2.009,0,5466300,157840,180396,2200396,4927.548,1572.878,32.141,6283.477,1.004,521.280,7593,11902,0.290,0.870,0.850,1,0,1.004,0,0,18,291,0,14,2
30-06 06:29:54,23.740,4.998,68.720,0.750,0,5467776,155824,180424,2200908,5143.769,1565.321,0,2462.932,0,205.911,7746,11239,0.290,0.870,0.850,1,0,0,0,0,18,292,0,16,2
30-06 06:29:55,8.966,0.996,86.925,0.747,0,5469144,154312,180464,2201012,6421.985,2620.202,15.940,1534.263,0.996,196.266,3279,5046,0.290,0.870,0.850,0,0,0,0,0,18,290,0,17,2
30-06 06:29:56,9.008,2.002,88.079,1.001,0,5469192,154060,180480,2201200,12533.209,3409.049,0,1237.106,0,119.107,3028,4225,0.290,0.870,0.850,3,0,0,0,0,18,290,0,17,2
30-06 06:29:57,16.294,3.760,77.712,1.003,0,5469048,154060,180524,2201300,5294.446,1624.432,0,1933.275,0,233.637,5622,8568,0.290,0.870,0.850,2,0,0,0,0,18,291,0,19,2
30-06 06:29:58,25.461,4.992,66.648,1.248,0,5469980,152800,180560,2201592,5303.847,1509.679,0,3730.266,0,394.394,8895,13379,0.430,0.890,0.850,3,0,0,0,0,18,291,0,20,2
30-06 06:29:59,7.504,2.752,86.799,1.001,0,5472280,150284,180604,2201764,6309.568,2509.419,56.032,7108.020,1.001,497.281,3614,5879,0.430,0.890,0.850,2,0,3.002,0,0,18,290,0,21,2
30-06 06:30:00,11.743,1.999,83.703,0.750,0,5472424,149920,180612,2201976,6288.463,2452.620,0,847.523,0,124.930,3636,4939,0.430,0.890,0.850,1,0,2.998,0,0,18,290,0,22,2
30-06 06:30:01,11.765,2.503,83.609,1.001,0,5480928,141328,180620,2202056,7653.004,2511.283,0,1241.623,0,154.202,3436,4768,0.430,0.890,0.850,0,0,0,0,0,18,290,0,23,2
30-06 06:30:02,8.985,1.498,88.354,0.250,0,5481672,140280,180620,2202360,5612.733,1509.508,127.789,423.301,6.988,28.952,2094,2627,0.430,0.890,0.850,1,0,0.998,0,0,18,290,0,23,2
30-06 06:30:03,9.519,1.503,86.419,0.501,0,5481396,140476,180620,2202440,12836.121,3412.679,0,5134.048,0,500.980,3494,4719,0.390,0.870,0.850,0,1,0,0,0,18,290,0,24,2
30-06 06:30:04,7.234,1.746,89.055,0.748,0,5471224,150600,180620,2202488,13076.384,3398.563,0,3037.353,0,487.932,2942,4022,0.390,0.870,0.850,1,0,0,0,0,18,290,0,24,2
30-06 06:30:05,6.499,1.250,89.230,0.750,0,5471412,150348,180640,2202532,12774.141,3297.262,0,1227.725,0,128.971,2815,4081,0.390,0.870,0.850,1,0,0,0,0,18,290,0,24,2
30-06 06:30:06,14.519,3.004,79.852,1.252,0,5471160,150348,180648,2202776,5477.986,1177.502,0,1718.191,0,209.267,5290,8652,0.390,0.870,0.850,3,0,0,0,0,18,291,0,24,2
30-06 06:30:07,25.255,5.251,66.512,1.500,0,5472052,149088,180656,2203136,4952.889,1512.271,0,8305.490,0,586.105,8994,14173,0.390,0.870,0.850,4,0,0,0,0,18,290,0,25,2
30-06 06:30:08,25.985,4.497,66.211,1.749,0,5472712,148092,180668,2203444,4723.191,1565.069,0,2566.474,0,353.790,7688,12017,0.440,0.880,0.850,3,0,0,0,0,18,291,0,26,2
30-06 06:30:09,21.748,4.000,71.244,0.750,0,5473928,146580,180684,2203724,5699.519,1619.863,0,2287.807,0,180.985,7299,10816,0.440,0.880,0.850,1,0,1.000,0,0,18,292,0,26,2
30-06 06:30:10,7.010,1.001,90.874,0.250,0,5473908,146580,180684,2203744,4806.535,1622.205,0,512.697,0,37.050,1834,2211,0.440,0.880,0.850,0,0,0,0,0,18,292,0,26,2
30-06 06:30:11,3.000,0.250,95.016,0,0,5474120,146328,180684,2203784,5665.925,1686.275,0,1984.324,0,23.004,1463,1812,0.440,0.880,0.850,0,0,0,0,0,18,292,0,26,2
30-06 06:30:12,13.498,2.750,81.486,1.000,0.250,5475020,145324,180688,2203884,5219.130,1619.730,0,1439.760,0,203.966,5242,7885,0.440,0.880,0.850,3,0,1.000,0,0,18,292,0,26,2
30-06 06:30:13,25.019,5.004,66.550,1.501,0,5475364,144568,180724,2204260,5482.096,1459.090,0,2573.923,0,332.248,8402,13249,0.570,0.900,0.850,1,0,0,0,0,18,292,0,28,2
30-06 06:30:14,21.178,3.986,71.258,1.495,0,5479556,140032,180760,2204568,5202.301,1614.507,207.295,3316.716,12.956,334.861,6974,10266,0.570,0.900,0.850,1,0,0,0,0,18,291,0,28,2
30-06 06:30:15,10.786,6.020,81.520,1.254,0,5475768,190056,179164,2161268,5343.696,1571.203,188.625,6979.112,13.043,472.565,4204,14915,0.570,0.900,0.850,2,0,38.126,0,0,18,292,0,29,2
30-06 06:30:16,9.475,1.496,86.274,0.249,0,5480588,185056,179172,2161472,7020.643,2471.538,0,1073.194,0,117.692,2833,4037,0.570,0.900,0.850,2,0,0,0,0,18,291,0,31,2
30-06 06:30:17,9.999,1.500,85.739,1.000,0,5482648,182868,179184,2161588,6750.144,2488.684,63.992,835.894,3.999,123.984,3155,4404,0.570,0.900,0.850,2,0,2.000,0,0,18,291,0,32,2
30-06 06:30:18,6.239,1.747,89.346,0.749,0,5482604,182868,179188,2161628,6111.467,1549.330,0,1373.633,0,135.766,2837,4091,0.520,0.880,0.850,1,0,0,0,0,18,292,0,32,2
30-06 06:30:19,23.801,4.009,69.651,1.253,0,5486804,178412,179196,2161876,12133.244,3638.871,0,12402.827,0,1043.257,6296,7633,0.520,0.880,0.850,1,0,0,0,0,18,291,0,40,2
30-06 06:30:20,8.249,1.250,88.739,0.750,0,5487004,178188,179200,2161896,9047.855,2123.731,0,787.900,0,67.991,2109,2547,0.520,0.880,0.850,2,0,0,0,0,18,292,0,40,2
30-06 06:30:21,5.988,1.747,90.322,0.499,0,5487344,177684,179208,2162052,6670.858,2090.881,15.969,1405.232,0.998,139.725,2301,3577,0.520,0.880,0.850,2,0,0,0,0,18,291,0,42,2
30-06 06:30:22,11.750,2.000,82.747,1.750,0,5488192,176692,179240,2162164,12098.557,3459.873,0,6967.745,0,488.982,4251,6468,0.520,0.880,0.850,2,0,1.000,0,0,18,291,0,46,2
30-06 06:30:23,10.014,1.752,87.118,0.751,0,5489300,175432,179260,2162296,4644.264,1459.969,16.022,2563.458,1.001,401.542,3476,4552,0.480,0.870,0.840,1,0,2.003,0,0,18,291,0,46,2
30-06 06:30:24,15.042,3.510,78.972,0.752,0,5502144,162352,179272,2162520,11034.956,3005.431,0,1444.051,0,178.501,3545,5057,0.480,0.870,0.840,4,0,3.008,0,0,18,292,0,48,2
30-06 06:30:25,10.451,2.239,85.100,0.746,0,5502396,161876,179284,2162732,6350.138,2574.891,159.251,652.930,9.953,60.714,3295,4410,0.480,0.870,0.840,3,0,1.991,0,0,18,291,0,50,2
30-06 06:30:26,16.049,3.009,78.488,0.251,0,5503552,160476,179316,2162944,6643.165,2539.709,0,1408.275,0,165.502,3801,5491,0.480,0.870,0.840,0,0,1.003,0,0,18,291,0,57,2
30-06 06:30:27,6.751,1.000,90.262,0.500,0,5503980,160000,179336,2162972,4666.602,1566.202,0,744.096,0,74.010,2118,2891,0.480,0.870,0.840,1,0,0,0,0,18,291,0,58,2
30-06 06:30:28,6.738,1.248,89.837,0.499,0,5504436,159496,179352,2163004,5030.844,1617.057,0,950.271,0,108.802,2590,3650,0.680,0.900,0.860,1,0,0,0,0,18,291,0,58,2
30-06 06:30:29,4.506,1.502,93.629,0.501,0,5504400,159496,179368,2163024,4852.664,1568.153,0,708.974,0,70.096,1771,2576,0.680,0.900,0.860,1,0,0,0,0,18,291,0,58,2
30-06 06:30:30,4.244,0.999,92.875,0.499,0,5504396,159496,179376,2163020,4913.401,1617.827,0,659.115,0,60.918,1864,2590,0.680,0.900,0.860,1,0,0,0,0,18,291,0,58,2
30-06 06:30:31,2.503,0.751,95.612,0,0,5504608,159244,179376,2163060,5062.951,1621.906,0,384.452,0,25.029,1285,1795,0.680,0.900,0.860,2,0,0,0,0,18,290,0,59,2
30-06 06:30:32,9.236,1.997,86.369,0.998,0,5498484,165284,179408,2163112,7364.832,3390.858,0,1445.808,0,187.715,3073,4559,0.680,0.900,0.860,2,0,0.998,0,0,18,291,0,60,2
30-06 06:30:33,12.246,2.249,83.221,1.250,0,5498936,164584,179428,2163340,7199.511,2437.157,0,1915.338,0,242.916,3956,5828,0.630,0.890,0.850,1,0,0,0,0,18,291,0,62,2
30-06 06:30:34,11.528,2.005,83.706,0.752,0,5499628,163828,179448,2163384,7474.389,2498.146,0,5060.450,0,341.841,3614,5237,0.630,0.890,0.850,2,0,0,0,0,18,291,0,66,2
30-06 06:30:35,8.005,1.751,87.051,1.001,0,5500944,162344,179468,2163532,11236.541,2944.714,0,1993.160,0,219.128,3360,5067,0.630,0.890,0.850,2,0,0,0,0,18,292,0,67,2
30-06 06:30:36,5.233,0.748,92.207,0.498,0,5500740,162344,179496,2163708,5312.139,1507.216,0,889.178,0,95.696,2366,3470,0.630,0.890,0.850,1,0,0,0,0,18,291,0,67,2
30-06 06:30:37,14.033,2.757,81.193,1.253,0,5509644,153276,179532,2163836,6140.604,2538.036,16.038,1375.271,1.002,180.429,3659,5423,0.630,0.890,0.850,1,0,0,0,0,18,291,0,70,2
30-06 06:30:38,8.749,1.500,86.487,0.750,0,5509828,153024,179544,2163892,6328.042,2379.640,0,1491.774,0,184.972,3097,4509,0.660,0.890,0.850,2,0,0,0,0,18,291,0,71,2
30-06 06:30:39,9.240,1.498,88.157,0.499,0,5509104,153516,179572,2164096,6094.544,2080.796,0,1214.713,0,119.873,2717,3950,0.660,0.890,0.850,1,0,0,0,0,18,291,0,72,2
30-06 06:30:40,2.506,1.002,94.969,0.251,0,5507556,155060,179572,2164100,5642.990,1569.613,0,5187.942,0,609.403,1672,1881,0.660,0.890,0.850,1,0,0,0,0,18,292,0,72,2
30-06 06:30:41,9.744,1.499,86.449,0.750,0,5507464,155060,179600,2164164,12854.470,3457.974,0,1347.211,0,149.912,2986,4192,0.660,0.890,0.850,1,0,0,0,0,18,291,0,74,2
30-06 06:30:42,20.737,3.748,70.957,1.749,0,5508300,153816,179656,2164516,5778.502,1241.249,0,3837.677,0,359.782,7344,11709,0.660,0.890,0.850,2,0,1.999,0,0,18,292,0,74,2
30-06 06:30:43,25.043,5.259,65.864,1.753,0,5509048,152556,179768,2164916,4303.445,1298.246,32.055,9861.059,1.002,749.296,9251,15379,0.680,0.890,0.850,2,0,0,0,0,18,292,0,74,2
30-06 06:30:44,12.962,2.742,81.509,0.748,0,5509432,152052,179788,2165016,4698.082,1507.534,0,3557.461,0,299.114,4949,7551,0.680,0.890,0.850,2,0,0,0,0,18,291,0,75,2
30-06 06:30:45,12.773,2.504,82.146,1.252,0,5510212,151044,179808,2165224,6136.917,2681.771,0,1855.300,0,211.376,3608,5138,0.680,0.890,0.850,1,0,0,0,0,18,291,0,77,2
30-06 06:30:46,6.255,1.501,90.571,0.500,0,5510208,151044,179808,2165228,5000.929,1621.274,0,1593.252,0,153.120,2377,3500,0.680,0.890,0.850,4,0,0,0,0,18,292,0,80,2
30-06 06:30:47,3.249,1.000,94.723,0.250,0,5510164,151044,179808,2165272,6089.249,2510.278,0,967.722,0,72.979,1648,2440,0.680,0.890,0.850,0,0,0,0,0,18,291,0,80,2
30-06 06:30:48,13.219,2.245,81.808,0.748,0,5510128,150792,179820,2165548,5581.867,2078.110,0,1959.390,0,215.493,4173,6330,0.630,0.880,0.850,1,0,0,0,0,18,291,0,83,2
30-06 06:30:49,10.485,1.997,84.879,1.248,0,5512068,148776,179828,2165616,11454.679,3347.231,0,1561.775,0,177.747,3306,4841,0.630,0.880,0.850,2,0,0,0,0,18,291,0,79,2
30-06 06:30:50,11.052,2.009,84.646,0.754,0,5511788,148776,179864,2165860,9695.371,2414.298,0,1933.046,0,161.757,3923,5859,0.630,0.880,0.850,1,0,0,0,0,18,292,0,79,2
30-06 06:30:51,24.947,5.239,64.362,2.744,0,5512028,148020,179996,2166244,4986.323,1616.539,0,8900.941,0,750.393,9542,15938,0.630,0.880,0.850,4,0,0,0,0,18,292,0,79,2
30-06 06:30:52,24.026,5.256,67.824,1.001,0,5513380,146260,180036,2166612,4671.099,1567.711,64.070,2851.113,2.002,248.271,8105,12059,0.630,0.880,0.850,1,0,1.001,0,0,18,292,0,79,2
30-06 06:30:53,26.000,5.500,64.500,2.000,0,5513160,146008,180104,2167016,4831.980,1553.994,0,3659.985,0,448.998,9195,15196,0.660,0.880,0.850,1,0,1.000,0,0,18,292,0,78,2
30-06 06:30:54,25.184,4.488,68.070,0.748,0,5514212,144748,180132,2167196,5206.263,1615.737,0,2992.105,0,260.313,7734,11253,0.660,0.880,0.850,3,0,0,0,0,18,292,0,78,2
30-06 06:30:55,25.052,5.010,67.138,1.754,0,5513668,144752,180232,2167636,4894.066,1527.141,0,9603.753,0,1154.374,8698,12808,0.660,0.880,0.850,1,0,0,0,0,18,292,0,80,2
30-06 06:30:56,26.787,3.505,67.092,1.502,0,5513908,144248,180316,2167816,5244.193,1622.225,0,8743.994,0,667.916,7656,12211,0.660,0.880,0.850,3,0,0,0,0,18,292,0,80,2
30-06 06:30:57,24.228,4.496,68.938,1.249,0,5515872,141980,180328,2168108,4899.584,1456.687,0,3900.485,0,259.766,8111,12062,0.660,0.880,0.850,0,0,0,0,0,18,291,0,76,2
30-06 06:30:58,4.987,1.496,91.012,0.499,0,5515828,141980,180356,2168124,5361.955,1615.768,0,1651.674,0,146.616,2493,3779,0.610,0.860,0.840,4,0,0,0,0,18,292,0,76,2
30-06 06:30:59,3.008,0.752,94.765,0.251,0,5515632,141980,180380,2168296,5098.235,1462.082,0,1095.058,0,77.216,1782,2622,0.610,0.860,0.840,0,0,0,0,0,18,291,0,76,2
30-06 06:31:00,13.237,3.746,80.670,1.249,0,5517704,139744,180416,2168424,4649.396,1605.410,31.968,1694.322,0.999,212.789,3841,5576,0.610,0.860,0.840,0,0,5.994,0,0,18,291,0,79,2
30-06 06:31:01,15.772,1.752,79.363,1.502,0,5517540,139744,180484,2168520,6585.361,2325.305,0,6601.384,0,498.709,4539,6551,0.610,0.860,0.840,1,0,0,0,0,18,291,0,80,2
30-06 06:31:02,6.241,1.248,91.117,0.250,0,5517380,139744,180496,2168668,11187.618,2688.064,0,998.538,0,79.883,2119,2839,0.610,0.860,0.840,2,0,0.999,0,0,18,291,0,81,2
30-06 06:31:03,2.754,1.001,95.133,0.250,0,5517348,139744,180496,2168700,11185.675,2947.130,0,436.612,0,27.038,1495,1959,0.560,0.850,0.840,1,0,0,0,0,18,292,0,81,2
30-06 06:31:04,8.212,0.995,87.842,0.498,0,5517692,139240,180540,2168816,5385.005,1612.515,0,1214.363,0,144.330,3137,4583,0.560,0.850,0.840,1,0,0,0,0,18,291,0,81,2
30-06 06:31:05,13.524,3.005,81.897,0.751,0,5517692,138988,180576,2169032,6511.719,2583.650,0,1494.690,0,186.335,3557,5198,0.560,0.850,0.840,2,0,0,0,0,18,291,0,84,2
30-06 06:31:06,13.024,2.254,83.153,1.002,0,5517848,138736,180600,2169104,6142.306,2408.433,0,1150.117,0,132.243,3029,4269,0.560,0.850,0.840,0,0,0,0,0,18,291,0,89,2
30-06 06:31:07,2.995,0.749,94.093,0.250,0,5517820,138736,180620,2169112,6107.830,1413.646,0,1190.019,0,107.820,1760,2711,0.560,0.850,0.840,3,0,0,0,0,18,292,0,89,2
30-06 06:31:08,7.240,1.248,89.132,0.499,0,5517764,138736,180640,2169148,5203.084,1348.208,0,1022.641,0,107.857,2685,3888,0.510,0.830,0.830,2,0,0,0,0,18,291,0,90,2
30-06 06:31:09,8.272,1.504,89.236,0.251,0,5517984,138484,180644,2169176,4710.448,1461.863,0,697.844,0,64.170,2169,2863,0.510,0.830,0.830,1,0,0,0,0,18,291,0,91,2
30-06 06:31:10,15.231,1.498,81.647,0.499,0,5517780,138484,180656,2169368,6867.325,2608.705,0,938.814,0,99.874,3085,4015,0.510,0.830,0.830,3,0,0,0,0,18,291,0,94,2
30-06 06:31:11,7.512,1.753,87.641,1.002,0.250,5517332,138812,180672,2169472,10395.726,2839.569,0,6506.469,0,811.305,3407,4768,0.510,0.830,0.830,4,0,0,0,0,18,292,0,94,2
30-06 06:31:12,26.124,5.722,64.687,2.239,0,5517408,138308,180736,2169836,4538.070,1612.209,0,3686.187,0,474.706,8726,14231,0.510,0.830,0.830,4,0,0.995,0,0,18,292,0,94,2
30-06 06:31:13,25.416,4.278,67.943,1.510,0,5519356,136040,180752,2170140,4608.057,1467.573,0,7947.842,0,545.559,8455,13312,0.550,0.840,0.840,1,0,0,0,0,18,292,0,94,2
30-06 06:31:14,7.725,0.997,88.468,0.249,0,5519296,136040,180752,2170200,5323.054,1614.859,0,1762.389,0,148.527,3334,4948,0.550,0.840,0.840,2,0,0,0,0,18,291,0,93,2
30-06 06:31:15,17.798,5.264,74.703,1.253,0,5535880,157448,179084,2137876,6878.659,2588.020,0,2562.952,0,267.726,4582,9713,0.550,0.840,0.840,1,0,34.092,0,0,18,291,0,96,2
30-06 06:31:16,7.722,1.245,88.678,0.498,0,5519908,173392,179084,2135288,5534.922,1452.730,0,948.559,0,73.733,2576,8494,0.550,0.840,0.840,1,0,1.993,0,0,18,292,0,98,2
30-06 06:31:17,12.749,2.500,83.245,0.500,0,5519844,173392,179088,2135348,11952.314,3899.776,0,1107.936,0,100.994,3007,3964,0.550,0.840,0.840,2,0,2.000,0,0,18,291,0,102,2
30-06 06:31:18,6.513,1.002,89.933,0.752,0,5519784,173432,179088,2135368,8027.309,1974.010,0,1174.386,0,128.261,2713,3918,0.750,0.870,0.850,2,0,0,0,0,18,291,0,98,2
30-06 06:31:19,6.512,0.751,91.671,0.250,0,5519768,173432,179092,2135380,6131.455,1623.032,0,841.572,0,57.107,1939,2510,0.750,0.870,0.850,2,0,0,0,0,18,292,0,100,2
30-06 06:31:20,9.958,1.992,84.893,0.747,0,5519700,173432,179096,2135444,12466.592,3445.515,0,1860.180,0,188.209,3385,4761,0.750,0.870,0.850,1,0,0,0,0,18,291,0,102,2
30-06 06:31:21,9.521,2.005,86.445,1.002,0,5519296,173432,179100,2135844,10402.472,3351.563,236.534,4830.901,6.014,294.665,2903,4061,0.750,0.870,0.850,2,0,0,0,0,18,291,0,104,2
30-06 06:31:22,3.753,0.500,94.563,0.250,0,5519524,173192,179100,2135856,5283.535,1621.085,0,480.321,0,27.018,1312,1701,0.750,0.870,0.850,1,0,1.001,0,0,18,291,0,94,2
30-06 06:31:23,13.753,2.751,81.767,1.000,0,5519364,173192,179120,2135996,12395.603,3063.643,0,1724.362,0,236.050,5248,7744,0.770,0.880,0.850,1,0,0,0,0,18,293,0,95,2
30-06 06:31:24,26.964,4.993,63.664,2.497,0,5519196,172952,179136,2136388,10809.378,2992.951,0,4138.402,0,489.338,9012,14228,0.770,0.880,0.850,2,0,0,0,0,18,292,0,96,2
30-06 06:31:25,22.699,3.742,69.843,0.748,0,5519640,172196,179152,2136684,4867.074,1454.734,0,2729.872,0,266.402,7778,11698,0.770,0.880,0.850,1,0,0,0,0,18,291,0,97,2
30-06 06:31:26,5.778,2.261,90.692,1.005,0.251,5533172,158616,179172,2136712,4730.060,1627.937,0,7038.314,0,812.963,2614,3351,0.770,0.880,0.850,1,0,3.015,0,0,18,292,0,83,2
30-06 06:31:27,9.986,1.748,86.880,0.499,0,5527316,164236,179196,2136924,10689.267,2992.875,0,1362.123,0,118.836,3196,4444,0.770,0.880,0.850,1,0,1.997,0,0,18,291,0,86,2
30-06 06:31:28,23.245,4.249,68.984,1.500,0,5527200,163984,179212,2137276,4337.011,1457.668,0,4598.951,0,408.907,7920,12315,0.790,0.880,0.850,1,0,1.000,0,0,18,292,0,88,2
30-06 06:31:29,25.520,4.504,65.802,2.002,0,5527864,162472,179220,2138112,5104.037,1621.282,0,9039.150,0,692.548,9140,14524,0.790,0.880,0.850,2,0,0,0,0,18,292,0,92,2
30-06 06:31:30,19.201,4.239,73.062,1.496,0,5528148,161996,179260,2138264,5982.615,2437.731,0,3032.203,0,295.241,6362,9509,0.790,0.880,0.850,2,0,0,0,0,18,291,0,93,2
30-06 06:31:31,10.525,2.255,84.454,1.002,0,5528748,161240,179284,2138396,5430.135,1623.928,0,2221.373,0,202.490,3337,4785,0.790,0.880,0.850,5,0,0,0,0,18,291,0,95,2
30-06 06:31:32,3.994,1.747,92.857,0.250,0,5528980,160988,179284,2138416,6507.988,2440.246,0,1006.452,0,75.883,1900,2772,0.790,0.880,0.850,3,0,0.998,0,0,18,292,0,95,2
30-06 06:31:33,11.235,2.247,84.640,1.248,0,5529596,160260,179316,2138496,6681.342,2602.627,0,2017.386,0,225.708,3549,5421,0.720,0.860,0.840,1,0,0,0,0,18,291,0,96,2
30-06 06:31:34,12.766,2.253,82.351,1.252,0,5529928,159784,179360,2138596,7288.939,2609.200,0,2198.697,0,259.318,4012,6013,0.720,0.860,0.840,2,0,0,0,0,18,291,0,92,2
30-06 06:31:35,12.975,2.745,80.846,1.248,0,5529836,159532,179416,2138884,4874.707,1851.470,0,5996.568,0,394.248,4053,5723,0.720,0.860,0.840,2,0,0,0,0,18,291,0,94,2
30-06 06:31:36,6.006,1.502,91.843,0.751,0,5530292,159028,179436,2138912,12542.685,3066.101,0,1337.353,0,119.120,2343,3306,0.720,0.860,0.840,2,0,0,0,0,18,292,0,94,2
30-06 06:31:37,6.742,1.748,89.145,0.499,0,5530076,159028,179464,2139100,11743.216,3294.133,0,1198.593,0,121.857,2738,3973,0.720,0.860,0.840,1,0,0,0,0,18,291,0,95,2
30-06 06:31:38,10.029,1.504,85.998,1.254,0,5530480,158524,179504,2139160,11953.420,3469.992,0,1512.355,0,177.511,3652,5159,0.670,0.850,0.840,1,0,0,0,0,18,291,0,88,2
30-06 06:31:39,7.997,1.999,88.220,0.500,0.250,5530468,158524,179536,2139140,12214.852,3458.826,0,1343.544,0,139.952,3070,4321,0.670,0.850,0.840,2,0,0,0,0,18,291,0,88,2
30-06 06:31:40,15.017,2.753,79.590,1.251,0,5530136,158524,179560,2139448,6247.043,1663.876,0,1934.181,0,241.272,5386,8166,0.670,0.850,0.840,0,1,0,0,0,18,292,0,88,2
30-06 06:31:41,26.251,4.750,65.003,2.250,0,5530932,157264,179620,2139852,6737.302,1620.073,32.001,3436.154,1.000,403.018,8767,13826,0.670,0.850,0.840,1,0,0,0,0,18,292,0,88,2
30-06 06:31:42,23.976,4.495,68.431,0.999,0,5530968,156772,179688,2140240,6113.854,1618.373,95.904,3904.075,4.995,353.644,7810,11561,0.670,0.850,0.840,6,1,0.999,0,0,18,291,0,87,2
30-06 06:31:43,25.020,4.253,65.303,2.252,0,5531220,156016,179812,2140620,4924.029,1621.327,0,7490.128,0,651.533,9720,15093,0.930,0.900,0.860,3,0,0,0,0,18,292,0,90,2
30-06 06:31:44,25.916,4.486,66.784,1.246,0,5531396,155260,179884,2141128,4981.921,1453.309,0,4668.931,0,413.665,8680,13562,0.930,0.900,0.860,4,0,0,0,0,18,292,0,91,2
30-06 06:31:45,21.072,4.264,71.744,1.756,0,5532464,154000,179948,2141256,6281.331,2575.747,0,2484.437,0,281.958,6653,9869,0.930,0.900,0.860,1,0,0,0,0,18,291,0,94,2
30-06 06:31:46,5.994,1.249,89.167,0.999,0,5530548,155812,179968,2141324,6479.990,2339.830,0,10510.253,0,1306.788,3491,4127,0.930,0.900,0.860,1,0,0,0,0,18,291,0,88,2
30-06 06:31:47,4.753,2.001,92.063,1.001,0,5531188,155084,180000,2141380,4503.100,1621.116,0,5527.806,0,333.229,2456,3921,0.930,0.900,0.860,1,0,0,0,0,18,292,0,89,2
30-06 06:31:48,5.983,1.496,89.746,0.748,0,5531100,155084,180016,2141452,5920.222,2389.229,0,1336.213,0,170.517,3200,4933,0.860,0.890,0.850,1,0,0,0,0,18,291,0,89,2
30-06 06:31:49,6.511,1.753,89.904,0.501,0,5531288,154832,180036,2141496,5891.100,2032.484,0,1170.006,0,112.192,2521,3634,0.860,0.890,0.850,2,0,0,0,0,18,291,0,90,2
30-06 06:31:50,8.748,1.500,87.484,1.000,0,5532016,154076,180040,2141520,12122.851,3950.300,0,1383.755,0,146.974,3043,4170,0.860,0.890,0.850,1,0,0,0,0,18,291,0,84,2
30-06 06:31:51,6.242,0.999,90.389,0.499,0,5531832,153824,180064,2141932,5742.945,1918.643,0,1538.110,0,97.880,2341,3351,0.860,0.890,0.850,1,0,0,0,0,18,291,0,84,2
30-06 06:31:52,8.001,1.500,88.262,0.750,0,5532220,153324,180096,2142012,6757.901,2570.343,0,3384.451,0,463.062,2852,3986,0.860,0.890,0.850,1,0,1.000,0,0,18,291,0,85,2
30-06 06:31:53,5.257,1.001,91.880,0,0,5532188,153324,180100,2142040,6161.742,1965.789,0,773.097,0,58.082,1917,2494,0.790,0.870,0.850,2,0,0,0,0,18,291,0,85,2
30-06 06:31:54,3.503,1.251,94.585,0.751,0,5532160,153324,180112,2142056,5585.038,1621.463,0,1044.943,0,93.084,1684,2605,0.790,0.870,0.850,1,0,0,0,0,18,292,0,85,2
30-06 06:31:55,5.979,0.996,90.178,0.747,0,5532784,152580,180144,2142128,6109.191,1956.017,0,1291.390,0,140.498,2580,3896,0.790,0.870,0.850,1,0,0,0,0,18,291,0,85,2
30-06 06:31:56,6.265,1.504,90.724,0.501,0,5532708,152580,180164,2142184,6500.052,1979.889,0,1182.921,0,114.282,2391,3453,0.790,0.870,0.850,2,0,0,0,0,18,291,0,86,2
30-06 06:31:57,8.503,2.251,87.276,0.500,0,5532568,152580,180192,2142296,6482.908,2029.597,0,1500.442,0,157.046,3321,4870,0.790,0.870,0.850,1,0,0,0,0,18,291,0,86,2
30-06 06:31:58,7.983,1.247,88.063,0.998,0,5532680,152328,180216,2142412,12073.343,3386.803,0,1524.760,0,177.623,3154,4626,0.970,0.910,0.860,2,0,0,0,0,18,291,0,86,2
30-06 06:31:59,10.268,3.005,84.652,1.252,0,5532948,151824,180276,2142588,4928.864,1689.038,0,8511.307,0,474.854,4600,7344,0.970,0.910,0.860,0,0,0,0,0,18,293,0,82,2
30-06 06:32:00,26.317,5.765,64.665,2.005,0,5534128,150068,180316,2143124,4812.251,1624.135,0,2959.534,0,380.970,8674,13513,0.970,0.910,0.860,2,0,7.018,0,0,18,292,0,83,2
30-06 06:32:01,24.239,5.498,67.720,1.499,0,5535064,148808,180352,2143412,5294.626,1619.274,0,2330.955,0,247.889,7641,11306,0.970,0.910,0.860,1,0,0,0,0,18,289,0,85,2
30-06 06:32:02,3.484,0.996,93.332,0.249,0,5535272,148556,180356,2143452,4579.478,1075.182,15.929,1278.272,0.996,94.576,1717,2675,0.970,0.910,0.860,3,0,0.996,0,0,18,292,0,85,2
30-06 06:32:03,15.796,3.510,78.227,1.504,0,5535776,148052,180396,2143412,5433.763,1462.242,0,2623.611,0,303.882,4900,7283,0.890,0.890,0.850,0,0,0,0,0,18,291,0,78,2
30-06 06:32:04,13.771,4.757,77.869,1.252,0,5535276,140836,180440,2151052,5949.116,1664.551,4.006,7114.903,1.002,885.357,4954,6522,0.890,0.890,0.850,1,0,2.003,0,0,18,292,0,79,2
30-06 06:32:05,26.649,6.475,62.014,2.491,0,5534940,140584,180520,2151560,5696.336,1452.476,0,7886.008,0,725.242,9499,15512,0.890,0.890,0.850,1,0,0,0,0,18,292,0,79,2
30-06 06:32:06,24.572,4.513,67.197,1.504,0,5536432,138820,180548,2151804,6034.721,1624.771,0,3887.415,0,293.863,8089,12155,0.890,0.890,0.850,4,0,0,0,0,18,292,0,81,2
30-06 06:32:07,25.451,4.741,65.872,1.497,0,5536696,138064,180572,2152272,4702.863,1509.068,0,2666.819,0,325.368,7632,11484,0.890,0.890,0.850,4,0,0,0,0,18,292,0,72,2
30-06 06:32:08,26.325,5.014,64.434,1.755,0,5537068,137308,180600,2152628,4865.919,1636.682,0,3586.258,0,399.142,8787,13360,0.900,0.890,0.850,2,0,0,0,0,18,292,0,73,2
30-06 06:32:09,11.694,2.737,84.095,0.746,0,5538568,135796,180608,2152692,4655.570,1504.750,0,1453.000,0,108.477,3900,5378,0.900,0.890,0.850,1,0,0.995,0,0,18,292,0,73,2
30-06 06:32:10,15.555,4.014,77.024,1.004,0,5538572,135544,180632,2152916,4949.622,1571.595,0,2549.075,0,275.983,5575,8633,0.900,0.890,0.850,2,0,0,0,0,18,292,0,73,2
30-06 06:32:11,26.017,5.504,64.293,2.251,0,5538468,135292,180644,2153260,5086.371,1621.074,0,9666.406,0,757.502,8890,14041,0.900,0.890,0.850,2,0,0,0,0,18,292,0,67,2
30-06 06:32:12,24.263,4.252,68.287,1.251,0,5539696,133780,180644,2153544,5036.715,1458.786,0,3313.786,0,281.152,7770,11315,0.900,0.890,0.850,1,0,1.001,0,0,18,292,0,69,2
30-06 06:32:13,24.988,4.498,65.718,1.749,0,5539704,133276,180668,2154016,5003.548,1619.207,0,3442.313,0,422.793,8623,13573,0.990,0.910,0.860,2,0,0,0,0,18,292,0,69,2
30-06 06:32:14,25.261,5.502,65.778,2.001,0,5540680,132016,180684,2154284,5468.326,1686.718,0,8823.754,0,667.284,8736,14050,0.990,0.910,0.860,2,0,0,0,0,18,292,0,70,2
30-06 06:32:15,24.211,4.493,68.390,0.998,0,5540856,131512,180688,2154608,5031.919,1617.403,0,2048.710,0,196.684,7802,11202,0.990,0.910,0.860,4,0,0,0,0,18,292,0,69,2
30-06 06:32:16,17.728,6.991,71.912,0.749,0,5556964,139592,179104,2132256,6840.664,2461.001,0,2017.541,0,249.696,5443,17424,0.990,0.910,0.860,1,0,35.956,0,0,18,291,0,72,2
30-06 06:32:17,8.260,1.752,88.109,1.001,0,5557008,139340,179140,2132436,8792.863,2851.523,0,1970.434,0,205.254,2824,4175,0.990,0.910,0.860,1,0,2.002,0,0,18,291,0,72,2
30-06 06:32:18,13.733,2.996,80.398,0.999,0.250,5556868,139340,179176,2132540,10305.939,3154.003,0,10922.159,0,246.687,4176,5973,0.990,0.910,0.860,1,0,0,0,0,18,291,0,73,2
30-06 06:32:19,6.758,1.752,90.103,0.501,0,5556804,139340,179192,2132588,6545.485,714.817,16.018,1365.562,1.001,112.128,2512,3667,0.990,0.910,0.860,1,0,0,0,0,18,293,0,66,2
30-06 06:32:20,13.760,3.002,79.556,1.501,0,5556780,139088,179248,2132808,6420.545,1748.238,4.003,2581.828,1.001,336.238,4938,7319,0.990,0.910,0.860,1,0,0,0,0,18,291,0,68,2
30-06 06:32:21,5.005,1.251,91.090,0.500,0,5556728,139088,179272,2132836,12181.979,3066.015,0,5705.611,0,369.363,2771,4366,0.990,0.910,0.860,1,0,0,0,0,18,292,0,68,2
30-06 06:32:22,24.726,4.745,67.185,1.998,0,5556932,138584,179340,2133068,4707.446,1510.539,0,3144.958,0,354.657,7971,12011,0.990,0.910,0.860,3,0,0.999,0,0,18,292,0,68,2
30-06 06:32:23,24.781,5.757,64.079,2.503,0,5557124,137860,179392,2133548,4918.087,1634.022,32.040,4509.581,1.001,526.652,8596,13454,1.310,0.980,0.880,6,1,0,0,0,18,292,0,60,2
30-06 06:32:24,24.233,5.246,67.202,0.749,0,5557532,137104,179424,2133864,5282.229,1965.597,0,2674.091,0,245.824,7613,11232,1.310,0.980,0.880,4,0,0,0,0,18,291,0,62,2
30-06 06:32:25,16.469,3.493,77.353,1.497,0,5557908,136600,179436,2133980,11733.746,3435.484,0,2291.654,0,247.531,5027,7405,1.310,0.980,0.880,2,0,0,0,0,18,291,0,63,2
30-06 06:32:26,14.986,2.747,78.928,0.999,0,5559388,134836,179448,2134252,5178.275,2015.161,59.945,2841.407,3.996,234.786,4521,6428,1.310,0.980,0.880,1,0,0,0,0,18,291,0,65,2
30-06 06:32:27,7.015,3.007,86.939,0.752,0,5562328,131824,179472,2134300,11596.159,2907.308,0,2064.479,0,179.389,2973,4151,1.310,0.980,0.880,5,0,3.007,0,0,18,291,0,58,2
30-06 06:32:28,29.031,5.756,60.315,3.003,0,5561924,131824,179536,2134640,5045.418,1621.741,0,9722.440,0,837.900,9454,15615,1.370,1,0.890,2,0,2.002,0,0,18,292,0,61,2
30-06 06:32:29,25.213,4.743,65.902,1.498,0,5562080,131348,179572,2134924,5050.513,1455.842,0,4309.611,0,339.497,7806,11354,1.370,1,0.890,1,0,0.999,0,0,18,292,0,63,2
30-06 06:32:30,21.744,5.499,68.482,1.000,0,5561632,131348,179636,2135304,4810.740,2557.330,0,5342.600,0,305.920,6544,9419,1.370,1,0.890,1,0,0,0,0,18,291,0,64,2
30-06 06:32:31,6.748,1.999,89.476,1.250,0,5561600,131348,179648,2135324,6093.381,1685.552,0,2355.374,0,186.950,2529,3626,1.370,1,0.890,2,0,0,0,0,18,292,0,54,2
30-06 06:32:32,8.254,2.001,87.293,0.750,0,5561756,131096,179660,2135408,21528.725,6101.039,0,1516.756,0,139.069,2834,3949,1.370,1,0.890,1,0,1.000,0,0,18,291,0,54,2
30-06 06:32:33,11.951,2.241,82.912,0.498,0,5561924,130844,179668,2135484,15688.081,5047.435,0,1107.488,0,119.513,3346,4261,1.260,0.980,0.890,4,0,0,0,0,18,291,0,54,2
30-06 06:32:34,10.784,2.006,85.268,0.502,0,5562480,130088,179680,2135672,12381.983,3122.832,0,1159.651,0,122.385,3177,4231,1.260,0.980,0.890,1,0,0,0,0,18,291,0,54,2
30-06 06:32:35,12.751,2.250,82.759,1.250,0,5562216,130088,179728,2135884,11305.269,2997.337,0,5572.626,0,409.046,4116,6183,1.260,0.980,0.890,4,0,0,0,0,18,292,0,54,2
30-06 06:32:36,25.814,4.762,65.162,2.256,0,5562312,129584,179792,2136228,5671.122,1624.044,0,3604.977,0,416.036,8597,13389,1.260,0.980,0.890,1,0,0,0,0,18,292,0,50,2
30-06 06:32:37,23.498,4.750,68.244,1.000,0,5563736,127820,179820,2136540,4997.560,1457.872,0,3303.709,0,291.974,8145,12360,1.260,0.980,0.890,1,0,0,0,0,18,293,0,50,2
30-06 06:32:38,15.474,3.244,78.117,0.998,0,5564052,127316,179864,2136684,6738.516,2578.606,31.946,2635.509,0.998,294.498,5192,7488,1.160,0.970,0.880,1,0,0,0,0,18,293,0,51,2
30-06 06:32:39,8.739,1.998,87.145,0.999,0,5564076,127092,179880,2136868,10900.877,2831.591,0,7431.054,0,315.620,2939,4200,1.160,0.970,0.880,0,0,0,0,0,18,293,0,52,2
30-06 06:32:40,8.491,1.249,88.402,0.499,0,5563988,127092,179916,2136920,7458.735,2493.237,0,1622.203,0,140.844,2613,3597,1.160,0.970,0.880,1,0,0,0,0,18,293,0,50,2
30-06 06:32:41,7.529,1.757,88.589,1.004,0,5564144,126840,179960,2136972,11659.614,2702.340,0,6219.799,0,430.648,3687,5683,1.160,0.970,0.880,1,0,0,0,0,18,294,0,50,2
30-06 06:32:42,26.216,5.493,63.917,2.746,0,5564356,126084,179976,2137500,6010.160,1456.101,0,3675.206,0,479.375,9530,15319,1.160,0.970,0.880,1,0,1.997,0,0,18,294,0,50,2
30-06 06:32:43,23.971,4.994,67.668,0.749,0,5565304,124824,179984,2137804,4983.972,1618.043,0,2852.550,0,221.732,7815,11759,1.220,0.980,0.890,1,0,0,0,0,18,294,0,51,2
30-06 06:32:44,9.508,2.002,86.322,1.001,0,5565904,124068,180000,2138008,6189.153,2410.007,0,2269.890,0,234.195,3505,5373,1.220,0.980,0.890,1,0,0,0,0,18,291,0,48,2
30-06 06:32:45,9.000,1.500,86.498,0.750,0,5565844,124068,180004,2138064,10894.786,2649.948,0,1667.967,0,159.997,3081,4429,1.220,0.980,0.890,1,0,0,0,0,18,291,0,48,2
30-06 06:32:46,15.742,3.498,77.959,1.249,0,5565732,124068,180024,2138156,4192.774,701.628,0,2402.725,0,258.863,5488,8706,1.220,0.980,0.890,3,0,0,0,0,18,292,0,48,2
30-06 06:32:47,26.546,5.009,65.114,1.503,0,5566304,123060,180044,2138572,4820.443,1568.748,0,4319.566,0,482.846,8647,13686,1.220,0.980,0.890,1,0,0,0,0,18,292,0,48,2
30-06 06:32:48,25.492,4.998,65.729,1.749,0,5566840,122304,180064,2138772,3818.801,1079.661,0,8053.472,0,580.818,8939,13672,1.200,0.980,0.890,2,0,0,0,0,18,292,0,43,2
30-06 06:32:49,25.537,5.508,65.345,1.753,0,5566808,121548,180092,2139532,3871.646,1027.498,0,4666.805,0,504.736,9197,14992,1.200,0.980,0.890,2,0,0,0,0,18,292,0,45,2
30-06 06:32:50,23.996,4.999,67.488,1.750,0,5566760,121296,180116,2139808,4411.242,1511.740,0,4335.255,0,308.947,7848,11904,1.200,0.980,0.890,2,0,0,0,0,18,290,0,47,2
30-06 06:32:51,5.477,0.747,91.114,0.498,0,5566948,121044,180128,2139860,6011.549,2572.111,0,2174.793,0,157.334,2473,3814,1.200,0.980,0.890,1,0,0,0,0,18,291,0,47,2
30-06 06:32:52,6.514,1.503,90.688,0.752,0,5566940,120288,180128,2140624,6103.678,2566.331,0,2481.154,0,199.414,2710,3999,1.200,0.980,0.890,4,0,1.002,0,0,18,291,0,46,2
30-06 06:32:53,9.247,1.750,85.227,1.250,0,5566716,120288,180140,2140836,6013.343,2082.426,0,6542.197,0,443.878,3906,6170,1.110,0.970,0.880,0,0,0,0,0,18,291,0,46,2
30-06 06:32:54,7.736,1.497,88.592,0.749,0,5566968,120036,180148,2140828,11957.624,3453.826,0,6280.772,0,381.318,3141,4285,1.110,0.970,0.880,1,0,0,0,0,18,291,0,46,2
30-06 06:32:55,12.299,2.510,83.581,1.004,0,5566856,119784,180152,2141188,4897.385,1463.794,0,1518.009,0,181.719,4327,6545,1.110,0.970,0.880,2,0,0,0,0,18,292,0,47,2
30-06 06:32:56,25.663,5.232,64.283,1.744,0,5567176,119028,180180,2141596,5404.721,1680.317,15.946,3731.380,0.997,458.449,9144,14351,1.110,0.970,0.880,2,0,0,0,0,18,292,0,46,2
30-06 06:32:57,24.515,5.003,68.043,1.001,0,5568628,117264,180200,2141888,4520.854,1458.921,0,2737.728,0,244.154,8277,12683,1.110,0.970,0.880,1,0,0,0,0,18,293,0,47,2
30-06 06:32:58,12.732,2.497,80.889,1.498,0,5568516,117264,180208,2141992,6311.322,2608.413,15.978,2640.369,0.999,289.602,4557,6936,1.020,0.950,0.880,1,0,0,0,0,18,291,0,48,2
30-06 06:32:59,7.270,1.504,88.740,0.501,0,5568476,117264,180216,2142024,10066.176,3240.749,0,2073.598,0,173.468,2771,4101,1.020,0.950,0.880,1,0,0,0,0,18,291,0,49,2
30-06 06:33:00,15.774,5.508,75.863,1.252,0,5567236,136628,179024,2125368,6287.376,1688.518,32.048,2696.020,1.001,292.436,5991,8905,1.020,0.950,0.880,1,0,6.009,0,0,18,292,0,50,2
30-06 06:33:01,25.959,5.741,63.899,2.746,0,5562580,140648,179280,2125748,5154.819,1563.519,3.994,10016.104,0.998,831.680,9452,15806,1.020,0.950,0.880,1,0,0.998,0,0,18,292,0,50,2
30-06 06:33:02,25.479,4.247,66.945,1.249,0,5562080,140648,179440,2126088,5247.679,1510.756,0,3289.291,0,320.736,8512,12955,1.020,0.950,0.880,4,0,0.999,0,0,18,292,0,50,2
30-06 06:33:03,17.753,3.251,75.763,1.500,0,5562396,139920,179536,2126404,6811.169,2640.453,0,2524.433,0,283.049,5810,8718,1.020,0.950,0.880,1,0,0,0,0,18,291,0,51,2
30-06 06:33:04,8.499,1.750,86.991,0.750,0,5562156,139920,179588,2126592,11740.738,2768.702,0,2075.777,0,194.979,3042,4406,1.020,0.950,0.880,0,0,0,0,0,18,291,0,46,2
30-06 06:33:05,8.239,1.498,88.380,0.499,0,5562104,139920,179612,2126620,6725.879,2146.090,0,1673.730,0,142.806,2730,3720,1.020,0.950,0.880,2,0,0,0,0,18,291,0,46,2
30-06 06:33:06,5.272,1.004,92.131,0.753,0,5562036,139920,179628,2126672,11655.142,2955.207,0,2558.568,0,122.506,2325,3281,1.020,0.950,0.880,1,0,0,0,0,18,292,0,46,2
30-06 06:33:07,25.442,2.993,67.846,1.995,0,5561916,139668,179688,2126984,4581.578,1508.569,0,6716.722,0,506.847,7661,11156,1.020,0.950,0.880,1,0,0,0,0,18,292,0,47,2
30-06 06:33:08,25.491,5.498,65.228,1.999,0,5561976,139164,179740,2127360,5843.996,1619.445,0,3986.633,0,502.828,9217,14892,1.020,0.950,0.880,1,1,0,0,0,18,292,0,44,2
30-06 06:33:09,24.289,5.008,68.111,1.252,0.250,5559580,141252,179744,2127664,5555.029,1622.637,0,7832.731,0,453.737,7982,11596,1.020,0.950,0.880,1,0,0,0,0,18,292,0,44,2
30-06 06:33:10,24.266,4.753,66.543,2.251,0,5559584,140936,179828,2127892,4949.193,1621.046,0,4086.637,0,497.321,9380,15146,1.020,0.950,0.880,1,0,0,0,0,18,292,0,44,2
30-06 06:33:11,24.172,4.236,67.780,1.495,0,5563316,136776,179844,2128304,5405.450,1680.544,0,8073.787,0,553.204,8816,13504,1.020,0.950,0.880,1,0,0,0,0,18,292,0,48,2
30-06 06:33:12,25.546,5.760,66.371,2.004,0,5563876,135832,179864,2128668,5359.732,1622.947,0,2881.232,0,369.671,8635,13145,1.020,0.950,0.880,4,0,1.002,0,0,18,292,0,45,2
30-06 06:33:13,24.758,4.502,66.772,1.501,0,5562948,136416,179888,2128988,5281.767,1620.542,0,3149.053,0,304.102,8145,12623,1.010,0.950,0.880,3,0,1.000,0,0,18,292,0,45,2
30-06 06:33:14,25.787,4.006,67.348,0.751,0,5562828,136192,179896,2129324,4786.950,1081.570,0,2743.984,0,285.414,8268,12571,1.010,0.950,0.880,1,0,0,0,0,18,292,0,46,2
30-06 06:33:15,25.233,5.247,65.457,1.999,0.250,5563648,134960,179924,2129708,5354.477,1457.041,0,4045.339,0,452.702,9074,14391,1.010,0.950,0.880,2,0,0,0,0,18,292,0,48,2
30-06 06:33:16,28.762,7.253,60.525,1.751,0,5567308,157556,177884,2105604,6439.666,1620.671,0,8095.351,0,580.240,8809,21681,1.010,0.950,0.880,1,0,36.015,0,0,18,289,0,50,2
30-06 06:33:17,4.994,0.749,91.887,0.499,0,5566084,158720,177896,2105652,6823.609,2668.718,0,2528.890,0,182.775,2486,3748,1.010,0.950,0.880,2,0,1.998,0,0,18,292,0,43,2
30-06 06:33:18,11.225,2.744,82.317,1.497,0,5564660,159932,177908,2105852,7652.974,2604.206,0,1943.676,0,247.449,4233,6080,0.930,0.940,0.880,3,0,0,0,0,18,291,0,44,2
30-06 06:33:19,11.743,2.748,83.450,0.999,0,5565036,159456,177912,2105948,7281.660,2352.598,0,1559.071,0,185.889,3649,5278,0.930,0.940,0.880,2,0,0,0,0,18,291,0,45,2
30-06 06:33:20,11.758,2.752,82.309,1.001,0,5565016,159232,177928,2106176,6874.934,2000.436,0,1785.281,0,201.144,3823,5586,0.930,0.940,0.880,1,0,0,0,0,18,291,0,47,2
30-06 06:33:21,7.264,1.753,89.675,0.751,0,5564988,159232,177936,2106196,6601.894,1924.759,0,1599.123,0,138.270,2395,3404,0.930,0.940,0.880,1,0,0,0,0,18,292,0,44,2
30-06 06:33:22,7.992,1.748,86.911,0.999,0,5565716,158476,177960,2106200,21754.779,6626.232,0,8311.510,0,516.472,3963,6358,0.930,0.940,0.880,2,0,0.999,0,0,18,292,0,44,2
30-06 06:33:23,7.240,1.748,88.377,0.499,0,5565424,158476,177976,2106476,12188.099,3401.284,0,1805.496,0,130.819,2879,4194,0.860,0.920,0.870,2,0,0,0,0,18,292,0,45,2
30-06 06:33:24,9.267,1.252,87.409,1.252,0,5565336,158476,178012,2106528,18308.368,4737.635,0,1250.279,0,132.241,3097,4325,0.860,0.920,0.870,1,0,0,0,0,18,292,0,47,2
30-06 06:33:25,17.787,4.008,75.406,1.002,0,5565756,157748,178064,2106784,5156.659,1569.244,0,7603.716,0,510.054,6026,9249,0.860,0.920,0.870,1,0,0,0,0,18,293,0,45,2
30-06 06:33:26,24.700,5.239,66.865,1.497,0,5566172,156992,178136,2107052,5106.703,1616.740,0,3137.674,0,341.312,8503,13102,0.860,0.920,0.870,1,0,0,0,0,18,293,0,47,2
30-06 06:33:27,24.253,5.251,66.508,1.750,0,5566224,156488,178184,2107456,4680.586,1620.203,0,3040.381,0,340.043,8397,12815,0.860,0.920,0.870,3,0,0,0,0,18,293,0,47,2
30-06 06:33:28,26.298,4.759,64.618,1.753,0.250,5566988,155480,178244,2107640,5021.141,1514.758,0,3189.807,0,366.668,8162,12289,0.870,0.920,0.870,1,0,0,0,0,18,293,0,47,2
30-06 06:33:29,20.939,5.235,69.547,1.994,0,5570912,151224,178280,2107936,6122.129,2562.520,0,7972.728,0,591.274,7309,11654,0.870,0.920,0.870,1,0,2.991,0,0,18,292,0,42,2
30-06 06:33:30,8.759,2.503,86.591,1.001,0,5571168,150748,178308,2108128,6457.781,2509.635,0,2630.762,0,222.233,3148,4729,0.870,0.920,0.870,1,0,2.002,0,0,18,292,0,44,2
30-06 06:33:31,7.250,1.500,88.498,1.000,0,5570688,151152,178328,2108184,5522.877,1565.965,0,1235.973,0,123.997,2646,3722,0.870,0.920,0.870,2,0,1.000,0,0,18,293,0,45,2
30-06 06:33:32,9.730,2.245,85.077,0.998,0,5571452,150184,178344,2108372,6094.625,1970.998,0,1724.498,0,177.639,3623,5263,0.870,0.920,0.870,1,0,0.998,0,0,18,292,0,46,2
30-06 06:33:33,8.754,2.251,86.292,0.750,0,5573356,148072,178380,2108544,11184.452,2921.424,0,1404.685,0,136.066,2947,4191,0.800,0.910,0.870,1,0,0,0,0,18,292,0,43,2
30-06 06:33:34,15.523,3.505,77.865,1.252,0,5565432,155780,178392,2108748,5319.827,1514.228,0,1882.770,0,218.321,5083,7774,0.800,0.910,0.870,3,0,0,0,0,18,293,0,43,2
30-06 06:33:35,24.690,5.237,65.591,2.245,0,5565184,155660,178432,2109076,5442.795,1562.210,0,7972.657,0,572.611,8424,12866,0.800,0.910,0.870,3,0,0,0,0,18,293,0,44,2
30-06 06:33:36,25.583,5.267,65.964,1.756,0,5565204,155276,178480,2109392,5601.205,1571.106,0,2845.248,0,306.998,7921,11950,0.800,0.910,0.870,5,0,0,0,0,18,293,0,44,2
30-06 06:33:37,21.750,4.750,69.999,1.250,0,5565520,154800,178504,2109528,6177.950,2523.980,0,3407.973,0,269.998,6434,9320,0.800,0.910,0.870,0,0,0,0,0,18,292,0,46,2
30-06 06:33:38,10.989,1.249,85.163,0.999,0,5565332,154800,178520,2109700,5875.023,2026.938,0,2265.695,0,190.806,3515,4983,0.820,0.910,0.870,1,0,0,0,0,18,292,0,46,2
30-06 06:33:39,5.508,1.002,90.888,1.002,0,5565296,154800,178528,2109728,10331.637,2893.379,0,1610.437,0,145.220,2481,3617,0.820,0.910,0.870,1,0,0,0,0,18,293,0,46,2
30-06 06:33:40,26.014,5.253,64.033,2.251,0,5565624,154072,178604,2110052,7399.848,1728.899,0,9008.685,0,714.372,8841,13277,0.820,0.910,0.870,0,1,0,0,0,18,293,0,46,2
30-06 06:33:41,23.972,5.743,64.924,2.247,0,5565944,153392,178772,2110244,6281.613,1510.224,0,8525.973,0,651.234,8145,12436,0.820,0.910,0.870,1,0,0,0,0,18,292,0,46,2
30-06 06:33:42,7.489,1.997,88.873,1.248,0,5567584,151376,178800,2110592,6356.916,2507.417,175.749,2100.998,11.983,158.773,2894,4354,0.820,0.910,0.870,1,0,0.999,0,0,18,293,0,46,2
30-06 06:33:43,6.491,1.498,89.371,0.999,0,5567500,151376,178824,2110652,6681.386,2500.402,0,1957.184,0,180.740,2855,4036,0.750,0.890,0.860,1,0,0,0,0,18,292,0,46,2
30-06 06:33:44,6.515,1.503,90.705,0.501,0,5567696,151124,178840,2110692,6168.936,2509.670,0,1310.962,0,128.290,2452,3632,0.750,0.890,0.860,2,0,0,0,0,18,292,0,46,2
30-06 06:33:45,6.999,1.750,88.236,1.000,0,5567608,151124,178872,2110748,7520.812,2888.544,0,1699.732,0,182.971,3040,4556,0.750,0.890,0.860,0,0,0,0,0,18,292,0,43,2
30-06 06:33:46,3.745,1.248,93.872,0.250,0,5567436,151124,178884,2110908,6513.142,2030.239,0,1106.495,0,92.874,1756,2555,0.750,0.890,0.860,1,0,0,0,0,18,292,0,43,2
30-06 06:33:47,11.257,2.502,83.804,0.750,0,5567640,150620,178896,2111196,5175.364,2501.626,0,1400.911,0,142.092,3373,4691,0.750,0.890,0.860,1,0,0,0,0,18,292,0,46,2
30-06 06:33:48,9.750,2.000,85.249,1.000,0,5567556,150620,178920,2111256,13062.891,3545.970,0,1891.984,0,219.998,3802,5585,0.770,0.900,0.870,0,0,0,0,0,18,292,0,46,2
30-06 06:33:49,4.010,1.253,93.236,0.752,0,5567524,150620,178936,2111272,4557.552,1569.979,0,1423.608,0,119.302,1691,2412,0.770,0.900,0.870,1,0,0,0,0,18,293,0,45,2
30-06 06:33:50,9.711,2.490,85.159,0.498,0,5567872,150144,178980,2111356,11568.640,3780.849,0,1701.183,0,179.282,3506,5002,0.770,0.900,0.870,1,0,0,0,0,18,292,0,46,2
30-06 06:33:51,6.493,1.249,89.402,0.499,0,5567900,149892,179028,2111532,19646.426,5606.843,0,1306.565,0,120.867,2497,3404,0.770,0.900,0.870,1,0,0,0,0,18,292,0,46,2
30-06 06:33:52,3.254,1.252,92.878,1.752,0,5568076,149644,179096,2111536,6607.115,1688.329,0,6701.245,0,369.510,2069,3330,0.770,0.900,0.870,1,0,1.001,0,0,18,292,0,47,2
30-06 06:33:53,2.754,1.002,94.894,0,0,5568028,149644,179104,2111576,6488.868,2029.086,32.049,504.768,1.002,34.052,1442,2035,0.710,0.880,0.860,1,0,0,0,0,18,292,0,43,2
30-06 06:33:54,5.003,1.251,91.806,0.500,0,5567996,149644,179108,2111604,14026.516,4839.938,0,1056.642,0,77.047,1999,2848,0.710,0.880,0.860,2,0,0,0,0,18,292,0,43,2
30-06 06:33:55,2.748,0.500,95.672,0,0.250,5567984,149644,179108,2111616,4704.167,1306.935,0,4020.724,0,399.674,1265,1689,0.710,0.880,0.860,1,0,0,0,0,18,292,0,43,2
30-06 06:33:56,10.491,1.998,84.674,1.249,0,5567864,149644,179152,2111692,17530.190,4508.934,0,1454.688,0,163.852,3650,5148,0.710,0.880,0.860,1,0,0,0,0,18,292,0,43,2
30-06 06:33:57,9.254,2.001,86.286,0.250,0,5568024,149392,179168,2111768,6400.690,1686.709,0,916.385,0,80.034,3322,4567,0.710,0.880,0.860,3,1,0,0,0,18,293,0,40,2
30-06 06:33:58,26.031,5.507,65.077,1.752,0,5568620,148384,179248,2112100,5124.094,1459.736,0,2711.224,0,331.394,8041,12352,0.730,0.880,0.860,2,0,0,0,0,18,293,0,41,2
30-06 06:33:59,7.995,2.249,86.200,1.749,0,5576572,140068,179284,2112428,4717.266,1484.140,0,2822.364,0,277.839,3418,5315,0.730,0.880,0.860,1,0,0,0,0,18,292,0,42,2
30-06 06:34:00,16.532,3.507,77.902,1.252,0,5578396,138088,179320,2112548,5898.479,2380.633,0,2404.680,0,231.450,4856,6790,0.730,0.880,0.860,0,0,6.012,0,0,18,292,0,44,2
30-06 06:34:01,9.496,2.749,82.966,1.999,0,5576832,139484,179388,2112648,11429.321,2648.916,0,5537.733,0,381.844,4256,6609,0.730,0.880,0.860,2,0,0,0,0,18,293,0,44,2
30-06 06:34:02,25.675,5.484,65.559,1.496,0,5576484,139260,179444,2113164,5145.017,1615.296,0,2696.148,0,303.117,8659,13290,0.730,0.880,0.860,4,0,1.994,0,0,18,293,0,43,2
30-06 06:34:03,22.994,5.249,67.982,1.750,0,5577192,138252,179448,2113460,5628.548,2458.366,0,2723.298,0,275.929,7570,11210,0.750,0.890,0.860,2,0,0,0,0,18,292,0,46,2
30-06 06:34:04,6.015,1.253,90.976,0.501,0,5577272,138000,179448,2113632,6684.609,1690.200,0,1904.733,0,140.349,2376,3513,0.750,0.890,0.860,3,0,0,0,0,18,294,0,46,2
30-06 06:34:05,12.734,1.748,81.398,1.998,0,5577340,137748,179476,2113788,5698.888,2056.434,15.980,2712.615,0.999,323.596,4646,7183,0.750,0.890,0.860,0,0,0,0,0,18,292,0,47,2
30-06 06:34:06,4.505,2.252,92.098,0.501,0,5577300,137748,179480,2113824,12783.536,3066.247,0,1537.628,0,127.135,2292,3331,0.750,0.890,0.860,3,0,0,0,0,18,293,0,47,2
30-06 06:34:07,8.988,1.997,86.381,1.248,0,5577404,137496,179488,2113964,5997.746,2508.548,31.956,1893.394,0.999,199.725,3280,5024,0.750,0.890,0.860,0,0,0,0,0,18,292,0,48,2
30-06 06:34:08,13.226,2.745,79.109,1.996,0,5578184,136488,179492,2114188,11998.578,3346.026,0,6069.164,0,468.164,4821,7237,0.690,0.870,0.860,2,0,0,0,0,18,294,0,50,2
30-06 06:34:09,14.051,3.011,80.542,0.753,0,5578088,136488,179496,2114280,5058.319,1625.888,0,1501.437,0,154.560,5115,7546,0.690,0.870,0.860,2,0,0,0,0,18,295,0,51,2
30-06 06:34:10,26.736,4.997,63.467,2.749,0,5570260,143904,179504,2114684,4515.638,1457.238,0,4333.733,0,524.726,8835,14234,0.690,0.870,0.860,3,0,0,0,0,18,295,0,50,2
30-06 06:34:11,24.541,5.509,67.862,1.502,0,5579760,134104,179508,2114980,5251.677,1688.790,0,8233.604,0,602.996,8145,12060,0.690,0.870,0.860,1,0,0,0,0,18,295,0,51,2
30-06 06:34:12,20.665,4.481,70.459,1.494,0,5580220,133348,179516,2115268,5742.279,2506.645,0,2525.567,0,252.955,6920,10177,0.690,0.870,0.860,2,0,0.996,0,0,18,294,0,53,2
30-06 06:34:13,9.035,1.757,87.085,1.506,0,5580128,133348,179516,2115360,4669.959,1517.837,0,3585.790,0,211.815,3417,4922,0.640,0.860,0.850,1,0,0,0,0,18,295,0,53,2
30-06 06:34:14,10.949,2.737,81.869,2.737,0,5580164,133096,179528,2115564,6630.159,2019.606,0,7282.126,0,566.365,4730,7411,0.640,0.860,0.850,3,0,0,0,0,18,294,0,47,2
30-06 06:34:15,6.506,1.752,90.085,0.500,0,5580112,133096,179528,2115616,11345.725,2891.734,0,1249.181,0,105.099,2508,3474,0.640,0.860,0.850,2,0,0,0,0,18,295,0,47,2
30-06 06:34:16,12.753,5.501,79.268,0.500,0,5593100,178080,174896,2063672,8078.831,2569.582,0,1428.324,0,142.032,3878,9542,0.640,0.860,0.850,1,0,36.008,0,0,18,294,0,49,2
30-06 06:34:17,10.513,3.504,83.353,1.001,0,5605812,165172,174928,2063992,12071.982,3302.098,0,1577.958,0,155.193,3821,5330,0.640,0.860,0.850,1,0,2.002,0,0,18,294,0,50,2
30-06 06:34:18,17.784,4.258,75.897,1.002,0,5605460,165224,174964,2064256,6001.598,1783.446,0,2368.577,0,281.544,6362,9785,0.670,0.860,0.850,2,0,0,0,0,18,295,0,45,2
30-06 06:34:19,26.236,5.247,63.216,2.499,0,5605244,165000,175044,2064616,6296.635,1619.135,0,5037.308,0,565.698,9106,15056,0.670,0.860,0.850,4,0,0,0,0,18,295,0,45,2
30-06 06:34:20,24.456,5.241,67.628,1.497,0,5604652,165000,175120,2065132,7007.344,1617.079,0,6683.928,0,498.100,8712,13497,0.670,0.860,0.850,4,0,0,0,0,18,295,0,48,2
30-06 06:34:21,18.226,4.244,74.900,1.997,0,5604556,164776,175180,2065392,6614.149,2512.638,0,3119.825,0,300.598,6210,9440,0.670,0.860,0.850,2,0,0.999,0,0,18,294,0,49,2
30-06 06:34:22,9.521,1.253,86.687,0.501,0,5604984,164288,175216,2065416,5171.154,1623.502,0,2260.876,0,197.426,3490,5121,0.670,0.860,0.850,2,0,1.002,0,0,18,295,0,46,2
30-06 06:34:23,11.245,1.749,83.709,1.249,0,5604828,164288,175244,2065544,10287.010,3284.407,0,1967.046,0,225.890,3947,5666,0.610,0.840,0.850,1,0,1.999,0,0,18,294,0,47,2
30-06 06:34:24,11.240,2.498,84.425,0.749,0,5604572,164288,175256,2065788,12062.245,3943.484,0,1518.646,0,148.867,3379,4694,0.610,0.840,0.850,0,0,0,0,0,18,294,0,48,2
30-06 06:34:25,5.014,0.752,92.010,0.752,0,5604528,164288,175264,2065824,5597.846,1203.406,0,1692.792,0,129.366,2109,2985,0.610,0.840,0.850,1,0,0,0,0,18,295,0,48,2
30-06 06:34:26,6.246,1.749,89.446,0.500,0,5598324,170428,175276,2065876,10434.653,2324.586,0,6556.013,0,472.712,2945,4312,0.610,0.840,0.850,3,0,0,0,0,18,294,0,43,2
30-06 06:34:27,22.514,5.503,68.291,2.251,0,5597944,170428,175328,2066204,4634.801,1566.947,0,2817.703,0,353.213,7771,11681,0.610,0.840,0.850,1,0,0,0,0,18,295,0,44,2
30-06 06:34:28,26.968,5.993,61.678,3.746,0,5597764,170180,175388,2066572,4554.669,1510.232,0,10803.355,0,891.956,10155,16706,0.640,0.850,0.850,1,0,0,0,0,18,295,0,44,2
30-06 06:34:29,20.009,4.002,72.783,1.751,0,5597496,170180,175436,2066792,5854.684,2509.150,16.007,2753.262,1.000,295.135,6317,9573,0.640,0.850,0.850,1,0,1.000,0,0,18,294,0,45,2
30-06 06:34:30,11.238,2.248,82.663,1.249,0,5597736,169716,175464,2066988,4565.212,2383.500,0,2621.251,0,204.785,3393,4815,0.640,0.850,0.850,0,0,0.999,0,0,18,294,0,43,2
30-06 06:34:31,4.749,1.999,91.477,0.250,0,5597704,169716,175472,2067012,9255.667,2695.321,0,1051.735,0,60.985,1878,2414,0.640,0.850,0.850,1,0,2.999,0,0,18,294,0,43,2
30-06 06:34:32,7.506,1.751,88.819,0.751,0,5597908,169468,175488,2067040,6320.888,1931.494,0,1060.820,0,86.067,2365,3165,0.640,0.850,0.850,2,0,3.002,0,0,18,295,0,45,2
30-06 06:34:33,8.490,1.748,87.151,0.749,0,5597828,169468,175516,2067092,12010.418,3402.153,0,1346.477,0,137.844,2955,4122,0.670,0.850,0.850,1,0,0,0,0,18,294,0,45,2
30-06 06:34:34,8.004,1.751,87.045,1.001,0,5597624,169468,175548,2067264,12277.366,3473.801,0,1328.689,0,144.075,3164,4517,0.670,0.850,0.850,2,0,0,0,0,18,294,0,43,2
30-06 06:34:35,19.047,4.010,73.433,1.253,0,5597436,169468,175576,2067424,5042.557,1353.370,0,2081.183,0,252.629,5641,8430,0.670,0.850,0.850,1,0,0,0,0,18,295,0,43,2
30-06 06:34:36,23.453,5.738,65.867,1.996,0.249,5597824,168712,175632,2067736,5084.722,1907.145,0,7213.420,0,517.953,7613,11314,0.670,0.850,0.850,2,0,0,0,0,18,294,0,44,2
30-06 06:34:37,5.751,1.250,90.768,1.000,0,5597780,168712,175640,2067772,5417.082,1254.250,0,2612.522,0,165.033,2326,3314,0.670,0.850,0.850,2,1,0,0,0,18,295,0,44,2
30-06 06:34:38,7.748,1.750,87.982,0.750,0,5597576,168712,175660,2067956,12285.432,3459.277,0,1515.683,0,156.967,3055,4417,0.620,0.840,0.850,1,0,0,0,0,18,294,0,42,2
30-06 06:34:39,24.991,5.248,66.476,1.250,0,5597348,168712,175704,2068140,5338.071,1619.415,0,2499.097,0,305.889,7306,11186,0.620,0.840,0.850,1,0,0,0,0,18,295,0,44,2
30-06 06:34:40,17.008,4.252,75.035,1.251,0,5597576,168208,175728,2068392,8129.838,2628.241,0,3069.449,0,295.139,5722,8606,0.620,0.840,0.850,1,0,0,0,0,18,294,0,45,2
30-06 06:34:41,13.774,2.254,82.641,1.503,0,5597452,168208,175776,2068468,6444.031,1568.685,0,3221.514,0,262.449,3712,5547,0.620,0.840,0.850,1,0,0,0,0,18,294,0,46,2
30-06 06:34:42,4.992,1.248,90.614,0.749,0,5597660,167956,175792,2068496,7568.619,2598.093,0,1525.706,0,136.794,2447,3534,0.620,0.840,0.850,2,0,1.997,0,0,18,295,0,46,2
30-06 06:34:43,8.002,1.750,87.772,1.250,0,5597548,167956,175844,2068556,12268.036,3406.843,0,6149.522,0,422.104,3778,5680,0.650,0.840,0.850,0,0,0,0,0,18,294,0,45,2
30-06 06:34:44,7.237,1.747,88.594,0.499,0,5597424,167956,175852,2068672,12182.541,3400.011,0,2982.746,0,129.771,2872,4061,0.650,0.840,0.850,0,0,0,0,0,18,294,0,45,2
30-06 06:34:45,11.256,1.751,85.793,0.750,0,5597664,167452,175876,2068912,6429.220,2508.256,0,1428.716,0,155.078,3406,4862,0.650,0.840,0.850,0,0,0,0,0,18,294,0,46,2
30-06 06:34:46,11.013,2.503,84.351,0.250,0,5597536,167452,175884,2069032,5553.636,2241.679,0,1409.684,0,148.177,3274,4480,0.650,0.840,0.850,2,0,0,0,0,18,294,0,47,2
30-06 06:34:47,3.250,1.500,93.987,0.250,0,5597648,167228,175888,2069140,11592.453,3118.584,0,6287.161,0,370.951,1705,1979,0.650,0.840,0.850,0,0,0,0,0,18,294,0,47,2
30-06 06:34:48,4.245,0.999,92.649,0.499,0,5597588,167228,175900,2069188,4926.633,1430.442,0,934.981,0,91.900,2128,3109,0.600,0.820,0.840,1,0,0,0,0,18,294,0,47,2
30-06 06:34:49,6.515,1.253,90.462,0.752,0,5597792,166976,175908,2069228,7708.066,1687.956,0,1182.772,0,112.263,2365,3460,0.600,0.820,0.840,1,0,0,0,0,18,295,0,47,2
30-06 06:34:50,11.474,2.993,83.062,0.748,0,5598048,166472,175932,2069452,11526.936,3658.727,0,1748.047,0,205.535,3876,5617,0.600,0.820,0.840,1,0,0.998,0,0,18,294,0,48,2
30-06 06:34:51,9.013,1.252,86.876,1.001,0,5598192,166220,175940,2069552,12192.743,3465.042,0,1658.413,0,170.248,3248,4726,0.600,0.820,0.840,1,0,0,0,0,18,294,0,44,2
30-06 06:34:52,7.742,1.998,88.404,0.749,0,5598372,165968,175952,2069612,11983.982,3294.421,0,1386.494,0,142.845,2887,4058,0.600,0.820,0.840,1,0,0.999,0,0,18,294,0,45,2
30-06 06:34:53,6.992,0.999,90.643,0.250,0,5598336,165968,175960,2069640,9630.670,3382.021,0,994.830,0,76.910,2213,2886,0.550,0.810,0.840,2,0,0,0,0,18,294,0,45,2
30-06 06:34:54,2.751,1.501,94.043,1.000,0,5598280,165968,176004,2069652,4764.164,1242.564,0,5934.696,0,370.168,2145,3596,0.550,0.810,0.840,3,0,0,0,0,18,294,0,45,2
30-06 06:34:55,10.763,1.752,84.856,0.751,0,5598300,165716,176020,2069868,11682.588,2862.575,0,1822.276,0,197.246,4007,5814,0.550,0.810,0.840,4,0,0,0,0,18,295,0,44,2
30-06 06:34:56,24.795,4.759,67.373,1.252,0.250,5599400,162944,176052,2071508,5246.587,1622.966,0,2528.620,0,315.577,8174,12526,0.550,0.810,0.840,2,0,0,0,0,18,295,0,45,2
30-06 06:34:57,25.501,4.750,67.252,1.250,0,5599020,161936,176068,2072880,5230.151,1620.047,0,2440.071,0,286.008,8302,12771,0.550,0.810,0.840,4,0,0,0,0,18,294,0,45,3
30-06 06:34:58,13.944,5.229,76.942,0.996,0,5642428,149548,175340,2043588,5862.509,2501.974,31.872,3179.261,0.996,305.775,4864,6913,0.670,0.830,0.840,0,0,0,0,0,18,294,0,46,2
30-06 06:34:59,10.772,2.505,84.426,1.002,0,5642164,149548,175392,2043800,6633.834,2571.362,0,1867.895,0,188.393,3553,5179,0.670,0.830,0.840,1,0,0,0,0,18,294,0,44,2
30-06 06:35:00,11.246,3.249,81.968,1.499,0,5643544,148040,175432,2043888,16011.660,2445.032,0,6937.253,0,493.804,4308,6174,0.670,0.830,0.840,1,0,5.998,0,0,18,294,0,45,2
30-06 06:35:01,7.997,1.250,88.722,0.500,0,5643244,148292,175444,2043924,5921.146,1523.523,0,871.727,0,65.979,2215,2877,0.670,0.830,0.840,1,0,0,0,0,18,295,0,45,2
30-06 06:35:02,26.060,3.759,69.660,0.251,0,5650792,140484,175448,2044180,4550.424,1082.480,48.110,677.552,9.021,35.080,4203,4378,0.670,0.830,0.840,3,0,4.009,0,0,18,295,0,46,2
30-06 06:35:03,8.235,1.497,87.592,0.499,0,5650824,140232,175484,2044364,12003.369,3399.873,0,1361.546,0,143.741,3045,4230,0.610,0.820,0.840,4,0,0,0,0,18,294,0,40,2
30-06 06:35:04,7.005,1.501,89.564,0.751,0,5650608,140232,175512,2044552,7158.120,2443.748,0,1336.956,0,146.105,2682,3963,0.610,0.820,0.840,2,0,1.001,0,0,18,294,0,40,2
30-06 06:35:05,8.993,1.499,86.429,0.749,0,5650512,140232,175528,2044632,18014.111,4378.381,0,1498.761,0,167.861,3156,4359,0.610,0.820,0.840,0,0,0,0,0,18,294,0,40,2
30-06 06:35:06,15.275,3.506,78.881,0.751,0,5650828,139784,175556,2044736,5652.422,1568.615,0,1734.892,0,174.291,5129,7523,0.610,0.820,0.840,1,0,1.002,0,0,18,295,0,40,2
30-06 06:35:07,24.441,4.988,67.336,1.746,0,5650960,139280,175576,2045088,5145.496,2440.071,0,3092.485,0,342.169,7786,11571,0.610,0.820,0.840,1,0,0,0,0,18,294,0,38,2
30-06 06:35:08,7.003,1.751,88.535,0.500,0,5651268,138804,175588,2045244,5982.384,1620.646,0,8107.230,0,597.238,3286,4745,0.560,0.800,0.830,3,0,0,0,0,18,298,0,39,2
30-06 06:35:09,25.062,3.759,68.921,0.501,0,5651740,138048,175608,2045508,4858.021,1569.885,132.327,1752.336,8.020,141.350,7066,10044,0.560,0.800,0.830,3,0,1.002,0,0,18,299,0,55,2
30-06 06:35:10,25.516,3.752,68.794,1.251,0,5652736,136788,175624,2045756,4765.075,1242.802,0,7100.582,0,400.258,7545,11045,0.560,0.800,0.830,2,0,2.001,0,0,18,300,0,63,2
30-06 06:35:11,26.633,3.485,66.956,0.747,0,5654616,134520,175632,2046136,6240.557,1870.773,0,1585.030,0,141.378,5794,7507,0.560,0.800,0.830,1,0,0,0,0,18,297,0,76,2
30-06 06:35:12,6.017,1.504,91.007,0.752,0,5654572,134520,175648,2046164,11274.810,3005.480,0,1420.006,0,121.342,2652,3795,0.560,0.800,0.830,1,1,1.003,0,0,18,298,0,76,2
30-06 06:35:13,24.288,4.757,67.605,1.252,0,5654216,134520,175660,2046508,5228.146,1622.528,20.031,2712.226,2.003,283.442,7438,11074,0.680,0.820,0.840,2,0,0,0,0,18,298,0,76,2
30-06 06:35:14,14.205,3.240,79.501,1.495,0,5654452,134016,175692,2046744,6645.160,2512.122,0,3508.995,0,320.993,4943,7561,0.680,0.820,0.840,2,0,0,0,0,18,297,0,78,2
30-06 06:35:15,6.249,1.250,89.488,0.750,0,5654372,134016,175720,2046796,6856.055,2456.661,0,2387.671,0,206.971,2771,4109,0.680,0.820,0.840,0,0,0,0,0,18,297,0,76,2
30-06 06:35:16,11.256,4.252,83.296,0.500,0,5670224,148404,174964,2018172,6933.833,2458.359,0,1712.947,0,161.089,3755,14339,0.680,0.820,0.840,1,0,36.020,0,0,18,297,0,77,2
30-06 06:35:17,5.743,1.248,90.134,0.749,0,5673640,144928,174980,2018216,7095.839,2504.766,0,1593.942,0,152.803,2513,3690,0.680,0.820,0.840,1,0,1.997,0,0,18,297,0,77,2
30-06 06:35:18,8.022,1.755,88.493,0.501,0.251,5673668,144704,174984,2018408,5996.484,1624.466,0,1103.032,0,94.259,2791,3769,0.620,0.810,0.830,1,0,0,0,0,18,298,0,77,2
30-06 06:35:19,11.478,1.996,84.339,0.749,0,5674544,143696,174992,2018532,8285.212,2172.859,0,1365.398,0,125.760,3469,4655,0.620,0.810,0.830,1,0,0,0,0,18,297,0,74,2
30-06 06:35:20,6.502,1.751,89.282,1.000,0,5674964,143192,175020,2018588,8015.902,1921.696,0,5574.018,0,367.133,3020,4554,0.620,0.810,0.830,1,0,0,0,0,18,297,0,74,2
30-06 06:35:21,4.995,1.249,91.651,0.749,0,5674928,143192,175024,2018620,7230.182,2146.679,0,1158.747,0,110.880,2263,3286,0.620,0.810,0.830,1,0,0,0,0,18,297,0,76,2
30-06 06:35:22,5.492,0.749,91.364,0.250,0,5674900,143192,175028,2018644,4897.705,1001.508,0,798.810,0,58.912,1927,2648,0.620,0.810,0.830,2,0,0.999,0,0,18,297,0,76,2
30-06 06:35:23,13.044,2.759,81.779,0.753,0,5673176,144732,175048,2018808,10949.331,2844.699,0,6622.579,0,564.926,4807,6834,0.650,0.810,0.840,2,0,2.007,0,0,18,298,0,71,2
30-06 06:35:24,25.505,4.501,66.764,1.750,0,5673164,144228,175112,2019260,11486.395,2997.625,0,2972.620,0,351.073,7910,11746,0.650,0.810,0.840,2,0,0,0,0,18,298,0,72,2
30-06 06:35:25,6.985,0.998,89.559,0.499,0,5673324,143976,175136,2019328,6412.332,2518.631,0,2702.240,0,204.564,2705,4287,0.650,0.810,0.840,1,0,0,0,0,18,297,0,73,2
30-06 06:35:26,6.259,1.753,90.636,0.751,0,5673132,143976,175148,2019508,6527.803,2246.373,0,2207.315,0,216.325,2604,3804,0.650,0.810,0.840,0,0,0,0,0,18,297,0,74,2
30-06 06:35:27,5.985,1.247,89.524,0.499,0,5673092,143976,175152,2019548,5602.833,1700.700,0,1540.106,0,134.660,2423,3449,0.650,0.810,0.840,1,0,0,0,0,18,297,0,74,2
30-06 06:35:28,9.250,1.750,86.752,1.250,0,5673032,143976,175156,2019604,11577.267,3298.076,0,1692.039,0,187.004,3391,4895,0.600,0.800,0.830,2,0,0,0,0,18,297,0,72,2
30-06 06:35:29,14.816,3.516,79.606,0.753,0,5672764,143976,175176,2019852,4640.761,1627.280,0,2173.724,0,248.110,5191,8139,0.600,0.800,0.830,2,0,0,0,0,18,298,0,72,2
30-06 06:35:30,17.973,2.995,75.884,1.747,0,5483052,333784,175204,2019732,6530.032,267901.038,119.817,6689.788,5.991,462.294,3715,5009,0.600,0.800,0.830,2,0,13.979,0,0,18,297,0,72,2
30-06 06:35:31,0.999,0.499,97.117,0,0,5483048,333784,175208,2019732,5110.025,1617.792,0,738.991,0,38.947,987,1470,0.600,0.800,0.830,1,0,0,0,0,18,297,0,72,2
30-06 06:35:32,2.999,1.750,92.977,0,0,5475564,341236,175220,2019752,5038.733,1619.593,0,2155.458,0,108.973,1678,2454,0.600,0.800,0.830,1,0,3.999,0,0,18,297,0,70,2
30-06 06:35:33,9.015,1.753,88.648,0,0,5475764,341012,175220,2019776,4988.307,1622.702,0,0,0,0,2615,3386,0.630,0.800,0.830,0,0,2.003,0,0,18,297,0,72,2
30-06 06:35:34,2.499,0.500,95.702,0.750,0,5475760,341012,175220,2019780,5337.298,1619.180,0,235.881,0,24.987,1473,2252,0.630,0.800,0.830,1,0,0.999,0,0,18,297,0,72,2
30-06 06:35:35,1.000,0.750,96.761,0,0,5475744,341012,175224,2019792,5220.582,1620.181,0,412.046,0,33.004,1233,1915,0.630,0.800,0.830,3,0,0,0,0,18,297,0,72,2
30-06 06:35:36,1.248,0.250,97.110,0,0,5475744,341012,175224,2019792,5313.344,1521.807,0,175.747,0,10.984,941,1349,0.630,0.800,0.830,1,0,0,0,0,18,297,0,70,2
30-06 06:35:37,1.251,0.751,97.333,0,0,5475744,341012,175224,2019792,4804.094,1621.382,0,56.048,0,6.005,994,1376,0.630,0.800,0.830,2,0,0,0,0,18,297,0,70,2
30-06 06:35:38,3.000,1.250,94.516,0.500,0,5475728,341012,175236,2019796,4878.810,1458.242,0,308.051,0,44.007,1795,2587,0.580,0.790,0.830,1,0,0,0,0,18,297,0,70,2
30-06 06:35:39,1.499,0.999,95.906,0,0,5475932,340788,175236,2019816,5094.987,1618.408,0,3700.359,0,424.582,1525,1948,0.580,0.790,0.830,1,0,0,0,0,18,297,0,70,2
30-06 06:35:40,1.501,0.751,96.586,0,0,5475924,340788,175244,2019816,7050.253,1525.353,0,1361.207,0,32.028,1112,1515,0.580,0.790,0.830,2,0,0,0,0,18,297,0,66,2
30-06 06:35:41,1.501,0.500,97.072,0.250,0,5475924,340788,175244,2019816,6681.967,1705.267,0,188.140,0,7.005,1013,1465,0.580,0.790,0.830,2,0,0,0,0,18,297,0,66,2
30-06 06:35:42,1.496,0.748,97.017,0,0,5475924,340788,175244,2019816,4926.182,1454.511,0,0,0,0,962,1333,0.580,0.790,0.830,1,0,0.998,0,0,18,297,0,66,2
30-06 06:35:43,1.753,0.751,95.888,0.501,0,5475788,340788,175248,2019948,4746.813,1622.328,0,160.230,0,19.027,1206,1568,0.540,0.780,0.820,1,0,0,0,0,18,297,0,66,2
30-06 06:35:44,1.000,1.000,96.787,0,0,5475784,340788,175248,2019952,4705.795,1524.581,0,80.031,0,9.003,1008,1403,0.540,0.780,0.820,2,0,0,0,0,18,297,0,63,2
30-06 06:35:45,1.499,0.749,96.924,0,0,5475780,340788,175252,2019952,4828.214,1510.815,0,63.950,0,8.993,1021,1400,0.540,0.780,0.820,1,0,0,0,0,18,297,0,63,2
30-06 06:35:46,1.498,0.250,96.898,0,0,5475780,340788,175252,2019952,5397.302,1564.349,0,0,0,0,954,1350,0.540,0.780,0.820,1,0,0,0,0,18,297,0,63,2
30-06 06:35:47,1.252,1.002,96.661,0,0,5475744,340788,175252,2019988,4705.850,1460.436,0,0,0,0,981,1370,0.540,0.780,0.820,2,0,0,0,0,18,297,0,63,2
30-06 06:35:48,2.498,1.249,94.171,0.500,0,5475740,340788,175252,2019992,4795.959,1618.636,0,319.731,0,49.958,1883,2848,0.490,0.760,0.820,1,0,0,0,0,18,297,0,61,2
30-06 06:35:49,1.998,0.500,95.668,0.250,0,5475688,340788,175252,2020044,5045.657,1618.607,31.972,699.398,0.999,57.950,1464,2381,0.490,0.760,0.820,1,0,0,0,0,18,297,0,61,2
30-06 06:35:50,2.755,1.002,95.412,0,0,5475680,340788,175256,2020048,10567.923,3002.092,0,360.612,0,29.049,1470,2029,0.490,0.760,0.820,1,0,0,0,0,18,297,0,61,2
30-06 06:35:51,1.000,0.750,97.271,0,0,5475672,340788,175256,2020056,4846.038,1620.347,0,320.069,0,19.004,985,1460,0.490,0.760,0.820,1,0,0,0,0,18,297,0,61,2
30-06 06:35:52,1.749,0.750,97.196,0.250,0,5475672,340788,175256,2020056,5371.042,1685.072,0,255.859,0,15.991,1005,1474,0.490,0.760,0.820,1,0,0.999,0,0,18,297,0,59,2
30-06 06:35:53,0.749,0.250,97.396,0,0,5475672,340788,175256,2020056,5010.666,1618.277,0,71.923,0,4.995,952,1376,0.450,0.750,0.810,1,0,0,0,0,18,297,0,59,2
30-06 06:35:54,0.752,1.002,97.696,0,0,5475672,340788,175256,2020056,5503.017,1557.117,0,0,0,0,893,1324,0.450,0.750,0.810,1,0,0,0,0,18,297,0,59,2
30-06 06:35:55,0.500,0.750,96.986,0,0,5475672,340788,175256,2020056,5151.278,1631.771,0,3.999,0,1.000,945,1371,0.450,0.750,0.810,2,0,0,0,0,18,297,0,59,2
30-06 06:35:56,1.248,0.250,97.368,0,0,5475668,340788,175256,2020060,5589.442,1617.813,0,47.935,0,2.996,991,1368,0.450,0.750,0.810,1,0,0,0,0,18,297,0,59,2
30-06 06:35:57,1.250,0.750,97.508,0,0,5475668,340788,175256,2020060,5132.414,1512.122,0,272.022,0,55.004,979,1358,0.450,0.750,0.810,1,0,0,0,0,18,297,0,59,2
30-06 06:35:58,2.752,1.251,94.569,0.500,0,5475664,340788,175260,2020060,5209.803,1567.144,0,316.231,0,46.034,1790,2543,0.420,0.740,0.810,1,0,0,0,0,18,297,0,59,2
30-06 06:35:59,1.997,0.499,95.363,0,0,5475616,340788,175264,2020104,4793.091,1617.668,31.954,1202.267,0.999,173.750,1281,1943,0.420,0.740,0.810,1,0,0,0,0,18,297,0,59,2
30-06 06:36:00,1.502,1.502,95.599,0.751,0,5475612,340788,175264,2020108,4582.761,1459.516,0,296.308,0,22.023,1257,1565,0.420,0.740,0.810,1,0,6.006,0,0,18,297,0,55,2
30-06 06:36:01,4.753,1.251,92.817,0,0,5490380,325920,175272,2020200,132650.597,1773.278,4.003,116.084,1.001,9.006,1207,1491,0.420,0.740,0.810,5,0,3.002,0,0,18,297,0,55,2
30-06 06:36:02,10.499,4.500,84.493,0,0.250,5506460,309740,175296,2020276,283208.002,9247.282,163.987,235.982,8.999,7.999,2434,2026,0.420,0.740,0.810,2,0,31.998,0,0,18,297,0,55,2
30-06 06:36:03,13.498,3.749,81.237,0.250,0,5511680,301736,175308,2023048,285283.105,4517.257,151.975,3.999,3.000,1.000,2129,1768,0.460,0.740,0.810,1,0,18.997,0,0,18,297,0,55,2
30-06 06:36:04,21.010,5.753,71.783,0,0,5507244,292700,175316,2036496,4277.961,486.223,0,228.105,0,12.006,2614,2168,0.460,0.740,0.810,2,0,18.008,0,0,18,297,0,54,2
