"pcp-dstat 6.2.0 CSV Output"
"Author:","PCP team <pcp@groups.io> and Dag Wieers <dag@wieers.com>",,,,"URL:","https://pcp.io/ and http://dag.wieers.com/home-made/dstat/"
"Host:","ubuntu",,,,"User:","ubuntu"
"Cmdline:","dstat -tcmndrylpg --tcp --output /tmp/devstack_logs/dstat-csv.log",,,,"Date:","19 Jun 2026 18:45:23 UTC"
"system","total usage",,,,,"memory usage",,,,"net/total",,"dsk/total",,"io/total",,"system",,"load avg",,,"procs",,,"paging",,"tcp sockets",,,,
"time","total usage:usr","total usage:sys","total usage:idl","total usage:wai","total usage:stl","used","free","buf","cach","net/total:recv","net/total:send","dsk/total:read","dsk/total:writ","read","writ","int","csw","1m","5m","15m","run","blk","new","in","out","lis","act","syn","tim","clo"
19-06 18:45:23,,961828,1455120,166544,5224340,,,,,,,1.270,1.100,0.630,4,0,,,,10,5,0,17,0
19-06 18:45:24,17.241,21.239,59.220,0.500,0,984772,1431456,166720,5224764,44192.515,16090.813,0,1911.028,0,63.967,5604,4347,1.270,1.100,0.630,1,0,378.807,0,0,10,6,0,17,0
19-06 18:45:25,24.242,21.743,52.484,0.500,0,1007220,1408356,166864,5225164,22748.898,12423.121,0,1523.524,0,47.985,5607,3987,1.270,1.100,0.630,2,0,349.891,0,0,10,6,0,17,0
19-06 18:45:26,26.745,18.746,52.239,0.250,0,1006132,1408696,167036,5225568,41408.501,13506.228,0,5150.943,0,77.984,5431,5417,1.270,1.100,0.630,1,0,271.944,0,0,10,6,0,17,0
19-06 18:45:27,30.166,15.706,52.603,0.499,0,1132512,1263020,167268,5368552,184464.183,14160.556,0,2002.422,0,54.847,6421,8701,1.320,1.120,0.640,0,1,143.600,0,0,11,5,0,17,1
19-06 18:45:28,38.293,12.264,47.553,0.501,0,1138408,1238744,168168,5383624,5031.613,1729.930,0,2823.149,0,134.150,4293,2933,1.320,1.120,0.640,2,0,106.118,0,0,11,6,0,17,2
19-06 18:45:29,37.500,13.500,47.500,0.500,0,1168128,1190956,168620,5399328,4698.029,1458.009,16.000,1724.011,1.000,49.000,4585,3347,1.320,1.120,0.640,2,0,175.001,0,0,11,6,0,20,2
19-06 18:45:30,42.971,6.746,48.718,1.499,0,1229904,1102336,169616,5422380,4257.164,1618.922,15.989,5264.493,0.999,131.912,3256,2266,1.320,1.120,0.640,2,0,0,0,0,11,6,0,20,2
19-06 18:45:31,42.263,5.002,47.765,2.751,0,1256112,1054916,170720,5439768,4536.429,1458.459,0,9659.043,0,645.203,5481,7122,1.320,1.120,0.640,0,1,10.003,0,0,11,8,0,20,2
19-06 18:45:32,30.255,7.501,43.758,15.503,0,1267056,1010996,172896,5467860,4620.805,1620.282,0,47308.247,0,3939.687,14408,26828,1.460,1.150,0.650,1,2,45.008,0,0,11,8,0,20,2
19-06 18:45:33,38.487,10.746,41.735,6.248,0,1204268,1088144,173308,5452980,5090.223,1937.324,0,35403.644,0,2378.170,10024,16267,1.460,1.150,0.650,2,0,121.957,0,0,11,4,0,20,0
19-06 18:45:34,39.611,6.769,52.899,0.752,0,1212104,1074440,173464,5458020,11862.335,4748.344,0,2354.617,0,106.299,2829,1747,1.460,1.150,0.650,2,0,18.051,0,0,11,4,0,20,0
19-06 18:45:35,45.946,7.242,43.949,0.999,0,1244300,1040068,173548,5459892,4512.741,1456.303,0,7914.776,0,485.434,10350,18587,1.460,1.150,0.650,3,0,6.992,0,0,11,4,0,20,0
19-06 18:45:36,43.628,9.723,44.874,0.249,0,1230328,1053276,173560,5460432,5222.363,1615.472,0,2955.716,0,136.617,11216,18138,1.460,1.150,0.650,2,0,26.925,0,0,11,4,0,20,0
19-06 18:45:37,42.954,7.991,47.949,0,0,1215336,1076292,173572,5453112,4972.708,1456.450,0,435.537,0,11.987,3059,1574,1.500,1.160,0.660,2,0,10.988,0,0,11,4,0,20,0
19-06 18:45:38,38.693,13.065,47.486,0,0,1190064,1101512,173572,5453164,4962.711,1465.296,0,261.301,0,37.185,4286,2750,1.500,1.160,0.660,4,0,197.986,0,0,11,4,0,20,0
19-06 18:45:39,10.252,23.005,64.765,0,0,1145084,1146460,173572,5453184,4801.140,1662.395,0,48.011,0,10.002,5469,4043,1.500,1.160,0.660,5,0,368.087,0,0,11,4,0,20,0
19-06 18:45:40,13.600,17.803,65.773,0,0,1140760,1150616,173572,5453328,4806.889,1602.296,0,19.781,0,4.945,5470,5046,1.500,1.160,0.660,3,0,246.279,0,0,11,4,0,20,0
19-06 18:45:41,34.527,16.381,48.136,0.504,0,1171548,1119804,173576,5453812,5400.272,1633.086,0,22685.780,0,447.586,5545,5421,1.500,1.160,0.660,2,0,194.559,0,0,11,5,0,20,0
19-06 18:45:42,45.479,5.497,48.228,0,0,1248924,1041964,173592,5454256,4857.749,1661.230,0,1143.470,0,4.998,2668,1222,1.540,1.180,0.660,2,0,0,0,0,11,5,0,14,0
19-06 18:45:43,42.856,9.219,47.341,0.249,0,1283868,1006308,173604,5455000,4604.542,1614.580,0,1730.191,0,142.522,3053,1996,1.540,1.180,0.660,3,0,0.997,0,0,11,5,0,14,0
19-06 18:45:44,18.070,9.788,71.274,0,0,1279912,1008592,173624,5456688,4415.003,1463.637,0,770.969,0,34.131,4244,4686,1.540,1.180,0.660,1,0,118.456,0,0,11,4,0,14,0
19-06 18:45:45,13.249,4.500,81.244,0,0,1319108,969376,173632,5456688,4859.623,1619.874,0,0,0,0,1718,1524,1.540,1.180,0.660,2,0,21.998,0,0,11,4,0,14,0
19-06 18:45:46,23.191,3.740,71.817,0,0,1368036,920448,173632,5456688,4716.995,1508.162,0,9838.959,0,44.886,2046,1403,1.540,1.180,0.660,1,0,0,0,0,11,4,0,14,0
19-06 18:45:47,23.082,3.262,73.260,0.251,0,1390128,898140,173640,5456896,4829.135,1571.576,0,1320.686,0,17.061,1941,1450,1.500,1.170,0.670,2,0,1.004,0,0,11,10,0,14,0
19-06 18:45:48,21.482,6.495,69.193,1.249,0,1302600,985552,173684,5456936,5481.497,1618.670,0,3740.927,0,320.737,4458,5432,1.500,1.170,0.670,1,0,47.961,0,0,11,4,0,16,0
19-06 18:45:49,23.250,2.500,73.249,0,0.250,1347000,940948,173684,5457108,6209.911,1403.980,0,575.992,0,7.000,1822,1270,1.500,1.170,0.670,1,0,0,0,0,11,4,0,16,0
19-06 18:45:50,18.288,3.257,78.164,0.501,0,1363936,923948,173692,5457132,9392.764,5224.994,0,921.940,0,25.053,2395,2404,1.500,1.170,0.670,1,0,1.002,0,0,11,17,0,15,0
19-06 18:45:51,19.967,4.492,73.876,0.499,0,1343048,944364,173736,5457508,10059.142,5927.067,267.552,35640.272,65.890,273.542,3021,2673,1.500,1.170,0.670,3,0,23.960,0,0,11,28,0,16,0
19-06 18:45:52,20.738,5.247,73.457,0,0,1412492,874920,173736,5457508,4677.249,1619.048,0,0,0,0,2001,1415,1.460,1.170,0.670,1,0,20.988,0,0,11,28,0,16,0
19-06 18:45:53,18.999,2.000,77.747,0,0,1412216,875176,173736,5457524,11419.607,8172.719,0,4.000,0,1.000,2092,1724,1.460,1.170,0.670,1,0,1.000,0,0,11,28,0,17,0
19-06 18:45:54,31.781,13.013,55.303,0,0,1382244,905132,173736,5457540,4264.106,1201.157,0,12.012,0,3.003,3641,2401,1.460,1.170,0.670,2,0,156.150,0,0,11,28,0,16,0
19-06 18:45:55,36.778,4.503,57.544,0,0,1457500,829864,173740,5457548,12975.020,9826.588,0,688.532,0,4.003,3147,2259,1.460,1.170,0.670,1,0,0,0,0,11,30,0,16,0
19-06 18:45:56,36.547,10.764,51.066,0.250,0,1415464,871704,173740,5457748,16013.616,11775.159,0,1774.284,0,38.049,7132,8667,1.460,1.170,0.670,3,0,189.244,0,0,11,28,0,17,0
19-06 18:45:57,73.426,25.224,0.999,0,0,1580712,706344,173744,5457792,5334.593,1618.360,0,35.964,0,8.991,5402,4047,1.660,1.220,0.690,6,0,388.606,0,0,11,28,0,17,0
19-06 18:45:58,86.658,12.986,0,0,0,1787892,499152,173744,5457800,16214.725,13357.769,0,0,0,0,5388,3138,1.660,1.220,0.690,4,0,0,0,0,11,32,0,17,0
19-06 18:45:59,81.516,8.002,10.502,0,0,1822808,463956,173760,5458060,38941.861,34235.911,0,3064.619,0,114.023,8547,13486,1.660,1.220,0.690,5,0,0,0,0,11,29,0,22,0
19-06 18:46:00,38.182,15.472,45.918,0,0,1520772,765960,173772,5458080,7214.107,2906.805,0,347.379,0,27.950,4774,4416,1.660,1.220,0.690,1,0,309.447,0,0,11,28,0,23,0
19-06 18:46:01,19.760,4.252,74.536,0.250,0,1526820,759912,173772,5458080,6909.367,3587.748,0,70262.241,0,496.242,2850,2602,1.660,1.220,0.690,0,0,0,0,0,11,29,0,23,0
19-06 18:46:02,19.002,2.750,77.010,0.250,0,1487452,799248,173784,5458100,10521.339,6432.819,0,2012.256,0,66.008,3108,3543,1.770,1.250,0.700,2,0,1.000,0,0,11,28,0,24,0
19-06 18:46:03,18.794,7.267,72.170,0,0,1489172,797524,173784,5458104,4787.304,1609.801,0,0,0,0,2584,1774,1.770,1.250,0.700,3,0,68.161,0,0,11,28,0,24,0
19-06 18:46:04,18.712,3.243,77.344,0,0,1501012,785680,173784,5458108,9969.859,6092.692,0,0,0,0,2066,1865,1.770,1.250,0.700,2,0,0,0,0,11,29,0,24,0
19-06 18:46:05,19.760,13.257,65.284,0.250,0,1401664,884972,173824,5458124,7854.099,3952.063,0,4838.525,0,250.131,5275,14394,1.770,1.250,0.700,1,0,158.083,0,0,11,28,0,26,0
19-06 18:46:06,8.254,22.262,67.035,0,0,1399884,886752,173828,5458120,5565.943,1620.857,0,112.059,0,7.004,5463,3608,1.770,1.250,0.700,3,0,349.185,0,0,11,28,0,26,0
19-06 18:46:07,46.818,33.048,19.779,0,0,1488116,798448,173832,5458156,4971.273,1460.136,0,24299.548,0,131.192,5785,4724,1.790,1.260,0.710,5,0,567.831,0,0,11,28,0,25,0
19-06 18:46:08,84.768,11.718,3.241,0,0,1725964,560584,173832,5458172,16655.420,11309.051,0,0,0,0,5074,2899,1.790,1.260,0.710,4,0,0,0,0,11,31,0,25,0
19-06 18:46:09,70.144,8.517,20.292,0.251,0,1736204,550072,173856,5458420,42406.871,36412.592,0,352.723,0,36.074,9559,15082,1.790,1.260,0.710,6,0,24.049,0,0,11,30,1,25,0
19-06 18:46:10,79.202,19.178,1.245,0,0,1631092,655080,173868,5458512,9743.387,5656.744,0,342.712,0,36.861,6005,6209,1.790,1.260,0.710,6,0,284.929,0,0,11,28,0,26,0
19-06 18:46:11,87.649,12.808,0,0,0,1756348,529808,173872,5458520,9518.382,6188.204,0,333.520,0,13.060,5007,2825,1.790,1.260,0.710,6,0,0,0,0,11,30,0,26,0
19-06 18:46:12,78.447,10.243,10.493,0.250,0.250,1834820,450984,173880,5458860,42129.750,39362.605,0,1095.266,0,46.969,8155,11995,2.130,1.340,0.730,3,0,0,0,0,11,34,0,26,0
19-06 18:46:13,72.925,15.734,10.489,0,0,1520188,765404,173880,5459072,27522.850,21955.544,0,279.714,0,28.970,7604,12181,2.130,1.340,0.730,3,0,281.712,0,0,11,28,0,31,0
19-06 18:46:14,38.954,7.991,51.939,0,0,1585336,700252,173880,5459076,7111.622,3966.327,0,243.713,0,45.946,2899,1661,2.130,1.340,0.730,2,0,16.980,0,0,11,29,0,31,0
19-06 18:46:15,34.592,4.763,59.659,0,0,1501600,783948,173884,5459112,16770.712,13342.572,0,168.449,0,12.032,4348,5561,2.130,1.340,0.730,3,0,22.059,0,0,11,29,0,27,0
19-06 18:46:16,56.974,22.739,19.991,0,0,1553796,731716,173884,5459148,9739.473,5710.346,0,215.900,0,14.993,5158,4376,2.130,1.340,0.730,3,0,355.835,0,0,11,28,0,28,0
19-06 18:46:17,54.755,7.251,37.504,0.250,0,1616072,669552,173888,5459168,19482.930,15891.574,0,5964.591,0,376.037,4853,4253,2.200,1.370,0.750,3,0,0,0,0,11,31,0,28,0
19-06 18:46:18,54.539,16.512,28.020,0.250,0,1513172,772236,173912,5459360,19696.016,15547.063,0,928.661,0,72.051,8140,10115,2.200,1.370,0.750,4,0,258.184,0,0,11,28,0,29,0
19-06 18:46:19,81.244,12.212,6.230,0,0,1663128,622264,173916,5459372,9984.531,7057.756,0,123.610,0,10.965,4883,2436,2.200,1.370,0.750,1,0,0,0,0,11,31,1,26,0
19-06 18:46:20,58.423,6.018,34.602,0,0,1670980,614200,173916,5459584,38650.464,34749.912,0,212.630,0,20.059,8391,12539,2.200,1.370,0.750,3,0,0,0,0,11,30,0,28,0
19-06 18:46:21,62.259,18.503,19.503,0,0,1572276,712824,173924,5459624,7376.010,3249.445,0,312.043,0,27.004,5277,4264,2.200,1.370,0.750,3,0,324.044,0,0,11,28,0,29,0
19-06 18:46:22,56.433,6.961,35.799,0,0.249,1628880,656208,173924,5459636,16589.789,13275.411,0,723.933,0,10.939,4010,2793,2.260,1.390,0.760,4,0,0,0,0,11,31,0,29,0
19-06 18:46:23,51.366,15.786,31.321,0.251,0,1495256,789624,173944,5459824,22121.037,18675.242,0,1086.458,0,90.204,8279,11188,2.260,1.390,0.760,3,0,299.678,0,0,11,28,0,31,0
19-06 18:46:24,63.024,12.255,24.259,0,0,1606308,678556,173944,5459840,4623.778,1620.623,0,0,0,0,3692,1423,2.260,1.390,0.760,4,0,1.000,0,0,11,28,0,31,0
19-06 18:46:25,46.872,6.016,46.872,0,0,1630900,653752,173944,5460052,29477.657,26447.778,0,148.386,0,12.031,6826,8741,2.260,1.390,0.760,3,0,0,0,0,11,30,0,32,0
19-06 18:46:26,58.985,19.245,20.745,0,0,1575680,708820,173944,5460204,8513.837,4416.878,0,179.954,0,11.997,4962,4008,2.260,1.390,0.760,4,0,286.927,0,0,11,28,0,34,0
19-06 18:46:27,55.118,6.484,37.909,0,0,1635248,649232,173948,5460216,17028.201,13888.723,0,171.589,0,6.983,4117,3042,2.320,1.420,0.770,3,0,0,0,0,11,31,0,34,0
19-06 18:46:28,51.106,11.524,35.824,0,0,1536120,748136,173972,5460416,18659.616,14785.599,0,1094.265,0,82.170,7174,8877,2.320,1.420,0.770,4,0,112.232,0,0,11,28,0,36,0
19-06 18:46:29,61.384,8.450,29.574,0,0,1620348,663908,173972,5460416,7352.213,5645.378,0,3.976,0,0.994,3504,1451,2.320,1.420,0.770,1,0,0,0,0,11,31,0,36,0
19-06 18:46:30,48.563,5.032,44.788,0.252,0,1618520,665660,173984,5460476,28455.270,23086.693,0,3184.510,0,117.758,7713,9698,2.320,1.420,0.770,3,0,0,0,0,11,28,0,38,0
19-06 18:46:31,62.989,27.245,9.998,0,0,1547224,736916,173992,5460508,4756.171,1619.718,0,203.964,0,20.996,5631,4472,2.320,1.420,0.770,6,0,524.908,0,0,11,28,0,35,0
19-06 18:46:32,78.593,20.459,0.250,0,0,1731980,552120,173992,5460548,10401.200,7650.701,0,171.657,0,10.978,5685,4608,2.700,1.510,0.810,6,0,321.357,0,0,11,30,0,35,0
19-06 18:46:33,77.500,20.500,2.250,0,0,1839604,444268,174000,5460756,31697.037,29221.034,0,704.001,0,49.000,7466,8306,2.700,1.510,0.810,5,0,312.000,0,0,11,33,0,35,0
19-06 18:46:34,73.671,23.555,2.255,0,0,1801336,482268,174024,5460992,37432.848,31721.598,0,489.135,0,46.107,7826,9507,2.700,1.510,0.810,6,0,426.991,0,0,11,28,0,36,0
19-06 18:46:35,79.950,19.987,0,0,0,1652012,631552,174024,5461024,6077.173,3541.770,0,199.874,0,13.991,5577,3963,2.700,1.510,0.810,4,0,269.830,0,0,11,29,0,36,0
19-06 18:46:36,80.536,11.005,8.254,0,0,1774612,508840,174024,5461120,29177.981,26692.875,0,0,0,0,6807,7313,2.700,1.510,0.810,3,0,0,0,0,11,33,0,36,0
19-06 18:46:37,70.974,14.745,12.995,0,0,1644708,638516,174024,5461344,37880.014,31129.506,0,23.991,0,2.999,8263,13732,2.720,1.540,0.820,4,0,281.896,0,0,11,28,0,41,0
19-06 18:46:38,16.156,29.330,53.191,0,0,1507156,776048,174024,5461364,4855.828,1515.209,0,572.677,0,6.960,6144,4802,2.720,1.540,0.820,2,0,577.649,0,0,11,28,0,41,0
19-06 18:46:39,53.849,36.235,10.065,0,0,1519040,764128,174024,5461400,5374.859,1630.575,0,36.235,0,9.059,5821,4926,2.720,1.540,0.820,4,0,743.824,0,0,11,28,0,41,0
19-06 18:46:40,71.573,10.474,17.207,0,0,1667408,615728,174028,5461428,19841.803,17247.236,0,490.783,0,32.918,5561,4660,2.720,1.540,0.820,1,0,0,0,0,11,31,1,41,0
19-06 18:46:41,64.867,13.524,21.038,0.250,0,1519512,763400,174036,5461640,24119.482,18900.073,0,677.221,0,69.125,7304,10024,2.720,1.540,0.820,5,0,164.296,0,0,11,28,0,45,0
19-06 18:46:42,79.345,14.721,5.240,0,0,1641148,641736,174040,5461660,10249.938,7319.673,0,347.320,0,15.969,5031,2858,2.820,1.580,0.830,3,0,103.797,0,0,11,30,0,45,0
19-06 18:46:43,64.326,8.260,26.281,0,0,1675416,607252,174052,5461860,33002.022,28404.586,0,180.213,0,8.009,8472,11516,2.820,1.580,0.830,4,0,0,0,0,11,32,0,45,0
19-06 18:46:44,52.225,5.247,40.481,0.250,0,1675896,606500,174064,5462076,36911.393,31457.995,0,319.847,0,32.984,11364,17082,2.820,1.580,0.830,4,0,2.999,0,0,11,30,0,45,0
19-06 18:46:45,74.786,15.507,9.004,0.250,0.250,1500744,781596,174068,5462124,16130.713,12156.813,0,424.203,0,36.017,6956,8121,2.820,1.580,0.830,4,0,120.057,0,0,11,28,0,45,0
19-06 18:46:46,74.937,10.741,14.238,0,0,1627592,654728,174068,5462144,16541.161,13008.116,0,175.853,0,6.994,4974,3444,2.820,1.580,0.830,4,0,0,0,0,11,31,0,45,0
19-06 18:46:47,56.521,7.753,34.763,0,0,1645736,636336,174068,5462384,42303.350,36950.408,0,480.174,0,44.016,11139,16698,2.920,1.620,0.850,2,0,0,0,0,11,32,0,45,0
19-06 18:46:48,61.896,11.231,25.208,0,0,1599880,681960,174072,5462616,36667.522,31024.983,0,175.705,0,8.985,10692,15534,2.920,1.620,0.850,4,0,147.752,0,0,11,28,0,48,1
19-06 18:46:49,79.591,16.269,4.255,0,0,1584820,696992,174076,5462636,7981.115,4041.616,0,700.800,0,10.011,4833,2339,2.920,1.620,0.850,4,0,118.135,0,0,11,29,0,49,0
19-06 18:46:50,65.626,9.017,24.046,0,0,1661664,619932,174092,5462832,33008.278,28478.594,0,240.461,0,21.040,7530,9628,2.920,1.620,0.850,3,0,1.002,0,0,11,34,0,49,0
19-06 18:46:51,69.540,11.757,17.760,0,0,1551352,730144,174100,5462920,30067.347,24689.245,0,328.189,0,35.020,9023,13969,2.920,1.620,0.850,5,0,99.057,0,0,11,32,0,51,0
19-06 18:46:52,81.500,12.750,5.250,0,0,1636536,644820,174100,5463060,9238.011,6209.008,0,132.000,0,11.000,4742,2649,3,1.660,0.870,4,0,30.000,0,0,11,34,0,48,0
19-06 18:46:53,64.355,10.726,24.195,0,0,1643524,637780,174108,5463100,24996.604,20886.876,0,391.118,0,39.910,6504,7397,3,1.660,0.870,4,0,59.865,0,0,11,34,0,50,0
19-06 18:46:54,71.748,11.500,15.999,0,0,1679928,601172,174112,5463296,27799.047,23396.198,0,151.995,0,8.000,7343,10600,3,1.660,0.870,4,0,61.998,0,0,11,34,0,51,0
19-06 18:46:55,67.288,14.258,18.260,0,0,1702556,578468,174112,5463368,25664.573,21409.156,0,3910.220,0,175.099,6261,8256,3,1.660,0.870,4,0,141.080,0,0,11,34,0,52,0
19-06 18:46:56,75.191,12.990,10.991,0,0,1605044,675944,174112,5463404,17972.937,13713.270,0,123.903,0,7.994,5984,5926,3,1.660,0.870,4,0,85.933,0,0,11,34,0,53,0
19-06 18:46:57,76.188,11.278,12.781,0,0,1610308,670512,174112,5463572,18580.745,14924.744,0,120.296,0,8.020,5702,5261,3.080,1.700,0.890,4,0,34.084,0,0,11,33,0,55,0
19-06 18:46:58,68.444,10.991,19.984,0.250,0,1670584,610188,174116,5463612,23984.348,19783.789,0,291.761,0,29.975,6576,7139,3.080,1.700,0.890,5,0,33.972,0,0,11,34,0,56,0
19-06 18:46:59,63.251,15.500,20.750,0,0,1504804,775900,174136,5463656,17259.356,13168.272,0,472.010,0,47.001,6262,6604,3.080,1.700,0.890,3,0,198.004,0,0,11,32,0,58,1
19-06 18:47:00,59.291,12.008,28.019,0,0,1565312,715380,174136,5463668,9986.922,6319.380,0,168.117,0,11.008,4132,2532,3.080,1.700,0.890,3,0,60.042,0,0,11,33,0,52,0
19-06 18:47:01,48.688,10.237,40.448,0.250,0,1595776,684688,174164,5463864,22994.681,18067.963,0,2185.214,0,152.805,5993,7504,3.080,1.700,0.890,5,0,95.878,0,0,11,34,0,53,0
19-06 18:47:02,57.074,12.016,29.789,0,0,1565504,714780,174164,5464040,15987.704,11776.250,0,0,0,0,5223,5579,3.160,1.740,0.900,3,0,86.112,0,0,11,32,0,55,0
19-06 18:47:03,56.462,7.711,34.574,0,0,1628104,652128,174164,5464092,17211.247,12817.648,0,159.188,0,6.964,4374,3550,3.160,1.740,0.900,3,0,0,0,0,11,34,0,55,0
19-06 18:47:04,45.048,8.509,45.549,0,0,1599468,680560,174168,5464288,24771.491,20286.695,0,172.184,0,14.015,7471,9373,3.160,1.740,0.900,2,0,87.093,0,0,11,33,0,56,0
19-06 18:47:05,38.438,15.974,44.179,0.499,0,1510072,769948,174172,5464292,8170.831,3541.293,0,199.678,0,21.965,5102,17899,3.160,1.740,0.900,4,0,170.725,0,0,11,32,0,58,0
19-06 18:47:06,36.051,6.259,57.330,0,0,1588140,691868,174172,5464300,13726.239,9393.166,0,116.163,0,6.008,3002,2266,3.160,1.740,0.900,2,0,0,0,0,11,34,0,58,0
19-06 18:47:07,37.151,8.033,53.468,0,0,1476984,802816,174176,5464496,16640.696,11359.210,0,437.781,0,31.127,5215,6639,2.980,1.720,0.900,2,0,43.176,0,0,11,32,0,60,0
19-06 18:47:08,37.721,10.671,50.874,0,0,1529720,750068,174180,5464504,7612.769,3559.706,0,146.915,0,11.912,3470,2188,2.980,1.720,0.900,1,0,94.303,0,0,11,33,0,58,0
19-06 18:47:09,35.489,5.537,58.142,0.503,0,1500456,779308,174184,5464524,18203.784,12757.046,0,201.358,0,20.136,4209,4051,2.980,1.720,0.900,2,0,24.163,0,0,11,33,0,59,0
19-06 18:47:10,37.166,9.479,52.133,0,0,1502944,776776,174200,5464552,10479.391,5517.569,0,203.541,0,19.955,3984,3719,2.980,1.720,0.900,2,0,40.908,0,0,11,32,0,60,0
19-06 18:47:11,36.335,5.262,57.885,0.251,0,1539844,739860,174200,5464568,14084.854,11724.348,0,116.271,0,8.019,3532,3094,2.980,1.720,0.900,2,0,0,0,0,11,34,0,60,0
19-06 18:47:12,36.519,7.504,54.779,0,0.250,1508056,771592,174212,5464612,17846.316,13604.102,0,240.125,0,23.012,6084,7094,2.910,1.730,0.910,2,0,43.022,0,0,11,32,0,61,0
19-06 18:47:13,40.632,6.730,50.852,0,0,1498012,781612,174228,5464620,6057.382,3575.600,0,2791.880,0,141.588,3011,1714,2.910,1.730,0.910,1,0,6.980,0,0,11,33,0,61,0
19-06 18:47:14,34.480,4.747,59.965,0,0,1510168,769304,174228,5464772,20217.126,15832.701,0,139.918,0,9.994,4239,4710,2.910,1.730,0.910,4,0,0.999,0,0,11,34,0,61,0
19-06 18:47:15,30.005,14.002,54.008,0.250,0,1411060,868300,174248,5464856,11166.729,7566.171,0,360.056,0,35.005,6178,6791,2.910,1.730,0.910,2,0,282.044,0,0,11,32,0,63,0
19-06 18:47:16,22.256,4.001,74.269,0.250,0,1414512,864844,174252,5464856,5361.385,1821.471,0,192.050,0,8.002,1754,1177,2.910,1.730,0.910,0,0,0,0,0,11,33,0,56,0
19-06 18:47:17,14.995,1.749,80.972,0,0,1414116,865220,174252,5464876,13349.335,9415.710,0,111.961,0,8.997,2924,3465,2.670,1.700,0.910,1,0,0,0,0,11,33,0,56,0
19-06 18:47:18,16.010,12.508,70.546,0,0,1354980,924336,174256,5464892,6201.047,2428.585,0,436.285,0,63.041,4545,3963,2.670,1.700,0.910,1,0,284.185,0,0,11,32,0,57,0
19-06 18:47:19,22.507,3.251,73.773,0,0,1412632,866692,174256,5464892,5087.620,1566.499,0,164.052,0,8.003,1705,1145,2.670,1.700,0.910,1,0,0,0,0,11,32,1,57,0
19-06 18:47:20,16.245,2.499,79.725,0.250,0,1410432,868848,174272,5464920,15933.982,12154.172,0,1487.532,0,38.988,3596,4549,2.670,1.700,0.910,2,0,0,0,0,11,32,0,56,1
19-06 18:47:21,20.247,5.749,72.991,0,0,1424224,855056,174272,5464920,4754.405,1631.796,0,3.999,0,1.000,2205,1476,2.670,1.700,0.910,2,0,45.994,0,0,11,32,0,57,0
19-06 18:47:22,19.499,2.500,77.245,0,0,1452688,826572,174276,5464932,8664.472,5625.657,0,147.991,0,11.999,2027,1832,2.540,1.690,0.910,1,0,0,0,0,11,33,0,57,0
19-06 18:47:23,20.749,2.000,75.996,0,0.250,1444832,834264,174280,5465092,14007.185,10197.407,0,551.968,0,41.998,4901,6425,2.540,1.690,0.910,1,0,0,0,0,11,32,0,57,0
19-06 18:47:24,10.267,22.788,65.860,0,0,1423812,855124,174288,5465240,4733.890,1368.280,0,16.027,0,4.007,6003,4731,2.540,1.690,0.910,2,0,536.895,0,0,11,32,0,52,0
19-06 18:47:25,39.819,10.518,48.334,0,0,1475904,802904,174336,5465316,5048.808,1622.831,0,272.475,0,15.026,3715,2489,2.540,1.690,0.910,3,0,91.159,0,0,11,32,0,54,0
19-06 18:47:26,39.401,7.980,47.132,4.987,0,1549492,724744,174772,5468928,5223.900,1615.948,0,11598.913,0,1115.203,6927,10458,2.540,1.690,0.910,2,0,58.852,0,0,11,36,0,54,0
19-06 18:47:27,36.088,8.521,40.850,12.029,0,1555840,712648,175940,5473320,4751.601,1623.965,0,49131.954,0,4165.169,16335,30993,2.580,1.710,0.920,1,2,94.230,0,0,11,36,0,54,0
19-06 18:47:28,40.247,6.999,45.246,5.500,0,1515308,752796,176168,5473452,4485.638,1565.874,0,26117.894,0,2157.826,9964,17424,2.580,1.710,0.920,2,0,24.998,0,0,11,32,0,49,0
19-06 18:47:29,44.884,5.735,48.375,0.249,0,1452764,815320,176168,5473472,4931.293,1508.114,0,686.232,0,34.910,3000,1681,2.580,1.710,0.920,2,0,0.997,0,0,11,34,0,49,0
19-06 18:47:30,37.965,9.121,41.416,9.861,0,1525600,741596,176528,5473984,4029.232,1064.995,0,25717.666,0,3090.459,17660,31117,2.580,1.710,0.920,3,1,2.958,0,0,11,34,0,49,0
19-06 18:47:31,29.150,7.858,61.342,0.253,0,1423620,843528,176548,5473996,4871.867,1587.793,0,3212.086,0,160.199,3248,2543,2.580,1.710,0.920,1,0,100.378,0,0,11,32,0,49,0
19-06 18:47:32,21.999,4.750,72.997,0.250,0,1476016,791120,176556,5473996,4231.841,1511.943,0,727.973,0,37.999,1797,1528,2.610,1.730,0.930,2,0,2.000,0,0,11,32,0,49,0
19-06 18:47:33,21.747,4.249,71.490,0.750,0,1513528,753588,176576,5473996,4545.335,1565.771,0,6735.014,0,361.947,2409,2796,2.610,1.730,0.930,2,0,0,0,0,11,32,0,47,0
19-06 18:47:34,21.984,3.997,73.448,0,0,1440152,826940,176576,5474020,4468.837,1510.931,0,99.929,0,1.999,1764,1212,2.610,1.730,0.930,2,0,1.999,0,0,11,32,0,47,0
19-06 18:47:35,21.191,4.238,73.296,0,0,1495988,771104,176576,5474020,4772.694,1561.646,0,3.989,0,0.997,1732,1086,2.610,1.730,0.930,1,0,1.994,0,0,11,32,0,47,0
19-06 18:47:36,22.824,3.511,73.237,0,0,1486532,780512,176576,5474064,4924.954,1516.914,0,0,0,0,1737,1113,2.610,1.730,0.930,1,0,1.003,0,0,11,32,0,47,0
19-06 18:47:37,21.504,4.501,73.263,0,0,1530984,736056,176576,5474064,4586.832,1566.284,0,0,0,0,1837,1287,2.480,1.720,0.930,1,0,2.000,0,0,11,32,0,45,0
19-06 18:47:38,23.246,2.999,73.487,0,0,1495816,771136,176580,5474140,4831.168,1511.740,0,0,0,0,1743,1104,2.480,1.720,0.930,1,0,1.000,0,0,11,32,0,45,0
19-06 18:47:39,21.505,4.001,73.518,0.250,0,1522256,744688,176580,5474144,4607.152,1566.392,0,176.044,0,2.001,1785,1219,2.480,1.720,0.930,2,0,2.001,0,0,11,32,0,45,0
19-06 18:47:40,22.702,3.243,72.597,0,0,1556500,710428,176584,5474152,4881.727,1508.825,0,558.824,0,42.910,1971,1641,2.480,1.720,0.930,1,0,0,0,0,11,32,0,45,0
19-06 18:47:41,23.241,2.749,73.473,0,0,1510632,756204,176584,5474240,4815.203,1619.396,0,271.899,0,53.980,1743,1191,2.480,1.720,0.930,1,0,1.000,0,0,11,32,0,40,0
19-06 18:47:42,21.555,4.511,73.436,0,0,1485652,781160,176584,5474264,4631.742,1624.117,0,0,0,0,1779,1272,2.360,1.710,0.930,1,0,1.003,0,0,11,32,0,40,0
19-06 18:47:43,21.977,3.496,73.423,0,0,1500152,766660,176584,5474264,4375.384,1660.249,0,0,0,0,1748,1107,2.360,1.710,0.930,3,0,1.998,0,0,11,32,0,40,0
19-06 18:47:44,23.525,3.003,73.079,0,0,1442476,824312,176584,5474288,4370.704,1567.687,0,0,0,0,1813,1248,2.360,1.710,0.930,3,0,2.002,0,0,11,32,0,40,0
19-06 18:47:45,23.227,2.248,73.429,0,0,1485876,780856,176592,5474304,4255.871,1618.430,0,0,0,0,1705,1075,2.360,1.710,0.930,1,0,0,0,0,11,32,0,37,0
19-06 18:47:46,21.773,4.755,73.328,0,0,1508108,758592,176592,5474328,4914.235,1513.612,0,148.158,0,2.002,1782,1266,2.360,1.710,0.930,3,0,1.001,0,0,11,32,0,37,0
19-06 18:47:47,22.229,3.497,73.430,0,0,1531140,735556,176592,5474328,4601.601,1564.504,0,139.866,0,30.970,1689,1085,2.250,1.700,0.930,2,0,1.998,0,0,11,32,0,37,0
19-06 18:47:48,11.536,17.554,69.213,0,0,1477800,788732,176600,5474476,4967.309,1516.674,0,264.816,0,3.009,4614,3195,2.250,1.700,0.930,1,0,263.813,0,0,11,32,0,37,0
19-06 18:47:49,8.235,22.460,68.127,0,0,1475104,791368,176600,5474496,5855.469,1605.113,0,878.420,0,12.977,5464,3824,2.250,1.700,0.930,1,0,356.359,0,0,11,32,0,33,0
19-06 18:47:50,8.260,21.026,68.835,0.501,0,1461124,805168,176608,5474664,5198.390,1513.861,0,989.216,0,45.055,5224,3868,2.250,1.700,0.930,1,0,269.331,0,0,11,32,0,33,0
19-06 18:47:51,7.496,21.238,69.210,0,0,1444028,822240,176608,5474688,4620.357,1565.105,0,87.950,0,0.999,5273,3595,2.250,1.700,0.930,1,0,310.822,0,0,11,32,0,33,0
19-06 18:47:52,11.987,15.483,70.674,0,0,1433488,832760,176608,5474700,4527.151,1510.382,0,0,0,0,3762,2649,2.070,1.670,0.930,1,0,174.813,0,0,11,32,0,33,0
19-06 18:47:53,22.500,3.750,73.750,0,0,1469824,796436,176608,5474684,3967.981,1187.994,0,459.998,0,87.000,1757,1309,2.070,1.670,0.930,1,0,2.000,0,0,11,32,0,30,0
19-06 18:47:54,22.510,3.251,73.033,0,0,1453192,813052,176608,5474700,4325.927,1404.626,0,1908.850,0,210.094,1930,1167,2.070,1.670,0.930,1,0,2.001,0,0,11,32,0,30,0
19-06 18:47:55,21.989,3.498,73.963,0,0,1509396,756868,176608,5474680,4205.874,1187.400,0,0,0,0,1727,1169,2.070,1.670,0.930,1,0,0.999,0,0,11,32,0,30,0
19-06 18:47:56,22.502,3.500,73.506,0,0,1486824,779420,176608,5474700,4641.361,1404.109,0,128.010,0,4.000,1712,1094,2.070,1.670,0.930,1,0,2.000,0,0,11,32,0,30,0
19-06 18:47:57,22.500,3.750,73.501,0,0,1498972,767284,176608,5474688,4846.036,1566.012,0,0,0,0,1794,1271,1.990,1.660,0.930,2,0,0,0,0,11,32,0,24,0
19-06 18:47:58,22.748,3.000,73.245,0,0,1540048,726208,176608,5474688,5109.633,1619.884,0,11.999,0,1.000,1746,1048,1.990,1.660,0.930,1,0,2.000,0,0,11,32,0,24,0
19-06 18:47:59,21.001,5.000,73.253,0,0,1499740,766528,176608,5474676,5520.196,1620.058,0,2072.074,0,11.000,1862,1209,1.990,1.660,0.930,1,0,3.000,0,0,11,32,0,24,0
19-06 18:48:00,21.752,4.000,73.007,0.250,0,1542828,723436,176616,5474684,4980.463,1620.151,0,508.047,0,35.003,1930,1588,1.990,1.660,0.930,1,0,0,0,0,11,32,0,24,0
19-06 18:48:01,23.265,2.752,73.547,0,0,1509788,756448,176616,5474712,4912.128,1512.963,0,24.015,0,1.001,1700,1086,1.990,1.660,0.930,1,0,1.001,0,0,11,32,0,18,0
19-06 18:48:02,21.458,3.743,73.857,0,0,1547340,718908,176616,5474700,4551.186,1616.869,0,0,0,0,1665,1171,1.910,1.650,0.930,2,0,2.994,0,0,11,32,0,18,0
19-06 18:48:03,23.814,2.507,73.447,0,0,1515704,750532,176616,5474712,5358.360,1718.606,0,160.430,0,33.089,1773,1092,1.910,1.650,0.930,2,0,1.003,0,0,11,32,0,18,0
19-06 18:48:04,21.715,4.243,73.383,0,0,1504476,761788,176616,5474684,5317.489,1563.497,0,0,0,0,1840,1286,1.910,1.650,0.930,1,0,0.998,0,0,11,32,0,18,0
19-06 18:48:05,27.742,5.998,64.732,0,0,1529036,737228,176616,5474684,4510.777,971.737,0,3.999,0,1.000,3347,12774,1.910,1.650,0.930,1,0,37.990,0,0,11,32,0,13,0
19-06 18:48:06,22.513,4.002,73.544,0,0,1510640,755680,176616,5474624,5766.423,1566.930,0,72.043,0,3.002,1832,1211,1.910,1.650,0.930,2,0,1.001,0,0,11,32,0,13,0
19-06 18:48:07,21.718,3.994,73.393,0,0,1569488,696832,176616,5474624,4824.940,1509.791,0,0,0,0,1777,1127,1.830,1.630,0.930,2,0,1.997,0,0,11,32,0,13,0
19-06 18:48:08,22.785,3.505,72.862,0,0,1466796,799436,176616,5474712,6285.675,1297.998,0,216.333,0,29.045,1802,1069,1.830,1.630,0.930,1,0,1.002,0,0,11,32,0,13,0
19-06 18:48:09,21.470,3.994,73.397,0,0,1494268,771964,176616,5474712,5630.125,916.718,0,103.855,0,2.996,1801,1313,1.830,1.630,0.930,1,0,0.999,0,0,11,32,0,10,0
19-06 18:48:10,22.272,3.754,72.822,0.500,0,1543376,722860,176624,5474700,5389.330,864.855,0,572.566,0,37.037,2055,1776,1.830,1.630,0.930,1,0,0,0,0,11,32,0,10,0
19-06 18:48:11,21.998,4.250,73.742,0,0,1557664,708572,176624,5474700,4756.500,1619.830,0,23.997,0,2.000,1785,1142,1.830,1.630,0.930,2,0,2.000,0,0,11,32,0,10,0
19-06 18:48:12,21.264,4.253,73.549,0,0,1547044,719196,176624,5474696,3336.234,594.398,0,0,0,0,1798,1299,1.770,1.620,0.930,2,0,1.001,0,0,11,32,0,10,0
19-06 18:48:13,21.974,3.746,73.413,0,0,1525268,740960,176624,5474708,4199.030,1402.340,0,23.972,0,0.999,1715,1209,1.770,1.620,0.930,1,0,0.999,0,0,11,32,0,7,0
19-06 18:48:14,22.775,3.504,73.330,0,0,1555720,710508,176624,5474708,4522.929,1459.591,0,124.135,0,28.031,1764,1197,1.770,1.620,0.930,1,0,3.003,0,0,11,32,0,7,0
19-06 18:48:15,15.499,12.999,70.245,0,0,1503980,762200,176624,5474756,3319.766,539.962,0,119.992,0,6.000,3459,2320,1.770,1.620,0.930,3,0,161.989,0,0,11,32,0,7,0
19-06 18:48:16,8.755,20.763,68.292,0,0,1486376,779784,176624,5474776,4819.947,1620.991,0,232.142,0,8.005,5072,3462,1.770,1.620,0.930,1,0,298.182,0,0,11,32,0,7,0
19-06 18:48:17,22.231,3.997,73.688,0,0,1480808,785340,176624,5474788,4975.847,1618.649,0,7.993,0,1.998,1799,1361,1.710,1.610,0.930,1,0,0,0,0,11,32,0,7,0
19-06 18:48:18,22.254,3.001,73.514,0,0,1465396,800472,176624,5475036,4666.897,1566.301,0,0,0,0,1835,1146,1.710,1.610,0.930,1,0,9.002,0,0,11,32,0,5,0
19-06 18:48:19,22.748,3.750,73.243,0,0.250,1515496,750392,176628,5475032,5339.516,1619.853,0,147.987,0,3.000,1900,1344,1.710,1.610,0.930,1,0,1.000,0,0,11,32,0,5,0
19-06 18:48:20,20.299,9.272,68.917,0.251,0,1490124,775604,176636,5475164,4931.924,1623.926,40.097,926.239,2.005,101.245,3426,2846,1.710,1.610,0.930,1,0,183.444,0,0,11,32,0,5,0
19-06 18:48:21,7.505,22.016,69.299,0,0,1468308,797388,176636,5475192,4732.380,1513.081,0,208.149,0,8.006,5839,4274,1.710,1.610,0.930,2,0,402.287,0,0,11,32,0,5,0
19-06 18:48:22,8.748,21.994,67.982,0,0,1455696,809976,176636,5475216,4844.750,1565.596,0,203.947,0,2.999,5955,4417,1.570,1.590,0.920,1,0,428.889,0,0,11,32,0,3,0
19-06 18:48:23,7.499,22.496,67.987,0,0,1436820,828828,176636,5475240,4443.143,1403.729,0,7.998,0,2.000,5278,3594,1.570,1.590,0.920,1,0,317.939,0,0,11,32,0,3,0
19-06 18:48:24,7.992,22.478,67.434,0,0,1418256,847372,176636,5475256,4263.844,1186.843,0,615.400,0,6.993,5191,3484,1.570,1.590,0.920,1,0,300.707,0,0,11,32,0,3,0
19-06 18:48:25,7.255,23.515,67.293,0,0,1413824,851792,176636,5475268,4414.788,1512.956,0,1108.700,0,41.026,5391,3683,1.570,1.590,0.920,1,0,339.214,0,0,11,32,0,3,0
19-06 18:48:26,7.985,22.208,67.871,0,0,1406788,858808,176636,5475288,5213.110,1563.035,0,702.667,0,7.985,5304,3560,1.570,1.590,0.920,1,0,334.366,0,0,11,32,0,1,0
19-06 18:48:27,8.744,21.236,68.454,0,0,1392660,872924,176636,5475300,4602.911,1564.950,0,703.528,0,7.995,5129,3423,1.520,1.580,0.920,1,0,307.793,0,0,11,32,0,1,0
19-06 18:48:28,7.008,21.525,69.581,0,0,1398184,867380,176636,5475320,4777.582,1513.769,0,112.131,0,4.005,4984,3390,1.520,1.580,0.920,1,0,276.323,0,0,11,32,0,1,0
19-06 18:48:29,7.480,20.944,69.315,0,0,1382400,883140,176636,5475344,5072.430,1561.822,0,143.616,0,5.984,5202,3591,1.520,1.580,0.920,1,0,301.194,0,0,11,32,0,1,0
19-06 18:48:30,7.774,21.818,68.715,0,0.251,1367960,897560,176636,5475368,4660.606,1029.226,0,557.748,0,48.151,5225,3615,1.520,1.580,0.920,2,0,308.968,0,0,11,32,0,1,0
19-06 18:48:31,7.760,22.781,67.090,0,0,1372324,893180,176636,5475384,5290.108,1568.107,0,304.409,0,67.090,5317,3594,1.520,1.580,0.920,1,0,335.451,0,0,11,32,0,1,0
19-06 18:48:32,7.483,21.950,68.843,0,0,1372468,893016,176636,5475404,4834.983,1562.440,0,23.945,0,5.986,5114,3383,1.560,1.580,0.930,1,0,292.334,0,0,11,32,0,1,0
19-06 18:48:33,15.789,24.812,57.393,0,0,1340112,925304,176656,5475448,4497.224,1569.918,0,437.091,0,20.050,6198,5163,1.560,1.580,0.930,2,0,493.231,0,0,11,32,0,3,0
19-06 18:48:34,51.843,23.678,23.927,0.249,0,1500528,764752,176688,5475548,4964.923,1615.096,0,805.554,0,49.849,5489,4613,1.560,1.580,0.930,3,0,446.644,0,0,11,32,0,7,0
19-06 18:48:35,58.380,13.029,23.051,4.510,0,1627852,632224,177016,5480104,4856.826,1569.498,372.831,10547.510,3.007,930.073,6819,9342,1.560,1.580,0.930,2,1,43.096,0,0,11,34,0,7,0
19-06 18:48:36,46.297,13.514,28.779,10.761,0,1595880,652172,177928,5490116,5062.186,1621.661,0,73194.983,0,5161.287,19206,38401,1.560,1.580,0.930,5,1,166.170,0,0,11,36,0,8,0
19-06 18:48:37,39.725,10.743,31.480,15.490,0,1646036,590208,178520,5500880,7089.452,3968.454,0,96090.359,0,7098.446,22135,45816,1.760,1.620,0.950,3,1,74.952,0,0,11,37,0,8,0
19-06 18:48:38,43.274,12.507,33.769,9.255,0,1627160,600240,178900,5509092,11929.649,8617.803,0,64587.999,0,4791.671,18745,36006,1.760,1.620,0.950,4,0,133.074,0,0,11,34,0,9,0
19-06 18:48:39,41.246,23.748,23.998,9.249,0,1638984,580244,179428,5516820,4471.593,1511.863,295.973,57134.806,4.000,4197.618,18875,35088,1.760,1.620,0.950,3,0,359.967,0,0,11,34,0,9,0
19-06 18:48:40,37.240,18.995,30.991,10.497,0,1665636,546980,179788,5522328,8788.543,6110.292,1599.553,63331.298,26.992,4455.755,18718,35466,1.760,1.620,0.950,2,0,223.937,0,0,11,35,0,9,0
19-06 18:48:41,29.505,8.501,48.258,10.752,0,1660784,548532,179948,5525372,14655.538,11150.931,0,47076.152,0,4157.720,18275,34309,1.760,1.620,0.950,0,1,60.010,0,0,11,35,0,9,0
19-06 18:48:42,32.378,9.464,43.586,11.706,0,1578884,630604,180132,5524976,10021.268,6348.098,0,58256.655,0,4646.505,18283,36335,1.940,1.660,0.960,3,1,53.797,0,0,11,34,0,9,0
19-06 18:48:43,37.400,8.032,40.663,10.793,0,1631516,575488,180424,5527128,4191.757,1762.044,0,46634.427,0,4098.384,15572,29603,1.940,1.660,0.960,0,1,45.181,0,0,11,35,0,9,0
19-06 18:48:44,31.920,7.232,47.631,10.225,0,1624176,582304,180588,5527468,15240.015,11649.963,0,49668.204,0,3998.035,17702,32725,1.940,1.660,0.960,2,0,27.930,0,0,11,35,0,9,0
19-06 18:48:45,38.827,6.222,43.058,9.209,0,1616068,588068,180688,5529656,14046.251,10380.627,0,43637.060,0,3728.344,16879,32247,1.940,1.660,0.960,1,1,44.800,0,0,11,34,0,10,0
19-06 18:48:46,32.979,13.091,40.532,11.832,0,1577596,622964,180732,5533088,5199.162,1576.968,0,51550.552,0,4332.131,15912,32003,1.940,1.660,0.960,1,1,131.918,0,0,11,36,0,10,0
19-06 18:48:47,29.459,7.739,45.436,13.231,0,1603372,594104,180868,5535924,9855.138,6534.809,0,61677.249,0,4876.142,16759,34971,2.100,1.700,0.980,2,0,59.916,0,0,11,37,0,10,0
19-06 18:48:48,30.735,8.246,45.728,12.494,0,1596144,596836,180988,5540140,16573.060,12612.958,0,55085.610,0,4456.865,20176,38554,2.100,1.700,0.980,1,1,98.953,0,0,11,37,0,10,0
19-06 18:48:49,33.812,9.016,42.327,13.024,0,1520756,670052,181040,5542200,9162.685,4546.279,0,48412.159,0,3984.255,16661,32123,2.100,1.700,0.980,6,1,75.137,0,0,11,36,0,10,0
19-06 18:48:50,30.003,9.501,44.754,13.751,0,1556900,639460,181064,5536660,10637.962,6544.592,0,55268.995,0,4388.397,17053,33559,2.100,1.700,0.980,2,1,12.001,0,0,11,37,0,10,0
19-06 18:48:51,30.721,6.744,48.703,11.239,0,1554800,639236,181128,5538916,14132.437,10065.340,0,41344.322,0,3608.537,16451,30844,2.100,1.700,0.980,1,0,35.965,0,0,11,37,0,10,0
19-06 18:48:52,33.431,12.724,51.893,0.499,0,1412276,781688,181132,5538984,11512.265,8121.256,0,5273.128,0,271.440,6662,7366,2.090,1.710,0.980,1,0,266.451,0,0,11,32,0,12,0
19-06 18:48:53,21.749,3.500,73.745,0,0,1453688,740272,181132,5538988,4619.718,1619.901,0,567.965,0,29.998,1830,1325,2.090,1.710,0.980,1,0,0,0,0,11,32,0,12,0
19-06 18:48:54,17.501,3.250,77.006,0.750,0,1457300,736332,181132,5539316,14050.013,10476.756,0,5620.405,0,328.024,3823,4857,2.090,1.710,0.980,1,0,1.000,0,0,11,32,0,13,0
19-06 18:48:55,21.478,4.995,73.176,0,0,1436304,757328,181132,5539316,5274.696,1618.373,0,3.996,0,0.999,2071,1360,2.090,1.710,0.980,1,0,33.966,0,0,11,32,0,13,0
19-06 18:48:56,16.512,3.002,80.057,0,0,1448664,744964,181132,5539320,10007.162,6772.847,0,0,0,0,1871,1537,2.090,1.710,0.980,0,0,0,0,0,11,33,0,13,0
19-06 18:48:57,19.757,5.252,73.777,0.250,0,1466228,727384,181132,5539336,5988.215,1940.718,0,140.052,0,12.004,2881,2628,2.010,1.700,0.980,2,0,60.022,0,0,11,32,0,14,0
19-06 18:48:58,18.747,2.750,77.488,0,0,1495696,697828,181132,5539424,9956.497,6592.005,0,103.984,0,5.999,1969,1639,2.010,1.700,0.980,1,0,0,0,0,11,33,0,14,0
19-06 18:48:59,20.060,4.012,74.725,0,0,1474188,719312,181132,5539448,10497.637,6924.870,0,4.012,0,1.003,3791,4082,2.010,1.700,0.980,2,0,44.133,0,0,11,32,0,15,0
19-06 18:49:00,21.440,4.238,73.793,0,0,1489568,703804,181132,5539576,4459.510,1507.777,0,187.475,0,18.947,1824,1405,2.010,1.700,0.980,1,0,0,0,0,11,32,0,15,0
19-06 18:49:01,17.285,2.505,79.409,0,0,1492484,700872,181132,5539592,14520.120,11068.198,0,212.426,0,37.074,3093,3510,2.010,1.700,0.980,1,0,0,0,0,11,33,0,15,0
19-06 18:49:02,12.000,12.750,73.249,0,0,1453644,739684,181132,5539636,6566.909,2747.962,0,251.997,0,22.000,4166,3386,1.850,1.670,0.980,1,0,176.998,0,0,11,32,0,16,0
19-06 18:49:03,7.492,22.727,67.432,0,0,1445804,747400,181132,5539760,5236.706,1550.432,0,151.846,0,7.992,5546,3759,1.850,1.670,0.980,1,0,352.643,0,0,11,32,0,16,0
19-06 18:49:04,47.750,21.250,29.750,0.750,0,1494456,698532,181152,5539956,5237.988,1457.997,0,1167.997,0,82.000,5500,4098,1.850,1.670,0.980,3,0,268.999,0,0,11,32,0,22,0
19-06 18:49:05,63.234,13.497,22.744,0.250,0,1672104,519508,181208,5541600,5416.652,1457.637,0,863.785,0,60.985,4108,1952,1.850,1.670,0.980,4,0,15.996,0,0,11,32,0,22,0
19-06 18:49:06,68.723,9.996,20.242,0,0,1836512,350564,181360,5545216,5714.720,1619.354,0,9792.094,0,193.923,4948,9778,1.850,1.670,0.980,4,0,27.989,0,0,11,32,0,23,0
19-06 18:49:07,36.547,8.511,40.302,12.266,0,1832020,345300,181476,5554284,5859.567,1513.955,0,52924.348,0,3968.125,16667,30300,1.940,1.690,0.990,2,2,144.186,0,0,11,38,0,22,0
19-06 18:49:08,24.250,9.250,45.751,17.500,0,1830256,336732,181588,5564160,6226.078,1566.020,0,83297.047,0,6027.076,22465,44422,1.940,1.690,0.990,1,2,213.003,0,0,11,38,0,22,0
19-06 18:49:09,21.523,8.759,49.554,16.518,0,1828520,330712,181620,5571612,5285.727,1621.757,0,84819.904,0,6361.893,22660,44043,1.940,1.690,0.990,6,0,156.169,0,0,11,38,0,22,0
19-06 18:49:10,40.479,11.994,30.734,14.743,0,1736684,413992,181720,5579780,6238.827,1619.177,0,80019.305,0,5667.118,21208,41750,1.940,1.690,0.990,1,1,236.880,0,0,11,36,0,22,0
19-06 18:49:11,41.019,9.754,31.014,16.257,0,1774612,364852,181780,5590504,5119.348,1620.743,0,78540.020,0,5359.458,19753,38176,1.940,1.690,0.990,2,1,70.032,0,0,11,36,0,22,0
19-06 18:49:12,40.411,9.729,31.431,15.217,0,1819520,308908,181800,5601112,4320.517,1616.452,0,90908.468,0,6196.400,21763,42494,2.260,1.760,1.020,5,0,25.943,0,0,11,38,0,22,0
19-06 18:49:13,28.062,10.273,44.098,15.033,0,1756080,368988,181824,5604312,4329.590,1623.596,0,56501.146,0,4585.156,18204,35239,2.260,1.760,1.020,2,0,162.360,0,0,11,36,0,22,0
19-06 18:49:14,34.897,9.472,49.354,4.237,0,1473188,650920,181828,5605232,5025.137,1615.223,0,37947.764,0,2589.342,10203,17290,2.260,1.760,1.020,1,0,140.584,0,0,11,32,0,22,0
19-06 18:49:15,16.253,10.502,71.014,0.250,0,1515968,608128,181828,5605244,4706.949,1026.207,0,952.192,0,49.010,3336,2519,2.260,1.760,1.020,1,0,142.029,0,0,11,32,0,22,0
19-06 18:49:16,22.750,4.500,73.000,0,0,1558812,565284,181828,5605244,5128.967,971.994,0,723.995,0,46.000,1892,1433,2.260,1.760,1.020,1,0,1.000,0,0,11,32,0,22,0
19-06 18:49:17,23.227,3.247,71.428,1.249,0,1589592,534488,181832,5605252,4101.851,1024.963,0,5734.200,0,338.657,2607,2848,2.160,1.750,1.020,3,0,1.998,0,0,11,36,0,22,0
19-06 18:49:18,23.554,2.255,72.917,0,0,1502512,621568,181832,5605252,4829.068,1461.349,0,104.239,0,9.021,2138,1565,2.160,1.750,1.020,3,0,9.021,0,0,11,32,0,22,0
19-06 18:49:19,19.973,5.742,72.901,0.250,0,1493272,630800,181832,5605260,5079.105,1563.877,0,127.826,0,10.985,2052,1437,2.160,1.750,1.020,1,0,18.974,0,0,11,32,0,22,0
19-06 18:49:20,22.748,3.250,73.744,0,0,1530380,593692,181832,5605260,4239.674,1079.917,0,0,0,0,1709,1146,2.160,1.750,1.020,2,0,0,0,0,11,32,0,22,0
19-06 18:49:21,24.003,1.500,73.259,0,0,1545356,578704,181832,5605272,4475.540,1458.176,0,292.035,0,16.002,1948,1494,2.160,1.750,1.020,2,0,2.000,0,0,11,34,0,22,0
19-06 18:49:22,13.541,34.855,51.404,0,0,1458456,665560,181840,5605308,4860.586,1570.714,0,730.191,0,49.147,6963,6225,1.990,1.720,1.010,3,0,812.438,0,0,11,32,0,22,0
19-06 18:49:23,9.991,27.726,59.699,0,0,1449612,674360,181840,5605352,4108.462,1510.699,0,655.436,0,99.914,6483,5020,1.990,1.720,1.010,1,0,643.446,0,0,11,32,0,22,0
19-06 18:49:24,8.248,21.996,67.738,0,0.250,1447728,676180,181840,5605416,4859.105,1619.702,0,19.996,0,4.999,5272,3559,1.990,1.720,1.010,1,0,346.936,0,0,11,32,0,22,0
19-06 18:49:25,8.731,18.710,70.598,0,0,1424356,699524,181840,5605440,4412.505,1239.333,0,11.974,0,2.994,5114,3454,1.990,1.720,1.010,1,0,281.395,0,0,11,32,0,22,0
19-06 18:49:26,8.268,22.799,67.395,0,0,1411192,712652,181840,5605464,4502.673,1298.790,0,220.474,0,11.024,5343,3721,1.990,1.720,1.010,3,0,307.661,0,0,11,32,0,22,0
19-06 18:49:27,17.466,16.218,64.124,0,0,1398348,725464,181840,5605480,4670.839,1616.829,0,11.977,0,2.994,6331,7624,1.910,1.710,1.010,1,0,215.577,0,0,11,32,0,22,0
19-06 18:49:28,43.254,14.751,42.004,0,0,1516092,607584,181844,5606048,4560.448,1620.159,0,176.017,0,2.000,4263,2678,1.910,1.710,1.010,2,0,131.013,0,0,11,33,0,22,0
19-06 18:49:29,49.374,5.263,44.863,0,0,1611248,512388,181844,5606088,4872.234,1624.078,0,4.010,0,1.003,3376,2192,1.910,1.710,1.010,3,0,13.033,0,0,11,45,0,22,0
19-06 18:49:30,46.460,5.245,47.209,0.500,0,1670560,450676,181912,5608068,4661.944,1564.639,0,2014.248,0,184.839,3902,3871,1.910,1.710,1.010,5,0,5.995,0,0,11,49,0,22,0
19-06 18:49:31,12.474,19.459,65.613,0.249,0.249,1681764,437340,181916,5610152,4659.270,1508.849,0,1141.616,0,18.960,5814,7292,1.910,1.710,1.010,1,0,241.496,0,0,11,48,0,22,0
19-06 18:49:32,17.254,17.004,63.765,0.250,0,1677432,441572,181916,5610512,4367.044,1566.375,0,416.099,0,23.006,5913,7958,1.920,1.710,1.020,1,0,221.053,0,0,11,48,0,22,0
19-06 18:49:33,3.249,2.499,93.479,0,0,1684440,434600,181916,5610168,4337.006,1457.666,0,0,0,0,1228,1336,1.920,1.710,1.020,0,0,27.994,0,0,11,48,0,22,0
19-06 18:49:34,0.750,0.750,97.719,0,0,1684444,434600,181916,5610168,4118.707,1079.661,0,0,0,0,759,1010,1.920,1.710,1.020,0,0,3.999,0,0,11,48,0,22,0
19-06 18:49:35,0.500,0.750,98.023,0,0,1684444,434600,181916,5610168,4893.129,1512.349,0,8.002,0,2.000,810,1027,1.920,1.710,1.020,1,0,3.001,0,0,11,48,0,16,0
19-06 18:49:36,0.500,0.750,97.241,0,0.250,1684412,434600,181916,5610200,5284.496,1565.851,0,2191.791,0,80.992,817,1050,1.920,1.710,1.020,0,0,1.000,0,0,11,48,0,16,0
19-06 18:49:37,8.528,12.541,77.756,0,0,1632308,486720,181916,5610620,4350.323,1300.281,0,188.621,0,2.007,4502,5441,1.760,1.680,1.010,1,0,169.558,0,0,11,48,0,16,0
19-06 18:49:38,17.736,17.986,62.451,0,0,1656160,462668,181916,5610344,4472.517,1294.991,0,0,0,0,4953,5917,1.760,1.680,1.010,1,0,250.805,0,0,12,48,0,16,0
19-06 18:49:39,15.926,20.157,61.216,0,0,1661420,457344,181916,5610732,4791.794,1688.177,0,95.557,0,7.963,5913,5732,1.760,1.680,1.010,6,0,259.796,0,0,12,52,0,16,0
19-06 18:49:40,21.545,14.280,63.132,0.251,0,1653272,465532,181916,5610332,4767.951,1461.049,0,200.418,0,25.052,4951,5484,1.760,1.680,1.010,1,0,162.339,0,0,12,64,0,14,0
19-06 18:49:41,5.002,10.255,82.538,0,0,1663888,454860,181916,5610400,5359.479,1620.750,0,312.144,0,22.010,2867,2839,1.760,1.680,1.010,1,0,176.081,0,0,12,64,0,14,0
19-06 18:49:42,18.291,16.287,63.894,0,0,1664564,454088,181916,5610428,4630.411,1623.651,0,509.145,0,30.068,5496,6810,2.100,1.760,1.040,1,0,179.403,0,0,14,66,0,14,0
19-06 18:49:43,10.003,17.755,70.271,0,0,1670744,447908,181916,5610456,4201.270,1620.490,0,36.011,0,5.002,5262,4102,2.100,1.760,1.040,1,0,282.085,0,0,14,66,0,15,0
19-06 18:49:44,8.250,21.750,68.750,0,0.250,1647884,470608,181916,5610616,4979.991,1745.997,0,28.000,0,7.000,5423,3858,2.100,1.760,1.040,1,0,321.999,0,0,14,66,0,15,0
19-06 18:49:45,16.739,17.988,63.708,0,0,1658352,460128,181916,5610992,4395.070,1457.029,0,15.989,0,3.997,6862,8586,2.100,1.760,1.040,1,0,256.829,0,0,14,66,0,15,0
19-06 18:49:46,26.256,23.005,49.511,0,0,1742588,375872,181928,5610648,4938.066,1620.350,0,200.043,0,9.002,5789,4633,2.100,1.760,1.040,2,0,384.083,0,0,14,66,0,15,0
19-06 18:49:47,29.469,25.223,44.952,0,0,1812732,305572,181964,5610760,4495.207,1618.275,0,495.472,0,5.994,6087,4429,2.090,1.760,1.040,2,0,458.511,0,0,14,66,0,15,0
19-06 18:49:48,29.778,25.274,43.791,0,0,1894432,222356,182008,5612140,3993.774,810.766,0,48.045,0,12.011,6711,7541,2.090,1.760,1.040,3,0,456.431,0,0,14,70,0,16,0
19-06 18:49:49,33.646,23.178,42.369,0,0,1930324,186392,182008,5612172,5532.913,939.100,0,23.926,0,5.982,5828,6213,2.090,1.760,1.040,3,0,293.095,0,0,14,70,0,16,0
19-06 18:49:50,46.154,23.328,29.849,0,0,1975712,154168,179684,5601932,5857.490,1462.868,4.013,0,1.003,0,6524,6069,2.090,1.760,1.040,4,0,337.122,0,0,14,70,0,16,0
19-06 18:49:51,55.543,25.019,19.015,0.250,0,2072428,172416,174076,5494920,6141.709,1621.243,176.135,1713.314,6.005,23.018,6891,7892,2.090,1.760,1.040,5,0,383.294,0,0,14,70,0,16,0
19-06 18:49:52,66.872,23.865,7.955,0.249,0,2177448,130444,173472,5434108,4611.953,1449.812,497.192,978.474,23.865,31.820,5967,7362,3.210,2,1.120,5,0,411.675,0,0,14,70,0,15,0
19-06 18:49:53,72.240,25.083,2.007,0.251,0.251,2288532,196904,173248,5260632,4815.992,1625.397,718.385,1420.718,76.253,75.250,6744,8434,3.210,2,1.120,20,0,356.183,0,0,14,74,0,15,0
19-06 18:49:54,68.603,25.288,4.006,1.753,0,2464296,149276,172424,5135560,4524.772,1502.248,132.198,15831.695,9.013,1230.842,9178,13075,3.210,2,1.120,5,0,272.408,0,0,14,74,0,15,0
19-06 18:49:55,69.221,26.144,3.237,1.245,0,2566656,184860,172444,5001644,5258.767,1613.485,856.542,32301.579,28.883,2282.783,14250,28886,3.210,2,1.120,3,1,392.416,0,0,14,76,0,15,0
19-06 18:49:56,73.083,19.522,6.758,0.250,0,2641120,181512,172548,4931328,5080.787,1459.663,484.552,3403.877,9.010,237.270,8348,12059,3.210,2,1.120,7,0,214.244,0,0,14,80,0,18,0
19-06 18:49:57,68.621,25.795,5.259,0,0,2760712,129236,172560,4865328,2955.198,270.476,28.049,1474.594,6.011,73.129,9058,14396,3.350,2.050,1.140,3,0,444.782,0,0,14,91,0,26,0
19-06 18:49:58,40.431,25.706,32.694,0.250,0,2803856,154904,172560,4798308,4482.357,1347.702,0,962.359,0,47.918,8853,10899,3.350,2.050,1.140,5,0,423.278,0,0,14,89,0,29,0
19-06 18:49:59,50.619,16.457,31.419,0.249,0,2890156,136892,172564,4731628,4699.818,1597.858,3103.955,2409.754,33.912,165.571,5867,5973,3.350,2.050,1.140,3,0,219.431,0,0,14,92,0,29,0
19-06 18:50:00,54.904,9.276,35.600,0,0,3017996,147176,172572,4596936,5294.858,1624.559,0,673.891,0,28.079,4678,7068,3.350,2.050,1.140,2,0,9.025,0,0,14,94,0,30,0
19-06 18:50:01,16.537,16.788,64.395,1.002,0,3037312,126612,172588,4598140,5595.581,1569.529,8.018,3287.391,2.005,193.435,5764,5591,3.350,2.050,1.140,1,0,240.541,0,0,14,97,0,30,0
19-06 18:50:02,7.490,19.474,70.905,0,0,3036664,127232,172588,4598168,4913.386,1617.822,3.995,3503.284,0.999,54.926,5397,4033,3.160,2.030,1.140,1,0,297.599,0,0,14,97,0,30,0
19-06 18:50:03,7.759,19.774,70.085,0,0,3031308,132568,172588,4598188,5110.214,1716.087,0,136.166,0,13.016,5245,3714,3.160,2.030,1.140,2,0,281.342,0,0,14,97,0,30,0
19-06 18:50:04,13.517,14.268,70.590,0.501,0,3067276,162936,172588,4532936,5286.770,1622.077,8.010,6003.688,2.003,275.353,4232,3673,3.160,2.030,1.140,1,0,172.221,0,0,14,97,0,23,0
19-06 18:50:05,18.687,3.488,76.492,0,0,3114652,183316,172592,4466896,11558.998,7308.340,67.771,59.798,4.983,1.993,1945,1636,3.160,2.030,1.140,1,0,0,0,0,14,98,0,23,0
19-06 18:50:06,27.247,5.249,66.992,0,0,3126412,171524,172596,4467060,23665.064,19362.597,95.988,143.982,11.999,12.998,3530,11249,3.160,2.030,1.140,1,0,37.995,0,0,14,99,0,25,0
19-06 18:50:07,21.744,7.498,69.482,0.250,0,3090812,207104,172596,4467080,5516.568,1565.594,3.999,395.897,1.000,34.991,2718,2064,3.070,2.030,1.150,2,0,64.983,0,0,14,103,0,25,0
19-06 18:50:08,20.949,2.743,75.067,0.249,0,3128096,169824,172596,4467092,11953.889,7705.236,0,207.495,0,23.942,2469,2275,3.070,2.030,1.150,0,0,1.995,0,0,14,108,0,24,0
19-06 18:50:09,24.103,5.273,68.041,1.255,0,3131656,164056,172608,4469260,7337.417,1926.248,1707.310,1402.003,84.361,184.791,4858,6637,3.070,2.030,1.150,2,0,3.013,0,0,14,113,0,24,0
19-06 18:50:10,39.121,7.226,51.082,0.498,0,3229944,132992,172604,4404056,6696.934,2646.281,11.961,1331.612,2.990,146.517,5922,7252,3.070,2.030,1.150,2,1,3.987,0,0,14,116,0,26,0
19-06 18:50:11,22.543,9.017,66.626,0.501,0,3273060,155744,172604,4339844,4641.789,1568.971,0,1578.990,0,115.218,3601,3585,3.070,2.030,1.150,1,0,114.216,0,0,14,120,0,26,0
19-06 18:50:12,19.749,3.000,76.494,0.250,0,3300180,128544,172608,4339920,9807.263,7234.456,75.994,2787.790,6.999,315.976,2290,2106,2.900,2.010,1.150,2,0,1.000,0,0,14,121,0,26,0
19-06 18:50:13,19.314,3.512,75.499,0.251,0,3296332,132352,172608,4339976,7131.486,4368.386,0,979.225,0,89.294,3385,3881,2.900,2.010,1.150,1,0,0,0,0,14,121,0,26,0
19-06 18:50:14,34.848,11.948,50.778,0.747,0.249,3281620,211936,172616,4276656,5890.301,2640.480,0,10243.310,0,623.281,5374,5403,2.900,2.010,1.150,2,0,96.579,0,0,14,122,0,27,0
19-06 18:50:15,42.053,7.259,49.812,0.250,0,3371028,122516,172616,4276668,6675.335,3428.281,0,468.585,0,27.034,2860,1558,2.900,2.010,1.150,2,0,4.005,0,0,14,123,0,27,0
19-06 18:50:16,23.771,7.256,68.810,0,0,3320172,233856,172616,4217284,27927.312,23132.137,0,376.328,0,21.018,2892,2113,2.900,2.010,1.150,1,0,55.048,0,0,14,122,0,28,0
19-06 18:50:17,21.445,4.488,73.312,0,0,3342336,211680,172616,4217296,4534.373,1561.995,0,339.130,0,20.946,1829,1313,2.750,1.990,1.150,1,0,0,0,0,14,122,0,28,0
19-06 18:50:18,18.557,2.006,77.489,0.251,0,3323636,230372,172616,4217304,28609.154,25197.642,0,288.890,0,14.043,2030,1529,2.750,1.990,1.150,2,0,5.015,0,0,14,122,0,29,0
19-06 18:50:19,19.012,8.005,72.544,0.250,0,3386944,167036,172616,4217336,4923.010,1620.991,8.005,1112.680,2.001,60.037,2472,1951,2.750,1.990,1.150,1,0,46.028,0,0,14,122,0,29,0
19-06 18:50:20,24.949,4.740,68.110,0.499,0,3404156,149556,172616,4217604,11379.671,8183.224,3.992,566.838,0.998,68.859,4305,5448,2.750,1.990,1.150,1,0,7.984,0,0,14,125,0,30,0
19-06 18:50:21,18.493,9.746,70.222,0.500,0,3339380,214296,172616,4217640,6106.607,2766.916,0,1667.347,0,126.950,3751,3754,2.750,1.990,1.150,1,0,81.968,0,0,14,124,0,31,0
19-06 18:50:22,19.633,2.982,76.793,0,0,3393460,160212,172616,4217644,6086.755,3915.683,0,194.840,0,10.935,1693,1142,2.610,1.980,1.150,0,0,0,0,0,14,125,0,31,0
19-06 18:50:23,19.624,5.535,73.716,0,0,3384420,169228,172616,4217668,26731.081,22915.950,0,374.368,0,11.070,2632,1877,2.610,1.980,1.150,1,0,55.350,0,0,14,124,0,32,0
19-06 18:50:24,22.488,3.998,73.211,0.500,0,3435904,117744,172616,4217668,5258.194,1861.007,0,163.913,0,14.992,1834,1334,2.610,1.980,1.150,1,0,0.999,0,0,14,124,1,32,0
19-06 18:50:25,16.554,4.013,76.751,0.752,0,3429476,168128,172616,4174396,11300.978,7893.829,24.079,1175.847,3.010,172.565,3743,5200,2.610,1.980,1.150,1,0,1.003,0,0,14,126,0,32,0
19-06 18:50:26,27.433,4.240,64.593,1.496,0,3427304,170156,172616,4174540,6904.243,2853.075,0,9221.618,0,519.739,6901,10704,2.610,1.980,1.150,2,0,0,0,0,14,125,0,34,0
19-06 18:50:27,19.730,7.992,70.927,0.499,0,3385816,211640,172616,4174544,4573.293,1456.501,0,1194.770,0,83.914,2866,2480,2.480,1.960,1.140,1,0,52.946,0,0,14,125,0,34,0
19-06 18:50:28,19.005,3.251,77.019,0,0,3418288,179152,172616,4174560,10985.739,7853.958,0,360.090,0,18.004,1920,1479,2.480,1.960,1.140,3,0,0,0,0,14,127,0,34,0
19-06 18:50:29,19.787,2.505,75.391,0.250,0,3414600,182820,172616,4174580,8900.701,5267.884,0,781.466,0,68.128,3307,4016,2.480,1.960,1.140,1,0,0,0,0,14,126,0,34,0
19-06 18:50:30,37.885,6.231,53.338,0.997,0,3416076,181068,172620,4174852,4972.891,2316.961,0,1547.299,0,190.421,7533,11346,2.480,1.960,1.140,3,1,1.994,0,0,14,129,0,35,0
19-06 18:50:31,20.776,7.009,71.088,0.250,0,3396820,200308,172624,4174864,4642.774,1622.017,0,504.628,0,35.044,2847,2435,2.480,1.960,1.140,2,0,77.096,0,0,14,129,0,35,0
19-06 18:50:32,17.001,2.750,80.006,0,0,3414160,182952,172624,4174880,12580.968,9933.764,0,1168.090,0,37.003,2093,2041,2.360,1.950,1.140,2,0,0,0,0,14,130,0,35,0
19-06 18:50:33,16.997,10.998,68.236,1.000,0,3382892,214184,172624,4174916,5715.842,2766.439,0,3919.206,0,272.945,4732,5214,2.360,1.950,1.140,1,0,146.970,0,0,14,129,0,36,0
19-06 18:50:34,20.749,3.500,74.995,0,0,3443876,153196,172624,4174920,5048.644,2505.823,0,151.989,0,7.999,1718,1192,2.360,1.950,1.140,0,0,1.000,0,0,14,130,0,36,0
19-06 18:50:35,18.257,2.751,77.282,0.250,0,3442860,154196,172624,4174936,15710.408,11188.563,4.002,3009.227,1.000,323.132,2853,2815,2.360,1.950,1.140,4,0,2.001,0,0,14,132,0,36,0
19-06 18:50:36,29.480,6.995,61.958,0.250,0,3439372,157580,172628,4175036,4951.621,1457.006,3.997,1087.258,0.999,129.911,7573,10680,2.360,1.950,1.140,1,0,1.999,0,0,14,136,0,36,0
19-06 18:50:37,37.604,8.774,50.640,1.253,0,3401496,194680,172644,4175764,6889.013,3256.989,425.173,1343.709,70.194,158.437,9303,14186,2.330,1.950,1.150,3,0,49.136,0,0,14,135,0,37,0
19-06 18:50:38,24.700,13.473,59.880,0.748,0,3408216,187752,172648,4175984,5233.484,2029.921,15.968,6403.134,0.998,395.206,6405,8552,2.330,1.950,1.150,1,0,239.519,0,0,14,135,0,37,0
19-06 18:50:39,19.742,2.999,76.468,0,0,3446704,149244,172648,4175988,11075.406,7579.856,0,239.900,0,11.995,1950,1453,2.330,1.950,1.150,1,0,0,0,0,14,136,0,37,0
19-06 18:50:40,13.506,14.007,70.784,0.250,0,3409356,186568,172648,4176012,6560.106,3246.537,0,336.159,0,17.008,4120,2972,2.330,1.950,1.150,2,0,160.076,0,0,14,135,0,38,0
19-06 18:50:41,8.270,21.052,68.670,0,0,3382744,213152,172648,4176040,4393.860,1461.613,0,649.606,0,33.082,5278,3907,2.330,1.950,1.150,1,0,271.671,0,0,14,135,0,38,0
19-06 18:50:42,12.466,19.945,65.818,0,0,3373708,222168,172648,4176420,3967.042,1453.984,0,414.854,0,32.909,5819,6012,2.230,1.930,1.150,1,0,267.262,0,0,14,135,0,38,0
19-06 18:50:43,24.964,18.973,55.171,0,0,3400648,195204,172648,4176088,3349.224,1132.385,0,527.248,0,49.929,6099,6322,2.230,1.930,1.150,3,0,250.643,0,0,14,135,0,38,0
19-06 18:50:44,30.148,24.621,44.719,0,0,3433584,162112,172652,4176244,4387.531,1644.068,0,28.138,0,7.035,5932,4477,2.230,1.930,1.150,2,0,383.884,0,0,14,137,0,38,0
19-06 18:50:45,27.404,17.937,52.565,0.498,0,3448560,146892,172660,4176840,4723.378,1506.698,63.776,749.363,3.986,47.832,7673,9837,2.230,1.930,1.150,2,0,321.867,0,0,14,143,0,37,0
19-06 18:50:46,49.891,25.322,24.569,0.251,0,3588160,148948,172668,4037388,4756.450,1570.441,32.091,389.100,4.011,27.077,7582,11128,2.230,1.930,1.150,5,0,418.183,0,0,16,149,0,37,0
19-06 18:50:47,54.597,24.930,19.944,0,0,3695172,139008,172668,3941716,4818.516,1507.781,71.799,235.341,0.997,17.950,6579,6862,2.370,1.960,1.160,3,0,480.655,0,0,16,149,0,37,0
19-06 18:50:48,56.127,22.801,19.544,0,0,3767532,164372,172820,3844740,4746.704,1884.249,352.796,1960.421,31.070,30.068,9269,12352,2.370,1.960,1.160,4,0,289.653,0,0,16,165,1,37,0
19-06 18:50:49,33.279,26.023,40.035,0.250,0,3825964,161136,172820,3790752,6185.446,1695.493,4.004,428.377,1.001,17.015,14679,4625,2.370,1.960,1.160,4,0,414.365,0,0,16,165,1,35,0
19-06 18:50:50,19.687,21.929,56.817,0,0,3841860,200772,172824,3736728,5280.989,1568.946,0,9561.202,0,801.418,5952,4004,2.370,1.960,1.160,1,0,314.985,0,0,17,165,1,35,0
19-06 18:50:51,14.997,17.996,64.986,0.250,0,3855720,186756,172828,3736888,5055.872,1693.622,11.997,551.877,2.999,43.990,6209,6946,2.370,1.960,1.160,4,0,237.947,0,0,17,165,1,35,0
19-06 18:50:52,26.063,20.299,52.628,0,0,3902968,139480,172828,3736920,4390.648,1698.118,0,473.147,0,29.071,6289,6515,2.420,1.980,1.170,3,0,288.700,0,0,17,165,1,35,0
19-06 18:50:53,29.480,24.983,43.720,0,0,3946904,162488,172832,3671384,4704.731,1762.775,3.997,383.733,0.999,13.990,5922,4394,2.420,1.980,1.170,2,0,373.740,0,0,17,166,1,35,0
19-06 18:50:54,28.795,15.775,54.836,0,0,3968940,140380,172832,3671456,5057.900,1622.534,0,8.013,0,2.003,5809,8343,2.420,1.980,1.170,2,0,225.352,0,0,17,171,1,35,0
19-06 18:50:55,40.172,28.445,30.192,0.250,0,4093188,119548,172840,3570592,5329.701,1690.733,63.877,538.959,6.986,32.936,9987,12470,2.420,1.980,1.170,2,0,577.883,0,0,17,183,1,35,0
19-06 18:50:56,32.215,25.972,40.206,0.250,0,4147828,128432,172840,3508284,5143.362,1510.344,127.860,463.492,8.990,38.957,10344,14164,2.420,1.980,1.170,3,0,643.295,0,0,17,183,1,35,0
19-06 18:50:57,14.044,22.320,61.944,0.251,0,4184228,154316,172840,3447636,5342.691,1570.908,20.063,878.745,5.016,59.185,7528,8450,2.390,1.980,1.180,1,0,384.200,0,0,17,189,1,22,0
19-06 18:50:58,30.748,17.999,49.746,0.500,0,4203028,164384,172840,3418940,4739.660,1709.877,335.976,447.968,5.000,39.997,4971,5672,2.390,1.980,1.180,2,0,205.985,0,0,17,205,1,22,0
19-06 18:50:59,41.868,9.969,47.102,0,0,4333640,124704,172840,3329572,5024.174,1688.681,869.262,207.347,11.962,11.962,2950,1663,2.390,1.980,1.180,2,0,16.947,0,0,17,205,1,22,0
19-06 18:51:00,39.227,9.245,50.971,0.250,0,4442900,125572,172844,3222440,4695.287,1457.158,27.984,595.656,3.998,38.977,3142,2549,2.390,1.980,1.180,3,0,8.995,0,0,17,208,1,22,0
19-06 18:51:01,31.378,11.296,56.481,0,0,4355976,256560,172848,3179392,5499.499,1626.655,72.296,433.775,7.029,36.148,3746,3041,2.390,1.980,1.180,2,0,164.674,0,0,17,213,1,16,0
19-06 18:51:02,32.460,28.215,38.203,0.250,0,4431784,179996,172860,3180172,4692.211,1456.203,739.088,379.532,10.986,27.965,6532,5885,2.430,2,1.190,5,0,488.397,0,0,17,213,1,16,0
19-06 18:51:03,36.178,25.200,36.677,0,0,4447608,161524,172872,3183232,13104.865,9680.694,942.121,1269.468,16.966,30.938,6802,8069,2.430,2,1.190,3,0,378.246,0,0,17,216,1,16,0
19-06 18:51:04,60.652,20.716,17.971,0.250,0,4510724,135980,172876,3146332,5168.619,1949.838,71.883,371.398,7.987,20.966,5802,6760,2.430,2,1.190,5,0,237.615,0,0,17,222,1,17,0
19-06 18:51:05,69.468,14.796,15.549,0.251,0,4636184,135240,172880,3025644,9977.308,6543.533,1781.590,208.655,37.116,7.022,4564,3651,2.430,2,1.190,5,0,20.063,0,0,17,227,1,17,0
19-06 18:51:06,63.100,14.523,17.778,3.005,0,4674376,202724,172968,2923516,11092.572,6864.875,6710.630,2507.973,479.760,145.230,6877,15966,2.430,2,1.190,5,0,62.098,0,0,17,234,1,19,0
19-06 18:51:07,45.666,23.457,29.695,0,0,4690120,184452,172968,2926016,5767.388,1455.322,55.897,443.185,2.994,21.960,6813,7577,2.640,2.050,1.210,3,0,366.326,0,0,17,229,1,24,0
19-06 18:51:08,33.269,22.513,43.025,0,0,4702788,170056,172972,2927724,15056.680,10058.799,0,11954.892,0,39.022,7373,8717,2.640,2.050,1.210,3,0,341.197,0,0,17,231,1,24,0
19-06 18:51:09,48.781,24.766,25.516,0.750,0,4690076,181084,172972,2929396,8923.715,4174.673,204.131,1172.751,12.008,88.056,6604,8447,2.640,2.050,1.210,4,0,408.261,0,0,17,229,1,25,0
19-06 18:51:10,57.011,26.755,14.753,0.250,0,4805876,136424,172992,2859872,12602.461,7404.446,992.194,548.107,39.008,36.007,6543,7634,2.640,2.050,1.210,3,0,404.079,0,0,17,234,1,23,0
19-06 18:51:11,55.470,24.737,18.740,0.250,0,4752224,217728,172996,2832160,10081.534,6844.289,327.822,13800.518,20.989,1080.414,8835,12035,2.640,2.050,1.210,3,0,325.823,0,0,17,237,1,27,0
19-06 18:51:12,57.117,29.681,12.970,0,0,4909760,133792,173000,2760940,4729.021,1616.248,75.824,770.212,2.993,50.882,7061,7764,2.750,2.080,1.220,7,0,446.962,0,0,17,239,1,27,0
19-06 18:51:13,46.883,20.558,30.838,0.752,0,4914460,164888,173012,2725932,15453.931,12530.621,541.539,1042.965,30.086,74.211,8178,14978,2.750,2.080,1.220,3,0,250.713,0,0,17,243,1,29,0
19-06 18:51:14,69.897,17.474,11.982,0,0,5016536,146120,173016,2644728,4852.833,1617.611,1074.413,3047.499,24.963,158.766,8316,13829,2.750,2.080,1.220,3,0,77.885,0,0,17,243,1,27,0
19-06 18:51:15,55.108,8.266,35.820,0.751,0,5086204,140684,173016,2582132,19397.898,16111.477,1218.380,492.963,74.145,31.061,4514,3670,2.750,2.080,1.220,3,0,4.008,0,0,17,250,1,29,0
19-06 18:51:16,59.725,11.745,26.988,0.500,0,5120220,158976,173016,2531308,10831.384,6082.408,1243.470,1075.542,32.986,92.960,6436,7326,2.750,2.080,1.220,4,0,25.989,0,0,17,254,1,32,0
19-06 18:51:17,48.201,25.474,24.225,0.250,0,5150140,125380,173152,2534776,11814.030,7966.928,4043.903,1205.778,62.936,56.942,7289,7582,2.770,2.100,1.230,3,0,384.610,0,0,17,254,1,33,0
19-06 18:51:18,49.698,27.471,21.727,0,0,5089488,185912,173152,2535372,10248.360,6819.919,1038.921,619.357,8.991,36.962,7160,7417,2.770,2.100,1.230,4,0,500.480,0,0,17,253,1,32,0
19-06 18:51:19,60.850,22.195,15.711,0,0,5155512,119700,173156,2535432,10294.540,6830.108,526.697,2270.385,6.983,216.465,5802,5821,2.770,2.100,1.230,5,0,238.410,0,0,18,254,1,32,0
19-06 18:51:20,77.976,15.044,6.017,1.254,0.251,5260636,124096,173156,2430428,9995.939,6714.439,3161.152,1375.984,140.406,82.238,6081,5638,2.770,2.100,1.230,4,0,21.061,0,0,18,260,1,34,0
19-06 18:51:21,83.850,14.267,1.251,0.250,0,5311544,120388,173172,2384688,4616.506,1513.806,1505.796,2651.162,68.081,238.284,6778,7211,2.770,2.100,1.230,4,0,19.023,0,0,18,264,1,34,0
19-06 18:51:22,51.320,17.937,28.650,0,0,5355792,127848,173196,2334908,14297.852,11846.450,872.938,1143.988,14.948,99.650,6980,9321,3.030,2.160,1.260,2,0,220.228,0,0,18,269,1,32,0
19-06 18:51:23,40.233,9.996,48.479,0.500,0,5348012,135596,173196,2334940,10826.391,4563.057,511.782,587.750,3.998,46.980,3714,2666,3.030,2.160,1.260,3,0,13.994,0,0,18,271,1,33,0
19-06 18:51:24,41.588,11.023,46.599,0,0,5370772,149824,173196,2301108,15708599.488,289491.801,513.088,685.453,4.008,29.062,22550,13883,3.030,2.160,1.260,2,0,7.015,0,0,18,274,1,33,0
19-06 18:51:25,46.419,19.965,31.695,0.499,0,5351360,176996,173200,2293408,1441071.053,32955.737,3054.692,2415.802,32.943,147.743,7996,6551,3.030,2.160,1.260,3,0,268.533,0,0,18,272,1,34,0
19-06 18:51:26,41.795,6.757,50.555,0.250,0,5435676,121112,173200,2265396,12571.606,9608.399,0,416.451,0,49.053,3618,2912,3.030,2.160,1.260,3,0,3.003,0,0,18,278,1,33,0
19-06 18:51:27,34.723,5.496,57.955,0.749,0,5389520,174660,173200,2258152,25497.267,347172.318,511.604,747.422,27.978,84.934,5518,7186,2.950,2.160,1.260,1,0,6.995,0,0,18,282,1,38,0
19-06 18:51:28,22.951,5.987,69.852,0,0,5453072,124412,173204,2245104,537028.330,16021882.864,0,10621.440,0,46.900,3921,1905,2.950,2.160,1.260,2,0,0,0,0,18,286,1,38,0
19-06 18:51:29,36.771,11.006,50.028,0.250,0,5409448,273688,154832,2171684,16531336.431,163052.209,176.099,3521.970,9.005,69.039,14283,10523,2.950,2.160,1.260,3,0,1.001,0,0,18,286,1,43,0
19-06 18:51:30,18.786,17.033,62.872,0.501,0,5249836,432976,154860,2171964,7898.276,4411.532,68.132,16796.486,5.010,74.143,4996,3976,2.950,2.160,1.260,3,0,226.438,0,0,18,284,1,42,0
19-06 18:51:31,14.490,13.990,68.203,0,0,5287012,395736,154880,2172008,5113.452,1618.877,19.986,15101.520,2.998,1257.128,5003,4118,2.950,2.160,1.260,1,0,275.809,0,0,18,284,1,42,0
19-06 18:51:32,23.545,4.509,71.887,0.250,0,5307336,375376,154904,2172020,5155.851,1568.998,0,380.727,0,25.048,2498,1990,2.790,2.140,1.260,1,0,13.025,0,0,18,284,1,42,0
19-06 18:51:33,8.233,19.461,70.108,0.249,0,5313480,369196,154916,2172044,4582.721,1508.945,0,247.499,0,12.974,4990,3585,2.790,2.140,1.260,2,0,241.511,0,0,18,284,1,42,0
19-06 18:51:34,9.783,20.819,66.973,0.502,0,5304192,378396,154960,2172088,5042.827,1571.243,20.067,1380.607,3.010,77.258,5380,4236,2.790,2.140,1.260,3,0,289.968,0,0,18,286,1,40,0
19-06 18:51:35,4.250,8.750,85.245,0,0,5284560,397996,154980,2172100,4841.725,1511.914,0,215.988,0,20.999,2870,2493,2.790,2.140,1.260,0,0,126.993,0,0,18,286,1,40,0
19-06 18:51:36,12.948,4.233,80.927,0.249,0,5308416,374084,154984,2172152,5114.605,1494.042,0,63.746,0,5.976,1871,1721,2.790,2.140,1.260,1,0,8.964,0,0,18,286,1,40,0
19-06 18:51:37,19.760,3.752,76.038,0,0,5350960,331528,154988,2172160,10855.496,7120.605,0,48.024,0,6.003,2056,1639,2.650,2.120,1.260,2,0,0,0,0,18,287,1,40,0
19-06 18:51:38,16.744,8.997,72.473,0,0,5341344,340912,154996,2172372,7670.126,4353.369,71.973,0,5.998,0,3429,2710,2.650,2.120,1.260,3,0,97.963,0,0,18,290,1,40,0
19-06 18:51:39,14.812,17.323,67.031,0.251,0,5340152,341816,155016,2172624,3964.627,692.906,40.168,289.213,4.017,27.114,5060,4008,2.650,2.120,1.260,1,0,163.686,0,0,18,294,1,40,0
19-06 18:51:40,10.956,17.181,68.971,0.498,0,5332688,349052,155024,2172828,4292.648,1344.565,15.936,231.066,0.996,20.915,4795,3516,2.650,2.120,1.260,1,0,160.352,0,0,18,294,1,40,0
19-06 18:51:41,12.006,17.259,68.785,0,0,5318612,363052,155024,2172904,4957.543,1458.748,4.002,316.162,1.001,27.014,5075,3856,2.650,2.120,1.260,1,0,181.093,0,0,18,294,1,40,0
19-06 18:51:42,24.231,4.247,69.944,0.250,0,5351884,329652,155036,2173020,4856.133,1660.678,95.924,391.688,1.998,43.965,2618,2564,2.590,2.120,1.270,1,0,1.998,0,0,18,296,1,39,0
19-06 18:51:43,22.763,4.252,72.290,0,0,5414100,267260,155040,2173192,4340.422,1458.814,292.163,152.085,6.003,10.006,2109,1711,2.590,2.120,1.270,1,0,2.001,0,0,18,296,1,39,0
19-06 18:51:44,24.260,2.751,72.030,0.250,0,5362432,318672,155068,2173420,5052.122,1620.681,112.047,324.136,7.003,29.012,2482,2184,2.590,2.120,1.270,2,0,8.003,0,0,18,296,1,39,0
19-06 18:51:45,22.730,3.497,72.436,0.500,0,5361960,319064,155092,2173476,4625.886,1618.561,23.979,2138.099,3.996,120.892,2155,2029,2.590,2.120,1.270,2,0,0,0,0,18,296,1,39,0
19-06 18:51:46,22.508,3.751,72.276,0,0,5407072,273944,155100,2173476,5894.153,2295.838,0,244.089,0,12.004,2191,1710,2.590,2.120,1.270,0,0,3.001,0,0,18,299,1,39,0
19-06 18:51:47,13.253,1.500,84.021,0.250,0.250,5413340,267644,155120,2173488,23318.882,19991.043,32.008,784.198,2.001,43.011,2385,2451,2.390,2.080,1.260,1,0,1.000,0,0,18,302,1,41,0
19-06 18:51:48,23.000,5.000,71.250,0,0,5398452,282464,155140,2173536,4979.966,1693.988,0,215.999,0,24.000,2335,1864,2.390,2.080,1.260,1,0,17.000,0,0,18,296,1,41,0
19-06 18:51:49,23.996,3.749,71.738,0.250,0,5427632,253232,155152,2173576,5759.066,1693.725,31.995,143.977,1.000,13.998,2205,1762,2.390,2.080,1.260,1,0,5.999,0,0,18,296,1,41,0
19-06 18:51:50,14.551,13.547,70.245,0.502,0,5394248,286092,155172,2174080,5497.203,1537.370,742.594,702.454,16.056,32.112,4261,3284,2.390,2.080,1.260,1,0,194.680,0,0,18,296,1,41,0
19-06 18:51:51,9.470,19.190,68.783,0,0,5373388,306800,155180,2174224,5178.676,1527.186,31.899,119.623,2.991,5.981,5360,4005,2.390,2.080,1.260,1,0,300.054,0,0,18,296,1,41,0
19-06 18:51:52,19.490,8.496,70.466,0,0,5391712,288408,155220,2174252,4695.702,1573.230,7.996,379.814,1.999,29.985,3349,2820,2.270,2.070,1.260,1,0,104.949,0,0,18,296,1,41,0
19-06 18:51:53,18.499,3.000,77.497,0.250,0,5412168,262244,155768,2179288,11546.486,4646.793,0,1047.953,0,22.999,2014,1582,2.270,2.070,1.260,1,0,16.999,0,0,18,296,1,41,0
19-06 18:51:54,23.004,5.751,69.011,0,0,5397540,275348,155884,2180644,4938.794,1458.234,0,4.001,0,1.000,9211,16975,2.270,2.070,1.260,2,0,9.001,0,0,18,296,1,41,0
19-06 18:51:55,17.997,4.249,75.989,0,0,5397532,274084,155936,2181852,11515.280,4310.356,0,17925.322,0,172.974,2078,1665,2.270,2.070,1.260,1,0,7.999,0,0,18,297,1,41,0
19-06 18:51:56,21.434,7.975,69.037,0.249,0,5376656,294820,155984,2181944,5418.245,1453.505,0,338.952,0,12.960,10507,19026,2.270,2.070,1.260,1,0,18.941,0,0,18,297,1,41,0
19-06 18:51:57,19.116,9.055,70.175,0.252,0,5313756,363648,156116,2175916,4847.342,1478.952,0,4293.993,0,488.960,3740,3063,2.170,2.050,1.260,2,0,96.585,0,0,18,296,1,41,0
19-06 18:51:58,14.164,13.915,69.576,0.248,0,5352600,324744,156128,2175964,4560.228,1449.174,31.806,155.056,1.988,10.933,3992,3220,2.170,2.050,1.260,1,0,171.953,0,0,18,296,1,41,0
19-06 18:51:59,21.569,2.759,73.987,0,0,5393748,283368,156136,2176184,6267.034,3509.218,32.103,224.718,1.003,19.061,2118,1769,2.170,2.050,1.260,0,0,0,0,0,18,297,1,41,0
19-06 18:52:00,20.026,4.005,75.600,0.250,0,5376808,300188,156144,2176296,13042.233,9609.697,96.127,376.497,6.008,22.029,2729,2410,2.170,2.050,1.260,1,0,40.053,0,0,18,296,1,44,0
19-06 18:52:01,19.724,6.991,71.656,0,0,5427932,249036,156152,2176316,5170.220,1617.878,11.984,159.790,0.999,11.984,2623,2163,2.170,2.050,1.260,1,0,75.900,0,0,18,296,1,44,0
19-06 18:52:02,20.998,3.000,75.493,0.250,0,5442068,234880,156160,2176328,13523.685,10081.020,0,251.976,0,28.997,2408,2283,2.160,2.050,1.260,1,0,0,0,0,18,298,1,45,0
19-06 18:52:03,20.245,6.998,71.481,0,0,5415336,261608,156160,2176332,5648.479,1779.521,0,111.970,0,7.998,2741,2081,2.160,2.050,1.260,1,0,69.981,0,0,18,298,1,45,0
19-06 18:52:04,19.266,3.002,76.812,0,0,5426376,250432,156160,2176468,11415.288,7338.971,0,0,0,0,2039,1626,2.160,2.050,1.260,1,0,1.001,0,0,18,299,1,45,0
19-06 18:52:05,19.189,6.230,73.019,0,0,5393964,282816,156160,2176496,13115.474,8904.806,15.950,207.344,0.997,3.987,2741,2229,2.160,2.050,1.260,4,0,55.823,0,0,18,298,1,46,0
19-06 18:52:06,24.810,6.265,68.166,0,0,5415544,261212,156172,2176508,11745.596,7350.897,0,80.195,0,6.015,3143,8244,2.160,2.050,1.260,2,0,36.088,0,0,18,299,1,47,0
19-06 18:52:07,20.969,5.242,72.642,0.250,0,5377692,299044,156184,2176516,9965.134,6258.663,0,107.839,0,6.990,2681,2105,2.070,2.030,1.260,1,0,31.952,0,0,18,298,1,42,0
19-06 18:52:08,22.030,3.004,73.851,0,0,5408980,267756,156184,2176516,7817.675,3428.682,0,44.060,0,4.005,2038,1508,2.070,2.030,1.260,0,0,0,0,0,18,299,1,42,0
19-06 18:52:09,15.498,1.750,80.740,0.250,0,5405916,270700,156220,2176600,14843.087,10529.643,63.992,283.963,3.000,33.996,2572,2917,2.070,2.030,1.260,2,0,0,0,0,18,298,1,43,0
19-06 18:52:10,20.998,6.249,72.243,0.250,0.250,5413976,262628,156224,2176608,5569.497,1349.878,0,223.980,0,16.998,2596,2016,2.070,2.030,1.260,1,0,46.996,0,0,18,298,1,43,0
19-06 18:52:11,18.802,3.259,76.212,0,0,5410280,266292,156240,2176624,13111.412,9970.690,0,244.680,0,23.064,2463,2315,2.070,2.030,1.260,1,0,0,0,0,18,301,1,39,0
19-06 18:52:12,22.181,5.981,70.281,0.249,0,5363396,313132,156276,2176632,5815.900,2980.724,0,801.506,0,63.801,2903,2763,1.980,2.010,1.260,3,0,31.901,0,0,18,298,1,41,0
19-06 18:52:13,19.557,3.510,76.475,0,0,5392312,284192,156296,2176636,10061.581,7420.817,0,1709.025,0,301.888,2387,1742,1.980,2.010,1.260,2,2,2.006,0,0,18,299,1,41,0
19-06 18:52:14,14.026,5.761,78.143,0.250,0,5354124,322340,156316,2176656,9930.226,6702.301,0,408.750,0,46.085,3136,2996,1.980,2.010,1.260,2,0,72.132,0,0,18,298,1,42,0
19-06 18:52:15,5.479,7.471,83.677,1.743,0,5358144,317124,156848,2177320,10718.605,4405.984,1103.737,179.308,246.050,12.950,2872,2740,1.980,2.010,1.260,0,0,108.581,0,0,18,300,1,39,0
19-06 18:52:16,6.002,9.504,83.031,0.250,0,5344472,330716,156876,2177372,16473.240,3906.480,0,412.156,0,31.012,3194,2620,1.980,2.010,1.260,2,0,125.047,0,0,18,300,1,40,0
19-06 18:52:17,5.012,8.270,84.953,0.501,0,5335348,339816,156884,2177388,10769.797,3738.956,0,545.306,0,32.077,2943,2721,1.820,1.980,1.250,1,0,125.300,0,0,18,298,1,41,0
19-06 18:52:18,17.999,8.250,71.747,0.750,0,5351420,315768,156892,2185292,5939.725,1661.923,819.962,679.969,96.996,13.999,3246,2659,1.820,1.980,1.250,3,0,89.996,0,0,18,298,1,41,0
19-06 18:52:19,20.687,2.991,74.771,0,0,5371632,291348,157008,2189304,10296.511,3574.070,115.646,1048.793,5.982,14.954,2482,2379,1.820,1.980,1.250,2,0,16.948,0,0,18,299,1,35,0
19-06 18:52:20,19.072,5.019,73.778,0.502,0,5358744,299808,157128,2193548,10705.328,4137.587,80.303,2039.684,5.019,69.261,2820,2814,1.820,1.980,1.250,2,0,21.079,0,0,18,298,1,35,0
19-06 18:52:21,13.697,17.681,66.491,0.996,0,5328224,327696,157300,2195992,5156.889,1613.707,1414.484,2227.314,23.907,80.685,5773,5492,1.820,1.980,1.250,2,0,286.881,0,0,18,298,1,35,0
19-06 18:52:22,23.514,4.002,71.293,0.250,0,5381508,274400,157308,2195996,4742.844,1620.972,0,272.163,0,29.017,2376,2086,1.840,1.980,1.250,1,0,0,0,0,18,298,1,35,0
19-06 18:52:23,18.530,3.005,77.628,0,0,5353588,302308,157308,2196008,28207.421,25161.408,0,116.191,0,10.016,2243,1856,1.840,1.980,1.250,2,0,4.007,0,0,18,298,1,33,0
19-06 18:52:24,21.477,5.244,71.425,0.499,0,5420176,235700,157320,2196024,5094.638,1692.219,0,459.516,0,44.953,2642,2231,1.840,1.980,1.250,1,0,43.954,0,0,18,298,1,33,0
19-06 18:52:25,18.489,2.748,77.953,0.250,0,5431940,223396,157320,2196564,14146.380,10251.753,399.756,1503.084,24.985,114.930,2264,2003,1.840,1.980,1.250,2,0,0,0,0,18,298,1,35,0
19-06 18:52:26,22.257,5.002,72.022,0,0,5403020,252336,157320,2196564,4282.310,1134.347,0,140.043,0,14.004,2403,2056,1.840,1.980,1.250,2,0,14.004,0,0,18,298,1,35,0
19-06 18:52:27,17.005,2.501,78.272,0.250,0,5414708,240636,157332,2196564,11330.152,8106.255,0,220.061,0,23.006,2209,2166,1.770,1.960,1.250,2,0,0,0,0,18,299,1,29,0
19-06 18:52:28,27.235,3.748,65.965,1.499,0,5407692,245172,157452,2198924,5812.878,2804.494,2302.763,3038.368,96.948,481.741,5152,7338,1.770,1.960,1.250,2,0,0.999,0,0,18,298,1,30,0
19-06 18:52:29,22.513,4.002,72.293,0.250,0,5377752,275020,157456,2199012,5075.034,1512.904,0,388.232,0,23.014,2086,1647,1.770,1.960,1.250,1,0,5.003,0,0,18,298,1,30,0
19-06 18:52:30,16.739,2.498,79.447,0,0,5397896,254860,157460,2199024,13327.145,10783.835,0,311.793,0,17.988,2086,1801,1.770,1.960,1.250,0,0,0,0,0,18,299,1,30,0
19-06 18:52:31,22.806,6.265,68.167,1.253,0,5342036,310348,157612,2199244,7308.894,3119.637,160.393,7205.641,7.017,383.940,5573,7773,1.770,1.960,1.250,1,0,29.071,0,0,18,298,1,31,0
19-06 18:52:32,8.009,23.526,66.573,0.250,0,5339452,312880,157644,2199264,4456.906,1567.726,0,1065.172,0,77.085,6296,5327,1.710,1.950,1.250,1,0,455.501,0,0,18,298,1,25,0
19-06 18:52:33,9.229,21.202,67.346,0,0,5319492,332812,157644,2199292,3274.535,754.280,0,219.500,0,25.941,6709,5715,1.710,1.950,1.250,1,0,580.676,0,0,18,298,1,25,0
19-06 18:52:34,7.993,22.979,66.938,0,0.250,5315884,336400,157644,2199312,4603.704,1240.842,0,271.746,0,23.978,5787,4439,1.710,1.950,1.250,1,0,376.649,0,0,18,298,1,25,0
19-06 18:52:35,8.499,22.248,66.743,0.250,0,5312888,339372,157648,2199332,4433.524,1133.878,0,191.979,0,16.998,5563,4121,1.710,1.950,1.250,1,0,347.963,0,0,18,298,1,25,0
19-06 18:52:36,8.034,23.851,66.280,0,0.251,5309076,343128,157648,2199388,4461.867,909.847,0,124.527,0,11.047,5763,4469,1.710,1.950,1.250,1,0,388.643,0,0,18,298,1,25,0
19-06 18:52:37,8.750,23.001,67.002,0,0,5304832,347216,157648,2199544,5500.125,1620.037,0,28.001,0,7.000,5716,4318,1.730,1.950,1.260,1,0,385.009,0,0,18,298,1,25,0
19-06 18:52:38,8.243,21.982,67.445,0,0,5304616,347412,157648,2199564,5815.290,1618.689,0,259.790,0,9.992,6042,4694,1.730,1.950,1.260,1,0,430.651,0,0,18,298,1,25,0
19-06 18:52:39,8.727,21.692,67.321,0,0,5317156,334852,157648,2199584,5625.067,1615.711,0,27.926,0,6.981,5756,4266,1.730,1.950,1.260,3,0,376.002,0,0,18,298,1,25,0
19-06 18:52:40,8.024,22.817,67.448,0,0,5323188,328784,157652,2199616,5054.805,1624.759,0,292.858,0,24.071,5819,4509,1.730,1.950,1.260,1,0,388.137,0,0,18,298,1,24,0
19-06 18:52:41,15.720,11.728,70.864,0.749,0.250,5328264,438164,157684,2095544,4817.771,1616.903,0,2255.679,0,58.887,3731,3660,1.730,1.950,1.260,1,0,115.778,0,0,18,298,1,24,0
19-06 18:52:42,22.472,4.494,70.913,0,0,5343868,411512,157884,2106392,4332.668,1456.208,15.980,2377.075,2.996,47.941,2691,2732,1.670,1.930,1.250,1,0,17.978,0,0,18,298,1,24,0
19-06 18:52:43,16.739,1.749,79.196,0.500,0,5356084,398156,157936,2107480,19464.732,10491.848,695.526,2878.038,40.972,313.786,2052,1766,1.670,1.930,1.250,2,0,0,0,0,18,299,1,24,0
19-06 18:52:44,14.499,1.500,81.996,1.250,0,5356996,395608,158024,2109020,29268.577,16565.195,1107.946,2023.902,67.997,62.997,1893,1842,1.670,1.930,1.250,1,0,1.000,0,0,18,299,1,24,0
19-06 18:52:45,16.748,1.750,78.992,0.750,0,5376312,375164,158088,2110080,21517.696,13020.606,775.917,1347.856,54.994,41.996,1857,1610,1.670,1.930,1.250,0,0,0,0,0,18,299,1,24,0
19-06 18:52:46,18.254,1.750,78.516,0.500,0,5381160,368864,158164,2111456,22969.752,12396.564,968.200,1900.393,48.010,65.013,2117,1937,1.670,1.930,1.250,1,0,0,0,0,18,299,1,24,0
19-06 18:52:47,20.729,3.746,72.926,1.748,0,5382776,330124,158208,2148532,7319.533,2997.942,12379.372,1198.777,129.868,49.949,2356,2025,1.620,1.910,1.250,1,0,0.999,0,0,18,299,1,24,0
19-06 18:52:48,22.778,3.504,71.588,0.501,0,5380180,311624,158484,2168900,4954.117,1575.946,0,1922.373,0,55.068,2446,2116,1.620,1.910,1.250,1,0,2.002,0,0,18,299,1,22,0
19-06 18:52:49,24.768,3.002,71.302,0.250,0,5385480,286828,158580,2188104,5295.844,1533.113,0,1401.017,0,48.035,2415,2089,1.620,1.910,1.250,1,0,6.004,0,0,18,299,1,22,0
19-06 18:52:50,21.976,3.496,72.171,0.999,0,5388416,269716,158796,2201804,4958.598,1530.333,0,3060.665,0,113.876,2541,2447,1.620,1.910,1.250,1,0,0,0,0,18,299,1,22,0
19-06 18:52:51,23.494,3.999,69.731,1.000,0,5399088,233440,159040,2226828,5201.583,1735.527,0,17363.270,0,195.947,3000,3202,1.620,1.910,1.250,1,0,0,0,0,18,299,1,22,0
19-06 18:52:52,24.977,3.497,70.434,0.749,0,5377820,265196,159492,2215664,4315.977,1704.411,0,2070.070,0,81.924,2653,2578,1.810,1.950,1.270,1,0,1.998,0,0,18,298,1,22,0
19-06 18:52:53,19.098,4.272,76.390,0.251,0,5401704,240248,159496,2216724,11003.201,4658.796,0,510.608,0,10.051,2172,1741,1.810,1.950,1.270,1,0,33.169,0,0,18,299,1,22,0
19-06 18:52:54,23.664,3.986,69.498,0,0,5377032,259416,159616,2222076,5063.665,1787.527,0,1622.126,0,31.885,7191,12054,1.810,1.950,1.270,2,0,8.968,0,0,18,298,1,22,0
19-06 18:52:55,21.493,6.498,70.226,0,0.250,5371940,263448,159636,2223084,4858.346,1693.424,0,87.970,0,1.000,8678,15231,1.810,1.950,1.270,2,0,12.996,0,0,18,298,1,22,0
19-06 18:52:56,20.729,7.992,69.431,0.250,0,5366500,271512,159704,2220520,5129.909,1456.554,0,8931.136,0,246.755,8314,14695,1.810,1.950,1.270,2,0,14.985,0,0,18,298,1,22,0
19-06 18:52:57,22.868,4.523,71.118,0.251,0,5319980,322788,159724,2215792,4764.623,1628.415,0,763.948,0,29.151,3182,3016,1.740,1.930,1.270,1,0,51.265,0,0,18,298,1,22,0
19-06 18:52:58,22.903,5.228,68.708,0,0,5346424,296328,159724,2215808,5197.883,1654.958,0,0,0,0,10644,19224,1.740,1.930,1.270,2,0,23.898,0,0,18,298,1,22,0
19-06 18:52:59,18.932,3.737,76.972,0,0,5355488,281520,159736,2221536,11547.313,4791.702,0,1988.820,0,183.338,2202,1740,1.740,1.930,1.270,1,0,17.935,0,0,18,298,1,22,0
19-06 18:53:00,23.156,5.789,68.209,0.252,0,5374028,261372,159756,2223088,4711.716,1701.453,0,765.151,0,23.156,8626,16233,1.740,1.930,1.270,2,0,14.095,0,0,18,298,1,19,0
19-06 18:53:01,22.439,6.981,68.064,0.249,0,5378336,256864,159796,2223248,4582.457,1454.020,15.956,1100.986,0.997,49.864,11426,20957,1.740,1.930,1.270,1,0,12.965,0,0,18,298,1,19,0
19-06 18:53:02,20.754,5.751,72.015,0.250,0,5318052,324560,159844,2215836,4440.915,1620.334,0,580.119,0,25.005,2530,2241,1.680,1.920,1.270,1,0,13.003,0,0,18,298,1,19,0
19-06 18:53:03,22.743,5.748,70.728,0,0,5311488,331140,159844,2215820,4460.601,1551.513,0,7.997,0,1.999,2819,2189,1.680,1.920,1.270,2,0,70.978,0,0,18,298,1,19,0
19-06 18:53:04,24.086,5.520,69.498,0,0,5316704,317544,159856,2224180,4877.424,1625.808,0,622.223,0,16.057,3094,2876,1.680,1.920,1.270,1,0,47.169,0,0,18,298,1,18,0
19-06 18:53:05,22.674,2.492,74.003,0.249,0,5329104,302172,159888,2227008,10900.663,3933.887,3.987,932.890,0.997,6.977,2343,1954,1.680,1.920,1.270,1,0,16.944,0,0,18,299,1,18,0
19-06 18:53:06,17.519,3.504,76.333,0.501,0,5379236,251588,160056,2229536,29864.442,15468.804,0,2142.327,0,79.086,2642,3452,1.680,1.920,1.270,2,0,35.038,0,0,18,299,1,18,0
19-06 18:53:07,14.478,2.247,81.376,0.499,0,5379384,250844,160344,2227588,166491.947,18223.302,0,1949.038,0,78.880,2489,6211,1.630,1.900,1.260,1,0,1.997,0,0,18,300,1,19,0
19-06 18:53:08,16.997,1.500,79.486,0.750,0,5398332,231188,160580,2228028,26516.187,14614.348,0,1963.644,0,69.987,1923,1758,1.630,1.900,1.260,1,0,0,0,0,18,300,1,14,0
19-06 18:53:09,13.251,1.250,83.757,0,0,5405676,223376,160668,2228388,195667.323,12363.968,0,668.052,0,19.001,1751,1509,1.630,1.900,1.260,0,0,0,0,0,18,300,1,14,0
19-06 18:53:10,10.504,2.251,84.532,1.501,0,5404904,223124,161200,2228856,253276.356,23575.969,28.011,4181.591,4.002,303.115,2336,2456,1.630,1.900,1.260,0,0,0,0,0,18,300,1,14,0
19-06 18:53:11,14.995,1.250,81.222,0.750,0,5402212,216432,161520,2237864,57423.993,16751.164,135.953,2443.149,6.998,113.960,2324,2662,1.630,1.900,1.260,0,0,1.000,0,0,18,300,1,14,0
19-06 18:53:12,4.750,2.250,89.742,0.250,0,5398472,212036,161572,2245932,4450082.916,65532.270,0,2119.815,0,44.996,4567,3998,1.500,1.870,1.260,0,0,1.000,0,0,18,300,1,14,0
19-06 18:53:13,5.503,3.502,88.042,0.250,0,5398624,193720,161640,2264012,9220553.512,93630.970,0,4918.362,0,27.013,5724,3848,1.500,1.870,1.260,1,0,2.001,0,0,18,300,1,10,0
19-06 18:53:14,13.219,2.744,81.062,0.998,0,5380404,193720,161860,2281916,4956274.894,55063.591,163.621,13333.149,3.991,77.820,3962,2832,1.500,1.870,1.260,3,0,1.995,0,0,18,300,1,10,0
19-06 18:53:15,37.581,12.276,48.605,1.503,0,5401004,220712,162940,2233792,4750.215,1623.491,2192.715,4874.483,29.062,125.269,3578,2606,1.500,1.870,1.260,2,0,9.019,0,0,18,300,1,10,0
19-06 18:53:16,34.256,8.251,56.260,0.750,0,5408236,192732,163860,2253388,5237.910,1620.281,512.089,1592.277,4.001,48.008,3109,2160,1.500,1.870,1.260,1,0,4.001,0,0,18,300,1,10,0
19-06 18:53:17,23.497,3.250,71.241,0.250,0.250,5403384,179920,164300,2270356,4877.380,1457.815,79.990,12102.463,4.999,87.989,2320,1974,1.460,1.860,1.260,1,0,0,0,0,18,300,1,8,0
19-06 18:53:18,20.817,7.775,69.976,0.502,0,5405436,136516,165292,2310344,5134.588,1462.726,0,82366.103,0,581.880,3131,2996,1.460,1.860,1.260,2,0,0,0,0,18,300,1,8,0
19-06 18:53:19,22.427,5.233,69.771,0.997,0,5365120,213240,164476,2275328,5262.761,1614.711,0,12108.336,0,347.860,2744,2377,1.460,1.860,1.260,1,0,0,0,0,18,300,1,8,0
19-06 18:53:20,23.991,2.999,71.974,0.250,0,5389012,160552,165848,2302268,5056.158,1457.469,0,3798.616,0,312.886,2470,2240,1.460,1.860,1.260,1,0,0,0,0,18,300,1,8,0
19-06 18:53:21,24.496,3.000,70.489,0.750,0,5381772,151608,166492,2317608,5116.235,1619.758,0,3155.528,0,73.989,2694,2732,1.460,1.860,1.260,1,0,0,0,0,18,300,1,7,0
19-06 18:53:22,23.012,6.253,67.534,1.751,0,5372888,135956,167580,2340696,4882.480,1458.741,40.020,146986.646,10.005,973.494,3846,4141,1.420,1.840,1.250,2,0,0,0,0,18,300,1,7,0
19-06 18:53:23,21.762,4.753,72.289,0,0,5340464,202936,167716,2305976,5006.729,1969.073,4.002,392.214,1.001,14.008,2276,1770,1.420,1.840,1.250,2,0,19.010,0,0,18,298,1,7,0
19-06 18:53:24,19.743,3.249,75.474,0.500,0,5370796,167444,167780,2311056,11043.265,4525.469,47.984,2019.317,2.999,37.987,2264,2071,1.420,1.840,1.250,2,0,17.994,0,0,18,298,1,7,0
19-06 18:53:25,23.746,5.749,68.739,0,0,5380504,156120,167832,2312588,4013.366,1133.821,0,679.893,0,14.998,7988,15427,1.420,1.840,1.250,2,0,7.999,0,0,18,298,1,5,0
19-06 18:53:26,22.027,6.007,70.586,0.250,0,5351388,184348,167856,2313436,5095.182,1583.922,0,2803.401,0,35.043,2588,2345,1.420,1.840,1.250,8,0,9.011,0,0,18,298,1,5,0
19-06 18:53:27,22.483,7.244,67.947,0,0,5371052,164656,167884,2313436,4962.141,1606.751,0,387.699,0,24.981,9802,18249,1.390,1.830,1.250,1,0,13.989,0,0,18,298,1,5,0
19-06 18:53:28,21.318,5.768,72.481,0.251,0,5354904,188000,167904,2306220,4333.811,1625.179,0,501.598,0,19.061,2285,1746,1.390,1.830,1.250,1,0,6.019,0,0,18,298,1,5,0
19-06 18:53:29,21.667,4.981,71.726,0,0,5366596,173492,167904,2309084,4781.736,1655.676,633.580,514.037,12.951,9.962,2213,1777,1.390,1.830,1.250,1,0,4.981,0,0,18,298,1,2,0
19-06 18:53:30,24.267,3.753,68.547,0.751,0,5366232,173012,167952,2309880,4503.106,1621.118,384.265,4170.877,24.017,399.275,5992,8005,1.390,1.830,1.250,1,0,0,0,0,18,302,1,4,0
19-06 18:53:31,21.768,9.758,65.304,1.751,0,5286808,251520,168112,2310636,5001.125,1621.337,572.472,1773.463,26.021,222.183,6641,9014,1.390,1.830,1.250,1,0,108.089,0,0,18,300,1,4,0
19-06 18:53:32,9.734,20.466,67.887,0.250,0,5295400,242704,168180,2310800,4224.986,1509.494,103.828,1793.023,3.993,114.809,5657,4712,1.360,1.810,1.250,1,0,308.488,0,0,18,300,1,4,0
19-06 18:53:33,11.008,6.505,71.050,9.757,0,5287396,223676,168192,2337804,4503.193,1621.150,27059.188,336.238,1595.131,16.011,4006,5096,1.360,1.810,1.250,1,0,32.023,0,0,18,300,1,5,0
19-06 18:53:34,7.747,4.498,73.474,11.746,0,5287728,205280,168240,2355820,5340.076,2580.070,17969.526,4610.339,1965.292,179.935,4172,6367,1.360,1.810,1.250,0,0,6.997,0,0,18,301,1,5,0
19-06 18:53:35,1.250,0.500,97.233,0.250,0,5287712,205280,168256,2355820,24518.715,3276.427,0,135.976,0,12.998,952,1360,1.360,1.810,1.250,0,0,0,0,0,18,301,1,5,0
19-06 18:53:36,7.232,5.985,84.785,0.249,0,5265340,226848,168272,2356608,409265.369,9893.915,478.786,554.594,16.957,14.962,2484,2211,1.360,1.810,1.250,1,0,31.919,0,0,18,303,1,5,0
19-06 18:53:37,2.256,1.253,95.492,0,0,5261364,230428,168272,2357004,395374.526,7315.531,0,36.091,0,1.003,1317,1513,1.250,1.780,1.240,1,0,3.008,0,0,18,302,1,5,0
19-06 18:53:38,0.750,0.500,97.514,0,0,5260608,231184,168272,2357004,4676.690,1566.231,0,0,0,0,959,1290,1.250,1.780,1.240,0,0,0,0,0,18,302,1,5,0
19-06 18:53:39,1.500,0.250,97.224,0,0,5259608,232184,168272,2357004,4830.708,1553.585,0,0,0,0,896,1218,1.250,1.780,1.240,0,0,0,0,0,18,302,1,5,0
19-06 18:53:40,0.750,0.750,97.509,0,0,5259608,232184,168272,2357004,4606.429,1566.146,0,188.018,0,1.000,871,1236,1.250,1.780,1.240,0,0,0,0,0,18,302,1,5,0
19-06 18:53:41,3.248,0.999,93.945,0.500,0,5259552,232184,168312,2357020,4800.188,1565.083,0,2262.675,0,356.791,1762,2319,1.250,1.780,1.240,0,0,0,0,0,18,302,1,5,0
19-06 18:53:42,2.251,0.500,95.526,0.500,0,5260512,231176,168364,2357016,4653.284,1554.429,0,796.220,0,61.017,1428,2188,1.150,1.750,1.240,0,0,0,0,0,18,302,1,5,0
19-06 18:53:43,1.500,0.500,96.515,0,0,5260504,231176,168364,2357024,4232.676,1512.242,0,0,0,0,1008,1395,1.150,1.750,1.240,0,0,0,0,0,18,302,1,5,0
19-06 18:53:44,1.000,0.750,97.500,0,0,5261004,230676,168364,2357024,4526.015,1026.003,0,0,0,0,907,1248,1.150,1.750,1.240,0,0,1.000,0,0,18,302,1,5,0
19-06 18:53:45,1.000,0.500,97.003,0,0,5259808,231860,168376,2357024,4860.157,1620.052,0,228.007,0,16.001,893,1296,1.150,1.750,1.240,0,0,0,0,0,18,302,1,5,0
19-06 18:53:46,1.500,0.250,97.257,0,0,5258400,233264,168376,2357028,5297.359,1620.110,0,0,0,0,993,1332,1.150,1.750,1.240,0,0,0,0,0,18,302,1,5,0
19-06 18:53:47,1.250,0.750,97.471,0,0,5257172,234492,168376,2357028,4738.597,1619.520,0,3.999,0,1.000,853,1237,1.050,1.720,1.230,0,0,0,0,0,18,302,1,5,0
19-06 18:53:48,0.749,0.749,97.136,0,0,5256408,235252,168376,2357032,4804.364,1692.015,0,0,0,0,1022,1388,1.050,1.720,1.230,0,0,1.998,0,0,18,302,1,5,0
19-06 18:53:49,1.753,1.252,96.157,0,0,5248416,243244,168376,2357032,5288.643,1696.773,0,0,0,0,1072,1306,1.050,1.720,1.230,1,0,6.010,0,0,18,302,1,5,0
19-06 18:53:50,1.000,0.750,97.514,0,0,5248416,243244,168376,2357032,5940.860,1694.245,0,0,0,0,919,1298,1.050,1.720,1.230,0,0,0,0,0,18,302,1,5,0
19-06 18:53:51,1.505,2.509,94.336,0.251,0,5247300,244340,168400,2357028,4792.071,1537.477,16.057,236.844,1.004,32.114,1408,2012,1.050,1.720,1.230,0,0,0,0,0,18,302,1,5,0
19-06 18:53:52,1.743,1.245,94.889,0.747,0.249,5247412,244088,168512,2357056,4243.863,1687.583,0,4044.620,0,213.189,1571,2601,0.970,1.690,1.220,0,0,0,0,0,18,302,1,5,0
19-06 18:53:53,1.254,1.505,96.596,0,0,5247412,244088,168512,2357056,4172.948,1537.508,0,21505.033,0,182.654,1225,1445,0.970,1.690,1.220,2,0,0,0,0,18,302,1,5,0
19-06 18:53:54,0.996,2.740,94.397,0,0,5246180,245272,168528,2357088,4662.545,1613.958,15.940,74190.264,3.985,672.483,1937,2211,0.970,1.690,1.220,0,0,0.996,0,0,18,302,1,5,0
19-06 18:53:55,1.250,0.500,97.499,0,0,5246176,245272,168528,2357092,4697.928,1531.976,0,0,0,0,865,1224,0.970,1.690,1.220,0,0,0,0,0,18,302,1,5,0
19-06 18:53:56,1.500,1.000,96.032,0.500,0,5246420,245020,168544,2357084,4818.601,1620.539,0,2180.725,0,160.053,1263,1750,0.970,1.690,1.220,0,0,0,0,0,18,302,1,5,0
19-06 18:53:57,9.761,19.522,67.577,0.501,0,5253904,237464,168560,2357304,4402.992,1459.655,180.204,296.336,9.010,23.026,5640,4559,0.970,1.680,1.220,1,0,358.406,0,0,18,302,1,5,0
19-06 18:53:58,8.239,19.723,69.656,0.250,0,5266940,224408,168564,2357320,4673.710,1617.823,0,39.946,0,2.996,5845,4749,0.970,1.680,1.220,1,0,355.522,0,0,18,302,1,5,0
19-06 18:53:59,6.772,21.069,69.978,0,0.251,5268216,223100,168564,2357352,4833.776,1537.016,0,886.895,0,10.033,5686,4403,0.970,1.680,1.220,3,0,350.143,0,0,18,302,1,5,0
19-06 18:54:00,8.489,20.974,68.164,0,0,5265464,225832,168564,2357372,4632.182,1456.171,0,299.624,0,14.981,5719,4428,0.970,1.680,1.220,1,0,368.537,0,0,18,302,1,5,0
19-06 18:54:01,8.004,23.011,67.033,0,0,5264508,226716,168572,2357436,5299.581,1704.830,28.014,104.051,1.000,9.004,6186,5351,0.970,1.680,1.220,1,0,424.207,0,0,18,302,1,5,0
19-06 18:54:02,8.767,19.789,68.884,0.250,0,5266884,223420,168620,2358308,4586.928,1460.843,917.786,661.287,49.096,53.103,5942,4922,0.970,1.670,1.220,2,0,338.659,0,0,18,302,1,5,0
19-06 18:54:03,18.671,3.734,76.179,0.498,0,5299164,188312,168768,2360988,5633.245,2379.964,2776.293,67.714,69.706,3.983,2867,2396,0.970,1.670,1.220,0,0,27.882,0,0,18,303,1,5,0
19-06 18:54:04,1.500,1.000,95.987,0,0,5295004,192184,168776,2361268,311468.068,10594.574,3.999,1867.749,1.000,11.998,1319,1553,0.970,1.670,1.220,0,0,1.000,0,0,18,303,1,5,0
19-06 18:54:05,2.251,1.750,94.274,0,0,5294820,190980,168776,2362656,1454607.585,38919.835,0,4.001,0,1.000,2574,2272,0.970,1.670,1.220,0,0,0,0,0,18,303,1,5,0
19-06 18:54:06,2.750,1.250,94.246,0,0,5294440,190836,168784,2363172,538605.846,14002.450,0,3167.876,0,180.993,1847,1976,0.970,1.670,1.220,0,0,1.000,0,0,18,303,1,5,0
19-06 18:54:07,9.000,4.250,85.996,0,0,5285940,198388,168792,2364112,825145.344,19901.116,19.999,63.997,1.000,6.000,3495,10457,1.060,1.680,1.230,0,0,38.998,0,0,18,303,1,6,0
19-06 18:54:08,5.250,1.250,92.256,0.500,0,5285604,198164,168808,2364656,540076.967,13602.881,0,1620.105,0,25.002,2287,2612,1.060,1.680,1.230,0,0,2.000,0,0,18,303,1,8,0
19-06 18:54:09,1.249,1.000,96.210,0,0,5285184,198164,168808,2365076,439484.985,9380.115,0,1679.305,0,14.994,1417,1529,1.060,1.680,1.230,0,0,0,0,0,18,303,1,8,0
19-06 18:54:10,7.016,2.756,88.207,0.752,0,5323768,153180,169240,2371048,475396.394,10590.804,5965.973,601.409,165.387,5.012,2080,1980,1.060,1.680,1.230,2,0,11.026,0,0,18,302,1,8,0
19-06 18:54:11,9.270,15.784,68.147,4.259,0,5294068,206396,168520,2348832,4063.794,1461.162,100.217,29423.674,17.037,1458.155,8234,11204,1.060,1.680,1.230,1,1,120.260,0,0,18,302,1,8,0
19-06 18:54:12,17.686,11.459,67.008,2.740,0,5316312,177668,169128,2354556,4178.885,1452.746,135.510,10521.943,2.989,911.702,6332,7905,1.130,1.680,1.230,1,0,81.704,0,0,18,302,1,8,0
19-06 18:54:13,22.742,8.747,66.977,1.000,0,5315792,177132,169296,2355428,4482.488,1457.508,0,1695.428,0,105.964,3695,3023,1.130,1.680,1.230,1,0,37.987,0,0,18,302,1,8,0
19-06 18:54:14,24.008,7.503,66.273,0.500,0,5316544,175368,169488,2356248,4905.708,1458.508,0,1260.439,0,75.026,3543,2732,1.130,1.680,1.230,1,0,35.012,0,0,18,302,1,8,0
19-06 18:54:15,41.003,11.501,46.004,0.500,0,5335024,151416,169856,2361248,4784.381,1458.116,664.053,1848.147,23.002,70.006,4157,3101,1.130,1.680,1.230,4,0,28.002,0,0,18,302,1,8,0
19-06 18:54:16,33.105,10.032,55.677,1.003,0,5338668,172516,168444,2338156,5392.133,1462.647,617.963,5437.276,30.096,103.328,4591,4776,1.130,1.680,1.230,1,0,21.067,0,0,18,302,1,8,0
19-06 18:54:17,14.501,13.501,69.507,0.750,0,5375072,131300,164860,2345224,4998.474,1458.138,5832.553,1136.108,113.011,222.021,3147,2395,1.200,1.690,1.230,1,0,43.004,0,0,18,302,1,8,0
19-06 18:54:18,19.726,7.241,72.163,0.499,0,5353960,149928,164872,2345656,4932.049,1456.243,427.484,2772.655,16.980,14.982,2815,2124,1.200,1.690,1.230,1,0,40.951,0,0,18,302,1,8,0
19-06 18:54:19,16.946,3.240,78.002,0,0,5285060,275624,164904,2290200,4862.543,1453.380,91.708,3.987,10.965,0.997,2138,1720,1.200,1.690,1.230,0,0,16.946,0,0,18,302,1,8,0
19-06 18:54:20,1.250,0.750,97.259,0,0,5276976,283704,164904,2290204,4818.455,1458.138,0,0,0,0,896,1259,1.200,1.690,1.230,0,0,0,0,0,18,302,1,8,0
19-06 18:54:21,2.000,0.500,96.006,0,0,5274416,286232,164928,2290212,4997.300,1620.097,4.000,240.014,1.000,15.001,1175,1771,1.200,1.690,1.230,0,0,0,0,0,18,302,1,8,0
19-06 18:54:22,1.751,1.000,96.285,0.250,0,5272448,288164,164964,2290212,4441.615,1620.589,4.001,608.221,1.000,51.019,1210,1847,1.110,1.660,1.230,0,0,0,0,0,18,302,1,8,0
19-06 18:54:23,1.500,0.500,97.251,0,0,5270296,290312,164964,2290216,4620.035,1620.012,0,8.000,0,2.000,907,1263,1.110,1.660,1.230,0,0,0,0,0,18,302,1,8,0
19-06 18:54:24,1.248,0.499,97.357,0,0,5268896,291712,164964,2290216,4433.473,1691.510,0,0,0,0,931,1320,1.110,1.660,1.230,0,0,0.999,0,0,18,302,1,8,0
19-06 18:54:25,1.001,0.250,97.628,0,0,5267452,293156,164964,2290216,4704.180,1459.918,0,0,0,0,837,1222,1.110,1.660,1.230,0,0,0,0,0,18,302,1,8,0
19-06 18:54:26,1.250,1.000,96.485,0,0,5258344,302244,164972,2290228,4576.277,1619.744,0,115.982,0,14.998,1177,1756,1.110,1.660,1.230,0,0,0,0,0,18,302,1,8,0
19-06 18:54:27,1.748,0.749,96.416,0.250,0,5258340,302244,165000,2290204,4574.020,1498.696,0,259.774,0,22.980,1147,1713,1.020,1.630,1.220,0,0,0,0,0,18,302,1,8,0
19-06 18:54:28,1.501,0.500,96.577,0,0,5258540,302020,165000,2290228,5044.026,1621.294,0,660.527,0,146.117,1043,1358,1.020,1.630,1.220,0,0,0,0,0,18,302,1,8,0
19-06 18:54:29,1.000,0.250,97.499,0,0,5258540,302020,165000,2290228,4757.962,1457.988,0,4.000,0,1.000,822,1228,1.020,1.630,1.220,0,0,0,0,0,18,302,1,8,0
19-06 18:54:30,1.250,1.000,97.266,0.250,0,5251072,309612,165012,2290228,4860.794,1620.265,0,4028.658,0,213.035,1049,1368,1.020,1.630,1.220,0,0,0,0,0,18,302,1,6,0
19-06 18:54:31,1.250,0.750,96.527,0,0,5251072,309612,165012,2290228,3750.045,972.271,0,0,0,0,1062,1465,1.020,1.630,1.220,0,0,0,0,0,18,302,1,6,0
19-06 18:54:32,1.500,1.000,96.719,0,0,5251044,309612,165040,2290232,4544.529,1565.493,0,255.917,0,22.993,1216,1778,0.940,1.600,1.210,0,0,0,0,0,18,302,1,6,0
19-06 18:54:33,1.243,0.249,96.953,0,0,5251036,309612,165048,2290232,4208.276,1503.524,0,31.821,0,3.978,960,1296,0.940,1.600,1.210,0,0,0,0,0,18,302,1,6,0
19-06 18:54:34,1.257,0.754,96.802,0,0,5251036,309612,165048,2290232,4934.115,1574.974,0,0,0,0,968,1321,0.940,1.600,1.210,0,0,1.006,0,0,18,302,1,4,0
19-06 18:54:35,1.250,0.750,97.711,0,0,5251036,309612,165048,2290232,4710.126,1511.399,0,23.990,0,2.999,809,1195,0.940,1.600,1.210,0,0,0,0,0,18,302,1,4,0
19-06 18:54:36,1.501,1.251,96.292,0.250,0,5250860,309612,165056,2290400,5295.330,1566.689,0,108.048,0,7.003,1196,1555,0.940,1.600,1.210,0,0,0,0,0,18,302,1,4,0
19-06 18:54:37,1.250,0.250,96.719,0,0,5250860,309612,165056,2290400,5230.333,1553.505,0,59.981,0,5.998,971,1309,0.860,1.580,1.210,0,0,0,0,0,18,302,1,4,0
19-06 18:54:38,1.000,0,97.511,0,0,5250856,309612,165056,2290404,5170.567,1620.178,0,0,0,0,933,1288,0.860,1.580,1.210,1,0,0,0,0,18,302,1,4,0
19-06 18:54:39,1.500,1.250,97.227,0.250,0,5250856,309612,165056,2290404,5338.727,1619.614,0,571.864,0,124.970,1009,1329,0.860,1.580,1.210,0,0,0,0,0,18,302,1,4,0
19-06 18:54:40,1.250,0,97.517,0,0,5250856,309612,165056,2290404,4966.869,1566.274,0,0,0,0,889,1265,0.860,1.580,1.210,0,0,0,0,0,18,302,1,4,0
19-06 18:54:41,1.504,0.752,96.771,0,0,5250856,309612,165072,2290388,5131.378,1624.552,0,100.281,0,13.037,1185,1714,0.860,1.580,1.210,0,0,0,0,0,18,302,1,4,0
19-06 18:54:42,1.750,0.750,96.503,0.500,0,5250820,309612,165104,2290392,4260.116,1620.044,0,504.014,0,43.001,1384,2155,0.790,1.550,1.200,0,0,0,0,0,18,302,1,4,0
19-06 18:54:43,0.998,0.249,97.508,0,0,5250804,309612,165104,2290408,4309.309,1615.991,0,0,0,0,999,1346,0.790,1.550,1.200,0,0,0,0,0,18,302,1,4,0
19-06 18:54:44,1.500,0.750,96.985,0,0,5250804,309612,165104,2290408,4231.357,1511.770,0,35.995,0,3.000,921,1308,0.790,1.550,1.200,0,0,1.000,0,0,18,302,1,4,0
19-06 18:54:45,1.500,1.250,96.224,0,0,5250804,309612,165104,2290408,4678.719,1619.556,0,5098.604,0,44.988,1034,1396,0.790,1.550,1.200,0,0,0,0,0,18,302,1,4,0
19-06 18:54:46,1.250,0.500,97.019,0,0.250,5250804,309612,165104,2290408,4211.827,1134.223,0,0,0,0,1013,1415,0.790,1.550,1.200,0,0,0,0,0,18,302,1,4,0
19-06 18:54:47,1.749,0.500,96.217,0,0,5250800,309612,165104,2290412,4742.367,1403.517,0,15.994,0,1.999,910,1257,0.730,1.530,1.190,0,0,0,0,0,18,302,1,4,0
19-06 18:54:48,1.250,0.500,96.752,0,0,5250796,309612,165104,2290416,5778.142,1532.038,0,0,0,0,1038,1357,0.730,1.530,1.190,0,0,2.000,0,0,18,302,1,4,0
19-06 18:54:49,5.273,4.017,89.885,0.251,0,5275484,284920,165104,2290416,6447.627,1701.290,0,650.789,0,136.585,1505,1502,0.730,1.530,1.190,1,0,11.047,0,0,18,302,1,4,0
19-06 18:54:50,13.255,4.002,78.280,3.001,0,5291064,266580,165464,2292400,14325.420,9796.706,2324.880,51567.509,503.190,63.024,2991,3385,0.730,1.530,1.190,1,0,0,0,0,18,303,1,5,0
19-06 18:54:51,14.932,3.484,79.142,0,0,5294004,263516,165508,2292480,15437.193,12030.597,47.784,1345.914,2.986,41.811,2795,2952,0.730,1.530,1.190,0,0,4.977,0,0,18,303,1,6,0
19-06 18:54:52,15.748,3.999,77.488,1.250,0,5315988,241096,165612,2292812,15552.655,12066.180,95.986,2363.644,4.999,158.976,2932,3347,0.750,1.520,1.190,0,0,4.999,0,0,18,303,1,8,0
19-06 18:54:53,14.530,4.008,80.415,0,0,5307908,248996,165636,2292968,15104.930,11282.102,0,328.673,0,35.072,2599,2693,0.750,1.520,1.190,0,0,5.010,0,0,18,303,1,9,0
19-06 18:54:54,14.225,4.243,80.361,0.250,0,5302012,254880,165644,2292972,14780.487,11710.786,0,103.821,0,11.979,2596,2598,0.750,1.520,1.190,1,0,5.990,0,0,18,302,1,11,0
19-06 18:54:55,16.015,3.503,79.326,0.250,0,5301540,255164,165664,2293140,15487.866,12167.679,0,216.208,0,22.021,2742,2719,0.750,1.520,1.190,1,0,18.017,0,0,18,302,1,12,0
19-06 18:54:56,43.951,8.740,46.948,0,0,5048300,508396,165676,2293132,4979.436,1564.252,0,95.893,0,11.987,3341,2046,0.750,1.520,1.190,1,0,5.993,0,0,18,286,1,16,0
19-06 18:54:57,71.072,13.561,15.319,0,0,5055248,501460,165704,2293192,4761.565,1627.370,72.328,128.582,12.055,18.082,4596,2902,1.170,1.590,1.220,4,0,6.027,0,0,18,280,1,16,0
19-06 18:54:58,86.618,12.731,0,0,0,5147516,408768,165720,2293628,5331.894,1617.541,331.496,243.630,18.971,6.989,4955,2353,1.170,1.590,1.220,4,1,2.995,0,0,18,274,1,17,0
19-06 18:54:59,83.052,16.260,0.250,0.500,0,5053428,501920,165732,2294588,4923.066,1695.056,404.252,180.112,30.019,11.007,6248,5246,1.170,1.590,1.220,7,0,11.007,0,0,18,261,1,21,0
19-06 18:55:00,63.651,9.735,25.710,0.499,0,5184948,367468,165816,2297404,5691.166,1617.489,1158.202,6270.267,57.910,743.845,8419,12922,1.170,1.590,1.220,3,0,1.997,0,0,18,265,1,25,0
19-06 18:55:01,31.648,8.971,56.817,0.498,0,5280584,270116,165888,2299032,12227.591,5793.328,849.263,2081.292,65.788,160.483,4981,6536,1.170,1.590,1.220,4,0,169.454,0,0,18,271,1,30,0
19-06 18:55:02,19.013,10.257,68.548,0,0,5324884,224744,165912,2300036,58291.777,17502.243,72.050,432.302,5.004,34.024,6331,7982,1.560,1.660,1.240,1,0,167.117,0,0,18,283,1,30,0
19-06 18:55:03,1.751,1.000,95.294,0.250,0,5325860,223736,165940,2300040,6508.025,1792.833,0,260.121,0,33.015,1438,1939,1.560,1.660,1.240,0,0,0,0,0,18,283,1,30,0
19-06 18:55:04,1.000,1.000,96.987,0.250,0,5325852,223736,165948,2300040,4951.359,1511.804,0,1531.802,0,10.999,997,1354,1.560,1.660,1.240,0,0,1.000,0,0,18,283,1,30,0
19-06 18:55:05,4.265,1.756,92.333,0.502,0,5329540,219980,165988,2300068,5224.846,1571.669,0,686.476,0,48.174,1718,2246,1.560,1.660,1.240,3,0,3.011,0,0,18,283,1,30,0
19-06 18:55:06,3.502,0.750,95.048,0,0,5329508,219980,166020,2300068,4911.474,1512.762,0,176.089,0,19.010,1316,1704,1.560,1.660,1.240,1,0,1.001,0,0,18,284,1,30,0
19-06 18:55:07,9.216,4.234,84.441,0,0,5351864,197580,166048,2300084,5200.957,1614.090,0,203.256,0,18.931,3205,7755,1.430,1.640,1.240,0,0,37.861,0,0,18,283,1,30,0
19-06 18:55:08,1.500,0.750,96.994,0,0,5351860,197580,166048,2300088,5263.687,1531.909,0,31.998,0,4.000,979,1337,1.430,1.640,1.240,0,0,0,0,0,18,283,1,30,0
19-06 18:55:09,1.250,0.500,96.986,0,0,5349916,199524,166048,2300088,6385.049,1619.759,0,0,0,0,820,1163,1.430,1.640,1.240,0,0,0,0,0,18,283,1,30,0
19-06 18:55:10,1.500,1.000,96.489,0.250,0,5346544,202864,166080,2300088,5983.323,1457.835,0,303.966,0,27.997,1054,1440,1.430,1.640,1.240,1,0,0,0,0,18,283,1,30,0
19-06 18:55:11,4.751,5.501,88.018,0.250,0,5344384,204952,166096,2300140,4681.940,1458.293,44.009,216.043,3.001,23.005,2381,2659,1.430,1.640,1.240,0,0,86.017,0,0,18,283,1,27,0
19-06 18:55:12,2.000,0.750,95.241,0.500,0,5341952,207308,166164,2300148,4379.580,1619.845,0,699.933,0,65.994,1548,2469,1.400,1.630,1.240,0,0,0,0,0,18,283,1,27,0
19-06 18:55:13,2.251,1.000,95.291,0.250,0,5339748,209456,166216,2300152,4788.056,1566.673,0,316.136,0,41.018,1434,2138,1.400,1.630,1.240,0,0,0,0,0,18,283,1,27,0
19-06 18:55:14,0.500,0.250,98.274,0,0,5336056,213136,166228,2300152,4543.125,1512.374,0,104.026,0,8.002,857,1282,1.400,1.630,1.240,0,0,1.000,0,0,18,283,1,27,0
19-06 18:55:15,0.500,0.250,97.974,0,0,5332376,216816,166228,2300152,4858.729,1689.558,0,0,0,0,815,1212,1.400,1.630,1.240,0,0,0,0,0,18,283,1,27,0
19-06 18:55:16,1.250,0.750,97.503,0,0,5327576,221604,166240,2300152,5237.143,1620.044,0,316.009,0,21.001,963,1364,1.400,1.630,1.240,0,0,0,0,0,18,283,1,27,0
19-06 18:55:17,1.499,0.250,97.195,0,0,5323872,225296,166248,2300156,5468.913,1751.012,0,63.964,0,7.995,880,1270,1.290,1.600,1.230,0,0,0,0,0,18,283,1,27,0
19-06 18:55:18,0.750,0.500,97.276,0,0,5320612,228556,166248,2300156,5745.542,1590.427,0,0,0,0,948,1247,1.290,1.600,1.230,0,0,0,0,0,18,283,1,27,0
19-06 18:55:19,1.000,0.500,97.494,0,0,5318608,230560,166248,2300156,5625.630,1619.893,0,0,0,0,842,1171,1.290,1.600,1.230,1,0,0,0,0,18,283,1,27,0
19-06 18:55:20,7.246,0.999,89.948,0.250,0,5318204,230964,166276,2300128,4935.144,1457.157,0,263.847,0,33.980,2312,3359,1.290,1.600,1.230,0,0,0,0,0,18,283,1,27,0
19-06 18:55:21,2.001,1.251,95.569,0.500,0,5318120,230964,166304,2300184,4760.461,1621.179,0,8282.021,0,971.706,1815,1848,1.290,1.600,1.230,0,0,0,0,0,18,283,1,27,0
19-06 18:55:22,1.999,0.500,95.973,0,0.250,5318104,230964,166312,2300192,4696.691,1457.594,0,91.974,0,11.997,1259,1793,1.180,1.570,1.220,0,0,0,0,0,18,283,1,27,0
19-06 18:55:23,2.499,1.000,95.716,0.500,0,5318252,230764,166360,2300196,4230.497,1511.463,0,223.920,0,33.988,1458,2080,1.180,1.570,1.220,0,0,0,0,0,18,283,1,27,0
19-06 18:55:24,0.750,0.250,97.037,0,0,5318248,230764,166360,2300200,4547.734,1640.626,0,0,0,0,896,1196,1.180,1.570,1.220,0,0,1.000,0,0,18,283,1,27,0
19-06 18:55:25,0.750,1.000,97.493,0,0,5318248,230764,166360,2300200,4757.645,1457.891,0,0,0,0,877,1181,1.180,1.570,1.220,0,0,0,0,0,18,283,1,27,0
19-06 18:55:26,2.000,1.000,95.273,0.500,0,5318192,230764,166416,2300200,4958.220,1458.359,0,884.218,0,68.017,1425,2039,1.180,1.570,1.220,1,0,1.000,0,0,18,283,1,27,0
19-06 18:55:27,1.999,0.750,96.463,0.250,0,5318172,230764,166448,2300188,4884.135,1661.365,0,379.855,0,32.987,1340,1988,1.090,1.550,1.210,0,0,0,0,0,18,283,1,27,0
19-06 18:55:28,0.750,0.500,97.032,0,0.250,5318156,230764,166448,2300204,4305.423,1458.482,0,0,0,0,940,1307,1.090,1.550,1.210,0,0,0,0,0,18,283,1,27,0
19-06 18:55:29,22.988,6.497,69.215,0.500,0,5304692,243040,166592,2301176,5179.354,1899.030,1019.479,63.967,98.949,3.998,3140,2706,1.090,1.550,1.210,3,0,71.963,0,0,18,279,1,29,0
19-06 18:55:30,32.275,5.504,61.047,0.500,0,5017868,529892,166660,2301220,4649.559,1973.511,72.055,2946.255,5.004,140.107,2895,2422,1.090,1.550,1.210,2,0,9.007,0,0,18,279,1,29,0
19-06 18:55:31,22.757,3.751,72.023,0,0,5077732,469628,166664,2301424,4564.438,1886.594,140.044,808.255,17.005,77.024,2145,1647,1.090,1.550,1.210,1,0,2.001,0,0,18,279,1,29,0
19-06 18:55:32,22.989,6.247,69.465,0.500,0,5150900,395320,166692,2302408,4541.742,1823.094,231.885,391.805,24.988,32.984,4082,5608,1.080,1.540,1.210,1,0,15.992,0,0,18,283,1,31,0
19-06 18:55:33,23.750,5.750,69.500,0.250,0,5235760,310396,166740,2302424,4991.980,1751.993,0,495.998,0,48.000,2803,2653,1.080,1.540,1.210,1,0,5.000,0,0,18,283,1,31,0
19-06 18:55:34,19.722,2.996,76.141,0.250,0,5254716,291248,166744,2302612,5392.304,1743.512,3.994,15.977,0.999,3.994,1873,1441,1.080,1.540,1.210,1,0,1.997,0,0,18,283,1,31,0
19-06 18:55:35,1.252,0.751,97.650,0,0,5252560,293404,166744,2302612,5348.222,1762.710,0,348.536,0,3.005,895,1224,1.080,1.540,1.210,0,0,1.002,0,0,18,283,1,31,0
19-06 18:55:36,1.750,0.750,95.981,0,0,5251036,294864,166764,2302656,5235.949,1619.675,0,1095.780,0,143.971,1061,1378,1.080,1.540,1.210,0,0,0,0,0,18,283,1,31,0
19-06 18:55:37,1.250,0.750,96.996,0.250,0.250,5246568,299312,166776,2302664,4839.817,1661.937,0,295.989,0,8.000,954,1300,0.990,1.510,1.210,0,0,0,0,0,18,283,1,31,0
19-06 18:55:38,1.250,0.500,97.276,0,0,5243972,301908,166776,2302664,5059.354,1458.390,0,0,0,0,849,1198,0.990,1.510,1.210,0,0,0,0,0,18,283,1,31,0
19-06 18:55:39,0.750,0.250,97.717,0,0,5236800,309080,166776,2302664,5278.213,1709.421,0,0,0,0,842,1198,0.990,1.510,1.210,0,0,0,0,0,18,283,1,31,0
19-06 18:55:40,1.751,0.250,97.031,0,0,5230996,314884,166776,2302664,5361.714,1458.466,0,0,0,0,843,1208,0.990,1.510,1.210,1,0,0,0,0,18,283,1,31,0
19-06 18:55:41,1.499,1.250,96.213,0,0,5222732,323140,166784,2302664,5115.020,1619.373,0,123.952,0,12.995,1139,1638,0.990,1.510,1.210,0,0,0,0,0,18,283,1,31,0
19-06 18:55:42,2.500,0.500,94.752,0.500,0,5218700,327004,166820,2302796,4638.091,1458.029,0,496.010,0,50.001,1430,2146,0.910,1.480,1.200,0,0,0,0,0,18,283,1,31,0
19-06 18:55:43,2.751,0.750,95.286,0.250,0,5216264,329392,166864,2302800,4519.711,1598.605,0,316.120,0,41.016,1481,2249,0.910,1.480,1.200,0,0,0,0,0,18,283,1,31,0
19-06 18:55:44,0.750,0.750,96.972,0,0,5213936,331712,166872,2302800,2999.124,0,0,99.971,0,7.998,816,1245,0.910,1.480,1.200,0,0,1.000,0,0,18,283,1,31,0
19-06 18:55:45,1.500,0.250,96.988,0,0,5211884,333756,166880,2302800,5251.353,1511.814,0,135.983,0,10.999,940,1293,0.910,1.480,1.200,0,0,0,0,0,18,283,1,31,0
19-06 18:55:46,1.000,0.750,96.980,0.250,0,5210808,334824,166888,2302800,4196.149,1079.781,0,4771.032,0,624.873,1305,1343,0.910,1.480,1.200,0,0,0,0,0,18,283,1,31,0
19-06 18:55:47,1.000,0.750,97.259,0,0,5209180,336452,166888,2302800,4372.416,1632.155,0,4.000,0,1.000,904,1252,0.840,1.460,1.190,0,0,0,0,0,18,283,1,31,0
19-06 18:55:48,1.750,0.750,96.742,0,0,5207572,338112,166888,2302792,5091.584,1709.860,0,0,0,0,1024,1315,0.840,1.460,1.190,1,0,3.000,0,0,18,283,0,31,0
19-06 18:55:49,1.252,1.252,96.125,0,0,5206936,338744,166888,2302792,5827.608,1712.235,0,0,0,0,1040,1263,0.840,1.460,1.190,0,0,6.008,0,0,18,283,0,31,0
19-06 18:55:50,1.747,0.749,96.850,0,0,5205680,340000,166888,2302792,5866.938,1563.585,0,0,0,0,947,1236,0.840,1.460,1.190,0,0,0,0,0,18,283,0,31,0
19-06 18:55:51,1.251,0.500,97.330,0.250,0,5204716,340964,166892,2302788,5601.614,1663.370,0,92.076,0,6.005,932,1268,0.840,1.460,1.190,0,0,0,0,0,18,283,0,31,0
19-06 18:55:52,2.000,1.000,95.746,0.250,0,5204068,341580,166920,2302792,4499.797,1619.927,0,295.987,0,28.999,1250,1780,0.770,1.440,1.190,0,0,0,0,0,18,283,0,27,0
19-06 18:55:53,1.499,0.750,95.696,0,0,5203980,341636,166948,2302796,4557.436,1619.089,0,247.861,0,38.978,1513,2354,0.770,1.440,1.190,0,0,0,0,0,18,283,0,27,0
19-06 18:55:54,1.751,0.750,97.284,0.250,0,5203968,341636,166956,2302800,4759.680,1458.515,0,104.037,0,8.003,913,1318,0.770,1.440,1.190,0,0,1.000,0,0,18,283,0,27,0
19-06 18:55:55,0.750,0.500,97.494,0,0,5203968,341636,166956,2302800,4859.722,1661.905,0,0,0,0,871,1260,0.770,1.440,1.190,1,0,0,0,0,18,283,0,27,0
19-06 18:55:56,2.007,0.502,96.359,0,0,5203952,341636,166980,2302792,5274.650,1463.452,0,401.496,0,32.120,1243,1808,0.770,1.440,1.190,0,0,0,0,0,18,283,0,19,0
19-06 18:55:57,1.992,0.996,95.125,0,0,5203916,341636,167000,2302808,5319.032,1613.639,0,262.963,0,22.910,1255,1733,0.710,1.410,1.180,0,0,0,0,0,18,283,0,19,0
19-06 18:55:58,1.750,0,97.011,0,0,5203908,341636,167004,2302812,4458.528,1458.173,0,32.004,0,3.000,1018,1464,0.710,1.410,1.180,0,0,0,0,0,18,283,0,19,0
19-06 18:55:59,2.001,1.000,96.530,0.500,0,5203908,341636,167012,2302804,4593.439,1652.518,0,36.011,0,4.001,1038,1470,0.710,1.410,1.180,0,0,0,0,0,18,283,0,19,0
19-06 18:56:00,6.501,12.252,79.015,0,0,5199628,345884,167020,2302828,4486.847,1656.313,0,208.039,0,15.003,3963,3385,0.710,1.410,1.180,1,0,211.040,0,0,18,283,0,10,0
19-06 18:56:01,18.960,9.480,70.103,0,0,5256940,288528,167024,2302868,4944.616,1454.944,31.933,43.908,1.996,2.994,3440,2794,0.710,1.410,1.180,1,0,102.784,0,0,18,283,0,10,0
19-06 18:56:02,20.040,3.006,75.651,0,0,5290356,255052,167040,2302912,10210.317,7305.537,32.064,340.678,2.004,51.102,2626,2619,0.730,1.400,1.180,2,0,0,0,0,18,284,0,10,0
19-06 18:56:03,22.815,4.262,70.200,1.003,0,5289816,255052,167184,2303308,15248.378,7170.398,320.913,1215.458,15.043,132.377,5329,8030,0.730,1.400,1.180,2,0,1.003,0,0,18,284,0,12,0
19-06 18:56:04,39.774,8.755,50.030,0.250,0,5374184,170492,167268,2303416,5935.613,2729.662,48.029,752.458,3.002,86.052,4308,4434,0.730,1.400,1.180,3,0,27.016,0,0,18,283,0,13,0
19-06 18:56:05,35.880,6.229,55.564,0.249,0,5398996,145148,167280,2303936,35481.296,32020.873,318.933,167.440,15.947,9.967,4151,3888,0.730,1.400,1.180,1,0,6.977,0,0,18,285,0,17,0
19-06 18:56:06,12.501,3.750,83.009,0.250,0,5389300,154820,167292,2303948,12750.457,8664.990,0,212.024,0,12.001,2221,2178,0.730,1.400,1.180,0,0,37.004,0,0,18,283,0,20,0
19-06 18:56:07,8.234,3.743,86.585,0.250,0,5383288,160804,167312,2303956,5435.640,1604.941,0,2890.491,0,469.106,2786,9862,0.680,1.380,1.170,1,0,36.930,0,0,18,283,0,21,0
19-06 18:56:08,1.002,0.250,97.422,0,0,5378952,165132,167320,2303956,6537.524,1568.765,0,164.290,0,10.018,983,1356,0.680,1.380,1.170,0,0,0,0,0,18,283,0,21,0
19-06 18:56:09,1.500,1.250,96.728,0,0,5373288,170784,167328,2303960,5578.744,1619.635,0,207.953,0,19.995,1064,1450,0.680,1.380,1.170,0,0,0,0,0,18,283,0,20,0
19-06 18:56:10,1.000,0.750,96.284,0.750,0,5368104,175856,167440,2303960,5627.992,1608.569,0,2576.912,0,149.053,1313,2054,0.680,1.380,1.170,0,0,0,0,0,18,283,0,20,0
19-06 18:56:11,2.000,0.500,95.476,0.250,0,5363568,180340,167484,2303968,4635.844,1619.596,0,235.941,0,30.992,1352,2024,0.680,1.380,1.170,0,0,0,0,0,18,283,0,20,0
19-06 18:56:12,2.244,0.997,94.010,0.499,0.249,5359168,184640,167580,2303972,3616.749,1023.382,0,3255.672,0,169.566,1784,2825,0.620,1.360,1.170,0,0,0,0,0,18,283,0,20,0
19-06 18:56:13,2.256,1.253,94.999,0.251,0,5352712,191060,167616,2303972,4182.945,1515.967,0,513.343,0,56.147,1558,2342,0.620,1.360,1.170,0,0,0,0,0,18,283,0,20,0
19-06 18:56:14,1.750,0.750,97.005,0.250,0,5347460,196280,167624,2303996,4592.217,1512.071,16.001,84.004,1.000,9.000,1159,1742,0.620,1.360,1.170,0,0,2.000,0,0,18,283,0,20,0
19-06 18:56:15,1.500,0.500,96.472,0.250,0,5340808,202912,167640,2304000,4950.563,1511.561,0,195.943,0,16.995,1048,1452,0.620,1.360,1.170,0,0,0,0,0,18,283,0,20,0
19-06 18:56:16,1.501,1.000,96.784,0,0,5337244,206452,167660,2304004,4864.703,1566.548,0,160.056,0,14.005,1030,1432,0.620,1.360,1.170,0,0,0,0,0,18,283,0,20,0
19-06 18:56:17,1.250,0.250,96.985,0.500,0,5333608,210084,167664,2304004,4817.251,1457.773,0,335.948,0,23.996,1001,1394,0.570,1.340,1.160,0,0,0,0,0,18,283,0,20,0
19-06 18:56:18,1.250,0.500,97.227,0,0,5329668,214024,167664,2304004,5210.767,1631.614,0,0,0,0,910,1274,0.570,1.340,1.160,0,0,0,0,0,18,283,0,20,0
19-06 18:56:19,0.750,0.500,97.239,0,0,5326788,216904,167664,2304004,5449.385,1709.807,0,4.000,0,1.000,844,1178,0.570,1.340,1.160,0,0,0,0,0,18,283,0,20,0
19-06 18:56:20,1.000,0.750,97.524,0,0,5324188,219504,167664,2304004,5069.270,1458.365,0,0,0,0,889,1260,0.570,1.340,1.160,0,0,0,0,0,18,283,0,20,0
19-06 18:56:21,1.500,0.250,96.764,0,0,5323020,220672,167664,2304004,5015.743,1458.216,0,48.007,0,6.001,956,1320,0.570,1.340,1.160,0,0,0,0,0,18,283,0,20,0
19-06 18:56:22,2.499,1.000,95.730,0,0,5322312,221356,167684,2304008,5038.972,1619.670,0,355.927,0,35.993,1381,1927,0.530,1.310,1.150,0,0,0,0,0,18,283,0,20,0
19-06 18:56:23,2.500,1.000,95.260,0.250,0,5321856,221796,167712,2303996,4726.496,1566.164,0,216.023,0,34.004,1473,2151,0.530,1.310,1.150,0,0,0,0,0,18,283,0,20,0
19-06 18:56:24,1.000,0.500,96.532,0.250,0,5321996,221620,167724,2304020,4861.602,1620.534,0,92.030,0,12.004,1129,1728,0.530,1.310,1.150,0,0,1.000,0,0,18,283,0,20,0
19-06 18:56:25,1.749,0.500,97.209,0,0,5321988,221620,167732,2304020,4797.972,1619.315,0,107.954,0,7.997,995,1362,0.530,1.310,1.150,0,0,0,0,0,18,283,0,20,0
19-06 18:56:26,1.497,0.998,96.087,0,0,5322088,221516,167736,2304020,4854.751,1563.343,0,187.681,0,19.966,1201,1721,0.530,1.310,1.150,0,0,0,0,0,18,283,0,20,0
19-06 18:56:27,1.503,0.501,96.941,0,0,5321968,221620,167760,2304012,5110.061,1623.196,0,188.371,0,20.039,1243,1819,0.480,1.290,1.150,0,0,0,0,0,18,283,0,20,0
19-06 18:56:28,1.250,0.750,97.242,0,0,5321960,221620,167760,2304020,4605.607,1565.866,0,0,0,0,943,1310,0.480,1.290,1.150,0,0,0,0,0,18,283,0,20,0
19-06 18:56:29,1.250,0.250,97.484,0,0,5321956,221620,167760,2304024,3837.366,917.848,0,7.999,0,2.000,883,1295,0.480,1.290,1.150,0,0,0,0,0,18,283,0,20,0
19-06 18:56:30,1.250,0.750,96.738,0.500,0,5322032,221516,167792,2304020,4181.477,1079.865,0,591.926,0,37.995,1038,1496,0.480,1.290,1.150,0,0,0,0,0,18,283,0,20,0
19-06 18:56:31,1.000,0.500,96.756,0,0,5321920,221620,167792,2304028,4983.290,1706.099,0,0,0,0,939,1299,0.480,1.290,1.150,0,0,0,0,0,18,283,0,20,0
19-06 18:56:32,2.250,0.750,95.991,0,0,5321912,221600,167816,2304032,4523.582,1511.860,0,247.977,0,22.998,1307,1804,0.440,1.270,1.140,1,0,2.000,0,0,18,283,0,20,0
19-06 18:56:33,2.250,1.000,95.260,0.250,0,5321640,221852,167836,2304032,4638.489,1674.177,0,564.059,0,96.010,1529,2196,0.440,1.270,1.140,1,0,0,0,0,18,283,0,16,0
19-06 18:56:34,0.500,0.750,97.010,0,0,5321624,221852,167848,2304036,3754.397,846.089,0,76.008,0,9.001,1052,1637,0.440,1.270,1.140,0,0,1.000,0,0,18,283,0,16,0
19-06 18:56:35,1.250,0.250,97.265,0.250,0,5321868,221600,167856,2304036,4490.710,1350.214,0,140.022,0,12.002,884,1270,0.440,1.270,1.140,0,0,0,0,0,18,283,0,16,0
19-06 18:56:36,3.245,2.496,93.357,0,0,5321508,221912,167860,2304080,5049.272,1617.524,0,159.755,0,13.979,1488,1649,0.440,1.270,1.140,0,0,17.972,0,0,18,283,0,16,0
19-06 18:56:37,1.502,0.501,96.379,0.250,0,5321488,221912,167904,2304056,4844.468,919.227,0,512.685,0,39.052,1050,1469,0.410,1.250,1.130,0,0,0,0,0,18,283,0,16,0
19-06 18:56:38,2.000,0.500,97.012,0,0,5321464,221912,167904,2304080,4120.504,1080.132,0,996.122,0,210.026,958,1255,0.410,1.250,1.130,0,0,0,0,0,18,283,0,16,0
19-06 18:56:39,0.750,0.500,97.238,0,0,5321420,221952,167904,2304084,4997.377,1457.818,0,7.999,0,2.000,904,1255,0.410,1.250,1.130,0,0,0,0,0,18,283,0,16,0
19-06 18:56:40,1.500,0.500,97.224,0,0,5321420,221952,167904,2304084,5168.592,1619.559,0,0,0,0,889,1266,0.410,1.250,1.130,0,0,0,0,0,18,283,0,16,0
19-06 18:56:41,1.250,1.000,96.276,0,0,5321420,221952,167916,2304072,5178.387,1620.434,0,116.031,0,13.003,1180,1707,0.410,1.250,1.130,0,0,0,0,0,18,283,0,16,0
19-06 18:56:42,2.509,0.753,95.596,0.502,0,5321368,221952,167948,2304092,4275.486,1625.889,0,545.978,0,58.211,1562,2348,0.380,1.230,1.130,1,0,0,0,0,18,283,0,16,0
19-06 18:56:43,1.495,0.748,94.951,0.249,0,5321340,221952,167984,2304084,4485.883,1614.918,0,418.682,0,63.799,1559,2381,0.380,1.230,1.130,0,0,0,0,0,18,283,0,16,0
19-06 18:56:44,1.000,1.000,97.731,0.250,0,5321312,221952,167992,2304104,4739.060,1619.679,0,99.980,0,6.999,934,1341,0.380,1.230,1.130,0,0,1.000,0,0,18,283,0,16,0
19-06 18:56:45,0.750,0.500,97.752,0,0,5321308,221952,167996,2304104,5220.111,1620.034,0,108.002,0,8.000,897,1334,0.380,1.230,1.130,0,0,0,0,0,18,283,0,16,0
19-06 18:56:46,0.999,0.250,96.949,0.250,0,5321292,221952,168012,2304104,4832.441,1457.228,0,331.824,0,24.987,985,1409,0.380,1.230,1.130,0,0,0,0,0,18,283,0,16,0
19-06 18:56:47,1.500,1.000,97.023,0,0,5321292,221952,168012,2304104,5531.315,1620.385,0,4.001,0,1.000,963,1318,0.350,1.210,1.120,0,0,0,0,0,18,283,0,16,0
19-06 18:56:48,1.250,0.250,97.757,0,0,5321292,221952,168012,2304104,4638.329,1458.103,0,0,0,0,938,1288,0.350,1.210,1.120,0,0,0,0,0,18,283,0,16,0
19-06 18:56:49,1.749,1.749,95.721,0,0,5321012,222228,168012,2304104,6436.050,1817.449,0,0,0,0,1070,1337,0.350,1.210,1.120,0,0,5.998,0,0,18,283,0,16,0
19-06 18:56:50,1.001,1.001,97.348,0,0,5321012,222228,168012,2304104,5397.420,1633.641,0,0,0,0,890,1263,0.350,1.210,1.120,0,0,0,0,0,18,283,0,16,0
19-06 18:56:51,2.247,0.999,95.863,0.250,0,5321004,222228,168024,2304100,5441.230,1551.784,0,127.817,0,18.973,1253,1769,0.350,1.210,1.120,0,0,0,0,0,18,283,0,16,0
19-06 18:56:52,1.501,0.500,95.814,0.250,0,5320976,222228,168044,2304108,4160.799,1458.982,0,404.272,0,35.024,1312,1900,0.320,1.190,1.110,0,0,0,0,0,18,283,0,16,0
19-06 18:56:53,2.500,1.000,94.997,0.250,0,5320952,222228,168076,2304100,4555.834,1565.943,0,279.990,0,43.998,1564,2302,0.320,1.190,1.110,0,0,0,0,0,18,283,0,16,0
19-06 18:56:54,1.250,1.000,96.002,0.500,0,5320872,222228,168144,2304112,5132.129,1554.039,0,3184.080,0,293.007,1343,2024,0.320,1.190,1.110,0,0,2.000,0,0,18,283,0,16,0
19-06 18:56:55,0.750,0.750,97.484,0,0,5320868,222228,168144,2304116,4757.211,1457.758,0,0,0,0,901,1281,0.320,1.190,1.110,0,0,0,0,0,18,283,0,16,0
19-06 18:56:56,11.244,5.497,81.954,0,0,5341904,201176,168148,2304128,12343.140,5135.146,0,99.944,0,11.993,2442,2382,0.320,1.190,1.110,0,0,36.979,0,0,18,284,0,16,0
19-06 18:56:57,16.509,1.501,80.794,0.250,0,5343452,199412,168184,2304316,10958.915,7233.904,4.002,388.210,1.001,30.016,2942,4032,0.450,1.200,1.120,0,0,2.001,0,0,18,288,0,16,0
19-06 18:56:58,8.281,15.808,73.773,0,0,5323188,219660,168184,2304332,8086.888,4561.860,0,0,0,0,4768,3795,0.450,1.200,1.120,1,0,276.020,0,0,18,287,0,17,0
19-06 18:56:59,10.463,16.192,70.000,0,0,5335792,207024,168184,2304364,16727.255,2558.860,0,23.915,0,2.989,4767,3547,0.450,1.200,1.120,1,0,222.206,0,0,18,287,0,17,0
19-06 18:57:00,22.748,5.500,71.244,0,0,5388060,154640,168208,2304456,5203.591,1511.881,75.994,655.948,5.000,24.998,2420,2163,0.450,1.200,1.120,2,0,2.000,0,0,18,287,0,17,0
19-06 18:57:01,22.844,4.519,71.795,1.255,0,5428008,151176,165012,2271796,5666.259,1698.974,1056.336,731.001,109.449,32.132,2367,2086,0.450,1.200,1.120,1,0,0,0,0,18,287,0,17,0
19-06 18:57:02,22.663,3.238,70.978,1.743,0,5415816,158508,165168,2276332,5092.491,1876.810,2040.184,326.748,204.218,11.954,2716,2878,0.500,1.200,1.120,1,0,2.989,0,0,18,285,0,17,2
19-06 18:57:03,25.610,5.273,67.792,0.251,0,5438396,169812,162084,2246604,11353.969,3104.389,0,1763.606,0,123.533,3735,4364,0.500,1.200,1.120,1,1,0,0,0,18,286,0,17,2
19-06 18:57:04,24.147,5.477,67.212,0.747,0,5445364,162444,162172,2246916,5795.180,1613.091,0,844.384,0,102.561,6856,9338,0.500,1.200,1.120,2,0,1.991,0,0,18,289,0,18,2
19-06 18:57:05,28.490,4.498,63.727,1.250,0,5455184,151152,162316,2248244,6875.506,2408.126,1059.616,1247.547,65.976,166.939,4687,6341,0.500,1.200,1.120,1,0,3.999,0,0,18,292,0,21,2
19-06 18:57:06,12.008,2.251,84.304,0.250,0,5455396,150648,162356,2248496,5378.470,1458.941,332.214,340.219,20.013,40.026,3093,3922,0.500,1.200,1.120,1,0,1.001,0,0,18,294,0,6,2
19-06 18:57:07,19.241,5.997,71.967,1.999,0,5465456,175688,161252,2216196,7542.540,2969.638,259.881,2079.046,11.994,252.884,5448,10713,0.860,1.260,1.140,0,0,36.983,0,0,18,292,0,7,2
19-06 18:57:08,8.750,1.500,87.496,0,0,5472912,167876,161364,2216492,7478.693,2267.907,63.997,1019.958,4.000,104.996,2754,3780,0.860,1.260,1.140,0,0,0,0,0,18,292,0,8,2
19-06 18:57:09,13.506,2.751,81.036,0.750,0,5472668,167876,161500,2216600,11599.144,2651.176,16.007,1632.724,1.000,118.052,3946,5547,0.860,1.260,1.140,1,0,0,0,0,18,296,0,9,2
19-06 18:57:10,26.478,5.995,63.448,2.248,0,5464344,175244,161972,2217084,4917.965,701.425,127.895,11142.858,5.995,1099.098,8624,13389,0.860,1.260,1.140,1,0,0.999,0,0,18,295,0,10,2
19-06 18:57:11,21.258,4.502,70.526,1.751,0.250,5464696,174236,162196,2217516,5415.011,2241.833,220.082,2825.049,13.005,293.109,6373,9478,0.860,1.260,1.140,0,0,0,0,0,18,294,0,12,2
19-06 18:57:12,10.236,1.748,85.382,0.999,0,5464212,174236,162376,2217820,4822.313,1995.233,0,1737.590,0,167.767,3291,4666,0.790,1.240,1.130,0,0,0,0,0,18,294,0,12,2
19-06 18:57:13,6.261,1.503,88.912,0.751,0,5464308,174012,162456,2217868,9861.954,2384.341,0,1310.386,0,109.199,2622,3788,0.790,1.240,1.130,2,0,0,0,0,18,295,0,12,2
19-06 18:57:14,25.333,5.267,65.214,2.257,0,5463644,174020,162760,2218220,4695.401,1625.331,0,5754.876,0,788.587,8168,12518,0.790,1.240,1.130,1,0,3.010,0,0,18,295,0,12,2
19-06 18:57:15,24.430,5.734,64.813,2.493,0,5465620,171504,163136,2218384,4786.226,1615.351,15.954,8252.252,0.997,613.235,8090,12550,0.790,1.240,1.130,1,0,0,0,0,18,294,0,13,2
19-06 18:57:16,5.512,1.253,91.694,0.501,0,5465404,171504,163196,2218540,6007.725,2404.092,0,1094.318,0,89.189,2058,2917,0.790,1.240,1.130,1,0,0,0,0,18,296,0,13,2
19-06 18:57:17,9.475,2.992,85.279,0.748,0,5466184,170496,163336,2218628,6064.291,2555.380,0,977.468,0,137.643,3220,4791,0.890,1.250,1.140,0,0,0,0,0,18,294,0,14,2
19-06 18:57:18,11.748,2.250,82.733,1.000,0,5466148,170244,163440,2218812,6624.678,2626.476,0,1263.748,0,152.969,3574,5012,0.890,1.250,1.140,0,0,0,0,0,18,294,0,16,2
19-06 18:57:19,13.517,2.002,83.353,0,0,5467160,168984,163452,2219048,4866.017,1622.006,148.183,929.149,8.010,48.059,2630,2981,0.890,1.250,1.140,1,0,0,0,0,18,295,0,16,2
19-06 18:57:20,7.988,1.498,87.617,0.998,0,5467460,168480,163584,2219120,11316.829,3293.003,0,954.552,0,113.827,2925,4082,0.890,1.250,1.140,0,0,0,0,0,18,294,0,16,2
19-06 18:57:21,7.486,1.996,87.834,0.499,0,5467348,168480,163652,2219164,11849.654,3453.487,0,1185.764,0,120.772,2888,4018,0.890,1.250,1.140,0,0,0,0,0,18,294,0,16,2
19-06 18:57:22,8.199,1.491,87.212,1.242,0,5467292,168228,163808,2219316,11323.199,3277.794,0,1228.427,0,135.167,3082,4257,0.890,1.250,1.140,0,0,0,0,0,18,294,0,17,2
19-06 18:57:23,17.466,4.050,75.687,1.266,0,5467272,167976,163968,2219428,4556.415,1640.310,0,1988.622,0,250.097,5434,8487,0.890,1.250,1.140,2,0,0,0,0,18,295,0,19,2
19-06 18:57:24,24.941,5.238,64.846,2.494,0,5468576,166212,164216,2219640,4567.187,1454.556,0,8372.178,0,612.550,8415,13247,0.890,1.250,1.140,1,0,0.998,0,0,18,295,0,19,2
19-06 18:57:25,24.714,5.492,66.652,1.248,0,5468616,165736,164388,2219936,4691.126,1455.867,0,1925.179,0,235.655,7296,10340,0.890,1.250,1.140,1,0,0,0,0,18,295,0,19,2
19-06 18:57:26,25.600,5.271,65.756,0.753,0,5469364,164476,164548,2220288,5618.904,1626.340,0,1959.639,0,210.822,7890,11314,0.890,1.250,1.140,1,0,1.004,0,0,18,295,0,19,2
19-06 18:57:27,12.944,2.240,83.391,0.747,0,5469508,164224,164576,2220368,4916.843,1451.753,0,784.624,0,70.696,3407,4652,0.900,1.240,1.140,0,0,0.996,0,0,18,296,0,19,2
19-06 18:57:28,3.746,0.499,93.156,0,0,5469720,163972,164584,2220400,4735.204,1618.361,0,463.530,0,24.975,1507,1849,0.900,1.240,1.140,0,0,0,0,0,18,296,0,19,2
19-06 18:57:29,6.266,1.504,91.239,0.251,0,5470136,163496,164604,2220440,4590.024,1461.829,0,364.956,0,44.116,1970,2541,0.900,1.240,1.140,1,0,0,0,0,18,296,0,19,2
19-06 18:57:30,25.458,5.741,64.395,2.246,0,5468468,164492,165044,2220672,4322.947,1617.361,0,8617.939,0,1138.143,8437,12730,0.900,1.240,1.140,3,0,0,0,0,18,296,0,20,2
19-06 18:57:31,25.858,4.519,67.280,1.004,0,5469204,163232,165188,2221052,4897.361,1626.763,0,1827.598,0,191.797,7534,10886,0.900,1.240,1.140,1,0,0,0,0,18,296,0,22,2
19-06 18:57:32,16.430,3.734,74.682,1.743,0,5470352,161468,165476,2221380,4361.428,1613.131,270.847,6221.507,15.932,448.092,5622,8482,0.910,1.240,1.140,0,0,1.992,0,0,18,295,0,23,2
19-06 18:57:33,14.792,3.259,79.728,1.504,0,5473316,158192,165668,2221500,4819.790,1690.838,0,2326.657,0,246.706,3818,5428,0.910,1.240,1.140,3,0,0,0,0,18,294,0,26,2
19-06 18:57:34,3.988,1.246,92.217,0.249,0,5473576,157688,165732,2221680,5540.966,2415.574,0,5993.575,0,159.510,1853,2807,0.910,1.240,1.140,0,0,0.997,0,0,18,295,0,26,2
19-06 18:57:35,9.754,2.751,85.034,1.000,0,5478840,152224,165832,2221780,6839.700,2530.999,64.025,956.378,4.002,134.053,2704,3886,0.910,1.240,1.140,0,0,0,0,0,18,295,0,27,2
19-06 18:57:36,6.502,1.250,91.027,0.750,0,5478716,152224,165880,2221856,4784.440,1620.488,0,704.212,0,67.020,2088,2918,0.910,1.240,1.140,0,0,0,0,0,18,296,0,27,2
19-06 18:57:37,24.492,3.999,67.978,1.000,0.250,5482772,147872,166076,2221956,9768.905,3629.850,0,1971.376,0,250.921,5495,7476,0.920,1.230,1.130,1,0,0,0,0,18,295,0,36,2
19-06 18:57:38,6.524,0.753,92.590,0.251,0,5482668,147872,166092,2222044,8635.671,2240.216,0,558.047,0,32.118,1401,1715,0.920,1.230,1.130,1,0,0,0,0,18,296,0,36,2
19-06 18:57:39,8.714,0.996,87.143,0.996,0,5482832,147368,166228,2222248,5990.454,2213.928,0,2920.035,0,139.429,2736,4056,0.920,1.230,1.130,0,0,0,0,0,18,295,0,38,2
19-06 18:57:40,12.750,2.250,82.747,1.000,0,5483172,146648,166408,2222448,11822.543,3231.875,0,5235.797,0,683.974,3649,4596,0.920,1.230,1.130,0,0,0,0,0,18,295,0,41,2
19-06 18:57:41,12.003,2.251,83.272,1.000,0,5485276,144296,166572,2222532,4878.283,1686.443,16.004,1528.402,1.000,169.044,3547,4866,0.920,1.230,1.130,0,0,0,0,0,18,295,0,42,2
19-06 18:57:42,7.023,2.257,87.285,1.756,0,5493504,135728,166852,2222592,4171.620,1462.776,0,6332.675,0,413.350,3080,4748,0.840,1.210,1.130,1,0,0,0,0,18,296,0,43,2
19-06 18:57:43,13.447,2.988,80.681,1.494,0,5500972,127944,167060,2222700,5577.916,2574.806,7.968,1565.801,0.996,220.128,3510,5162,0.840,1.210,1.130,0,0,0,0,0,18,295,0,46,2
19-06 18:57:44,16.257,3.001,78.034,0.750,0.250,5502880,125704,167172,2222920,5500.369,2425.044,0,1232.531,0,151.065,3722,4995,0.840,1.210,1.130,1,0,1.000,0,0,18,295,0,52,2
19-06 18:57:45,7.012,1.503,90.161,0.250,0,5502312,126248,167236,2222880,4628.242,1622.890,0,893.591,0,71.127,1993,2736,0.840,1.210,1.130,0,0,0,0,0,18,295,0,53,2
19-06 18:57:46,3.495,0.250,94.620,0,0,5502472,126008,167244,2222952,4948.194,1455.997,0,323.555,0,16.977,1297,1729,0.840,1.210,1.130,1,0,0,0,0,18,296,0,53,2
19-06 18:57:47,3.499,1.000,93.735,0.750,0,5502636,125756,167316,2222968,4397.284,1457.763,0,571.907,0,50.992,1588,2254,0.860,1.210,1.130,0,0,0,0,0,18,295,0,53,2
19-06 18:57:48,4.506,1.001,92.130,0,0,5502568,125756,167360,2222992,4686.611,1622.288,0,528.746,0,49.069,1768,2428,0.860,1.210,1.130,1,0,0,0,0,18,295,0,54,2
19-06 18:57:49,6.242,2.497,90.135,0.250,0,5504524,123748,167388,2223016,5890.465,1456.137,0,579.259,0,50.935,1970,2491,0.860,1.210,1.130,0,0,5.992,0,0,18,295,0,54,2
19-06 18:57:50,13.244,2.249,81.961,1.249,0,5506692,121256,167564,2223164,8258.056,3340.405,0,1547.261,0,183.912,3318,4708,0.860,1.210,1.130,1,0,0,0,0,18,295,0,56,2
19-06 18:57:51,11.805,2.009,83.890,1.005,0,5505716,160336,166120,2188224,7554.163,2491.598,0,1290.005,0,133.622,3016,4072,0.860,1.210,1.130,4,1,0,0,0,18,295,0,59,2
19-06 18:57:52,4.981,2.490,90.647,0.747,0,5516052,150040,166240,2188232,4422.779,1613.717,0,1239.175,0,138.461,2311,3402,0.870,1.210,1.130,1,0,0,0,0,18,296,0,59,2
19-06 18:57:53,15.241,1.999,79.453,1.749,0,5516740,149088,166412,2188324,12644.573,3920.697,0,1990.831,0,248.854,4306,6268,0.870,1.210,1.130,0,0,0,0,0,18,295,0,64,2
19-06 18:57:54,9.001,3.250,84.757,1.500,0,5517000,148272,166688,2188604,5040.415,1620.133,48.004,7296.601,2.000,493.041,4170,6492,0.870,1.210,1.130,0,0,1.000,0,0,18,295,0,67,2
19-06 18:57:55,13.031,2.255,81.446,1.002,0,5517800,147360,166816,2188588,5172.447,1623.908,16.039,1210.914,1.002,142.343,3128,4278,0.870,1.210,1.130,2,0,0,0,0,18,295,0,70,2
19-06 18:57:56,5.233,1.246,91.960,0.249,0,5517784,147120,166880,2188780,15100.349,5577.400,0,701.785,0,66.789,2052,2868,0.870,1.210,1.130,1,0,0,0,0,18,297,0,70,2
19-06 18:57:57,9.881,1.729,85.468,1.235,0,5517732,146868,167008,2188956,6739.594,2459.295,0,1142.204,0,147.222,3091,4396,1.040,1.240,1.140,1,0,0,0,0,18,296,0,72,2
19-06 18:57:58,19.254,2.533,76.002,0.507,0,5518044,146364,167100,2189056,5280.647,1692.320,0,1126.862,0,137.818,4068,5292,1.040,1.240,1.140,2,0,0,0,0,18,296,0,77,2
19-06 18:57:59,8.534,2.259,87.351,1.255,0,5518036,146364,167220,2188944,10920.829,2033.160,0,1377.528,0,165.665,2962,4261,1.040,1.240,1.140,1,0,0,0,0,18,297,0,76,2
19-06 18:58:00,25.342,5.466,63.852,2.236,0.248,5517628,145860,167576,2189500,4847.780,1514.559,0,3283.531,0,419.386,8464,13320,1.040,1.240,1.140,2,0,0,0,0,18,297,0,76,2
19-06 18:58:01,25.102,5.020,66.018,1.506,0,5507480,155492,167836,2189756,4975.228,1463.952,64.261,12442.587,2.008,1197.870,8450,12559,1.040,1.240,1.140,1,0,0,0,0,18,297,0,77,2
19-06 18:58:02,15.205,3.739,77.269,1.745,0,5508176,154232,168024,2190132,4486.591,1615.173,0,4295.163,0,327.023,5534,8337,1.040,1.230,1.140,0,0,0,0,0,18,296,0,77,2
19-06 18:58:03,16.760,2.752,77.298,1.001,0,5508608,153728,168128,2190100,10920.774,3833.378,16.010,1396.866,1.001,193.120,4195,5800,1.040,1.230,1.140,0,0,0,0,0,18,296,0,81,2
19-06 18:58:04,4.000,1.250,92.509,0.500,0,5509156,152984,168164,2190260,6248.626,1686.169,0,968.097,0,82.008,1858,2607,1.040,1.230,1.140,1,0,2.000,0,0,18,295,0,82,2
19-06 18:58:05,9.753,2.251,86.023,1.000,0,5514784,147200,168252,2190328,6410.677,2349.615,0,2008.526,0,191.050,2954,4204,1.040,1.230,1.140,1,0,3.001,0,0,18,296,0,82,2
19-06 18:58:06,14.745,2.749,79.472,1.000,0,5515068,146444,168456,2190596,6809.626,2082.274,15.994,1951.320,1.000,204.929,4157,6121,1.040,1.230,1.140,0,0,1.999,0,0,18,296,0,83,2
19-06 18:58:07,13.054,4.268,80.331,1.004,0,5539784,137884,166948,2178184,6226.685,2440.065,0,1518.263,0,164.679,3445,5964,0.950,1.210,1.130,2,0,34.141,0,0,18,296,0,80,2
19-06 18:58:08,8.499,3.250,86.494,0.500,0,5533648,162576,166968,2158240,11851.155,2487.823,0,955.932,0,77.994,2897,10391,0.950,1.210,1.130,1,0,2.000,0,0,18,297,0,81,2
19-06 18:58:09,24.936,5.735,64.086,2.743,0,5533232,162324,167528,2158348,6044.524,1615.863,0,8761.567,0,756.064,9154,14936,0.950,1.210,1.130,1,0,0,0,0,18,297,0,81,2
19-06 18:58:10,25.317,4.763,67.178,1.003,0,5532716,162324,167672,2158720,5414.363,1624.309,0,2526.703,0,232.617,7755,11163,0.950,1.210,1.130,2,0,0,0,0,18,297,0,82,2
19-06 18:58:11,23.665,4.484,67.009,1.993,0,5532440,162072,167888,2159032,4745.921,1679.954,0,2315.667,0,265.046,7874,11426,0.950,1.210,1.130,1,0,0,0,0,18,297,0,82,2
19-06 18:58:12,26.420,5.483,63.059,1.745,0,5532296,161344,168228,2159564,4187.336,1615.115,0,4988.912,0,505.471,8981,14453,1.040,1.220,1.130,1,0,0.997,0,0,18,297,0,76,2
19-06 18:58:13,25.052,5.261,65.387,1.754,0,5532536,160588,168680,2159628,4046.472,1461.059,0,8080.918,0,557.166,8098,12431,1.040,1.220,1.130,3,0,0,0,0,18,297,0,78,2
19-06 18:58:14,24.869,5.778,65.814,2.261,0,5532152,160336,168968,2159976,4823.040,1627.776,0,3143.014,0,359.718,7898,11849,1.040,1.220,1.130,2,0,1.005,0,0,18,297,0,78,2
19-06 18:58:15,24.711,4.742,66.394,1.747,0,5532588,159340,169172,2160316,5109.846,1455.677,0,3602.252,0,336.463,7962,12368,1.040,1.220,1.130,3,0,0,0,0,18,297,0,78,2
19-06 18:58:16,19.224,3.495,73.650,1.248,0,5527984,163584,169264,2160584,5289.784,1617.793,0,10677.434,0,1096.504,6644,9380,1.040,1.220,1.130,0,0,0,0,0,18,296,0,77,2
19-06 18:58:17,6.486,2.245,87.808,1.996,0,5527764,163584,169440,2160628,5046.942,1454.813,0,7260.093,0,458.994,3205,4977,1.030,1.220,1.130,1,0,0,0,0,18,296,0,77,2
19-06 18:58:18,5.526,1.256,91.438,0.502,0,5527904,163332,169480,2160700,5190.840,1694.107,0,655.135,0,64.308,1834,2556,1.030,1.220,1.130,2,0,0,0,0,18,297,0,77,2
19-06 18:58:19,11.201,1.493,84.627,0.996,0.249,5528288,162828,169532,2160768,6429.657,2404.401,0,1258.453,0,147.350,2980,4392,1.030,1.220,1.130,0,0,0,0,0,18,296,0,80,2
19-06 18:58:20,18.005,3.001,77.520,0.500,0,5529352,161568,169596,2160900,10280.625,3232.825,0,1336.341,0,156.040,4045,5197,1.030,1.220,1.130,0,0,0,0,0,18,296,0,82,2
19-06 18:58:21,6.025,1.255,90.627,0.502,0,5529484,161316,169624,2160992,8812.651,2298.559,0,795.308,0,81.338,2219,3003,1.030,1.220,1.130,0,0,0,0,0,18,296,0,82,2
19-06 18:58:22,6.228,1.744,90.179,0.498,0,5529416,161316,169644,2161040,8168.915,2062.656,0,741.360,0,61.780,2286,2954,1.030,1.220,1.130,1,0,0,0,0,18,297,0,84,2
19-06 18:58:23,7.738,1.498,87.613,1.248,0,5529088,161316,169736,2161276,4373.162,1617.471,0,1761.246,0,181.716,3126,4696,1.030,1.220,1.130,1,0,0,0,0,18,296,0,86,2
19-06 18:58:24,17.513,3.252,76.555,1.251,0,5529916,160312,169812,2161376,5543.981,2579.853,0,1605.153,0,205.147,4013,5579,1.030,1.220,1.130,0,0,1.001,0,0,18,296,0,86,2
19-06 18:58:25,12.259,3.002,83.561,0.500,0,5529896,160312,169860,2161348,4983.628,1621.180,0,1397.017,0,133.097,2904,3827,1.030,1.220,1.130,5,0,0,0,0,18,295,0,92,2
19-06 18:58:26,5.998,1.000,89.720,1.250,0,5529840,160056,169924,2161596,5938.985,2482.158,0,1887.360,0,157.946,2563,3934,1.030,1.220,1.130,0,0,0,0,0,18,296,0,92,2
19-06 18:58:27,6.748,2.000,87.980,1.000,0,5529904,159804,170072,2161636,5038.866,1619.636,0,6610.513,0,429.903,3112,4856,1.030,1.210,1.130,0,0,0,0,0,18,296,0,93,2
19-06 18:58:28,7.247,1.250,90.217,0.500,0,5530088,159552,170096,2161680,4798.248,1619.409,0,447.837,0,41.985,2051,2792,1.030,1.210,1.130,0,0,0,0,0,18,296,0,95,2
19-06 18:58:29,14.780,2.004,82.418,0.251,0,5530316,159300,170108,2161692,7365.015,2485.066,0,380.776,0,36.074,2750,3238,1.030,1.210,1.130,1,0,0,0,0,18,296,0,102,2
19-06 18:58:30,8.001,1.500,88.261,1.000,0,5530132,159300,170200,2161784,10941.386,3063.388,0,1388.176,0,183.023,3297,4811,1.030,1.210,1.130,1,0,0,0,0,18,297,0,102,2
19-06 18:58:31,24.290,5.509,65.359,2.003,0,5530772,158296,170340,2162008,4963.266,1460.432,0,2636.391,0,348.581,7735,12051,1.030,1.210,1.130,1,1,0,0,0,18,297,0,102,2
19-06 18:58:32,26.250,4.250,65.751,1.750,0,5531460,157036,170468,2162452,2964.041,324.005,0,2864.040,0,302.004,8005,12213,1.030,1.210,1.130,1,0,2.000,0,0,18,297,0,99,2
19-06 18:58:33,19.426,4.234,72.725,1.245,0,5532036,156280,170552,2162548,4465.105,1356.866,0,2327.195,0,235.110,5934,8546,1.030,1.210,1.130,0,0,0,0,0,18,298,0,100,2
19-06 18:58:34,10.517,3.005,82.885,2.003,0,5532280,155776,170616,2162744,4946.037,1502.441,0,5797.420,0,423.688,3376,5142,1.030,1.210,1.130,2,0,1.002,0,0,18,296,0,104,2
19-06 18:58:35,6.493,0.749,90.156,0.499,0,5532148,155776,170672,2162820,6673.038,2579.309,15.983,1842.078,0.999,133.860,2266,3463,1.030,1.210,1.130,0,0,0,0,0,18,296,0,105,2
19-06 18:58:36,11.743,2.748,83.949,0.750,0,5532300,155524,170716,2162876,4772.093,1457.113,0,1559.050,0,112.931,2872,3938,1.030,1.210,1.130,2,0,0,0,0,18,297,0,102,2
19-06 18:58:37,7.753,1.000,89.534,0.500,0,5531472,156164,170716,2163064,11451.349,3900.481,0,6190.351,0,773.294,2627,2465,1.020,1.200,1.130,1,0,0,0,0,18,296,0,106,2
19-06 18:58:38,5.250,1.000,91.998,0.250,0,5531460,156164,170752,2163040,6166.880,1874.963,0,787.985,0,69.999,1836,2553,1.020,1.200,1.130,0,0,0,0,0,18,296,0,107,2
19-06 18:58:39,14.753,2.501,80.269,1.000,0,5531308,156164,170788,2163156,10922.591,3394.805,0,1248.296,0,148.035,3559,4688,1.020,1.200,1.130,0,0,0,0,0,18,296,0,113,2
19-06 18:58:40,7.523,1.254,90.026,0.251,0,5531296,156164,170808,2163148,5710.505,1528.686,0,674.066,0,53.163,2020,2482,1.020,1.200,1.130,2,0,0,0,0,18,297,0,100,2
19-06 18:58:41,4.984,0.997,91.961,0.249,0,5533236,154148,170828,2163204,9588.894,3237.834,0,1240.107,0,77.756,1680,2343,1.020,1.200,1.130,0,0,0,0,0,18,296,0,101,2
19-06 18:58:42,7.998,1.750,87.227,1.500,0,5533128,154148,170908,2163232,11435.943,3062.182,0,1323.646,0,161.957,3009,4314,1.020,1.200,1.130,0,0,0,0,0,18,296,0,102,2
19-06 18:58:43,21.267,4.754,71.057,1.251,0,5533100,153644,171140,2163532,4503.629,1621.306,0,2161.742,0,276.223,6452,9664,1.020,1.200,1.130,3,0,0,0,0,18,297,0,102,2
19-06 18:58:44,25.490,6.497,63.225,2.249,0,5533020,153392,171336,2163668,4438.236,1619.356,0,8596.584,0,701.721,8965,14659,1.020,1.200,1.130,1,0,1.000,0,0,18,297,0,91,2
19-06 18:58:45,21.748,4.250,69.743,1.250,0,5534416,151376,171448,2164176,4619.546,1619.841,0,2803.724,0,260.974,7291,10766,1.020,1.200,1.130,0,0,0,0,0,18,296,0,94,2
19-06 18:58:46,4.772,1.507,93.181,0.251,0,5534396,151376,171476,2164168,4797.204,1464.780,0,1667.719,0,102.474,1970,2775,1.020,1.200,1.130,1,0,0,0,0,18,297,0,95,2
19-06 18:58:47,7.467,1.245,88.111,0.996,0,5532800,152832,171540,2164244,11011.377,2983.824,0,5559.451,0,646.147,3083,3877,1.020,1.200,1.130,0,0,0,0,0,18,296,0,96,2
19-06 18:58:48,21.033,4.757,71.611,1.502,0,5532628,152832,171636,2164320,4507.017,1622.526,0,2127.312,0,251.391,6383,9356,1.020,1.200,1.130,2,0,0,0,0,18,297,0,94,2
19-06 18:58:49,25.256,5.751,64.514,2.000,0,5534420,149816,171816,2165364,5905.312,1524.339,0,3876.862,0,410.091,8506,12918,1.020,1.200,1.130,1,0,6.001,0,0,18,297,0,96,2
19-06 18:58:50,24.779,4.755,66.076,2.002,0,5535088,148808,172088,2165432,5356.173,1663.918,0,7432.565,0,556.641,7940,12038,1.020,1.200,1.130,1,0,0,0,0,18,296,0,99,2
19-06 18:58:51,5.507,1.252,90.873,0.250,0,5535384,148304,172124,2165604,6303.534,2447.313,0,1125.524,0,101.137,2330,3403,1.020,1.200,1.130,1,0,0,0,0,18,297,0,99,2
19-06 18:58:52,11.690,2.239,82.330,1.244,0,5535980,147548,172208,2165680,5810.329,2591.765,0,2176.884,0,215.898,3761,5643,0.940,1.180,1.120,0,0,0,0,0,18,296,0,95,2
19-06 18:58:53,14.255,3.751,79.280,1.751,0,5537212,146036,172348,2165820,6262.382,2607.992,0,1980.753,0,252.096,4550,6593,0.940,1.180,1.120,0,0,0,0,0,18,296,0,97,2
19-06 18:58:54,11.551,2.762,83.371,0.753,0,5537924,145280,172432,2165780,4718.979,2388.619,0,1800.002,0,189.844,3582,5008,0.940,1.180,1.120,0,0,1.004,0,0,18,296,0,98,2
19-06 18:58:55,4.998,1.000,92.221,0.500,0,5537820,145028,172456,2166112,6036.086,1523.517,0,1111.648,0,91.971,2010,2833,0.940,1.180,1.120,1,0,0,0,0,18,296,0,98,2
19-06 18:58:56,15.492,2.249,79.711,1.000,0,5537780,144776,172524,2166336,18364.966,4768.654,0,1727.150,0,160.921,4120,5337,0.940,1.180,1.120,0,0,0,0,0,18,296,0,100,2
19-06 18:58:57,8.718,2.491,83.442,2.242,0,5537560,144776,172664,2166416,6261.897,2391.178,0,6480.092,0,456.316,3972,6045,0.860,1.160,1.110,0,0,0,0,0,18,296,0,88,2
19-06 18:58:58,10.255,1.751,86.044,0.500,0,5538008,144272,172684,2166452,14623.468,3879.982,0,1188.607,0,128.065,3241,4361,0.860,1.160,1.110,0,0,0,0,0,18,296,0,88,2
19-06 18:58:59,6.995,1.749,89.190,0.500,0,5538008,144048,172772,2166588,8732.167,2465.353,0,879.413,0,82.945,2704,3624,0.860,1.160,1.110,0,0,0,0,0,18,296,0,89,2
19-06 18:59:00,7.257,1.502,89.089,1.001,0,5538112,143796,172816,2166692,12222.266,3066.077,0,1081.085,0,119.120,2665,3650,0.860,1.160,1.110,1,0,0,0,0,18,297,0,89,2
19-06 18:59:01,26.030,5.006,64.575,2.253,0,5538524,143040,173000,2166852,5603.550,1621.896,0,3299.857,0,430.503,8677,13567,0.860,1.160,1.110,1,0,0,0,0,18,297,0,83,2
19-06 18:59:02,24.556,5.262,67.655,1.503,0,5538100,142892,173096,2167328,4991.432,1623.719,0,8960.523,0,1017.330,7917,11330,0.950,1.170,1.120,1,0,0,0,0,18,297,0,84,2
19-06 18:59:03,26.757,4.501,65.518,1.750,0,5539788,140376,173420,2167832,5465.478,1714.464,96.026,3292.891,5.001,352.095,8519,12627,0.950,1.170,1.120,3,0,0,0,0,18,297,0,89,2
19-06 18:59:04,24.905,5.728,62.762,3.238,0,5539868,139368,173992,2168188,5576.831,1452.487,0,9081.528,0,776.054,9400,15211,0.950,1.170,1.120,1,0,0.996,0,0,18,297,0,90,2
19-06 18:59:05,25.727,4.996,66.441,1.499,0,5541304,137364,174132,2168616,5634.961,1618.553,0,2925.384,0,236.788,7913,11580,0.950,1.170,1.120,1,0,0.999,0,0,18,297,0,84,2
19-06 18:59:06,16.530,4.258,75.137,1.002,0,5546848,131580,174248,2168740,6274.447,2516.591,0,2183.985,0,246.450,5532,8401,0.950,1.170,1.120,0,0,4.007,0,0,18,296,0,87,2
19-06 18:59:07,10.982,1.997,84.108,1.497,0,5547260,131076,174332,2168748,6292.413,2391.975,0,2379.996,0,214.639,3448,4944,0.880,1.150,1.110,0,0,2.995,0,0,18,296,0,90,2
19-06 18:59:08,15.035,6.014,76.428,0.752,0,5531744,172896,166492,2150892,7542.520,2509.830,0,1728.014,0,192.447,4955,15712,0.880,1.150,1.110,1,0,36.084,0,0,18,296,0,92,2
19-06 18:59:09,3.741,0.998,92.281,1.247,0,5531524,172896,166632,2150972,6362.882,1454.544,0,4804.584,0,290.310,2044,3232,0.880,1.150,1.110,1,0,0,0,0,18,297,0,88,2
19-06 18:59:10,4.501,1.750,91.264,0.500,0,5531408,172896,166708,2151012,6496.000,2083.321,0,1828.282,0,144.022,2360,3396,0.880,1.150,1.110,0,0,0,0,0,18,296,0,89,2
19-06 18:59:11,8.493,1.748,87.674,0.749,0,5531500,172644,166808,2151072,5820.942,2338.968,0,1510.687,0,193.832,3121,4434,0.880,1.150,1.110,1,0,0,0,0,18,296,0,89,2
19-06 18:59:12,7.251,2.000,88.507,0.750,0,5531652,172392,166864,2151116,5241.442,2149.181,0,1708.144,0,107.009,2972,4176,0.810,1.130,1.110,0,0,0,0,0,18,296,0,90,2
19-06 18:59:13,8.006,2.001,88.065,1.001,0,5531856,171916,166932,2151320,3921.879,1112.817,0,1413.037,0,170.125,3057,4614,0.810,1.130,1.110,0,0,0,0,0,18,296,0,89,2
19-06 18:59:14,6.499,2.000,89.492,0.500,0,5531792,171916,166968,2151348,5090.564,1758.849,0,1199.897,0,115.990,2457,3614,0.810,1.130,1.110,1,0,1.000,0,0,18,296,0,90,2
19-06 18:59:15,7.511,1.502,88.878,0.751,0,5531720,171916,167008,2151380,5065.312,1460.108,0,1141.648,0,120.173,2519,3445,0.810,1.130,1.110,2,0,0,0,0,18,296,0,90,2
19-06 18:59:16,3.246,0.749,93.881,0.499,0.250,5531600,171916,167060,2151448,6589.664,2500.836,0,806.979,0,71.909,1566,2273,0.810,1.130,1.110,1,0,0,0,0,18,297,0,90,2
19-06 18:59:17,7.250,1.000,88.505,0.500,0,5531752,171664,167108,2151500,6075.322,2083.110,0,1756.093,0,130.007,2496,3591,0.820,1.130,1.110,0,0,0,0,0,18,296,0,89,2
19-06 18:59:18,11.997,2.999,82.228,1.500,0,5530076,173184,167156,2151608,6073.367,2082.440,0,7218.060,0,904.757,3885,5292,0.820,1.130,1.110,0,0,0,0,0,18,296,0,90,2
19-06 18:59:19,8.537,2.009,87.627,0.753,0,5529920,173184,167216,2151704,11845.903,3408.647,0,1361.852,0,139.600,2715,3770,0.820,1.130,1.110,2,0,0,0,0,18,296,0,90,2
19-06 18:59:20,8.467,3.237,84.173,1.494,0,5530300,172680,167344,2151700,4629.986,1518.094,3.984,6343.321,0.996,427.337,4156,6533,0.820,1.130,1.110,1,0,0,0,0,18,296,0,90,2
19-06 18:59:21,27.242,5.248,62.481,2.499,0,5530348,171924,167588,2152164,4815.517,1619.501,0,3306.982,0,427.868,8721,13763,0.820,1.130,1.110,1,0,1.000,0,0,18,297,0,82,2
19-06 18:59:22,25.049,5.761,66.129,1.252,0,5530924,170920,167664,2152528,4809.350,1623.156,0,2192.262,0,202.393,7404,10828,0.840,1.130,1.100,1,0,1.002,0,0,18,297,0,83,2
19-06 18:59:23,10.232,2.496,84.104,1.248,0,5531072,170416,167748,2152800,4492.207,1617.195,15.972,3110.604,0.998,268.534,3879,6048,0.840,1.130,1.100,0,0,0,0,0,18,296,0,84,2
19-06 18:59:24,18.753,5.251,72.760,1.750,0,5532088,161864,167844,2160224,4980.697,1620.227,0,2880.403,0,348.049,5157,7015,0.840,1.130,1.100,1,0,3.000,0,0,18,296,0,89,2
19-06 18:59:25,4.760,3.508,88.695,2.004,0,5530240,163588,167884,2160308,5129.296,1461.218,0,9833.657,0,885.951,2599,3426,0.840,1.130,1.100,4,0,0,0,0,18,297,0,80,2
19-06 18:59:26,25.965,4.494,64.662,1.997,0,5530876,162356,167980,2160808,4486.892,1294.238,31.956,3139.726,0.999,388.471,8201,12563,0.840,1.130,1.100,1,0,0.999,0,0,18,297,0,80,2
19-06 18:59:27,25.486,5.747,64.963,1.749,0,5531640,161348,168076,2160956,4525.432,1307.258,0,3689.906,0,376.786,7823,11710,0.850,1.130,1.100,2,0,0,0,0,18,297,0,81,2
19-06 18:59:28,23.331,4.516,68.738,1.254,0,5532412,160088,168112,2161408,5063.524,1691.855,0,2416.363,0,196.681,7359,10791,0.850,1.130,1.100,1,0,0,0,0,18,298,0,82,2
19-06 18:59:29,26.653,6.227,63.270,2.242,0,5532416,159836,168184,2161584,4740.803,1452.730,0,3598.945,0,448.374,8151,12687,0.850,1.130,1.100,1,0,0,0,0,18,297,0,69,2
19-06 18:59:30,24.849,4.267,67.017,1.506,0,5534100,157568,168272,2162080,4489.899,1518.052,0,7076.210,0,472.885,7898,11556,0.850,1.130,1.100,1,0,0,0,0,18,297,0,74,2
19-06 18:59:31,5.974,1.743,89.617,0.249,0,5534568,157064,168284,2162104,4961.822,1559.344,0,792.617,0,51.779,2421,3330,0.850,1.130,1.100,1,0,0,0,0,18,297,0,74,2
19-06 18:59:32,22.506,5.001,69.768,2.001,0,5534484,156812,168324,2162400,4533.176,1512.392,0,2156.559,0,275.071,7055,10452,0.860,1.120,1.100,3,0,2.001,0,0,18,297,0,74,2
19-06 18:59:33,26.508,5.252,65.020,1.500,0.250,5535152,155804,168384,2162680,4487.368,1566.478,0,3132.955,0,340.104,8090,12565,0.860,1.120,1.100,1,0,0,0,0,18,297,0,72,2
19-06 18:59:34,23.792,4.508,67.870,1.503,0,5535588,155048,168404,2162980,4670.290,1556.763,0,2592.602,0,283.503,7530,11164,0.860,1.120,1.100,1,0,1.002,0,0,18,297,0,73,2
19-06 18:59:35,24.515,5.253,63.788,3.252,0,5535752,154292,168544,2163432,5589.345,1687.009,0,9265.544,0,809.484,9319,14997,0.860,1.120,1.100,4,0,0,0,0,18,297,0,73,2
19-06 18:59:36,25.189,4.489,67.837,0.998,0,5535996,153788,168584,2163652,4911.175,1562.239,0,2023.129,0,207.500,6977,10190,0.860,1.120,1.100,1,0,0,0,0,18,297,0,73,2
19-06 18:59:37,23.498,4.250,68.494,1.500,0,5536308,153032,168608,2164072,5019.531,1619.849,0,2423.774,0,232.978,7905,11721,0.950,1.140,1.110,2,0,0,0,0,18,297,0,75,2
19-06 18:59:38,14.246,2.999,79.726,1.000,0.250,5537144,151772,168668,2164436,6388.056,2570.218,0,12364.236,0,298.909,4712,6884,0.950,1.140,1.110,0,0,0,0,0,18,296,0,66,2
19-06 18:59:39,7.999,1.250,88.483,1.250,0,5537156,151520,168704,2164640,11038.937,3393.366,0,1627.696,0,153.971,2764,4018,0.950,1.140,1.110,0,0,0,0,0,18,296,0,67,2
19-06 18:59:40,13.000,2.750,81.502,1.250,0,5538080,150512,168760,2164668,6439.195,2463.074,0,1724.052,0,174.005,3698,4986,0.950,1.140,1.110,0,0,0,0,0,18,296,0,68,2
19-06 18:59:41,7.522,2.006,87.002,1.254,0,5538172,150260,168824,2164764,6148.779,1636.733,0,5495.891,0,360.041,3233,4827,0.950,1.140,1.110,1,0,0,0,0,18,297,0,68,2
19-06 18:59:42,13.730,3.245,78.635,1.997,0,5538320,150008,168900,2164792,4525.397,1509.797,15.977,3351.110,0.999,388.433,4977,7323,1.120,1.170,1.120,0,1,0,0,0,18,297,0,59,2
19-06 18:59:43,7.491,1.498,88.648,0.749,0,5539280,148748,168968,2165024,11057.328,3468.025,0,1582.187,0,173.801,2903,4401,1.120,1.170,1.120,0,0,0,0,0,18,298,0,60,2
19-06 18:59:44,22.826,5.268,67.725,2.258,0,5539572,148248,169048,2165152,4312.355,1583.270,0,2945.806,0,385.283,7422,11739,1.120,1.170,1.120,1,0,1.003,0,0,18,299,0,62,2
19-06 18:59:45,26.177,4.986,63.324,2.493,0,5539536,147744,169168,2165572,4413.721,1561.655,31.911,5492.719,0.997,566.424,8700,14247,1.120,1.170,1.120,1,0,0,0,0,18,299,0,63,2
19-06 18:59:46,24.821,5.014,66.188,1.755,0,5539620,147240,169288,2165872,5251.952,1624.625,0,7501.355,0,517.473,8269,12723,1.120,1.170,1.120,1,0,0,0,0,18,299,0,59,2
19-06 18:59:47,17.928,3.735,75.696,1.245,0,5540796,145728,169344,2166152,5715.059,2403.352,0,3023.862,0,246.012,5351,7828,1.190,1.180,1.120,0,0,0,0,0,18,298,0,60,2
19-06 18:59:48,11.258,3.002,82.805,0.751,0,5543268,143208,169380,2166164,4703.148,1458.976,60.040,2081.393,4.003,140.094,3490,4867,1.190,1.180,1.120,1,0,0,0,0,18,299,0,61,2
19-06 18:59:49,9.271,2.506,86.198,0.752,0,5544448,141700,169420,2166452,11877.278,2980.846,0,1543.545,0,156.359,3214,4595,1.190,1.180,1.120,0,0,6.014,0,0,18,298,0,61,2
19-06 18:59:50,21.717,3.994,69.895,1.997,0,5544272,141700,169608,2166440,5857.228,1703.449,0,2612.088,0,349.477,7128,10962,1.190,1.180,1.120,3,1,0,0,0,18,299,0,56,2
19-06 18:59:51,24.723,5.744,64.930,2.248,0,5543828,141448,169896,2166848,5083.499,1552.320,0,8554.743,0,657.289,8807,13469,1.190,1.180,1.120,1,0,0,0,0,18,299,0,56,2
19-06 18:59:52,25.010,5.002,65.276,1.751,0,5544004,140692,170112,2167212,4741.907,1620.652,32.013,3081.239,1.000,322.130,7539,11022,1.090,1.160,1.120,2,0,0,0,0,18,298,0,57,2
19-06 18:59:53,7.264,2.004,88.675,0.501,0,5549860,134608,170184,2167368,5851.557,2626.187,0,2468.876,0,146.289,2722,4186,1.090,1.160,1.120,2,0,1.002,0,0,18,301,0,57,2
19-06 18:59:54,11.723,1.995,83.310,0.748,0,5550096,134104,170228,2167592,20928.314,6080.146,0,1596.363,0,152.652,3409,4533,1.090,1.160,1.120,1,0,0.998,0,0,18,300,0,52,2
19-06 18:59:55,10.506,2.001,85.303,0.750,0,5549852,134104,170292,2167772,17731.960,5486.391,0,1180.730,0,128.079,3154,4313,1.090,1.160,1.120,2,1,0,0,0,18,300,0,52,2
19-06 18:59:56,15.557,2.007,80.544,0.251,0,5551220,132592,170340,2167868,15417.337,4056.824,0,818.993,0,77.282,3154,3873,1.090,1.160,1.120,1,0,0,0,0,18,299,0,52,3
19-06 18:59:57,7.495,1.249,89.188,0.500,0,5551120,132592,170428,2167880,10633.619,2994.921,0,1263.123,0,122.915,2722,3835,1,1.140,1.110,1,0,0,0,0,18,300,0,52,3
19-06 18:59:58,24.689,5.486,64.839,2.494,0.249,5550832,132340,170608,2168240,4566.645,1524.210,0,3004.529,0,386.040,8084,12529,1,1.140,1.110,2,0,0,0,0,18,300,0,50,3
19-06 18:59:59,24.467,4.744,65.662,1.748,0,5551840,130856,170788,2168536,5033.284,1617.841,0,12990.667,0,735.019,8251,12809,1,1.140,1.110,1,0,0,0,0,18,299,0,53,4
19-06 19:00:00,22.255,4.501,70.014,1.500,0,5552292,130100,170852,2168776,5919.210,2421.495,0,2184.446,0,267.055,6609,9616,1,1.140,1.110,0,0,0,0,0,18,299,0,57,3
19-06 19:00:01,9.540,2.008,87.116,0.502,0,5552468,129848,170888,2168816,5200.824,704.958,0,1719.214,0,141.594,2798,3944,1,1.140,1.110,2,0,0,0,0,18,299,0,57,3
19-06 19:00:02,3.491,0.748,93.009,0.499,0,5552368,129848,170908,2168896,12265.199,2666.087,0,877.724,0,70.816,1957,2840,0.920,1.120,1.100,1,0,0,0,0,18,300,0,55,3
19-06 19:00:03,8.732,1.746,86.822,0.998,0,5552644,129344,170952,2169080,15718.692,4735.267,0,1512.890,0,157.676,3133,4572,0.920,1.120,1.100,0,0,0,0,0,18,299,0,55,3
19-06 19:00:04,21.577,4.767,70.000,1.254,0,5552832,128840,170996,2169352,8418.028,1649.885,0,2838.124,0,263.942,6639,9639,0.920,1.120,1.100,1,0,1.004,0,0,18,300,0,55,3
19-06 19:00:05,24.707,4.991,65.136,1.747,0,5553020,128336,171112,2169552,5137.010,1563.264,31.944,3485.900,0.998,382.331,8222,12692,0.920,1.120,1.100,2,0,0,0,0,18,300,0,56,3
19-06 19:00:06,25.035,5.758,66.594,1.752,0,5553224,127712,171208,2169876,5156.302,1514.144,0,7762.994,0,543.770,7803,11605,0.920,1.120,1.100,1,1,1.001,0,0,18,300,0,48,3
19-06 19:00:07,8.973,2.493,85.744,0.748,0,5554180,126464,171248,2170136,5992.089,2293.145,175.475,1906.302,9.970,161.517,3076,4513,0.850,1.110,1.100,0,0,4.985,0,0,18,299,0,49,3
19-06 19:00:08,16.254,8.002,74.017,0.500,0,5587428,179820,165664,2090036,11634.641,2596.589,0,1512.343,0,133.030,4573,16477,0.850,1.110,1.100,0,0,38.009,0,0,18,299,0,53,3
19-06 19:00:09,18.755,4.251,74.270,1.250,0,5587136,179820,165704,2090288,5701.555,1620.442,0,5637.537,0,483.132,5792,8236,0.850,1.110,1.100,1,0,0,0,0,18,300,0,53,3
19-06 19:00:10,25.738,4.748,64.470,2.249,0,5587244,179344,165796,2090564,6279.031,1511.285,0,4166.030,0,423.800,8543,13073,0.850,1.110,1.100,4,0,0,0,0,18,300,0,48,3
19-06 19:00:11,24.330,5.017,67.222,1.254,0,5587628,178588,165876,2090856,5133.927,1625.359,0,2789.196,0,251.830,8013,12288,0.850,1.110,1.100,1,0,0,0,0,18,301,0,49,3
19-06 19:00:12,26.526,6.006,62.813,2.252,0,5587052,178348,165996,2091536,4970.958,1567.564,0,8856.834,0,750.749,9448,15187,0.860,1.100,1.100,1,0,0,0,0,18,300,0,49,3
19-06 19:00:13,25.919,4.237,67.289,1.246,0,5586928,178096,166040,2091868,4545.776,1614.947,0,3289.706,0,312.024,7628,11308,0.860,1.100,1.100,2,0,0,0,0,18,300,0,51,3
19-06 19:00:14,12.992,3.248,81.450,0.999,0,5586724,178096,166152,2091960,5836.423,2581.418,0,3138.077,0,228.860,4218,6374,0.860,1.100,1.100,0,0,0.999,0,0,18,299,0,53,3
19-06 19:00:15,6.999,1.500,88.739,1.250,0,5586572,177340,166196,2092824,6330.241,2518.698,0,1747.790,0,169.980,2797,4052,0.860,1.100,1.100,0,0,0,0,0,18,299,0,53,3
19-06 19:00:16,11.247,2.249,82.978,1.000,0,5586748,177088,166264,2092832,5660.533,1812.530,0,1659.570,0,169.956,3543,4952,0.860,1.100,1.100,0,0,0,0,0,18,299,0,54,3
19-06 19:00:17,7.007,1.752,90.339,0.500,0,5586504,177088,166276,2093064,3717.648,1046.026,0,1337.312,0,107.105,2186,3174,0.790,1.080,1.090,0,0,0,0,0,18,299,0,54,3
19-06 19:00:18,4.245,0.999,91.643,0.999,0,5586300,177088,166308,2093236,11674.331,2897.607,0,1702.007,0,117.862,2294,3334,0.790,1.080,1.090,2,0,0,0,0,18,300,0,53,3
19-06 19:00:19,25.597,5.772,63.992,2.510,0,5585832,177088,166448,2093564,5065.190,1692.412,0,3886.726,0,493.871,8900,14144,0.790,1.080,1.090,2,0,0,0,0,18,300,0,53,3
19-06 19:00:20,26.677,4.737,63.825,2.244,0,5585880,176836,166568,2093648,4445.786,1454.006,0,8261.304,0,580.406,7697,11695,0.790,1.080,1.090,1,0,0,0,0,18,300,0,54,3
19-06 19:00:21,23.768,5.004,68.552,1.001,0,5585752,176584,166628,2093968,5180.938,1621.232,16.012,1857.412,1.001,173.132,7394,11020,0.790,1.080,1.090,2,0,0,0,0,18,300,0,56,3
19-06 19:00:22,9.984,2.496,84.114,1.498,0,5585684,176332,166696,2094220,5549.010,2444.040,0,2855.374,0,271.560,3577,5464,0.810,1.080,1.090,0,0,0,0,0,18,299,0,57,3
19-06 19:00:23,9.749,2.000,85.238,0.500,0,5585588,176332,166776,2094236,11752.352,3297.537,0,1583.778,0,178.975,3349,4860,0.810,1.080,1.090,0,0,0,0,0,18,299,0,56,3
19-06 19:00:24,16.024,3.004,78.116,1.502,0,5585572,176080,166876,2094404,4626.866,1622.408,0,7451.058,0,537.798,5596,8239,0.810,1.080,1.090,1,0,1.001,0,0,18,300,0,56,3
19-06 19:00:25,26.214,5.492,64.162,2.497,0,5585128,176080,167016,2094708,4701.557,1456.005,0,3902.652,0,443.392,8652,14349,0.810,1.080,1.090,3,0,0.999,0,0,18,300,0,57,3
19-06 19:00:26,25.260,5.252,65.526,2.251,0,5585124,175576,167168,2095064,4416.771,1458.585,0,8595.446,0,663.266,8548,13734,0.810,1.080,1.090,1,0,0,0,0,18,300,0,57,3
19-06 19:00:27,25.852,5.271,65.509,1.255,0,5585332,174820,167244,2095536,4588.132,1626.428,0,3164.506,0,312.234,7006,10189,0.830,1.080,1.090,1,0,0,0,0,18,299,0,52,3
19-06 19:00:28,5.995,0.999,90.677,0.749,0,5585224,174820,167272,2095616,5415.668,2597.922,0,1554.756,0,111.910,2094,3051,0.830,1.080,1.090,2,0,0,0,0,18,300,0,52,3
19-06 19:00:29,5.732,1.246,90.466,0.748,0,5585136,174820,167308,2095668,10438.286,2987.637,0,2603.840,0,146.541,2573,3664,0.830,1.080,1.090,0,0,0,0,0,18,299,0,52,3
19-06 19:00:30,9.694,1.740,86.995,0.994,0,5585036,174820,167356,2095720,11489.355,3440.046,0,1861.204,0,170.014,3140,4418,0.830,1.080,1.090,1,0,0,0,0,18,299,0,53,3
19-06 19:00:31,19.078,3.012,75.557,1.004,0,5584836,174820,167400,2095876,5017.397,1626.613,0,1558.335,0,156.637,4480,5771,0.830,1.080,1.090,1,0,0,0,0,18,300,0,46,3
19-06 19:00:32,25.639,5.027,64.853,2.262,0,5584196,174820,167652,2096264,4584.923,1628.854,0,7995.463,0,635.454,8417,12872,0.920,1.100,1.090,1,0,2.011,0,0,18,300,0,46,3
19-06 19:00:33,25.889,4.979,65.968,1.743,0,5584172,174568,167744,2096448,4439.044,1451.800,0,3046.989,0,308.682,7801,11568,0.920,1.100,1.090,3,0,0,0,0,18,300,0,47,3
19-06 19:00:34,23.844,4.267,68.019,1.506,0,5583756,174568,167836,2096772,4768.890,1626.442,0,2437.656,0,230.915,7408,10497,0.920,1.100,1.090,1,0,1.004,0,0,18,300,0,48,3
19-06 19:00:35,25.557,5.459,64.513,2.233,0,5583636,174316,167928,2097052,4662.822,1488.768,0,3259.410,0,380.132,8040,12858,0.920,1.100,1.090,4,0,0,0,0,18,300,0,48,3
19-06 19:00:36,25.694,4.282,65.999,2.015,0,5583416,174064,168088,2097364,4992.753,1469.109,0,8709.860,0,613.640,8412,13506,0.920,1.100,1.090,1,0,0,0,0,18,299,0,50,3
19-06 19:00:37,25.004,5.251,65.760,1.500,0.250,5583268,173812,168184,2097668,5502.837,1620.247,0,2304.351,0,273.042,7792,11267,0.930,1.100,1.090,1,0,0,0,0,18,300,0,50,3
19-06 19:00:38,26.172,5.234,64.060,1.994,0,5582984,173560,168300,2098088,5228.464,1519.485,0,3190.520,0,375.883,8217,12466,0.930,1.100,1.090,1,0,0,0,0,18,300,0,50,3
19-06 19:00:39,24.777,4.755,68.576,1.001,0,5582956,173336,168348,2098292,5183.718,1459.610,0,7544.322,0,393.434,6794,9478,0.930,1.100,1.090,1,0,0,0,0,18,300,0,48,3
19-06 19:00:40,26.194,4.989,64.613,1.746,0,5582852,173084,168464,2098532,4867.668,1454.912,0,3971.570,0,327.305,7732,11342,0.930,1.100,1.090,1,0,0,0,0,18,300,0,49,3
19-06 19:00:41,25.061,5.764,65.408,2.005,0,5583108,172328,168580,2098916,2904.021,0,0,3075.436,0,340.824,7838,12352,0.930,1.100,1.090,3,0,0,0,0,18,300,0,49,3
19-06 19:00:42,25.388,5.974,63.222,1.991,0,5583532,171572,168744,2099092,4569.878,2332.729,0,8076.439,0,622.260,7929,12145,0.930,1.090,1.090,0,0,0,0,0,18,299,0,50,3
19-06 19:00:43,7.041,1.760,89.267,0.754,0,5583352,171572,168752,2099264,5741.276,1695.829,0,1416.208,0,123.717,2693,3736,0.930,1.090,1.090,1,0,0,0,0,18,300,0,47,3
19-06 19:00:44,9.214,1.743,85.418,1.245,0,5583456,171320,168824,2099344,5536.459,2399.664,0,1992.249,0,230.105,3265,4877,0.930,1.090,1.090,0,0,0.996,0,0,18,299,0,48,3
19-06 19:00:45,12.249,3.250,81.742,1.000,0,5583204,171320,168884,2099536,6079.439,2570.763,0,1619.851,0,182.983,3553,5175,0.930,1.090,1.090,0,0,0,0,0,18,299,0,49,3
19-06 19:00:46,12.258,2.251,82.555,1.001,0,5583100,171320,168912,2099612,5192.429,2432.606,0,1549.023,0,168.111,3615,4913,0.930,1.090,1.090,0,0,0,0,0,18,299,0,50,3
19-06 19:00:47,8.005,1.251,88.807,0.500,0,5583788,170564,168940,2099652,6137.973,2084.349,0,1496.969,0,130.084,2551,3467,0.860,1.080,1.090,1,0,0,0,0,18,300,0,46,3
19-06 19:00:48,8.990,1.748,87.156,1.249,0,5583528,170564,168976,2099876,21507.727,6625.830,0,1893.951,0,215.767,3407,5052,0.860,1.080,1.090,0,0,0,0,0,18,300,0,46,2
19-06 19:00:49,7.503,2.501,87.031,1.000,0,5584204,169808,169004,2099928,13000.562,3461.214,0,1964.689,0,138.048,2964,3883,0.860,1.080,1.090,0,0,6.002,0,0,18,300,0,47,2
19-06 19:00:50,8.497,2.249,87.218,1.000,0,5584100,169808,169064,2099972,11629.778,3296.803,0,6525.631,0,443.839,3503,5474,0.860,1.080,1.090,0,0,0,0,0,18,300,0,47,2
19-06 19:00:51,18.001,3.500,75.253,1.250,0,5583796,169808,169132,2100208,5599.211,1662.063,0,1904.072,0,233.009,5685,8507,0.860,1.080,1.090,1,0,0,0,0,18,301,0,46,2
19-06 19:00:52,25.999,5.000,64.497,2.000,0,5583700,169556,169176,2100512,4337.777,1457.925,0,3279.831,0,389.980,8181,12717,0.870,1.070,1.090,1,0,0,0,0,18,301,0,46,2
19-06 19:00:53,26.542,5.258,65.103,2.003,0,5584280,168548,169216,2100900,4993.901,1688.672,0,3225.102,0,362.574,8597,13262,0.870,1.070,1.090,1,0,0,0,0,18,300,0,46,2
19-06 19:00:54,25.935,4.987,65.834,1.496,0,5584968,167540,169244,2101192,5045.307,1454.341,0,2924.642,0,320.194,8076,12750,0.870,1.070,1.090,1,0,0.997,0,0,18,301,0,47,2
19-06 19:00:55,22.522,5.005,68.568,1.501,0,5587560,164796,169284,2101304,5717.680,2506.490,0,13661.572,0,832.827,6827,10057,0.870,1.070,1.090,0,0,0,0,0,18,300,0,48,2
19-06 19:00:56,9.759,2.252,85.576,1.752,0,5587512,164544,169296,2101592,13739.191,3792.365,16.014,2462.185,1.001,212.188,3431,4935,0.870,1.070,1.090,1,0,0,0,0,18,300,0,49,2
19-06 19:00:57,2.759,0.753,94.071,0.502,0,5587500,164544,169304,2101596,5316.112,1462.985,0,915.118,0,79.270,1785,2666,0.800,1.060,1.080,1,0,0,0,0,18,301,0,49,2
19-06 19:00:58,11.698,2.240,82.882,0.996,0,5587488,164292,169328,2101836,6048.160,2073.797,0,1947.358,0,213.055,4212,6269,0.800,1.060,1.080,0,0,0,0,0,18,300,0,50,2
19-06 19:00:59,7.501,1.750,88.514,1.000,0,5587552,164040,169344,2102008,11695.895,3298.534,0,1380.224,0,146.024,2841,4162,0.800,1.060,1.080,0,0,0,0,0,18,300,0,46,2
19-06 19:01:00,15.061,2.761,80.072,1.004,0,5587468,164040,169372,2102064,4670.793,1560.278,0,1859.481,0,208.840,4723,7231,0.800,1.060,1.080,1,0,0,0,0,18,301,0,46,2
19-06 19:01:01,25.242,5.498,64.729,2.499,0,5587720,163284,169440,2102500,5101.346,1565.492,0,8029.397,0,570.815,8175,12545,0.800,1.060,1.080,2,0,0,0,0,18,302,0,46,2
19-06 19:01:02,25.685,4.489,66.332,1.496,0,5588080,162528,169476,2102860,4548.475,1615.905,0,2445.803,0,288.270,7871,11606,0.820,1.050,1.080,1,0,0,0,0,18,301,0,48,2
19-06 19:01:03,24.524,4.254,68.066,1.251,0,5588696,161772,169508,2102968,12118.825,4011.915,0,2434.375,0,286.279,6846,9982,0.820,1.050,1.080,1,0,1.001,0,0,18,300,0,51,2
19-06 19:01:04,8.251,2.000,88.010,0.500,0,5589252,161016,169520,2103156,5470.595,2111.229,0,1768.192,0,123.013,2825,3884,0.820,1.050,1.080,0,0,2.000,0,0,18,300,0,49,2
19-06 19:01:05,3.493,1.497,92.325,0.749,0,5589168,161016,169544,2103216,12366.522,3057.196,0,1541.074,0,131.750,2176,3205,0.820,1.050,1.080,1,0,0,0,0,18,301,0,49,2
19-06 19:01:06,26.252,5.250,64.254,2.250,0,5589012,160772,169644,2103516,5075.335,1458.096,0,3864.255,0,470.031,8592,13714,0.820,1.050,1.080,2,0,1.000,0,0,18,301,0,49,2
19-06 19:01:07,26.750,6.250,62.750,2.250,0,5593328,156008,169732,2103876,5639.980,1619.994,0,8695.970,0,664.998,8518,13136,0.750,1.040,1.070,1,0,3.000,0,0,18,298,0,52,2
19-06 19:01:08,13.997,4.749,78.734,0.500,0,5597124,185000,168464,2072580,7298.526,2404.514,0,1859.625,0,134.973,4276,13997,0.750,1.040,1.070,1,0,37.992,0,0,18,301,0,51,2
19-06 19:01:09,7.495,1.499,88.947,1.249,0,5597132,185188,168468,2072484,7706.367,2502.496,0,1415.149,0,159.904,2818,4028,0.750,1.040,1.070,0,0,0.999,0,0,18,300,0,51,2
19-06 19:01:10,5.999,1.750,89.488,0.500,0,5597072,185188,168480,2072532,6522.125,2341.686,0,6187.170,0,433.942,2665,3585,0.750,1.040,1.070,0,0,0,0,0,18,300,0,51,2
19-06 19:01:11,8.759,2.252,87.090,1.251,0,5597112,184948,168496,2072700,7200.467,2946.055,0,2598.695,0,192.199,3271,4771,0.750,1.040,1.070,0,0,0,0,0,18,300,0,51,2
19-06 19:01:12,6.245,1.499,89.930,0.250,0.250,5597048,184948,168524,2072736,11259.197,2832.785,0,1330.959,0,128.899,2593,3671,0.690,1.020,1.070,2,0,0,0,0,18,300,0,46,2
19-06 19:01:13,14.283,2.756,79.936,1.253,0,5597316,184444,168556,2072940,4522.508,2572.978,0,1772.118,0,211.491,4153,5708,0.690,1.020,1.070,0,0,0,0,0,18,300,0,48,2
19-06 19:01:14,6.243,1.748,89.896,0.999,0,5597452,184192,168568,2073044,5179.999,1522.236,0,1490.273,0,174.797,2412,3447,0.690,1.020,1.070,7,0,0.999,0,0,18,300,0,48,2
19-06 19:01:15,3.248,0.999,94.188,0.500,0,5597412,184192,168580,2073072,6516.686,2501.344,0,1027.320,0,85.943,1709,2524,0.690,1.020,1.070,0,0,0,0,0,18,300,0,48,2
19-06 19:01:16,12.775,2.755,81.408,0.751,0.250,5597300,184192,168612,2073152,6133.897,2314.489,0,1743.381,0,195.379,3762,5321,0.690,1.020,1.070,0,0,0,0,0,18,300,0,42,2
19-06 19:01:17,8.485,1.747,86.093,1.747,0,5597084,184192,168664,2073316,19643.266,5359.251,0,7055.166,0,448.185,3440,5222,0.710,1.020,1.070,0,0,0,0,0,18,300,0,43,2
19-06 19:01:18,3.250,1.000,94.507,0.250,0.250,5597064,184192,168668,2073332,8114.610,2169.163,0,428.032,0,32.002,1272,1717,0.710,1.020,1.070,0,0,0,0,0,18,300,0,43,2
19-06 19:01:19,4.744,1.498,91.640,0.250,0,5597036,184192,168684,2073344,14016.242,4883.161,0,1042.753,0,68.918,2019,2749,0.710,1.020,1.070,0,0,0,0,0,18,300,0,43,2
19-06 19:01:20,2.501,0.500,94.786,0.750,0,5597020,184192,168684,2073360,5623.163,1578.607,0,448.172,0,32.012,1324,1880,0.710,1.020,1.070,1,0,0,0,0,18,300,0,41,2
19-06 19:01:21,13.023,2.254,83.395,1.002,0,5597248,183908,168708,2073392,12442.569,3813.611,0,1550.688,0,191.332,3814,5121,0.710,1.020,1.070,0,0,0,0,0,18,300,0,42,2
19-06 19:01:22,6.254,1.751,89.555,0.250,0,5597152,183908,168724,2073472,10401.348,2651.618,0,768.469,0,66.040,2402,3196,0.660,1,1.060,1,0,0,0,0,18,301,0,42,2
19-06 19:01:23,25.932,4.987,65.579,1.745,0,5596516,183908,168772,2074060,4488.283,1615.782,0,2748.824,0,330.138,7940,11818,0.660,1,1.060,1,0,0,0,0,18,301,0,42,2
19-06 19:01:24,14.256,3.502,79.535,1.251,0,5597240,182900,168820,2074296,5782.558,2566.135,0,2277.007,0,226.100,4771,7027,0.660,1,1.060,0,0,1.000,0,0,18,300,0,40,2
19-06 19:01:25,14.812,2.259,80.588,1.004,0,5596988,182900,168840,2074528,5980.060,2091.766,0,2068.669,0,177.745,4190,5786,0.660,1,1.060,1,0,0,0,0,18,300,0,41,2
19-06 19:01:26,6.494,1.748,89.669,0.500,0,5596920,182900,168864,2074572,10726.272,2832.431,0,2257.952,0,156.858,2679,3964,0.660,1,1.060,1,0,0.999,0,0,18,301,0,41,2
19-06 19:01:27,25.672,6.231,63.556,2.492,0,5596528,182900,168956,2074872,4546.104,1615.063,0,7784.206,0,612.129,8688,13578,0.680,1,1.060,1,0,0.997,0,0,18,300,0,44,3
19-06 19:01:28,24.541,4.257,68.113,1.002,0,5597120,182144,168980,2075012,4946.229,1502.500,0,2604.333,0,195.325,7142,10238,0.680,1,1.060,1,0,0,0,0,18,301,0,45,2
19-06 19:01:29,14.978,3.745,77.637,0.999,0,5596808,182144,169016,2075288,6370.736,2563.273,0,2001.090,0,230.665,4965,7249,0.680,1,1.060,0,0,0,0,0,18,300,0,46,2
19-06 19:01:30,11.494,2.998,82.956,1.499,0,5596668,182144,169040,2075404,4935.367,1457.223,15.991,2342.750,0.999,223.881,3756,5342,0.680,1,1.060,0,0,0,0,0,18,301,0,46,2
19-06 19:01:31,12.544,2.258,81.786,1.505,0,5596756,181892,169092,2075516,12669.322,3405.915,0,7181.122,0,573.005,4080,5701,0.680,1,1.060,0,0,0,0,0,18,300,0,46,2
19-06 19:01:32,11.206,2.739,82.674,0.747,0,5596500,181892,169124,2075740,4201.437,1518.016,31.874,1657.466,0.996,161.364,3561,4960,0.630,0.980,1.050,1,0,1.992,0,0,18,300,0,45,2
19-06 19:01:33,5.249,1.250,89.989,1.000,0,5596664,181640,169148,2075804,6403.228,2590.688,0,1475.822,0,140.983,2692,4039,0.630,0.980,1.050,1,0,0,0,0,18,301,0,45,2
19-06 19:01:34,10.495,2.998,82.958,1.999,0,5596752,181392,169192,2075920,11176.383,3404.289,0,6272.847,0,445.776,4237,6469,0.630,0.980,1.050,0,0,0.999,0,0,18,300,0,48,2
19-06 19:01:35,18.835,4.772,73.833,1.005,0,5596780,181140,169244,2076092,4863.936,1518.850,0,1804.136,0,219.992,5820,8583,0.630,0.980,1.050,2,0,0,0,0,18,301,0,48,2
19-06 19:01:36,25.194,6.486,63.609,2.494,0,5596600,180888,169320,2076448,5091.690,1562.529,0,4254.549,0,481.929,8312,12759,0.630,0.980,1.050,1,0,0,0,0,18,301,0,44,2
19-06 19:01:37,25.073,4.764,67.697,1.254,0.251,5597772,179404,169376,2076704,5666.501,1624.731,0,2411.021,0,223.651,7844,11534,0.660,0.980,1.050,1,1,0,0,0,18,301,0,46,2
19-06 19:01:38,24.393,4.729,66.956,1.245,0,5598516,178144,169440,2077156,5149.412,2494.060,0,2493.064,0,266.830,6910,10164,0.660,0.980,1.050,0,0,0,0,0,18,300,0,49,2
19-06 19:01:39,6.272,1.756,89.810,1.254,0,5598424,178144,169496,2077192,6570.653,1691.833,0,5767.886,0,370.277,2806,4263,0.660,0.980,1.050,1,0,0,0,0,18,301,0,49,2
19-06 19:01:40,12.961,2.243,81.005,1.745,0,5598300,178144,169528,2077284,4996.877,1507.438,0,3421.644,0,335.983,4597,6775,0.660,0.980,1.050,2,0,0,0,0,18,302,0,48,2
19-06 19:01:41,7.705,1.243,87.989,0.746,0,5598216,178144,169544,2077352,12446.743,3428.099,0,2318.540,0,159.077,3029,4345,0.660,0.980,1.050,1,0,0,0,0,18,300,0,48,2
19-06 19:01:42,13.068,3.016,80.920,1.257,0,5598188,177892,169576,2077600,6232.330,2584.407,0,1761.136,0,215.116,4120,5986,0.690,0.990,1.050,0,0,0,0,0,18,300,0,49,2
19-06 19:01:43,12.738,2.248,81.173,0.999,0,5598144,177892,169592,2077628,10329.196,3228.935,0,1762.327,0,202.808,3982,5637,0.690,0.990,1.050,0,0,0,0,0,18,300,0,49,2
19-06 19:01:44,9.035,2.510,86.336,0.753,0,5598024,177892,169604,2077736,6391.877,1584.166,0,1293.032,0,130.508,3459,4925,0.690,0.990,1.050,1,1,1.004,0,0,18,301,0,49,2
19-06 19:01:45,25.686,5.237,64.090,2.494,0,5598024,177640,169680,2077912,4714.230,1562.100,0,3842.406,0,493.767,8430,13040,0.690,0.990,1.050,1,0,0,0,0,18,301,0,47,2
19-06 19:01:46,26.535,5.257,64.836,1.752,0,5587020,187916,169776,2078528,4541.053,1459.946,0,14751.662,0,1067.423,8946,14099,0.690,0.990,1.050,2,0,0,0,0,18,301,0,48,2
19-06 19:01:47,23.429,4.486,67.793,0.748,0,5587692,187052,169792,2078704,4462.391,1292.059,0,1479.488,0,145.556,6918,9940,0.710,0.990,1.050,1,0,0,0,0,18,301,0,50,2
19-06 19:01:48,17.282,4.007,75.891,1.252,0,5588184,186296,169824,2078936,5932.988,2196.067,0,1951.615,0,239.443,5042,7395,0.710,0.990,1.050,0,0,0,0,0,18,300,0,52,2
19-06 19:01:49,11.006,2.501,83.793,1.001,0,5590144,184312,169840,2078944,5867.029,1644.849,0,1584.818,0,173.089,3603,5027,0.710,0.990,1.050,1,0,6.003,0,0,18,301,0,52,2
19-06 19:01:50,11.245,2.749,82.963,1.749,0,5589964,184312,169864,2079100,12976.236,3404.488,0,2546.869,0,236.895,3859,5576,0.710,0.990,1.050,0,0,0,0,0,18,300,0,52,2
19-06 19:01:51,11.758,2.752,82.303,1.251,0,5589952,184312,169880,2079096,5918.841,1458.947,0,6176.008,0,433.281,3920,5963,0.710,0.990,1.050,1,0,0,0,0,18,300,0,54,2
19-06 19:01:52,4.763,1.253,91.250,0.501,0,5589696,184312,169884,2079348,5767.775,2468.752,0,1580.322,0,81.222,2102,2974,0.660,0.970,1.050,2,0,0,0,0,18,301,0,54,2
19-06 19:01:53,11.443,2.239,82.587,0.995,0,5589872,184060,169896,2079412,11723.333,3430.831,0,1739.296,0,187.064,3923,5566,0.660,0.970,1.050,0,0,0,0,0,18,300,0,54,2
19-06 19:01:54,19.612,4.023,73.671,1.509,0,5589848,183808,169908,2079676,4767.265,1629.318,0,1902.883,0,212.214,5864,8429,0.660,0.970,1.050,3,1,1.006,0,0,18,301,0,55,2
19-06 19:01:55,26.363,5.472,63.420,2.487,0,5589640,183808,169940,2079852,4894.528,1611.613,0,4397.117,0,509.349,8749,13956,0.660,0.970,1.050,4,0,0,0,0,18,301,0,57,2
19-06 19:01:56,25.386,5.530,66.355,1.005,0,5589884,183052,169996,2080308,10896.263,3013.111,0,3213.181,0,282.511,7354,10759,0.660,0.970,1.050,1,0,0,0,0,18,301,0,58,2
19-06 19:01:57,8.210,1.741,86.079,1.493,0,5589976,182800,170060,2080404,5990.690,2550.521,15.922,6627.574,0.995,479.653,3712,5926,0.600,0.950,1.040,0,0,0,0,0,18,300,0,56,2
19-06 19:01:58,13.744,2.499,81.467,1.000,0,5589800,182800,170104,2080536,9100.358,3462.614,0,2375.049,0,224.910,3737,5499,0.600,0.950,1.040,0,0,0,0,0,18,300,0,58,2
19-06 19:01:59,9.497,1.749,85.225,0.750,0,5589872,182548,170136,2080684,12258.337,3404.982,0,1747.478,0,152.954,3166,4332,0.600,0.950,1.040,1,0,0,0,0,18,300,0,58,2
19-06 19:02:00,9.255,2.251,86.301,0.750,0,5590040,182296,170184,2080720,10359.116,3287.941,0,1260.744,0,128.076,2869,3915,0.600,0.950,1.040,0,0,0,0,0,18,300,0,58,2
19-06 19:02:01,8.775,2.006,87.245,0.501,0,5590168,182072,170196,2080804,7077.843,1636.588,0,5764.160,0,430.206,3147,4297,0.600,0.950,1.040,1,0,0,0,0,18,302,0,57,2
19-06 19:02:02,25.233,5.496,64.706,1.749,0,5591044,180812,170280,2081104,4948.655,1510.979,0,3357.731,0,314.787,7769,11603,0.710,0.970,1.050,2,0,0,0,0,18,301,0,57,2
19-06 19:02:03,13.482,3.495,80.146,1.248,0,5591108,180560,170336,2081236,12490.743,3930.884,0,3827.019,0,330.570,4658,6949,0.710,0.970,1.050,0,0,0,0,0,18,300,0,59,2
19-06 19:02:04,8.993,1.499,87.181,0.999,0,5591160,180308,170360,2081412,10940.365,3389.325,0,1654.694,0,139.890,2878,3885,0.710,0.970,1.050,1,0,0.999,0,0,18,300,0,59,2
19-06 19:02:05,14.817,3.265,79.611,0.753,0,5591064,180308,170408,2081460,6315.641,1042.729,0,1932.765,0,222.007,4826,7298,0.710,0.970,1.050,4,1,0,0,0,18,301,0,52,2
19-06 19:02:06,25.508,5.502,64.521,3.001,0,5591868,179048,170472,2081852,4916.616,1900.625,32.011,9883.249,1.000,725.238,8503,13449,0.710,0.970,1.050,0,0,0,0,0,18,300,0,54,2
19-06 19:02:07,5.972,0.995,90.320,0.249,0,5591680,179048,170480,2082032,5983.504,1463.032,0,955.450,0,71.659,2117,2883,0.660,0.950,1.040,1,0,0.995,0,0,18,301,0,54,2
19-06 19:02:08,19.005,6.752,71.520,1.000,0,5609820,160784,170500,2082164,7109.974,2171.603,0,1808.502,0,208.058,5256,14437,0.660,0.950,1.040,0,0,39.011,0,0,18,300,0,56,2
19-06 19:02:09,15.501,2.500,79.254,0.750,0,5601612,168504,170508,2082616,12682.689,3406.185,284.015,1488.081,17.001,153.008,4371,6232,0.660,0.950,1.040,0,0,1.000,0,0,18,300,0,52,2
19-06 19:02:10,9.507,2.252,86.318,0.751,0,5601556,168504,170524,2082656,6418.050,2323.828,0,1437.131,0,143.113,2966,4243,0.660,0.950,1.040,0,0,1.001,0,0,18,300,0,52,2
19-06 19:02:11,11.987,2.747,82.158,0.999,0,5601616,168252,170528,2082844,10580.153,2647.036,0,1718.076,0,188.789,3759,5426,0.660,0.950,1.040,1,0,0,0,0,18,300,0,54,2
19-06 19:02:12,7.019,1.253,90.249,0.752,0,5601584,168252,170532,2082872,6096.846,2567.093,0,1283.547,0,118.327,2483,3503,0.600,0.940,1.040,2,0,0,0,0,18,301,0,54,2
19-06 19:02:13,10.220,2.742,84.753,0.748,0,5601620,168000,170536,2083084,11432.684,3887.671,0,1898.468,0,190.445,3405,4865,0.600,0.940,1.040,0,0,0,0,0,18,300,0,55,2
19-06 19:02:14,2.751,1.000,94.774,0.250,0,5590944,178672,170536,2083088,6760.744,2037.526,0,5037.299,0,426.110,1707,1804,0.600,0.940,1.040,0,0,3.001,0,0,18,300,0,55,2
19-06 19:02:15,2.751,1.000,94.533,0.500,0,5591176,178420,170544,2083100,6975.430,1983.691,0,816.284,0,70.024,1563,2261,0.600,0.940,1.040,0,0,0,0,0,18,300,0,55,2
19-06 19:02:16,14.248,3.249,78.988,1.500,0.250,5591084,178420,170548,2083188,6396.004,2560.601,0,6654.963,0,522.919,4766,7375,0.600,0.940,1.040,0,0,0,0,0,18,300,0,57,2
19-06 19:02:17,8.992,1.748,86.672,0.999,0,5591024,178420,170552,2083244,6047.574,2319.919,0,1894.301,0,134.879,2884,3993,0.560,0.920,1.030,0,0,0,0,0,18,300,0,53,2
19-06 19:02:18,7.255,1.751,89.564,0.500,0,5590848,178420,170560,2083412,10704.704,2845.048,0,900.648,0,76.055,2337,3238,0.560,0.920,1.030,1,0,1.001,0,0,18,300,0,54,2
19-06 19:02:19,4.744,1.498,90.644,0.499,0,5590792,178420,170568,2083460,11204.852,2747.776,0,1214.575,0,121.857,2356,3433,0.560,0.920,1.030,1,0,0,0,0,18,301,0,54,2
19-06 19:02:20,5.240,1.248,91.827,0.499,0,5590756,178420,170576,2083488,9172.720,3229.915,0,814.466,0,68.870,1962,2730,0.560,0.920,1.030,0,0,0,0,0,18,300,0,54,2
19-06 19:02:21,5.267,1.505,90.536,0.752,0,5590740,178420,170592,2083488,11695.972,2964.371,0,1412.465,0,119.377,2230,3129,0.560,0.920,1.030,0,0,0,0,0,18,300,0,53,2
19-06 19:02:22,22.555,4.762,69.920,1.754,0,5590844,177916,170632,2083848,4468.841,1461.546,0,2453.953,0,311.756,6895,10116,0.590,0.920,1.030,3,0,0,0,0,18,301,0,53,2
19-06 19:02:23,25.194,5.488,65.354,1.746,0.249,5592472,174148,170664,2085940,4631.638,1239.227,0,3113.035,0,332.257,8116,12099,0.590,0.920,1.030,1,0,0,0,0,18,301,0,53,2
19-06 19:02:24,25.470,3.246,68.168,0.749,0,5592964,173140,170676,2086444,4336.812,1240.516,0,1961.653,0,184.779,5635,7767,0.590,0.920,1.030,3,0,0.999,0,0,18,301,0,54,2
19-06 19:02:25,14.508,3.752,78.543,1.751,0.250,5593136,172636,170700,2086748,6249.402,2554.391,0,7660.170,0,575.313,5048,8205,0.590,0.920,1.030,1,0,0,0,0,18,300,0,54,2
19-06 19:02:26,12.027,3.007,81.934,1.253,0,5593152,172384,170712,2086972,5962.356,2463.518,0,1800.032,0,188.422,3481,5068,0.590,0.920,1.030,0,0,0,0,0,18,300,0,55,2
19-06 19:02:27,9.014,2.254,86.134,0.751,0,5593340,172132,170728,2087020,4284.673,1460.274,0,1430.228,0,144.225,2870,4161,0.540,0.910,1.020,1,0,0,0,0,18,300,0,56,2
19-06 19:02:28,6.228,0.997,90.686,0.747,0,5593520,171880,170736,2087084,5267.763,2545.188,0,1439.018,0,118.589,2287,3331,0.540,0.910,1.020,1,0,0,0,0,18,301,0,56,2
19-06 19:02:29,25.530,3.504,69.582,0,0,5601788,163312,170748,2087372,4385.188,1621.919,0,708.839,0,43.051,4065,4243,0.540,0.910,1.020,1,0,0,0,0,18,301,0,58,2
19-06 19:02:30,13.969,2.245,81.319,0.998,0,5604928,160036,170756,2087500,11300.902,3452.333,0,1329.048,0,138.692,3755,4928,0.540,0.910,1.020,0,0,0,0,0,18,300,0,52,2
19-06 19:02:31,8.009,1.752,88.096,0.501,0,5604992,159784,170776,2087668,11437.491,3355.665,0,1317.439,0,133.145,2871,3946,0.540,0.910,1.020,0,0,0,0,0,18,300,0,53,2
19-06 19:02:32,7.749,1.750,86.739,0.500,0,5604352,160372,170796,2087700,11634.518,3393.568,0,6323.195,0,526.933,3090,4353,0.500,0.890,1.020,4,0,2.000,0,0,18,300,0,53,2
19-06 19:02:33,10.016,2.254,85.641,0.501,0,5604284,160372,170804,2087760,4393.220,1754.884,0,1935.180,0,119.196,3515,5078,0.500,0.890,1.020,1,0,0,0,0,18,301,0,53,2
19-06 19:02:34,25.733,5.746,64.207,2.248,0,5605012,159112,170844,2088252,4902.704,1564.948,0,8466.309,0,636.572,8598,13139,0.500,0.890,1.020,1,0,1.999,0,0,18,301,0,52,2
19-06 19:02:35,11.243,3.498,82.199,1.499,0,5605368,158608,170864,2088380,5522.566,2090.700,0,1966.777,0,217.865,3808,5601,0.500,0.890,1.020,1,0,0,0,0,18,300,0,53,2
19-06 19:02:36,18.754,2.751,76.015,0.250,0,5605356,158384,170864,2088616,3975.792,918.183,176.035,780.155,10.002,51.010,4772,6148,0.500,0.890,1.020,1,0,0,0,0,18,304,0,56,2
19-06 19:02:37,25.727,4.246,67.689,0.999,0,5606420,156872,170880,2089048,5117.377,1510.635,179.838,1518.628,11.989,156.858,6345,8392,0.540,0.890,1.020,2,0,0.999,0,0,18,305,0,73,2
19-06 19:02:38,24.386,3.268,69.638,0.503,0,5607716,155360,170880,2089264,4917.424,1411.874,0,1186.618,0,99.555,6151,8269,0.540,0.890,1.020,1,0,2.011,0,0,18,305,0,75,2
19-06 19:02:39,27.390,4.233,65.986,0.498,0,5608888,153848,170892,2089592,6020.889,1590.630,0,1597.602,0,156.374,5972,7120,0.540,0.890,1.020,1,0,0,0,0,18,303,0,86,2
19-06 19:02:40,5.493,1.748,90.638,0.499,0,5608792,153848,170904,2089676,10202.405,2831.504,3.995,1202.515,0.999,105.869,2467,3578,0.540,0.890,1.020,1,0,0,0,0,18,304,0,86,2
19-06 19:02:41,25.700,4.242,66.371,1.497,0,5609488,152840,170916,2089976,4687.919,1616.868,0,3145.906,0,324.372,7237,10560,0.540,0.890,1.020,1,0,0,0,0,18,304,0,88,2
19-06 19:02:42,17.782,3.757,74.383,1.753,0,5609840,152336,170940,2090104,5447.777,2416.336,0,2829.077,0,292.525,5658,8254,0.660,0.910,1.020,0,0,0,0,0,18,303,0,85,2
19-06 19:02:43,8.998,2.999,83.985,2.250,0,5609864,152096,170980,2090280,5507.998,2347.573,0,7166.697,0,502.909,3850,6037,0.660,0.910,1.020,0,0,0,0,0,18,303,0,85,2
19-06 19:02:44,6.756,1.752,88.831,1.001,0,5610280,151596,170992,2090336,5850.302,2511.276,0,2914.642,0,219.199,2635,3985,0.660,0.910,1.020,0,0,1.001,0,0,18,303,0,85,2
19-06 19:02:45,4.769,0.753,92.878,0.502,0,5610240,151596,170992,2090376,4415.957,1463.953,0,915.724,0,76.310,1719,2382,0.660,0.910,1.020,1,1,0,0,0,18,304,0,85,2
19-06 19:02:46,4.500,1.250,92.503,0.500,0,5610456,151344,171000,2090404,6402.242,2553.097,0,1260.048,0,148.006,2076,2992,0.660,0.910,1.020,1,0,0,0,0,18,303,0,84,2
19-06 19:02:47,25.010,3.001,71.278,0.250,0,5611920,149608,171000,2090676,5897.344,2083.828,0,6010.389,0,414.165,4042,4104,0.770,0.930,1.030,1,0,0,0,0,18,303,0,85,2
19-06 19:02:48,2.988,0.996,93.618,0.498,0,5612128,149356,171012,2090708,4756.606,1744.886,0,995.939,0,96.606,1645,2521,0.770,0.930,1.030,1,0,0,0,0,18,303,0,85,3
19-06 19:02:49,3.998,2.249,91.695,0.250,0,5613316,148100,171028,2090760,7036.762,2147.707,0,1151.307,0,112.932,2239,3080,0.770,0.930,1.030,0,0,5.996,0,0,18,302,0,85,3
19-06 19:02:50,5.002,1.501,92.045,0.500,0,5613280,148100,171032,2090792,7158.533,2084.029,0,1060.523,0,100.049,2198,3166,0.770,0.930,1.030,0,0,0,0,0,18,302,0,78,3
19-06 19:02:51,8.030,1.757,87.831,1.004,0,5613488,147848,171036,2090832,12658.704,3310.475,0,1469.538,0,160.605,3220,4660,0.770,0.930,1.030,0,0,0,0,0,18,302,0,79,3
19-06 19:02:52,20.507,4.752,70.773,1.500,0,5613188,147848,171064,2091104,4201.389,1620.536,0,2540.840,0,324.107,6873,10752,0.860,0.950,1.030,1,0,0,0,0,18,303,0,80,3
19-06 19:02:53,23.393,3.982,69.681,1.244,0,5614240,146336,171080,2091548,4748.263,2338.295,0,3464.141,0,333.473,6752,9776,0.860,0.950,1.030,0,0,0,0,0,18,302,0,81,3
19-06 19:02:54,8.004,2.001,86.540,2.001,0,5614152,146336,171100,2091616,7602.489,2623.204,0,6603.030,0,487.224,3738,5832,0.860,0.950,1.030,0,0,1.000,0,0,18,302,0,77,3
19-06 19:02:55,3.258,1.002,94.219,0.251,0.251,5614120,146336,171104,2091644,4889.367,1461.397,0,2253.238,0,115.268,1589,2274,0.860,0.950,1.030,1,0,0,0,0,18,303,0,77,3
19-06 19:02:56,6.739,1.248,89.852,0.749,0,5614316,146084,171112,2091692,15192.907,5247.333,0,1122.147,0,108.820,2479,3462,0.860,0.950,1.030,1,0,0,0,0,18,303,0,77,2
19-06 19:02:57,8.743,1.749,86.181,0.999,0.250,5614136,146084,171116,2091868,11924.447,3295.360,0,2058.351,0,142.886,3226,4575,0.790,0.930,1.030,0,0,0,0,0,18,303,0,77,2
19-06 19:02:58,20.253,4.251,71.512,1.500,0,5614512,145580,171148,2091964,4212.720,972.166,0,2316.396,0,274.047,6391,9876,0.790,0.930,1.030,1,0,0,0,0,18,303,0,70,2
19-06 19:02:59,20.236,2.498,75.946,0.250,0,5442748,317488,171152,2091864,5132.350,266258.669,143.898,1119.204,10.992,69.950,2300,1973,0.790,0.930,1.030,0,0,13.990,0,0,18,303,0,70,2
19-06 19:03:00,2.752,1.251,94.314,0.250,0,5440644,319572,171152,2091888,4683.195,1621.106,0,940.642,0,60.041,1577,2328,0.790,0.930,1.030,0,0,0,0,0,18,303,0,70,2
19-06 19:03:01,2.249,0.750,95.472,1.000,0,5438632,321580,171152,2091892,4593.661,1457.575,0,2927.147,0,158.954,1435,2221,0.790,0.930,1.030,0,0,0,0,0,18,303,0,70,2
19-06 19:03:02,1.998,0.749,95.908,0,0,5437760,322452,171152,2091892,4693.520,1456.610,0,267.744,0,26.974,1263,1890,0.730,0.920,1.020,0,0,0,0,0,18,303,0,70,2
19-06 19:03:03,3.505,1.252,93.388,0.501,0,5437484,322704,171160,2091908,11317.780,3001.450,0,672.998,0,71.105,1988,2816,0.730,0.920,1.020,1,0,0,0,0,18,303,0,70,2
19-06 19:03:04,1.249,0.750,96.686,0.250,0,5437736,322452,171160,2091908,5456.405,1618.933,0,867.429,0,21.986,1055,1529,0.730,0.920,1.020,0,0,0.999,0,0,18,303,0,70,2
19-06 19:03:05,1.750,0.500,97.006,0,0,5437464,322720,171160,2091912,5700.379,1620.108,0,44.003,0,4.000,945,1381,0.730,0.920,1.020,0,0,0,0,0,18,303,0,70,2
19-06 19:03:06,1.250,0.250,97.507,0,0,5437464,322720,171164,2091908,5777.417,1620.117,0,40.003,0,1.000,976,1413,0.730,0.920,1.020,0,0,0,0,0,18,303,0,66,2
19-06 19:03:07,5.002,2.001,91.537,0,0,5477768,282412,171164,2091916,5772.321,1620.652,0,0,0,0,1580,1880,0.670,0.900,1.020,0,0,1.000,0,0,18,303,0,66,2
19-06 19:03:08,4.001,3.001,91.269,0.500,0,5489092,271072,171164,2091932,6541.337,1620.331,0,3948.807,0,482.099,2079,2576,0.670,0.900,1.020,2,0,17.003,0,0,18,303,0,66,2
19-06 19:03:09,8.742,3.247,87.175,0,0,5494992,265024,171164,2092080,5455.319,1618.611,0,111.904,0,11.990,2573,8064,0.670,0.900,1.020,0,0,23.979,0,0,18,303,0,67,2
19-06 19:03:10,2.250,1.000,96.004,0.250,0,5492492,267520,171164,2092084,5778.215,1458.054,0,280.010,0,21.001,1168,1608,0.670,0.900,1.020,0,0,0,0,0,18,303,0,67,2
19-06 19:03:11,1.750,0.750,96.265,0,0,5490136,269872,171164,2092088,4883.786,1686.271,0,112.018,0,16.003,1206,1747,0.670,0.900,1.020,0,0,0,0,0,18,303,0,63,2
19-06 19:03:12,2.501,1.250,94.782,0.250,0,5488532,271460,171168,2092100,4345.477,1524.518,0,512.174,0,48.016,1529,2307,0.700,0.900,1.010,1,0,0,0,0,18,303,0,63,2
19-06 19:03:13,2.249,0.750,94.453,0.500,0,5486884,273096,171180,2092100,4455.791,1457.278,0,3202.412,0,207.897,1976,3464,0.700,0.900,1.010,0,0,0,0,0,18,303,0,63,2
19-06 19:03:14,1.000,1.250,96.991,0.250,0,5486840,273132,171180,2092108,4869.568,1619.856,0,395.965,0,19.998,1062,1510,0.700,0.900,1.010,0,0,1.000,0,0,18,303,0,63,2
19-06 19:03:15,1.252,0.250,97.191,0,0,5486836,273132,171184,2092108,4947.738,1460.875,0,360.710,0,18.035,943,1382,0.700,0.900,1.010,0,0,0,0,0,18,303,0,60,2
19-06 19:03:16,1.253,0.752,97.207,0,0,5486836,273132,171184,2092108,5188.024,1623.450,0,765.627,0,42.089,1040,1552,0.700,0.900,1.010,1,0,0,0,0,18,303,0,60,2
19-06 19:03:17,0.996,0.747,96.869,0.249,0,5486836,273132,171184,2092108,4978.395,1452.281,0,310.776,0,61.757,995,1430,0.640,0.890,1.010,1,0,0,0,0,18,303,0,60,2
19-06 19:03:18,1.250,0.500,97.261,0,0,5486836,273132,171184,2092108,5166.601,1686.196,0,0,0,0,980,1387,0.640,0.890,1.010,0,0,0,0,0,18,303,0,60,2
19-06 19:03:19,1.250,0.500,96.747,0,0,5486836,273132,171184,2092108,4937.839,1457.952,0,51.998,0,6.000,1021,1445,0.640,0.890,1.010,0,0,0,0,0,18,303,0,57,2
19-06 19:03:20,1.500,1.000,96.997,0,0,5486836,273132,171184,2092108,4577.855,1457.954,0,0,0,0,979,1435,0.640,0.890,1.010,0,0,0,0,0,18,303,0,57,2
19-06 19:03:21,1.757,0.251,97.122,0,0,5486832,273132,171188,2092108,5257.150,1668.395,0,48.185,0,6.023,1048,1452,0.640,0.890,1.010,0,0,0,0,0,18,303,0,57,2
19-06 19:03:22,2.241,0.747,94.877,0.498,0,5486820,273132,171188,2092120,4721.445,1613.658,0,358.591,0,35.859,1367,2056,0.590,0.870,1,0,0,0,0,0,18,303,0,57,2
19-06 19:03:23,2.251,1.001,94.552,0.500,0,5486816,273132,171188,2092124,4742.595,1620.887,0,588.322,0,64.035,1744,2765,0.590,0.870,1,0,0,0,0,0,18,303,0,57,2
19-06 19:03:24,1.250,0.500,97.513,0,0,5486812,273132,171192,2092124,5040.683,1662.225,0,280.038,0,18.002,1023,1520,0.590,0.870,1,0,0,1.000,0,0,18,303,0,57,2
19-06 19:03:25,0.745,0.745,97.070,0,0,5486636,273304,171196,2092124,4486.573,1447.858,0,107.249,0,7.944,946,1408,0.590,0.870,1,0,0,0,0,0,18,303,0,57,2
19-06 19:03:26,3.027,0.757,96.093,0.504,0,5486556,273384,171196,2092124,5168.324,1700.916,0,169.486,0,25.221,1321,1940,0.590,0.870,1,2,0,1.009,0,0,18,303,0,57,2
19-06 19:03:27,1.747,0.998,94.818,0,0,5486552,273384,171196,2092128,4910.583,1616.899,0,415.204,0,34.933,1558,2312,0.540,0.860,1,0,0,0,0,0,18,303,0,53,2
19-06 19:03:28,1.000,0.500,97.025,0,0,5486552,273384,171196,2092128,4021.027,1200.307,0,800.204,0,139.036,1063,1587,0.540,0.860,1,0,0,0,0,0,18,303,0,53,2
19-06 19:03:29,1.500,0.500,97.241,0.250,0,5486552,273384,171196,2092128,4443.597,1403.873,0,39.996,0,4.000,979,1396,0.540,0.860,1,1,0,0,0,0,18,303,0,53,2
19-06 19:03:30,3.750,1.500,93.993,0,0,5496624,263304,171200,2092132,133003.534,1471.884,7.999,39.997,2.000,1.000,1209,1521,0.540,0.860,1,1,0,3.000,0,0,18,303,0,53,2
19-06 19:03:31,11.506,4.502,82.044,0,0,5511772,247944,171328,2092216,279225.182,7389.975,196.105,0,12.006,0,2334,1915,0.540,0.860,1,0,0,25.013,0,0,18,303,0,48,2
19-06 19:03:32,11.749,4.499,82.240,0.250,0,5517416,241944,171332,2092568,289147.317,7603.035,243.969,395.950,6.999,23.997,2686,2476,0.660,0.880,1,1,0,26.997,0,0,18,303,0,48,2
19-06 19:03:33,21.992,6.248,69.725,0.500,0,5504500,241400,171336,2106008,2601.076,119.957,0,1079.616,0,77.972,3059,3169,0.660,0.880,1,1,0,13.995,0,0,18,303,0,48,2
