"pcp-dstat 6.2.0 CSV Output"
"Author:","PCP team <pcp@groups.io> and Dag Wieers <dag@wieers.com>",,,,"URL:","https://pcp.io/ and http://dag.wieers.com/home-made/dstat/"
"Host:","ubuntu",,,,"User:","ubuntu"
"Cmdline:","dstat -tcmndrylpg --tcp --output /tmp/devstack_logs/dstat-csv.log",,,,"Date:","26 Jun 2026 01:50:48 UTC"
"system","total usage",,,,,"memory usage",,,,"net/total",,"dsk/total",,"io/total",,"system",,"load avg",,,"procs",,,"paging",,"tcp sockets",,,,
"time","total usage:usr","total usage:sys","total usage:idl","total usage:wai","total usage:stl","used","free","buf","cach","net/total:recv","net/total:send","dsk/total:read","dsk/total:writ","read","writ","int","csw","1m","5m","15m","run","blk","new","in","out","lis","act","syn","tim","clo"
26-06 01:50:48,,964172,1453856,170264,5219392,,,,,,,1.410,1.010,0.530,1,0,,,,10,4,0,18,0
26-06 01:50:49,7.749,20.248,69.994,0.250,0,978308,1439588,170272,5219500,5097.591,1523.878,0,2623.789,0,216.983,6097,4832,1.410,1.010,0.530,1,0,396.968,0,0,10,4,0,18,0
26-06 01:50:50,10.505,21.761,66.783,0.250,0,955524,1462188,170276,5220096,6016.998,1686.840,0,164.082,0,18.009,6565,6217,1.410,1.010,0.530,1,0,440.219,0,0,10,4,0,18,0
26-06 01:50:51,15.461,15.710,67.580,0,0,945316,1472400,170276,5220020,4605.395,1574.034,0,15.960,0,3.990,4911,4649,1.380,1.010,0.530,1,0,228.424,0,0,10,3,0,18,1
26-06 01:50:52,17.494,8.997,71.477,0,0,1058056,1359080,170300,5344960,9174.072,1284.590,0,3578.858,0,20.993,4514,5674,1.380,1.010,0.530,1,0,73.976,0,0,11,4,0,18,1
26-06 01:50:53,19.254,10.252,68.515,0.250,0,1103592,1313300,170360,5345084,16678.538,8524.808,0,808.171,0,26.006,3320,2267,1.380,1.010,0.530,1,0,96.020,0,0,11,6,0,18,1
26-06 01:50:54,17.724,13.480,67.152,0.250,0,1109312,1307420,170428,5345136,30443.538,6171.986,0,862.740,0,38.943,4187,3215,1.380,1.010,0.530,2,0,184.730,0,0,11,7,0,20,1
26-06 01:50:55,29.355,4.265,64.230,0.502,0,1172024,1243424,170468,5346124,21824.272,12994.605,32.115,3111.158,2.007,59.212,2196,1679,1.380,1.010,0.530,1,0,0,0,0,11,7,0,20,1
26-06 01:50:56,34.244,3.249,59.990,0.500,0,1218052,1196048,170580,5346996,18437.918,9366.434,0,1955.673,0,39.993,2338,1597,1.350,1.010,0.540,2,0,0,0,0,11,8,0,20,2
26-06 01:50:57,24.020,5.504,54.044,12.260,0,1243888,1160852,171904,5354756,40415.838,12773.379,0,39760.306,0,3581.910,13810,25861,1.350,1.010,0.540,0,1,55.045,0,0,11,8,0,20,2
26-06 01:50:58,25.937,8.479,58.857,5.237,0,1156468,1245528,172840,5356416,19585.446,10584.301,0,39152.936,0,2604.676,10976,18802,1.350,1.010,0.540,1,0,102.751,0,0,11,6,0,20,2
26-06 01:50:59,40.244,6.499,52.242,0.500,0.250,1221576,1154612,173044,5380620,175015.444,5757.159,0,2235.674,0,78.988,2988,1751,1.350,1.010,0.540,2,0,1.000,0,0,11,6,0,20,2
26-06 01:51:00,44.749,4.250,48.499,0.500,0,1262372,1094576,173780,5396600,4891.889,1511.966,0,2595.941,0,84.998,3011,1792,1.350,1.010,0.540,3,0,0,0,0,11,6,0,20,2
26-06 01:51:01,42.869,7.019,47.381,1.003,0,1290028,1043996,174180,5417204,5089.088,1462.047,0,8924.706,0,414.146,3869,3511,1.480,1.040,0.550,3,0,10.028,0,0,11,6,0,20,2
26-06 01:51:02,42.626,5.983,48.359,1.496,0,1326424,989080,175220,5432092,5264.672,1615.297,0,2991.291,0,130.620,3229,2196,1.480,1.040,0.550,3,0,0,0,0,11,6,0,20,2
26-06 01:51:03,38.865,10.782,47.891,0.752,0,1290624,994604,176304,5458352,5444.049,1462.311,0,2146.327,0,74.219,4579,3447,1.480,1.040,0.550,3,0,220.650,0,0,11,6,0,20,2
26-06 01:51:04,30.697,24.208,44.173,0.499,0,1236376,1056768,176896,5448948,5694.124,2096.364,0,1972.579,0,67.882,6931,6790,1.480,1.040,0.550,4,0,493.145,0,0,11,4,0,20,0
26-06 01:51:05,52.666,19.718,25.958,0,0,1254220,1038824,176928,5449000,12454.087,4657.553,31.949,2807.511,2.995,203.674,5570,6463,1.480,1.040,0.550,3,0,277.556,0,0,11,6,1,20,0
26-06 01:51:06,66.474,10.034,23.329,0.251,0,1313288,972328,177064,5455544,5082.131,1278.309,0,1123.788,0,15.051,7311,9404,1.600,1.070,0.560,3,0,8.027,0,0,11,5,1,20,0
26-06 01:51:07,63.250,13.000,21.250,0,0,1368504,915152,177136,5457088,5251.959,1585.988,0,15911.877,0,118.999,10732,16523,1.600,1.070,0.560,3,0,13.000,0,0,11,5,1,20,0
26-06 01:51:08,46.723,14.991,36.479,0.250,0,1366248,922484,177248,5452188,5548.851,1585.100,0,4565.409,0,92.947,9679,15850,1.600,1.070,0.560,1,0,133.924,0,0,11,4,1,20,0
26-06 01:51:09,39.743,8.499,50.492,0,0,1428832,860048,177252,5452124,5025.167,1639.728,0,823.863,0,26.996,3217,1958,1.600,1.070,0.560,2,0,48.992,0,0,11,4,1,20,0
26-06 01:51:10,27.935,4.988,65.847,0,0,1452084,836864,177252,5452116,4788.868,1731.974,0,7.981,0,1.995,2436,1545,1.600,1.070,0.560,1,0,49.884,0,0,11,4,1,14,0
26-06 01:51:11,23.001,2.500,71.752,1.250,0,1473960,814688,177308,5452356,5057.153,1620.049,0,1472.045,0,188.006,3536,4542,1.560,1.070,0.570,2,0,1.000,0,0,11,10,1,14,0
26-06 01:51:12,20.745,6.998,70.732,0.500,0,1388400,900208,177328,5452368,4830.751,1585.590,0,23034.047,0,260.933,2967,2654,1.560,1.070,0.570,1,0,41.989,0,0,11,4,1,16,0
26-06 01:51:13,21.472,2.996,74.404,0,0,1433212,855108,177328,5452552,5544.829,2369.935,0,1006.698,0,6.991,1804,1288,1.560,1.070,0.570,1,0,0,0,0,11,5,1,16,0
26-06 01:51:14,19.028,2.504,76.611,0.751,0,1427524,860424,177392,5452788,8924.919,5698.248,268.389,1241.798,66.096,26.038,2561,2644,1.560,1.070,0.570,1,0,2.003,0,0,11,27,1,16,0
26-06 01:51:15,19.543,5.011,74.664,0,0,1399676,888120,177396,5452936,8612.891,5395.835,0,1090.392,0,15.033,2634,2056,1.560,1.070,0.570,1,0,44.097,0,0,11,28,1,17,0
26-06 01:51:16,20.171,2.988,75.951,0,0,1452740,835052,177396,5452940,7177.728,3645.640,0,0,0,0,1711,1110,1.510,1.070,0.570,0,0,0,0,0,11,29,1,17,0
26-06 01:51:17,16.549,6.770,75.475,0,0,1411624,876148,177396,5452960,10359.872,6538.484,0,21584.319,0,196.586,2983,2558,1.510,1.070,0.570,2,0,73.218,0,0,11,28,1,18,0
26-06 01:51:18,40.159,10.726,48.391,0,0,1443864,843900,177396,5452964,4880.971,1508.591,0,11.973,0,2.993,3320,1904,1.510,1.070,0.570,2,0,83.811,0,0,11,28,1,18,0
26-06 01:51:19,32.279,5.255,61.305,0,0,1467732,819996,177400,5452992,17207.399,14348.841,0,600.537,0,8.007,4512,4985,1.510,1.070,0.570,1,0,0,0,0,11,30,1,18,0
26-06 01:51:20,41.874,18.806,38.614,0.251,0,1409112,878432,177400,5453176,11799.887,7535.279,0,3506.367,0,138.409,6638,7062,1.510,1.070,0.570,6,0,378.118,0,0,11,28,1,19,0
26-06 01:51:21,77.432,19.233,0,0,0.250,1627988,659508,177400,5453224,4154.357,1098.037,0,11.989,0,2.997,5073,3396,1.790,1.140,0.590,5,0,200.824,0,0,11,29,1,19,0
26-06 01:51:22,82.958,12.744,1.749,0,0,1787464,500004,177400,5453248,21446.065,18529.552,0,0,0,0,6025,5085,1.790,1.140,0.590,4,0,0,0,0,11,32,1,19,0
26-06 01:51:23,73.367,9.233,15.472,0,0,1779116,508120,177408,5453472,30302.262,25687.598,0,910.356,0,51.906,8237,10935,1.790,1.140,0.590,4,0,50.908,0,0,11,30,1,21,0
26-06 01:51:24,30.497,14.998,53.244,0,0,1541376,745820,177408,5453512,9404.961,5212.424,0,407.955,0,41.995,5188,5564,1.790,1.140,0.590,1,0,258.971,0,0,11,28,1,23,0
26-06 01:51:25,22.005,4.001,73.018,0,0,1541060,746132,177408,5453512,5073.234,1586.386,0,188.046,0,10.002,1806,1234,1.790,1.140,0.590,2,0,0,0,0,11,28,1,23,0
26-06 01:51:26,15.752,2.000,81.012,0.500,0,1528508,758668,177412,5453524,11883.731,8075.177,0,236.034,0,20.003,2736,3197,1.650,1.120,0.590,1,0,0,0,0,11,28,1,24,0
26-06 01:51:27,18.791,8.268,72.157,0,0,1483072,804096,177416,5453528,5716.438,1407.062,0,869.893,0,60.131,2703,2119,1.650,1.120,0.590,1,0,68.148,0,0,11,28,1,24,0
26-06 01:51:28,18.455,3.242,76.564,0.249,0,1472684,814480,177416,5453532,10044.579,5528.559,0,10179.252,0,448.909,2188,1691,1.650,1.120,0.590,1,0,0.998,0,0,11,29,1,24,0
26-06 01:51:29,16.802,6.269,75.985,0,0,1398740,888600,177420,5453552,8198.393,4689.525,0,232.721,0,20.062,3488,3454,1.650,1.120,0.590,2,0,87.270,0,0,11,28,1,25,0
26-06 01:51:30,12.228,25.455,61.141,0,0,1409064,878272,177420,5453556,4553.863,1617.111,0,171.693,0,10.980,6315,12071,1.650,1.120,0.590,1,0,470.160,0,0,11,28,1,26,0
26-06 01:51:31,58.369,31.815,9.269,0,0,1518972,768320,177424,5453596,4766.696,1623.302,0,208.424,0,17.035,5639,4319,1.910,1.180,0.610,5,0,517.052,0,0,11,28,1,25,0
26-06 01:51:32,81.437,13.989,4.497,0,0.250,1729116,558176,177424,5453596,17285.677,13857.320,0,599.538,0,40.968,5645,3989,1.910,1.180,0.610,5,0,0,0,0,11,31,1,25,0
26-06 01:51:33,74.037,10.505,14.757,0,0.250,1729244,557788,177436,5453836,39959.784,35634.643,0,65044.204,0,415.206,10198,15167,1.910,1.180,0.610,4,0,30.015,0,0,11,30,1,25,0
26-06 01:51:34,77.322,20.952,0.748,0,0,1591712,695204,177456,5453932,8989.314,4466.721,0,327.247,0,38.910,6438,6155,1.910,1.180,0.610,6,0,279.357,0,0,11,28,1,26,0
26-06 01:51:35,86.969,13.534,0.501,0,0,1778468,508424,177460,5453952,10337.028,7932.974,0,192.485,0,10.025,5212,2924,1.910,1.180,0.610,4,0,0,0,0,11,31,1,26,0
26-06 01:51:36,74.343,8.482,15.966,0,0,1827760,458780,177464,5454300,44493.296,38734.425,0,2135.503,0,131.723,8636,12353,1.920,1.200,0.620,8,0,0,0,0,11,33,1,27,0
26-06 01:51:37,61.117,17.283,20.790,0,0,1512416,773868,177480,5454508,23456.896,19202.754,0,529.013,0,38.073,8054,11126,1.920,1.200,0.620,3,0,304.583,0,0,11,28,1,31,0
26-06 01:51:38,43.380,7.978,47.120,0.748,0,1528748,757496,177508,5454508,4818.667,1507.828,0,32266.717,0,367.982,3450,2826,1.920,1.200,0.620,3,0,0.997,0,0,11,28,1,31,0
26-06 01:51:39,30.036,4.005,64.828,0,0,1552552,733664,177508,5454536,20446.450,16243.424,0,528.632,0,8.010,4381,5039,1.920,1.200,0.620,2,0,0,0,0,11,30,1,27,0
26-06 01:51:40,41.956,20.728,36.462,0,0,1474784,811400,177508,5454568,8522.125,5183.602,0,970.989,0,57.940,5865,5419,1.920,1.200,0.620,3,0,377.607,0,0,11,28,1,29,0
26-06 01:51:41,57.253,8.000,34.002,0.250,0.250,1593656,692512,177508,5454584,12022.564,9553.448,0,1464.069,0,131.006,3901,1990,2.010,1.230,0.630,2,0,0,0,0,11,31,1,29,0
26-06 01:51:42,53.544,6.005,39.282,0,0,1574680,711276,177524,5454780,26583.837,21598.742,0,412.339,0,45.037,8193,10686,2.010,1.230,0.630,5,0,1.001,0,0,11,28,1,30,0
26-06 01:51:43,75.145,21.542,2.505,0.250,0,1604484,681456,177524,5454796,5264.158,1514.923,0,681.315,0,28.054,5371,3350,2.010,1.230,0.630,5,0,257.497,0,0,11,28,1,28,0
26-06 01:51:44,68.730,7.748,23.243,0,0,1678224,607684,177524,5454828,23808.902,21304.648,0,811.758,0,8.997,5327,4578,2.010,1.230,0.630,6,0,0,0,0,11,32,1,28,0
26-06 01:51:45,62.516,14.754,22.256,0,0,1555924,729784,177528,5455024,26884.906,22104.678,0,344.088,0,36.009,9409,12575,2.010,1.230,0.630,4,0,274.070,0,0,11,28,1,31,0
26-06 01:51:46,61.972,12.994,24.739,0,0,1619012,666672,177528,5455048,6483.024,3584.355,0,235.892,0,8.996,3735,1794,2.250,1.290,0.660,2,0,49.977,0,0,11,29,1,31,0
26-06 01:51:47,45.015,6.002,47.266,0,0,1628800,656820,177532,5455108,30576.132,26164.670,0,312.103,0,22.007,7431,9595,2.250,1.290,0.660,4,0,0,0,0,11,30,1,29,0
26-06 01:51:48,55.686,20.726,22.724,0.250,0,1512060,773392,177544,5455264,7542.287,4018.358,0,1258.546,0,69.919,5317,4313,2.250,1.290,0.660,3,0,299.654,0,0,11,28,1,30,0
26-06 01:51:49,54.387,7.235,37.423,0,0,1586576,698864,177544,5455276,16434.982,13322.425,0,0,0,0,4013,2711,2.250,1.290,0.660,3,0,0,0,0,11,31,1,30,0
26-06 01:51:50,51.657,12.538,35.358,0.251,0,1493052,792056,177544,5455608,21512.503,17728.982,0,192.586,0,16.049,7982,9645,2.250,1.290,0.660,3,0,183.559,0,0,11,28,1,33,0
26-06 01:51:51,59.924,15.416,24.119,0,0,1588264,696820,177548,5455628,4816.785,1653.004,0,206.874,0,7.957,4188,2116,2.230,1.300,0.670,4,0,103.437,0,0,11,28,1,33,0
26-06 01:51:52,47.009,6.501,45.759,0,0,1632768,652144,177552,5455796,24195.703,22461.366,0,120.023,0,8.002,5309,6419,2.230,1.300,0.670,0,0,0,0,0,11,31,1,33,0
26-06 01:51:53,57.868,13.527,27.556,0.251,0,1542120,742740,177568,5455844,12263.925,6473.156,0,645.312,0,47.096,5913,5520,2.230,1.300,0.670,3,0,112.228,0,0,11,28,1,35,0
26-06 01:51:54,54.910,7.021,37.610,0,0,1629504,655344,177568,5455856,15288.673,11663.079,0,184.539,0,11.032,3970,2570,2.230,1.300,0.670,4,0,0,0,0,11,31,1,35,0
26-06 01:51:55,57.005,6.001,36.003,0.500,0,1540756,744028,177580,5455908,21191.888,17001.515,0,316.028,0,35.003,7238,8898,2.230,1.300,0.670,3,0,33.003,0,0,11,28,1,35,0
26-06 01:51:56,61.520,27.259,11.504,0,0,1536784,747960,177580,5455948,5344.731,1566.507,0,268.087,0,23.007,5805,4544,2.210,1.310,0.670,7,0,504.163,0,0,11,28,1,35,0
26-06 01:51:57,78.335,20.889,0.497,0,0,1740784,543932,177584,5455972,11948.721,8459.201,0,194.967,0,10.942,5834,4697,2.210,1.310,0.670,6,0,305.383,0,0,11,31,1,35,0
26-06 01:51:58,76.858,20.028,2.504,0,0,1830020,454484,177596,5456176,36150.971,32042.178,0,937.322,0,63.089,8172,9799,2.210,1.310,0.670,7,0,338.477,0,0,11,30,2,36,0
26-06 01:51:59,77.475,21.813,0.501,0,0,1702952,581468,177604,5456252,25082.728,21011.925,0,457.326,0,33.096,6953,7529,2.210,1.310,0.670,8,0,474.375,0,0,11,29,1,36,0
26-06 01:52:00,81.934,18.235,0.250,0,0,1657096,627116,177608,5456456,10893.266,7539.955,0,295.763,0,19.984,5806,4513,2.210,1.310,0.670,5,0,199.840,0,0,11,28,1,36,0
26-06 01:52:01,81.832,10.511,7.257,0,0,1737752,546424,177612,5456488,24608.684,21591.658,0,132.133,0,8.008,5610,5303,2.430,1.370,0.700,3,0,0,0,0,11,32,1,36,0
26-06 01:52:02,70.154,13.981,14.980,0,0,1664760,619144,177612,5456748,37461.827,32544.544,0,7.989,0,1.997,7792,13083,2.430,1.370,0.700,3,0,195.733,0,0,11,29,1,40,0
26-06 01:52:03,24.778,20.524,53.061,0,0,1522508,761368,177612,5456776,10927.554,6987.027,0,1645.891,0,31.036,5993,5897,2.430,1.370,0.700,2,0,427.491,0,0,11,28,1,41,0
26-06 01:52:04,24.719,34.956,39.700,0,0,1509820,774036,177612,5456796,5443.125,1617.957,0,35.955,0,8.989,6125,4970,2.430,1.370,0.700,4,0,706.108,0,0,11,28,1,41,0
26-06 01:52:05,75.308,19.015,5.504,0,0,1625300,658496,177612,5456848,10614.107,7201.500,0,184.141,0,16.012,5276,3906,2.430,1.370,0.700,4,0,272.208,0,0,11,30,1,41,0
26-06 01:52:06,66.342,8.011,25.035,0,0,1647008,636604,177620,5457024,28566.822,24309.888,0,857.195,0,67.094,6321,8610,2.480,1.400,0.710,4,0,49.068,0,0,11,30,1,43,0
26-06 01:52:07,75.768,17.254,6.752,0,0,1549032,734512,177640,5457072,11526.672,6479.502,0,3288.762,0,145.034,5868,5906,2.480,1.400,0.710,4,0,219.051,0,0,11,28,1,45,0
26-06 01:52:08,71.974,8.467,18.927,0,0,1663752,619776,177644,5457084,21942.714,18368.443,0,167.357,0,6.973,4663,4262,2.480,1.400,0.710,6,0,0.996,0,0,11,32,1,45,0
26-06 01:52:09,53.361,6.764,38.831,0,0,1664008,619272,177648,5457328,36495.719,31798.975,0,144.299,0,7.015,10450,15790,2.480,1.400,0.710,2,0,0,0,0,11,32,1,45,0
26-06 01:52:10,58.851,8.765,30.302,0,0,1588928,694112,177652,5457564,33023.774,27809.810,0,484.834,0,54.093,11132,16510,2.480,1.400,0.710,4,0,60.103,0,0,11,29,1,45,0
26-06 01:52:11,83.785,14.171,1.492,0,0.249,1599120,683908,177652,5457576,7149.333,3603.009,0,282.433,0,24.862,5204,2971,2.680,1.460,0.730,4,0,59.669,0,0,11,29,1,45,0
26-06 01:52:12,65.851,8.294,25.888,0,0,1674196,608640,177652,5457732,30716.860,27353.920,0,148.794,0,10.054,6308,8217,2.680,1.460,0.730,5,0,2.011,0,0,11,32,1,45,0
26-06 01:52:13,51.480,5.998,40.484,0,0,1673932,608640,177652,5457996,45041.272,39807.332,0,151.940,0,7.997,13108,20308,2.680,1.460,0.730,3,0,0,0,0,11,30,1,46,1
26-06 01:52:14,71.792,19.011,9.005,0.250,0,1542848,739664,177656,5458044,17202.042,12543.323,0,1596.932,0,28.016,7078,7552,2.680,1.460,0.730,4,0,261.152,0,0,11,30,1,49,0
26-06 01:52:15,75.274,11.466,12.463,0,0,1648000,634480,177660,5458072,15206.281,11941.098,0,139.580,0,7.976,5135,3171,2.680,1.460,0.730,3,0,0,0,0,11,33,1,49,0
26-06 01:52:16,63.650,8.520,26.563,0,0,1648620,633608,177664,5458316,41115.051,35868.667,0,156.369,0,14.033,10216,15914,2.950,1.540,0.760,3,0,35.083,0,0,11,35,1,47,0
26-06 01:52:17,78.303,15.010,6.004,0,0.250,1548728,733336,177668,5458476,13672.286,9107.185,0,312.212,0,33.022,6208,6324,2.950,1.540,0.760,4,0,94.064,0,0,11,32,1,48,0
26-06 01:52:18,71.137,9.235,18.720,0,0,1670436,611600,177672,5458500,20205.849,16951.028,0,267.574,0,24.960,5185,3953,2.950,1.540,0.760,3,0,1.997,0,0,11,35,1,49,0
26-06 01:52:19,69.547,13.509,16.761,0,0,1661376,620576,177684,5458568,25051.901,20981.154,0,336.227,0,24.016,7132,9820,2.950,1.540,0.760,3,0,120.081,0,0,11,34,1,50,0
26-06 01:52:20,72.569,12.762,14.013,0.250,0,1599616,682152,177684,5458748,25720.305,20476.350,0,168.159,0,10.009,7054,8710,2.950,1.540,0.760,5,0,141.133,0,0,11,33,1,50,0
26-06 01:52:21,72.898,12.732,14.480,0,0,1660296,621404,177684,5458808,21110.447,16770.523,0,151.788,0,7.989,5730,7012,2.950,1.560,0.770,5,0,42.940,0,0,11,33,1,51,0
26-06 01:52:22,71.500,11.750,16.000,0.250,0,1686080,595576,177684,5458852,22655.878,18793.899,0,3363.982,0,181.999,5816,6585,2.950,1.560,0.770,4,0,43.000,0,0,11,33,1,53,0
26-06 01:52:23,73.856,13.770,12.268,0,0,1625460,656032,177688,5459012,17232.771,14377.667,0,124.178,0,8.012,5267,4773,2.950,1.560,0.770,3,0,68.098,0,0,11,34,1,54,0
26-06 01:52:24,63.577,11.921,23.842,0,0,1674200,607228,177692,5459072,25271.053,20962.686,0,492.725,0,41.723,6126,7180,2.950,1.560,0.770,4,0,71.525,0,0,11,34,1,50,0
26-06 01:52:25,61.509,16.068,22.093,0,0,1540528,740884,177692,5459084,8721.776,5624.717,0,381.609,0,35.148,5364,4445,2.950,1.560,0.770,3,0,186.788,0,0,11,33,1,52,0
26-06 01:52:26,53.098,7.013,39.323,0,0.250,1593112,688088,177704,5459280,19687.428,15720.087,0,212.393,0,14.026,4457,4645,2.870,1.570,0.780,2,0,0,0,0,11,34,1,53,0
26-06 01:52:27,54.528,12.506,32.767,0,0,1510308,770708,177704,5459460,22575.569,17500.968,0,144.074,0,11.006,6660,8305,2.870,1.570,0.780,7,0,138.071,0,0,11,32,1,55,0
26-06 01:52:28,58.807,10.466,30.151,0,0,1603256,677752,177704,5459468,9548.653,6108.945,0,191.372,0,7.974,3889,2349,2.870,1.570,0.780,5,0,44.853,0,0,11,33,1,54,0
26-06 01:52:29,47.120,6.517,45.616,0.251,0,1614508,666288,177712,5459668,21629.089,17464.482,0,204.521,0,14.036,5134,5680,2.870,1.570,0.780,5,0,1.003,0,0,11,34,1,55,0
26-06 01:52:30,37.342,12.447,48.793,0,0,1538156,742584,177716,5459716,16583.689,12889.352,0,1099.339,0,34.852,6574,15977,2.870,1.570,0.780,3,0,188.202,0,0,11,32,1,58,0
26-06 01:52:31,39.423,11.551,48.462,0,0,1581476,699264,177716,5459716,5730.100,1615.075,0,152.669,0,10.044,3282,1791,2.890,1.590,0.790,3,0,67.295,0,0,11,32,1,58,0
26-06 01:52:32,33.198,4.992,60.656,0.250,0,1593692,687016,177720,5459740,18758.784,15380.046,0,143.776,0,9.984,3625,3794,2.890,1.590,0.790,1,0,0,0,0,11,33,1,57,0
26-06 01:52:33,36.467,12.239,50.454,0.250,0,1522836,757676,177724,5459932,9544.328,5188.286,0,639.419,0,39.964,4672,4874,2.890,1.590,0.790,3,0,137.875,0,0,11,32,1,58,0
26-06 01:52:34,39.595,6.265,53.379,0,0,1556316,724184,177728,5459940,9559.019,6252.055,0,164.396,0,10.024,3158,2196,2.890,1.590,0.790,2,0,0,0,0,11,33,1,58,0
26-06 01:52:35,32.416,6.982,58.349,0.249,0,1467268,813180,177744,5459972,15731.242,12350.003,0,219.431,0,20.946,4519,4748,2.890,1.590,0.790,1,0,59.845,0,0,11,33,1,59,0
26-06 01:52:36,39.144,6.981,53.106,0,0,1531872,748560,177748,5459984,8673.457,4862.801,0,235.361,0,21.940,3404,2502,2.730,1.580,0.790,1,0,4.986,0,0,11,33,1,59,0
26-06 01:52:37,36.602,5.515,56.407,0.501,0,1567976,712392,177780,5460016,20248.342,15817.011,0,1945.413,0,126.352,4471,5745,2.730,1.580,0.790,2,0,6.017,0,0,11,33,1,59,1
26-06 01:52:38,34.839,8.021,56.645,0,0,1541264,739068,177788,5460040,11225.799,7201.475,0,136.350,0,15.039,3890,4097,2.730,1.580,0.790,2,0,44.113,0,0,11,32,1,61,0
26-06 01:52:39,37.616,6.726,54.805,0,0,1540964,739356,177792,5460048,9197.226,6149.088,0,374.665,0,45.837,2855,1841,2.730,1.580,0.790,2,0,4.982,0,0,11,33,1,61,0
26-06 01:52:40,28.269,3.002,66.796,0,0,1542916,737252,177796,5460200,15865.854,12701.690,0,128.088,0,7.005,3224,3919,2.730,1.580,0.790,1,0,0,0,0,11,34,1,54,0
26-06 01:52:41,28.969,16.482,53.942,0.250,0,1414212,865864,177804,5460280,11752.409,7828.612,0,2785.016,0,167.820,6561,6779,2.510,1.560,0.790,1,0,283.696,0,0,11,32,1,56,0
26-06 01:52:42,22.775,3.003,73.080,0,0,1465332,814744,177804,5460280,4846.322,1864.047,0,184.202,0,10.011,1836,1214,2.510,1.560,0.790,0,0,0,0,0,11,32,2,56,0
26-06 01:52:43,14.750,2.250,82.002,0,0,1459004,821048,177808,5460300,13204.323,10789.264,0,104.003,0,7.000,2774,3317,2.510,1.560,0.790,0,0,0,0,0,11,33,1,56,0
26-06 01:52:44,13.483,14.232,70.409,0.250,0,1436828,843208,177812,5460312,6604.507,2944.214,0,647.168,0,43.943,4493,3614,2.510,1.560,0.790,2,0,231.702,0,0,11,32,1,56,0
26-06 01:52:45,19.038,7.515,72.896,0,0,1477192,802840,177812,5460316,4647.333,1460.934,0,4.008,0,1.002,2163,1487,2.510,1.560,0.790,1,0,52.105,0,0,11,32,1,56,0
26-06 01:52:46,18.490,2.249,77.709,0,0,1473116,806900,177812,5460332,12068.594,8526.474,0,0,0,0,2375,2269,2.390,1.550,0.790,1,0,0,0,0,11,33,1,56,0
26-06 01:52:47,19.508,5.502,74.282,0,0,1416920,863076,177816,5460344,8562.689,5393.323,0,332.143,0,20.009,3467,3602,2.390,1.550,0.790,1,0,46.020,0,0,11,32,1,57,0
26-06 01:52:48,19.489,3.248,76.205,0.250,0,1473232,806756,177816,5460352,6115.425,3583.905,0,151.911,0,14.991,1860,1486,2.390,1.550,0.790,0,0,0.999,0,0,11,33,1,57,0
26-06 01:52:49,19.263,2.252,76.803,0,0,1460532,819300,177816,5460508,14417.895,10333.091,0,104.071,0,8.005,3935,4689,2.390,1.550,0.790,1,0,0,0,0,11,33,1,52,0
26-06 01:52:50,15.473,11.230,71.125,0,0,1411864,867884,177820,5460588,7979.938,4711.697,0,255.550,0,20.963,4473,4111,2.390,1.550,0.790,1,0,161.715,0,0,11,32,1,52,0
26-06 01:52:51,8.035,24.859,66.040,0.251,0,1405628,874020,177832,5460668,4364.197,1193.249,0,164.725,0,10.044,5411,3711,2.280,1.540,0.790,2,0,362.595,0,0,11,32,1,52,0
26-06 01:52:52,39.002,11.501,48.252,0.250,0,1482032,797540,177852,5460720,4652.217,1512.071,0,368.017,0,23.001,3755,2591,2.280,1.540,0.790,2,0,103.005,0,0,11,32,1,54,0
26-06 01:52:53,40.980,6.997,46.977,4.498,0,1537780,738104,178088,5464020,4857.667,1619.222,0,10454.979,0,941.548,6450,8709,2.280,1.540,0.790,3,0,43.979,0,0,11,36,1,51,0
26-06 01:52:54,35.933,8.484,40.924,12.726,0,1520668,750080,178704,5468208,4509.642,1455.303,0,38784.120,0,3334.819,13895,26890,2.280,1.540,0.790,3,1,93.826,0,0,11,36,1,51,0
26-06 01:52:55,39.228,6.247,43.476,8.245,0,1535000,734456,179156,5468960,4737.348,1619.094,0,25249.864,0,2462.621,12540,22355,2.280,1.540,0.790,2,0,34.980,0,0,11,32,1,51,0
26-06 01:52:56,44.820,6.761,45.821,1.502,0,1484156,785152,179280,5468984,5022.828,1460.276,0,16077.055,0,903.408,4330,5342,2.260,1.550,0.800,2,0,6.009,0,0,11,32,1,51,0
26-06 01:52:57,39.301,6.759,45.309,6.509,0,1564268,704432,179648,5469224,5527.223,1622.120,0,8747.431,0,1536.007,10830,17145,2.260,1.550,0.800,3,0,1.001,0,0,11,34,1,47,0
26-06 01:52:58,35.907,10.722,46.629,5.236,0,1564988,703176,179912,5469488,4548.196,1615.807,0,13828.113,0,1553.967,9685,15627,2.260,1.550,0.800,1,0,100.739,0,0,11,32,1,47,0
26-06 01:52:59,21.740,4.748,73.215,0.250,0,1462460,805676,179924,5469500,4437.866,1619.221,0,2870.619,0,165.920,2142,2044,2.260,1.550,0.800,2,0,1.000,0,0,11,32,1,47,0
26-06 01:53:00,21.808,4.261,72.692,0.501,0,1502872,765260,179928,5469500,4872.852,1624.284,0,914.412,0,55.145,2062,1643,2.260,1.550,0.800,2,0,2.005,0,0,11,32,1,47,0
26-06 01:53:01,23.685,2.493,71.804,0.997,0,1459132,808928,179972,5469524,5344.383,1615.581,0,6278.827,0,342.064,2488,2591,2.160,1.540,0.800,2,0,0.997,0,0,11,32,1,46,0
26-06 01:53:02,22.252,3.750,73.008,0,0,1467920,800100,179972,5469556,5206.565,1566.170,0,0,0,0,1909,1244,2.160,1.540,0.800,1,0,2.000,0,0,11,32,1,46,0
26-06 01:53:03,23.253,3.000,73.758,0,0,1447120,820888,179972,5469568,5192.567,1512.165,0,0,0,0,1750,1088,2.160,1.540,0.800,1,0,1.000,0,0,11,32,1,46,0
26-06 01:53:04,20.747,4.749,73.238,0,0,1492768,775208,179972,5469568,5245.152,1565.747,0,0,0,0,1778,1240,2.160,1.540,0.800,2,0,0,0,0,11,32,1,46,0
26-06 01:53:05,21.494,4.249,73.481,0,0,1527796,740180,179972,5469568,4840.747,1585.590,0,0,0,0,1791,1143,2.160,1.540,0.800,2,0,1.999,0,0,11,32,1,41,0
26-06 01:53:06,22.753,3.000,73.510,0,0,1475200,792688,179976,5469648,6123.866,1640.232,0,160.023,0,3.000,1779,1111,2.060,1.530,0.800,2,0,1.000,0,0,11,32,1,41,0
26-06 01:53:07,22.004,4.251,73.013,0,0,1512480,755396,179980,5469656,4892.887,1586.287,0,192.035,0,13.002,1957,1529,2.060,1.530,0.800,2,0,2.000,0,0,11,32,1,41,0
26-06 01:53:08,22.662,3.237,72.718,0,0,1530868,737000,179988,5469656,4867.138,1095.754,0,414.394,0,29.884,1770,1166,2.060,1.530,0.800,1,0,0.996,0,0,11,32,1,41,0
26-06 01:53:09,22.708,3.244,72.865,0,0,1482396,785384,179988,5469744,4154.292,1313.563,0,247.541,0,52.902,1780,1162,2.060,1.530,0.800,4,0,0.998,0,0,11,32,1,37,0
26-06 01:53:10,22.627,3.520,73.160,0.251,0,1464192,803564,179988,5469768,4092.912,1432.016,0,1850.358,0,214.199,1939,1268,2.060,1.530,0.800,2,0,1.006,0,0,11,32,1,37,0
26-06 01:53:11,22.296,4.211,73.329,0,0,1499892,767864,179988,5469768,4983.411,1498.293,0,3.964,0,0.991,1815,1168,1.980,1.520,0.800,1,0,1.982,0,0,11,32,1,37,0
26-06 01:53:12,22.946,2.774,73.376,0,0,1474780,792956,179988,5469788,4873.596,1599.653,0,4.034,0,1.009,1716,1070,1.980,1.520,0.800,1,0,1.009,0,0,11,32,1,37,0
26-06 01:53:13,21.762,3.502,73.792,0,0,1509736,757992,179988,5469796,4062.287,1080.608,0,120.068,0,2.001,1728,1286,1.980,1.520,0.800,1,0,0,0,0,11,32,1,37,0
26-06 01:53:14,22.977,3.247,73.676,0,0,1491152,776532,179988,5469832,4831.179,1604.399,0,135.864,0,27.972,1812,1322,1.980,1.520,0.800,2,0,0.999,0,0,11,32,1,37,0
26-06 01:53:15,21.877,3.729,73.089,0,0,1514464,753220,179988,5469832,4594.181,1610.947,0,103.419,0,0.994,1785,1195,1.980,1.520,0.800,2,0,1.989,0,0,11,32,1,37,0
26-06 01:53:16,13.344,14.603,71.002,0,0.252,1472652,794864,179988,5469980,5636.849,1706.061,0,0,0,0,3798,2496,1.900,1.510,0.810,2,0,175.239,0,0,11,32,1,37,0
26-06 01:53:17,8.518,22.547,66.888,0,0,1454712,812748,179988,5470004,5471.319,1623.358,0,913.891,0,21.044,5619,4134,1.900,1.510,0.810,1,0,341.707,0,0,11,32,1,31,0
26-06 01:53:18,8.231,20.701,68.838,0,0,1433524,833888,179992,5470040,4774.767,1562.324,0,981.690,0,41.901,5268,3747,1.900,1.510,0.810,1,0,289.319,0,0,11,32,1,31,0
26-06 01:53:19,8.519,22.300,68.403,0,0,1424452,842940,179992,5470060,5412.127,1623.638,0,557.249,0,88.198,5404,3722,1.900,1.510,0.810,1,0,325.730,0,0,11,32,1,31,0
26-06 01:53:20,10.629,17.797,70.199,0,0,1424488,842884,179992,5470080,4805.204,1601.735,0,3.955,0,0.989,4676,3156,1.900,1.510,0.810,2,0,237.294,0,0,11,32,1,31,0
26-06 01:53:21,21.699,3.785,73.423,0,0,1485552,781836,179992,5470064,4954.392,1525.981,0,0,0,0,1705,1150,1.830,1.500,0.810,1,0,0,0,0,11,32,1,26,0
26-06 01:53:22,23.752,2.250,73.506,0,0,1504196,763188,179992,5470064,5280.463,1620.142,0,16.001,0,1.000,1781,1076,1.830,1.500,0.810,2,0,2.000,0,0,11,32,1,26,0
26-06 01:53:23,20.752,4.750,73.507,0.250,0,1461760,805624,179992,5470064,4578.449,1458.143,0,120.012,0,2.000,1809,1253,1.830,1.500,0.810,2,0,1.000,0,0,11,32,1,26,0
26-06 01:53:24,22.002,3.750,73.508,0,0,1494016,773368,179992,5470064,5040.535,1620.172,0,24.003,0,2.000,1784,1088,1.830,1.500,0.810,2,0,2.000,0,0,11,32,1,26,0
26-06 01:53:25,22.251,4.000,73.254,0,0,1473596,793780,179992,5470072,4698.285,1532.093,0,2108.128,0,11.001,1939,1421,1.830,1.500,0.810,2,0,1.000,0,0,11,32,1,19,0
26-06 01:53:26,22.249,3.750,73.245,0,0,1499652,767724,179992,5470072,5476.632,1619.891,0,11.999,0,1.000,1832,1215,1.760,1.490,0.810,2,0,2.000,0,0,11,32,1,19,0
26-06 01:53:27,23.052,2.506,73.417,0,0,1495840,771520,179992,5470084,4949.265,1461.326,0,236.538,0,10.023,1896,1439,1.760,1.490,0.810,1,0,1.002,0,0,11,32,1,19,0
26-06 01:53:28,21.951,3.991,73.584,0,0,1541312,726068,179996,5470060,4908.945,1616.360,0,307.308,0,21.951,1868,1300,1.760,1.490,0.810,1,0,2.993,0,0,11,32,1,19,0
26-06 01:53:29,22.561,3.008,73.699,0,0,1478468,788888,179996,5470084,4119.110,1461.943,0,24.065,0,1.003,1739,1092,1.760,1.490,0.810,1,0,1.003,0,0,11,32,1,19,0
26-06 01:53:30,27.672,7.230,64.318,0,0,1490584,776784,179996,5470072,4726.608,1657.304,0,267.243,0,54.845,3322,10677,1.760,1.490,0.810,1,0,35.898,0,0,11,32,1,16,0
26-06 01:53:31,23.247,2.750,73.740,0,0,1502136,765232,179996,5470072,4534.359,1457.794,0,11.998,0,1.000,1735,1135,1.700,1.480,0.810,1,0,2.000,0,0,11,32,1,16,0
26-06 01:53:32,21.254,4.251,73.264,0,0,1492576,774808,179996,5470056,5040.974,1620.313,0,0,0,0,1884,1303,1.700,1.480,0.810,1,0,1.000,0,0,11,32,1,16,0
26-06 01:53:33,22.251,3.250,73.752,0.250,0,1532384,735000,179996,5470056,4800.138,1620.047,0,44.001,0,2.000,1780,1174,1.700,1.480,0.810,1,0,2.000,0,0,11,32,1,16,0
26-06 01:53:34,23.000,3.000,73.751,0,0,1503656,763700,179996,5470084,4860.093,1620.031,0,28.001,0,1.000,1795,1157,1.700,1.480,0.810,1,0,1.000,0,0,11,32,1,11,0
26-06 01:53:35,21.748,3.750,73.494,0,0,1570524,696920,179996,5469996,4785.635,1565.881,0,0,0,0,1767,1129,1.700,1.480,0.810,1,0,2.000,0,0,11,32,1,11,0
26-06 01:53:36,22.503,3.250,73.760,0,0,1579648,687796,179996,5469996,5089.678,1512.201,0,280.037,0,31.004,1630,981,1.640,1.470,0.810,2,0,0,0,0,11,32,1,11,0
26-06 01:53:37,22.510,4.752,72.031,0,0,1508132,759212,179996,5470080,4561.954,1620.694,0,112.048,0,9.004,2020,1551,1.640,1.470,0.810,1,0,7.003,0,0,11,32,1,11,0
26-06 01:53:38,22.240,3.748,73.217,0,0,1491640,775712,179996,5470072,4617.930,1619.274,0,463.792,0,29.987,1877,1321,1.640,1.470,0.810,1,0,1.999,0,0,11,32,1,8,0
26-06 01:53:39,21.750,4.000,73.750,0,0,1547704,719648,179996,5470072,4319.998,1619.999,0,0,0,0,1729,1067,1.640,1.470,0.810,1,0,2.000,0,0,11,32,1,8,0
26-06 01:53:40,23.498,2.500,73.493,0,0,1502560,764764,179996,5470100,4397.593,1457.865,0,19.998,0,1.000,1705,1142,1.640,1.470,0.810,2,0,1.000,0,0,11,32,1,8,0
26-06 01:53:41,23.249,2.750,73.497,0,0,1527812,739536,179996,5470076,4996.789,1693.929,0,207.991,0,30.999,1746,1168,1.590,1.470,0.810,1,0,0,0,0,11,32,1,8,0
26-06 01:53:42,20.752,4.500,73.506,0,0,1504604,762732,179996,5470088,4218.317,1458.110,0,8.001,0,2.000,1800,1276,1.590,1.470,0.810,2,0,1.000,0,0,11,32,1,5,0
26-06 01:53:43,21.985,3.997,73.700,0,0,1535308,732028,179996,5470088,4437.001,1618.906,0,83.943,0,2.998,1764,1132,1.590,1.470,0.810,1,0,1.999,0,0,11,32,1,5,0
26-06 01:53:44,14.268,14.268,70.090,0,0,1501052,766240,179996,5470132,4103.258,1459.871,0,96.123,0,4.005,3881,2547,1.590,1.470,0.810,1,0,197.253,0,0,11,32,1,5,0
26-06 01:53:45,10.496,17.743,69.223,0,0,1485644,781628,179996,5470152,4378.276,1619.362,0,143.943,0,5.998,4541,3265,1.590,1.470,0.810,1,0,262.896,0,0,11,32,1,5,0
26-06 01:53:46,22.479,3.497,73.430,0,0,1526044,741216,179996,5470164,4484.754,1510.570,0,387.633,0,43.958,1782,1250,1.540,1.460,0.810,2,0,0,0,0,11,32,1,4,0
26-06 01:53:47,23.519,2.502,73.058,0.500,0,1498832,768168,180004,5470412,4549.626,1567.249,0,356.284,0,40.032,2088,1530,1.540,1.460,0.810,2,0,9.007,0,0,11,32,1,4,0
26-06 01:53:48,22.747,3.749,72.989,0,0,1498196,768800,180008,5470412,4637.289,1457.776,0,391.940,0,26.996,1899,1387,1.540,1.460,0.810,2,0,1.000,0,0,11,32,1,4,0
26-06 01:53:49,19.294,9.772,70.159,0,0,1480176,786712,180008,5470504,4708.678,1461.314,40.091,0,2.005,0,3092,2205,1.540,1.460,0.810,2,0,167.380,0,0,11,32,1,4,0
26-06 01:53:50,7.989,20.723,68.909,0,0,1459292,807536,180008,5470564,4853.613,1617.871,0,111.853,0,3.995,5126,3513,1.540,1.460,0.810,1,0,288.620,0,0,11,32,1,3,0
26-06 01:53:51,9.241,21.980,67.438,0.250,0.250,1437168,829632,180012,5470588,5114.284,1618.508,0,207.808,0,8.992,5563,4052,1.580,1.470,0.820,3,0,364.664,0,0,11,32,1,3,0
26-06 01:53:52,7.506,21.767,67.803,0.250,0,1435732,831044,180016,5470608,5224.116,1663.310,0,2185.722,0,99.078,5516,4103,1.580,1.470,0.820,1,0,344.271,0,0,11,32,1,3,0
26-06 01:53:53,7.507,22.771,67.812,0,0,1436656,830104,180016,5470628,4596.201,1513.383,0,588.538,0,35.032,5756,4144,1.580,1.470,0.820,1,0,379.347,0,0,11,32,1,3,0
26-06 01:53:54,8.251,22.753,67.508,0,0,1427596,839136,180016,5470648,4726.577,1566.191,0,972.119,0,12.001,5610,3918,1.580,1.470,0.820,4,0,379.046,0,0,11,32,1,1,0
26-06 01:53:55,8.748,20.995,68.233,0,0,1410776,855932,180016,5470664,4868.796,1619.600,0,879.782,0,9.998,5543,3940,1.580,1.470,0.820,1,0,374.907,0,0,11,32,1,1,0
26-06 01:53:56,7.740,21.723,68.915,0,0,1405872,860808,180016,5470688,5556.115,1617.995,0,703.129,0,7.990,5410,3763,1.530,1.460,0.820,1,0,341.577,0,0,11,32,1,1,0
26-06 01:53:57,7.510,20.779,69.346,0,0.250,1389120,877540,180016,5470708,5253.258,1664.299,0,112.155,0,4.006,5211,3559,1.530,1.460,0.820,2,0,297.411,0,0,11,32,1,1,0
26-06 01:53:58,7.500,22.000,68.501,0,0.250,1378276,888360,180016,5470732,4738.060,1512.019,0,548.007,0,73.001,5276,3687,1.530,1.460,0.820,1,0,314.004,0,0,11,32,1,1,0
26-06 01:53:59,8.474,22.182,68.541,0,0,1385440,881168,180016,5470760,4591.972,1561.231,0,247.245,0,7.976,5380,3765,1.530,1.460,0.820,1,0,332.983,0,0,11,32,1,1,0
26-06 01:54:00,8.012,23.035,67.353,0,0,1385796,880800,180016,5470772,5019.658,1514.310,0,48.073,0,12.018,5697,4112,1.530,1.460,0.820,1,0,408.623,0,0,11,32,1,1,0
26-06 01:54:01,9.013,21.281,68.349,0,0,1372660,893888,180032,5470804,5651.172,1568.268,0,16.023,0,4.006,5606,4144,1.490,1.450,0.820,3,0,380.550,0,0,11,32,1,1,0
26-06 01:54:02,33.298,32.547,33.298,0.250,0,1432088,834348,180036,5470876,5079.330,1514.185,0,917.324,0,51.074,6969,6273,1.490,1.450,0.820,3,0,707.020,0,0,11,32,1,7,0
26-06 01:54:03,63.740,12.248,23.996,0,0,1601164,664464,180108,5471604,5325.143,1565.748,0,467.925,0,25.996,4059,2145,1.490,1.450,0.820,3,0,6.999,0,0,11,32,1,7,0
26-06 01:54:04,51.252,9.250,28.001,9.750,0,1672480,582180,180504,5480980,4988.220,1458.064,372.016,27725.224,3.000,2240.099,12020,21539,1.490,1.450,0.820,3,1,84.004,0,0,11,36,1,8,0
26-06 01:54:05,38.454,11.236,34.209,12.984,0,1693412,551768,180980,5489640,5125.823,1584.091,0,62284.940,0,4606.449,17910,35182,1.490,1.450,0.820,2,1,156.811,0,0,11,36,1,8,0
26-06 01:54:06,38.800,11.765,33.293,13.768,0,1725960,510456,181392,5497708,10687.741,6746.674,0,95118.294,0,6759.691,20864,43452,1.770,1.510,0.850,3,1,45.058,0,0,11,37,1,8,0
26-06 01:54:07,41.968,11.991,32.225,11.491,0.250,1580228,649916,181732,5503440,10004.322,5761.578,0,61908.485,0,4660.423,18961,34751,1.770,1.510,0.850,3,1,110.915,0,0,11,34,1,9,0
26-06 01:54:08,38.454,23.971,26.468,8.989,0,1631232,592036,182000,5510056,4886.158,1584.106,295.647,29448.791,3.995,2449.072,14949,25761,1.770,1.510,0.850,5,1,352.578,0,0,11,34,1,9,0
26-06 01:54:09,41.578,21.791,23.544,11.021,0,1641436,575196,182316,5515792,10956.656,7312.786,1611.037,77907.873,29.055,5266.929,18923,38003,1.770,1.510,0.850,4,1,208.393,0,0,11,35,1,9,0
26-06 01:54:10,28.964,8.489,46.941,11.735,0,1639300,573432,182504,5519360,17623.849,13437.112,0,45762.483,0,3638.427,18881,34107,1.770,1.510,0.850,3,0,84.893,0,0,11,35,1,9,0
26-06 01:54:11,32.795,9.513,42.809,12.017,0,1603560,606916,182636,5521412,7273.081,3801.269,0,42562.996,0,3702.131,15926,30255,2.030,1.570,0.870,2,1,72.100,0,0,11,34,1,9,0
26-06 01:54:12,32.486,7.747,45.231,11.995,0,1620424,589540,182804,5521752,9826.901,6723.196,0,34069.789,0,3313.618,14117,27042,2.030,1.570,0.870,1,1,32.986,0,0,11,35,1,9,0
26-06 01:54:13,31.193,7.736,46.664,11.728,0,1615696,593296,182984,5522512,13841.591,9958.719,0,53501.788,0,4521.700,18069,36044,2.030,1.570,0.870,3,0,29.945,0,0,11,35,1,9,0
26-06 01:54:14,37.337,7.517,44.353,8.520,0,1522820,684260,183048,5524320,12176.282,8305.291,0,24023.800,0,2258.245,13317,23018,2.030,1.570,0.870,5,0,104.242,0,0,11,36,1,10,0
26-06 01:54:15,36.963,8.741,38.961,13.237,0,1578536,624788,183184,5527832,4107.851,1510.474,0,59439.962,0,4978.971,16690,35313,2.030,1.570,0.870,4,0,65.933,0,0,11,36,1,10,0
26-06 01:54:16,29.025,7.757,48.792,12.260,0,1591840,607708,183292,5531396,13642.604,9961.473,0,55074.846,0,4680.982,18322,36490,2.110,1.590,0.880,7,1,63.054,0,0,11,37,1,10,0
26-06 01:54:17,29.254,6.751,49.756,12.001,0,1589948,606448,183420,5534284,17198.094,12701.546,0,64447.846,0,4992.608,19515,39579,2.110,1.590,0.880,5,0,84.010,0,0,11,36,1,10,0
26-06 01:54:18,35.742,10.998,39.491,12.747,0,1610648,583180,183472,5536704,5264.865,1565.663,0,59707.134,0,4821.961,18580,35253,2.110,1.590,0.880,3,0,93.980,0,0,11,36,1,10,0
26-06 01:54:19,32.752,7.500,44.252,12.001,0,1640100,559040,183496,5531376,10043.530,6544.346,0,48290.550,0,4515.238,17105,33625,2.110,1.590,0.880,2,0,15.001,0,0,11,37,1,10,0
26-06 01:54:20,30.242,7.248,48.737,10.997,0,1630552,566172,183508,5533772,17130.346,12669.558,0,43592.157,0,3671.003,17681,33541,2.110,1.590,0.880,3,0,38.989,0,0,11,35,1,11,0
26-06 01:54:21,34.505,16.753,46.507,1.000,0,1459724,736940,183512,5533828,9724.518,5618.877,0,12185.903,0,702.110,6654,7805,2.100,1.600,0.890,1,0,267.042,0,0,11,32,1,12,0
26-06 01:54:22,19.445,2.742,76.533,0.499,0,1485352,711304,183516,5533832,6729.907,3522.008,0,1344.187,0,74.788,1781,1300,2.100,1.600,0.890,0,0,0,0,0,11,33,1,12,0
26-06 01:54:23,20.746,1.750,75.735,0,0,1484308,712084,183516,5534096,11545.664,7524.477,0,1227.752,0,62.987,3241,3721,2.100,1.600,0.890,1,0,0,0,0,11,32,1,13,0
26-06 01:54:24,19.765,6.755,72.806,0.250,0,1495580,700812,183516,5534096,4493.471,1351.044,0,1012.782,0,63.049,2311,1880,2.100,1.600,0.890,1,0,34.026,0,0,11,32,1,13,0
26-06 01:54:25,16.985,2.498,79.429,0,0,1495848,700540,183516,5534100,9882.215,7255.550,0,531.527,0,35.968,1922,1638,2.100,1.600,0.890,0,0,0,0,0,11,33,1,13,0
26-06 01:54:26,18.481,6.993,72.174,0.749,0,1403100,793188,183516,5534200,6350.303,2759.090,0,2425.442,0,148.843,3271,3175,2.010,1.590,0.890,1,0,59.937,0,0,11,32,1,14,0
26-06 01:54:27,18.988,3.248,76.950,0,0,1451692,744592,183516,5534204,10653.085,3968.424,0,99.935,0,10.993,1799,1256,2.010,1.590,0.890,2,0,0,0,0,11,33,1,14,0
26-06 01:54:28,20.788,2.505,75.139,0,0,1450844,745292,183516,5534352,15853.339,9760.063,0,0,0,0,3574,3933,2.010,1.590,0.890,1,0,1.002,0,0,11,32,1,15,0
26-06 01:54:29,20.259,6.503,72.283,0,0,1429852,766276,183516,5534360,7929.582,1686.762,0,428.193,0,13.006,2478,1884,2.010,1.590,0.890,1,0,43.019,0,0,11,32,1,15,0
26-06 01:54:30,23.185,5.485,71.050,0,0,1463120,733004,183516,5534364,11116.670,7300.425,0,195.449,0,12.963,2975,12230,2.010,1.590,0.890,2,0,35.899,0,0,11,33,1,16,0
26-06 01:54:31,16.327,3.768,78.117,0,0,1441116,754988,183516,5534384,10836.856,6599.973,0,253.188,0,24.113,3689,4233,1.930,1.580,0.890,1,0,37.174,0,0,11,32,1,16,0
26-06 01:54:32,7.224,23.913,66.757,0.249,0,1433780,762168,183516,5534540,4842.350,1614.117,0,267.027,0,14.946,5493,3770,1.930,1.580,0.890,3,0,373.638,0,0,11,32,1,16,0
26-06 01:54:33,26.565,25.061,47.115,0.501,0,1446888,748828,183536,5534752,4992.137,1623.948,0,817.989,0,60.146,5921,4744,1.930,1.580,0.890,3,0,385.938,0,0,11,32,1,22,0
26-06 01:54:34,63.035,12.757,24.514,0,0,1607052,587800,183556,5535596,4654.584,1512.840,0,296.164,0,16.009,3841,1679,1.930,1.580,0.890,3,0,3.002,0,0,11,32,1,22,0
26-06 01:54:35,65.816,8.975,23.684,0,0,1733672,458048,183672,5538280,4533.321,1561.632,0,4670.936,0,272.239,4132,1945,1.930,1.580,0.890,4,0,0,0,0,11,32,1,22,0
26-06 01:54:36,52.447,8.532,31.870,6.023,0,1810288,372436,183828,5546548,5154.327,1463.488,0,22159.090,0,1649.184,10732,16105,2.020,1.600,0.900,1,0,108.406,0,0,11,38,1,22,0
26-06 01:54:37,27.222,10.489,43.954,14.485,0,1812132,359340,183940,5557332,5394.392,1618.318,0,99760.287,0,7021.700,24580,50180,2.020,1.600,0.900,1,1,230.760,0,0,11,38,1,22,0
26-06 01:54:38,23.785,10.515,48.071,14.021,0,1810580,351528,184004,5566224,4945.268,1460.146,0,101889.755,0,7398.875,25163,49656,2.020,1.600,0.900,5,0,178.262,0,0,11,38,1,22,0
26-06 01:54:39,39.502,10.751,33.252,13.501,0,1728368,424956,184060,5574692,4578.235,1458.075,0,64863.329,0,5089.261,20555,38603,2.020,1.600,0.900,2,1,243.012,0,0,11,36,1,22,0
26-06 01:54:40,43.002,10.751,31.002,12.501,0,1783680,357860,184132,5586004,3324.162,324.016,0,87780.288,0,6198.303,21057,41938,2.020,1.600,0.900,3,0,73.004,0,0,11,36,1,22,0
26-06 01:54:41,40.442,10.735,33.202,13.231,0,1833284,297280,184164,5596512,4075.167,936.659,0,86624.015,0,5672.880,19279,38679,2.260,1.660,0.920,1,1,16.976,0,0,11,36,1,22,0
26-06 01:54:42,40.203,10.238,32.712,13.484,0,1763904,363352,184176,5599720,4147.189,970.874,0,61916.174,0,5100.084,18501,36604,2.260,1.660,0.920,2,1,133.845,0,0,11,36,1,22,0
26-06 01:54:43,36.850,12.283,42.615,6.518,0,1548720,577180,184184,5601008,4863.145,1353.659,0,31966.408,0,2419.540,10961,18206,2.260,1.660,0.920,2,0,218.591,0,0,11,32,1,22,0
26-06 01:54:44,17.691,9.468,71.511,0,0,1532416,593464,184188,5601024,4770.087,1560.793,0,809.300,0,41.860,2861,2105,2.260,1.660,0.920,1,0,101.661,0,0,11,32,1,22,0
26-06 01:54:45,22.254,4.251,72.012,0.500,0,1578768,547112,184188,5601024,4892.825,1512.255,0,6889.161,0,402.068,2414,2883,2.260,1.660,0.920,1,0,0,0,0,11,32,1,22,0
26-06 01:54:46,23.753,2.500,73.009,0,0,1593732,532144,184188,5601028,4877.624,1620.207,0,144.018,0,11.001,2232,1896,2.160,1.650,0.920,3,0,2.000,0,0,11,38,1,22,0
26-06 01:54:47,21.751,4.500,73.004,0.250,0,1527312,598560,184188,5601032,4740.233,1620.080,0,252.012,0,7.000,2179,1382,2.160,1.650,0.920,2,0,27.001,0,0,11,32,1,22,0
26-06 01:54:48,21.251,4.000,73.504,0,0,1569196,556676,184188,5601032,4980.255,1620.083,0,60.003,0,5.000,1769,1281,2.160,1.650,0.920,2,0,2.000,0,0,11,32,1,22,0
26-06 01:54:49,23.220,2.497,73.156,0.250,0,1599308,526556,184188,5601036,4554.154,1617.923,0,107.862,0,15.979,1986,1600,2.160,1.650,0.920,3,0,1.997,0,0,11,34,1,22,0
26-06 01:54:50,17.573,15.565,65.522,0,0,1517232,608612,184192,5601052,4717.557,1464.069,0,855.547,0,109.454,3913,2924,2.160,1.650,0.920,4,0,270.120,0,0,11,32,1,22,0
26-06 01:54:51,12.230,39.185,47.172,0,0,1495180,630608,184192,5601108,4809.012,1617.314,0,323.463,0,25.957,7552,6864,2.220,1.670,0.930,2,0,961.403,0,0,11,32,1,22,0
26-06 01:54:52,8.251,22.753,68.009,0,0,1486984,638728,184192,5601168,4938.618,1500.188,0,328.041,0,18.002,5547,3827,2.220,1.670,0.930,1,0,412.052,0,0,11,32,1,22,0
26-06 01:54:53,8.004,20.261,69.538,0,0,1470544,655140,184192,5601196,4982.736,1620.890,0,8.004,0,2.001,5247,3662,2.220,1.670,0.930,1,0,306.168,0,0,11,32,1,22,0
26-06 01:54:54,8.487,20.719,68.148,0,0,1453552,672100,184192,5601224,4690.967,1455.817,0,31.952,0,7.988,5267,3630,2.220,1.670,0.930,1,0,295.557,0,0,11,32,1,22,0
26-06 01:54:55,11.017,22.284,64.850,0,0,1454924,670704,184192,5601592,5228.054,1622.500,0,24.037,0,6.009,6056,5698,2.220,1.670,0.930,1,0,301.464,0,0,11,32,1,22,0
26-06 01:54:56,27.138,17.428,53.529,0,0,1463740,661676,184204,5601772,5275.243,1655.173,0,1115.400,0,159.343,5102,5347,2.120,1.660,0.930,5,0,176.273,0,0,11,32,1,22,0
26-06 01:54:57,42.841,8.769,48.102,0,0,1559012,566444,184204,5601832,3691.837,324.689,0,208.442,0,3.006,2896,1595,2.120,1.660,0.930,2,0,15.032,0,0,11,33,1,22,0
26-06 01:54:58,49.471,4.747,44.474,0.250,0,1639324,486084,184216,5601860,4251.535,1133.343,0,855.504,0,91.947,3751,2827,2.120,1.660,0.930,2,0,17.990,0,0,11,49,1,22,0
26-06 01:54:59,44.886,8.024,46.390,0.251,0,1679428,441480,184272,5605904,4934.934,1624.917,0,1769.354,0,166.504,6032,9219,2.120,1.660,0.930,2,0,24.073,0,0,11,48,1,22,0
26-06 01:55:00,7.482,21.450,69.338,0,0,1690216,430652,184276,5605932,4627.176,1454.597,0,271.365,0,15.963,5416,3862,2.120,1.660,0.930,2,0,316.260,0,0,11,48,1,22,0
26-06 01:55:01,19.491,22.990,56.474,0,0,1685720,435000,184288,5605944,5354.557,1619.261,0,211.903,0,10.995,6968,8309,2.110,1.670,0.940,0,0,486.778,0,0,11,48,1,22,0
26-06 01:55:02,1.500,1.250,96.240,0.250,0,1685708,435000,184288,5605976,5279.454,1619.833,0,195.980,0,12.999,966,1245,2.110,1.670,0.940,0,0,5.999,0,0,11,48,1,22,0
26-06 01:55:03,0.500,0.250,98.283,0,0,1684524,436184,184288,5605976,4741.579,1620.539,0,884.294,0,9.003,684,976,2.110,1.670,0.940,0,0,2.001,0,0,11,48,1,22,0
26-06 01:55:04,0.500,0.750,98.709,0,0,1682916,437792,184288,5605976,5077.876,1619.323,0,0,0,0,666,918,2.110,1.670,0.940,0,0,1.999,0,0,11,48,1,16,0
26-06 01:55:05,1.002,2.254,95.427,0,0,1653128,467580,184288,5605972,4989.264,1697.151,0,0,0,0,1194,1410,2.110,1.670,0.940,2,0,28.052,0,0,11,48,1,16,0
26-06 01:55:06,15.725,14.976,67.892,0,0,1669896,450676,184288,5606464,5707.945,1691.317,0,7.987,0,1.997,5331,7458,2.030,1.660,0.940,1,0,251.601,0,0,11,48,1,16,0
26-06 01:55:07,11.766,16.773,69.845,0,0,1692324,428252,184288,5606116,5185.077,1534.094,0,12.016,0,3.004,4878,4649,2.030,1.660,0.940,1,0,281.384,0,0,12,48,1,16,0
26-06 01:55:08,23.744,18.745,55.735,0,0,1690480,430036,184288,5606168,5754.494,1931.495,0,2511.343,0,53.986,6074,6721,2.030,1.660,0.940,5,0,251.934,0,0,12,64,1,14,0
26-06 01:55:09,13.737,14.486,69.931,0.250,0,1683936,436592,184288,5606168,4735.357,1692.341,0,295.710,0,19.980,4784,6237,2.030,1.660,0.940,0,0,247.757,0,0,12,64,1,14,0
26-06 01:55:10,5.005,10.761,83.336,0,0,1675496,445024,184288,5606176,3605.718,818.844,0,420.434,0,27.028,3008,2522,2.030,1.660,0.940,2,0,142.147,0,0,14,64,1,14,0
26-06 01:55:11,18.514,16.012,64.047,0,0,1679844,440628,184292,5606192,4136.021,1296.947,0,5231.821,0,368.269,5679,7526,2.340,1.730,0.970,2,0,242.177,0,0,14,64,1,14,0
26-06 01:55:12,8.237,20.717,68.392,0,0,1684720,435676,184292,5606236,4732.542,1691.335,0,19.969,0,4.992,5461,3894,2.340,1.730,0.970,1,0,328.482,0,0,14,66,1,14,0
26-06 01:55:13,9.238,20.723,68.160,0,0,1677524,442712,184296,5606392,4779.711,1647.832,0,67.911,0,6.991,5233,3628,2.340,1.730,0.970,1,0,279.632,0,0,14,66,1,14,0
26-06 01:55:14,16.771,18.273,63.831,0,0,1674092,446108,184296,5606844,4467.644,1553.963,0,28.035,0,5.006,6410,7749,2.340,1.730,0.970,1,0,220.278,0,0,14,66,1,14,0
26-06 01:55:15,26.723,23.476,49.450,0,0,1727988,392176,184300,5606436,3936.000,1078.903,0,119.878,0,4.995,5672,4364,2.340,1.730,0.970,2,0,354.640,0,0,14,66,1,14,0
26-06 01:55:16,27.848,26.092,45.160,0,0,1800764,319328,184320,5606456,5167.273,1591.628,0,473.675,0,5.018,6146,4560,2.320,1.730,0.970,2,0,459.625,0,0,14,66,1,13,0
26-06 01:55:17,29.253,24.002,44.505,0,0,1866720,251780,184368,5607920,5206.538,1566.162,0,52.005,0,10.001,6653,8298,2.320,1.730,0.970,2,0,430.044,0,0,14,70,1,15,0
26-06 01:55:18,29.400,26.161,42.107,0,0,1922756,195692,184368,5608400,4032.345,1112.234,0,255.136,0,8.970,6434,6115,2.320,1.730,0.970,2,0,342.839,0,0,14,70,1,15,0
26-06 01:55:19,52.166,19.813,27.086,0,0,1963588,154676,184372,5608484,4921.638,1570.992,0,955.035,0,14.045,5295,5288,2.320,1.730,0.970,3,0,324.030,0,0,14,70,1,15,0
26-06 01:55:20,55.217,24.735,19.988,0,0,2053524,193844,176120,5490044,5248.890,1511.105,207.877,6236.305,4.997,466.723,6413,6385,2.320,1.730,0.970,6,0,404.760,0,0,14,70,1,15,0
26-06 01:55:21,65.663,25.965,7.740,0,0,2168296,141372,175712,5429640,4976.386,1563.921,403.464,195.740,16.977,7.989,6246,8159,3.170,1.920,1.040,4,0,440.415,0,0,14,70,1,15,0
26-06 01:55:22,72.936,24.813,1.504,1.003,0.251,2286760,201812,175520,5255016,4932.568,1624.138,777.982,1195.045,84.215,58.148,7400,8854,3.170,1.920,1.040,4,0,336.858,0,0,14,70,1,15,0
26-06 01:55:23,71.496,23.499,2.500,1.750,0,2415276,148552,174928,5181712,4979.703,1619.903,427.974,7403.559,23.999,660.961,8478,11506,3.170,1.920,1.040,7,1,343.979,0,0,14,74,1,15,0
26-06 01:55:24,66.952,24.889,4.231,2.987,0.249,2556704,119288,174684,5072720,4778.727,1612.820,860.171,35075.857,29.867,2442.129,15579,29474,3.170,1.920,1.040,7,0,318.582,0,0,14,76,1,12,0
26-06 01:55:25,69.558,22.851,7.031,0.251,0,2625644,123760,174792,5000484,4821.353,1701.536,518.295,3262.449,10.044,189.841,8462,12596,3.170,1.920,1.040,5,0,279.237,0,0,14,80,1,16,0
26-06 01:55:26,71.775,22.679,4.237,0,0,2736724,154836,174800,4861084,4760.061,1453.438,27.912,885.222,5.981,55.825,8798,13212,3.400,1.990,1.070,4,0,387.783,0,0,14,91,1,24,0
26-06 01:55:27,40.612,28.328,30.835,0,0,2792920,167252,174800,4794332,6016.538,1624.465,4.011,513.411,1.003,32.088,8169,11094,3.400,1.990,1.070,2,0,444.221,0,0,14,89,1,26,0
26-06 01:55:28,51.687,15.980,31.462,0.250,0,2880120,147908,174804,4728128,5291.535,1546.111,3180.115,407.502,34.957,19.976,5911,8221,3.400,1.990,1.070,3,0,195.761,0,0,14,90,1,26,0
26-06 01:55:29,50.825,9.013,39.308,0.501,0,3006812,158572,174828,4593976,5107.546,1622.397,0,3052.510,0,151.223,4241,5487,3.400,1.990,1.070,2,0,9.013,0,0,14,94,1,28,0
26-06 01:55:30,13.980,19.222,63.908,0.499,0.250,3043588,121564,174828,4596516,3962.289,1186.290,39.942,3802.520,5.991,99.856,5485,7234,3.400,1.990,1.070,2,0,283.591,0,0,14,97,1,29,0
26-06 01:55:31,10.481,20.214,67.380,0.250,0,3022988,208220,174828,4529344,4059.792,808.564,7.986,139.752,1.996,12.977,5459,6542,3.210,1.970,1.060,2,0,267.525,0,0,14,97,1,30,0
26-06 01:55:32,7.758,20.271,70.324,0,0,3023524,207664,174828,4529364,3884.077,1081.135,0,40.042,0,5.005,4936,3333,3.210,1.970,1.060,2,0,258.271,0,0,14,97,1,27,0
26-06 01:55:33,9.490,17.981,70.677,0,0,3046904,184248,174828,4529384,4932.905,1456.496,0,343.645,0,0.999,4428,3013,3.210,1.970,1.060,1,0,215.777,0,0,14,97,1,27,0
26-06 01:55:34,22.245,3.249,73.484,0,0,3110404,120744,174832,4529384,5093.879,2232.509,3.999,55.988,1.000,1.000,1683,1071,3.210,1.970,1.060,0,0,0,0,0,14,98,1,27,0
26-06 01:55:35,19.057,3.761,76.982,0.251,0,3101256,198124,174832,4463160,11134.570,7308.033,68.206,160.484,5.015,12.036,2606,2616,3.210,1.970,1.060,2,0,0,0,0,14,100,1,27,0
26-06 01:55:36,21.938,7.230,69.304,0,0,3055408,243956,174832,4463176,23405.739,18757.897,0,2381.259,0,41.881,2867,2049,3.030,1.950,1.060,1,0,64.817,0,0,14,103,1,22,0
26-06 01:55:37,21.495,3.499,73.483,0.250,0,3113344,186008,174832,4463188,7878.207,4002.089,3.999,231.947,1.000,26.994,2158,1684,3.030,1.950,1.060,2,0,2.999,0,0,14,108,1,22,0
26-06 01:55:38,21.247,4.249,73.740,0,0,3119252,179988,174844,4463292,9273.743,5692.228,0,439.940,0,35.995,2738,2810,3.030,1.950,1.060,1,0,6.999,0,0,14,112,1,22,0
26-06 01:55:39,36.513,8.753,51.018,1.751,0,3209204,156492,174844,4398728,4727.673,1566.554,252.089,3333.180,17.006,310.110,6350,8521,3.030,1.950,1.060,2,0,5.002,0,0,14,115,1,22,0
26-06 01:55:40,23.797,10.270,64.128,1.252,0,3147560,218004,174844,4398864,5918.805,2768.522,48.096,6625.214,2.004,440.879,4924,5170,3.030,1.950,1.060,1,0,114.228,0,0,14,118,1,24,0
26-06 01:55:41,21.994,3.499,73.731,0,0,3225152,140400,174844,4398876,6604.276,3659.045,0,415.891,0,30.992,2006,1639,2.870,1.940,1.060,0,0,1.000,0,0,14,119,1,24,0
26-06 01:55:42,16.753,2.751,78.515,0.250,0,3225328,140148,174844,4398952,11739.246,8034.537,64.012,1820.348,4.001,115.022,2495,2658,2.870,1.940,1.060,1,1,0,0,0,14,119,1,24,0
26-06 01:55:43,32.275,7.006,58.296,0.751,0,3184288,246840,174848,4334840,6635.231,2882.272,4.003,1112.877,1.001,128.101,5476,6481,2.870,1.940,1.060,2,0,13.010,0,0,14,122,1,25,0
26-06 01:55:44,39.905,12.470,46.889,0,0,3312940,183292,174848,4271412,4609.067,1616.166,0,383.091,0,23.943,3708,2247,2.870,1.940,1.060,2,0,87.792,0,0,14,122,1,25,0
26-06 01:55:45,32.966,3.746,61.437,0,0,3366100,129940,174848,4271604,28641.427,24998.189,183.810,5893.914,0.999,351.637,2675,1672,2.870,1.940,1.060,2,0,0,0,0,14,122,1,26,0
26-06 01:55:46,20.279,6.259,72.606,0,0,3345748,150276,174848,4271620,5364.800,1622.359,0,504.734,0,17.025,2372,1683,2.720,1.920,1.060,2,0,55.080,0,0,14,122,1,26,0
26-06 01:55:47,18.233,1.998,79.178,0.250,0,3370816,125200,174848,4271628,28752.911,25067.255,0,243.779,0,11.989,1911,1503,2.720,1.920,1.060,1,0,0,0,0,14,122,1,27,0
26-06 01:55:48,19.474,6.991,71.905,0.250,0,3307064,188940,174848,4271640,4362.263,1360.211,0,231.695,0,13.982,2467,1668,2.720,1.920,1.060,1,0,51.932,0,0,14,122,1,27,0
26-06 01:55:49,28.288,4.756,66.339,0,0,3348136,147612,174848,4271896,9527.727,7030.391,8.011,400.535,2.003,34.045,3884,4932,2.720,1.920,1.060,0,0,8.011,0,0,14,125,1,28,0
26-06 01:55:50,16.995,8.747,72.227,0.750,0,3296916,198776,174848,4271952,6004.103,2770.125,0,2835.104,0,341.892,4158,4357,2.720,1.920,1.060,1,0,81.974,0,0,14,124,1,29,0
26-06 01:55:51,22.249,3.500,73.498,0.250,0,3364216,131492,174848,4271952,4072.869,1295.958,0,283.991,0,15.999,1741,1188,2.580,1.910,1.060,1,0,0,0,0,14,124,1,29,0
26-06 01:55:52,18.207,1.496,78.814,0,0,3370500,125204,174852,4271952,28753.115,25006.960,0,1189.192,0,67.840,1964,1650,2.580,1.910,1.060,1,0,0,0,0,14,124,1,30,0
26-06 01:55:53,19.507,7.003,72.278,0,0,3335360,160312,174852,4271984,4801.831,1620.618,4.002,132.050,1.000,13.005,2494,1837,2.580,1.910,1.060,1,0,55.021,0,0,14,124,1,30,0
26-06 01:55:54,16.790,3.007,79.439,0.251,0,3355456,140192,174852,4272008,11514.389,8213.538,0,252.601,0,28.067,2063,1846,2.580,1.910,1.060,2,0,0,0,0,14,125,1,30,0
26-06 01:55:55,25.498,5.000,66.244,1.750,0,3359624,135712,174856,4272316,4319.585,1619.845,31.997,3091.703,2.000,334.968,5751,8541,2.580,1.910,1.060,2,1,1.000,0,0,14,126,1,30,0
26-06 01:55:56,23.247,8.249,66.491,0.250,0.250,3329064,166228,174860,4272356,6048.177,2697.633,0,1363.814,0,121.983,4471,5547,2.770,1.960,1.080,1,0,52.993,0,0,14,125,1,32,0
26-06 01:55:57,18.746,2.749,77.235,0.250,0,3366820,128468,174860,4272360,10915.897,7329.588,0,715.862,0,27.995,1796,1389,2.770,1.960,1.080,1,0,0,0,0,14,126,1,32,0
26-06 01:55:58,20.266,2.252,76.311,0,0,3368048,127208,174860,4272392,10239.159,6053.824,0,544.434,0,36.029,2453,2391,2.770,1.960,1.080,2,0,1.001,0,0,14,126,1,32,0
26-06 01:55:59,32.954,6.990,56.420,0.999,0,3376988,144672,174860,4246504,5741.902,2482.499,0,6275.150,0,460.351,7665,11923,2.770,1.960,1.080,4,0,1.997,0,0,14,129,1,33,0
26-06 01:56:00,26.782,7.008,65.578,0.501,0,3375420,180320,174864,4213036,5046.034,1621.940,4.005,576.690,1.001,40.048,3370,3573,2.770,1.960,1.080,1,0,77.092,0,0,14,129,1,33,0
26-06 01:56:01,17.733,3.497,77.925,0.250,0,3404908,150828,174864,4213040,11406.009,7847.438,0,319.692,0,14.986,1800,1338,2.630,1.940,1.080,2,0,0,0,0,14,131,1,33,0
26-06 01:56:02,17.552,8.525,71.210,1.003,0,3389716,165924,174864,4213136,8662.591,4859.356,12.036,4172.326,3.009,282.836,4810,5598,2.630,1.940,1.080,1,0,134.397,0,0,14,129,1,34,0
26-06 01:56:03,21.447,4.988,72.820,0,0,3444032,159776,174864,4165752,4985.680,1454.406,3.990,127.684,0.998,12.968,2046,1499,2.630,1.940,1.080,1,0,12.968,0,0,14,129,1,34,0
26-06 01:56:04,18.499,3.000,76.996,0,0,3460076,143716,174864,4165768,15382.282,12124.434,4.000,35.998,1.000,4.000,2189,1873,2.630,1.940,1.080,0,0,2.000,0,0,14,132,1,34,0
26-06 01:56:05,25.509,4.752,67.523,0.500,0,3454076,149628,174868,4165848,6610.278,2441.841,28.010,1200.414,4.001,145.050,5584,8110,2.630,1.940,1.080,1,0,2.001,0,0,14,132,0,34,0
26-06 01:56:06,38.068,7.764,51.843,0.501,0,3446008,156972,174884,4166524,6871.263,3049.442,396.708,3830.837,64.114,411.735,10569,14873,2.500,1.930,1.080,2,0,5.009,0,0,14,135,0,35,0
26-06 01:56:07,31.683,16.964,49.146,0.499,0,3379820,222876,174884,4166776,5330.738,2009.754,15.966,1137.597,0.998,102.783,7699,9907,2.500,1.930,1.080,1,0,285.397,0,0,14,135,0,35,0
26-06 01:56:08,20.502,3.750,74.506,0.250,0,3429428,173232,174884,4166780,7175.612,3600.307,0,708.060,0,34.003,1857,1345,2.500,1.930,1.080,1,0,1.000,0,0,14,136,0,35,0
26-06 01:56:09,19.007,6.502,73.278,0.250,0,3339032,263636,174884,4166788,10904.178,7220.767,0,556.213,0,19.007,2777,2217,2.500,1.930,1.080,1,0,59.023,0,0,14,135,0,36,0
26-06 01:56:10,8.509,20.021,69.071,0,0,3336116,266516,174892,4166816,4550.691,1459.505,0,508.524,0,38.039,5344,4004,2.500,1.930,1.080,1,0,284.293,0,0,14,135,0,36,0
26-06 01:56:11,8.742,21.979,66.935,0,0,3326984,275624,174896,4166836,5112.035,1618.428,0,551.464,0,41.959,5501,4112,2.380,1.910,1.080,3,0,273.734,0,0,14,135,0,36,0
26-06 01:56:12,20.267,18.265,60.301,0.250,0,3345532,257072,174896,4166864,4461.747,1459.226,0,324.272,0,17.014,5811,7220,2.380,1.910,1.080,3,0,202.170,0,0,14,135,0,36,0
26-06 01:56:13,29.477,23.481,45.714,0.250,0,3425992,176572,174896,4166900,5036.028,1618.723,0,307.757,0,16.987,5770,4038,2.380,1.910,1.080,3,0,336.734,0,0,14,135,0,36,0
26-06 01:56:14,27.988,22.740,46.980,0,0,3442508,159668,174908,4167280,5009.830,1783.228,79.965,1619.299,4.998,101.956,6385,5926,2.380,1.910,1.080,2,0,361.843,0,0,14,141,0,36,0
26-06 01:56:15,28.485,18.990,51.223,0,0,3480688,119796,174908,4169468,4737.539,1619.159,3.998,215.888,0.999,12.993,7182,13284,2.380,1.910,1.080,7,0,218.886,0,0,16,141,0,36,0
26-06 01:56:16,52.911,28.587,18.306,0.251,0,3629936,151452,174916,3990856,5373.320,1624.935,184.561,389.182,9.027,28.085,7044,6999,2.670,1.980,1.110,7,0,479.456,0,0,16,147,0,36,0
26-06 01:56:17,57.797,23.770,17.514,0,0,3731468,151384,174916,3890824,4924.045,1711.406,24.020,648.533,3.002,31.025,7208,7579,2.670,1.980,1.110,8,0,360.296,0,0,16,161,0,34,0
26-06 01:56:18,33.500,22.000,43.750,0,0,3777564,155464,174916,3841136,4697.985,1457.995,0,507.998,0,28.000,8528,12782,2.670,1.980,1.110,2,0,314.999,0,0,16,163,0,34,0
26-06 01:56:19,33.479,24.984,40.974,0.250,0,3837764,150776,174916,3786924,5036.819,1618.977,11.992,323.795,2.998,18.988,15356,5418,2.670,1.980,1.110,2,0,510.677,0,0,16,163,0,34,0
26-06 01:56:20,15.489,21.235,60.209,0.250,0,3845044,143252,174920,3787508,5216.413,1618.887,7.995,307.788,1.999,24.983,5590,4174,2.670,1.980,1.110,2,0,330.773,0,0,17,163,0,34,0
26-06 01:56:21,25.285,17.774,55.326,0.501,0,3861760,182272,174920,3732920,5244.200,1622.227,4.005,9000.357,1.001,321.441,6838,8904,2.540,1.960,1.110,2,0,230.316,0,0,17,165,0,34,0
26-06 01:56:22,28.474,26.226,45.208,0,0,3938912,134372,174920,3704320,4961.427,1456.657,3.996,91.915,0.999,7.993,6042,4523,2.540,1.960,1.110,3,0,393.637,0,0,17,165,0,34,0
26-06 01:56:23,29.665,17.699,50.106,0,0,3969892,146192,174924,3662860,5504.160,1685.150,0,83.759,0,4.986,7156,8677,2.540,1.960,1.110,1,0,284.182,0,0,17,171,0,34,0
26-06 01:56:24,41.157,25.598,33.378,0.502,0,4071524,147992,174932,3561532,4364.689,1463.596,44.169,542.073,5.019,33.127,7875,12287,2.540,1.960,1.110,3,0,489.873,0,0,17,183,0,34,0
26-06 01:56:25,30.236,25.738,41.980,0,0,4130312,126652,174932,3524868,3254.459,755.642,19.991,687.674,1.999,45.978,8249,8722,2.540,1.960,1.110,1,0,493.766,0,0,17,185,0,34,0
26-06 01:56:26,15.746,23.744,58.235,0.250,0,4171416,130832,174932,3480780,4385.872,1349.653,99.974,14520.267,7.998,1027.736,7087,8848,2.650,2,1.120,1,0,342.912,0,0,17,189,0,30,0
26-06 01:56:27,17.002,23.252,58.255,0,0,4172036,172400,175008,3439532,5252.488,1512.140,76.007,712.066,8.001,41.004,6761,6414,2.650,2,1.120,1,0,329.031,0,0,17,199,0,30,0
26-06 01:56:28,26.417,16.947,55.327,0.249,0,4218916,125432,175008,3439284,5070.127,1650.832,334.951,251.214,4.984,16.947,4943,4684,2.650,2,1.120,3,0,192.398,0,0,17,205,0,30,0
26-06 01:56:29,42.771,9.755,46.022,0.250,0,4333960,130256,175008,3321524,5074.452,1512.731,880.425,4166.013,14.007,29.014,2959,1604,2.650,2,1.120,3,1,1.000,0,0,17,205,0,30,0
26-06 01:56:30,38.179,9.233,51.903,0,0,4431740,134008,175012,3222924,4777.098,1563.087,0,323.397,0,22.957,3293,2393,2.650,2,1.120,3,0,6.987,0,0,17,208,0,16,0
26-06 01:56:31,37.869,9.028,52.164,0,0,4340464,268684,175016,3180440,4553.349,1245.926,252.797,421.328,16.051,40.126,4222,12355,2.680,2.010,1.130,1,0,83.262,0,0,17,213,0,17,0
26-06 01:56:32,28.003,29.754,40.505,0.500,0,4423328,183344,175028,3182900,4130.494,1350.161,2436.291,196.023,34.004,14.002,6570,5802,2.680,2.010,1.130,3,1,543.065,0,0,17,213,0,17,0
26-06 01:56:33,41.215,25.478,31.973,0,0,4445480,157924,175032,3186492,12989.987,9531.919,515.563,1310.889,9.992,47.959,7661,9609,2.680,2.010,1.130,2,0,452.616,0,0,17,223,0,17,0
26-06 01:56:34,55.938,19.229,24.223,0,0,4478756,123156,175044,3188068,5335.042,2328.400,55.938,255.714,6.992,10.988,5506,7095,2.680,2.010,1.130,4,0,225.748,0,0,17,222,0,17,0
26-06 01:56:35,68.378,14.026,17.533,0.501,0,4602936,164376,175044,3027656,7467.994,4012.519,1598.996,412.773,37.069,15.028,4475,3057,2.680,2.010,1.130,4,0,22.041,0,0,17,227,0,17,0
26-06 01:56:36,60.438,13.986,19.730,4.495,0,4659176,140200,175132,2996864,12712.970,9271.498,6513.324,2549.387,483.504,190.804,6652,8711,3.110,2.110,1.170,4,0,24.974,0,0,17,235,0,17,0
26-06 01:56:37,47.061,23.030,28.537,0.250,0,4685664,232380,175144,2881332,5924.683,2416.133,64.083,9135.847,5.006,36.047,6763,7343,3.110,2.110,1.170,3,0,333.432,0,0,17,229,0,22,0
26-06 01:56:38,35.986,22.491,40.984,0,0,4690008,226596,175144,2882744,9998.116,6764.373,0,267.896,0,16.993,6546,7431,3.110,2.110,1.170,3,0,387.849,0,0,17,230,0,21,0
26-06 01:56:39,47.012,24.506,27.257,0.250,0,4657392,257016,175144,2884928,9846.501,6351.613,176.045,1336.339,11.003,84.021,6945,9205,3.110,2.110,1.170,5,0,415.105,0,0,17,229,0,22,0
26-06 01:56:40,58.714,26.984,12.243,0.250,0,4776972,134248,175164,2888556,4994.977,1457.118,943.429,739.552,34.979,48.970,6569,7760,3.110,2.110,1.170,3,0,394.761,0,0,17,233,0,22,0
26-06 01:56:41,54.584,22.785,22.535,0,0,4850148,122868,175172,2827144,14690.578,11470.629,380.585,1093.681,26.040,70.108,8507,13278,3.180,2.150,1.190,3,0,261.402,0,0,17,238,0,24,0
26-06 01:56:42,59.289,25.767,13.509,0.500,0,4846060,159544,175176,2795744,7089.605,2501.625,76.049,552.359,3.002,37.024,7005,8261,3.180,2.150,1.190,5,0,533.346,0,0,17,237,0,23,0
26-06 01:56:43,53.301,21.918,23.911,0.249,0,4915252,126176,175192,2760700,10684.167,7144.364,1131.780,677.474,37.859,38.855,8392,14808,3.180,2.150,1.190,7,0,204.239,0,0,17,244,0,24,0
26-06 01:56:44,58.883,16.287,23.804,0.251,0,4981220,155548,175192,2667660,9363.083,6201.965,128.289,777.751,6.014,39.088,7171,14728,3.180,2.150,1.190,3,0,92.208,0,0,17,243,0,26,0
26-06 01:56:45,58.413,9.236,30.704,0.499,0,5109332,124472,175196,2573420,12380.652,9397.074,966.568,387.426,65.902,13.979,4117,2625,3.180,2.150,1.190,3,0,3.994,0,0,17,247,0,27,0
26-06 01:56:46,55.180,9.987,33.707,0.250,0,5145540,162764,175196,2501428,16550.067,12132.654,1426.196,822.959,36.953,90.885,6901,8036,3.160,2.160,1.200,3,0,11.985,0,0,17,252,0,29,0
26-06 01:56:47,55.433,22.825,20.317,0.752,0,5097260,207624,175324,2504816,5367.688,2203.260,4073.423,1600.273,64.212,78.258,6653,7201,3.160,2.160,1.200,5,0,289.955,0,0,17,253,0,30,0
26-06 01:56:48,44.017,27.511,27.511,0,0,5119476,185160,175324,2505008,15769.085,12436.799,816.315,412.159,8.003,27.010,6781,6389,3.160,2.160,1.200,4,0,495.191,0,0,17,253,0,31,0
26-06 01:56:49,60.534,22.918,14.947,0,0,5096680,207800,175332,2505516,4613.555,1614.246,984.491,1080.150,21.922,51.815,6258,8415,3.160,2.160,1.200,8,0,220.215,0,0,18,257,0,33,0
26-06 01:56:50,80.435,18.041,2.005,0.251,0,5236988,125208,175332,2450036,10231.475,7349.863,998.290,1571.606,33.076,163.375,6340,6415,3.160,2.160,1.200,6,0,148.340,0,0,18,261,0,30,0
26-06 01:56:51,76.254,14.204,7.725,0.997,0,5236784,197864,175352,2380100,9939.954,6757.215,3325.280,4365.925,149.518,259.164,6620,6636,3.150,2.170,1.210,4,0,20.933,0,0,18,264,0,31,0
26-06 01:56:52,71.026,19.576,8.784,0.502,0,5324488,134924,175396,2355964,4563.729,1614.271,770.995,2080.081,25.097,204.796,6527,8063,3.150,2.170,1.210,3,0,199.776,0,0,18,267,0,32,0
26-06 01:56:53,32.379,8.967,56.788,0,0,5362032,138700,175396,2316308,20557.344,13262.545,773.117,430.395,7.970,32.877,3692,2908,3.150,2.170,1.210,1,0,30.885,0,0,18,271,0,32,0
26-06 01:56:54,40.524,11.006,47.778,0.500,0,5345896,153632,175396,2317512,1435074.854,19239.166,512.297,364.211,4.002,30.017,4661,3545,3.150,2.170,1.210,3,0,13.008,0,0,18,273,0,32,0
26-06 01:56:55,46.009,19.754,32.756,0,0.250,5365852,148624,175396,2303444,15140564.527,135349.448,2800.547,4012.784,30.006,36.007,10591,6142,3.150,2.170,1.210,2,0,263.051,0,0,18,273,0,32,0
26-06 01:56:56,46.240,7.248,44.741,0.500,0.250,5359504,154812,175396,2303604,8365.243,4348.087,259.945,787.835,2.999,95.980,4240,3929,3.140,2.190,1.220,2,0,8.998,0,0,18,276,1,33,0
26-06 01:56:57,35.011,5.502,57.519,0.500,0,5405808,128196,175396,2284348,15585.055,15482.021,0,17673.732,0,1342.435,4431,4168,3.140,2.190,1.220,2,0,1.000,0,0,18,285,0,34,0
26-06 01:56:58,24.227,3.497,68.185,0.749,0,5343028,190488,175400,2284832,418280.490,16377668.137,447.571,10849.611,22.978,77.925,5231,4867,3.140,2.190,1.220,1,0,1.998,0,0,18,282,0,34,0
26-06 01:56:59,38.492,7.249,52.489,0.250,0,5400312,133136,175408,2284892,8358087.867,108471.689,0,547.887,0,41.991,12626,8497,3.140,2.190,1.220,2,0,5.999,0,0,18,287,0,34,0
26-06 01:57:00,29.493,6.998,60.985,0.250,0,5331968,219216,175408,2268944,8722109.281,169359.326,47.988,667.840,2.999,58.986,14876,10270,3.140,2.190,1.220,0,0,65.984,0,0,18,285,0,37,0
26-06 01:57:01,14.735,14.485,68.929,0,0,5251568,299544,175408,2269016,6971.787,2497.416,31.967,599.380,2.997,46.951,4782,4174,2.970,2.170,1.220,1,0,212.780,0,0,18,284,0,38,0
26-06 01:57:02,16.344,12.824,70.155,0.251,0,5299528,251512,175408,2269088,5027.014,1466.464,0,402.322,0,21.122,4016,3436,2.970,2.170,1.220,1,0,224.295,0,0,18,284,0,36,0
26-06 01:57:03,21.417,4.732,71.473,0.249,0,5337128,213904,175408,2269096,5737.798,1613.756,0,1577.895,0,91.645,2514,1989,2.970,2.170,1.220,1,0,31.877,0,0,18,284,0,36,0
26-06 01:57:04,7.764,19.785,70.625,0,0,5333992,217004,175408,2269132,5347.435,1460.577,4.007,252.445,1.002,18.032,5421,4129,2.970,2.170,1.220,1,0,294.520,0,0,18,284,0,36,0
26-06 01:57:05,8.240,21.224,69.414,0.250,0,5334100,216844,175408,2269184,4991.794,1456.190,15.980,16056.038,1.998,24.969,5330,3777,2.970,2.170,1.220,3,0,287.642,0,0,18,284,0,36,0
26-06 01:57:06,4.746,3.997,89.676,0,0,5326552,224388,175408,2269188,6089.992,1456.802,0,159.869,0,17.985,1950,1918,2.970,2.180,1.220,1,0,56.953,0,0,18,288,0,36,0
26-06 01:57:07,17.255,5.251,76.521,0.250,0,5382244,168696,175408,2269188,6181.690,1620.443,0,4509.233,0,54.015,1995,1503,2.970,2.180,1.220,1,0,9.002,0,0,18,288,0,35,0
26-06 01:57:08,16.749,2.500,79.247,0,0,5400668,150268,175408,2269192,13614.487,9619.637,0,4.000,0,1.000,1843,1455,2.970,2.180,1.220,1,0,1.000,0,0,18,289,0,35,0
26-06 01:57:09,16.546,11.532,70.448,0,0,5360920,189760,175412,2269448,6387.919,2627.370,88.248,156.439,7.020,13.037,4315,3477,2.970,2.180,1.220,3,0,131.368,0,0,18,292,0,36,0
26-06 01:57:10,13.457,16.946,66.537,0.249,0,5344072,206352,175412,2269680,4682.993,1453.343,0,490.428,0,48.843,5369,4372,2.970,2.180,1.220,2,0,199.361,0,0,18,296,0,36,0
26-06 01:57:11,11.504,17.756,68.772,0.500,0.250,5332776,217536,175412,2269760,4638.487,1620.520,0,372.119,0,33.011,5306,4378,2.810,2.160,1.220,1,0,179.057,0,0,18,296,0,35,0
26-06 01:57:12,18.238,9.744,71.205,0,0,5343164,207136,175412,2269792,4798.951,1618.971,3.997,12008.370,0.999,22.985,3268,2425,2.810,2.160,1.220,1,0,93.940,0,0,18,296,0,35,0
26-06 01:57:13,22.470,3.995,72.155,0,0,5401808,148492,175412,2269792,4733.783,1617.875,103.864,171.774,0.999,10.986,2103,1680,2.810,2.160,1.220,1,0,0,0,0,18,296,0,35,0
26-06 01:57:14,24.261,3.001,71.283,0.250,0,5395680,174168,175412,2250732,5304.458,1552.719,284.132,660.306,11.005,51.024,2492,2239,2.810,2.160,1.220,1,0,4.002,0,0,18,300,0,35,0
26-06 01:57:15,22.374,3.520,73.157,0,0,5384220,185584,175412,2250776,3728.722,722.013,24.134,140.782,4.022,8.045,2090,1559,2.810,2.160,1.220,1,0,5.028,0,0,18,296,0,35,0
26-06 01:57:16,22.657,4.482,71.455,0,0,5430300,139500,175412,2250780,5177.645,968.008,0,127.474,0,7.967,2149,1705,2.670,2.140,1.220,2,0,0.996,0,0,18,296,0,35,0
26-06 01:57:17,14.212,2.493,82.030,0.249,0,5436684,133112,175412,2250784,17727.483,14598.869,0,123.669,0,12.965,2347,2228,2.670,2.140,1.220,4,0,3.989,0,0,18,299,0,36,0
26-06 01:57:18,22.314,1.504,75.716,0,0,5309316,260460,175412,2250804,11241.014,7498.355,0,0,0,0,2159,1636,2.670,2.140,1.220,2,0,1.003,0,0,18,296,0,37,0
26-06 01:57:19,22.992,5.248,70.227,0.500,0,5371788,197976,175412,2250816,4876.398,1457.521,15.995,251.917,1.000,29.990,2432,2105,2.670,2.140,1.220,1,0,15.995,0,0,18,296,0,37,0
26-06 01:57:20,24.729,2.248,71.690,0,0,5368644,200972,175412,2250964,4915.892,1618.647,0,343.713,0,25.978,1982,1356,2.670,2.140,1.220,1,0,1.998,0,0,18,296,0,37,0
26-06 01:57:21,9.521,20.295,68.151,0,0,5353776,215792,175424,2251000,4665.340,1461.239,392.871,569.262,5.011,30.067,5473,4425,2.610,2.140,1.230,3,0,294.653,0,0,18,296,0,37,0
26-06 01:57:22,9.782,19.061,69.474,0.251,0,5334260,235168,175424,2251140,4634.953,1709.515,32.104,3515.341,2.006,459.482,5334,3745,2.610,2.140,1.230,1,0,287.929,0,0,18,296,0,37,0
26-06 01:57:23,21.664,4.482,71.966,0.249,0,5370564,198720,175456,2251252,5163.587,1943.318,95.622,207.181,6.972,6.972,2354,1902,2.610,2.140,1.230,2,0,32.870,0,0,18,297,0,37,0
26-06 01:57:24,19.496,2.999,76.233,0,0,5343452,219276,176044,2257092,11518.500,4241.080,0,1155.749,0,23.995,1984,1630,2.610,2.140,1.230,1,0,2.000,0,0,18,296,0,37,0
26-06 01:57:25,23.964,6.241,68.398,0.250,0,5363964,197220,176092,2258540,4972.620,1617.599,0,595.117,0,26.960,9719,17400,2.610,2.140,1.230,1,0,13.979,0,0,18,296,0,37,0
26-06 01:57:26,19.607,4.022,75.160,0.251,0,5383496,177312,176144,2258864,12102.076,4586.039,8.044,900.919,2.011,22.121,7368,12582,2.480,2.120,1.220,1,0,5.027,0,0,18,297,0,37,0
26-06 01:57:27,20.412,6.970,70.695,0,0,5382788,177956,176184,2258888,5556.006,1613.034,0,621.317,0,21.905,5578,8658,2.480,2.120,1.220,2,0,14.935,0,0,18,297,0,37,0
26-06 01:57:28,15.235,15.235,67.436,0.250,0,5310924,255684,176272,2252952,5856.413,1792.290,0,1027.020,0,35.966,4802,4117,2.480,2.120,1.220,1,0,269.743,0,0,18,298,0,37,0
26-06 01:57:29,23.364,3.266,72.856,0.251,0,5353480,213096,176272,2252984,4962.229,1465.154,32.157,144.707,1.005,14.069,2092,1801,2.480,2.120,1.220,1,0,1.005,0,0,18,298,0,37,0
26-06 01:57:30,19.674,2.739,76.207,0.249,0,5369632,196740,176272,2253188,13388.451,10245.552,0,398.466,0,27.893,2339,2025,2.480,2.120,1.220,2,0,0.996,0,0,18,304,0,38,0
26-06 01:57:31,26.500,11.750,60.501,0.750,0,5302060,264180,176272,2253320,6509.080,3222.040,32.000,2260.028,3.000,142.002,4655,13794,2.360,2.100,1.220,1,0,155.002,0,0,18,300,0,40,0
26-06 01:57:32,21.250,3.750,73.501,0,0,5356724,209496,176272,2253340,9580.080,6307.053,0,216.002,0,17.000,2375,2196,2.360,2.100,1.220,1,0,2.000,0,0,18,301,0,40,0
26-06 01:57:33,20.081,6.777,72.039,0,0,5353160,213056,176272,2253344,7487.049,4398.654,0,204.822,0,17.069,2977,2446,2.360,2.100,1.220,1,0,70.282,0,0,18,300,0,41,0
26-06 01:57:34,22.908,2.988,72.958,0,0,5353844,212368,176272,2253348,5786.828,2906.362,0,123.505,0,9.960,1979,1461,2.360,2.100,1.220,0,0,0,0,0,18,301,0,41,0
26-06 01:57:35,19.501,2.500,77.253,0,0,5273276,292756,176272,2253528,17689.586,13132.435,32.001,60.002,2.000,7.000,2288,1860,2.360,2.100,1.220,2,0,10.000,0,0,18,300,0,41,0
26-06 01:57:36,20.994,7.998,69.229,0.250,0,5343052,222976,176272,2253532,5433.341,1457.555,0,123.962,0,10.997,2767,2198,2.260,2.080,1.220,1,0,45.986,0,0,18,300,0,41,0
26-06 01:57:37,18.502,2.250,77.507,0,0,5362696,203320,176272,2253544,15597.384,11680.036,0,56.005,0,6.001,2191,1856,2.260,2.080,1.220,1,0,0,0,0,18,300,0,44,0
26-06 01:57:38,21.257,7.002,70.522,0,0,5339360,226648,176272,2253552,5133.637,1512.482,0,252.080,0,3.001,2536,1831,2.260,2.080,1.220,2,0,38.012,0,0,18,300,0,44,0
26-06 01:57:39,18.791,3.758,76.918,0.251,0.251,5356944,208920,176272,2253696,10894.739,8579.694,16.035,144.314,1.002,12.026,2131,1973,2.260,2.080,1.220,0,0,1.002,0,0,18,301,0,38,0
26-06 01:57:40,14.526,5.760,77.639,0.501,0,5332588,233208,176276,2253760,9379.795,5349.579,32.057,1029.844,2.004,82.147,3111,3263,2.260,2.080,1.220,1,0,47.084,0,0,18,300,0,39,0
26-06 01:57:41,23.893,4.231,70.683,0.249,0,5392680,173116,176276,2253760,4883.096,1451.489,0,2122.479,0,372.330,2692,2326,2.150,2.070,1.220,1,0,1.991,0,0,18,300,0,39,0
26-06 01:57:42,18.522,3.254,77.342,0.250,0,5359636,206144,176276,2253776,15087.973,11746.993,0,168.200,0,15.018,2493,2093,2.150,2.070,1.220,2,0,19.023,0,0,18,300,0,42,0
26-06 01:57:43,21.484,4.996,71.697,0,0,5379892,185884,176276,2253780,4976.352,1618.813,0,1111.185,0,98.927,2212,1648,2.150,2.070,1.220,3,0,12.990,0,0,18,300,0,38,0
26-06 01:57:44,14.996,1.999,81.977,0,0,5394388,171376,176276,2253792,13811.191,11453.841,0,199.945,0,21.994,2061,2047,2.150,2.070,1.220,0,0,0,0,0,18,301,0,38,0
26-06 01:57:45,11.750,12.000,74.751,0.750,0,5359548,205484,176616,2254184,7283.075,3731.039,644.007,252.003,131.001,24.000,4081,3529,2.150,2.070,1.220,1,0,180.002,0,0,18,302,0,39,0
26-06 01:57:46,3.007,2.004,93.206,1.002,0,5344688,219832,176816,2254496,18767.555,4459.875,481.065,332.737,120.266,22.049,1496,1808,1.980,2.030,1.210,2,0,13.029,0,0,18,300,0,40,0
26-06 01:57:47,4.741,7.736,85.842,0,0,5349800,214692,176816,2254524,10172.252,4664.403,0,263.514,0,8.983,2699,2257,1.980,2.030,1.210,0,0,111.794,0,0,18,302,0,40,0
26-06 01:57:48,10.519,14.276,72.633,0.501,0,5339188,224340,176816,2255472,5588.261,2031.731,873.604,240.442,78.143,19.035,4518,3599,1.980,2.030,1.210,1,0,210.386,0,0,18,300,0,33,0
26-06 01:57:49,21.672,4.484,71.992,1.246,0,5361052,191240,176948,2266520,4575.601,1506.600,1562.400,980.486,157.436,14.946,2416,2278,1.980,2.030,1.210,1,0,4.982,0,0,18,300,0,33,0
26-06 01:57:50,15.497,2.000,80.983,0.250,0,5355240,191956,177004,2271440,15517.715,6019.726,3.999,1263.732,1.000,40.991,1804,1618,1.980,2.030,1.210,1,0,15.997,0,0,18,300,0,33,0
26-06 01:57:51,16.756,12.004,69.025,1.250,0,5303348,240672,177012,2274556,4706.692,1620.583,1316.473,3509.262,20.007,126.045,4796,4742,1.900,2.010,1.210,1,0,166.060,0,0,18,300,0,33,0
26-06 01:57:52,16.510,11.257,70.792,0,0,5350856,193156,177012,2274564,4968.940,1608.952,0,88.052,0,5.003,3440,2591,1.900,2.010,1.210,1,0,139.082,0,0,18,300,0,29,0
26-06 01:57:53,19.222,3.495,75.888,0.250,0,5387780,156224,177012,2274572,9945.330,6836.915,0,1230.185,0,214.683,1909,1479,1.900,2.010,1.210,1,0,0,0,0,18,301,0,29,0
26-06 01:57:54,20.016,6.005,72.810,0,0,5357224,186756,177012,2274596,22999.943,19272.873,0,124.102,0,12.010,2604,2109,1.900,2.010,1.210,1,0,47.039,0,0,18,300,0,31,0
26-06 01:57:55,20.596,2.730,75.437,0.248,0,5401844,142128,177012,2274604,10711.985,7225.032,0,174.695,0,23.822,2309,2030,1.900,2.010,1.210,1,0,0,0,0,18,301,0,31,0
26-06 01:57:56,20.937,4.541,73.406,0,0,5357904,185772,177012,2274900,8580.632,4585.957,290.595,133.189,18.162,17.153,2697,2286,1.830,2,1.210,1,0,14.126,0,0,18,300,0,31,0
26-06 01:57:57,21.933,4.486,72.778,0,0,5389628,174364,177012,2254680,6305.786,3252.091,0,279.149,0,8.973,2099,1539,1.830,2,1.210,1,0,0,0,0,18,301,0,31,0
26-06 01:57:58,18.608,5.281,73.424,1.509,0,5407448,154384,177012,2256840,10194.901,6077.110,2059.901,2820.294,77.447,171.994,4335,5928,1.830,2,1.210,1,0,1.006,0,0,18,301,0,31,0
26-06 01:57:59,22.529,5.006,71.091,0.250,0,5395216,166444,177016,2257008,5937.596,2809.594,16.020,768.984,1.001,72.092,3609,4555,1.830,2,1.210,1,0,6.008,0,0,18,300,0,32,0
26-06 01:58:00,19.172,2.241,76.935,0,0,5425564,136092,177016,2257012,10375.574,7195.577,0,318.697,0,15.935,1891,1519,1.830,2,1.210,1,0,0,0,0,18,301,0,26,0
26-06 01:58:01,20.549,5.262,71.419,1.002,0,5415560,145896,177020,2257208,9421.321,5519.076,144.342,3796.996,4.009,258.613,4995,6688,1.760,1.980,1.210,1,0,0,0,0,18,301,0,26,0
26-06 01:58:02,13.970,15.716,68.104,0.249,0,5350788,210596,177020,2257280,6995.052,2947.701,0,478.976,0,49.893,4977,4278,1.760,1.980,1.210,1,0,270.422,0,0,18,300,0,27,0
26-06 01:58:03,25.335,28.094,45.653,0,0,5370264,191084,177020,2257316,5598.746,1667.583,513.720,429.438,4.013,22.074,6332,5095,1.760,1.980,1.210,2,0,501.680,0,0,18,300,0,27,0
26-06 01:58:04,20.235,26.480,51.960,0,0,5358016,203308,177020,2257340,5301.969,1564.810,511.611,751.429,3.997,52.960,6455,5255,1.760,1.980,1.210,1,0,514.609,0,0,18,300,0,25,0
26-06 01:58:05,7.725,22.677,66.784,0.249,0,5349720,211576,177020,2257368,5502.187,1614.772,0,219.290,0,21.929,5970,4672,1.760,1.980,1.210,1,0,411.667,0,0,18,300,0,25,0
26-06 01:58:06,8.536,23.850,65.776,0,0,5339788,221484,177020,2257392,6255.223,1518.365,0,112.472,0,14.059,5939,4639,1.700,1.960,1.210,1,0,406.705,0,0,18,300,0,25,0
26-06 01:58:07,8.968,22.669,66.762,0,0,5338600,222648,177020,2257416,5606.037,1560.443,0,35.872,0,8.968,5923,4534,1.700,1.960,1.210,1,0,409.542,0,0,18,300,0,25,0
26-06 01:58:08,7.503,23.261,66.780,0,0,5325808,235416,177020,2257440,5074.311,1512.689,0,36.016,0,9.004,5936,4708,1.700,1.960,1.210,1,0,417.190,0,0,18,300,0,25,0
26-06 01:58:09,8.020,22.305,67.165,0.251,0,5309588,251608,177020,2257468,4497.025,1569.849,0,2004.915,0,321.789,5918,4268,1.700,1.960,1.210,1,0,376.924,0,0,18,300,0,25,0
26-06 01:58:10,9.244,22.985,66.457,0,0,5313008,248168,177020,2257488,3725.577,1187.228,0,399.740,0,31.979,6035,4874,1.700,1.960,1.210,1,0,401.739,0,0,18,300,0,25,0
26-06 01:58:11,13.959,14.457,69.295,0.748,0,5306192,370092,177024,2153652,3608.343,699.933,19.941,594.245,1.994,52.844,4407,4249,1.560,1.930,1.200,1,0,174.485,0,0,18,300,0,25,0
26-06 01:58:12,21.503,5.251,72.009,0,0,5331120,334616,177680,2163528,4148.498,1188.143,0,2628.315,0,15.002,2149,1666,1.560,1.930,1.200,1,0,3.000,0,0,18,300,0,24,0
26-06 01:58:13,17.009,3.002,78.290,0.750,0.250,5340432,323396,177752,2165356,15929.045,7292.683,568.287,2805.417,27.014,122.062,2326,2423,1.560,1.930,1.200,1,0,16.008,0,0,18,301,0,24,0
26-06 01:58:14,13.488,1.499,81.929,1.249,0,5338040,324836,177812,2166296,26587.889,15206.782,475.587,7249.698,47.958,229.800,1921,1917,1.560,1.930,1.200,1,0,0,0,0,18,301,0,24,0
26-06 01:58:15,17.013,2.002,80.063,0.751,0,5358888,302568,177896,2167632,19213.203,10864.597,1140.903,1156.915,49.039,40.032,1767,1477,1.560,1.930,1.200,1,0,0,0,0,18,301,0,24,0
26-06 01:58:16,12.258,1.001,84.305,0.750,0,5363504,296440,177988,2169052,19553.668,10788.990,1112.721,1132.734,42.027,36.023,1674,1624,1.520,1.910,1.200,1,0,0,0,0,18,301,0,24,0
26-06 01:58:17,15.998,2.000,79.742,1.000,0,5366600,273976,178104,2188304,20778.787,11523.773,8995.042,1215.871,106.989,38.996,1987,1752,1.520,1.910,1.200,1,0,2.000,0,0,18,301,0,24,0
26-06 01:58:18,21.496,3.249,72.738,1.000,0,5358128,257860,178884,2212016,5011.154,1511.745,3559.399,1487.749,42.993,65.989,2328,2025,1.520,1.910,1.200,1,0,1.000,0,0,18,301,0,24,0
26-06 01:58:19,23.547,3.507,72.143,0.250,0,5360980,237964,179420,2228168,4809.526,1623.215,0,1671.310,0,32.064,2264,1908,1.520,1.910,1.200,1,0,1.002,0,0,18,301,0,24,0
26-06 01:58:20,22.783,3.255,72.606,0.751,0,5367552,211780,179884,2247216,4867.122,1692.476,0,1646.409,0,67.098,2320,2125,1.520,1.910,1.200,1,0,0,0,0,18,301,0,22,0
26-06 01:58:21,23.901,3.237,69.214,1.245,0,5358772,205492,180920,2260948,4976.464,1613.342,0,4342.081,0,204.157,3291,3820,1.480,1.900,1.200,2,0,0,0,0,18,301,0,22,0
26-06 01:58:22,22.736,2.748,72.707,0.750,0,5358984,178288,181792,2286648,5156.924,1619.034,0,1866.886,0,63.962,2338,2047,1.480,1.900,1.200,2,0,0,0,0,18,301,0,22,0
26-06 01:58:23,22.273,3.754,72.575,0.501,0,5335636,213968,182240,2273692,5133.313,1741.803,0,1233.276,0,44.046,2243,1828,1.480,1.900,1.200,2,0,2.002,0,0,18,300,0,22,0
26-06 01:58:24,17.747,4.749,76.486,0,0,5368280,176232,182268,2278736,11885.829,4734.135,0,17016.892,0,306.944,2588,2078,1.480,1.900,1.200,1,0,33.994,0,0,18,300,0,22,0
26-06 01:58:25,24.081,5.268,68.983,0.753,0,5333016,209936,182268,2280268,4246.371,1517.134,0,658.228,0,23.078,9674,17985,1.480,1.900,1.200,1,0,8.027,0,0,18,300,0,22,0
26-06 01:58:26,21.138,6.466,69.382,0,0.249,5363912,178152,182300,2281104,5016.382,1557.734,0,1635.323,0,14.921,8912,15925,1.440,1.880,1.200,2,0,11.937,0,0,18,300,0,22,0
26-06 01:58:27,20.874,6.036,72.179,0.251,0,5368788,180480,182316,2273884,4981.627,1521.046,0,849.050,0,23.138,4184,5817,1.440,1.880,1.200,1,0,15.090,0,0,18,300,0,22,0
26-06 01:58:28,22.925,4.236,72.015,0,0,5368216,181176,182320,2273804,5488.104,1560.910,0,450.531,0,5.980,3047,2668,1.440,1.880,1.200,1,0,50.834,0,0,18,300,0,22,0
26-06 01:58:29,23.735,5.746,68.707,0,0.250,5379356,170016,182320,2273824,4709.054,1511.055,0,359.775,0,8.994,10245,18466,1.440,1.880,1.200,1,0,24.984,0,0,18,300,0,22,0
26-06 01:58:30,18.240,2.998,77.459,0.250,0,5372192,171792,182320,2279212,11276.046,4666.536,0,1243.343,0,31.983,2118,1853,1.440,1.880,1.200,1,0,17.991,0,0,18,300,0,22,0
26-06 01:58:31,28.515,8.505,60.783,0,0,5381164,160892,182320,2281108,4259.281,1080.579,16.009,880.472,1.001,48.026,10232,26005,1.400,1.870,1.200,1,0,46.025,0,0,18,300,0,23,0
26-06 01:58:32,21.840,7.531,69.786,0,0,5383268,158624,182320,2281272,4183.164,1030.227,0,518.126,0,11.045,8505,16302,1.400,1.870,1.200,2,0,17.070,0,0,18,300,0,23,0
26-06 01:58:33,21.996,5.749,69.988,0.250,0,5352648,196636,182332,2273868,4249.295,1079.821,0,723.880,0,20.997,2428,2251,1.400,1.870,1.200,3,0,9.998,0,0,18,300,0,19,0
26-06 01:58:34,22.704,6.237,69.857,0,0,5363456,185816,182332,2273880,4674.449,1401.137,0,578.817,0,13.971,2738,1999,1.400,1.870,1.200,1,0,44.908,0,0,18,300,0,19,0
26-06 01:58:35,25.182,5.485,67.818,0.249,0,5348052,193124,182840,2281468,5537.157,1507.958,0,466.749,0,24.933,3325,3139,1.400,1.870,1.200,2,0,76.794,0,0,18,300,0,21,0
26-06 01:58:36,21.178,2.990,74.745,0.498,0,5353308,184264,183040,2284800,9991.859,3249.896,0,861.058,0,11.959,2215,1855,1.370,1.850,1.190,4,0,15.946,0,0,18,300,0,21,0
26-06 01:58:37,16.329,1.759,80.642,0.251,0,5369468,167728,183056,2285140,21527.765,10429.757,0,1254.103,0,41.201,1751,1500,1.370,1.850,1.190,1,0,0,0,0,18,301,0,19,0
26-06 01:58:38,9.246,1.749,86.461,0.750,0,5366576,170104,183056,2285652,154217.184,19078.363,0,1979.104,0,72.967,1896,1871,1.370,1.850,1.190,0,1,5.997,0,0,18,302,0,19,0
26-06 01:58:39,17.762,1.251,78.805,0.500,0,5367352,169024,183056,2285932,37585.018,14913.324,0,1865.291,0,69.048,2047,1814,1.370,1.850,1.190,1,0,1.001,0,0,18,302,0,19,0
26-06 01:58:40,16.173,0.995,81.611,0.498,0,5381296,154736,183056,2286260,45327.791,11662.372,0,1285.867,0,51.753,1865,1914,1.370,1.850,1.190,0,0,0,0,0,18,302,0,19,0
26-06 01:58:41,9.776,2.005,84.727,1.504,0,5379188,156132,183184,2286832,365502.086,23781.640,60.161,3044.146,5.013,144.386,2749,3297,1.260,1.820,1.190,1,1,0,0,0,18,302,0,15,0
26-06 01:58:42,12.515,1.752,84.349,1.001,0,5378084,156584,183340,2287316,76918.713,18325.612,104.123,2286.697,6.007,97.115,1801,1807,1.260,1.820,1.190,0,0,0,0,0,18,302,0,15,0
26-06 01:58:43,5.263,2.256,90.222,0.251,0,5382340,140864,183392,2298680,1578433.620,44697.777,0,2149.279,0,28.069,3441,2731,1.260,1.820,1.190,0,1,1.002,0,0,18,302,0,15,0
26-06 01:58:44,4.996,3.248,88.937,0.500,0,5378404,135068,183440,2308328,5202895.615,88547.738,0,24298.914,0,381.732,6221,3625,1.260,1.820,1.190,0,0,2.998,0,0,18,302,0,15,0
26-06 01:58:45,5.980,2.492,88.202,0.249,0,5374192,122516,183440,2325224,8985824.357,129617.984,0,1323.527,0,218.262,7819,3665,1.260,1.820,1.190,0,0,0,0,0,18,302,0,11,0
26-06 01:58:46,11.268,4.507,80.378,1.252,0,5355720,143780,183440,2322496,3367264.276,55170.645,2063.278,13405.296,18.029,75.119,4954,3565,1.160,1.790,1.180,1,0,1.002,0,0,18,302,0,11,0
26-06 01:58:47,22.731,3.247,72.191,0.999,0,5358864,124400,186304,2335772,4648.182,1510.759,0,4392.392,0,95.921,2380,2149,1.160,1.790,1.180,1,0,0.999,0,0,18,302,0,11,0
26-06 01:58:48,23.460,3.744,70.880,0.499,0,5365688,122332,187224,2329992,4989.544,1455.533,0,1589.307,0,47.919,2273,1880,1.160,1.790,1.180,1,0,0,0,0,18,302,0,11,0
26-06 01:58:49,25.300,3.006,70.139,0.501,0,5371156,131168,187564,2315420,4587.106,1460.900,0,1062.108,0,33.066,2402,2003,1.160,1.790,1.180,1,0,1.002,0,0,18,302,0,9,0
26-06 01:58:50,22.015,5.754,69.797,1.251,0.250,5374100,129160,188488,2313632,4521.074,1458.992,0,32594.163,0,278.189,2859,2511,1.160,1.790,1.180,2,0,0,0,0,18,302,0,9,0
26-06 01:58:51,24.751,4.000,69.004,1.500,0,5371704,143872,189388,2300464,4545.233,1458.075,0,3352.172,0,134.007,3151,3388,1.150,1.780,1.180,1,0,0,0,0,18,302,0,9,0
26-06 01:58:52,22.993,8.498,66.981,0.250,0,5368712,147164,190708,2299044,4276.761,1499.566,0,167287.529,0,1227.644,4810,4856,1.150,1.780,1.180,1,0,0,0,0,18,302,0,9,0
26-06 01:58:53,24.745,2.250,72.234,0.250,0,5369660,138220,191008,2306520,4636.998,1457.685,0,4499.028,0,21.995,2187,1812,1.150,1.780,1.180,1,0,0,0,0,18,302,0,9,0
26-06 01:58:54,22.509,3.501,71.777,1.000,0,5370276,133316,192248,2308908,5101.928,1620.612,164.062,2705.022,4.002,103.039,2618,2513,1.150,1.780,1.180,2,0,0,0,0,18,302,0,9,0
26-06 01:58:55,21.486,4.997,71.454,0.500,0,5354536,182172,192416,2275124,5240.603,1966.725,3.997,1411.085,0.999,49.968,2503,2240,1.150,1.780,1.180,1,0,18.988,0,0,18,300,0,9,0
26-06 01:58:56,20.497,3.000,74.240,0.500,0,5358912,172484,192416,2280172,12189.308,4746.341,3.999,2599.639,1.000,187.974,2854,3023,1.220,1.780,1.180,1,0,17.998,0,0,18,300,0,9,0
26-06 01:58:57,23.023,5.506,69.571,0,0,5386484,143212,192416,2281708,5045.121,1621.646,0,464.471,0,7.007,10281,18735,1.220,1.780,1.180,1,0,8.008,0,0,18,300,0,5,0
26-06 01:58:58,22.499,6.500,69.996,0.250,0,5374952,153808,192416,2282540,5399.722,1619.917,0,63480.729,0,1053.946,5240,8776,1.220,1.780,1.180,1,0,11.999,0,0,18,300,0,5,0
26-06 01:58:59,20.534,7.262,70.617,0.250,0,5375304,153332,192416,2282632,5481.059,1568.593,0,560.927,0,19.031,7453,12967,1.220,1.780,1.180,3,0,16.026,0,0,18,300,0,5,0
26-06 01:59:00,20.465,5.491,72.877,0,0,5315404,220956,192436,2275240,4983.576,1563.357,0,347.413,0,15.973,2080,1522,1.220,1.780,1.180,2,0,5.990,0,0,18,300,0,5,0
26-06 01:59:01,21.994,5.748,71.480,0.500,0,5354316,178880,192436,2278372,5293.484,1511.567,727.792,2583.260,15.995,44.987,2516,2525,1.200,1.770,1.180,1,0,0,0,0,18,300,0,4,0
26-06 01:59:02,24.599,6.024,66.266,1.506,0,5352304,180284,192436,2278980,4437.799,1084.349,433.740,5385.601,26.105,369.482,6964,10123,1.200,1.770,1.180,6,0,0,0,0,18,303,0,9,0
26-06 01:59:03,32.491,17.245,46.737,1.000,0,5321460,210028,192436,2280076,5250.532,1511.577,1007.718,1767.506,26.992,196.945,7157,8379,1.200,1.770,1.180,2,0,245.931,0,0,18,302,0,10,0
26-06 01:59:04,25.135,18.415,53.753,1.493,0,5331864,193868,192436,2285832,5281.753,1558.844,6191.577,362.337,246.867,22.895,5001,3953,1.200,1.770,1.180,1,0,214.018,0,0,18,302,0,12,0
26-06 01:59:05,4.747,3.498,80.952,9.245,0,5329060,186672,192436,2295832,5862.560,2525.518,10018.121,3733.809,1688.009,154.909,3404,5435,1.200,1.770,1.180,0,0,5.996,0,0,18,303,0,11,0
26-06 01:59:06,2.252,1.001,95.602,0,0,5327512,188220,192436,2295832,9723.413,2308.472,0,2302.466,0,363.389,1407,1814,1.100,1.740,1.180,0,0,0,0,0,18,303,0,11,0
26-06 01:59:07,0.750,0.250,97.547,0,0,5319484,196248,192436,2295832,5938.847,2352.127,0,60.029,0,6.003,956,1324,1.100,1.740,1.180,0,0,0,0,0,18,303,0,11,0
26-06 01:59:08,1.749,0.750,96.206,0,0,5312484,203244,192436,2295836,42062.645,3584.351,0,15.993,0,3.998,1010,1294,1.100,1.740,1.180,0,0,0,0,0,18,303,0,11,0
26-06 01:59:09,1.489,0.745,96.059,0,0,5306240,209488,192436,2295836,21963.896,1709.693,0,0,0,0,968,1315,1.100,1.740,1.180,0,0,1.986,0,0,18,303,0,11,0
26-06 01:59:10,5.282,5.282,87.787,0.252,0,5260552,254012,192436,2297000,714522.070,12512.475,366.238,877.362,13.080,18.111,2574,2354,1.100,1.740,1.180,0,0,34.209,0,0,18,302,0,11,0
26-06 01:59:11,1.752,0.751,95.867,0,0,5260028,254528,192436,2297008,4152.075,1351.652,0,244.299,0,24.029,1280,1946,1.010,1.710,1.170,0,0,0,0,0,18,302,0,11,0
26-06 01:59:12,2.241,0.996,94.851,0.249,0,5259452,255100,192436,2297012,4483.119,1613.206,0,199.161,0,19.916,1225,1606,1.010,1.710,1.170,1,0,0,0,0,18,302,0,11,0
26-06 01:59:13,1.756,1.004,96.088,0.251,0,5258504,256036,192436,2297024,4696.510,1625.715,0,252.889,0,30.106,1269,1810,1.010,1.710,1.170,0,0,0,0,0,18,302,0,11,0
26-06 01:59:14,1.001,0.501,97.615,0,0,5257960,256580,192436,2297024,5350.317,1716.026,0,116.137,0,9.011,891,1240,1.010,1.710,1.170,0,0,0,0,0,18,302,0,11,0
26-06 01:59:15,1.000,0.250,97.238,0,0,5257960,256580,192436,2297024,4559.454,1661.801,0,423.949,0,22.997,854,1259,1.010,1.710,1.170,0,0,0,0,0,18,302,0,11,0
26-06 01:59:16,1.750,0.750,96.977,0,0,5257960,256580,192436,2297024,5461.696,1565.626,0,35.991,0,3.999,1055,1438,0.930,1.680,1.160,0,0,0,0,0,18,302,0,11,0
26-06 01:59:17,1.250,0.500,96.999,0,0,5257960,256580,192436,2297024,5131.960,1511.988,0,4.000,0,1.000,963,1296,0.930,1.680,1.160,0,0,2.000,0,0,18,302,0,11,0
26-06 01:59:18,1.250,0.250,97.501,0,0,5257956,256580,192436,2297028,4268.051,1188.014,0,0,0,0,900,1209,0.930,1.680,1.160,0,0,0,0,0,18,302,0,11,0
26-06 01:59:19,1.000,1.000,96.984,0,0,5258208,256324,192436,2297032,4369.258,1349.771,0,0,0,0,939,1278,0.930,1.680,1.160,0,0,1.000,0,0,18,302,0,11,0
26-06 01:59:20,1.250,4.001,93.772,0,0,5262164,252368,192436,2297032,5097.208,1566.371,0,88.021,0,10.002,1127,1343,0.930,1.680,1.160,0,0,0,0,0,18,302,0,11,0
26-06 01:59:21,2.000,1.000,95.743,0.500,0,5263296,251224,192436,2297044,4884.620,1187.908,0,295.977,0,23.998,1258,1857,0.860,1.650,1.160,0,0,0,0,0,18,302,0,11,0
26-06 01:59:22,1.500,1.000,96.745,0,0,5263516,251000,192436,2297048,4923.756,1403.930,0,83.996,0,12.999,1028,1385,0.860,1.650,1.160,0,0,0,0,0,18,302,0,11,0
26-06 01:59:23,1.000,1.500,95.989,0.250,0,5263500,251000,192436,2297064,4415.476,1295.846,15.998,22433.339,1.000,302.964,1575,2188,0.860,1.650,1.160,0,0,0,0,0,18,302,0,11,0
26-06 01:59:24,1.000,0.500,96.995,0.250,0,5263500,251000,192436,2297064,4041.791,1241.936,0,375.981,0,4.000,873,1218,0.860,1.650,1.160,0,0,0,0,0,18,302,0,11,0
26-06 01:59:25,1.748,0.749,96.148,0.250,0,5263500,251000,192436,2297064,5136.547,1510.397,0,243.741,0,22.976,1251,1754,0.860,1.650,1.160,0,0,0,0,0,18,302,0,11,0
26-06 01:59:26,2.504,0.501,96.151,0,0,5263500,251000,192436,2297064,5125.030,1622.542,0,108.169,0,16.025,1177,1629,0.790,1.630,1.150,1,0,0,0,0,18,302,0,11,0
26-06 01:59:27,1.244,0.995,96.507,0,0,5263720,250776,192436,2297068,5179.518,1558.034,0,1337.163,0,250.718,1125,1493,0.790,1.630,1.150,1,0,0,0,0,18,302,0,11,0
26-06 01:59:28,1.508,1.759,95.225,0,0,5264720,249768,192436,2297076,5579.849,1519.584,0,39404.667,0,323.615,1317,1575,0.790,1.630,1.150,1,0,0,0,0,18,302,0,11,0
26-06 01:59:29,1.249,0.750,97.702,0,0.250,5264184,250304,192436,2297076,4917.584,1619.205,0,195.904,0,1.000,925,1267,0.790,1.630,1.150,3,0,1.000,0,0,18,302,0,11,0
26-06 01:59:30,2.509,4.767,90.329,0.251,0,5264508,249804,192436,2297252,4456.242,1625.926,180.658,0,9.033,0,1958,1889,0.790,1.630,1.150,2,0,79.289,0,0,18,302,0,11,0
26-06 01:59:31,12.964,24.682,60.333,0,0,5258660,255820,192436,2297288,4863.564,1615.537,0,781.840,0,23.934,7122,18309,0.810,1.620,1.150,1,0,461.724,0,0,18,302,0,12,0
26-06 01:59:32,7.266,20.045,70.156,0,0,5270784,243672,192436,2297312,5097.368,1569.500,0,40.089,0,5.011,5732,4409,0.810,1.620,1.150,1,0,352.787,0,0,18,302,0,12,0
26-06 01:59:33,8.003,20.007,69.024,0.500,0,5278052,236368,192436,2297348,5161.765,1620.554,0,436.149,0,34.012,6480,5714,0.810,1.620,1.150,1,0,469.160,0,0,18,302,0,12,0
26-06 01:59:34,7.744,22.483,67.698,0,0,5273896,240500,192436,2297372,4828.298,1510.842,0,2925.757,0,15.988,6208,5090,0.810,1.620,1.150,1,0,467.641,0,0,18,302,0,11,0
26-06 01:59:35,8.742,19.482,69.934,0,0,5272216,242132,192436,2297420,4555.706,1618.474,19.981,87.917,0.999,6.993,5892,4684,0.810,1.620,1.150,1,0,387.635,0,0,18,302,0,11,0
26-06 01:59:36,22.231,6.994,67.943,0.999,0,5303064,175896,192612,2332600,5825.110,1955.358,35294.369,87.926,317.733,5.995,4109,3810,0.820,1.610,1.150,0,0,41.965,0,0,18,302,1,11,0
26-06 01:59:37,4.994,1.998,92.140,0,0,5302792,175948,192612,2332820,231658.088,7398.189,0,59.929,0,2.996,1737,1932,0.820,1.610,1.150,0,0,1.998,0,0,18,303,0,13,0
26-06 01:59:38,4.503,2.752,90.817,0,0,5301336,176348,192612,2333876,1127263.890,25488.901,0,132.098,0,14.010,2718,2483,0.820,1.610,1.150,0,0,7.005,0,0,18,303,0,11,0
26-06 01:59:39,2.250,1.500,95.007,0,0,5300924,175912,192620,2334716,879913.679,22296.715,4.000,2236.172,1.000,9.001,1987,1836,0.820,1.610,1.150,0,0,1.000,0,0,18,303,0,11,0
26-06 01:59:40,1.998,1.249,94.893,0.250,0,5299356,177112,192620,2335084,556860.221,13550.772,0,431.515,0,28.967,1712,2009,0.820,1.610,1.150,0,0,0,0,0,18,303,0,11,0
26-06 01:59:41,2.752,1.501,92.833,0.250,0,5297792,177696,192620,2336064,867150.259,19174.209,0,1633.466,0,33.030,2356,2600,0.750,1.580,1.140,0,0,0,0,0,18,303,0,11,0
26-06 01:59:42,1.500,1.000,96.498,0,0,5297524,177688,192620,2336340,285222.179,7894.811,0,1403.966,0,212.995,1291,1507,0.750,1.580,1.140,0,0,0,0,0,18,303,0,11,0
26-06 01:59:43,2.500,1.750,93.008,0.750,0,5297268,177436,192620,2336848,565486.662,13273.095,0,2920.241,0,152.013,2129,2845,0.750,1.580,1.140,1,0,0,0,0,18,303,0,11,0
26-06 01:59:44,12.268,12.018,71.106,2.253,0,5331984,145572,193384,2333792,86074.144,3707.520,3905.815,23318.716,143.213,573.854,5398,6272,0.750,1.580,1.140,1,0,68.101,0,0,18,302,0,12,0
26-06 01:59:45,10.227,15.714,68.094,4.490,0,5323424,144944,194092,2341300,4809.006,1496.579,23.945,17464.075,2.993,1746.008,8410,11320,0.750,1.580,1.140,1,0,132.697,0,0,18,302,0,12,0
26-06 01:59:46,23.859,8.288,66.304,0.753,0,5335600,131580,194160,2342348,4917.511,1464.705,0,1366.254,0,79.363,3590,2879,0.850,1.590,1.150,1,0,32.147,0,0,18,302,0,12,0
26-06 01:59:47,23.252,8.501,67.256,0.750,0,5325876,140300,194228,2343132,4544.397,1458.127,0,1568.137,0,96.008,3487,2804,0.850,1.590,1.150,2,0,34.003,0,0,18,302,0,12,0
26-06 01:59:48,22.836,6.454,67.517,0.496,0,5331428,131912,194448,2345412,4732.116,1608.483,0,1060.407,0,59.573,3261,2736,0.850,1.590,1.150,1,0,23.829,0,0,18,302,0,12,0
26-06 01:59:49,22.871,7.289,69.618,0.251,0,5317952,140948,194560,2348732,4851.637,1628.606,72.382,1158.120,17.090,40.212,3793,4087,0.850,1.590,1.150,2,0,23.122,0,0,18,302,0,12,0
26-06 01:59:50,17.728,10.237,69.165,1.748,0,5331916,224940,194064,2253848,4520.434,1618.008,2524.891,5573.138,94.883,108.866,4067,4536,0.850,1.590,1.150,1,0,28.964,0,0,18,302,0,12,0
26-06 01:59:51,17.049,10.530,70.701,0.752,0,5341788,211268,194356,2254108,4830.753,1666.745,557.587,397.131,33.094,29.083,3244,2774,0.870,1.580,1.150,1,0,44.126,0,0,18,302,0,12,0
26-06 01:59:52,21.758,4.001,72.276,0,0,5357788,195012,194388,2254348,4931.741,1620.572,256.090,2636.931,19.007,9.003,2372,1675,0.870,1.580,1.150,1,0,21.007,0,0,18,302,0,12,0
26-06 01:59:53,10.928,2.980,83.944,0.497,0,5277188,329312,194396,2201140,4965.085,1448.398,2300.748,1454.359,46.690,208.617,2320,2432,0.870,1.580,1.150,1,0,15.895,0,0,18,302,0,12,0
26-06 01:59:54,2.006,3.510,93.771,0,0,5296048,310452,194396,2201140,3393.825,324.941,0,32.093,0,4.012,1030,1295,0.870,1.580,1.150,0,0,0,0,0,18,302,0,12,0
26-06 01:59:55,1.250,1.250,96.228,0,0,5286556,319944,194396,2201140,4622.955,1133.744,0,247.944,0,22.995,1143,1678,0.870,1.580,1.150,0,0,0,0,0,18,302,0,12,0
26-06 01:59:56,2.500,0.500,96.243,0.250,0,5282620,323880,194396,2201140,5596.587,1619.881,0,87.994,0,12.999,1097,1594,0.800,1.550,1.140,0,0,0,0,0,18,302,0,12,0
26-06 01:59:57,1.500,0.500,97.228,0.250,0,5278408,328088,194396,2201144,4636.958,1457.672,0,179.960,0,10.998,949,1328,0.800,1.550,1.140,0,0,0,0,0,18,302,0,12,0
26-06 01:59:58,1.750,0.750,97.274,0,0,5274368,332128,194396,2201144,5341.322,1620.401,0,32.008,0,4.001,1009,1300,0.800,1.550,1.140,0,0,0,0,0,18,302,0,12,0
26-06 01:59:59,1.498,0.499,96.342,0,0,5270836,335660,194396,2201144,4971.866,1617.354,0,0,0,0,1005,1299,0.800,1.550,1.140,0,0,0.998,0,0,18,302,0,12,0
26-06 02:00:00,0.751,0.501,97.424,0,0,5267744,338752,194396,2201144,4646.280,1460.603,0,44.079,0,1.002,908,1244,0.800,1.550,1.140,0,0,0,0,0,18,302,0,12,0
26-06 02:00:01,3.009,1.003,95.281,0,0,5262900,343592,194396,2201148,5733.901,1624.789,0,361.064,0,35.103,1314,1965,0.730,1.520,1.130,0,0,0,0,0,18,302,0,12,0
26-06 02:00:02,1.497,0.748,96.785,0.249,0,5262848,343608,194396,2201184,4214.632,323.281,0,39.911,0,4.989,949,1320,0.730,1.520,1.130,0,0,0,0,0,18,302,0,12,0
26-06 02:00:03,15.998,6.249,75.739,0.250,0,5264624,341432,194396,2201568,4673.339,1133.840,887.874,35.995,19.997,3.000,2354,1825,0.730,1.520,1.130,1,0,7.999,0,0,18,302,0,7,0
26-06 02:00:04,15.744,4.998,78.721,0,0,5282120,323932,194396,2201572,5737.879,1619.401,511.811,3010.887,3.999,186.931,2200,1737,0.730,1.520,1.130,0,0,3.999,0,0,18,302,0,7,0
26-06 02:00:05,1.499,0.500,96.431,0,0,5276864,329248,194396,2201572,5276.211,1618.838,0,55.960,0,6.995,997,1333,0.730,1.520,1.130,1,0,0,0,0,18,302,0,7,0
26-06 02:00:06,2.001,0.750,95.803,0,0,5267764,338348,194396,2201572,5660.108,1620.890,0,60.033,0,6.003,1185,1568,0.670,1.500,1.130,0,0,0,0,0,18,302,0,7,0
26-06 02:00:07,1.749,1.499,96.181,0,0,5268428,337592,194400,2201660,5346.167,1456.955,87.937,7.994,9.993,1.999,1187,1489,0.670,1.500,1.130,1,0,2.998,0,0,18,302,0,4,0
26-06 02:00:08,1.001,0.250,97.083,0,0,5268428,337592,194400,2201660,5370.583,1621.384,0,4.003,0,1.001,923,1296,0.670,1.500,1.130,0,0,0,0,0,18,302,0,4,0
26-06 02:00:09,1.250,1.000,97.253,0,0,5268424,337592,194400,2201664,4766.143,1620.049,0,1028.031,0,207.006,1040,1405,0.670,1.500,1.130,0,0,1.000,0,0,18,302,0,4,0
26-06 02:00:10,1.000,0.500,96.756,0.250,0,5268416,337592,194400,2201672,4320.283,1620.106,0,336.022,0,25.002,1103,1696,0.670,1.500,1.130,0,0,0,0,0,18,302,0,4,0
26-06 02:00:11,2.250,0.750,95.992,0.250,0,5268416,337592,194400,2201672,4816.617,1619.871,0,183.985,0,23.998,1331,2047,0.620,1.470,1.120,0,0,0,0,0,18,302,0,4,0
26-06 02:00:12,1.000,0.500,97.480,0,0,5268416,337592,194400,2201672,4869.013,1619.672,0,0,0,0,922,1274,0.620,1.470,1.120,0,0,0,0,0,18,302,0,4,0
26-06 02:00:13,1.499,0.250,96.687,0,0,5268416,337592,194400,2201672,4814.848,1457.046,0,0,0,0,1038,1452,0.620,1.470,1.120,0,0,0,0,0,18,302,0,4,0
26-06 02:00:14,1.250,1.000,97.008,0,0,5268416,337592,194400,2201672,5104.432,1714.145,0,372.031,0,27.002,898,1285,0.620,1.470,1.120,0,0,0,0,0,18,302,0,4,0
26-06 02:00:15,0.750,0.250,97.306,0,0,5268416,337592,194400,2201672,4700.724,1458.845,0,64.037,0,4.002,885,1215,0.620,1.470,1.120,0,0,0,0,0,18,302,0,4,0
26-06 02:00:16,1.499,1.000,96.963,0,0,5268412,337592,194400,2201676,5474.939,1619.390,0,7.997,0,1.000,1004,1396,0.570,1.450,1.110,0,0,0,0,0,18,302,0,4,0
26-06 02:00:17,1.250,0.500,96.983,0,0,5268412,337592,194400,2201676,5177.103,1457.747,0,0,0,0,988,1329,0.570,1.450,1.110,0,0,2.000,0,0,18,302,0,4,0
26-06 02:00:18,1.500,0.500,97.249,0,0,5268412,337592,194400,2201676,5099.962,1619.988,0,0,0,0,865,1246,0.570,1.450,1.110,0,0,0,0,0,18,302,0,4,0
26-06 02:00:19,1.000,0.250,97.513,0,0,5268412,337592,194400,2201676,4458.584,1458.191,0,0,0,0,910,1306,0.570,1.450,1.110,0,0,1.000,0,0,18,302,0,4,0
26-06 02:00:20,1.501,1.501,95.804,0,0,5268408,337592,194400,2201680,4802.692,1620.908,0,6271.515,0,45.025,1091,1403,0.570,1.450,1.110,0,0,0,0,0,18,302,0,4,0
26-06 02:00:21,4.248,0.750,94.195,0.500,0,5268408,337592,194400,2201680,4846.185,1511.122,0,511.703,0,47.972,1471,2157,0.520,1.420,1.110,0,0,0,0,0,18,302,0,4,0
26-06 02:00:22,0.750,0.500,97.236,0,0,5268408,337592,194400,2201680,5325.222,1565.771,0,31.995,0,3.999,902,1239,0.520,1.420,1.110,2,0,0,0,0,18,302,0,4,0
26-06 02:00:23,8.249,3.499,83.737,2.750,0,5273372,330204,194892,2203612,5219.221,1619.758,2419.639,0,500.925,0,2020,2434,0.520,1.420,1.110,2,0,4.999,0,0,18,302,0,4,0
26-06 02:00:24,15.321,3.768,79.871,0.251,0,5275208,328264,194892,2203712,14077.474,10503.853,68.318,1832.523,7.033,210.981,2781,2956,0.520,1.420,1.110,1,0,5.023,0,0,18,302,0,6,0
26-06 02:00:25,14.501,4.250,78.754,0.750,0,5281136,322152,194900,2203888,15498.844,11977.653,36.002,50482.750,3.000,93.005,2886,3083,0.520,1.420,1.110,1,0,5.000,0,0,18,302,0,8,0
26-06 02:00:26,16.437,3.736,78.701,0,0,5283512,319556,194900,2204108,15827.804,12060.133,0,338.712,0,31.879,2714,2814,0.480,1.400,1.100,1,0,4.981,0,0,18,302,0,9,0
26-06 02:00:27,14.755,3.001,80.777,0.250,0,5285836,317068,194900,2204272,17568.894,12637.240,16.005,244.082,1.000,25.008,2499,2605,0.480,1.400,1.100,0,0,5.002,0,0,18,303,0,10,0
26-06 02:00:28,13.245,3.999,81.722,0.250,0,5306232,296656,194900,2204288,17971.778,12367.718,0,207.928,0,19.993,2571,2735,0.480,1.400,1.100,0,0,4.998,0,0,18,303,0,11,0
26-06 02:00:29,43.676,6.024,49.951,0,0,5138364,464432,194900,2204460,15887.965,9655.875,16.065,401.617,3.012,42.170,4066,3463,0.480,1.400,1.100,7,0,22.089,0,0,18,281,0,15,0
26-06 02:00:30,48.302,7.220,43.074,0,0,5007932,594904,194900,2204492,5676.783,1613.402,55.772,155.365,8.963,13.943,3387,2302,0.480,1.400,1.100,4,0,3.984,0,0,18,273,0,17,0
26-06 02:00:31,70.242,7.777,21.073,0,0,5160012,442320,194916,2205500,4791.495,1533.279,353.216,461.589,11.038,30.104,4342,5631,0.680,1.430,1.110,13,0,35.121,0,0,18,275,0,18,0
26-06 02:00:32,64.019,13.647,21.340,0.496,0,5296444,303284,194924,2207564,47475.982,17990.710,714.626,897.253,69.478,29.776,7104,14949,0.680,1.430,1.110,5,0,7.940,0,0,18,281,0,27,0
26-06 02:00:33,42.671,5.773,50.201,0.753,0,5215084,384500,194936,2207808,23368.586,5329.343,4.016,437.753,1.004,41.165,4463,6092,0.680,1.430,1.110,3,0,9.036,0,0,18,273,0,29,0
26-06 02:00:34,43.739,7.748,47.738,0,0,5276372,323196,194936,2207824,4798.809,1619.598,39.990,7.998,2.000,2.000,3089,1802,0.680,1.430,1.110,2,0,1.000,0,0,18,273,0,29,0
26-06 02:00:35,36.230,5.497,55.220,0.750,0,5302672,293972,194936,2210748,16682.867,4209.695,1103.396,6344.527,50.972,653.642,8507,11620,0.680,1.430,1.110,0,0,0.999,0,0,18,283,0,32,0
26-06 02:00:36,2.252,1.001,96.315,0,0,5295224,301420,194936,2210748,5360.624,1621.096,0,772.522,0,20.014,1210,1632,0.630,1.400,1.110,0,0,0,0,0,18,283,0,32,0
26-06 02:00:37,1.001,0.500,97.342,0,0,5296428,300216,194936,2210748,4822.541,1459.374,0,0,0,0,981,1373,0.630,1.400,1.110,0,0,0,0,0,18,283,0,32,0
26-06 02:00:38,3.258,2.256,93.241,0,0,5299188,297452,194936,2210768,4932.737,1624.194,0,100.259,0,8.021,1531,1909,0.630,1.400,1.110,1,0,8.021,0,0,18,283,0,32,0
26-06 02:00:39,3.738,0.748,93.696,0.249,0,5297276,299356,194936,2210776,4742.613,1453.285,0,127.586,0,11.961,1316,1628,0.630,1.400,1.110,3,0,2.990,0,0,18,283,0,32,0
26-06 02:00:40,4.997,2.248,90.189,0.999,0,5295376,301244,194936,2210788,4257.110,1618.901,0,11200.397,0,1226.168,2609,3224,0.630,1.400,1.110,0,0,1.999,0,0,18,283,0,32,0
26-06 02:00:41,2.251,0.750,95.281,0,0,5295368,301244,194936,2210796,4578.507,1620.534,0,200.066,0,24.008,1464,2207,0.660,1.400,1.100,0,0,0,0,0,18,283,0,32,0
26-06 02:00:42,1.499,0.999,96.442,0.250,0,5295344,301244,194936,2210820,4215.478,1457.128,15.990,1215.273,0.999,20.987,1102,1726,0.660,1.400,1.100,0,0,0,0,0,18,283,0,32,0
26-06 02:00:43,2.002,0.751,95.348,0.751,0.501,5295596,300992,194936,2210820,4444.557,1621.663,0,324.333,0,38.039,1374,2065,0.660,1.400,1.100,0,0,0,0,0,18,283,0,32,0
26-06 02:00:44,1.250,0.500,97.752,0,0,5295596,300992,194936,2210820,4740.100,1620.034,0,112.002,0,9.000,810,1239,0.660,1.400,1.100,0,0,0,0,0,18,283,0,31,0
26-06 02:00:45,1.250,0.250,97.243,0.250,0,5295596,300992,194936,2210820,4919.663,1619.889,0,543.963,0,32.998,991,1433,0.660,1.400,1.100,0,0,0,0,0,18,283,0,31,0
26-06 02:00:46,0.750,0.750,97.238,0,0,5295592,300992,194936,2210824,5656.278,1661.788,0,31.996,0,3.999,914,1302,0.690,1.390,1.100,0,0,0,0,0,18,283,0,31,0
26-06 02:00:47,1.000,0.750,97.746,0,0,5295592,300992,194936,2210824,4931.776,1751.920,0,0,0,0,931,1313,0.690,1.390,1.100,1,0,0,0,0,18,283,0,31,0
26-06 02:00:48,1.749,0.500,96.455,0,0,5295592,300992,194936,2210824,4755.764,1457.315,0,0,0,0,989,1314,0.690,1.390,1.100,1,0,0,0,0,18,283,0,31,0
26-06 02:00:49,8.005,1.751,88.550,0,0,5296584,299988,194940,2210832,4862.768,1620.923,0,504.287,0,46.026,2522,3414,0.690,1.390,1.100,0,0,1.001,0,0,18,283,0,31,0
26-06 02:00:50,1.250,1.250,97.011,0.250,0,5296564,299988,194940,2210852,4590.532,1590.184,0,76.009,0,7.001,980,1346,0.690,1.390,1.100,0,0,0,0,0,18,283,0,31,0
26-06 02:00:51,1.249,0.500,95.959,0,0,5296560,299988,194940,2210856,4645.012,1619.307,0,87.962,0,11.995,1133,1671,0.630,1.370,1.100,0,0,0,0,0,18,283,0,31,0
26-06 02:00:52,1.500,0.750,96.739,0.250,0,5296552,299988,194940,2210864,4457.479,1457.829,0,199.977,0,19.998,1261,1863,0.630,1.370,1.100,0,0,0,0,0,18,283,0,31,0
26-06 02:00:53,2.252,1.251,95.600,0,0,5296552,299988,194940,2210864,4987.242,1663.749,0,240.253,0,32.034,1507,2153,0.630,1.370,1.100,0,0,0,0,0,18,283,0,31,0
26-06 02:00:54,0.749,0.499,97.641,0,0,5296552,299988,194940,2210864,4766.697,1510.320,0,3.996,0,0.999,835,1214,0.630,1.370,1.100,0,0,0,0,0,18,283,0,31,0
26-06 02:00:55,2.000,0.750,95.249,0.500,0,5296548,299988,194940,2210868,4915.972,1565.991,0,863.995,0,64.000,1284,1864,0.630,1.370,1.100,0,0,0,0,0,18,283,0,31,0
26-06 02:00:56,2.250,0.750,95.002,0.250,0,5296548,299988,194940,2210868,4673.113,1296.031,0,196.005,0,25.001,1457,2197,0.580,1.340,1.090,0,0,1.000,0,0,18,283,0,31,0
26-06 02:00:57,1.500,0.500,97.515,0,0,5296544,299988,194940,2210872,3342.523,162.025,0,0,0,0,897,1292,0.580,1.340,1.090,1,0,0,0,0,18,283,0,31,0
26-06 02:00:58,1.250,0.500,97.000,0,0,5296544,299988,194940,2210872,5279.999,1620.000,0,0,0,0,981,1328,0.580,1.340,1.090,0,0,0,0,0,18,283,0,31,0
26-06 02:00:59,1.500,1.000,96.754,0.250,0,5296544,299988,194940,2210872,4698.213,1458.066,0,348.016,0,24.001,964,1398,0.580,1.340,1.090,0,0,1.000,0,0,18,283,0,31,0
26-06 02:01:00,0.996,0.498,96.889,0,0,5296536,299988,194940,2210880,4782.193,1613.990,0,31.881,0,3.985,896,1254,0.580,1.340,1.090,0,0,0,0,0,18,283,0,31,0
26-06 02:01:01,2.008,0.502,96.869,0.251,0,5296532,299988,194940,2210884,5377.464,1626.189,0,92.351,0,12.046,1103,1636,0.530,1.320,1.080,0,0,0,0,0,18,283,0,31,0
26-06 02:01:02,1.000,1.250,97.281,0,0,5296496,299988,194940,2210920,5041.623,1620.522,0,8.003,0,1.000,952,1300,0.530,1.320,1.080,0,0,0,0,0,18,283,0,31,0
26-06 02:01:03,2.255,1.002,95.441,0,0,5297000,299484,194940,2210920,5242.517,1755.522,0,525.053,0,50.101,1517,2184,0.530,1.320,1.080,1,0,3.006,0,0,18,283,0,31,0
26-06 02:01:04,41.893,9.226,47.129,0.249,0,4966108,629508,195088,2211668,5541.825,1853.260,758.061,63.837,76.804,3.990,4251,2897,0.530,1.320,1.080,1,0,77.801,0,0,18,279,0,33,0
26-06 02:01:05,23.008,4.001,71.525,0.250,0,5043372,552248,195088,2211744,5059.770,1778.622,72.025,128.045,5.002,7.002,2239,1815,0.530,1.320,1.080,1,0,0,0,0,18,279,0,33,0
26-06 02:01:06,22.004,5.751,70.513,0.500,0,5097304,497160,195088,2212936,6330.145,1932.350,332.060,1996.361,31.006,385.070,2917,4466,0.570,1.320,1.080,1,0,8.001,0,0,18,279,0,34,0
26-06 02:01:07,21.833,6.525,71.271,0,0,5196744,397700,195096,2212948,5559.105,1463.556,4.015,0,1.004,0,2440,1923,0.570,1.320,1.080,2,0,11.042,0,0,18,283,0,35,0
26-06 02:01:08,22.142,4.478,72.147,0.249,0,5229400,365036,195100,2212952,5682.237,1695.715,3.981,3.981,0.995,0.995,2092,1497,0.570,1.320,1.080,1,0,3.981,0,0,18,283,0,35,0
26-06 02:01:09,12.267,2.003,84.617,0,0,5238760,355488,195100,2213140,4944.845,1544.138,0,20.028,0,5.007,1536,1472,0.570,1.320,1.080,0,0,2.003,0,0,18,283,0,35,0
26-06 02:01:10,1.249,0.500,96.683,0,0,5235672,358576,195100,2213140,4676.776,1758.787,0,343.763,0,22.984,1145,1703,0.570,1.320,1.080,0,0,0,0,0,18,283,0,35,0
26-06 02:01:11,2.500,1.000,95.252,0.250,0,5230868,363372,195100,2213148,4441.092,1458.030,0,516.011,0,86.002,1450,2138,0.520,1.290,1.080,0,0,0,0,0,18,283,0,35,0
26-06 02:01:12,1.250,0.750,97.015,0,0,5227172,367068,195100,2213148,4886.736,1620.244,0,184.028,0,1.000,945,1304,0.520,1.290,1.080,0,0,0,0,0,18,283,0,35,0
26-06 02:01:13,1.999,0.750,95.465,0.250,0,5223540,370692,195100,2213156,4602.293,1457.459,0,663.754,0,35.987,1423,2121,0.520,1.290,1.080,0,0,0,0,0,18,283,0,35,0
26-06 02:01:14,1.000,0.750,97.271,0,0,5220368,373864,195100,2213156,5251.112,1804.382,0,128.027,0,9.002,964,1308,0.520,1.290,1.080,0,0,0,0,0,18,283,0,35,0
26-06 02:01:15,1.250,0.750,96.986,0,0,5217592,376640,195100,2213156,4937.288,1457.790,0,319.954,0,18.997,992,1395,0.520,1.290,1.080,0,0,0,0,0,18,283,0,35,0
26-06 02:01:16,1.247,0.499,96.484,0,0,5216096,378136,195100,2213156,5701.271,1615.543,0,31.912,0,3.989,916,1270,0.480,1.270,1.070,0,0,0,0,0,18,283,0,35,0
26-06 02:01:17,1.504,0.752,97.288,0,0,5214832,379396,195100,2213160,5416.048,1624.814,0,32.095,0,3.009,978,1325,0.480,1.270,1.070,0,0,0,0,0,18,283,0,35,0
26-06 02:01:18,1.000,0.750,96.985,0,0,5213836,380392,195100,2213160,5351.150,1891.699,0,0,0,0,926,1284,0.480,1.270,1.070,0,0,1.000,0,0,18,283,0,35,0
26-06 02:01:19,1.251,0.500,97.308,0,0,5213836,380392,195100,2213160,5103.036,1620.964,0,0,0,0,936,1316,0.480,1.270,1.070,0,0,1.001,0,0,18,283,0,35,0
26-06 02:01:20,1.000,0.250,97.487,0.250,0,5213832,380392,195100,2213164,4531.397,1511.799,0,71.990,0,6.999,995,1380,0.480,1.270,1.070,0,0,0,0,0,18,283,0,35,0
26-06 02:01:21,1.749,1.249,95.946,0.250,0,5214072,380152,195100,2213164,5232.030,1697.037,0,295.832,0,28.984,1213,1808,0.440,1.250,1.070,0,0,0,0,0,18,283,0,35,0
26-06 02:01:22,1.501,0.500,96.551,0,0,5214072,380152,195100,2213164,5102.713,1620.862,0,4098.179,0,533.284,1170,1387,0.440,1.250,1.070,1,0,0,0,0,18,283,0,35,0
26-06 02:01:23,1.249,0.750,95.959,0.250,0,5214072,380152,195100,2213164,4797.953,1619.309,0,395.831,0,39.983,1299,1926,0.440,1.250,1.070,0,0,0,0,0,18,283,0,35,0
26-06 02:01:24,1.504,0.752,97.479,0.251,0,5214068,380152,195100,2213168,3500.236,1064.505,0,76.179,0,6.014,893,1279,0.440,1.250,1.070,0,0,0,0,0,18,283,0,35,0
26-06 02:01:25,1.496,0.998,95.021,0.249,0,5214068,380152,195100,2213168,3238.188,484.830,0,2342.349,0,113.726,1345,2086,0.440,1.250,1.070,0,0,0,0,0,18,283,0,33,0
26-06 02:01:26,2.001,1.000,96.034,0.250,0,5214060,380152,195104,2213172,5118.804,1620.571,0,248.087,0,27.010,1218,1762,0.410,1.230,1.060,1,0,0,0,0,18,283,0,33,0
26-06 02:01:27,1.749,0.250,96.694,0,0.250,5214056,380152,195104,2213176,5774.668,1457.159,0,155.910,0,11.993,1110,1574,0.410,1.230,1.060,0,0,0,0,0,18,283,0,33,0
26-06 02:01:28,1.751,1.001,96.819,0.250,0,5213528,380672,195104,2213184,5644.017,1621.154,0,188.134,0,13.009,1073,1713,0.410,1.230,1.060,0,0,0,0,0,18,283,0,33,0
26-06 02:01:29,0.750,0.500,97.244,0,0,5213528,380672,195104,2213184,4757.698,1457.907,0,11.999,0,1.000,959,1375,0.410,1.230,1.060,0,0,1.000,0,0,18,283,0,28,0
26-06 02:01:30,2.000,0.750,96.005,0,0,5213528,380672,195104,2213184,4140.236,1620.092,0,0,0,0,1044,1420,0.410,1.230,1.060,0,0,1.000,0,0,18,283,0,28,0
26-06 02:01:31,3.250,1.250,94.491,0.250,0,5213488,380672,195104,2213224,4534.549,1457.855,31.997,323.968,2.000,25.997,1435,2073,0.370,1.210,1.060,0,0,2.000,0,0,18,283,0,28,0
26-06 02:01:32,6.250,3.750,88.256,0,0,5213504,380656,195104,2213224,4606.306,1566.104,0,44.003,0,2.000,2467,8715,0.370,1.210,1.060,0,0,36.002,0,0,18,283,0,29,0
26-06 02:01:33,3.250,1.250,94.248,0.250,0,5209016,385132,195104,2213236,10171.770,2534.943,0,443.990,0,42.999,1785,2431,0.370,1.210,1.060,0,0,0,0,0,18,283,0,12,0
26-06 02:01:34,1.753,2.004,94.924,0,0,5210240,383904,195104,2213240,4826.844,1550.842,0,44.081,0,4.007,1280,1497,0.370,1.210,1.060,1,0,25.046,0,0,18,283,0,12,0
26-06 02:01:35,9.984,17.972,68.891,0,0,5216312,377808,195104,2213264,4912.213,1757.214,3.994,95.848,0.998,6.989,5228,4110,0.370,1.210,1.060,1,0,286.546,0,0,18,283,0,12,0
26-06 02:01:36,23.497,5.999,69.491,0.250,0,5289828,304264,195108,2213288,5542.313,1685.791,4.000,67.992,1.000,6.999,2435,2103,0.430,1.200,1.050,1,0,3.000,0,0,18,283,0,12,0
26-06 02:01:37,18.755,2.751,77.269,0,0,5300312,293720,195108,2213348,14262.588,10904.744,32.008,200.050,2.001,12.003,3140,3437,0.430,1.200,1.050,0,0,2.001,0,0,18,284,0,9,0
26-06 02:01:38,29.500,6.500,60.750,0.750,0,5323696,269768,195112,2213912,7618.027,3278.012,368.001,2944.010,24.000,471.002,6396,8909,0.430,1.200,1.050,2,0,11.000,0,0,18,283,0,10,0
26-06 02:01:39,38.372,8.970,51.328,0.249,0,5352748,240512,195120,2214108,13188.897,10295.572,147.507,143.520,7.973,7.973,3377,2314,0.430,1.200,1.050,1,0,26.910,0,0,18,286,0,11,0
26-06 02:01:40,29.838,7.021,61.933,0.501,0,5375856,217332,195124,2214176,34390.368,30654.356,16.047,316.934,1.003,24.071,4130,3833,0.430,1.200,1.050,1,0,35.103,0,0,18,283,0,21,0
26-06 02:01:41,2.750,1.000,95.003,0.250,0,5370300,222884,195124,2214180,4595.145,1458.046,0,516.016,0,39.001,1414,2193,0.390,1.180,1.050,0,0,0,0,0,18,283,0,19,0
26-06 02:01:42,1.250,0.250,96.725,0,0,5363268,229916,195124,2214180,3833.019,1175.699,0,455.883,0,68.982,936,1368,0.390,1.180,1.050,0,0,0,0,0,18,283,0,19,0
26-06 02:01:43,2.001,0.750,95.779,0.250,0,5356888,236296,195124,2214180,4103.240,1242.375,0,272.082,0,33.010,1374,2080,0.390,1.180,1.050,0,0,0,0,0,18,283,0,19,0
26-06 02:01:44,2.000,1.000,96.007,0,0,5351300,241880,195124,2214184,3200.218,540.037,0,108.007,0,9.001,954,1406,0.390,1.180,1.050,0,0,0,0,0,18,283,0,19,0
26-06 02:01:45,2.000,0.500,95.986,0.250,0,5344492,248688,195124,2214184,4517.350,1457.790,0,187.973,0,19.997,1109,1636,0.390,1.180,1.050,1,0,0,0,0,18,283,0,19,0
26-06 02:01:46,1.500,0.750,96.009,0.500,0,5340892,252284,195128,2214184,5297.473,1662.148,0,2928.261,0,179.016,1265,2017,0.360,1.160,1.040,0,0,0,0,0,18,283,0,19,0
26-06 02:01:47,2.000,1.000,96.235,0,0,5338220,254956,195128,2214184,4397.312,1457.772,0,91.986,0,12.998,1281,1654,0.360,1.160,1.040,1,0,0,0,0,18,283,0,19,0
26-06 02:01:48,1.748,0.250,96.144,0.250,0,5335052,258108,195128,2214200,4854.655,1618.218,15.982,147.837,0.999,16.981,1207,1777,0.360,1.160,1.040,0,0,0.999,0,0,18,283,0,19,0
26-06 02:01:49,0.751,0.751,97.119,0.250,0.250,5331424,261728,195128,2214208,4481.512,1658.039,0,316.389,0,18.022,1028,1493,0.360,1.160,1.040,0,0,1.001,0,0,18,283,0,19,0
26-06 02:01:50,2.000,0.500,96.493,0.250,0,5329732,263412,195128,2214216,4619.677,1619.887,0,155.989,0,19.999,1063,1488,0.360,1.160,1.040,1,0,0,0,0,18,283,0,19,0
26-06 02:01:51,1.500,1.000,95.991,0,0,5328528,264612,195128,2214220,4354.595,1457.865,0,355.967,0,35.997,1220,1796,0.330,1.150,1.040,0,0,0,0,0,18,283,0,19,0
26-06 02:01:52,1.250,0.750,97.243,0,0,5327664,265476,195128,2214220,5285.622,1727.877,0,31.998,0,4.000,925,1297,0.330,1.150,1.040,0,0,0,0,0,18,283,0,19,0
26-06 02:01:53,2.002,1.001,95.618,0.250,0,5326164,266976,195128,2214220,4865.985,1621.995,0,2238.754,0,389.479,1562,2161,0.330,1.150,1.040,0,0,0,0,0,18,283,0,19,0
26-06 02:01:54,1.002,0.501,97.180,0.250,0,5326256,266872,195128,2214232,4808.922,1623.011,0,84.156,0,10.019,973,1408,0.330,1.150,1.040,0,0,0,0,0,18,283,0,19,0
26-06 02:01:55,1.995,0.997,95.743,0,0,5326252,266872,195128,2214236,5026.486,1615.656,0,323.131,0,34.906,1453,2150,0.330,1.150,1.040,0,0,0,0,0,18,283,0,19,0
26-06 02:01:56,1.750,0.500,95.993,0.500,0,5326220,266872,195128,2214268,5356.614,1619.883,75.995,119.991,6.000,14.999,1216,1830,0.300,1.130,1.030,0,0,0,0,0,18,283,0,19,0
26-06 02:01:57,1.250,0.750,97.479,0,0,5326172,266872,195128,2214316,5098.881,1619.644,0,0,0,0,962,1386,0.300,1.130,1.030,0,0,0,0,0,18,283,0,19,0
26-06 02:01:58,1.500,0.500,96.731,0,0,5326172,266872,195128,2214316,4577.110,1457.716,0,123.976,0,16.997,1086,1649,0.300,1.130,1.030,1,0,0,0,0,18,283,0,19,0
26-06 02:01:59,1.250,1.250,95.978,0.750,0,5326172,266872,195128,2214316,4678.951,1619.637,0,3167.290,0,150.966,1227,1939,0.300,1.130,1.030,0,0,1.000,0,0,18,283,0,19,0
26-06 02:02:00,1.752,0.250,96.622,0,0,5326172,266872,195128,2214316,4703.941,1459.844,0,32.040,0,4.005,947,1295,0.300,1.130,1.030,0,0,0,0,0,18,283,0,19,0
26-06 02:02:01,1.999,0.999,95.445,0.250,0,5326172,266872,195128,2214316,4170.585,755.562,0,291.831,0,27.984,1245,1806,0.280,1.110,1.030,0,0,0,0,0,18,283,0,19,0
26-06 02:02:02,1.749,0.750,96.461,0,0,5326308,266692,195128,2214360,4608.158,1349.461,0,79.968,0,6.997,1018,1353,0.280,1.110,1.030,0,0,0,0,0,18,283,0,19,0
26-06 02:02:03,2.000,0.750,95.259,0.250,0,5326052,266944,195128,2214364,5072.502,1512.150,0,396.039,0,37.004,1422,2066,0.280,1.110,1.030,0,0,0,0,0,18,283,0,19,0
26-06 02:02:04,1.000,0.500,97.494,0,0,5326052,266944,195128,2214364,4995.711,1655.904,0,31.998,0,4.000,881,1277,0.280,1.110,1.030,0,0,0,0,0,18,283,0,19,0
26-06 02:02:05,1.500,0.500,96.000,0,0,5326040,266944,195128,2214376,5399.999,1620.000,0,132.000,0,20.000,1215,1787,0.280,1.110,1.030,0,0,0,0,0,18,283,0,19,0
26-06 02:02:06,2.250,1.250,96.742,0,0,5326040,266944,195128,2214376,5434.535,1457.875,0,215.982,0,16.999,1098,1480,0.260,1.090,1.020,0,0,2.000,0,0,18,283,0,17,0
26-06 02:02:07,1.000,0.250,97.248,0.250,0,5326040,266944,195128,2214376,5391.888,1631.966,0,63.999,0,5.000,980,1332,0.260,1.090,1.020,1,0,0,0,0,18,283,0,17,0
26-06 02:02:08,1.250,1.000,96.508,0,0,5326040,266944,195128,2214376,5732.476,1512.126,0,124.010,0,11.001,1166,1657,0.260,1.090,1.020,0,0,0,0,0,18,283,0,17,0
26-06 02:02:09,1.000,0.750,97.003,0.250,0,5326036,266944,195128,2214380,3806.104,1068.029,0,1032.028,0,167.005,979,1459,0.260,1.090,1.020,0,0,1.000,0,0,18,283,0,17,0
26-06 02:02:10,2.250,1.750,94.505,0,0,5325796,267184,195128,2214380,3992.224,1652.093,0,96.005,0,13.001,1509,1949,0.260,1.090,1.020,1,0,18.001,0,0,18,283,0,15,0
26-06 02:02:11,1.999,1.000,95.455,0.500,0,5325680,267300,195128,2214380,4694.811,1619.245,0,195.909,0,23.989,1417,2153,0.240,1.070,1.010,0,0,0,0,0,18,283,0,15,0
26-06 02:02:12,1.001,0.250,97.550,0,0,5325676,267300,195128,2214384,5102.625,1620.834,0,284.146,0,44.023,987,1390,0.240,1.070,1.010,0,0,0,0,0,18,283,0,15,0
26-06 02:02:13,1.750,1.250,96.023,0.250,0,5325676,267300,195128,2214384,4923.167,1620.384,0,244.058,0,31.007,1359,1992,0.240,1.070,1.010,1,0,0,0,0,18,283,0,15,0
26-06 02:02:14,1.499,0.250,96.695,0,0,5325672,267300,195128,2214388,5221.035,1713.027,0,135.923,0,9.994,948,1349,0.240,1.070,1.010,0,0,0,0,0,18,283,0,15,0
26-06 02:02:15,1.250,0.500,96.776,0,0,5325672,267300,195128,2214388,5073.348,1512.402,0,88.023,0,12.003,1185,1742,0.240,1.070,1.010,0,0,0,0,0,18,283,0,15,0
26-06 02:02:16,1.249,0.749,96.930,0.250,0,5325672,267300,195128,2214388,5782.845,1618.837,0,515.630,0,31.977,979,1452,0.220,1.050,1.010,0,0,0,0,0,18,283,0,15,0
26-06 02:02:17,1.250,0.750,97.270,0,0,5325668,267300,195128,2214392,5147.080,1566.329,0,32.007,0,4.001,976,1363,0.220,1.050,1.010,0,0,0,0,0,18,283,0,15,0
26-06 02:02:18,1.500,0.250,97.257,0,0,5325668,267300,195128,2214392,5432.401,1512.112,0,0,0,0,950,1296,0.220,1.050,1.010,0,0,1.000,0,0,18,283,0,15,0
26-06 02:02:19,1.250,0.750,97.247,0,0,5325668,267300,195128,2214392,5643.800,1763.938,0,4.000,0,1.000,947,1308,0.220,1.050,1.010,0,0,1.000,0,0,18,283,0,15,0
26-06 02:02:20,1.250,0.750,96.520,0.250,0,5325668,267300,195128,2214392,4698.985,1458.306,0,520.109,0,109.023,1017,1374,0.220,1.050,1.010,0,0,0,0,0,18,283,0,15,0
26-06 02:02:21,3.248,1.000,94.455,0,0,5325660,267300,195128,2214400,4838.685,1511.277,0,575.725,0,58.972,1533,2284,0.200,1.030,1,0,0,0,0,0,18,283,0,15,0
26-06 02:02:22,0.749,0.749,96.623,0.250,0,5325660,267300,195128,2214400,4811.680,1629.859,0,31.958,0,3.995,971,1332,0.200,1.030,1,0,0,0,0,0,18,283,0,15,0
26-06 02:02:23,2.003,1.001,95.639,0.250,0,5325652,267300,195128,2214408,4684.798,1514.197,0,396.575,0,40.058,1431,2100,0.200,1.030,1,0,0,0,0,0,18,283,0,15,0
26-06 02:02:24,1.251,0.250,97.803,0.250,0,5325652,267300,195128,2214408,4520.452,1458.791,0,32.017,0,4.002,874,1260,0.200,1.030,1,0,0,0,0,0,18,283,0,15,0
26-06 02:02:25,3.248,0.999,93.684,0,0,5325652,267300,195128,2214408,10724.480,2940.938,0,363.745,0,35.975,1625,2218,0.200,1.030,1,0,0,0,0,0,18,283,0,15,0
26-06 02:02:26,2.000,0.500,96.769,0,0,5325636,267300,195128,2214424,4965.995,1458.292,0,184.037,0,19.004,1213,1785,0.260,1.030,1,1,0,0,0,0,18,283,0,15,0
26-06 02:02:27,1.000,0.750,97.275,0,0,5325632,267300,195128,2214428,5733.488,1512.393,0,0,0,0,972,1340,0.260,1.030,1,0,0,0,0,0,18,283,0,15,0
26-06 02:02:28,0.750,0.500,97.203,0,0,5325632,267300,195128,2214428,5683.272,1565.249,0,0,0,0,984,1350,0.260,1.030,1,0,0,0,0,0,18,283,0,15,0
26-06 02:02:29,2.001,0.750,96.057,0.250,0,5325628,267300,195132,2214428,5943.523,1620.961,0,336.199,0,27.016,1092,1598,0.260,1.030,1,0,0,1.001,0,0,18,283,0,15,0
26-06 02:02:30,1.501,1.000,96.787,0,0,5325628,267300,195132,2214428,4561.743,1620.619,0,924.353,0,164.063,1222,1675,0.260,1.030,1,1,0,2.001,0,0,18,283,0,15,0
26-06 02:02:31,17.990,5.497,75.208,0.250,0,5348928,243864,195132,2214572,12825.903,9449.771,0,187.896,0,26.985,3518,4160,0.400,1.050,1.010,2,0,34.981,0,0,18,286,0,15,0
26-06 02:02:32,14.503,8.252,76.267,0,0,5330928,261684,195132,2214752,7882.705,4810.041,4.001,44.010,1.000,4.001,4148,8015,0.400,1.050,1.010,1,0,120.026,0,0,18,285,0,17,2
26-06 02:02:33,10.025,19.048,68.923,0.251,0,5327940,264628,195132,2214796,15749.553,3481.744,0,405.017,0,36.091,6493,5696,0.400,1.050,1.010,1,0,395.995,0,0,18,285,0,17,2
26-06 02:02:34,19.942,5.982,72.288,0.249,0,5382660,209324,195132,2215380,11776.487,2085.887,562.352,7.977,41.877,0.997,2429,1953,0.400,1.050,1.010,1,0,20.939,0,0,18,285,0,16,2
26-06 02:02:35,23.764,4.252,71.041,0.500,0,5436168,155408,195160,2215760,4760.761,1458.846,196.114,868.504,11.006,35.020,2510,2276,0.400,1.050,1.010,2,0,3.002,0,0,18,285,0,16,2
26-06 02:02:36,22.236,3.748,69.455,2.498,0,5453612,130960,195352,2222448,5399.500,1648.931,2958.083,983.363,306.801,19.987,2743,2849,0.530,1.070,1.010,3,0,2.998,0,0,18,285,0,16,2
26-06 02:02:37,27.507,7.252,64.016,0.250,0,5480912,152672,194752,2174772,4593.139,1512.375,160.040,208.052,10.002,4.001,3105,3152,0.530,1.070,1.010,1,0,4.001,0,0,18,285,0,19,2
26-06 02:02:38,25.336,6.020,65.221,1.254,0,5477872,155484,194752,2175000,4922.646,1571.313,0,4214.250,0,305.031,7610,11098,0.530,1.070,1.010,1,0,7.024,0,0,18,287,0,19,2
26-06 02:02:39,26.534,4.506,66.335,1.001,0,5490396,141832,194752,2176128,4597.872,1513.933,1057.350,1101.407,63.081,161.206,4462,5472,0.530,1.070,1.010,4,1,2.003,0,0,18,292,0,20,2
26-06 02:02:40,8.452,1.740,87.996,0.497,0,5490220,141832,194752,2176308,6566.425,2568.303,0,385.792,0,55.681,2456,3398,0.530,1.070,1.010,1,0,0,0,0,18,292,0,21,2
26-06 02:02:41,12.254,2.751,82.026,0.750,0,5480132,151524,194752,2176704,6227.945,2400.750,176.055,4325.351,9.003,601.188,3771,4947,0.570,1.060,1.010,0,0,2.001,0,0,18,292,0,21,2
26-06 02:02:42,7.255,2.001,88.565,0.500,0,5476836,154772,194752,2176752,6031.440,2100.546,16.012,864.636,1.001,90.066,2517,3327,0.570,1.060,1.010,0,0,0,0,0,18,292,0,11,2
26-06 02:02:43,8.502,1.500,87.524,1.000,0,5475400,156136,194752,2176824,5634.542,2322.636,64.018,2276.623,4.001,234.064,2944,4222,0.570,1.060,1.010,2,0,0,0,0,18,292,0,11,2
26-06 02:02:44,6.983,2.244,88.781,0.249,0,5473124,158188,194752,2177048,10208.827,2589.614,15.961,570.593,0.998,44.889,2268,2961,0.570,1.060,1.010,2,1,0,0,0,18,293,0,11,2
26-06 02:02:45,26.101,6.023,64.500,1.757,0,5471444,159720,194756,2177192,4730.344,1517.886,0,3244.583,0,356.382,8092,11954,0.570,1.060,1.010,2,0,1.004,0,0,18,295,0,13,2
26-06 02:02:46,22.709,5.490,67.129,1.497,0,5470156,160484,194760,2177712,5167.694,1617.088,0,5941.301,0,409.263,7203,10375,0.680,1.080,1.020,1,0,0,0,0,18,296,0,14,2
26-06 02:02:47,13.251,2.750,80.758,1.250,0,5477952,152572,194768,2177820,5960.622,2565.268,16.002,2316.242,1.000,235.025,4029,5772,0.680,1.080,1.020,0,0,0,0,0,18,294,0,15,2
26-06 02:02:48,8.500,1.750,87.502,1.000,0,5476764,153704,194768,2177876,8363.216,2848.074,0,708.018,0,90.002,2783,3799,0.680,1.080,1.020,1,0,0,0,0,18,294,0,15,2
26-06 02:02:49,14.547,3.511,79.256,1.003,0,5475004,155232,194780,2178096,7857.397,2185.063,0,1797.811,0,222.720,5530,8124,0.680,1.080,1.020,3,0,1.003,0,0,18,295,0,15,2
26-06 02:02:50,24.283,5.257,67.593,1.252,0.250,5474740,155288,194792,2178292,4127.694,1514.089,0,3004.144,0,262.362,7457,10613,0.680,1.080,1.020,3,0,0,0,0,18,295,0,15,2
26-06 02:02:51,16.422,4.230,74.896,2.239,0,5475480,154280,194796,2178556,5650.263,2547.943,0,7476.621,0,552.386,5770,9248,0.870,1.110,1.030,0,0,0,0,0,18,294,0,16,2
26-06 02:02:52,10.244,2.499,84.203,0.750,0,5475968,153776,194796,2178572,4929.227,2493.597,0,1747.017,0,160.909,3251,4524,0.870,1.110,1.030,0,0,0,0,0,18,294,0,17,2
26-06 02:02:53,8.541,2.261,87.421,0.754,0,5476000,153524,194796,2178792,5814.007,1531.377,0,1020.918,0,100.484,2756,3772,0.870,1.110,1.030,2,0,0,0,0,18,295,0,17,2
26-06 02:02:54,6.973,1.245,88.900,0.498,0,5475948,153524,194796,2178844,6354.971,2551.949,0,912.406,0,125.506,2704,3992,0.870,1.110,1.030,0,0,0,0,0,18,294,0,20,2
26-06 02:02:55,18.994,3.499,75.225,0.750,0,5476548,152516,194800,2179248,11751.024,3338.870,143.951,975.670,6.998,110.962,4541,5352,0.870,1.110,1.030,1,0,0,0,0,18,294,0,20,2
26-06 02:02:56,8.256,1.501,87.558,1.001,0,5477020,152040,194800,2179252,7887.266,2657.774,0,5303.541,0,550.367,3098,4499,0.800,1.090,1.020,0,0,1.001,0,0,18,294,0,20,2
26-06 02:02:57,6.497,1.249,89.958,0.250,0,5476952,152040,194800,2179320,8852.895,2369.901,0,747.653,0,67.968,2288,3143,0.800,1.090,1.020,1,0,0,0,0,18,294,0,20,2
26-06 02:02:58,6.022,1.757,90.337,0.753,0,5476928,152040,194800,2179344,10679.881,2845.626,0,951.553,0,86.322,2447,3401,0.800,1.090,1.020,1,0,0,0,0,18,295,0,20,2
26-06 02:02:59,24.690,5.986,65.592,1.995,0,5476844,151788,194804,2179676,4784.444,1508.357,0,4816.367,0,455.899,8359,13124,0.800,1.090,1.020,2,0,0.998,0,0,18,295,0,21,2
26-06 02:03:00,25.339,4.516,66.735,1.756,0,5478340,150024,194804,2179944,4788.861,1571.533,0,5318.727,0,382.346,8131,12207,0.800,1.090,1.020,2,0,0,0,0,18,296,0,23,2
26-06 02:03:01,25.502,3.750,67.754,1.000,0.250,5477216,150824,194804,2180268,5375.336,1458.091,0,7528.470,0,879.055,6403,8939,0.810,1.090,1.020,1,0,0,0,0,18,295,0,24,2
26-06 02:03:02,18.153,4.227,74.104,0.995,0,5477192,150572,194804,2180544,4852.099,1450.258,0,2180.361,0,166.113,6312,9395,0.810,1.090,1.020,0,0,0,0,0,18,295,0,25,2
26-06 02:03:03,5.260,1.252,92.184,0.250,0,5477172,150572,194804,2180564,4863.698,1136.266,0,581.159,0,49.098,2034,2671,0.810,1.090,1.020,0,0,1.002,0,0,18,296,0,25,2
26-06 02:03:04,4.492,1.248,93.076,0,0,5477628,150068,194804,2180612,5429.836,1658.895,0,419.215,0,27.948,1516,1773,0.810,1.090,1.020,0,0,0,0,0,18,296,0,25,2
26-06 02:03:05,16.277,3.255,77.378,1.252,0,5477828,149816,194804,2180664,4974.226,1568.594,0,2027.353,0,238.394,5661,8934,0.810,1.090,1.020,1,0,0,0,0,18,296,0,25,2
26-06 02:03:06,26.435,4.738,64.591,1.995,0,5477392,149816,194804,2181100,6540.860,1616.012,0,3419.562,0,392.033,8431,12852,0.990,1.120,1.030,1,0,1.995,0,0,18,296,0,26,2
26-06 02:03:07,25.815,5.013,64.663,2.005,0,5480104,146540,194808,2181660,6085.311,1624.086,272.686,7210.142,16.040,555.397,8043,11997,0.990,1.120,1.030,1,0,0,0,0,18,295,0,26,2
26-06 02:03:08,1.746,0.499,96.533,0.249,0,5480104,146540,194808,2181660,5479.668,1508.605,0,706.410,0,41.906,1133,1750,0.990,1.120,1.030,1,0,0,0,0,18,296,0,26,2
26-06 02:03:09,20.010,3.502,74.538,1.251,0,5488392,137984,194808,2181908,5782.963,2588.326,16.008,6495.329,1.001,250.128,4285,5922,0.990,1.120,1.030,0,0,1.001,0,0,18,295,0,31,2
26-06 02:03:10,9.756,2.251,85.556,1.001,0,5488796,137480,194808,2182008,5932.867,2370.545,64.042,1537.002,4.003,165.108,3108,4449,0.990,1.120,1.030,0,0,0,0,0,18,295,0,32,2
26-06 02:03:11,6.275,1.506,89.856,0.251,0,5489264,136976,194808,2182044,5334.143,1692.709,0,1076.266,0,105.418,2285,3372,0.910,1.100,1.030,0,0,0,0,0,18,296,0,32,2
26-06 02:03:12,15.688,2.490,79.686,0.996,0,5494236,131936,194808,2182112,5959.515,2232.204,0,1641.531,0,112.556,3701,4884,0.910,1.100,1.030,1,0,0,0,0,18,294,0,40,2
26-06 02:03:13,10.992,1.999,84.689,0.749,0,5494420,131684,194808,2182180,11596.587,3457.492,0,1506.907,0,187.864,3517,5200,0.910,1.100,1.030,1,0,0,0,0,18,295,0,41,2
26-06 02:03:14,8.999,2.500,84.491,2.000,0,5495356,130676,194808,2182252,5672.407,1920.799,0,6747.295,0,493.948,3657,5631,0.910,1.100,1.030,0,0,0,0,0,18,295,0,43,2
26-06 02:03:15,11.746,2.249,83.972,0.500,0,5495592,130172,194812,2182500,10500.531,3638.798,0,1175.612,0,143.952,3240,4371,0.910,1.100,1.030,0,0,0,0,0,18,295,0,45,2
26-06 02:03:16,8.789,1.256,87.885,0.753,0,5496320,129416,194812,2182528,6508.529,1584.947,16.070,891.910,1.004,108.475,2829,3914,0.840,1.090,1.020,2,0,0,0,0,18,295,0,45,2
26-06 02:03:17,2.737,1.244,94.318,0.249,0,5496076,129416,194812,2182772,4943.333,1558.852,0,246.868,0,36.831,1614,2175,0.840,1.090,1.020,3,0,0,0,0,18,296,0,45,2
26-06 02:03:18,13.512,2.502,82.075,0.751,0.250,5496232,129168,194812,2182864,6057.566,2481.280,0,1048.964,0,160.147,3550,5174,0.840,1.090,1.020,0,0,0,0,0,18,295,0,50,2
26-06 02:03:19,15.253,2.750,80.264,0.750,0,5500116,125136,194812,2183012,6219.055,2425.412,0,1272.216,0,152.026,3775,5129,0.840,1.090,1.020,0,0,1.000,0,0,18,295,0,54,2
26-06 02:03:20,6.749,0.750,90.240,0.500,0,5500548,124632,194812,2183084,4799.475,1619.823,0,831.909,0,74.992,2075,2710,0.840,1.090,1.020,0,0,0,0,0,18,295,0,55,2
26-06 02:03:21,4.002,1.251,93.794,0.500,0,5500536,124632,194812,2183096,5119.378,1620.753,0,612.284,0,49.023,1641,2167,0.770,1.070,1.010,1,0,0,0,0,18,296,0,55,2
26-06 02:03:22,3.998,1.749,92.695,0.250,0,5500732,124408,194812,2183124,4919.084,1619.040,0,5272.874,0,666.605,1938,2553,0.770,1.070,1.010,0,0,0,0,0,18,295,0,55,2
26-06 02:03:23,6.251,1.250,90.259,0.500,0,5500712,124408,194812,2183144,4620.463,1620.162,0,736.074,0,85.009,2332,3244,0.770,1.070,1.010,0,0,0,0,0,18,295,0,55,2
26-06 02:03:24,4.501,1.000,92.775,0.250,0,5500684,124408,194812,2183172,4861.310,1620.437,0,568.153,0,54.015,1769,2598,0.770,1.070,1.010,0,0,0,0,0,18,295,0,55,2
26-06 02:03:25,12.001,2.250,83.004,1.500,0,5500612,124408,194812,2183244,13070.622,4773.227,0,1732.082,0,209.010,3685,5214,0.770,1.070,1.010,0,0,0,0,0,18,295,0,57,2
26-06 02:03:26,12.002,2.000,83.264,1.000,0,5500428,124408,194812,2183428,8226.343,2384.389,0,1836.300,0,220.036,3608,5216,0.710,1.050,1.010,1,0,0,0,0,18,295,0,59,2
26-06 02:03:27,4.267,1.757,92.111,1.506,0,5500592,124184,194812,2183488,5240.550,1626.378,0,9477.164,0,735.886,2500,3904,0.710,1.050,1.010,1,0,0,0,0,18,294,0,60,2
26-06 02:03:28,12.409,1.489,82.890,0.993,0,5500768,123932,194812,2183564,13901.777,3894.364,0,1274.627,0,168.759,3681,5078,0.710,1.050,1.010,0,0,0,0,0,18,295,0,62,2
26-06 02:03:29,10.527,2.005,84.971,0.501,0,5502768,121664,194816,2183828,4599.941,1461.795,0,1062.759,0,127.331,3425,4725,0.710,1.050,1.010,1,0,1.003,0,0,18,295,0,62,2
26-06 02:03:30,13.755,3.251,81.279,0.750,0,5503296,160336,193044,2146596,4333.538,2521.895,16.006,1164.413,1.000,139.049,3405,4603,0.710,1.050,1.010,0,0,0,0,0,18,295,0,65,2
26-06 02:03:31,6.276,1.757,90.622,0.502,0,5505168,158596,193048,2146556,5525.669,1530.278,0,698.867,0,75.309,2063,2871,0.650,1.030,1,1,0,0,0,0,18,295,0,66,2
26-06 02:03:32,12.200,4.980,79.924,0.249,0,5508780,198160,191180,2106352,5982.609,2156.209,55.773,983.988,0.996,129.472,4282,10540,0.650,1.030,1,0,0,35.854,0,0,18,295,0,67,2
26-06 02:03:33,9.748,2.250,84.983,1.000,0,5509664,197060,191200,2106532,4118.189,786.845,0,1551.695,0,144.971,3225,4555,0.650,1.030,1,0,0,0,0,0,18,295,0,70,2
26-06 02:03:34,12.503,2.000,84.019,0.500,0,5510592,196052,191208,2106604,9928.274,3232.741,0,1280.293,0,151.035,3326,4601,0.650,1.030,1,0,0,0,0,0,18,295,0,72,2
26-06 02:03:35,10.766,2.504,84.375,1.001,0,5511308,195308,191216,2106624,6869.151,1526.255,0,1149.699,0,127.188,3748,5284,0.650,1.030,1,3,0,1.001,0,0,18,296,0,74,2
26-06 02:03:36,27.710,4.993,63.158,1.997,0,5514584,191588,191260,2107024,6008.242,1617.642,0,7756.694,0,598.128,7221,11123,1.080,1.110,1.030,1,0,2.996,0,0,18,296,0,72,2
26-06 02:03:37,26.764,5.503,64.283,1.501,0,5513600,192324,191292,2107240,5250.711,1458.753,32.017,3737.930,1.001,347.179,7979,11926,1.080,1.110,1.030,1,0,2.001,0,0,18,296,0,73,2
26-06 02:03:38,19.216,4.991,71.625,1.248,0,5514960,190564,191300,2107636,4883.477,1509.366,0,2647.380,0,230.598,6541,9456,1.080,1.110,1.030,0,0,5.990,0,0,18,295,0,74,2
26-06 02:03:39,8.030,2.509,87.830,0.753,0,5514960,190564,191340,2107596,4563.169,1571.914,0,1630.133,0,144.544,2554,3670,1.080,1.110,1.030,2,0,1.004,0,0,18,294,0,76,2
26-06 02:03:40,7.724,1.744,88.455,0.997,0,5515568,189808,191348,2107736,5940.180,2582.383,0,1331.557,0,118.604,2739,4016,1.080,1.110,1.030,0,0,0,0,0,18,295,0,69,2
26-06 02:03:41,8.506,1.501,87.562,0.751,0,5510168,195148,191356,2107788,5872.132,2511.767,0,1709.203,0,184.130,3047,4741,1.070,1.110,1.030,2,0,0,0,0,18,295,0,73,2
26-06 02:03:42,11.997,2.250,82.982,1.000,0.250,5510056,195148,191360,2107896,5593.782,2082.546,0,1659.639,0,174.962,3894,5500,1.070,1.110,1.030,0,0,0,0,0,18,295,0,74,2
26-06 02:03:43,9.538,1.506,86.591,1.255,0,5501164,204036,191368,2107892,5617.146,2091.245,0,10866.843,0,1041.105,3480,4798,1.070,1.110,1.030,1,0,0,0,0,18,295,0,77,2
26-06 02:03:44,3.745,1.498,92.628,0.999,0,5501056,204036,191400,2107968,10310.401,2831.266,0,1585.908,0,174.769,2084,3131,1.070,1.110,1.030,3,0,0,0,0,18,296,0,76,2
26-06 02:03:45,25.691,4.989,63.605,1.746,0,5501004,203532,191480,2108444,4994.618,1616.317,15.964,3635.715,0.998,384.125,7986,12284,1.070,1.110,1.030,1,0,0.998,0,0,18,296,0,76,2
26-06 02:03:46,25.565,5.514,66.418,1.754,0,5501444,202776,191532,2108708,5414.718,1461.703,0,2722.898,0,320.813,7521,11144,1.070,1.110,1.030,1,0,0,0,0,18,296,0,76,2
26-06 02:03:47,24.733,5.496,66.453,1.499,0,5502724,201012,191568,2109156,4856.580,1618.860,15.989,2278.396,0.999,236.833,7543,10696,1.070,1.110,1.030,1,0,0,0,0,18,296,0,76,2
26-06 02:03:48,24.962,5.242,64.900,2.247,0,5502604,201012,191608,2109236,5110.163,1455.767,0,4281.434,0,418.358,8091,12214,1.070,1.110,1.030,1,0,0,0,0,18,296,0,72,2
26-06 02:03:49,24.069,5.014,65.940,2.006,0,5503656,199500,191676,2109628,4513.030,1666.812,0,7080.443,0,526.520,8618,13241,1.070,1.110,1.030,1,0,1.003,0,0,18,296,0,72,2
26-06 02:03:50,23.968,5.742,66.660,1.748,0,5503524,199248,191720,2109968,4577.809,1521.942,0,2880.105,0,289.608,7582,11186,1.070,1.110,1.030,1,0,0,0,0,18,296,0,72,2
26-06 02:03:51,25.206,4.742,65.386,1.997,0,5503720,198772,191768,2110200,3988.034,1455.458,0,2623.418,0,333.418,7638,11567,1.140,1.130,1.030,1,0,0,0,0,18,296,0,72,2
26-06 02:03:52,23.488,4.748,67.717,1.000,0,5505592,196504,191812,2110552,4635.711,1499.260,0,2122.952,0,181.910,7283,10295,1.140,1.130,1.030,1,0,0,0,0,18,296,0,74,2
26-06 02:03:53,5.247,2.748,89.441,0.750,0,5518724,183304,191848,2110584,4634.951,1457.042,0,1538.988,0,145.904,2725,4019,1.140,1.130,1.030,0,0,0,0,0,18,295,0,74,2
26-06 02:03:54,6.755,1.751,87.067,2.252,0,5518632,183304,191900,2110624,4401.410,1459.130,32.025,7041.455,1.001,461.357,3215,5146,1.140,1.130,1.030,0,0,0,0,0,18,295,0,74,2
26-06 02:03:55,14.253,3.251,79.516,0.750,0,5519104,182548,191916,2110892,5679.143,2416.486,0,1732.349,0,223.045,4024,5776,1.140,1.130,1.030,0,0,0,0,0,18,295,0,77,2
26-06 02:03:56,12.250,1.500,85.251,0.250,0,5520484,181164,191920,2110892,5177.033,1620.010,0,560.004,0,38.000,2463,2942,1.050,1.110,1.030,1,0,0,0,0,18,296,0,77,2
26-06 02:03:57,9.499,1.500,85.738,1.250,0,5520372,181164,191920,2111004,12367.290,3459.522,0,1339.815,0,163.977,3181,4531,1.050,1.110,1.030,0,0,0,0,0,18,295,0,78,2
26-06 02:03:58,6.750,2.000,89.499,0.250,0,5519408,182100,191920,2111032,10765.906,2888.975,0,7275.937,0,913.992,2658,3114,1.050,1.110,1.030,0,0,0,0,0,18,295,0,79,2
26-06 02:03:59,12.997,1.999,82.729,1.000,0,5519828,181416,191936,2111280,4794.768,1565.598,0,1227.685,0,136.965,3532,4732,1.050,1.110,1.030,0,0,1.000,0,0,18,295,0,80,2
26-06 02:04:00,10.295,2.260,85.875,0.502,0,5528144,173100,191948,2111268,5122.376,1627.108,0,1120.896,0,132.579,2734,3838,1.050,1.110,1.030,4,0,0,0,0,18,294,0,81,2
26-06 02:04:01,4.731,0.996,91.636,0.498,0,5528036,173100,191952,2111372,6849.822,2567.812,0,928.317,0,89.644,2045,2949,1.290,1.160,1.040,0,0,0,0,0,18,295,0,81,2
26-06 02:04:02,15.501,3.250,78.255,1.500,0,5526832,174068,191980,2111580,6536.394,2577.155,0,1888.114,0,213.013,4021,5522,1.290,1.160,1.040,0,0,0,0,0,18,295,0,85,2
26-06 02:04:03,7.748,1.000,89.729,0.500,0,5526704,174100,192012,2111644,5184.814,1619.629,0,1763.596,0,98.977,2387,3323,1.290,1.160,1.040,0,0,0,0,0,18,295,0,87,2
26-06 02:04:04,8.002,1.750,88.772,0.500,0,5526952,173852,192032,2111624,5647.428,1566.396,0,860.218,0,73.018,2200,2855,1.290,1.160,1.040,0,0,0,0,0,18,295,0,88,2
26-06 02:04:05,5.497,0.999,91.452,0.250,0,5526876,173852,192040,2111692,5780.935,1577.164,0,687.635,0,59.968,1839,2440,1.290,1.160,1.040,1,0,0,0,0,18,294,0,91,2
26-06 02:04:06,16.003,2.751,76.765,2.250,0,5527148,173388,192140,2111784,14023.794,3923.782,0,6981.391,0,532.106,4922,7181,1.260,1.150,1.040,0,0,2.000,0,0,18,295,0,94,2
26-06 02:04:07,15.738,3.997,77.940,0.749,0.250,5527256,173136,192148,2111920,6203.251,1456.885,0,1370.950,0,131.899,4869,6759,1.260,1.150,1.040,1,0,0,0,0,18,296,0,94,2
26-06 02:04:08,25.845,5.520,63.984,2.760,0,5526784,173136,192156,2112384,5239.183,1625.953,0,3801.921,0,488.790,8268,13111,1.260,1.150,1.040,1,0,0,0,0,18,296,0,94,2
26-06 02:04:09,23.728,5.495,67.436,1.249,0,5528180,171624,192172,2112484,4393.838,1456.620,0,1898.202,0,177.832,7388,10859,1.260,1.150,1.040,1,0,0.999,0,0,18,297,0,95,2
26-06 02:04:10,5.961,1.490,89.164,0.993,0,5527948,171624,192176,2112712,4301.751,1609.431,0,2157.830,0,152.002,2618,3973,1.260,1.150,1.040,0,0,0,0,0,18,295,0,95,2
26-06 02:04:11,16.325,3.265,75.848,2.009,0,5527848,171624,192196,2112792,5801.604,2431.148,0,7253.260,0,535.455,4760,7220,1.320,1.170,1.050,1,0,0,0,0,18,295,0,99,2
26-06 02:04:12,8.245,1.499,87.698,0.500,0,5529576,169860,192212,2112812,4857.109,1619.036,0,679.596,0,66.960,2295,3018,1.320,1.170,1.050,0,0,0,0,0,18,298,0,101,2
26-06 02:04:13,14.755,2.251,81.029,0.500,0,5529584,169620,192236,2113004,10788.827,3792.345,0,1032.366,0,107.038,3345,4172,1.320,1.170,1.050,1,0,0,0,0,18,299,0,92,2
26-06 02:04:14,4.002,1.001,94.049,0.250,0,5529568,169620,192240,2113016,6483.392,1984.038,0,428.224,0,22.012,1286,1576,1.320,1.170,1.050,0,0,0,0,0,18,299,0,93,2
26-06 02:04:15,5.498,1.250,92.474,0,0,5529568,169620,192240,2113016,6753.109,2130.403,0,879.754,0,105.970,1870,2572,1.320,1.170,1.050,1,0,0,0,0,18,299,0,94,2
26-06 02:04:16,4.507,0.751,93.388,0.250,0,5529532,169620,192244,2113048,5036.466,1514.245,0,412.612,0,23.034,1378,1780,1.220,1.150,1.040,2,0,0,0,0,18,300,0,95,2
26-06 02:04:17,11.976,2.246,83.584,0.749,0,5529460,169620,192264,2113100,12031.076,3399.241,0,1185.642,0,144.712,3187,4338,1.220,1.150,1.040,0,0,0,0,0,18,299,0,93,2
26-06 02:04:18,8.984,1.747,87.599,0.499,0,5531056,167856,192264,2113268,9984.772,3338.240,0,582.994,0,48.916,2257,2808,1.220,1.150,1.040,0,0,0,0,0,18,299,0,96,2
26-06 02:04:19,6.037,1.258,90.557,0.755,0,5525572,173328,192284,2113260,6293.695,2045.577,0,6503.988,0,850.227,2918,3664,1.220,1.150,1.040,1,0,1.006,0,0,18,299,0,98,2
26-06 02:04:20,10.714,2.243,84.719,0.997,0,5525524,173204,192304,2113412,10812.110,2641.233,0,1367.461,0,137.543,3695,5061,1.220,1.150,1.040,1,0,0,0,0,18,300,0,98,2
26-06 02:04:21,27.010,4.752,63.023,2.751,0,5525580,172728,192412,2113724,5322.981,1524.567,0,4405.639,0,510.190,8679,13634,1.200,1.140,1.040,2,0,0,0,0,18,300,0,88,2
26-06 02:04:22,24.187,4.987,66.576,1.247,0,5525184,172728,192456,2114076,4907.176,1615.777,0,6574.818,0,445.835,8139,12727,1.200,1.140,1.040,1,0,0,0,0,18,300,0,88,2
26-06 02:04:23,9.017,2.004,86.413,1.252,0,5525368,172480,192476,2114120,4646.790,1460.763,0,2140.048,0,190.360,3497,5249,1.200,1.140,1.040,0,0,0,0,0,18,299,0,88,2
26-06 02:04:24,12.750,2.500,82.748,0.500,0,5525508,172228,192496,2114212,10433.687,2996.910,0,2707.919,0,150.995,3825,5103,1.200,1.140,1.040,1,0,0,0,0,18,299,0,89,2
26-06 02:04:25,11.041,2.760,83.309,1.004,0,5525588,171976,192520,2114360,10557.172,2845.558,0,1349.005,0,145.540,4296,6273,1.200,1.140,1.040,2,0,0,0,0,18,301,0,89,2
26-06 02:04:26,26.735,5.247,63.714,2.249,0,5525952,170716,192600,2115176,4934.200,1619.081,0,4973.178,0,538.694,8978,14033,1.100,1.130,1.040,2,0,0,0,0,18,300,0,90,2
26-06 02:04:27,31.401,7.477,56.074,2.492,0,5537668,149572,192748,2124416,5871.578,1672.752,8660.827,2819.155,178.440,235.262,8261,11671,1.100,1.130,1.040,3,0,14.953,0,0,18,301,1,91,2
26-06 02:04:28,12.751,3.750,79.007,2.500,0,5538036,149068,192748,2124552,7372.654,2570.228,0,7224.641,0,563.050,4925,7554,1.100,1.130,1.040,0,0,0,0,0,18,299,1,92,2
26-06 02:04:29,14.550,2.759,80.025,1.254,0,5538932,148060,192780,2124632,5111.550,1659.698,0,2227.648,0,226.779,4026,5712,1.100,1.130,1.040,1,0,1.003,0,0,18,299,1,87,2
26-06 02:04:30,7.715,2.737,86.104,0.995,0,5539380,147556,192800,2124668,3730.838,1094.963,31.853,1226.359,0.995,128.409,2807,4043,1.100,1.130,1.040,1,0,0,0,0,18,300,1,87,2
26-06 02:04:31,7.750,1.250,88.254,0.750,0,5539956,146800,192816,2124832,6383.267,2626.110,0,1540.064,0,145.006,2840,4193,1.170,1.140,1.040,0,0,0,0,0,18,299,1,88,2
26-06 02:04:32,18.099,5.782,73.401,1.005,0,5569264,153860,190960,2094036,6173.717,2736.948,0,2220.125,0,238.301,5138,9261,1.170,1.140,1.040,2,0,35.192,0,0,18,299,1,89,2
26-06 02:04:33,16.715,3.742,76.090,0.998,0,5554200,168820,190960,2091744,11684.425,3606.415,0,1033.826,0,89.811,4263,9726,1.170,1.140,1.040,1,0,1.996,0,0,18,299,1,82,2
26-06 02:04:34,5.736,1.496,90.528,0.499,0,5554144,168820,190976,2091784,10408.525,3063.502,0,1300.816,0,118.709,2268,3331,1.170,1.140,1.040,1,0,0,0,0,18,300,1,82,2
26-06 02:04:35,7.991,1.998,86.657,0.749,0,5554080,168820,190984,2091840,11234.901,3294.452,0,1394.498,0,158.829,3329,4846,1.170,1.140,1.040,0,0,0,0,0,18,299,1,82,2
26-06 02:04:36,9.761,2.253,84.849,2.002,0,5554008,168820,191040,2091856,11980.026,3464.056,0,6527.643,0,469.550,3981,6076,1.160,1.140,1.040,0,0,0,0,0,18,299,1,82,2
26-06 02:04:37,9.254,2.251,86.036,1.251,0,5553816,168820,191064,2092024,12314.107,3461.435,0,1312.544,0,156.065,3479,4797,1.160,1.140,1.040,0,0,1.000,0,0,18,299,1,78,2
26-06 02:04:38,16.565,4.769,76.299,0.753,0,5555052,167320,191104,2092248,5240.506,1700.655,0,1558.097,0,183.719,5500,8009,1.160,1.140,1.040,2,1,9.035,0,0,18,300,1,79,2
26-06 02:04:39,27.228,5.745,62.950,1.998,0,5555152,166844,191148,2092580,5036.001,1618.715,0,3828.960,0,434.655,8625,13191,1.160,1.140,1.040,1,0,2.998,0,0,18,300,1,82,2
26-06 02:04:40,24.673,4.985,67.042,1.495,0,5554860,166684,191168,2093012,4785.129,1614.981,95.703,10339.866,4.985,1310.926,8340,11526,1.160,1.140,1.040,2,0,0,0,0,18,299,1,82,2
26-06 02:04:41,25.750,4.500,65.499,2.000,0,5554744,166432,191192,2093356,5014.942,1457.983,0,3511.960,0,315.996,8228,11995,1.150,1.140,1.040,3,0,0,0,0,18,300,1,75,2
26-06 02:04:42,26.511,6.002,63.276,3.001,0,5553224,167472,191232,2093796,4621.873,1620.657,0,8503.446,0,745.302,9135,14632,1.150,1.140,1.040,1,0,0,0,0,18,300,1,75,2
26-06 02:04:43,24.019,4.754,67.804,1.001,0.250,5554972,165456,191252,2094044,4401.483,1459.155,0,2377.881,0,206.163,7519,10827,1.150,1.140,1.040,1,0,0,0,0,18,300,1,76,2
26-06 02:04:44,9.735,1.997,85.117,0.998,0,5555596,164700,191268,2094160,5531.341,2562.988,0,2396.249,0,224.648,3433,5201,1.150,1.140,1.040,0,0,0.998,0,0,18,299,1,77,2
26-06 02:04:45,7.498,1.750,87.476,1.250,0,5555664,164448,191272,2094340,5687.464,2340.368,0,1891.489,0,189.949,2912,4243,1.150,1.140,1.040,0,0,0,0,0,18,299,1,73,2
26-06 02:04:46,10.242,2.498,84.185,0.999,0.250,5556560,163468,191276,2094420,6337.131,2502.078,0,1986.474,0,214.835,3470,4954,1.060,1.120,1.040,0,0,0,0,0,18,299,1,73,2
26-06 02:04:47,6.756,1.251,90.575,0.250,0,5556544,163468,191284,2094428,4717.925,1930.606,0,1012.843,0,70.058,2092,2694,1.060,1.120,1.040,0,0,0,0,0,18,299,1,75,2
26-06 02:04:48,4.754,1.251,92.079,0.751,0,5556488,163468,191292,2094476,6014.184,1687.454,0,908.783,0,91.079,2084,3024,1.060,1.120,1.040,3,0,0,0,0,18,300,1,75,2
26-06 02:04:49,6.981,2.244,87.008,1.994,0,5556408,163468,191312,2094536,6391.259,2404.326,0,5337.185,0,385.929,3304,5045,1.060,1.120,1.040,0,0,0.997,0,0,18,299,1,76,2
26-06 02:04:50,6.513,1.503,89.178,0.501,0,5555352,164464,191320,2094588,5982.917,2195.373,0,5514.985,0,689.373,2606,3469,1.060,1.120,1.040,0,0,0,0,0,18,299,1,76,2
26-06 02:04:51,9.503,1.751,86.775,0.750,0,5555620,164044,191336,2094724,5577.616,2114.613,0,1564.453,0,161.047,3122,4525,0.970,1.100,1.030,0,0,0,0,0,18,299,1,78,2
26-06 02:04:52,7.248,1.750,89.229,0.750,0,5555980,163540,191360,2094844,5883.591,1812.566,0,1139.727,0,128.969,2692,3725,0.970,1.100,1.030,0,0,0,0,0,18,299,1,80,2
26-06 02:04:53,9.006,1.751,86.804,1.001,0,5555756,163540,191380,2095048,6635.136,2504.561,0,1388.866,0,174.109,3258,4775,0.970,1.100,1.030,1,0,0,0,0,18,299,1,81,2
26-06 02:04:54,4.502,1.000,92.792,0.250,0,5555692,163540,191384,2095108,4622.070,2017.904,0,704.315,0,50.022,1807,2468,0.970,1.100,1.030,1,0,0,0,0,18,299,1,79,2
26-06 02:04:55,4.240,1.247,92.779,0.998,0,5555644,163540,191388,2095152,5880.985,1681.992,0,2777.381,0,133.681,2322,3586,0.970,1.100,1.030,1,0,0,0,0,18,300,1,79,2
26-06 02:04:56,14.015,3.253,79.582,1.251,0,5556000,163040,191408,2095276,5996.215,1922.993,0,1813.880,0,203.211,4351,6082,0.970,1.100,1.030,0,0,2.002,0,0,18,299,1,79,2
26-06 02:04:57,9.249,1.500,86.737,0.750,0,5555988,163040,191420,2095320,11947.254,3459.494,0,1243.818,0,131.981,3036,4077,0.970,1.100,1.030,2,0,0,0,0,18,299,1,80,2
26-06 02:04:58,12.013,2.503,81.835,1.502,0,5556216,162788,191444,2095320,4582.782,1459.523,0,6282.556,0,411.429,4521,7035,0.970,1.100,1.030,3,0,0,0,0,18,300,1,73,2
26-06 02:04:59,26.016,5.754,63.289,2.251,0,5556584,161780,191504,2095900,4682.879,1620.997,0,3041.870,0,400.246,8735,13649,0.970,1.100,1.030,4,0,2.001,0,0,18,300,1,73,2
26-06 02:05:00,23.813,4.763,68.932,0.752,0,5558520,159764,191520,2095964,4469.785,1461.854,0,1748.611,0,169.447,7227,10332,0.970,1.100,1.030,2,0,0,0,0,18,301,1,74,2
26-06 02:05:01,9.453,2.488,84.086,1.493,0,5558460,159512,191540,2096256,4912.817,1612.065,15.922,1970.301,0.995,208.971,3331,5003,1.300,1.160,1.050,1,0,0,0,0,18,299,1,75,2
26-06 02:05:02,16.500,6.250,73.750,1.250,0.250,5545280,165084,191564,2103824,5219.982,1619.994,40.000,7215.975,4.000,935.997,5247,6893,1.300,1.160,1.050,0,0,5.000,0,0,18,299,1,69,2
26-06 02:05:03,7.792,2.011,87.977,1.005,0,5544144,166164,191584,2103860,4844.247,1540.346,0,1395.562,0,128.697,2768,3828,1.300,1.160,1.050,2,0,0,0,0,18,300,1,69,2
26-06 02:05:04,24.501,5.250,63.502,3.250,0,5543980,165940,191668,2104164,5690.208,1620.059,0,9964.365,0,809.030,9069,14446,1.300,1.160,1.050,1,0,0,0,0,18,300,1,69,2
26-06 02:05:05,23.866,5.469,66.378,1.243,0,5543736,165848,191680,2104488,4791.114,1449.864,0,2923.594,0,289.376,7740,11529,1.300,1.160,1.050,1,0,0,0,0,18,300,1,69,2
26-06 02:05:06,25.035,5.007,67.344,1.252,0,5543856,165452,191692,2104752,5688.961,1526.136,0,2327.257,0,185.259,7107,10132,1.270,1.160,1.050,2,0,2.003,0,0,18,300,1,56,2
26-06 02:05:07,25.471,5.244,63.676,2.247,0,5543828,164948,191740,2105236,5513.621,1618.128,0,3184.316,0,388.550,8186,12367,1.270,1.160,1.050,2,0,0,0,0,18,300,1,56,2
26-06 02:05:08,23.517,5.004,67.300,1.501,0,5544600,163940,191788,2105424,5464.045,1621.200,0,7549.589,0,516.382,7530,11456,1.270,1.160,1.050,0,0,0,0,0,18,300,1,60,2
26-06 02:05:09,3.765,1.255,92.881,0,0,5544732,163688,191788,2105544,4759.545,1626.680,0,321.319,0,15.062,1458,1804,1.270,1.160,1.050,2,0,1.004,0,0,18,300,1,61,2
26-06 02:05:10,25.421,5.981,64.300,2.492,0,5544116,163940,191840,2105856,4426.210,1614.968,0,2719.527,0,368.851,8000,12581,1.270,1.160,1.050,1,0,0,0,0,18,300,1,60,2
26-06 02:05:11,24.067,5.265,66.185,1.254,0,5544764,163184,191860,2105944,4710.194,1624.551,0,2831.933,0,253.711,7786,11348,1.250,1.150,1.050,1,0,0,0,0,18,300,1,63,2
26-06 02:05:12,24.172,4.735,67.533,1.495,0,5545184,162176,191876,2106516,4724.811,1614.809,0,2523.887,0,282.093,7970,11610,1.250,1.150,1.050,0,1,0,0,0,18,300,1,63,2
26-06 02:05:13,26.347,5.771,64.237,2.760,0,5545292,161924,191940,2106596,4884.032,1692.248,0,4103.149,0,504.864,8788,13978,1.250,1.150,1.050,2,0,0,0,0,18,300,1,63,2
26-06 02:05:14,24.659,4.234,66.005,1.494,0,5544916,161672,192048,2107116,4441.533,1452.614,0,7603.809,0,540.994,7669,11764,1.250,1.150,1.050,2,0,0,0,0,18,300,1,53,2
26-06 02:05:15,24.550,4.760,67.888,1.503,0,5545820,160292,192092,2107548,4873.878,1717.481,0,2248.557,0,222.451,7726,11067,1.250,1.150,1.050,2,0,0,0,0,18,300,1,56,2
26-06 02:05:16,12.219,3.741,80.548,0.998,0,5545708,160040,192124,2107880,5964.065,2564.578,0,11120.152,0,244.388,4005,5770,1.390,1.190,1.060,0,0,0,0,0,18,299,1,57,2
26-06 02:05:17,9.008,1.501,87.577,0.751,0,5545636,160040,192140,2107936,10054.882,3234.857,0,1533.354,0,171.151,2815,3911,1.390,1.190,1.060,0,0,0,0,0,18,299,1,57,2
26-06 02:05:18,12.497,2.749,81.732,1.000,0,5554632,150996,192156,2107968,6251.594,2569.422,0,1283.711,0,136.969,3413,4725,1.390,1.190,1.060,1,0,0,0,0,18,299,1,50,2
26-06 02:05:19,7.245,1.749,89.683,0.250,0,5546824,158584,192164,2108180,6081.482,1522.869,15.988,819.391,0.999,75.944,2363,3109,1.390,1.190,1.060,1,0,0.999,0,0,18,300,1,50,2
26-06 02:05:20,13.257,3.002,80.546,1.751,0,5546688,158584,192208,2108272,4802.714,1620.916,0,2101.188,0,278.157,4405,6463,1.390,1.190,1.060,1,0,0,0,0,18,299,1,50,2
26-06 02:05:21,7.245,1.999,87.945,1.249,0,5546588,158584,192228,2108352,11742.654,3361.897,0,1742.910,0,173.891,2935,4339,1.280,1.170,1.050,0,0,0,0,0,18,299,1,50,2
26-06 02:05:22,23.260,4.502,69.029,2.501,0,5546480,158584,192312,2108376,3427.464,486.208,0,7423.171,0,595.254,7216,11030,1.280,1.170,1.050,3,0,0,0,0,18,300,1,49,2
26-06 02:05:23,27.255,6.001,62.262,2.250,0.250,5546660,157832,192388,2108872,4434.867,1134.222,32.006,4444.869,1.000,514.101,8516,13324,1.280,1.170,1.050,2,0,0,0,0,18,300,1,49,2
26-06 02:05:24,24.227,4.995,65.937,1.249,0,5546888,157328,192404,2109132,4707.479,1510.549,0,2485.613,0,269.741,7582,11270,1.280,1.170,1.050,3,0,0,0,0,18,300,1,50,2
26-06 02:05:25,23.489,4.998,67.969,1.499,0,5547812,156068,192424,2109448,10913.094,3829.278,0,2314.959,0,256.885,6925,9847,1.280,1.170,1.050,2,0,0,0,0,18,299,1,51,2
26-06 02:05:26,8.041,2.261,87.946,1.005,0,5547424,156068,192436,2109824,6449.732,1586.049,369.877,2946.956,12.061,128.653,2754,3914,1.260,1.160,1.050,2,0,0,0,0,18,300,1,48,2
26-06 02:05:27,14.442,3.486,76.445,2.241,0,5547540,155312,192472,2110424,12545.020,3392.484,454.190,7179.397,6.972,506.980,5381,8060,1.260,1.160,1.050,0,0,0.996,0,0,18,299,0,48,2
26-06 02:05:28,14.258,3.502,80.293,0.750,0,5547400,155312,192488,2110548,5583.023,1620.878,0,2257.222,0,207.112,4696,6647,1.260,1.160,1.050,2,0,0,0,0,18,300,0,48,2
26-06 02:05:29,26.008,6.002,63.271,2.501,0,5547004,155312,192516,2110916,5401.756,1620.527,0,4041.314,0,458.149,8570,13622,1.260,1.160,1.050,1,0,1.000,0,0,18,300,0,48,2
26-06 02:05:30,22.802,4.761,68.657,0.752,0,5546968,155060,192528,2111192,5023.459,1655.777,0,1996.554,0,182.416,7220,10393,1.260,1.160,1.050,1,0,0,0,0,18,300,0,46,2
26-06 02:05:31,13.456,2.990,80.488,1.246,0,5547100,154584,192548,2111516,5967.593,2615.494,0,7435.818,0,511.337,4316,6426,1.480,1.210,1.070,0,0,0,0,0,18,299,0,47,2
26-06 02:05:32,10.501,1.750,85.755,0.750,0,5547260,154332,192556,2111600,14129.744,4655.245,0,1480.078,0,128.007,2972,3851,1.480,1.210,1.070,0,0,0,0,0,18,299,0,48,2
26-06 02:05:33,19.754,6.001,71.765,0.750,0,5556304,179752,191012,2078692,19213.025,5283.107,0,1696.355,0,172.036,5318,12102,1.480,1.210,1.070,0,0,36.008,0,0,18,299,0,49,2
26-06 02:05:34,8.258,2.502,85.828,1.501,0,5553864,182084,191028,2078784,20233.486,5206.757,0,5957.443,0,379.347,3112,4446,1.480,1.210,1.070,1,0,0,0,0,18,300,0,46,2
26-06 02:05:35,12.725,1.747,82.088,0.749,0,5554316,181580,191032,2078832,12105.181,3453.205,0,1277.486,0,126.751,3081,4071,1.480,1.210,1.070,0,0,0,0,0,18,299,0,46,2
26-06 02:05:36,17.338,3.769,77.393,1.005,0,5554228,181328,191044,2079160,5746.215,1628.279,0,1937.853,0,215.094,5543,8246,1.360,1.190,1.060,1,0,0,0,0,18,300,0,46,2
26-06 02:05:37,25.001,5.500,64.503,2.500,0,5554648,180600,191068,2079444,4560.213,1620.076,0,4412.206,0,473.022,8252,12703,1.360,1.190,1.060,1,0,0,0,0,18,300,0,46,2
26-06 02:05:38,24.458,4.991,66.885,0.749,0,5556852,178104,191072,2079732,5270.955,1617.225,0,1992.581,0,178.693,7524,10693,1.360,1.190,1.060,2,0,6.988,0,0,18,301,0,49,2
26-06 02:05:39,12.222,4.240,80.314,1.247,0,5560568,174100,191088,2080004,5618.982,2468.281,0,2582.018,0,264.387,4012,6164,1.360,1.190,1.060,0,0,3.991,0,0,18,299,0,49,2
26-06 02:05:40,12.247,1.500,83.979,1.000,0,5560252,174236,191088,2080184,10377.457,3062.250,0,1751.571,0,177.956,3617,4935,1.360,1.190,1.060,2,0,2.000,0,0,18,299,0,51,2
26-06 02:05:41,10.996,2.499,82.968,0.750,0,5560416,174012,191100,2080232,10207.026,3338.700,0,1727.328,0,170.933,3446,4768,1.250,1.170,1.060,0,0,0,0,0,18,299,0,51,2
26-06 02:05:42,9.010,2.753,85.346,1.502,0,5560332,174012,191100,2080316,6127.888,1633.836,0,7260.160,0,378.425,3683,5704,1.250,1.170,1.060,1,0,0,0,0,18,300,0,52,2
26-06 02:05:43,26.986,5.747,62.966,1.999,0,5560076,174012,191124,2080548,4395.646,1511.191,0,4969.338,0,517.723,8491,13018,1.250,1.170,1.060,1,0,0,0,0,18,300,0,47,2
26-06 02:05:44,24.063,5.264,67.175,1.003,0,5559680,174012,191144,2080924,4543.839,1515.950,0,2153.611,0,221.577,7519,11216,1.250,1.170,1.060,1,0,0,0,0,18,300,0,49,2
26-06 02:05:45,19.737,3.997,72.701,1.749,0,5560372,173032,191144,2081212,6025.920,2567.262,0,2981.981,0,308.791,5771,8217,1.250,1.170,1.060,1,0,0,0,0,18,299,0,52,2
26-06 02:05:46,9.480,1.247,86.572,0.748,0,5560372,173032,191152,2081204,6251.121,2371.115,0,1484.941,0,133.724,2753,3666,1.150,1.150,1.050,0,0,0,0,0,18,299,0,52,2
26-06 02:05:47,7.280,2.259,88.609,0.502,0,5560128,173032,191168,2081432,10382.084,2552.346,0,1530.203,0,144.586,2843,3873,1.150,1.150,1.050,1,0,0,0,0,18,300,0,50,2
26-06 02:05:48,25.651,5.977,62.758,2.490,0,5560240,172780,191184,2081556,4648.073,1559.983,0,9232.393,0,777.003,8647,14260,1.150,1.150,1.050,1,0,0,0,0,18,300,0,50,2
26-06 02:05:49,27.609,5.271,64.506,1.757,0,5560336,172024,191232,2082168,4730.757,1518.019,0,3297.073,0,284.127,7785,11515,1.150,1.150,1.050,2,0,1.004,0,0,18,300,0,50,2
26-06 02:05:50,23.754,5.001,67.512,1.250,0,5561060,171016,191272,2082412,4518.771,1500.256,0,2052.350,0,249.042,7543,11302,1.150,1.150,1.050,1,0,0,0,0,18,300,0,51,2
26-06 02:05:51,25.659,4.484,64.522,2.242,0.249,5561032,170764,191400,2082564,4560.886,1656.149,0,3890.256,0,426.493,8204,12447,1.220,1.160,1.060,1,0,0,0,0,18,300,0,48,2
26-06 02:05:52,23.721,4.994,67.416,0.999,0,5561692,169504,191472,2083092,4660.224,1564.061,0,7910.196,0,407.495,7146,10362,1.220,1.160,1.060,1,0,0,0,0,18,300,0,49,2
26-06 02:05:53,8.001,3.000,84.763,2.250,0,5561840,168496,191556,2083868,5692.892,2475.388,0,6985.094,0,510.080,3743,6267,1.220,1.160,1.060,1,0,0,0,0,18,299,0,51,2
26-06 02:05:54,7.002,1.000,89.025,0.500,0,5561848,168244,191588,2084080,6092.743,2520.721,0,1408.403,0,143.041,2605,3756,1.220,1.160,1.060,0,0,0,0,0,18,299,0,51,2
26-06 02:05:55,11.499,2.500,83.243,1.000,0,5561644,168244,191612,2084260,5720.544,2148.829,0,1523.879,0,158.987,3666,5099,1.220,1.160,1.060,0,0,0,0,0,18,299,0,46,2
26-06 02:05:56,7.503,1.501,89.040,0.500,0,5561828,167992,191632,2084308,10889.908,3395.530,0,1272.574,0,129.058,2536,3672,1.120,1.140,1.050,0,0,0,0,0,18,299,0,46,2
26-06 02:05:57,6.756,1.752,88.828,1.001,0,5562024,167740,191648,2084348,6186.431,1687.481,0,1409.237,0,152.134,3101,4519,1.120,1.140,1.050,2,0,0,0,0,18,300,0,46,2
26-06 02:05:58,26.080,6.019,64.699,2.006,0,5561900,167488,191728,2084644,5175.930,1625.001,0,4212.967,0,477.470,8548,13594,1.120,1.140,1.050,6,0,0,0,0,18,300,0,47,2
26-06 02:05:59,24.224,5.244,67.178,1.249,0,5563040,165976,191756,2084988,4864.762,1618.258,31.966,2892.885,0.999,272.706,7758,11756,1.120,1.140,1.050,1,0,0.999,0,0,18,300,0,46,2
26-06 02:06:00,21.649,4.728,68.928,1.493,0,5563716,164968,191772,2085304,4775.683,2480.409,15.926,3013.916,0.995,303.581,7376,10859,1.120,1.140,1.050,0,0,0,0,0,18,299,0,48,2
26-06 02:06:01,8.010,2.253,87.604,1.001,0.250,5563904,164716,191808,2085332,6010.147,1977.351,0,5602.662,0,408.486,3283,5179,1.110,1.140,1.050,0,0,0,0,0,18,299,0,48,2
26-06 02:06:02,4.999,2.000,89.740,1.000,0,5563788,164716,191824,2085432,11521.730,3062.662,0,2591.714,0,179.980,2601,3724,1.110,1.140,1.050,2,0,0,0,0,18,300,0,48,2
26-06 02:06:03,24.530,5.256,65.329,2.002,0,5563980,164212,191872,2085696,5184.240,1459.757,0,4889.886,0,389.469,8264,12092,1.110,1.140,1.050,1,0,1.001,0,0,18,300,0,46,2
26-06 02:06:04,26.338,5.466,63.112,2.733,0,5564248,163468,191936,2086092,5287.476,1610.096,0,4472.489,0,491.974,8308,13036,1.110,1.140,1.050,2,0,0.994,0,0,18,300,0,46,2
26-06 02:06:05,25.905,4.024,66.900,1.258,0,5564752,162712,191964,2086316,5088.446,1466.776,0,2148.857,0,210.258,7089,10230,1.110,1.140,1.050,3,0,0,0,0,18,300,0,47,2
26-06 02:06:06,22.975,4.495,68.926,1.249,0,5565536,161464,192028,2086700,6460.080,2368.463,0,3072.708,0,300.678,6469,9330,1.100,1.140,1.050,0,0,0,0,0,18,299,0,48,2
26-06 02:06:07,9.251,2.250,86.259,0.750,0,5565924,160988,192040,2086776,7514.755,2033.204,0,6624.665,0,459.046,3330,4510,1.100,1.140,1.050,0,0,2.000,0,0,18,299,0,48,2
26-06 02:06:08,3.502,1.751,91.564,1.751,0,5566376,160484,192064,2086804,11774.186,2489.731,0,6560.561,0,388.270,2365,3672,1.100,1.140,1.050,1,0,0,0,0,18,300,0,48,2
26-06 02:06:09,9.016,1.503,87.156,1.002,0,5566192,160484,192064,2086988,11579.707,3303.908,0,1330.379,0,124.222,3033,4254,1.100,1.140,1.050,0,0,1.002,0,0,18,299,0,48,2
26-06 02:06:10,21.439,3.241,72.046,0.748,0,5567080,159476,192080,2087092,4906.142,1615.437,0,1691.223,0,170.518,5166,6739,1.100,1.140,1.050,1,0,0,0,0,18,300,0,50,2
26-06 02:06:11,25.365,6.027,64.542,2.511,0,5566968,159224,192116,2087420,4863.012,1530.930,16.073,3769.060,1.005,436.978,8442,13048,1.090,1.140,1.050,1,0,0,0,0,18,300,0,42,2
26-06 02:06:12,23.926,4.486,66.793,1.246,0,5568048,157964,192124,2087592,4844.956,1614.985,31.901,2922.924,0.997,284.118,7511,11100,1.090,1.140,1.050,1,0,0,0,0,18,300,0,43,2
26-06 02:06:13,24.001,5.000,66.254,2.000,0,5569356,156200,192148,2088024,5160.311,1620.098,0,7376.444,0,505.030,7514,11078,1.090,1.140,1.050,1,0,0,0,0,18,300,0,46,2
26-06 02:06:14,24.191,6.734,64.093,2.494,0,5570128,155188,192192,2088220,4806.254,1454.446,0,4229.663,0,480.825,8307,12875,1.090,1.140,1.050,5,0,0,0,0,18,300,0,46,2
26-06 02:06:15,25.308,4.510,67.404,1.002,0,5570572,154432,192208,2088516,5115.659,1717.915,0,2277.190,0,224.512,7790,11257,1.090,1.140,1.050,1,0,0,0,0,18,300,0,42,2
26-06 02:06:16,24.331,5.769,66.220,1.505,0,5570992,153676,192224,2088836,5254.444,1625.396,0,2753.140,0,296.986,7604,11265,1.080,1.130,1.050,3,0,0,0,0,18,300,0,42,2
26-06 02:06:17,25.968,5.993,65.418,1.748,0,5571652,152668,192236,2089172,5393.273,1617.982,0,3331.844,0,399.502,7940,12243,1.080,1.130,1.050,4,0,0,0,0,18,300,0,42,2
26-06 02:06:18,24.744,4.499,66.984,1.750,0,5571868,152164,192256,2089440,5218.780,1619.622,0,9413.800,0,575.865,7738,11526,1.080,1.130,1.050,3,0,0,0,0,18,299,0,45,2
26-06 02:06:19,24.945,4.740,66.854,1.497,0.249,5572132,151660,192264,2089672,4789.532,1616.467,0,2486.565,0,300.344,8010,11860,1.080,1.130,1.050,2,0,0.998,0,0,18,300,0,45,2
26-06 02:06:20,24.049,4.760,66.384,1.503,0,5572756,150652,192272,2090064,4629.340,1623.275,0,3246.550,0,355.718,8539,12996,1.080,1.130,1.050,1,0,0,0,0,18,300,0,42,2
26-06 02:06:21,21.959,4.492,70.619,1.497,0,5573484,149644,192292,2090324,6205.523,2566.254,0,2802.816,0,291.461,6455,9528,1.160,1.150,1.060,0,0,0,0,0,18,299,0,43,2
26-06 02:06:22,10.015,2.504,85.378,1.002,0,5573396,149644,192300,2090404,4885.319,1460.188,0,2011.013,0,194.291,3134,4661,1.160,1.150,1.060,2,0,0,0,0,18,299,0,44,2
26-06 02:06:23,5.000,1.500,91.509,0.750,0,5573548,149420,192308,2090468,5780.560,2570.249,0,7144.692,0,349.034,2520,3565,1.160,1.150,1.060,2,0,0,0,0,18,300,0,44,2
26-06 02:06:24,9.969,2.742,84.740,0.748,0,5573580,149168,192312,2090684,5481.184,2400.635,0,1910.140,0,185.431,3238,4800,1.160,1.150,1.060,0,0,0,0,0,18,299,0,44,2
26-06 02:06:25,15.015,2.753,80.079,1.251,0,5574248,148412,192324,2090760,11683.563,3715.677,0,2266.243,0,262.260,4089,6063,1.160,1.150,1.060,0,0,0,0,0,18,299,0,46,2
26-06 02:06:26,10.785,2.257,84.274,1.003,0,5576328,146144,192336,2090936,9600.229,4571.872,0,6268.391,0,442.439,3704,5681,1.070,1.130,1.050,0,0,0,0,0,18,300,0,47,2
26-06 02:06:27,8.224,1.994,86.974,0.748,0,5576216,146144,192340,2091044,19698.447,4314.300,0,1443.416,0,149.525,3223,4514,1.070,1.130,1.050,0,0,0,0,0,18,300,0,47,2
26-06 02:06:28,5.770,1.004,91.570,0.753,0,5576164,146144,192344,2091092,13008.489,3073.748,0,1910.681,0,118.414,2244,3225,1.070,1.130,1.050,1,0,0,0,0,18,301,0,45,2
26-06 02:06:29,7.974,1.744,87.469,0.748,0,5576104,146144,192348,2091148,14739.718,3287.454,0,1475.268,0,148.524,2965,4179,1.070,1.130,1.050,1,0,0.997,0,0,18,300,0,45,2
26-06 02:06:30,22.761,5.002,68.784,1.751,0,5576160,145892,192352,2091340,3463.708,162.080,0,3185.571,0,369.182,7494,11298,1.070,1.130,1.050,1,0,0,0,0,18,301,0,46,2
26-06 02:06:31,24.840,5.269,65.488,1.505,0,5576264,145388,192368,2091724,5294.246,1300.729,0,2870.435,0,308.120,8008,12033,1.140,1.140,1.060,1,0,0,0,0,18,301,0,46,2
26-06 02:06:32,25.622,6.219,64.427,2.239,0,5577200,144128,192388,2092028,4845.737,1611.929,0,8505.413,0,650.742,8484,13587,1.140,1.140,1.060,1,0,0.995,0,0,18,301,0,45,2
26-06 02:06:33,30.787,8.510,56.569,1.252,0,5605868,147224,191120,2061536,10705.022,2838.453,0,2547.098,0,281.342,8273,15242,1.140,1.140,1.060,1,0,36.044,0,0,18,301,0,46,2
26-06 02:06:34,24.798,5.010,67.381,1.252,0,5606572,146192,191236,2061748,4460.670,2509.878,0,2256.386,0,265.516,6849,9755,1.140,1.140,1.060,0,0,0,0,0,18,300,0,47,2
26-06 02:06:35,5.256,1.502,90.850,0.751,0,5605196,147448,191268,2061836,5714.267,1687.851,0,1817.994,0,162.178,2510,3907,1.140,1.140,1.060,5,0,0,0,0,18,301,0,47,2
26-06 02:06:36,4.233,0.996,91.881,0.996,0,5603976,148576,191324,2061872,6561.615,2497.955,0,1609.528,0,142.427,2149,3231,1.050,1.130,1.050,0,0,0,0,0,18,300,0,45,2
26-06 02:06:37,15.755,2.501,79.025,1.500,0,5602688,149452,191452,2062156,5836.817,2083.649,0,2392.745,0,249.078,4817,6785,1.050,1.130,1.050,0,0,0,0,0,18,300,0,45,2
26-06 02:06:38,7.760,2.754,86.863,0.501,0,5602244,149684,191492,2062328,11904.450,3398.411,0,1369.778,0,131.170,2870,3980,1.050,1.130,1.050,0,0,7.009,0,0,18,300,0,45,2
26-06 02:06:39,10.778,3.509,84.216,0.501,0,5600596,151108,191540,2062504,5113.105,1690.332,0,2317.941,0,142.365,3722,5471,1.050,1.130,1.050,2,1,4.010,0,0,18,301,0,45,2
26-06 02:06:40,27.517,5.754,62.539,2.251,0,5601392,149848,191676,2062832,5109.173,1687.048,0,8161.068,0,639.397,9040,14074,1.050,1.130,1.050,2,0,2.001,0,0,18,301,0,39,2
26-06 02:06:41,26.143,4.980,64.734,1.743,0,5601256,149596,191708,2063188,4635.961,1452.037,31.869,4413.873,1.992,415.294,8347,12766,1.290,1.170,1.070,2,0,0.996,0,0,18,301,0,39,2
26-06 02:06:42,24.491,5.248,67.475,1.499,0,5601096,149596,191764,2063292,4696.268,2565.054,0,2443.099,0,259.904,7043,10165,1.290,1.170,1.070,0,0,1.000,0,0,18,300,0,41,2
26-06 02:06:43,7.511,2.003,87.873,1.001,0,5601060,149372,191792,2063524,5595.855,1688.370,0,7370.346,0,402.565,2838,4016,1.290,1.170,1.070,1,0,0,0,0,18,301,0,42,2
26-06 02:06:44,5.239,1.746,90.563,0.499,0,5600992,149372,191832,2063552,11163.935,3291.200,0,2027.811,0,135.720,2533,3704,1.290,1.170,1.070,0,0,0,0,0,18,300,0,41,2
26-06 02:06:45,25.354,6.025,65.770,2.008,0,5600772,149372,191868,2063736,4639.070,1626.687,0,3486.332,0,387.593,7935,11871,1.290,1.170,1.070,3,0,0,0,0,18,301,0,41,2
26-06 02:06:46,24.734,4.997,65.708,1.999,0,5600668,149120,191932,2064028,4831.895,1457.064,0,7559.142,0,561.639,8136,12392,1.900,1.300,1.110,1,0,0,0,0,18,301,0,41,2
26-06 02:06:47,8.723,1.994,85.730,0.997,0,5600432,149120,191956,2064240,6180.515,2558.933,0,1858.142,0,191.397,3403,5023,1.900,1.300,1.110,0,0,0,0,0,18,300,0,42,2
26-06 02:06:48,7.736,1.747,87.842,0.749,0,5600364,149120,191968,2064296,5858.432,2337.783,0,1417.443,0,157.715,2820,3994,1.900,1.300,1.110,0,0,0,0,0,18,300,0,37,2
26-06 02:06:49,6.011,1.503,89.160,1.002,0,5600312,149120,191976,2064340,6396.491,2549.580,0,1450.606,0,165.297,2590,3673,1.900,1.300,1.110,0,0,1.002,0,0,18,300,0,37,2
26-06 02:06:50,10.246,1.999,85.964,1.000,0,5600528,148868,191988,2064364,7071.044,2779.838,0,2602.912,0,206.913,3197,4706,1.900,1.300,1.110,0,0,0,0,0,18,300,0,38,2
26-06 02:06:51,5.004,1.501,91.573,1.001,0,5600348,148868,191992,2064540,6637.289,2034.621,0,1028.820,0,95.076,1994,2820,1.750,1.280,1.100,0,0,0,0,0,18,300,0,39,2
26-06 02:06:52,12.493,2.249,83.955,0.500,0,5600268,148868,191992,2064620,10680.217,2528.631,0,1223.338,0,113.938,3214,4184,1.750,1.280,1.100,1,0,0,0,0,18,300,0,39,2
26-06 02:06:53,6.005,1.501,89.824,0.500,0,5600072,148868,192004,2064804,6325.240,2569.128,0,1172.972,0,121.100,2542,3676,1.750,1.280,1.100,2,0,0,0,0,18,301,0,39,2
26-06 02:06:54,6.498,1.500,90.722,0.500,0,5600012,148868,192016,2064852,6329.067,2501.236,0,1295.604,0,133.959,2314,3233,1.750,1.280,1.100,0,0,0,0,0,18,300,0,39,2
26-06 02:06:55,12.753,3.501,79.020,2.251,0,5600008,148616,192056,2065068,6506.658,2473.630,0,7513.914,0,561.143,4619,7356,1.750,1.280,1.100,0,0,0,0,0,18,300,0,40,2
26-06 02:06:56,9.247,1.250,86.469,0.750,0,5599988,148616,192068,2065076,17873.552,4805.267,0,1211.563,0,123.955,2892,3988,1.610,1.260,1.100,0,0,1.000,0,0,18,300,0,39,2
26-06 02:06:57,2.500,1.000,95.740,0.250,0,5599944,148616,192072,2065116,8683.070,2568.725,0,483.948,0,27.997,1255,1693,1.610,1.260,1.100,0,0,0,0,0,18,300,0,39,2
26-06 02:06:58,2.751,0.750,94.520,0.250,0,5599932,148616,192076,2065124,6905.450,2037.428,0,540.113,0,37.008,1382,1994,1.610,1.260,1.100,0,0,0,0,0,18,300,0,40,2
26-06 02:06:59,5.770,1.756,90.560,0.753,0,5599904,148616,192080,2065148,13631.725,4798.447,0,4615.821,0,449.541,2188,2887,1.610,1.260,1.100,0,0,1.003,0,0,18,300,0,40,2
26-06 02:07:00,2.491,0.747,95.163,0,0,5599896,148616,192088,2065148,5141.770,1614.277,0,701.513,0,33.880,1240,1709,1.610,1.260,1.100,0,0,0,0,0,18,300,0,40,2
26-06 02:07:01,9.511,2.002,85.601,1.251,0,5599836,148616,192088,2065208,11877.968,3301.883,0,1245.465,0,135.159,3234,4357,1.480,1.240,1.090,0,0,0,0,0,18,300,0,36,2
26-06 02:07:02,4.494,1.498,91.869,0.499,0,5599756,148616,192092,2065284,10350.186,1602.706,0,1010.554,0,101.854,2196,3192,1.480,1.240,1.090,1,0,0,0,0,18,301,0,36,2
26-06 02:07:03,26.075,5.516,65.186,1.504,0,5599496,148364,192116,2065772,5493.702,1462.179,0,3068.771,0,341.977,7684,11262,1.480,1.240,1.090,1,0,0,0,0,18,301,0,36,2
26-06 02:07:04,21.204,3.991,71.594,1.247,0,5599100,148364,192144,2066140,6663.468,2398.769,0,2694.124,0,277.395,6192,8840,1.480,1.240,1.090,0,0,0,0,0,18,300,0,37,2
26-06 02:07:05,9.780,2.257,84.509,1.254,0,5599040,148364,192156,2066188,5537.002,1624.990,0,6030.517,0,378.161,3776,5656,1.480,1.240,1.090,3,0,0,0,0,18,301,0,37,2
26-06 02:07:06,8.214,1.742,86.375,0.996,0,5599392,147768,192160,2066428,12768.552,3283.740,0,1684.684,0,176.235,3270,4714,1.440,1.230,1.090,0,0,0,0,0,18,300,0,37,2
26-06 02:07:07,23.831,5.017,68.232,1.756,0,5599444,147640,192172,2066492,6211.110,1625.525,0,3006.217,0,325.105,6981,10244,1.440,1.230,1.090,2,0,3.010,0,0,18,301,0,38,2
26-06 02:07:08,24.302,4.259,68.147,1.002,0,5599544,147136,192188,2066880,5670.248,1461.156,32.069,2044.416,1.002,192.416,6994,9912,1.440,1.230,1.090,1,0,0,0,0,18,301,0,38,2
26-06 02:07:09,21.670,4.732,69.741,1.245,0,5599576,146884,192200,2067088,6535.754,2557.512,0,2415.041,0,226.161,6078,8492,1.440,1.230,1.090,1,0,0.996,0,0,18,300,0,37,2
26-06 02:07:10,7.769,2.255,87.713,0.501,0,5599472,146884,192208,2067184,4450.810,1623.944,0,1559.788,0,123.299,2869,4141,1.440,1.230,1.090,2,0,0,0,0,18,301,0,37,2
26-06 02:07:11,14.187,2.738,78.653,1.742,0,5599348,146884,192224,2067292,4748.058,2073.853,15.930,2747.880,0.996,324.568,4655,6810,1.410,1.230,1.090,0,0,0,0,0,18,300,0,38,2
26-06 02:07:12,4.755,1.251,91.840,0.500,0,5599248,146884,192228,2067372,11257.989,2969.899,0,1349.317,0,118.115,2218,3205,1.410,1.230,1.090,2,0,0,0,0,18,301,0,38,2
26-06 02:07:13,13.002,3.000,80.261,2.250,0,5599240,146632,192248,2067612,5900.787,2567.342,0,5984.798,0,474.063,4578,7096,1.410,1.230,1.090,0,0,0,0,0,18,300,0,35,2
26-06 02:07:14,11.009,2.752,83.815,0.751,0,5599128,146632,192256,2067716,11838.181,3462.685,0,7029.452,0,532.413,3779,5172,1.410,1.230,1.090,1,0,0,0,0,18,300,0,36,2
26-06 02:07:15,11.493,2.498,83.947,0.750,0,5599308,146380,192268,2067776,5400.607,1712.924,0,1822.855,0,173.891,4234,6306,1.410,1.230,1.090,1,0,0,0,0,18,301,0,36,2
26-06 02:07:16,24.761,6.253,64.280,2.501,0,5599016,146128,192280,2068308,5299.460,1620.752,0,5170.400,0,506.235,8462,13331,1.370,1.230,1.090,1,0,0,0,0,18,301,0,36,2
26-06 02:07:17,25.794,5.009,65.612,2.003,0.250,5599576,145372,192296,2068488,5409.194,1622.758,0,7608.933,0,564.960,8469,12928,1.370,1.230,1.090,1,0,0,0,0,18,301,0,33,2
26-06 02:07:18,22.955,4.741,68.615,0.749,0.250,5600080,144616,192296,2068740,4988.165,1455.131,0,1433.174,0,145.713,7115,9806,1.370,1.230,1.090,2,0,0,0,0,18,301,0,33,2
26-06 02:07:19,9.492,2.498,84.678,0.999,0.250,5599852,144616,192308,2068956,6674.333,2568.819,0,1934.358,0,236.799,3263,4835,1.370,1.230,1.090,0,0,0.999,0,0,18,300,0,34,2
26-06 02:07:20,11.254,2.501,84.030,1.250,0,5600012,144364,192320,2069036,4819.711,1458.518,0,1620.575,0,192.068,3750,5225,1.370,1.230,1.090,0,0,0,0,0,18,301,0,34,2
26-06 02:07:21,12.248,2.250,81.987,1.250,0,5599928,144364,192324,2069116,10812.327,2487.615,0,2075.679,0,253.961,4020,5793,1.500,1.260,1.100,0,0,0,0,0,18,300,0,31,2
26-06 02:07:22,12.236,3.496,81.907,0.749,0,5600228,143860,192328,2069316,5851.374,2405.276,0,1386.430,0,162.816,3561,4840,1.500,1.260,1.100,0,0,0,0,0,18,300,0,32,2
26-06 02:07:23,10.767,2.003,84.632,1.002,0,5600384,143608,192328,2069412,4725.346,1911.972,0,1125.750,0,114.178,3274,4488,1.500,1.260,1.100,0,0,0,0,0,18,300,0,36,2
26-06 02:07:24,4.267,1.255,92.364,0.502,0,5600348,143608,192328,2069448,11313.549,3020.895,0,1200.728,0,108.427,2101,3099,1.500,1.260,1.100,1,0,0,0,0,18,301,0,36,2
26-06 02:07:25,26.092,6.212,62.372,2.485,0,5600104,143608,192336,2069684,10283.718,2871.609,0,9192.328,0,728.587,8895,13604,1.500,1.260,1.100,1,0,0,0,0,18,301,0,32,2
26-06 02:07:26,26.411,5.534,63.387,2.515,0,5600388,143132,192344,2069868,4482.372,923.640,0,3509.431,0,448.740,8921,14099,1.540,1.270,1.100,1,0,0,0,0,18,301,0,32,2
26-06 02:07:27,24.200,4.990,67.860,0.998,0,5601228,141872,192344,2070288,4710.306,1077.782,0,1995.892,0,177.634,7243,10374,1.540,1.270,1.100,1,1,0,0,0,18,301,0,32,2
26-06 02:07:28,20.455,4.989,69.596,1.497,0,5601124,141620,192352,2070636,7555.271,2577.293,0,2953.460,0,294.348,6399,9306,1.540,1.270,1.100,0,0,0.998,0,0,18,300,0,35,2
26-06 02:07:29,10.010,2.502,86.586,0.751,0,5601108,141620,192352,2070652,5585.522,1621.603,0,1381.366,0,143.142,3298,4698,1.540,1.270,1.100,2,0,1.001,0,0,18,301,0,35,2
26-06 02:07:30,9.989,1.998,84.158,1.249,0,5601096,141396,192352,2070888,7814.484,2844.900,0,7707.601,0,601.345,4202,6112,1.540,1.270,1.100,0,0,0,0,0,18,300,0,35,2
26-06 02:07:31,8.270,2.255,87.210,0.501,0,5601308,141144,192352,2070928,8373.169,2237.389,0,1419.419,0,140.338,2898,4169,1.420,1.250,1.100,2,0,0,0,0,18,299,0,37,2
26-06 02:07:32,5.490,1.248,91.079,1.747,0,5601200,141144,192352,2071036,6248.272,2566.183,0,5270.108,0,359.326,2736,4530,1.420,1.250,1.100,0,0,0,0,0,18,300,0,37,2
26-06 02:07:33,16.742,6.497,73.717,1.000,0,5603700,169616,191340,2041100,17607.085,4726.875,71.968,2658.805,1.999,232.895,5248,13067,1.420,1.250,1.100,0,0,35.984,0,0,18,301,0,36,2
26-06 02:07:34,18.577,3.515,74.809,1.255,0,5603572,169616,191404,2041164,5319.955,1464.042,0,2421.996,0,249.028,5972,8942,1.420,1.250,1.100,1,0,0,0,0,18,302,0,36,2
26-06 02:07:35,25.218,5.743,62.920,2.497,0,5599048,173576,191552,2041580,5379.187,1564.019,0,4598.176,0,554.298,8500,13561,1.420,1.250,1.100,2,0,0,0,0,18,302,0,36,2
26-06 02:07:36,24.177,4.736,67.546,1.495,0,5594328,178000,191580,2041848,5239.178,1453.610,0,3696.836,0,230.304,7067,10271,1.630,1.290,1.110,0,1,0,0,0,18,302,0,36,2
26-06 02:07:37,9.006,3.002,84.054,1.501,0,5590592,181480,191632,2042052,6342.092,2402.550,16.010,6428.147,1.001,492.318,3905,6102,1.630,1.290,1.110,0,0,0,0,0,18,301,0,36,2
26-06 02:07:38,13.997,3.999,79.230,1.500,0,5590740,181148,191680,2042188,9509.627,3408.150,0,2091.478,0,197.951,4015,5367,1.630,1.290,1.110,0,0,5.999,0,0,18,301,0,37,2
26-06 02:07:39,9.253,2.501,86.028,0.500,0,5596328,175524,191716,2042188,6100.983,2268.737,0,1248.406,0,115.037,2890,3868,1.630,1.290,1.110,0,0,2.001,0,0,18,301,0,38,2
26-06 02:07:40,13.742,4.497,78.953,0.750,0,5640884,130700,191748,2042424,14080.681,3833.735,0,1519.102,0,146.913,4258,5620,1.630,1.290,1.110,0,0,2.998,0,0,18,301,0,38,2
26-06 02:07:41,16.997,4.249,76.738,0.750,0,5637940,133488,191760,2042568,8239.676,2069.667,0,5027.192,0,480.923,5377,7037,1.660,1.310,1.120,1,0,3.000,0,0,18,302,0,40,3
26-06 02:07:42,25.581,5.517,64.705,1.756,0,5638316,132732,191820,2042888,4801.183,1570.968,0,4129.058,0,380.202,8049,11849,1.660,1.310,1.120,1,0,1.003,0,0,18,302,0,40,2
26-06 02:07:43,11.215,2.243,82.490,0.997,0,5638200,132732,191852,2042972,5323.228,2024.621,15.950,2831.080,0.997,281.114,3856,5773,1.660,1.310,1.120,1,0,0,0,0,18,301,0,42,2
26-06 02:07:44,10.496,2.499,84.716,1.000,0,5638228,132508,191856,2043164,11256.453,3350.647,0,1795.275,0,167.932,3363,4528,1.660,1.310,1.120,0,0,0,0,0,18,301,0,43,2
26-06 02:07:45,14.273,4.007,79.630,1.252,0,5637280,133384,191872,2043220,4405.212,1460.391,0,2640.322,0,237.389,4682,7071,1.660,1.310,1.120,1,0,0,0,0,18,302,0,43,2
26-06 02:07:46,25.305,5.512,64.640,2.255,0,5639100,131144,191924,2043588,5188.236,1623.516,0,7985.294,0,602.304,8021,12454,1.600,1.300,1.120,1,0,0,0,0,18,301,0,41,2
26-06 02:07:47,4.985,0.997,90.471,0.498,0,5639200,130892,191924,2043740,6180.966,2552.141,0,1288.034,0,103.681,2266,3218,1.600,1.300,1.120,1,0,0,0,0,18,301,0,41,2
26-06 02:07:48,13.245,3.499,80.221,1.000,0,5640036,129940,191940,2043840,5957.849,2560.076,0,1815.345,0,202.927,4083,5858,1.600,1.300,1.120,0,0,0,0,0,18,301,0,42,2
26-06 02:07:49,7.514,1.503,88.164,0.501,0,5639564,130360,191944,2043888,8635.034,2961.499,0,1374.552,0,136.253,2827,4030,1.600,1.300,1.120,0,0,1.002,0,0,18,301,0,43,2
26-06 02:07:50,8.500,2.250,88.246,1.000,0,5640044,129868,191944,2043900,15244.245,4005.802,0,1679.917,0,185.991,2983,4217,1.600,1.300,1.120,1,0,0,0,0,18,301,0,42,2
26-06 02:07:51,10.741,2.498,83.927,0.749,0,5639760,129868,191948,2044164,5004.633,2558.767,0,1526.668,0,161.859,3391,4769,1.640,1.310,1.120,1,0,0,0,0,18,301,0,43,2
26-06 02:07:52,4.248,1.249,92.457,0.500,0,5639704,129868,191956,2044212,5645.395,1727.203,0,931.570,0,79.963,1868,2724,1.640,1.310,1.120,1,0,0,0,0,18,302,0,43,2
26-06 02:07:53,10.245,2.749,84.457,1.249,0,5639872,129616,191968,2044284,11005.432,3735.110,0,1855.062,0,187.905,3390,4975,1.640,1.310,1.120,0,0,0,0,0,18,301,0,44,2
26-06 02:07:54,3.251,1.000,95.037,0,0.250,5640092,129392,191968,2044288,6308.479,1767.695,0,672.264,0,38.015,1257,1673,1.640,1.310,1.120,0,0,0,0,0,18,301,0,39,2
26-06 02:07:55,4.751,1.750,90.516,1.250,0,5639932,129392,191972,2044444,5981.037,1605.278,0,6261.086,0,394.068,2744,4404,1.640,1.310,1.120,0,0,0,0,0,18,301,0,39,2
26-06 02:07:56,15.502,3.000,77.260,1.250,0,5640328,128916,191988,2044508,6389.857,2571.345,0,6052.811,0,622.083,4292,5926,1.500,1.290,1.120,0,0,0,0,0,18,301,0,42,2
26-06 02:07:57,7.248,1.250,89.478,0.750,0,5640504,128664,191992,2044580,4956.761,1908.523,0,947.763,0,86.978,2356,3410,1.500,1.290,1.120,0,0,0,0,0,18,301,0,43,2
26-06 02:07:58,5.750,1.250,90.501,0.500,0,5640460,128664,191996,2044620,11601.108,2901.027,0,1008.009,0,94.001,2336,3258,1.500,1.290,1.120,1,0,0,0,0,18,302,0,41,2
26-06 02:07:59,6.003,1.751,90.298,0.500,0,5640788,128164,191996,2044792,11613.130,3299.742,0,1296.684,0,140.074,2615,3773,1.500,1.290,1.120,1,0,1.001,0,0,18,301,0,41,2
26-06 02:08:00,5.997,1.249,90.949,0.250,0,5640740,128164,192000,2044836,8888.968,3234.169,0,811.541,0,64.963,1938,2665,1.500,1.290,1.120,0,0,0,0,0,18,301,0,41,2
26-06 02:08:01,5.749,1.750,89.735,1.000,0.250,5640684,128164,192000,2044892,11796.000,2900.508,0,2747.534,0,379.936,2482,3492,1.460,1.290,1.110,2,0,0,0,0,18,301,0,41,2
26-06 02:08:02,20.262,5.253,72.042,1.501,0,5640588,127912,192016,2045224,5088.944,1566.906,0,2517.456,0,275.159,5978,8452,1.460,1.290,1.110,2,0,0,0,0,18,302,0,41,2
26-06 02:08:03,24.339,4.767,65.990,1.505,0,5641252,124900,192048,2047524,4691.065,1138.140,0,2922.632,0,299.088,8177,11889,1.460,1.290,1.110,2,0,0,0,0,18,302,0,42,2
26-06 02:08:04,23.711,5.491,67.138,1.498,0,5640792,124900,192064,2047968,4792.036,1467.561,0,2535.786,0,261.565,7245,10453,1.460,1.290,1.110,1,0,0,0,0,18,302,0,43,2
26-06 02:08:05,8.982,1.996,85.076,1.996,0,5640932,124648,192072,2048072,6726.272,2560.773,0,6722.280,0,505.967,4042,6473,1.460,1.290,1.110,0,0,0,0,0,18,301,0,44,2
26-06 02:08:06,12.249,3.750,80.993,0.750,0,5637368,156700,191288,2020384,6936.381,2564.771,0,2459.781,0,214.981,3714,5234,1.430,1.280,1.110,0,0,0,0,0,18,301,0,43,2
26-06 02:08:07,11.748,2.999,83.485,1.000,0,5637312,156700,191292,2020436,6230.864,2457.552,0,2955.461,0,166.970,3505,4882,1.430,1.280,1.110,0,0,2.000,0,0,18,301,0,44,2
26-06 02:08:08,9.246,1.499,87.208,0,0,5637204,156760,191296,2020480,6246.991,1619.220,0,675.675,0,38.981,2180,2445,1.430,1.280,1.110,1,0,0,0,0,18,302,0,45,2
26-06 02:08:09,26.320,3.760,69.183,0.251,0,5646216,147436,191300,2020788,4572.082,1624.292,0,629.664,0,41.109,4192,4292,1.430,1.280,1.110,3,0,1.003,0,0,18,302,0,47,2
26-06 02:08:10,8.979,1.497,86.299,0.748,0,5646196,147212,191304,2021028,11308.693,3398.095,0,1436.658,0,149.652,3018,4306,1.430,1.280,1.110,0,0,0,0,0,18,301,0,45,2
26-06 02:08:11,9.000,2.000,86.001,1.000,0,5645856,147472,191308,2021104,11764.076,3418.022,0,1508.010,0,165.001,3188,4477,1.390,1.280,1.110,0,0,0,0,0,18,301,0,46,2
26-06 02:08:12,8.500,2.000,87.005,0.750,0,5646528,146744,191324,2021144,11815.612,3406.177,0,1416.073,0,151.008,3037,4302,1.390,1.280,1.110,0,0,0,0,0,18,301,0,47,2
26-06 02:08:13,16.019,3.754,77.592,1.502,0,5646460,146744,191324,2021212,4597.443,1513.792,0,1677.986,0,205.243,5257,7802,1.390,1.280,1.110,1,0,1.001,0,0,18,302,0,47,2
26-06 02:08:14,23.295,6.011,66.878,0.751,0,5646628,146240,191324,2021548,4336.287,1190.275,0,3021.775,0,324.620,7123,10253,1.390,1.280,1.110,3,0,0,0,0,18,302,0,45,2
26-06 02:08:15,8.464,1.743,85.391,1.743,0,5646676,145988,191332,2021744,5809.609,2379.012,0,6827.336,0,466.043,3705,6109,1.390,1.280,1.110,0,0,0,0,0,18,301,0,47,2
26-06 02:08:16,24.139,2.766,71.412,0.503,0,5647120,145484,191332,2021804,5146.681,1629.397,0,2051.833,0,96.557,5823,7787,1.360,1.270,1.110,1,0,0,0,0,18,305,0,51,2
26-06 02:08:17,24.972,4.495,67.925,0.749,0,5648532,143720,191340,2022148,5052.412,1456.389,127.859,7319.904,7.991,531.412,7036,9343,1.360,1.270,1.110,1,0,1.998,0,0,18,307,0,71,2
26-06 02:08:18,27.148,3.736,66.252,0.996,0,5650400,141480,191340,2022520,5200.547,1613.963,0,1354.932,0,121.545,6667,8801,1.360,1.270,1.110,3,0,0.996,0,0,18,305,0,86,2
26-06 02:08:19,14.039,2.507,80.223,0.752,0,5651788,139972,191348,2022632,12006.364,3373.374,0,1616.492,0,170.474,4115,5628,1.360,1.270,1.110,0,0,1.003,0,0,18,304,0,86,2
26-06 02:08:20,16.274,3.756,77.366,0.751,0,5652044,139468,191356,2022872,5287.959,1622.442,4.006,1746.629,1.002,184.277,4822,7011,1.360,1.270,1.110,2,0,0,0,0,18,305,0,86,2
26-06 02:08:21,26.206,4.492,64.891,1.997,0,5652680,138712,191360,2022988,5288.132,1617.288,0,3470.180,0,378.365,7271,10551,1.570,1.320,1.130,2,0,0,0,0,18,302,0,89,2
26-06 02:08:22,5.217,0.994,91.415,0.745,0,5652384,138712,191376,2023268,6637.523,2557.632,0,1887.918,0,143.084,2350,3483,1.570,1.320,1.130,0,0,0,0,0,18,305,0,87,2
26-06 02:08:23,8.034,2.009,86.120,1.758,0,5652448,138460,191396,2023436,6075.074,2359.125,0,6491.863,0,485.082,3768,5968,1.570,1.320,1.130,0,0,0,0,0,18,304,0,87,2
26-06 02:08:24,6.496,1.249,89.951,0.999,0,5652628,138208,191412,2023492,5961.769,2508.640,0,1643.109,0,147.920,2534,3692,1.570,1.320,1.130,0,0,0,0,0,18,304,0,87,2
26-06 02:08:25,7.494,1.499,88.423,0.749,0,5652544,138208,191428,2023560,11588.951,3883.632,0,1410.777,0,148.871,2926,4336,1.570,1.320,1.130,0,0,0,0,0,18,304,0,87,2
26-06 02:08:26,17.005,2.001,80.522,0.250,0,5653960,136696,191436,2023648,5058.412,1620.452,0,728.203,0,50.014,2892,3478,1.530,1.310,1.130,1,0,0,0,0,18,305,0,89,2
26-06 02:08:27,6.754,1.501,90.056,0.250,0,5654504,135940,191436,2023860,7279.548,2084.302,0,1004.628,0,90.056,2416,3276,1.530,1.310,1.130,1,0,0,0,0,18,304,0,84,2
26-06 02:08:28,5.248,1.249,90.963,1.000,0,5654716,135688,191436,2023900,6630.279,1920.212,0,1227.496,0,127.947,2278,3228,1.530,1.310,1.130,1,0,0,0,0,18,304,0,84,2
26-06 02:08:29,6.011,1.753,90.671,0.501,0,5654680,135688,191440,2023932,7108.431,2086.943,0,1122.120,0,114.216,2269,3248,1.530,1.310,1.130,0,0,1.002,0,0,18,304,0,85,2
26-06 02:08:30,7.232,1.496,87.787,0.998,0.249,5654628,135688,191456,2023968,11459.176,3290.012,0,1356.706,0,157.617,2974,4394,1.530,1.310,1.130,0,0,0,0,0,18,304,0,85,2
26-06 02:08:31,15.756,3.501,78.280,0.750,0,5654504,135688,191460,2024088,5239.036,1620.630,0,1772.689,0,199.077,4841,7129,1.640,1.340,1.140,1,0,0,0,0,18,305,0,81,2
26-06 02:08:32,25.092,4.767,67.497,1.004,0,5655548,134204,191484,2024504,4956.139,1463.356,16.059,7575.726,1.004,619.266,6684,9286,1.640,1.340,1.140,2,0,0,0,0,18,305,0,82,2
26-06 02:08:33,19.185,6.976,69.266,2.242,0,5659952,157628,190760,1997272,12152.858,3941.656,0,6781.043,0,507.283,6079,12248,1.640,1.340,1.140,0,0,35.879,0,0,18,304,0,84,2
26-06 02:08:34,6.001,1.500,90.013,1.000,0,5659908,157628,190776,1997492,6109.912,2353.351,0,1388.207,0,144.022,2560,3773,1.640,1.340,1.140,0,0,0,0,0,18,304,0,84,2
26-06 02:08:35,7.001,1.250,90.017,0.500,0,5659836,157628,190808,1997532,5914.102,1921.358,0,1268.236,0,119.022,2563,3614,1.640,1.340,1.140,0,0,0,0,0,18,304,0,80,2
26-06 02:08:36,7.002,1.500,89.530,0.750,0,5660244,157164,190828,1997568,10828.570,3395.119,0,1208.398,0,117.039,2475,3478,1.510,1.320,1.130,0,0,0,0,0,18,304,0,80,2
26-06 02:08:37,10.535,2.508,85.781,0.251,0,5660180,157164,190832,1997628,6279.570,1529.008,0,1171.839,0,95.312,3348,4704,1.510,1.320,1.130,1,0,0,0,0,18,305,0,80,2
26-06 02:08:38,26.499,5.500,65.247,1.500,0,5567596,249332,190848,1998028,6017.684,1457.923,11.999,3979.791,1.000,271.986,5130,7017,1.510,1.320,1.130,1,0,6.000,0,0,18,304,0,81,2
26-06 02:08:39,6.227,2.491,89.426,0,0,5511740,305500,190864,1997716,6667.818,267699.141,131.523,908.704,8.967,56.794,1760,1992,1.510,1.320,1.130,4,1,14.946,0,0,18,304,0,79,2
26-06 02:08:40,2.749,1.000,93.461,0.500,0,5509732,307496,190876,1997716,4743.999,1685.289,0,2998.735,0,164.930,1669,2603,1.510,1.320,1.130,0,0,1.000,0,0,18,304,0,79,2
26-06 02:08:41,5.000,2.000,91.248,0.750,0,5507884,309316,190880,1997740,5176.892,1619.966,0,507.989,0,51.999,2114,2929,1.630,1.350,1.140,0,0,3.000,0,0,18,304,0,79,2
26-06 02:08:42,4.502,1.251,93.299,0,0,5506564,310608,190884,1997764,4982.623,1620.853,0,596.314,0,48.025,1742,2433,1.630,1.350,1.140,1,0,2.001,0,0,18,304,0,81,2
26-06 02:08:43,2.251,0.500,95.307,0.250,0,5506504,310652,190888,1997776,5283.179,1620.975,0,568.342,0,54.033,1569,2371,1.630,1.350,1.140,0,0,0,0,0,18,304,0,76,2
26-06 02:08:44,1.250,0.500,97.221,0,0,5506500,310652,190888,1997780,4738.574,1619.513,0,31.990,0,3.999,901,1328,1.630,1.350,1.140,0,0,0,0,0,18,304,0,76,2
26-06 02:08:45,1.749,0.999,96.447,0.250,0,5506496,310652,190892,1997780,4995.246,1457.197,0,271.850,0,23.987,1231,1775,1.630,1.350,1.140,1,0,0,0,0,18,304,0,76,2
26-06 02:08:46,1.250,0.500,96.747,0,0,5506496,310652,190892,1997780,4330.882,863.977,0,351.990,0,11.000,919,1372,1.500,1.320,1.130,0,0,0,0,0,18,304,0,76,2
26-06 02:08:47,2.248,0.999,95.678,0,0,5506492,310652,190892,1997784,4518.610,1241.069,0,115.913,0,12.990,1217,1554,1.500,1.320,1.130,0,0,0,0,0,18,304,0,74,2
26-06 02:08:48,1.751,0.751,96.568,0.250,0,5506488,310652,190892,1997788,5081.562,1579.107,0,80.056,0,12.008,1125,1549,1.500,1.320,1.130,0,0,0,0,0,18,304,0,74,2
26-06 02:08:49,0.750,0.500,96.769,0,0,5506264,310876,190892,1997788,4218.830,1458.287,0,4.001,0,1.000,978,1422,1.500,1.320,1.130,0,0,1.000,0,0,18,304,0,74,2
26-06 02:08:50,2.000,0.750,96.773,0,0,5506264,310876,190892,1997788,4497.081,1566.376,0,64.015,0,9.002,1053,1475,1.500,1.320,1.130,0,0,0,0,0,18,304,0,74,2
26-06 02:08:51,2.000,1.000,95.497,0.250,0,5506256,310876,190892,1997796,4668.857,1511.954,0,331.990,0,31.999,1374,1941,1.620,1.350,1.140,0,0,0,0,0,18,304,0,72,2
26-06 02:08:52,1.250,1.000,96.234,0.250,0,5506248,310876,190892,1997804,4823.215,1523.752,0,823.866,0,91.985,1268,1964,1.620,1.350,1.140,0,0,0,0,0,18,304,0,72,2
26-06 02:08:53,2.500,1.250,94.256,1.000,0,5503212,313884,190916,1997808,5040.338,1620.109,0,4964.333,0,543.036,1761,2596,1.620,1.350,1.140,0,0,0,0,0,18,304,0,72,2
26-06 02:08:54,1.500,0.500,97.492,0,0,5503212,313884,190916,1997808,3685.688,1025.913,0,423.964,0,19.998,936,1341,1.620,1.350,1.140,0,0,0,0,0,18,304,0,72,2
26-06 02:08:55,1.750,1.500,94.753,0.250,0,5503208,313884,190936,1997792,3732.110,972.029,0,1744.052,0,110.003,1578,2405,1.620,1.350,1.140,0,0,0,0,0,18,304,0,70,2
26-06 02:08:56,2.500,1.250,94.486,0.500,0,5503180,313884,190944,1997812,4998.233,1631.750,0,459.929,0,42.993,1529,2177,1.490,1.330,1.140,0,0,1.000,0,0,18,304,0,70,2
26-06 02:08:57,1.000,0.750,97.266,0,0,5503164,313884,190948,1997824,5142.842,1512.247,0,64.010,0,5.001,930,1349,1.490,1.330,1.140,0,0,0,0,0,18,304,0,70,2
26-06 02:08:58,1.500,0.250,96.735,0,0,5503164,313884,190948,1997824,5039.195,1619.741,0,0,0,0,1023,1385,1.490,1.330,1.140,0,0,0,0,0,18,304,0,70,2
26-06 02:08:59,1.251,1.000,97.043,0,0,5503164,313884,190948,1997824,4814.131,1620.717,0,0,0,0,970,1387,1.490,1.330,1.140,0,0,1.000,0,0,18,304,0,66,2
26-06 02:09:00,0.500,0.500,97.291,0,0,5503164,313884,190948,1997824,4802.041,1620.689,0,0,0,0,904,1319,1.490,1.330,1.140,0,0,0,0,0,18,304,0,66,2
26-06 02:09:01,2.499,0.750,95.953,0.250,0,5503152,313884,190956,1997828,4980.583,1565.240,0,271.868,0,23.988,1244,1871,1.370,1.310,1.130,0,0,0,0,0,18,304,0,66,2
26-06 02:09:02,1.750,1.000,96.014,0.250,0,5503108,313884,190964,1997864,5162.740,1620.232,0,360.052,0,30.004,1256,1848,1.370,1.310,1.130,0,0,0,0,0,18,304,0,66,2
26-06 02:09:03,1.499,0.999,95.690,0.250,0,5503104,313884,190968,1997864,5068.798,1511.046,0,371.765,0,36.977,1471,2134,1.370,1.310,1.130,1,0,0,0,0,18,304,0,64,2
26-06 02:09:04,1.501,0.500,97.534,0,0,5503104,313884,190968,1997864,5373.855,1674.578,0,32.011,0,4.001,927,1332,1.370,1.310,1.130,0,0,0,0,0,18,304,0,64,2
26-06 02:09:05,1.499,1.250,95.466,0,0,5503104,313884,190976,1997856,5310.102,1511.460,0,247.911,0,26.990,1329,1853,1.370,1.310,1.130,0,0,0,0,0,18,304,0,64,2
26-06 02:09:06,1.501,0.250,97.050,0.250,0,5503080,313884,190984,1997872,5812.014,1080.560,0,140.073,0,16.008,1017,1423,1.260,1.280,1.120,0,0,0,0,0,18,304,0,64,2
26-06 02:09:07,1.500,1.000,96.472,0,0,5503072,313884,190984,1997880,5462.416,1577.542,0,43.987,0,1.999,1026,1371,1.260,1.280,1.120,0,0,1.999,0,0,18,304,0,60,2
26-06 02:09:08,2.000,1.000,96.508,0,0,5503072,313884,190984,1997880,5852.473,1512.122,0,0,0,0,1099,1438,1.260,1.280,1.120,0,0,0,0,0,18,304,0,60,2
26-06 02:09:09,0.500,0.500,97.567,0,0,5503072,313884,190984,1997880,3770.591,732.503,0,84.058,0,1.001,906,1342,1.260,1.280,1.120,0,0,1.001,0,0,18,304,0,60,2
26-06 02:09:10,9.738,2.996,86.144,0.250,0,5508092,308844,191000,1997884,272106.320,4466.490,7.990,371.542,1.998,22.972,1936,2096,1.260,1.280,1.120,2,0,10.986,0,0,18,304,0,60,2
26-06 02:09:11,11.975,5.239,80.080,0.249,0,5507604,309108,191024,1998084,281991.986,9366.171,235.501,614.699,10.977,41.911,3080,2847,1.560,1.350,1.150,0,0,32.930,0,0,18,304,0,60,2
26-06 02:09:12,16.310,6.775,76.032,0,0.251,5499464,310232,191028,2005080,145302.348,1567.809,152.565,710.633,3.011,33.123,2557,2312,1.560,1.350,1.150,2,0,22.082,0,0,18,304,0,55,2
